Sys,Sys,Sys,Sys,Sys,UserDefCon,UserDefVar,GasEx,GasEx,GasEx,GasEx,GasEx,GasEx,GasEx,GasEx,GasEx,GasEx,GasEx,GasEx,GasEx,GasEx,GasEx,GasEx,GasEx,GasEx,GasEx,GasEx,GasEx,GasEx,GasEx,Leak,Leak,Leak,Leak,Leak,FLR,FLR,FLR,FLR,FLR,FLR,FLR,FLR,FLR,FLR,FLR,FLR,FLR,FLR,FLR,FLR,FLR,FLR,FLR,FLR,FLR,FLR,FLR,FLR,FLR,FLR,FLR,FLR,MPF,MPF,MPF,MPF,MPF,MPF,MPF,MPF,LeafQ,LeafQ,LeafQ,LeafQ,Const,Const,Const,Const,Meas,Meas,Meas,Meas,Meas,Meas,Meas,Meas,Meas,Meas,Meas,Meas,Meas,Meas,Meas,Meas,Meas,Meas,FlrLS,FlrLS,FlrLS,FlrLS,FlrLS,FlrLS,FlrLS,FlrLS,FlrLS,FlrLS,FlrLS,FlrLS,FlrLS,FlrLS,FlrLS,FlrLS,FlrLS,FlrLS,FlrStats,FlrStats,FlrStats,FlrStats,FlrStats,MchEvent,MchEvent,MchEvent,MchEvent,MchEvent,MchEvent,MchEvent,MchEvent,MchEvent,MchEvent,MchEvent,MchEvent,MchEvent,Stability,Stability,Stability,Stability,Stability,Stability,Stability,Stability,Stability,Stability,Stability,Stability,Stability,Stability,Stability,MchStatus,MchStatus,MchStatus,MchStatus,MchStatus,MchStatus,MchStatus,MchStatus,MchStatus,MchStatus,MchStatus,MchStatus,MchStatus,MchStatus,MchStatus,MchStatus,MchStatus,MchStatus,Status,Status,Status,Status,Status,Status,Status,Status,Status,Status,Status,Status,Status,Status,Status,Status
obs,time,elapsed,date,hhmmss,plant id,WUE,TIME,E,A,Ca,Ci,Pci,Pca,gsw,gbw,gtw,gtc,Rabs,TleafEB,TleafCnd,SVPleaf,RHcham,VPcham,SVPcham,VPDleaf,LatHFlux,SenHFlux,NetTherm,EBSum,Leak,LeakPct,CorrFact,CorrFactPct,Fan,DarkAdaptedID,Qmax_d,Fo,Fm,Fv,Fv/Fm,Adark,LightAdaptedID,Qmax,Fs,Fm',PhiPS2,PS2/1,Qabs_fs,Afs,ETR,Fv'/Fm',PhiCO2,NPQ,DarkPulseID,Fo',Fv',qP,qN,qP_Fo,qN_Fo,qL,1-qL,ID,P1_dur,P2_dur,P3_dur,P1_Qmax,P1_Fmax,P2_dQdt,P3_ΔF,Qin,Qabs,alpha,convert,S,K,Geometry,Custom,TIME,CO2_s,CO2_r,H2O_s,H2O_r,CO2_a,H2O_a,Flow,Pa,ΔPcham,Tair,Tleaf,Tleaf2,Offset,Offset2,Fan_speed,Qamb_in,Qamb_out,Q,f_red,f_blue,f_farred,F,Q_modavg,F_dc,Pc,Tled,TDigital,TPreamp,TPwrSpy,TDrive,Q_red,Q_blue,Q_farred,TSPF,state,F_avg,dF/dt,dF_dc/dt,F_dc_avg,period,time,hhmmss,co2_t,h2o_t,count,co2_adj,h2o_adj,co2_match,h2o_match,co2_at,h2o_at,co2_cv,h2o_cv,ΔCO2:MN,ΔCO2:SLP,ΔCO2:SD,ΔCO2:OK,F:MN,F:SLP,F:SD,F:OK,ΔH2O:MN,ΔH2O:SLP,ΔH2O:SD,ΔH2O:OK,Stable,Total,State,MatchValveR,MatchValveS,MatchCO2,MatchH2O,cf_co2_a,cf_co2_b,cf_co2_c,cf_co2_d,cf_h2o_a,cf_h2o_b,cf_h2o_c,cf_h2o_d,co2_fit_low,co2_fit_high,h2o_fit_low,h2o_fit_high,co2_elapsed,h2o_elapsed,DIAG,Flow_s,Flow_r,Txchg,Tirga,Tchopper,Ts,Tr,CO2_%,Desiccant_%,Humidifier_%,Txchg_sp,CO2_r_sp,H2O_r_sp,SS_s,SS_r
,s,s,,,,,s,mol m⁻² s⁻¹,µmol m⁻² s⁻¹,µmol mol⁻¹,µmol mol⁻¹,Pa,Pa,mol m⁻² s⁻¹,mol m⁻² s⁻¹,mol m⁻² s⁻¹,mol m⁻² s⁻¹,W m⁻²,°C,°C,kPa,%,kPa,kPa,kPa,W m⁻²,W m⁻²,W m⁻²,W m⁻²,µmol s⁻¹,%,,%,µmol s⁻¹,,,,,,,µmol m⁻² s⁻¹,,,,,,,µmol m⁻² s⁻¹,µmol m⁻² s⁻¹,µmol m⁻² s⁻¹,,µmol µmol⁻¹,,,,,,,,,,,,ms,ms,ms,µmol m⁻² s⁻¹,,mol m⁻² s⁻²,,µmol m⁻² s⁻¹,µmol m⁻² s⁻¹,,J/µmol,cm²,,,mol m⁻² s⁻¹,s,µmol mol⁻¹,µmol mol⁻¹,mmol mol⁻¹,mmol mol⁻¹,µmol mol⁻¹,mmol mol⁻¹,µmol s⁻¹,kPa,kPa,°C,°C,°C,°C,°C,rpm,µmol m⁻² s⁻¹,µmol m⁻² s⁻¹,µmol m⁻² s⁻¹,,,,,µmol m⁻² s⁻¹,,,°C,°C,°C,°C,°C,µmol m⁻² s⁻¹,µmol m⁻² s⁻¹,µmol m⁻² s⁻¹,s,,,min⁻¹,min⁻¹,,s,secs,,s,s,,µmol/mol,mmol/mol,µmol/mol,mmol/mol,µmol/mol,mmol/mol,%,%,µmol mol⁻¹,µmol mol⁻¹ min⁻¹,µmol mol⁻¹,,, min⁻¹,,,mmol mol⁻¹,mmol mol⁻¹ min⁻¹,mmol mol⁻¹,,,,,%,%,µmol/mol,mmol/mol,mmol/mol,,,,mmol/mol,,,,µmol mol⁻¹,µmol mol⁻¹,mmol mol⁻¹,mmol mol⁻¹,min,min,,µmol s⁻¹,µmol s⁻¹,°C,°C,°C,°C,°C,%,%,%,°C,µmol mol⁻¹,mmol mol⁻¹,%,%
1,1600879648,0,20200923 09:47:27,9:47:27,a4.brodia.2,71.28546886,1600879640,0.000509498,2.072760415,397.482159,273.2729942,27.6067385,40.15466678,0.0290769,2.276374888,0.02887213,0.018063359,321.4421496,30.34286445,28.94644194,4.009325468,59.71898574,2.282120899,3.821432784,1.727204568,-22.4688709,-101.4435947,-9.765579662,187.7641043,13,2,1,0,53444,RECT-1505-20210918-17_20_47,10288.4,812.936,2752.91,0,0,-1,MPF-1277-20200923-12_27_50,10277.4,2.099332,2.22282,0.055554656,0.5,1681.185339,2.072760415,46.69883641,0,0.001827734,1237.47635,-,0,0,0,0,0,0,0,1,1277,300,300,300,10277.4,1.32,-0.00685624,0.09,1999.982903,1681.185339,0.840599855,0.19119971,6,0.5,0: Broadleaf,2,1600879640,397.4821613,399.7561935,22.59020968,22.09249355,406.510129,23.07438065,600.3283871,100.9225806,0.099983197,28.11984194,28.94644194,999.9,0,0,10011.44645,0,280.077129,1999.982903,0.980005194,0.0199947,0,2.107380645,0,5119.126452,16305.94839,42.22154839,43.45529032,42.81809677,41.59654839,41.635,1959.992903,39.99,0,1600889270,0,2.099332,0.032284606,-318.7630774,5115.1244,15,1600879628,9:47:08,1600879628,1600879626,1,-0.697,0.357,-9.044,-0.503,400,22,0.56,0.25,-1.637016473,-9.381189709,1.130911512,0,2.123094286,-0.017957034,0.196734654,1,0.374498236,1.716364978,0.220261782,0,1,3,3-Jan,100,100,-9.028,-0.4815,-5.842245046,-0.007814304,-3.18E-07,6.48E-10,-0.552752239,-0.027428369,0.001386821,-3.01E-06,5,2011,2,27,0.3,0.4,2,612.565,439.197,26.0047,25.1384,30.0013,24.9362,24.9255,21.3177,32.67,73.7334,26,400,22.1218,101.753,103.033
2,1600879696,48.5,20200923 09:48:16,9:48:16,a4.brodia.2,60.15229228,1600879688,0.000527591,1.755059168,397.9583647,291.0987416,29.40680615,40.20176941,0.029176929,2.273573598,0.028970502,0.018124988,321.4441751,30.6368164,29.32693333,4.09848777,59.59480317,2.317197985,3.888255119,1.781289785,-23.26677403,-111.4355176,-10.77697515,175.9649083,11,2,1,0,52882,RECT-1505-20210918-17_20_47,10288.4,812.936,2752.91,0,0,-1,MPF-1278-20200923-12_28_39,10276.2,2.180184615,2.1708,-0.004323114,0.5,1681.19228,1.755059168,-3.633992753,0,0.001638753,1267.154597,-,0,0,0,0,0,0,0,1,1278,300,300,300,10276.2,1.43,-0.00685542,-0.49,1999.990667,1681.19228,0.840600063,0.191200126,6,0.5,0: Broadleaf,2,1600879688,397.9583667,399.9228667,22.93800333,22.42265,406.9899,23.41135333,600.1583667,100.9203667,0.099672057,28.41779667,29.32693333,999.9,0,0,9993.461667,0,280.3750667,1999.990667,0.9799984,0.0200014,0,2.177663333,0,4936.328667,16305.96667,42.53513333,43.77476667,43.0809,41.906,41.9205,1959.986667,40.004,0,47.39999986,0,2.180184615,-0.516027344,-150.0817095,4935.901923,15,1600879628,9:47:08,1600879628,1600879626,1,-0.697,0.357,-9.044,-0.503,400,22,0.56,0.25,-1.973654634,0.120777073,0.035185903,1,2.196751515,-0.444119953,0.216097172,1,0.49788978,0.368589303,0.03659825,0,2,3,3-Feb,100,100,-9.032,-0.4729,-5.842245046,-0.007814304,-3.18E-07,6.48E-10,-0.552752239,-0.027428369,0.001386821,-3.01E-06,5,2011,2,27,1.1,1.2,2,614.313,439.341,26.0046,25.338,30.0016,25.1035,25.092,21.3503,31.2331,72.9778,26,400,22.5244,101.721,103.002
3,1600879798,150.5,20200923 09:49:58,9:49:58,a4.brodia.2,61.01740965,1600879790,0.000532957,1.732676274,398.0014647,289.4113931,29.23482285,40.20402304,0.028396425,2.274254557,0.028200912,0.017643024,321.4410228,31.0302872,29.82838667,4.218633072,59.61293686,2.371872057,3.978787461,1.846761015,-23.50342534,-124.3212419,-12.07328337,161.5430722,11,2,1,0,53107,RECT-1505-20210918-17_20_47,10288.4,812.936,2752.91,0,0,-1,MPF-1279-20200923-12_30_20,10273.4,2.098288,2.0512,-0.022956318,0.5,1681.175501,1.732676274,-19.29679992,0,0.001625456,1341.097309,-,0,0,0,0,0,0,0,1,1279,300,300,300,10273.4,1.74,-0.00685329,-0.21,1999.970667,1681.175501,0.840600079,0.191200159,6,0.5,0: Broadleaf,2,1600879790,398.0014667,399.9457,23.48045,22.96015667,407.0333667,23.93637667,600.1730667,100.9149667,0.09979485,28.81442667,29.82838667,999.9,0,0,9998.42,0,281.7227,1999.970667,0.9799971,0.02000263,0,2.11788,0,4767.058,16305.80667,43.0851,44.4831,43.67056667,42.5705,42.51033333,1959.964,40.00466667,0,101.4000001,0,2.098288,-0.04582308,-101.7223074,4765.8696,15,1600879628,9:47:08,1600879628,1600879626,1,-0.697,0.357,-9.044,-0.503,400,22,0.56,0.25,-1.929083171,-0.18658453,0.040767026,1,2.128694118,-0.286555703,0.176765201,1,0.512402561,0.14387262,0.01616476,0,2,3,3-Feb,100,100,-9.032,-0.4556,-5.842245046,-0.007814304,-3.18E-07,6.48E-10,-0.552752239,-0.027428369,0.001386821,-3.01E-06,5,2011,2,27,2.8,2.9,2,614.857,437.837,26.0032,25.7622,30.0015,25.4725,25.4526,21.405,28.8885,71.0934,26,400,23.063,101.655,102.936
4,1600880174,526.4000001,20200923 09:56:14,9:56:14,f3.brodia.2,69.28263042,1600880168,0.000300354,1.331670463,398.5501289,278.7516405,28.1614575,40.26434606,0.019220842,2.275823158,0.019131111,0.011964971,321.4472508,29.86901124,27.7871,3.747994864,59.66115903,2.208654369,3.701997087,1.539340495,-13.24559598,-25.92794709,-2.475487522,279.7982202,13,2,1,0,53385,RECT-1505-20210918-17_20_47,10288.4,812.936,2752.91,0,0,-1,MPF-1280-20200923-12_36_37,10292.3,2.151738462,1.6924,-0.271412468,0.5,1681.206874,1.331670463,-228.1502538,0,0.001386903,1625.63082,-,0,0,0,0,0,0,0,1,1280,300,300,300,10292.3,1.34,-0.0068657,-0.19,2000.007826,1681.206874,0.840600148,0.191200295,6,0.5,0: Broadleaf,2,1600880168,398.5501304,400.0001304,21.8620087,21.5685,407.5453043,22.39778261,600.5695652,100.9235217,0.103533922,27.57577826,27.7871,999.9,0,0,10007.76609,0,92.2766913,2000.007826,0.979994,0.0200063,0,2.142491304,0,3832.44913,16306.08261,43.125,44.12769565,43.72534783,42.375,42.42352174,1959.997826,40.01,0,375,0,2.151738462,0.110010256,-161.9401709,3837.461923,15,1600880163,9:56:02,1600880163,1600880156,3,-0.006,-0.001,-9.007,-0.547,400,21,0.55,0.57,-0.761301452,-8.567675696,0.964709952,0,2.122408824,0.357535062,0.190652947,1,0.153414623,1.716041169,0.192119925,0,1,3,3-Jan,100,100,-8.991,-0.5305,-5.802456224,-0.007814304,-3.18E-07,6.48E-10,-0.583442049,-0.027428369,0.001386821,-3.01E-06,5,2011,2,27,0.2,0.3,2,611.552,430.773,26.0005,26.2585,30.0003,26.0999,26.0858,21.393,33.0254,64.3205,26,400,21.4609,101.583,102.865
5,1600880224,575.9000001,20200923 09:57:03,9:57:03,f3.brodia.2,66.54100644,1600880216,0.000444006,1.900720793,397.9222645,282.3115746,28.52029368,40.19976816,0.028564654,2.274328116,0.028366832,0.017746929,321.4494784,29.86113259,27.85063667,3.761921851,60.0377657,2.227536233,3.710225067,1.534385618,-19.58066351,-29.04593035,-2.776407472,270.0464771,10,2,1,0,53185,RECT-1505-20210918-17_20_47,10288.4,812.936,2752.91,0,0,-1,MPF-1281-20200923-12_37_26,10292.1,2.159038462,1.7168,-0.25759463,0.5,1681.21851,1.900720793,-216.5364304,0,0.001725368,1602.512349,-,0,0,0,0,0,0,0,1,1281,300,300,300,10292.1,1.43,-0.00686566,-0.95,2000.021667,1681.21851,0.840600148,0.191200297,6,0.5,0: Broadleaf,2,1600880216,397.9222667,399.9990333,22.04953667,21.61545333,406.9135667,22.57984333,600.1831667,100.9244,0.09977417,27.61374667,27.85063667,999.9,0,0,9997.963333,0,97.12100333,2000.021667,0.9799946,0.0200057,0,2.188373333,0,3742.228333,16306.21,43.125,44.062,43.687,42.312,42.3998,1960.011333,40.01033333,0,48.60000014,0,2.159038462,-1.151623935,-83.42769234,3741.801538,15,1600880163,9:56:02,1600880163,1600880156,3,-0.006,-0.001,-9.007,-0.547,400,21,0.55,0.57,-2.084760244,-0.055178049,0.054796636,1,2.165658824,-0.181775148,0.219116285,1,0.424795244,0.216041603,0.022214558,0,2,3,3-Feb,100,100,-8.991,-0.5302,-5.802456224,-0.007814304,-3.18E-07,6.48E-10,-0.583442049,-0.027428369,0.001386821,-3.01E-06,5,2011,2,27,1,1.1,2,615.651,431.194,25.9998,26.3067,30.0005,26.1493,26.1411,21.3865,32.1604,62.7988,26,400,21.6824,101.576,102.86
6,1600880275,627.4000001,20200923 09:57:55,9:57:55,f3.brodia.2,65.83155853,1600880267,0.000458165,1.920303273,397.9143978,283.3294772,28.62256505,40.19818499,0.02916995,2.27495571,0.028963745,0.018120746,321.4464648,29.93223096,27.9414,3.781895132,59.87447757,2.231430724,3.726847924,1.550464407,-20.20506338,-30.80535054,-2.946228915,267.4898219,10,2,1,0,53205,RECT-1505-20210918-17_20_47,10288.4,812.936,2752.91,0,0,-1,MPF-1282-20200923-12_38_18,10292.1,2.16814,1.8508,-0.17146099,0.5,1681.20256,1.920303273,-144.1303275,0,0.001737032,1486.416252,-,0,0,0,0,0,0,0,1,1282,300,300,300,10292.1,1.36,-0.00686564,-0.01,2000.002667,1681.20256,0.840600159,0.191200318,6,0.5,0: Broadleaf,2,1600880267,397.9144,400.0163667,22.08852,21.64061333,406.9056667,22.61765333,600.1846667,100.9220667,0.10012606,27.69023,27.9414,999.9,0,0,10002.27233,0,93.79698,2000.002667,0.9799941,0.0200062,0,2.15097,0,3687.077667,16306.03,43.1145,44.0248,43.65393333,42.25,42.375,1959.992,40.01066667,0,50.5999999,0,2.16814,0.157407688,-45.27923085,3686.6832,15,1600880163,9:56:02,1600880163,1600880156,3,-0.006,-0.001,-9.007,-0.547,400,21,0.55,0.57,-2.096482683,0.05113777,0.037115102,1,2.161371429,0.016170646,0.18926415,1,0.44731539,0.037608084,0.006590429,1,3,3,3-Mar,100,100,-8.991,-0.5294,-5.802456224,-0.007814304,-3.18E-07,6.48E-10,-0.583442049,-0.027428369,0.001386821,-3.01E-06,5,2011,2,27,1.9,2,2,615.96,430.39,26.0001,26.3684,30.0006,26.2189,26.2147,21.3795,32.1604,61.3047,26,400,21.6747,101.564,102.85
7,1600880495,846.9000001,20200923 10:01:34,10:01:34,f4.brodia.2,32.61060425,1600880487,0.002960313,6.969905669,391.9395405,329.0931155,33.24507161,39.59383371,0.213731264,2.274599046,0.203167922,0.127885507,321.4418069,29.88116316,27.92463548,3.778198999,60.309526,2.350908914,3.898072278,1.427290086,-130.5498101,65.79714094,6.317539637,263.0066774,8,1,1,0,53166,RECT-1505-20210918-17_20_47,10288.4,812.936,2752.91,0,0,-1,MPF-1283-20200923-12_41_57,10291.1,2.137942308,1.7652,-0.211161516,0.5,1681.178582,6.969905669,-177.5001088,0,0.004740666,1558.545661,-,0,0,0,0,0,0,0,1,1283,300,300,300,10291.1,1.43,-0.00686527,-0.43,1999.974194,1681.178582,0.840600137,0.191200275,6,0.5,0: Broadleaf,2,1600880487,391.9395484,400.0672258,23.27165806,20.38112258,400.6880968,23.77089355,600.1839677,100.9183871,0.101871419,28.46119355,27.92463548,999.9,0,0,10000.31935,0,311.4593548,1999.974194,0.979997097,0.0200032,0,2.157503226,0,7514.609032,16305.81935,43.385,44.72154839,43.917,42.95129032,42.74793548,1959.96871,40.00870968,0,218.3000002,0,2.137942308,-0.604926502,-1025.411966,7508.55,15,1600880468,10:01:08,1600880468,1600880464,4,0.194,-0.007,-8.81,-0.593,400,20,0.33,0.03,-8.071455854,-0.366268223,0.154736175,1,2.133068571,-0.173344814,0.160588064,1,2.761227561,2.886927178,0.312588241,0,2,3,3-Feb,100,100,-8.749,-0.5052,-5.608002767,-0.007814304,-3.18E-07,6.48E-10,-0.590508125,-0.027428369,0.001386821,-3.01E-06,5,2011,2,27,0.4,0.5,2,618.019,421.875,26.0059,26.8873,30.0016,26.6939,26.688,21.3425,32.9722,55.6483,26,400,20.3637,101.455,102.753
8,1600880534,885.9000001,20200923 10:02:13,10:02:13,f4.brodia.2,36.88489811,1600880526,0.002722786,6.938582374,391.922476,322.0015587,32.52923964,39.59279015,0.188114451,2.275055581,0.179880658,0.113135151,321.4473449,30.11615265,28.14554839,3.827158213,59.60359031,2.344737108,3.933885687,1.482421105,-120.0748569,58.03376415,5.581522504,264.9877746,8,1,1,0,52882,RECT-1505-20210918-17_20_47,10288.4,812.936,2752.91,0,0,-1,MPF-1284-20200923-12_42_36,10290,2.122348,1.85972,-0.141219108,0.5,1681.210026,6.938582374,-118.7094903,0,0.004721946,1479.281978,-,0,0,0,0,0,0,0,1,1284,300,300,300,10290,1.05,-0.00686439,-0.59,2000.011935,1681.210026,0.840599996,0.191199993,6,0.5,0: Broadleaf,2,1600880526,391.9224839,399.9255484,23.21016452,20.55145161,400.671,23.71139355,600.1978387,100.9191935,0.102800774,28.61870323,28.14554839,999.9,0,0,10003.20613,0,312.1081935,2000.011935,0.98,0.0200002,0,2.135970968,0,7043.30871,16306.16452,43.61687097,44.9756129,44.08435484,43.21348387,42.9756129,1960.011935,40,0,38.4000001,0,2.122348,0.622169218,-425.0684609,7035.8016,15,1600880468,10:01:08,1600880468,1600880464,4,0.194,-0.007,-8.81,-0.593,400,20,0.33,0.03,-8.010241951,0.412550174,0.064067346,1,2.147644118,0.114795843,0.174446662,1,2.677696098,-0.439152334,0.047840521,0,2,3,3-Feb,100,100,-8.749,-0.5005,-5.608002767,-0.007814304,-3.18E-07,6.48E-10,-0.590508125,-0.027428369,0.001386821,-3.01E-06,5,2011,2,27,1.1,1.2,2,618.483,421.791,26.0045,27.0541,30.0019,26.8318,26.8276,21.3679,30.6039,54.5136,26,400,20.7784,101.421,102.721
9,1600880572,923.9000001,20200923 10:02:51,10:02:51,f4.brodia.2,40.35259777,1600880564,0.002519623,6.904838488,392.045218,316.5317178,31.97835364,39.60728078,0.171112614,2.274201978,0.164268349,0.103259837,321.450228,30.27524699,28.32097419,3.866429824,59.78879156,2.364614024,3.954945338,1.501815799,-111.1153581,47.78816663,4.603977594,262.7270141,8,1,1,0,52989,RECT-1505-20210918-17_20_47,10288.4,812.936,2752.91,0,0,-1,MPF-1285-20200923-12_43_14,10289.1,2.207396,1.7404,-0.268326821,0.5,1681.2252,6.904838488,-225.558907,0,0.004701832,1580.768559,-,0,0,0,0,0,0,0,1,1285,300,300,300,10289.1,1.1,-0.00686361,-0.44,2000.03,1681.2252,0.840599991,0.191199982,6,0.5,0: Broadleaf,2,1600880564,392.0452258,399.9353226,23.4056871,20.94583226,400.7945161,23.90058065,600.1937419,100.9243871,0.102940774,28.71074194,28.32097419,999.9,0,0,9997.145161,0,313.0505484,2000.03,0.980002323,0.0199978,0,2.204890323,0,6823.129032,16306.31935,43.82622581,45.20935484,44.268,43.401,43.19716129,1960.03,40,0,37.20000005,0,2.207396,-0.296984613,-233.4715385,6819.7252,15,1600880468,10:01:08,1600880468,1600880464,4,0.194,-0.007,-8.81,-0.593,400,20,0.33,0.03,-7.910643415,0.603927178,0.082060412,0,2.19325,-0.163110735,0.249072712,1,2.46928439,-0.151666202,0.020161496,0,1,3,3-Jan,100,100,-8.75,-0.4943,-5.608002767,-0.007814304,-3.18E-07,6.48E-10,-0.590508125,-0.027428369,0.001386821,-3.01E-06,5,2011,2,27,1.7,1.8,2,618.64,421.251,26.0034,27.2242,30.0017,26.9744,26.9673,21.3896,28.8084,53.3785,26,400,21.1052,101.389,102.69
10,1600880856,1207.9,20200923 10:07:35,10:07:35,a5.brodia.2,122.0996484,1600880848,0.000503115,3.773910491,395.9983957,191.6752485,19.36720404,40.01237402,0.030908447,2.275665909,0.030677107,0.019193833,321.4426689,30.90743808,28.77652,3.970056394,59.89266607,2.364884027,3.948536911,1.605172367,-22.1873817,-11.50055757,-1.109623326,286.6451063,8,1,1,0,53026,RECT-1505-20210918-17_20_47,10288.4,812.936,2752.91,0,0,-1,MPF-1286-20200923-12_47_58,10274.9,2.180912,1.8028,-0.209735966,0.5,1681.18267,3.773910491,-176.3022359,0,0.002839614,1526.019081,-,0,0,0,0,0,0,0,1,1286,300,300,300,10274.9,1.18,-0.00685382,-0.12,1999.979,1681.18267,0.840600161,0.191200323,6,0.5,0: Broadleaf,2,1600880848,395.9984,399.9704667,23.40501667,22.91381,404.7425,23.92922667,600.1626333,100.9396333,0.102124533,28.68278,28.77652,999.9,0,0,10005.14667,0,274.2405667,1999.979,0.9799947,0.0200051,0,2.173253333,0,5889.433333,16305.87667,44.17873333,45.5,44.75413333,43.812,43.562,1959.968667,40.01033333,0,283.4000001,0,2.180912,0.34432308,-569.2723069,5881.7844,15,1600880827,10:07:06,1600880821,1600880827,5,0.036,-0.03,-8.775,-0.562,400,22,0.85,0.29,-3.969238049,0.181338188,0.048088108,1,2.168308824,0.250505371,0.174858649,1,0.452488976,0.941907575,0.09772518,0,2,3,3-Feb,100,100,-8.745,-0.5219,-5.571931785,-0.007814304,-3.18E-07,6.48E-10,-0.620792655,-0.027428369,0.001386821,-3.01E-06,5,2011,2,27,0.6,0.5,2,617.6,420.694,25.9994,27.8805,30.0005,27.6836,27.6662,21.4727,20.0288,51.91,26,400,22.7466,101.27,102.567
11,1600880890,1242.4,20200923 10:08:10,10:08:10,a5.brodia.2,98.7652408,1600880884,0.000574538,3.445566256,396.2966483,228.82453,23.12104049,40.04286975,0.034886426,2.275710384,0.034592018,0.021646256,321.4460711,30.92365242,28.86308261,3.990018953,59.74704285,2.364574543,3.957642806,1.62544441,-25.33713914,-17.24781291,-1.665155739,277.1959633,7,1,1,0,53044,RECT-1505-20210918-17_20_47,10288.4,812.936,2752.91,0,0,-1,MPF-1287-20200923-12_48_33,10274.2,2.144136,1.9412,-0.104541521,0.5,1681.200665,3.445566256,-87.87763708,0,0.002644281,1417.148568,-,0,0,0,0,0,0,0,1,1287,300,300,300,10274.2,1.46,-0.00685326,-0.09,2000.000435,1681.200665,0.84060015,0.1912003,6,0.5,0: Broadleaf,2,1600880884,396.2966522,399.9688696,23.40174348,22.8408087,405.043,23.92606522,600.1693478,100.9402174,0.102448304,28.7225,28.86308261,999.9,0,0,10005.37783,0,259.0895217,2000.000435,0.979996043,0.020003722,0,2.095065217,0,5627.39087,16306.03913,44.26078261,45.57569565,44.84213043,43.812,43.625,1959.990435,40.01,0,33.5999999,0,2.144136,-0.059884619,-305.7492313,5633.8784,15,1600880827,10:07:06,1600880821,1600880827,5,0.036,-0.03,-8.775,-0.562,400,22,0.85,0.29,-3.703967317,0.508984599,0.064849194,0,2.167151429,-0.640875147,0.208235402,1,0.597230293,-0.450265693,0.046529693,0,1,3,3-Jan,100,100,-8.746,-0.5236,-5.571931785,-0.007814304,-3.18E-07,6.48E-10,-0.620792655,-0.027428369,0.001386821,-3.01E-06,5,2011,2,27,1.2,1.1,2,618.872,420.638,25.9978,27.926,30.0006,27.7402,27.7277,21.4749,19.1092,51.91,26,400,23.0311,101.262,102.563
12,1600880931,1283.4,20200923 10:08:51,10:08:51,a5.brodia.2,93.46734219,1600880923,0.000599499,3.389233663,396.409351,237.283516,23.97619328,40.05498307,0.036261154,2.275013417,0.035943104,0.022492783,321.4478597,30.96867521,28.94673548,4.009393599,59.88599156,2.377323075,3.969748205,1.632070524,-26.43791549,-21.04129075,-2.033389124,271.9352644,6,1,1,0,53118,RECT-1505-20210918-17_20_47,10288.4,812.936,2752.91,0,0,-1,MPF-1288-20200923-12_49_14,10273.5,2.186976,2.0684,-0.057327403,0.5,1681.212735,3.389233663,-48.18977986,0,0.002610754,1329.936956,-,0,0,0,0,0,0,0,1,1288,300,300,300,10273.5,1.32,-0.00685282,0.28,2000.015161,1681.212735,0.840599995,0.191199991,6,0.5,0: Broadleaf,2,1600880923,396.4093548,400.0352903,23.5274871,22.94224516,405.1562903,24.04768065,600.1564194,100.9418387,0.102657258,28.77518065,28.94673548,999.9,0,0,10000.68806,0,231.2721935,2000.015161,0.979998,0.0200017,0,2.189341935,0,5478.586774,16306.16774,44.375,45.68903226,44.937,43.875,43.75,1960.015161,40,0,40.20000005,0,2.186976,0.202346158,-165.8892308,5476.4992,15,1600880827,10:07:06,1600880821,1600880827,5,0.036,-0.03,-8.775,-0.562,400,22,0.85,0.29,-3.634382195,0.130748571,0.046026744,1,2.201636364,0.01173442,0.171034409,1,0.584535341,0.018587122,0.00235683,1,3,3,3-Mar,100,100,-8.747,-0.5204,-5.571931785,-0.007814304,-3.18E-07,6.48E-10,-0.620792655,-0.027428369,0.001386821,-3.01E-06,5,2011,2,27,1.8,1.7,2,619.97,420.028,26.0003,27.9783,30.0005,27.8054,27.7938,21.4688,18.8282,51.91,26,400,22.997,101.252,102.554
13,1600881179,1530.9,20200923 10:12:58,10:12:58,a6.brodia.2,92.5352686,1600881171,0.000732108,3.729124206,394.7541893,236.2038561,23.8685281,39.89012548,0.040299491,2.275011353,0.039907068,0.024976857,321.4422033,31.10777602,29.65850323,4.177590682,59.42041339,2.383972693,4.012043264,1.793617989,-32.28596757,-85.89880957,-8.338072977,194.9193532,7,1,1,0,52917,RECT-1505-20210918-17_20_47,10288.4,812.936,2752.91,0,0,-1,MPF-1289-20200923-12_53_21,10260.7,2.167046154,1.81802,-0.191981471,0.5,1681.185367,3.729124206,-161.3782199,0,0.00281297,1513.235267,-,0,0,0,0,0,0,0,1,1289,300,300,300,10260.7,0.96,-0.00684438,0.02,1999.982903,1681.185367,0.840599869,0.191199739,6,0.5,0: Broadleaf,2,1600881171,394.7541935,398.7685806,23.59188387,22.8777129,403.5923226,24.12602903,600.5589677,100.9461935,0.104350194,28.95814839,29.65850323,999.9,0,0,10000.24323,0,312.6124516,1999.982903,0.980006484,0.019993903,0,2.167006452,0,3083.663548,16305.95161,44.82825806,46.61483871,45.536,44.48170968,44.187,1959.992581,39.99096774,0,246.8000002,0,2.167046154,-0.381483766,-39.93777777,3083.152308,15,1600881162,10:12:42,1600881162,1600881158,7,-0.107,-0.001,-8.863,-0.557,397,23,0.39,0.33,-3.009336193,-20.89084194,2.290226314,0,2.172641176,-0.178037076,0.17722824,1,0.539866135,3.606401733,0.392308054,0,1,3,3-Jan,100,100,-8.846,-0.5295,-5.678599932,-0.007814304,-3.18E-07,6.48E-10,-0.637503211,-0.027428369,0.001386821,-3.01E-06,5,2011,2,27,0.3,0.3,2,618.907,417.329,26.0017,28.4231,30.0016,28.2873,28.2884,21.541,18.4681,53.2462,26,400,22.9685,101.154,102.46
14,1600881215,1567.4,20200923 10:13:35,10:13:35,a6.brodia.2,85.54078026,1600881207,0.000749377,3.531726255,396.1424293,248.6528291,25.12548949,40.02879228,0.041287047,2.274652804,0.040875198,0.025583659,321.4408865,31.22026242,29.78671,4.20853195,59.82724629,2.416748522,4.039544977,1.791783427,-33.04753557,-87.12815745,-8.469078137,192.7961153,5,1,1,0,52958,RECT-1505-20210918-17_20_47,10288.4,812.936,2752.91,0,0,-1,MPF-1290-20200923-12_53_58,10259.9,2.138426923,1.7184,-0.244429075,0.5,1681.175428,3.531726255,-205.4640777,0,0.00269557,1601.01932,-,0,0,0,0,0,0,0,1,1290,300,300,300,10259.9,0.94,-0.00684363,-0.15,1999.970667,1681.175428,0.840600043,0.191200086,6,0.5,0: Broadleaf,2,1600881207,396.1424333,399.9699333,23.9172,23.18595333,404.9949,24.44053667,600.1703,100.9445333,0.101932067,29.07622,29.78671,999.9,0,0,9998.078333,0,313.1031,1999.970667,0.9799982,0.02000203,0,2.131586667,0,3062.263333,16305.8,45,46.77893333,45.6498,44.64566667,44.3498,1959.971,40.00233333,0,35.4000001,0,2.138426923,-0.789384617,-26.5688889,3062.264615,15,1600881162,10:12:42,1600881162,1600881158,7,-0.107,-0.001,-8.863,-0.557,397,23,0.39,0.33,-3.829784634,0.202363066,0.050979246,1,2.166585294,-0.72303388,0.2125527,1,0.723902268,0.125604857,0.020217475,0,2,3,3-Feb,100,100,-8.853,-0.5222,-5.678599932,-0.007814304,-3.18E-07,6.48E-10,-0.637503211,-0.027428369,0.001386821,-3.01E-06,5,2011,2,27,0.9,1,2,621.017,417.74,26.0011,28.5611,30.0014,28.4071,28.4089,21.557,16.9489,53.6162,26,400,23.1939,101.121,102.429
15,1600881253,1604.9,20200923 10:14:12,10:14:12,a6.brodia.2,87.80375968,1600881245,0.000706346,3.393147783,396.2971962,245.2203153,24.77996088,40.04655571,0.038644675,2.274731023,0.038283619,0.02395942,321.4469968,31.31475582,29.89440333,4.234676697,59.91848878,2.43173407,4.05840354,1.802942627,-31.1498639,-90.45865798,-8.800721947,191.0377529,5,1,1,0,53071,RECT-1505-20210918-17_20_47,10288.4,812.936,2752.91,0,0,-1,MPF-1291-20200923-12_54_35,10259,2.173138462,1.8584,-0.169359913,0.5,1681.20536,3.393147783,-142.3643964,0,0.002613094,1480.333405,-,0,0,0,0,0,0,0,1,1291,300,300,300,10259,1.28,-0.00684304,-0.77,2000.006,1681.20536,0.840600158,0.191200316,6,0.5,0: Broadleaf,2,1600881245,396.2972,399.9692667,24.06422667,23.37506667,405.1508333,24.58256333,600.1640667,100.9496333,0.102193667,29.15678,29.89440333,999.9,0,0,9998.081333,0,312.5948333,2000.006,0.9799943,0.020006,0,2.16872,0,3047.365667,16306.07667,45.1684,46.9643,45.8141,44.781,44.5,1959.995333,40.01066667,0,36.5999999,0,2.173138462,0.421285473,-19.77128204,3047.281154,15,1600881162,10:12:42,1600881162,1600881158,7,-0.107,-0.001,-8.863,-0.557,397,23,0.39,0.33,-3.69151122,0.473670941,0.057311961,1,2.179636364,0.195384018,0.177237791,1,0.684687098,0.104178272,0.019948156,0,2,3,3-Feb,100,100,-8.854,-0.5177,-5.678599932,-0.007814304,-3.18E-07,6.48E-10,-0.637503211,-0.027428369,0.001386821,-3.01E-06,5,2011,2,27,1.5,1.6,2,621.085,417.814,25.9994,28.7057,30.0015,28.5395,28.5419,21.5675,16.3654,54.3737,26,400,23.3227,101.087,102.402
16,1600881504,1855.9,20200923 10:18:23,10:18:23,f5.brodia.2,79.35953365,1600881496,0.000895546,4.051453381,395.5475621,257.9504989,26.07068808,39.97742651,0.05105188,2.276822662,0.050424368,0.031570967,321.4392986,31.04566249,29.48549333,4.136151116,59.82390281,2.399188289,4.010417536,1.736962827,-39.49360033,-65.5900185,-6.355979039,209.9997007,4,1,1,0,53184,RECT-1505-20210918-17_20_47,10288.4,812.936,2752.91,0,0,-1,MPF-1292-20200923-12_58_46,10276,2.1944,1.9104,-0.148659966,0.5,1681.16502,4.051453381,-124.9609678,0,0.003004734,1440.012353,-,0,0,0,0,0,0,0,1,1292,300,300,300,10276,1.13,-0.00685393,-0.15,1999.958,1681.16502,0.840600163,0.191200325,6,0.5,0: Broadleaf,2,1600881496,395.5475667,399.9495333,23.73822333,22.86467333,404.3086,24.28555333,600.5067667,100.9640667,0.104503433,28.95114667,29.48549333,999.9,0,0,10010.24333,0,222.1561333,1999.958,0.9799938,0.020006,0,2.176253333,0,5382.598,16305.68333,45.4601,47.1061,46.15186667,45.187,44.7416,1959.948,40.01,0,250.3999999,0,2.1944,0.139637609,-598.2909406,5378.163462,15,1600881486,10:18:05,1600881486,1600881483,8,0.086,-0.019,-8.796,-0.58,400,23,0.47,0.13,-3.28577039,-17.11608714,1.955626706,0,2.185214706,0.218951227,0.167908803,1,0.651293139,3.307041241,0.383865451,0,1,3,3-Jan,100,100,-8.76,-0.5427,-5.592429372,-0.007814304,-3.18E-07,6.48E-10,-0.656135537,-0.027428369,0.001386821,-3.01E-06,5,2011,2,27,0.3,0.3,2,622.279,414.206,26.0036,29.3212,30.0012,29.1765,29.1663,21.5849,20.414,60.0401,26,400,22.9183,100.976,102.294
17,1600881545,1897.4,20200923 10:19:05,10:19:05,f5.brodia.2,79.31448781,1600881537,0.000892988,3.945999129,395.6614622,257.9555582,26.06959891,39.98648331,0.049751303,2.273916429,0.049154403,0.030774534,321.4445121,31.1539279,29.69798,4.187096761,59.75457576,2.411031716,4.034890525,1.776065045,-39.380754,-78.66607288,-7.644894628,195.7527906,3,0,1,0,53125,RECT-1505-20210918-17_20_47,10288.4,812.936,2752.91,0,0,-1,MPF-1293-20200923-12_59_28,10275.4,2.221853846,4.12014,0.46073341,0.5,1681.19246,3.945999129,387.2907679,0,0.002941959,667.1593344,-,0,0,0,0,0,0,0,1,1293,300,300,300,10275.4,1.71,-0.00685345,-0.29,1999.990667,1681.19246,0.840600153,0.191200306,6,0.5,0: Broadleaf,2,1600881537,395.6614667,399.9596667,23.85687,22.98541333,404.4234,24.40024333,600.1563333,100.9588667,0.103498833,29.05628667,29.69798,999.9,0,0,9991.876667,0,223.2573667,1999.990667,0.9799953,0.02000449,0,2.225413333,0,5130.915,16305.96,45.5893,47.1124,46.2311,45.29753333,44.8204,1959.980667,40.01,0,40.5999999,0,2.221853846,-0.45626667,-165.8259827,5130.466538,15,1600881486,10:18:05,1600881486,1600881483,8,0.086,-0.019,-8.796,-0.58,400,23,0.47,0.13,-4.313062195,0.319226341,0.051915351,1,2.228468571,-0.367757027,0.160568824,1,0.887309317,-0.296603666,0.031228265,0,2,3,3-Feb,100,100,-8.762,-0.5425,-5.592429372,-0.007814304,-3.18E-07,6.48E-10,-0.656135537,-0.027428369,0.001386821,-3.01E-06,5,2011,2,27,1,1,2,623.794,414.41,26.003,29.4366,30.001,29.2725,29.2639,21.5994,19.292,60.0401,26,400,23.0766,100.955,102.273
18,1600881584,1936.4,20200923 10:19:44,10:19:44,f5.brodia.2,91.18917536,1600881576,0.000761025,3.820185394,395.8510602,239.3594542,24.18977303,40.00488442,0.04189297,2.275678288,0.041469199,0.025955966,321.4429127,31.23797217,29.82120968,4.216892089,59.90924379,2.423202582,4.044789132,1.793689507,-33.56119418,-88.64762873,-8.615324424,190.6187654,3,1,1,0,52794,RECT-1505-20210918-17_20_47,10288.4,812.936,2752.91,0,0,-1,MPF-1294-20200923-13_00_07,10274.9,2.133348,2.0008,-0.066247501,0.5,1681.184042,3.820185394,-55.68712075,0,0.002867137,1374.904638,-,0,0,0,0,0,0,0,1,1294,300,300,300,10274.9,1.15,-0.00685309,-0.06,1999.980645,1681.184042,0.840600156,0.191200312,6,0.5,0: Broadleaf,2,1600881576,395.8510645,399.9713226,23.97775484,23.23519032,404.6145161,24.51703226,600.1718065,100.9567742,0.103671129,29.09865484,29.82120968,999.9,0,0,10003.52839,0,223.216871,1999.980645,0.979995871,0.0200039,0,2.142612903,0,5059.409677,16305.87742,45.687,47.125,46.312,45.391,44.937,1959.970645,40.01,0,38.4000001,0,2.133348,-0.238269215,-76.86153837,5058.302,15,1600881486,10:18:05,1600881486,1600881483,8,0.086,-0.019,-8.796,-0.58,400,23,0.47,0.13,-4.134388049,0.297786899,0.044674384,1,2.141133333,-0.325783318,0.183166178,1,0.749673927,-0.144824969,0.016723755,0,2,3,3-Feb,100,100,-8.763,-0.5379,-5.592429372,-0.007814304,-3.18E-07,6.48E-10,-0.656135537,-0.027428369,0.001386821,-3.01E-06,5,2011,2,27,1.6,1.7,2,623.751,414.456,26.0016,29.547,30.0013,29.3752,29.3662,21.6093,17.6023,60.4266,26,400,23.3502,100.93,102.254
19,1600882006,2358.5,20200923 10:26:46,10:26:46,f6.brodia.2,85.36682628,1600881998,0.000587929,2.65116706,397.046897,249.7146568,25.23431317,40.12261782,0.031056175,2.274759882,0.030822535,0.019284929,321.4442931,31.79259514,30.25681,4.323700895,59.11644035,2.460866388,4.162744532,1.862834507,-25.92764854,-80.95463177,-7.907346105,206.6546667,5,1,1,0,52824,RECT-1505-20210918-17_20_47,10288.4,812.936,2752.91,0,0,-1,MPF-1295-20200923-13_07_09,10311.6,2.226923077,1.9288,-0.154564017,0.5,1681.19662,2.65116706,-129.9262519,0,0.002171767,1426.265657,-,0,0,0,0,0,0,0,1,1295,300,300,300,10311.6,0.87,-0.0068772,0.08,1999.996333,1681.19662,0.840599851,0.191199702,6,0.5,0: Broadleaf,2,1600881998,397.0469,399.9291667,24.35233333,23.77918667,405.6986333,24.90601667,600.4862,100.9474,0.105191333,29.59669333,30.25681,999.9,0,0,9998.49,0,331.2744,1999.996333,0.9800062,0.0199936,0,2.210686667,0,4607.514667,16306.07333,45.906,47.4433,46.625,45.625,45.2311,1960.006333,39.99,0,421,0,2.226923077,0.736088891,-259.3630765,4607.581154,15,1600881989,10:26:29,1600881989,1600881989,9,0.12,-0.028,-8.675,-0.578,400,24,0.36,0.14,-2.107001308,-13.13816765,1.434835712,0,2.233544118,0.279947234,0.215053252,1,0.421884733,2.389394962,0.273870991,0,1,3,3-Jan,100,100,-8.649,-0.5476,-5.472302351,-0.007814304,-3.18E-07,6.48E-10,-0.684416878,-0.027428369,0.001386821,-3.01E-06,5,2011,2,27,0.3,0.3,2,621.958,413.346,26.0018,30.1622,29.9997,30.0267,30.0143,21.6601,19.1744,68.0893,26,400,24.0037,100.859,102.185
20,1600882038,2390.5,20200923 10:27:18,10:27:18,f6.brodia.2,92.50945891,1600882032,0.000574943,2.804880634,396.9330768,238.2827483,24.07845957,40.11006718,0.030319933,2.275068559,0.030097227,0.01883064,321.45033,31.91544738,30.433668,4.36773456,59.71816557,2.50301613,4.191381477,1.86471843,-25.35500382,-88.05539797,-8.612364434,199.4275638,3,0,1,0,52662,RECT-1505-20210918-17_20_47,10288.4,812.936,2752.91,0,0,-1,MPF-1296-20200923-13_07_41,10310.7,2.22984,1.618,-0.378145859,0.5,1681.220424,2.804880634,-317.8732708,0,0.002263166,1700.427689,-,0,0,0,0,0,0,0,1,1296,300,300,300,10310.7,1.05,-0.00687658,-0.68,2000.0236,1681.220424,0.840600293,0.191200586,6,0.5,0: Broadleaf,2,1600882032,396.93308,399.96532,24.770088,24.209544,405.58384,25.309088,600.16912,100.94592,0.10402904,29.715748,30.433668,999.9,0,0,10000.642,0,330.3984,2000.0236,0.97999236,0.020007528,0,2.199904,0,4500.244,16306.204,46.05704,47.562,46.69708,45.62748,45.312,1960.0036,40.02,0,31.20000005,0,2.22984,-0.63639231,-112.8407694,4501.2,15,1600881989,10:26:29,1600881989,1600881989,9,0.12,-0.028,-8.675,-0.578,400,24,0.36,0.14,-3.06946975,0.595418049,0.077357041,0,2.225773529,-0.044558749,0.172974269,1,0.570157225,-0.135874683,0.023898355,0,1,3,3-Jan,100,100,-8.652,-0.5376,-5.472302351,-0.007814304,-3.18E-07,6.48E-10,-0.684416878,-0.027428369,0.001386821,-3.01E-06,5,2011,2,27,0.8,0.8,2,623.605,414.487,25.9994,30.1362,29.9995,30.0176,30.0096,21.6698,17.4819,68.4656,26,400,24.3125,100.87,102.193
21,1600882075,2427,20200923 10:27:54,10:27:54,f6.brodia.2,86.70805699,1600882067,0.000560549,2.539218848,397.2282638,247.7098034,25.03100598,40.13980437,0.029284693,2.274893164,0.029076864,0.018191589,321.4473534,32.01330728,30.5706,4.402095424,59.8201633,2.520772139,4.213917181,1.881323285,-24.720195,-93.41305971,-9.147493625,194.1666051,4,1,1,0,52855,RECT-1505-20210918-17_20_47,10288.4,812.936,2752.91,0,0,-1,MPF-1297-20200923-13_08_17,10310,2.222807692,2.6392,0.157772169,0.5,1681.20706,2.539218848,132.623842,0,0.002105165,1042.085026,-,0,0,0,0,0,0,0,1,1297,300,300,300,10310,1.62,-0.00687596,-0.81,2000.008,1681.20706,0.840600168,0.191200335,6,0.5,0: Broadleaf,2,1600882067,397.2282667,399.9893667,24.94586,24.39945,405.8814667,25.47855333,600.1705,100.9461333,0.1035855,29.80894,30.5706,999.9,0,0,9999.481333,0,338.9481333,2000.008,0.9799933,0.020006557,0,2.21583,0,4442.504,16306.07,46.1374,47.708,46.812,45.67873333,45.437,1959.996667,40.01133333,0,35.60000014,0,2.222807692,0.688177777,-56.05982914,4442.281154,15,1600881989,10:26:29,1600881989,1600881989,9,0.12,-0.028,-8.675,-0.578,400,24,0.36,0.14,-2.785232,0.450795422,0.060992362,1,2.201109091,0.670862763,0.154983128,1,0.560478525,-0.153728882,0.028249877,0,2,3,3-Feb,100,100,-8.653,-0.5318,-5.472302351,-0.007814304,-3.18E-07,6.48E-10,-0.684416878,-0.027428369,0.001386821,-3.01E-06,5,2011,2,27,1.4,1.4,2,623.111,415.213,26.0002,30.0946,29.9993,29.996,29.9909,21.6733,17.1959,69.2581,26,400,24.4512,100.886,102.208
22,1600882946,3298,20200923 10:42:25,10:42:25,a7.brodia.2,121.4734868,1600882938,0.000130096,0.83912954,399.0253657,195.4180845,19.74858561,40.32475611,0.006907923,2.275003488,0.006896292,0.004311226,321.4431821,31.70007791,30.07404333,4.278603031,59.33215994,2.435506926,4.104868133,1.843096105,-5.737237811,-88.32761539,-8.608423489,218.7699054,4,1,1,0,52966,RECT-1505-20210918-17_20_47,10288.4,812.936,2752.91,0,0,-1,MPF-1298-20200923-13_22_48,10285,2.20344,1.95716,-0.125835394,0.5,1681.18546,0.83912954,-105.7763175,0,0.001093948,1405.58403,-,0,0,0,0,0,0,0,1,1298,300,300,300,10285,1.29,-0.00685979,-0.25,1999.982333,1681.18546,0.840600155,0.191200311,6,0.5,0: Broadleaf,2,1600882938,399.0253667,399.9154667,24.10006,23.97323333,407.5061,24.65555,600.6344333,100.9492333,0.108893733,29.35388333,30.07404333,999.9,0,0,9999.891,0,250.844,1999.982333,0.9799933,0.02000679,0,2.18738,0,4352.431333,16305.88333,45.66633333,47.17873333,46.375,45.00413333,44.90806667,1959.972333,40.01,0,870.2,0,2.20344,0.641484623,-309.9500001,4349.07,15,1600882930,10:42:09,1600882930,1600882917,13,0.045,-0.012,-8.486,-0.563,400,24,0.53,0.32,-0.680178315,-4.351496585,0.46697787,0,2.212711765,-0.077902942,0.177067175,1,0.095582797,0.600193535,0.068588486,0,1,3,3-Jan,100,100,-8.478,-0.5523,-5.285811893,-0.007814304,-3.18E-07,6.48E-10,-0.677224444,-0.027428369,0.001386821,-3.01E-06,5,2011,2,27,0.3,0.5,2,622.536,408.239,26.0032,29.8505,30.0003,29.8153,29.819,21.7073,19.2717,71.014,26,400,24.1135,100.85,102.211
23,1600882976,3328,20200923 10:42:55,10:42:55,a7.brodia.2,148.52427,1600882970,0.000138437,1.08929325,398.8180897,152.4775681,15.40853616,40.30234105,0.007334109,2.27716993,0.007321012,0.004576807,321.4446019,31.82789347,30.23061364,4.317211594,59.72508411,2.470495493,4.136445398,1.846716101,-6.105067726,-91.32453746,-8.904795253,215.1102014,3,0,1,0,52774,RECT-1505-20210918-17_20_47,10288.4,812.936,2752.91,0,0,-1,MPF-1299-20200923-13_23_18,10284.4,2.275296154,1.6768,-0.356927573,0.5,1681.192691,1.08929325,-300.0320132,0,0.001242745,1640.764074,-,0,0,0,0,0,0,0,1,1299,300,300,300,10284.4,1.42,-0.00685919,-0.64,1999.990909,1681.192691,0.840600166,0.191200333,6,0.5,0: Broadleaf,2,1600882970,398.8180909,399.9622273,24.44717273,24.31216364,407.2958182,24.99064091,600.193,100.9491364,0.1053095,29.48672727,30.23061364,999.9,0,0,10013.98182,0,241.4422273,1999.990909,0.979994227,0.020005832,0,2.279395455,0,4262.595909,16305.95,45.812,47.29790909,46.437,45.10495455,45.01972727,1959.98,40.01090909,0,29,0,2.275296154,0.208133332,-130.4543588,4266.541154,15,1600882930,10:42:09,1600882930,1600882917,13,0.045,-0.012,-8.486,-0.563,400,24,0.53,0.32,-1.110229825,-0.291856469,0.05476856,1,2.279817143,0.089483366,0.179516303,1,0.14590145,-0.090142514,0.021546041,1,3,3,3-Mar,100,100,-8.478,-0.5418,-5.285811893,-0.007814304,-3.18E-07,6.48E-10,-0.677224444,-0.027428369,0.001386821,-3.01E-06,5,2011,2,27,0.8,1,2,624.102,409.021,26.0018,29.8731,30.0004,29.8321,29.8362,21.7167,18.6674,71.014,26,400,24.3744,100.843,102.209
24,1600883012,3364.5,20200923 10:43:32,10:43:32,a7.brodia.2,88.41246799,1600883004,0.000217345,1.008768266,398.8859989,247.2191531,24.9823351,40.30878499,0.011409796,2.275867534,0.011378113,0.00711416,321.4464136,31.93608735,30.38664194,4.355988162,59.76210235,2.491058149,4.168290692,1.864930012,-9.584923401,-94.08808399,-9.192662098,208.5807441,3,0,1,0,53020,RECT-1505-20210918-17_20_47,10288.4,812.936,2752.91,0,0,-1,MPF-1300-20200923-13_23_55,10283.9,2.179304,2.2108,0.014246427,0.5,1681.202468,1.008768266,11.97556381,0,0.00119484,1244.209879,-,0,0,0,0,0,0,0,1,1300,300,300,300,10283.9,1.13,-0.00685882,-0.67,2000.002581,1681.202468,0.840600149,0.191200298,6,0.5,0: Broadleaf,2,1600883004,398.886,399.981129,24.65090968,24.4389871,407.3640968,25.18719355,600.1836452,100.9479677,0.105428742,29.61980645,30.38664194,999.9,0,0,10005.63097,0,239.7340968,2000.002581,0.979995516,0.0200045,0,2.181319355,0,4251.245806,16306.06129,45.937,47.423,46.57012903,45.19106452,45.149,1959.992581,40.01,0,36,0,2.179304,0.236269228,-530.5415365,4243.1428,15,1600882930,10:42:09,1600882930,1600882917,13,0.045,-0.012,-8.486,-0.563,400,24,0.53,0.32,-1.08360415,-0.03095669,0.055353837,1,2.207015152,-0.499013352,0.186552337,1,0.2087104,0.056472946,0.006039234,1,3,3,3-Mar,100,100,-8.478,-0.5352,-5.285811893,-0.007814304,-3.18E-07,6.48E-10,-0.677224444,-0.027428369,0.001386821,-3.01E-06,5,2011,2,27,1.4,1.6,2,624.733,409.026,26.0015,29.9024,30.0004,29.8548,29.8585,21.7216,18.6674,71.014,26,400,24.4467,100.836,102.201
25,1600883196,3548.5,20200923 10:46:36,10:46:36,a8.brodia.2,87.89310846,1600883188,0.000577023,2.752165156,396.9938679,245.9051918,24.85064741,40.11934259,0.031312639,2.27585213,0.031075254,0.019443211,321.4505369,31.57179229,30.08890323,4.282254352,60.06856577,2.468428682,4.109351789,1.81382567,-25.44673437,-87.86281525,-8.561363496,199.5796238,4,1,1,0,53063,RECT-1505-20210918-17_20_47,10288.4,812.936,2752.91,0,0,-1,MPF-1301-20200923-13_26_59,10289.5,2.210288462,2.1616,-0.02252427,0.5,1681.226826,2.752165156,-18.93420329,0,0.002231802,1272.551999,-,0,0,0,0,0,0,0,1,1301,300,300,300,10289.5,0.84,-0.00686234,-0.44,2000.031935,1681.226826,0.84059999,0.191199981,6,0.5,0: Broadleaf,2,1600883188,396.993871,399.9742903,24.4259,23.86312581,405.5057097,24.98583871,600.1651935,100.9549677,0.102871774,29.3728,30.08890323,999.9,0,0,10004.8371,0,241.1149677,2000.031935,0.980001065,0.0199991,0,2.23156129,0,5439.882258,16306.32258,46.187,47.70529032,46.875,45.59248387,45.437,1960.031935,40,0,183.4000001,0,2.210288462,0.376413686,-613.8362385,5431.212692,15,1600883171,10:46:10,1600883171,1600883161,14,-0.048,-0.016,-8.536,-0.581,400,24,0.46,0.18,-2.95348925,-0.724029681,0.091019542,0,2.190432353,0.793838838,0.218879409,1,0.5551019,0.19380322,0.021958121,0,1,3,3-Jan,100,100,-8.512,-0.5597,-5.33409055,-0.007814304,-3.18E-07,6.48E-10,-0.693522839,-0.027428369,0.001386821,-3.01E-06,5,2011,2,27,0.4,0.6,2,622.985,407.86,25.9993,30.1005,30.0006,30.0282,30.0312,21.7116,22.2139,70.7967,26,400,23.8348,100.804,102.156
26,1600883272,3624.5,20200923 10:47:52,10:47:52,a8.brodia.2,86.5081604,1600883264,0.000548364,2.546731994,397.2219326,248.2789768,25.09098647,40.14310943,0.029439211,2.274709171,0.029229174,0.01828698,321.4431974,31.65160965,30.22577742,4.316014506,60.20123053,2.483834621,4.125886794,1.832179886,-24.18286466,-96.06800993,-9.375169848,191.817153,3,0,1,0,52760,RECT-1505-20210918-17_20_47,10288.4,812.936,2752.91,0,0,-1,MPF-1302-20200923-13_28_15,10288.7,2.198944,2.0284,-0.084078091,0.5,1681.190768,2.546731994,-70.67565527,0,0.002109655,1356.183001,-,0,0,0,0,0,0,0,1,1302,300,300,300,10288.7,1.02,-0.00686177,0.02,1999.989355,1681.190768,0.840599858,0.191199716,6,0.5,0: Broadleaf,2,1600883264,397.2219355,399.9857419,24.57790645,24.04316452,405.7356129,25.13250645,600.1623548,100.9561613,0.103488581,29.44240645,30.22577742,999.9,0,0,9997.292903,0,239.8399677,1999.989355,0.980002613,0.0199975,0,2.204154839,0,4999.779032,16305.96774,46.284,47.75,46.937,45.625,45.5,1959.999032,39.99032258,0,74.79999995,0,2.198944,1.178015377,-178.0792305,4998.1284,15,1600883171,10:46:10,1600883171,1600883161,14,-0.048,-0.016,-8.536,-0.581,400,24,0.46,0.18,-2.7803485,0.144367655,0.056187963,1,2.211338235,0.244380218,0.157067885,1,0.530199775,0.097786705,0.010253942,1,3,3,3-Mar,100,100,-8.514,-0.5543,-5.33409055,-0.007814304,-3.18E-07,6.48E-10,-0.693522839,-0.027428369,0.001386821,-3.01E-06,5,2011,2,27,1.7,1.9,2,623.558,408.348,26.0012,30.195,30.0007,30.1095,30.1132,21.7279,21.6656,70.4247,26,400,23.9261,100.794,102.147
27,1600883309,3661,20200923 10:48:28,10:48:28,a8.brodia.2,81.4309082,1600883301,0.000581638,2.527674877,397.2058358,256.2122512,25.8926319,40.14134551,0.031040731,2.273897472,0.030807235,0.019275354,321.4511317,31.64654613,30.23259677,4.317702555,59.94103411,2.473823543,4.127095201,1.843879013,-25.65022966,-96.24727387,-9.396570617,190.1570575,3,0,1,0,52944,RECT-1505-20210918-17_20_47,10288.4,812.936,2752.91,0,0,-1,MPF-1303-20200923-13_28_51,10288,2.165253846,1.74,-0.244398762,0.5,1681.232013,2.527674877,-205.4455114,0,0.002098268,1581.132184,-,0,0,0,0,0,0,0,1,1303,300,300,300,10288,1.62,-0.00686139,-0.6,2000.038387,1681.232013,0.840599872,0.191199745,6,0.5,0: Broadleaf,2,1600883301,397.2058387,399.9638065,24.47892903,23.91168065,405.7192903,25.03700645,600.1603548,100.9558065,0.103498032,29.44748387,30.23259677,999.9,0,0,9992.056452,0,135.8807903,2000.038387,0.980003774,0.019996326,0,2.157093548,0,4900.41129,16306.39677,46.375,47.812,47,45.637,45.562,1960.046129,39.99225806,0,35.29999995,0,2.165253846,0.148335052,-112.002393,4899.758077,15,1600883171,10:46:10,1600883171,1600883161,14,-0.048,-0.016,-8.536,-0.581,400,24,0.46,0.18,-2.768028,0.205412758,0.055237365,1,2.190065714,-0.517632094,0.181487131,1,0.574456825,-0.145063261,0.015227152,0,2,3,3-Feb,100,100,-8.514,-0.5585,-5.33409055,-0.007814304,-3.18E-07,6.48E-10,-0.693522839,-0.027428369,0.001386821,-3.01E-06,5,2011,2,27,2.3,2.5,2,623.975,408.044,26.0015,30.2466,30.0008,30.1594,30.1635,21.7321,21.9435,70.4247,26,400,23.954,100.779,102.137
28,1600883568,3919.9,20200923 10:52:47,10:52:47,f7.brodia.2,78.63625277,1600883560,0.001331306,6.107612748,393.386735,256.4728967,25.91895635,39.75536498,0.077669173,2.275694192,0.076226008,0.047768684,321.4447146,30.79139133,29.39286452,4.114112176,60.38695615,2.406024937,3.984345445,1.708087239,-58.71061554,-68.01106967,-6.587143541,188.1358859,4,1,1,0,53058,RECT-1505-20210918-17_20_47,10288.4,812.936,2752.91,0,0,-1,MPF-1304-20200923-13_33_10,10259.1,2.175896,1.6284,-0.336217146,0.5,1681.193526,6.107612748,-282.6230443,0,0.004227718,1689.561287,-,0,0,0,0,0,0,0,1,1304,300,300,300,10259.1,1.14,-0.00684271,-0.62,1999.991935,1681.193526,0.840600152,0.191200305,6,0.5,0: Broadleaf,2,1600883560,393.3867419,400.0154839,23.80806452,22.50896129,401.7364516,24.36793226,600.2343548,100.9555806,0.103660645,28.83851935,29.39286452,999.9,0,0,10003.75,0,311.9559032,1999.991935,0.979994387,0.020005913,0,2.214448387,0,5320.418065,16305.95484,45.94512903,47.5,46.687,45.312,45.125,1959.981935,40.01,0,258,0,2.175896,0.036261544,-380.9600003,5315.0028,15,1600883547,10:52:27,1600883547,1600883544,15,0.133,0.022,-8.403,-0.607,400,22,0.6,0.13,-5.405828347,-18.19684355,2.301060354,0,2.214151429,-0.174208514,0.219651234,1,1.057668936,3.968138751,0.456106409,0,1,3,3-Jan,100,100,-8.35,-0.5615,-5.201235361,-0.007814304,-3.18E-07,6.48E-10,-0.671495864,-0.027428369,0.001386821,-3.01E-06,5,2011,2,27,0.3,0.4,2,623.425,405.76,25.9993,30.1391,30.0001,30.1408,30.1422,21.6669,32.7989,67.0425,26,400,22.3444,100.787,102.152
29,1600883603,3954.9,20200923 10:53:22,10:53:22,f7.brodia.2,79.63187862,1600883595,0.001292634,5.878366605,393.6180933,255.0160173,25.77189625,39.77900985,0.073819263,2.274705254,0.07251377,0.045436477,321.4488764,30.83075718,29.44191667,4.125770244,59.70120661,2.382277219,3.990333453,1.743493024,-57.00517543,-70.81781259,-6.864524981,186.7613633,3,0,1,0,53028,RECT-1505-20210918-17_20_47,10288.4,812.936,2752.91,0,0,-1,MPF-1305-20200923-13_33_45,10258.8,2.267107692,2.37319,0.044700301,0.5,1681.215169,5.878366605,37.57541219,0,0.004091307,1159.004045,-,0,0,0,0,0,0,0,1,1305,300,300,300,10258.8,1.04,-0.00684239,-0.08,2000.017667,1681.215169,0.840600159,0.191200319,6,0.5,0: Broadleaf,2,1600883595,393.6181,400.0034667,23.57292,22.31111333,401.9696667,24.14062667,600.1695333,100.9559,0.104011933,28.86444333,29.44191667,999.9,0,0,9997.293333,0,306.7844333,2000.017667,0.9799955,0.0200048,0,2.266263333,0,5163.408333,16306.17,46.062,47.50413333,46.687,45.312,45.187,1960.007667,40.011,0,34.20000005,0,2.267107692,-0.112765812,-175.9733334,5162.419231,15,1600883547,10:52:27,1600883547,1600883544,15,0.133,0.022,-8.403,-0.607,400,22,0.6,0.13,-6.437806,0.797932008,0.093407728,0,2.275170588,-0.308495351,0.150748397,1,1.29633425,-0.605048668,0.059987138,0,1,3,3-Jan,100,100,-8.352,-0.5689,-5.201235361,-0.007814304,-3.18E-07,6.48E-10,-0.671495864,-0.027428369,0.001386821,-3.01E-06,5,2011,2,27,0.9,1,2,624.153,405.873,26.0003,30.1267,30,30.1285,30.1332,21.6577,32.5145,65.8995,26,400,22.5084,100.785,102.149
30,1600883639,3990.9,20200923 10:53:58,10:53:58,f7.brodia.2,92.183638,1600883632,0.001093921,5.726284517,393.8409166,235.4527928,23.79466805,39.80124323,0.062118231,2.275174143,0.061191188,0.038326631,321.4494392,30.96023556,29.52730385,4.146132651,59.8696782,2.397982942,4.005337951,1.748149708,-48.24189911,-73.35632763,-7.114425972,192.7367865,3,0,1,0,53047,RECT-1505-20210918-17_20_47,10288.4,812.936,2752.91,0,0,-1,MPF-1306-20200923-13_34_21,10258.5,2.196132,2.0376,-0.077803298,0.5,1681.218392,5.726284517,-65.40216779,0,0.004000839,1350.055163,-,0,0,0,0,0,0,0,1,1306,300,300,300,10258.5,0.99,-0.00684215,-0.49,2000.021538,1681.218392,0.840600144,0.191200287,6,0.5,0: Broadleaf,2,1600883632,393.8409231,399.9962308,23.7285,22.66085,402.1943846,24.29103462,600.1761923,100.9553846,0.103803385,28.92925385,29.52730385,999.9,0,0,10000.39038,0,312.8538846,2000.021538,0.979996192,0.020004108,0,2.167384615,0,5078.658462,16306.20769,46.125,47.531,46.75,45.375,45.25476923,1960.011538,40.01,0,35,0,2.196132,0.565930785,-89.77076911,5079.7752,15,1600883547,10:52:27,1600883547,1600883544,15,0.133,0.022,-8.403,-0.607,400,22,0.6,0.13,-6.18286675,0.403634409,0.054388612,1,2.209625714,-0.08613229,0.177684458,1,1.0788565,-0.091947017,0.017360807,1,3,3,3-Mar,100,100,-8.354,-0.5617,-5.201235361,-0.007814304,-3.18E-07,6.48E-10,-0.671495864,-0.027428369,0.001386821,-3.01E-06,5,2011,2,27,1.5,1.6,2,624.362,405.856,26.0024,30.1262,30.0003,30.1241,30.1306,21.6601,31.3558,65.1469,26,400,22.7239,100.786,102.151
31,1600883891,4243.4,20200923 10:58:11,10:58:11,f8.brodia.2,71.78211414,1600883883,0.000952167,3.985693324,395.6582536,270.2337943,27.31041568,39.98608464,0.055524881,2.275503875,0.054783028,0.034305219,321.448164,31.10487993,29.37773226,4.110521542,59.84363149,2.410661874,4.028268028,1.699859668,-41.99057285,-42.91754684,-4.160678552,232.3793658,3,0,1,0,53149,RECT-1505-20210918-17_20_47,10288.4,812.936,2752.91,0,0,-1,MPF-1307-20200923-13_38_34,10266.1,2.18638,1.8568,-0.177498923,0.5,1681.211681,3.985693324,-149.2066312,0,0.002965536,1481.609866,-,0,0,0,0,0,0,0,1,1307,300,300,300,10266.1,1.11,-0.00684705,0,2000.013548,1681.211681,0.840600146,0.191200292,6,0.5,0: Broadleaf,2,1600883883,395.6582581,400.0195484,23.85325484,22.92404194,404.1205161,24.40642903,600.1562581,100.9586129,0.103564581,29.02789032,29.37773226,999.9,0,0,10002.2129,0,330.4227742,2000.013548,0.97999671,0.02000279,0,2.195970968,0,4897.956129,16306.15161,46,47.383,46.687,45.312,45.187,1960.003548,40.01,0,251.4000001,0,2.18638,-1.363946146,-137.5161536,4896.4172,15,1600883859,10:57:38,1600883858,1600883859,16,-0.094,0.005,-8.496,-0.598,400,22,0.81,0.08,-4.37544775,0.482969043,0.058346621,1,2.199751429,-0.578494681,0.223100402,1,0.885102675,0.902391906,0.096054094,0,2,3,3-Feb,100,100,-8.463,-0.5544,-5.29518688,-0.007814304,-3.18E-07,6.48E-10,-0.666151611,-0.027428369,0.001386821,-3.01E-06,5,2011,2,27,0.6,0.5,2,623.847,403.525,26.0014,30.1152,30.0007,30.1201,30.1338,21.6574,26.6638,59.8849,26,400,23.0106,100.773,102.143
32,1600883930,4281.9,20200923 10:58:49,10:58:49,f8.brodia.2,79.26255792,1600883922,0.00084184,3.795945616,395.8551247,258.4716986,26.12193662,40.00632384,0.047890779,2.273752597,0.047337381,0.029635051,321.4529624,31.29666111,29.62253871,4.168946742,59.79594296,2.430339302,4.064388288,1.73860744,-37.12513547,-53.96835163,-5.246420773,225.1130545,3,0,1,0,53030,RECT-1505-20210918-17_20_47,10288.4,812.936,2752.91,0,0,-1,MPF-1308-20200923-13_39_12,10265.5,2.212215385,2.0016,-0.105223513,0.5,1681.239077,3.795945616,-88.45294138,0,0.002852626,1374.354716,-,0,0,0,0,0,0,0,1,1308,300,300,300,10265.5,0.89,-0.00684667,-0.43,2000.046452,1681.239077,0.840600015,0.19120003,6,0.5,0: Broadleaf,2,1600883922,395.855129,399.9832903,24.04775484,23.22636452,404.3189355,24.59433871,600.1498387,100.9592903,0.103753548,29.18227742,29.62253871,999.9,0,0,9990.770968,0,318.9279677,2000.046452,0.979998161,0.0200016,0,2.231054839,0,4826.404516,16306.42258,46.125,47.48374194,46.75,45.437,45.312,1960.044516,40.00193548,0,37.80000019,0,2.212215385,-0.326126496,-82.84205132,4825.658077,15,1600883859,10:57:38,1600883858,1600883859,16,-0.094,0.005,-8.496,-0.598,400,22,0.81,0.08,-4.12437425,0.027289644,0.035320712,1,2.190752941,0.295592561,0.183974431,1,0.797754125,0.579691103,0.056861869,0,2,3,3-Feb,100,100,-8.464,-0.5466,-5.29518688,-0.007814304,-3.18E-07,6.48E-10,-0.666151611,-0.027428369,0.001386821,-3.01E-06,5,2011,2,27,1.2,1.2,2,624.206,403.949,26.0026,30.1866,30.0007,30.1659,30.1784,21.6761,24.5065,59.1384,26,400,23.3042,100.752,102.127
33,1600883966,4318.4,20200923 10:59:26,10:59:26,f8.brodia.2,78.01804953,1600883958,0.000826387,3.608397157,396.0181293,260.5077206,26.32762636,40.02268077,0.046250799,2.274695443,0.045734645,0.028630047,321.4447327,31.43120646,29.80031667,4.21182746,59.72555452,2.445856643,4.095159372,1.765970817,-36.4436749,-59.77845899,-5.817719667,219.4048791,3,0,1,0,53044,RECT-1505-20210918-17_20_47,10288.4,812.936,2752.91,0,0,-1,MPF-1309-20200923-13_39_49,10265.1,2.252576,2.68663,0.161560766,0.5,1681.1961,3.608397157,135.8076646,0,0.002741142,1023.670312,-,0,0,0,0,0,0,0,1,1309,300,300,300,10265.1,1.03,-0.00684635,-0.53,1999.995333,1681.1961,0.840600011,0.191200023,6,0.5,0: Broadleaf,2,1600883958,396.0181333,399.9527333,24.20136667,23.39519667,404.4831333,24.74267333,600.1618667,100.9590333,0.1037156,29.31286,29.80031667,999.9,0,0,9996.919333,0,308.9355667,1999.995333,0.979999267,0.020000743,0,2.23697,0,4789.997333,16306,46.2458,47.6082,46.8162,45.55373333,45.42046667,1959.994667,40.00066667,0,35.60000014,0,2.252576,0.217615384,-33.49846159,4789.9356,15,1600883859,10:57:38,1600883858,1600883859,16,-0.094,0.005,-8.496,-0.598,400,22,0.81,0.08,-3.96539825,0.641714409,0.067815555,0,2.226709091,0.457856786,0.162528542,1,0.7974246,0.103501126,0.023621503,0,1,3,3-Jan,100,100,-8.465,-0.5405,-5.29518688,-0.007814304,-3.18E-07,6.48E-10,-0.666151611,-0.027428369,0.001386821,-3.01E-06,5,2011,2,27,1.8,1.8,2,623.898,404.022,26.0032,30.2652,30.001,30.2215,30.2334,21.6927,23.047,58.7628,26,400,23.5466,100.735,102.114
34,1600884307,4658.9,20200923 11:05:06,11:05:06,b1.brodia.2,127.1529876,1600884299,0.000390302,2.597544184,397.2284971,183.9926905,18.59374153,40.1427034,0.020428495,2.273415253,0.02032706,0.012713484,321.44544,31.74994992,30.29325,4.332741859,59.40775995,2.457527686,4.136711582,1.875214173,-17.21231224,-98.71415516,-9.644279677,195.8746929,4,1,1,0,53095,RECT-1505-20210918-17_20_47,10288.4,812.936,2752.91,0,0,-1,MPF-1310-20200923-13_45_29,10255.9,2.186956,2.54548,0.140847306,0.5,1681.2,2.597544184,118.3962453,0,0.002139867,1080.489542,-,0,0,0,0,0,0,0,1,1310,300,300,300,10255.9,0.85,-0.00684028,-0.41,2000,1681.2,0.8406,0.1912,6,0.5,0: Broadleaf,2,1600884299,397.2285,399.9803333,24.31824333,23.93753667,405.7493333,24.88331333,600.1635,100.9518667,0.105090967,29.48784333,30.29325,999.9,0,0,9989.315333,0,212.1404,2000,0.9800004,0.0199998,0,2.17827,0,4914.811333,16306.04333,46.25,47.7395,46.937,45.8666,45.53513333,1960,40,0,339.8000002,0,2.186956,-0.427015377,-741.1353832,4906.1784,15,1600884284,11:04:43,1600884279,1600884284,17,-0.046,-0.029,-8.543,-0.583,400,24,0.9,0.21,-2.554772525,-2.669679231,0.547787493,0,2.185538235,0.168202874,0.139778552,1,0.365894845,0.055122414,0.085091407,1,2,3,3-Feb,100,100,-8.521,-0.5633,-5.340957829,-0.007814304,-3.18E-07,6.48E-10,-0.69494896,-0.027428369,0.001386821,-3.01E-06,5,2011,2,27,0.5,0.4,2,622.864,402.94,26.0026,30.3766,30.0006,30.3305,30.3407,21.7122,21.9546,57.2718,26,400,24.0996,100.75,102.118
35,1600884349,4701.4,20200923 11:05:49,11:05:49,b1.brodia.2,147.0626891,1600884341,0.000258449,1.970548133,397.9000644,153.4101754,15.50275463,40.20950405,0.013399375,2.276124384,0.013355706,0.008351228,321.4475148,31.8842332,30.47051,4.376956404,59.81696514,2.487858321,4.159118263,1.889098083,-11.39758482,-109.0826078,-10.65887838,190.3084438,3,0,1,0,52986,RECT-1505-20210918-17_20_47,10288.4,812.936,2752.91,0,0,-1,MPF-1311-20200923-13_46_12,10255.1,2.172664,2.2737,0.044436821,0.5,1681.21092,1.970548133,37.35383439,0,0.00176691,1209.762194,-,0,0,0,0,0,0,0,1,1311,300,300,300,10255.1,1.57,-0.00683967,0.21,2000.013,1681.21092,0.840599996,0.191199992,6,0.5,0: Broadleaf,2,1600884341,397.9000667,399.9728,24.61903,24.36702333,406.4261667,25.17354333,600.1886,100.9493333,0.104945467,29.58156667,30.47051,999.9,0,0,10007.165,0,218.6929,2000.013,0.980002,0.0199982,0,2.18541,0,4582.037,16306.16667,46.375,47.80786667,47,45.9727,45.625,1960.013,40,0,41.60000014,0,2.172664,0.241684613,-326.7476923,4579.024,15,1600884284,11:04:43,1600884279,1600884284,17,-0.046,-0.029,-8.543,-0.583,400,24,0.9,0.21,-2.09642575,0.68129212,0.073966977,0,2.186002941,-0.068338123,0.178494599,1,0.244746975,0.214560777,0.024788139,0,1,3,3-Jan,100,100,-8.527,-0.5538,-5.340957829,-0.007814304,-3.18E-07,6.48E-10,-0.69494896,-0.027428369,0.001386821,-3.01E-06,5,2011,2,27,1.2,1.1,2,623.658,403.063,26.0008,30.4424,30.0007,30.3803,30.3902,21.726,20.8216,57.2718,26,400,24.4081,100.736,102.105
36,1600884393,4745.4,20200923 11:06:33,11:06:33,b1.brodia.2,141.5010439,1600884385,0.000235476,1.717625054,398.1740647,162.4748352,16.41858146,40.23671301,0.012138603,2.274337617,0.012102726,0.007567418,321.4451443,31.95945561,30.58246333,4.40508339,60.02831061,2.506186622,4.175007753,1.898896768,-10.3844793,-114.6073895,-11.21741271,185.2358627,3,0,1,0,52769,RECT-1505-20210918-17_20_47,10288.4,812.936,2752.91,0,0,-1,MPF-1312-20200923-13_46_56,10254.7,2.195316,2.2087,0.006059673,0.5,1681.2011,1.717625054,5.09376455,0,0.001616478,1245.393806,-,0,0,0,0,0,0,0,1,1312,300,300,300,10254.7,1.47,-0.00683933,-0.26,2000.001667,1681.2011,0.84059985,0.191199699,6,0.5,0: Broadleaf,2,1600884385,398.1740667,399.9849333,24.80069667,24.57112667,406.7022667,25.34876,600.1718667,100.9486667,0.1044068,29.64776333,30.58246333,999.9,0,0,9995.621667,0,240.5887,2000.001667,0.980003,0.0199972,0,2.19649,0,4444.963667,16306.08,46.4454,47.875,47.062,46.05166667,45.7458,1960.011667,39.99,0,43.30000019,0,2.195316,-0.314830759,79.14769214,4443.316,15,1600884284,11:04:43,1600884279,1600884284,17,-0.046,-0.029,-8.543,-0.583,400,24,0.9,0.21,-1.83042675,0.521148856,0.057036043,0,2.200835294,-0.163529335,0.153683571,1,0.219919175,0.198841205,0.02004787,0,1,3,3-Jan,100,100,-8.528,-0.5475,-5.340957829,-0.007814304,-3.18E-07,6.48E-10,-0.69494896,-0.027428369,0.001386821,-3.01E-06,5,2011,2,27,1.9,1.8,2,623.913,402.818,26.0019,30.5138,30.0006,30.434,30.4431,21.7309,19.9681,56.9014,26,400,24.5899,100.728,102.094
37,1600884684,5036.4,20200923 11:11:24,11:11:24,b2.brodia.2,141.9981181,1600884676,0.000323734,2.302377214,397.5211909,160.6089211,16.23140993,40.1741657,0.016214139,2.274918155,0.01615021,0.010099604,321.4422526,32.01226508,30.80706452,4.46198707,59.7401353,2.50602296,4.194873258,1.955964109,-14.27667626,-132.0704878,-12.94300427,162.1520843,3,0,1,0,52826,RECT-1505-20210918-17_20_47,10288.4,812.936,2752.91,0,0,-1,MPF-1313-20200923-13_51_47,10254.9,2.217072,1.8472,-0.200233867,0.5,1681.185881,2.302377214,-168.3151754,0,0.001964314,1489.315071,-,0,0,0,0,0,0,0,1,1313,300,300,300,10254.9,1.22,-0.00683932,-0.64,1999.983548,1681.185881,0.840599855,0.19119971,6,0.5,0: Broadleaf,2,1600884676,397.5211935,399.9515161,24.79696129,24.48135161,406.0962903,25.35677742,600.184129,100.9540323,0.107663613,29.73021613,30.80706452,999.9,0,0,9998.86129,0,273.0132581,1999.983548,0.980003677,0.0199965,0,2.215122581,0,4826.192258,16305.93548,46.97154839,48.49180645,47.631,46.558,46.155,1959.993548,39.99,0,290.4000001,0,2.217072,0.265269215,-231.2915381,4821.9648,15,1600884659,11:10:58,1600884659,1600884656,18,-0.052,-0.012,-8.595,-0.583,400,24,0.61,0.26,-2.44241025,0.512294071,0.082240821,0,2.22875,0.065054213,0.172516767,1,0.313041375,0.230618443,0.041143235,0,1,3,3-Jan,100,100,-8.576,-0.5573,-5.392711222,-0.007814304,-3.18E-07,6.48E-10,-0.70700854,-0.027428369,0.001386821,-3.01E-06,5,2011,2,27,0.4,0.5,2,624.339,399.212,26.0013,30.8306,30.0007,30.7411,30.7419,21.7508,18.563,56.9171,26,400,24.4796,100.667,102.043
38,1600884720,5072.4,20200923 11:12:00,11:12:00,b2.brodia.2,118.7009349,1600884713,0.000356775,2.075582309,397.7852939,197.4188595,19.95180909,40.20150995,0.017485813,2.275793772,0.017411516,0.010888846,321.45008,32.13731926,31.04713333,4.523516513,59.71721507,2.524865769,4.228036699,1.998650744,-15.73378202,-144.7804417,-14.20959955,146.7262568,2,0,1,0,52848,RECT-1505-20210918-17_20_47,10288.4,812.936,2752.91,0,0,-1,MPF-1314-20200923-13_52_23,10253.7,2.285216,1.4468,-0.579496821,0.5,1681.227078,2.075582309,-487.1328731,0,0.001829368,1901.75781,-,0,0,0,0,0,0,0,1,1314,300,300,300,10253.7,1.21,-0.00683845,-0.76,2000.032593,1681.227078,0.84059984,0.19119968,6,0.5,0: Broadleaf,2,1600884713,397.7852963,400.0020741,24.9830037,24.63525556,406.3624074,25.53612963,600.1960741,100.956,0.107338852,29.86710741,31.04713333,999.9,0,0,10004.35556,0,254.3901111,2000.032593,0.980006444,0.019993656,0,2.257788889,0,4706.933704,16306.35185,47.19166667,48.70807407,47.819,46.687,46.32833333,1960.042593,39.99,0,35.10000014,0,2.285216,-1.506107688,-142.7338462,4707.3824,15,1600884659,11:10:58,1600884659,1600884656,18,-0.052,-0.012,-8.595,-0.583,400,24,0.61,0.26,-2.20822475,-0.107849493,0.037690713,1,2.232211765,0.02002874,0.197954598,1,0.347217925,0.0666703,0.013333198,1,3,3,3-Mar,100,100,-8.577,-0.552,-5.392711222,-0.007814304,-3.18E-07,6.48E-10,-0.70700854,-0.027428369,0.001386821,-3.01E-06,5,2011,2,27,1,1.1,2,625.171,399.204,26.0012,30.8828,30.0009,30.7928,30.7966,21.7523,17.9866,56.9171,26,400,24.701,100.652,102.028
39,1600884754,5106.4,20200923 11:12:34,11:12:34,b2.brodia.2,108.6881199,1600884747,0.000369454,1.94447131,397.869653,213.185399,21.54539409,40.21034512,0.017890376,2.274817866,0.017812576,0.011139822,321.4465896,32.25365589,31.22303103,4.569066811,59.81942906,2.546670771,4.257263587,2.02239604,-16.29292627,-151.5897826,-14.9060674,138.6578133,2,0,1,0,52875,RECT-1505-20210918-17_20_47,10288.4,812.936,2752.91,0,0,-1,MPF-1315-20200923-13_52_57,10252.8,2.169353846,1.6488,-0.315716792,0.5,1681.2066,1.94447131,-265.392577,0,0.001751404,1668.64459,-,0,0,0,0,0,0,0,1,1315,300,300,300,10252.8,1.17,-0.00683785,-0.16,2000.007931,1681.2066,0.840599967,0.191199933,6,0.5,0: Broadleaf,2,1600884747,397.8696552,399.9604828,25.19856552,24.83853103,406.4475172,25.74384828,600.1831724,100.9569655,0.107151379,29.98697586,31.22303103,999.9,0,0,9997.91931,0,238.6974483,2000.007931,0.980000379,0.019999693,0,2.1729,0,4640.947586,16306.12414,47.375,48.93075862,47.99131034,46.8272069,46.51710345,1960.01,39.99793103,0,33.20000005,0,2.169353846,-0.044020515,-89.38666671,4641.062308,15,1600884659,11:10:58,1600884659,1600884656,18,-0.052,-0.012,-8.595,-0.583,400,24,0.61,0.26,-2.0990415,0.326551295,0.050694798,1,2.182057576,-0.06978386,0.121202478,1,0.342375375,0.353531696,0.034354778,0,2,3,3-Feb,100,100,-8.578,-0.5442,-5.392711222,-0.007814304,-3.18E-07,6.48E-10,-0.70700854,-0.027428369,0.001386821,-3.01E-06,5,2011,2,27,1.6,1.6,2,625.631,399.095,26.0015,30.9488,30.001,30.853,30.8577,21.7617,17.3497,56.9171,26,400,24.8788,100.631,102.015
40,1600885652,6004.5,20200923 11:27:32,11:27:32,g1.brodia.2,59.36885886,1600885644,0.001407581,4.811744019,394.6770279,288.4270328,29.14124653,39.87622262,0.081048282,2.274121615,0.079477116,0.049811824,321.4436467,31.60119385,29.97641,4.254680312,60.39729696,2.52533597,4.181206936,1.729344342,-62.07430506,-37.13382839,-3.624452437,218.6110608,1,0,1,0,52754,RECT-1505-20210918-17_20_47,10288.4,812.936,2752.91,0,0,-1,MPF-1316-20200923-14_07_55,10244.2,2.224761538,2.3248,0.043030997,0.5,1681.187972,4.811744019,36.17159719,0,0.003456927,1183.149174,-,0,0,0,0,0,0,0,1,1316,300,300,300,10244.2,1.85,-0.00683167,0.06,1999.985333,1681.187972,0.840600151,0.191200301,6,0.5,0: Broadleaf,2,1600885644,394.6770333,400.0429667,24.99464667,23.62259333,403.1591333,25.54116667,600.151,100.9294667,0.1056071,29.67353,29.97641,999.9,0,0,9996.12,0,328.7362333,1999.985333,0.979993933,0.020005887,0,2.23685,0,4775.189667,16305.91333,47.937,49.88326667,48.687,47.8372,47.125,1959.971667,40.00966667,0,897.2,0,2.224761538,-0.230810267,-390.6417097,4772.295769,15,1600885624,11:27:04,1600885613,1600885624,19,0.07,0.006,-8.524,-0.606,400,23,0.74,0.11,-5.361747561,0.352436864,0.082165157,1,2.211151515,0.110026151,0.19961879,1,1.283547073,1.503674007,0.162229582,0,2,3,3-Feb,100,100,-8.482,-0.5482,-5.322435795,-0.007814304,-3.18E-07,6.48E-10,-0.700592463,-0.027428369,0.001386821,-3.01E-06,5,2011,2,27,0.7,0.5,2,626.037,390.294,26.003,31.5208,30.0008,31.4693,31.4797,21.6772,25.6212,51.6191,26,400,23.4364,100.505,101.895
41,1600885691,6043.5,20200923 11:28:11,11:28:11,g1.brodia.2,64.62960318,1600885686,0.001306853,4.743621458,394.6995446,279.9496026,28.28507177,39.87898122,0.073397038,2.274533352,0.0721062,0.045180461,321.4444338,31.69592804,30.078965,4.279812065,59.81995893,2.510159959,4.196191377,1.769652106,-57.63223798,-42.09581338,-4.111376497,217.605006,1,0,1,0,52809,RECT-1505-20210918-17_20_47,10288.4,812.936,2752.91,0,0,-1,MPF-1317-20200923-14_08_34,10243.7,2.268515385,1.7412,-0.302845959,0.5,1681.191915,4.743621458,-254.5710893,0,0.003416398,1580.04181,-,0,0,0,0,0,0,0,1,1317,300,300,300,10243.7,1.35,-0.00683138,-0.82,1999.99,1681.191915,0.840600161,0.191200321,6,0.5,0: Broadleaf,2,1600885686,394.69955,399.9576,24.84414,23.57009,403.1819,25.396095,600.15815,100.93115,0.10514905,29.735675,30.078965,999.9,0,0,9998.628,0,328.53845,1999.99,0.97999335,0.02000645,0,2.19589,0,4682.788,16305.93,48.062,49.937,48.75,47.875,47.1996,1959.9795,40.0105,0,38,0,2.268515385,-1.543993169,-141.9924787,4685.100769,15,1600885624,11:27:04,1600885613,1600885624,19,0.07,0.006,-8.524,-0.606,400,23,0.74,0.11,-5.248336341,-0.140276864,0.05012438,1,2.254657143,-0.574262231,0.219572747,1,1.312341951,-0.384821185,0.045180245,0,2,3,3-Feb,100,100,-8.483,-0.5508,-5.322435795,-0.007814304,-3.18E-07,6.48E-10,-0.700592463,-0.027428369,0.001386821,-3.01E-06,5,2011,2,27,1.3,1.1,2,626.714,390.044,26.0039,31.6105,30.001,31.537,31.5492,21.6857,24.764,50.4828,26,400,23.6376,100.49,101.884
42,1600885734,6086.5,20200923 11:28:54,11:28:54,g1.brodia.2,65.48134381,1600885729,0.001272618,4.657699151,394.77209,278.6632902,28.15573537,39.8872004,0.071130171,2.274899542,0.069917317,0.043805571,321.449274,31.7292745,30.13075714,4.29255315,59.86831036,2.515432218,4.201608837,1.777120931,-56.12246752,-45.70488978,-4.464786683,215.15713,1,0,1,0,52972,RECT-1505-20210918-17_20_47,10288.4,812.936,2752.91,0,0,-1,MPF-1318-20200923-14_09_17,10243.3,2.21846,1.6512,-0.343544089,0.5,1681.217143,4.657699151,-288.786106,0,0.00336524,1666.217781,-,0,0,0,0,0,0,0,1,1318,300,300,300,10243.3,0.62,-0.00683096,-0.17,2000.02,1681.217143,0.840600165,0.191200331,6,0.5,0: Broadleaf,2,1600885729,394.7720952,399.9307143,24.89576667,23.65518571,403.2549048,25.44584286,600.1714762,100.9329048,0.105647381,29.75809524,30.13075714,999.9,0,0,10000.83333,0,328.993381,2000.02,0.979994286,0.020005514,0,2.253471429,0,4656.400476,16306.17143,48.187,50.062,48.818,47.937,47.312,1960.008571,40.01142857,0,42,0,2.21846,0.063769226,-94.95923063,4656.036,15,1600885624,11:27:04,1600885613,1600885624,19,0.07,0.006,-8.524,-0.606,400,23,0.74,0.11,-5.14999122,-0.130673101,0.044652295,1,2.17452,0.548571429,0.173130019,1,1.269482195,-0.358629408,0.047593571,0,2,3,3-Feb,100,100,-8.482,-0.5492,-5.322435795,-0.007814304,-3.18E-07,6.48E-10,-0.700592463,-0.027428369,0.001386821,-3.01E-06,5,2011,2,27,2,1.8,2,626.319,389.509,26.0019,31.7287,30.001,31.6279,31.6387,21.696,23.9062,49.7328,26,400,23.6741,100.471,101.865
43,1600885933,6285,20200923 11:32:12,11:32:12,g2.brodia.2,57.14962008,1600885925,0.001443815,4.353764645,395.0740918,291.6028524,29.45958355,39.91290937,0.076181865,2.274673675,0.074792298,0.046867922,321.4452965,31.93920045,30.70678065,4.436501082,59.85626878,2.553724887,4.266428461,1.882776195,-63.67225852,-83.67986671,-8.209422859,165.8837484,2,0,1,0,52742,RECT-1505-20210918-17_20_47,10288.4,812.936,2752.91,0,0,-1,MPF-1319-20200923-14_12_35,10244.3,2.240303846,1.7,-0.317825792,0.5,1681.199923,4.353764645,-267.1643485,0,0.00318449,1618.358824,-,0,0,0,0,0,0,0,1,1319,300,300,300,10244.3,1.51,-0.00683187,-0.09,2000,1681.199923,0.840599962,0.191199923,6,0.5,0: Broadleaf,2,1600885925,395.0740968,399.9969677,25.2778,23.87085484,403.4742581,25.83860645,600.1593871,100.9182903,0.108099903,30.02441613,30.70678065,999.9,0,0,10000.81387,0,367.1882903,2000,0.98000071,0.0199991,0,2.23516129,0,3803.575484,16306.06129,48.187,50,48.937,47.86483871,47.37093548,1960.00129,39.99741935,0,197.3999999,0,2.240303846,-0.569145298,-312.1104274,3802.310385,15,1600885903,11:31:43,1600885903,1600885903,20,0.085,-0.026,-8.438,-0.622,400,24,0.41,0.11,-4.923449268,0.310224669,0.059905464,1,2.222691176,0.241551722,0.20328532,1,1.346030244,1.07493554,0.11185376,0,2,3,3-Feb,100,100,-8.4,-0.5628,-5.238077297,-0.007814304,-3.18E-07,6.48E-10,-0.726142049,-0.027428369,0.001386821,-3.01E-06,5,2011,2,27,0.5,0.5,2,625.315,385.377,26.0007,32.1161,30.0001,31.9867,31.9837,21.7271,21.1766,47.4783,26,400,23.8349,100.421,101.812
44,1600885973,6325.5,20200923 11:32:53,11:32:53,g2.brodia.2,63.52263542,1600885967,0.001258964,4.142243216,395.2961953,281.6776745,28.45636655,39.93462901,0.065208932,2.275722479,0.064188403,0.040208112,321.4455359,32.13615946,30.894272,4.484253426,59.81077072,2.57199913,4.300227366,1.912254296,-55.52032768,-89.8552777,-8.825366614,167.2445639,1,0,1,0,52745,RECT-1505-20210918-17_20_47,10288.4,812.936,2752.91,0,0,-1,MPF-1320-20200923-14_13_16,10243.8,2.208132,1.7892,-0.234144869,0.5,1681.197636,4.142243216,-196.8219003,0,0.003058679,1537.626202,-,0,0,0,0,0,0,0,1,1320,300,300,300,10243.8,1.13,-0.00683149,-0.32,1999.9968,1681.197636,0.840600163,0.191200326,6,0.5,0: Broadleaf,2,1600885967,395.2962,399.93476,25.459144,24.232588,403.69816,26.013228,600.17424,100.9166,0.10797216,30.161888,30.894272,999.9,0,0,10007.798,0,367.6432,1999.9968,0.97999284,0.02000696,0,2.209308,0,3656.2728,16305.988,48.25,49.99244,48.96724,47.80704,47.375,1959.986,40.0108,0,39.5,0,2.208132,0.343307693,-117.2846156,3657.7156,15,1600885903,11:31:43,1600885903,1600885903,20,0.085,-0.026,-8.438,-0.622,400,24,0.41,0.11,-4.679534146,0.582183136,0.082652265,0,2.22915,-0.276157227,0.178005681,1,1.231919268,-0.081327387,0.015412766,1,2,3,3-Feb,100,100,-8.402,-0.5518,-5.238077297,-0.007814304,-3.18E-07,6.48E-10,-0.726142049,-0.027428369,0.001386821,-3.01E-06,5,2011,2,27,1.2,1.2,2,625.958,385.796,26.001,32.1533,30.0002,32.0296,32.0298,21.7462,19.0322,47.4783,26,400,24.2279,100.424,101.815
45,1600886013,6365,20200923 11:33:32,11:33:32,g2.brodia.2,63.79310139,1600886005,0.001243819,4.074956038,395.386447,281.2738372,28.41529522,39.9433617,0.063877691,2.274280652,0.062897457,0.039397728,321.443173,32.23246836,31.0168129,4.515704862,59.87561437,2.58816887,4.322575888,1.927535992,-54.85242113,-93.74126541,-9.222574653,163.6269118,1,0,1,0,52768,RECT-1505-20210918-17_20_47,10288.4,812.936,2752.91,0,0,-1,MPF-1321-20200923-14_13_55,10243.3,2.23194,1.77,-0.260983051,0.5,1681.185155,4.074956038,-219.3804154,0,0.003018678,1554.316384,-,0,0,0,0,0,0,0,1,1321,300,300,300,10243.3,1.17,-0.00683111,-0.49,1999.981935,1681.185155,0.84060017,0.19120034,6,0.5,0: Broadleaf,2,1600886005,395.3864516,399.952,25.61944839,24.4078129,403.7891935,26.16755484,600.1572903,100.9155806,0.108017935,30.25227097,31.0168129,999.9,0,0,9998.52871,0,368.0909677,1999.981935,0.979993452,0.020006348,0,2.242283871,0,3589.083226,16305.87419,48.312,50,49.004,47.798,47.45935484,1959.970968,40.01096774,0,38.5999999,0,2.23194,-0.211430774,-66.87846162,3588.2184,15,1600885903,11:31:43,1600885903,1600885903,20,0.085,-0.026,-8.438,-0.622,400,24,0.41,0.11,-4.575386098,0.081283066,0.031833018,1,2.250948571,0.073634442,0.185567094,1,1.220480244,-0.066306063,0.022460049,1,3,3,3-Mar,100,100,-8.404,-0.5463,-5.238077297,-0.007814304,-3.18E-07,6.48E-10,-0.726142049,-0.027428369,0.001386821,-3.01E-06,5,2011,2,27,1.8,1.8,2,626.616,385.653,26.0029,32.1899,30.0004,32.0738,32.076,21.7527,18.1456,47.1068,26,400,24.4392,100.424,101.815
46,1600886421,6773.5,20200923 11:40:21,11:40:21,b3.brodia.2,29.2794576,1600886413,0.000187276,0.283694576,399.6223663,341.2020694,34.47459718,40.37730523,0.009689202,2.275639925,0.009666341,0.006043513,321.4432291,30.31482906,29.66592,4.179375218,60.25133906,2.284467083,3.791562344,1.894908134,-8.258860328,-206.2004098,-19.91446098,87.06949802,1,0,1,0,53111,RECT-1505-20210918-17_20_47,10288.4,812.936,2752.91,0,0,-1,MPF-1322-20200923-14_20_44,10253.9,2.289176,1.9792,-0.156616815,0.5,1681.19102,0.283694576,-131.6513914,0,0.000763563,1389.920574,-,0,0,0,0,0,0,0,1,1322,300,300,300,10253.9,1.58,-0.00683839,-0.86,1999.989667,1681.19102,0.840599853,0.191199706,6,0.5,0: Broadleaf,2,1600886413,399.6223667,399.9808,22.60983333,22.42684333,408.0252,23.22305333,600.1687667,100.9326333,0.106018733,27.98518,29.66592,999.9,0,0,10005.67167,0,383.8823,1999.989667,0.980006,0.0199941,0,2.282526667,0,7911.794333,16306.00667,47.7332,49.2437,48.39153333,47.0851,46.75,1959.999667,39.99,0,407.3999999,0,2.289176,0.10874616,-359.3784625,7909.3668,15,1600886396,11:39:56,1600886387,1600886396,21,0.033,0.04,-8.406,-0.617,400,22,0.57,0.28,-0.371623024,0.212814376,0.055401611,1,2.254151429,0.213722114,0.212697074,1,0.172405732,0.152037031,0.021281914,0,2,3,3-Feb,100,100,-8.402,-0.614,-5.205435543,-0.007814304,-3.18E-07,6.48E-10,-0.686546726,-0.027428369,0.001386821,-3.01E-06,5,2011,2,27,0.6,0.4,2,626.559,387.967,23.0023,31.3045,29.9996,31.371,31.3833,21.7493,20.5721,44.4793,23,400,22.3497,100.595,101.973
47,1600886467,6819,20200923 11:41:06,11:41:06,b3.brodia.2,29.73156626,1600886464,0.000210539,0.320826365,399.5742724,340.3217368,34.38575958,40.37257506,0.010790766,2.278773692,0.010762458,0.006729074,321.4456037,30.32023429,29.67280909,4.181033384,59.74958857,2.267552508,3.795093091,1.913480876,-9.284748628,-205.3693061,-19.80916666,86.98238233,0,0,1,0,53233,RECT-1505-20210918-17_20_47,10288.4,812.936,2752.91,0,0,-1,MPF-1323-20200923-14_21_29,10253.4,2.253511538,2.4976,0.097729205,0.5,1681.203518,0.320826365,82.15134134,0,0.000785643,1101.222133,-,0,0,0,0,0,0,0,1,1323,300,300,300,10253.4,1.36,-0.00683807,-0.71,2000.004545,1681.203518,0.840599849,0.191199697,6,0.5,0: Broadleaf,2,1600886464,399.5742727,399.9790909,22.44235455,22.23660909,407.9768182,23.06076364,600.1985455,100.9328182,0.106157182,28.00114545,29.67280909,999.9,0,0,10026.03455,0,301.5993636,2000.004545,0.980006818,0.019993282,0,2.235354545,0,7696.515455,16306.13636,47.85209091,49.42572727,48.47136364,47.25,46.86354545,1960.014545,39.99,0,45,0,2.253511538,0.299244439,-114.7080343,7706.100385,15,1600886396,11:39:56,1600886387,1600886396,21,0.033,0.04,-8.406,-0.617,400,22,0.57,0.28,-0.391347,-0.154794188,0.041016306,1,2.226636364,0.281634159,0.189181361,1,0.188560976,0.02555007,0.013918362,1,3,3,3-Mar,100,100,-8.402,-0.619,-5.205435543,-0.007814304,-3.18E-07,6.48E-10,-0.686546726,-0.027428369,0.001386821,-3.01E-06,5,2011,2,27,1.3,1.2,2,627.362,387.76,22.9991,31.2443,29.9997,31.2972,31.3109,21.7509,20.5919,43.7335,23,400,22.3828,100.607,101.982
48,1600886505,6857.5,20200923 11:41:45,11:41:45,b3.brodia.2,49.75996782,1600886497,0.000136623,0.348140548,399.6096663,308.7943349,31.19965996,40.37537058,0.006996398,2.274805071,0.006984466,0.004366361,321.4511997,30.32486238,29.67904,4.182533624,59.87616658,2.269257158,3.789917236,1.913276466,-6.025058183,-208.6466346,-20.15868079,86.62082612,0,0,1,0,53085,RECT-1505-20210918-17_20_47,10288.4,812.936,2752.91,0,0,-1,MPF-1324-20200923-14_22_08,10252.9,2.253292308,2.1108,-0.067506305,0.5,1681.22899,0.348140548,-56.74677811,0,0.000801878,1303.202198,-,0,0,0,0,0,0,0,1,1324,300,300,300,10252.9,1.36,-0.0068376,-0.37,2000.034333,1681.22899,0.840600064,0.191200129,6,0.5,0: Broadleaf,2,1600886497,399.6096667,400.0123,22.45966,22.32614,408.0124,23.07752667,600.1534,100.9311,0.105921833,27.97773667,29.67904,999.9,0,0,10000.39833,0,211.99377,2000.034333,0.979998433,0.020001623,0,2.258833333,0,7636.19,16306.31667,47.9454,49.52686667,48.54753333,47.3603,46.9391,1960.03,40.005,0,37.79999995,0,2.253292308,-0.410912822,-179.0844443,7633.656923,15,1600886396,11:39:56,1600886387,1600886396,21,0.033,0.04,-8.406,-0.617,400,22,0.57,0.28,-0.399815293,0.306643003,0.068932212,1,2.249170588,-0.02208284,0.1737943,1,0.134814905,-0.167674361,0.029417424,0,2,3,3-Feb,100,100,-8.403,-0.6173,-5.205435543,-0.007814304,-3.18E-07,6.48E-10,-0.686546726,-0.027428369,0.001386821,-3.01E-06,5,2011,2,27,2,1.8,2,627.261,387.823,22.9985,31.2066,29.9998,31.2491,31.2641,21.7569,20.0205,43.3573,23,400,22.3888,100.613,101.988
49,1600886706,7058.5,20200923 11:45:06,11:45:06,b4.brodia.2,116.0487821,1600886698,0.000190274,1.178244041,398.7315148,203.6094067,20.57072169,40.28396897,0.010153007,2.274219601,0.010127892,0.006332184,321.4506065,30.43561527,29.36167742,4.106714982,59.41183248,2.268528738,3.818311342,1.838186243,-8.391097871,-153.9786939,-14.86664503,144.2141697,2,0,1,0,53103,RECT-1505-20210918-17_20_47,10288.4,812.936,2752.91,0,0,-1,MPF-1325-20200923-14_25_29,10283.3,2.292465385,2.99909,0.235613008,0.5,1681.227106,1.178244041,198.0594876,0,0.001295627,916.9151009,-,0,0,0,0,0,0,0,1,1325,300,300,300,10283.3,1.27,-0.0068577,-0.21,2000.032258,1681.227106,0.840599995,0.19119999,6,0.5,0: Broadleaf,2,1600886698,398.7315161,399.9844194,22.45394194,22.26811935,406.9742581,23.0634129,600.5790645,100.9227097,0.107601387,28.1058129,29.36167742,999.9,0,0,9997.425806,0,434.2593871,2000.032258,0.979998226,0.020001774,0,2.316358065,0,5553.133226,16306.30968,48.004,50.11687097,48.82419355,47.637,47.01,1960.031935,40.00032258,0,200,0,2.292465385,-0.013234192,-315.0625641,5551.361538,15,1600886690,11:44:49,1600886687,1600886690,22,0.152,0.009,-8.253,-0.617,400,22,0.58,0.43,-0.958947937,-5.991502457,0.672192471,0,2.263514286,0.099483627,0.184576097,1,0.138293644,0.862343911,0.102465441,0,1,3,3-Jan,100,100,-8.242,-0.6068,-5.053479998,-0.007814304,-3.18E-07,6.48E-10,-0.677389776,-0.027428369,0.001386821,-3.01E-06,5,2011,2,27,0.3,0.3,2,625.851,385.913,23.0033,31.1617,30.0009,31.1617,31.1794,21.7675,18.4954,41.4952,23,400,22.46,100.6,101.98
50,1600886753,7105,20200923 11:45:52,11:45:52,b4.brodia.2,115.3388194,1600886745,0.000132347,0.808771995,399.1267658,205.1762773,20.72641652,40.31883071,0.00701214,2.274968604,0.007000155,0.004376172,321.4400136,30.56153515,29.5512,4.151846867,59.93690938,2.303003442,3.842379372,1.848843425,-5.836481707,-164.038573,-15.85614357,135.7088154,0,0,1,0,53134,RECT-1505-20210918-17_20_47,10288.4,812.936,2752.91,0,0,-1,MPF-1326-20200923-14_26_15,10281.7,2.218232,2.0276,-0.094018544,0.5,1681.17144,0.808771995,-79.03064558,0,0.0010759,1356.718485,-,0,0,0,0,0,0,0,1,1326,300,300,300,10281.7,1.39,-0.00685671,-0.37,1999.966,1681.17144,0.84060001,0.19120002,6,0.5,0: Broadleaf,2,1600886745,399.1267667,399.9881,22.79804,22.66875,407.3725667,23.39650333,600.1823,100.9132333,0.104373533,28.21372667,29.5512,999.9,0,0,10003.23167,0,437.4986,1999.966,0.9800008,0.01999914,0,2.237656667,0,5401.878333,16305.77,48.18286667,50.37893333,48.9664,47.8498,47.17873333,1959.966,40,0,45.5999999,0,2.218232,-0.651392312,-96.96846169,5401.0716,15,1600886690,11:44:49,1600886687,1600886690,22,0.152,0.009,-8.253,-0.617,400,22,0.58,0.43,-0.898839488,0.776292042,0.08570668,0,2.284094286,-0.422482192,0.225324802,1,0.120612576,0.151877701,0.015270478,0,1,3,3-Jan,100,100,-8.247,-0.5977,-5.053479998,-0.007814304,-3.18E-07,6.48E-10,-0.677389776,-0.027428369,0.001386821,-3.01E-06,5,2011,2,27,1.1,1.1,2,627.166,386.141,23.004,31.2595,30.0012,31.2253,31.2439,21.7765,17.3591,41.4952,23,400,22.6614,100.574,101.959
51,1600886798,7150.5,20200923 11:46:38,11:46:38,b4.brodia.2,101.6251626,1600886790,0.000121173,0.650852375,399.2903864,226.9804093,22.92716741,40.33210426,0.006404441,2.275069944,0.006394442,0.003997423,321.4470101,30.66128133,29.62871935,4.170431127,59.98498404,2.317804007,3.863973699,1.85262712,-5.343728175,-161.739703,-15.6467414,138.7168376,1,0,1,0,53275,RECT-1505-20210918-17_20_47,10288.4,812.936,2752.91,0,0,-1,MPF-1327-20200923-14_27_01,10280.7,2.218952,1.6756,-0.324273096,0.5,1681.210577,0.650852375,-272.5856797,0,0.000981943,1641.939842,-,0,0,0,0,0,0,0,1,1327,300,300,300,10280.7,1.06,-0.0068559,-0.1,2000.012903,1681.210577,0.840599865,0.191199731,6,0.5,0: Broadleaf,2,1600886790,399.2903871,399.9894194,22.94640645,22.82804839,407.5374839,23.54016774,600.1745161,100.904871,0.104583903,28.31004839,29.62871935,999.9,0,0,10004.71935,0,439.6864839,2000.012903,0.980003258,0.019996642,0,2.214812903,0,5341.942903,16306.1871,48.33435484,50.655,49.131,48.08435484,47.33435484,1960.021613,39.99129032,0,44.5999999,0,2.218952,0.105553851,-59.62923084,5341.1676,15,1600886690,11:44:49,1600886687,1600886690,22,0.152,0.009,-8.253,-0.617,400,22,0.58,0.43,-0.701238146,0.11698915,0.071840391,1,2.238894118,-0.357498712,0.190200393,1,0.110064034,0.166254437,0.017003286,0,2,3,3-Feb,100,100,-8.247,-0.5931,-5.053479998,-0.007814304,-3.18E-07,6.48E-10,-0.677389776,-0.027428369,0.001386821,-3.01E-06,5,2011,2,27,1.9,1.8,2,626.866,385.537,23.0019,31.3842,30.0013,31.314,31.3302,21.7821,16.7801,41.1248,23,400,22.8573,100.552,101.936
52,1600887160,7512.4,20200923 11:52:40,11:52:40,g3.brodia.2,105.2806984,1600887152,0.000563659,3.270240749,396.5685447,218.0445141,22.02560152,40.0590713,0.031062111,2.272662602,0.030828169,0.019288477,321.441687,30.8177868,29.44200968,4.125792377,59.46046935,2.337951191,3.931942038,1.787841186,-24.85734214,-101.918052,-9.875556943,184.7907359,2,0,1,0,53110,RECT-1505-20210918-17_20_47,10288.4,812.936,2752.91,0,0,-1,MPF-1328-20200923-14_33_03,10247.9,2.21152,2.12,-0.043169811,0.5,1681.1829,3.270240749,-36.2881743,0,0.002540022,1297.542453,-,0,0,0,0,0,0,0,1,1328,300,300,300,10247.9,1.18,-0.0068337,-0.58,1999.98,1681.1829,0.840599856,0.191199712,6,0.5,0: Broadleaf,2,1600887152,396.5685484,400.0590645,23.14476774,22.59466774,404.9559032,23.74517097,600.5593226,100.9048065,0.109436452,28.6101871,29.44200968,999.9,0,0,9989.086129,0,363.5737419,1999.98,0.980002677,0.019997223,0,2.244432258,0,5303.976452,16305.90645,48.875,51.24593548,49.70732258,48.794,47.919,1959.989355,39.99,0,361.3,0,2.21152,0.209169231,-471.2253839,5295.5968,15,1600887144,11:52:23,1600887144,1600887140,23,-0.166,-0.013,-8.421,-0.624,400,22,0.73,0.08,-2.486043683,-18.42179929,2.003594927,0,2.1671,0.69212016,0.254087137,1,0.400264356,2.765053597,0.299630273,0,1,3,3-Jan,100,100,-8.387,-0.5945,-5.219122766,-0.007814304,-3.18E-07,6.48E-10,-0.690876293,-0.027428369,0.001386821,-3.01E-06,5,2011,2,27,0.3,0.3,2,625.725,380.969,23.005,31.9225,30.0011,31.8245,31.8312,21.7155,23.7161,38.5031,23,400,22.5244,100.443,101.844
53,1600887198,7550.4,20200923 11:53:18,11:53:18,g3.brodia.2,52.75172455,1600887190,0.001192722,3.428373768,396.1075768,300.2007405,30.32196685,40.00909789,0.064990743,2.281150312,0.063979346,0.04007665,321.4469224,30.77386109,29.70333548,4.188387822,59.59764917,2.366510581,3.97081196,1.821877241,-52.59902033,-113.5772675,-10.98783986,144.2827947,0,0,1,0,53934,RECT-1505-20210918-17_20_47,10288.4,812.936,2752.91,0,0,-1,MPF-1329-20200923-14_33_41,10247.1,2.219365385,3.0955,0.283034927,0.5,1681.210287,3.428373768,237.9206151,0,0.002634039,888.3264416,-,0,0,0,0,0,0,0,1,1329,300,300,300,10247.1,1.14,-0.0068334,-0.17,2000.012581,1681.210287,0.840599856,0.191199712,6,0.5,0: Broadleaf,2,1600887190,396.1075806,400.0073226,23.42949032,22.26503548,404.4967097,24.02066452,600.1658387,100.898129,0.107507387,28.77980323,29.70333548,999.9,0,0,10044.96129,0,359.6498387,2000.012581,0.980004516,0.019995384,0,2.214232258,0,5088.943871,16306.17419,49.062,51.32012903,49.81,48.935,48.07012903,1960.021935,39.99064516,0,37,0,2.219365385,-0.45389744,-217.9521369,5087.317692,15,1600887144,11:52:23,1600887144,1600887140,23,-0.166,-0.013,-8.421,-0.624,400,22,0.73,0.08,-3.937041951,0.552247944,0.071877386,0,2.224648571,0.009510763,0.190700824,1,1.18912,-0.575829199,0.063849475,0,1,3,3-Jan,100,100,-8.389,-0.5941,-5.219122766,-0.007814304,-3.18E-07,6.48E-10,-0.690876293,-0.027428369,0.001386821,-3.01E-06,5,2011,2,27,0.9,1,2,627.553,380.547,23.0068,32.0297,30.0014,31.9015,31.9096,21.7018,24.0551,37.748,23,400,22.5924,100.428,101.827
54,1600887234,7585.9,20200923 11:53:53,11:53:53,g3.brodia.2,100.1884595,1600887226,0.000633981,3.41487635,396.3190284,225.555677,22.78284258,40.03124264,0.034084528,2.274118,0.033803245,0.021152107,321.4429734,31.0621618,29.83226129,4.219573232,59.77084913,2.387126817,3.993797733,1.832446415,-27.95855484,-116.8197739,-11.34934377,165.3153009,0,0,1,0,52967,RECT-1505-20210918-17_20_47,10288.4,812.936,2752.91,0,0,-1,MPF-1330-20200923-14_34_16,10246.1,2.275016,1.69,-0.346163314,0.5,1681.189674,3.41487635,-290.9830942,0,0.002626043,1627.940828,-,0,0,0,0,0,0,0,1,1330,300,300,300,10246.1,1.41,-0.0068327,0.04,1999.988065,1681.189674,0.840599854,0.191199707,6,0.5,0: Broadleaf,2,1600887226,396.3190323,399.984129,23.63313548,23.0143129,404.7098065,24.21759355,600.1699677,100.8986129,0.109009161,28.87942581,29.83226129,999.9,0,0,9999.153226,0,360.3380323,1999.988065,0.980005871,0.019994,0,2.27546129,0,4981.206452,16305.99677,49.23374194,51.45122581,49.929,49.06409677,48.23780645,1959.998065,39.99,0,34.70000005,0,2.275016,0.576253839,-129.5599998,4979.0328,15,1600887144,11:52:23,1600887144,1600887140,23,-0.166,-0.013,-8.421,-0.624,400,22,0.73,0.08,-3.66515439,0.2179777,0.045518968,1,2.287385294,0.092031301,0.188873182,1,0.624815976,-0.010271749,0.023282361,1,3,3,3-Mar,100,100,-8.391,-0.5814,-5.219122766,-0.007814304,-3.18E-07,6.48E-10,-0.690876293,-0.027428369,0.001386821,-3.01E-06,5,2011,2,27,1.5,1.6,2,627.177,380.567,23.0023,32.1539,30.0016,32.0008,32.0086,21.7085,22.8061,36.9976,23,400,22.9671,100.401,101.801
55,1600887392,7743.9,20200923 11:56:31,11:56:31,g4.brodia.2,61.50358723,1600887384,0.002001187,7.663762864,391.5968247,281.7554856,28.46050457,39.55572753,0.124606762,2.274426289,0.120934662,0.075905074,321.443046,30.80524631,29.16065667,4.059312975,60.45909856,2.441597417,4.038428416,1.617715558,-88.25236234,-10.93964686,-1.060141999,221.1908948,0,0,1,0,52987,RECT-1505-20210918-17_20_47,10288.4,812.936,2752.91,0,0,-1,MPF-1331-20200923-14_36_54,10249.3,2.153776923,1.8744,-0.149048721,0.5,1681.1874,7.663762864,-125.2894161,0,0.005153359,1467.688647,-,0,0,0,0,0,0,0,1,1331,300,300,300,10249.3,1.58,-0.00683461,-0.27,1999.985,1681.1874,0.840600005,0.191200009,6,0.5,0: Broadleaf,2,1600887384,391.5968333,400.0419667,24.17151333,22.21922667,399.9079333,24.75751,600.1625667,100.8999667,0.111392567,29.07144,29.16065667,999.9,0,0,10001.02233,0,406.7285333,1999.985,0.9800007,0.019999243,0,2.159066667,0,7305.581,16305.92667,49.68286667,51.9979,50.4391,49.6808,48.7143,1959.985,40,0,157,0,2.153776923,-0.044574371,-838.4092313,7304.378077,15,1600887367,11:56:06,1600887367,1600887366,24,0.042,-0.021,-8.378,-0.657,400,22,0.4,0.04,-8.322947805,-1.908584948,0.395520778,0,2.195282857,-0.431365949,0.172388477,1,1.872427561,1.637852404,0.174680501,0,1,3,3-Jan,100,100,-8.311,-0.5872,-5.176731281,-0.007814304,-3.18E-07,6.48E-10,-0.711372232,-0.027428369,0.001386821,-3.01E-06,5,2011,2,27,0.4,0.4,2,627.958,374.753,23.0052,32.7188,30.0016,32.4708,32.4599,21.6538,27.8203,34.3694,23,400,21.9242,100.303,101.706
56,1600887427,7779.4,20200923 11:57:07,11:57:07,g4.brodia.2,61.71871654,1600887419,0.002028995,7.626354167,391.5886043,281.224556,28.40727476,39.5554543,0.123566312,2.273590715,0.119953037,0.075286485,321.4481468,30.86932015,29.24027097,4.078029182,59.78151647,2.424401263,4.055436205,1.653627919,-89.47866148,-11.78487995,-1.143335896,219.0412694,0,0,1,0,52934,RECT-1505-20210918-17_20_47,10288.4,812.936,2752.91,0,0,-1,MPF-1332-20200923-14_37_30,10250.1,2.184623077,2.4944,0.124188952,0.5,1681.213132,7.626354167,104.3940489,0,0.005131029,1102.636145,-,0,0,0,0,0,0,0,1,1332,300,300,300,10250.1,1.6,-0.00683492,-0.11,2000.015484,1681.213132,0.840600058,0.191200117,6,0.5,0: Broadleaf,2,1600887419,391.5886129,400.0071935,24.00093548,22.02118065,399.8995806,24.59280323,600.1642581,100.9016774,0.111104548,29.14412581,29.24027097,999.9,0,0,9995.423871,0,406.8754839,2000.015484,0.979997742,0.020002258,0,2.201190323,0,6967.00129,16306.17742,49.60254839,51.84448387,50.276,49.54403226,48.59248387,1960.01129,40.00419355,0,34.80000019,0,2.184623077,0.040041011,-355.3976068,6963.166923,15,1600887367,11:56:06,1600887367,1600887366,24,0.042,-0.021,-8.378,-0.657,400,22,0.4,0.04,-8.426816829,0.116133659,0.036390524,1,2.205947059,-0.360509721,0.160463245,1,2.012720976,-0.643125366,0.064048065,0,2,3,3-Feb,100,100,-8.31,-0.5916,-5.176731281,-0.007814304,-3.18E-07,6.48E-10,-0.711372232,-0.027428369,0.001386821,-3.01E-06,5,2011,2,27,1,1,2,628.86,374.3,23.0036,32.8431,30.0017,32.5754,32.5669,21.6471,26.9567,33.6027,23,400,22.2223,100.28,101.681
57,1600887464,7816.4,20200923 11:57:44,11:57:44,g4.brodia.2,63.26059846,1600887457,0.001979911,7.589580313,391.6552057,278.8296885,28.16527449,39.56205823,0.119973261,2.274315184,0.116564996,0.073151277,321.4512457,30.93867066,29.32128214,4.097150958,59.90308021,2.436898691,4.068069091,1.660252268,-87.31408587,-15.12298506,-1.467703946,217.5464708,0,0,1,0,52959,RECT-1505-20210918-17_20_47,10288.4,812.936,2752.91,0,0,-1,MPF-1333-20200923-14_38_07,10251,2.147834615,2.1556,0.003602424,0.5,1681.2279,7.589580313,3.02824765,0,0.005109111,1276.096864,-,0,0,0,0,0,0,0,1,1333,300,300,300,10251,1.28,-0.00683545,-0.73,2000.032857,1681.2279,0.84060014,0.19120028,6,0.5,0: Broadleaf,2,1600887457,391.6552143,400.0179643,24.12473214,22.19311071,399.9668214,24.71235,600.1630714,100.9013214,0.111144786,29.19794286,29.32128214,999.9,0,0,10000.16607,0,393.0809286,2000.032857,0.979996,0.020004,0,2.097046429,0,6796.621786,16306.31786,49.39707143,51.61142857,50.05764286,49.357,48.4595,1960.022857,40.01,0,36.0999999,0,2.147834615,-0.440495718,-187.0307694,6797.151923,15,1600887367,11:56:06,1600887367,1600887366,24,0.042,-0.021,-8.378,-0.657,400,22,0.4,0.04,-8.36820439,0.074430523,0.03700732,1,2.168375758,-0.689655041,0.195040757,1,1.936698293,-0.079017282,0.016172473,1,3,3,3-Mar,100,100,-8.312,-0.5879,-5.176731281,-0.007814304,-3.18E-07,6.48E-10,-0.711372232,-0.027428369,0.001386821,-3.01E-06,5,2011,2,27,1.6,1.6,2,628.205,373.866,23.0007,32.9815,30.0016,32.6989,32.6873,21.6441,26.9567,32.4651,23,400,22.1815,100.246,101.651
58,1600887718,8070.4,20200923 12:01:58,12:01:58,b5.brodia.2,105.818794,1600887710,0.000472293,2.840866569,396.9456968,217.9827751,22.01575548,40.09059613,0.026846522,2.275281221,0.026671776,0.016685466,321.4440297,30.52306374,29.20749333,4.070314528,60.6046354,2.33863336,3.858835788,1.731681167,-20.82810523,-112.8910171,-10.8959937,176.8289137,0,0,1,0,53242,RECT-1505-20210918-17_20_47,10288.4,812.936,2752.91,0,0,-1,MPF-1334-20200923-14_42_21,10253.3,2.228328,1.52791,-0.458415744,0.5,1681.19497,2.840866569,-385.3431218,0,0.002284605,1800.748794,-,0,0,0,0,0,0,0,1,1334,300,300,300,10253.3,1.12,-0.00683774,-0.21,1999.994333,1681.19497,0.840599867,0.191199733,6,0.5,0: Broadleaf,2,1600887710,396.9457,399.9731667,23.15531667,22.69409333,405.3443667,23.78160333,600.1733,100.8889,0.1087842,28.28717333,29.20749333,999.9,0,0,10007.67667,0,315.8909333,1999.994333,0.9800049,0.019995237,0,2.214976667,0,4498.407,16306.04,47.3624,49.42886667,48.20386667,47.15806667,46.50406667,1960.003667,39.991,0,253.3999999,0,2.228328,-0.247599986,-260.1215389,4494.9196,15,1600887692,12:01:32,1600887692,1600887688,25,-0.045,-0.007,-8.423,-0.649,400,22,0.77,0.2,-2.982266098,-0.671278955,0.100157448,0,2.239245455,-0.066460914,0.189235193,1,0.435173756,0.572250794,0.076771907,0,1,3,3-Jan,100,100,-8.399,-0.6258,-5.222136113,-0.007814304,-3.18E-07,6.48E-10,-0.717923614,-0.027428369,0.001386821,-3.01E-06,5,2011,2,27,0.4,0.5,2,629.388,372.332,22.9972,32.8763,29.9997,32.7961,32.7884,21.6561,20.5835,28.7044,23,400,22.4741,100.272,101.676
59,1600887756,8107.9,20200923 12:02:35,12:02:35,b5.brodia.2,78.24515736,1600887748,0.000618566,2.747431486,396.9889636,261.5283425,26.4143151,40.09581324,0.035113119,2.272484549,0.034814471,0.021785665,321.4491218,30.40839927,29.14526333,4.055702871,60.30774321,2.31780982,3.843303856,1.737893051,-27.27875702,-113.6200654,-10.97267794,169.5776215,0,0,1,0,53147,RECT-1505-20210918-17_20_47,10288.4,812.936,2752.91,0,0,-1,MPF-1335-20200923-14_42_58,10254.2,2.289023077,2.13556,-0.071860813,0.5,1681.221339,2.747431486,-60.40696576,0,0.002228994,1288.081084,-,0,0,0,0,0,0,0,1,1335,300,300,300,10254.2,1.6,-0.00683849,-0.42,2000.025667,1681.221339,0.840599882,0.191199763,6,0.5,0: Broadleaf,2,1600887748,396.9889667,399.9811333,22.94865333,22.34445,405.3882,23.58158667,600.1661667,100.8908667,0.108951767,28.21786,29.14526333,999.9,0,0,9989.31,0,250.6572667,2000.025667,0.9800035,0.019996683,0,2.28367,0,4379.130667,16306.28333,47.22053333,49.2164,48.0124,46.9414,46.32466667,1960.035333,39.99266667,0,36.60000014,0,2.289023077,0.11912478,-95.70290599,4379.045769,15,1600887692,12:01:32,1600887692,1600887688,25,-0.045,-0.007,-8.423,-0.649,400,22,0.77,0.2,-2.990732927,0.089322857,0.037395045,1,2.270705714,0.030518982,0.166609432,1,0.599323634,-0.006514578,0.016745689,1,3,3,3-Mar,100,100,-8.399,-0.6348,-5.222136113,-0.007814304,-3.18E-07,6.48E-10,-0.717923614,-0.027428369,0.001386821,-3.01E-06,5,2011,2,27,1.1,1.1,2,630.199,372.132,22.9956,32.8408,29.9999,32.7828,32.7798,21.6603,20.2992,28.3229,23,400,22.4337,100.275,101.679
60,1600887792,8144.4,20200923 12:03:12,12:03:12,b5.brodia.2,89.48230233,1600887784,0.000551152,2.793699517,396.9503969,243.7369255,24.61690842,40.09114148,0.031220693,2.274238687,0.030984528,0.0193864,321.447828,30.38730119,29.12265,4.050404582,60.26200704,2.310430126,3.833974736,1.739974457,-24.30580659,-116.054092,-11.19551311,169.8924163,0,0,1,0,53249,RECT-1505-20210918-17_20_47,10288.4,812.936,2752.91,0,0,-1,MPF-1336-20200923-14_43_35,10254.9,2.2108,1.8072,-0.223328907,0.5,1681.212848,2.793699517,-187.7317136,0,0.002256525,1522.301239,-,0,0,0,0,0,0,0,1,1336,300,300,300,10254.9,1.44,-0.00683909,0.06,2000.015333,1681.212848,0.84059998,0.191199959,6,0.5,0: Broadleaf,2,1600887784,396.9504,399.962,22.87603,22.33764333,405.3491333,23.51128333,600.1752333,100.8891,0.1087622,28.17611,29.12265,999.9,0,0,10000.88033,0,301.8716,2000.015333,0.9800023,0.0199979,0,2.204083333,0,4320.215667,16306.19667,47.05383333,49.02273333,47.81843333,46.76033333,46.1684,1960.019,39.999,0,35.29999995,0,2.2108,0.071069231,-69.76692294,4319.8512,15,1600887692,12:01:32,1600887692,1600887688,25,-0.045,-0.007,-8.423,-0.649,400,22,0.77,0.2,-3.007280976,0.199924808,0.080816487,1,2.207902941,0.213124928,0.180825308,1,0.538739073,-0.003514704,0.008460611,1,3,3,3-Mar,100,100,-8.398,-0.6352,-5.222136113,-0.007814304,-3.18E-07,6.48E-10,-0.717923614,-0.027428369,0.001386821,-3.01E-06,5,2011,2,27,1.7,1.7,2,630.541,371.888,22.9998,32.822,30.0002,32.7799,32.7827,21.6717,19.4074,27.5742,23,400,22.4128,100.272,101.675
61,1600887817,8169.4,20200923 12:03:37,12:03:37,b5.brodia.2,88.89747183,1600887814,0.000550224,2.790714216,396.9748969,244.7477132,24.71863408,40.0930292,0.031392504,2.272853499,0.031153599,0.019492312,321.4531008,30.35758525,29.07547,4.039369767,60.40508658,2.311692098,3.82698251,1.727677668,-24.26487646,-114.0436916,-11.00397948,172.1405532,0,0,1,0,53247,RECT-1505-20210918-17_20_47,10288.4,812.936,2752.91,0,0,-1,MPF-1337-20200923-14_44_00,10255.1,2.158848,1.744,-0.23787156,0.5,1681.24032,2.790714216,-199.9596285,0,0.002254713,1577.50344,-,0,0,0,0,0,0,0,1,1337,300,300,300,10255.1,1.1,-0.00683919,-0.59,2000.048,1681.24032,0.840599986,0.191199971,6,0.5,0: Broadleaf,2,1600887814,396.9749,399.9832,22.88886,22.35138,405.3738,23.52373,600.1674,100.888,0.1083842,28.14476,29.07547,999.9,0,0,9991.99,0,305.2129,2000.048,0.9800015,0.0199987,0,2.13,0,4283.663,16306.45,46.9685,48.875,47.687,46.687,46.062,1960.048,40,0,24,0,2.158848,-0.537653832,-34.89923076,4286.408,15,1600887692,12:01:32,1600887692,1600887688,25,-0.045,-0.007,-8.423,-0.649,400,22,0.77,0.2,-3.010577317,0.137268293,0.031573364,1,2.184802857,-0.28212681,0.200398065,1,0.542712098,-0.116934857,0.016709472,0,2,3,3-Feb,100,100,-8.399,-0.6348,-5.222136113,-0.007814304,-3.18E-07,6.48E-10,-0.717923614,-0.027428369,0.001386821,-3.01E-06,5,2011,2,27,2.1,2.2,2,630.874,371.902,22.9982,32.8156,30.0001,32.7799,32.7827,21.6776,19.1345,27.2027,23,400,22.2631,100.268,101.677
62,1600888060,8412.4,20200923 12:07:40,12:07:40,b6.brodia.2,108.5649978,1600888052,0.000807771,5.10802062,394.4938276,210.6861533,21.27594989,39.83760096,0.047050345,2.271822333,0.046515635,0.029119807,321.4405691,30.16600846,28.82748667,3.981799455,60.01988605,2.282544441,3.802980297,1.699255015,-35.62269316,-96.84659639,-9.33234012,179.6389394,0,0,1,0,53118,RECT-1505-20210918-17_20_47,10288.4,812.936,2752.91,0,0,-1,MPF-1338-20200923-14_48_03,10270.1,2.219407692,2.18,-0.018076923,0.5,1681.17702,5.10802062,-15.19525383,0,0.003633181,1261.802752,-,0,0,0,0,0,0,0,1,1338,300,300,300,10270.1,0.76,-0.00685001,0.22,1999.973,1681.17702,0.840599858,0.191199716,6,0.5,0: Broadleaf,2,1600888052,394.4938333,399.9191667,22.60301,21.81369333,402.7759,23.22292333,600.1490667,100.8775333,0.106558633,28.03676333,28.82748667,999.9,0,0,9986.33,0,358.1320667,1999.973,0.9800046,0.019995,0,2.223003333,0,6900.621,16305.87333,45.99146667,48.07053333,46.7748,46.01233333,45.29133333,1959.983,39.99,0,241.8,0,2.219407692,-0.438728212,-337.4591448,6900.716923,15,1600888037,12:07:17,1600888037,1600888026,26,0.097,0.025,-8.325,-0.653,400,21,0.39,0.13,-4.942395049,-7.452075261,1.153636476,0,2.220073529,-0.375172255,0.219004422,1,0.736437415,1.107225408,0.159219822,0,1,3,3-Jan,100,100,-8.283,-0.6174,-5.1253536,-0.007814304,-3.18E-07,6.48E-10,-0.693224994,-0.027428369,0.001386821,-3.01E-06,5,2011,2,27,0.4,0.6,2,628.023,372.616,23.0025,32.6475,29.9998,32.6725,32.6847,21.6977,18.707,24.587,23,400,21.7306,100.305,101.712
63,1600888099,8450.9,20200923 12:08:18,12:08:18,b6.brodia.2,95.87679609,1600888091,0.000872171,4.844140813,394.7325945,230.9783055,23.32514234,39.86172612,0.050524642,2.275030868,0.049909463,0.031248062,321.4434605,30.17805703,28.87467667,3.992699342,59.90170124,2.282828978,3.810958505,1.709870364,-38.46271955,-98.36034168,-9.468757881,175.1516414,0,0,1,0,53227,RECT-1505-20210918-17_20_47,10288.4,812.936,2752.91,0,0,-1,MPF-1339-20200923-14_48_41,10269.2,2.193928,2.388,0.081269682,0.5,1681.18737,4.844140813,68.31478125,0,0.003476198,1151.809883,-,0,0,0,0,0,0,0,1,1339,300,300,300,10269.2,0.89,-0.00684931,-0.59,1999.984667,1681.18737,0.84060013,0.191200259,6,0.5,0: Broadleaf,2,1600888091,394.7326,399.9194667,22.60582,21.75362,403.0164667,23.22565,600.1791,100.8776667,0.106459467,28.07272667,28.87467667,999.9,0,0,10007.16333,0,320.5127667,1999.984667,0.979996,0.020003677,0,2.175086667,0,6747.645667,16305.90333,46.27686667,48.3623,47.00403333,46.27686667,45.51446667,1959.976667,40.00833333,0,37.5999999,0,2.193928,-0.849730768,-134.0938464,6745.962,15,1600888037,12:07:17,1600888037,1600888026,26,0.097,0.025,-8.325,-0.653,400,21,0.39,0.13,-5.220844146,0.640177003,0.081213358,0,2.222088235,-0.812967033,0.188734653,1,0.882199122,-0.589786787,0.059708437,0,1,3,3-Jan,100,100,-8.284,-0.6188,-5.1253536,-0.007814304,-3.18E-07,6.48E-10,-0.693224994,-0.027428369,0.001386821,-3.01E-06,5,2011,2,27,1,1.2,2,629.113,373.243,22.9997,32.6301,29.9996,32.6556,32.6719,21.7082,17.5322,24.2155,23,400,21.9195,100.314,101.716
64,1600888135,8486.9,20200923 12:08:54,12:08:54,b6.brodia.2,93.81624968,1600888127,0.000892288,4.852779792,394.7610612,234.258237,23.65603821,39.86405287,0.051726431,2.274523413,0.051081698,0.031983318,321.4485553,30.21131287,28.90608,3.999967256,59.97700681,2.290959699,3.819729962,1.709007556,-39.34989252,-97.35005172,-9.376897305,175.3717138,0,0,1,0,53334,RECT-1505-20210918-17_20_47,10288.4,812.936,2752.91,0,0,-1,MPF-1340-20200923-14_49_17,10268.1,2.156484,1.4888,-0.448471252,0.5,1681.21374,4.852779792,-376.9880154,0,0.003481282,1848.079796,-,0,0,0,0,0,0,0,1,1340,300,300,300,10268.1,1.32,-0.00684851,-0.85,2000.016,1681.21374,0.840600145,0.19120029,6,0.5,0: Broadleaf,2,1600888127,394.7610667,399.9644667,22.68664667,21.81487333,403.0453,23.30394667,600.1868333,100.8763,0.106438133,28.11219,28.90608,999.9,0,0,10004,0,296.4452333,2000.016,0.979994,0.0200055,0,2.167766667,0,6665.352,16306.16,46.4958,48.5809,47.17463333,46.4685,45.6954,1960.006,40.01,0,35,0,2.156484,0.165730773,-87.38538468,6664.7396,15,1600888037,12:07:17,1600888037,1600888026,26,0.097,0.025,-8.325,-0.653,400,21,0.39,0.13,-5.209677805,-0.003414564,0.042118263,1,2.178022857,-0.207127984,0.179523786,1,0.86640639,0.050651582,0.011282247,1,3,3,3-Mar,100,100,-8.285,-0.6177,-5.1253536,-0.007814304,-3.18E-07,6.48E-10,-0.693224994,-0.027428369,0.001386821,-3.01E-06,5,2011,2,27,1.6,1.8,2,629.185,373.16,23.0025,32.6148,29.9999,32.6441,32.6646,21.7182,16.419,24.2155,23,400,21.9295,100.32,101.723
65,1600888403,8755.4,20200923 12:13:23,12:13:23,g5.brodia.2,48.98290451,1600888395,0.00275513,8.79974058,390.1268933,300.0326782,30.29890014,39.39709452,0.17964922,2.273948562,0.172120368,0.108225374,321.4414653,29.76098917,28.39633548,3.883408186,60.08179871,2.31655795,3.855673431,1.566850236,-121.5012207,-15.1101946,-1.453276056,183.376774,0,0,1,0,53129,RECT-1505-20210918-17_20_47,10288.4,812.936,2752.91,0,0,-1,MPF-1341-20200923-14_53_46,10256.5,2.153832,1.7976,-0.198170895,0.5,1681.17986,8.79974058,-166.5804584,0,0.005829085,1530.43636,-,0,0,0,0,0,0,0,1,1341,300,300,300,10256.5,1.03,-0.00684062,-0.62,1999.976129,1681.17986,0.840599963,0.191199926,6,0.5,0: Broadleaf,2,1600888395,390.1269032,399.999,22.93954839,20.2483,398.2658387,23.50632258,600.1515806,100.8760323,0.109301484,28.27308065,28.39633548,999.9,0,0,10000.29032,0,386.5937097,1999.976129,0.980001935,0.019998265,0,2.167590323,0,8421.25,16305.87419,47.46951613,49.50190323,48.157,47.49770968,46.544,1959.980645,39.99709677,0,267.6000001,0,2.153832,-0.447138459,-1097.477692,8406.9768,15,1600888376,12:12:55,1600888370,1600888376,27,0.108,0.044,-8.216,-0.655,400,20,0.29,0.05,-9.848786585,-0.35547784,0.082093055,1,2.197331429,-0.788078278,0.210255209,1,2.603896585,1.629307735,0.165842236,0,2,3,3-Feb,100,100,-8.139,-0.5675,-5.017335893,-0.007814304,-3.18E-07,6.48E-10,-0.649287481,-0.027428369,0.001386821,-3.01E-06,5,2011,2,27,0.6,0.5,2,636.012,365.698,23.0081,32.5906,30.0019,32.6423,32.6595,21.7236,19.8007,23.4993,23,400,20.1579,100.308,101.724
66,1600888443,8794.9,20200923 12:14:02,12:14:02,g5.brodia.2,51.15462841,1600888435,0.0027232,8.830773932,390.0330566,296.2614222,29.91812154,39.38770126,0.172629031,2.271200283,0.165656771,0.104138447,321.4415267,29.94930706,28.58922333,3.927161017,59.51634503,2.318414051,3.895424106,1.608746966,-120.0931031,-17.10882466,-1.650523001,182.5890759,0,0,1,0,52957,RECT-1505-20210918-17_20_47,10288.4,812.936,2752.91,0,0,-1,MPF-1342-20200923-14_54_25,10255.1,2.253464,1.8064,-0.247488928,0.5,1681.18206,8.830773932,-208.0369731,0,0.005847537,1522.975864,-,0,0,0,0,0,0,0,1,1342,300,300,300,10255.1,1.02,-0.00683941,-0.42,1999.979,1681.18206,0.840599856,0.191199713,6,0.5,0: Broadleaf,2,1600888435,390.0330667,399.9236333,22.95788,20.29783,398.1711667,23.52407667,600.1422667,100.8750667,0.110479533,28.44949667,28.58922333,999.9,0,0,9982.535667,0,387.4237,1999.979,0.9800058,0.019994307,0,2.26572,0,7909.278667,16305.90667,47.7872,49.7456,48.40806667,47.82473333,46.84146667,1959.989,39.99,0,38.39999986,0,2.253464,0.564853859,-488.9046162,7906.0492,15,1600888376,12:12:55,1600888370,1600888376,27,0.108,0.044,-8.216,-0.655,400,20,0.29,0.05,-9.905473171,-0.046885087,0.059714752,1,2.283397143,-0.212688845,0.178929824,1,2.699047561,-0.709100697,0.073952634,0,2,3,3-Feb,100,100,-8.138,-0.5643,-5.017335893,-0.007814304,-3.18E-07,6.48E-10,-0.649287481,-0.027428369,0.001386821,-3.01E-06,5,2011,2,27,1.2,1.1,2,637.536,364.184,23.0094,32.768,30.0023,32.7618,32.7776,21.7341,18.9166,23.1234,23,400,20.4208,100.272,101.691
67,1600888482,8834.4,20200923 12:14:42,12:14:42,g5.brodia.2,53.85467888,1600888474,0.002664504,8.96006659,389.9533565,291.757567,29.46367113,39.3801524,0.166374896,2.273855249,0.159895726,0.100495933,321.4455775,30.10671132,28.76453667,3.967299743,59.50757344,2.336981286,3.927199767,1.630318457,-117.5046437,-21.47048569,-2.072128812,180.3983193,0,0,1,0,53086,RECT-1505-20210918-17_20_47,10288.4,812.936,2752.91,0,0,-1,MPF-1343-20200923-14_55_05,10253.5,2.226024,2.3852,0.066734865,0.5,1681.20108,8.96006659,56.09736355,0,0.005924376,1153.163173,-,0,0,0,0,0,0,0,1,1343,300,300,300,10253.5,1.62,-0.00683824,-1.15,2000.001333,1681.20108,0.84059998,0.191199959,6,0.5,0: Broadleaf,2,1600888474,389.9533667,399.9498,23.14144667,20.53929667,398.091,23.70177,600.16,100.8751,0.111727633,28.58939333,28.76453667,999.9,0,0,9999.776333,0,387.6526333,2000.001333,0.9799997,0.02000036,0,2.239343333,0,7651.731333,16306.06333,48.0893,50.0497,48.67483333,48.1831,47.156,1960.003,39.99866667,0,38.4000001,0,2.226024,-0.835415376,-285.7492303,7650.2592,15,1600888376,12:12:55,1600888370,1600888376,27,0.108,0.044,-8.216,-0.655,400,20,0.29,0.05,-10.00452488,0.116763136,0.038101818,1,2.209502941,0.201718092,0.192380046,1,2.625477805,-0.406747526,0.044014512,0,2,3,3-Feb,100,100,-8.138,-0.5591,-5.017335893,-0.007814304,-3.18E-07,6.48E-10,-0.649287481,-0.027428369,0.001386821,-3.01E-06,5,2011,2,27,1.9,1.8,2,638.318,362.423,23.0076,32.9801,30.0024,32.9099,32.9191,21.7422,17.7826,22.3745,23,400,20.6929,100.232,101.654
68,1600888681,9032.9,20200923 12:18:00,12:18:00,g6.brodia.2,39.98371388,1600888673,0.004420081,12.63200144,385.726619,309.2548339,31.23107233,38.95381613,0.315928667,2.273529095,0.293409293,0.185270144,321.4440568,29.81953752,28.38191,3.880153204,60.2511921,2.406161745,3.993550437,1.473991458,-194.9255795,60.84971644,5.870751835,193.2389455,0,0,1,0,53051,RECT-1505-20210918-17_20_47,10288.4,812.936,2752.91,0,0,-1,MPF-1344-20200923-14_58_23,10257.3,2.241153846,2.708,0.172395182,0.5,1681.19272,12.63200144,144.9147628,0,0.00810853,1015.584195,-,0,0,0,0,0,0,0,1,1344,300,300,300,10257.3,1.77,-0.00684041,-0.38,1999.991333,1681.19272,0.840600003,0.191200005,6,0.5,0: Broadleaf,2,1600888673,385.7266333,400.0592,23.82618,19.51273,394.1079,24.36546,600.1832667,100.8762667,0.111879367,28.87835667,28.38191,999.9,0,0,9997.541333,0,452.7276,1999.991333,0.9800012,0.019999,0,2.231343333,0,9350.032333,16305.98333,48.9246,51.1996,49.6746,49.104,48.04133333,1959.991333,40,0,197.4000001,0,2.241153846,-0.031958982,-692.9490589,9350.194615,15,1600888656,12:17:35,1600888647,1600888656,28,-0.275,-0.002,-8.492,-0.672,400,19,0.14,0.05,-14.13178293,-2.678703136,0.677430735,0,2.228357143,0.114934638,0.176123507,1,4.170762927,2.434027317,0.277568119,0,1,3,3-Jan,100,100,-8.381,-0.5415,-5.291774681,-0.007814304,-3.18E-07,6.48E-10,-0.650837679,-0.027428369,0.001386821,-3.01E-06,5,2011,2,27,0.6,0.4,2,633.708,362.675,23.0008,33.6853,30.0005,33.4571,33.4409,21.7203,23.5807,22.0358,23,400,19.3825,100.107,101.544
69,1600888720,9072,20200923 12:18:39,12:18:39,g6.brodia.2,42.43867781,1600888712,0.004324163,12.71517156,385.5832189,304.9759046,30.79859508,38.93888419,0.299612811,2.274276167,0.279285314,0.176264607,321.4478792,29.93284862,28.48645667,3.903797202,59.53588352,2.388935169,4.012597155,1.514862034,-190.6955717,58.12690831,5.611421462,194.4906372,0,0,1,0,53018,RECT-1505-20210918-17_20_47,10288.4,812.936,2752.91,0,0,-1,MPF-1345-20200923-14_59_02,10256,2.242476,2.7196,0.175439035,0.5,1681.21514,12.71517156,147.475381,0,0.008157892,1011.248125,-,0,0,0,0,0,0,0,1,1345,300,300,300,10256,1.3,-0.00683955,-0.76,2000.018333,1681.21514,0.840599865,0.191199729,6,0.5,0: Broadleaf,2,1600888712,385.5832333,399.9608667,23.65587333,19.43543,393.9633667,24.20086333,600.2029333,100.8756,0.111378367,28.96053333,28.48645667,999.9,0,0,10002.46233,0,453.0698,2000.018333,0.9800043,0.019995857,0,2.220753333,0,8969.889,16306.22,49.1124,51.3582,49.8288,49.2122,48.18286667,1960.027,39.99133333,0,38.4000001,0,2.242476,0.089661537,-422.8961532,8964.9624,15,1600888656,12:17:35,1600888647,1600888656,28,-0.275,-0.002,-8.492,-0.672,400,19,0.14,0.05,-14.39897,0.334716698,0.066727503,1,2.223748485,0.14090442,0.167992031,1,4.2544855,-0.902819662,0.090330783,0,2,3,3-Feb,100,100,-8.38,-0.5448,-5.291774681,-0.007814304,-3.18E-07,6.48E-10,-0.650837679,-0.027428369,0.001386821,-3.01E-06,5,2011,2,27,1.2,1.1,2,634.056,363.516,23.0032,33.7507,30.0008,33.5252,33.5153,21.7272,22.1374,20.9102,23,400,19.6721,100.105,101.535
70,1600888766,9118,20200923 12:19:25,12:19:25,g6.brodia.2,46.56880594,1600888758,0.004017347,12.7864463,385.6398522,298.4049011,30.13458637,38.94405686,0.274571058,2.274313897,0.257395326,0.162325635,321.4438675,30.09577479,28.61722333,3.933547869,59.76674199,2.406876062,4.027116055,1.526671807,-177.1649972,49.7468783,4.806968138,198.8327168,0,0,1,0,52953,RECT-1505-20210918-17_20_47,10288.4,812.936,2752.91,0,0,-1,MPF-1346-20200923-14_59_48,10254.9,2.231042308,1.85,-0.205968815,0.5,1681.19438,12.7864463,-173.1368071,0,0.008200388,1487.059459,-,0,0,0,0,0,0,0,1,1346,300,300,300,10254.9,1.65,-0.00683867,-0.62,1999.993667,1681.19438,0.840599852,0.191199704,6,0.5,0: Broadleaf,2,1600888758,385.6398667,399.971,23.83386333,19.91351333,394.0203333,24.37288667,600.191,100.8741333,0.111427767,29.02294667,28.61722333,999.9,0,0,10002.853,0,452.6449333,1999.993667,0.9800065,0.0199936,0,2.253796667,0,8702.272333,16306.03667,49.312,51.5788,50.01653333,49.3498,48.3456,1960.003667,39.99,0,45.39999986,0,2.231042308,-0.3564889,-237.6109402,8700.321538,15,1600888656,12:17:35,1600888647,1600888656,28,-0.275,-0.002,-8.492,-0.672,400,19,0.14,0.05,-14.352985,0.308388743,0.05634699,1,2.249917647,-0.324385977,0.189771985,1,3.9367175,-0.191518649,0.040376644,0,2,3,3-Feb,100,100,-8.38,-0.5381,-5.291774681,-0.007814304,-3.18E-07,6.48E-10,-0.650837679,-0.027428369,0.001386821,-3.01E-06,5,2011,2,27,2,1.8,2,633.203,363.985,23.0022,33.8342,30.001,33.6121,33.6055,21.7433,20.3882,20.1584,23,400,20.0277,100.092,101.526
71,1600889079,9431,20200923 12:24:38,12:24:38,b7.brodia.2,72.02905428,1600889071,0.001240693,5.495900661,394.0024776,268.1676357,27.07941671,39.78614813,0.076301164,2.273870949,0.074906802,0.046939907,321.4444618,30.83403394,28.94729032,4.009522377,59.9443032,2.389981626,3.987003766,1.619540751,-54.71458309,-11.92276212,-1.153203221,253.6539134,0,0,1,0,52992,RECT-1505-20210918-17_20_47,10288.4,812.936,2752.91,0,0,-1,MPF-1347-20200923-15_05_01,10266,2.172276,1.5596,-0.392841754,0.5,1681.194852,5.495900661,-330.2217674,0,0.003863859,1764.138497,-,0,0,0,0,0,0,0,1,1347,300,300,300,10266,0.98,-0.00684515,-0.31,1999.993871,1681.194852,0.840600002,0.191200004,6,0.5,0: Broadleaf,2,1600889071,394.0024839,399.9855806,23.66800323,22.45700645,402.1966774,24.2882,600.1644839,100.8657419,0.113694452,28.85003226,28.94729032,999.9,0,0,10000.80613,0,466.2541935,1999.993871,0.980001774,0.019998626,0,2.209209677,0,6348.086452,16306.03226,49.71748387,52.008,50.516,49.61280645,48.71551613,1959.993871,40,0,312,0,2.172276,-0.305638471,-325.8153846,6344.2436,15,1600889055,12:24:15,1600889055,1600889055,29,0.25,-0.078,-8.242,-0.666,400,22,0.79,0.11,-5.77001825,-3.497997861,0.633853304,0,2.220765714,-0.416059294,0.181412606,1,1.17302905,0.864774777,0.122731482,0,1,3,3-Jan,100,100,-8.194,-0.6188,-5.041931889,-0.007814304,-3.18E-07,6.48E-10,-0.729063878,-0.027428369,0.001386821,-3.01E-06,5,2011,2,27,0.4,0.4,2,634.038,362.663,23.0044,33.8039,30.0018,33.7686,33.7771,21.7555,15.0697,23.3676,23,400,22.5306,100.091,101.511
72,1600889117,9469.5,20200923 12:25:17,12:25:17,b7.brodia.2,68.83648957,1600889109,0.001303705,5.523355503,393.9552196,273.1533428,27.5791481,39.77600726,0.080238774,2.273236051,0.078697928,0.049322179,321.4454173,30.85415062,29.00362258,4.022615902,60.13634167,2.403248102,3.996332393,1.6193678,-57.49337967,-13.87833166,-1.343371449,248.7303345,0,0,1,0,52980,RECT-1505-20210918-17_20_47,10288.4,812.936,2752.91,0,0,-1,MPF-1348-20200923-15_05_40,10267.1,2.189465385,2.7698,0.209522209,0.5,1681.19731,5.523355503,176.1240873,0,0.003880184,992.9020868,-,0,0,0,0,0,0,0,1,1348,300,300,300,10267.1,1.29,-0.00684598,0.16,1999.996452,1681.19731,0.840600146,0.191200292,6,0.5,0: Broadleaf,2,1600889109,393.9552258,399.9905806,23.80259355,22.53025806,402.1489677,24.41825484,600.1592581,100.8513548,0.114453677,28.89038065,29.00362258,999.9,0,0,9998.106452,0,466.1324839,1999.996452,0.979996065,0.020003465,0,2.1545,0,6154.962258,16306.00645,49.50177419,51.79006452,50.23158065,49.38096774,48.47764516,1959.986774,40.00967742,0,37.79999995,0,2.189465385,1.139497435,-221.5586322,6152.580385,15,1600889055,12:24:15,1600889055,1600889055,29,0.25,-0.078,-8.242,-0.666,400,22,0.79,0.11,-6.03588725,-0.118037786,0.044600306,1,2.168682353,0.077102282,0.218785372,1,1.269938,0.056451107,0.006939821,1,3,3,3-Mar,100,100,-8.194,-0.6154,-5.041931889,-0.007814304,-3.18E-07,6.48E-10,-0.729063878,-0.027428369,0.001386821,-3.01E-06,5,2011,2,27,1,1,2,634.903,361.583,23.003,33.9429,30.002,33.8769,33.8842,21.7536,14.7967,23.3676,23,400,22.5302,100.053,101.481
73,1600889154,9506.5,20200923 12:25:54,12:25:54,b7.brodia.2,69.12590301,1600889146,0.00131479,5.536821394,393.9339937,272.5824325,27.52160248,39.77400406,0.080097636,2.273638613,0.078562416,0.049236992,321.4469256,30.86861608,29.05956333,4.035655308,59.98536197,2.399775556,4.000601942,1.635879753,-57.98223144,-18.47757586,-1.788905584,243.1982127,0,0,1,0,52978,RECT-1505-20210918-17_20_47,10288.4,812.936,2752.91,0,0,-1,MPF-1349-20200923-15_06_17,10267.9,2.183316,1.7516,-0.246469514,0.5,1681.20507,5.536821394,-207.182898,0,0.003888176,1570.654487,-,0,0,0,0,0,0,0,1,1349,300,300,300,10267.9,1.33,-0.00684653,-0.82,2000.005667,1681.20507,0.840600153,0.191200307,6,0.5,0: Broadleaf,2,1600889146,393.934,399.9870333,23.76811667,22.48494333,402.1275667,24.38497,600.1713333,100.8515667,0.114596933,28.90882,29.05956333,999.9,0,0,10000.70167,0,466.0100667,2000.005667,0.9799944,0.0200051,0,2.165446667,0,6037.654667,16306.06333,49.30393333,51.60813333,49.9958,49.2332,48.3288,1959.994667,40.01033333,0,36.20000005,0,2.183316,-0.394369231,-145.8076921,6035.9856,15,1600889055,12:24:15,1600889055,1600889055,29,0.25,-0.078,-8.242,-0.666,400,22,0.79,0.11,-6.0388395,0.096326004,0.069389572,1,2.207817647,-0.354674556,0.20440375,1,1.2974105,-0.232465216,0.023987644,0,2,3,3-Feb,100,100,-8.194,-0.617,-5.041931889,-0.007814304,-3.18E-07,6.48E-10,-0.729063878,-0.027428369,0.001386821,-3.01E-06,5,2011,2,27,1.6,1.7,2,636.27,360.149,23.0044,34.1018,30.0022,33.9997,34.0057,21.754,14.2455,22.9956,23,400,22.5772,100.013,101.446
74,1600889324,9676,20200923 12:28:43,12:28:43,b8.brodia.2,77.84655821,1600889316,0.000767007,3.350865237,396.2957629,261.1639557,26.36735928,40.01039398,0.043044488,2.27388686,0.042596886,0.026662881,321.4485051,30.94128359,29.55866,4.153632161,60.22991769,2.394666697,3.975875759,1.758965464,-33.82500757,-92.7841245,-8.999426596,185.8399464,0,0,1,0,52996,RECT-1505-20210918-17_20_47,10288.4,812.936,2752.91,0,0,-1,MPF-1350-20200923-15_09_06,10276.4,2.193511538,2.0284,-0.081399891,0.5,1681.21321,3.350865237,-68.42528584,0,0.002587932,1356.183001,-,0,0,0,0,0,0,0,1,1350,300,300,300,10276.4,1.45,-0.00685275,-0.38,2000.015333,1681.21321,0.84060016,0.191200321,6,0.5,0: Broadleaf,2,1600889316,396.2957667,399.9494,23.71874333,22.97017333,404.5883,24.36902333,600.196,100.8492667,0.111676467,28.80179333,29.55866,999.9,0,0,10002.54333,0,382.6357,2000.015333,0.9799935,0.0200063,0,2.174343333,0,4520.376333,16306.15,48.281,50.67063333,49.02686667,48.58096667,47.50816667,1960.004333,40.011,0,168.8,0,2.193511538,0.139770942,-403.5822223,4517.200769,15,1600889303,12:28:22,1600889300,1600889303,30,-0.08,-0.033,-8.322,-0.676,400,23,0.49,0.12,-3.138816968,-7.801333958,1.079534563,0,2.173660606,0.264221995,0.235936085,1,0.653803628,1.475463158,0.208759147,0,1,3,3-Jan,100,100,-8.293,-0.6502,-5.12181633,-0.007814304,-3.18E-07,6.48E-10,-0.761962617,-0.027428369,0.001386821,-3.01E-06,5,2011,2,27,0.4,0.3,2,630.831,361.476,22.9983,34.7564,30.0006,34.5537,34.5433,21.7795,13.6273,24.2618,23,400,22.981,99.8878,101.324
75,1600889361,9713,20200923 12:29:20,12:29:20,b8.brodia.2,74.21900636,1600889353,0.000783518,3.253656633,396.4622221,267.0489762,26.96182427,40.02765679,0.043838591,2.272741511,0.043374186,0.027150181,321.4450386,30.91568786,29.57305161,4.157078187,60.247779,2.39243918,3.970999794,1.764639007,-34.55314128,-97.0951717,-9.421998929,180.3747267,0,0,1,0,53076,RECT-1505-20210918-17_20_47,10288.4,812.936,2752.91,0,0,-1,MPF-1351-20200923-15_09_43,10277,2.223376,2.48055,0.103676201,0.5,1681.193942,3.253656633,87.14990041,0,0.00253014,1108.79823,-,0,0,0,0,0,0,0,1,1351,300,300,300,10277,1.33,-0.00685318,-0.44,1999.992258,1681.193942,0.840600225,0.19120045,6,0.5,0: Broadleaf,2,1600889353,396.4622258,400.0254516,23.69640968,22.9316871,404.7560645,24.34745161,600.1795161,100.8500968,0.111998871,28.78061935,29.57305161,999.9,0,0,9995.017742,0,384.5710968,1999.992258,0.979992387,0.020007413,0,2.218141935,0,4339.31,16305.95484,48.12274194,50.3506129,48.82629032,48.36274194,47.33435484,1959.976774,40.01483871,0,36,0,2.223376,0.451015387,-184.54,4337.2468,15,1600889303,12:28:22,1600889300,1600889303,30,-0.08,-0.033,-8.322,-0.676,400,23,0.49,0.12,-3.57383275,0.418741351,0.067209122,1,2.189814286,0.419128767,0.189876611,1,0.769362775,-0.112319719,0.011531666,0,2,3,3-Feb,100,100,-8.294,-0.6514,-5.12181633,-0.007814304,-3.18E-07,6.48E-10,-0.761962617,-0.027428369,0.001386821,-3.01E-06,5,2011,2,27,1,1,2,631.04,362.278,22.9948,34.7999,30,34.6146,34.6041,21.7801,13.6273,24.2618,23,400,22.9022,99.8846,101.321
76,1600889398,9750,20200923 12:29:57,12:29:57,b8.brodia.2,74.66884403,1600889390,0.000764426,3.187541953,396.5376964,266.4190577,26.8971616,40.03369201,0.042689049,2.273096177,0.042248617,0.026444578,321.4473423,30.8803613,29.56835667,4.155953723,60.29238154,2.388473773,3.961485203,1.76747995,-33.71116535,-101.6063022,-9.855962151,176.2739126,0,0,1,0,53006,RECT-1505-20210918-17_20_47,10288.4,812.936,2752.91,0,0,-1,MPF-1352-20200923-15_10_20,10277.5,2.239908,1.4728,-0.520850081,0.5,1681.20806,3.187541953,-437.8286776,0,0.002490793,1868.167572,-,0,0,0,0,0,0,0,1,1352,300,300,300,10277.5,1.08,-0.0068537,-0.36,2000.009333,1681.20806,0.840600107,0.191200215,6,0.5,0: Broadleaf,2,1600889390,396.5377,400.0273333,23.65807,22.91195,404.8321333,24.31041,600.1774667,100.8459667,0.112132333,28.73923667,29.56835667,999.9,0,0,9997.731667,0,381.078,2000.009333,0.979997133,0.02000269,0,2.242023333,0,4242.999667,16306.10667,47.98733333,50.07886667,48.6374,48.15806667,47.16633333,1960.001333,40.00733333,0,35.9000001,0,2.239908,0.85218462,-109.3953846,4242.278,15,1600889303,12:28:22,1600889300,1600889303,30,-0.08,-0.033,-8.322,-0.676,400,23,0.49,0.12,-3.50090125,0.059925816,0.044691138,1,2.2024,0.750840705,0.223437411,1,0.751201575,-0.101611914,0.010370156,0,2,3,3-Feb,100,100,-8.295,-0.6529,-5.12181633,-0.007814304,-3.18E-07,6.48E-10,-0.761962617,-0.027428369,0.001386821,-3.01E-06,5,2011,2,27,1.6,1.6,2,631.247,362.604,22.9971,34.8326,30.0008,34.6851,34.6851,21.779,13.6273,23.8914,23,400,22.7994,99.8772,101.315
77,1600889647,9999.5,20200923 12:34:07,12:34:07,g7.brodia.2,50.78856633,1600889639,0.003610168,12.46117754,386.2195859,292.4055077,29.51893853,38.98966304,0.245353993,2.273316824,0.231534745,0.145885919,321.4463722,29.85725161,28.51975333,3.911353826,60.55190364,2.386373119,3.941037318,1.524980707,-159.2084298,15.96372565,1.539622363,179.7412904,0,0,1,0,53083,RECT-1505-20210918-17_20_47,10288.4,812.936,2752.91,0,0,-1,MPF-1353-20200923-15_14_30,10258.3,2.269008,2.55,0.110192941,0.5,1681.202259,12.46117754,92.62831082,0,0.008006876,1078.572549,-,0,0,0,0,0,0,0,1,1353,300,300,300,10258.3,1.25,-0.00684184,-0.26,2000.002333,1681.202259,0.840600149,0.191200298,6,0.5,0: Broadleaf,2,1600889639,386.2196,400.0713,23.63867667,20.11481333,394.5577,24.19962333,600.1644,100.8393333,0.112727267,28.65000667,28.51975333,999.9,0,0,9999.823333,0,423.1972,2000.002333,0.9799971,0.020003197,0,2.28545,0,8705.738333,16306.07333,46.9496,49.18286667,47.6145,47.187,46.187,1959.994,40.01,0,248.4000001,0,2.269008,0.222107697,-963.0061538,8699.6296,15,1600889621,12:33:41,1600889621,1600889619,31,-0.123,0.095,-8.445,-0.679,400,20,0.22,0.03,-13.75419,-0.992093809,0.266001925,0,2.285825714,0.124261959,0.189304562,1,3.34425625,3.064015722,0.320908785,0,1,3,3-Jan,100,100,-8.339,-0.5626,-5.245282394,-0.007814304,-3.18E-07,6.48E-10,-0.666758562,-0.027428369,0.001386821,-3.01E-06,5,2011,2,27,0.4,0.5,2,633.393,360.193,23.0052,34.6998,30.0002,34.688,34.6932,21.7209,24.3677,21.5696,23,400,19.7498,99.9093,101.353
78,1600889692,10044.5,20200923 12:34:52,12:34:52,g7.brodia.2,51.72787273,1600889684,0.00364176,12.49087133,386.045502,290.5409909,29.32950598,38.97048683,0.241472743,2.273218007,0.228073887,0.143688022,321.4444555,29.9432841,28.60095484,3.929835893,59.75644803,2.368236355,3.963147799,1.561599539,-160.6016372,17.83393961,1.721590468,180.3983484,0,0,1,0,53107,RECT-1505-20210918-17_20_47,10288.4,812.936,2752.91,0,0,-1,MPF-1354-20200923-15_15_15,10258.1,2.225157692,1.6788,-0.325445373,0.5,1681.193387,12.49087133,-273.5683046,0,0.00802458,1638.808196,-,0,0,0,0,0,0,0,1,1354,300,300,300,10258.1,0.68,-0.00684176,-0.22,1999.991935,1681.193387,0.840600083,0.191200166,6,0.5,0: Broadleaf,2,1600889684,386.0455161,399.9384194,23.45998387,19.90464516,394.3823548,24.02684516,600.1664194,100.8355806,0.112329968,28.74647419,28.60095484,999.9,0,0,9999.553226,0,424.2012903,1999.991935,0.979997484,0.0200028,0,2.243590323,0,8184.139032,16305.98387,46.97764516,49.187,47.56606452,47.129,46.19512903,1959.99129,40.00548387,0,43.79999995,0,2.225157692,0.106813674,-454.1699145,8182.371154,15,1600889621,12:33:41,1600889621,1600889619,31,-0.123,0.095,-8.445,-0.679,400,20,0.22,0.03,-13.885485,0.021678799,0.030265711,1,2.228076471,-0.096362239,0.193161674,1,3.57407125,-0.181973471,0.046134215,0,2,3,3-Feb,100,100,-8.337,-0.5658,-5.245282394,-0.007814304,-3.18E-07,6.48E-10,-0.666758562,-0.027428369,0.001386821,-3.01E-06,5,2011,2,27,1.2,1.2,2,634.023,360.16,23.0024,34.7199,30.0002,34.6912,34.6997,21.734,22.9201,20.4363,23,400,19.9862,99.9047,101.351
79,1600889731,10083.5,20200923 12:35:31,12:35:31,g7.brodia.2,51.45346297,1600889723,0.00368268,12.45782734,386.0775665,290.9427588,29.36973095,38.97328224,0.242118346,2.27294573,0.228648375,0.144052974,321.4518812,30.02418542,28.70770323,3.954248476,59.71048764,2.379374895,3.984852559,1.574873581,-162.4061873,16.29927483,1.57520401,176.9201727,0,0,1,0,52975,RECT-1505-20210918-17_20_47,10288.4,812.936,2752.91,0,0,-1,MPF-1355-20200923-15_15_54,10257.9,2.2144,2.3092,0.041053179,0.5,1681.233387,12.45782734,34.50998725,0,0.008004735,1191.148796,-,0,0,0,0,0,0,0,1,1355,300,300,300,10257.9,0.99,-0.00684165,-0.32,2000.039677,1681.233387,0.840600017,0.191200034,6,0.5,0: Broadleaf,2,1600889723,386.0775806,399.9533871,23.57059032,19.97570323,394.4146774,24.13379032,600.1652258,100.8346452,0.112122065,28.84071613,28.70770323,999.9,0,0,9997.876452,0,424.1805161,2000.039677,0.979997968,0.0200023,0,2.220712903,0,7938.046452,16306.37097,46.99593548,49.167,47.562,47.187,46.23983871,1960.037742,40.00193548,0,38.20000005,0,2.2144,0.45896752,-256.7237603,7935.271923,15,1600889621,12:33:41,1600889621,1600889619,31,-0.123,0.095,-8.445,-0.679,400,20,0.22,0.03,-13.8631325,-0.042685553,0.053443018,1,2.221323529,0.422677937,0.209653855,1,3.6014865,-0.218643152,0.03435067,0,2,3,3-Feb,100,100,-8.337,-0.5626,-5.245282394,-0.007814304,-3.18E-07,6.48E-10,-0.666758562,-0.027428369,0.001386821,-3.01E-06,5,2011,2,27,1.8,1.9,2,633.253,359.972,23.004,34.7619,30.0008,34.7167,34.7279,21.7461,22.0638,19.3071,23,400,20.1147,99.8984,101.344
80,1600889909,10261.5,20200923 12:38:29,12:38:29,g8.brodia.2,67.64635807,1600889901,0.000876891,3.389584264,396.2137381,277.3168517,27.99360179,39.99558462,0.050107417,2.272429601,0.049501607,0.030992323,321.4491181,30.81729495,29.21687742,4.072521896,59.18986197,2.341158785,3.955337463,1.731363112,-38.67089775,-61.79782328,-5.984978951,214.9954181,0,0,1,0,52993,RECT-1505-20210918-17_20_47,10288.4,812.936,2752.91,0,0,-1,MPF-1356-20200923-15_18_52,10270.9,2.26416,2.0528,-0.102961808,0.5,1681.221929,3.389584264,-86.55082495,0,0.002610949,1340.051247,-,0,0,0,0,0,0,0,1,1356,300,300,300,10270.9,0.97,-0.0068497,-0.52,2000.026452,1681.221929,0.840599847,0.191199694,6,0.5,0: Broadleaf,2,1600889901,396.2137419,399.9475161,23.19254194,22.33673226,404.5089677,23.83392903,600.5216774,100.8290645,0.115402516,28.71245161,29.21687742,999.9,0,0,9995.075806,0,362.930129,2000.026452,0.980003323,0.0199963,0,2.22636129,0,6173.662258,16306.3,46.61483871,48.911,47.34045161,46.97758065,45.99390323,1960.036129,39.99032258,0,177.1000001,0,2.26416,0.184107701,-492.0430761,6166.488,15,1600889893,12:38:12,1600889881,1600889893,32,0.12,-0.071,-8.325,-0.679,400,22,0.45,0.19,-2.757655585,-19.68766783,2.079946059,0,2.268266667,-0.054510558,0.23280389,1,0.654972533,3.882053465,0.425673998,0,1,3,3-Jan,100,100,-8.288,-0.6326,-5.125045176,-0.007814304,-3.18E-07,6.48E-10,-0.737265115,-0.027428369,0.001386821,-3.01E-06,5,2011,2,27,0.5,0.3,2,629.497,361.581,22.9918,34.9315,29.9999,34.8645,34.8641,21.8107,13.0449,20.9671,23,400,22.5411,99.8679,101.307
81,1600889949,10301.5,20200923 12:39:09,12:39:09,g8.brodia.2,55.2335483,1600889941,0.001277356,4.186649761,395.3830275,296.1383477,29.89221677,39.90997875,0.075799037,2.272387953,0.074421908,0.046635338,321.4392151,30.57435357,29.13192581,4.052577167,60.44155652,2.375234417,3.929803521,1.67734275,-56.33139209,-65.06609967,-6.295468192,193.7462551,0,0,1,0,53010,RECT-1505-20210918-17_20_47,10288.4,812.936,2752.91,0,0,-1,MPF-1357-20200923-15_19_32,10271,2.277808,1.8912,-0.204424704,0.5,1681.169894,4.186649761,-171.8363288,0,0.003085143,1454.64192,-,0,0,0,0,0,0,0,1,1357,300,300,300,10271,1.61,-0.00684989,-1.23,1999.964516,1681.169894,0.840599861,0.191199721,6,0.5,0: Broadleaf,2,1600889941,395.3830323,400.0734839,23.53114194,22.28417419,403.6717419,24.16382581,600.159,100.8275484,0.112491968,28.6008129,29.13192581,999.9,0,0,9994.955484,0,363.5403548,1999.964516,0.980002742,0.0199969,0,2.277819355,0,5947.86129,16305.78387,46.534,48.70122581,47.2113871,46.74187097,45.84248387,1959.974516,39.99,0,39.10000014,0,2.277808,-0.119507684,-218.7307689,5944.7344,15,1600889893,12:38:12,1600889881,1600889893,32,0.12,-0.071,-8.325,-0.679,400,22,0.45,0.19,-4.67125425,-0.483852045,0.067931652,1,2.2879,0.232739864,0.195056641,1,1.22497825,0.477499925,0.047829588,0,2,3,3-Feb,100,100,-8.288,-0.636,-5.125045176,-0.007814304,-3.18E-07,6.48E-10,-0.737265115,-0.027428369,0.001386821,-3.01E-06,5,2011,2,27,1.1,0.9,2,631.029,361.681,23.0003,34.9044,30.0002,34.8645,34.8677,21.8,13.8904,20.5967,23,400,22.2796,99.8689,101.306
82,1600889989,10341.5,20200923 12:39:49,12:39:49,g8.brodia.2,63.73517246,1600889981,0.001133921,4.25590324,395.3069619,282.5699149,28.52230003,39.90185499,0.066774798,2.273376332,0.065704017,0.041159785,321.4456986,30.5542773,29.09049,4.04287991,60.18642707,2.356091207,3.914655382,1.686788704,-50.0059178,-68.16994878,-6.589377504,196.6804545,0,0,1,0,53094,RECT-1505-20210918-17_20_47,10288.4,812.936,2752.91,0,0,-1,MPF-1358-20200923-15_20_12,10271.5,2.210961538,1.6416,-0.346833296,0.5,1681.202402,4.25590324,-291.5484851,0,0.003126276,1675.967593,-,0,0,0,0,0,0,0,1,1358,300,300,300,10271.5,1.35,-0.00685021,-0.09,2000.003,1681.202402,0.84059994,0.191199881,6,0.5,0: Broadleaf,2,1600889981,395.3069667,400.0098,23.34175333,22.23461,403.595,23.98069333,600.168,100.8265667,0.112346233,28.53428333,29.09049,999.9,0,0,10001.47633,0,364.0604667,2000.003,0.9800019,0.01999777,0,2.201263333,0,5825.074333,16306.09333,46.4496,48.51653333,47.1124,46.5956,45.7332,1960.003,39.996,0,39.20000005,0,2.210961538,0.363733329,-138.1049571,5824.244231,15,1600889893,12:38:12,1600889881,1600889893,32,0.12,-0.071,-8.325,-0.679,400,22,0.45,0.19,-4.6894475,-0.195578837,0.045147888,1,2.234914706,-0.417190194,0.166558324,1,1.107938,0.016323827,0.006752593,1,3,3,3-Mar,100,100,-8.289,-0.6394,-5.125045176,-0.007814304,-3.18E-07,6.48E-10,-0.737265115,-0.027428369,0.001386821,-3.01E-06,5,2011,2,27,1.8,1.6,2,631.134,361.899,22.9968,34.89,29.9998,34.8676,34.8754,21.8021,12.7394,20.5967,23,400,22.2971,99.8611,101.304
83,1600890277,10629.5,20200923 12:44:37,12:44:37,c1.brodia.2,92.35363043,1600890269,0.000942574,4.650626937,394.8695614,236.0015427,23.82125441,39.8568932,0.050356731,2.273140293,0.049745106,0.031145024,321.448311,30.1507847,29.3569,4.105582861,59.14599374,2.253267671,3.80967083,1.852315191,-41.5675133,-158.0856379,-15.26710686,106.5280529,0,0,1,0,53115,RECT-1505-20210918-17_20_47,10288.4,812.936,2752.91,0,0,-1,MPF-1359-20200923-15_25_00,10251.8,2.286284,2.458,0.069860049,0.5,1681.2121,4.650626937,58.72477969,0,0.003361043,1118.979658,-,0,0,0,0,0,0,0,1,1359,300,300,300,10251.8,1.31,-0.00683739,-0.01,2000.014,1681.2121,0.840600166,0.191200332,6,0.5,0: Broadleaf,2,1600890269,394.8695667,399.8862333,22.32353667,21.40313333,403.2025667,22.94970667,600.7360333,100.8199333,0.116925567,28.06692667,29.3569,999.9,0,0,10000.6,0,311.2562,2000.014,0.9799939,0.02000617,0,2.287356667,0,7181.696,16306.12333,46.50826667,48.458,47.18293333,46.583,45.68286667,1960.002667,40.01133333,0,287,0,2.286284,0.147407689,-511.4392315,7177.5632,15,1600890261,12:44:21,1600890261,1600890258,33,-0.05,0.046,-8.374,-0.659,400,21,0.58,0.15,-3.590317295,-26.99857612,2.846671688,0,2.264214286,0.189428875,0.195458405,1,0.655122483,4.900443174,0.51702826,0,1,3,3-Jan,100,100,-8.326,-0.6163,-5.174587631,-0.007814304,-3.18E-07,6.48E-10,-0.691016222,-0.027428369,0.001386821,-3.01E-06,5,2011,2,27,0.3,0.3,2,631.359,360.484,23.0026,34.3373,30.0003,34.4464,34.4665,21.7984,13.6333,20.3481,23,400,21.4099,99.9722,101.409
84,1600890313,10665.5,20200923 12:45:13,12:45:13,c1.brodia.2,83.25341138,1600890305,0.001269004,5.693239151,393.8029269,249.0145887,25.13357716,39.74737505,0.068384455,2.273801642,0.067262102,0.042138118,321.4457889,30.10369754,29.46283,4.130749399,59.82065923,2.287048779,3.823175485,1.84370062,-55.96306995,-163.6708478,-15.81500339,85.9968678,0,0,1,0,53078,RECT-1505-20210918-17_20_47,10288.4,812.936,2752.91,0,0,-1,MPF-1360-20200923-15_25_36,10250.7,2.234357692,2.136,-0.046047609,0.5,1681.19918,5.693239151,-38.70760104,0,0.003981229,1287.815543,-,0,0,0,0,0,0,0,1,1360,300,300,300,10250.7,1.43,-0.00683656,-0.19,1999.998667,1681.19918,0.84060015,0.191200301,6,0.5,0: Broadleaf,2,1600890305,393.8029333,399.9940333,22.65927,21.41939667,402.1291667,23.27529333,600.1818667,100.8202,0.111947367,28.12767,29.46283,999.9,0,0,10004.873,0,312.2626333,1999.998667,0.9799965,0.0200035,0,2.217526667,0,6954.801,16306.01667,46.729,48.5914,47.3414,46.75826667,45.8666,1959.988667,40.01,0,35.4000001,0,2.234357692,0.546054704,-238.8502565,6952.788077,15,1600890261,12:44:21,1600890261,1600890258,33,-0.05,0.046,-8.374,-0.659,400,21,0.58,0.15,-6.17786025,-0.270576248,0.058727065,1,2.246239394,-0.142086115,0.161383483,1,1.24174225,-0.02782773,0.01274079,1,3,3,3-Mar,100,100,-8.326,-0.6166,-5.174587631,-0.007814304,-3.18E-07,6.48E-10,-0.691016222,-0.027428369,0.001386821,-3.01E-06,5,2011,2,27,0.9,0.9,2,633.394,360.352,23.0028,34.3611,30.0008,34.4402,34.4598,21.7992,12.9961,19.9771,23,400,21.5531,99.9666,101.404
85,1600890349,10701.4,20200923 12:45:49,12:45:49,c1.brodia.2,86.00711531,1600890342,0.0012283,5.628151276,393.8378455,244.6256993,24.69091817,39.75141632,0.065438205,2.273333492,0.064409487,0.040347008,321.4509997,30.18789312,29.56218519,4.154476025,59.6814112,2.29111664,3.838911637,1.863359385,-54.16803617,-167.1681475,-16.16991329,83.94490274,0,0,1,0,53104,RECT-1505-20210918-17_20_47,10288.4,812.936,2752.91,0,0,-1,MPF-1361-20200923-15_26_12,10249.8,2.185238462,2.6196,0.165812162,0.5,1681.228967,5.628151276,139.3841045,0,0.003942444,1049.889449,-,0,0,0,0,0,0,0,1,1361,300,300,300,10249.8,1.34,-0.00683582,-0.33,2000.034444,1681.228967,0.840600006,0.191200013,6,0.5,0: Broadleaf,2,1600890342,393.8378519,399.948,22.69927778,21.4992037,402.1644074,23.31402963,600.1722593,100.8209259,0.112533815,28.19821481,29.56218519,999.9,0,0,10001.75741,0,313.9757037,2000.034444,0.979998111,0.020001889,0,2.191725926,0,6820.234444,16306.33704,46.93240741,48.736,47.52066667,46.8772963,46.069,1960.033333,40.00111111,0,35.4000001,0,2.185238462,0.386003415,-157.9008548,6820.933846,15,1600890261,12:44:21,1600890261,1600890258,33,-0.05,0.046,-8.374,-0.659,400,21,0.58,0.15,-6.122154878,0.271127636,0.058568308,1,2.203032353,0.149442706,0.17656524,1,1.204595122,-0.104406717,0.012134205,0,2,3,3-Feb,100,100,-8.327,-0.6146,-5.174587631,-0.007814304,-3.18E-07,6.48E-10,-0.691016222,-0.027428369,0.001386821,-3.01E-06,5,2011,2,27,1.5,1.5,2,632.516,360.345,22.997,34.4004,30.0005,34.4464,34.466,21.8115,12.4112,19.9771,23,400,21.5564,99.9629,101.398
86,1600890736,11088.4,20200923 12:52:16,12:52:16,c2.brodia.2,80.03939066,1600890728,0.000595744,2.872571587,396.8639634,259.0634929,26.14549063,40.0527412,0.035889473,2.272214572,0.0355775,0.022263741,321.4384364,30.41028027,28.63374333,3.937320358,59.85369825,2.299585298,3.842010378,1.63773506,-26.27230481,-51.65401151,-4.97616657,238.5359535,0,0,1,0,53054,RECT-1505-20210918-17_20_47,10288.4,812.936,2752.91,0,0,-1,MPF-1362-20200923-15_32_39,10248.2,2.25044,1.7788,-0.265145042,0.5,1681.16305,2.872571587,-222.8760234,0,0.002303507,1546.621992,-,0,0,0,0,0,0,0,1,1362,300,300,300,10248.2,1.21,-0.00683442,-0.71,1999.956,1681.16305,0.840600018,0.191200036,6,0.5,0: Broadleaf,2,1600890728,396.8639667,399.9721333,22.78552,22.20350667,405.1663333,23.44074333,600.1610333,100.8128,0.110299333,28.21207667,28.63374333,999.9,0,0,9995.291,0,391.2899333,1999.956,0.9799997,0.020000277,0,2.24613,0,5331.332333,16305.70333,47.437,49.062,48.2248,47.14153333,46.562,1959.955667,40.00033333,0,386.4000001,0,2.25044,-0.307153859,-98.90153845,5330.1092,15,1600890686,12:51:26,1600890686,1600890682,35,-0.076,0.009,-8.327,-0.679,400,22,0.78,0.16,-3.119362927,0.309594983,0.047503141,1,2.251591176,-0.005999099,0.189127297,1,0.58323139,-0.025426683,0.00359408,1,3,3,3-Mar,100,100,-8.302,-0.6552,-5.127199753,-0.007814304,-3.18E-07,6.48E-10,-0.73560174,-0.027428369,0.001386821,-3.01E-06,5,2011,2,27,0.8,0.9,2,631.691,362.194,22.9983,34.3439,29.9991,34.4049,34.4167,21.8527,7.10696,22.1647,23,400,22.3115,99.9755,101.411
87,1600890781,11133.4,20200923 12:53:01,12:53:01,c2.brodia.2,87.01170741,1600890773,0.000548558,2.851447743,396.9035129,248.0347629,25.03190743,40.05588521,0.032770852,2.273148906,0.032510634,0.020342354,321.4438955,30.43198485,28.67805484,3.947454875,59.76933346,2.297281162,3.843578352,1.650173713,-24.19140402,-56.24649852,-5.417747417,235.5882455,0,0,1,0,52944,RECT-1505-20210918-17_20_47,10288.4,812.936,2752.91,0,0,-1,MPF-1363-20200923-15_33_24,10247.8,2.221292,1.75078,-0.268744217,0.5,1681.191871,2.851447743,-225.9052964,0,0.002290903,1571.390592,-,0,0,0,0,0,0,0,1,1363,300,300,300,10247.8,1.39,-0.00683405,-0.29,1999.990323,1681.191871,0.840600003,0.191200006,6,0.5,0: Broadleaf,2,1600890773,396.9035161,399.9718387,22.76317097,22.22724839,405.206129,23.4191129,600.1661613,100.8106774,0.110286774,28.2190871,28.67805484,999.9,0,0,10001.57419,0,372.0604194,1999.990323,0.980000839,0.0199991,0,2.220948387,0,5282.692258,16305.9871,47.5,49.062,48.25,47.11687097,46.59045161,1959.990323,40,0,44.39999986,0,2.221292,0.167700018,-44.21230777,5281.836,15,1600890686,12:51:26,1600890686,1600890682,35,-0.076,0.009,-8.327,-0.679,400,22,0.78,0.16,-3.074755854,0.069957282,0.048612274,1,2.246802941,0.008992112,0.164087454,1,0.537556195,-0.054269226,0.006895974,1,3,3,3-Mar,100,100,-8.302,-0.656,-5.127199753,-0.007814304,-3.18E-07,6.48E-10,-0.73560174,-0.027428369,0.001386821,-3.01E-06,5,2011,2,27,1.6,1.7,2,631.084,363.004,22.9959,34.2318,29.9987,34.3244,34.3404,21.8579,5.01266,22.1647,23,400,22.3842,99.9942,101.431
88,1600890825,11177.4,20200923 12:53:45,12:53:45,c2.brodia.2,93.01131534,1600890817,0.000516481,2.869597199,396.9203634,238.5755557,24.076415,40.05615481,0.03085213,2.271753951,0.030621236,0.019158873,321.4442513,30.44454524,28.68851,3.949849397,59.84802432,2.300410526,3.843753493,1.649438871,-22.77682479,-57.3965898,-5.532230183,235.7386065,0,0,1,0,53052,RECT-1505-20210918-17_20_47,10288.4,812.936,2752.91,0,0,-1,MPF-1364-20200923-15_34_08,10247.2,2.23845,1.7072,-0.311182052,0.5,1681.19383,2.869597199,-261.5786734,0,0.002301696,1611.529288,-,0,0,0,0,0,0,0,1,1364,300,300,300,10247.2,1.45,-0.00683375,-0.86,1999.992667,1681.19383,0.840599997,0.191199995,6,0.5,0: Broadleaf,2,1600890817,396.9203667,399.9942667,22.79499333,22.2904,405.2231667,23.44993667,600.1364667,100.807,0.110359,28.21987,28.68851,999.9,0,0,9992.873,0,354.1993,1999.992667,0.9800022,0.0199977,0,2.235213333,0,5249.473333,16306.00333,47.5788,49.13326667,48.312,47.125,46.63326667,1959.992667,39.99966667,0,43,0,2.23845,0.733432486,-30.09914531,5249.458462,15,1600890686,12:51:26,1600890686,1600890682,35,-0.076,0.009,-8.327,-0.679,400,22,0.78,0.16,-3.067710732,-0.067964739,0.025988498,1,2.20378,0.559608611,0.195243906,1,0.507318951,-0.044695777,0.007795362,1,3,3,3-Mar,100,100,-8.304,-0.6551,-5.127199753,-0.007814304,-3.18E-07,6.48E-10,-0.73560174,-0.027428369,0.001386821,-3.01E-06,5,2011,2,27,2.3,2.4,2,631.543,363.346,22.9984,34.1256,29.9994,34.2538,34.2783,21.8607,3.86035,22.1647,23,400,22.3719,100.02,101.454
89,1600891285,11637.4,20200923 13:01:25,13:01:25,h1.brodia.2,118.6622273,1600891277,0.000360342,2.30406065,397.5121909,198.0039636,19.9835033,40.11882407,0.019416968,2.272498811,0.019325268,0.012086495,321.450087,30.92467819,29.59342903,4.161961758,59.39306079,2.340729821,3.941082998,1.821231938,-15.89106469,-115.5588729,-11.20877537,178.7913741,0,0,1,0,52925,RECT-1505-20210918-17_20_47,10288.4,812.936,2752.91,0,0,-1,MPF-1365-20200923-15_41_48,10260.5,2.215626923,1.8652,-0.187876326,0.5,1681.221716,2.30406065,-157.9308795,0,0.001965274,1474.932876,-,0,0,0,0,0,0,0,1,1365,300,300,300,10260.5,1.78,-0.00684243,-0.35,2000.025484,1681.221716,0.840600147,0.191200294,6,0.5,0: Broadleaf,2,1600891277,397.5121935,399.9582581,23.19281935,22.8410129,405.748129,23.83023871,600.3032581,100.8142581,0.110505968,28.65020645,29.59342903,999.9,0,0,9996.993548,0,445.2846129,2000.025484,0.97999371,0.02000659,0,2.207348387,0,4547.263548,16306.21935,47.96951613,50.062,48.778,47.673,47.062,1960.015161,40.01032258,0,459,0,2.215626923,0.556229071,-58.99487197,4546.45,15,1600891265,13:01:04,1600891264,1600891265,37,-0.061,-0.015,-8.256,-0.651,400,23,0.48,0.18,-1.962874602,-6.928174323,0.907492924,0,2.220026471,0.004522009,0.183415134,1,0.287960646,0.830534026,0.121606186,0,1,3,3-Jan,100,100,-8.236,-0.6363,-5.056263699,-0.007814304,-3.18E-07,6.48E-10,-0.730669589,-0.027428369,0.001386821,-3.01E-06,5,2011,2,27,0.4,0.3,2,630.959,363.199,23.0023,33.6134,30.001,33.6797,33.7017,21.8974,7.72926,28.9197,23,400,23.0886,100.076,101.51
90,1600891322,11673.9,20200923 13:02:01,13:02:01,h1.brodia.2,155.2542485,1600891314,0.000259805,2.204957689,397.6655975,140.6193001,14.19091007,40.13131005,0.014202237,2.271934988,0.014153099,0.008850088,321.4484144,30.99755437,29.60746,4.165327271,60.06980567,2.37282374,3.950110565,1.79250353,-11.45740127,-112.4175531,-10.90967977,186.6637802,0,0,1,0,52856,RECT-1505-20210918-17_20_47,10288.4,812.936,2752.91,0,0,-1,MPF-1366-20200923-15_42_24,10260,2.140292,2.2996,0.069276396,0.5,1681.21291,2.204957689,58.23418557,0,0.001906337,1196.125587,-,0,0,0,0,0,0,0,1,1366,300,300,300,10260,1.39,-0.00684201,-0.23,2000.015,1681.21291,0.84060015,0.191200301,6,0.5,0: Broadleaf,2,1600891314,397.6656,399.9733,23.51257333,23.25894,405.9028,24.13949333,600.1490333,100.8062667,0.110962033,28.68965,29.60746,999.9,0,0,9994.122,0,445.5206667,2000.015,0.9799947,0.0200056,0,2.146633333,0,4498.511667,16306.15333,48.062,50.12913333,48.8309,47.7353,47.16013333,1960.004667,40.01033333,0,35.39999986,0,2.140292,-0.754215389,-53.70846164,4498.268,15,1600891265,13:01:04,1600891264,1600891265,37,-0.061,-0.015,-8.256,-0.651,400,23,0.48,0.18,-2.335976098,0.338185087,0.055282701,1,2.152597059,-0.494130011,0.186311405,1,0.257961732,0.034414997,0.024721535,1,3,3,3-Mar,100,100,-8.238,-0.6251,-5.056263699,-0.007814304,-3.18E-07,6.48E-10,-0.730669589,-0.027428369,0.001386821,-3.01E-06,5,2011,2,27,1,0.9,2,631.244,363.576,23.0025,33.6851,30.0013,33.7268,33.7483,21.909,7.45531,29.299,23,400,23.1941,100.059,101.49
91,1600891508,11859.9,20200923 13:05:07,13:05:07,h2.brodia.2,68.28997021,1600891500,0.002138372,9.162263607,390.0009563,269.03641,27.14995331,39.35715523,0.134167046,2.272395476,0.129916528,0.081568505,321.4438205,30.46322622,28.91749333,4.002611588,60.32095098,2.394228473,3.969149084,1.608383115,-94.30220817,-17.7536517,-1.717382851,207.6705778,0,0,1,0,52926,RECT-1505-20210918-17_20_47,10288.4,812.936,2752.91,0,0,-1,MPF-1367-20200923-15_45_30,10251,2.288184,1.85348,-0.234533958,0.5,1681.18882,9.162263607,-197.1479338,0,0.006044689,1484.265555,-,0,0,0,0,0,0,0,1,1367,300,300,300,10251,1.37,-0.00683645,-0.64,1999.986333,1681.18882,0.840600154,0.191200308,6,0.5,0: Broadleaf,2,1600891500,390.0009667,399.9942333,23.72507333,21.63805333,398.2145333,24.32689667,600.1779667,100.8049,0.1106352,28.77257667,28.91749333,999.9,0,0,9997.25,0,401.9542333,1999.986333,0.979996,0.020004,0,2.29628,0,7924.786333,16305.91667,48.312,50.37913333,49.062,48.1808,47.3812,1959.976333,40.01,0,184.8,0,2.288184,-0.515400004,-490.5984623,7922.2852,15,1600891477,13:04:36,1600891472,1600891477,38,-0.036,0.019,-8.293,-0.673,400,21,0.32,0.07,-9.986201707,0.15004453,0.058023871,1,2.283317647,-0.220723225,0.192213237,1,2.03401,0.711165575,0.087744426,0,2,3,3-Feb,100,100,-8.212,-0.6025,-5.092282602,-0.007814304,-3.18E-07,6.48E-10,-0.712030768,-0.027428369,0.001386821,-3.01E-06,5,2011,2,27,0.6,0.5,2,632.114,360.213,23.0026,34.1311,30.0011,34.0515,34.0524,21.8661,19.0227,30.2338,23,400,21.5211,99.9663,101.414
92,1600891557,11909.4,20200923 13:05:57,13:05:57,h2.brodia.2,72.79795385,1600891549,0.002093013,9.467694446,389.6772226,261.4253614,26.38217576,39.32492595,0.130054403,2.272175799,0.126055921,0.079133958,321.4505808,30.50056249,28.95361,4.010989431,60.09929985,2.388513133,3.974277802,1.622476298,-92.30186095,-19.44689307,-1.881904885,207.8199219,0,0,1,0,52981,RECT-1505-20210918-17_20_47,10288.4,812.936,2752.91,0,0,-1,MPF-1368-20200923-15_46_20,10250.4,2.17796,2.1536,-0.011311293,0.5,1681.22564,9.467694446,-9.508417671,0,0.006226228,1277.282875,-,0,0,0,0,0,0,0,1,1368,300,300,300,10250.4,1.1,-0.006836,-0.78,2000.030333,1681.22564,0.840600071,0.191200142,6,0.5,0: Broadleaf,2,1600891549,389.6772333,399.9575333,23.66817333,21.62529333,397.8884333,24.27190333,600.1747333,100.8060667,0.1105989,28.79485667,28.95361,999.9,0,0,9995.706667,0,414.4530333,2000.030333,0.9799975,0.0200025,0,2.173856667,0,7659.55,16306.28333,48.39566667,50.437,49.125,48.25826667,47.5,1960.025,40.00533333,0,48.4000001,0,2.17796,-0.578046138,-211.2469231,7658.1112,15,1600891477,13:04:36,1600891472,1600891477,38,-0.036,0.019,-8.293,-0.673,400,21,0.32,0.07,-10.28636829,-0.024393031,0.03396347,1,2.191131429,-0.36389589,0.206995551,1,2.045050244,0.043626063,0.016694012,1,3,3,3-Mar,100,100,-8.211,-0.6029,-5.092282602,-0.007814304,-3.18E-07,6.48E-10,-0.712030768,-0.027428369,0.001386821,-3.01E-06,5,2011,2,27,1.4,1.3,2,632.156,360.151,23.0016,34.2327,30.0008,34.1257,34.1233,21.8783,17.8567,29.4823,23,400,21.6907,99.95,101.402
93,1600891601,11952.9,20200923 13:06:40,13:06:40,h2.brodia.2,71.85677647,1600891593,0.002167137,9.692072229,389.4454557,262.6188454,26.50271342,39.30167802,0.134880421,2.27295836,0.130586387,0.081990906,321.4490606,30.48084981,28.97679333,4.016375234,60.23974779,2.394811873,3.975467961,1.62156336,-95.57075767,-21.66134827,-2.095774555,202.1211801,0,0,1,0,52967,RECT-1505-20210918-17_20_47,10288.4,812.936,2752.91,0,0,-1,MPF-1369-20200923-15_47_03,10249.9,2.185296,4.07786,0.464107154,0.5,1681.21879,9.692072229,390.1328341,0,0.006359715,674.0869329,-,0,0,0,0,0,0,0,1,1369,300,300,300,10249.9,1.37,-0.00683546,-0.03,2000.022333,1681.21879,0.840600008,0.191200017,6,0.5,0: Broadleaf,2,1600891593,389.4454667,399.9782667,23.73050333,21.61544667,397.6546333,24.33214667,600.1853667,100.8061333,0.110894833,28.80002333,28.97679333,999.9,0,0,10000.78633,0,412.3231,2000.022333,0.9799984,0.0200016,0,2.17039,0,7527.259,16306.22,48.5,50.437,49.1746,48.312,47.562,1960.021333,40.001,0,42.5,0,2.185296,0.085492321,-132.8907692,7526.3064,15,1600891477,13:04:36,1600891472,1600891477,38,-0.036,0.019,-8.293,-0.673,400,21,0.32,0.07,-10.50480488,-0.350905923,0.057087481,1,2.190974286,-0.115599217,0.233940548,1,2.11220561,0.04469331,0.004976619,1,3,3,3-Mar,100,100,-8.209,-0.6018,-5.092282602,-0.007814304,-3.18E-07,6.48E-10,-0.712030768,-0.027428369,0.001386821,-3.01E-06,5,2011,2,27,2.1,2.1,2,632.81,359.829,22.9999,34.2961,30.0004,34.1756,34.1686,21.8906,17.0269,29.4823,23,400,21.6797,99.9445,101.396
94,1600892547,12899.5,20200923 13:22:27,13:22:27,c3.brodia.2,46.9568228,1600892539,0.00353523,11.1778,387.4718261,300.0371331,30.2730185,39.09496681,0.238044214,2.272092492,0.225006042,0.141740662,321.4497753,29.8852286,28.51218065,3.909634097,60.22124524,2.373721507,3.941667924,1.53591259,-155.903661,17.2205472,1.661691754,184.4283532,0,0,1,0,53024,RECT-1505-20210918-17_20_47,10288.4,812.936,2752.91,0,0,-1,MPF-1370-20200923-16_02_50,10228.5,2.244796,2.1496,-0.044285448,0.5,1681.220332,11.1778,-37.22679818,0,0.007243429,1279.661518,-,0,0,0,0,0,0,0,1,1370,300,300,300,10228.5,1.34,-0.00682088,-0.2,2000.023871,1681.220332,0.840600133,0.191200266,6,0.5,0: Broadleaf,2,1600892539,387.4718387,400.0157742,23.52605161,20.075,395.7198065,24.08942581,600.1753871,100.7853548,0.112218032,28.65276452,28.51218065,999.9,0,0,9997.219355,0,396.1969355,2000.023871,0.979993968,0.020006313,0,2.237967742,0,9408.053226,16306.20968,49.25,50.883,49.99593548,48.937,48.187,1960.014516,40.00935484,0,945.6000001,0,2.244796,0.127676923,-853.1592295,9397.0856,15,1600892517,13:21:56,1600892509,1600892517,39,-0.054,0.047,-8.346,-0.675,400,20,0.23,0.04,-12.5455439,0.013298258,0.038990312,1,2.245239394,-0.174269115,0.164364572,1,3.379627805,1.26982892,0.145429011,0,2,3,3-Feb,100,100,-8.248,-0.565,-5.146102532,-0.007814304,-3.18E-07,6.48E-10,-0.66538931,-0.027428369,0.001386821,-3.01E-06,5,2011,2,27,0.6,0.5,2,632.983,361.693,23.0025,33.9915,30.0001,34.0215,34.0361,21.8217,25.3047,29.7084,23,400,19.9609,100.036,101.487
95,1600892591,12943,20200923 13:23:10,13:23:10,c3.brodia.2,52.59023962,1600892588,0.003339831,11.55837224,387.0926233,290.4774049,29.30776219,39.05576941,0.2197817,2.273225753,0.208622218,0.131344286,321.4488342,30.01066856,28.62147273,3.934517954,59.90486604,2.369751056,3.955857366,1.564766898,-147.2865369,11.42761712,1.103093883,186.6930083,0,0,1,0,52910,RECT-1505-20210918-17_20_47,10288.4,812.936,2752.91,0,0,-1,MPF-1371-20200923-16_03_33,10228.2,2.242804,2.6556,0.155443591,0.5,1681.216908,11.55837224,130.6671966,0,0.007469811,1035.64332,-,0,0,0,0,0,0,0,1,1371,300,300,300,10228.2,1.36,-0.0068208,-0.26,2000.02,1681.216908,0.840600048,0.191200096,6,0.5,0: Broadleaf,2,1600892588,387.0926364,399.9397273,23.48726364,20.22691818,395.3377273,24.0519,600.1917273,100.7834545,0.111698364,28.71471818,28.62147273,999.9,0,0,10004.77545,0,396.354,2000.02,0.979997545,0.020002782,0,2.153063636,0,8881.669091,16306.2,49.30072727,50.96563636,50,48.94272727,48.25,1960.018182,40.00363636,0,42.60000014,0,2.242804,-0.280600001,-467.6984608,8914.7192,15,1600892517,13:21:56,1600892509,1600892517,39,-0.054,0.047,-8.346,-0.675,400,20,0.23,0.04,-12.83459024,-0.175507317,0.0468687,1,2.214671429,0.428317808,0.173325335,1,3.308951463,-0.273419164,0.03587953,0,2,3,3-Feb,100,100,-8.245,-0.564,-5.146102532,-0.007814304,-3.18E-07,6.48E-10,-0.66538931,-0.027428369,0.001386821,-3.01E-06,5,2011,2,27,1.4,1.2,2,632.798,361.873,22.9974,34.0098,30,34.0104,34.027,21.8371,23.2319,28.9624,23,400,20.3076,100.04,101.49
96,1600892635,12987.5,20200923 13:23:55,13:23:55,c3.brodia.2,52.89196412,1600892627,0.003388571,11.66766807,387.0022535,289.7828428,29.23828464,39.04745338,0.220594343,2.273128795,0.209353997,0.131808403,321.4485179,30.05167645,28.71187,3.955204063,59.79692651,2.373313603,3.968955834,1.581890459,-149.4359796,7.33659532,0.708742013,180.0578756,0,0,1,0,52978,RECT-1505-20210918-17_20_47,10288.4,812.936,2752.91,0,0,-1,MPF-1372-20200923-16_04_18,10228.1,2.232546154,2.1164,-0.054879113,0.5,1681.21372,11.66766807,-46.1317585,0,0.007534835,1299.751276,-,0,0,0,0,0,0,0,1,1372,300,300,300,10228.1,1.09,-0.0068207,-0.85,2000.016,1681.21372,0.840600135,0.19120027,6,0.5,0: Broadleaf,2,1600892627,387.0022667,399.9773,23.52209,20.21425,395.2467,24.08559333,600.1858667,100.7851333,0.1120915,28.77173667,28.71187,999.9,0,0,10003.97833,0,396.2817333,2000.016,0.979994333,0.020005963,0,2.224296667,0,8626.713667,16306.15,49.3435,51,50.062,49,48.30786667,1960.006667,40.00933333,0,43.79999995,0,2.232546154,0.433401703,-287.3654703,8624.364615,15,1600892517,13:21:56,1600892509,1600892517,39,-0.054,0.047,-8.346,-0.675,400,20,0.23,0.04,-12.99619512,0.187716376,0.052288188,1,2.243047059,-0.438577238,0.207442922,1,3.323079756,-0.320101045,0.032225395,0,2,3,3-Feb,100,100,-8.244,-0.5638,-5.146102532,-0.007814304,-3.18E-07,6.48E-10,-0.66538931,-0.027428369,0.001386821,-3.01E-06,5,2011,2,27,2.1,2,2,633.158,361.78,23.0009,34.0221,30.0001,34.0009,34.0148,21.8407,22.0739,27.8321,23,400,20.3602,100.048,101.496
97,1600893369,13721,20200923 13:36:08,13:36:08,c4.brodia.2,64.48696882,1600893361,0.00116902,4.444421088,395.0969616,281.1222585,28.36126175,39.85969807,0.068919677,2.271894976,0.067778905,0.042462737,321.4498321,30.96238243,29.36379333,4.107216483,60.42223337,2.42350274,4.010945318,1.683713743,-51.5537608,-50.26351157,-4.878439134,214.7541206,0,0,1,0,52998,RECT-1505-20210918-17_20_47,10288.4,812.936,2752.91,0,0,-1,MPF-1373-20200923-16_16_31,10234.2,2.246092308,1.8516,-0.213054822,0.5,1681.22046,4.444421088,-179.0960626,0,0.003238374,1485.773601,-,0,0,0,0,0,0,0,1,1373,300,300,300,10234.2,1.33,-0.00682476,-0.71,2000.024,1681.22046,0.840600143,0.191200286,6,0.5,0: Broadleaf,2,1600893361,395.0969667,400.0018,24.02222333,22.88162667,403.2862,24.65464667,600.1790667,100.7753333,0.11053,28.95342,29.36379333,999.9,0,0,9996.929667,0,68.55978333,2000.024,0.979994,0.0200055,0,2.23528,0,6855.785333,16306.21333,47.96223333,50.05816667,48.71436667,48.0289,47.2123,1960.014,40.01,0,732.6000001,0,2.246092308,0.43381196,-1217.192479,6851.943846,15,1600893338,13:35:37,1600893338,1600893329,40,0.118,-0.089,-8.228,-0.677,400,23,0.36,0.08,-4.903482195,-0.010488084,0.057641836,1,2.239622857,0.300307632,0.196839728,1,1.139651463,-0.105261742,0.030330893,0,2,3,3-Feb,100,100,-8.19,-0.632,-5.028577297,-0.007814304,-3.18E-07,6.48E-10,-0.754146772,-0.027428369,0.001386821,-3.01E-06,5,2011,2,27,0.5,0.7,2,630.553,366.311,22.9938,34.5122,30.0003,34.3004,34.2821,21.933,22.1457,42.2051,23,400,22.7615,99.964,101.411
98,1600893408,13760,20200923 13:36:47,13:36:47,c4.brodia.2,58.86241086,1600893400,0.001271557,4.455574373,395.0448014,290.0219313,29.25873733,39.85392424,0.075694731,2.271878023,0.074321051,0.046572,321.4497825,30.75723703,29.19096774,4.066429836,60.32583755,2.395678181,3.971230701,1.670751655,-56.07566758,-50.13720445,-4.857896013,210.3790144,0,0,1,0,52887,RECT-1505-20210918-17_20_47,10288.4,812.936,2752.91,0,0,-1,MPF-1374-20200923-16_17_10,10234.9,2.287703846,1.6884,-0.354953711,0.5,1681.220093,4.455574373,-298.3776557,0,0.003245009,1629.484482,-,0,0,0,0,0,0,0,1,1374,300,300,300,10234.9,1.24,-0.00682543,-0.88,2000.023548,1681.220093,0.840600149,0.191200298,6,0.5,0: Broadleaf,2,1600893400,395.0448065,400.0011935,23.74672581,22.50574194,403.2337097,24.38852581,600.1827097,100.7738387,0.110729581,28.78162258,29.19096774,999.9,0,0,9996.967742,0,67.88619355,2000.023548,0.979993194,0.020006368,0,2.286687097,0,6255.024516,16306.20323,47.75577419,49.66112903,48.43112903,47.73164516,46.96951613,1960.009355,40.01032258,0,38.4000001,0,2.287703846,1.001945298,-635.1969235,6247.098846,15,1600893338,13:35:37,1600893338,1600893329,40,0.118,-0.089,-8.228,-0.677,400,23,0.36,0.08,-4.955495122,0.003835192,0.040030486,1,2.317115152,0.011076904,0.147994134,1,1.264843902,-0.539909686,0.056307503,0,2,3,3-Feb,100,100,-8.188,-0.6437,-5.028577297,-0.007814304,-3.18E-07,6.48E-10,-0.754146772,-0.027428369,0.001386821,-3.01E-06,5,2011,2,27,1.2,1.3,2,631.727,366.063,22.9971,34.5153,30,34.3174,34.2992,21.9243,22.4589,41.453,23,400,22.5429,99.9571,101.403
99,1600893445,13797.5,20200923 13:37:25,13:37:25,c4.brodia.2,63.69574126,1600893437,0.001178887,4.508179768,395.0312949,282.4483848,28.4942781,39.85199485,0.070776785,2.271793614,0.069574231,0.043590237,321.4495364,30.64636387,29.04499,4.032254819,60.35316751,2.377161733,3.938752233,1.655093086,-51.98891842,-49.60071007,-4.799230295,215.0606776,0,0,1,0,52925,RECT-1505-20210918-17_20_47,10288.4,812.936,2752.91,0,0,-1,MPF-1375-20200923-16_17_48,10235.8,2.282216,1.482,-0.539956815,0.5,1681.22156,4.508179768,-453.8935195,0,0.003276296,1856.564103,-,0,0,0,0,0,0,0,1,1375,300,300,300,10235.8,0.9,-0.00682609,-0.25,2000.025667,1681.22156,0.840599992,0.191199985,6,0.5,0: Broadleaf,2,1600893437,395.0313,400.0036,23.56352,22.41277667,403.2199,24.21144333,600.1903,100.7722,0.110933467,28.64001,29.04499,999.9,0,0,9996.581667,0,65.55927,2000.025667,0.980001667,0.019997933,0,2.276226667,0,5930.719333,16306.28667,47.54146667,49.31226667,48.17053333,47.45806667,46.74566667,1960.025667,40,0,36.39999986,0,2.282216,0.26356154,-368.0361544,5928.2356,15,1600893338,13:35:37,1600893338,1600893329,40,0.118,-0.089,-8.228,-0.677,400,23,0.36,0.08,-4.96741439,-0.136824251,0.040100063,1,2.302805714,-0.165266536,0.176093329,1,1.151106098,-0.000345575,0.009538699,1,3,3,3-Mar,100,100,-8.188,-0.6498,-5.028577297,-0.007814304,-3.18E-07,6.48E-10,-0.754146772,-0.027428369,0.001386821,-3.01E-06,5,2011,2,27,1.8,1.9,2,631.153,366.538,22.9953,34.5103,29.9999,34.3239,34.3085,21.9204,22.4589,41.0814,23,400,22.4586,99.9573,101.402
100,1600893678,14030.5,20200923 13:41:18,13:41:18,h3.brodia.2,99.80221361,1600893672,0.000386761,2.175500785,397.6724975,228.3343995,23.03694845,40.1216849,0.021798122,2.272641847,0.021682632,0.01356197,321.446371,30.29579714,29.0147,4.025195052,60.02804633,2.281812122,3.801243354,1.74338293,-17.05614769,-120.7797823,-11.64479418,171.9656468,0,0,1,0,53130,RECT-1505-20210918-17_20_47,10288.4,812.936,2752.91,0,0,-1,MPF-1376-20200923-16_21_41,10256,2.197988,1.7592,-0.249424739,0.5,1681.2049,2.175500785,-209.6670463,0,0.001888824,1563.864711,-,0,0,0,0,0,0,0,1,1376,300,300,300,10256,1.39,-0.00684061,-0.29,2000.005833,1681.2049,0.840599998,0.191199997,6,0.5,0: Broadleaf,2,1600893672,397.6725,399.999,22.61654583,22.2389875,405.870875,23.27081667,600.723375,100.7749583,0.116315625,28.028925,29.0147,999.9,0,0,10001.82208,0,405.3845,2000.005833,0.980001125,0.019999075,0,2.206991667,0,3334.671667,16306.10417,46.375,48.27583333,47.125,46.06725,45.52066667,1960.005833,40,0,232.1000001,0,2.197988,-1.000992322,5.186153808,3334.6596,15,1600893666,13:41:06,1600893656,1600893666,41,0.011,0.029,-8.216,-0.663,400,22,0.4,0.3,-1.354579088,-14.54581183,1.603851632,0,2.217167647,-0.545769591,0.174764293,1,0.209050387,2.478692494,0.268858931,0,1,3,3-Jan,100,100,-8.189,-0.6444,-5.017725462,-0.007814304,-3.18E-07,6.48E-10,-0.725616081,-0.027428369,0.001386821,-3.01E-06,5,2011,2,27,0.4,0.2,2,629.595,369.753,23.0033,33.675,29.9988,33.7805,33.7888,21.8897,21.0584,39.5915,23,400,22.034,100.103,101.539
101,1600893714,14066.5,20200923 13:41:54,13:41:54,h3.brodia.2,92.95028356,1600893706,0.000629169,3.247237103,396.5075447,237.4990731,23.96065806,40.00260538,0.034935204,2.272988076,0.034639626,0.021676114,321.4434215,30.33076215,29.17145806,4.061847833,59.76395016,2.287061142,3.826823922,1.774786691,-27.7463558,-125.9001516,-12.15304312,155.643871,0,0,1,0,53113,RECT-1505-20210918-17_20_47,10288.4,812.936,2752.91,0,0,-1,MPF-1377-20200923-16_22_17,10255.2,2.244338462,1.958,-0.146240277,0.5,1681.191861,3.247237103,-122.9289814,0,0.002526325,1404.980592,-,0,0,0,0,0,0,0,1,1377,300,300,300,10255.2,1.31,-0.00683986,0.01,1999.990645,1681.191861,0.840599862,0.191199725,6,0.5,0: Broadleaf,2,1600893706,396.5075484,400.0031935,22.66944839,22.05472903,404.6967097,23.31866452,600.1823226,100.7774194,0.10995571,28.14404839,29.17145806,999.9,0,0,10003.82903,0,408.7441613,1999.990645,0.980003387,0.0199968,0,2.261306452,0,3309.272258,16306.00968,46.56403226,48.42709677,47.254,46.25593548,45.67703226,1960,39.99064516,0,34.9000001,0,2.244338462,0.732909395,-40.37435899,3309.152692,15,1600893666,13:41:06,1600893656,1600893666,41,0.011,0.029,-8.216,-0.663,400,22,0.4,0.3,-3.503832683,0.092546341,0.04643732,1,2.274754286,-0.167333072,0.195972964,1,0.629527146,-0.282790369,0.029613027,0,2,3,3-Feb,100,100,-8.19,-0.6491,-5.017725462,-0.007814304,-3.18E-07,6.48E-10,-0.725616081,-0.027428369,0.001386821,-3.01E-06,5,2011,2,27,1,0.8,2,631.734,370.603,23.0064,33.5855,29.9996,33.7022,33.72,21.8832,20.7894,39.2196,23,400,22.1446,100.116,101.553
102,1600893762,14114.4,20200923 13:42:42,13:42:42,h3.brodia.2,109.5488864,1600893754,0.000534089,3.195360257,396.5976297,211.2902831,21.31602257,40.0107563,0.02916835,2.271509484,0.028961857,0.018119591,321.4487637,30.52091031,29.39627667,4.1149222,59.90876826,2.313765784,3.862148816,1.801156416,-23.55332765,-134.0158731,-12.9695224,150.9100406,0,0,1,0,53106,RECT-1505-20210918-17_20_47,10288.4,812.936,2752.91,0,0,-1,MPF-1378-20200923-16_23_05,10254,2.168442308,2.92696,0.259148636,0.5,1681.219889,3.195360257,217.8429208,0,0.002495426,939.5355727,-,0,0,0,0,0,0,0,1,1378,300,300,300,10254,1.31,-0.0068391,-0.01,2000.024,1681.219889,0.840599858,0.191199715,6,0.5,0: Broadleaf,2,1600893754,396.5976333,400.0038333,22.93468333,22.41299333,404.7876667,23.57551667,600.1724,100.7742,0.110811167,28.30192667,29.39627667,999.9,0,0,9994.536667,0,400.5969,2000.024,0.9800055,0.019994617,0,2.179236667,0,3286.162,16306.29,46.8183,48.7269,47.4853,46.51446667,45.94333333,1960.034,39.991,0,47.4000001,0,2.168442308,0.06926154,-23.82700853,3285.926923,15,1600893666,13:41:06,1600893656,1600893666,41,0.011,0.029,-8.216,-0.663,400,22,0.4,0.3,-3.404561707,-0.088002058,0.053648226,1,2.207838235,-0.339884608,0.179941191,1,0.507458268,0.249333764,0.024979171,0,2,3,3-Feb,100,100,-8.191,-0.6403,-5.017725462,-0.007814304,-3.18E-07,6.48E-10,-0.725616081,-0.027428369,0.001386821,-3.01E-06,5,2011,2,27,1.8,1.6,2,632.133,370.847,23.0003,33.5334,29.9997,33.6416,33.6654,21.881,19.9149,38.8443,23,400,22.3187,100.121,101.559
103,1600893960,14311.9,20200923 13:45:59,13:45:59,h4.brodia.2,95.90403252,1600893952,0.000530834,2.894562406,396.9572967,233.6137068,23.56891263,40.04838574,0.030181863,2.272857701,0.02996096,0.018745312,321.4468309,30.51413677,29.01611667,4.025524997,59.42035122,2.2940162,3.860657422,1.731508798,-23.4097739,-88.32640261,-8.526381087,201.1842733,0,0,1,0,52886,RECT-1505-20210918-17_20_47,10288.4,812.936,2752.91,0,0,-1,MPF-1379-20200923-16_26_22,10246.6,2.262680769,2.11213,-0.071279121,0.5,1681.2098,2.894562406,-59.91757814,0,0.002316524,1302.380947,-,0,0,0,0,0,0,0,1,1379,300,300,300,10246.6,1.2,-0.00683369,-0.24,2000.012,1681.2098,0.840599856,0.191199713,6,0.5,0: Broadleaf,2,1600893952,396.9573,400.0591667,22.73815667,22.21996333,405.1389667,23.37423333,600.6604,100.7757667,0.112631333,28.29528667,29.01611667,999.9,0,0,10003.14533,0,406.9851,2000.012,0.9800043,0.0199956,0,2.285686667,0,4613.014,16306.18667,47.4916,49.4916,48.1746,47.25,46.562,1960.021333,39.99066667,0,196.6000001,0,2.262680769,0.422376068,-317.0991453,4612.108077,15,1600893945,13:45:44,1600893928,1600893945,42,0.011,0.013,-8.206,-0.653,400,22,0.68,0.35,-2.251634651,-17.9387883,1.9438703,0,2.267172727,0.165625607,0.201929417,1,0.376057266,3.019209618,0.323041366,0,1,3,3-Jan,100,100,-8.173,-0.6277,-5.00661714,-0.007814304,-3.18E-07,6.48E-10,-0.713110816,-0.027428369,0.001386821,-3.01E-06,5,2011,2,27,0.5,0.2,2,629.399,370.69,23.0011,33.4387,29.9999,33.5133,33.5322,21.8652,20.277,38.1012,23,400,22.2268,100.14,101.576
104,1600894003,14354.9,20200923 13:46:42,13:46:42,h4.brodia.2,91.40566719,1600893995,0.000745939,3.895378716,395.8064149,239.2809743,24.13858433,39.92881821,0.042616381,2.271946423,0.042177219,0.026399841,321.4431278,30.52418029,29.12016452,4.049822603,59.86658563,2.32202891,3.878672694,1.727793693,-32.89589325,-91.22932942,-8.818209422,188.4996957,0,0,1,0,52871,RECT-1505-20210918-17_20_47,10288.4,812.936,2752.91,0,0,-1,MPF-1380-20200923-16_27_05,10245.7,2.265088,1.5528,-0.458712004,0.5,1681.190487,3.895378716,-385.5911288,0,0.002911852,1771.868367,-,0,0,0,0,0,0,0,1,1380,300,300,300,10245.7,1.2,-0.00683301,-0.69,1999.989032,1681.190487,0.840599853,0.191199707,6,0.5,0: Broadleaf,2,1600893995,395.8064194,399.995871,23.01780968,22.28924516,403.979129,23.64386774,600.1681935,100.7717097,0.107954484,28.37534516,29.12016452,999.9,0,0,9997.623548,0,415.639129,1999.989032,0.980005677,0.0199942,0,2.252045161,0,4444.016129,16306.0129,47.637,49.61077419,48.32012903,47.36890323,46.70732258,1959.999032,39.99,0,42.20000005,0,2.265088,-0.127884625,-151.3969229,4441.8084,15,1600893945,13:45:44,1600893928,1600893945,42,0.011,0.013,-8.206,-0.653,400,22,0.68,0.35,-4.19916561,0.303091568,0.04372259,1,2.265817647,-0.271600169,0.218892116,1,0.738568146,-0.45115361,0.055939388,0,2,3,3-Feb,100,100,-8.173,-0.6248,-5.00661714,-0.007814304,-3.18E-07,6.48E-10,-0.713110816,-0.027428369,0.001386821,-3.01E-06,5,2011,2,27,1.2,1,2,631.021,371.419,23.0038,33.4109,29.9998,33.4795,33.5006,21.8639,19.3822,37.73,23,400,22.4305,100.15,101.587
105,1600894043,14394.9,20200923 13:47:22,13:47:22,h4.brodia.2,90.31763945,1600894035,0.000765569,3.947839391,395.7543955,240.9222007,24.30371342,39.92285222,0.043710613,2.272024636,0.043248757,0.027071562,321.444634,30.57571976,29.19081667,4.066394337,60.05903602,2.337380116,3.89180425,1.729014221,-33.76160528,-92.76366648,-8.971952117,185.9474101,0,0,1,0,52909,RECT-1505-20210918-17_20_47,10288.4,812.936,2752.91,0,0,-1,MPF-1381-20200923-16_27_45,10244.7,2.25195,2.1404,-0.052116427,0.5,1681.19806,3.947839391,-43.80901785,0,0.002943044,1285.166137,-,0,0,0,0,0,0,0,1,1381,300,300,300,10244.7,1.21,-0.00683232,-0.41,1999.998,1681.19806,0.840599871,0.191199741,6,0.5,0: Broadleaf,2,1600894035,395.7544,400.004,23.1704,22.42278333,403.9266667,23.79154667,600.1718,100.7684,0.109449167,28.43349667,29.19081667,999.9,0,0,9998.460333,0,414.9427,1999.998,0.980003267,0.019996587,0,2.250926667,0,4353.705667,16306.06333,47.8204,49.7458,48.4832,47.4748,46.8708,1960.006667,39.99133333,0,39.20000005,0,2.25195,0.389637601,-92.31145285,4353.311923,15,1600893945,13:45:44,1600893928,1600893945,42,0.011,0.013,-8.206,-0.653,400,22,0.68,0.35,-4.247407317,-0.22609338,0.047502225,1,2.242402941,0.439344041,0.171238203,1,0.746467024,0.055476021,0.01114251,1,3,3,3-Mar,100,100,-8.172,-0.6213,-5.00661714,-0.007814304,-3.18E-07,6.48E-10,-0.713110816,-0.027428369,0.001386821,-3.01E-06,5,2011,2,27,1.9,1.6,2,630.801,371.413,23.002,33.407,30.0004,33.4705,33.4946,21.8627,19.3822,37.359,23,400,22.3568,100.15,101.584
106,1600894295,14647.4,20200923 13:51:35,13:51:35,c5.brodia.2,65.44306246,1600894287,0.001185372,4.713471731,394.8731882,279.57297,28.19863337,39.82818604,0.072024009,2.271435113,0.070778909,0.044346892,321.4428143,30.09123155,28.64678065,3.940299773,60.39477858,2.303373287,3.81386163,1.636926486,-52.27488574,-68.69674399,-6.616547153,193.8546374,0,0,1,0,53078,RECT-1505-20210918-17_20_47,10288.4,812.936,2752.91,0,0,-1,MPF-1382-20200923-16_31_58,10256.6,2.202953846,2.1,-0.049025641,0.5,1681.186181,4.713471731,-41.21061509,0,0.003398477,1309.909524,-,0,0,0,0,0,0,0,1,1382,300,300,300,10256.6,1.07,-0.00684011,-0.74,1999.983548,1681.186181,0.840600005,0.19120001,6,0.5,0: Broadleaf,2,1600894287,394.8731935,400.0533871,22.8366,21.6786,402.9206452,23.45784839,600.1563226,100.7552903,0.107941806,28.08579677,28.64678065,999.9,0,0,9995.929032,0,100.9141323,1999.983548,0.980001742,0.019998458,0,2.20363871,0,6140.398065,16305.92258,47.937,49.33029032,48.562,47.44512903,46.883,1959.983548,40,0,251.6000001,0,2.202953846,-0.272991452,-383.8372649,6137.586154,15,1600894273,13:51:12,1600894273,1600894268,43,0.117,0.011,-8.088,-0.655,400,22,0.41,0.07,-4.632586366,-8.309935233,1.289954444,0,2.208227273,-0.277507986,0.183027089,1,1.009603156,2.498780697,0.307286415,0,1,3,3-Jan,100,100,-8.047,-0.624,-4.889663201,-0.007814304,-3.18E-07,6.48E-10,-0.702174308,-0.027428369,0.001386821,-3.01E-06,5,2011,2,27,0.4,0.5,2,630.869,371.315,23.0056,33.042,30.0005,33.1536,33.1785,21.8206,22.3603,36.6307,23,400,21.5372,100.189,101.629
107,1600894332,14684.4,20200923 13:52:12,13:52:12,c5.brodia.2,70.93167815,1600894324,0.001115285,4.700778345,394.8618947,270.7136788,27.3056416,39.82790019,0.066271918,2.27256257,0.065216696,0.040853843,321.445961,30.1535002,28.72911,3.959159938,59.84225443,2.28765233,3.82280439,1.671507609,-49.1840825,-73.89165978,-7.117706481,191.2525122,0,0,1,0,53153,RECT-1505-20210918-17_20_47,10288.4,812.936,2752.91,0,0,-1,MPF-1383-20200923-16_32_35,10255.9,2.186508,1.9428,-0.125441631,0.5,1681.20531,4.700778345,-105.4465678,0,0.003390888,1415.980646,-,0,0,0,0,0,0,0,1,1383,300,300,300,10255.9,1.39,-0.00683964,-0.68,2000.006667,1681.20531,0.840599853,0.191199706,6,0.5,0: Broadleaf,2,1600894324,394.8619,400.0015667,22.68025,21.59057667,402.9092,23.30640333,600.1745667,100.7580667,0.107326333,28.12600333,28.72911,999.9,0,0,10002.98333,0,99.28536,2000.006667,0.9800033,0.01999689,0,2.205153333,0,5980.005333,16306.13,48.062,49.39773333,48.65186667,47.53513333,47,1960.016333,39.99033333,0,36,0,2.186508,-0.112984612,-175.960769,5978.5652,15,1600894273,13:51:12,1600894273,1600894268,43,0.117,0.011,-8.088,-0.655,400,22,0.41,0.07,-5.156940244,0.249073589,0.051884485,1,2.169774286,0.223953816,0.154501185,1,1.105070488,-0.278465436,0.027575337,0,2,3,3-Feb,100,100,-8.049,-0.6265,-4.889663201,-0.007814304,-3.18E-07,6.48E-10,-0.702174308,-0.027428369,0.001386821,-3.01E-06,5,2011,2,27,1,1.1,2,631.657,370.86,23.0012,33.0759,30.0006,33.164,33.1902,21.8162,22.3741,36.2545,23,400,21.7138,100.181,101.622
108,1600894375,14727.4,20200923 13:52:55,13:52:55,c5.brodia.2,80.02993245,1600894370,0.000984854,4.638623156,394.9798836,256.4163695,25.86440855,39.84114237,0.057961103,2.270340177,0.057151424,0.035791444,321.4468963,30.24772511,28.83335556,3.983153629,59.9675153,2.299074839,3.833867098,1.68407879,-43.4320661,-80.50494576,-7.768277139,189.7416073,0,0,1,0,53119,RECT-1505-20210918-17_20_47,10288.4,812.936,2752.91,0,0,-1,MPF-1384-20200923-16_33_18,10255.1,2.170573077,1.9872,-0.092277112,0.5,1681.209583,4.638623156,-77.56858249,0,0.003353909,1384.321055,-,0,0,0,0,0,0,0,1,1384,300,300,300,10255.1,1.67,-0.00683906,-0.4,2000.011667,1681.209583,0.840599888,0.191199776,6,0.5,0: Broadleaf,2,1600894370,394.9798889,400.0061111,22.79272778,21.83058889,403.0282222,23.41535556,600.1669444,100.7597778,0.109010778,28.17562778,28.83335556,999.9,0,0,9988.368889,0,108.6586667,2000.011667,0.980004333,0.019995822,0,2.194077778,0,5876.634444,16306.15556,48.215,49.5,48.80511111,47.63188889,47.125,1960.018889,39.99277778,0,41.89999986,0,2.170573077,0.257528213,-126.0615385,5883.098462,15,1600894273,13:51:12,1600894273,1600894268,43,0.117,0.011,-8.088,-0.655,400,22,0.41,0.07,-5.011145122,-0.18363993,0.05791745,1,2.186391429,0.174909867,0.166826569,1,0.963275854,-0.073413199,0.01865876,1,3,3,3-Mar,100,100,-8.049,-0.6221,-4.889663201,-0.007814304,-3.18E-07,6.48E-10,-0.702174308,-0.027428369,0.001386821,-3.01E-06,5,2011,2,27,1.7,1.8,2,631.911,370.395,23.0029,33.1397,30.001,33.1995,33.227,21.8163,22.0873,35.5102,23,400,21.7503,100.167,101.609
109,1600894591,14942.9,20200923 13:56:30,13:56:30,c6.brodia.2,113.1542262,1600894583,0.000469056,2.904421647,396.9005301,206.020412,20.78031102,40.03349174,0.025667814,2.273824281,0.025507925,0.015956736,321.4441481,30.60817168,29.32527333,4.098095051,59.37263329,2.302164441,3.877484143,1.79593061,-20.68538276,-117.0945433,-11.3202378,172.3439843,0,0,1,0,53084,RECT-1505-20210918-17_20_47,10288.4,812.936,2752.91,0,0,-1,MPF-1385-20200923-16_36_53,10270.2,2.189268,2.6004,0.158103369,0.5,1681.196291,2.904421647,132.9013985,0,0.002322407,1057.648669,-,0,0,0,0,0,0,0,1,1385,300,300,300,10270.2,1.67,-0.0068488,-0.81,1999.996,1681.196291,0.840599827,0.191199653,6,0.5,0: Broadleaf,2,1600894583,396.9005333,399.9883333,22.82414667,22.36621,405.1623333,23.46268333,600.5422,100.7503667,0.1149351,28.37007333,29.32527333,999.9,0,0,10011.955,0,222.9744333,1999.996,0.980007,0.0199926,0,2.208553333,0,8737.143333,16306.07,48.375,49.937,49.125,47.937,47.39566667,1960.006,39.98833333,0,214.8,0,2.189268,-0.10355384,-1385.866156,8721.5556,15,1600894576,13:56:15,1600894575,1600894576,44,-0.219,-0.02,-8.309,-0.659,400,22,0.51,0.09,-2.203227951,-18.29931696,1.992919387,0,2.1918,0.013008106,0.238117613,1,0.3406035,2.360255787,0.264159285,0,1,3,3-Jan,100,100,-8.276,-0.6352,-5.108371913,-0.007814304,-3.18E-07,6.48E-10,-0.722407612,-0.027428369,0.001386821,-3.01E-06,5,2011,2,27,0.3,0.2,2,628.899,367.936,22.9986,33.6791,30.0013,33.6305,33.6429,21.8192,17.4963,34.7647,23,400,22.4611,100.049,101.492
110,1600894644,14996.4,20200923 13:57:24,13:57:24,c6.brodia.2,123.3587946,1600894636,0.000361971,2.43729176,397.4173306,190.5738912,19.22223945,40.08550722,0.019757746,2.272775658,0.01966282,0.012297753,321.4473901,30.62860615,29.43366667,4.12380748,60.05162222,2.326364955,3.873941901,1.797442525,-15.96290478,-132.2481346,-12.7970265,160.4393243,0,0,1,0,52968,RECT-1505-20210918-17_20_47,10288.4,812.936,2752.91,0,0,-1,MPF-1386-20200923-16_37_47,10269.7,2.246765385,2.3308,0.036053979,0.5,1681.20708,2.43729176,30.30710278,0,0.002044538,1180.10091,-,0,0,0,0,0,0,0,1,1386,300,300,300,10269.7,1.19,-0.00684839,-0.56,2000.008,1681.20708,0.840600177,0.191200355,6,0.5,0: Broadleaf,2,1600894636,397.4173333,399.9977333,23.06414,22.71062,405.7051,23.69771,600.1732667,100.7547333,0.110287233,28.35435333,29.43366667,999.9,0,0,10004.7,0,230.3574,2000.008,0.979994767,0.020004863,0,2.252353333,0,7926.886667,16306.09,48.437,50.00413333,49.125,47.937,47.437,1959.996667,40.012,0,52.60000014,0,2.246765385,-0.170232472,-396.2704273,7925.500385,15,1600894576,13:56:15,1600894575,1600894576,44,-0.219,-0.02,-8.309,-0.659,400,22,0.51,0.09,-2.640069268,1.000186411,0.10479249,0,2.244182857,-0.151817613,0.208747959,1,0.350110512,0.058689094,0.006367902,1,2,3,3-Feb,100,100,-8.289,-0.6339,-5.108371913,-0.007814304,-3.18E-07,6.48E-10,-0.722407612,-0.027428369,0.001386821,-3.01E-06,5,2011,2,27,1.1,1.1,2,630.471,368.674,22.9997,33.8023,30.001,33.7467,33.7584,21.8294,16.0272,34.7647,23,400,22.7124,100.016,101.463
111,1600894686,15037.9,20200923 13:58:05,13:58:05,c6.brodia.2,118.5226874,1600894678,0.000353921,2.273579947,397.5769652,198.3479344,20.00641669,40.1017054,0.019182656,2.271617839,0.019093116,0.011941208,321.4469668,30.67325306,29.47050323,4.132577593,59.81439664,2.322708697,3.88319339,1.809868897,-15.60793112,-131.6671376,-12.75223217,161.4196659,0,0,1,0,52998,RECT-1505-20210918-17_20_47,10288.4,812.936,2752.91,0,0,-1,MPF-1387-20200923-16_38_28,10269.3,2.20766,1.8148,-0.216475645,0.5,1681.205198,2.273579947,-181.9699895,0,0.001947163,1515.921975,-,0,0,0,0,0,0,0,1,1387,300,300,300,10269.3,1.36,-0.00684803,-0.65,2000.005806,1681.205198,0.840600159,0.191200317,6,0.5,0: Broadleaf,2,1600894678,397.5769677,399.9905806,23.02783548,22.68216129,405.8660645,23.66259355,600.1685484,100.7540645,0.111199097,28.39538387,29.47050323,999.9,0,0,9997.238387,0,301.6073548,2000.005806,0.979992452,0.0200071,0,2.221364516,0,7740.660968,16306.07742,48.46951613,50.058,49.131,47.933,47.44919355,1959.993226,40.01064516,0,40.79999995,0,2.20766,-0.176838458,-171.0353846,7737.7,15,1600894576,13:56:15,1600894575,1600894576,44,-0.219,-0.02,-8.309,-0.659,400,22,0.51,0.09,-2.407273415,-0.051105993,0.039589976,1,2.208776471,-0.140127607,0.13357788,1,0.350875902,-0.219338571,0.027183287,0,2,3,3-Feb,100,100,-8.288,-0.634,-5.108371913,-0.007814304,-3.18E-07,6.48E-10,-0.722407612,-0.027428369,0.001386821,-3.01E-06,5,2011,2,27,1.8,1.8,2,630.308,368.722,23.0014,33.8934,30.0012,33.8378,33.8506,21.8299,15.7467,34.7647,23,400,22.7456,99.9953,101.445
112,1600894994,15345.9,20200923 14:03:13,14:03:13,h5.brodia.2,62.89798589,1600894986,0.001393685,5.544285285,393.9377271,282.7298907,28.51671876,39.73337006,0.088147263,2.272278767,0.086290732,0.054095253,321.4461878,29.89831181,28.32000667,3.866212268,60.39731782,2.286874702,3.786384535,1.579337567,-61.46150357,-43.8883664,-4.216074642,211.8802432,0,0,1,0,53073,RECT-1505-20210918-17_20_47,10288.4,812.936,2752.91,0,0,-1,MPF-1388-20200923-16_43_36,10257.7,2.104084615,1.616,-0.302032559,0.5,1681.20367,5.544285285,-253.8891233,0,0.003892619,1702.533416,-,0,0,0,0,0,0,0,1,1388,300,300,300,10257.7,1.07,-0.00684079,-0.49,2000.004333,1681.20367,0.840600014,0.191200027,6,0.5,0: Broadleaf,2,1600894986,393.9377333,400.0292,22.67329,21.31161667,402.1195,23.29373667,600.1816,100.7540333,0.108025133,27.96174333,28.32000667,999.9,0,0,10001.53833,0,417.7664,2000.004333,0.9799986,0.020001647,0,2.110483333,0,5720.573333,16306.08667,47.656,49.437,48.4895,47.062,46.62706667,1960.003333,40.001,0,307,0,2.104084615,-0.698974361,-132.4331625,5720.432692,15,1600894962,14:02:41,1600894960,1600894962,45,0.078,0.026,-8.23,-0.66,400,21,0.53,0.09,-6.091676829,0.182557003,0.038891172,1,2.132777143,-0.456779648,0.185099439,1,1.341385854,0.20186885,0.040361407,0,2,3,3-Feb,100,100,-8.182,-0.6223,-5.030203477,-0.007814304,-3.18E-07,6.48E-10,-0.696041318,-0.027428369,0.001386821,-3.01E-06,5,2011,2,27,0.6,0.5,2,631.516,369.18,22.9993,33.5701,29.9996,33.676,33.6889,21.7946,21.6551,33.6581,23,400,21.2612,100.05,101.509
113,1600895032,15384.4,20200923 14:03:52,14:03:52,h5.brodia.2,67.75876658,1600895026,0.001298318,5.461549898,393.9911302,274.9842423,27.73543869,39.73870192,0.080602853,2.272063045,0.079047352,0.04954185,321.4448852,29.93073649,28.34927727,3.872798698,59.85868192,2.266603914,3.786591754,1.606194784,-57.25584493,-47.35464278,-4.550174429,212.284223,0,0,1,0,53025,RECT-1505-20210918-17_20_47,10288.4,812.936,2752.91,0,0,-1,MPF-1389-20200923-16_44_15,10257.5,2.164161538,3.08029,0.297416302,0.5,1681.196959,5.461549898,250.0076914,0,0.003843422,892.7177993,-,0,0,0,0,0,0,0,1,1389,300,300,300,10257.5,1.24,-0.00684055,-0.76,1999.996364,1681.196959,0.840600008,0.191200016,6,0.5,0: Broadleaf,2,1600895026,393.9911364,399.9624091,22.47234545,21.20358636,402.1735,23.09905,600.1811818,100.7540455,0.107874727,27.96268182,28.34927727,999.9,0,0,10000.13455,0,417.1495455,1999.996364,0.979999318,0.020000905,0,2.152972727,0,5646.692727,16306.02273,47.69559091,49.437,48.5,47.07631818,46.687,1959.995909,40.00045455,0,37.79999995,0,2.164161538,-0.288027345,-62.19863252,5648.458846,15,1600894962,14:02:41,1600894960,1600894962,45,0.078,0.026,-8.23,-0.66,400,21,0.53,0.09,-5.978918537,0.069567805,0.025862467,1,2.160626471,0.207332206,0.176211521,1,1.293383902,-0.293598188,0.029506557,0,2,3,3-Feb,100,100,-8.183,-0.6271,-5.030203477,-0.007814304,-3.18E-07,6.48E-10,-0.696041318,-0.027428369,0.001386821,-3.01E-06,5,2011,2,27,1.2,1.2,2,631.847,369.37,23.0004,33.5351,29.9997,33.6313,33.6469,21.7977,21.3722,32.9055,23,400,21.3226,100.062,101.522
114,1600895072,15424.4,20200923 14:04:32,14:04:32,h5.brodia.2,72.66017759,1600895065,0.001223611,5.467026234,394.0457179,267.2221299,26.9516237,39.74286079,0.075241025,2.272386401,0.073883901,0.046297331,321.4443393,29.98249365,28.41586207,3.887817981,59.81138402,2.268450648,3.792673729,1.619367332,-53.96126411,-52.14654509,-5.012251007,210.3242791,0,0,1,0,52900,RECT-1505-20210918-17_20_47,10288.4,812.936,2752.91,0,0,-1,MPF-1390-20200923-16_44_55,10257.1,2.208356,1.8476,-0.195256549,0.5,1681.194207,5.467026234,-164.1320895,0,0.003846686,1488.992423,-,0,0,0,0,0,0,0,1,1390,300,300,300,10257.1,1.44,-0.00684028,-0.44,1999.993103,1681.194207,0.840600002,0.191200004,6,0.5,0: Broadleaf,2,1600895065,394.0457241,399.993069,22.49141724,21.29569655,402.2283793,23.11753103,600.1856552,100.7504828,0.108019138,27.9902069,28.41586207,999.9,0,0,10002.59069,0,417.5932759,1999.993103,0.980000103,0.020000097,0,2.207541379,0,5600.289655,16306.00345,47.77565517,49.49131034,48.54062069,47.14210345,46.75,1959.993103,40,0,39.20000005,0,2.208356,0.947630789,-21.65384611,5600.1616,15,1600894962,14:02:41,1600894960,1600894962,45,0.078,0.026,-8.23,-0.66,400,21,0.53,0.09,-5.938305122,-0.09441993,0.036187779,1,2.223209091,-0.026290132,0.216173215,1,1.19907878,-0.066007735,0.015245985,1,3,3,3-Mar,100,100,-8.183,-0.6262,-5.030203477,-0.007814304,-3.18E-07,6.48E-10,-0.696041318,-0.027428369,0.001386821,-3.01E-06,5,2011,2,27,1.9,1.8,2,632.155,369.409,23.001,33.5179,30.0003,33.6073,33.6244,21.8045,20.2237,32.5327,23,400,21.3876,100.068,101.522
115,1600895288,15640.4,20200923 14:08:08,14:08:08,h6.brodia.2,55.70410244,1600895280,0.00257554,9.898308256,389.0662221,288.4805753,29.09295507,39.23690913,0.177694421,2.268887823,0.170309207,0.107081209,321.4459907,29.65481919,27.91326667,3.77569427,60.14869728,2.296497365,3.818033423,1.479196904,-113.5813166,23.39946189,2.248237423,233.5123734,5,1,1,0,53080,RECT-1505-20210918-17_20_47,10288.4,812.936,2752.91,0,0,-1,MPF-1391-20200923-16_48_31,10240.9,2.241572,2.224,-0.007901079,0.5,1681.20281,9.898308256,-6.641658223,0,0.006482447,1236.819245,-,0,0,0,0,0,0,0,1,1391,300,300,300,10240.9,1.43,-0.00682989,-0.87,2000.003333,1681.20281,0.840600004,0.191200008,6,0.5,0: Broadleaf,2,1600895280,389.0662333,399.9639667,22.77166,20.25537667,397.2743333,23.35686667,600.1448333,100.7391667,0.109755433,28.10456333,27.91326667,999.9,0,0,9980.978,0,336.5499667,2000.003333,0.9799991,0.0200006,0,2.20995,0,6078.165333,16306.08,47.937,49.6891,48.62283333,47.5704,46.92873333,1960.003,40.00033333,0,215,0,2.241572,-0.227523086,-35.42461548,6076.8208,15,1600895265,14:07:45,1600895258,1600895265,46,-0.064,0.033,-8.294,-0.671,400,20,0.28,0.03,-9.930620976,-14.7045138,2.286089571,0,2.237154286,-0.190104892,0.211185932,1,2.295229195,3.871572815,0.510679165,0,1,3,3-Jan,100,100,-8.208,-0.5838,-5.094064462,-0.007814304,-3.18E-07,6.48E-10,-0.662832412,-0.027428369,0.001386821,-3.01E-06,5,2011,2,27,0.5,0.4,2,621.433,367.846,23.0016,33.6582,30.0007,33.6532,33.661,21.8021,24.0492,31.1986,23,400,20.0282,100.031,101.504
116,1600895327,15679.4,20200923 14:08:47,14:08:47,h6.brodia.2,54.86885303,1600895319,0.002641185,9.895078027,389.0249888,289.6769423,29.21409716,39.23340853,0.18034053,2.271083419,0.172745801,0.108621829,321.4482281,29.62593186,27.95134,3.784088128,59.96176156,2.288563625,3.816705123,1.495524503,-116.4762365,18.0290911,1.730850366,224.7319331,4,1,1,0,53010,RECT-1505-20210918-17_20_47,10288.4,812.936,2752.91,0,0,-1,MPF-1392-20200923-16_49_10,10240.6,2.166738462,3.02681,0.284151149,0.5,1681.21432,9.895078027,238.8594901,0,0.006480481,908.5086907,-,0,0,0,0,0,0,0,1,1392,300,300,300,10240.6,1.23,-0.0068295,-0.56,2000.017,1681.21432,0.840600015,0.19120003,6,0.5,0: Broadleaf,2,1600895319,389.025,399.9443667,22.69261,20.11211667,397.2327667,23.28027333,600.1757333,100.7411667,0.109446167,28.09859,27.95134,999.9,0,0,9995.044333,0,336.7191667,2000.017,0.9799999,0.0199998,0,2.17015,0,5990.939667,16306.2,48,49.687,48.625,47.562,46.958,1960.015667,40.00133333,0,37.79999995,0,2.166738462,-0.94227693,4.414701003,5991.215,15,1600895265,14:07:45,1600895258,1600895265,46,-0.064,0.033,-8.294,-0.671,400,20,0.28,0.03,-10.91805122,-0.029255749,0.049346684,1,2.184302941,-0.268084688,0.180847976,1,2.618965854,-0.7081177,0.074758166,0,2,3,3-Feb,100,100,-8.208,-0.5865,-5.094064462,-0.007814304,-3.18E-07,6.48E-10,-0.662832412,-0.027428369,0.001386821,-3.01E-06,5,2011,2,27,1.1,1,2,623.08,368.043,23.0001,33.7036,30.0004,33.6773,33.6842,21.811,22.5161,30.8216,23,400,20.1906,100.019,101.495
117,1600895365,15717.5,20200923 14:09:25,14:09:25,h6.brodia.2,55.40923908,1600895357,0.002634367,9.879570894,389.0651824,288.7975218,29.12545471,39.23752627,0.178301869,2.270474529,0.170872175,0.107436839,321.4490439,29.65459526,28.02365806,3.800076611,59.96600599,2.292204797,3.822507034,1.507871814,-116.1755971,12.36417268,1.187900623,218.82552,4,1,1,0,53071,RECT-1505-20210918-17_20_47,10288.4,812.936,2752.91,0,0,-1,MPF-1393-20200923-16_49_48,10240.2,2.226512,2.23227,0.002579437,0.5,1681.218968,9.879570894,2.168299269,0,0.00647124,1232.233435,-,0,0,0,0,0,0,0,1,1393,300,300,300,10240.2,1.24,-0.00682933,0.03,2000.022581,1681.218968,0.840599993,0.191199986,6,0.5,0: Broadleaf,2,1600895357,389.0651935,399.9665161,22.72867742,20.15493871,397.2732258,23.31521935,600.1755161,100.7408065,0.109971387,28.12466774,28.02365806,999.9,0,0,9991.122903,0,412.0958387,2000.022581,0.980000903,0.019998797,0,2.244612903,0,5951.549355,16306.25161,48.05,49.687,48.629,47.548,47,1960.022581,40,0,37.19999981,0,2.226512,-0.024446153,-57.48846175,5949.9992,15,1600895265,14:07:45,1600895258,1600895265,46,-0.064,0.033,-8.294,-0.671,400,20,0.28,0.03,-10.918825,0.211555722,0.044233414,1,2.201754545,0.301397093,0.229267939,1,2.5947455,-0.320443227,0.040994446,0,2,3,3-Feb,100,100,-8.208,-0.5866,-5.094064462,-0.007814304,-3.18E-07,6.48E-10,-0.662832412,-0.027428369,0.001386821,-3.01E-06,5,2011,2,27,1.8,1.7,2,623.121,368.327,23.0012,33.7379,30.0005,33.6969,33.7008,21.8162,21.0727,30.0732,23,400,20.3343,100.021,101.492