Sys,Sys,Sys,Sys,Sys,UserDefCon,UserDefVar,GasEx,GasEx,GasEx,GasEx,GasEx,GasEx,GasEx,GasEx,GasEx,GasEx,GasEx,GasEx,GasEx,GasEx,GasEx,GasEx,GasEx,GasEx,GasEx,GasEx,GasEx,GasEx,GasEx,Leak,Leak,Leak,Leak,Leak,FLR,FLR,FLR,FLR,FLR,FLR,FLR,FLR,FLR,FLR,FLR,FLR,FLR,FLR,FLR,FLR,FLR,FLR,FLR,FLR,FLR,FLR,FLR,FLR,FLR,FLR,FLR,FLR,MPF,MPF,MPF,MPF,MPF,MPF,MPF,MPF,LeafQ,LeafQ,LeafQ,LeafQ,Const,Const,Const,Const,Meas,Meas,Meas,Meas,Meas,Meas,Meas,Meas,Meas,Meas,Meas,Meas,Meas,Meas,Meas,Meas,Meas,Meas,FlrLS,FlrLS,FlrLS,FlrLS,FlrLS,FlrLS,FlrLS,FlrLS,FlrLS,FlrLS,FlrLS,FlrLS,FlrLS,FlrLS,FlrLS,FlrLS,FlrLS,FlrLS,FlrStats,FlrStats,FlrStats,FlrStats,FlrStats,MchEvent,MchEvent,MchEvent,MchEvent,MchEvent,MchEvent,MchEvent,MchEvent,MchEvent,MchEvent,MchEvent,MchEvent,MchEvent,Stability,Stability,Stability,Stability,Stability,Stability,Stability,Stability,Stability,Stability,Stability,Stability,Stability,Stability,Stability,MchStatus,MchStatus,MchStatus,MchStatus,MchStatus,MchStatus,MchStatus,MchStatus,MchStatus,MchStatus,MchStatus,MchStatus,MchStatus,MchStatus,MchStatus,MchStatus,MchStatus,MchStatus,Status,Status,Status,Status,Status,Status,Status,Status,Status,Status,Status,Status,Status,Status,Status,Status
obs,time,elapsed,date,hhmmss,plant id,WUE,TIME,E,A,Ca,Ci,Pci,Pca,gsw,gbw,gtw,gtc,Rabs,TleafEB,TleafCnd,SVPleaf,RHcham,VPcham,SVPcham,VPDleaf,LatHFlux,SenHFlux,NetTherm,EBSum,Leak,LeakPct,CorrFact,CorrFactPct,Fan,DarkAdaptedID,Qmax_d,Fo,Fm,Fv,Fv/Fm,Adark,LightAdaptedID,Qmax,Fs,Fm',PhiPS2,PS2/1,Qabs_fs,Afs,ETR,Fv'/Fm',PhiCO2,NPQ,DarkPulseID,Fo',Fv',qP,qN,qP_Fo,qN_Fo,qL,1-qL,ID,P1_dur,P2_dur,P3_dur,P1_Qmax,P1_Fmax,P2_dQdt,P3_ΔF,Qin,Qabs,alpha,convert,S,K,Geometry,Custom,TIME,CO2_s,CO2_r,H2O_s,H2O_r,CO2_a,H2O_a,Flow,Pa,ΔPcham,Tair,Tleaf,Tleaf2,Offset,Offset2,Fan_speed,Qamb_in,Qamb_out,Q,f_red,f_blue,f_farred,F,Q_modavg,F_dc,Pc,Tled,TDigital,TPreamp,TPwrSpy,TDrive,Q_red,Q_blue,Q_farred,TSPF,state,F_avg,dF/dt,dF_dc/dt,F_dc_avg,period,time,hhmmss,co2_t,h2o_t,count,co2_adj,h2o_adj,co2_match,h2o_match,co2_at,h2o_at,co2_cv,h2o_cv,ΔCO2:MN,ΔCO2:SLP,ΔCO2:SD,ΔCO2:OK,F:MN,F:SLP,F:SD,F:OK,ΔH2O:MN,ΔH2O:SLP,ΔH2O:SD,ΔH2O:OK,Stable,Total,State,MatchValveR,MatchValveS,MatchCO2,MatchH2O,cf_co2_a,cf_co2_b,cf_co2_c,cf_co2_d,cf_h2o_a,cf_h2o_b,cf_h2o_c,cf_h2o_d,co2_fit_low,co2_fit_high,h2o_fit_low,h2o_fit_high,co2_elapsed,h2o_elapsed,DIAG,Flow_s,Flow_r,Txchg,Tirga,Tchopper,Ts,Tr,CO2_%,Desiccant_%,Humidifier_%,Txchg_sp,CO2_r_sp,H2O_r_sp,SS_s,SS_r
,s,s,,,,,s,mol m⁻² s⁻¹,µmol m⁻² s⁻¹,µmol mol⁻¹,µmol mol⁻¹,Pa,Pa,mol m⁻² s⁻¹,mol m⁻² s⁻¹,mol m⁻² s⁻¹,mol m⁻² s⁻¹,W m⁻²,°C,°C,kPa,%,kPa,kPa,kPa,W m⁻²,W m⁻²,W m⁻²,W m⁻²,µmol s⁻¹,%,,%,µmol s⁻¹,,,,,,,µmol m⁻² s⁻¹,,,,,,,µmol m⁻² s⁻¹,µmol m⁻² s⁻¹,µmol m⁻² s⁻¹,,µmol µmol⁻¹,,,,,,,,,,,,ms,ms,ms,µmol m⁻² s⁻¹,,mol m⁻² s⁻²,,µmol m⁻² s⁻¹,µmol m⁻² s⁻¹,,J/µmol,cm²,,,mol m⁻² s⁻¹,s,µmol mol⁻¹,µmol mol⁻¹,mmol mol⁻¹,mmol mol⁻¹,µmol mol⁻¹,mmol mol⁻¹,µmol s⁻¹,kPa,kPa,°C,°C,°C,°C,°C,rpm,µmol m⁻² s⁻¹,µmol m⁻² s⁻¹,µmol m⁻² s⁻¹,,,,,µmol m⁻² s⁻¹,,,°C,°C,°C,°C,°C,µmol m⁻² s⁻¹,µmol m⁻² s⁻¹,µmol m⁻² s⁻¹,s,,,min⁻¹,min⁻¹,,s,secs,,s,s,,µmol/mol,mmol/mol,µmol/mol,mmol/mol,µmol/mol,mmol/mol,%,%,µmol mol⁻¹,µmol mol⁻¹ min⁻¹,µmol mol⁻¹,,, min⁻¹,,,mmol mol⁻¹,mmol mol⁻¹ min⁻¹,mmol mol⁻¹,,,,,%,%,µmol/mol,mmol/mol,mmol/mol,,,,mmol/mol,,,,µmol mol⁻¹,µmol mol⁻¹,mmol mol⁻¹,mmol mol⁻¹,min,min,,µmol s⁻¹,µmol s⁻¹,°C,°C,°C,°C,°C,%,%,%,°C,µmol mol⁻¹,mmol mol⁻¹,%,%
1,1683304186,0,20230505 09:29:46,9:29:46,b1.brohor.2,83.60400856,1683304178,0.000771239,6.155578573,393.3455667,252.5183736,25.64815781,39.95190141,0.073627792,2.954190863,0.072623336,0.04547869,321.4485553,23.67589177,21.94311667,2.644315389,59.89359182,1.588150756,2.651620494,1.056164634,-34.01163241,7.202554683,0.500119629,295.1395972,0,0,1,0,54535.77078,RECT-1505-20210918-17_20_47,10288.4,812.936,2752.91,1939.974,0.704699391,-1,MPF-1638-20230505-09_39_45,10271.9,2.199853846,1.686,-0.304776896,0.5,1681.21374,6.155578573,-256.1975523,1,0.004256198,1631.805457,-,0,1.686,-0.304776896,0.999387557,0.00063341,1.418175708,0,1,1638,300,300,300,10271.9,0.97,-0.00685469,-0.37,2000.016,1681.21374,0.840600145,0.19120029,6,0.5,0: Broadleaf,2,1683304178,393.3455667,399.8028667,15.63610333,14.87711667,402.1840333,16.36087667,600.1525667,101.4677333,0.1017384,21.98834,21.94311667,999.9,0,0,9994.453333,0,139.8877667,2000.016,0.9799959,0.02000387,0,2.199886667,0,6919.235333,16306.16333,37.687,38.9727,38.375,36.875,37,1960.006,40.01,0,1683304785,0,2.199853846,-0.008820511,-715.8335044,6919.277308,15,1683304161,9:29:21,1683304161,1683304152,1,-0.67,-0.024,-8.885,-0.74,399,15,0.93,0.16,-6.335875122,-1.411514216,0.373861901,0,2.235182857,-0.411844227,0.165388232,1,0.765369341,0.052138516,0.037719734,1,2,3,3-Feb,100,100,-8.841,-0.7237,-5.686305301,-0.007814304,-3.18E-07,6.48E-10,-0.634090691,-0.027428369,0.001386821,-3.01E-06,5,2011,2,27,0.4,0.6,2,610.194,467.777,20.0005,23.1447,29.9996,23.3775,23.4154,21.2407,23.6406,99.6269,20,400,14.864,101.654,103.468
2,1683304225,39,20230505 09:30:25,9:30:25,b1.brohor.2,71.6109501,1683304223,0.00083463,5.675195744,393.8996667,272.1788116,27.64553792,40.00887543,0.07925039,2.955634288,0.078088531,0.048908301,321.4545137,23.7170132,22.01764444,2.656363584,59.88032294,1.593456299,2.661068312,1.062907285,-36.80717505,4.624521497,0.321170296,289.5930304,0,0,1,0,54567.89403,RECT-1505-20210918-17_20_47,10288.4,812.936,2752.91,1939.974,0.704699391,-1,MPF-1639-20230505-09_40_24,10271.4,2.227711538,2.3668,0.058766462,0.5,1681.2451,5.675195744,49.40041288,1,0.003970388,1162.13588,-,0,2.3668,0.058766462,0.999140255,-0.000171594,1.417824775,0,1,1639,300,300,300,10271.4,1.06,-0.00685438,-1.16,2000.053333,1681.2451,0.840600134,0.191200268,6,0.5,0: Broadleaf,2,1683304223,393.8996667,399.9022222,15.68806667,14.86672222,402.7425556,16.41204444,600.14,101.4698889,0.101345667,22.04666667,22.01764444,999.9,0,0,10002.43111,0,148.395,2000.053333,0.979996667,0.020003078,0,2.281766667,0,6534.245556,16306.48889,37.701,39.062,38.375,36.937,37.062,1960.043333,40.01,0,38.20000005,0,2.227711538,0.456181197,-367.430085,6563.347308,15,1683304161,9:29:21,1683304161,1683304152,1,-0.67,-0.024,-8.885,-0.74,399,15,0.93,0.16,-6.027017805,0.356919303,0.059830069,1,2.211575758,0.086499282,0.167787398,1,0.840348463,-0.164004711,0.016410636,0,2,3,3-Feb,100,100,-8.843,-0.724,-5.686305301,-0.007814304,-3.18E-07,6.48E-10,-0.634090691,-0.027428369,0.001386821,-3.01E-06,5,2011,2,27,1.1,1.2,2,610.871,467.986,19.9996,23.1023,29.9998,23.3271,23.3682,21.2661,23.9694,99.2546,20,400,14.926,101.663,103.474
3,1683304262,75.5,20230505 09:31:01,9:31:01,b1.brohor.2,78.00290843,1683304254,0.000784636,5.725878003,393.8715806,261.9187093,26.60340121,40.0060145,0.073405955,2.953455929,0.072407254,0.045343131,321.4458004,23.79315688,22.10421613,2.670419103,59.63113708,1.592849276,2.671170388,1.077569827,-34.60244676,0.735011067,0.051122375,287.6294871,0,0,1,0,54491.73974,RECT-1505-20210918-17_20_47,10288.4,812.936,2752.91,1939.974,0.704699391,-1,MPF-1640-20230505-09_41_01,10271.1,2.245807692,1.7036,-0.318271714,0.5,1681.201897,5.725878003,-267.5395048,1,0.004000637,1614.93684,-,0,1.7036,-0.318271714,0.999381164,0.000668375,1.418166635,0,1,1640,300,300,300,10271.1,1.17,-0.00685404,-1.03,2000.002258,1681.201897,0.840599999,0.191199999,6,0.5,0: Broadleaf,2,1683304254,393.8715806,399.905,15.68209355,14.90995484,402.7140645,16.40616452,600.1496129,101.469871,0.101342774,22.10883226,22.10421613,999.9,0,0,9990.074516,0,145.3309032,2000.002258,0.979998,0.0200017,0,2.23476129,0,6358.256452,16306.07742,37.768,39.125,38.375,37,37.07622581,1960.002258,40,0,35.79999995,0,2.245807692,-0.449135023,-228.2601707,6355.778846,15,1683304161,9:29:21,1683304161,1683304152,1,-0.67,-0.024,-8.885,-0.74,399,15,0.93,0.16,-6.056320732,0.336079861,0.050676783,1,2.231388235,-0.079189401,0.166601924,1,0.78379361,-0.224621185,0.023579445,0,2,3,3-Feb,100,100,-8.844,-0.724,-5.686305301,-0.007814304,-3.18E-07,6.48E-10,-0.634090691,-0.027428369,0.001386821,-3.01E-06,5,2011,2,27,1.7,1.8,2,611.051,467.451,20.0004,23.0782,30,23.2926,23.3342,21.2892,23.0668,98.8841,20,400,15.0204,101.667,103.479
4,1683304477,291,20230505 09:34:37,9:34:37,b2.brohor.2,41.69545279,1683304471,0.000350554,1.230309639,398.469,324.5351945,32.96557652,40.47561107,0.029507046,2.954486596,0.029344303,0.018354736,321.4426664,23.98536321,22.746276,2.77670936,59.20783823,1.589316994,2.684301677,1.187392365,-15.45941139,-88.71131092,-6.190690036,211.081254,0,0,1,0,54507.52578,RECT-1505-20210918-17_20_47,10288.4,812.936,2752.91,1939.974,0.704699391,-1,MPF-1641-20230505-09_44_36,10276.8,2.152252,2.0484,-0.050699082,0.5,1681.187952,1.230309639,-42.61734309,1,0.001326627,1342.931849,-,0,2.0484,-0.050699082,0.999255915,0.000128072,1.417988901,0,1,1641,300,300,300,10276.8,1.05,-0.00685759,-0.33,1999.986,1681.187952,0.84059986,0.19119972,6,0.5,0: Broadleaf,2,1683304471,398.469,399.83788,15.6463,15.301512,407.31224,16.36096,600.48844,101.47288,0.10493676,22.189332,22.746276,999.9,0,0,9995.624,0,105.39452,1999.986,0.98000284,0.01999706,0,2.166868,0,4448.276,16305.964,37.875,39.53472,38.625,37.437,37.25,1959.9956,39.9904,0,214.3999999,0,2.152252,-0.168900003,-482.0461546,4456.9128,15,1683304465,9:34:24,1683304465,1683304456,2,0.04,0.01,-8.849,-0.72,400,15,0.73,0.19,-0.845390103,-8.331158006,0.898806368,0,2.142394286,0.097582216,0.188471462,1,0.209350658,2.098573909,0.22699996,0,1,3,3-Jan,100,100,-8.834,-0.7121,-5.646597292,-0.007814304,-3.18E-07,6.48E-10,-0.624017766,-0.027428369,0.001386821,-3.01E-06,5,2011,2,27,0.2,0.4,2,607.913,464.584,20.0008,22.9895,29.9998,23.1428,23.1713,21.3779,21.763,98.8841,20,400,15.3308,101.691,103.493
5,1683304511,325,20230505 09:35:11,9:35:11,b2.brohor.2,44.85459691,1683304503,0.000451274,1.71225772,398.0488333,319.0175223,32.40508512,40.43290862,0.038173517,2.955144262,0.037901672,0.023712808,321.448887,24.02901225,22.84544333,2.793451794,59.73167388,1.610239422,2.695788211,1.183212371,-19.90116615,-93.35647672,-6.519002002,201.6722421,0,0,1,0,54514.13516,RECT-1505-20210918-17_20_47,10288.4,812.936,2752.91,1939.974,0.704699391,-1,MPF-1642-20230505-09_45_10,10276.2,2.225430769,1.8588,-0.197240569,0.5,1681.22071,1.71225772,-165.8024645,1,0.001613267,1480.014633,-,0,1.8588,-0.197240569,0.999324787,0.000452029,1.418086634,0,1,1642,300,300,300,10276.2,1.2,-0.00685708,-0.18,2000.025,1681.22071,0.840599848,0.191199695,6,0.5,0: Broadleaf,2,1683304503,398.0488333,399.9401667,15.85228333,15.40829333,406.8841667,16.56378333,600.1755333,101.4749,0.1028594,22.25946667,22.84544333,999.9,0,0,9999.156333,0,119.1175333,2000.025,0.9800045,0.0199954,0,2.251283333,0,4277.383,16306.28333,38,39.562,38.64153333,37.4916,37.312,1960.034667,39.99033333,0,33,0,2.225430769,0.198379485,-166.8769232,4276.947308,15,1683304465,9:34:24,1683304465,1683304456,2,0.04,0.01,-8.849,-0.72,400,15,0.73,0.19,-1.901640244,0.230952125,0.047232665,1,2.202548571,0.548268493,0.154050447,1,0.461586098,-0.270243972,0.032214221,0,2,3,3-Feb,100,100,-8.835,-0.7109,-5.646597292,-0.007814304,-3.18E-07,6.48E-10,-0.624017766,-0.027428369,0.001386821,-3.01E-06,5,2011,2,27,0.8,0.9,2,610.343,465.738,20.0007,22.9479,29.9995,23.0983,23.1293,21.3898,20.574,98.5135,20,400,15.4687,101.696,103.504
6,1683304549,362.5,20230505 09:35:48,9:35:48,b2.brohor.2,46.02763813,1683304541,0.000432309,1.675547958,398.1076774,317.1964342,32.22084099,40.43981202,0.036403084,2.95429843,0.036155711,0.022619405,321.4464743,24.11807387,22.94220968,2.80987394,59.85415772,1.621788984,2.709567798,1.188084957,-19.06482464,-95.39630333,-6.66945681,200.3158895,0,0,1,0,54473.63422,RECT-1505-20210918-17_20_47,10288.4,812.936,2752.91,1939.974,0.704699391,-1,MPF-1643-20230505-09_45_48,10275.7,2.257369231,1.8464,-0.222578656,0.5,1681.2081,1.675547958,-187.1005198,1,0.001591444,1489.960789,-,0,1.8464,-0.222578656,0.999329292,0.000506688,1.418093026,0,1,1643,300,300,300,10275.7,1.42,-0.00685677,-0.12,2000.01,1681.2081,0.840599847,0.191199694,6,0.5,0: Broadleaf,2,1683304541,398.1076774,399.9548387,15.96561935,15.54032581,406.9433226,16.67532581,600.159871,101.4773226,0.102763194,22.34325806,22.94220968,999.9,0,0,9994.119032,0,127.9629677,2000.01,0.980005484,0.0199944,0,2.280935484,0,4132.441613,16306.17097,38.06606452,39.647,38.75,37.562,37.433,1960.02,39.99,0,36.5999999,0,2.257369231,-0.801565816,-151.6820514,4131.544615,15,1683304465,9:34:24,1683304465,1683304456,2,0.04,0.01,-8.849,-0.72,400,15,0.73,0.19,-1.851004878,-0.024603345,0.046660193,1,2.272585714,-0.428930724,0.16260274,1,0.435160366,-0.137549895,0.018042518,0,2,3,3-Feb,100,100,-8.836,-0.7093,-5.646597292,-0.007814304,-3.18E-07,6.48E-10,-0.624017766,-0.027428369,0.001386821,-3.01E-06,5,2011,2,27,1.4,1.6,2,610.206,466.107,20.0017,22.9055,29.9997,23.0558,23.0882,21.3989,20.0182,98.5135,20,400,15.6055,101.705,103.512
7,1683304809,623,20230505 09:40:09,9:40:09,g1.brohor.2,57.31568477,1683304801,0.000541327,2.637613025,397.0984333,298.123897,30.28453515,40.33873696,0.046019044,2.956372455,0.045624761,0.028550619,321.4456066,24.05067397,22.85008333,2.794237324,59.74659814,1.615129038,2.703298745,1.179108286,-23.87251039,-86.84831535,-6.063571883,204.661209,0,0,1,0,54542.3239,RECT-1505-20210918-17_20_47,10288.4,812.936,2752.91,1939.974,0.704699391,-1,MPF-1644-20230505-09_50_08,10292.8,2.15498,2.3196,0.070969133,0.5,1681.20336,2.637613025,59.65677209,1,0.002163696,1185.803759,-,0,2.3196,0.070969133,0.999157401,-0.00020308,1.417849105,0,1,1644,300,300,300,10292.8,1.47,-0.00686816,-0.74,2000.004333,1681.20336,0.840599859,0.191199717,6,0.5,0: Broadleaf,2,1683304801,397.0984333,399.9499,15.89948667,15.36697333,405.7645667,16.61357333,600.2328,101.4833333,0.100388933,22.30518333,22.85008333,999.9,0,0,10005.29567,0,226.1440333,2000.004333,0.9800057,0.019994643,0,2.204283333,0,4192.626333,16306.13,38.30373333,39.76033333,38.91013333,37.875,37.67046667,1960.014333,39.99066667,0,259.8,0,2.15498,-0.10653848,-16.8384615,4192.446,15,1683304789,9:39:49,1683304786,1683304789,3,0.16,-0.003,-8.688,-0.724,400,15,0.42,0.12,-2.279779842,-7.679452197,1.029027256,0,2.18759697,-0.372440632,0.202502351,1,0.430486216,1.407835282,0.189281455,0,1,3,3-Jan,100,100,-8.668,-0.7136,-5.486192623,-0.007814304,-3.18E-07,6.48E-10,-0.627405059,-0.027428369,0.001386821,-3.01E-06,5,2011,2,27,0.4,0.3,2,606.863,463.606,20.0008,22.7831,30.0007,22.8975,22.9281,21.4116,22.2224,98.5135,20,400,15.4014,101.717,103.51
8,1683304845,658.5,20230505 09:40:44,9:40:44,g1.brohor.2,51.90732839,1683304837,0.000438912,1.913916781,397.862,307.5597828,31.24327206,40.41656746,0.036871803,2.953919809,0.036618011,0.022908913,321.4458453,24.12114888,22.95316129,2.81173784,59.79690212,1.62068911,2.710322864,1.19104873,-19.35599758,-96.398665,-6.740930269,198.9502524,0,0,1,0,54461.68981,RECT-1505-20210918-17_20_47,10288.4,812.936,2752.91,1939.974,0.704699391,-1,MPF-1645-20230505-09_50_44,10292.2,2.22312,2.61258,0.149071033,0.5,1681.20119,1.913916781,125.3091993,1,0.001733235,1052.713188,-,0,2.61258,0.149071033,0.999050975,-0.000480623,1.417698083,0,1,1645,300,300,300,10292.2,1.82,-0.00686771,0.14,2000.00129,1681.20119,0.840600053,0.191200106,6,0.5,0: Broadleaf,2,1683304837,397.862,399.95,15.95411613,15.52231935,406.533871,16.66731613,600.1560323,101.4832258,0.101161387,22.34783871,22.95316129,999.9,0,0,9991.390323,0,230.1995484,2000.00129,0.979999677,0.020000632,0,2.18926129,0,4218.432258,16306.05806,38.375,39.875,38.98170968,37.94919355,37.75,1959.997742,40.00354839,0,34.80000019,0,2.22312,0.031030766,88.85230749,4219.43,15,1683304789,9:39:49,1683304786,1683304789,3,0.16,-0.003,-8.688,-0.724,400,15,0.42,0.12,-2.104738293,0.315549199,0.036436035,1,2.214545455,-0.232625719,0.183447859,1,0.454858049,-0.372273596,0.043347623,0,2,3,3-Feb,100,100,-8.672,-0.7126,-5.486192623,-0.007814304,-3.18E-07,6.48E-10,-0.627405059,-0.027428369,0.001386821,-3.01E-06,5,2011,2,27,1,0.9,2,608.151,463.559,20.0003,22.8312,30.0007,22.9233,22.9527,21.424,19.7304,98.1412,20,400,15.6284,101.704,103.497
9,1683304881,695,20230505 09:41:21,9:41:21,g1.brohor.2,52.80886791,1683304873,0.000449225,1.988721266,397.8209,306.0571946,31.08998523,40.41155092,0.037658851,2.956607675,0.037394389,0.023395099,321.4505276,24.13617715,23.00592,2.820732226,59.96429694,1.627124857,2.713489427,1.193607369,-19.81080753,-101.8358522,-7.117264588,192.6866033,0,0,1,0,54537.83423,RECT-1505-20210918-17_20_47,10288.4,812.936,2752.91,1939.974,0.704699391,-1,MPF-1646-20230505-09_51_20,10291.6,2.193707692,1.7912,-0.224713986,0.5,1681.22536,1.988721266,-188.8974263,1,0.001777704,1535.908218,-,0,1.7912,-0.224713986,0.999349343,0.000496222,1.41812148,0,1,1646,300,300,300,10291.6,1.53,-0.00686725,-0.52,2000.03,1681.22536,0.840600071,0.191200142,6,0.5,0: Broadleaf,2,1683304873,397.8209,399.9876667,16.01780333,15.57591,406.4927333,16.73000333,600.1843,101.4812,0.101072133,22.36703667,23.00592,999.9,0,0,10006.84133,0,203.0457667,2000.03,0.979997667,0.02000266,0,2.166033333,0,4163.601333,16306.30667,38.4832,40,39.05786667,38.062,37.812,1960.024667,40.00533333,0,35.5999999,0,2.193707692,-0.214782902,-14.3627351,4163.818077,15,1683304789,9:39:49,1683304786,1683304789,3,0.16,-0.003,-8.688,-0.724,400,15,0.42,0.12,-2.165860488,0.031891986,0.04677433,1,2.15610303,-0.061900053,0.157491759,1,0.444913366,-0.064986188,0.006519939,1,3,3,3-Mar,100,100,-8.671,-0.7123,-5.486192623,-0.007814304,-3.18E-07,6.48E-10,-0.627405059,-0.027428369,0.001386821,-3.01E-06,5,2011,2,27,1.6,1.5,2,608.56,463.07,20.001,22.8843,30.0007,22.9564,22.9834,21.4313,19.7304,98.1412,20,400,15.6329,101.692,103.483
10,1683305017,830.9000001,20230505 09:43:37,9:43:37,g2.brohor.2,55.95972021,1683305009,0.001240571,6.000893625,393.4111613,295.8422134,30.05255414,39.96390538,0.107235948,2.953327931,0.105118823,0.065885998,321.4463713,24.08955406,22.78219677,2.782763699,58.76521762,1.609840322,2.73944416,1.172923377,-54.70918482,-41.16448563,-2.879180298,222.6935206,0,0,1,0,54411.67738,RECT-1505-20210918-17_20_47,10288.4,812.936,2752.91,1939.974,0.704699391,-1,MPF-1647-20230505-09_53_36,10275.2,2.250846154,2.55838,0.120206477,0.5,1681.207558,6.000893625,101.0460187,1,0.004164205,1075.036398,-,0,2.55838,0.120206477,0.999070663,-0.000379494,1.417726021,0,1,1647,300,300,300,10275.2,1.82,-0.00685657,-0.34,2000.009355,1681.207558,0.840599847,0.191199694,6,0.5,0: Broadleaf,2,1683305009,393.4111613,399.8953871,15.84752903,14.62750645,402.0002903,16.56653226,600.4369677,101.48,0.103049258,22.52365806,22.78219677,999.9,0,0,9988.351613,0,276.1925484,2000.009355,0.980006065,0.0199938,0,2.2398,0,6114.165484,16306.16774,38.5,40.258,39.25,38.312,37.929,1960.019355,39.99,0,135.2,0,2.250846154,0.183842735,-340.6276926,6110.741538,15,1683305002,9:43:21,1683304995,1683305002,4,0.048,-0.005,-8.641,-0.739,400,14,0.25,0.08,-4.703355466,-36.53852532,3.942221986,0,2.263818182,-0.39004251,0.182757873,1,0.884879521,6.721710553,0.730982956,0,1,3,3-Jan,100,100,-8.574,-0.7117,-5.438454718,-0.007814304,-3.18E-07,6.48E-10,-0.632592799,-0.027428369,0.001386821,-3.01E-06,5,2011,2,27,0.4,0.3,2,607.442,458.812,20.0002,23.0825,30.0002,23.1058,23.1172,21.4244,25.286,97.3935,20,400,14.5895,101.658,103.456
11,1683305051,864.4000001,20230505 09:44:10,9:44:10,g2.brohor.2,46.88756022,1683305043,0.001850465,7.773432213,391.4848621,308.0544972,31.29296101,39.76803012,0.165788797,2.955623954,0.160790342,0.100930502,321.4460367,23.99068483,22.84304828,2.793046397,59.99506904,1.649541914,2.749462481,1.143504483,-81.60548556,-41.31504782,-2.889238662,195.6362647,0,0,1,0,54468.65567,RECT-1505-20210918-17_20_47,10288.4,812.936,2752.91,1939.974,0.704699391,-1,MPF-1648-20230505-09_54_10,10274.8,2.200824,2.0324,-0.082869514,0.5,1681.205784,7.773432213,-69.66035303,1,0.005218536,1353.511907,-,0,2.0324,-0.082869514,0.999261727,0.000207699,1.417997148,0,1,1648,300,300,300,10274.8,1.07,-0.00685628,-0.43,2000.007241,1681.205784,0.840599849,0.191199697,6,0.5,0: Broadleaf,2,1683305043,391.4848621,399.9801379,16.23843793,14.41857586,400.059,16.9521,600.1825862,101.48,0.102548828,22.58376552,22.84304828,999.9,0,0,10001.37586,0,333.9782414,2000.007241,0.980004,0.019995845,0,2.204637931,0,6034.485862,16306.13793,38.57503448,40.25,39.2842069,38.25427586,37.937,1960.014828,39.99,0,32.60000014,0,2.200824,-0.097315385,214.2915381,6035.6364,15,1683305002,9:43:21,1683304995,1683305002,4,0.048,-0.005,-8.641,-0.739,400,14,0.25,0.08,-8.516301463,0.381003136,0.058151021,1,2.224441176,-0.082318681,0.171664735,1,1.84701,-0.484850801,0.048646981,0,2,3,3-Feb,100,100,-8.574,-0.7145,-5.438454718,-0.007814304,-3.18E-07,6.48E-10,-0.632592799,-0.027428369,0.001386821,-3.01E-06,5,2011,2,27,0.9,0.8,2,609.5,459.397,20.0014,23.1121,30.0005,23.1263,23.1404,21.4182,26.5703,97.0226,20,400,14.5259,101.659,103.457
12,1683305083,896.4000001,20230505 09:44:42,9:44:42,g2.brohor.2,50.98289408,1683305076,0.00174358,7.734381426,391.5604615,301.4730974,30.62436351,39.77565498,0.151705421,2.956416482,0.14750963,0.092560828,321.4450626,24.19157016,23.04655,2.827676037,59.50628878,1.653444761,2.778605076,1.174231276,-76.89186042,-46.06571316,-3.226765278,195.2607238,0,0,1,0,54460.147,RECT-1505-20210918-17_20_47,10288.4,812.936,2752.91,1939.974,0.704699391,-1,MPF-1649-20230505-09_54_42,10274.5,2.2548,2.3932,0.05783052,0.5,1681.193702,7.734381426,48.61215285,1,0.005195345,1149.305031,-,0,2.3932,0.05783052,0.999130665,-0.00017075,1.417811167,0,1,1649,300,300,300,10274.5,1.44,-0.00685601,-0.25,1999.991923,1681.193702,0.840600246,0.191200492,6,0.5,0: Broadleaf,2,1683305076,391.5604615,399.9747308,16.27688077,14.56225769,400.1351154,16.98989231,600.2017308,101.4805385,0.101870615,22.75753077,23.04655,999.9,0,0,10005.82115,0,394.8702692,1999.991923,0.979992115,0.020007685,0,2.224734615,0,5977.906538,16305.95385,38.687,40.312,39.35803846,38.26669231,38,1959.971923,40.01615385,0,31.39999986,0,2.2548,0.469415394,-259.1738465,5977.8052,15,1683305002,9:43:21,1683304995,1683305002,4,0.048,-0.005,-8.641,-0.739,400,14,0.25,0.08,-8.429112439,0.398569965,0.070766926,1,2.250464706,0.14090467,0.177395545,1,1.73808878,-0.352194146,0.036124582,0,2,3,3-Feb,100,100,-8.574,-0.7128,-5.438454718,-0.007814304,-3.18E-07,6.48E-10,-0.632592799,-0.027428369,0.001386821,-3.01E-06,5,2011,2,27,1.5,1.4,2,609.531,459.587,20.0042,23.1552,30.0005,23.1628,23.18,21.4304,25.0962,96.652,20,400,14.7013,101.653,103.453
13,1683305583,1396.9,20230505 09:53:03,9:53:03,b3.brohor.2,64.22021803,1683305577,0.000160349,0.784861085,399.1092917,288.9187185,29.35953784,40.55695806,0.012221402,2.952850507,0.01219337,0.007623369,321.4483554,24.91491524,23.99010417,2.993194603,59.59905044,1.687633866,2.831645561,1.305560737,-7.071397544,-146.5169216,-10.34103822,157.5189981,0,0,1,0,54297.90749,RECT-1505-20210918-17_20_47,10288.4,812.936,2752.91,1939.974,0.704699391,-1,MPF-1650-20230505-10_03_02,10290.1,2.190552,1.864,-0.175188841,0.5,1681.212249,0.784861085,-147.2648129,1,0.001061651,1475.883047,-,0,1.864,-0.175188841,0.999322898,0.000402618,1.418083954,0,1,1650,300,300,300,10290.1,1.16,-0.00686552,-1.05,2000.014167,1681.212249,0.84060017,0.191200341,6,0.5,0: Broadleaf,2,1683305577,399.1092917,399.9574167,16.60751667,16.44996667,407.71625,17.31042083,600.5185,101.51275,0.105926667,23.0697375,23.99010417,999.9,0,0,9982.423333,0,347.66825,2000.014167,0.979995,0.0200053,0,2.2093,0,5080.49125,16306.15833,39.856625,42.2185,40.65858333,39.92925,39.19225,1960.003333,40.01166667,0,499.5999999,0,2.190552,-0.074476943,-210.9561542,5081.6724,15,1683305571,9:52:51,1683305571,1683305565,5,0.03,0.005,-8.61,-0.706,400,16,0.31,0.2,-0.477351771,-5.14712195,0.597588914,0,2.221365714,-0.385715235,0.206473615,1,0.08480795,0.94992625,0.104096827,0,1,3,3-Jan,100,100,-8.599,-0.7015,-5.408256865,-0.007814304,-3.18E-07,6.48E-10,-0.628091217,-0.027428369,0.001386821,-3.01E-06,5,2011,2,27,0.2,0.3,2,609.609,453.626,20.0021,24.3835,30.0009,24.2567,24.2536,21.4907,18.3178,97.7841,20,400,16.5028,101.428,103.23
14,1683305620,1433.4,20230505 09:53:39,9:53:39,b3.brohor.2,90.15057358,1683305612,0.000182853,1.25656696,398.6469355,247.2883584,25.12794841,40.50809223,0.013938535,2.955850159,0.013902123,0.00869209,321.4453839,24.9671022,24.08530323,3.010355631,59.98957551,1.70485175,2.841913342,1.305503881,-8.063796573,-152.2994164,-10.7466795,150.3354915,0,0,1,0,54375.63079,RECT-1505-20210918-17_20_47,10288.4,812.936,2752.91,1939.974,0.704699391,-1,MPF-1651-20230505-10_03_39,10289.3,2.265819231,1.7512,-0.293866623,0.5,1681.197048,1.25656696,-247.0238499,1,0.001342238,1571.013476,-,0,1.7512,-0.293866623,0.999363873,0.000634404,1.418142099,0,1,1651,300,300,300,10289.3,1.21,-0.00686487,-0.51,1999.996129,1681.197048,0.840600151,0.191200302,6,0.5,0: Broadleaf,2,1683305612,398.6469355,399.9760323,16.77773226,16.59799677,407.2465484,17.47763871,600.1642258,101.5109032,0.103052935,23.12958387,24.08530323,999.9,0,0,9999.614516,0,188.3947419,1999.996129,0.97999729,0.020003,0,2.262929032,0,4952.025806,16306.00968,40,42.37493548,40.776,40.07012903,39.31403226,1959.986129,40.01,0,35.4000001,0,2.265819231,-0.616099139,25.25811964,4951.954615,15,1683305571,9:52:51,1683305571,1683305565,5,0.03,0.005,-8.61,-0.706,400,16,0.31,0.2,-1.334592927,0.2621977,0.058300392,1,2.247525714,0.097979648,0.1685926,1,0.179575073,0.066396857,0.012777276,1,3,3,3-Mar,100,100,-8.6,-0.6995,-5.408256865,-0.007814304,-3.18E-07,6.48E-10,-0.628091217,-0.027428369,0.001386821,-3.01E-06,5,2011,2,27,0.8,0.9,2,611.55,455.392,20.0008,24.4795,30.0008,24.3459,24.3453,21.4988,17.4108,97.7841,20,400,16.6216,101.419,103.219
15,1683305643,1456.9,20230505 09:54:03,9:54:03,b3.brohor.2,73.95575134,1683305642,0.00021519,1.216844056,398.6738,272.9855696,27.74019923,40.51236356,0.016453677,2.958360442,0.016403007,0.010256419,321.4561982,24.96697789,24.08962,3.011135828,60.09988633,1.708982123,2.843569643,1.302153705,-9.48986016,-151.5803682,-10.68761929,149.6983506,0,0,1,0,54448.24788,RECT-1505-20210918-17_20_47,10288.4,812.936,2752.91,1939.974,0.704699391,-1,MPF-1652-20230505-10_04_02,10288.6,2.21126,1.7484,-0.264733471,0.5,1681.25556,1.216844056,-222.5423097,1,0.001318565,1573.531,-,0,1.7484,-0.264733471,0.99936489,0.000570596,1.418143542,0,1,1652,300,300,300,10288.6,1.19,-0.0068644,-0.58,2000.066,1681.25556,0.84060004,0.19120008,6,0.5,0: Broadleaf,2,1683305642,398.6738,399.976,16.81774,16.60624,407.2738,17.51694,600.2002,101.5146,0.1032228,23.13922,24.08962,999.9,0,0,10013.5,0,271.6124,2000.066,0.9799982,0.02000206,0,2.3094,0,5053.702,16306.56,40.125,42.5,40.875,40.1622,39.437,1960.062,40.004,0,22.79999995,0,2.21126,0.741192305,670.9830757,4986.1388,15,1683305571,9:52:51,1683305571,1683305565,5,0.03,0.005,-8.61,-0.706,400,16,0.31,0.2,-1.32523878,0.183186899,0.055168864,1,2.241852941,0.035160609,0.184914252,1,0.218910854,-0.006064829,0.006761383,1,3,3,3-Mar,100,100,-8.6,-0.6992,-5.408256865,-0.007814304,-3.18E-07,6.48E-10,-0.628091217,-0.027428369,0.001386821,-3.01E-06,5,2011,2,27,1.2,1.3,2,611.599,455.602,20.0011,24.532,30.0008,24.4038,24.4034,21.5022,17.4108,97.7841,20,400,16.6216,101.409,103.211
16,1683305950,1763.4,20230505 09:59:09,9:59:09,c4.brohor.2,54.71502939,1683305942,0.000577823,2.607032876,397.1168276,302.0657057,30.69839341,40.35826767,0.047647473,2.951776751,0.047224279,0.029552883,321.4443587,24.64895668,23.24355517,2.861557384,58.67675128,1.645638079,2.804582809,1.215919305,-25.48198641,-52.90784387,-3.718461816,239.3360666,0,0,1,0,54295.3608,RECT-1505-20210918-17_20_47,10288.4,812.936,2752.91,1939.974,0.704699391,-1,MPF-1653-20230505-10_09_09,10262.4,2.220792308,2.37576,0.065228681,0.5,1681.194217,2.607032876,54.83104105,1,0.002145518,1157.7492,-,0,2.37576,0.065228681,0.999137,-0.000191186,1.417820156,0,1,1653,300,300,300,10262.4,1.05,-0.00684718,-0.22,1999.993103,1681.194217,0.840600007,0.191200014,6,0.5,0: Broadleaf,2,1683305942,397.1168276,399.9495172,16.19273103,15.62502759,405.7263793,16.90192414,600.8062414,101.518069,0.110129241,22.91108621,23.24355517,999.9,0,0,9975.816897,0,373.4062759,1999.993103,0.980000586,0.019999721,0,2.242041379,0,6391.276897,16305.98621,40.25,42.32286207,41.05344828,40.06634483,39.50855172,1959.992759,40.00034483,0,305.8,0,2.220792308,0.637750416,-805.2523065,6390.287308,15,1683305935,9:58:55,1683305935,1683305931,6,-0.024,0.001,-8.635,-0.721,400,15,0.95,0.12,-2.000166885,-16.54997244,1.780873883,0,2.208693939,0.336971561,0.188748084,1,0.40094853,3.131133465,0.349510207,0,1,3,3-Jan,100,100,-8.604,-0.7031,-5.432302823,-0.007814304,-3.18E-07,6.48E-10,-0.627462398,-0.027428369,0.001386821,-3.01E-06,5,2011,2,27,0.2,0.3,2,614.471,450.129,20.0032,24.6565,30.0012,24.7186,24.7305,21.4517,25.3465,97.035,20,400,15.7443,101.391,103.19
17,1683305984,1797.9,20230505 09:59:44,9:59:44,c4.brohor.2,42.53966387,1683305976,0.000895278,3.193512235,396.4722667,320.66312,32.58565209,40.28934585,0.075071403,2.956774246,0.074028372,0.046360237,321.445174,24.64285454,23.40672333,2.889887688,59.92254249,1.688614959,2.817996181,1.201272729,-39.4817619,-66.44610444,-4.667781166,210.8495265,0,0,1,0,54428.76815,RECT-1505-20210918-17_20_47,10288.4,812.936,2752.91,1939.974,0.704699391,-1,MPF-1654-20230505-10_09_43,10261.7,2.220730769,2.22973,0.004036018,0.5,1681.1986,3.193512235,3.392674039,1,0.002494359,1233.638275,-,0,2.22973,0.004036018,0.999190046,-1.11E-05,1.417895431,0,1,1654,300,300,300,10261.7,1.32,-0.00684684,-0.84,1999.998333,1681.1986,0.840600001,0.191200001,6,0.5,0: Broadleaf,2,1683305976,396.4722667,400.0198,16.61702333,15.73685333,405.0792333,17.31915667,600.1576,101.516,0.1035816,22.98988667,23.40672333,999.9,0,0,10004.35633,0,262.2794333,1999.998333,0.9800019,0.0199985,0,2.207716667,0,6003.495333,16306.04,40.375,42.375,41.083,40.12706667,39.5935,1959.998333,40,0,33.39999986,0,2.220730769,0.42505983,-662.1716239,6003.413077,15,1683305935,9:58:55,1683305935,1683305931,6,-0.024,0.001,-8.635,-0.721,400,15,0.95,0.12,-3.575357317,0.53693122,0.068992775,0,2.245726471,-0.145509202,0.226537157,1,0.894906073,-0.249203352,0.025118665,0,1,3,3-Jan,100,100,-8.607,-0.7025,-5.432302823,-0.007814304,-3.18E-07,6.48E-10,-0.627462398,-0.027428369,0.001386821,-3.01E-06,5,2011,2,27,0.8,0.9,2,617.604,449.034,20.0023,24.7632,30.0015,24.8019,24.8144,21.451,25.9884,96.6638,20,400,15.7359,101.361,103.169
18,1683306020,1833.9,20230505 10:00:20,10:00:20,c4.brohor.2,46.33168305,1683306012,0.000814634,3.092970564,396.5929032,314.6484042,31.9740286,40.30108738,0.066757138,2.955363958,0.065930588,0.041280027,321.4463894,24.68819875,23.51483548,2.908793654,59.58656693,1.681564492,2.822052987,1.227229162,-35.92534505,-79.85290254,-5.616024288,200.0521176,0,0,1,0,54382.60741,RECT-1505-20210918-17_20_47,10288.4,812.936,2752.91,1939.974,0.704699391,-1,MPF-1655-20230505-10_10_19,10261.1,2.17195,2.2356,0.028471104,0.5,1681.207568,3.092970564,23.93291771,1,0.002434542,1230.396493,-,0,2.2356,0.028471104,0.999187914,-7.85E-05,1.417892405,0,1,1655,300,300,300,10261.1,1.46,-0.00684633,-0.43,2000.009355,1681.207568,0.840599852,0.191199704,6,0.5,0: Broadleaf,2,1683306012,396.5929032,400.0080645,16.54785484,15.74690968,405.2006452,17.25119355,600.155871,101.5142903,0.103986387,23.01365484,23.51483548,999.9,0,0,9996.522581,0,231.9027097,2000.009355,0.980003323,0.019997077,0,2.192880645,0,5643.096452,16306.14516,40.437,42.429,41.143,40.19106452,39.687,1960.019032,39.99032258,0,35.39999986,0,2.17195,0.102300854,-541.0875214,5635.993462,15,1683305935,9:58:55,1683305935,1683305931,6,-0.024,0.001,-8.635,-0.721,400,15,0.95,0.12,-3.425706585,0.192202997,0.074445725,1,2.182818182,0.023320291,0.183575897,1,0.814287512,-0.254409679,0.025212964,0,2,3,3-Feb,100,100,-8.609,-0.7038,-5.432302823,-0.007814304,-3.18E-07,6.48E-10,-0.627462398,-0.027428369,0.001386821,-3.01E-06,5,2011,2,27,1.4,1.5,2,618.817,447.563,20.0006,24.8957,30.0017,24.9083,24.9174,21.4491,25.0846,96.2927,20,400,15.9157,101.329,103.137
19,1683306262,2075.4,20230505 10:04:21,10:04:21,g3.brohor.2,60.96666357,1683306254,0.000390918,1.896304829,397.9439,292.9278231,29.76944555,40.44193937,0.031103963,2.954683261,0.030923198,0.019343152,321.4440301,24.56728823,23.52324333,2.910268488,59.45027817,1.654392176,2.782816543,1.255876312,-17.23948332,-117.9935489,-8.291003251,177.9199946,0,0,1,0,54404.97732,RECT-1505-20210918-17_20_47,10288.4,812.936,2752.91,1939.974,0.704699391,-1,MPF-1656-20230505-10_14_21,10259.9,2.274856,2.3796,0.044017482,0.5,1681.19497,1.896304829,37.00098461,1,0.001722766,1155.879307,-,0,2.3796,0.044017482,0.999135606,-0.000129225,1.417818177,0,1,1656,300,300,300,10259.9,1.09,-0.00684539,-0.45,1999.994333,1681.19497,0.840599867,0.191199733,6,0.5,0: Broadleaf,2,1683306254,397.9439,399.9929,16.27902333,15.89500667,406.6866333,16.98419333,600.8399,101.5159,0.111337833,22.78251,23.52324333,999.9,0,0,9992.503333,0,204.4908,1999.994333,0.9800049,0.0199955,0,2.245713333,0,5431.286333,16306.04333,40.312,42.05373333,41.062,39.937,39.51653333,1960.003333,39.991,0,240.4000001,0,2.274856,0.162753863,-185.0676923,5430.018,15,1683306247,10:04:06,1683306247,1683306243,7,-0.143,0.003,-8.778,-0.713,400,16,1.01,0.24,-1.464609137,-13.00146491,1.408052292,0,2.258922857,0.159163209,0.182982981,1,0.280574799,2.188150572,0.240787989,0,1,3,3-Jan,100,100,-8.756,-0.7015,-5.574754677,-0.007814304,-3.18E-07,6.48E-10,-0.624721399,-0.027428369,0.001386821,-3.01E-06,5,2011,2,27,0.2,0.3,2,616.9,446.158,20.0002,25.1975,30.0009,25.2542,25.2572,21.457,25.0033,94.4254,20,400,15.9327,101.266,103.074
20,1683306297,2110.9,20230505 10:04:57,10:04:57,g3.brohor.2,55.34664383,1683306291,0.000593706,2.651135924,397.0797917,300.8688843,30.57563154,40.35301102,0.047900572,2.955363929,0.047473406,0.02970894,321.4460753,24.53442991,23.57085,2.918631591,60.1696471,1.676441628,2.786191558,1.242189963,-26.18243945,-122.420219,-8.603015008,164.2404018,0,0,1,0,54421.57189,RECT-1505-20210918-17_20_47,10288.4,812.936,2752.91,1939.974,0.704699391,-1,MPF-1657-20230505-10_14_56,10259.6,2.256808,1.8056,-0.249893664,0.5,1681.206,2.651135924,-210.0613638,1,0.002171736,1523.651086,-,0,1.8056,-0.249893664,0.999344112,0.000556271,1.418114057,0,1,1657,300,300,300,10259.6,1.05,-0.00684511,-0.8,2000.0075,1681.206,0.840599848,0.191199696,6,0.5,0: Broadleaf,2,1683306291,397.0797917,399.965875,16.49644167,15.91269167,405.8350417,17.1979875,600.1665833,101.5209583,0.103480542,22.80250417,23.57085,999.9,0,0,9995.865833,0,189.2255417,2000.0075,0.980006,0.0199944,0,2.2301625,0,5355.047917,16306.1375,40.375,42.03358333,41.062,39.937,39.562,1960.0175,39.99,0,34.79999995,0,2.256808,0.183484623,-60.47076916,5355.9524,15,1683306247,10:04:06,1683306247,1683306243,7,-0.143,0.003,-8.778,-0.713,400,16,1.01,0.24,-2.861379024,-0.295360767,0.049813704,1,2.234714706,0.33920541,0.174225827,1,0.593182122,-0.125459101,0.012985237,0,2,3,3-Feb,100,100,-8.755,-0.7017,-5.574754677,-0.007814304,-3.18E-07,6.48E-10,-0.624721399,-0.027428369,0.001386821,-3.01E-06,5,2011,2,27,0.8,0.9,2,619.66,446.013,20.0002,25.2771,30.0011,25.324,25.3278,21.4601,25.3367,94.0501,20,400,15.9297,101.249,103.062
21,1683306331,2144.9,20230505 10:05:31,10:05:31,g3.brohor.2,57.99269656,1683306324,0.000560915,2.607602529,397.1473793,296.713296,30.15431135,40.36120352,0.044964326,2.955470009,0.044587716,0.027900896,321.4491159,24.57003956,23.59767586,2.923353364,59.97547684,1.673788737,2.790788545,1.249564627,-24.73634854,-122.3651143,-8.601186773,165.7464663,0,0,1,0,54419.7505,RECT-1505-20210918-17_20_47,10288.4,812.936,2752.91,1939.974,0.704699391,-1,MPF-1658-20230505-10_15_30,10259.4,2.233024,2.236,0.001330948,0.5,1681.222003,2.607602529,1.118809634,1,0.002145822,1230.176208,-,0,2.236,0.001330948,0.999187769,-3.67E-06,1.417892199,0,1,1658,300,300,300,10259.4,1.69,-0.00684502,-0.48,2000.026552,1681.222003,0.840599842,0.191199684,6,0.5,0: Broadleaf,2,1683306324,397.1473793,399.977,16.46979655,15.91826552,405.9030345,17.1718069,600.1585517,101.5227931,0.104979414,22.82970345,23.59767586,999.9,0,0,9996.286897,0,193.3972759,2000.026552,0.980006586,0.019993814,0,2.238634483,0,5327.852069,16306.31034,40.39637931,42.062,41.06634483,39.99565517,39.60327586,1960.036552,39.99,0,33.10000014,0,2.233024,0.213807692,-1.483076903,5327.798,15,1683306247,10:04:06,1683306247,1683306243,7,-0.143,0.003,-8.778,-0.713,400,16,1.01,0.24,-2.858330732,0.439972683,0.056891578,1,2.234841176,0.057111521,0.146952095,1,0.563585902,-0.22097977,0.022546103,0,2,3,3-Feb,100,100,-8.756,-0.7018,-5.574754677,-0.007814304,-3.18E-07,6.48E-10,-0.624721399,-0.027428369,0.001386821,-3.01E-06,5,2011,2,27,1.4,1.5,2,620.798,444.906,20.0007,25.3597,30.0011,25.3983,25.3997,21.4606,25.044,93.672,20,400,16.0138,101.236,103.044
22,1683306503,2316.4,20230505 10:08:22,10:08:22,g5.brohor.2,43.09729515,1683306495,0.000983265,3.471241073,396.0613548,319.1383919,32.4382267,40.25691782,0.080544291,2.958391456,0.079345593,0.049697207,321.4475218,24.60166265,23.3102,2.873099202,58.31258022,1.641492041,2.814987838,1.231607161,-43.36197868,-53.90187805,-3.782301933,220.4013631,0,0,1,0,54480.29909,RECT-1505-20210918-17_20_47,10288.4,812.936,2752.91,1939.974,0.704699391,-1,MPF-1659-20230505-10_18_22,10263.8,2.217046154,1.7812,-0.244692429,0.5,1681.210851,3.471241073,-205.689783,1,0.002659536,1544.536717,-,0,1.7812,-0.244692429,0.999352976,0.000537316,1.418126635,0,1,1659,300,300,300,10263.8,1.49,-0.0068483,-0.78,2000.012903,1681.210851,0.840600002,0.191200004,6,0.5,0: Broadleaf,2,1683306495,396.0613548,399.9177742,16.14956129,15.18324194,404.6870645,16.86142903,600.662,101.5333548,0.109780323,22.97224194,23.3102,999.9,0,0,10011.82645,0,202.6952258,2000.012903,0.979997645,0.020002,0,2.200280645,0,4436.915806,16306.15161,40.437,42.25,41.179,40.19106452,39.687,1960.00871,40.00032258,0,170.5,0,2.217046154,0.093599989,-165.0458121,4435.446538,15,1683306487,10:08:07,1683306487,1683306485,8,0.133,-0.005,-8.644,-0.73,400,15,0.82,0.1,-2.9479948,-21.15348536,2.284819236,0,2.214135294,0.011869997,0.161485541,1,0.731719689,5.232306505,0.57542085,0,1,3,3-Jan,100,100,-8.603,-0.7037,-5.44127358,-0.007814304,-3.18E-07,6.48E-10,-0.629693447,-0.027428369,0.001386821,-3.01E-06,5,2011,2,27,0.3,0.3,2,617.016,443.975,20.0023,25.6315,30.0004,25.6458,25.6471,21.4637,27.5721,92.0442,20,400,15.2794,101.187,103
23,1683306537,2350.9,20230505 10:08:57,10:08:57,g5.brohor.2,36.68571222,1683306531,0.001475419,4.613479439,394.7858261,327.9827944,33.33641391,40.12632349,0.125756845,2.958157283,0.122860541,0.077042504,321.4423663,24.54153139,23.40113913,2.888914084,59.99970645,1.695850115,2.826430687,1.193063969,-65.06599116,-57.71102175,-4.053152118,194.6122012,0,0,1,0,54461.06691,RECT-1505-20210918-17_20_47,10288.4,812.936,2752.91,1939.974,0.704699391,-1,MPF-1660-20230505-10_18_56,10263.3,2.218376,1.8304,-0.211962413,0.5,1681.183591,4.613479439,-178.173865,1,0.003339004,1502.993663,-,0,1.8304,-0.211962413,0.999335104,0.00047833,1.418101274,0,1,1660,300,300,300,10263.3,1.3,-0.0068479,-0.07,1999.980435,1681.183591,0.840600019,0.191200038,6,0.5,0: Broadleaf,2,1683306531,394.7858261,399.9800435,16.68474783,15.23443043,403.3883913,17.38787391,600.2006087,101.5351304,0.105609522,23.03926957,23.40113913,999.9,0,0,10010.32174,0,210.3413913,1999.980435,0.979998217,0.020001557,0,2.19986087,0,4355.891739,16305.88696,40.562,42.312,41.24726087,40.26617391,39.77695652,1959.979565,40.00086957,0,33.79999995,0,2.218376,0.06660001,-77.9838461,4357.1864,15,1683306487,10:08:07,1683306487,1683306485,8,0.133,-0.005,-8.644,-0.73,400,15,0.82,0.1,-5.180747561,-0.060660209,0.038967052,1,2.212652941,0.509743872,0.241315294,1,1.466675366,-0.1954177,0.019550346,0,2,3,3-Feb,100,100,-8.603,-0.7035,-5.44127358,-0.007814304,-3.18E-07,6.48E-10,-0.629693447,-0.027428369,0.001386821,-3.01E-06,5,2011,2,27,0.8,0.9,2,618.284,444.743,19.9998,25.6709,30.0004,25.6797,25.6845,21.4648,28.4954,91.299,20,400,15.219,101.184,102.993
24,1683306578,2391.9,20230505 10:09:38,10:09:38,g5.brohor.2,38.34820195,1683306570,0.00144106,4.639956498,394.7734516,325.2298177,33.0566178,40.12508817,0.120995412,2.955865536,0.118309725,0.074179911,321.4458547,24.60978744,23.46944194,2.900842385,59.60965267,1.690780228,2.836420197,1.210062157,-63.55076187,-59.2570172,-4.16762814,194.4704475,0,0,1,0,54382.49466,RECT-1505-20210918-17_20_47,10288.4,812.936,2752.91,1939.974,0.704699391,-1,MPF-1661-20230505-10_19_37,10263.1,2.209,1.638,-0.348595849,0.5,1681.201926,4.639956498,-293.030006,1,0.003354717,1679.653236,-,0,1.638,-0.348595849,0.999404993,0.00070381,1.41820045,0,1,1661,300,300,300,10263.1,1.15,-0.00684763,0.14,2000.002258,1681.201926,0.840600014,0.191200028,6,0.5,0: Broadleaf,2,1683306570,394.7734516,399.9807419,16.63485806,15.21819355,403.376,17.33887097,600.1795806,101.5352903,0.105506452,23.09759032,23.46944194,999.9,0,0,9997.3,0,227.6326774,2000.002258,0.979999323,0.0200007,0,2.209116129,0,4310.499032,16306.06129,40.625,42.385,41.312,40.36077419,39.875,1960.00129,40.00096774,0,39.70000005,0,2.209,0.604533326,-80.49538452,4310.161923,15,1683306487,10:08:07,1683306487,1683306485,8,0.133,-0.005,-8.644,-0.73,400,15,0.82,0.1,-5.195240488,-0.221641254,0.048903675,1,2.182733333,0.503325836,0.170888313,1,1.423209024,-0.111199443,0.011522625,0,2,3,3-Feb,100,100,-8.602,-0.7043,-5.44127358,-0.007814304,-3.18E-07,6.48E-10,-0.629693447,-0.027428369,0.001386821,-3.01E-06,5,2011,2,27,1.5,1.6,2,617.848,445.286,20.0014,25.7175,30.0003,25.7238,25.7317,21.4683,28.4954,90.552,20,400,15.2854,101.179,102.988
25,1683306853,2667,20230505 10:14:13,10:14:13,b5.brohor.2,42.90204435,1683306845,0.000391334,1.287434777,398.5579032,322.0293547,32.73207531,40.51067741,0.030008705,2.955512786,0.029840456,0.018665323,321.4480657,24.6293937,23.79150323,2.957668999,59.24440854,1.654943796,2.793417702,1.302725203,-17.25784391,-150.775008,-10.60924728,142.8059665,0,0,1,0,54418.48948,RECT-1505-20210918-17_20_47,10288.4,812.936,2752.91,1939.974,0.704699391,-1,MPF-1662-20230505-10_24_12,10279.6,2.363938462,2.11912,-0.115528362,0.5,1681.213819,1.287434777,-97.11393899,1,0.001360585,1298.081694,-,0,2.11912,-0.115528362,0.999230225,0.000301941,1.417952447,0,1,1662,300,300,300,10279.6,1.39,-0.00685855,-0.45,2000.016452,1681.213819,0.840599995,0.19119999,6,0.5,0: Broadleaf,2,1683306845,398.5579032,400.000129,16.28190323,15.89725484,407.0857419,16.98598387,600.4902258,101.5379032,0.105238419,22.84524194,23.79150323,999.9,0,0,9995.041935,0,106.0175516,2000.016452,0.979998806,0.020001187,0,2.366545161,0,3930.784516,16306.17742,40.278,41.758,41.04,39.74796774,39.548,1960.016452,40,0,274.2,0,2.363938462,0.266536752,-142.4099147,3929.330385,15,1683306838,10:13:57,1683306830,1683306838,9,0.104,0.007,-8.54,-0.711,400,16,0.62,0.15,-1.07347784,-8.058124451,0.857094379,0,2.330662857,0.824977379,0.169915423,1,0.284075013,2.174752919,0.233222482,0,1,3,3-Jan,100,100,-8.524,-0.7004,-5.337737918,-0.007814304,-3.18E-07,6.48E-10,-0.623003095,-0.027428369,0.001386821,-3.01E-06,5,2011,2,27,0.4,0.3,2,612.706,450.775,19.9986,25.1407,29.999,25.3517,25.3804,21.4723,25.7748,88.3015,20,400,15.9532,101.314,103.101
26,1683306889,2702.5,20230505 10:14:48,10:14:48,b5.brohor.2,35.51783489,1683306881,0.000519484,1.418851666,398.3606,333.5042204,33.89820821,40.49037383,0.039947583,2.956294201,0.039650105,0.024807858,321.4471611,24.63658617,23.90773333,2.978415138,59.89360989,1.677222137,2.800335695,1.301193001,-22.90926329,-162.8329605,-11.46378775,124.2411496,0,0,1,0,54434.16708,RECT-1505-20210918-17_20_47,10288.4,812.936,2752.91,1939.974,0.704699391,-1,MPF-1663-20230505-10_24_48,10279.4,2.289369231,1.7356,-0.31906501,0.5,1681.20897,1.418851666,-268.2074781,1,0.001438757,1585.143121,-,0,1.7356,-0.31906501,0.99936954,0.000682654,1.41815014,0,1,1663,300,300,300,10279.4,1.23,-0.00685838,-0.09,2000.010667,1681.20897,0.840600002,0.191200004,6,0.5,0: Broadleaf,2,1683306881,398.3606,399.9858667,16.50118667,15.99044,406.8869333,17.20095,600.1946,101.5397667,0.102749767,22.88606667,23.90773333,999.9,0,0,9999.291,0,102.2564467,2000.010667,0.9799992,0.020000793,0,2.302673333,0,3881.798,16306.13667,40.2872,41.6912,40.9958,39.64566667,39.5,1960.010333,40.00033333,0,34.4000001,0,2.289369231,0.91987693,-95.53914539,3881.587692,15,1683306838,10:13:57,1683306830,1683306838,9,0.104,0.007,-8.54,-0.711,400,16,0.62,0.15,-1.62456675,0.090007092,0.054991085,1,2.304542857,0.184008611,0.15952698,1,0.517436825,-0.149919614,0.014521689,0,2,3,3-Feb,100,100,-8.526,-0.6997,-5.337737918,-0.007814304,-3.18E-07,6.48E-10,-0.623003095,-0.027428369,0.001386821,-3.01E-06,5,2011,2,27,1,0.8,2,614.771,451.583,20.0019,25.0465,29.999,25.2663,25.2991,21.4745,25.7748,87.5513,20,400,15.9489,101.334,103.118
27,1683306923,2737,20230505 10:15:23,10:15:23,b5.brohor.2,45.57100924,1683306917,0.000478462,1.645379306,398.15264,317.1882207,32.23966524,40.46905588,0.036105834,2.957648248,0.035862744,0.022435919,321.4471223,24.72331162,24.040876,3.002336296,59.62490306,1.677497768,2.813418022,1.324838528,-21.10019262,-171.8658087,-12.10704835,116.3740727,0,0,1,0,54460.12413,RECT-1505-20210918-17_20_47,10288.4,812.936,2752.91,1939.974,0.704699391,-1,MPF-1664-20230505-10_25_22,10279.3,2.203956,3.22449,0.316494701,0.5,1681.208748,1.645379306,266.0468304,1,0.001573498,852.7505156,-,0,3.22449,0.316494701,0.998828698,-0.001260367,1.417382661,0,1,1664,300,300,300,10279.3,1.16,-0.00685836,-0.34,2000.0104,1681.208748,0.840600003,0.191200006,6,0.5,0: Broadleaf,2,1683306917,398.15264,399.98792,16.503972,16.03356,406.67744,17.203692,600.19628,101.54004,0.1020234,22.963028,24.040876,999.9,0,0,10006.948,0,94.933704,2000.0104,0.97999948,0.020000504,0,2.2101,0,3854.6028,16306.14,40.29464,41.67212,40.937,39.60988,39.5,1960.01,40.0004,0,33.5999999,0,2.203956,0.7087077,30.94769243,3854.4388,15,1683306838,10:13:57,1683306830,1683306838,9,0.104,0.007,-8.54,-0.711,400,16,0.62,0.15,-1.816179,-0.448428068,0.068209751,1,2.243154286,-0.310032094,0.194924996,1,0.48086415,-0.142497118,0.013997266,0,2,3,3-Feb,100,100,-8.524,-0.6997,-5.337737918,-0.007814304,-3.18E-07,6.48E-10,-0.623003095,-0.027428369,0.001386821,-3.01E-06,5,2011,2,27,1.6,1.4,2,614.625,452.044,20.0012,24.9611,29.9992,25.1857,25.2223,21.4778,25.7748,87.1807,20,400,16.1401,101.349,103.137
28,1683307145,2959,20230505 10:19:05,10:19:05,b6.brohor.2,43.04013426,1683307137,0.001003184,3.614344174,395.9573,319.2360869,32.45015139,40.2488154,0.083976136,2.955693073,0.082672834,0.051785933,321.4448251,24.79516005,23.43783333,2.895316961,59.31164953,1.689681784,2.84881941,1.205635177,-44.2404326,-42.72154898,-3.005457124,231.4773864,0,0,1,0,54364.34483,RECT-1505-20210918-17_20_47,10288.4,812.936,2752.91,1939.974,0.704699391,-1,MPF-1665-20230505-10_29_04,10259.8,2.315388,2.0112,-0.151247017,0.5,1681.19942,3.614344174,-127.1381984,1,0.002744674,1367.789777,-,0,2.0112,-0.151247017,0.999269428,0.000375112,1.418008076,0,1,1665,300,300,300,10259.8,1.48,-0.00684553,-0.71,1999.999667,1681.19942,0.84059985,0.1911997,6,0.5,0: Broadleaf,2,1683307137,395.9573,399.9651667,16.62264667,15.63704667,404.3762333,17.32409667,600.5532667,101.5444333,0.104950067,23.16973,23.43783333,999.9,0,0,9995.421667,0,190.6671333,1999.999667,0.9800056,0.0199948,0,2.30764,0,5958.882,16306.09,40.3267,41.9184,41.04753333,39.78926667,39.5558,1960.009667,39.99,0,220.8,0,2.315388,0.756076921,-794.909232,5954.806,15,1683307128,10:18:48,1683307128,1683307127,10,0.088,-0.004,-8.45,-0.72,400,16,0.56,0.08,-2.912595963,-19.66914148,2.073626779,0,2.316055882,0.11627049,0.177497987,1,0.711162277,4.684957826,0.507554959,0,1,3,3-Jan,100,100,-8.413,-0.6974,-5.249728279,-0.007814304,-3.18E-07,6.48E-10,-0.627042025,-0.027428369,0.001386821,-3.01E-06,5,2011,2,27,0.3,0.3,2,613.709,446.85,20.0026,24.8106,30.0005,24.9683,25.0049,21.4639,28.808,84.9285,20,400,15.6698,101.382,103.163
29,1683307181,2995,20230505 10:19:41,10:19:41,b6.brohor.2,42.07587358,1683307173,0.001207732,4.295895753,395.2167667,319.9120264,32.51844485,40.17302749,0.102098789,2.955541095,0.1001791,0.062781407,321.4452421,24.81351028,23.54584333,2.914236032,60.00150779,1.716709434,2.861110492,1.197526598,-53.26096433,-48.57825215,-3.420753819,216.1852718,0,0,1,0,54346.80227,RECT-1505-20210918-17_20_47,10288.4,812.936,2752.91,1939.974,0.704699391,-1,MPF-1666-20230505-10_29_40,10259.2,2.248232,1.6996,-0.322800659,0.5,1681.19763,4.295895753,-271.3458514,1,0.003150073,1618.739939,-,0,1.6996,-0.322800659,0.999382617,0.000676291,1.418168697,0,1,1666,300,300,300,10259.2,0.97,-0.00684501,-0.37,1999.997,1681.19763,0.840600076,0.191200152,6,0.5,0: Broadleaf,2,1683307173,395.2167667,399.9886333,16.88875333,15.70175333,403.6297667,17.58560333,600.1691,101.5456667,0.102418333,23.24097,23.54584333,999.9,0,0,9994.438333,0,209.0776333,1999.997,0.979999167,0.02000115,0,2.247583333,0,5632.653333,16306.02333,40.4391,42.0186,41.1229,39.90186667,39.64773333,1959.992,40.005,0,35.19999981,0,2.248232,0.279284608,-319.4430774,5628.9328,15,1683307128,10:18:48,1683307128,1683307127,10,0.088,-0.004,-8.45,-0.72,400,16,0.56,0.08,-4.77124025,-0.176749306,0.052974727,1,2.23305,0.187308538,0.191776394,1,1.1954355,-0.17200075,0.016802368,0,2,3,3-Feb,100,100,-8.413,-0.6971,-5.249728279,-0.007814304,-3.18E-07,6.48E-10,-0.627042025,-0.027428369,0.001386821,-3.01E-06,5,2011,2,27,0.9,0.9,2,615.123,447.108,20.0013,24.855,30.0003,24.9807,25.0162,21.4644,29.0953,84.1692,20,400,15.6567,101.374,103.161
30,1683307216,3030,20230505 10:20:16,10:20:16,b6.brohor.2,43.89559016,1683307208,0.001176756,4.285409171,395.2439355,316.9337358,32.21610028,40.17627921,0.097627328,2.95589406,0.09587075,0.060074408,321.4417768,24.89360647,23.65359355,2.933217238,59.64743737,1.714053872,2.873642099,1.219163366,-51.89494195,-54.22392739,-3.821332892,211.5015745,0,0,1,0,54343.98671,RECT-1505-20210918-17_20_47,10288.4,812.936,2752.91,1939.974,0.704699391,-1,MPF-1667-20230505-10_30_15,10258.6,2.290436,1.7132,-0.336934392,0.5,1681.181487,4.285409171,-283.223931,1,0.003143866,1605.881859,-,0,1.7132,-0.336934392,0.999377677,0.000711563,1.418161687,0,1,1667,300,300,300,10258.6,1.46,-0.00684474,-0.65,1999.978065,1681.181487,0.840599963,0.191199926,6,0.5,0: Broadleaf,2,1683307208,395.2439355,399.9930323,16.86242258,15.70585484,403.6572581,17.55975806,600.1791613,101.5464194,0.102905548,23.31332903,23.65359355,999.9,0,0,9996.366129,0,207.8628065,1999.978065,0.980000935,0.019999294,0,2.350583871,0,5458.097097,16305.87742,40.56606452,42.161,41.21951613,40.058,39.77,1959.980323,39.99709677,0,34.4000001,0,2.290436,-1.034346166,-225.2438462,5454.4436,15,1683307128,10:18:48,1683307128,1683307127,10,0.088,-0.004,-8.45,-0.72,400,16,0.56,0.08,-4.75437725,0.157250769,0.042956662,1,2.336933333,-0.742593425,0.194752542,1,1.16304375,-0.133661201,0.013665156,0,2,3,3-Feb,100,100,-8.413,-0.6978,-5.249728279,-0.007814304,-3.18E-07,6.48E-10,-0.627042025,-0.027428369,0.001386821,-3.01E-06,5,2011,2,27,1.5,1.5,2,615.16,446.601,20.0026,24.8979,30.0005,24.9985,25.0323,21.4674,29.3655,83.4203,20,400,15.6659,101.373,103.157
31,1683307480,3294,20230505 10:24:40,10:24:40,g6.brohor.2,41.86285377,1683307472,0.002540363,10.45089828,388.6306452,313.0268033,31.82054355,39.50600473,0.249646102,2.955975642,0.238496499,0.150020559,321.4466195,24.17878278,22.73031935,2.774023613,61.00858634,1.715152922,2.81133038,1.058870691,-112.0300139,35.13121905,2.459669253,247.0074939,0,0,1,0,54413.07532,RECT-1505-20210918-17_20_47,10288.4,812.936,2752.91,1939.974,0.704699391,-1,MPF-1668-20230505-10_34_39,10290.5,2.272032,2.29942,0.01191083,0.5,1681.203552,10.45089828,10.01226459,1,0.006811131,1196.219299,-,0,2.29942,0.01191083,0.999164731,-3.38E-05,1.417859507,0,1,1668,300,300,300,10290.5,1.53,-0.00686604,-0.16,2000.003871,1681.203552,0.840600149,0.191200298,6,0.5,0: Broadleaf,2,1683307472,388.6306452,400.0655806,16.87239677,14.3756,397.077129,17.56835484,600.1692581,101.550871,0.103502452,22.95076774,22.73031935,999.9,0,0,9996.390645,0,269.9161935,2000.003871,0.979995548,0.020004752,0,2.29046129,0,7907.563548,16306.05484,40.516,42.125,41.254,40.05,39.687,1959.993871,40.01,0,263.2,0,2.272032,-1.352223077,-546.7653838,7899.1416,15,1683307452,10:24:11,1683307441,1683307452,11,-0.084,0.001,-8.536,-0.739,400,14,0.16,0.04,-11.4147775,-0.137827767,0.08271594,1,2.316142424,-0.745736244,0.1829903,1,2.38873475,2.166046041,0.214380934,0,2,3,3-Feb,100,100,-8.447,-0.6974,-5.333973816,-0.007814304,-3.18E-07,6.48E-10,-0.625829964,-0.027428369,0.001386821,-3.01E-06,5,2011,2,27,0.7,0.5,2,615.036,442.706,20.0014,24.7218,30.0001,24.8487,24.8722,21.4324,36.5629,79.3017,20,400,13.9995,101.394,103.187
32,1683307516,3329.5,20230505 10:25:15,10:25:15,g6.brohor.2,44.27484905,1683307508,0.002553198,10.61205178,388.3680645,308.6370207,31.37465529,39.47975562,0.239685781,2.957101436,0.229392133,0.144258086,321.4455899,24.28555132,22.84829355,2.793934299,59.62159375,1.687419572,2.830215474,1.106514726,-112.5960351,33.97206659,2.380363873,245.2019852,0,0,1,0,54426.10834,RECT-1505-20210918-17_20_47,10288.4,812.936,2752.91,1939.974,0.704699391,-1,MPF-1669-20230505-10_35_15,10290,2.280626923,2.07633,-0.098393282,0.5,1681.198132,10.61205178,-82.70930091,1,0.00690701,1324.85379,-,0,2.07633,-0.098393282,0.999245769,0.000251951,1.417974504,0,1,1669,300,300,300,10290,1.69,-0.00686555,-0.25,1999.997419,1681.198132,0.840600151,0.191200302,6,0.5,0: Broadleaf,2,1683307508,388.3680645,399.9677742,16.59939032,14.08942258,396.8124194,17.30022258,600.2029032,101.5523226,0.103192452,23.0613871,22.84829355,999.9,0,0,10002.63452,0,262.1383871,1999.997419,0.979997097,0.0200032,0,2.278332258,0,7633.892258,16306.0129,40.625,42.187,41.304,40.135,39.784,1959.987419,40.01,0,34.4000001,0,2.280626923,-0.112694013,-331.3740173,7632.565769,15,1683307452,10:24:11,1683307441,1683307452,11,-0.084,0.001,-8.536,-0.739,400,14,0.16,0.04,-11.6175525,0.209681426,0.052166043,1,2.268482857,0.147752642,0.183635925,1,2.54782725,-0.84162788,0.083630625,0,2,3,3-Feb,100,100,-8.445,-0.7004,-5.333973816,-0.007814304,-3.18E-07,6.48E-10,-0.625829964,-0.027428369,0.001386821,-3.01E-06,5,2011,2,27,1.2,1.1,2,615.883,442.668,20.0031,24.7225,30.0002,24.8351,24.8637,21.4344,35.1111,78.1719,20,400,14.2344,101.397,103.187
33,1683307549,3362.5,20230505 10:25:48,10:25:48,g6.brohor.2,46.77361913,1683307541,0.002460175,10.63074102,388.3827857,304.5970613,30.96302808,39.48004964,0.227280703,2.957220825,0.218003175,0.137053977,321.4450674,24.42326897,22.99778571,2.819343842,59.57267822,1.697679622,2.849762128,1.121664219,-108.4936976,28.28567381,1.984494113,243.2215377,0,0,1,0,54408.6698,RECT-1505-20210918-17_20_47,10288.4,812.936,2752.91,1939.974,0.704699391,-1,MPF-1670-20230505-10_35_48,10289.6,2.249888,2.47422,0.090667766,0.5,1681.197105,10.63074102,76.21519288,1,0.006918131,1111.637518,-,0,2.47422,0.090667766,0.999101235,-0.000276795,1.417769403,0,1,1670,300,300,300,10289.6,2.43,-0.00686524,0.18,1999.996429,1681.197105,0.840600054,0.191200108,6,0.5,0: Broadleaf,2,1683307541,388.3827857,399.9651071,16.70082857,14.28255714,396.8273214,17.39986429,600.2025,101.5497143,0.102704643,23.17520357,22.99778571,999.9,0,0,10003.56893,0,251.1315,1999.996429,0.979997857,0.020002414,0,2.256403571,0,7477.799286,16306.00357,40.69375,42.25221429,41.36375,40.25,39.875,1959.995714,40.00357143,0,32.4000001,0,2.249888,0.122407699,-138.2153847,7477.2488,15,1683307452,10:24:11,1683307441,1683307452,11,-0.084,0.001,-8.536,-0.739,400,14,0.16,0.04,-11.62741,0.72209606,0.082548155,0,2.241935294,0.293249831,0.188600488,1,2.44305575,-0.534222552,0.05174046,0,1,3,3-Jan,100,100,-8.444,-0.6989,-5.333973816,-0.007814304,-3.18E-07,6.48E-10,-0.625829964,-0.027428369,0.001386821,-3.01E-06,5,2011,2,27,1.8,1.6,2,616.329,442.323,20.0026,24.7399,30.0003,24.8372,24.8658,21.4398,33.9489,77.0482,20,400,14.4412,101.394,103.182
34,1683307723,3537,20230505 10:28:43,10:28:43,g7.brohor.2,50.06092163,1683307715,0.002380646,10.31339485,388.7918333,299.4731545,30.44091074,39.51999475,0.206016879,2.956488617,0.198360852,0.124639691,321.4399653,24.52623135,23.61657667,2.926684214,60.57064716,1.734715852,2.863954627,1.191968362,-104.9864983,-57.24658938,-4.031642245,155.1752353,0,0,1,0,54371.82168,RECT-1505-20210918-17_20_47,10288.4,812.936,2752.91,1939.974,0.704699391,-1,MPF-1671-20230505-10_38_42,10266.9,2.2558,2.3952,0.058199733,0.5,1681.170911,10.31339485,48.9218489,1,0.006729473,1148.344522,-,0,2.3952,0.058199733,0.999129939,-0.000171984,1.417810136,0,1,1671,300,300,300,10266.9,1,-0.00685005,-0.03,1999.965333,1681.170911,0.840600026,0.191200052,6,0.5,0: Broadleaf,2,1683307715,388.7918333,400.0270333,17.06587667,14.72664333,397.1310333,17.75395333,600.2013667,101.5459,0.102312133,23.25741667,23.61657667,999.9,0,0,9999.79,0,251.5870667,1999.965333,0.9799988,0.020000837,0,2.24558,0,9921.877,16305.76667,40.75,42.43493333,41.4958,40.375,39.9832,1959.962667,40.001,0,173.4000001,0,2.2558,-0.146393168,-1280.867693,9922.176923,15,1683307697,10:28:17,1683307687,1683307697,12,0.108,0.004,-8.427,-0.728,400,15,0.31,0.06,-11.202565,-0.481346341,0.094392355,1,2.268985294,-0.493231852,0.192109787,1,2.25789075,1.529304203,0.153062806,0,2,3,3-Feb,100,100,-8.34,-0.689,-5.226404592,-0.007814304,-3.18E-07,6.48E-10,-0.62143374,-0.027428369,0.001386821,-3.01E-06,5,2011,2,27,0.6,0.4,2,613.191,441.112,20.0034,24.9229,30.001,24.955,24.9715,21.4393,32.9525,73.2721,20,400,14.4483,101.346,103.134
35,1683307760,3573.5,20230505 10:29:19,10:29:19,g7.brohor.2,50.33756982,1683307752,0.002425278,10.21211594,388.8350645,298.8822812,30.37974263,39.52294909,0.202872645,2.957448633,0.195446311,0.122798522,321.447101,24.6432748,23.75603226,2.951362935,59.55754906,1.71904144,2.886353565,1.232321494,-106.9547661,-58.92769505,-4.154327339,151.4103125,0,0,1,0,54376.4671,RECT-1505-20210918-17_20_47,10288.4,812.936,2752.91,1939.974,0.704699391,-1,MPF-1672-20230505-10_39_19,10266.1,2.224873077,2.1056,-0.056645648,0.5,1681.206,10.21211594,-47.61650184,1,0.006669091,1306.423062,-,0,2.1056,-0.056645648,0.999235137,0.0001471,1.417959416,0,1,1672,300,300,300,10266.1,1.33,-0.00684941,-0.57,2000.006774,1681.206,0.840600153,0.191200306,6,0.5,0: Broadleaf,2,1683307752,388.8350645,399.9862903,16.91229032,14.52886774,397.1746452,17.60320968,600.2110968,101.5422903,0.102218355,23.38644516,23.75603226,999.9,0,0,10005.59323,0,260.9787419,2000.006774,0.979993323,0.0200062,0,2.225229032,0,9354.384194,16306.07097,40.875,42.5,41.536,40.49390323,40.0863871,1959.996452,40.01032258,0,35.4000001,0,2.224873077,-0.065076926,-540.9647867,9352.133846,15,1683307697,10:28:17,1683307687,1683307697,12,0.108,0.004,-8.427,-0.728,400,15,0.31,0.06,-11.17502,0.459827392,0.055291239,1,2.25102,-0.378678669,0.160922776,1,2.40793975,-0.64102863,0.062047615,0,2,3,3-Feb,100,100,-8.34,-0.6906,-5.226404592,-0.007814304,-3.18E-07,6.48E-10,-0.62143374,-0.027428369,0.001386821,-3.01E-06,5,2011,2,27,1.2,1,2,614.326,441.02,20.0033,25.0108,30.001,25.0153,25.0332,21.4423,31.1835,72.1518,20,400,14.7342,101.328,103.118
36,1683307795,3608.5,20230505 10:29:54,10:29:54,g7.brohor.2,53.7352403,1683307787,0.002286728,10.11248664,388.9812667,293.5735546,29.83865232,39.53583894,0.188190963,2.957884695,0.181783252,0.114172064,321.4448688,24.77918763,23.93092667,2.982570156,59.7016581,1.733668369,2.903886465,1.248901787,-100.8447258,-70.81755643,-4.998765695,144.7838208,0,0,1,0,54370.83671,RECT-1505-20210918-17_20_47,10288.4,812.936,2752.91,1939.974,0.704699391,-1,MPF-1673-20230505-10_39_54,10265.5,2.299365385,1.8608,-0.235686471,0.5,1681.19416,10.11248664,-198.117359,1,0.006609877,1478.422829,-,0,1.8608,-0.235686471,0.999324061,0.000540721,1.418085603,0,1,1673,300,300,300,10265.5,1.59,-0.00684892,-0.83,1999.992667,1681.19416,0.840600162,0.191200324,6,0.5,0: Broadleaf,2,1683307787,388.9812667,399.9792,17.05704333,14.81014667,397.3221,17.74529667,600.2208333,101.5371,0.102342133,23.48683333,23.93092667,999.9,0,0,10008.58,0,250.0362,1999.992667,0.9799943,0.0200052,0,2.274666667,0,9037.587667,16305.97333,41,42.6166,41.625,40.6208,40.2122,1959.982,40.01066667,0,34.20000005,0,2.299365385,0.309548716,-368.6311106,9035.877692,15,1683307697,10:28:17,1683307687,1683307697,12,0.108,0.004,-8.427,-0.728,400,15,0.31,0.06,-11.03398,0.608339212,0.072295983,0,2.282826471,-0.095274725,0.177830313,1,2.2730525,-0.493587242,0.051066343,0,1,3,3-Jan,100,100,-8.341,-0.6879,-5.226404592,-0.007814304,-3.18E-07,6.48E-10,-0.62143374,-0.027428369,0.001386821,-3.01E-06,5,2011,2,27,1.8,1.6,2,614.878,440.62,20.0022,25.104,30.0011,25.083,25.098,21.4462,30.0133,71.3928,20,400,14.9495,101.311,103.099
37,1683308050,3864,20230505 10:34:10,10:34:10,b7.brohor.2,51.49078642,1683308042,0.000724317,2.977595229,396.7870323,306.5236832,31.15585501,40.33045382,0.057827729,2.959440401,0.057207244,0.035809721,321.4471418,24.85530288,23.75556774,2.951280431,59.49072377,1.693760643,2.847100415,1.257519787,-31.94239791,-95.06310599,-6.689629437,187.7520085,0,0,1,0,54476.91502,RECT-1505-20210918-17_20_47,10288.4,812.936,2752.91,1939.974,0.704699391,-1,MPF-1674-20230505-10_44_09,10288.9,2.309438462,1.9328,-0.194866754,0.5,1681.2087,2.977595229,-163.8058408,1,0.002365914,1423.311879,-,0,1.9328,-0.194866754,0.999297907,0.000464411,1.418048489,0,1,1674,300,300,300,10288.9,1.29,-0.00686458,-0.35,2000.010323,1681.2087,0.840600011,0.191200023,6,0.5,0: Broadleaf,2,1683308042,396.7870323,400.0486452,16.66389032,15.95238065,405.1649677,17.36483226,600.6221613,101.5354516,0.107118677,23.15974516,23.75556774,999.9,0,0,10017.5771,0,162.3894194,2000.010323,0.979998258,0.020002,0,2.283116129,0,5787.25871,16306.12903,40.903,42.544,41.625,40.562,40.171,1960.009355,40.00096774,0,254.5,0,2.309438462,0.383535055,-291.1801712,5785.293077,15,1683308035,10:33:54,1683308032,1683308035,13,0.024,-0.006,-8.404,-0.715,400,16,0.61,0.07,-2.414099162,-18.94555806,1.987386973,0,2.280042857,0.148543702,0.16916727,1,0.529082356,4.011731301,0.423766286,0,1,3,3-Jan,100,100,-8.369,-0.6965,-5.202814844,-0.007814304,-3.18E-07,6.48E-10,-0.627927724,-0.027428369,0.001386821,-3.01E-06,5,2011,2,27,0.3,0.3,2,613.17,439.232,19.9994,25.3575,30.0002,25.3703,25.3764,21.4608,26.4051,68.3813,20,400,15.8638,101.268,103.059
38,1683308085,3899,20230505 10:34:45,10:34:45,b7.brohor.2,45.76670627,1683308077,0.001075417,3.949781207,395.6314516,314.2142371,31.93695518,40.2122579,0.086302501,2.955675242,0.084926619,0.053200927,321.4491649,24.81422644,23.84815806,2.967765592,59.8992345,1.710318888,2.855326787,1.257446704,-47.42589201,-102.089617,-7.198349136,164.7353068,0,0,1,0,54356.73987,RECT-1505-20210918-17_20_47,10288.4,812.936,2752.91,1939.974,0.704699391,-1,MPF-1675-20230505-10_44_44,10288.5,2.329553846,2.226,-0.046520147,0.5,1681.219519,3.949781207,-39.10528919,1,0.002944161,1235.707098,-,0,2.226,-0.046520147,0.999191401,0.000127732,1.417897353,0,1,1675,300,300,300,10288.5,1.81,-0.00686422,-0.57,2000.023226,1681.219519,0.840599998,0.191199996,6,0.5,0: Broadleaf,2,1683308077,395.6314516,400.0053871,16.82710645,15.77010323,404.0004194,17.52593548,600.1803226,101.5376129,0.103087645,23.20748065,23.84815806,999.9,0,0,9995.991935,0,160.0722903,2000.023226,0.979999419,0.0200008,0,2.314574194,0,5658.957097,16306.23226,40.937,42.49593548,41.59654839,40.5,40.139,1960.022903,40.00032258,0,34.0999999,0,2.329553846,0.418919647,-121.1299144,5657.731154,15,1683308035,10:33:54,1683308032,1683308035,13,0.024,-0.006,-8.404,-0.715,400,16,0.61,0.07,-4.3760735,0.171871069,0.039594828,1,2.332729412,-0.018991547,0.197096034,1,1.07585325,-0.388191782,0.037876616,0,2,3,3-Feb,100,100,-8.369,-0.6994,-5.202814844,-0.007814304,-3.18E-07,6.48E-10,-0.627927724,-0.027428369,0.001386821,-3.01E-06,5,2011,2,27,0.9,0.8,2,615.195,439.337,19.9999,25.3671,30.0002,25.3855,25.3955,21.4598,27.0153,67.6359,20,400,15.7573,101.268,103.058
39,1683308122,3935.5,20230505 10:35:21,10:35:21,b7.brohor.2,55.46496306,1683308117,0.000892936,3.925907447,395.6725625,298.8273321,30.37308494,40.21652325,0.070781755,2.949198179,0.069851374,0.043739681,321.4433453,24.88344562,23.91085,2.978973185,59.80742482,1.709627589,2.858554092,1.269345596,-39.37848077,-108.8613889,-7.695853947,165.5076216,0,0,1,0,54161.83671,RECT-1505-20210918-17_20_47,10288.4,812.936,2752.91,1939.974,0.704699391,-1,MPF-1676-20230505-10_45_21,10288.4,2.284988462,2.0164,-0.133201975,0.5,1681.188975,3.925907447,-111.9688456,1,0.002930014,1364.259869,-,0,2.0164,-0.133201975,0.999267539,0.000331215,1.418005396,0,1,1676,300,300,300,10288.4,1.33,-0.00686398,-0.49,1999.986875,1681.188975,0.840600004,0.191200008,6,0.5,0: Broadleaf,2,1683308117,395.6725625,399.9509375,16.82026875,15.942525,404.042,17.51921875,600.1181875,101.5376875,0.103232438,23.226175,23.91085,999.9,0,0,9959.29375,0,152.150125,1999.986875,0.97999925,0.020000975,0,2.25705,0,5585.165625,16305.9375,40.937,42.433125,41.562,40.437,40.125,1959.986875,40,0,35.60000014,0,2.284988462,-0.212618807,-129.2899145,5591.839615,15,1683308035,10:33:54,1683308032,1683308035,13,0.024,-0.006,-8.404,-0.715,400,16,0.61,0.07,-4.2817265,-0.048927355,0.028998909,1,2.280405882,-0.086018597,0.18364281,1,0.9387574,-0.556899445,0.056019232,0,2,3,3-Feb,100,100,-8.37,-0.6984,-5.202814844,-0.007814304,-3.18E-07,6.48E-10,-0.627927724,-0.027428369,0.001386821,-3.01E-06,5,2011,2,27,1.5,1.4,2,615.378,439.193,19.999,25.386,30.0003,25.4086,25.4209,21.464,26.1174,67.2629,20,400,15.996,101.269,103.055
40,1683308383,4196.9,20230505 10:39:43,10:39:43,c1.brohor.2,62.92229476,1683308375,0.000946757,4.860225902,394.7278,286.0447525,29.0759894,40.12344652,0.077241714,2.958481932,0.076138609,0.047684428,321.4437329,24.70424054,23.66864667,2.935877573,60.07719292,1.700742962,2.830929474,1.235134611,-41.7519748,-96.19145457,-6.765021903,176.7352816,0,0,1,0,54466.06468,RECT-1505-20210918-17_20_47,10288.4,812.936,2752.91,1939.974,0.704699391,-1,MPF-1677-20230505-10_49_42,10282.5,2.238944,1.808,-0.238353982,0.5,1681.18827,4.860225902,-200.3589596,1,0.003485764,1521.627212,-,0,1.808,-0.238353982,0.99934324,0.00053129,1.41811282,0,1,1677,300,300,300,10282.5,1.28,-0.00686036,-0.7,1999.985667,1681.18827,0.840600159,0.191200319,6,0.5,0: Broadleaf,2,1683308375,394.7278,399.9598667,16.73162667,15.80104333,403.0806333,17.43200333,600.2145,101.545,0.103392933,23.06555667,23.66864667,999.9,0,0,10011.192,0,164.3158,1999.985667,0.9799938,0.020006273,0,2.240596667,0,6092.204333,16305.89,40.5,41.937,41.2416,39.87913333,39.7248,1959.975333,40.01033333,0,260.6000001,0,2.238944,0.006684621,-542.2207684,6087.6904,15,1683308362,10:39:22,1683308362,1683308362,14,0.009,0,-8.394,-0.72,400,16,0.38,0.11,-4.416672491,-11.6448211,1.644836636,0,2.242440625,0.045463886,0.1686631,1,0.797418378,2.005123485,0.28828408,0,1,3,3-Jan,100,100,-8.354,-0.6994,-5.193822405,-0.007814304,-3.18E-07,6.48E-10,-0.627738047,-0.027428369,0.001386821,-3.01E-06,5,2011,2,27,0.3,0.4,2,613.783,439.958,20.0004,25.0625,29.9999,25.2081,25.237,21.4632,26.5571,63.892,20,400,15.7282,101.341,103.119
41,1683308421,4234.4,20230505 10:40:20,10:40:20,c1.brohor.2,57.26211541,1683308413,0.001007057,4.613667828,394.9740645,295.1783224,30.00457128,40.14870529,0.080571034,2.957643795,0.079371247,0.049713337,321.4501624,24.73347479,23.77902258,2.955448835,59.72211001,1.69523686,2.838541472,1.260211975,-44.41123422,-106.6850333,-7.511030483,162.8428644,0,0,1,0,54433.1028,RECT-1505-20210918-17_20_47,10288.4,812.936,2752.91,1939.974,0.704699391,-1,MPF-1678-20230505-10_50_20,10282,2.252446154,2.1716,-0.037228842,0.5,1681.221513,4.613667828,-31.29496525,1,0.003339041,1266.687419,-,0,2.1716,-0.037228842,0.999211162,9.97E-05,1.417925395,0,1,1678,300,300,300,10282,1.54,-0.00686001,-0.6,2000.025161,1681.221513,0.840600181,0.191200362,6,0.5,0: Broadleaf,2,1683308413,394.9740645,399.9837742,16.67736452,15.68744194,403.328871,17.37869032,600.2059677,101.5460645,0.102901581,23.10995161,23.77902258,999.9,0,0,10006.32903,0,166.7572581,2000.025161,0.979994452,0.0200056,0,2.263829032,0,5851.01871,16306.22903,40.544,41.937,41.22358065,39.875,39.75,1960.012581,40.01258065,0,36.79999995,0,2.252446154,-0.627712811,-165.4181199,5848.686923,15,1683308362,10:39:22,1683308362,1683308362,14,0.009,0,-8.394,-0.72,400,16,0.38,0.11,-5.025968293,0.471034704,0.060395851,1,2.270855882,-0.501499577,0.19217645,1,1.009495098,-0.456213408,0.048210293,0,2,3,3-Feb,100,100,-8.355,-0.7015,-5.193822405,-0.007814304,-3.18E-07,6.48E-10,-0.627738047,-0.027428369,0.001386821,-3.01E-06,5,2011,2,27,1,1,2,614.645,440.191,20.0001,25.0502,30.0001,25.1894,25.2209,21.4634,25.9632,63.5119,20,400,15.8595,101.34,103.12
42,1683308457,4270.4,20230505 10:40:56,10:40:56,c1.brohor.2,66.77164703,1683308449,0.000857494,4.534564907,395.0781333,280.1822352,28.48065239,40.159873,0.067911533,2.957861414,0.067057059,0.041986537,321.4488213,24.82783877,23.88918667,2.9750962,59.86909334,1.705162028,2.848150746,1.269934172,-37.81550317,-115.3468522,-8.127084599,160.1593813,0,0,1,0,54429.29656,RECT-1505-20210918-17_20_47,10288.4,812.936,2752.91,1939.974,0.704699391,-1,MPF-1679-20230505-10_50_56,10281.7,2.292769231,3.05326,0.249075011,0.5,1681.21514,4.534564907,209.3743401,1,0.003292003,900.6297335,-,0,3.05326,0.249075011,0.998890897,-0.000939013,1.417470925,0,1,1679,300,300,300,10281.7,1.47,-0.00685988,0.15,2000.017667,1681.21514,0.840600145,0.191200289,6,0.5,0: Broadleaf,2,1683308449,395.0781333,399.9499333,16.77476,15.93191667,403.4337333,17.47436333,600.1899333,101.5471667,0.103290833,23.16584667,23.88918667,999.9,0,0,10007.45567,0,172.0039667,2000.017667,0.9799958,0.020004207,0,2.279616667,0,5738.539,16306.17,40.5662,41.9454,41.2458,39.875,39.75413333,1960.007667,40.01,0,35,0,2.292769231,-0.40603077,-133.1924787,5738.318462,15,1683308362,10:39:22,1683308362,1683308362,14,0.009,0,-8.394,-0.72,400,16,0.38,0.11,-4.884268537,0.311120279,0.056287416,1,2.278348571,0.017586693,0.222323667,1,0.857460927,-0.226461889,0.029035983,0,2,3,3-Feb,100,100,-8.356,-0.6992,-5.193822405,-0.007814304,-3.18E-07,6.48E-10,-0.627738047,-0.027428369,0.001386821,-3.01E-06,5,2011,2,27,1.6,1.6,2,614.84,440.059,20.001,25.0481,30.0002,25.1801,25.212,21.4734,25.0832,62.7672,20,400,16.0282,101.338,103.122
43,1683308704,4517.9,20230505 10:45:04,10:45:04,g8.brohor.2,45.48339884,1683308696,0.000422702,1.523199731,398.304129,317.8684513,32.31223947,40.48875674,0.033489136,2.958734216,0.03327997,0.020818665,321.4451567,24.62740787,23.64579677,2.931840144,59.7521419,1.669932316,2.794765615,1.261907827,-18.64114652,-126.4276107,-8.880160992,167.4962385,0,0,1,0,54512.67244,RECT-1505-20210918-17_20_47,10288.4,812.936,2752.91,1939.974,0.704699391,-1,MPF-1680-20230505-10_55_03,10269.1,2.222319231,1.6256,-0.367076298,0.5,1681.200823,1.523199731,-308.5644875,1,0.001500832,1692.473179,-,0,1.6256,-0.367076298,0.999409498,0.000735501,1.418206842,0,1,1680,300,300,300,10269.1,1.23,-0.0068517,-0.06,2000.00129,1681.200823,0.840599869,0.191199738,6,0.5,0: Broadleaf,2,1683308696,398.304129,399.9939355,16.42779355,16.01246774,406.7406452,17.12617419,600.6239032,101.5466129,0.106254323,22.85320323,23.64579677,999.9,0,0,10012.46548,0,143.8796452,2000.00129,0.980002548,0.0199971,0,2.232241935,0,2744.988065,16306.07742,40.31,41.61077419,40.98577419,39.562,39.5,1960.01,39.99129032,0,246.6000001,0,2.222319231,0.17346667,-170.6957265,2743.481923,15,1683308688,10:44:47,1683308688,1683308686,15,-0.057,0.007,-8.452,-0.706,400,16,0.78,0.34,-1.265242073,-9.05257038,0.973636819,0,2.263064706,-0.5789382,0.162624251,1,0.312950042,2.092392193,0.230522831,0,1,3,3-Jan,100,100,-8.436,-0.6964,-5.250925967,-0.007814304,-3.18E-07,6.48E-10,-0.620360554,-0.027428369,0.001386821,-3.01E-06,5,2011,2,27,0.3,0.3,2,613.463,437.975,19.9991,24.851,30.0003,25.0066,25.0364,21.4785,25.7243,60.1545,20,400,15.9905,101.372,103.146
44,1683308741,4554.4,20230505 10:45:40,10:45:40,g8.brohor.2,48.83718904,1683308733,0.000538102,2.082648052,397.7222581,311.8345131,31.69831767,40.42890043,0.042644716,2.953654155,0.042305596,0.026471241,321.4474525,24.67288986,23.73019032,2.946776136,59.9655327,1.683279395,2.807078198,1.263496741,-23.73032002,-128.0936488,-9.019821586,160.603662,0,0,1,0,54348.85936,RECT-1505-20210918-17_20_47,10288.4,812.936,2752.91,1939.974,0.704699391,-1,MPF-1681-20230505-10_55_40,10268.9,2.321753846,2.46128,0.056688452,0.5,1681.213248,2.082648052,47.65268851,1,0.001833585,1117.487129,-,0,2.46128,0.056688452,0.999105935,-0.000172154,1.417776073,0,1,1681,300,300,300,10268.9,1.33,-0.00685169,-0.1,2000.016129,1681.213248,0.840599845,0.19119969,6,0.5,0: Broadleaf,2,1683308733,397.7222581,400.0183548,16.55938387,16.03032258,406.1559355,17.25554194,600.1480645,101.5474194,0.103669097,22.92577097,23.73019032,999.9,0,0,9983.56871,0,140.4089355,2000.016129,0.980003613,0.019996,0,2.298803226,0,2613.902581,16306.21613,40.31809677,41.562,40.937,39.562,39.5,1960.026129,39.99,0,35.5999999,0,2.321753846,0.762112827,-227.9664959,2612.296923,15,1683308688,10:44:47,1683308688,1683308686,15,-0.057,0.007,-8.452,-0.706,400,16,0.78,0.34,-2.273539512,-0.397889268,0.064040724,1,2.33526,-0.093910931,0.1991865,1,0.527789317,0.009442871,0.008032027,1,3,3,3-Mar,100,100,-8.433,-0.6963,-5.250925967,-0.007814304,-3.18E-07,6.48E-10,-0.620360554,-0.027428369,0.001386821,-3.01E-06,5,2011,2,27,0.9,0.9,2,615.571,438.137,20.0014,24.8647,30.0002,25.0038,25.0362,21.4737,25.9987,59.7826,20,400,15.9989,101.368,103.147
45,1683308776,4589.4,20230505 10:46:15,10:46:15,g8.brohor.2,60.13640404,1683308768,0.00047796,2.25441809,397.537871,293.6475204,29.84931262,40.40978169,0.037488409,2.958019999,0.037226451,0.023289915,321.4477099,24.74933138,23.80163871,2.959473058,59.76755107,1.68417237,2.817870801,1.275300688,-21.0780155,-129.5695713,-9.116503351,161.6836197,0,0,1,0,54466.4725,RECT-1505-20210918-17_20_47,10288.4,812.936,2752.91,1939.974,0.704699391,-1,MPF-1682-20230505-10_56_15,10268.7,2.320138462,1.688,-0.37448961,0.5,1681.214603,2.25441809,-314.7987005,1,0.001935754,1629.870853,-,0,1.688,-0.37448961,0.999386831,0.000779217,1.418174677,0,1,1682,300,300,300,10268.7,1.43,-0.00685151,-0.66,2000.017742,1681.214603,0.840599845,0.191199689,6,0.5,0: Broadleaf,2,1683308768,397.537871,399.9815484,16.56832258,16.09842581,405.9701613,17.26434194,600.1835806,101.5465161,0.103627516,22.98915161,23.80163871,999.9,0,0,10008.42,0,138.321,2000.017742,0.980004,0.0199956,0,2.299935484,0,2469.193226,16306.21613,40.36687097,41.554,40.937,39.562,39.516,1960.027742,39.99,0,34.20000005,0,2.320138462,-0.655870094,-224.7675211,2467.145769,15,1683308688,10:44:47,1683308688,1683308686,15,-0.057,0.007,-8.452,-0.706,400,16,0.78,0.34,-2.454193415,0.135558606,0.053211871,1,2.299839394,-0.066235528,0.211219783,1,0.481066317,-0.228457129,0.022761383,0,2,3,3-Feb,100,100,-8.433,-0.6958,-5.250925967,-0.007814304,-3.18E-07,6.48E-10,-0.620360554,-0.027428369,0.001386821,-3.01E-06,5,2011,2,27,1.5,1.5,2,615.91,437.753,19.9998,24.8872,30.0003,25.0122,25.0424,21.4781,25.4109,59.0381,20,400,16.2322,101.366,103.144
46,1683308995,4808.9,20230505 10:49:55,10:49:55,h1.brohor.2,49.41189637,1683308987,0.001082716,4.741733144,394.8034,308.0840033,31.3169256,40.13200482,0.095963391,2.958740348,0.094267221,0.05906691,321.4444589,24.46076694,22.95441667,2.811951567,59.74658444,1.670172991,2.795428402,1.141778576,-47.74777131,-15.52047962,-1.086350053,257.089858,0,0,1,0,54512.13431,RECT-1505-20210918-17_20_47,10288.4,812.936,2752.91,1939.974,0.704699391,-1,MPF-1683-20230505-10_59_54,10264.1,2.3022,2.012,-0.144234592,0.5,1681.19218,4.741733144,-121.2430345,1,0.003415275,1367.245527,-,0,2.012,-0.144234592,0.999269137,0.000357863,1.418007664,0,1,1683,300,300,300,10264.1,1.17,-0.0068485,-0.76,1999.990333,1681.19218,0.840600153,0.191200306,6,0.5,0: Broadleaf,2,1683308987,394.8034,399.9674333,16.43052667,15.36666333,403.1504333,17.13117333,600.5995,101.5466667,0.103939233,22.85711667,22.95441667,999.9,0,0,10012.495,0,158.9343,1999.990333,0.9799961,0.0200034,0,2.294476667,0,5747.38,16305.96,40.062,41.312,40.6912,39.437,39.312,1959.980333,40.01,0,218.6000001,0,2.3022,0.119038462,-258.3299996,5745.1548,15,1683308978,10:49:38,1683308973,1683308978,16,0.064,-0.002,-8.388,-0.721,400,15,0.51,0.08,-3.75487809,-23.34578262,2.628794821,0,2.312042424,-0.080071444,0.173942756,1,0.779788915,4.612421046,0.52180881,0,1,3,3-Jan,100,100,-8.343,-0.6957,-5.187262379,-0.007814304,-3.18E-07,6.48E-10,-0.622832501,-0.027428369,0.001386821,-3.01E-06,5,2011,2,27,0.4,0.3,2,612.916,436.17,20,24.8025,29.9999,24.9264,24.948,21.4661,28.9006,56.0255,20,400,15.22,101.39,103.166
47,1683309031,4844.9,20230505 10:50:31,10:50:31,h1.brohor.2,35.83675389,1683309023,0.001471442,4.678062898,394.7530968,329.5434706,33.49701334,40.12535804,0.130538132,2.956361313,0.127418501,0.07991064,321.4480415,24.45375634,23.06445806,2.830741334,59.86871607,1.682977226,2.811112943,1.147764108,-64.89057648,-18.32394398,-1.284927132,236.9485939,0,0,1,0,54424.59528,RECT-1505-20210918-17_20_47,10288.4,812.936,2752.91,1939.974,0.704699391,-1,MPF-1684-20230505-11_00_30,10263.9,2.308832,1.994,-0.157889669,0.5,1681.211372,4.678062898,-132.7229535,1,0.003377364,1379.59679,-,0,1.994,-0.157889669,0.999275676,0.00038823,1.418016942,0,1,1684,300,300,300,10263.9,1.25,-0.00684828,-0.43,2000.013226,1681.211372,0.840600127,0.191200254,6,0.5,0: Broadleaf,2,1683309023,394.7530968,400.0104516,16.55712258,15.11047419,403.0995806,17.25574194,600.1785161,101.5446129,0.102108484,22.94949032,23.06445806,999.9,0,0,9999.194516,0,167.6203226,2000.013226,0.979996806,0.020002694,0,2.314441935,0,5580.711935,16306.13548,40.08841935,41.294,40.675,39.375,39.312,1960.003226,40.00870968,0,35,0,2.308832,-0.144223079,-305.2438466,5577.4372,15,1683308978,10:49:38,1683308973,1683308978,16,0.064,-0.002,-8.388,-0.721,400,15,0.51,0.08,-5.268168049,0.07260878,0.055618189,1,2.315517143,-0.228843053,0.189390586,1,1.459784146,-0.3320377,0.033202607,0,2,3,3-Feb,100,100,-8.346,-0.6994,-5.187262379,-0.007814304,-3.18E-07,6.48E-10,-0.622832501,-0.027428369,0.001386821,-3.01E-06,5,2011,2,27,1,0.9,2,615.237,436.475,20.0002,24.7874,29.9998,24.9033,24.9282,21.4633,29.7236,55.2804,20,400,15.2052,101.393,103.171
48,1683309065,4878.4,20230505 10:51:04,10:51:04,h1.brohor.2,46.24651341,1683309059,0.00125545,5.06533055,394.4073636,312.5136244,31.76612721,40.09039449,0.109528917,2.955005077,0.107322516,0.067271107,321.4470123,24.56742336,23.15799091,2.846798496,59.70648737,1.684240101,2.820866167,1.162558395,-55.36534143,-24.10146595,-1.692131113,240.2880738,0,0,1,0,54373.92081,RECT-1505-20210918-17_20_47,10288.4,812.936,2752.91,1939.974,0.704699391,-1,MPF-1685-20230505-11_01_04,10263.6,2.310834615,1.809,-0.277409959,0.5,1681.206329,5.06533055,-233.1916892,1,0.003607725,1520.785517,-,0,1.809,-0.277409959,0.999342877,0.000618688,1.418112305,0,1,1685,300,300,300,10263.6,0.92,-0.00684805,-0.47,2000.007273,1681.206329,0.840600108,0.191200215,6,0.5,0: Broadleaf,2,1683309059,394.4073636,399.966,16.56947273,15.33523636,402.7511818,17.26788182,600.2,101.5445455,0.10263,23.00670455,23.15799091,999.9,0,0,9991.509091,0,204.9012273,2000.007273,0.979997,0.0200025,0,2.315268182,0,5399.26,16306.08636,40.10495455,41.312,40.687,39.375,39.312,1959.997273,40.00727273,0,32.29999995,0,2.310834615,-0.068488882,-286.474188,5408.707308,15,1683308978,10:49:38,1683308973,1683308978,16,0.064,-0.002,-8.388,-0.721,400,15,0.51,0.08,-5.564753171,0.018113728,0.043255425,1,2.337155882,-0.393670765,0.172858543,1,1.285012683,-0.598226969,0.06202346,0,2,3,3-Feb,100,100,-8.344,-0.6976,-5.187262379,-0.007814304,-3.18E-07,6.48E-10,-0.622832501,-0.027428369,0.001386821,-3.01E-06,5,2011,2,27,1.5,1.4,2,614.661,436.893,20.001,24.7742,30.0001,24.8896,24.9171,21.4701,28.0099,54.5254,20,400,15.3731,101.402,103.174
49,1683309294,5107.9,20230505 10:54:54,10:54:54,c2.brohor.2,43.69503983,1683309286,0.000699277,2.49381601,397.2012903,319.5579932,32.48143837,40.37348309,0.057073206,2.957805136,0.056468386,0.035346548,321.4441284,24.77872712,23.59325806,2.922575303,59.74671356,1.692430112,2.832674822,1.230145191,-30.83809815,-82.52322363,-5.803163681,202.2796429,0,0,1,0,54444.07649,RECT-1505-20210918-17_20_47,10288.4,812.936,2752.91,1939.974,0.704699391,-1,MPF-1686-20230505-11_04_53,10300.4,2.338072,2.3688,0.012971969,0.5,1681.190778,2.49381601,10.90417727,1,0.002078179,1161.153833,-,0,2.3688,0.012971969,0.999139529,-3.79E-05,1.417823744,0,1,1686,300,300,300,10300.4,1.57,-0.00687244,-0.78,1999.98871,1681.190778,0.840600134,0.191200269,6,0.5,0: Broadleaf,2,1683309286,397.2012903,399.9706452,16.65041935,15.96333548,405.5820968,17.34759032,600.4798387,101.5418387,0.103055387,23.07574516,23.59325806,999.9,0,0,10007.66129,0,107.0204645,1999.98871,0.979996,0.020003665,0,2.336270968,0,4964.175161,16305.93548,40.125,41.73983871,40.812,39.669,39.387,1959.979032,40.00870968,0,228.3999999,0,2.338072,0.03921538,-217.8546157,4961.6964,15,1683309277,10:54:36,1683309274,1683309277,17,-0.015,0,-8.403,-0.712,400,16,0.8,0.09,-2.103204193,-11.83562748,1.336193911,0,2.309725714,0.433777417,0.151504,1,0.519886241,2.854623549,0.329091371,0,1,3,3-Jan,100,100,-8.378,-0.6938,-5.202277817,-0.007814304,-3.18E-07,6.48E-10,-0.623093508,-0.027428369,0.001386821,-3.01E-06,5,2011,2,27,0.3,0.3,2,611.95,436.102,20.0011,24.7965,30.0005,24.8926,24.9189,21.4713,24.5381,52.2777,20,400,15.9062,101.394,103.152
50,1683309330,5143.4,20230505 10:55:29,10:55:29,c2.brohor.2,38.37364198,1683309322,0.000887864,2.793452472,396.8532333,327.5859838,33.2974726,40.33814117,0.072796126,2.957633658,0.071815197,0.044971529,321.4485238,24.73098965,23.63059,2.929155896,60.05040321,1.701123702,2.832826445,1.228032194,-39.15479338,-88.32999987,-6.213067943,187.7506626,0,0,1,0,54438.85912,RECT-1505-20210918-17_20_47,10288.4,812.936,2752.91,1939.974,0.704699391,-1,MPF-1687-20230505-11_05_29,10300,2.316676,1.7168,-0.349415191,0.5,1681.21322,2.793452472,-293.7207192,1,0.002256378,1602.512349,-,0,1.7168,-0.349415191,0.999376369,0.000739475,1.418159831,0,1,1687,300,300,300,10300,1.24,-0.00687212,-0.29,2000.015333,1681.21322,0.840600165,0.191200331,6,0.5,0: Broadleaf,2,1683309322,396.8532333,399.998,16.73593333,15.86321667,405.2311667,17.43167333,600.1979333,101.5429,0.102085567,23.07663,23.63059,999.9,0,0,10006.58333,0,107.67114,2000.015333,0.9799925,0.0200071,0,2.33871,0,4866.079667,16306.15667,40.229,41.7996,40.875,39.75,39.4454,1960.004,40.01133333,0,34.79999995,0,2.316676,-0.903600014,-125.9115386,4864.8076,15,1683309277,10:54:36,1683309274,1683309277,17,-0.015,0,-8.403,-0.712,400,16,0.8,0.09,-3.152750244,0.078635749,0.059112612,1,2.303261765,0.022351648,0.212207099,1,0.89952861,-0.472204516,0.04814245,0,2,3,3-Feb,100,100,-8.379,-0.696,-5.202277817,-0.007814304,-3.18E-07,6.48E-10,-0.623093508,-0.027428369,0.001386821,-3.01E-06,5,2011,2,27,0.9,0.9,2,614.117,436.331,19.9992,24.8294,30.0005,24.9132,24.9384,21.4684,24.8406,51.5273,20,400,15.9256,101.38,103.147
51,1683309366,5179.9,20230505 10:56:06,10:56:06,c2.brohor.2,41.79955037,1683309358,0.000822217,2.828344578,396.8480667,322.1757661,32.74803137,40.3382076,0.067664474,2.957260084,0.066815994,0.041835342,321.4440895,24.68509716,23.59372667,2.922657825,60.24994258,1.700272458,2.822031666,1.222385367,-36.25975102,-92.50180219,-6.504040031,186.1784963,0,0,1,0,54439.44315,RECT-1505-20210918-17_20_47,10288.4,812.936,2752.91,1939.974,0.704699391,-1,MPF-1688-20230505-11_06_05,10299.7,2.302126923,1.8856,-0.220898877,0.5,1681.18997,2.828344578,-185.6864885,1,0.002277164,1458.964998,-,0,1.8856,-0.220898877,0.999315052,0.000513565,1.41807282,0,1,1688,300,300,300,10299.7,1.79,-0.00687176,-0.47,1999.987667,1681.18997,0.840600169,0.191200337,6,0.5,0: Broadleaf,2,1683309358,396.8480667,400.0016667,16.72731333,15.91911667,405.2261333,17.42319667,600.1978,101.5449,0.1015763,23.01353,23.59372667,999.9,0,0,10004.266,0,118.9897233,1999.987667,0.9799928,0.0200068,0,2.28766,0,4820.973667,16305.91,40.312,41.8666,40.9412,39.812,39.5496,1959.976667,40.011,0,35.79999995,0,2.302126923,-0.520092324,-85.15965809,4820.293077,15,1683309277,10:54:36,1683309274,1683309277,17,-0.015,0,-8.403,-0.712,400,16,0.8,0.09,-3.152990488,0.23332223,0.051591979,1,2.292042424,-0.150516184,0.177145053,1,0.808112683,-0.021849449,0.00566373,1,3,3,3-Mar,100,100,-8.378,-0.6962,-5.202277817,-0.007814304,-3.18E-07,6.48E-10,-0.623093508,-0.027428369,0.001386821,-3.01E-06,5,2011,2,27,1.5,1.5,2,614.484,436.187,19.9987,24.8587,30.0005,24.9338,24.9579,21.4715,24.5581,51.1531,20,400,15.9294,101.37,103.14
52,1683309543,5356.4,20230505 10:59:02,10:59:02,c3.brohor.2,50.94760599,1683309535,0.001592837,7.278232786,392.0296333,302.3081166,30.7294961,39.84965148,0.142857209,2.957182641,0.139131047,0.08728359,321.4472795,24.34275762,22.88554667,2.800247484,59.40925706,1.662059231,2.797643521,1.138188253,-70.24409335,-2.44827698,-0.171407986,248.5835011,0,0,1,0,54463.53001,RECT-1505-20210918-17_20_47,10288.4,812.936,2752.91,1939.974,0.704699391,-1,MPF-1689-20230505-11_09_02,10266.5,2.371248,2.70779,0.124286595,0.5,1681.209033,7.278232786,104.4758734,1,0.004923976,1015.663035,-,0,2.70779,0.124286595,0.99901639,-0.000415367,1.417649005,0,1,1689,300,300,300,10266.5,1.42,-0.00684989,-0.07,2000.010667,1681.209033,0.840600033,0.191200067,6,0.5,0: Broadleaf,2,1683309535,392.0296333,399.9253667,16.35087,14.78545333,400.2026333,17.05535333,600.5272667,101.5452333,0.104356633,22.87019,22.88554667,999.9,0,0,10003.79367,0,124.1867333,2000.010667,0.979996867,0.020002763,0,2.366806667,0,7605.242,16306.12667,40.3414,42,41.062,39.937,39.5914,1960.003,40.00233333,0,175.5,0,2.371248,-0.135584608,-943.5346168,7597.3016,15,1683309525,10:58:44,1683309515,1683309525,18,0.166,-0.002,-8.236,-0.732,400,14,0.35,0.08,-5.597414617,-33.79242303,3.794726613,0,2.333297143,0.537308806,0.244217639,1,1.115907355,6.368124475,0.729636634,0,1,3,3-Jan,100,100,-8.169,-0.6997,-5.036248598,-0.007814304,-3.18E-07,6.48E-10,-0.625383722,-0.027428369,0.001386821,-3.01E-06,5,2011,2,27,0.5,0.3,2,612.393,432.323,20.0007,24.9416,30.0004,25.0144,25.0305,21.4581,28.3765,48.5134,20,400,14.842,101.355,103.125
53,1683309579,5392.4,20230505 10:59:38,10:59:38,c3.brohor.2,43.66394106,1683309571,0.001913352,7.64749325,391.6198387,313.4574366,31.86188761,39.80683126,0.175144365,2.955980935,0.169576708,0.106470931,321.4470009,24.28075211,22.93221613,2.808174041,60.21370126,1.686642296,2.801093872,1.121531744,-84.37881821,-6.64234616,-0.465388952,229.9604476,0,0,1,0,54424.14497,RECT-1505-20210918-17_20_47,10288.4,812.936,2752.91,1939.974,0.704699391,-1,MPF-1690-20230505-11_09_38,10266,2.208868,1.576,-0.40156599,0.5,1681.205216,7.64749325,-337.5574184,1,0.005143627,1745.770305,-,0,1.576,-0.40156599,0.999427515,0.000780009,1.418232409,0,1,1690,300,300,300,10266,1.4,-0.00684954,-0.87,2000.005806,1681.205216,0.840600168,0.191200335,6,0.5,0: Broadleaf,2,1683309571,391.6198387,400.0139032,16.59319677,14.71220645,399.7897097,17.29370968,600.1955161,101.5433871,0.103228645,22.89053548,22.93221613,999.9,0,0,9997.157419,0,129.643871,2000.005806,0.979992839,0.0200067,0,2.227183871,0,7232.131935,16306.06774,40.387,41.99390323,41.062,39.94106452,39.625,1959.994516,40.01129032,0,35.4000001,0,2.208868,0.984800005,-321.5946154,7226.4604,15,1683309525,10:58:44,1683309515,1683309525,18,0.166,-0.002,-8.236,-0.732,400,14,0.35,0.08,-8.43353,0.733203972,0.080776144,0,2.218166667,-0.014373532,0.212594197,1,1.899278049,-0.30636878,0.032419253,0,1,3,3-Jan,100,100,-8.171,-0.7014,-5.036248598,-0.007814304,-3.18E-07,6.48E-10,-0.625383722,-0.027428369,0.001386821,-3.01E-06,5,2011,2,27,1.1,0.9,2,614.812,431.997,20.0012,24.9696,30.0004,25.0322,25.0492,21.4579,29.5876,47.765,20,400,14.7652,101.354,103.123
54,1683309614,5427.9,20230505 11:00:14,11:00:14,c3.brohor.2,46.18076265,1683309606,0.001795572,7.39228377,391.9045667,309.6578607,31.47482577,39.83469991,0.160072795,2.955352562,0.155407433,0.097537484,321.448308,24.37654102,23.04329333,2.827118911,59.69645617,1.678759435,2.812159285,1.148359476,-79.18473021,-13.96624618,-0.979612664,227.317719,0,0,1,0,54393.51277,RECT-1505-20210918-17_20_47,10288.4,812.936,2752.91,1939.974,0.704699391,-1,MPF-1691-20230505-11_10_13,10265.8,2.230807692,2.044,-0.091393196,0.5,1681.21235,7.39228377,-76.82568478,1,0.004991805,1345.824853,-,0,2.044,-0.091393196,0.999257513,0.000230373,1.417991169,0,1,1691,300,300,300,10265.8,1.33,-0.00684933,-0.95,2000.014333,1681.21235,0.840600151,0.191200301,6,0.5,0: Broadleaf,2,1683309606,391.9045667,399.9981,16.51609,14.75070667,400.0765667,17.21793333,600.1811333,101.5409333,0.102944533,22.95563667,23.04329333,999.9,0,0,9993.835,0,126.4461667,2000.014333,0.9799935,0.020006017,0,2.21446,0,7067.867667,16306.13667,40.437,42,41.0704,39.937,39.65393333,1960.004,40.01033333,0,34.5,0,2.230807692,0.532054707,-188.1596581,7067.047308,15,1683309525,10:58:44,1683309515,1683309525,18,0.166,-0.002,-8.236,-0.732,400,14,0.35,0.08,-8.097585122,-0.000315261,0.073569133,1,2.231208824,0.324159763,0.185273688,1,1.790970244,-0.493216307,0.04984973,0,2,3,3-Feb,100,100,-8.172,-0.7017,-5.036248598,-0.007814304,-3.18E-07,6.48E-10,-0.625383722,-0.027428369,0.001386821,-3.01E-06,5,2011,2,27,1.6,1.5,2,615.379,431.826,20.0003,24.998,30.0004,25.0533,25.0709,21.4613,28.1761,47.0148,20,400,14.8835,101.349,103.114
55,1683309874,5687.5,20230505 11:04:33,11:04:33,h2.brohor.2,46.3251522,1683309866,0.001473891,6.204801988,393.2459333,311.1962802,31.63296025,39.97327014,0.13394024,2.956569458,0.130658308,0.081949613,321.4441636,24.41397679,23.04421,2.827275718,60.83815533,1.706188288,2.804470778,1.121087429,-64.99857248,-21.32433724,-1.494768644,233.6264852,0,0,1,0,54437.97885,RECT-1505-20210918-17_20_47,10288.4,812.936,2752.91,1939.974,0.704699391,-1,MPF-1692-20230505-11_14_33,10258.3,2.282503846,1.9184,-0.189795583,0.5,1681.19328,6.204801988,-159.5415293,1,0.004285529,1434.003128,-,0,1.9184,-0.189795583,0.999303137,0.000448947,1.418055912,0,1,1692,300,300,300,10258.3,1.14,-0.00684469,-0.05,1999.992,1681.19328,0.840600003,0.191200005,6,0.5,0: Broadleaf,2,1683309866,393.2459333,400.0283333,16.78500667,15.33628333,401.5805667,17.48249667,600.1772333,101.5461333,0.103411533,22.91042667,23.04421,999.9,0,0,10000.22567,0,176.3022,1999.992,0.980000367,0.019999877,0,2.29026,0,6225.154,16306.00667,40.1746,41.7101,40.87706667,39.687,39.3936,1959.991667,40,0,258.7,0,2.282503846,0.432625638,-817.4560674,6221.058846,15,1683309848,11:04:08,1683309844,1683309848,19,-0.151,0,-8.389,-0.723,400,15,0.43,0.08,-6.759035366,-0.388213041,0.140070624,1,2.293209091,-0.191195427,0.173335101,1,1.391658293,1.117682091,0.116616101,0,2,3,3-Feb,100,100,-8.335,-0.6984,-5.187086609,-0.007814304,-3.18E-07,6.48E-10,-0.625783326,-0.027428369,0.001386821,-3.01E-06,5,2011,2,27,0.5,0.4,2,613.549,433.61,19.9994,24.8198,29.9998,24.9379,24.9586,21.4778,24.7809,44.3982,20,400,15.0785,101.388,103.16
56,1683309914,5727.5,20230505 11:05:13,11:05:13,h2.brohor.2,49.03028169,1683309906,0.001454649,6.24741365,393.1484667,306.5727592,31.16365819,39.96423056,0.127419493,2.956160609,0.124445116,0.07803965,321.449038,24.51741367,23.15849333,2.846884964,59.73156029,1.685157337,2.821217676,1.161727627,-64.15000959,-23.86284903,-1.674744985,231.7614344,0,0,1,0,54407.84084,RECT-1505-20210918-17_20_47,10288.4,812.936,2752.91,1939.974,0.704699391,-1,MPF-1693-20230505-11_15_13,10257.9,2.234011538,2.13,-0.048831708,0.5,1681.21752,6.24741365,-41.04836168,1,0.004310813,1291.446009,-,0,2.13,-0.048831708,0.999226273,0.000128282,1.417946838,0,1,1693,300,300,300,10257.9,1.81,-0.0068443,0.17,2000.020667,1681.21752,0.840600074,0.191200148,6,0.5,0: Broadleaf,2,1683309906,393.1484667,399.9658,16.57775,15.14763,401.4822667,17.27892,600.1736667,101.5485667,0.103185667,23.00876333,23.15849333,999.9,0,0,9997.666667,0,183.4759667,2000.020667,0.979995867,0.02000444,0,2.20492,0,5730.280333,16306.20333,40.2458,41.7206,40.88326667,39.687,39.437,1960.015333,40.00533333,0,39.19999981,0,2.234011538,0.53970941,-523.7917949,5727.351923,15,1683309848,11:04:08,1683309844,1683309848,19,-0.151,0,-8.389,-0.723,400,15,0.43,0.08,-6.81140122,-0.007356585,0.044524819,1,2.210420588,0.240843728,0.195079131,1,1.460215366,-0.439429756,0.049974179,0,2,3,3-Feb,100,100,-8.334,-0.7008,-5.187086609,-0.007814304,-3.18E-07,6.48E-10,-0.625783326,-0.027428369,0.001386821,-3.01E-06,5,2011,2,27,1.2,1.1,2,614.576,433.776,20.0006,24.7976,30.0001,24.9135,24.9384,21.4793,24.225,43.6468,20,400,15.2508,101.391,103.161
57,1683309956,5769.5,20230505 11:05:55,11:05:55,h2.brohor.2,50.82433361,1683309948,0.001435356,6.302854543,393.1374333,303.6172287,30.86371036,39.96373962,0.124012537,2.954539297,0.121191686,0.075992902,321.4489435,24.55928813,23.26267333,2.864864188,59.69714441,1.687874355,2.827395466,1.176989833,-63.29921195,-34.68645924,-2.437436765,221.0258355,0,0,1,0,54353.2353,RECT-1505-20210918-17_20_47,10288.4,812.936,2752.91,1939.974,0.704699391,-1,MPF-1694-20230505-11_15_55,10257.5,2.313156,3.86883,0.402104512,0.5,1681.21596,6.302854543,338.0122618,1,0.004343793,710.5613764,-,0,3.86883,0.402104512,0.99859464,-0.0019228,1.417050522,0,1,1694,300,300,300,10257.5,1.7,-0.00684405,0.33,2000.018667,1681.21596,0.840600134,0.191200269,6,0.5,0: Broadleaf,2,1683309948,393.1374333,400.0026667,16.60421667,15.19308667,401.4709667,17.30492667,600.1672333,101.5499333,0.103423067,23.04491,23.26267333,999.9,0,0,9988.338333,0,158.5801667,2000.018667,0.979994333,0.020005963,0,2.290306667,0,5440.597333,16306.16667,40.312,41.7122,40.93286667,39.687,39.5,1960.009333,40.00933333,0,41,0,2.313156,-0.5112,-280.1007688,5438.6708,15,1683309848,11:04:08,1683309844,1683309848,19,-0.151,0,-8.389,-0.723,400,15,0.43,0.08,-6.85394561,-0.210608571,0.037847837,1,2.289297143,0.113560861,0.177133413,1,1.417663171,-0.108657491,0.011232394,0,2,3,3-Feb,100,100,-8.334,-0.701,-5.187086609,-0.007814304,-3.18E-07,6.48E-10,-0.625783326,-0.027428369,0.001386821,-3.01E-06,5,2011,2,27,1.9,1.8,2,614.456,433.826,20.0002,24.7905,30,24.8996,24.9259,21.48,23.0701,42.8889,20,400,15.337,101.391,103.159
58,1683310143,5957,20230505 11:09:03,11:09:03,h4.brohor.2,51.98855815,1683310135,0.001569299,6.807068742,392.6009,300.8805221,30.58513336,39.9087013,0.130933978,2.956472854,0.127795759,0.080148041,321.4469296,24.65037604,23.67163333,2.936405657,60.25339106,1.71671368,2.849156951,1.219691977,-69.20609016,-79.68565019,-5.611094126,166.9440951,0,0,1,0,54387.1565,RECT-1505-20210918-17_20_47,10288.4,812.936,2752.91,1939.974,0.704699391,-1,MPF-1695-20230505-11_19_02,10287.2,2.228119231,2.6208,0.149832406,0.5,1681.20784,6.807068742,125.9497077,1,0.004643726,1049.408272,-,0,2.6208,0.149832406,0.999047989,-0.000484602,1.417693845,0,1,1695,300,300,300,10287.2,1.66,-0.00686362,-0.26,2000.009333,1681.20784,0.840599997,0.191199994,6,0.5,0: Broadleaf,2,1683310135,392.6009,400.0218,16.88813,15.34580667,400.8039667,17.57923667,600.1841,101.5488,0.103288167,23.17169,23.67163333,999.9,0,0,9999.415,0,167.1111333,2000.009333,0.9800018,0.01999834,0,2.22614,0,5941.033667,16306.13667,40.312,41.75,41,39.812,39.55786667,1960.009333,40,0,186.5999999,0,2.228119231,-0.400625639,-403.684102,5939.903846,15,1683310112,11:08:32,1683310107,1683310112,20,0.126,0.005,-8.261,-0.72,400,15,0.45,0.1,-7.451158293,0.558932195,0.073689329,0,2.233587879,-0.215893347,0.202665272,1,1.502453659,0.741924251,0.076301277,0,1,3,3-Jan,100,100,-8.203,-0.6918,-5.061629904,-0.007814304,-3.18E-07,6.48E-10,-0.621194103,-0.027428369,0.001386821,-3.01E-06,5,2011,2,27,0.6,0.5,2,614.648,433.594,20.0001,24.7946,30.0002,24.8706,24.8927,21.4991,21.4205,41.0319,20,400,15.2322,101.39,103.162
59,1683310183,5996.5,20230505 11:09:42,11:09:42,h4.brohor.2,55.91682244,1683310175,0.001469522,6.68567432,392.7026129,294.6295823,29.94927404,39.91845653,0.119564632,2.95716393,0.116942469,0.073319844,321.4456505,24.7387977,23.77642581,2.954987082,59.68177842,1.70691656,2.860029653,1.248070522,-64.80593753,-86.36294387,-6.08502239,164.1917467,0,0,1,0,54396.01649,RECT-1505-20210918-17_20_47,10288.4,812.936,2752.91,1939.974,0.704699391,-1,MPF-1696-20230505-11_19_42,10286.7,2.261452,2.2904,0.01263884,0.5,1681.203765,6.68567432,10.62423301,1,0.004571531,1200.93416,-,0,2.2904,0.01263884,0.999168008,-3.57E-05,1.417864157,0,1,1696,300,300,300,10286.7,1.43,-0.00686331,-0.13,2000.004839,1681.203765,0.840599849,0.191199697,6,0.5,0: Broadleaf,2,1683310175,392.7026129,399.963,16.79199677,15.34762258,400.9065161,17.48485484,600.1960645,101.5479355,0.10266529,23.23471613,23.77642581,999.9,0,0,10003.42129,0,166.4249032,2000.004839,0.980003,0.0199971,0,2.266948387,0,5767.032258,16306.1,40.395,41.812,41.026,39.875,39.625,1960.014839,39.99,0,38.60000014,0,2.261452,0.240723078,-183.3992305,5765.0664,15,1683310112,11:08:32,1683310107,1683310112,20,0.126,0.005,-8.261,-0.72,400,15,0.45,0.1,-7.273430244,0.273795052,0.062909391,1,2.298714286,-0.343498239,0.198608947,1,1.472680488,-0.481290314,0.051965936,0,2,3,3-Feb,100,100,-8.204,-0.6921,-5.061629904,-0.007814304,-3.18E-07,6.48E-10,-0.621194103,-0.027428369,0.001386821,-3.01E-06,5,2011,2,27,1.3,1.2,2,615.234,433.775,20.0007,24.8067,30.0002,24.8746,24.8968,21.5031,19.9703,40.6578,20,400,15.4646,101.385,103.16
60,1683310222,6035.5,20230505 11:10:21,11:10:21,h4.brohor.2,56.75630516,1683310214,0.001443499,6.60593737,392.8044516,293.3608689,29.82034862,39.92886212,0.116391251,2.956236867,0.11390411,0.071409102,321.4416014,24.78209642,23.86075484,2.970014584,59.71014889,1.711465592,2.866289272,1.258548992,-63.65831519,-94.00805522,-6.629805866,157.1454252,0,0,1,0,54361.94111,RECT-1505-20210918-17_20_47,10288.4,812.936,2752.91,1939.974,0.704699391,-1,MPF-1697-20230505-11_20_21,10286.2,2.292223077,1.8744,-0.222910306,0.5,1681.182368,6.60593737,-187.3764377,1,0.00452416,1467.688647,-,0,1.8744,-0.222910306,0.99931912,0.000515156,1.418078593,0,1,1697,300,300,300,10286.2,1.33,-0.00686297,-0.01,1999.979355,1681.182368,0.840599861,0.191199722,6,0.5,0: Broadleaf,2,1683310214,392.8044516,399.9753871,16.83672581,15.41792903,401.0089677,17.52878387,600.1685806,101.547871,0.102866323,23.27090645,23.86075484,999.9,0,0,9998.167742,0,168.8908065,1999.979355,0.980003484,0.019996616,0,2.291283871,0,5678.268387,16305.90323,40.4613871,41.883,41.08232258,39.879,39.687,1959.989032,39.99032258,0,37.79999995,0,2.292223077,-0.230769233,-90.73025648,5677.945385,15,1683310112,11:08:32,1683310107,1683310112,20,0.126,0.005,-8.261,-0.72,400,15,0.45,0.1,-7.189382683,0.094411359,0.05657614,1,2.290114706,-0.043077825,0.177744258,1,1.436698049,-0.296433868,0.032283286,0,2,3,3-Feb,100,100,-8.204,-0.692,-5.061629904,-0.007814304,-3.18E-07,6.48E-10,-0.621194103,-0.027428369,0.001386821,-3.01E-06,5,2011,2,27,1.9,1.8,2,615.309,433.821,20.0008,24.8182,30.0002,24.8767,24.8989,21.508,19.0921,40.6578,20,400,15.5379,101.386,103.159
61,1683311122,6935.5,20230505 11:25:21,11:25:21,a1.clapur.2,48.89452976,1683311114,0.000757951,2.874089099,396.7771,310.4413886,31.55110682,40.32566895,0.058781404,2.95338295,0.058139108,0.036394065,321.4454697,24.98696908,24.13701333,3.019713141,60.11082508,1.725670671,2.870815146,1.294042471,-33.42563169,-133.7444828,-9.455741119,144.8196141,0,0,1,0,54272.34662,RECT-1505-20210918-17_20_47,10288.4,812.936,2752.91,1939.974,0.704699391,-1,MPF-1698-20230505-11_35_21,10265.8,2.294884,2.0068,-0.143553917,0.5,1681.1975,2.874089099,-120.6712429,1,0.002304363,1370.790911,-,0,2.0068,-0.143553917,0.999271026,0.000355252,1.418010344,0,1,1698,300,300,300,10265.8,1.62,-0.00684953,-0.4,1999.996667,1681.1975,0.840600151,0.191200302,6,0.5,0: Broadleaf,2,1683311114,396.7771,399.9498333,16.97942333,16.23483333,405.1074,17.66957333,600.3958667,101.5291,0.1039553,23.29703,24.13701333,999.9,0,0,9983.833,0,162.5562,1999.996667,0.979994,0.0200055,0,2.298143333,0,1380.959667,16305.99667,41,42.625,41.75,40.5872,40.2416,1959.986667,40.01,0,898.8,0,2.294884,-0.111676916,-107.9084615,1380.4288,15,1683311103,11:25:02,1683311103,1683311098,21,-0.094,-0.001,-8.355,-0.704,400,16,0.66,0.2,-2.319150107,-11.86029969,1.381336013,0,2.324755882,-0.406246134,0.151419004,1,0.550875385,2.703020505,0.3105045,0,1,3,3-Jan,100,100,-8.33,-0.6893,-5.155418291,-0.007814304,-3.18E-07,6.48E-10,-0.621916747,-0.027428369,0.001386821,-3.01E-06,5,2011,2,27,0.3,0.4,2,614.196,432.922,20.0014,25.375,30.0005,25.4326,25.4489,21.5178,21.4483,51.6425,20,400,16.1046,101.288,103.064
62,1683311158,6971.5,20230505 11:25:57,11:25:57,a1.clapur.2,46.31781009,1683311152,0.000840313,2.985554586,396.6554,314.2873175,31.94231391,40.31372121,0.064458026,2.955893646,0.063687209,0.039872993,321.4416925,25.03249038,24.218915,3.034586184,59.83989547,1.72498657,2.882669758,1.309599614,-37.05782138,-136.0328876,-9.616659277,138.7343243,0,0,1,0,54334.09763,RECT-1505-20210918-17_20_47,10288.4,812.936,2752.91,1939.974,0.704699391,-1,MPF-1699-20230505-11_35_57,10265.4,2.268352,1.8256,-0.242524102,0.5,1681.17762,2.985554586,-203.863046,1,0.002370692,1506.948072,-,0,1.8256,-0.242524102,0.999336847,0.000545859,1.418103748,0,1,1699,300,300,300,10265.4,1.5,-0.00684921,-0.39,1999.973,1681.17762,0.840600158,0.191200316,6,0.5,0: Broadleaf,2,1683311152,396.6554,399.9732,16.972515,16.14673,404.98465,17.662805,600.1934,101.5304,0.1037167,23.365285,24.218915,999.9,0,0,9997.941,0,163.96025,1999.973,0.9799946,0.0200049,0,2.268975,0,1313.7365,16305.815,41.062,42.687,41.75,40.6187,40.2562,1959.963,40.01,0,35.19999981,0,2.268352,0.0153,-92.01000015,1316.584,15,1683311103,11:25:02,1683311103,1683311098,21,-0.094,-0.001,-8.355,-0.704,400,16,0.66,0.2,-3.336449268,0.103650314,0.047092753,1,2.285305882,-0.263025012,0.215326761,1,0.838630951,-0.142929282,0.014345333,0,2,3,3-Feb,100,100,-8.329,-0.6903,-5.155418291,-0.007814304,-3.18E-07,6.48E-10,-0.621916747,-0.027428369,0.001386821,-3.01E-06,5,2011,2,27,0.9,1,2,616.074,432.893,20.0001,25.4124,30.0004,25.4598,25.4776,21.5144,21.4483,51.6425,20,400,16.2219,101.283,103.059
63,1683311198,7011.5,20230505 11:26:37,11:26:37,a1.clapur.2,48.7737671,1683311190,0.00082304,3.063129326,396.5751667,310.2637164,31.53387967,40.30620703,0.062802804,2.956205772,0.062070901,0.038859361,321.4478637,25.08867463,24.27341333,3.044518331,59.77443601,1.728505329,2.891713321,1.316013003,-36.29607961,-136.4605643,-9.651063026,139.0401568,0,0,1,0,54333.84903,RECT-1505-20210918-17_20_47,10288.4,812.936,2752.91,1939.974,0.704699391,-1,MPF-1700-20230505-11_36_37,10265,2.265630769,2.496,0.092295365,0.5,1681.2101,3.063129326,77.58394982,1,0.002416789,1101.928686,-,0,2.496,0.092295365,0.999093323,-0.000284252,1.417758176,0,1,1700,300,300,300,10265,1.6,-0.00684897,0,2000.011667,1681.2101,0.840600146,0.191200293,6,0.5,0: Broadleaf,2,1683311190,396.5751667,399.9636333,17.00686667,16.19807667,404.9038333,17.69653333,600.1877,101.5321,0.103631167,23.41719,24.27341333,999.9,0,0,9999.544333,0,167.5598333,2000.011667,0.9799954,0.0200041,0,2.259593333,0,1264.509,16306.11333,41.12913333,42.77066667,41.812,40.6622,40.3414,1960.001667,40.01,0,39.19999981,0,2.265630769,-0.423630769,-56.44854702,1264.232308,15,1683311103,11:25:02,1683311103,1683311098,21,-0.094,-0.001,-8.355,-0.704,400,16,0.66,0.2,-3.397211707,0.20577993,0.059561688,1,2.24670303,-0.12280454,0.163838308,1,0.820815829,-0.231942209,0.024171873,0,2,3,3-Feb,100,100,-8.327,-0.6892,-5.155418291,-0.007814304,-3.18E-07,6.48E-10,-0.621916747,-0.027428369,0.001386821,-3.01E-06,5,2011,2,27,1.6,1.7,2,616.918,432.542,20.0014,25.4607,30.0006,25.4982,25.5164,21.5218,21.1673,51.2683,20,400,16.2204,101.272,103.051
64,1683311586,7399.4,20230505 11:33:05,11:33:05,a3.clapur.2,92.29758863,1683311578,0.000423874,3.02422251,396.8136552,241.7158808,24.56508528,40.32735147,0.032765997,2.955134764,0.032565495,0.020371346,321.4443037,24.98932843,23.99284138,2.993686829,59.56572416,1.701449594,2.856423921,1.292237236,-18.69283462,-124.108668,-8.759209028,169.883592,0,0,1,0,54339.24839,RECT-1505-20210918-17_20_47,10288.4,812.936,2752.91,1939.974,0.704699391,-1,MPF-1701-20230505-11_43_05,10262.9,2.316996154,2.0896,-0.108822815,0.5,1681.193928,3.02422251,-91.47612773,1,0.002393669,1316.433959,-,0,2.0896,-0.108822815,0.999240949,0.000280443,1.417967663,0,1,1701,300,300,300,10262.9,1.38,-0.0068475,-0.55,1999.992759,1681.193928,0.840600007,0.191200015,6,0.5,0: Broadleaf,2,1683311578,396.8136552,400.0033448,16.74194828,16.32552759,404.8957241,17.44455172,600.5138621,101.5222069,0.105725862,23.21383793,23.99284138,999.9,0,0,9994.443103,0,134.6780345,1999.992759,0.979999621,0.020000469,0,2.319734483,0,6418.074483,16305.98276,41.19568966,42.9522069,41.99565517,40.875,40.437,1959.992414,40.00034483,0,387.1999998,0,2.316996154,-0.235347013,-1862.835214,6416.848846,15,1683311571,11:32:51,1683311571,1683311565,22,0.275,-0.008,-8.079,-0.711,400,16,0.62,0.19,-2.335973966,-17.44007615,1.883293407,0,2.288832353,0.20881114,0.203319758,1,0.294573058,2.376142293,0.257696071,0,1,3,3-Jan,100,100,-8.044,-0.6989,-4.880479296,-0.007814304,-3.18E-07,6.48E-10,-0.630279844,-0.027428369,0.001386821,-3.01E-06,5,2011,2,27,0.2,0.3,2,612.292,432.945,19.9984,25.5561,30,25.6412,25.6621,21.5225,22.2254,49.4069,20,400,16.3502,101.265,103.017
65,1683311623,7436.9,20230505 11:33:43,11:33:43,a3.clapur.2,76.23170226,1683311615,0.000684931,4.118055777,395.6488667,265.8506649,27.01706426,40.20780184,0.054020252,2.956526298,0.053477844,0.033471932,321.445972,24.91448405,23.97766,2.990957693,60.22289241,1.719535719,2.855285839,1.271421974,-30.20545671,-122.7984427,-8.661703935,159.7803686,0,0,1,0,54381.62372,RECT-1505-20210918-17_20_47,10288.4,812.936,2752.91,1939.974,0.704699391,-1,MPF-1702-20230505-11_43_42,10262.9,2.255219231,2.0468,-0.101826867,0.5,1681.2028,4.118055777,-85.59580671,1,0.003044282,1343.982412,-,0,2.0468,-0.101826867,0.999256496,0.000257026,1.417989726,0,1,1702,300,300,300,10262.9,1.01,-0.00684718,-0.28,2000.003333,1681.2028,0.840599999,0.191199998,6,0.5,0: Broadleaf,2,1683311615,395.6488667,400.0366,16.92040667,16.24726667,403.6931,17.61985333,600.1797667,101.5220333,0.1029307,23.20724333,23.97766,999.9,0,0,10002.35467,0,133.2547333,2000.003333,0.9800012,0.0199992,0,2.257216667,0,5652.533,16306.08667,41.312,42.9496,42,40.90806667,40.5,1960.003333,40,0,37,0,2.255219231,-0.643531612,-710.8485475,5646.589231,15,1683311571,11:32:51,1683311571,1683311565,22,0.275,-0.008,-8.079,-0.711,400,16,0.62,0.19,-4.352943171,-0.388537003,0.075655222,1,2.262854545,0.233072847,0.183704422,1,0.677069902,-0.039254279,0.009799274,1,3,3,3-Mar,100,100,-8.044,-0.6999,-4.880479296,-0.007814304,-3.18E-07,6.48E-10,-0.630279844,-0.027428369,0.001386821,-3.01E-06,5,2011,2,27,0.9,1,2,614.637,433.65,20.0005,25.5397,30.0001,25.6328,25.6573,21.5212,22.5237,49.0369,20,400,16.2261,101.269,103.021
66,1683311660,7473.4,20230505 11:34:19,11:34:19,a3.clapur.2,76.7162269,1683311654,0.000688692,4.173556388,395.5602609,264.992143,26.93041355,40.19968776,0.054402524,2.955683887,0.053852299,0.033706659,321.4477993,24.86929299,23.92567391,2.981628697,60.12052163,1.711977603,2.847576096,1.269651094,-30.37131946,-121.607958,-8.575980085,160.8925418,0,0,1,0,54364.94001,RECT-1505-20210918-17_20_47,10288.4,812.936,2752.91,1939.974,0.704699391,-1,MPF-1703-20230505-11_44_19,10262.9,2.250353846,2.48022,0.092679744,0.5,1681.212417,4.173556388,77.90716795,1,0.003077277,1108.945892,-,0,2.48022,0.092679744,0.999099055,-0.000283626,1.41776631,0,1,1703,300,300,300,10262.9,1.48,-0.0068474,-0.63,2000.014783,1681.212417,0.840599996,0.191199991,6,0.5,0: Broadleaf,2,1683311654,395.5602609,400.0049565,16.84566087,16.16876522,403.6038261,17.54646957,600.1727826,101.5234348,0.103780435,23.1625087,23.92567391,999.9,0,0,9997.436957,0,139.6969565,2000.014783,0.980001,0.0199994,0,2.290834783,0,5240.998261,16306.17391,41.375,42.99452174,42.062,40.93973913,40.562,1960.014783,40,0,35.39999986,0,2.250353846,-0.004198288,-494.7654704,5255.540385,15,1683311571,11:32:51,1683311571,1683311565,22,0.275,-0.008,-8.079,-0.711,400,16,0.62,0.19,-4.426615854,0.001494983,0.058950442,1,2.266971429,-0.299077104,0.185386175,1,0.675329122,0.019310739,0.006346851,1,3,3,3-Mar,100,100,-8.045,-0.7012,-4.880479296,-0.007814304,-3.18E-07,6.48E-10,-0.630279844,-0.027428369,0.001386821,-3.01E-06,5,2011,2,27,1.5,1.6,2,615.177,433.412,19.9994,25.5332,30.0002,25.6306,25.6573,21.522,22.5237,48.6668,20,400,16.2405,101.269,103.02
70,1683312222,8035.4,20230505 11:43:41,11:43:41,f1.clapur.1,33.09436704,1683312214,0.001235875,3.183596919,396.397871,334.9953128,34.04154022,40.28114291,0.096197547,2.95754129,0.094492491,0.059208482,321.4492583,25.22072867,24.43080968,3.073363048,60.53612631,1.776005929,2.933795136,1.297357119,-54.50209477,-123.4032078,-8.741162954,134.8027928,0,0,1,0,54329.04304,RECT-1505-20210918-17_20_47,10288.4,812.936,2752.91,1939.974,0.704699391,-1,MPF-1707-20230505-11_53_41,10266.5,2.252788462,1.8356,-0.227276346,0.5,1681.218352,3.183596919,-191.0505823,1,0.002488432,1498.733057,-,0,1.8356,-0.227276346,0.999333215,0.000514349,1.418098593,0,1,1707,300,300,300,10266.5,1.15,-0.00684996,-0.77,2000.021613,1681.218352,0.840600092,0.191200184,6,0.5,0: Broadleaf,2,1683312214,396.397871,400.0700645,17.47728387,16.26343871,404.5628065,18.15834516,600.2126774,101.5151935,0.102766226,23.65686452,24.43080968,999.9,0,0,10008.79,0,331.9964194,2000.021613,0.979994903,0.020004706,0,2.247070968,0,1663.494194,16306.20968,41.129,42.923,41.82012903,40.82419355,40.383,1960.009355,40.00645161,0,170,0,2.252788462,-0.299476908,20.58393157,1663.516154,15,1683312193,11:43:13,1683312190,1683312193,24,-0.06,-0.007,-8.193,-0.706,400,16,0.36,0.08,-3.664120488,0.046382509,0.049068893,1,2.249911429,-0.388947945,0.173888422,1,1.149236854,1.332626488,0.135589788,0,2,3,3-Feb,100,100,-8.165,-0.682,-4.994450706,-0.007814304,-3.18E-07,6.48E-10,-0.622282169,-0.027428369,0.001386821,-3.01E-06,5,2011,2,27,0.5,0.5,2,603.086,431.066,20.0018,25.2141,30.0001,25.2454,25.2635,21.511,24.2049,43.0651,20,400,16.0586,101.329,103.108
71,1683312257,8070.9,20230505 11:44:17,11:44:17,f1.clapur.1,33.42396061,1683312249,0.001288214,3.272376975,396.2041333,334.0762542,33.94778918,40.2610309,0.097905123,2.956109241,0.096138758,0.06024277,321.4478637,25.31371616,24.53937,3.093396935,59.75568725,1.764324566,2.952563425,1.329072368,-56.81022039,-123.7633693,-8.780424915,132.0938491,0,0,1,0,54267.33466,RECT-1505-20210918-17_20_47,10288.4,812.936,2752.91,1939.974,0.704699391,-1,MPF-1708-20230505-11_54_16,10265.9,2.236357692,1.4108,-0.585169898,0.5,1681.2101,3.272376975,-491.8967715,1,0.002541251,1950.311313,-,0,1.4108,-0.585169898,0.999487524,0.001017292,1.418317565,0,1,1708,300,300,300,10265.9,1.02,-0.00684945,-0.56,2000.011667,1681.2101,0.840600146,0.191200293,6,0.5,0: Broadleaf,2,1683312249,396.2041333,399.9856,17.36251333,16.09710333,404.3675333,18.04581333,600.2072,101.5143333,0.1025543,23.76279,24.53937,999.9,0,0,10000.74667,0,416.9472,2000.011667,0.979994,0.0200055,0,2.234666667,0,1677.714333,16306.11,41.27686667,43.0434,41.92666667,40.8936,40.4958,1960.001667,40.01,0,34.79999995,0,2.236357692,-0.173193167,-349.756923,1675.534231,15,1683312193,11:43:13,1683312190,1683312193,24,-0.06,-0.007,-8.193,-0.706,400,16,0.36,0.08,-3.778026098,-0.08758453,0.035608995,1,2.219926471,-0.02350803,0.168335223,1,1.267123415,-0.034190174,0.006584778,1,3,3,3-Mar,100,100,-8.164,-0.6835,-4.994450706,-0.007814304,-3.18E-07,6.48E-10,-0.622282169,-0.027428369,0.001386821,-3.01E-06,5,2011,2,27,1.1,1.1,2,603.859,430.785,20.0032,25.2443,30.0006,25.2661,25.2882,21.5112,24.2049,42.6905,20,400,16.1104,101.324,103.108
72,1683312295,8108.4,20230505 11:44:54,11:44:54,f1.clapur.1,36.66619383,1683312287,0.001210282,3.354740339,396.1513667,328.8377277,33.41630525,40.25667944,0.091494098,2.955965579,0.089949449,0.056355014,321.4512374,25.40338247,24.60671667,3.105882481,59.74466837,1.771391098,2.964935862,1.334491383,-53.37344733,-123.4131327,-8.762052997,135.9026044,0,0,1,0,54250.43683,RECT-1505-20210918-17_20_47,10288.4,812.936,2752.91,1939.974,0.704699391,-1,MPF-1709-20230505-11_54_54,10265.5,2.212969231,1.4988,-0.476494016,0.5,1681.2275,3.354740339,-400.5474215,1,0.002590215,1835.742728,-,0,1.4988,-0.476494016,0.999455558,0.000880129,1.418272204,0,1,1709,300,300,300,10265.5,1.22,-0.00684914,-0.52,2000.032333,1681.2275,0.84060016,0.191200321,6,0.5,0: Broadleaf,2,1683312287,396.1513667,399.9842667,17.43161667,16.24283333,404.3143333,18.11357,600.2027667,101.5166667,0.102771833,23.83229667,24.60671667,999.9,0,0,9999.701667,0,347.5879667,2000.032333,0.9799948,0.0200047,0,2.242056667,0,1628.788667,16306.29,41.40806667,43.1746,42.03926667,41.03926667,40.6208,1960.020667,40.01133333,0,36.79999995,0,2.212969231,0.60455386,528.5989749,1632.601538,15,1683312193,11:43:13,1683312190,1683312193,24,-0.06,-0.007,-8.193,-0.706,400,16,0.36,0.08,-3.826749024,-0.079648223,0.037410666,1,2.188329412,0.450337092,0.179084685,1,1.201162439,-0.154317909,0.024756997,0,2,3,3-Feb,100,100,-8.163,-0.6811,-4.994450706,-0.007814304,-3.18E-07,6.48E-10,-0.622282169,-0.027428369,0.001386821,-3.01E-06,5,2011,2,27,1.7,1.7,2,604.459,430.724,20.0021,25.2961,30.0005,25.2993,25.3183,21.5143,23.0704,42.3179,20,400,16.2692,101.315,103.096
73,1683312484,8297.9,20230505 11:48:04,11:48:04,f3.clapur.2,52.17011053,1683312476,0.000746315,3.201830357,396.5018387,305.3114233,31.02739742,40.29466043,0.061372888,2.957100998,0.060673943,0.037983349,321.4420989,25.23333583,23.89319032,2.975812383,60.22871962,1.754871449,2.913678822,1.220940934,-32.91250302,-55.88092737,-3.945846449,228.702822,0,0,1,0,54337.11839,RECT-1505-20210918-17_20_47,10288.4,812.936,2752.91,1939.974,0.704699391,-1,MPF-1710-20230505-11_58_03,10235.2,2.188716,1.8072,-0.211108898,0.5,1681.185068,3.201830357,-177.4565633,1,0.002499326,1522.301239,-,0,1.8072,-0.211108898,0.999343531,0.000470352,1.418113232,0,1,1710,300,300,300,10235.2,1.3,-0.00682859,-0.67,1999.982581,1681.185068,0.840599855,0.191199711,6,0.5,0: Broadleaf,2,1683312476,396.5018387,399.9984516,17.26803871,16.53484839,404.7833226,17.95463548,600.1943871,101.5229355,0.102470742,23.54267097,23.89319032,999.9,0,0,10005.52742,0,288.212,1999.982581,0.980004774,0.0199949,0,2.181232258,0,2029.914194,16305.94839,41.5,43.25,42.163,41.143,40.7256129,1959.991935,39.99,0,188.8,0,2.188716,-1.043269217,-219.0084616,2026.476,15,1683312460,11:47:39,1683312460,1683312455,25,-0.115,-0.002,-8.309,-0.701,400,16,1.04,0.17,-3.375147561,-1.959400139,0.356221425,0,2.231229412,-0.98789011,0.246368782,1,0.703950902,0.538495108,0.076252498,0,1,3,3-Jan,100,100,-8.282,-0.6867,-5.109233807,-0.007814304,-3.18E-07,6.48E-10,-0.623790184,-0.027428369,0.001386821,-3.01E-06,5,2011,2,27,0.4,0.5,2,614.28,428.686,20.0001,25.5639,30.0009,25.5208,25.5282,21.5127,23.211,40.8284,20,400,16.4295,101.26,103.028
74,1683312522,8335.9,20230505 11:48:42,11:48:42,f3.clapur.2,53.46563872,1683312514,0.000731783,3.204316128,396.4882333,303.2181452,30.81558169,40.29447359,0.059932252,2.956147988,0.059265331,0.037100133,321.4438143,25.22731877,23.87513667,2.972584096,59.99089914,1.746856735,2.911869567,1.225727362,-32.27162533,-54.62788913,-3.858057659,230.6862422,0,0,1,0,54310.90463,RECT-1505-20210918-17_20_47,10288.4,812.936,2752.91,1939.974,0.704699391,-1,MPF-1711-20230505-11_58_41,10234.6,2.279484615,1.8008,-0.265817756,0.5,1681.1941,3.204316128,-223.4456217,1,0.002500792,1527.715016,-,0,1.8008,-0.265817756,0.999345856,0.000590142,1.418116531,0,1,1711,300,300,300,10234.6,1.26,-0.0068282,-0.19,1999.993333,1681.1941,0.840599852,0.191199704,6,0.5,0: Broadleaf,2,1683312514,396.4882333,399.9816667,17.18866333,16.46967,404.7696333,17.87676333,600.1762333,101.5260333,0.1023889,23.53236667,23.87513667,999.9,0,0,9999.814,0,270.5217667,1999.993333,0.9800063,0.019993323,0,2.276233333,0,1926.225667,16306.03333,41.562,43.187,42.1622,41.15806667,40.75,1960.003333,39.99,0,37,0,2.279484615,0.222926487,-85.26598291,1926.081923,15,1683312460,11:47:39,1683312460,1683312455,25,-0.115,-0.002,-8.309,-0.701,400,16,1.04,0.17,-3.491366098,0.114280976,0.053383353,1,2.255337143,0.205782387,0.185361966,1,0.740917707,-0.462091484,0.047597753,0,2,3,3-Feb,100,100,-8.282,-0.6877,-5.109233807,-0.007814304,-3.18E-07,6.48E-10,-0.623790184,-0.027428369,0.001386821,-3.01E-06,5,2011,2,27,1,1.1,2,615.107,428.452,19.999,25.6372,30.0009,25.5807,25.5879,21.507,22.9234,40.457,20,400,16.5117,101.243,103.015
75,1683312559,8372.4,20230505 11:49:18,11:49:18,f3.clapur.2,50.93153681,1683312551,0.000753722,3.174864014,396.5233226,307.3391922,31.23545829,40.29940867,0.062335916,2.955566187,0.061614634,0.038573255,321.4483564,25.17206508,23.82470323,2.963582,60.25132256,1.749161281,2.903108523,1.214420719,-33.23912103,-54.54430377,-3.85095728,229.8139744,0,0,1,0,54302.92206,RECT-1505-20210918-17_20_47,10288.4,812.936,2752.91,1939.974,0.704699391,-1,MPF-1712-20230505-11_59_18,10234.4,2.258730769,1.88471,-0.198450037,0.5,1681.215435,3.174864014,-166.8186327,1,0.002483242,1459.654424,-,0,1.88471,-0.198450037,0.999315375,0.000461156,1.418073278,0,1,1712,300,300,300,10234.4,1.17,-0.00682802,-0.3,2000.018387,1681.215435,0.84059999,0.191199979,6,0.5,0: Broadleaf,2,1683312551,396.5233226,399.9960968,17.21075484,16.47020968,404.805,17.89841613,600.1655161,101.5287742,0.103100581,23.48239032,23.82470323,999.9,0,0,9996.243548,0,306.8764516,2000.018387,0.980001839,0.019997761,0,2.264683871,0,1889.139677,16306.22581,41.59858065,43.125,42.145,41.181,40.804,1960.01871,39.99967742,0,35.39999986,0,2.258730769,0.06925128,-52.43145301,1888.866923,15,1683312460,11:47:39,1683312460,1683312455,25,-0.115,-0.002,-8.309,-0.701,400,16,1.04,0.17,-3.490597317,0.134809129,0.049490164,1,2.273302857,0.07112407,0.15660338,1,0.744016439,-0.126331944,0.015149821,0,2,3,3-Feb,100,100,-8.282,-0.6881,-5.109233807,-0.007814304,-3.18E-07,6.48E-10,-0.623790184,-0.027428369,0.001386821,-3.01E-06,5,2011,2,27,1.6,1.7,2,615.382,427.962,19.9989,25.7094,30.0009,25.6415,25.6469,21.5098,23.2135,40.0816,20,400,16.4627,101.226,102.999
76,1683312879,8692.9,20230505 11:54:39,11:54:39,a5.clapur.2,57.22891472,1683312871,0.001077474,4.899906715,394.6982333,294.8340684,29.96490897,40.11441656,0.085619424,2.955579959,0.084265008,0.052785534,321.4458656,24.88583245,24.06280667,3.006292553,60.57114051,1.737062967,2.867806273,1.269229586,-47.5166072,-124.7864883,-8.811769746,140.3310003,0,0,1,0,54340.49806,RECT-1505-20210918-17_20_47,10288.4,812.936,2752.91,1939.974,0.704699391,-1,MPF-1713-20230505-12_04_38,10262,2.238273077,1.8864,-0.186531529,0.5,1681.20224,4.899906715,-156.7986125,1,0.003509338,1458.345844,-,0,1.8864,-0.186531529,0.999314761,0.000433849,1.418072407,0,1,1713,300,300,300,10262,1.41,-0.00684685,-0.45,2000.002667,1681.20224,0.840599999,0.191199998,6,0.5,0: Broadleaf,2,1683312871,394.6982333,400.0219333,17.09150333,16.03274,402.9694667,17.77980333,600.1672333,101.5293667,0.103762567,23.27966667,24.06280667,999.9,0,0,9996.263333,0,260.6479667,2000.002667,0.9800019,0.0199985,0,2.238203333,0,1377.798333,16306.09,41.375,43,42.062,40.937,40.562,1960.002667,40,0,319.8,0,2.238273077,0.003873492,-100.4690599,1377.134615,15,1683312855,11:54:15,1683312851,1683312855,26,-0.004,0.002,-8.312,-0.708,400,16,0.36,0.12,-5.026786585,-4.201994007,0.766886055,0,2.236638235,0.05434235,0.157302549,1,0.974059902,1.610971568,0.178801905,0,1,3,3-Jan,100,100,-8.272,-0.6892,-5.113083739,-0.007814304,-3.18E-07,6.48E-10,-0.622149912,-0.027428369,0.001386821,-3.01E-06,5,2011,2,27,0.5,0.4,2,615.227,427.107,19.9973,25.8767,30.0002,25.8898,25.8995,21.4954,23.7624,37.4735,20,400,15.8345,101.179,102.95
77,1683312916,8729.4,20230505 11:55:15,11:55:15,a5.clapur.2,54.97777108,1683312908,0.001124686,4.813373982,394.7182333,298.2932417,30.31649208,40.11647105,0.087551275,2.955110341,0.086135374,0.053959914,321.4402944,24.91754861,24.12434667,3.017418621,59.86346022,1.721311446,2.875395842,1.296107175,-49.59867402,-127.5982355,-9.01655233,135.2268325,0,0,1,0,54318.58771,RECT-1505-20210918-17_20_47,10288.4,812.936,2752.91,1939.974,0.704699391,-1,MPF-1714-20230505-12_05_15,10261.7,2.298128,2.2476,-0.022480868,0.5,1681.174357,4.813373982,-18.89712981,1,0.003457924,1223.822032,-,0,2.2476,-0.022480868,0.999183555,6.23E-05,1.417886219,0,1,1714,300,300,300,10261.7,1.55,-0.0068467,-0.2,1999.969667,1681.174357,0.840599928,0.191199856,6,0.5,0: Broadleaf,2,1683312908,394.7182333,399.9739333,16.93651,15.83121,402.9898333,17.6277,600.1836,101.5295,0.103684533,23.32343333,24.12434667,999.9,0,0,9993.586667,0,252.9429,1999.969667,0.9800025,0.0199979,0,2.28996,0,1325.968,16305.82333,41.437,43.03513333,42.0788,40.9538,40.6208,1959.979333,39.99466667,0,35.5999999,0,2.298128,0.712407681,-47.5430769,1325.5228,15,1683312855,11:54:15,1683312851,1683312855,26,-0.004,0.002,-8.312,-0.708,400,16,0.36,0.12,-5.271688049,0.329754355,0.053418532,1,2.274230303,0.214381184,0.184493718,1,1.117791463,-0.316616446,0.032164827,0,2,3,3-Feb,100,100,-8.271,-0.6912,-5.113083739,-0.007814304,-3.18E-07,6.48E-10,-0.622149912,-0.027428369,0.001386821,-3.01E-06,5,2011,2,27,1.1,1,2,616.135,427.415,20.001,25.9048,30.0004,25.9151,25.9284,21.4995,23.1888,36.7297,20,400,15.9502,101.169,102.947
78,1683312952,8765.9,20230505 11:55:52,11:55:52,a5.clapur.2,55.43937513,1683312944,0.001128899,4.86554177,394.6891,297.5115145,30.23682249,40.11321806,0.087763287,2.956671241,0.086341318,0.054089163,321.4445591,24.9688087,24.15999667,3.023880384,59.83779524,1.726104434,2.884639093,1.29777595,-49.78446675,-124.8734756,-8.823312201,137.9633045,0,0,1,0,54354.98579,RECT-1505-20210918-17_20_47,10288.4,812.936,2752.91,1939.974,0.704699391,-1,MPF-1715-20230505-12_05_51,10261.3,2.242507692,1.6276,-0.377800253,0.5,1681.19802,4.86554177,-317.5785189,1,0.003488906,1690.392234,-,0,1.6276,-0.377800253,0.999408771,0.000757921,1.418205811,0,1,1715,300,300,300,10261.3,1.1,-0.00684642,-0.62,1999.998,1681.19802,0.840599851,0.191199701,6,0.5,0: Broadleaf,2,1683312944,394.6891,399.9985,16.98379333,15.87442333,402.9604667,17.6741,600.1928,101.5289,0.103544533,23.3766,24.15999667,999.9,0,0,10002.50067,0,289.9012667,1999.998,0.980004,0.0199964,0,2.242933333,0,1318.175,16306.05,41.50826667,43.0767,42.13326667,41,40.66013333,1960.008,39.99,0,35.60000014,0,2.242507692,0.465046153,194.7647862,1318.462692,15,1683312855,11:54:15,1683312851,1683312855,26,-0.004,0.002,-8.312,-0.708,400,16,0.36,0.12,-5.311421951,0.024660627,0.036709589,1,2.246491429,-0.07660683,0.143580759,1,1.106557317,0.085466551,0.011356527,1,3,3,3-Mar,100,100,-8.272,-0.6905,-5.113083739,-0.007814304,-3.18E-07,6.48E-10,-0.622149912,-0.027428369,0.001386821,-3.01E-06,5,2011,2,27,1.7,1.6,2,616.202,427.092,19.9991,25.936,30.0005,25.9473,25.9614,21.5014,22.8744,36.3541,20,400,15.9542,101.16,102.94
79,1683313260,9074,20230505 12:01:00,12:01:00,a8.clapur.2,80.9119843,1683313252,0.000747092,4.919080695,394.7326452,257.534721,26.17404092,40.11788534,0.060795452,2.960205806,0.060110229,0.037629814,321.4444799,25.09241371,23.80250323,2.959626982,59.7226981,1.725576527,2.889314417,1.234050455,-32.94673551,-63.68746652,-4.487143462,220.3231344,0,0,1,0,54454.59616,RECT-1505-20210918-17_20_47,10288.4,812.936,2752.91,1939.974,0.704699391,-1,MPF-1716-20230505-12_11_00,10255.4,2.239544,1.6764,-0.3359246,0.5,1681.194861,4.919080695,-282.3773559,1,0.003520758,1641.15581,-,0,1.6764,-0.3359246,0.999391044,0.00069416,1.418180656,0,1,1716,300,300,300,10255.4,1.38,-0.00684253,-0.14,1999.993871,1681.194861,0.840600007,0.191200013,6,0.5,0: Broadleaf,2,1683313252,394.7326452,399.9415161,16.97849677,16.24480968,403.026,17.66734516,600.5887419,101.5272581,0.10579871,23.40343548,23.80250323,999.9,0,0,10022.73452,0,208.7587742,1999.993871,0.979999129,0.0200011,0,2.251806452,0,2490.528065,16305.99677,41.375,43.042,42.06,41,40.562,1959.993548,40.00032258,0,307.1999998,0,2.239544,0.17133846,-382.6084622,2485.5684,15,1683313243,12:00:42,1683313242,1683313243,27,-0.022,0.002,-8.334,-0.704,400,16,0.48,0.15,-3.886808995,-23.34732749,2.564938511,0,2.232024242,0.089899113,0.163276987,1,0.548048466,3.112642656,0.349927576,0,1,3,3-Jan,100,100,-8.289,-0.6854,-5.134605454,-0.007814304,-3.18E-07,6.48E-10,-0.620638412,-0.027428369,0.001386821,-3.01E-06,5,2011,2,27,0.3,0.3,2,615.112,425.966,20.0024,25.9333,30.0006,25.9915,26.0108,21.5204,20.575,35.2398,20,400,16.1849,101.186,102.952
80,1683313298,9112,20230505 12:01:38,12:01:38,a8.clapur.2,67.61896082,1683313290,0.000991449,5.47892052,394.1345333,277.8708472,28.23975402,40.05552358,0.081026393,2.955580632,0.079812284,0.049990245,321.4443228,25.07799606,23.84664333,2.967495257,59.8547914,1.734235268,2.897404247,1.233259989,-43.72291241,-63.23670479,-4.464399234,210.0203064,0,0,1,0,54309.22929,RECT-1505-20210918-17_20_47,10288.4,812.936,2752.91,1939.974,0.704699391,-1,MPF-1717-20230505-12_11_38,10255,2.23012,2.046,-0.089990225,0.5,1681.19412,5.47892052,-75.64551842,1,0.003853761,1344.508309,-,0,2.046,-0.089990225,0.999256786,0.000227059,1.417990138,0,1,1717,300,300,300,10255,1.13,-0.00684229,-0.37,1999.993,1681.19412,0.840600002,0.191200004,6,0.5,0: Broadleaf,2,1683313290,394.1345333,400.0024667,17.06436333,16.09012333,402.4229333,17.75169667,600.1791,101.5245,0.104563667,23.44978,23.84664333,999.9,0,0,9996.746333,0,425.762,1999.993,0.98,0.0200002,0,2.2327,0,2431.573667,16305.98333,41.479,43.1061,42.1019,41.062,40.64153333,1959.993,40,0,37.29999995,0,2.23012,0.154730765,-114.6438463,2430.2984,15,1683313243,12:00:42,1683313242,1683313243,27,-0.022,0.002,-8.334,-0.704,400,16,0.48,0.15,-5.87249025,0.015113583,0.0528586,1,2.249630303,-0.09362368,0.176072324,1,0.9863434,-0.252653156,0.024840889,0,2,3,3-Feb,100,100,-8.289,-0.6877,-5.134605454,-0.007814304,-3.18E-07,6.48E-10,-0.620638412,-0.027428369,0.001386821,-3.01E-06,5,2011,2,27,0.9,0.9,2,616.602,425.698,20.0029,25.9874,30.0008,26.0267,26.0473,21.5121,21.1993,34.8678,20,400,16.0901,101.177,102.949
81,1683313341,9154.5,20230505 12:02:20,12:02:20,a8.clapur.2,77.97049095,1683313333,0.000876541,5.526126943,394.1058966,261.3715291,26.56137188,40.05024309,0.070874595,2.954393761,0.069943405,0.043797273,321.4432576,25.21335618,23.95066897,2.986110923,59.74911315,1.742184213,2.915832757,1.24392671,-38.65544592,-63.03205985,-4.456449602,215.2993022,0,0,1,0,54254.76713,RECT-1505-20210918-17_20_47,10288.4,812.936,2752.91,1939.974,0.704699391,-1,MPF-1718-20230505-12_12_20,10254.5,2.267130769,2.0996,-0.079791755,0.5,1681.188424,5.526126943,-67.07248759,1,0.003881853,1310.159268,-,0,2.0996,-0.079791755,0.999237316,0.000206615,1.417962509,0,1,1718,300,300,300,10254.5,1.15,-0.00684192,-0.45,1999.986207,1681.188424,0.840600009,0.191200018,6,0.5,0: Broadleaf,2,1683313333,394.1058966,399.9757586,17.1435931,16.28233103,402.3943103,17.82942759,600.1752759,101.5181034,0.104946207,23.55493103,23.95066897,999.9,0,0,9990.644828,0,451.8942759,1999.986207,0.980000414,0.019999786,0,2.262189655,0,2329.766897,16305.94828,41.562,43.24565517,42.19568966,41.15493103,40.75,1959.986207,40.00034483,0,41.79999995,0,2.267130769,-0.03571966,-72.04512826,2329.77,15,1683313243,12:00:42,1683313242,1683313243,27,-0.022,0.002,-8.334,-0.704,400,16,0.48,0.15,-5.87620675,0.085757786,0.038553274,1,2.262036364,0.003832333,0.162797831,1,0.8685995,-0.055832961,0.01747679,1,3,3,3-Mar,100,100,-8.289,-0.6851,-5.134605454,-0.007814304,-3.18E-07,6.48E-10,-0.620638412,-0.027428369,0.001386821,-3.01E-06,5,2011,2,27,1.6,1.6,2,617.321,425.438,20.0031,26.0725,30.001,26.088,26.1082,21.5201,20.3367,34.4961,20,400,16.3066,101.161,102.93
82,1683313677,9490.5,20230505 12:07:56,12:07:56,f4.clapur.2,34.67366098,1683313669,0.002,5.295465973,393.9500645,329.3473606,33.47102758,40.03649354,0.152723013,2.955023976,0.148469651,0.093165813,321.4436047,25.68954164,25.01353226,3.182243798,60.49115885,1.847106666,3.053515094,1.335137131,-88.20000062,-110.0660888,-7.852377221,115.3251381,0,0,1,0,54133.35864,RECT-1505-20210918-17_20_47,10288.4,812.936,2752.91,1939.974,0.704699391,-1,MPF-1719-20230505-12_17_56,10279.7,2.217676,1.7384,-0.275699494,0.5,1681.190255,5.295465973,-231.7516511,1,0.003744648,1582.588357,-,0,1.7384,-0.275699494,0.999368523,0.000590825,1.418148697,0,1,1719,300,300,300,10279.7,1.32,-0.00685835,-0.29,1999.988387,1681.190255,0.840600008,0.191200017,6,0.5,0: Broadleaf,2,1683313669,393.9500645,400.0316774,18.1751129,16.21202903,402.3597419,18.84132581,600.1729677,101.5232581,0.105088129,24.32264516,25.01353226,999.9,0,0,9993.71129,0,436.8692903,1999.988387,0.980000645,0.0199993,0,2.203619355,0,2853.203226,16305.95484,41.899,44.09045161,42.637,41.774,41.153,1959.988065,40.00032258,0,335.1999998,0,2.217676,-0.449753857,-71.49538453,2848.7092,15,1683313649,12:07:29,1683313639,1683313649,28,-0.122,-0.001,-8.457,-0.709,400,16,0.72,0.06,-6.0495065,-0.357589869,0.087424967,1,2.223341176,-0.19623246,0.182303559,1,1.88587525,1.798309306,0.17663662,0,2,3,3-Feb,100,100,-8.408,-0.667,-5.256000119,-0.007814304,-3.18E-07,6.48E-10,-0.621637683,-0.027428369,0.001386821,-3.01E-06,5,2011,2,27,0.6,0.5,2,616.629,423.221,20.0034,26.5625,30.0011,26.4981,26.51,21.5105,22.4582,33.7431,20,400,15.9577,101.069,102.853
83,1683313717,9530.5,20230505 12:08:36,12:08:36,f4.clapur.2,34.71826647,1683313709,0.002047393,5.377286525,393.7946552,329.0294783,33.43972847,40.02190445,0.154883497,2.956003964,0.150512204,0.094452595,321.4771622,25.63709275,24.9825931,3.176379269,60.00721369,1.827940364,3.046201035,1.348438905,-90.29002579,-111.5488151,-7.952676294,111.6856449,0,0,1,0,54169.58909,RECT-1505-20210918-17_20_47,10288.4,812.936,2752.91,1939.974,0.704699391,-1,MPF-1720-20230505-12_18_36,10288.8,2.220816,2.048,-0.084382813,0.5,1681.366593,5.377286525,-70.93922098,1,0.003792919,1343.194336,-,0,2.048,-0.084382813,0.99925606,0.000213119,1.417989107,0,1,1720,300,300,300,10288.8,1.46,-0.00686453,-0.04,2000.198276,1681.366593,0.840599961,0.191199922,6,0.5,0: Broadleaf,2,1683313709,393.7946552,399.9764138,17.98597931,15.97598966,402.202931,18.65615517,600.1727931,101.5258966,0.105509379,24.28263103,24.9825931,999.9,0,0,9999.010345,0,419.4463448,2000.198276,0.980002103,0.019997986,0,2.225962069,0,2892.273103,16307.68966,42.10327586,44.23696552,42.75,42.00427586,41.34458621,1960.196897,40.00137931,0,39.20000005,0,2.220816,0.653115405,161.7976917,2893.362,15,1683313649,12:07:29,1683313639,1683313649,28,-0.122,-0.001,-8.457,-0.709,400,16,0.72,0.06,-6.16497675,-0.305006341,0.039996674,1,2.233860606,0.309786807,0.198197072,1,2.02986725,-0.363033884,0.039336054,0,2,3,3-Feb,100,100,-8.408,-0.6697,-5.256000119,-0.007814304,-3.18E-07,6.48E-10,-0.621637683,-0.027428369,0.001386821,-3.01E-06,5,2011,2,27,1.3,1.1,2,617.967,422.802,20.0015,26.6726,30.0011,26.5862,26.5955,21.513,22.2149,33.3668,20,400,16.0266,101.052,102.834
84,1683313761,9575,20230505 12:09:21,12:09:21,f4.clapur.2,34.8024827,1683313753,0.002056133,5.507769988,393.6864516,328.8857873,33.42524149,40.01104707,0.158257962,2.955626691,0.153696574,0.096459231,321.4408626,25.51658491,24.85390323,3.152087277,60.36261297,1.825767363,3.024665888,1.326319913,-90.67545481,-109.8798493,-7.824941373,113.0606171,0,0,1,0,54180.03243,RECT-1505-20210918-17_20_47,10288.4,812.936,2752.91,1939.974,0.704699391,-1,MPF-1721-20230505-12_19_21,10287,2.216346154,1.7616,-0.25814382,0.5,1681.178565,5.507769988,-216.9929286,1,0.003870957,1561.732743,-,0,1.7616,-0.25814382,0.999360095,0.000560602,1.418136738,0,1,1721,300,300,300,10287,0.81,-0.00686351,-0.48,1999.974839,1681.178565,0.840599858,0.191199715,6,0.5,0: Broadleaf,2,1683313753,393.6864516,400.0017097,17.96453548,15.94597419,402.093871,18.63515161,600.1884516,101.5260645,0.105695742,24.16432581,24.85390323,999.9,0,0,9996.853548,0,326.492,1999.974839,0.980002903,0.019997203,0,2.218874194,0,2775.219032,16305.86452,42.19106452,44.25,42.812,42.062,41.437,1959.984839,39.99,0,43.79999995,0,2.216346154,-0.443883756,-29.34290605,2774.983077,15,1683313649,12:07:29,1683313639,1683313649,28,-0.122,-0.001,-8.457,-0.709,400,16,0.72,0.06,-6.29999625,-0.244319437,0.039467676,1,2.211314706,-0.075339814,0.201879039,1,2.02317825,-0.086598236,0.010466564,1,3,3,3-Mar,100,100,-8.407,-0.6708,-5.256000119,-0.007814304,-3.18E-07,6.48E-10,-0.621637683,-0.027428369,0.001386821,-3.01E-06,5,2011,2,27,2,1.9,2,617.598,422.475,19.9991,26.7648,30.0006,26.661,26.6641,21.513,21.9405,32.6141,20,400,15.9983,101.038,102.824
85,1683314052,9865.5,20230505 12:14:11,12:14:11,f5.clapur.2,59.21279342,1683314044,0.001015225,4.709926328,394.9128387,291.8590612,29.66011678,40.13293561,0.079542377,2.956534295,0.078372359,0.049086412,321.4473964,25.66223917,24.51623226,3.089117515,60.09770384,1.804379021,3.002409252,1.284738495,-44.77140266,-75.70380897,-5.376973821,195.5952109,0,0,1,0,54229.11596,RECT-1505-20210918-17_20_47,10288.4,812.936,2752.91,1939.974,0.704699391,-1,MPF-1722-20230505-12_24_11,10263,2.254956,2.6457,0.147690214,0.5,1681.210297,4.709926328,124.1491545,1,0.003396319,1039.522357,-,0,2.6457,0.147690214,0.999038944,-0.000482227,1.41768101,0,1,1722,300,300,300,10263,1.33,-0.00684725,-0.44,2000.012258,1681.210297,0.840599996,0.191199993,6,0.5,0: Broadleaf,2,1683314044,394.9128387,400.0196452,17.75530323,16.75889355,403.1932258,18.43776452,600.4752581,101.5197419,0.105051387,24.04128065,24.51623226,999.9,0,0,10002.62581,0,489.9798065,2000.012258,0.980000742,0.0199996,0,2.256035484,0,2416.068387,16306.16452,42.125,44,42.82825806,41.94919355,41.387,1960.012258,40,0,289.5999999,0,2.254956,0.129184613,-705.6030782,2410.596,15,1683314034,12:13:54,1683314034,1683314034,29,0.136,-0.008,-8.321,-0.705,400,17,0.63,0.07,-3.981696418,-22.231859,2.440508282,0,2.264260606,0.040462583,0.149836646,1,0.773717579,4.426968756,0.475085174,0,1,3,3-Jan,100,100,-8.275,-0.6784,-5.120308875,-0.007814304,-3.18E-07,6.48E-10,-0.629494803,-0.027428369,0.001386821,-3.01E-06,5,2011,2,27,0.3,0.3,2,614.929,422.236,19.999,26.9241,29.9996,26.8803,26.8796,21.5249,20.2799,32.2967,20,400,16.4783,101.033,102.811
86,1683314090,9904,20230505 12:14:50,12:14:50,f5.clapur.2,51.71619166,1683314083,0.001313686,5.317752416,394.1573333,302.8032585,30.77136237,40.05491286,0.102825677,2.956782866,0.100879638,0.06322155,321.4467995,25.64013425,24.55954074,3.097131822,59.94295547,1.805706185,3.012374299,1.291425637,-57.93356381,-73.81623153,-5.245070874,184.4519333,0,0,1,0,54226.32617,RECT-1505-20210918-17_20_47,10288.4,812.936,2752.91,1939.974,0.704699391,-1,MPF-1723-20230505-12_24_50,10262.8,2.237188,2.23323,-0.001772321,0.5,1681.207156,5.317752416,-1.489819213,1,0.003757867,1231.703304,-,0,2.23323,-0.001772321,0.999188775,4.88E-06,1.417893626,0,1,1723,300,300,300,10262.8,0.69,-0.00684703,-0.46,2000.008519,1681.207156,0.840599997,0.191199995,6,0.5,0: Broadleaf,2,1683314083,394.1573333,399.990963,17.76891481,16.4789963,402.4316667,18.45123333,600.1976667,101.5174815,0.104154037,24.09647037,24.55954074,999.9,0,0,10004.25926,0,344.4787407,2000.008519,0.980001222,0.019999178,0,2.212218519,0,2190.891111,16306.12593,42.125,43.94166667,42.812,41.875,41.375,1960.008519,40,0,37.39999986,0,2.237188,0.122261547,-277.3715389,2194.3856,15,1683314034,12:13:54,1683314034,1683314034,29,0.136,-0.008,-8.321,-0.705,400,17,0.63,0.07,-5.820423,-0.30958334,0.041743534,1,2.255267647,-0.161929235,0.158396999,1,1.3122495,-0.364164428,0.036122189,0,2,3,3-Feb,100,100,-8.276,-0.6821,-5.120308875,-0.007814304,-3.18E-07,6.48E-10,-0.629494803,-0.027428369,0.001386821,-3.01E-06,5,2011,2,27,0.9,0.9,2,617.45,422.166,19.9997,26.8858,29.9997,26.8591,26.8643,21.5182,20.2781,31.9232,20,400,16.5228,101.044,102.822
87,1683314128,9941.5,20230505 12:15:27,12:15:27,f5.clapur.2,51.09001689,1683314120,0.001325552,5.286044415,394.1997419,303.8233209,30.87455118,40.05861062,0.10346531,2.95608578,0.101494779,0.063608155,321.4437925,25.66222671,24.58420323,3.101703773,59.88209938,1.806566766,3.016872796,1.295137007,-58.45685365,-73.76705024,-5.244122303,183.9757663,0,0,1,0,54201.19356,RECT-1505-20210918-17_20_47,10288.4,812.936,2752.91,1939.974,0.704699391,-1,MPF-1724-20230505-12_25_27,10262.6,2.263169231,2.078,-0.089109351,0.5,1681.191329,5.286044415,-74.90493387,1,0.003739042,1323.788258,-,0,2.078,-0.089109351,0.999245162,0.000228362,1.417973643,0,1,1724,300,300,300,10262.6,1.69,-0.00684698,-0.57,1999.989677,1681.191329,0.840600003,0.191200006,6,0.5,0: Broadleaf,2,1683314120,394.1997419,400.0064194,17.77765484,16.47609355,402.4744194,18.45980323,600.1962581,101.516,0.104083323,24.12133226,24.58420323,999.9,0,0,10000.44935,0,358.7646774,1999.989677,0.980001484,0.019998916,0,2.263558065,0,2134.452258,16305.96452,42.137,43.875,42.812,41.812,41.375,1959.989677,40,0,36.5999999,0,2.263169231,-0.773688888,5.870427449,2134.390385,15,1683314034,12:13:54,1683314034,1683314034,29,0.136,-0.008,-8.321,-0.705,400,17,0.63,0.07,-5.8103115,0.012824015,0.048595114,1,2.271042424,-0.393937484,0.169503707,1,1.308619,-0.129076323,0.014305084,0,2,3,3-Feb,100,100,-8.274,-0.6821,-5.120308875,-0.007814304,-3.18E-07,6.48E-10,-0.629494803,-0.027428369,0.001386821,-3.01E-06,5,2011,2,27,1.6,1.6,2,617.365,422.218,20.0003,26.8461,29.9995,26.8345,26.8414,21.5182,19.9904,31.9232,20,400,16.5245,101.053,102.831
88,1683314506,10320,20230505 12:21:46,12:21:46,b1.clapur.2,56.92311597,1683314498,0.000828196,3.583207154,396.0469355,296.6825651,30.14414989,40.23997224,0.062948191,2.95467879,0.062212541,0.038948217,321.4467587,25.38684119,24.51094516,3.088140372,60.0439167,1.767872761,2.944299536,1.320267611,-36.52344431,-126.5934603,-8.982154165,149.3477,0,0,1,0,54233.30943,RECT-1505-20210918-17_20_47,10288.4,812.936,2752.91,1939.974,0.704699391,-1,MPF-1725-20230505-12_31_46,10257.8,2.285369231,1.98436,-0.151690838,0.5,1681.204113,3.583207154,-127.5116301,1,0.002726146,1386.303715,-,0,1.98436,-0.151690838,0.999279177,0.00037118,1.418021912,0,1,1725,300,300,300,10257.8,1.58,-0.00684382,-0.54,2000.004516,1681.204113,0.840600158,0.191200317,6,0.5,0: Broadleaf,2,1683314498,396.0469355,399.9559677,17.39962903,16.58629677,404.3367097,18.07865161,600.3345161,101.5005806,0.103468355,23.71622258,24.51094516,999.9,0,0,9993.986129,0,423.9234516,2000.004516,0.979994194,0.020006106,0,2.295393548,0,4148.362903,16306.06774,41.84045161,44.01,42.625,41.647,41.06809677,1959.993871,40.01064516,0,377.5999999,0,2.285369231,-0.000102568,-677.0981187,4143.252308,15,1683314487,12:21:26,1683314483,1683314487,30,-0.001,0.011,-8.321,-0.698,400,16,0.63,0.12,-3.041041205,-13.33167038,1.564573933,0,2.268765714,0.020579583,0.150981246,1,0.638344285,2.661376093,0.31570064,0,1,3,3-Jan,100,100,-8.288,-0.677,-5.120959948,-0.007814304,-3.18E-07,6.48E-10,-0.618671697,-0.027428369,0.001386821,-3.01E-06,5,2011,2,27,0.4,0.3,2,615.452,419.718,20,26.4971,29.9998,26.5578,26.5771,21.5245,19.5492,30.8801,20,400,16.4739,101.106,102.874
89,1683314541,10354.5,20230505 12:22:20,12:22:20,b1.clapur.2,48.47642336,1683314536,0.001037689,3.809537047,395.7638947,309.6749946,31.46425974,40.21124792,0.078585357,2.954504962,0.077442334,0.04850277,321.4407937,25.41896739,24.59440526,3.103596758,59.96803534,1.774835991,2.959636716,1.328760767,-45.76208059,-126.1280394,-8.95733173,140.5933421,0,0,1,0,54212.39732,RECT-1505-20210918-17_20_47,10288.4,812.936,2752.91,1939.974,0.704699391,-1,MPF-1726-20230505-12_32_20,10257,2.212452,1.8716,-0.182117974,0.5,1681.172889,3.809537047,-153.0859002,1,0.002860822,1469.885873,-,0,1.8716,-0.182117974,0.999320138,0.000420253,1.418080036,0,1,1726,300,300,300,10257,1.27,-0.00684324,-0.07,1999.967368,1681.172889,0.84060016,0.19120032,6,0.5,0: Broadleaf,2,1683314536,395.7638947,399.9828947,17.46814737,16.44887895,404.0514737,18.14585789,600.1730526,101.5003158,0.103818526,23.80255789,24.59440526,999.9,0,0,9993.026316,0,367.2544211,1999.967368,0.979995579,0.020004721,0,2.170084211,0,3715.317368,16305.73158,41.937,44.14457895,42.687,41.75,41.17394737,1959.957368,40.01,0,33.5999999,0,2.212452,-0.636646145,-687.4823087,3739.904,15,1683314487,12:21:26,1683314483,1683314487,30,-0.001,0.011,-8.321,-0.698,400,16,0.63,0.12,-4.1876865,-0.255258687,0.043880317,1,2.208327273,-0.338076959,0.165791264,1,1.019785,-0.023216285,0.00988891,1,3,3,3-Mar,100,100,-8.287,-0.6781,-5.120959948,-0.007814304,-3.18E-07,6.48E-10,-0.618671697,-0.027428369,0.001386821,-3.01E-06,5,2011,2,27,1,0.9,2,616.796,420.035,20.002,26.4868,29.9998,26.5447,26.5668,21.523,19.9019,30.51,20,400,16.4877,101.117,102.881
90,1683314578,10391.5,20230505 12:22:57,12:22:57,b1.clapur.2,53.0209876,1683314573,0.000976373,3.93102592,395.6633529,302.3773428,30.72321711,40.20159375,0.074140941,2.957381798,0.073123622,0.045792503,321.4405071,25.41685052,24.57893529,3.100726704,60.08777913,1.776614931,2.956699276,1.324111773,-43.05804177,-126.415868,-8.967592098,142.9990053,0,0,1,0,54300.39171,RECT-1505-20210918-17_20_47,10288.4,812.936,2752.91,1939.974,0.704699391,-1,MPF-1727-20230505-12_32_57,10256.4,2.302932,1.5444,-0.491149961,0.5,1681.172503,3.93102592,-412.8539047,1,0.002933087,1781.511008,-,0,1.5444,-0.491149961,0.999438994,0.000934853,1.418248698,0,1,1727,300,300,300,10256.4,0.99,-0.00684274,-0.54,1999.967059,1681.172503,0.840600097,0.191200193,6,0.5,0: Broadleaf,2,1683314573,395.6633529,399.9792353,17.48541176,16.52643529,403.9502353,18.16277059,600.2027647,101.5019412,0.103611765,23.78605294,24.57893529,999.9,0,0,10009.19118,0,341.4765294,1999.967059,0.979997353,0.020002935,0,2.288817647,0,3364.913529,16305.76471,42.062,44.25,42.75,41.875,41.25,1959.966471,40.00588235,0,36.19999981,0,2.302932,-0.065676922,-456.6715391,3385.5436,15,1683314487,12:21:26,1683314483,1683314487,30,-0.001,0.011,-8.321,-0.698,400,16,0.63,0.12,-4.30550175,-0.045083415,0.028347274,1,2.279564706,0.172328825,0.203218811,1,0.956651075,0.006953482,0.006033437,1,3,3,3-Mar,100,100,-8.287,-0.6773,-5.120959948,-0.007814304,-3.18E-07,6.48E-10,-0.618671697,-0.027428369,0.001386821,-3.01E-06,5,2011,2,27,1.6,1.5,2,616.31,420.077,20.001,26.4846,30.0001,26.5425,26.5646,21.5279,18.977,30.1354,20,400,16.5629,101.116,102.88
91,1683314834,10647.5,20230505 12:27:13,12:27:13,b2.clapur.2,59.57418851,1683314826,0.001148932,5.538321076,393.9117,290.303456,29.49307757,40.01904932,0.092965111,2.957345333,0.09137159,0.05724814,321.4468332,24.88003098,23.86373,2.970545978,60.01697674,1.7225818,2.870157567,1.247964179,-50.66788473,-90.95740418,-6.413078358,173.4084659,0,0,1,0,54389.33751,RECT-1505-20210918-17_20_47,10288.4,812.936,2752.91,1939.974,0.704699391,-1,MPF-1728-20230505-12_37_13,10278.9,2.28465,1.8952,-0.205492824,0.5,1681.209801,5.538321076,-172.7382749,1,0.003889057,1451.56965,-,0,1.8952,-0.205492824,0.999311565,0.000480185,1.418067871,0,1,1728,300,300,300,10278.9,1.33,-0.0068579,-0.17,2000.012,1681.209801,0.840599857,0.191199714,6,0.5,0: Broadleaf,2,1683314826,393.9117,399.8995,16.95555333,15.82668667,402.1230333,17.64726667,600.3105,101.4887,0.105259567,23.29323667,23.86373,999.9,0,0,10010.29,0,486.5011667,2000.012,0.9800025,0.0199974,0,2.28089,0,3578.409667,16306.17333,42,44.104,42.7458,41.875,41.187,1960.019333,39.99066667,0,255.1999998,0,2.28465,-0.368714533,-494.1500853,3575.451154,15,1683314815,12:26:54,1683314808,1683314815,31,0.061,-0.004,-8.26,-0.716,400,16,0.55,0.1,-4.692045882,-20.07179344,2.354428659,0,2.278802941,0.058701606,0.204833807,1,0.892173517,3.581985922,0.43284235,0,1,3,3-Jan,100,100,-8.21,-0.6889,-5.059632832,-0.007814304,-3.18E-07,6.48E-10,-0.623082093,-0.027428369,0.001386821,-3.01E-06,5,2011,2,27,0.4,0.3,2,615.547,417.877,20.0015,26.2564,30,26.3659,26.3918,21.5353,19.8477,29.0142,20,400,15.7548,101.159,102.919
92,1683314874,10687.4,20230505 12:27:53,12:27:53,b2.clapur.2,50.1003366,1683314866,0.001400569,5.703939778,393.7365806,305.1057329,30.99689864,40.00125715,0.113850328,2.955410698,0.111468747,0.069877793,321.4426999,24.80120108,23.85733871,2.969404531,60.06349362,1.722384944,2.867606995,1.247019587,-61.76507162,-92.22501821,-6.50601524,160.9465948,0,0,1,0,54334.81904,RECT-1505-20210918-17_20_47,10288.4,812.936,2752.91,1939.974,0.704699391,-1,MPF-1729-20230505-12_37_53,10278.9,2.302280769,2.1284,-0.081695531,0.5,1681.18685,5.703939778,-68.67272662,1,0.003987623,1292.417591,-,0,2.1284,-0.081695531,0.999226854,0.000214454,1.417947663,0,1,1729,300,300,300,10278.9,1.2,-0.00685796,-0.03,1999.984516,1681.18685,0.840599933,0.191199866,6,0.5,0: Broadleaf,2,1683314866,393.7365806,399.9902258,16.95361613,15.57717742,401.9464516,17.64538065,600.167871,101.4889032,0.105053548,23.27851613,23.85733871,999.9,0,0,9999.288387,0,475.3445161,1999.984516,0.98000229,0.01999761,0,2.305841935,0,3318.130645,16305.94194,41.99187097,44.062,42.671,41.806,41.185,1959.986774,39.99516129,0,39.19999981,0,2.302280769,0.174984604,-285.6222221,3315.213462,15,1683314815,12:26:54,1683314808,1683314815,31,0.061,-0.004,-8.26,-0.716,400,16,0.55,0.1,-6.259003902,0.011731359,0.038064227,1,2.290448485,0.092335082,0.183269358,1,1.387067805,-0.178918955,0.019160827,0,2,3,3-Feb,100,100,-8.21,-0.6923,-5.059632832,-0.007814304,-3.18E-07,6.48E-10,-0.623082093,-0.027428369,0.001386821,-3.01E-06,5,2011,2,27,1.1,1,2,617.106,418.181,20.0015,26.2421,30,26.3449,26.372,21.5369,20.7213,28.2674,20,400,15.636,101.153,102.915
93,1683314912,10725.4,20230505 12:28:31,12:28:31,b2.clapur.2,54.69492731,1683314905,0.001281262,5.616460976,393.8618519,297.8863731,30.26343454,40.01395649,0.102687054,2.955132636,0.100745143,0.063137129,321.4430283,24.92700298,23.95989259,2.987766434,59.83465299,1.725683172,2.884086538,1.262083262,-56.50363387,-93.43417485,-6.598521432,164.9066982,0,0,1,0,54309.19449,RECT-1505-20210918-17_20_47,10288.4,812.936,2752.91,1939.974,0.704699391,-1,MPF-1730-20230505-12_38_31,10278.6,2.293665385,2.63325,0.128960264,0.5,1681.189767,5.616460976,108.4033381,1,0.003935582,1044.441944,-,0,2.63325,0.128960264,0.999043467,-0.000419084,1.417687428,0,1,1730,300,300,300,10278.6,1.58,-0.00685768,0.14,1999.988148,1681.189767,0.840599865,0.191199729,6,0.5,0: Broadleaf,2,1683314905,393.8618519,399.981037,16.98609259,15.72698889,402.0725926,17.67728148,600.1878519,101.4887037,0.105183333,23.37342593,23.95989259,999.9,0,0,9997.73037,0,454.6511481,1999.988148,0.980002778,0.019997122,0,2.297455556,0,3158.402963,16305.96296,42.00459259,44.062,42.694,41.75,41.18240741,1959.997407,39.99074074,0,36.79999995,0,2.293665385,0.696372638,-198.4871795,3159.726538,15,1683314815,12:26:54,1683314808,1683314815,31,0.061,-0.004,-8.26,-0.716,400,16,0.55,0.1,-6.147071707,0.332766272,0.05541471,1,2.280955882,0.363571003,0.195790558,1,1.26182439,-0.043237003,0.010035763,1,3,3,3-Mar,100,100,-8.211,-0.6908,-5.059632832,-0.007814304,-3.18E-07,6.48E-10,-0.623082093,-0.027428369,0.001386821,-3.01E-06,5,2011,2,27,1.7,1.6,2,617.14,418.481,20.0018,26.231,30,26.325,26.3516,21.5485,18.557,28.2674,20,400,15.7871,101.158,102.918
94,1683315549,11362.9,20230505 12:39:09,12:39:09,f8.clapur.1,55.20518965,1683315541,0.00095857,4.139972561,395.4613667,298.8826946,30.36174865,40.1726123,0.074992452,2.956978233,0.073951669,0.0463121,321.4475632,24.86199057,24.02342667,2.999191717,59.92653372,1.712986667,2.858477808,1.28620505,-42.27291654,-127.1655674,-8.971288185,143.0377911,0,0,1,0,54390.70554,RECT-1505-20210918-17_20_47,10288.4,812.936,2752.91,1939.974,0.704699391,-1,MPF-1731-20230505-12_49_08,10241,2.320638462,1.8872,-0.229672775,0.5,1681.20843,4.139972561,-193.063903,1,0.003057308,1457.727215,-,0,1.8872,-0.229672775,0.999314471,0.000534417,1.418071995,0,1,1731,300,300,300,10241,1.54,-0.00683312,0,2000.009667,1681.20843,0.840600152,0.191200304,6,0.5,0: Broadleaf,2,1683315541,395.4613667,399.9774333,16.86273333,15.92095,403.5360667,17.55280333,600.3963333,101.4812667,0.102897267,23.22573333,24.02342667,999.9,0,0,10008.93867,0,381.5418,2000.009667,0.9799929,0.0200069,0,2.32544,0,2634.006,16306.09667,40.5124,42.25,41.2122,40.1954,39.77066667,1959.999333,40.01033333,0,636.5999999,0,2.320638462,-0.490393158,-289.8748718,2632.612308,15,1683315531,12:38:51,1683315522,1683315531,32,0.148,0.003,-8.111,-0.71,400,16,0.38,0.15,-3.373291688,-17.52615365,1.997968523,0,2.330014706,-0.266146756,0.188461697,1,0.700586406,3.608151771,0.416553626,0,1,3,3-Jan,100,100,-8.072,-0.6869,-4.912060837,-0.007814304,-3.18E-07,6.48E-10,-0.619723099,-0.027428369,0.001386821,-3.01E-06,5,2011,2,27,0.5,0.3,2,614.384,423.058,20.001,25.3555,30.0001,25.4737,25.5025,21.5978,17.9882,34.7838,20,400,15.7894,101.308,103.072
95,1683315587,11400.4,20230505 12:39:46,12:39:46,f8.clapur.1,46.66596193,1683315579,0.001213167,4.428990033,395.1075,311.9627928,31.6912415,40.13763015,0.094908363,2.957516329,0.093248262,0.058426898,321.4434511,24.91135895,24.13407,3.019179831,60.04556455,1.728413148,2.878502619,1.290766683,-53.50068355,-126.4005155,-8.925896226,132.6163558,0,0,1,0,54385.47212,RECT-1505-20210918-17_20_47,10288.4,812.936,2752.91,1939.974,0.704699391,-1,MPF-1732-20230505-12_49_46,10240.8,2.287596154,2.40665,0.0494687,0.5,1681.18661,4.428990033,41.58305778,1,0.003229261,1142.876343,-,0,2.40665,0.0494687,0.99912578,-0.000146884,1.417804233,0,1,1732,300,300,300,10240.8,1.43,-0.00683269,-0.28,1999.983667,1681.18661,0.84060017,0.19120034,6,0.5,0: Broadleaf,2,1683315579,395.1075,400.0140667,17.01418333,15.82208333,403.1794,17.70154,600.2146,101.4842333,0.102373233,23.34132,24.13407,999.9,0,0,10011.70167,0,281.2189667,1999.983667,0.9799937,0.0200061,0,2.29115,0,2467.749,16305.89,40.6124,42.30786667,41.25,40.25,39.8162,1959.972667,40.011,0,36.79999995,0,2.287596154,0.82680684,-422.2389746,2465.350385,15,1683315531,12:38:51,1683315522,1683315531,32,0.148,0.003,-8.111,-0.71,400,16,0.38,0.15,-4.903934146,-0.256320209,0.061941574,1,2.284926471,0.506700761,0.208255142,1,1.203472439,-0.192251916,0.019517027,0,2,3,3-Feb,100,100,-8.073,-0.6875,-4.912060837,-0.007814304,-3.18E-07,6.48E-10,-0.619723099,-0.027428369,0.001386821,-3.01E-06,5,2011,2,27,1.1,0.9,2,615.622,423.442,20.003,25.3753,30.0003,25.4681,25.4994,21.5902,18.9104,34.7838,20,400,15.7698,101.31,103.071
96,1683315626,11439.4,20230505 12:40:25,12:40:25,f8.clapur.1,46.56453445,1683315618,0.001229548,4.408423299,395.1042581,312.0090796,31.69527738,40.13645716,0.094673411,2.956850005,0.093021077,0.058284227,321.4499145,24.96643468,24.2128,3.033473515,59.61581503,1.722164819,2.888771742,1.311308696,-54.22306962,-129.5167796,-9.154386755,128.5556785,0,0,1,0,54354.9247,RECT-1505-20210918-17_20_47,10288.4,812.936,2752.91,1939.974,0.704699391,-1,MPF-1733-20230505-12_50_25,10241.4,2.271448,1.7396,-0.305730053,0.5,1681.220894,4.408423299,-256.9998763,1,0.003216962,1581.495976,-,0,1.7396,-0.305730053,0.999368087,0.000655634,1.418148078,0,1,1733,300,300,300,10241.4,1.33,-0.0068342,-0.22,2000.024516,1681.220894,0.840600143,0.191200285,6,0.5,0: Broadleaf,2,1683315618,395.1042581,399.9966774,16.95303226,15.74477419,403.1760323,17.64153226,600.2211935,101.4834839,0.100987419,23.40032258,24.2128,999.9,0,0,10007.99194,0,320.6117742,2000.024516,0.979994613,0.020005187,0,2.280580645,0,2404.905161,16306.21613,40.687,42.36483871,41.306,40.298,39.907,1960.014516,40.01,0,38,0,2.271448,-0.017407679,123.4615382,2406.4032,15,1683315531,12:38:51,1683315522,1683315531,32,0.148,0.003,-8.111,-0.71,400,16,0.38,0.15,-4.890187561,-0.041761463,0.0710445,1,2.287634286,0.139568689,0.175350161,1,1.218102439,-0.183550035,0.018559121,0,2,3,3-Feb,100,100,-8.071,-0.6885,-4.912060837,-0.007814304,-3.18E-07,6.48E-10,-0.619723099,-0.027428369,0.001386821,-3.01E-06,5,2011,2,27,1.7,1.6,2,615.081,424.132,20.0016,25.4036,30.0005,25.4766,25.5058,21.5903,19.2045,34.411,20,400,15.7687,101.309,103.063
97,1683315975,11788.9,20230505 12:46:15,12:46:15,g1.clapur.2,62.95948817,1683315967,0.000732646,3.602936607,396.0988387,287.3718388,29.19190147,40.23664365,0.057226269,2.955330172,0.056617716,0.035440209,321.4451205,24.9097339,24.00282258,2.995482322,59.91411235,1.711438482,2.856486418,1.284043841,-32.30968575,-125.6494694,-8.867831944,154.6181333,0,0,1,0,54344.00605,RECT-1505-20210918-17_20_47,10288.4,812.936,2752.91,1939.974,0.704699391,-1,MPF-1734-20230505-12_56_14,10269.2,2.278469231,1.8176,-0.253559216,0.5,1681.200803,3.602936607,-213.1419787,1,0.002737886,1513.585167,-,0,1.8176,-0.253559216,0.999339753,0.00056819,1.418107872,0,1,1734,300,300,300,10269.2,1.48,-0.00685202,-0.18,2000.00129,1681.200803,0.840599859,0.191199719,6,0.5,0: Broadleaf,2,1683315967,396.0988387,399.9888065,16.84779677,16.12808065,404.2554516,17.53682581,600.4888065,101.4784516,0.103880161,23.2142,24.00282258,999.9,0,0,9999.86129,0,211.4846452,2000.00129,0.980003323,0.0199963,0,2.272603226,0,1684.549677,16306.08065,40.375,41.921,41.062,39.9613871,39.649,1960.010645,39.99064516,0,348.5999999,0,2.278469231,-0.398441028,-118.3234187,1683.666923,15,1683315957,12:45:56,1683315951,1683315957,33,-0.076,0.001,-8.187,-0.703,400,16,0.85,0.11,-2.985512135,-14.58694933,1.700282932,0,2.253890909,0.007813318,0.166014347,1,0.552220664,2.633147395,0.310869803,0,1,3,3-Jan,100,100,-8.154,-0.6871,-4.9885,-0.0078143,-3.18E-07,6.48E-10,-0.618356708,-0.027428369,0.001386821,-3.01E-06,5,2011,2,27,0.4,0.3,2,614.379,422.149,20.0001,25.4097,30.0002,25.483,25.5037,21.6007,16.9711,35.989,20,400,16.1087,101.303,103.051
98,1683316013,11826.4,20230505 12:46:52,12:46:52,g1.clapur.2,54.65273814,1683316005,0.000887231,3.810187875,395.8409032,300.2500544,30.50010066,40.21044199,0.069716322,2.956216607,0.068815659,0.043089738,321.4449298,24.8986659,24.02037419,2.998641921,60.08488486,1.719368786,2.861566249,1.279273135,-39.12689263,-123.7977859,-8.736601657,149.7836496,0,0,1,0,54364.85029,RECT-1505-20210918-17_20_47,10288.4,812.936,2752.91,1939.974,0.704699391,-1,MPF-1735-20230505-12_56_52,10268.9,2.300092308,1.9064,-0.206510862,0.5,1681.199971,3.810187875,-173.5930278,1,0.002861163,1443.035879,-,0,1.9064,-0.206510862,0.999307496,0.000485423,1.418062098,0,1,1735,300,300,300,10268.9,1.34,-0.00685183,-0.39,2000.000323,1681.199971,0.84059985,0.1911997,6,0.5,0: Broadleaf,2,1683316005,395.8409032,400.0009032,16.92586452,16.05394194,403.9956129,17.61350645,600.2005161,101.4793548,0.102977,23.24360645,24.02037419,999.9,0,0,10004.80323,0,231.5259355,2000.000323,0.980004097,0.019995503,0,2.323303226,0,1639.852258,16306.09032,40.437,41.929,41.062,40,39.687,1960.010323,39.99,0,36.79999995,0,2.300092308,-0.740765811,-23.26871799,1639.412692,15,1683315957,12:45:56,1683315951,1683315957,33,-0.076,0.001,-8.187,-0.703,400,16,0.85,0.11,-4.162468537,0.114460767,0.056499707,1,2.283544118,0.311632291,0.169978058,1,0.878275024,-0.119332265,0.01238569,0,2,3,3-Feb,100,100,-8.155,-0.6879,-4.9885,-0.0078143,-3.18E-07,6.48E-10,-0.618356708,-0.027428369,0.001386821,-3.01E-06,5,2011,2,27,1,0.9,2,616.012,422.665,20.0009,25.4244,30.0004,25.4911,25.5122,21.5994,17.2534,35.6188,20,400,16.1147,101.298,103.047
99,1683316051,11864.4,20230505 12:47:30,12:47:30,g1.clapur.2,56.80436002,1683316043,0.000860949,3.811511565,395.8231667,296.7689591,30.1468286,40.20910138,0.067098926,2.954204435,0.066263624,0.041488947,321.444631,24.95017829,24.06615333,3.006896687,59.86958973,1.717737313,2.869131593,1.289159374,-37.96784955,-124.0430335,-8.763836393,150.6699115,0,0,1,0,54297.35128,RECT-1505-20210918-17_20_47,10288.4,812.936,2752.91,1939.974,0.704699391,-1,MPF-1736-20230505-12_57_30,10268.6,2.168636,2.37005,0.084983017,0.5,1681.19831,3.811511565,71.43665248,1,0.002861954,1160.540896,-,0,2.37005,0.084983017,0.999139075,-0.000248486,1.4178231,0,1,1736,300,300,300,10268.6,1.44,-0.00685179,-0.28,1999.998333,1681.19831,0.840599855,0.191199711,6,0.5,0: Broadleaf,2,1683316043,395.8231667,399.9741667,16.90961,16.06348333,403.9778,17.59755667,600.1872,101.4803,0.1031968,23.28731667,24.06615333,999.9,0,0,9993.292667,0,234.0486,1999.998333,0.9800044,0.0199952,0,2.17392,0,1605.263667,16306.07,40.5,41.937,41.0998,40.04133333,39.75,1960.008,39.99033333,0,37.20000005,0,2.168636,-0.267930772,-20.7776923,1605.0404,15,1683315957,12:45:56,1683315951,1683315957,33,-0.076,0.001,-8.187,-0.703,400,16,0.85,0.11,-4.155548049,0.180876167,0.045876876,1,2.189111429,-0.16078591,0.143828375,1,0.852385244,-0.092546509,0.010338362,1,3,3,3-Mar,100,100,-8.155,-0.6879,-4.9885,-0.0078143,-3.18E-07,6.48E-10,-0.618356708,-0.027428369,0.001386821,-3.01E-06,5,2011,2,27,1.7,1.6,2,616.159,422.622,20.0014,25.4539,30.0006,25.5092,25.5316,21.6066,16.7012,35.6188,20,400,16.1309,101.291,103.038
100,1683316580,12393.5,20230505 12:56:19,12:56:19,b4.clapur.2,50.08596198,1683316573,0.000800955,3.070473316,396.5768889,308.2112951,31.30902949,40.28547203,0.06130407,2.959898257,0.060607333,0.037941522,321.443992,25.08774367,24.1499037,3.022049751,59.18073613,1.710855324,2.890899026,1.311194427,-35.32211705,-117.6669382,-8.306130774,160.1488059,0,0,1,0,54442.70231,RECT-1505-20210918-17_20_47,10288.4,812.936,2752.91,1939.974,0.704699391,-1,MPF-1737-20230505-13_06_19,10266.1,2.22256,1.5996,-0.389447362,0.5,1681.189722,3.070473316,-327.367451,1,0.002421186,1719.999,-,0,1.5996,-0.389447362,0.999418942,0.00076782,1.418220244,0,1,1737,300,300,300,10266.1,1.12,-0.00684981,-0.36,1999.987407,1681.189722,0.840600154,0.191200308,6,0.5,0: Broadleaf,2,1683316573,396.5768889,399.9616296,16.84194444,16.05526296,404.7910741,17.5346,600.5978889,101.4767407,0.106264111,23.41252222,24.1499037,999.9,0,0,10025.97556,0,112.5962593,1999.987407,0.979993222,0.020006304,0,2.240259259,0,1517.202593,16305.91111,40.92322222,42.5,41.625,40.625,40.187,1959.977407,40.01,0,528,0,2.22256,0.076230778,-245.5707689,1519.652,15,1683316566,12:56:06,1683316559,1683316566,34,-0.054,-0.004,-8.241,-0.709,400,16,0.38,0.06,-2.138633433,-19.85581989,2.130036911,0,2.230955882,-0.003113059,0.185950057,1,0.493002189,4.533813491,0.491082387,0,1,3,3-Jan,100,100,-8.204,-0.6861,-5.041914427,-0.007814304,-3.18E-07,6.48E-10,-0.62266294,-0.027428369,0.001386821,-3.01E-06,5,2011,2,27,0.3,0.2,2,613.268,421.961,19.9992,25.8049,29.9999,25.8255,25.8361,21.5863,20.6544,38.2547,20,400,15.9785,101.227,102.978
101,1683316620,12434,20230505 12:57:00,12:57:00,b4.clapur.2,45.44404925,1683316612,0.001246283,4.453525903,395.0486333,313.8665671,31.88331376,40.12998148,0.0980002,2.955024173,0.096229798,0.060300024,321.4481297,24.97455247,24.15032,3.022125239,60.09918497,1.737340129,2.890788169,1.28478511,-54.96109625,-117.6407471,-8.317970031,140.5283163,0,0,1,0,54298.74513,RECT-1505-20210918-17_20_47,10288.4,812.936,2752.91,1939.974,0.704699391,-1,MPF-1738-20230505-13_07_00,10266,2.23584,1.5632,-0.430296827,0.5,1681.2115,4.453525903,-361.709987,1,0.003243807,1760.073439,-,0,1.5632,-0.430296827,0.999432165,0.000829015,1.418239007,0,1,1738,300,300,300,10266,1.29,-0.00684962,0.02,2000.013333,1681.2115,0.840600146,0.191200292,6,0.5,0: Broadleaf,2,1683316612,395.0486333,399.9929333,17.10277,15.87819,403.2509667,17.79136667,600.1903333,101.4797,0.102682767,23.41188667,24.15032,999.9,0,0,9998.002,0,116.4024,2000.013333,0.9799937,0.02000581,0,2.22329,0,1411.428333,16306.11667,40.9748,42.5,41.62913333,40.5872,40.1912,1960.003333,40.01,0,39.5999999,0,2.23584,0.390076917,-87.85769245,1410.7108,15,1683316566,12:56:06,1683316559,1683316566,34,-0.054,-0.004,-8.241,-0.709,400,16,0.38,0.06,-4.921262683,-0.375370244,0.093568951,1,2.254909091,-0.135554308,0.158663074,1,1.232198293,-0.152441394,0.015333554,0,2,3,3-Feb,100,100,-8.203,-0.689,-5.041914427,-0.007814304,-3.18E-07,6.48E-10,-0.62266294,-0.027428369,0.001386821,-3.01E-06,5,2011,2,27,1,0.9,2,615.451,422.445,19.9989,25.7901,29.9997,25.8112,25.823,21.5781,21.4908,37.5085,20,400,15.8573,101.233,102.987
102,1683316660,12473.5,20230505 12:57:39,12:57:39,b4.clapur.2,47.45518344,1683316652,0.001236407,4.59260615,394.920129,310.488912,31.54031772,40.11707299,0.096777756,2.955928296,0.095051345,0.059559637,321.450517,24.96175366,24.13174516,3.018758646,59.83920083,1.728266331,2.888184179,1.290492315,-54.52556377,-117.0967045,-8.275568338,141.5526804,0,0,1,0,54328.2156,RECT-1505-20210918-17_20_47,10288.4,812.936,2752.91,1939.974,0.704699391,-1,MPF-1739-20230505-13_07_39,10266,2.332348,2.21814,-0.051488184,0.5,1681.223894,4.59260615,-43.28158241,1,0.003326509,1240.089381,-,0,2.21814,-0.051488184,0.999194256,0.000140873,1.417901405,0,1,1739,300,300,300,10266,1.28,-0.00684966,-0.2,2000.028065,1681.223894,0.840600151,0.191200303,6,0.5,0: Broadleaf,2,1683316652,394.920129,399.9993548,17.01338387,15.79840968,403.1214839,17.70363548,600.1963871,101.4800645,0.102686129,23.39695161,24.13174516,999.9,0,0,10003.09677,0,123.1749032,2000.028065,0.979993323,0.0200062,0,2.331183871,0,1371.272258,16306.24194,41,42.44106452,41.655,40.512,40.23983871,1960.017419,40.01064516,0,38.5999999,0,2.332348,-0.467307687,-35.59307699,1370.8072,15,1683316566,12:56:06,1683316559,1683316566,34,-0.054,-0.004,-8.241,-0.709,400,16,0.38,0.06,-5.058687317,-0.118661603,0.06014221,1,2.300254286,0.202487671,0.1891285,1,1.220726829,-0.118774077,0.012167812,0,2,3,3-Feb,100,100,-8.2,-0.6905,-5.041914427,-0.007814304,-3.18E-07,6.48E-10,-0.62266294,-0.027428369,0.001386821,-3.01E-06,5,2011,2,27,1.7,1.6,2,616.188,422.491,19.9981,25.7569,29.9995,25.785,25.7979,21.581,20.8987,37.5085,20,400,15.9215,101.243,102.998
103,1683316955,12769,20230505 13:02:35,13:02:35,b5.clapur.2,42.97508772,1683316947,0.001243081,4.374467273,395.1426333,318.1758132,32.31797288,40.13569975,0.10179077,2.958660432,0.099884501,0.06259611,321.4451208,25.07443614,23.96409667,2.988521271,60.30506326,1.75394094,2.908447226,1.234580332,-54.81986875,-71.97554291,-5.080692146,189.569017,0,0,1,0,54387.53483,RECT-1505-20210918-17_20_47,10288.4,812.936,2752.91,1939.974,0.704699391,-1,MPF-1740-20230505-13_12_35,10278.9,2.223388462,1.9684,-0.129540978,0.5,1681.19832,4.374467273,-108.8920375,1,0.003196807,1397.552124,-,0,1.9684,-0.129540978,0.999284975,0.000314425,1.418030139,0,1,1740,300,300,300,10278.9,1.34,-0.00685808,-0.64,1999.998,1681.19832,0.840600001,0.191200001,6,0.5,0: Broadleaf,2,1683316947,395.1426333,400.0065333,17.26784,16.04666667,403.2083,17.94840667,600.2173,101.4706,0.102088867,23.51286,23.96409667,999.9,0,0,10019.54667,0,169.0903667,1999.998,0.9800011,0.01999883,0,2.234646667,0,4497.381333,16306.05,40.937,42.50413333,41.625,40.5,40.187,1959.998,40,0,294.8,0,2.223388462,-0.723264945,-552.0878637,4493.711923,15,1683316931,13:02:11,1683316931,1683316931,35,0.136,0.005,-8.103,-0.704,400,16,0.37,0.18,-4.698871463,-2.558940418,0.513176749,0,2.225342424,-0.152747232,0.165654965,1,1.167737854,1.077475338,0.132341375,0,1,3,3-Jan,100,100,-8.066,-0.6805,-4.905633442,-0.007814304,-3.18E-07,6.48E-10,-0.617645997,-0.027428369,0.001386821,-3.01E-06,5,2011,2,27,0.4,0.4,2,613.678,424.037,19.9993,25.5145,29.9999,25.5976,25.6202,21.5773,20.7409,37.1641,20,400,15.8717,101.287,103.036
104,1683316995,12809,20230505 13:03:15,13:03:15,b5.clapur.2,46.82568088,1683316992,0.001231776,4.685774413,394.8069231,311.6120708,31.6512977,40.10162836,0.100068474,2.954910864,0.098223245,0.06155248,321.4359868,25.06521142,23.96175385,2.988100599,60.01345073,1.743990985,2.906000179,1.244109614,-54.32133725,-73.73500347,-5.211066285,188.1685798,0,0,1,0,54279.25878,RECT-1505-20210918-17_20_47,10288.4,812.936,2752.91,1939.974,0.704699391,-1,MPF-1741-20230505-13_13_15,10279,2.271811538,4.44484,0.488887893,0.5,1681.150246,4.685774413,410.9470007,1,0.003382074,618.3496279,-,0,4.44484,0.488887893,0.998385403,-0.002687758,1.416753606,0,1,1741,300,300,300,10279,1.32,-0.00685706,-0.35,1999.940769,1681.150246,0.840600018,0.191200036,6,0.5,0: Broadleaf,2,1683316992,394.8069231,399.9773846,17.16986923,15.95962308,402.8699231,17.85228462,600.1887692,101.4703846,0.102374154,23.4989,23.96175385,999.9,0,0,9998.276923,0,159.8232308,1999.940769,0.980000385,0.019999569,0,2.215176923,0,4062.412308,16305.57692,40.937,42.55723077,41.625,40.5,40.25,1959.940769,40,0,39.4000001,0,2.271811538,-0.700386329,-533.6916239,4096.499231,15,1683316931,13:02:11,1683316931,1683316931,35,0.136,0.005,-8.103,-0.704,400,16,0.37,0.18,-5.113810488,-0.291025087,0.05291635,1,2.279164706,-0.161545061,0.190479162,1,1.270323902,-0.521498467,0.053039836,0,2,3,3-Feb,100,100,-8.063,-0.682,-4.905633442,-0.007814304,-3.18E-07,6.48E-10,-0.617645997,-0.027428369,0.001386821,-3.01E-06,5,2011,2,27,1.1,1.1,2,614.773,424.523,19.9989,25.4958,29.9998,25.5772,25.6014,21.5782,20.1193,36.7839,20,400,15.9846,101.293,103.043
105,1683317032,12846,20230505 13:03:52,13:03:52,b5.clapur.2,46.53497418,1683317024,0.001278443,4.836741604,394.6582,311.8884773,31.67892071,40.08594973,0.103937773,2.9528585,0.101947263,0.063892704,321.4471424,25.03579071,23.97273,2.990071902,60.15081852,1.746039569,2.902769426,1.244032333,-56.37933095,-78.36774149,-5.542115923,181.157954,0,0,1,0,54221.98137,RECT-1505-20210918-17_20_47,10288.4,812.936,2752.91,1939.974,0.704699391,-1,MPF-1742-20230505-13_13_52,10278.7,2.267924,2.0264,-0.119188709,0.5,1681.20896,4.836741604,-100.1905628,1,0.003471753,1357.522503,-,0,2.0264,-0.119188709,0.999263906,0.000297843,1.418000241,0,1,1742,300,300,300,10278.7,1.78,-0.00685782,-0.46,2000.010667,1681.20896,0.840599997,0.191199994,6,0.5,0: Broadleaf,2,1683317024,394.6582,399.9979333,17.19028333,15.93418333,402.7203,17.87231667,600.1748667,101.4691667,0.1021417,23.48045333,23.97273,999.9,0,0,9986.756333,0,199.5387667,2000.010667,0.9800005,0.01999945,0,2.271493333,0,3813.783667,16306.15667,40.9559,42.5062,41.6436,40.4517,40.2458,1960.010667,40,0,35.9000001,0,2.267924,-0.370100001,-413.6130763,3811.5764,15,1683316931,13:02:11,1683316931,1683316931,35,0.136,0.005,-8.103,-0.704,400,16,0.37,0.18,-5.335126341,-0.377934564,0.076307711,1,2.272702857,-0.19445636,0.173006336,1,1.26382439,-0.179704181,0.018778138,0,2,3,3-Feb,100,100,-8.061,-0.6825,-4.905633442,-0.007814304,-3.18E-07,6.48E-10,-0.617645997,-0.027428369,0.001386821,-3.01E-06,5,2011,2,27,1.7,1.7,2,614.486,424.641,19.9976,25.4708,29.9998,25.5542,25.5785,21.5795,20.1193,36.4109,20,400,15.9095,101.299,103.049
106,1683317593,13406.5,20230505 13:13:12,13:13:12,g2.clapur.2,38.85653949,1683317585,0.001760867,6.119138011,393.2087333,322.8973789,32.79901765,39.94104946,0.157480262,2.954747052,0.152961602,0.095996185,321.4454103,24.57299296,23.2883,2.869301989,60.69897246,1.726415549,2.844225329,1.142886439,-77.65423126,-23.14044586,-1.626996885,219.0237363,0,0,1,0,54339.699,RECT-1505-20210918-17_20_47,10288.4,812.936,2752.91,1939.974,0.704699391,-1,MPF-1743-20230505-13_23_12,10277.1,2.293673077,2.1804,-0.051950595,0.5,1681.2025,6.119138011,-43.66973494,1,0.004234551,1261.571088,-,0,2.1804,-0.051950595,0.999207965,0.000139713,1.417920859,0,1,1743,300,300,300,10277.1,1.79,-0.00685717,-0.11,2000.003333,1681.2025,0.840599849,0.191199698,6,0.5,0: Broadleaf,2,1683317585,393.2087333,400.0180333,16.99609,15.26571667,401.3243667,17.68796,600.1961667,101.4731333,0.104085267,23.14303333,23.2883,999.9,0,0,9997.076667,0,179.5674333,2000.003333,0.980005,0.0199949,0,2.292996667,0,3234.551,16306.11333,40.625,42.2038,41.39153333,40.062,39.8456,1960.013333,39.99,0,559.8,0,2.293673077,-0.116488888,-88.29948735,3234.274615,15,1683317554,13:12:33,1683317549,1683317554,36,-0.065,-0.006,-8.17,-0.723,400,15,0.36,0.09,-6.796996098,-0.274705923,0.05887775,1,2.269144118,0.124120879,0.160005743,1,1.694086585,0.583995261,0.063895087,0,2,3,3-Feb,100,100,-8.115,-0.6931,-4.970132698,-0.007814304,-3.18E-07,6.48E-10,-0.623978323,-0.027428369,0.001386821,-3.01E-06,5,2011,2,27,0.7,0.7,2,616.969,420.079,19.9999,25.6491,30.0004,25.6624,25.6705,21.5556,23.5605,36.0974,20,400,15.1689,101.235,102.991
107,1683317634,13447.5,20230505 13:13:53,13:13:53,g2.clapur.2,40.25474587,1683317629,0.001765522,6.224084801,393.0832941,320.398313,32.54526328,39.92842277,0.154617416,2.958548292,0.150264536,0.094296216,321.4435639,24.60071189,23.31024118,2.873106345,59.88873733,1.706532664,2.849505166,1.166573681,-77.8595416,-21.77661259,-1.529546495,220.2778633,0,0,1,0,54446.56568,RECT-1505-20210918-17_20_47,10288.4,812.936,2752.91,1939.974,0.704699391,-1,MPF-1744-20230505-13_23_53,10277,2.29876,2.38166,0.034807655,0.5,1681.192782,6.224084801,29.25918932,1,0.004297,1154.878673,-,0,2.38166,0.034807655,0.999134857,-0.000102276,1.417817115,0,1,1744,300,300,300,10277,1.46,-0.00685697,-0.2,1999.991765,1681.192782,0.840599852,0.191199705,6,0.5,0: Broadleaf,2,1683317629,393.0832941,399.9987647,16.8003,15.06509412,401.1977059,17.49574706,600.2265882,101.4738235,0.103687824,23.17371176,23.31024118,999.9,0,0,10018.59118,0,181.9645882,1999.991765,0.980005,0.0199949,0,2.289147059,0,3190.008235,16306.02941,40.625,42.11017647,41.375,40,39.812,1960.001765,39.99,0,40.4000001,0,2.29876,-0.348361546,-13.95307682,3190.3932,15,1683317554,13:12:33,1683317549,1683317554,36,-0.065,-0.006,-8.17,-0.723,400,15,0.36,0.09,-6.914938293,-0.000368153,0.036071174,1,2.307057576,0.411838925,0.159854832,1,1.748652927,-0.142954913,0.015064043,0,2,3,3-Feb,100,100,-8.115,-0.6956,-4.970132698,-0.007814304,-3.18E-07,6.48E-10,-0.623978323,-0.027428369,0.001386821,-3.01E-06,5,2011,2,27,1.4,1.3,2,617.187,419.942,19.9997,25.6864,30.0004,25.6941,25.7027,21.5576,23.5605,35.3528,20,400,15.1355,101.226,102.989
108,1683317674,13488,20230505 13:14:34,13:14:34,g2.clapur.2,40.94116915,1683317666,0.0017483,6.235178999,393.0585161,319.2485742,32.42809916,39.92544232,0.152296066,2.955830447,0.148067216,0.092912175,321.4462865,24.61948936,23.33099677,2.876709196,59.76638919,1.70439482,2.851761404,1.172314376,-77.10002886,-22.97741007,-1.615648997,219.7531985,0,0,1,0,54363.71608,RECT-1505-20210918-17_20_47,10288.4,812.936,2752.91,1939.974,0.704699391,-1,MPF-1745-20230505-13_24_34,10276.8,2.264388462,1.6776,-0.34977853,0.5,1681.207026,6.235178999,-294.0250609,1,0.004303562,1639.981164,-,0,1.6776,-0.34977853,0.999390608,0.000723306,1.418180037,0,1,1745,300,300,300,10276.8,1.07,-0.00685697,-0.7,2000.00871,1681.207026,0.840599852,0.191199704,6,0.5,0: Broadleaf,2,1683317666,393.0585161,399.9786452,16.77944839,15.06103871,401.172871,17.47527097,600.1937097,101.4731935,0.103138419,23.18680645,23.33099677,999.9,0,0,10003.21871,0,184.6079032,2000.00871,0.980005097,0.0199948,0,2.26976129,0,3166.486129,16306.16774,40.645,42.056,41.36687097,39.96951613,39.82419355,1960.018387,39.99032258,0,39.4000001,0,2.264388462,-0.743210252,-31.55213674,3166.376154,15,1683317554,13:12:33,1683317549,1683317554,36,-0.065,-0.006,-8.17,-0.723,400,15,0.36,0.09,-6.907377561,-0.345063972,0.061741034,1,2.281914286,-0.558495499,0.176191119,1,1.721447561,-0.15020676,0.020019768,0,2,3,3-Feb,100,100,-8.114,-0.6959,-4.970132698,-0.007814304,-3.18E-07,6.48E-10,-0.623978323,-0.027428369,0.001386821,-3.01E-06,5,2011,2,27,2.1,2,2,617.45,419.785,19.9985,25.7158,30.0002,25.7228,25.732,21.5626,22.0996,34.9796,20,400,15.1753,101.22,102.983
109,1683317939,13752.4,20230505 13:18:58,13:18:58,g5.clapur.2,56.39443629,1683317932,0.000788274,3.743871557,395.95276,298.0952555,30.2787427,40.21852585,0.06638725,2.955864679,0.06556991,0.04105379,321.4453476,24.37185006,23.082284,2.833795459,59.24781485,1.63957339,2.767314532,1.194222068,-34.7628703,-62.44929265,-4.374507145,219.8586775,0,0,1,0,54455.87887,RECT-1505-20210918-17_20_47,10288.4,812.936,2752.91,1939.974,0.704699391,-1,MPF-1746-20230505-13_28_58,10269.1,2.322592308,1.7816,-0.303655314,0.5,1681.202064,3.743871557,-255.2529704,1,0.002821714,1544.189717,-,0,1.7816,-0.303655314,0.99935283,0.000666941,1.418126428,0,1,1746,300,300,300,10269.1,1.18,-0.00685207,-0.39,2000.0028,1681.202064,0.840599855,0.19119971,6,0.5,0: Broadleaf,2,1683317932,395.95276,400.0046,16.141656,15.3669,404.04772,16.84434,600.61464,101.46784,0.10621104,22.6904,23.082284,999.9,0,0,10003.9408,0,160.25872,2000.0028,0.9800034,0.01999622,0,2.2893,0,2733.8652,16306.096,39.92708,41.19708,40.50248,39.375,39.187,1960.0124,39.9904,0,263.4000001,0,2.322592308,-0.599138459,-392.5976068,2742.442308,15,1683317926,13:18:46,1683317915,1683317926,37,0.042,0.004,-8.127,-0.716,400,15,0.42,0.18,-2.465469953,-24.76444502,2.664762375,0,2.331331429,-0.368792235,0.171723969,1,0.470391837,4.657130294,0.502894702,0,1,3,3-Jan,100,100,-8.081,-0.6954,-4.928385538,-0.007814304,-3.18E-07,6.48E-10,-0.619549508,-0.027428369,0.001386821,-3.01E-06,5,2011,2,27,0.4,0.2,2,612.938,423.206,19.9976,25.4189,29.9996,25.5245,25.5411,21.5765,20.0243,35.0372,20,400,15.2627,101.295,103.042
110,1683317979,13792.9,20230505 13:19:39,13:19:39,g5.clapur.2,48.63256875,1683317971,0.001290245,5.465914298,394.0236774,308.2399838,31.30718363,40.02002423,0.112392054,2.955546517,0.110070526,0.068998665,321.449324,24.21660222,23.04414194,2.827264074,60.18813469,1.663008283,2.763016817,1.164255791,-56.89979748,-60.44669543,-4.233314414,199.8695167,0,0,1,0,54451.10527,RECT-1505-20210918-17_20_47,10288.4,812.936,2752.91,1939.974,0.704699391,-1,MPF-1747-20230505-13_29_39,10269,2.247672,2.02647,-0.109156316,0.5,1681.223013,5.465914298,-91.75805536,1,0.003845959,1357.475576,-,0,2.02647,-0.109156316,0.999263881,0.000272783,1.418000205,0,1,1747,300,300,300,10269,1.48,-0.00685195,-0.27,2000.027742,1681.223013,0.840599847,0.191199693,6,0.5,0: Broadleaf,2,1683317971,394.0236774,399.9958387,16.37341935,15.10475484,402.1035484,17.07199032,600.215,101.4649677,0.102594129,22.66478387,23.04414194,999.9,0,0,10002.41806,0,148.6159355,2000.027742,0.980003516,0.0199961,0,2.237222581,0,2572.602258,16306.29677,39.891,41.06606452,40.44512903,39.24390323,39.125,1960.037419,39.99032258,0,39.5999999,0,2.247672,-0.510492307,-158.5861541,2570.4216,15,1683317926,13:18:46,1683317915,1683317926,37,0.042,0.004,-8.127,-0.716,400,15,0.42,0.18,-5.98376,0.23139324,0.043334155,1,2.262854286,-0.522798434,0.187193399,1,1.279837561,-0.208474704,0.021036652,0,2,3,3-Feb,100,100,-8.08,-0.699,-4.928385538,-0.007814304,-3.18E-07,6.48E-10,-0.619549508,-0.027428369,0.001386821,-3.01E-06,5,2011,2,27,1.1,0.9,2,615.319,424.233,19.9985,25.3708,29.9995,25.4757,25.4958,21.5706,20.6075,34.6626,20,400,15.145,101.302,103.053
111,1683318019,13832.9,20230505 13:20:19,13:20:19,g5.clapur.2,50.72995987,1683318011,0.001258708,5.520299348,393.9670645,304.7999259,30.9569269,40.01316465,0.108817341,2.954989256,0.106639197,0.066841564,321.4455686,24.26228122,23.07423548,2.832416146,59.94768841,1.66011803,2.769277805,1.172298117,-55.50900781,-59.28621521,-4.154243737,202.4961018,0,0,1,0,54427.67591,RECT-1505-20210918-17_20_47,10288.4,812.936,2752.91,1939.974,0.704699391,-1,MPF-1748-20230505-13_30_18,10269,2.291416,1.682,-0.36231629,0.5,1681.20299,5.520299348,-304.5636152,1,0.003878353,1635.688466,-,0,1.682,-0.36231629,0.99938901,0.000751202,1.418177769,0,1,1748,300,300,300,10269,1.04,-0.00685195,-0.55,2000.003871,1681.20299,0.840599868,0.191199736,6,0.5,0: Broadleaf,2,1683318011,393.9670645,399.9811935,16.34541613,15.10770645,402.0464194,17.04446452,600.2054839,101.4627097,0.102035839,22.70209032,23.07423548,999.9,0,0,9999.478065,0,143.3368387,2000.003871,0.980002839,0.0199968,0,2.28396129,0,2487.204839,16306.10645,39.86280645,40.96748387,40.389,39.125,39.06403226,1960.012581,39.99129032,0,39,0,2.291416,0.220946158,-118.643846,2485.8956,15,1683317926,13:18:46,1683317915,1683317926,37,0.042,0.004,-8.127,-0.716,400,15,0.42,0.18,-6.015326098,-0.177832056,0.043921436,1,2.256851429,0.663372211,0.203098813,1,1.237365366,0.041968641,0.011632506,1,3,3,3-Mar,100,100,-8.079,-0.699,-4.928385538,-0.007814304,-3.18E-07,6.48E-10,-0.619549508,-0.027428369,0.001386821,-3.01E-06,5,2011,2,27,1.7,1.5,2,615.435,424.802,19.9987,25.3247,29.9996,25.4331,25.4554,21.5729,20.028,34.2905,20,400,15.1456,101.316,103.06
112,1683318457,14270.4,20230505 13:27:36,13:27:36,b7.clapur.2,42.02397613,1683318449,0.001083831,4.237620742,395.2847333,320.6992958,32.57549831,40.15162281,0.100838167,2.953135893,0.098963627,0.062017784,321.4382283,23.84043316,22.29903,2.702286783,59.94594931,1.61347329,2.691546816,1.088813493,-47.79694539,-10.41707512,-0.725797201,262.4984106,0,0,1,0,54459.28515,RECT-1505-20210918-17_20_47,10288.4,812.936,2752.91,1939.974,0.704699391,-1,MPF-1749-20230505-13_37_36,10284.5,2.33774,2.1584,-0.083089325,0.5,1681.1647,4.237620742,-69.84342043,1,0.003115472,1274.440141,-,0,2.1584,-0.083089325,0.999215957,0.000221195,1.417932199,0,1,1749,300,300,300,10284.5,1.42,-0.00686243,-0.56,1999.958333,1681.1647,0.840599862,0.191199725,6,0.5,0: Broadleaf,2,1683318449,395.2847333,399.9471667,15.88432333,14.81853333,403.1901333,16.59037667,600.4644667,101.4729333,0.1035239,22.2336,22.29903,999.9,0,0,9987.958333,0,149.8321,1999.958333,0.9800067,0.019993377,0,2.349756667,0,5837.956333,16305.75,39.25826667,40.1996,39.68286667,38.625,38.5,1959.968333,39.99,0,437,0,2.33774,-0.317753863,-978.9299985,5824.7408,15,1683318440,13:27:19,1683318433,1683318440,38,0.183,0,-7.941,-0.723,400,15,0.28,0.1,-3.401517082,-21.36004906,2.376833958,0,2.337679412,0.325514304,0.204640588,1,0.780562045,4.7660793,0.52942421,0,1,3,3-Jan,100,100,-7.901,-0.7033,-4.74549275,-0.007814304,-3.18E-07,6.48E-10,-0.61911798,-0.027428369,0.001386821,-3.01E-06,5,2011,2,27,0.4,0.3,2,612.637,427.252,19.9996,24.7466,29.9997,24.9056,24.9307,21.5699,21.8023,36.7589,20,400,14.7005,101.421,103.149
113,1683318495,14308.9,20230505 13:28:15,13:28:15,b7.clapur.2,38.86185121,1683318490,0.001330026,4.878530673,394.6121579,324.9553146,33.00891794,40.08465089,0.125535211,2.952186752,0.122643288,0.076906334,321.4419383,23.76898892,22.27098947,2.697679504,60.19941728,1.619488369,2.690206056,1.078191135,-58.65415228,-7.253429747,-0.505443458,255.0289128,0,0,1,0,54432.74932,RECT-1505-20210918-17_20_47,10288.4,812.936,2752.91,1939.974,0.704699391,-1,MPF-1750-20230505-13_38_15,10284.7,2.291024,2.0468,-0.119319914,0.5,1681.184226,4.878530673,-100.2993787,1,0.003496661,1343.982412,-,0,2.0468,-0.119319914,0.999256496,0.00030118,1.417989726,0,1,1750,300,300,300,10284.7,1.48,-0.00686254,-0.84,1999.981579,1681.184226,0.840599856,0.191199711,6,0.5,0: Broadleaf,2,1683318490,394.6121579,400.0136842,15.94300526,14.63463158,402.5123684,16.64825789,600.2053684,101.4777368,0.102131105,22.22541579,22.27098947,999.9,0,0,9982.105263,0,154.6522105,1999.981579,0.980006474,0.019993611,0,2.319636842,0,5317.893158,16305.93684,39.25326316,40.125,39.63478947,38.54894737,38.49336842,1959.991579,39.99,0,37.5999999,0,2.291024,0.613515378,-509.7430777,5338.062,15,1683318440,13:27:19,1683318433,1683318440,38,0.183,0,-7.941,-0.723,400,15,0.28,0.1,-5.373262683,-0.243478537,0.04830278,1,2.302928571,0.164350685,0.205040825,1,1.315206098,-0.079665784,0.010290333,1,3,3,3-Mar,100,100,-7.9,-0.7054,-4.74549275,-0.007814304,-3.18E-07,6.48E-10,-0.61911798,-0.027428369,0.001386821,-3.01E-06,5,2011,2,27,1,0.9,2,614.453,427.967,20.0001,24.7077,29.9997,24.8594,24.8871,21.5649,22.074,36.3842,20,400,14.6154,101.428,103.157
114,1683318533,14346.4,20230505 13:28:52,13:28:52,b7.clapur.2,39.11450451,1683318525,0.001319639,4.885721204,394.5907419,324.5515798,32.96772097,40.08224975,0.124908171,2.956278395,0.122048576,0.076531831,321.4451291,23.7129396,22.2070871,2.687205519,60.13365765,1.612131911,2.680914439,1.075073608,-58.19607506,-6.134030411,-0.426586601,256.688437,0,0,1,0,54564.64497,RECT-1505-20210918-17_20_47,10288.4,812.936,2752.91,1939.974,0.704699391,-1,MPF-1751-20230505-13_38_52,10284.5,2.376744,3.53026,0.326751004,0.5,1681.200077,4.885721204,274.6669068,1,0.003500905,778.8037538,-,0,3.53026,0.326751004,0.998717626,-0.001425139,1.417225045,0,1,1751,300,300,300,10284.5,1.35,-0.00686253,-0.03,2000.000323,1681.200077,0.840599903,0.191199806,6,0.5,0: Broadleaf,2,1683318525,394.5907419,399.9952258,15.87067419,14.57244839,402.4906774,16.57707097,600.217,101.4776774,0.101618516,22.1686,22.2070871,999.9,0,0,10005.31935,0,154.5297097,2000.000323,0.980004516,0.019995574,0,2.354741935,0,5044.605806,16306.08065,39.266,40.028,39.538,38.516,38.47764516,1960.006774,39.99354839,0,36.5999999,0,2.376744,0.711646155,-331.1392313,5040.4752,15,1683318440,13:27:19,1683318433,1683318440,38,0.183,0,-7.941,-0.723,400,15,0.28,0.1,-5.416804634,0.041986411,0.049432553,1,2.299093939,0.944909257,0.197190864,1,1.304394878,-0.087891847,0.014068459,1,3,3,3-Mar,100,100,-7.9,-0.7064,-4.74549275,-0.007814304,-3.18E-07,6.48E-10,-0.61911798,-0.027428369,0.001386821,-3.01E-06,5,2011,2,27,1.7,1.6,2,614.533,427.856,19.9998,24.6765,29.9998,24.8205,24.8483,21.5657,22.074,36.0127,20,400,14.5994,101.432,103.164
115,1683318852,14665.9,20230505 13:34:12,13:34:12,c1.clapur.2,46.19757152,1683318844,0.001486107,5.79070746,393.6221613,311.3960677,31.63150621,39.98400471,0.125346577,2.95647798,0.122467313,0.076795252,321.4461789,24.14550461,23.25996774,2.864396008,60.12324938,1.659201486,2.759667023,1.205194521,-65.53730435,-98.05239379,-6.87164543,150.9848353,0,0,1,0,54482.72805,RECT-1505-20210918-17_20_47,10288.4,812.936,2752.91,1939.974,0.704699391,-1,MPF-1752-20230505-13_44_12,10287.6,2.252284615,2.89003,0.220670853,0.5,1681.203803,5.79070746,185.4963385,1,0.004039193,951.5541257,-,0,2.89003,0.220670853,0.998950191,-0.000787295,1.417555065,0,1,1752,300,300,300,10287.6,1.46,-0.00686494,-0.18,2000.004516,1681.203803,0.840600003,0.191200007,6,0.5,0: Broadleaf,2,1683318844,393.6221613,399.9955806,16.33399355,14.87267742,401.4807742,17.02610323,600.2120645,101.480129,0.099529448,22.64479355,23.25996774,999.9,0,0,10006.21065,0,154.9882903,2000.004516,0.98000029,0.0199999,0,2.258648387,0,2895.774516,16306.10323,38.812,40,39.375,38.24593548,38.125,1960.004194,40.00032258,0,318.8,0,2.252284615,0.867323084,-292.5220515,2892.856538,15,1683318831,13:33:50,1683318831,1683318831,39,0.034,0.007,-7.909,-0.717,400,15,0.86,0.06,-5.338534459,-15.07081116,2.042359245,0,2.258123529,0.160550356,0.182766326,1,1.233866649,3.6095877,0.457739043,0,1,3,3-Jan,100,100,-7.858,-0.6915,-4.711873594,-0.007814304,-3.18E-07,6.48E-10,-0.61230505,-0.027428369,0.001386821,-3.01E-06,5,2011,2,27,0.4,0.4,2,611.436,431.099,20.0009,24.3445,29.9997,24.4798,24.5067,21.5672,20.2136,36.4229,20,400,14.6998,101.499,103.237
116,1683318889,14702.9,20230505 13:34:49,13:34:49,c1.clapur.2,43.74871061,1683318881,0.001624238,5.9200275,393.463871,314.9925599,31.99740749,39.96863868,0.135318902,2.954400103,0.131967577,0.082773926,321.4472419,24.20192384,23.35511935,2.880901468,59.76913893,1.658586864,2.774988721,1.222314604,-71.62890317,-98.60312175,-6.921636899,144.2935801,0,0,1,0,54404.37829,RECT-1505-20210918-17_20_47,10288.4,812.936,2752.91,1939.974,0.704699391,-1,MPF-1753-20230505-13_44_49,10287,2.331838462,1.9792,-0.178172222,0.5,1681.209484,5.9200275,-149.7724146,1,0.004116101,1389.920574,-,0,1.9792,-0.178172222,0.999281052,0.000434842,1.418024571,0,1,1753,300,300,300,10287,1.49,-0.00686455,-0.4,2000.01129,1681.209484,0.840599997,0.191199993,6,0.5,0: Broadleaf,2,1683318881,393.463871,400.0209032,16.32765161,14.73043871,401.3213226,17.01987419,600.1898065,101.4811935,0.100277142,22.73605484,23.35511935,999.9,0,0,9994.314516,0,154.2217742,2000.01129,0.980001645,0.0199985,0,2.326435484,0,2763.343226,16306.14194,38.925,40.09858065,39.437,38.31,38.19106452,1960.01129,40,0,36.10000014,0,2.331838462,0.762673497,-130.6885471,2762.105385,15,1683318831,13:33:50,1683318831,1683318831,39,0.034,0.007,-7.909,-0.717,400,15,0.86,0.06,-6.546100244,-0.033935122,0.035706302,1,2.333045455,0.41583692,0.205255761,1,1.605903902,-0.152802648,0.015736662,0,2,3,3-Feb,100,100,-7.858,-0.6923,-4.711873594,-0.007814304,-3.18E-07,6.48E-10,-0.61230505,-0.027428369,0.001386821,-3.01E-06,5,2011,2,27,1,1,2,612.457,431.716,20.0017,24.3146,29.9998,24.4432,24.4731,21.5653,20.5201,36.052,20,400,14.8056,101.511,103.241
117,1683318927,14740.9,20230505 13:35:27,13:35:27,c1.clapur.2,44.57198634,1683318919,0.001616949,5.998738223,393.3606,313.5614158,31.85225587,39.95843191,0.134585391,2.954884435,0.13127035,0.082335011,321.4477049,24.21547811,23.3607,2.881872091,59.72565206,1.658576803,2.776992374,1.223295288,-71.30745702,-97.61229832,-6.851567738,145.6763818,0,0,1,0,54416.55823,RECT-1505-20210918-17_20_47,10288.4,812.936,2752.91,1939.974,0.704699391,-1,MPF-1754-20230505-13_45_27,10286.6,2.35794,2.0896,-0.128416922,0.5,1681.213789,5.998738223,-107.9481499,1,0.004162908,1316.433959,-,0,2.0896,-0.128416922,0.999240949,0.000330938,1.417967663,0,1,1754,300,300,300,10286.6,1.32,-0.00686417,-0.13,2000.016667,1681.213789,0.84059989,0.191199779,6,0.5,0: Broadleaf,2,1683318919,393.3606,399.9932333,16.32743667,14.73740333,401.217,17.01967,600.1944,101.4822667,0.099925113,22.74795667,23.3607,999.9,0,0,9996.956333,0,153.4289,2000.016667,0.9800028,0.019997307,0,2.37658,0,2688.096667,16306.19333,39,40.187,39.51653333,38.41013333,38.312,1960.025333,39.993,0,37.4000001,0,2.35794,-0.125653855,-90.09461523,2686.8148,15,1683318831,13:33:50,1683318831,1683318831,39,0.034,0.007,-7.909,-0.717,400,15,0.86,0.06,-6.648475854,0.208683136,0.043495127,1,2.372230303,-0.36280529,0.163331228,1,1.595977317,-0.078610871,0.013639092,1,3,3,3-Mar,100,100,-7.857,-0.6924,-4.711873594,-0.007814304,-3.18E-07,6.48E-10,-0.61230505,-0.027428369,0.001386821,-3.01E-06,5,2011,2,27,1.6,1.6,2,612.57,431.684,20.0006,24.2937,29.9999,24.4141,24.4448,21.5685,19.6753,35.6777,20,400,14.865,101.512,103.246
118,1683319259,15072.9,20230505 13:40:59,13:40:59,g6.clapur.2,45.76769233,1683319251,0.001313994,5.047556179,394.3982,313.0093474,31.79646496,40.06419825,0.110286447,2.954822213,0.108049621,0.067728204,321.4446952,24.39106665,23.40028333,2.888764901,60.18423396,1.681197867,2.793419067,1.207567034,-57.94713825,-88.41701822,-6.210570466,168.8699683,0,0,1,0,54396.82,RECT-1505-20210918-17_20_47,10288.4,812.936,2752.91,1939.974,0.704699391,-1,MPF-1755-20230505-13_50_59,10303.6,2.242507692,2.0128,-0.114123456,0.5,1681.19608,5.047556179,-95.93195346,1,0.003597175,1366.701709,-,0,2.0128,-0.114123456,0.999268846,0.000283267,1.418007252,0,1,1755,300,300,300,10303.6,1.61,-0.00687579,-0.48,1999.995333,1681.19608,0.840600001,0.191200003,6,0.5,0: Broadleaf,2,1683319251,394.3982,399.9622667,16.54997333,15.25812667,402.2212,17.24434,600.1861667,101.4822667,0.1008497,22.84525,23.40028333,999.9,0,0,9996.603333,0,225.8848333,1999.995333,0.9800012,0.019998493,0,2.23466,0,3674.412,16306.02,38.77686667,40.1912,39.406,38.3162,38.0977,1959.995333,40,0,331,0,2.242507692,-0.705839327,-708.8082052,3672.37,15,1683319237,13:40:37,1683319237,1683319237,40,0.041,-0.006,-7.867,-0.718,400,15,0.4,0.07,-4.773388193,-11.73975102,1.616958244,0,2.270234286,-0.553227728,0.206784076,1,1.124286214,2.672892326,0.36908417,0,1,3,3-Jan,100,100,-7.823,-0.6934,-4.67051433,-0.007814304,-3.18E-07,6.48E-10,-0.618357035,-0.027428369,0.001386821,-3.01E-06,5,2011,2,27,0.4,0.4,2,608.626,430.538,20.0025,24.2434,30.0004,24.2995,24.3204,21.5581,19.0396,39.1486,20,400,15.0719,101.504,103.241
119,1683319299,15112.9,20230505 13:41:39,13:41:39,g6.clapur.2,41.99323901,1683319291,0.00147425,5.121694761,394.274,318.7387724,32.3789308,40.05214196,0.121964747,2.957240925,0.119237616,0.074763453,321.4493845,24.47088145,23.51301333,2.908474114,59.7271553,1.680857038,2.81422584,1.227617076,-65.01444269,-86.92856598,-6.108297809,163.398078,0,0,1,0,54445.96738,RECT-1505-20210918-17_20_47,10288.4,812.936,2752.91,1939.974,0.704699391,-1,MPF-1756-20230505-13_51_39,10302.8,2.300684615,1.6864,-0.364257955,0.5,1681.22324,5.121694761,-306.1994697,1,0.003641215,1631.418169,-,0,1.6864,-0.364257955,0.999387412,0.000757208,1.418175501,0,1,1756,300,300,300,10302.8,1.75,-0.006875,-0.45,2000.028,1681.22324,0.840599852,0.191199703,6,0.5,0: Broadleaf,2,1683319291,394.274,399.9749333,16.54638667,15.09704333,402.0959,17.24080333,600.2126,101.4847,0.099837567,22.96777,23.51301333,999.9,0,0,10010.09167,0,224.5063667,2000.028,0.9800032,0.019996427,0,2.303063333,0,3361.189,16306.30667,38.937,40.3058,39.5,38.4433,38.2311,1960.037333,39.99066667,0,39,0,2.300684615,-0.308451272,-289.5716239,3360.257308,15,1683319237,13:40:37,1683319237,1683319237,40,0.041,-0.006,-7.867,-0.718,400,15,0.4,0.07,-5.710645366,0.299078049,0.070386818,1,2.27716,-0.077753425,0.23159304,1,1.452613659,-0.046637979,0.005847349,1,3,3,3-Mar,100,100,-7.822,-0.6946,-4.67051433,-0.007814304,-3.18E-07,6.48E-10,-0.618357035,-0.027428369,0.001386821,-3.01E-06,5,2011,2,27,1,1,2,609.883,430.901,20.0016,24.2944,30.0004,24.3221,24.3422,21.555,19.0396,39.1486,20,400,15.1588,101.501,103.237
120,1683319338,15151.4,20230505 13:42:17,13:42:17,g6.clapur.2,44.26018974,1683319330,0.001451615,5.267638172,394.1293871,314.9071146,31.98887546,40.03642755,0.119015264,2.954068619,0.116414201,0.072987836,321.4436427,24.55936154,23.59214516,2.922379328,59.56078267,1.684435653,2.828095229,1.237943675,-64.01622929,-86.50116118,-6.089734286,164.8365179,0,0,1,0,54337.05427,RECT-1505-20210918-17_20_47,10288.4,812.936,2752.91,1939.974,0.704699391,-1,MPF-1757-20230505-13_52_17,10302.2,2.271638462,1.7652,-0.286901462,0.5,1681.193197,5.267638172,-241.1683934,1,0.003728089,1558.545661,-,0,1.7652,-0.286901462,0.999358788,0.00062433,1.418134882,0,1,1757,300,300,300,10302.2,1.32,-0.00687455,-0.52,1999.992258,1681.193197,0.840599852,0.191199705,6,0.5,0: Broadleaf,2,1683319330,394.1293871,399.9672258,16.58203871,15.15496452,401.9502581,17.27583871,600.1977097,101.480871,0.101068516,23.049,23.59214516,999.9,0,0,9992.466129,0,226.1583548,1999.992258,0.98000429,0.01999531,0,2.27296129,0,3214.033226,16305.99677,39.062,40.415,39.59858065,38.56,38.35670968,1960.002258,39.99,0,37.80000019,0,2.271638462,0.838051285,-78.18974358,3212.234231,15,1683319237,13:40:37,1683319237,1683319237,40,0.041,-0.006,-7.867,-0.718,400,15,0.4,0.07,-5.84639439,0.146929129,0.037790935,1,2.279261765,0.143582472,0.145327962,1,1.434492439,-0.096425854,0.015058946,1,3,3,3-Mar,100,100,-7.822,-0.6935,-4.67051433,-0.007814304,-3.18E-07,6.48E-10,-0.618357035,-0.027428369,0.001386821,-3.01E-06,5,2011,2,27,1.7,1.7,2,610.038,430.951,20.0019,24.3401,30.0004,24.3473,24.3653,21.561,18.4068,38.7763,20,400,15.201,101.499,103.235
121,1683319633,15446.5,20230505 13:47:12,13:47:12,g8.clapur.2,40.31220673,1683319625,0.001059573,3.459470637,396.1719667,323.5751526,32.86905226,40.24350131,0.08581695,2.955627958,0.084456353,0.052905668,321.4438143,24.53945766,23.69672667,2.940845787,60.39208449,1.695515092,2.807512121,1.245330695,-46.72716985,-122.4403182,-8.614630401,143.6616959,0,0,1,0,54405.3409,RECT-1505-20210918-17_20_47,10288.4,812.936,2752.91,1939.974,0.704699391,-1,MPF-1758-20230505-13_57_12,10251.2,2.32088,2.2088,-0.050742485,0.5,1681.1941,3.459470637,-42.65398287,1,0.002652561,1245.337378,-,0,2.2088,-0.050742485,0.999197649,0.000138246,1.417906219,0,1,1758,300,300,300,10251.2,1.25,-0.0068402,-0.09,1999.993333,1681.1941,0.840599852,0.191199704,6,0.5,0: Broadleaf,2,1683319625,396.1719667,400.0499667,16.69128,15.64972667,404.0742333,17.38481,600.1924333,101.4793667,0.1015242,22.92832333,23.69672667,999.9,0,0,10001.461,0,178.2396667,1999.993333,0.9800056,0.019994513,0,2.29721,0,1520.199667,16306.02,39.3998,40.875,40,39.05373333,38.75,1960.003333,39.99,0,294.4000001,0,2.32088,-0.852315378,-171.030769,1517.9872,15,1683319602,13:46:41,1683319602,1683319601,41,-0.065,-0.002,-7.933,-0.711,400,16,0.69,0.11,-3.8778925,-0.065173508,0.035106317,1,2.326511765,-0.509034753,0.158886822,1,1.006817875,0.588442931,0.065688233,0,2,3,3-Feb,100,100,-7.903,-0.6941,-4.735510886,-0.007814304,-3.18E-07,6.48E-10,-0.620034414,-0.027428369,0.001386821,-3.01E-06,5,2011,2,27,0.5,0.5,2,611.518,431.94,20.0006,24.6572,30.0006,24.6313,24.6416,21.5423,20.5665,43.2948,20,400,15.5218,101.432,103.166
122,1683319669,15483,20230505 13:47:49,13:47:49,g8.clapur.2,40.87621145,1683319661,0.001065731,3.503106288,396.0975667,322.5464419,32.76607464,40.23780996,0.085700366,2.95506999,0.08434318,0.052834635,321.4465807,24.52540559,23.68751333,2.939214856,60.0578905,1.684828709,2.805341138,1.254386147,-46.99873014,-122.9843606,-8.653578751,142.8099112,0,0,1,0,54391.27561,RECT-1505-20210918-17_20_47,10288.4,812.936,2752.91,1939.974,0.704699391,-1,MPF-1759-20230505-13_57_49,10250.9,2.205430769,2.128,-0.03638664,0.5,1681.20866,3.503106288,-30.58676687,1,0.002678493,1292.660714,-,0,2.128,-0.03638664,0.999227,9.55E-05,1.417947869,0,1,1759,300,300,300,10250.9,1.42,-0.00684002,-0.02,2000.010667,1681.20866,0.840599847,0.191199694,6,0.5,0: Broadleaf,2,1683319661,396.0975667,400.0218,16.58531,15.53752333,403.9992667,17.28070667,600.1538667,101.4842333,0.101369167,22.91555,23.68751333,999.9,0,0,9997.815333,0,166.8514,2000.010667,0.9800066,0.0199935,0,2.198736667,0,1443.945,16306.16667,39.5,40.92873333,40.05786667,39.125,38.812,1960.020667,39.99,0,35.80000019,0,2.205430769,-0.294174354,-77.5196581,1443.457308,15,1683319602,13:46:41,1683319602,1683319601,41,-0.065,-0.002,-7.933,-0.711,400,16,0.69,0.11,-3.93092225,0.184061426,0.051896534,1,2.226279412,-0.397103128,0.17359335,1,1.052582,-0.088524203,0.00924694,1,3,3,3-Mar,100,100,-7.901,-0.6957,-4.735510886,-0.007814304,-3.18E-07,6.48E-10,-0.620034414,-0.027428369,0.001386821,-3.01E-06,5,2011,2,27,1.1,1.1,2,612.251,432.176,20.0003,24.7082,30.0007,24.6788,24.6903,21.5416,20.5665,42.9235,20,400,15.5743,101.418,103.152
123,1683319705,15519,20230505 13:48:25,13:48:25,g8.clapur.2,41.65068675,1683319697,0.001021573,3.452194136,396.1452667,321.4459074,32.65301454,40.24110077,0.082884447,2.954650188,0.081614094,0.051121323,321.4450379,24.46439622,23.60351,2.924381148,60.21098685,1.681698895,2.793010018,1.242682254,-45.05137385,-121.1690237,-8.520293294,146.7043471,0,0,1,0,54392.12532,RECT-1505-20210918-17_20_47,10288.4,812.936,2752.91,1939.974,0.704699391,-1,MPF-1760-20230505-13_58_25,10250.6,2.256223077,1.7772,-0.269538081,0.5,1681.20054,3.452194136,-226.5737834,1,0.002648223,1548.015305,-,0,1.7772,-0.269538081,0.999354429,0.000590542,1.418128697,0,1,1760,300,300,300,10250.6,1.13,-0.00683975,-0.45,2000.001,1681.20054,0.84059985,0.191199699,6,0.5,0: Broadleaf,2,1683319697,396.1452667,400.0009333,16.55514,15.55079667,404.0473333,17.25106,600.1896667,101.4802,0.101477633,22.84283333,23.60351,999.9,0,0,9995.831,0,158.2114667,2000.001,0.980007,0.0199931,0,2.258726667,0,1405.584667,16306.10333,39.5788,40.937,40.0914,39.125,38.875,1960.011,39.99,0,34.89999986,0,2.256223077,0.212923081,-42.49230772,1405.451538,15,1683319602,13:46:41,1683319602,1683319601,41,-0.065,-0.002,-7.933,-0.711,400,16,0.69,0.11,-3.82413425,-0.515728593,0.090783978,0,2.258674286,-0.066396869,0.158986146,1,1.01514945,-0.137624848,0.019297781,0,1,3,3-Jan,100,100,-7.902,-0.6958,-4.735510886,-0.007814304,-3.18E-07,6.48E-10,-0.620034414,-0.027428369,0.001386821,-3.01E-06,5,2011,2,27,1.7,1.7,2,612.662,431.932,19.9996,24.7567,30.0005,24.7239,24.7342,21.5379,20.0179,42.9235,20,400,15.535,101.408,103.141
124,1683320118,15931.5,20230505 13:55:17,13:55:17,c3.clapur.2,56.72293485,1683320110,0.000752027,3.335592407,396.3570333,297.5757079,30.22256958,40.25506013,0.058805004,2.956604305,0.058162887,0.036408912,321.4407964,24.75554595,23.93624,2.983522737,60.07329468,1.700633291,2.830930616,1.282889446,-33.16440195,-138.7827709,-9.779857989,139.7137656,0,0,1,0,54408.62906,RECT-1505-20210918-17_20_47,10288.4,812.936,2752.91,1939.974,0.704699391,-1,MPF-1761-20230505-14_05_17,10269.7,2.279896154,1.6208,-0.406648664,0.5,1681.177393,3.335592407,-341.82427,1,0.002578902,1697.488401,-,0,1.6208,-0.406648664,0.999411241,0.00081238,1.418209316,0,1,1761,300,300,300,10269.7,1.24,-0.0068526,0.03,1999.973333,1681.177393,0.840599904,0.191199809,6,0.5,0: Broadleaf,2,1683320110,396.3570333,399.9882,16.74467667,16.00575,404.3212333,17.43614,600.4126,101.4616333,0.10099013,23.06556333,23.93624,999.9,0,0,10008.752,0,77.55635667,1999.973333,0.9800019,0.01999777,0,2.258063333,0,747.3169333,16305.85,39.875,41.3998,40.53513333,39.5893,39.1996,1959.975333,39.993,0,411.6000001,0,2.279896154,-0.254088884,27.45193168,746.8505769,15,1683320100,13:54:59,1683320095,1683320100,42,-0.06,0.001,-7.993,-0.705,400,16,0.64,0.1,-2.756300769,-13.98834401,1.604932491,0,2.23190303,0.500340722,0.178084281,1,0.563270189,2.791786534,0.320923203,0,1,3,3-Jan,100,100,-7.962,-0.6903,-4.795594629,-0.007814304,-3.18E-07,6.48E-10,-0.618921729,-0.027428369,0.001386821,-3.01E-06,5,2011,2,27,0.4,0.3,2,611.47,432.8,19.9987,25.0102,29.9999,25.0143,25.0252,21.5422,18.6589,45.0006,20,400,15.9756,101.366,103.105
125,1683320156,15970,20230505 13:55:56,13:55:56,c3.clapur.2,52.51508355,1683320150,0.000872498,3.630518418,396.0436,303.9391365,30.87017914,40.22495102,0.06913287,2.954688696,0.068246664,0.04273284,321.4441256,24.65307349,23.847612,2.967668133,60.27983817,1.699017258,2.818549801,1.268650875,-38.47718073,-136.1128339,-9.590110237,137.2640008,0,0,1,0,54365.34167,RECT-1505-20210918-17_20_47,10288.4,812.936,2752.91,1939.974,0.704699391,-1,MPF-1762-20230505-14_05_56,10269.6,2.232564,1.7428,-0.281021345,0.5,1681.195071,3.630518418,-236.22585,1,0.002754302,1578.590314,-,0,1.7428,-0.281021345,0.999366924,0.000603758,1.418146429,0,1,1762,300,300,300,10269.6,1.4,-0.00685246,-0.24,1999.9944,1681.195071,0.840599889,0.191199779,6,0.5,0: Broadleaf,2,1683320150,396.0436,400.01852,16.728048,15.870392,404.00552,17.41982,600.17296,101.46628,0.10069652,22.993132,23.847612,999.9,0,0,9997.4208,0,108.28116,1999.9944,0.98000184,0.019997832,0,2.222248,0,739.81164,16306.024,39.937,41.375,40.53968,39.562,39.25,1959.9964,39.9924,0,37.4000001,0,2.232564,-0.200361528,-0.902769258,739.8108,15,1683320100,13:54:59,1683320095,1683320100,42,-0.06,0.001,-7.993,-0.705,400,16,0.64,0.1,-3.97368375,-0.037955235,0.026515308,1,2.216308824,0.085223739,0.218589744,1,0.871475625,-0.184307111,0.01863513,0,2,3,3-Feb,100,100,-7.961,-0.6921,-4.795594629,-0.007814304,-3.18E-07,6.48E-10,-0.618921729,-0.027428369,0.001386821,-3.01E-06,5,2011,2,27,1,0.9,2,612.87,433.487,19.9984,25.006,30.0001,25.0163,25.0278,21.5359,19.5887,45.0006,20,400,15.8213,101.366,103.108
126,1683320194,16008,20230505 13:56:34,13:56:34,c3.clapur.2,52.81718876,1683320186,0.000881204,3.645676342,396.0090333,303.3409167,30.80925206,40.22122126,0.06902443,2.953529587,0.068140641,0.042666363,321.4424003,24.69086017,23.87553667,2.97265559,59.79305065,1.689328933,2.825293098,1.283326656,-38.86111502,-134.2187308,-9.463595479,138.8989591,0,0,1,0,54323.8041,RECT-1505-20210918-17_20_47,10288.4,812.936,2752.91,1939.974,0.704699391,-1,MPF-1763-20230505-14_06_34,10269.5,2.207368,1.8284,-0.207267556,0.5,1681.1863,3.645676342,-174.2276881,1,0.002763332,1504.63881,-,0,1.8284,-0.207267556,0.99933583,0.000467223,1.418102304,0,1,1763,300,300,300,10269.5,1.7,-0.00685237,-0.26,1999.984,1681.1863,0.840599875,0.19119975,6,0.5,0: Broadleaf,2,1683320186,396.0090333,400.0025333,16.63275,15.76645,403.9706,17.32620667,600.1714667,101.4666333,0.099790343,23.03261667,23.87553667,999.9,0,0,9990.811,0,105.0504333,1999.984,0.9800022,0.01999746,0,2.17215,0,738.3810667,16305.93333,39.9832,41.375,40.562,39.5,39.25,1959.992,39.99133333,0,37.0999999,0,2.207368,0.894553836,-23.91530776,738.33448,15,1683320100,13:54:59,1683320095,1683320100,42,-0.06,0.001,-7.993,-0.705,400,16,0.64,0.1,-3.98724575,0.019270807,0.065804288,1,2.177852941,0.32283601,0.184520602,1,0.876811575,-0.204275966,0.01983041,0,2,3,3-Feb,100,100,-7.961,-0.6938,-4.795594629,-0.007814304,-3.18E-07,6.48E-10,-0.618921729,-0.027428369,0.001386821,-3.01E-06,5,2011,2,27,1.7,1.6,2,613.207,433.466,20,24.9977,29.9998,25.0134,25.0271,21.5367,19.5876,44.6263,20,400,15.8539,101.371,103.11
127,1683320448,16262,20230505 14:00:48,14:00:48,c4.clapur.2,45.98934652,1683320440,0.001240469,4.482430462,395.0225806,312.9643331,31.78872134,40.12362244,0.097466714,2.953280078,0.095714335,0.059976279,321.4430338,24.52307239,23.74965161,2.950229826,59.15501762,1.663730754,2.812493041,1.286499072,-54.70468394,-126.1087818,-8.883485674,131.7460823,0,0,1,0,54330.27654,RECT-1505-20210918-17_20_47,10288.4,812.936,2752.91,1939.974,0.704699391,-1,MPF-1764-20230505-14_10_48,10273.9,2.288892308,1.8272,-0.252677489,0.5,1681.184594,4.482430462,-212.3987507,1,0.003261052,1505.627627,-,0,1.8272,-0.252677489,0.999336266,0.000569211,1.418102923,0,1,1764,300,300,300,10273.9,1.25,-0.00685528,-0.75,1999.98129,1681.184594,0.84060016,0.191200321,6,0.5,0: Broadleaf,2,1683320440,395.0225806,399.9910323,16.37965806,15.1604871,402.9187097,17.08394839,600.4820968,101.4705484,0.102436065,22.95759677,23.74965161,999.9,0,0,9989.010645,0,103.2502258,1999.98129,0.979994226,0.020005574,0,2.273254839,0,4672.931613,16305.86774,39.86687097,41.29,40.562,39.25,39.125,1959.970968,40.01032258,0,253.4000001,0,2.288892308,0.684779488,-728.8061529,4663.887692,15,1683320432,14:00:31,1683320432,1683320415,43,0.059,-0.007,-7.934,-0.726,400,15,0.56,0.2,-3.71046585,-25.44852623,2.70941971,0,2.261845455,0.215440463,0.203497772,1,0.906208571,6.030966498,0.656524452,0,1,3,3-Jan,100,100,-7.886,-0.6972,-4.736342516,-0.007814304,-3.18E-07,6.48E-10,-0.625881715,-0.027428369,0.001386821,-3.01E-06,5,2011,2,27,0.3,0.6,2,611.604,431.672,19.9996,24.8084,29.9998,24.8864,24.9039,21.5229,23.2582,44.625,20,400,15.1326,101.417,103.15
128,1683320486,16299.5,20230505 14:01:25,14:01:25,c4.clapur.2,39.49494185,1683320478,0.001726292,5.548664915,393.7972333,321.9831907,32.70512024,39.99955973,0.14049052,2.954083782,0.136881441,0.08586744,321.4438205,24.42183586,23.76489,2.952936571,60.39887573,1.701275773,2.816734173,1.251660797,-76.12948463,-124.6059968,-8.777018923,111.9313201,0,0,1,0,54349.53407,RECT-1505-20210918-17_20_47,10288.4,812.936,2752.91,1939.974,0.704699391,-1,MPF-1765-20230505-14_11_25,10273.4,2.27732,1.6216,-0.404366058,0.5,1681.18882,5.548664915,-339.9078481,1,0.003895258,1696.650469,-,0,1.6216,-0.404366058,0.999410951,0.000808219,1.418208904,0,1,1765,300,300,300,10273.4,1.41,-0.00685494,-0.22,1999.986333,1681.18882,0.840600154,0.191200308,6,0.5,0: Broadleaf,2,1683320478,393.7972333,400.0238667,16.74912667,15.05225,401.6817333,17.44735,600.1773667,101.4726333,0.101365533,22.98248667,23.76489,999.9,0,0,9993.363333,0,106.7744,1999.986333,0.9799952,0.020004593,0,2.27829,0,4219.010333,16305.91333,39.90806667,41.25413333,40.5662,39.25,39.125,1959.976333,40.01,0,36.29999995,0,2.27732,-0.420746148,-598.4423068,4214.9644,15,1683320432,14:00:31,1683320432,1683320415,43,0.059,-0.007,-7.934,-0.726,400,15,0.56,0.2,-6.22873525,-0.028570919,0.068972619,1,2.280714286,-0.003057534,0.158861061,1,1.7072985,-0.221287205,0.021676089,0,2,3,3-Feb,100,100,-7.885,-0.6986,-4.736342516,-0.007814304,-3.18E-07,6.48E-10,-0.625881715,-0.027428369,0.001386821,-3.01E-06,5,2011,2,27,0.9,1.2,2,614.185,432.253,19.9997,24.7847,29.9999,24.8605,24.8819,21.5193,24.1811,44.2536,20,400,15.0267,101.424,103.155
129,1683320522,16335.5,20230505 14:02:01,14:02:01,c4.clapur.2,40.20870482,1683320514,0.001746363,5.667534743,393.6432258,320.613206,32.56657324,39.98466283,0.14095293,2.956762619,0.137323584,0.086145539,321.4518194,24.42239147,23.76755161,2.953409567,60.01556608,1.69118753,2.817914819,1.262222037,-77.01462902,-124.0397046,-8.729637752,111.667848,0,0,1,0,54427.606,RECT-1505-20210918-17_20_47,10288.4,812.936,2752.91,1939.974,0.704699391,-1,MPF-1766-20230505-14_12_01,10273.2,2.296253846,1.7744,-0.294101581,0.5,1681.230919,5.667534743,-247.2263361,1,0.003965865,1550.459648,-,0,1.7744,-0.294101581,0.999355446,0.000643341,1.41813014,0,1,1766,300,300,300,10273.2,1.73,-0.00685475,-0.58,2000.036452,1681.230919,0.840600139,0.191200278,6,0.5,0: Broadleaf,2,1683320514,393.6432258,399.9959355,16.64949677,14.93282258,401.5264839,17.34949032,600.2143226,101.4748387,0.101055935,22.98940968,23.76755161,999.9,0,0,10008.34839,0,104.9976613,2000.036452,0.979995774,0.020004,0,2.274893548,0,3886.690323,16306.32903,39.937,41.254,40.61077419,39.25,39.183,1960.026452,40.01,0,35.4000001,0,2.296253846,0.63775726,-408.0030764,3881.118077,15,1683320432,14:00:31,1683320432,1683320415,43,0.059,-0.007,-7.934,-0.726,400,15,0.56,0.2,-6.35143525,0.05814878,0.022332696,1,2.295520588,0.108901615,0.179446267,1,1.7294575,-0.366947392,0.036100415,0,2,3,3-Feb,100,100,-7.884,-0.7001,-4.736342516,-0.007814304,-3.18E-07,6.48E-10,-0.625881715,-0.027428369,0.001386821,-3.01E-06,5,2011,2,27,1.5,1.8,2,613.938,432.562,20.0002,24.7639,29.9998,24.8382,24.8612,21.5205,23.2621,43.8775,20,400,15.0709,101.427,103.166
130,1683320868,16682,20230505 14:07:48,14:07:48,h2.clapur.2,41.66886745,1683320861,0.00067471,2.214511028,397.4837241,322.8646521,32.79596246,40.37562244,0.053145458,2.954214433,0.052619976,0.032934264,321.4459661,24.62561133,23.67572414,2.937129103,59.32625966,1.664162335,2.805102402,1.272966768,-29.75472064,-121.2949154,-8.536604988,161.859725,0,0,1,0,54365.95606,RECT-1505-20210918-17_20_47,10288.4,812.936,2752.91,1939.974,0.704699391,-1,MPF-1767-20230505-14_17_48,10275.4,2.278569231,2.0496,-0.111714106,0.5,1681.200021,2.214511028,-93.90687829,1,0.001912034,1342.145004,-,0,2.0496,-0.111714106,0.999255479,0.000282369,1.417988282,0,1,1767,300,300,300,10275.4,1.36,-0.00685627,-0.39,1999.999655,1681.200021,0.840600155,0.191200311,6,0.5,0: Broadleaf,2,1683320861,397.4837241,399.9641724,16.38308966,15.72003448,405.4248621,17.08197241,600.5440345,101.4727586,0.105293483,22.91414483,23.67572414,999.9,0,0,9994.092069,0,197.4041379,1999.999655,0.979995862,0.020003945,0,2.265203448,0,1591.18069,16306.02069,39.99565517,41.36196552,40.625,39.375,39.187,1959.98931,40.01034483,0,345.4000001,0,2.278569231,0.157367515,-135.2447861,1591.979615,15,1683320854,14:07:33,1683320854,1683320851,44,-0.031,0.006,-7.965,-0.71,400,16,0.93,0.09,-1.713966879,-14.82572039,1.572137521,0,2.291267647,-0.19308362,0.16335147,1,0.456927404,3.923359612,0.411684252,0,1,3,3-Jan,100,100,-7.938,-0.6943,-4.767277508,-0.007814304,-3.18E-07,6.48E-10,-0.620205488,-0.027428369,0.001386821,-3.01E-06,5,2011,2,27,0.2,0.3,2,611.995,431.634,20.0006,24.7255,30.0005,24.7792,24.7976,21.545,17.7022,44.3467,20,400,15.7333,101.419,103.149
131,1683320904,16718,20230505 14:08:24,14:08:24,h2.clapur.2,39.9442238,1683320896,0.000965206,3.09820912,396.4938,324.5182129,32.96236533,40.27315869,0.077563383,2.954278879,0.076449584,0.047879728,321.443858,24.61250363,23.73578,2.947767743,60.18692503,1.694672601,2.81568231,1.253095142,-42.56556703,-120.9605475,-8.51815544,149.399588,0,0,1,0,54356.37802,RECT-1505-20210918-17_20_47,10288.4,812.936,2752.91,1939.974,0.704699391,-1,MPF-1768-20230505-14_18_24,10275,2.256753846,2.33538,0.033667392,0.5,1681.18884,3.09820912,28.30062182,1,0.002437685,1177.784609,-,0,2.33538,0.033667392,0.999151669,-9.70E-05,1.417840971,0,1,1768,300,300,300,10275,1.43,-0.00685608,-0.74,1999.986333,1681.18884,0.840600164,0.191200328,6,0.5,0: Broadleaf,2,1683320896,396.4938,399.9736,16.68424333,15.73544333,404.4306333,17.37805333,600.1909,101.4697667,0.103470267,22.97631667,23.73578,999.9,0,0,9994.752333,0,199.3540333,1999.986333,0.9799924,0.0200074,0,2.26603,0,1505.641,16305.9,40.0662,41.39773333,40.6684,39.437,39.25413333,1959.975667,40.01066667,0,35.4000001,0,2.256753846,0.650892307,-132.5692306,1504.605769,15,1683320854,14:07:33,1683320854,1683320851,44,-0.031,0.006,-7.965,-0.71,400,16,0.93,0.09,-3.4596395,-0.231754672,0.065736308,1,2.260430303,0.29201031,0.170615155,1,0.948022575,0.013451223,0.00199346,1,3,3,3-Mar,100,100,-7.937,-0.6939,-4.767277508,-0.007814304,-3.18E-07,6.48E-10,-0.620205488,-0.027428369,0.001386821,-3.01E-06,5,2011,2,27,0.8,0.9,2,614.138,432.252,20.0011,24.763,30.0004,24.7991,24.8181,21.5433,17.7022,44.3467,20,400,15.7011,101.411,103.142
132,1683320940,16753.5,20230505 14:08:59,14:08:59,h2.clapur.2,40.32158008,1683320932,0.000993923,3.191810611,396.4245333,323.7620699,32.88557773,40.266143,0.079158867,2.95368545,0.077998916,0.048852123,321.449444,24.67049474,23.7928,2.957899764,59.8982428,1.693207738,2.82680703,1.264692025,-43.83200506,-119.6411055,-8.432143617,149.5441898,0,0,1,0,54326.86215,RECT-1505-20210918-17_20_47,10288.4,812.936,2752.91,1939.974,0.704699391,-1,MPF-1769-20230505-14_18_59,10274.5,2.320042308,1.7776,-0.305154314,0.5,1681.21824,3.191810611,-256.5154989,1,0.002493317,1547.666742,-,0,1.7776,-0.305154314,0.999354283,0.000668726,1.41812849,0,1,1769,300,300,300,10274.5,1.24,-0.00685564,-0.07,2000.021333,1681.21824,0.840600154,0.191200307,6,0.5,0: Broadleaf,2,1683320932,396.4245333,400.0092667,16.66981333,15.69275667,404.3608667,17.36388333,600.1829,101.4699333,0.103353933,23.04147,23.7928,999.9,0,0,9991.37,0,192.7597333,2000.021333,0.9799937,0.0200061,0,2.320586667,0,1429.595,16306.19,40.187,41.4832,40.75,39.53306667,39.354,1960.010667,40.01066667,0,34.60000014,0,2.320042308,0.409104274,-94.23794879,1429.148462,15,1683320854,14:07:33,1683320854,1683320851,44,-0.031,0.006,-7.965,-0.71,400,16,0.93,0.09,-3.58205025,-0.062633358,0.033923046,1,2.318405882,0.21597379,0.16321663,1,0.977866175,-0.01956215,0.002068799,1,3,3,3-Mar,100,100,-7.936,-0.6942,-4.767277508,-0.007814304,-3.18E-07,6.48E-10,-0.620205488,-0.027428369,0.001386821,-3.01E-06,5,2011,2,27,1.4,1.5,2,614.888,431.968,20.0015,24.8015,30.0006,24.8258,24.844,21.5406,17.7022,44.3467,20,400,15.6705,101.401,103.136
133,1683321412,17225.9,20230505 14:16:52,14:16:52,h4.clapur.2,60.24606426,1683321404,0.000921739,4.44122666,395.2427742,290.7628781,29.53203568,40.14378928,0.073718121,2.955023783,0.072711497,0.045533982,321.4432216,24.73165842,23.91792258,2.980239888,60.77561557,1.722512037,2.834215698,1.257727851,-40.64867948,-132.7360714,-9.358795924,138.6996748,0,0,1,0,54358.42916,RECT-1505-20210918-17_20_47,10288.4,812.936,2752.91,1939.974,0.704699391,-1,MPF-1770-20230505-14_26_52,10272.4,2.3321,2.25553,-0.033947675,0.5,1681.185668,4.44122666,-28.53617256,1,0.003236541,1219.515799,-,0,2.25553,-0.033947675,0.999180674,9.45E-05,1.417882131,0,1,1770,300,300,300,10272.4,1.21,-0.00685442,-0.17,1999.982581,1681.185668,0.840600155,0.19120031,6,0.5,0: Broadleaf,2,1683321404,395.2427742,400.0468387,16.95929677,16.05346774,403.2348065,17.6503871,600.1839355,101.4659677,0.101453355,23.08473548,23.91792258,999.9,0,0,9999.352903,0,120.1721935,1999.982581,0.979996452,0.0200033,0,2.324264516,0,1355.680645,16305.89677,39.925,41.32419355,40.625,39.32012903,39.153,1959.972581,40.01,0,471.8,0,2.3321,0.011823081,-102.8292309,1353.4752,15,1683321377,14:16:16,1683321377,1683321365,46,-0.025,-0.001,-8.031,-0.708,400,16,0.67,0.16,-4.821495,0.123132608,0.071227568,1,2.300791176,0.3043694,0.140906685,1,0.862046875,0.996544176,0.101209988,0,2,3,3-Feb,100,100,-7.992,-0.6928,-4.831759253,-0.007814304,-3.18E-07,6.48E-10,-0.622482884,-0.027428369,0.001386821,-3.01E-06,5,2011,2,27,0.6,0.8,2,610.1,433.866,20.0008,24.8606,30.0001,24.9211,24.9366,21.5405,20.4584,49.6058,20,400,15.846,101.4,103.137
134,1683321452,17265.4,20230505 14:17:31,14:17:31,h4.clapur.2,67.97751595,1683321444,0.000861094,4.579340136,395.0927742,278.1906178,28.2550748,40.12851324,0.067365512,2.954742088,0.066523755,0.041652099,321.4499861,24.79779938,23.95545484,2.98696982,59.89115365,1.702618157,2.842854167,1.284351662,-37.97423467,-130.68597,-9.219224071,143.5705573,0,0,1,0,54340.83995,RECT-1505-20210918-17_20_47,10288.4,812.936,2752.91,1939.974,0.704699391,-1,MPF-1771-20230505-14_27_31,10272.2,2.27778,2.56284,0.111228169,0.5,1681.223123,4.579340136,93.49968462,1,0.00331862,1073.163818,-,0,2.56284,0.111228169,0.999069043,-0.000351764,1.417723722,0,1,1771,300,300,300,10272.2,1.29,-0.00685416,-0.02,2000.027419,1681.223123,0.840600037,0.191200074,6,0.5,0: Broadleaf,2,1683321444,395.0927742,400.0107097,16.76344516,15.91706452,403.0835806,17.45807742,600.1972258,101.4650968,0.102220742,23.13505806,23.95545484,999.9,0,0,9997.840323,0,125.6907097,2000.027419,0.979997516,0.0200022,0,2.296483871,0,1292.027097,16306.26129,40,41.379,40.633,39.375,39.23780645,1960.018387,40.00290323,0,38.60000014,0,2.27778,0.349446148,-79.83000001,1291.162,15,1683321377,14:16:16,1683321377,1683321365,46,-0.025,-0.001,-8.031,-0.708,400,16,0.67,0.16,-4.92248975,-0.093642214,0.057784361,1,2.272065714,0.093858317,0.17774691,1,0.851843975,-0.107865242,0.010553062,0,2,3,3-Feb,100,100,-7.991,-0.6948,-4.831759253,-0.007814304,-3.18E-07,6.48E-10,-0.622482884,-0.027428369,0.001386821,-3.01E-06,5,2011,2,27,1.2,1.4,2,610.345,434.05,19.9999,24.8468,30,24.9084,24.928,21.539,20.4584,49.6058,20,400,15.9948,101.402,103.14
135,1683321497,17310.4,20230505 14:18:16,14:18:16,h4.clapur.2,74.022264,1683321489,0.000797717,4.616433285,395.0791613,268.5954154,27.28142825,40.12847268,0.06236547,2.953474352,0.061643003,0.03859109,321.4456974,24.82833585,23.97727419,2.990888366,59.99156675,1.706866368,2.845177182,1.284021998,-35.17933083,-131.9530299,-9.314268877,144.9990678,0,0,1,0,54300.95423,RECT-1505-20210918-17_20_47,10288.4,812.936,2752.91,1939.974,0.704699391,-1,MPF-1772-20230505-14_28_16,10271.9,2.205115385,2.05047,-0.075419482,0.5,1681.201355,4.616433285,-63.3976674,1,0.003340726,1341.575117,-,0,2.05047,-0.075419482,0.999255163,0.000190712,1.417987834,0,1,1772,300,300,300,10271.9,1.43,-0.00685396,-0.49,2000.001613,1681.201355,0.8406,0.191199999,6,0.5,0: Broadleaf,2,1683321489,395.0791613,400.0093226,16.80470968,16.02062581,403.0699355,17.4986129,600.1744516,101.4690645,0.101649935,23.14856774,23.97727419,999.9,0,0,9990.258387,0,116.7264194,2000.001613,0.979997806,0.0200019,0,2.208245161,0,1255.756129,16306.05161,40.062,41.437,40.687,39.377,39.264,1960.001613,40,0,44.4000001,0,2.205115385,0.577709409,-28.3664957,1255.424615,15,1683321377,14:16:16,1683321377,1683321365,46,-0.025,-0.001,-8.031,-0.708,400,16,0.67,0.16,-4.9264325,-0.015420788,0.051473687,1,2.219593939,-0.07757458,0.167574094,1,0.78060105,0.06214334,0.006618701,1,3,3,3-Mar,100,100,-7.991,-0.6938,-4.831759253,-0.007814304,-3.18E-07,6.48E-10,-0.622482884,-0.027428369,0.001386821,-3.01E-06,5,2011,2,27,2,2.2,2,610.68,434.133,20.0012,24.8363,30.0001,24.899,24.9197,21.5406,19.885,49.234,20,400,16.0361,101.397,103.142
136,1683322116,17929.4,20230505 14:28:35,14:28:35,c5.clapur.2,44.88887131,1683322108,0.001251468,4.777770696,394.7538065,314.9134616,31.9859211,40.0953457,0.106435527,2.955915016,0.104351346,0.065403447,321.4424341,24.65497905,23.51665161,2.909112169,60.60945405,1.718744399,2.835769479,1.190367769,-55.18975741,-67.38584701,-4.740303002,194.1265267,0,0,1,0,54383.19997,RECT-1505-20210918-17_20_47,10288.4,812.936,2752.91,1939.974,0.704699391,-1,MPF-1773-20230505-14_38_35,10274.2,2.258253846,2.3376,0.033943427,0.5,1681.181352,4.777770696,28.53252784,1,0.003436733,1176.665127,-,0,2.3376,0.033943427,0.999150862,-9.79E-05,1.417839827,0,1,1773,300,300,300,10274.2,1.24,-0.00685555,-0.23,1999.977419,1681.181352,0.840600166,0.191200333,6,0.5,0: Broadleaf,2,1683322108,394.7538065,400.0238387,16.9216871,15.69180645,402.5859355,17.60651613,600.2004194,101.4688387,0.101671935,23.09379677,23.51665161,999.9,0,0,10004.12806,0,106.3758387,1999.977419,0.979993452,0.020006348,0,2.260406452,0,4587.55129,16305.82903,39.95935484,41.419,40.629,39.44106452,39.25,1959.966774,40.01064516,0,617.8000002,0,2.258253846,0.247883774,-993.7531623,4583.384615,15,1683322078,14:27:58,1683322077,1683322078,47,0.155,0.007,-7.874,-0.708,400,16,0.31,0.12,-5.26205975,-0.362175872,0.061299134,1,2.283211765,-0.454538275,0.171678416,1,1.2053955,0.482051932,0.04943574,0,2,3,3-Feb,100,100,-7.832,-0.6857,-4.676869729,-0.007814304,-3.18E-07,6.48E-10,-0.615408327,-0.027428369,0.001386821,-3.01E-06,5,2011,2,27,0.6,0.6,2,613.077,432.55,19.9996,24.6513,29.9999,24.698,24.7151,21.5238,24.5263,48.8733,20,400,15.5199,101.441,103.177
137,1683322157,17970.4,20230505 14:29:16,14:29:16,c5.clapur.2,47.78216255,1683322151,0.001253219,4.98579508,394.5498261,309.9338533,31.47994764,40.07438276,0.104344274,2.955907802,0.102340353,0.064139559,321.4506059,24.68392021,23.54276087,2.913694612,59.77686353,1.698147888,2.84081129,1.215546724,-55.26695237,-66.86560931,-4.705039225,194.613005,0,0,1,0,54377.56996,RECT-1505-20210918-17_20_47,10288.4,812.936,2752.91,1939.974,0.704699391,-1,MPF-1774-20230505-14_39_16,10274,2.305292308,2.6164,0.118906777,0.5,1681.224417,4.98579508,99.95448875,1,0.003560378,1051.174744,-,0,2.6164,0.118906777,0.999049588,-0.000383932,1.417696113,0,1,1774,300,300,300,10274,1.3,-0.00685533,-0.59,2000.028696,1681.224417,0.840600148,0.191200296,6,0.5,0: Broadleaf,2,1683322151,394.5498261,400.0282174,16.7190087,15.48716087,402.3803913,17.40748696,600.2038261,101.4678261,0.102064739,23.12316957,23.54276087,999.9,0,0,10004.18696,0,99.04734348,2000.028696,0.979994609,0.020005191,0,2.295008696,0,4020.580435,16306.26522,40.0566087,41.3803913,40.65734783,39.48904348,39.26347826,1960.018261,40.01043478,0,40.20000005,0,2.305292308,-0.097312828,-574.1589748,4034.976538,15,1683322078,14:27:58,1683322077,1683322078,47,0.155,0.007,-7.874,-0.708,400,16,0.31,0.12,-5.459838,-0.240684203,0.063216942,1,2.303839394,0.06004857,0.173428562,1,1.2433605,-0.147479325,0.014708849,0,2,3,3-Feb,100,100,-7.83,-0.6888,-4.676869729,-0.007814304,-3.18E-07,6.48E-10,-0.615408327,-0.027428369,0.001386821,-3.01E-06,5,2011,2,27,1.3,1.3,2,613.683,432.293,20.0015,24.6492,29.9999,24.6882,24.7069,21.5227,24.5263,48.1195,20,400,15.5359,101.445,103.181
138,1683322197,18010.4,20230505 14:29:56,14:29:56,c5.clapur.2,55.1615093,1683322189,0.001125679,5.136005207,394.4120645,298.0341014,30.27135739,40.060478,0.093108497,2.953618338,0.091508122,0.057334072,321.4465166,24.75898419,23.61463871,2.926342539,59.88267036,1.705375632,2.847861697,1.220966907,-49.64242595,-71.73095709,-5.054191877,195.0189416,0,0,1,0,54302.34111,RECT-1505-20210918-17_20_47,10288.4,812.936,2752.91,1939.974,0.704699391,-1,MPF-1775-20230505-14_39_56,10273.8,2.258030769,1.46653,-0.539709907,0.5,1681.20301,5.136005207,-453.6809596,1,0.003649771,1876.159008,-,0,1.46653,-0.539709907,0.99946728,0.000975392,1.418288838,0,1,1775,300,300,300,10273.8,1.03,-0.00685512,-0.82,2000.003226,1681.20301,0.840600149,0.191200298,6,0.5,0: Broadleaf,2,1683322189,394.4120645,399.9903226,16.79013226,15.68369677,402.2414194,17.47732581,600.1859032,101.4685806,0.101532452,23.16416774,23.61463871,999.9,0,0,9991.122581,0,90.60018065,2000.003226,0.979995097,0.0200047,0,2.245629032,0,3750.795806,16306.05484,40.125,41.383,40.687,39.5,39.312,1959.993226,40.01,0,39.20000005,0,2.258030769,0.288649571,-310.0365814,3747.606538,15,1683322078,14:27:58,1683322077,1683322078,47,0.155,0.007,-7.874,-0.708,400,16,0.31,0.12,-5.589567,-0.023988518,0.070727336,1,2.263988235,0.062615572,0.186882958,1,1.10911425,0.064870356,0.025625769,1,3,3,3-Mar,100,100,-7.831,-0.6868,-4.676869729,-0.007814304,-3.18E-07,6.48E-10,-0.615408327,-0.027428369,0.001386821,-3.01E-06,5,2011,2,27,2,2,2,613.292,432.74,20.0006,24.6492,30,24.6862,24.7054,21.5278,22.632,47.745,20,400,15.7463,101.449,103.182
139,1683322574,18387.4,20230505 14:36:13,14:36:13,c8.clapur.2,52.73692056,1683322566,0.001048299,4.716559675,394.8394839,302.612629,30.73493458,40.10198036,0.089435629,2.954406549,0.087958332,0.055104654,321.4462169,24.4098178,23.25355806,2.863287134,60.32095127,1.679891597,2.784922257,1.183395536,-46.22999803,-73.04025096,-5.126080658,197.0498872,0,0,1,0,54393.3854,RECT-1505-20210918-17_20_47,10288.4,812.936,2752.91,1939.974,0.704699391,-1,MPF-1776-20230505-14_46_13,10269,2.271152,1.89953,-0.195638921,0.5,1681.206745,4.716559675,-164.454737,1,0.003400272,1448.258501,-,0,1.89953,-0.195638921,0.999309992,0.000458206,1.418065639,0,1,1776,300,300,300,10269,1.56,-0.00685172,-0.56,2000.008387,1681.206745,0.840599847,0.191199695,6,0.5,0: Broadleaf,2,1683322566,394.8394839,399.9679032,16.54001935,15.50947097,402.7462258,17.23417742,600.239871,101.4654194,0.099854626,22.7949871,23.25355806,999.9,0,0,9995.904839,0,91.7400129,2000.008387,0.980005258,0.019994342,0,2.257935484,0,2650.465484,16306.15806,39.83435484,41.1006129,40.46748387,39.25,39.062,1960.018387,39.99,0,376,0,2.271152,-0.600546151,-366.3376918,2647.0376,15,1683322553,14:35:53,1683322543,1683322553,48,-0.073,-0.003,-7.947,-0.713,400,15,0.87,0.33,-4.176633766,-14.44329923,1.772810591,0,2.217091176,0.347250433,0.191614942,1,0.848718,2.681186311,0.347907573,0,1,3,3-Jan,100,100,-7.906,-0.6932,-4.750310428,-0.007814304,-3.18E-07,6.48E-10,-0.617979055,-0.027428369,0.001386821,-3.01E-06,5,2011,2,27,0.5,0.3,2,612.361,432.859,19.9977,24.5851,29.9997,24.6347,24.6475,21.5247,23.0897,46.668,20,400,15.5026,101.456,103.19
140,1683322608,18421.4,20230505 14:36:47,14:36:47,c8.clapur.2,51.30952167,1683322600,0.001204022,5.339294646,394.2162333,304.175732,30.89347124,40.03839421,0.104060503,2.95666401,0.102067853,0.063968262,321.4457295,24.3164009,23.18813667,2.85199069,60.53856864,1.680639724,2.776147111,1.171350966,-53.09737891,-70.96473314,-4.973652995,192.4099644,0,0,1,0,54469.81746,RECT-1505-20210918-17_20_47,10288.4,812.936,2752.91,1939.974,0.704699391,-1,MPF-1777-20230505-14_46_47,10269.1,2.231926923,1.78633,-0.249448267,0.5,1681.20418,5.339294646,-209.6867347,1,0.003770687,1540.098229,-,0,1.78633,-0.249448267,0.999351112,0.00054934,1.41812399,0,1,1777,300,300,300,10269.1,1.29,-0.00685208,-0.1,2000.005333,1681.20418,0.840599848,0.191199697,6,0.5,0: Broadleaf,2,1683322600,394.2162333,400.0281667,16.54750333,15.36381333,402.1182333,17.24154,600.2071333,101.4645667,0.099983003,22.74293667,23.18813667,999.9,0,0,10008.80167,0,89.51694,2000.005333,0.9800038,0.019995807,0,2.222196667,0,2499.924,16306.12333,39.875,41.062,40.437,39.25,39.0662,1960.015333,39.99,0,33,0,2.231926923,-0.528659818,-162.3839318,2499.441923,15,1683322553,14:35:53,1683322543,1683322553,48,-0.073,-0.003,-7.947,-0.713,400,15,0.87,0.33,-5.773025,-1.024403302,0.111887839,0,2.248054286,-0.450150294,0.211646999,1,1.17540075,0.140986154,0.016200718,0,1,3,3-Jan,100,100,-7.901,-0.6951,-4.750310428,-0.007814304,-3.18E-07,6.48E-10,-0.617979055,-0.027428369,0.001386821,-3.01E-06,5,2011,2,27,1.1,0.9,2,613.871,433.292,19.998,24.5412,29.9996,24.5976,24.6126,21.5211,24.1911,46.294,20,400,15.2904,101.465,103.198
141,1683322643,18456.9,20230505 14:37:23,14:37:23,c8.clapur.2,57.1349408,1683322635,0.00116452,5.743801702,393.7997419,294.4257074,29.90334872,39.99627312,0.100530457,2.955491695,0.098668681,0.061832327,321.447298,24.26838215,23.10922581,2.83841688,60.23671401,1.666296783,2.766247812,1.172120097,-51.35532201,-67.74678237,-4.746685339,197.5985083,0,0,1,0,54445.92673,RECT-1505-20210918-17_20_47,10288.4,812.936,2752.91,1939.974,0.704699391,-1,MPF-1778-20230505-14_47_23,10269.1,2.280657692,2.094,-0.089139299,0.5,1681.212435,5.743801702,-74.93104907,1,0.004011273,1313.665712,-,0,2.094,-0.089139299,0.99923935,0.000230202,1.417965395,0,1,1778,300,300,300,10269.1,1.1,-0.0068523,-0.31,2000.015161,1681.212435,0.840599845,0.191199691,6,0.5,0: Broadleaf,2,1683322635,393.7997419,400.0000968,16.40620968,15.26117097,401.6983226,17.10268065,600.196871,101.4646452,0.100360761,22.68404516,23.10922581,999.9,0,0,10002.13871,0,89.05634194,2000.015161,0.980003613,0.019996,0,2.286290323,0,2434.754839,16306.2,39.875,41.032,40.423,39.22764516,39.06606452,1960.025161,39.99,0,34.80000019,0,2.280657692,-0.172017098,-62.27897434,2434.119231,15,1683322553,14:35:53,1683322543,1683322553,48,-0.073,-0.003,-7.947,-0.713,400,15,0.87,0.33,-6.1610595,-0.793958049,0.084097785,0,2.262481818,-0.008996958,0.158818378,1,1.146494,-0.105633321,0.012824223,0,1,3,3-Jan,100,100,-7.898,-0.697,-4.750310428,-0.007814304,-3.18E-07,6.48E-10,-0.617979055,-0.027428369,0.001386821,-3.01E-06,5,2011,2,27,1.7,1.5,2,614.15,433.356,19.998,24.4812,29.9993,24.5501,24.5664,21.522,24.1911,45.921,20,400,15.254,101.475,103.211