Sys,Sys,Sys,Sys,Sys,UserDefCon,UserDefVar,GasEx,GasEx,GasEx,GasEx,GasEx,GasEx,GasEx,GasEx,GasEx,GasEx,GasEx,GasEx,GasEx,GasEx,GasEx,GasEx,GasEx,GasEx,GasEx,GasEx,GasEx,GasEx,GasEx,Leak,Leak,Leak,Leak,Leak,FLR,FLR,FLR,FLR,FLR,FLR,FLR,FLR,FLR,FLR,FLR,FLR,FLR,FLR,FLR,FLR,FLR,FLR,FLR,FLR,FLR,FLR,FLR,FLR,FLR,FLR,FLR,FLR,MPF,MPF,MPF,MPF,MPF,MPF,MPF,MPF,LeafQ,LeafQ,LeafQ,LeafQ,Const,Const,Const,Const,Meas,Meas,Meas,Meas,Meas,Meas,Meas,Meas,Meas,Meas,Meas,Meas,Meas,Meas,Meas,Meas,Meas,Meas,FlrLS,FlrLS,FlrLS,FlrLS,FlrLS,FlrLS,FlrLS,FlrLS,FlrLS,FlrLS,FlrLS,FlrLS,FlrLS,FlrLS,FlrLS,FlrLS,FlrLS,FlrLS,FlrStats,FlrStats,FlrStats,FlrStats,FlrStats,MchEvent,MchEvent,MchEvent,MchEvent,MchEvent,MchEvent,MchEvent,MchEvent,MchEvent,MchEvent,MchEvent,MchEvent,MchEvent,Stability,Stability,Stability,Stability,Stability,Stability,Stability,Stability,Stability,Stability,Stability,Stability,Stability,Stability,Stability,MchStatus,MchStatus,MchStatus,MchStatus,MchStatus,MchStatus,MchStatus,MchStatus,MchStatus,MchStatus,MchStatus,MchStatus,MchStatus,MchStatus,MchStatus,MchStatus,MchStatus,MchStatus,Status,Status,Status,Status,Status,Status,Status,Status,Status,Status,Status,Status,Status,Status,Status,Status
obs,time,elapsed,date,hhmmss,plant id,WUE,TIME,E,A,Ca,Ci,Pci,Pca,gsw,gbw,gtw,gtc,Rabs,TleafEB,TleafCnd,SVPleaf,RHcham,VPcham,SVPcham,VPDleaf,LatHFlux,SenHFlux,NetTherm,EBSum,Leak,LeakPct,CorrFact,CorrFactPct,Fan,DarkAdaptedID,Qmax_d,Fo,Fm,Fv,Fv/Fm,Adark,LightAdaptedID,Qmax,Fs,Fm',PhiPS2,PS2/1,Qabs_fs,Afs,ETR,Fv'/Fm',PhiCO2,NPQ,DarkPulseID,Fo',Fv',qP,qN,qP_Fo,qN_Fo,qL,1-qL,ID,P1_dur,P2_dur,P3_dur,P1_Qmax,P1_Fmax,P2_dQdt,P3_ΔF,Qin,Qabs,alpha,convert,S,K,Geometry,Custom,TIME,CO2_s,CO2_r,H2O_s,H2O_r,CO2_a,H2O_a,Flow,Pa,ΔPcham,Tair,Tleaf,Tleaf2,Offset,Offset2,Fan_speed,Qamb_in,Qamb_out,Q,f_red,f_blue,f_farred,F,Q_modavg,F_dc,Pc,Tled,TDigital,TPreamp,TPwrSpy,TDrive,Q_red,Q_blue,Q_farred,TSPF,state,F_avg,dF/dt,dF_dc/dt,F_dc_avg,period,time,hhmmss,co2_t,h2o_t,count,co2_adj,h2o_adj,co2_match,h2o_match,co2_at,h2o_at,co2_cv,h2o_cv,ΔCO2:MN,ΔCO2:SLP,ΔCO2:SD,ΔCO2:OK,F:MN,F:SLP,F:SD,F:OK,ΔH2O:MN,ΔH2O:SLP,ΔH2O:SD,ΔH2O:OK,Stable,Total,State,MatchValveR,MatchValveS,MatchCO2,MatchH2O,cf_co2_a,cf_co2_b,cf_co2_c,cf_co2_d,cf_h2o_a,cf_h2o_b,cf_h2o_c,cf_h2o_d,co2_fit_low,co2_fit_high,h2o_fit_low,h2o_fit_high,co2_elapsed,h2o_elapsed,DIAG,Flow_s,Flow_r,Txchg,Tirga,Tchopper,Ts,Tr,CO2_%,Desiccant_%,Humidifier_%,Txchg_sp,CO2_r_sp,H2O_r_sp,SS_s,SS_r
,s,s,,,,,s,mol m⁻² s⁻¹,µmol m⁻² s⁻¹,µmol mol⁻¹,µmol mol⁻¹,Pa,Pa,mol m⁻² s⁻¹,mol m⁻² s⁻¹,mol m⁻² s⁻¹,mol m⁻² s⁻¹,W m⁻²,°C,°C,kPa,%,kPa,kPa,kPa,W m⁻²,W m⁻²,W m⁻²,W m⁻²,µmol s⁻¹,%,,%,µmol s⁻¹,,,,,,,µmol m⁻² s⁻¹,,,,,,,µmol m⁻² s⁻¹,µmol m⁻² s⁻¹,µmol m⁻² s⁻¹,,µmol µmol⁻¹,,,,,,,,,,,,ms,ms,ms,µmol m⁻² s⁻¹,,mol m⁻² s⁻²,,µmol m⁻² s⁻¹,µmol m⁻² s⁻¹,,J/µmol,cm²,,,mol m⁻² s⁻¹,s,µmol mol⁻¹,µmol mol⁻¹,mmol mol⁻¹,mmol mol⁻¹,µmol mol⁻¹,mmol mol⁻¹,µmol s⁻¹,kPa,kPa,°C,°C,°C,°C,°C,rpm,µmol m⁻² s⁻¹,µmol m⁻² s⁻¹,µmol m⁻² s⁻¹,,,,,µmol m⁻² s⁻¹,,,°C,°C,°C,°C,°C,µmol m⁻² s⁻¹,µmol m⁻² s⁻¹,µmol m⁻² s⁻¹,s,,,min⁻¹,min⁻¹,,s,secs,,s,s,,µmol/mol,mmol/mol,µmol/mol,mmol/mol,µmol/mol,mmol/mol,%,%,µmol mol⁻¹,µmol mol⁻¹ min⁻¹,µmol mol⁻¹,,, min⁻¹,,,mmol mol⁻¹,mmol mol⁻¹ min⁻¹,mmol mol⁻¹,,,,,%,%,µmol/mol,mmol/mol,mmol/mol,,,,mmol/mol,,,,µmol mol⁻¹,µmol mol⁻¹,mmol mol⁻¹,mmol mol⁻¹,min,min,,µmol s⁻¹,µmol s⁻¹,°C,°C,°C,°C,°C,%,%,%,°C,µmol mol⁻¹,mmol mol⁻¹,%,%
1,1680800754,0,20230406 10:05:54,10:05:54,c6.amsmen.2,57.08479192,1680800751,0.000820103,2.984254932,396.2496891,295.1536706,30.18398127,40.52259682,0.052277583,2.293997589,0.051624645,0.032323388,321.4436045,23.23138861,21.61345385,2.591593805,39.61062932,0.995512033,2.513244676,1.596081773,-36.16652792,-61.95115961,-5.505764513,217.8201524,0,0,1,0,55037,RECT-1505-20210918-17_20_47,10288.4,812.936,2752.91,0,0,-1,MPF-312-20230406-10_15_25,10256.3,2.198515385,1.79,-0.228220885,0.5,1681.18973,2.984254932,-191.8413043,0,0.002369902,1536.938547,-,0,0,0,0,0,0,0,1,312,300,300,300,10256.3,1.23,-0.0068448,-0.25,1999.987692,1681.18973,0.840600038,0.191200076,6,0.5,0: Broadleaf,2,1680800751,396.2496923,399.5581538,9.734601538,8.922668462,405.4756154,10.30497692,600.1376154,102.1653846,0.099924208,21.11253077,21.61345385,999.9,0,0,10003.26538,0,27.31226154,1999.987692,0.979998308,0.020002023,0,2.1907,0,2143.721538,16305.95385,36.625,37.95153846,37.437,35.67746154,36.03338462,1959.986154,40.00230769,0,1680801325,0,2.198515385,0.431049578,-147.594188,2150.153462,15,1680800702,10:05:01,1680800702,1680800702,1,-0.244,-0.07,-9.251,-0.569,399,9,0.54,0.14,-3.25126561,-0.186638676,0.061451647,1,2.216845455,0.026428801,0.178006374,1,0.82478478,-0.187654578,0.023623839,0,2,3,3-Feb,100,100,-9.226,-0.5704,-6.048332631,-0.007814304,-3.18E-07,6.48E-10,-0.431714027,-0.027428369,0.001386821,-3.01E-06,5,2011,2,27,0.9,0.9,2,603.374,458.974,19.9974,20.0068,30.0009,19.9202,19.924,20.2913,50.7118,65.8127,20,400,8.94928,102.771,104.262
2,1680800800,45.5,20230406 10:06:39,10:06:39,c6.amsmen.2,55.43253197,1680800792,0.000782782,2.772378207,396.5794636,298.1790071,30.49309313,40.55595541,0.050013559,2.293911319,0.049415581,0.030937868,321.4398242,23.18158112,21.53796333,2.579651242,39.46054704,0.9879596,2.503664226,1.591691642,-34.52067592,-60.303647,-5.355787803,221.2597135,0,0,1,0,55043,RECT-1505-20210918-17_20_47,10288.4,812.936,2752.91,0,0,-1,MPF-313-20230406-10_16_11,10254.6,2.239088,1.96848,-0.137470536,0.5,1681.16832,2.772378207,-115.5555547,0,0.002243903,1397.495286,-,0,0,0,0,0,0,0,1,313,300,300,300,10254.6,1.38,-0.00684361,-0.45,1999.962,1681.16832,0.840600131,0.191200263,6,0.5,0: Broadleaf,2,1680800792,396.5794667,399.6615333,9.660837333,8.885805667,405.8080333,10.23121667,600.1453667,102.1641,0.100286157,21.05034333,21.53796333,999.9,0,0,10002.833,0,261.2179667,1999.962,0.9799964,0.0200039,0,2.24499,0,2908.134667,16305.72667,36.89566667,38.1622,37.62913333,35.85393333,36.18286667,1959.954333,40.008,0,44.60000014,0,2.239088,0.174323071,-517.9784613,2900.3768,15,1680800702,10:05:01,1680800702,1680800702,1,-0.244,-0.07,-9.251,-0.569,399,9,0.54,0.14,-3.088795854,0.186397003,0.04506201,1,2.245542424,0.343060973,0.134437878,1,0.774115073,0.055287533,0.011365016,1,3,3,3-Mar,100,100,-9.23,-0.5704,-6.048332631,-0.007814304,-3.18E-07,6.48E-10,-0.431714027,-0.027428369,0.001386821,-3.01E-06,5,2011,2,27,1.6,1.6,2,603.915,458.037,20.0006,20.1117,30.0009,20.0137,20.0155,20.4281,51.5725,63.1079,20,400,8.78987,102.751,104.238
3,1680800839,85,20230406 10:07:19,10:07:19,c6.amsmen.2,64.96293435,1680800831,0.000639219,2.609318048,396.7502552,283.2139928,28.9623942,40.57298574,0.040166259,2.290521056,0.039779026,0.024896371,321.4452855,23.32392556,21.64492258,2.59658642,39.00223369,0.982046398,2.517923477,1.614540022,-28.1895391,-62.00220903,-5.520402003,225.7331354,0,0,1,0,54980,RECT-1505-20210918-17_20_47,10288.4,812.936,2752.91,0,0,-1,MPF-314-20230406-10_16_50,10253.1,2.165816,1.7172,-0.261248544,0.5,1681.199187,2.609318048,-219.60542,0,0.002146871,1602.138831,-,0,0,0,0,0,0,0,1,314,300,300,300,10253.1,1.28,-0.00684258,-0.24,1999.999032,1681.199187,0.8406,0.191200001,6,0.5,0: Broadleaf,2,1680800831,396.7502581,399.6125484,9.603117742,8.97017871,405.9802258,10.17349677,600.1337097,102.1614839,0.101804452,21.14282581,21.64492258,999.9,0,0,9981.169355,0,62.27385161,1999.999032,0.980000774,0.019999426,0,2.169358065,0,2867.256129,16306.07097,37.24774194,38.34654839,37.8506129,36.21748387,36.38493548,1959.999032,40,0,38.60000014,0,2.165816,0.108215382,-15.46615392,2865.9568,15,1680800702,10:05:01,1680800702,1680800702,1,-0.244,-0.07,-9.251,-0.569,399,9,0.54,0.14,-2.872558293,0.365096446,0.072036855,1,2.174663636,-0.137048272,0.160574221,1,0.640338707,-0.07099777,0.015494363,1,3,3,3-Mar,100,100,-9.231,-0.5704,-6.048332631,-0.007814304,-3.18E-07,6.48E-10,-0.431714027,-0.027428369,0.001386821,-3.01E-06,5,2011,2,27,2.3,2.3,2,603.866,457.619,20.0005,20.2068,30.001,20.1033,20.1044,20.5568,50.3316,61.2001,20,400,9.09769,102.73,104.214
4,1680802211,1456.5,20230406 10:30:10,10:30:10,i3.amsmen.2,44.23327234,1680802203,0.004535073,13.6655903,384.5848185,300.7329546,30.75019825,39.32412205,0.308943688,2.291405707,0.287528428,0.181505489,321.4525426,21.69534123,19.92791667,2.336158755,30.34297783,0.747716552,2.464216124,1.588442203,-199.9967413,106.7521347,9.401331821,237.6092678,0,0,1,0,55292,RECT-1505-20210918-17_20_47,10288.4,812.936,2752.91,0,0,-1,MPF-315-20230406-10_39_42,10338,2.245872,2.2598,0.006163377,0.5,1681.238261,13.6655903,5.181052858,0,0.008723089,1217.209576,-,0,0,0,0,0,0,0,1,315,300,300,300,10338,1.36,-0.0068984,-0.24,2000.045667,1681.238261,0.840599937,0.191199873,6,0.5,0: Broadleaf,2,1680802203,384.5848333,399.9911333,7.312571,2.811657,393.4302667,7.844120667,600.1328333,102.1530667,0.097776737,20.79206667,19.92791667,999.9,0,0,9987.709,0,74.22502333,2000.045667,0.9800017,0.019997977,0,2.248866667,0,7953.749,16306.43333,39.6124,40.083,40.375,37.7246,38.5,1960.047667,39.99666667,0,1370.6,0,2.245872,0.620146159,-524.02077,7949.2424,15,1680802175,10:29:34,1680802158,1680802175,3,0.091,0.016,-8.965,-0.472,400,3,0.3,0.04,-15.41036829,0.111859233,0.039843563,1,2.246477143,-0.025676712,0.164213123,1,4.509363659,-0.238598885,0.034782612,0,2,3,3-Feb,100,100,-8.846,-0.5309,-5.761237758,-0.007814304,-3.18E-07,6.48E-10,-0.400285329,-0.027428369,0.001386821,-3.01E-06,5,2011,2,27,0.9,0.6,2,600.279,442.653,19.9988,18.7625,29.9996,18.7998,18.8068,21.0881,77.2411,5.53511,20,400,2.83015,103.068,104.506
5,1680802310,1555.5,20230406 10:31:49,10:31:49,i3.amsmen.2,53.17778377,1680802302,0.004001475,13.66864442,384.8177783,286.4149287,29.28563766,39.34722981,0.257036744,2.294689552,0.242045707,0.152552542,321.4515093,21.95691853,20.4236931,2.408894501,30.05283938,0.744591155,2.477606676,1.664303346,-176.4650443,56.46781101,4.980661267,206.4349373,0,0,1,0,55164,RECT-1505-20210918-17_20_47,10288.4,812.936,2752.91,0,0,-1,MPF-317-20230406-10_41_21,10335.7,2.334676,2.29959,-0.015257502,0.5,1681.232391,13.66864442,-12.82570364,0,0.008724936,1196.130793,-,0,0,0,0,0,0,0,1,317,300,300,300,10335.7,1.8,-0.00689704,-0.17,2000.038621,1681.232391,0.840599963,0.191199926,6,0.5,0: Broadleaf,2,1680802302,384.8177931,400.0227931,7.282136897,3.310711034,393.699931,7.803827241,600.1374483,102.1515517,0.097439959,20.88014138,20.4236931,999.9,0,0,10009.09828,0,72.70604828,2000.038621,0.980001621,0.019997966,0,2.32202069,0,7352.898276,16306.38966,39.72827586,39.937,40.312,37.74565517,38.45872414,1960.038276,39.99827586,0,23.20000005,0,2.334676,-0.421176923,-18.90307685,7352.4272,15,1680802279,10:31:19,1680802273,1680802279,4,-0.035,0.01,-9,-0.469,400,3,0.14,0.02,-15.27153902,1.144651568,0.123632867,0,2.312352941,0.007721893,0.151809548,1,3.889732683,0.985446063,0.169012483,0,1,3,3-Jan,100,100,-8.883,-0.5203,-5.795834818,-0.007814304,-3.18E-07,6.48E-10,-0.39069509,-0.027428369,0.001386821,-3.01E-06,5,2011,2,27,0.6,0.5,2,599.411,443.26,20.0004,18.6693,29.9999,18.7022,18.7106,21.1179,73.3805,0,20,400,3.37621,103.082,104.519
6,1680802347,1593,20230406 10:32:27,10:32:27,i3.amsmen.2,62.66192677,1680802339,0.003426398,13.31765871,385.3218242,271.8049691,27.79189226,39.39892144,0.212531906,2.290756342,0.202153499,0.127236151,321.4453057,22.18838998,20.48556774,2.418109972,28.64688034,0.711558419,2.483894968,1.706551553,-151.1041547,53.81978057,4.757750607,228.9186822,0,0,1,0,55054,RECT-1505-20210918-17_20_47,10288.4,812.936,2752.91,0,0,-1,MPF-318-20230406-10_41_58,10335.3,2.292632,2.2224,-0.031601872,0.5,1681.197737,13.31765871,-26.56449772,0,0.008516344,1237.710403,-,0,0,0,0,0,0,0,1,318,300,300,300,10335.3,1.6,-0.00689675,-0.87,1999.997097,1681.197737,0.840600089,0.191200177,6,0.5,0: Broadleaf,2,1680802339,385.3218387,399.9576774,6.959048065,3.556979355,394.2079677,7.478561613,600.0855161,102.1514516,0.097938306,20.92135806,20.48556774,999.9,0,0,9983.67,0,72.67184194,1999.997097,0.979997226,0.020002419,0,2.29006129,0,7203.743226,16306.01613,39.812,39.937,40.34654839,37.812,38.562,1959.98871,40.00580645,0,36.70000005,0,2.292632,0.33906155,-213.8853843,7200.3544,15,1680802279,10:31:19,1680802273,1680802279,4,-0.035,0.01,-9,-0.469,400,3,0.14,0.02,-14.6894561,0.970354704,0.116260974,0,2.244357576,0.67477081,0.226851863,1,3.446400976,-0.996186899,0.098679612,0,1,3,3-Jan,100,100,-8.887,-0.5195,-5.795834818,-0.007814304,-3.18E-07,6.48E-10,-0.39069509,-0.027428369,0.001386821,-3.01E-06,5,2011,2,27,1.2,1.1,2,600.387,443.897,20.0007,18.6488,30,18.674,18.6861,21.1289,70.37,0,20,400,3.81049,103.083,104.522
7,1680802753,1999.1,20230406 10:39:13,10:39:13,j4.amsmen.2,56.35330164,1680802745,0.00317823,11.8586287,386.9460871,284.3958602,29.08371612,39.5710055,0.21043361,2.294322444,0.200268849,0.126040368,321.4449582,22.82732917,21.27161667,2.537899333,36.66611932,0.942591292,2.570741899,1.595308041,-140.1599474,25.95418987,2.306608241,209.545809,0,0,1,0,54944,RECT-1505-20210918-17_20_47,10288.4,812.936,2752.91,0,0,-1,MPF-319-20230406-10_48_44,10312.6,2.303234615,2.8256,0.184868837,0.5,1681.19773,11.8586287,155.4005342,0,0.007648493,973.2744904,-,0,0,0,0,0,0,0,1,319,300,300,300,10312.6,1.69,-0.00688168,-0.07,1999.997333,1681.19773,0.840599986,0.191199972,6,0.5,0: Broadleaf,2,1680802745,386.9461,400.0321333,9.217153,6.068794333,395.8623,9.776275,600.11,102.1666,0.098306737,21.48144667,21.27161667,999.9,0,0,10005.24833,0,225.5918333,1999.997333,0.9800018,0.019998107,0,2.326563333,0,9187.827,16306.04667,39.8687,40.3645,40.5,38.3435,38.7353,1959.998333,39.999,0,405.3999999,0,2.303234615,0.327107698,-2069.035213,9181.853846,15,1680802731,10:38:51,1680802727,1680802731,5,-0.018,-0.03,-9.02,-0.539,400,6,0.28,0.02,-11.640279,-21.61338585,3.287164703,0,2.309318182,0.348102425,0.208275696,1,2.788258815,5.871251854,0.789822279,0,1,3,3-Jan,100,100,-8.916,-0.5592,-5.813243226,-0.007814304,-3.18E-07,6.48E-10,-0.420716179,-0.027428369,0.001386821,-3.01E-06,5,2011,2,27,0.4,0.4,2,602.704,443.396,20.0024,18.9947,30.0017,18.9157,18.914,21.1716,60.6638,0,20,400,5.92306,102.983,104.432
8,1680802794,2039.6,20230406 10:39:53,10:39:53,j4.amsmen.2,55.45803676,1680802786,0.003282543,11.95817451,386.7606203,285.5188301,29.20047693,39.5546401,0.215625637,2.29250126,0.204958728,0.129013598,321.4455916,22.86403511,21.35079,2.550248114,36.41891015,0.94025488,2.581776545,1.609993234,-144.7601449,24.79652938,2.207151478,203.6891275,0,0,1,0,55080,RECT-1505-20210918-17_20_47,10288.4,812.936,2752.91,0,0,-1,MPF-320-20230406-10_49_25,10311.4,2.26308,2.3184,0.023861284,0.5,1681.2031,11.95817451,20.05783202,0,0.007707679,1186.418047,-,0,0,0,0,0,0,0,1,320,300,300,300,10311.4,1.98,-0.00688074,-0.02,2000.004,1681.2031,0.840599869,0.191199738,6,0.5,0: Broadleaf,2,1680802786,386.7606333,399.9858667,9.193701667,5.941952,395.6754667,9.752799,600.1134,102.172,0.099632703,21.55142,21.35079,999.9,0,0,9992.94,0,226.7470333,2000.004,0.9800041,0.01999573,0,2.254393333,0,8349.442,16306.11,40.04753333,40.50826667,40.5893,38.6415,38.9308,1960.012667,39.99133333,0,39.5999999,0,2.26308,1.069976927,-1130.955386,8342.1584,15,1680802731,10:38:51,1680802727,1680802731,5,-0.018,-0.03,-9.02,-0.539,400,6,0.28,0.02,-13.24158049,0.428642509,0.071969025,1,2.272814706,0.025089571,0.178716832,1,3.268322195,-0.310246202,0.031281271,0,2,3,3-Feb,100,100,-8.915,-0.5591,-5.813243226,-0.007814304,-3.18E-07,6.48E-10,-0.420716179,-0.027428369,0.001386821,-3.01E-06,5,2011,2,27,1.1,1,2,606.146,440.767,20.0015,19.1996,30.0018,19.0739,19.0679,21.1642,60.6209,0,20,400,6.10894,102.94,104.389
9,1680802832,2078.1,20230406 10:40:32,10:40:32,j4.amsmen.2,60.12971651,1680802824,0.003101413,12.12529057,386.6978868,277.9628533,28.42666091,39.54675803,0.201652216,2.294694306,0.192299283,0.12099122,321.4457827,23.01011109,21.48108667,2.570685234,36.58687801,0.949692409,2.595718632,1.620992825,-136.7723218,19.59219967,1.744183262,206.0098438,0,0,1,0,54990,RECT-1505-20210918-17_20_47,10288.4,812.936,2752.91,0,0,-1,MPF-321-20230406-10_50_03,10310.4,2.255834615,2.0496,-0.100621885,0.5,1681.20446,12.12529057,-84.58298087,0,0.007807076,1342.145004,-,0,0,0,0,0,0,0,1,321,300,300,300,10310.4,1.44,-0.00688006,-0.95,2000.005667,1681.20446,0.840599848,0.191199697,6,0.5,0: Broadleaf,2,1680802824,386.6979,400.0197,9.286325,6.214358333,395.6122667,9.845525333,600.1261333,102.1681667,0.09967442,21.63945667,21.48108667,999.9,0,0,10007.50133,0,276.7140667,2000.005667,0.9800065,0.0199933,0,2.278893333,0,7906.071667,16306.14,40.1996,40.6208,40.69133333,38.7872,39.0788,1960.015667,39.99,0,37.79999995,0,2.255834615,-0.497767534,-1388.328205,7896.884615,15,1680802731,10:38:51,1680802727,1680802731,5,-0.018,-0.03,-9.02,-0.539,400,6,0.28,0.02,-13.31723415,0.046214634,0.085924921,1,2.264733333,-0.060832333,0.196239,1,3.097315854,-0.413059652,0.048609642,0,2,3,3-Feb,100,100,-8.915,-0.5592,-5.813243226,-0.007814304,-3.18E-07,6.48E-10,-0.420716179,-0.027428369,0.001386821,-3.01E-06,5,2011,2,27,1.8,1.7,2,607.496,439.177,20.0018,19.3997,30.0018,19.2359,19.2223,21.1625,59.0744,0,20,400,6.45426,102.895,104.353
10,1680803128,2373.6,20230406 10:45:27,10:45:27,j7.amsmen.2,52.29716247,1680803120,0.002793465,9.570975947,389.3358228,293.8360183,30.05068009,39.81746802,0.183011381,2.293824307,0.175269236,0.11021158,321.4470639,23.902508,22.93056667,2.807893554,44.41442815,1.209914551,2.724147538,1.597979003,-123.1918181,-61.71567102,-5.559263327,130.9803114,0,0,1,0,54721,RECT-1505-20210918-17_20_47,10288.4,812.936,2752.91,0,0,-1,MPF-322-20230406-10_54_59,10307.2,2.27664,2.67497,0.148910081,0.5,1681.206151,9.570975947,125.1742722,0,0.006287733,1028.136775,-,0,0,0,0,0,0,0,1,322,300,300,300,10307.2,1.5,-0.00687758,-0.02,2000.007,1681.206151,0.840600133,0.191200266,6,0.5,0: Broadleaf,2,1680803120,389.3358333,399.9917,11.83056333,9.070847,398.3239,12.39476,600.1523333,102.172,0.098239947,22.43151,22.93056667,999.9,0,0,10001.49667,0,371.8005333,2000.007,0.9799971,0.02000263,0,2.29075,0,3912.184,16306.11,40.9475,41.9102,41.54963333,39.77273333,39.906,1959.997,40.009,0,294.4000001,0,2.27664,-1.03043076,-178.1546154,3911.2472,15,1680803104,10:45:03,1680803104,1680803099,6,-0.053,-0.011,-9.071,-0.569,400,9,0.31,0.04,-10.07930463,-8.637978397,1.572288927,0,2.284335294,-0.573240616,0.210432304,1,2.514647073,3.929751847,0.457954503,0,1,3,3-Jan,100,100,-8.989,-0.5644,-5.865779552,-0.007814304,-3.18E-07,6.48E-10,-0.431571854,-0.027428369,0.001386821,-3.01E-06,5,2011,2,27,0.4,0.5,2,602.474,444.911,20.0038,20.2745,30.0002,20.0444,20.0188,21.18,48.2961,0,20,400,9.00197,102.777,104.232
11,1680803166,2411.6,20230406 10:46:05,10:46:05,j7.amsmen.2,52.99568855,1680803158,0.002812511,9.614478974,389.2485229,292.5025626,29.91405728,39.80820716,0.181420022,2.294080579,0.173809735,0.109288236,321.4451505,24.09721129,23.12765,2.841581041,44.22436639,1.219561397,2.757668445,1.622019644,-124.0317515,-61.19528352,-5.52291984,130.6951956,0,0,1,0,55152,RECT-1505-20210918-17_20_47,10288.4,812.936,2752.91,0,0,-1,MPF-323-20230406-10_55_37,10308.3,2.174164,2.0336,-0.069120771,0.5,1681.19582,9.614478974,-58.10277568,0,0.006313648,1352.712628,-,0,0,0,0,0,0,0,1,323,300,300,300,10308.3,1.59,-0.00687789,-0.4,1999.994667,1681.19582,0.840600152,0.191200303,6,0.5,0: Broadleaf,2,1680803158,389.2485333,399.9555333,11.92499,9.146600333,398.2357667,12.48865667,600.1258,102.1717,0.097685303,22.63285667,23.12765,999.9,0,0,10003.184,0,372.6027,1999.994667,0.9799932,0.02000666,0,2.161036667,0,3822.445,16305.97,40.95803333,42.0977,41.55166667,39.75413333,39.937,1959.984667,40.01,0,37.19999981,0,2.174164,0.304607702,-105.2323079,3821.2256,15,1680803104,10:45:03,1680803104,1680803099,6,-0.053,-0.011,-9.071,-0.569,400,9,0.31,0.04,-10.71635122,0.082710105,0.054168833,1,2.204967647,-0.517657812,0.193180274,1,2.796855854,-0.255173728,0.034260736,0,2,3,3-Feb,100,100,-8.987,-0.5634,-5.865779552,-0.007814304,-3.18E-07,6.48E-10,-0.431571854,-0.027428369,0.001386821,-3.01E-06,5,2011,2,27,1,1.1,2,603.798,445.614,20.0039,20.3281,30.0005,20.1032,20.0857,21.1886,46.8339,0,20,400,9.31461,102.776,104.23
12,1680803202,2447.6,20230406 10:46:41,10:46:41,j7.amsmen.2,53.89878748,1680803194,0.002779848,9.67409453,389.2171507,291.0348192,29.76477338,39.80609715,0.179486311,2.292319355,0.172028339,0.108161958,321.4501938,24.24746729,23.27100968,2.866307143,44.83692477,1.246898464,2.780963391,1.61940868,-122.5913133,-61.72837414,-5.583287216,131.5472191,0,0,1,0,55026,RECT-1505-20210918-17_20_47,10288.4,812.936,2752.91,0,0,-1,MPF-324-20230406-10_56_13,10308.7,2.193561538,1.7532,-0.251175872,0.5,1681.223477,9.67409453,-211.1413863,0,0.006349004,1569.220169,-,0,0,0,0,0,0,0,1,324,300,300,300,10308.7,1.73,-0.00687837,-0.75,2000.027742,1681.223477,0.840600079,0.191200158,6,0.5,0: Broadleaf,2,1680803194,389.2171613,399.9703871,12.19195806,9.446724839,398.2041613,12.75399355,600.1580968,102.1727097,0.0994977,22.77152258,23.27100968,999.9,0,0,9991.694516,0,373.6012581,2000.027742,0.979997677,0.020002194,0,2.181658065,0,3767.094194,16306.25161,40.83435484,42.125,41.44716129,39.687,39.913,1960.021935,40.00580645,0,35,0,2.193561538,0.149367518,-59.72273513,3766.946538,15,1680803104,10:45:03,1680803104,1680803099,6,-0.053,-0.011,-9.071,-0.569,400,9,0.31,0.04,-10.74633659,0.010218815,0.049058545,1,2.192908571,-0.214006262,0.16087361,1,2.770572195,-0.329314704,0.045897807,0,2,3,3-Feb,100,100,-8.987,-0.5617,-5.865779552,-0.007814304,-3.18E-07,6.48E-10,-0.431571854,-0.027428369,0.001386821,-3.01E-06,5,2011,2,27,1.6,1.7,2,604.268,445.853,20.0034,20.3884,30.0004,20.1613,20.147,21.1948,45.7229,0,20,400,9.6377,102.778,104.227
13,1680803972,3218.1,20230406 10:59:32,10:59:32,c6.phatan.1,-158.714252,1680803964,1.92E-05,-0.190099444,400.1632002,640.7937755,65.53944073,40.92810097,0.001197747,2.292807391,0.001197399,0.000748406,321.4443463,24.70808385,23.14547333,2.844644946,45.60653392,1.234606775,2.707083107,1.610038171,-0.848159215,-101.0259037,-9.109476632,210.4608067,0,0,1,0,54933,RECT-1505-20210918-17_20_47,10288.4,812.936,2752.91,0,0,-1,MPF-325-20230406-11_09_03,10275.7,2.250656,1.7376,-0.295267035,0.5,1681.1969,-0.190099444,-248.2010119,0,0.00048174,1583.317449,-,0,0,0,0,0,0,0,1,325,300,300,300,10275.7,1.48,-0.00685695,-0.72,1999.996667,1681.1969,0.840599851,0.191199702,6,0.5,0: Broadleaf,2,1680803964,400.1632,399.9808333,12.07102667,12.05203,409.1976,12.60833667,600.1203667,102.1776,0.100922733,22.32817667,23.14547333,999.9,0,0,9994.371667,0,233.74395,1999.996667,0.9800054,0.019994487,0,2.269713333,0,2268.543667,16306.06333,38.312,39.812,39,37.9664,37.7353,1960.006667,39.99,0,769.8,0,2.250656,0.690184625,-499.9669229,2264.9172,15,1680803938,10:58:58,1680803938,1680803938,7,0.038,0.026,-9.033,-0.538,400,12,0.47,0.26,0.198547415,-0.184701826,0.0444359,1,2.224017647,0.501013297,0.176545499,1,0.027769156,-0.077789119,0.01726753,1,3,3,3-Mar,100,100,-9.035,-0.5371,-5.827873837,-0.007814304,-3.18E-07,6.48E-10,-0.405930234,-0.027428369,0.001386821,-3.01E-06,5,2011,2,27,0.6,0.6,2,604.512,442.578,20.0014,21.352,30.001,21.2028,21.1999,21.2261,35.9837,0,20,400,12.086,102.579,104.018
14,1680804770,4015.5,20230406 11:12:49,11:12:49,d5.phatan.1,50.6240149,1680804762,0.001214491,3.872586759,395.6006958,304.2871871,31.12290812,40.46257821,0.076497029,2.291280495,0.075106011,0.047064127,321.4411605,23.7952412,22.32434667,2.706452424,41.30997889,1.083165767,2.622043864,1.623286657,-53.55906144,-64.20754301,-5.754002203,197.9205539,0,0,1,0,54962,RECT-1505-20210918-17_20_47,10288.4,812.936,2752.91,0,0,-1,MPF-326-20230406-11_22_21,10281.4,2.214473077,2.08903,-0.06004848,0.5,1681.17482,3.872586759,-50.47599658,0,0.002898322,1316.793426,-,0,0,0,0,0,0,0,1,326,300,300,300,10281.4,1.56,-0.00686157,0.01,1999.969667,1681.17482,0.840600159,0.191200318,6,0.5,0: Broadleaf,2,1680804762,395.6007,399.9524,10.59006,9.388800333,404.5745,11.14832667,600.1848,102.1784333,0.102929267,21.80456333,22.32434667,999.9,0,0,9984.420333,0,219.3279,1999.969667,0.9799933,0.02000679,0,2.19031,0,2669.906667,16305.75333,36.8582,38.125,37.5,36.1374,36.1996,1959.959667,40.01,0,796.6000001,0,2.214473077,-1.002382913,-71.02290602,2669.530769,15,1680804750,11:12:29,1680804747,1680804750,9,0.076,-0.012,-9.008,-0.559,400,9,0.5,0.09,-3.46459271,-12.50157921,1.582108083,0,2.199554545,-0.162919106,0.207481729,1,0.963404512,3.605274226,0.433491444,0,1,3,3-Jan,100,100,-8.974,-0.558,-5.803176341,-0.007814304,-3.18E-07,6.48E-10,-0.420697836,-0.027428369,0.001386821,-3.01E-06,5,2011,2,27,0.4,0.3,2,606.12,433.849,20.0003,21.0488,30.0007,21.123,21.1475,21.2561,46.6451,0,20,400,9.47502,102.631,104.071
15,1680804814,4059.5,20230406 11:13:33,11:13:33,d5.phatan.1,51.14590809,1680804806,0.001215841,3.91693897,395.5814473,303.4309828,31.03478227,40.45988968,0.076583624,2.293608746,0.075190872,0.047117318,321.4500356,24.0360525,22.59978065,2.752137182,42.44773738,1.129655778,2.661286201,1.622481405,-53.61856662,-68.22815463,-6.124232073,193.4790822,0,0,1,0,54993,RECT-1505-20210918-17_20_47,10288.4,812.936,2752.91,0,0,-1,MPF-327-20230406-11_23_05,10280.8,2.190161538,2.6288,0.166858818,0.5,1681.221445,3.91693897,140.2633118,0,0.002924623,1046.211656,-,0,0,0,0,0,0,0,1,327,300,300,300,10280.8,1.51,-0.00686123,0.12,2000.025161,1681.221445,0.840600147,0.191200295,6,0.5,0: Broadleaf,2,1680804806,395.5814516,399.9784194,11.0447871,9.842630968,404.5550968,11.60172581,600.1276129,102.1767097,0.102833387,22.04800968,22.59978065,999.9,0,0,9999.64129,0,219.5202258,2000.025161,0.979995419,0.0200046,0,2.202309677,0,2631.134194,16306.22581,37.008,38.20732258,37.60670968,36.298,36.35264516,1960.014839,40.01032258,0,43.20000005,0,2.190161538,0.081476915,-11.3747008,2631.175,15,1680804750,11:12:29,1680804747,1680804750,9,0.076,-0.012,-9.008,-0.559,400,9,0.5,0.09,-4.406402927,-0.020596934,0.056538678,1,2.2109,-0.276408481,0.19195885,1,1.186564634,0.150725645,0.035766544,0,2,3,3-Feb,100,100,-8.974,-0.5566,-5.803176341,-0.007814304,-3.18E-07,6.48E-10,-0.420697836,-0.027428369,0.001386821,-3.01E-06,5,2011,2,27,1.1,1.1,2,607.273,434.754,20.0028,21.103,30.0008,21.1487,21.1717,21.2695,43.965,0,20,400,9.95333,102.613,104.053
16,1680804858,4103.5,20230406 11:14:17,11:14:17,d5.phatan.1,53.05542222,1680804850,0.001191562,3.976239682,395.524544,300.3314603,30.71533956,40.45087604,0.07494502,2.29623971,0.07361217,0.046125383,321.4435305,24.24797967,22.83782903,2.792163147,43.36783023,1.168750097,2.694970191,1.62341305,-52.54788359,-72.21554079,-6.489347273,190.1907589,0,0,1,0,54747,RECT-1505-20210918-17_20_47,10288.4,812.936,2752.91,0,0,-1,MPF-328-20230406-11_23_49,10280.1,2.27355,1.9924,-0.141111223,0.5,1681.187294,3.976239682,-118.6171972,0,0.002959956,1380.705481,-,0,0,0,0,0,0,0,1,328,300,300,300,10280.1,1.44,-0.00686078,-0.38,1999.984516,1681.187294,0.840600155,0.191200309,6,0.5,0: Broadleaf,2,1680804850,395.5245484,399.9708387,11.42791935,10.25030323,404.4977742,11.98332581,600.1675161,102.1692581,0.102210677,22.25448065,22.83782903,999.9,0,0,10017.39903,0,204.692129,1999.984516,0.979996387,0.020003613,0,2.261303226,0,2566.806129,16305.9129,37.179,38.37493548,37.74993548,36.50990323,36.54,1959.974516,40.01,0,43.29999995,0,2.27355,0.431299143,69.18529912,2567.427308,15,1680804750,11:12:29,1680804747,1680804750,9,0.076,-0.012,-9.008,-0.559,400,9,0.5,0.09,-4.438002683,0.132637213,0.054949135,1,2.262714706,0.239727307,0.186936801,1,1.172253902,0.112125157,0.013001827,0,2,3,3-Feb,100,100,-8.974,-0.555,-5.803176341,-0.007814304,-3.18E-07,6.48E-10,-0.420697836,-0.027428369,0.001386821,-3.01E-06,5,2011,2,27,1.9,1.8,2,607.475,434.924,20.0034,21.1729,30.0007,21.1851,21.2038,21.2793,41.4207,0,20,400,10.4585,102.594,104.038
17,1680805240,4486,20230406 11:20:40,11:20:40,i3.phatan.2,55.48276541,1680805232,0.001513896,5.422875616,393.915478,294.6405402,30.13439709,40.28775343,0.097739822,2.292301954,0.095482251,0.059874898,321.4498722,23.37657055,21.86702903,2.632064398,40.43178107,1.039573,2.571177851,1.592491399,-66.76281559,-47.30900737,-4.221006603,203.1570426,0,0,1,0,55066,RECT-1505-20210918-17_20_47,10288.4,812.936,2752.91,0,0,-1,MPF-329-20230406-11_30_11,10268,2.263626923,1.8828,-0.202266265,0.5,1681.225984,5.422875616,-170.0276499,0,0.003820352,1461.13618,-,0,0,0,0,0,0,0,1,329,300,300,300,10268,1.59,-0.00685229,-0.56,2000.03129,1681.225984,0.840599841,0.191199681,6,0.5,0: Broadleaf,2,1680805232,393.9154839,399.933,10.16447581,8.666392581,402.9247419,10.7282129,600.1701613,102.1738387,0.101282935,21.48421613,21.86702903,999.9,0,0,9991.471613,0,47.21611935,2000.03129,0.980003323,0.0199963,0,2.25806129,0,3905.712581,16306.32581,36.921,38.129,37.552,36.395,36.36483871,1960.04129,39.99,0,381.4000001,0,2.263626923,-0.161220517,-622.564103,3903.143846,15,1680805220,11:20:19,1680805217,1680805220,10,-0.048,-0.005,-9.056,-0.562,400,8,0.27,0.06,-4.765982011,-17.81010489,2.224509249,0,2.286367647,-0.300841715,0.138735548,1,1.194588675,4.623220836,0.545074763,0,1,3,3-Jan,100,100,-9.01,-0.5637,-5.851344292,-0.007814304,-3.18E-07,6.48E-10,-0.425398558,-0.027428369,0.001386821,-3.01E-06,5,2011,2,27,0.4,0.3,2,593.047,433.185,19.9989,21.3708,29.9992,21.3747,21.3703,21.283,50.0409,0,20,400,8.49435,102.591,104.022
18,1680805280,4526,20230406 11:21:20,11:21:20,i3.phatan.2,53.33249118,1680805272,0.001607968,5.532220123,393.833394,297.9068127,30.46952421,40.2807711,0.103730765,2.294382685,0.101194072,0.06346904,321.4423277,23.3343724,21.86110667,2.631112916,40.27952407,1.035038034,2.569638191,1.596074883,-70.91136768,-47.82946489,-4.263232026,198.4382631,0,0,1,0,54921,RECT-1505-20210918-17_20_47,10288.4,812.936,2752.91,0,0,-1,MPF-330-20230406-11_30_51,10267.7,2.274961538,2.1892,-0.03917483,0.5,1681.18601,5.532220123,-32.93008831,0,0.003885483,1256.495889,-,0,0,0,0,0,0,0,1,330,300,300,300,10267.7,1.37,-0.00685243,-0.59,1999.983667,1681.18601,0.84059987,0.19119974,6,0.5,0: Broadleaf,2,1680805272,393.8334,399.9973333,10.11978,8.528487,402.8419667,10.68359333,600.1516667,102.1777667,0.100942333,21.47443333,21.86110667,999.9,0,0,10004.54467,0,46.47475333,1999.983667,0.9800027,0.019996943,0,2.256513333,0,3621.679,16305.94667,36.875,37.979,37.437,36.2624,36.29546667,1959.992667,39.991,0,39,0,2.274961538,-0.648806841,-211.9668377,3621.238846,15,1680805220,11:20:19,1680805217,1680805220,10,-0.048,-0.005,-9.056,-0.562,400,8,0.27,0.06,-6.13452878,-0.268339861,0.065789434,1,2.231274286,0.145364384,0.151303591,1,1.597896098,-0.110294216,0.011146921,0,2,3,3-Feb,100,100,-9.009,-0.5638,-5.851344292,-0.007814304,-3.18E-07,6.48E-10,-0.425398558,-0.027428369,0.001386821,-3.01E-06,5,2011,2,27,1.1,1,2,594.689,434.49,19.9992,21.2761,29.9992,21.2967,21.2979,21.2888,50.0409,0,20,400,8.52091,102.614,104.046
19,1680805318,4564,20230406 11:21:58,11:21:58,i3.phatan.2,54.48362579,1680805310,0.001556484,5.453191305,393.926736,296.1852828,30.29407508,40.29115154,0.100088627,2.296494358,0.097726872,0.061286848,321.448447,23.33080392,21.84883871,2.629142915,40.10115678,1.02926184,2.566663714,1.599881075,-68.64095766,-48.69632018,-4.335818901,199.7753502,0,0,1,0,55103,RECT-1505-20210918-17_20_47,10288.4,812.936,2752.91,0,0,-1,MPF-331-20230406-11_31_29,10266.3,2.208964,2.1232,-0.040393745,0.5,1681.21451,5.453191305,-33.95527535,0,0.00383841,1295.585343,-,0,0,0,0,0,0,0,1,331,300,300,300,10266.3,1.44,-0.00685155,-1.36,2000.017097,1681.21451,0.840600069,0.191200138,6,0.5,0: Broadleaf,2,1680805310,393.9267419,399.9915806,10.06309677,8.522654839,402.9359032,10.62697419,600.1477419,102.1817742,0.099050797,21.45551935,21.84883871,999.9,0,0,10017.82097,0,46.58552903,2000.017097,0.979995484,0.020004126,0,2.190290323,0,3521.271935,16306.16452,37.141,38.13890323,37.63090323,36.54006452,36.4613871,1960.006452,40.00483871,0,37.20000005,0,2.208964,-0.125107696,-112.2415384,3519.362,15,1680805220,11:20:19,1680805217,1680805220,10,-0.048,-0.005,-9.056,-0.562,400,8,0.27,0.06,-6.088767073,0.267938049,0.053212641,1,2.191564706,0.081953508,0.165020384,1,1.548083415,-0.121658467,0.013547817,0,2,3,3-Feb,100,100,-9.009,-0.5638,-5.851344292,-0.007814304,-3.18E-07,6.48E-10,-0.425398558,-0.027428369,0.001386821,-3.01E-06,5,2011,2,27,1.7,1.6,2,595.375,434.79,19.999,21.1843,29.9991,21.2202,21.2253,21.2877,49.4848,0,20,400,8.59005,102.634,104.064
20,1680805712,4957.5,20230406 11:28:31,11:28:31,e2.phatan.2,110.5847197,1680805704,0.00103151,7.097152237,392.4453793,205.3706318,21.00299736,40.13489755,0.064178417,2.295844318,0.063198148,0.039585669,321.4479486,24.28714461,22.97985484,2.816285457,43.80955326,1.179681553,2.692749561,1.636603904,-45.4896085,-91.45827902,-8.225297011,176.2747641,0,0,1,0,54855,RECT-1505-20210918-17_20_47,10288.4,812.936,2752.91,0,0,-1,MPF-332-20230406-11_38_03,10316.5,2.296684,1.852,-0.240110151,0.5,1681.209861,7.097152237,-201.837777,0,0.004816265,1485.452484,-,0,0,0,0,0,0,0,1,332,300,300,300,10316.5,1.29,-0.00688472,-0.54,2000.01129,1681.209861,0.840600185,0.191200371,6,0.5,0: Broadleaf,2,1680805704,392.4453871,399.9454839,11.5351129,10.51575484,401.2886452,12.09084194,600.1493548,102.170871,0.097876894,22.24093871,22.97985484,999.9,0,0,10014.68065,0,406.9844839,2000.01129,0.979994355,0.0200057,0,2.311067742,0,4833.283871,16306.12258,38.82216129,39.92316129,39.413,37.88093548,37.92303226,1959.99871,40.01258065,0,392.6000001,0,2.296684,0.51435385,-191.1284613,4830.7628,15,1680805688,11:28:08,1680805688,1680805688,11,0.153,0.004,-8.902,-0.56,400,10,0.48,0.06,-7.152854146,-5.538216167,1.054653128,0,2.308418182,0.000230962,0.179400197,1,0.981557488,0.602411059,0.124875935,0,1,3,3-Jan,100,100,-8.844,-0.5551,-5.698225949,-0.007814304,-3.18E-07,6.48E-10,-0.421522147,-0.027428369,0.001386821,-3.01E-06,5,2011,2,27,0.4,0.4,2,603.427,435.702,20.0031,20.6064,30.0008,20.6659,20.6939,21.3385,39.8446,0,20,400,10.8207,102.758,104.171
21,1680805751,4996.5,20230406 11:29:10,11:29:10,e2.phatan.2,113.8036819,1680805743,0.00098078,6.973412255,392.6192504,200.5298226,20.50911455,40.15499078,0.061275805,2.293388068,0.060380592,0.037817212,321.4472954,24.5281645,23.21656774,2.856895142,45.0194475,1.228800385,2.729487927,1.628094757,-43.25239485,-93.08143559,-8.399796741,176.7136682,0,0,1,0,54619,RECT-1505-20210918-17_20_47,10288.4,812.936,2752.91,0,0,-1,MPF-333-20230406-11_38_42,10315.3,2.2688,1.97499,-0.14876531,0.5,1681.208052,6.973412255,-125.0527187,0,0.004742668,1392.885539,-,0,0,0,0,0,0,0,1,333,300,300,300,10315.3,1.91,-0.00688382,-0.19,2000.009355,1681.208052,0.840600094,0.191200188,6,0.5,0: Broadleaf,2,1680805743,392.6192581,399.9759355,12.0147129,11.04595484,401.4639355,12.56785484,600.1474516,102.1757742,0.098861452,22.46373226,23.21656774,999.9,0,0,9998.305484,0,421.8005161,2000.009355,0.979996968,0.020003032,0,2.2557,0,4751.373226,16306.1129,39.09451613,40.24370968,39.649,38.12677419,38.20532258,1960.002903,40.00645161,0,38,0,2.2688,-0.008129908,-87.51179489,4750.839231,15,1680805688,11:28:08,1680805688,1680805688,11,0.153,0.004,-8.902,-0.56,400,10,0.48,0.06,-7.373387805,0.55632878,0.090592937,0,2.268797143,-0.232804697,0.157139915,1,0.968101732,0.037470502,0.024887418,1,2,3,3-Feb,100,100,-8.846,-0.5525,-5.698225949,-0.007814304,-3.18E-07,6.48E-10,-0.421522147,-0.027428369,0.001386821,-3.01E-06,5,2011,2,27,1,1.1,2,605.789,435.121,20.0048,20.7014,30.0008,20.7225,20.7462,21.3443,38.2734,0,20,400,11.2453,102.743,104.154
22,1680805794,5040,20230406 11:29:54,11:29:54,e2.phatan.2,116.7314496,1680805786,0.000932016,6.796560355,392.8193796,196.1608287,20.06332787,40.17756278,0.058223901,2.292071274,0.057414549,0.035955873,321.4420602,24.80236641,23.49124839,2.904659692,46.10573359,1.278289724,2.772517916,1.626369968,-41.1019044,-95.13426411,-8.613184794,176.5927069,0,0,1,0,54573,RECT-1505-20210918-17_20_47,10288.4,812.936,2752.91,0,0,-1,MPF-334-20230406-11_39_25,10314,2.244676923,2.2204,-0.010933581,0.5,1681.182126,6.796560355,-9.190670408,0,0.004637547,1238.826157,-,0,0,0,0,0,0,0,1,334,300,300,300,10314,1.44,-0.0068828,-0.7,1999.97871,1681.182126,0.840600011,0.191200022,6,0.5,0: Broadleaf,2,1680805786,392.8193871,399.9805806,12.49794516,11.57776774,401.665871,13.0479129,600.1240645,102.1796129,0.100378532,22.72136774,23.49124839,999.9,0,0,9989.415806,0,355.0139355,1999.97871,0.979999677,0.0200003,0,2.281719355,0,4673.842258,16305.89032,39.413,40.61867742,39.95941935,38.42309677,38.51793548,1959.978387,40.00032258,0,42.60000014,0,2.244676923,0.512683769,-91.45059866,4673.757308,15,1680805688,11:28:08,1680805688,1680805688,11,0.153,0.004,-8.902,-0.56,400,10,0.48,0.06,-7.170449024,0.164061533,0.05969485,1,2.225848571,0.093184344,0.197290448,1,0.908930366,0.293279101,0.03190193,0,2,3,3-Feb,100,100,-8.847,-0.5494,-5.698225949,-0.007814304,-3.18E-07,6.48E-10,-0.421522147,-0.027428369,0.001386821,-3.01E-06,5,2011,2,27,1.8,1.8,2,606.537,435,20.0038,20.823,30.0009,20.8005,20.8184,21.3574,36.2693,0,20,400,11.7757,102.729,104.139
23,1680805997,5243.1,20230406 11:33:17,11:33:17,e4.phatan.2,43.76370933,1680805989,0.001965475,5.682009947,393.6221873,312.9317249,32.00476144,40.2572932,0.129833829,2.293406009,0.125884357,0.07902256,321.4527794,24.70931676,23.64107419,2.9310063,48.60027972,1.367727587,2.814238096,1.563278713,-86.67744087,-83.23985336,-7.547040594,143.9884446,0,0,1,0,54862,RECT-1505-20210918-17_20_47,10288.4,812.936,2752.91,0,0,-1,MPF-335-20230406-11_42_48,10213.9,2.240861538,2.0136,-0.112863299,0.5,1681.236058,5.682009947,-94.87492379,0,0.003974463,1366.158323,-,0,0,0,0,0,0,0,1,335,300,300,300,10213.9,1.39,-0.00681475,-0.7,2000.042581,1681.236058,0.840600132,0.191200265,6,0.5,0: Broadleaf,2,1680805989,393.6221935,400.0764516,13.37317742,11.43440968,402.5244194,13.91655161,600.1307419,102.1732581,0.100685065,22.96784194,23.64107419,999.9,0,0,9998.667742,0,410.6187742,2000.042581,0.979996968,0.020003032,0,2.256274194,0,4884.429677,16306.40323,40.24796774,41.99796774,40.915,39.536,39.5,1960.032903,40.00967742,0,202.4000001,0,2.240861538,-0.376970944,-256.6721369,4881.643846,15,1680805974,11:32:53,1680805972,1680805974,12,-0.049,-0.001,-8.953,-0.557,400,11,0.36,0.04,-6.033533,-6.549957749,1.097805648,0,2.27340303,-0.266164707,0.173970373,1,1.775180175,3.054514503,0.363409937,0,1,3,3-Jan,100,100,-8.903,-0.5448,-5.747468561,-0.007814304,-3.18E-07,6.48E-10,-0.422157091,-0.027428369,0.001386821,-3.01E-06,5,2011,2,27,0.4,0.4,2,605.028,432.774,20.0021,21.3897,30.0012,21.1945,21.1886,21.3282,41.4858,0,20,400,11.0893,102.635,104.048
24,1680806042,5287.6,20230406 11:34:01,11:34:01,e4.phatan.2,45.41990224,1680806037,0.001917733,5.613077127,393.6450991,310.1513884,31.71994608,40.25905344,0.123581885,2.291058315,0.119994407,0.075310151,321.4473457,24.72878906,23.62125263,2.927508761,47.14677167,1.327002958,2.814621045,1.600505804,-84.57201592,-80.42876641,-7.298992466,149.1475709,0,0,1,0,54729,RECT-1505-20210918-17_20_47,10288.4,812.936,2752.91,0,0,-1,MPF-336-20230406-11_43_33,10214.2,2.283546154,2.162,-0.056219313,0.5,1681.207374,5.613077127,-47.25816145,0,0.003933529,1272.316374,-,0,0,0,0,0,0,0,1,336,300,300,300,10214.2,1.35,-0.00681491,-0.59,2000.008421,1681.207374,0.840600147,0.191200295,6,0.5,0: Broadleaf,2,1680806037,393.6451053,400.012,12.97517368,11.08264737,402.5474737,13.52207368,600.1025789,102.1719474,0.100514632,22.97008947,23.62125263,999.9,0,0,9983.618421,0,414.4662632,2000.008421,0.979996316,0.020003684,0,2.2841,0,4757.364211,16306.11053,40.15436842,41.937,40.812,39.437,39.437,1959.998421,40.01,0,43.39999986,0,2.283546154,-0.048758978,-81.40376069,4761.789231,15,1680805974,11:32:53,1680805972,1680805974,12,-0.049,-0.001,-8.953,-0.557,400,11,0.36,0.04,-6.389471,0.318848555,0.062366214,1,2.302837143,-0.303243053,0.222240255,1,1.90581475,-0.153841463,0.017385845,0,2,3,3-Feb,100,100,-8.902,-0.547,-5.747468561,-0.007814304,-3.18E-07,6.48E-10,-0.422157091,-0.027428369,0.001386821,-3.01E-06,5,2011,2,27,1.2,1.1,2,605.91,432.865,20.0006,21.5219,30.0011,21.2935,21.2849,21.323,42.3481,0,20,400,11.0014,102.607,104.023
25,1680806088,5334.1,20230406 11:34:48,11:34:48,e4.phatan.2,47.86022777,1680806080,0.001853714,5.687671075,393.5849938,306.1776095,31.31299816,40.25221245,0.118839198,2.293323226,0.115520987,0.072491027,321.4486617,24.84181506,23.71938,2.944859214,47.27296596,1.33812994,2.830645196,1.606729274,-81.74880626,-81.04241353,-7.354559703,151.3028822,0,0,1,0,54649,RECT-1505-20210918-17_20_47,10288.4,812.936,2752.91,0,0,-1,MPF-337-20230406-11_44_19,10214.2,2.249628,2.0692,-0.087196984,0.5,1681.2143,5.687671075,-73.2984085,0,0.003977881,1329.422385,-,0,0,0,0,0,0,0,1,337,300,300,300,10214.2,1.66,-0.00681496,-0.54,2000.016667,1681.2143,0.840600145,0.19120029,6,0.5,0: Broadleaf,2,1680806080,393.585,400.0007333,13.08419667,11.25517333,402.4869333,13.63017,600.1432667,102.1694667,0.1012324,23.06389667,23.71938,999.9,0,0,9998.503333,0,419.1214667,2000.016667,0.9799964,0.0200036,0,2.223043333,0,4711.549333,16306.15667,40.12913333,41.9391,40.7996,39.437,39.42253333,1960.006667,40.01,0,45.5999999,0,2.249628,0.02853077,-43.87153829,4711.2372,15,1680805974,11:32:53,1680805972,1680805974,12,-0.049,-0.001,-8.953,-0.557,400,11,0.36,0.04,-6.4319505,0.277032946,0.042048242,1,2.236108571,-0.270627006,0.149160147,1,1.826717,0.037532983,0.004611477,1,3,3,3-Mar,100,100,-8.902,-0.5458,-5.747468561,-0.007814304,-3.18E-07,6.48E-10,-0.422157091,-0.027428369,0.001386821,-3.01E-06,5,2011,2,27,1.9,1.9,2,605.574,432.752,20.0013,21.6602,30.0011,21.4083,21.3987,21.3169,41.5375,0,20,400,11.2519,102.581,103.995
26,1680806397,5643.1,20230406 11:39:57,11:39:57,j4.phatan.2,34.09875895,1680806389,0.003358919,7.989319065,390.7709912,324.9631691,33.23454128,39.96482024,0.234299409,2.29168583,0.221758415,0.139669803,321.4511032,23.16886438,22.09502903,2.668924432,43.60692559,1.148753205,2.63433661,1.520171227,-148.1283204,-26.42282547,-2.365641429,144.5343159,0,0,1,0,54832,RECT-1505-20210918-17_20_47,10288.4,812.936,2752.91,0,0,-1,MPF-338-20230406-11_49_29,10261.4,2.267904,1.8436,-0.230149707,0.5,1681.229806,7.989319065,-193.4672738,0,0.005346871,1492.225212,-,0,0,0,0,0,0,0,1,338,300,300,300,10261.4,1.63,-0.00684713,-0.31,2000.035484,1681.229806,0.840599989,0.191199979,6,0.5,0: Broadleaf,2,1680806389,390.771,400.0713226,11.23236452,7.911732903,399.6769677,11.80413226,600.1009355,102.1704516,0.101265419,21.88116452,22.09502903,999.9,0,0,9987.82,0,60.26196774,2000.035484,0.980002161,0.019998239,0,2.239583871,0,3716.827097,16306.34839,39.187,40.657,39.758,38.92306452,38.56412903,1960.035484,40,0,307.8,0,2.267904,1.162546156,-87.32384614,3715.842,15,1680806375,11:39:34,1680806375,1680806375,13,-0.026,-0.014,-8.977,-0.571,400,8,0.25,0.09,-8.41572275,-13.66667471,2.073721682,0,2.2618,0.52727472,0.168258315,1,2.950899025,7.137062353,0.80581323,0,1,3,3-Jan,100,100,-8.906,-0.5729,-5.773375213,-0.007814304,-3.18E-07,6.48E-10,-0.436327866,-0.027428369,0.001386821,-3.01E-06,5,2011,2,27,0.4,0.4,2,603.055,425.087,19.9968,21.91,30,21.7959,21.7772,21.236,59.6172,0,20,400,7.29065,102.513,103.924
27,1680806431,5676.6,20230406 11:40:30,11:40:30,j4.phatan.2,33.33734834,1680806424,0.003481256,7.850104915,390.7791915,325.9567618,33.33545702,39.96481886,0.235474784,2.295080137,0.22282895,0.140347651,321.4468189,23.06106408,21.996152,2.652884185,41.32738675,1.084320043,2.623732416,1.568564143,-153.5234061,-22.40149637,-2.000965524,143.5209509,0,0,1,0,55219,RECT-1505-20210918-17_20_47,10288.4,812.936,2752.91,0,0,-1,MPF-339-20230406-11_50_02,10261.3,2.27222,1.6784,-0.353801239,0.5,1681.207378,7.850104915,-297.406627,0,0.005264136,1639.198999,-,0,0,0,0,0,0,0,1,339,300,300,300,10261.3,1.14,-0.00684716,-0.38,2000.0088,1681.207378,0.840599991,0.191199981,6,0.5,0: Broadleaf,2,1680806424,390.7792,399.9876,10.602568,7.15901,399.6854,11.176408,600.13732,102.16856,0.1010074,21.815104,21.996152,999.9,0,0,10009.96,0,62.445636,2000.0088,0.9800022,0.0199982,0,2.272432,0,3682.2756,16306.128,39.18204,40.4496,39.69204,38.72984,38.45464,1960.012,39.9996,0,32.79999995,0,2.27222,-0.188876932,-61.18769233,3683.0732,15,1680806375,11:39:34,1680806375,1680806375,13,-0.026,-0.014,-8.977,-0.571,400,8,0.25,0.09,-9.226421,0.37137636,0.060017028,1,2.269526471,0.153528183,0.180156593,1,3.4099315,0.447247655,0.05530252,0,2,3,3-Feb,100,100,-8.906,-0.5741,-5.773375213,-0.007814304,-3.18E-07,6.48E-10,-0.436327866,-0.027428369,0.001386821,-3.01E-06,5,2011,2,27,0.9,0.9,2,604.919,425.173,19.9969,21.8652,29.9997,21.7759,21.7634,21.2356,60.6883,0,20,400,6.96176,102.518,103.926
28,1680806470,5716.1,20230406 11:41:10,11:41:10,j4.phatan.2,35.11370058,1680806462,0.003376023,7.893740495,390.7636247,322.9994561,33.03230035,39.96236271,0.224805143,2.294639962,0.213247047,0.134268314,321.449287,23.04536828,21.93805333,2.643498586,40.28493859,1.053718179,2.615662865,1.589780407,-148.8826036,-21.44818984,-1.915123413,149.2033701,0,0,1,0,55051,RECT-1505-20210918-17_20_47,10288.4,812.936,2752.91,0,0,-1,MPF-340-20230406-11_50_41,10261.2,2.299856,3.66856,0.373090259,0.5,1681.221678,7.893740495,313.6237156,0,0.005290046,749.4061539,-,0,0,0,0,0,0,0,1,340,300,300,300,10261.2,1.49,-0.00684718,0.12,2000.026,1681.221678,0.840599911,0.191199823,6,0.5,0: Broadleaf,2,1680806462,390.7636333,399.9745667,10.30356333,6.963063333,399.6696,10.87803333,600.1325,102.1675333,0.099822623,21.76467667,21.93805333,999.9,0,0,10007.21167,0,60.28687667,2000.026,0.9800027,0.0199977,0,2.321073333,0,3663.540333,16306.29667,39.1684,40.28926667,39.63326667,38.625,38.3874,1960.034,39.99466667,0,38.79999995,0,2.299856,0.079038444,33.35692306,3664.3812,15,1680806375,11:39:34,1680806375,1680806375,13,-0.026,-0.014,-8.977,-0.571,400,8,0.25,0.09,-9.21492925,-0.038238687,0.034859353,1,2.3004,0.0939459,0.172656401,1,3.35057,-0.195419662,0.018999414,0,2,3,3-Feb,100,100,-8.905,-0.5745,-5.773375213,-0.007814304,-3.18E-07,6.48E-10,-0.436327866,-0.027428369,0.001386821,-3.01E-06,5,2011,2,27,1.6,1.6,2,605.261,425.214,19.997,21.8036,29.9995,21.7448,21.7369,21.2399,60.6883,0,20,400,6.93997,102.523,103.931
29,1680806825,6071.1,20230406 11:47:05,11:47:05,j7.phatan.2,69.73580415,1680806817,0.001972448,8.750231111,390.447313,267.4844917,27.35441395,39.92925854,0.12547688,2.294383818,0.121785498,0.076438547,321.4463845,24.21011672,23.15435484,2.846172792,44.78091966,1.222824247,2.730681408,1.623348545,-86.9849701,-84.53663141,-7.623261858,142.3015211,0,0,1,0,54796,RECT-1505-20210918-17_20_47,10288.4,812.936,2752.91,0,0,-1,MPF-342-20230406-11_56_36,10284,2.285096,2.0088,-0.137542812,0.5,1681.204887,8.750231111,-115.6188235,0,0.00579955,1369.425129,-,0,0,0,0,0,0,0,1,342,300,300,300,10284,1.32,-0.00686263,-0.9,2000.005806,1681.204887,0.840600003,0.191200006,6,0.5,0: Broadleaf,2,1680806817,390.4473226,399.9653548,11.95735806,10.00897323,399.3073871,12.50741935,600.1472581,102.1640968,0.101323452,22.47092581,23.15435484,999.9,0,0,10005.89065,0,391.0596774,2000.005806,0.979999452,0.020000581,0,2.308712903,0,3743.574516,16306.10968,38.437,39.94106452,39,38.129,37.82012903,1960.005806,40.00032258,0,37.60000014,0,2.285096,-0.619661535,-0.391538506,3743.0704,15,1680806782,11:46:21,1680806779,1680806782,14,0.043,0.018,-8.935,-0.557,400,10,0.38,0.06,-9.49421875,-0.440498499,0.057575423,1,2.312585294,-0.414737999,0.184908596,1,2.00965475,-0.83612454,0.114146173,0,2,3,3-Feb,100,100,-8.86,-0.5493,-5.730272031,-0.007814304,-3.18E-07,6.48E-10,-0.418084945,-0.027428369,0.001386821,-3.01E-06,5,2011,2,27,0.8,0.7,2,601.814,426.495,20.0051,21.7228,30.0012,21.6866,21.7046,21.3058,45.3418,0,20,400,10.1299,102.532,103.945
30,1680806871,6116.6,20230406 11:47:50,11:47:50,j7.phatan.2,66.6058792,1680806865,0.002014689,8.697678475,390.4906723,272.6326848,27.88269427,39.93626824,0.130584245,2.291690835,0.126586853,0.07946574,321.4460901,24.16742086,23.13775909,2.843318481,45.79470925,1.24817045,2.725577846,1.595148031,-88.84778582,-86.18991107,-7.779614256,138.6287789,0,0,1,0,55070,RECT-1505-20210918-17_20_47,10288.4,812.936,2752.91,0,0,-1,MPF-343-20230406-11_57_22,10283.6,2.22974,2.1612,-0.031713863,0.5,1681.205836,8.697678475,-26.65876551,0,0.005768287,1272.787711,-,0,0,0,0,0,0,0,1,343,300,300,300,10283.6,1.06,-0.00686264,-0.73,2000.007273,1681.205836,0.840599861,0.191199723,6,0.5,0: Broadleaf,2,1680806865,390.4906818,399.9728636,12.20441818,10.21478182,399.3511818,12.75298636,600.1400909,102.1705455,0.101470409,22.44014545,23.13775909,999.9,0,0,9987.843182,0,388.4782727,2000.007273,0.980004227,0.019995814,0,2.261031818,0,3719.988182,16306.13636,38.562,40.062,39.06486364,38.31486364,37.937,1960.016364,39.99090909,0,44.39999986,0,2.22974,0.238346149,-1.499999995,3719.6052,15,1680806782,11:46:21,1680806779,1680806782,14,0.043,0.018,-8.935,-0.557,400,10,0.38,0.06,-9.47991175,0.078340976,0.085233601,1,2.268,-0.335516346,0.175274066,1,1.9904995,-0.011791295,0.006989564,1,3,3,3-Mar,100,100,-8.861,-0.5485,-5.730272031,-0.007814304,-3.18E-07,6.48E-10,-0.418084945,-0.027428369,0.001386821,-3.01E-06,5,2011,2,27,1.5,1.5,2,602.644,425.798,20.0033,21.8891,30.0016,21.8034,21.8188,21.3093,45.0348,0,20,400,10.221,102.496,103.914
31,1680806919,6165.1,20230406 11:48:39,11:48:39,j7.phatan.2,66.72477138,1680806911,0.001983289,8.605173032,390.6310239,272.6438596,27.88467333,39.95182033,0.128965193,2.293581583,0.125067827,0.078507744,321.4487844,24.14080925,23.09957,2.836759829,45.86180887,1.247293045,2.719676951,1.589466784,-87.46306156,-85.94732132,-7.748420308,140.2899812,0,0,1,0,54794,RECT-1505-20210918-17_20_47,10288.4,812.936,2752.91,0,0,-1,MPF-344-20230406-11_58_10,10283.3,2.306296154,2.1248,-0.085417994,0.5,1681.21663,8.605173032,-71.80307608,0,0.005713227,1294.608998,-,0,0,0,0,0,0,0,1,344,300,300,300,10283.3,1.38,-0.00686228,-0.2,2000.019667,1681.21663,0.840600049,0.191200098,6,0.5,0: Broadleaf,2,1680806911,390.6310333,400.0086,12.19547333,10.23686,399.4926,12.74408667,600.1497667,102.1736333,0.1014495,22.40449333,23.09957,999.9,0,0,9999.766667,0,383.8275667,2000.019667,0.979996733,0.02000333,0,2.320456667,0,3728.506667,16306.19,38.68286667,40.12913333,39.14153333,38.458,38.062,1960.016333,40.00366667,0,47.39999986,0,2.306296154,0.402547005,-20.31316244,3728.253846,15,1680806782,11:46:21,1680806779,1680806782,14,0.043,0.018,-8.935,-0.557,400,10,0.38,0.06,-9.406559,0.525063715,0.059135892,0,2.311470588,0.181311782,0.175360114,1,1.9631735,-0.080990994,0.009159779,1,2,3,3-Feb,100,100,-8.862,-0.5487,-5.730272031,-0.007814304,-3.18E-07,6.48E-10,-0.418084945,-0.027428369,0.001386821,-3.01E-06,5,2011,2,27,2.3,2.3,2,603.185,424.601,20.0018,22.1021,30.0018,21.9607,21.9686,21.3118,45.3206,0,20,400,10.1228,102.454,103.866
32,1680808694,7939.5,20230406 12:18:13,12:18:13,a5.erobot.1,34.0464805,1680808686,0.011723505,36.65054337,359.1562601,285.8554053,29.23057414,36.72606322,1.076485523,2.294766573,0.856994284,0.551582136,321.444642,21.34444339,21.89592333,2.636710852,45.40833564,1.264547206,2.784834961,1.372163646,-517.0065636,111.1641102,9.975347414,-74.42246404,2,0,1,0,55028,RECT-1505-20210918-17_20_47,10288.4,812.936,2752.91,0,0,-1,MPF-345-20230406-12_27_45,10272,2.325728,3.248,0.283950739,0.5,1681.1958,36.65054337,238.6883948,0,0.022395097,846.5708128,-,0,0,0,0,0,0,0,1,345,300,300,300,10272,1.97,-0.00685529,-0.91,1999.995,1681.1958,0.840600002,0.191200003,6,0.5,0: Broadleaf,2,1680808686,359.1563,400.0084333,12.36642333,0.7904411,367.2519333,12.85264,600.1319,102.1538667,0.102636433,22.79447,21.89592333,999.9,0,0,10009.37,0,437.8180333,1999.995,0.9800011,0.019998597,0,2.340353333,0,14438.00667,16306.03,40.5,43.2206,41.437,40.55373333,39.8666,1959.995,40,0,1773.6,0,2.325728,0.773323082,-723.8076912,14431.5,15,1680808637,12:17:16,1680808620,1680808637,17,0.123,0.014,-8.415,-0.382,400,1,0.05,0.02,-40.84669,-0.195305066,0.035115771,1,2.321839394,0.453029041,0.191094528,1,11.67303,-1.896076548,0.187933886,0,2,3,3-Feb,100,100,-8.096,-0.4875,-5.215082531,-0.007814304,-3.18E-07,6.48E-10,-0.356420438,-0.027428369,0.001386821,-3.01E-06,5,2011,2,27,1.2,0.9,2,585.344,394.27,20.0032,25.2897,29.9998,25.3747,25.388,21.1374,100,0,20,400,0,101.904,103.337
33,1680808736,7982,20230406 12:18:56,12:18:56,a5.erobot.1,31.85318057,1680808728,0.011473611,35.88008076,360.3988276,291.1923294,29.77632652,36.8531451,1.126420662,2.295062818,0.888495112,0.572462606,321.4454822,21.53394048,22.09264667,2.668536959,49.02353692,1.374146178,2.803033532,1.294390781,-505.9862242,100.1379058,8.998632646,-75.40420356,1,0,1,0,55010,RECT-1505-20210918-17_20_47,10288.4,812.936,2752.91,0,0,-1,MPF-346-20230406-12_28_27,10270.8,2.29835,2.5896,0.112469107,0.5,1681.20279,35.88008076,94.54168841,0,0.021936724,1062.063794,-,0,0,0,0,0,0,0,1,346,300,300,300,10270.8,1.65,-0.00685379,-0.19,2000.003667,1681.20279,0.840599854,0.191199708,6,0.5,0: Broadleaf,2,1680808728,360.3988667,400.4060333,13.43822,2.121054667,368.5042667,13.91544667,600.1198333,102.1538667,0.102695467,22.90196333,22.09264667,999.9,0,0,10011.28767,0,484.4880667,2000.003667,0.9800035,0.019996117,0,2.31324,0,14331.30667,16306.11333,40.6208,43.312,41.5,40.65186667,39.937,1960.013333,39.99033333,0,41.5999999,0,2.29835,0.281801724,-173.3470084,14330.45385,15,1680808637,12:17:16,1680808620,1680808637,17,0.123,0.014,-8.415,-0.382,400,1,0.05,0.02,-40.0642025,1.011423265,0.159093821,0,2.298142424,0.272950672,0.240886297,1,11.1961725,2.180682552,0.239641225,0,1,3,3-Jan,100,100,-8.104,-0.4851,-5.215082531,-0.007814304,-3.18E-07,6.48E-10,-0.356420438,-0.027428369,0.001386821,-3.01E-06,5,2011,2,27,1.9,1.7,2,585.913,394.032,20.0013,25.2603,29.9998,25.3417,25.356,21.1382,98.3814,0,20,400,0,101.91,103.345
34,1680808776,8021.5,20230406 12:19:35,12:19:35,a5.erobot.1,38.83263646,1680808768,0.010993848,35.68997551,360.3436383,279.2518772,28.55486527,36.84689301,0.919071656,2.293425481,0.753789343,0.483474313,321.4449812,21.7105801,21.97491613,2.649450242,42.26060912,1.186055922,2.806528224,1.463394319,-484.8286953,117.1666463,10.5312047,-35.68586297,1,0,1,0,54749,RECT-1505-20210918-17_20_47,10288.4,812.936,2752.91,0,0,-1,MPF-347-20230406-12_29_07,10270.3,2.376632,3.50723,0.322362092,0.5,1681.200242,35.68997551,270.9776135,0,0.02182368,783.924285,-,0,0,0,0,0,0,0,1,347,300,300,300,10270.3,2.92,-0.0068537,-0.19,2000.000645,1681.200242,0.84059985,0.1911997,6,0.5,0: Broadleaf,2,1680808768,360.3436774,399.9865484,11.59901613,0.735061452,368.4488065,12.08962903,600.1311935,102.151871,0.103002129,22.92253548,21.97491613,999.9,0,0,10000.8871,0,482.2707097,2000.000645,0.980004097,0.019995503,0,2.370129032,0,14160.48387,16306.0871,40.687,43.433,41.57012903,40.75,40.012,1960.010645,39.99,0,38.60000014,0,2.376632,0.664823087,-167.6692306,14158.168,15,1680808637,12:17:16,1680808620,1680808637,17,0.123,0.014,-8.415,-0.382,400,1,0.05,0.02,-39.71622,1.568436023,0.183805673,0,2.32642,0.42110137,0.215629603,1,10.9065175,-0.900307317,0.087291357,0,1,3,3-Jan,100,100,-8.106,-0.4912,-5.215082531,-0.007814304,-3.18E-07,6.48E-10,-0.356420438,-0.027428369,0.001386821,-3.01E-06,5,2011,2,27,2.6,2.3,2,585.659,392.973,19.9977,25.233,29.9997,25.3092,25.3283,21.1366,100,0,20,400,0.181158,101.923,103.355
35,1680809182,8427.5,20230406 12:26:21,12:26:21,a3.erobot.1,41.27447226,1680809174,0.007498103,23.07397163,374.3255875,292.7132266,29.93257669,38.27817925,0.559037351,2.293284043,0.492932717,0.313368395,321.4460986,23.47054361,23.38518065,2.886133308,46.78881091,1.362966355,2.913017725,1.523166953,-330.666352,19.00597145,1.726039595,11.51175766,0,0,1,0,54480,RECT-1505-20210918-17_20_47,10288.4,812.936,2752.91,0,0,-1,MPF-348-20230406-12_35_53,10244.3,2.374188462,2.1984,-0.079962,0.5,1681.205952,23.07397163,-67.21629543,0,0.014319466,1251.233443,-,0,0,0,0,0,0,0,1,348,300,300,300,10244.3,1.8,-0.00683526,-1.05,2000.007419,1681.205952,0.840599857,0.191199715,6,0.5,0: Broadleaf,2,1680809174,374.3256129,400.2002903,13.32856452,5.932122903,382.8477097,13.86142581,600.1397419,102.1527097,0.106341065,23.53890645,23.38518065,999.9,0,0,9999.89,0,285.5640774,2000.007419,0.980004419,0.019995481,0,2.401587097,0,14175.72258,16306.14194,40.875,43.34451613,41.812,40.812,40.24593548,1960.016774,39.99064516,0,405,0,2.374188462,0.674253001,-771.9316239,14169.51538,15,1680809156,12:25:56,1680809156,1680809152,19,0.021,-0.055,-8.724,-0.536,400,6,0.23,0.02,-25.6739725,-2.745571857,0.711996877,0,2.349688571,0.957534247,0.245469737,1,6.9991665,6.073251107,0.725949342,0,1,3,3-Jan,100,100,-8.521,-0.5372,-5.520186364,-0.007814304,-3.18E-07,6.48E-10,-0.411264372,-0.027428369,0.001386821,-3.01E-06,5,2011,2,27,0.4,0.5,2,619.643,395.042,20.0007,24.8296,29.9997,24.9251,24.9382,21.2595,71.4237,0,20,400,5.44838,102.004,103.421
36,1680809221,8467.1,20230406 12:27:01,12:27:01,a3.erobot.1,46.18583117,1680809214,0.007228648,23.36481295,373.930741,284.0418635,29.04538883,38.23719376,0.50588703,2.295322667,0.451140441,0.286386255,321.4470595,23.60777618,23.45383,2.898112149,44.26306036,1.293214854,2.92165712,1.604897294,-318.7833655,16.6082874,1.507850992,20.7798324,0,0,1,0,54616,RECT-1505-20210918-17_20_47,10288.4,812.936,2752.91,0,0,-1,MPF-349-20230406-12_36_33,10243.8,2.304961538,3.2316,0.286742933,0.5,1681.21118,23.36481295,241.0377122,0,0.014492417,850.8721376,-,0,0,0,0,0,0,0,1,349,300,300,300,10243.8,2.85,-0.00683507,-0.35,2000.013667,1681.21118,0.840599846,0.191199692,6,0.5,0: Broadleaf,2,1680809214,373.9307667,399.9919333,12.64666,5.511254,382.4498667,13.18535667,600.1533333,102.1508667,0.1065558,23.58804333,23.45383,999.9,0,0,10013.264,0,389.1912667,2000.013667,0.9800055,0.019994383,0,2.31246,0,13703.73333,16306.19,41,43.4622,41.87913333,40.8288,40.312,1960.023667,39.99,0,39,0,2.304961538,-0.144170952,-442.6017094,13701.93462,15,1680809156,12:25:56,1680809156,1680809152,19,0.021,-0.055,-8.724,-0.536,400,6,0.23,0.02,-26.08462195,0.361761935,0.061797673,1,2.314723529,-0.142334901,0.210394276,1,7.147285122,-0.233250188,0.023447557,0,2,3,3-Feb,100,100,-8.518,-0.539,-5.520186364,-0.007814304,-3.18E-07,6.48E-10,-0.411264372,-0.027428369,0.001386821,-3.01E-06,5,2011,2,27,1.1,1.2,2,620.983,395.061,19.9998,24.7832,29.9998,24.8726,24.8925,21.2639,70.5367,0,20,400,5.64318,102.015,103.43
37,1680809267,8512.6,20230406 12:27:46,12:27:46,a3.erobot.1,49.24192479,1680809263,0.006907172,23.50139982,373.8694027,279.0336838,28.53258741,38.23001318,0.477264037,2.292215616,0.428157415,0.271588143,321.4467023,23.74357119,23.51092143,2.908107306,44.15291587,1.292378946,2.927052314,1.615728361,-304.6062825,13.31463908,1.210999403,31.36605829,0,0,1,0,54480,RECT-1505-20210918-17_20_47,10288.4,812.936,2752.91,0,0,-1,MPF-350-20230406-12_37_18,10243.3,2.2484,3.19588,0.296469204,0.5,1681.2093,23.50139982,249.2133915,0,0.014573676,860.393419,-,0,0,0,0,0,0,0,1,350,300,300,300,10243.3,1.26,-0.00683455,-0.6,2000.011429,1681.2093,0.840599847,0.191199693,6,0.5,0: Broadleaf,2,1680809263,373.8694286,399.9467857,12.63878571,5.820591429,382.3879286,13.17752857,600.1477857,102.149,0.105993071,23.61866429,23.51092143,999.9,0,0,9993.342857,0,395.5627857,2000.011429,0.980005857,0.019994014,0,2.24995,0,13329.98571,16306.19286,41.062,43.6115,42,40.875,40.39271429,1960.021429,39.99,0,44.4000001,0,2.2484,-0.194307688,-271.7076919,13347.092,15,1680809156,12:25:56,1680809156,1680809152,19,0.021,-0.055,-8.724,-0.536,400,6,0.23,0.02,-26.10617561,0.283860627,0.054275893,1,2.273238235,-0.254338099,0.193913712,1,6.88102122,-0.547244739,0.055938035,0,2,3,3-Feb,100,100,-8.519,-0.5387,-5.520186364,-0.007814304,-3.18E-07,6.48E-10,-0.411264372,-0.027428369,0.001386821,-3.01E-06,5,2011,2,27,1.8,1.9,2,620.645,395.69,20.0004,24.7422,29.9998,24.8202,24.8418,21.2884,68.8321,0,20,400,5.95468,102.022,103.434
38,1680810205,9450.6,20230406 12:43:24,12:43:24,f3.erobot.1,37.37996835,1680810197,0.010100195,29.43645179,366.9781935,289.6871705,29.61848087,37.52094574,0.787492689,2.29312606,0.662727885,0.423757826,321.4475554,22.90217127,22.78668065,2.783520253,42.39300066,1.256085407,2.962954705,1.527434845,-445.4185935,127.8925429,11.59690419,15.51840899,0,0,1,0,54628,RECT-1505-20210918-17_20_47,10288.4,812.936,2752.91,0,0,-1,MPF-351-20230406-12_52_56,10219.3,2.351236,2.3748,0.00992252,0.5,1681.21379,29.43645179,8.340938554,0,0.018103856,1158.217618,-,0,0,0,0,0,0,0,1,351,300,300,300,10219.3,1.62,-0.00681911,-0.01,2000.016774,1681.21379,0.840599845,0.19119969,6,0.5,0: Broadleaf,2,1680810197,366.9782258,400.1122581,12.28529677,2.311886129,375.3048387,12.79713871,600.1624516,102.1372258,0.105758677,23.82118387,22.78668065,999.9,0,0,10000.38387,0,436.5653548,2000.016774,0.980006484,0.019993616,0,2.3447,0,12499.05806,16306.22581,41.31606452,43.788,42.175,41.18909677,40.61280645,1960.026774,39.99,0,937.2,0,2.351236,0.596115395,-53.36153845,12498.216,15,1680810183,12:43:03,1680810183,1680810179,21,-0.027,0.004,-8.585,-0.446,400,2,0.33,0.01,-27.84423875,-75.74860186,10.51066866,0,2.358724242,-0.032201324,0.175214371,1,8.33780452,25.12012579,3.182946329,0,1,3,3-Jan,100,100,-8.326,-0.5137,-5.383191073,-0.007814304,-3.18E-07,6.48E-10,-0.381694009,-0.027428369,0.001386821,-3.01E-06,5,2011,2,27,0.4,0.4,2,612.524,393.768,20.003,24.8391,30,24.8493,24.8555,21.2907,86.8719,0,20,400,1.49173,102.029,103.433
39,1680810250,9496.1,20230406 12:44:10,12:44:10,f3.erobot.1,39.16525796,1680810243,0.010114192,29.29786983,367.0491463,286.6199393,29.3035592,37.52651129,0.748057625,2.294758239,0.634586476,0.405369371,321.4459586,22.91833889,22.76433929,2.779752431,39.8383479,1.181822765,2.966545622,1.597929665,-446.03586,133.2388525,12.07296629,20.72191735,0,0,1,0,54468,RECT-1505-20210918-17_20_47,10288.4,812.936,2752.91,0,0,-1,MPF-352-20230406-12_53_41,10218.9,2.265512,2.2424,-0.010306814,0.5,1681.202164,29.29786983,-8.663919107,0,0.018021551,1226.662326,-,0,0,0,0,0,0,0,1,352,300,300,300,10218.9,1.32,-0.00681847,-0.51,2000.0025,1681.202164,0.840600031,0.191200062,6,0.5,0: Broadleaf,2,1680810243,367.0491786,400.0501786,11.55948214,1.565014286,375.3763571,12.07544286,600.1686429,102.1319286,0.106454679,23.84132143,22.76433929,999.9,0,0,10011.46607,0,439.4948929,2000.0025,0.979999,0.020000996,0,2.278317857,0,12428.01071,16306.06071,41.5,43.97307143,42.29428571,41.39271429,40.79871429,1960.001071,40.00214286,0,44.5999999,0,2.265512,-0.609123087,-96.1384617,12427.916,15,1680810183,12:43:03,1680810183,1680810179,21,-0.027,0.004,-8.585,-0.446,400,2,0.33,0.01,-33.02340244,0.520544948,0.068816251,0,2.268744118,-0.339811496,0.230595994,1,10.01986293,-0.460852056,0.045523008,0,1,3,3-Jan,100,100,-8.327,-0.5162,-5.383191073,-0.007814304,-3.18E-07,6.48E-10,-0.381694009,-0.027428369,0.001386821,-3.01E-06,5,2011,2,27,1.1,1.2,2,615.338,393.467,20.0013,24.8774,30.0005,24.8651,24.8845,21.2805,86.5892,0,20,400,1.63732,102.03,103.434
40,1680810292,9537.6,20230406 12:44:51,12:44:51,f3.erobot.1,41.60845882,1680810287,0.009700191,28.970266,367.4794682,283.1003492,28.94293155,37.56948066,0.69625905,2.292648325,0.596770609,0.380729743,321.4457375,23.1322083,22.8829625,2.79980915,39.26209882,1.170289534,2.98071058,1.629519616,-427.7784275,128.2471187,11.64300357,33.55743225,0,0,1,0,54751,RECT-1505-20210918-17_20_47,10288.4,812.936,2752.91,0,0,-1,MPF-353-20230406-12_54_23,10218.3,2.25395,2.6912,0.162473989,0.5,1681.204876,28.970266,136.5760315,0,0.017826659,1021.930291,-,0,0,0,0,0,0,0,1,353,300,300,300,10218.3,1.92,-0.00681821,0.01,2000.00625,1681.204876,0.840599811,0.191199622,6,0.5,0: Broadleaf,2,1680810287,367.4795,400.005375,11.4469875,1.860490625,375.8099375,11.963475,600.16625,102.129625,0.105966125,23.92055,22.8829625,999.9,0,0,9998.0375,0,437.609125,2000.00625,0.980005188,0.019994769,0,2.37093125,0,12352.5875,16306.14375,41.63275,44.117125,42.394375,41.562,40.937,1960.016875,39.9875,0,40.39999986,0,2.25395,1.368557264,-90.91965819,12357.48462,15,1680810183,12:43:03,1680810183,1680810179,21,-0.027,0.004,-8.585,-0.446,400,2,0.33,0.01,-32.60120976,1.059656446,0.127385866,0,2.267567647,0.21632002,0.246164499,1,9.713823415,-1.251818258,0.125965478,0,1,3,3-Jan,100,100,-8.33,-0.5164,-5.383191073,-0.007814304,-3.18E-07,6.48E-10,-0.381694009,-0.027428369,0.001386821,-3.01E-06,5,2011,2,27,1.8,1.9,2,615.563,393.768,20.0014,24.9335,30.0004,24.8999,24.9213,21.2816,83.2614,0,20,400,2.15322,102.021,103.425
41,1680810713,9959.1,20230406 12:51:53,12:51:53,f5.erobot.1,17.83019982,1680810705,0.001761432,2.092763487,397.2928042,358.7736883,36.67511644,40.61267681,0.117371847,2.29382452,0.114134557,0.071617519,321.4466831,24.88889744,23.70263548,2.941892174,49.32821328,1.397768741,2.833609101,1.544123433,-77.67916813,-76.85001141,-6.972595862,159.9449077,0,0,1,0,54564,RECT-1505-20210918-17_20_47,10288.4,812.936,2752.91,0,0,-1,MPF-354-20230406-13_01_24,10284.8,2.239953846,1.87541,-0.19438088,0.5,1681.208942,2.092763487,-163.3974368,0,0.001839607,1466.897686,-,0,0,0,0,0,0,0,1,354,300,300,300,10284.8,0.82,-0.00686241,-0.14,2000.010968,1681.208942,0.840599861,0.191199722,6,0.5,0: Broadleaf,2,1680810705,397.2928065,400.0843548,13.67364839,11.93693548,405.9966452,14.21825161,600.219129,102.118129,0.105410839,23.08119677,23.70263548,999.9,0,0,10006.77419,0,45.6477871,2000.010968,0.980005452,0.019994639,0,2.250087097,0,1135.561613,16306.1871,41.45935484,43.12274194,42.284,41.07635484,40.655,1960.02,39.99096774,0,420.5999999,0,2.239953846,-0.209846154,-53.57333331,1135.061538,15,1680810693,12:51:32,1680810687,1680810693,22,-0.139,-0.045,-8.726,-0.56,400,12,0.56,0.1,-2.287874398,-7.363589498,0.949008476,0,2.245511765,-0.206556044,0.124070658,1,1.4285732,5.674557205,0.622843705,0,1,3,3-Jan,100,100,-8.704,-0.5454,-5.522286555,-0.007814304,-3.18E-07,6.48E-10,-0.426355967,-0.027428369,0.001386821,-3.01E-06,5,2011,2,27,0.4,0.3,2,616.592,407.053,19.9962,24.8563,29.9991,24.8736,24.8697,21.3787,46.0747,0,20,400,11.4261,102.001,103.396
42,1680810757,10002.6,20230406 12:52:36,12:52:36,f5.erobot.1,15.39331713,1680810749,0.001970068,1.98490817,397.2841978,362.4631557,37.05210758,40.61162247,0.128946097,2.292224847,0.125047635,0.078495215,321.4400184,24.72375755,23.57928,2.920114684,47.68543046,1.343220059,2.816835343,1.576894626,-86.88000503,-73.67745754,-6.681919812,154.200636,0,0,1,0,54719,RECT-1505-20210918-17_20_47,10288.4,812.936,2752.91,0,0,-1,MPF-355-20230406-13_02_08,10284.4,2.267153846,1.652,-0.372369156,0.5,1681.17421,1.98490817,-313.0087111,0,0.00177549,1665.410412,-,0,0,0,0,0,0,0,1,355,300,300,300,10284.4,1.23,-0.00686136,-0.18,1999.969667,1681.17421,0.840599854,0.191199708,6,0.5,0: Broadleaf,2,1680810749,397.2842,400.0511,13.14008333,11.19638333,405.9882667,13.68974,600.1485667,102.1182,0.104900467,22.98308,23.57928,999.9,0,0,9996.416667,0,104.3193067,1999.969667,0.980004833,0.019995257,0,2.272683333,0,1112.807667,16305.83667,41.30993333,42.7415,42.0851,40.7311,40.4643,1959.98,39.98966667,0,42.79999995,0,2.267153846,0.150092311,-157.7241029,1111.886538,15,1680810693,12:51:32,1680810687,1680810693,22,-0.139,-0.045,-8.726,-0.56,400,12,0.56,0.1,-2.73747122,-0.294103066,0.080363072,1,2.242082353,0.404982249,0.133215843,1,1.949242927,-0.138085505,0.021513847,0,2,3,3-Feb,100,100,-8.704,-0.5505,-5.522286555,-0.007814304,-3.18E-07,6.48E-10,-0.426355967,-0.027428369,0.001386821,-3.01E-06,5,2011,2,27,1.2,1.1,2,618.269,407.433,19.9985,24.7314,29.9992,24.7775,24.7819,21.3708,47.2693,0,20,400,11.0947,102.018,103.414
43,1680810800,10045.6,20230406 12:53:19,12:53:19,f5.erobot.1,17.52378234,1680810792,0.001803271,2.037619651,397.260772,358.9394684,36.69045621,40.60762397,0.116277389,2.292064533,0.113096942,0.070964093,321.4400137,24.69438447,23.54626452,2.914310018,47.03726776,1.318223964,2.802509641,1.596086054,-79.52424336,-79.99748314,-7.25129627,154.666991,0,0,1,0,54716,RECT-1505-20210918-17_20_47,10288.4,812.936,2752.91,0,0,-1,MPF-356-20230406-13_02_51,10284.7,2.235044,1.5748,-0.419255779,0.5,1681.173242,2.037619651,-352.4207981,0,0.001806845,1747.101346,-,0,0,0,0,0,0,0,1,356,300,300,300,10284.7,1.03,-0.00686181,-0.03,1999.968387,1681.173242,0.840599908,0.191199816,6,0.5,0: Broadleaf,2,1680810792,397.2607742,400.0140645,12.89606774,11.11650323,405.9644194,13.44777742,600.152129,102.1143548,0.104708387,22.89887742,23.54626452,999.9,0,0,9995.756129,0,83.76758387,1999.968387,0.980003581,0.019996445,0,2.272380645,0,1036.791935,16305.80968,41.175,42.43509677,41.909,40.48980645,40.3,1959.975484,39.99322581,0,42.20000005,0,2.235044,0.154561528,-99.01615382,1034.5984,15,1680810693,12:51:32,1680810687,1680810693,22,-0.139,-0.045,-8.726,-0.56,400,12,0.56,0.1,-2.766373171,0.051473519,0.044726443,1,2.243070588,0.216245985,0.155176919,1,1.789707073,-0.1915177,0.019031061,0,2,3,3-Feb,100,100,-8.704,-0.5519,-5.522286555,-0.007814304,-3.18E-07,6.48E-10,-0.426355967,-0.027428369,0.001386821,-3.01E-06,5,2011,2,27,1.9,1.8,2,617.645,407.906,19.9973,24.5974,29.999,24.6723,24.6799,21.3698,47.2693,0,20,400,11.0986,102.036,103.428
44,1680811275,10520.5,20230406 13:01:14,13:01:14,f8.erobot.2,31.26520944,1680811267,0.010022231,23.78070902,372.5404255,306.4343049,31.32245735,38.07955376,0.760612497,2.292260098,0.643510358,0.411204434,321.4469949,23.12381642,23.36640323,2.882864329,44.15022185,1.32367905,2.998125478,1.559185279,-441.9803964,80.46354918,7.327643485,-32.74220886,0,0,1,0,54680,RECT-1505-20210918-17_20_47,10288.4,812.936,2752.91,0,0,-1,MPF-357-20230406-13_10_46,10270.5,2.285856,2.9736,0.231283293,0.5,1681.210326,23.78070902,194.4179302,0,0.014739803,924.783562,-,0,0,0,0,0,0,0,1,357,300,300,300,10270.5,1.3,-0.00685318,-0.37,2000.012581,1681.210326,0.840599875,0.191199751,6,0.5,0: Broadleaf,2,1680811267,372.5404516,400.0478387,12.94983548,3.059910323,381.0554839,13.47523871,600.152871,102.1115161,0.104380871,24.01750645,23.36640323,999.9,0,0,9997.299032,0,361.5879032,2000.012581,0.980002452,0.0199972,0,2.288022581,0,10335.85161,16306.17742,40.81606452,43.09451613,41.57622581,40.782,40.25,1960.020645,39.99193548,0,474.3999999,0,2.285856,1.087923082,-338.5769236,10329.66,15,1680811239,13:00:39,1680811239,1680811235,24,-0.239,0.018,-8.726,-0.516,400,6,0.13,0.01,-27.50037805,-0.173920557,0.047378067,1,2.309402941,-0.11320611,0.20133315,1,9.94756878,-1.117962439,0.119850949,0,2,3,3-Feb,100,100,-8.515,-0.5269,-5.527127944,-0.007814304,-3.18E-07,6.48E-10,-0.400284993,-0.027428369,0.001386821,-3.01E-06,5,2011,2,27,0.6,0.7,2,605.944,393.596,20.0043,24.267,30.0001,24.2366,24.2384,21.2272,81.2811,0,20,400,2.89265,102.145,103.534
45,1680811316,10562,20230406 13:01:56,13:01:56,f8.erobot.2,33.17732812,1680811311,0.009796356,23.73725321,372.5985739,303.223473,30.99417706,38.08539643,0.71546609,2.291439066,0.610804848,0.389874025,321.4469294,23.24810164,23.38601,2.886277766,42.57401085,1.280311532,3.007260783,1.605966234,-432.0192989,84.2713607,7.679891199,-18.62111756,0,0,1,0,54685,RECT-1505-20210918-17_20_47,10288.4,812.936,2752.91,0,0,-1,MPF-358-20230406-13_11_28,10269.7,2.316872,2.5576,0.094122615,0.5,1681.21023,23.73725321,79.11995157,0,0.014713956,1075.364561,-,0,0,0,0,0,0,0,1,358,300,300,300,10269.7,1.47,-0.00685265,-0.48,2000.0125,1681.21023,0.840599861,0.191199723,6,0.5,0: Broadleaf,2,1680811311,372.5986,399.98015,12.525595,2.853997,381.1142,13.054285,600.12735,102.1113,0.10432585,24.06817,23.38601,999.9,0,0,9992.01,0,366.5644,2000.0125,0.98000445,0.01999515,0,2.319515,0,10130.515,16306.19,40.94645,43.20275,41.6405,40.937,40.375,1960.0215,39.991,0,40.79999995,0,2.316872,0.181723087,-242.7307691,10137.02,15,1680811239,13:00:39,1680811239,1680811235,24,-0.239,0.018,-8.726,-0.516,400,6,0.13,0.01,-27.44261707,0.693311498,0.07676739,0,2.285997059,0.177939314,0.172796753,1,9.704790976,-0.360699512,0.036252503,0,1,3,3-Jan,100,100,-8.516,-0.5289,-5.527127944,-0.007814304,-3.18E-07,6.48E-10,-0.400284993,-0.027428369,0.001386821,-3.01E-06,5,2011,2,27,1.3,1.4,2,606.998,392.548,20.0005,24.2882,30.0003,24.2366,24.2425,21.2232,81.0069,0,20,400,2.95846,102.143,103.528
46,1680811357,10602.5,20230406 13:02:36,13:02:36,f8.erobot.2,34.27016892,1680811349,0.009527404,23.50626553,372.9382074,301.8220836,30.85055514,38.11964518,0.685910408,2.29111562,0.589083788,0.375732267,321.4472723,23.38704758,23.44633,2.896801338,42.34782558,1.277417317,3.016488567,1.619384021,-420.1585067,83.1132126,7.579680179,-8.018341693,0,0,1,0,54476,RECT-1505-20210918-17_20_47,10288.4,812.936,2752.91,0,0,-1,MPF-359-20230406-13_12_08,10268.6,2.32938,2.7492,0.152706242,0.5,1681.2123,23.50626553,128.365806,0,0.014576544,1000.349483,-,0,0,0,0,0,0,0,1,359,300,300,300,10268.6,1.83,-0.00685206,-1.32,2000.015,1681.2123,0.840599846,0.191199691,6,0.5,0: Broadleaf,2,1680811349,372.9382333,399.9907667,12.49743333,3.091484667,381.4565,13.02633333,600.1522667,102.1104333,0.103940033,24.11921,23.44633,999.9,0,0,9990.003333,0,318.6532033,2000.015,0.9800062,0.0199934,0,2.306513333,0,9952.448,16306.21667,41.062,43.2624,41.7458,41,40.4664,1960.025,39.99,0,39.79999995,0,2.32938,0.275184618,-224.8169235,9949.4672,15,1680811239,13:00:39,1680811239,1680811235,24,-0.239,0.018,-8.726,-0.516,400,6,0.13,0.01,-27.11472927,1.235560976,0.126886335,0,2.302011765,0.361829523,0.163008153,1,9.43805122,-0.667468641,0.069853029,0,1,3,3-Jan,100,100,-8.519,-0.5288,-5.527127944,-0.007814304,-3.18E-07,6.48E-10,-0.400284993,-0.027428369,0.001386821,-3.01E-06,5,2011,2,27,2,2,2,607.148,392.315,19.9983,24.3058,30,24.2346,24.2384,21.226,79.5039,0,20,400,3.34963,102.142,103.527
47,1680812011,11257,20230406 13:13:31,13:13:31,b1.erobot.1,37.39389447,1680812003,0.009131186,27.09012712,369.470325,293.0680139,29.95193035,37.76034543,0.724453216,2.292365025,0.617391797,0.394163567,321.4465258,23.9004407,23.39512903,2.887866545,45.61953339,1.408084267,3.086581914,1.479782279,-402.6852917,136.8567259,12.49510467,68.11306459,0,0,1,0,54441,RECT-1505-20210918-17_20_47,10288.4,812.936,2752.91,0,0,-1,MPF-360-20230406-13_23_03,10286.8,2.239342308,2.4428,0.083288723,0.5,1681.208371,27.09012712,70.01284908,0,0.016708296,1125.948584,-,0,0,0,0,0,0,0,1,360,300,300,300,10286.8,1.35,-0.00686352,-1.03,2000.010323,1681.208371,0.840599847,0.191199694,6,0.5,0: Broadleaf,2,1680812003,369.4703548,399.9260645,13.77755806,4.774578065,377.7015161,14.31950968,600.1599677,102.0956129,0.105681419,24.50250968,23.39512903,999.9,0,0,9999.535161,0,421.734871,2000.010323,0.980005806,0.019994294,0,2.241693548,0,14904.03871,16306.17097,41.83435484,44.45935484,42.58841935,42.397,41.296,1960.020323,39.99,0,653.7,0,2.239342308,-0.018355558,-176.088889,14901.77692,15,1680811991,13:13:10,1680811973,1680811991,29,0.176,-0.038,-8.471,-0.511,400,3,0.08,0.03,-24.21722441,-87.90830615,11.13563006,0,2.27765,-0.383294394,0.145779354,1,7.189237039,28.51999321,3.291836582,0,1,3,3-Jan,100,100,-8.233,-0.5433,-5.269262946,-0.007814304,-3.18E-07,6.48E-10,-0.424982276,-0.027428369,0.001386821,-3.01E-06,5,2011,2,27,0.6,0.3,2,600.761,386.541,20.0045,24.7852,30.0011,24.6123,24.5951,21.2879,78.75,0,20,400,3.32815,102.05,103.432
48,1680812054,11299.5,20230406 13:14:13,13:14:13,b1.erobot.1,37.34635481,1680812046,0.009639777,26.6296602,369.8176374,293.1000658,29.95372963,37.79397829,0.713045767,2.293287248,0.609107542,0.388761647,321.4497195,23.83339278,23.50423667,2.90693543,42.61172719,1.323042621,3.104879122,1.583892809,-425.1141443,135.637844,12.39184441,44.36526352,0,0,1,0,54581,RECT-1505-20210918-17_20_47,10288.4,812.936,2752.91,0,0,-1,MPF-361-20230406-13_23_45,10286.2,2.308928,2.4804,0.069130785,0.5,1681.22518,26.6296602,58.11220853,0,0.016434241,1108.865344,-,0,0,0,0,0,0,0,1,361,300,300,300,10286.2,1.83,-0.00686284,-0.79,2000.030333,1681.22518,0.840599841,0.191199682,6,0.5,0: Broadleaf,2,1680812046,369.8176667,400.0045,12.94609667,3.433571333,378.0516333,13.49604333,600.1547667,102.0902,0.106056933,24.60131333,23.50423667,999.9,0,0,10006.03367,0,416.2474667,2000.030333,0.9800067,0.019993377,0,2.278386667,0,14759.64,16306.33333,42.031,44.66013333,42.75413333,42.6145,41.4874,1960.040333,39.99,0,41.5999999,0,2.308928,1.080261543,-185.3846156,14757.752,15,1680811991,13:13:10,1680811973,1680811991,29,0.176,-0.038,-8.471,-0.511,400,3,0.08,0.03,-30.21893659,0.491096864,0.080032352,1,2.303191176,0.278563821,0.193354527,1,9.536989268,-0.619205436,0.064662318,0,2,3,3-Feb,100,100,-8.234,-0.5509,-5.269262946,-0.007814304,-3.18E-07,6.48E-10,-0.424982276,-0.027428369,0.001386821,-3.01E-06,5,2011,2,27,1.3,1.1,2,603.264,386.14,19.9978,24.8915,30.0009,24.6848,24.6789,21.289,78.5739,0,20,400,3.40052,102.034,103.42
49,1680812098,11344,20230406 13:14:58,13:14:58,b1.erobot.1,40.84420617,1680812090,0.009072415,26.40686242,370.1687127,287.7715559,29.40842469,37.82889061,0.646526519,2.293224303,0.559819829,0.356704251,321.4448796,24.02368455,23.5575,2.916284267,41.67215749,1.294256491,3.105806297,1.622027776,-400.0935129,129.6663629,11.85009814,62.86782772,0,0,1,0,54182,RECT-1505-20210918-17_20_47,10288.4,812.936,2752.91,0,0,-1,MPF-362-20230406-13_24_30,10285.5,2.231488,3.14757,0.291044202,0.5,1681.197996,26.40686242,244.6514649,0,0.016301984,873.6143851,-,0,0,0,0,0,0,0,1,362,300,300,300,10285.5,2.4,-0.00686229,-0.14,1999.997742,1681.197996,0.840599947,0.191199895,6,0.5,0: Broadleaf,2,1680812090,370.1687419,399.9263871,12.66474516,3.709499355,378.4053548,13.21692258,600.1520645,102.0869032,0.106743387,24.60630645,23.5575,999.9,0,0,10005.94935,0,410.0424839,1999.997742,0.980001226,0.019998839,0,2.229309677,0,14645.09032,16306.04194,42.171,44.812,42.923,42.73170968,41.625,1960.001935,39.99645161,0,43.39999986,0,2.231488,0.375061544,-7.084615302,14644.864,15,1680811991,13:13:10,1680811973,1680811991,29,0.176,-0.038,-8.471,-0.511,400,3,0.08,0.03,-29.8180561,0.988762369,0.108069059,0,2.224629412,0.316246951,0.174387107,1,9.006617805,-0.989926829,0.098172259,0,1,3,3-Jan,100,100,-8.237,-0.5519,-5.269262946,-0.007814304,-3.18E-07,6.48E-10,-0.424982276,-0.027428369,0.001386821,-3.01E-06,5,2011,2,27,2.1,1.8,2,603.406,386.525,19.9984,24.9723,30.0006,24.7568,24.7497,21.3029,75.2075,0,20,400,3.99768,102.019,103.408
50,1680812554,11799.6,20230406 13:22:33,13:22:33,b2.erobot.1,35.46636848,1680812546,0.009361215,25.05284325,371.5111339,298.4034197,30.49223951,37.96272337,0.706383098,2.292792749,0.604211595,0.385574226,321.4496358,23.33170975,23.60023871,2.923804815,45.84922345,1.373923614,2.996612614,1.549881202,-412.8295779,50.53935142,4.606684533,-36.23390617,0,0,1,0,54764,RECT-1505-20210918-17_20_47,10288.4,812.936,2752.91,0,0,-1,MPF-363-20230406-13_32_05,10261.8,2.255348,2.9728,0.241338805,0.5,1681.224397,25.05284325,202.8723436,0,0.015496351,925.0326964,-,0,0,0,0,0,0,0,1,363,300,300,300,10261.8,1.72,-0.00684665,-0.93,2000.029355,1681.224397,0.840599861,0.191199721,6,0.5,0: Broadleaf,2,1680812546,371.5111613,400.033,13.44550323,4.213003226,379.8582581,13.98702581,600.185129,102.0793226,0.105295613,24.00910323,23.60023871,999.9,0,0,10003.89903,0,413.3227742,2000.029355,0.980004581,0.019995819,0,2.26566129,0,15091.60645,16306.31935,41.937,44.437,42.812,42.375,41.32419355,1960.038065,39.99129032,0,454.8,0,2.255348,-0.558684608,-504.1615392,15087.004,15,1680812513,13:21:52,1680812508,1680812513,31,0.021,0.011,-8.569,-0.548,400,7,0.14,0.01,-28.46692195,-1.134612004,0.124491123,0,2.300223529,-0.655294645,0.234693769,1,9.262621707,-0.505629689,0.058084377,0,1,3,3-Jan,100,100,-8.347,-0.543,-5.368311318,-0.007814304,-3.18E-07,6.48E-10,-0.420968583,-0.027428369,0.001386821,-3.01E-06,5,2011,2,27,0.8,0.7,2,621.004,387.944,20.0009,25.0608,30.0003,24.9412,24.9399,21.3147,76.5078,0,20,400,3.89706,102.034,103.405
51,1680812603,11849.1,20230406 13:23:23,13:23:23,b2.erobot.1,38.46317306,1680812595,0.009104009,25.48064032,371.1284235,292.9025413,29.92995628,37.92339064,0.662468494,2.288786931,0.5716022,0.364371885,321.4532655,23.35096239,23.5236129,2.91033333,44.10156869,1.316491322,2.985134908,1.593842008,-401.4867855,52.02451318,4.746985096,-23.26202174,0,0,1,0,54598,RECT-1505-20210918-17_20_47,10288.4,812.936,2752.91,0,0,-1,MPF-364-20230406-13_32_55,10263.5,2.376472,2.6096,0.089334764,0.5,1681.241187,25.48064032,75.09664229,0,0.015750649,1053.916462,-,0,0,0,0,0,0,0,1,364,300,300,300,10263.5,1.89,-0.0068478,-0.62,2000.049032,1681.241187,0.840599985,0.191199971,6,0.5,0: Broadleaf,2,1680812595,371.1284516,399.9811613,12.88353548,3.898900968,379.4724194,13.4300129,600.1390645,102.0777419,0.106268323,23.94522903,23.5236129,999.9,0,0,9978.148387,0,404.1793871,2000.049032,0.980001677,0.019998723,0,2.361745161,0,14732.4,16306.47419,41.95122581,44.433,42.804,42.375,41.34654839,1960.049032,40,0,48.79999995,0,2.376472,0.049292304,-524.3923084,14724.728,15,1680812513,13:21:52,1680812508,1680812513,31,0.021,0.011,-8.569,-0.548,400,7,0.14,0.01,-28.85891,0.216697936,0.052039921,1,2.331347059,0.022110735,0.180632998,1,9.00246475,-0.390404916,0.037593034,0,2,3,3-Feb,100,100,-8.344,-0.5469,-5.368311318,-0.007814304,-3.18E-07,6.48E-10,-0.420968583,-0.027428369,0.001386821,-3.01E-06,5,2011,2,27,1.6,1.5,2,621.589,387.689,19.999,25.0573,29.9998,24.935,24.9363,21.3215,76.5111,0,20,400,3.88838,102.04,103.41
52,1680812648,11894.1,20230406 13:24:08,13:24:08,b2.erobot.1,41.68952411,1680812640,0.008677567,25.66592446,371.0560051,287.5405211,29.38172434,37.9155787,0.615644458,2.291545921,0.53643316,0.341534657,321.4496083,23.49971381,23.55250333,2.915406131,43.4100066,1.296519798,2.986684176,1.618886333,-382.6806978,49.58474635,4.519777929,-7.126565232,0,0,1,0,54538,RECT-1505-20210918-17_20_47,10288.4,812.936,2752.91,0,0,-1,MPF-365-20230406-13_33_40,10263.7,2.302353846,2.8676,0.197114714,0.5,1681.22185,25.66592446,165.6967821,0,0.015861038,959.0048821,-,0,0,0,0,0,0,0,1,365,300,300,300,10263.7,1.33,-0.00684793,-0.62,2000.026,1681.22185,0.840599997,0.191199994,6,0.5,0: Broadleaf,2,1680812640,371.0560333,399.9341333,12.68822667,4.123043,379.3994,13.23623333,600.1597333,102.0776,0.1053001,23.95386333,23.55250333,999.9,0,0,9996,0,402.9853333,2000.026,0.980000833,0.019999507,0,2.30282,0,14496.30667,16306.26667,42,44.43493333,42.7996,42.41426667,41.3729,1960.025667,40.00033333,0,44,0,2.302353846,0.168376073,-396.5675209,14493.08462,15,1680812513,13:21:52,1680812508,1680812513,31,0.021,0.011,-8.569,-0.548,400,7,0.14,0.01,-28.884645,-0.117957974,0.061984627,1,2.296571429,0.189177299,0.192951829,1,8.605056,-0.763983715,0.074355147,0,2,3,3-Feb,100,100,-8.343,-0.5478,-5.368311318,-0.007814304,-3.18E-07,6.48E-10,-0.420968583,-0.027428369,0.001386821,-3.01E-06,5,2011,2,27,2.3,2.3,2,621.275,388.326,19.9995,25.0544,30.0001,24.937,24.9423,21.3328,73.3366,0,20,400,4.3482,102.042,103.414
53,1680813522,12767.6,20230406 13:38:41,13:38:41,b5.erobot.1,23.62687039,1680813514,0.012042149,24.07475574,371.4660403,317.909952,32.4826642,37.95479371,1.018956609,2.292481067,0.819849137,0.527027662,321.4434294,22.26420138,22.56406667,2.746175679,43.03576881,1.274925264,2.962478187,1.471250415,-531.0587794,155.0394606,14.04644713,-40.52944226,0,0,1,0,54705,RECT-1505-20210918-17_20_47,10288.4,812.936,2752.91,0,0,-1,MPF-366-20230406-13_48_13,10216.2,2.227642308,2.2924,0.028248862,0.5,1681.18685,24.07475574,23.74580805,0,0.014914913,1199.885535,-,0,0,0,0,0,0,0,1,366,300,300,300,10216.2,1.29,-0.00681687,-0.51,1999.984,1681.18685,0.84060015,0.1912003,6,0.5,0: Broadleaf,2,1680813514,371.4660667,400.0073,12.47777667,0.588707733,379.6663333,13.01661,600.1423667,102.0704667,0.105209167,23.81851,22.56406667,999.9,0,0,10002.74967,0,333.4540333,1999.984,0.979993733,0.02000626,0,2.231313333,0,11959.95,16305.89333,42.00413333,44.25,42.812,42.5,41.375,1959.974333,40.00966667,0,872.4000001,0,2.227642308,-0.21780172,-564.4136751,11959.86538,15,1680813475,13:37:54,1680813459,1680813475,34,0.132,0.015,-8.431,-0.487,401,3,0.09,0.02,-28.53959,0.118989118,0.067917464,1,2.250665714,-0.283805871,0.197389564,1,11.9330475,-0.889430769,0.088413022,0,2,3,3-Feb,100,100,-8.2,-0.5396,-5.222967728,-0.007814304,-3.18E-07,6.48E-10,-0.41016445,-0.027428369,0.001386821,-3.01E-06,5,2011,2,27,1,0.8,2,599.295,386.331,19.9989,25.1189,30.0005,24.9564,24.9414,21.3025,100,0,20,400,0,101.997,103.383
54,1680813567,12813.1,20230406 13:39:27,13:39:27,b5.erobot.1,21.09255777,1680813559,0.011494598,23.57899305,372.5167074,324.0273569,33.10742111,38.06180942,1.117882113,2.293140696,0.883000003,0.568830879,321.4436954,22.50914669,22.9113,2.804619125,50.52102228,1.502577079,2.974162065,1.302042045,-506.9117504,120.2482292,10.91401515,-54.30581068,0,0,1,0,54589,RECT-1505-20210918-17_20_47,10288.4,812.936,2752.91,0,0,-1,MPF-367-20230406-13_48_59,10214.6,2.230696,3.12183,0.285452443,0.5,1681.18825,23.57899305,239.9496465,0,0.014620012,880.825724,-,0,0,0,0,0,0,0,1,367,300,300,300,10214.6,1.81,-0.00681523,-0.33,1999.985667,1681.18825,0.840600149,0.191200299,6,0.5,0: Broadleaf,2,1680813559,372.5167333,400.3720667,14.70595,3.382663667,380.7252333,15.22259,600.1204,102.0696,0.1051714,23.88396333,22.9113,999.9,0,0,10007.10433,0,341.061,1999.985667,0.9799968,0.0200032,0,2.248353333,0,11503.62333,16305.91,42.02893333,44.25,42.812,42.4475,41.375,1959.976,40.00966667,0,44.4000001,0,2.230696,0.706815383,-326.7230764,11501.712,15,1680813475,13:37:54,1680813459,1680813475,34,0.132,0.015,-8.431,-0.487,401,3,0.09,0.02,-27.8718925,-0.134223265,0.097692444,1,2.270467647,-0.347123025,0.174304071,1,11.160975,2.546053283,0.278231204,0,2,3,3-Feb,100,100,-8.207,-0.5257,-5.222967728,-0.007814304,-3.18E-07,6.48E-10,-0.41016445,-0.027428369,0.001386821,-3.01E-06,5,2011,2,27,1.8,1.5,2,600.147,388.154,20.0016,25.1856,30.001,25.0199,25.0131,21.3264,84.9117,0,20,400,1.84544,101.978,103.365
55,1680813617,12863.1,20230406 13:40:17,13:40:17,b5.erobot.1,24.12445673,1680813609,0.011832541,23.14167765,372.4643412,318.1285782,32.50506889,38.05687354,0.959262126,2.290811211,0.780531983,0.501095606,321.4436844,22.39396496,22.67529667,2.764779882,41.91053957,1.246238583,2.973568453,1.518541298,-521.8150481,148.862982,13.50854272,-37.99983899,0,0,1,0,54507,RECT-1505-20210918-17_20_47,10288.4,812.936,2752.91,0,0,-1,MPF-368-20230406-13_49_49,10212.8,2.284296,2.3096,0.01095601,0.5,1681.19076,23.14167765,9.209571136,0,0.014359868,1190.942328,-,0,0,0,0,0,0,0,1,368,300,300,300,10212.8,1.57,-0.00681367,-0.53,1999.989,1681.19076,0.840600003,0.191200007,6,0.5,0: Broadleaf,2,1680813609,372.4643667,400.0072,12.19699333,0.511338333,380.6724667,12.73772333,600.1316667,102.0699333,0.105951267,23.88064333,22.67529667,999.9,0,0,9991.998333,0,344.7822,1999.989,0.9800011,0.01999883,0,2.27293,0,11148.42333,16305.97,42.062,44.29753333,42.812,42.51033333,41.43286667,1959.989,40,0,49.20000005,0,2.284296,-0.169623097,-416.100001,11144.388,15,1680813475,13:37:54,1680813459,1680813475,34,0.132,0.015,-8.431,-0.487,401,3,0.09,0.02,-27.586855,0.954535835,0.098272565,0,2.301394118,0.089429417,0.214852361,1,11.722465,-0.671642026,0.066803385,0,1,3,3-Jan,100,100,-8.21,-0.5413,-5.222967728,-0.007814304,-3.18E-07,6.48E-10,-0.41016445,-0.027428369,0.001386821,-3.01E-06,5,2011,2,27,2.6,2.4,2,601.207,385.67,20.0014,25.2833,30.0009,25.1027,25.0979,21.297,100,0,20,400,0,101.961,103.35
56,1680814139,13385.1,20230406 13:48:59,13:48:59,g1.erobot.1,22.48766546,1680814131,0.012866584,26.69108405,368.5792707,316.5002818,32.33622189,37.6570315,1.186921074,2.291857555,0.925596356,0.597139107,321.4417395,21.73258189,22.67708667,2.765080174,47.10220567,1.373622071,2.916258488,1.391458103,-567.4163626,108.7645385,9.849243119,-127.3608414,0,0,1,0,54614,RECT-1505-20210918-17_20_47,10288.4,812.936,2752.91,0,0,-1,MPF-369-20230406-13_58_31,10227.6,2.344892308,2.4056,0.025235988,0.5,1681.18318,26.69108405,21.21315913,0,0.016471188,1143.375624,-,0,0,0,0,0,0,0,1,369,300,300,300,10227.6,1.2,-0.00682352,-1.15,1999.980333,1681.18318,0.840599856,0.191199712,6,0.5,0: Broadleaf,2,1680814131,368.5793,400.0052333,13.44473,0.7541652,376.9815667,13.99568667,600.1433333,102.0615333,0.106533333,23.55735333,22.67708667,999.9,0,0,9999.59,0,280.2935,1999.980333,0.980006,0.0199944,0,2.331906667,0,12670.98667,16305.92667,41.562,43.562,42.312,41.812,40.875,1959.990333,39.99,0,521,0,2.344892308,1.070694006,-377.1692303,12670.03077,15,1680814068,13:47:48,1680814062,1680814068,37,-0.042,-0.055,-8.663,-0.56,402,7,0.15,0.08,-31.44148,0.375138462,0.059505719,1,2.339594286,0.386207436,0.210262425,1,12.7048675,-0.266425891,0.026021312,0,2,3,3-Feb,100,100,-8.402,-0.5514,-5.445905136,-0.007814304,-3.18E-07,6.48E-10,-0.430478829,-0.027428369,0.001386821,-3.01E-06,5,2011,2,27,1.3,1.2,2,625.707,387.331,20.0006,25.3022,30.0002,25.2327,25.2288,21.2684,100,0,20,400,0,101.954,103.34
57,1680814191,13436.6,20230406 13:49:50,13:49:50,g1.erobot.1,19.94745776,1680814183,0.012349636,26.32892506,369.4048044,322.3255537,32.93161245,37.74164262,1.319913814,2.290417912,1.00478688,0.649972837,321.4468642,22.01447159,22.88016333,2.799334415,53.48456281,1.570452167,2.93627186,1.228882247,-544.6189496,97.63808139,8.861429644,-116.6725744,0,0,1,0,54705,RECT-1505-20210918-17_20_47,10288.4,812.936,2752.91,0,0,-1,MPF-370-20230406-13_59_22,10226.7,2.319596,2.5908,0.104679636,0.5,1681.205038,26.32892506,87.99396538,0,0.016255557,1061.571407,-,0,0,0,0,0,0,0,1,370,300,300,300,10226.7,1.68,-0.00682282,-0.51,2000.005667,1681.205038,0.840600137,0.191200274,6,0.5,0: Broadleaf,2,1680814183,369.4048333,400.2912333,15.37115333,3.213132667,377.8135,15.89903667,600.0882,102.0618333,0.106958633,23.67087667,22.88016333,999.9,0,0,9990.247667,0,278.4441333,2000.005667,0.9799965,0.02000375,0,2.32761,0,12414.91,16306.07667,41.62913333,43.5935,42.375,41.87913333,40.937,1960.000333,40.00933333,0,50.4000001,0,2.319596,1.043869245,-172.3307687,12413.4,15,1680814068,13:47:48,1680814062,1680814068,37,-0.042,-0.055,-8.663,-0.56,402,7,0.15,0.08,-30.8496275,-0.646857411,0.075908926,0,2.311051429,0.296522114,0.208430806,1,12.070515,1.867384615,0.185306703,0,1,3,3-Jan,100,100,-8.408,-0.5363,-5.445905136,-0.007814304,-3.18E-07,6.48E-10,-0.430478829,-0.027428369,0.001386821,-3.01E-06,5,2011,2,27,2.1,2,2,625.916,388.649,20,25.3043,30.0003,25.2307,25.2288,21.2958,90.0905,0,20,400,0.248321,101.954,103.335
58,1680814235,13480.5,20230406 13:50:34,13:50:34,g1.erobot.1,22.85562012,1680814227,0.012763838,26.29380205,368.9964871,316.319394,32.31791716,37.69986327,1.150430481,2.290880377,0.903079396,0.582177768,321.4469828,21.83042126,22.73492258,2.774798173,46.4533647,1.359999179,2.927665602,1.414798994,-562.8852556,109.576863,9.933204182,-121.9282057,0,0,1,0,54452,RECT-1505-20210918-17_20_47,10288.4,812.936,2752.91,0,0,-1,MPF-371-20230406-14_00_06,10225.9,2.303132,2.3296,0.011361607,0.5,1681.205206,26.29380205,9.550596541,0,0.016234664,1180.709306,-,0,0,0,0,0,0,0,1,371,300,300,300,10225.9,1.65,-0.00682236,-0.83,2000.005806,1681.205206,0.840600163,0.191200326,6,0.5,0: Broadleaf,2,1680814227,368.9965161,399.993129,13.31131935,0.72022871,377.402,13.86351613,600.1355161,102.0619355,0.10668829,23.62214194,22.73492258,999.9,0,0,9993.22871,0,257.3972258,2000.005806,0.979993516,0.020006784,0,2.288003226,0,12328.67742,16306.04839,41.71951613,43.647,42.417,41.96748387,41,1959.994839,40.01096774,0,43.20000005,0,2.303132,-0.341569257,-189.6384615,12326.24,15,1680814068,13:47:48,1680814062,1680814068,37,-0.042,-0.055,-8.663,-0.56,402,7,0.15,0.08,-31.01651951,0.364777003,0.055148249,1,2.288242424,0.190915037,0.210639941,1,12.62795122,-0.662502439,0.0682561,0,2,3,3-Feb,100,100,-8.405,-0.5528,-5.445905136,-0.007814304,-3.18E-07,6.48E-10,-0.430478829,-0.027428369,0.001386821,-3.01E-06,5,2011,2,27,2.9,2.8,2,625.902,387.215,20.0012,25.3203,30.0004,25.2359,25.2356,21.2688,100,0,20,400,0,101.949,103.33
59,1680814668,13913.5,20230406 13:57:47,13:57:47,g5.erobot.2,29.03555852,1680814660,0.012389612,32.43306682,363.1150977,298.8405012,30.5227295,37.08755628,1.117011983,2.291641982,0.882335508,0.568401132,321.445174,21.91561648,22.48828333,2.733563073,45.45961071,1.327884265,2.921019877,1.405678808,-546.3819023,135.4248113,12.25460461,-77.25731238,0,0,1,0,54678,RECT-1505-20210918-17_20_47,10288.4,812.936,2752.91,0,0,-1,MPF-372-20230406-14_07_19,10264.5,2.320492,4.39215,0.471672871,0.5,1681.1986,32.43306682,396.4878851,0,0.019886447,625.7795954,-,0,0,0,0,0,0,0,1,372,300,300,300,10264.5,1.46,-0.00684932,0.15,1999.998333,1681.1986,0.840600001,0.191200001,6,0.5,0: Broadleaf,2,1680814660,363.1151333,400.0381,13.00098667,0.775416933,371.3525,13.54764,600.1455333,102.0307667,0.106424833,23.58442333,22.48828333,999.9,0,0,10001.21,0,427.2225,1999.998333,0.980001,0.0199994,0,2.32501,0,11955.87333,16306.04,41.7059,43.937,42.562,41.5434,40.9559,1959.998333,40,0,432.1000001,0,2.320492,0.837700011,-313.1384616,11952.312,15,1680814621,13:57:00,1680814609,1680814621,40,0.192,-0.058,-8.538,-0.511,401,4,0.08,0.04,-36.87695366,-1.079770035,0.122533197,0,2.322870588,0.371086117,0.188942757,1,12.27529512,-0.96172892,0.096135159,0,1,3,3-Jan,100,100,-8.237,-0.5488,-5.32481633,-0.007814304,-3.18E-07,6.48E-10,-0.422174767,-0.027428369,0.001386821,-3.01E-06,5,2011,2,27,1,0.8,2,624.22,387.152,20.0009,25.748,30.001,25.6714,25.6729,21.2111,100,0,20,400,0,101.831,103.214
60,1680814713,13958.5,20230406 13:58:32,13:58:32,g5.erobot.2,27.12438359,1680814705,0.011519538,32.39286003,363.8734977,303.4923924,30.99690285,37.16386882,1.19423396,2.292380383,0.930103371,0.600133655,321.4503876,22.31926124,22.83345333,2.791422838,52.80135674,1.553375614,2.941923674,1.238047224,-508.011637,107.4414302,9.742088346,-69.37773094,0,0,1,0,54547,RECT-1505-20210918-17_20_47,10288.4,812.936,2752.91,0,0,-1,MPF-373-20230406-14_08_04,10263.9,2.283932,2.0868,-0.094466168,0.5,1681.22604,32.39286003,-79.40949102,0,0.019862207,1318.201648,-,0,0,0,0,0,0,0,1,373,300,300,300,10263.9,1.47,-0.00684892,-0.75,2000.031,1681.22604,0.840599991,0.191199981,6,0.5,0: Broadleaf,2,1680814705,363.8735333,400.4491667,15.20918667,3.867605333,372.1169,15.73104333,600.1457,102.0277333,0.1063024,23.70281333,22.83345333,999.9,0,0,10006.28733,0,412.4285333,2000.031,0.9800019,0.0199985,0,2.292116667,0,11777.72667,16306.31333,41.8435,44.031,42.625,41.6229,41.062,1960.031,40,0,44,0,2.283932,-0.691930778,-92.78461512,11777.224,15,1680814621,13:57:00,1680814609,1680814621,40,0.192,-0.058,-8.538,-0.511,401,4,0.08,0.04,-36.5583439,-0.342620906,0.089737226,1,2.315074286,-0.424100196,0.22378892,1,11.09150415,4.032110801,0.432977852,0,2,3,3-Feb,100,100,-8.241,-0.5321,-5.32481633,-0.007814304,-3.18E-07,6.48E-10,-0.422174767,-0.027428369,0.001386821,-3.01E-06,5,2011,2,27,1.7,1.5,2,624.256,388.808,20.0001,25.849,30.0011,25.7651,25.7716,21.2298,83.5166,0,20,400,2.19586,101.806,103.19
61,1680814756,14002,20230406 13:59:16,13:59:16,g5.erobot.2,31.50041285,1680814748,0.012146082,32.43033598,363.1986977,294.6677501,30.09650293,37.09605365,1.029520982,2.291646152,0.826639547,0.531520241,321.4490827,22.14744982,22.62230667,2.755903126,43.58595141,1.284856181,2.947867695,1.471046945,-535.642196,137.6361413,12.47274058,-64.08423134,0,0,1,0,54531,RECT-1505-20210918-17_20_47,10288.4,812.936,2752.91,0,0,-1,MPF-374-20230406-14_08_48,10263.5,2.332688462,3.46437,0.326663012,0.5,1681.219305,32.43033598,274.5960809,0,0.019884578,793.6350996,-,0,0,0,0,0,0,0,1,374,300,300,300,10263.5,1.37,-0.00684868,-0.55,2000.023,1681.219305,0.840599986,0.191199971,6,0.5,0: Broadleaf,2,1680814748,363.1987333,400.0324667,12.57972333,0.589054767,371.4368,13.12974,600.1310333,102.0304333,0.1066445,23.73634333,22.62230667,999.9,0,0,10001.26967,0,409.4276333,2000.023,0.9800025,0.0199979,0,2.31665,0,11593.83,16306.24,41.9538,44.125,42.708,41.75,41.187,1960.031667,39.99966667,0,42.60000014,0,2.332688462,-0.522000003,-361.3196584,11592.00769,15,1680814621,13:57:00,1680814609,1680814621,40,0.192,-0.058,-8.538,-0.511,401,4,0.08,0.04,-36.86074634,0.702123345,0.092238845,0,2.332870588,-0.421422654,0.217121065,1,12.01310244,-0.716832753,0.08251776,0,1,3,3-Jan,100,100,-8.238,-0.5513,-5.32481633,-0.007814304,-3.18E-07,6.48E-10,-0.422174767,-0.027428369,0.001386821,-3.01E-06,5,2011,2,27,2.5,2.3,2,625.242,385.887,20.0022,25.9612,30.0011,25.8675,25.8757,21.1949,100,0,20,400,0,101.786,103.173
62,1680815302,14547.5,20230406 14:08:21,14:08:21,g8.erobot.1,36.93384768,1680815294,0.006620054,17.05632079,380.4270479,307.0717255,31.36411811,38.85658584,0.461807308,2.290924351,0.415642432,0.263538618,321.4479169,23.70984033,23.36209333,2.882114473,44.36162676,1.288525149,2.904594001,1.593589324,-291.9443849,15.90540063,1.445426783,46.8543594,0,0,1,0,54517,RECT-1505-20210918-17_20_47,10288.4,812.936,2752.91,0,0,-1,MPF-375-20230406-14_17_53,10264.8,2.296546154,2.0516,-0.119392744,0.5,1681.21038,17.05632079,-100.3621604,0,0.010740072,1340.83564,-,0,0,0,0,0,0,0,1,375,300,300,300,10264.8,1.84,-0.00684858,-1.36,2000.012,1681.21038,0.840600146,0.191200293,6,0.5,0: Broadleaf,2,1680815294,380.4270667,399.9975667,12.61536,6.080245667,388.8600667,13.15733,600.1308667,102.0352,0.104187967,23.49087333,23.36209333,999.9,0,0,9996.131667,0,443.2586333,2000.012,0.9799968,0.0200027,0,2.28926,0,11349.87333,16306.13667,41.2458,43.5,42.0956,41.0434,40.5,1960.002,40.01,0,544.4000001,0,2.296546154,0.286974366,-460.3008548,11349.91538,15,1680815266,14:07:45,1680815262,1680815266,42,-0.035,0.008,-8.585,-0.546,400,7,0.25,0.02,-19.56690244,-0.168085714,0.038883531,1,2.295670588,-0.229768524,0.169240234,1,6.61534,-1.370241533,0.139541998,0,2,3,3-Feb,100,100,-8.432,-0.5426,-5.384345018,-0.007814304,-3.18E-07,6.48E-10,-0.414320859,-0.027428369,0.001386821,-3.01E-06,5,2011,2,27,0.7,0.6,2,621.348,394.539,20.0023,25.1928,29.9999,25.2813,25.3088,21.2787,66.6963,0,20,400,6.18611,101.957,103.316
63,1680815346,14591.5,20230406 14:09:05,14:09:05,g8.erobot.1,40.8382657,1680815338,0.00616583,17.10826205,380.5216479,300.825051,30.7255281,38.86554178,0.418927243,2.293598863,0.380597055,0.241024042,321.4444973,23.89915593,23.44676667,2.896877642,43.82203157,1.276008606,2.911797013,1.620869036,-271.9130944,10.53354446,0.956743726,61.02169114,0,0,1,0,54706,RECT-1505-20210918-17_20_47,10288.4,812.936,2752.91,0,0,-1,MPF-376-20230406-14_18_37,10264.7,2.201216,2.2852,0.036751269,0.5,1681.194465,17.10826205,30.89301504,0,0.010771069,1203.669176,-,0,0,0,0,0,0,0,1,376,300,300,300,10264.7,2.05,-0.00684833,-0.11,1999.993333,1681.194465,0.840600034,0.191200069,6,0.5,0: Broadleaf,2,1680815338,380.5216667,399.9707667,12.49304333,6.405931667,388.9555,13.03590667,600.1664,102.0329667,0.104564767,23.53195333,23.44676667,999.9,0,0,10013.66467,0,448.5795667,1999.993333,0.979997,0.0200025,0,2.185343333,0,11050.06333,16305.98333,41.312,43.583,42.125,41.12913333,40.562,1959.983333,40.002,0,43.20000005,0,2.201216,-0.137576929,-363.6076928,11045.728,15,1680815266,14:07:45,1680815262,1680815266,42,-0.035,0.008,-8.585,-0.546,400,7,0.25,0.02,-19.4815,0.463490592,0.055156474,1,2.209541176,-0.571795435,0.22223285,1,6.134888293,-0.859789547,0.085426997,0,2,3,3-Feb,100,100,-8.435,-0.5427,-5.384345018,-0.007814304,-3.18E-07,6.48E-10,-0.414320859,-0.027428369,0.001386821,-3.01E-06,5,2011,2,27,1.4,1.3,2,622.091,394.471,20.0012,25.214,30.0001,25.2813,25.3109,21.2853,64.3952,0,20,400,6.65022,101.961,103.32
64,1680815389,14634.5,20230406 14:09:48,14:09:48,g8.erobot.1,44.61404235,1680815381,0.005628114,16.8828615,380.9539148,295.3203985,30.16283775,38.9091007,0.37842035,2.290798642,0.346810218,0.219375972,321.4478527,24.10201961,23.52180333,2.910015849,44.11478499,1.286582063,2.916441876,1.623433786,-248.199811,4.519332888,0.411196031,78.17857059,0,0,1,0,54682,RECT-1505-20210918-17_20_47,10288.4,812.936,2752.91,0,0,-1,MPF-377-20230406-14_19_20,10264.5,2.29865,3.11022,0.260936525,0.5,1681.21261,16.8828615,219.3448884,0,0.010636883,884.1174515,-,0,0,0,0,0,0,0,1,377,300,300,300,10264.5,1.65,-0.00684829,-0.27,2000.015,1681.21261,0.8406,0.191200001,6,0.5,0: Broadleaf,2,1680815381,380.9539333,399.9766333,12.59675667,7.040769667,389.3911333,13.13886,600.1329,102.0312667,0.104711433,23.55839667,23.52180333,999.9,0,0,9995.703667,0,400.3587,2000.015,0.979998067,0.020001673,0,2.3123,0,10763.16667,16306.17,41.375,43.68286667,42.17046667,41.187,40.625,1960.014667,40.00033333,0,42.10000014,0,2.29865,0.188523067,-279.5897438,10761.53077,15,1680815266,14:07:45,1680815262,1680815266,42,-0.035,0.008,-8.585,-0.546,400,7,0.25,0.02,-19.06347317,1.01417561,0.115983922,0,2.321726471,0.116014111,0.177116408,1,5.599356585,-0.739797491,0.076107598,0,1,3,3-Jan,100,100,-8.439,-0.5419,-5.384345018,-0.007814304,-3.18E-07,6.48E-10,-0.414320859,-0.027428369,0.001386821,-3.01E-06,5,2011,2,27,2.1,2,2,621.617,394.964,20.0001,25.2374,30.0004,25.2945,25.3281,21.2958,62.5339,0,20,400,7.27097,101.963,103.321
65,1680815765,15010.5,20230406 14:16:04,14:16:04,c5.erobot.1,41.01206835,1680815757,0.007878994,24.39639892,372.7828442,291.2333748,29.74548646,38.07464393,0.594859023,2.290765944,0.520540318,0.331238071,321.4461968,22.7790704,22.3637129,2.712940965,42.50725029,1.196575328,2.814991136,1.516365637,-347.4636492,75.15558801,6.778055814,55.91619136,0,0,1,0,54803,RECT-1505-20210918-17_20_47,10288.4,812.936,2752.91,0,0,-1,MPF-378-20230406-14_25_36,10233.8,2.282115385,2.7028,0.155647704,0.5,1681.201378,24.39639892,130.8375675,0,0.015106102,1017.540033,-,0,0,0,0,0,0,0,1,378,300,300,300,10233.8,1.62,-0.00682811,-0.71,2000.00129,1681.201378,0.840600147,0.191200293,6,0.5,0: Broadleaf,2,1680815757,372.782871,400.1112581,11.71548065,3.930264194,381.1460968,12.26564516,600.1134194,102.0296452,0.106610613,22.97226129,22.3637129,999.9,0,0,9995.650968,0,362.0042581,2000.00129,0.979992742,0.020006871,0,2.260148387,0,15003.73871,16306.01935,40.937,42.897,41.812,40.49187097,40.125,1959.985161,40.00967742,0,375.2,0,2.282115385,0.759001707,-1132.064958,14991.49615,15,1680815731,14:15:31,1680815731,1680815731,44,-0.008,0.012,-8.578,-0.537,400,6,0.07,0.02,-27.2532561,-1.782485017,0.208404319,0,2.2768,0.143771767,0.177583018,1,7.844830732,-1.053897282,0.113611339,0,1,3,3-Jan,100,100,-8.361,-0.5516,-5.374352059,-0.007814304,-3.18E-07,6.48E-10,-0.41687513,-0.027428369,0.001386821,-3.01E-06,5,2011,2,27,0.6,0.6,2,598.62,388.855,19.9986,25.0166,30.0003,25.1275,25.1491,21.2313,78.7429,0,20,400,3.37516,101.971,103.331
66,1680815807,15052.5,20230406 14:16:46,14:16:46,c5.erobot.1,45.04716918,1680815799,0.007826243,25.49395737,371.6577055,283.105291,28.91523696,37.95962478,0.565939166,2.292841583,0.498286125,0.316830713,321.4473901,22.77169766,22.28919667,2.700670306,40.07962469,1.126545244,2.810767947,1.574125062,-345.1373254,81.36944554,7.328129428,65.00763974,0,0,1,0,54871,RECT-1505-20210918-17_20_47,10288.4,812.936,2752.91,0,0,-1,MPF-379-20230406-14_26_18,10233.8,2.284038462,3.71416,0.385045754,0.5,1681.207331,25.49395737,323.6708724,0,0.015758888,740.1931635,-,0,0,0,0,0,0,0,1,379,300,300,300,10233.8,1.32,-0.00682826,0.04,2000.008333,1681.207331,0.840600163,0.191200326,6,0.5,0: Broadleaf,2,1680815799,371.6577333,400.0519667,11.02985667,3.292227,380.0120667,11.58303333,600.1776667,102.0293333,0.106648833,22.94746333,22.28919667,999.9,0,0,10009.11667,0,399.7158333,2000.008333,0.9799924,0.020007153,0,2.277316667,0,14383.04333,16306.08,41,42.91633333,41.812,40.5,40.125,1959.995333,40.011,0,41,0,2.284038462,0.247022223,-612.2564092,14381.61923,15,1680815731,14:15:31,1680815731,1680815731,44,-0.008,0.012,-8.578,-0.537,400,6,0.07,0.02,-28.36006341,-0.644918467,0.068481188,0,2.274308571,0.14783953,0.178100268,1,7.719756341,0.232645923,0.031202764,0,1,3,3-Jan,100,100,-8.354,-0.5536,-5.374352059,-0.007814304,-3.18E-07,6.48E-10,-0.41687513,-0.027428369,0.001386821,-3.01E-06,5,2011,2,27,1.3,1.3,2,600.312,387.654,20.0025,25.0338,30.0004,25.1363,25.1637,21.2227,80.769,0,20,400,3.09369,101.963,103.325
67,1680815851,15096.5,20230406 14:17:30,14:17:30,c5.erobot.1,49.33489771,1680815843,0.007547994,25.90706587,371.2740382,275.5574317,28.14388632,37.91984219,0.525126575,2.290832722,0.466293288,0.296168104,321.4369046,22.9059936,22.39803,2.718608383,38.89811585,1.096212002,2.818162211,1.622396381,-332.8665385,73.21650504,6.604755694,68.39162679,0,0,1,0,54685,RECT-1505-20210918-17_20_47,10288.4,812.936,2752.91,0,0,-1,MPF-380-20230406-14_27_02,10233.6,2.279192,2.3768,0.041066981,0.5,1681.15242,25.90706587,34.51992709,0,0.016005132,1157.242174,-,0,0,0,0,0,0,0,1,380,300,300,300,10233.6,1.56,-0.00682834,-0.77,1999.943,1681.15242,0.840600167,0.191200334,6,0.5,0: Broadleaf,2,1680815843,371.2740667,399.9756667,10.73303667,3.268094667,379.6253,11.28714,600.1639,102.0275667,0.106809267,22.99086,22.39803,999.9,0,0,9996.286667,0,415.1425,1999.943,0.9799924,0.020007153,0,2.326743333,0,13985.71,16305.57,41.02066667,43,41.8162,40.55993333,40.1808,1959.933,40.01,0,43.20000005,0,2.279192,0.02674617,-456.1769238,13980.344,15,1680815731,14:15:31,1680815731,1680815731,44,-0.008,0.012,-8.578,-0.537,400,6,0.07,0.02,-28.70322195,0.088509408,0.057758021,1,2.283426471,0.195464074,0.198287411,1,7.482921463,-0.366714146,0.038766182,0,2,3,3-Feb,100,100,-8.351,-0.5542,-5.374352059,-0.007814304,-3.18E-07,6.48E-10,-0.41687513,-0.027428369,0.001386821,-3.01E-06,5,2011,2,27,2,2,2,600.209,387.68,20.0019,25.0659,30.0005,25.1573,25.1872,21.2287,77.4,0,20,400,3.62505,101.957,103.318
68,1680816371,15617.1,20230406 14:26:11,14:26:11,h7.erobot.1,30.38364089,1680816363,0.011490831,27.71908697,368.031421,302.3191015,30.87527942,37.58635463,0.912303008,2.292444564,0.74916082,0.480435471,321.4460532,22.61319541,22.79685161,2.785237044,41.75953653,1.249713059,2.992641114,1.535523985,-506.74564,147.0939515,13.3538992,-24.85173606,0,0,1,0,54342,RECT-1505-20210918-17_20_47,10288.4,812.936,2752.91,0,0,-1,MPF-381-20230406-14_35_43,10267.3,2.330065385,2.594,0.101748117,0.5,1681.200571,27.71908697,85.52949616,0,0.017082487,1060.260601,-,0,0,0,0,0,0,0,1,381,300,300,300,10267.3,1.64,-0.00685097,-0.5,2000.000323,1681.200571,0.84060015,0.1912003,6,0.5,0: Broadleaf,2,1680816363,368.0314516,399.9717742,12.23671935,0.889252484,376.3459677,12.77070645,600.1456129,102.0212903,0.106822871,23.98702581,22.79685161,999.9,0,0,10007.33484,0,341.7519677,2000.000323,0.979993419,0.0200061,0,2.317951613,0,11198.00968,16306.02258,41.375,43.75,42.187,41.44106452,40.75,1959.990323,40.01,0,519.8,0,2.330065385,0.122964093,-303.5418806,11195.05385,15,1680816296,14:24:55,1680816280,1680816296,48,-0.021,0.03,-8.553,-0.537,398,12,0.13,0.02,-31.95832683,0.857144948,0.102971213,0,2.308048485,0.434259444,0.178877983,1,11.37505366,-0.616279443,0.062596513,0,1,3,3-Jan,100,100,-8.317,-0.5346,-5.363124133,-0.007814304,-3.18E-07,6.48E-10,-0.40363138,-0.027428369,0.001386821,-3.01E-06,5,2011,2,27,1.5,1.3,2,624.366,383.535,20.0008,25.2024,29.9999,25.1507,25.1536,21.1918,100,0,20,400,0.104031,101.992,103.347
69,1680816412,15657.6,20230406 14:26:51,14:26:51,h7.erobot.1,26.92247571,1680816404,0.010628817,26.57923665,370.0020674,311.1660679,31.77842663,37.78716501,0.987250836,2.290565577,0.79900577,0.513278309,321.4455902,22.9890175,23.21424194,2.856493656,50.73913496,1.527101594,3.009711528,1.329392062,-468.7308245,107.1262843,9.758648599,-30.40030132,0,0,1,0,54396,RECT-1505-20210918-17_20_47,10288.4,812.936,2752.91,0,0,-1,MPF-382-20230406-14_36_23,10266.7,2.254072,2.3652,0.04698461,0.5,1681.198132,26.57923665,39.49521945,0,0.016404513,1162.922713,-,0,0,0,0,0,0,0,1,382,300,300,300,10266.7,1.1,-0.00685051,-0.97,1999.997419,1681.198132,0.840600151,0.191200302,6,0.5,0: Broadleaf,2,1680816404,370.0020968,400.5075806,14.95298065,4.485305161,378.3320968,15.45984194,600.1266129,102.0202258,0.106676548,24.08173871,23.21424194,999.9,0,0,9995.277419,0,384.6508387,1999.997419,0.979994871,0.020004629,0,2.256003226,0,11026.47419,16306.0129,41.48780645,43.804,42.25,41.514,40.83029032,1959.987097,40.01,0,40,0,2.254072,-0.388523079,-155.7923078,11021.648,15,1680816296,14:24:55,1680816280,1680816296,48,-0.021,0.03,-8.553,-0.537,398,12,0.13,0.02,-30.65225854,2.707919164,0.309122479,0,2.229469697,0.41564105,0.223818218,1,10.14072317,5.517360209,0.60476776,0,1,3,3-Jan,100,100,-8.328,-0.5189,-5.363124133,-0.007814304,-3.18E-07,6.48E-10,-0.40363138,-0.027428369,0.001386821,-3.01E-06,5,2011,2,27,2.2,1.9,2,623.196,385.667,20.0033,25.1934,29.9999,25.1317,25.1345,21.2272,82.5496,0,20,400,2.58844,102.004,103.352
70,1680816450,15696.1,20230406 14:27:30,14:27:30,h7.erobot.1,31.39378332,1680816442,0.010868261,26.3475729,369.7060043,302.6759686,30.91068967,37.75611134,0.839260838,2.293551977,0.69912404,0.447581206,321.4442469,22.87108722,22.92511333,2.806966404,41.66520036,1.250923975,3.002323195,1.556042429,-479.2903024,137.9550397,12.52970758,-7.361308238,0,0,1,0,54333,RECT-1505-20210918-17_20_47,10288.4,812.936,2752.91,0,0,-1,MPF-383-20230406-14_37_02,10266.6,2.325332,2.5468,0.086959322,0.5,1681.19106,26.3475729,73.09761696,0,0.016266785,1079.929009,-,0,0,0,0,0,0,0,1,383,300,300,300,10266.6,0.99,-0.0068505,-0.35,1999.989,1681.19106,0.840600154,0.191200307,6,0.5,0: Broadleaf,2,1680816442,369.7060333,400.0648,12.24898667,1.516279,378.0337667,12.78286667,600.1357333,102.0183667,0.106324033,24.04080333,22.92511333,999.9,0,0,10014.794,0,357.1934,1999.989,0.979995,0.0200045,0,2.332436667,0,10852.25,16305.94,41.625,43.8874,42.312,41.5998,40.9454,1959.978333,40.01,0,37.5999999,0,2.325332,-0.503276935,-142.061539,10852.12,15,1680816296,14:24:55,1680816280,1680816296,48,-0.021,0.03,-8.553,-0.537,398,12,0.13,0.02,-30.42142683,1.354245993,0.136122414,0,2.338758824,-0.151217244,0.215295361,1,10.75139268,-0.391578397,0.055438322,0,1,3,3-Jan,100,100,-8.329,-0.5356,-5.363124133,-0.007814304,-3.18E-07,6.48E-10,-0.40363138,-0.027428369,0.001386821,-3.01E-06,5,2011,2,27,2.8,2.6,2,623.737,383.309,20.001,25.2024,30.0002,25.1278,25.1344,21.1949,89.9846,0,20,400,1.34441,102.002,103.356
71,1680816853,16099.1,20230406 14:34:13,14:34:13,i4.erobot.1,44.83659174,1680816845,0.007994494,25.79807551,371.2539716,282.8839947,28.88653117,37.9103789,0.575379941,2.29013564,0.505527531,0.321521263,321.4495911,23.67875351,24.15450667,3.022884503,48.45470319,1.443345607,2.978752343,1.579538897,-352.5571917,-30.23553796,-2.765526123,-64.10866473,0,0,1,0,54603,RECT-1505-20210918-17_20_47,10288.4,812.936,2752.91,0,0,-1,MPF-384-20230406-14_43_45,10273.9,2.322688,2.7436,0.15341595,0.5,1681.221841,25.79807551,128.9631228,0,0.015939643,1002.393352,-,0,0,0,0,0,0,0,1,384,300,300,300,10273.9,1.68,-0.0068562,-0.28,2000.026,1681.221841,0.840599993,0.191199985,6,0.5,0: Broadleaf,2,1680816845,371.254,400.0132667,14.13459333,6.254960333,379.6188,14.66994333,600.1418,102.0087,0.1057063,23.90961667,24.15450667,999.9,0,0,9993.625,0,246.2329333,2000.026,0.9799982,0.0200015,0,2.33236,0,9383.034667,16306.26667,41.687,43.75,42.437,42.00413333,41.062,1960.024667,40,0,402.2,0,2.322688,1.260238452,-236.6830773,9380.4944,15,1680816815,14:33:35,1680816807,1680816815,50,-0.057,0.009,-8.589,-0.551,400,7,0.05,0.02,-28.76147317,0.22101324,0.055597263,1,2.304314706,0.861428571,0.235066873,1,7.888427805,-0.17563338,0.019491588,0,2,3,3-Feb,100,100,-8.365,-0.5367,-5.387916085,-0.007814304,-3.18E-07,6.48E-10,-0.421959425,-0.027428369,0.001386821,-3.01E-06,5,2011,2,27,0.8,0.6,2,619.603,385.71,20.0035,25.3056,30.0013,25.2053,25.2156,21.2696,69.7642,0,20,400,6.12854,101.946,103.296
72,1680816908,16153.6,20230406 14:35:07,14:35:07,i4.erobot.1,47.06328135,1680816900,0.007737514,25.50701456,371.5833719,279.6085069,28.54947453,37.94058389,0.541972719,2.290440158,0.479534138,0.304717137,321.4490965,23.80234195,24.18878,3.029106349,47.47310267,1.417464151,2.985825808,1.611642198,-341.2243495,-29.59868568,-2.707923878,-52.08186252,0,0,1,0,54516,RECT-1505-20210918-17_20_47,10288.4,812.936,2752.91,0,0,-1,MPF-385-20230406-14_44_39,10274.2,2.232023077,2.2068,-0.011429707,0.5,1681.219061,25.50701456,-9.607920449,0,0.015766544,1246.46692,-,0,0,0,0,0,0,0,1,385,300,300,300,10274.2,1.18,-0.00685524,0.17,2000.022667,1681.219061,0.840600004,0.191200007,6,0.5,0: Broadleaf,2,1680816900,371.5834,399.9589,13.88239333,6.254081667,379.9508,14.42050333,600.1405333,101.9994333,0.1057381,23.94908,24.18878,999.9,0,0,9996.503333,0,215.9440333,2000.022667,0.979998,0.0200017,0,2.256386667,0,9191.906667,16306.23667,41.7934,43.812,42.5,42.13326667,41.187,1960.020667,40.00066667,0,53.60000014,0,2.232023077,0.061962401,-136.4218804,9191.603846,15,1680816815,14:33:35,1680816807,1680816815,50,-0.057,0.009,-8.589,-0.551,400,7,0.05,0.02,-28.40023902,0.426359582,0.073081718,1,2.230151429,0.248616047,0.176821622,1,7.65030439,-0.362428432,0.036517029,0,2,3,3-Feb,100,100,-8.367,-0.538,-5.387916085,-0.007814304,-3.18E-07,6.48E-10,-0.421959425,-0.027428369,0.001386821,-3.01E-06,5,2011,2,27,1.7,1.5,2,620.457,385.258,19.9949,25.4899,30.0014,25.3451,25.3545,21.2811,67.7008,0,20,400,6.3958,101.906,103.26
73,1680816953,16198.6,20230406 14:35:52,14:35:52,i4.erobot.1,48.61450443,1680816945,0.007494359,25.29402074,371.8901334,277.4865318,28.3312392,37.96980077,0.520297821,2.29118546,0.462485829,0.293710738,321.4453885,23.9158187,24.22042258,3.034860555,47.34267524,1.416453194,2.99191625,1.618407361,-330.501211,-29.32780165,-2.683156403,-41.06678057,0,0,1,0,54428,RECT-1505-20210918-17_20_47,10288.4,812.936,2752.91,0,0,-1,MPF-386-20230406-14_45_24,10272.8,2.386116,2.838,0.159226216,0.5,1681.199729,25.29402074,133.8455353,0,0.015640034,969.017618,-,0,0,0,0,0,0,0,1,386,300,300,300,10272.8,1.47,-0.00685582,-0.32,1999.999677,1681.199729,0.8406,0.1912,6,0.5,0: Broadleaf,2,1680816945,371.8901613,399.964871,13.87326129,6.484555484,380.2599677,14.41147742,600.1365484,101.9936452,0.105865839,23.98299355,24.22042258,999.9,0,0,10001.89452,0,233.9766774,1999.999677,0.979998774,0.020000926,0,2.372883871,0,9075.371935,16306.04194,41.875,43.879,42.562,42.23577419,41.25,1959.999677,40,0,43.70000005,0,2.386116,-0.075276925,-180.294615,9074.0444,15,1680816815,14:33:35,1680816807,1680816815,50,-0.057,0.009,-8.589,-0.551,400,7,0.05,0.02,-28.1007878,0.597526829,0.073212931,0,2.342894118,0.809154426,0.173443673,1,7.423143902,-0.665123206,0.066779403,0,1,3,3-Jan,100,100,-8.371,-0.538,-5.387916085,-0.007814304,-3.18E-07,6.48E-10,-0.421959425,-0.027428369,0.001386821,-3.01E-06,5,2011,2,27,2.4,2.3,2,620.437,385.313,20.0025,25.6362,30.0015,25.4668,25.4752,21.2939,66.1715,0,20,400,6.67994,101.875,103.231
74,1680817377,16622.6,20230406 14:42:56,14:42:56,d6.erobot.2,39.23429916,1680817369,0.008073394,23.30917208,373.7764078,295.1667859,30.13986541,38.16679641,0.59410191,2.291217446,0.519972368,0.330869078,321.447826,23.09937543,22.43324667,2.724435133,40.5829593,1.169223104,2.881069109,1.555212029,-356.0366801,113.9925825,10.30229434,89.70602271,0,0,1,0,54807,RECT-1505-20210918-17_20_47,10288.4,812.936,2752.91,0,0,-1,MPF-387-20230406-14_52_28,10287,2.212765385,2.5396,0.128695312,0.5,1681.21486,23.30917208,108.1822358,0,0.014459289,1082.993542,-,0,0,0,0,0,0,0,1,387,300,300,300,10287,1.46,-0.00686408,-0.12,2000.018,1681.21486,0.840599865,0.191199729,6,0.5,0: Broadleaf,2,1680817369,373.7764333,400.0959667,11.45047667,3.471734667,382.1661333,11.99130333,600.1660333,102.0044,0.106904,23.35608333,22.43324667,999.9,0,0,10001.047,0,293.4881,2000.018,0.9800045,0.0199956,0,2.224363333,0,9367.356,16306.22,40.937,42.75,41.687,41.062,40.312,1960.026667,39.99133333,0,423,0,2.212765385,0.003709409,-438.7658115,9364.046154,15,1680817347,14:42:26,1680817339,1680817347,52,-0.167,0.016,-8.594,-0.509,400,4,0.1,0.02,-26.39769268,1.181908014,0.154258414,0,2.222802857,-0.220943249,0.186542917,1,7.886826585,1.204206272,0.22871545,0,1,3,3-Jan,100,100,-8.388,-0.5422,-5.392933135,-0.007814304,-3.18E-07,6.48E-10,-0.406231929,-0.027428369,0.001386821,-3.01E-06,5,2011,2,27,0.6,0.5,2,594.473,382.674,20.0005,25.3351,30.0002,25.3321,25.3387,21.2585,78.7805,0,20,400,3.38296,101.928,103.289
75,1680817431,16676.6,20230406 14:43:50,14:43:50,d6.erobot.2,43.27149998,1680817423,0.007685312,23.40545552,373.6991743,288.3896426,29.44648057,38.15714522,0.540897716,2.291142526,0.47870815,0.304182132,321.4471501,23.2764399,22.46429333,2.729580999,38.80029275,1.121244965,2.889784808,1.608336033,-338.9222726,116.3361482,10.51876655,109.3797923,0,0,1,0,54632,RECT-1505-20210918-17_20_47,10288.4,812.936,2752.91,0,0,-1,MPF-388-20230406-14_53_22,10286.8,2.297708,2.2976,-4.70E-05,0.5,1681.21148,23.40545552,-0.039513153,0,0.014516589,1197.167653,-,0,0,0,0,0,0,0,1,388,300,300,300,10286.8,1.18,-0.0068642,-0.97,2000.014,1681.21148,0.840599856,0.191199712,6,0.5,0: Broadleaf,2,1680817423,373.6992,399.9694,10.98112333,3.382301667,382.0883,11.52388333,600.1656,101.9999333,0.106648233,23.40613333,22.46429333,999.9,0,0,10001,0,288.5726,2000.014,0.9800052,0.0199949,0,2.31273,0,9167.879,16306.18667,40.9874,42.75,41.67873333,41.125,40.312,1960.023333,39.99066667,0,52.80000019,0,2.297708,0.515815389,-453.3923068,9166.1756,15,1680817347,14:42:26,1680817339,1680817347,52,-0.167,0.016,-8.594,-0.509,400,4,0.1,0.02,-26.29270488,0.3366,0.053752622,1,2.284967647,0.358832348,0.158622963,1,7.611166829,-0.226065157,0.025608902,0,2,3,3-Feb,100,100,-8.39,-0.5427,-5.392933135,-0.007814304,-3.18E-07,6.48E-10,-0.406231929,-0.027428369,0.001386821,-3.01E-06,5,2011,2,27,1.5,1.4,2,595.747,382.433,20.0024,25.3884,30.0005,25.3558,25.3686,21.2632,78.2162,0,20,400,3.49841,101.92,103.282
76,1680817483,16729.1,20230406 14:44:43,14:44:43,d6.erobot.2,44.47292974,1680817475,0.00740273,23.14746598,374.0823412,286.9668259,29.29998703,38.19468579,0.520484396,2.290435527,0.462616701,0.293796693,321.4451975,23.35169804,22.43553,2.724813297,38.85848301,1.121761412,2.886786425,1.603051884,-326.4604054,117.7277008,10.6453923,123.3578851,0,0,1,0,54580,RECT-1505-20210918-17_20_47,10288.4,812.936,2752.91,0,0,-1,MPF-389-20230406-14_54_15,10286.6,2.274396154,2.0304,-0.120171471,0.5,1681.20138,23.14746598,-101.0162211,0,0.01436322,1354.846139,-,0,0,0,0,0,0,0,1,389,300,300,300,10286.6,1.43,-0.0068638,-0.19,2000.002,1681.20138,0.840599849,0.191199699,6,0.5,0: Broadleaf,2,1680817475,374.0823667,399.9918333,10.98663667,3.66728,382.4744667,11.52935333,600.1674333,101.9957333,0.106615767,23.38893,22.43553,999.9,0,0,9996.836,0,277.5111,2000.002,0.9800057,0.0199944,0,2.250263333,0,9009.843667,16306.11,41,42.75,41.67873333,41.18286667,40.3666,1960.012,39.99,0,51.39999986,0,2.274396154,0.689343583,-469.0447863,9009.186923,15,1680817347,14:42:26,1680817339,1680817347,52,-0.167,0.016,-8.594,-0.509,400,4,0.1,0.02,-25.92236585,0.501844599,0.061665287,0,2.283485714,0.052640313,0.221848274,1,7.329394634,-0.218577073,0.021583074,0,1,3,3-Jan,100,100,-8.393,-0.5428,-5.392933135,-0.007814304,-3.18E-07,6.48E-10,-0.406231929,-0.027428369,0.001386821,-3.01E-06,5,2011,2,27,2.4,2.3,2,595.517,382.422,20.0022,25.4509,30.0005,25.3874,25.3966,21.2696,76.9271,0,20,400,3.71521,101.916,103.276
77,1680817914,17160,20230406 14:51:54,14:51:54,j1.erobot.2,21.02257772,1680817908,0.006907474,10.42278781,386.9532159,340.9402596,34.81252668,39.51079045,0.49579019,2.291670478,0.443011145,0.281154298,321.4456612,23.60908721,22.82275455,2.789613471,42.32481849,1.228872884,2.903433322,1.560740587,-304.6196009,81.72623525,7.404089872,105.9563854,0,0,1,0,54783,RECT-1505-20210918-17_20_47,10288.4,812.936,2752.91,0,0,-1,MPF-391-20230406-15_01_26,10327.2,2.317164,2.3404,0.009928217,0.5,1681.200804,10.42278781,8.345663538,0,0.006794422,1175.256196,-,0,0,0,0,0,0,0,1,391,300,300,300,10327.2,1.36,-0.00689044,-0.25,2000.000909,1681.200804,0.84060002,0.19120004,6,0.5,0: Broadleaf,2,1680817908,386.9532273,400.0451364,12.0351,5.212711364,395.3985455,12.57779545,600.1717727,102.0024545,0.104954909,23.48424545,22.82275455,999.9,0,0,10004.17045,0,230.9367727,2000.000909,0.979999636,0.020000609,0,2.343640909,0,6847.900909,16306.05909,40.812,42.77818182,41.5,40.63063636,40.125,1960,40.00136364,0,23,0,2.317164,0.119269236,-271.7223084,6854.706,15,1680817883,14:51:22,1680817881,1680817883,54,-0.087,0.012,-8.542,-0.534,399,6,0.64,0.02,-13.0307275,-0.43992833,0.14918431,1,2.298548571,0.34441409,0.219091636,1,7.0103675,-2.264374109,0.326848019,0,2,3,3-Feb,100,100,-8.447,-0.5437,-5.345788928,-0.007814304,-3.18E-07,6.48E-10,-0.41114237,-0.027428369,0.001386821,-3.01E-06,5,2011,2,27,0.6,0.5,2,619.91,386.154,20.0004,25.0734,30.0001,25.1163,25.1327,21.319,70.9968,0,20,400,4.95153,101.997,103.342
78,1680817949,17195,20230406 14:52:29,14:52:29,j1.erobot.2,22.56453191,1680817942,0.006722618,10.52515726,386.8741608,338.1377111,34.52686513,39.50328974,0.466446958,2.291765451,0.419415702,0.265964106,321.4474498,23.70401397,22.8266069,2.790264858,40.74529867,1.185471848,2.909469034,1.60479301,-296.4674661,85.5089311,7.747970325,118.2368851,0,0,1,0,54392,RECT-1505-20210918-17_20_47,10288.4,812.936,2752.91,0,0,-1,MPF-392-20230406-15_02_01,10327.3,2.247365385,1.7816,-0.261430952,0.5,1681.209662,10.52515726,-219.7601215,0,0.006855277,1544.189717,-,0,0,0,0,0,0,0,1,392,300,300,300,10327.3,1.33,-0.00688958,-0.59,2000.011379,1681.209662,0.840600048,0.191200097,6,0.5,0: Broadleaf,2,1680817942,386.8741724,399.996931,11.60987931,4.966932759,395.3187931,12.15491379,600.1465862,102.0034828,0.105403655,23.51868621,22.8266069,999.9,0,0,10004.68448,0,217.7901379,2000.011379,0.979998414,0.020001821,0,2.247317241,0,6708.42931,16306.12414,40.875,42.9092069,41.57068966,40.69134483,40.19134483,1960.007931,40.00344828,0,34.20000005,0,2.247365385,-0.264160697,-206.3189744,6708.151923,15,1680817883,14:51:22,1680817881,1680817883,54,-0.087,0.012,-8.542,-0.534,399,6,0.64,0.02,-13.1068125,-0.22618424,0.042109222,1,2.249582353,-0.053411665,0.236439576,1,6.681894,-0.682112645,0.066464761,0,2,3,3-Feb,100,100,-8.445,-0.5454,-5.345788928,-0.007814304,-3.18E-07,6.48E-10,-0.41114237,-0.027428369,0.001386821,-3.01E-06,5,2011,2,27,1.1,1.1,2,620.49,386.471,20,25.0692,30,25.1001,25.1218,21.3207,70.3482,0,20,400,5.16506,102,103.347
79,1680817986,17231.5,20230406 14:53:05,14:53:05,j1.erobot.2,24.91226895,1680817978,0.006338261,10.7840714,386.7181495,334.1054315,34.11480416,39.48697833,0.432881943,2.292501336,0.392071012,0.248389665,321.4474648,23.82564307,22.84655161,2.793639403,40.39627882,1.175031369,2.908761408,1.618608034,-279.5173108,82.57270511,7.48011902,131.9829781,0,0,1,0,54677,RECT-1505-20210918-17_20_47,10288.4,812.936,2752.91,0,0,-1,MPF-393-20230406-15_02_37,10326.7,2.26535,2.418,0.063130687,0.5,1681.209116,10.7840714,53.06794283,0,0.007009284,1137.507031,-,0,0,0,0,0,0,0,1,393,300,300,300,10326.7,1.37,-0.00689078,-0.56,2000.010645,1681.209116,0.840600084,0.191200168,6,0.5,0: Broadleaf,2,1680817978,386.7181613,399.9497097,11.50774194,5.244144839,395.1614839,12.05327419,600.1652258,102.0027419,0.105158581,23.51465161,22.84655161,999.9,0,0,10009.52226,0,208.9037419,2000.010645,0.979997742,0.020002484,0,2.24853871,0,6607.653871,16306.12581,40.937,43.006,41.653,40.687,40.254,1960.005161,40.00580645,0,35.60000014,0,2.26535,-0.235388041,-82.01948722,6606.368077,15,1680817883,14:51:22,1680817881,1680817883,54,-0.087,0.012,-8.542,-0.534,399,6,0.64,0.02,-13.2432825,0.234861163,0.060312216,1,2.229627273,0.08857597,0.165982303,1,6.3258955,-1.282758349,0.132075673,0,2,3,3-Feb,100,100,-8.443,-0.5453,-5.345788928,-0.007814304,-3.18E-07,6.48E-10,-0.41114237,-0.027428369,0.001386821,-3.01E-06,5,2011,2,27,1.8,1.7,2,620.732,386.389,20.0008,25.0701,30.0003,25.0981,25.1197,21.3292,69.388,0,20,400,5.41227,102.001,103.347
80,1680818220,17465.5,20230406 14:56:59,14:56:59,e7.erobot.1,28.14350418,1680818213,0.001856511,3.200342773,395.9593298,340.0317149,34.7195198,40.43010458,0.113715149,2.295280372,0.11067549,0.069438515,321.4449054,25.18837296,23.1016875,2.837123145,40.04981148,1.157854528,2.891036149,1.679268617,-81.87213799,38.5609452,3.491654855,281.6253675,0,0,1,0,54614,RECT-1505-20210918-17_20_47,10288.4,812.936,2752.91,0,0,-1,MPF-394-20230406-15_06_31,10252.5,2.30364,2.3465,0.018265502,0.5,1681.1994,3.200342773,15.35397534,0,0.00249842,1172.198381,-,0,0,0,0,0,0,0,1,394,300,300,300,10252.5,0.89,-0.00684056,-0.32,1999.999583,1681.1994,0.840599875,0.19119975,6,0.5,0: Broadleaf,2,1680818213,395.9593333,399.8915,11.33965167,9.505722083,404.4605833,11.90313792,600.5003333,101.999375,0.107335292,23.41330833,23.1016875,999.9,0,0,10027.86167,0,59.39452917,1999.999583,0.980003875,0.019996296,0,2.2753125,0,2799.8975,16306.07083,40.812,42.64566667,41.61975,40.5,40.125,1960.007917,39.99166667,0,233.4000001,0,2.30364,-1.058907704,-411.9961531,2804.3456,15,1680818208,14:56:47,1680818188,1680818208,55,0.014,-0.022,-8.534,-0.572,400,9,0.83,0.03,-2.372756155,-24.75273174,2.621167534,0,2.28326,-0.050785961,0.186155085,1,1.109229273,11.19411864,1.186926087,0,1,3,3-Jan,100,100,-8.486,-0.5611,-5.3315252,-0.007814304,-3.18E-07,6.48E-10,-0.433476635,-0.027428369,0.001386821,-3.01E-06,5,2011,2,27,0.5,0.2,2,615.609,392.683,19.9978,24.8188,30,24.891,24.907,21.4027,54.4567,0,20,400,9.25189,102.042,103.387
81,1680818253,17499,20230406 14:57:33,14:57:33,e7.erobot.1,21.69438366,1680818246,0.003236391,4.697591484,394.0583652,348.5136348,35.58404773,40.23426999,0.216534913,2.288946421,0.205764452,0.129525809,321.4471657,24.721568,23.07183704,2.832005227,43.57303085,1.258243845,2.887666569,1.573761382,-142.7248292,39.75316548,3.608671393,222.0841733,0,0,1,0,54580,RECT-1505-20210918-17_20_47,10288.4,812.936,2752.91,0,0,-1,MPF-395-20230406-15_07_05,10251.9,2.284492,1.7524,-0.303636156,0.5,1681.211544,4.697591484,-255.2383055,0,0.00338898,1569.937001,-,0,0,0,0,0,0,0,1,395,300,300,300,10251.9,1.2,-0.00684026,-0.49,2000.014074,1681.211544,0.840599857,0.191199714,6,0.5,0: Broadleaf,2,1680818246,394.0583704,400.0298519,12.32336296,9.127624444,402.5447778,12.88642222,600.1443704,101.9976667,0.104644926,23.39398148,23.07183704,999.9,0,0,9987.013333,0,58.10967037,2000.014074,0.980005222,0.019994904,0,2.295037037,0,2602.466296,16306.18889,40.875,42.55051852,41.58066667,40.5,40.125,1960.023704,39.99074074,0,32.4000001,0,2.284492,-0.228038473,-276.2661535,2605.1992,15,1680818208,14:56:47,1680818188,1680818208,55,0.014,-0.022,-8.534,-0.572,400,9,0.83,0.03,-5.96791825,-0.094256398,0.046482536,1,2.2774,0.208262877,0.170660949,1,3.175592,0.254757298,0.03879742,0,2,3,3-Feb,100,100,-8.486,-0.5639,-5.3315252,-0.007814304,-3.18E-07,6.48E-10,-0.433476635,-0.027428369,0.001386821,-3.01E-06,5,2011,2,27,1.1,0.8,2,618.553,393.072,19.9994,24.7856,30,24.854,24.875,21.3881,55.6595,0,20,400,8.99775,102.043,103.387
82,1680818286,17531.5,20230406 14:58:05,14:58:05,e7.erobot.1,22.95140316,1680818278,0.003145417,4.800169498,393.9497044,346.3449406,35.36293762,40.22353784,0.209144925,2.290066487,0.199083386,0.12529076,321.4464228,24.67980371,22.98546774,2.817242511,42.98954713,1.236083458,2.875311652,1.581159053,-138.7128716,41.66605716,3.777455759,228.1770641,0,0,1,0,54692,RECT-1505-20210918-17_20_47,10288.4,812.936,2752.91,0,0,-1,MPF-396-20230406-15_07_37,10251.7,2.223215385,2.6056,0.146754918,0.5,1681.207829,4.800169498,123.3627589,0,0.003450001,1055.535923,-,0,0,0,0,0,0,0,1,396,300,300,300,10251.7,1.62,-0.00683977,-0.01,2000.009677,1681.207829,0.840599847,0.191199694,6,0.5,0: Broadleaf,2,1680818278,393.9497097,399.9874194,12.1062129,8.999696452,402.4353226,12.67069677,600.1585806,101.9979355,0.105295935,23.32294839,22.98546774,999.9,0,0,9994.232258,0,61.2282129,2000.009677,0.98000629,0.01999381,0,2.219087097,0,2492.627097,16306.17419,40.937,42.433,41.562,40.45529032,40.149,1960.019677,39.99,0,31.80000019,0,2.223215385,-0.442317956,-292.7411962,2490.309231,15,1680818208,14:56:47,1680818188,1680818208,55,0.014,-0.022,-8.534,-0.572,400,9,0.83,0.03,-6.040569,0.156369456,0.045041943,1,2.219929412,-0.003982221,0.154079343,1,3.11431125,-0.167245666,0.017865988,0,2,3,3-Feb,100,100,-8.486,-0.5648,-5.3315252,-0.007814304,-3.18E-07,6.48E-10,-0.433476635,-0.027428369,0.001386821,-3.01E-06,5,2011,2,27,1.6,1.3,2,619.042,392.941,19.9978,24.7538,29.9999,24.8218,24.8429,21.3888,55.9376,0,20,400,8.95632,102.043,103.388