Sys,Sys,Sys,Sys,Sys,UserDefCon,UserDefVar,GasEx,GasEx,GasEx,GasEx,GasEx,GasEx,GasEx,GasEx,GasEx,GasEx,GasEx,GasEx,GasEx,GasEx,GasEx,GasEx,GasEx,GasEx,GasEx,GasEx,GasEx,GasEx,GasEx,Leak,Leak,Leak,Leak,Leak,FLR,FLR,FLR,FLR,FLR,FLR,FLR,FLR,FLR,FLR,FLR,FLR,FLR,FLR,FLR,FLR,FLR,FLR,FLR,FLR,FLR,FLR,FLR,FLR,FLR,FLR,FLR,FLR,MPF,MPF,MPF,MPF,MPF,MPF,MPF,MPF,LeafQ,LeafQ,LeafQ,LeafQ,Const,Const,Const,Const,Meas,Meas,Meas,Meas,Meas,Meas,Meas,Meas,Meas,Meas,Meas,Meas,Meas,Meas,Meas,Meas,Meas,Meas,FlrLS,FlrLS,FlrLS,FlrLS,FlrLS,FlrLS,FlrLS,FlrLS,FlrLS,FlrLS,FlrLS,FlrLS,FlrLS,FlrLS,FlrLS,FlrLS,FlrLS,FlrLS,FlrStats,FlrStats,FlrStats,FlrStats,FlrStats,MchEvent,MchEvent,MchEvent,MchEvent,MchEvent,MchEvent,MchEvent,MchEvent,MchEvent,MchEvent,MchEvent,MchEvent,MchEvent,Stability,Stability,Stability,Stability,Stability,Stability,Stability,Stability,Stability,Stability,Stability,Stability,Stability,Stability,Stability,MchStatus,MchStatus,MchStatus,MchStatus,MchStatus,MchStatus,MchStatus,MchStatus,MchStatus,MchStatus,MchStatus,MchStatus,MchStatus,MchStatus,MchStatus,MchStatus,MchStatus,MchStatus,Status,Status,Status,Status,Status,Status,Status,Status,Status,Status,Status,Status,Status,Status,Status,Status
obs,time,elapsed,date,hhmmss,plant id,WUE,TIME,E,A,Ca,Ci,Pci,Pca,gsw,gbw,gtw,gtc,Rabs,TleafEB,TleafCnd,SVPleaf,RHcham,VPcham,SVPcham,VPDleaf,LatHFlux,SenHFlux,NetTherm,EBSum,Leak,LeakPct,CorrFact,CorrFactPct,Fan,DarkAdaptedID,Qmax_d,Fo,Fm,Fv,Fv/Fm,Adark,LightAdaptedID,Qmax,Fs,Fm',PhiPS2,PS2/1,Qabs_fs,Afs,ETR,Fv'/Fm',PhiCO2,NPQ,DarkPulseID,Fo',Fv',qP,qN,qP_Fo,qN_Fo,qL,1-qL,ID,P1_dur,P2_dur,P3_dur,P1_Qmax,P1_Fmax,P2_dQdt,P3_ΔF,Qin,Qabs,alpha,convert,S,K,Geometry,Custom,TIME,CO2_s,CO2_r,H2O_s,H2O_r,CO2_a,H2O_a,Flow,Pa,ΔPcham,Tair,Tleaf,Tleaf2,Offset,Offset2,Fan_speed,Qamb_in,Qamb_out,Q,f_red,f_blue,f_farred,F,Q_modavg,F_dc,Pc,Tled,TDigital,TPreamp,TPwrSpy,TDrive,Q_red,Q_blue,Q_farred,TSPF,state,F_avg,dF/dt,dF_dc/dt,F_dc_avg,period,time,hhmmss,co2_t,h2o_t,count,co2_adj,h2o_adj,co2_match,h2o_match,co2_at,h2o_at,co2_cv,h2o_cv,ΔCO2:MN,ΔCO2:SLP,ΔCO2:SD,ΔCO2:OK,F:MN,F:SLP,F:SD,F:OK,ΔH2O:MN,ΔH2O:SLP,ΔH2O:SD,ΔH2O:OK,Stable,Total,State,MatchValveR,MatchValveS,MatchCO2,MatchH2O,cf_co2_a,cf_co2_b,cf_co2_c,cf_co2_d,cf_h2o_a,cf_h2o_b,cf_h2o_c,cf_h2o_d,co2_fit_low,co2_fit_high,h2o_fit_low,h2o_fit_high,co2_elapsed,h2o_elapsed,DIAG,Flow_s,Flow_r,Txchg,Tirga,Tchopper,Ts,Tr,CO2_%,Desiccant_%,Humidifier_%,Txchg_sp,CO2_r_sp,H2O_r_sp,SS_s,SS_r
,s,s,,,,,s,mol m⁻² s⁻¹,µmol m⁻² s⁻¹,µmol mol⁻¹,µmol mol⁻¹,Pa,Pa,mol m⁻² s⁻¹,mol m⁻² s⁻¹,mol m⁻² s⁻¹,mol m⁻² s⁻¹,W m⁻²,°C,°C,kPa,%,kPa,kPa,kPa,W m⁻²,W m⁻²,W m⁻²,W m⁻²,µmol s⁻¹,%,,%,µmol s⁻¹,,,,,,,µmol m⁻² s⁻¹,,,,,,,µmol m⁻² s⁻¹,µmol m⁻² s⁻¹,µmol m⁻² s⁻¹,,µmol µmol⁻¹,,,,,,,,,,,,ms,ms,ms,µmol m⁻² s⁻¹,,mol m⁻² s⁻²,,µmol m⁻² s⁻¹,µmol m⁻² s⁻¹,,J/µmol,cm²,,,mol m⁻² s⁻¹,s,µmol mol⁻¹,µmol mol⁻¹,mmol mol⁻¹,mmol mol⁻¹,µmol mol⁻¹,mmol mol⁻¹,µmol s⁻¹,kPa,kPa,°C,°C,°C,°C,°C,rpm,µmol m⁻² s⁻¹,µmol m⁻² s⁻¹,µmol m⁻² s⁻¹,,,,,µmol m⁻² s⁻¹,,,°C,°C,°C,°C,°C,µmol m⁻² s⁻¹,µmol m⁻² s⁻¹,µmol m⁻² s⁻¹,s,,,min⁻¹,min⁻¹,,s,secs,,s,s,,µmol/mol,mmol/mol,µmol/mol,mmol/mol,µmol/mol,mmol/mol,%,%,µmol mol⁻¹,µmol mol⁻¹ min⁻¹,µmol mol⁻¹,,, min⁻¹,,,mmol mol⁻¹,mmol mol⁻¹ min⁻¹,mmol mol⁻¹,,,,,%,%,µmol/mol,mmol/mol,mmol/mol,,,,mmol/mol,,,,µmol mol⁻¹,µmol mol⁻¹,mmol mol⁻¹,mmol mol⁻¹,min,min,,µmol s⁻¹,µmol s⁻¹,°C,°C,°C,°C,°C,%,%,%,°C,µmol mol⁻¹,mmol mol⁻¹,%,%
1,1683135739,0,20230503 10:42:18,10:42:18,b4.brohor.2,34.47972843,1683135731,0.001827365,5.681016532,393.4203226,330.1970708,33.33716292,39.72027177,0.164763958,2.945680879,0.15980999,0.100313931,321.4448456,24.69981073,23.22343226,2.858080398,60.30726501,1.729856896,2.868405483,1.128223502,-80.58677489,9.479786022,0.668826618,251.0066834,0,0,1,0,54032.97163,RECT-1505-20210918-17_20_47,10288.4,812.936,2752.91,1939.974,0.704699391,-1,MPF-1506-20230503-10_52_16,10268.3,2.255230769,2.32093,0.028307287,0.5,1681.199439,5.681016532,23.79509721,1,0.003973958,1185.123666,-,0,2.32093,0.028307287,0.999156918,-8.10E-05,1.41784842,0,1,1506,300,300,300,10268.3,0.83,-0.00685113,-0.5,1999.999677,1681.199439,0.840599855,0.19119971,6,0.5,0: Broadleaf,2,1683135731,393.4203226,399.818871,17.13384194,15.33817742,402.8000968,17.83785484,600.1303871,100.8571935,0.10421971,23.28312581,23.22343226,999.9,0,0,10006.47065,0,139.1147097,1999.999677,0.980004968,0.019994632,0,2.274632258,0,6506.864839,16306.08387,40.687,42.125,41.375,40.131,39.937,1960.00871,39.99032258,0,1683136335,0,2.255230769,0.052458117,-530.9948723,6502.287692,15,1683135710,10:41:50,1683135710,1683135705,1,-1.464,-0.054,-9.407,-0.738,396,15,0.8,0.05,-6.561774878,5.463934286,0.646329016,0,2.240193939,0.40968035,0.217326637,1,1.756034878,0.900609826,0.090062929,0,1,3,3-Jan,100,100,-9.385,-0.7045,-6.222748789,-0.007814304,-3.18E-07,6.48E-10,-0.638949622,-0.027428369,0.001386821,-3.01E-06,5,2011,2,27,0.5,0.6,2,618.166,459.704,20.0024,25.4835,29.9998,25.5639,25.576,20.7131,24.5268,100,20,400,15.1678,101.286,103.046
2,1683135802,63,20230503 10:43:21,10:43:21,b4.brohor.2,33.95764347,1683135800,0.001652916,4.942746387,393.957,331.6057369,33.47965913,39.77478253,0.145556225,2.94958762,0.141680317,0.088889837,321.4510343,24.7653979,23.32095714,2.874965978,60.01982325,1.723914441,2.872241782,1.151051537,-72.89360488,-2.496585234,-0.17601468,245.8848295,0,0,1,0,54144.07364,RECT-1505-20210918-17_20_47,10288.4,812.936,2752.91,1939.974,0.704699391,-1,MPF-1507-20230503-10_53_19,10268,2.202811538,2.4328,0.094536526,0.5,1681.2321,4.942746387,79.46892144,1,0.003534757,1130.580894,-,0,2.4328,0.094536526,0.999116281,-0.00028376,1.417790754,0,1,1507,300,300,300,10268,1.5,-0.00685094,-0.31,2000.038571,1681.2321,0.840599838,0.191199677,6,0.5,0: Broadleaf,2,1683135800,393.957,399.5495714,17.07484286,15.45054286,403.3408571,17.77992857,600.1451429,100.8585714,0.103672,23.30525714,23.32095714,999.9,0,0,10028.57143,0,125.3147143,2000.038571,0.980005714,0.019993886,0,2.111028571,0,6000.52,16306.4,40.687,42.125,41.33,40.187,39.937,1960.048571,39.99,0,61.79999995,0,2.202811538,0.049576071,-277.9292308,6027.181154,15,1683135710,10:41:50,1683135710,1683135705,1,-1.464,-0.054,-9.407,-0.738,396,15,0.8,0.05,-5.686691951,0.758392683,0.088986248,0,2.170091429,0.525186693,0.195386858,1,1.653499756,-0.102349338,0.0154816,0,1,3,3-Jan,100,100,-9.384,-0.7049,-6.222748789,-0.007814304,-3.18E-07,6.48E-10,-0.638949622,-0.027428369,0.001386821,-3.01E-06,5,2011,2,27,1.5,1.6,2,619.071,459.24,20.0011,25.4354,29.9998,25.5256,25.5446,20.9556,23.3718,99.6285,20,400,15.4704,101.301,103.053
3,1683135842,103,20230503 10:44:01,10:44:01,b4.brohor.2,35.10637254,1683135834,0.00164271,5.056828289,394.038871,329.8071357,33.29916223,39.78435536,0.14404303,2.945619443,0.14024119,0.087983966,321.4474525,24.7677742,23.35455484,2.880803299,60.06946654,1.725122641,2.871879409,1.155680659,-72.44350898,-8.160488612,-0.576199123,240.2672557,0,0,1,0,54027.59894,RECT-1505-20210918-17_20_47,10288.4,812.936,2752.91,1939.974,0.704699391,-1,MPF-1508-20230503-10_53_59,10267.9,2.1865,1.8792,-0.163527033,0.5,1681.213248,5.056828289,-137.461907,1,0.003602653,1463.937207,-,0,1.8792,-0.163527033,0.999317377,0.000378888,1.418076119,0,1,1508,300,300,300,10267.9,1.5,-0.00685083,-0.34,2000.016129,1681.213248,0.840599845,0.19119969,6,0.5,0: Broadleaf,2,1683135834,394.038871,399.7416452,17.08624839,15.4719871,403.4232581,17.79114839,600.1415806,100.8613548,0.104205387,23.30316774,23.35455484,999.9,0,0,10005.70839,0,117.6572581,2000.016129,0.980006419,0.019993181,0,2.15336129,0,5869.543548,16306.21613,40.69512903,42.062,41.312,40.153,39.937,1960.026129,39.99,0,39,0,2.1865,0.6707829,-149.4109402,5868.589615,15,1683135710,10:41:50,1683135710,1683135705,1,-1.464,-0.054,-9.407,-0.738,396,15,0.8,0.05,-5.716732927,0.530282927,0.067095424,0,2.168414286,0.284071233,0.213329445,1,1.623810488,-0.223640488,0.022181108,0,1,3,3-Jan,100,100,-9.385,-0.7052,-6.222748789,-0.007814304,-3.18E-07,6.48E-10,-0.638949622,-0.027428369,0.001386821,-3.01E-06,5,2011,2,27,2.2,2.3,2,618.984,458.52,20.0002,25.4146,29.9999,25.5032,25.5233,21.0402,23.3718,99.256,20,400,15.5159,101.304,103.059
4,1683136193,454,20230503 10:49:52,10:49:52,c5.brohor.1,55.29502056,1683136185,0.001080012,4.99538127,394.5429032,298.0609886,30.09920789,39.84227833,0.090340526,2.945428331,0.088828945,0.055651793,321.4420496,24.05809787,23.19732903,2.853575597,60.63080489,1.653183052,2.726638801,1.200392545,-47.62853397,-119.2194108,-8.375322819,146.2187819,0,0,1,0,54179.05929,RECT-1505-20210918-17_20_47,10288.4,812.936,2752.91,1939.974,0.704699391,-1,MPF-1509-20230503-10_59_50,10269.2,2.227676,2.0544,-0.084343847,0.5,1681.184555,4.99538127,-70.89878673,1,0.003566165,1339.006815,-,0,2.0544,-0.084343847,0.999253735,0.000213688,1.417985808,0,1,1509,300,300,300,10269.2,1.46,-0.00685209,-0.49,1999.981935,1681.184555,0.84059987,0.19119974,6,0.5,0: Broadleaf,2,1683136185,394.5429032,399.9629677,16.37084194,15.30879032,403.6593226,17.0752129,600.1580645,100.882129,0.101257065,22.44654839,23.19732903,999.9,0,0,10002.56129,0,94.93397742,1999.981935,0.980002742,0.0199969,0,2.240680645,0,5879.483871,16305.92258,39.875,41.125,40.56,39.12093548,39.06606452,1959.990968,39.99096774,0,350.3999999,0,2.227676,-0.60889231,-915.7938475,5863.5716,15,1683136160,10:49:20,1683136155,1683136160,2,0.27,0.014,-9.156,-0.723,400,15,0.41,0.14,-5.441761951,0.721802927,0.103609194,0,2.216858824,0.124223062,0.196747162,1,1.03930061,0.479400774,0.049545202,0,1,3,3-Jan,100,100,-9.117,-0.7049,-5.952808149,-0.007814304,-3.18E-07,6.48E-10,-0.625397425,-0.027428369,0.001386821,-3.01E-06,5,2011,2,27,0.6,0.5,2,616.082,457.491,19.9987,24.5198,29.9995,24.7498,24.7883,21.3071,27.017,99.2468,20,400,15.1871,101.475,103.201
5,1683136236,497,20230503 10:50:35,10:50:35,c5.brohor.1,56.49275044,1683136228,0.001064091,4.928283713,394.543129,296.0493266,29.89572861,39.84185489,0.087237454,2.946265957,0.08582745,0.053766941,321.4494088,24.07617391,23.21235161,2.856167381,59.80205979,1.632008428,2.729017083,1.224158953,-46.92643385,-119.3609153,-8.384128162,146.7779315,0,0,1,0,54201.1578,RECT-1505-20210918-17_20_47,10288.4,812.936,2752.91,1939.974,0.704699391,-1,MPF-1510-20230503-11_00_33,10269.1,2.199496,1.7808,-0.235116801,0.5,1681.223545,4.928283713,-197.6419512,1,0.003526172,1544.883872,-,0,1.7808,-0.235116801,0.999353121,0.000516172,1.418126841,0,1,1510,300,300,300,10269.1,1.62,-0.00685201,0.04,2000.028387,1681.223545,0.840599841,0.191199683,6,0.5,0: Broadleaf,2,1683136228,394.543129,399.889871,16.16133871,15.1147129,403.6595161,16.8692129,600.1539355,100.8815484,0.100706677,22.46089355,23.21235161,999.9,0,0,10007.38226,0,95.44263871,2000.028387,0.980003419,0.0199962,0,2.204874194,0,5307.096452,16306.3129,39.84451613,41.08435484,40.5,39.062,39.06,1960.038387,39.99,0,42.39999986,0,2.199496,-0.10996923,-548.7915393,5297.3632,15,1683136160,10:49:20,1683136155,1683136160,2,0.27,0.014,-9.156,-0.723,400,15,0.41,0.14,-5.350553171,0.074870383,0.048826743,1,2.217017647,-0.379742081,0.144139843,1,1.065702122,-0.507494864,0.050559186,0,2,3,3-Feb,100,100,-9.116,-0.7078,-5.952808149,-0.007814304,-3.18E-07,6.48E-10,-0.625397425,-0.027428369,0.001386821,-3.01E-06,5,2011,2,27,1.4,1.3,2,616.41,457.364,19.9989,24.4576,29.9996,24.675,24.7141,21.3334,25.5939,98.8715,20,400,15.2872,101.482,103.208
6,1683136277,538,20230503 10:51:16,10:51:16,c5.brohor.1,62.95025565,1683136269,0.000975313,5.015513494,394.5219,285.7593366,28.85774967,39.84126771,0.079674236,2.94584283,0.078496173,0.049164502,321.4456231,24.12881896,23.25684333,2.863855438,59.88014465,1.637065753,2.733904139,1.226789685,-43.01132349,-121.7337364,-8.555234541,148.1453287,0,0,1,0,54183.33912,RECT-1505-20210918-17_20_47,10288.4,812.936,2752.91,1939.974,0.704699391,-1,MPF-1511-20230503-11_01_14,10269,2.226553846,1.8432,-0.207982772,0.5,1681.20362,5.015513494,-174.830695,1,0.003578099,1492.549262,-,0,1.8432,-0.207982772,0.999330454,0.000472639,1.418094675,0,1,1511,300,300,300,10269,1.13,-0.00685193,-0.23,2000.004667,1681.20362,0.840599849,0.191199697,6,0.5,0: Broadleaf,2,1683136269,394.5219,399.9208667,16.21078667,15.25152,403.6380333,16.91783333,600.1477333,100.8851667,0.101033867,22.49033667,23.25684333,999.9,0,0,10004.617,0,94.99602667,2000.004667,0.9800034,0.01999622,0,2.223866667,0,5016.955,16306.11,39.812,41.062,40.437,39.0496,39.01653333,1960.014667,39.99,0,40.20000005,0,2.226553846,0.542413673,-273.2488889,5015.525769,15,1683136160,10:49:20,1683136155,1683136160,2,0.27,0.014,-9.156,-0.723,400,15,0.41,0.14,-5.40491,-0.160211707,0.052916401,1,2.220020588,0.417258664,0.158871316,1,0.977631317,-0.292784843,0.033290596,0,2,3,3-Feb,100,100,-9.116,-0.7069,-5.952808149,-0.007814304,-3.18E-07,6.48E-10,-0.625397425,-0.027428369,0.001386821,-3.01E-06,5,2011,2,27,2,1.9,2,615.894,456.966,20,24.4022,29.9996,24.6081,24.6463,21.3489,25.3236,98.4995,20,400,15.2832,101.492,103.22
7,1683136552,813,20230503 10:55:51,10:55:51,h5.brohor.2,31.719717,1683136544,0.001010908,2.882616177,396.6600333,338.5259741,34.18978734,40.06109788,0.090877739,2.945012399,0.089348079,0.055977838,321.4445965,23.90397235,22.54861333,2.743599658,60.24865458,1.625620355,2.698185323,1.117979303,-44.5810536,-43.58965916,-3.049924878,230.2239589,0,0,1,0,54198.67639,RECT-1505-20210918-17_20_47,10288.4,812.936,2752.91,1939.974,0.704699391,-1,MPF-1512-20230503-11_05_49,10276.7,2.19025,1.8268,-0.198954456,0.5,1681.19804,2.882616177,-167.2409206,1,0.002309434,1505.957521,-,0,1.8268,-0.198954456,0.999336411,0.00044809,1.418103129,0,1,1512,300,300,300,10276.7,1.44,-0.00685703,-0.57,1999.998,1681.19804,0.840599861,0.191199721,6,0.5,0: Broadleaf,2,1683136544,396.6600333,399.9427667,16.09588,15.10150667,405.7053,16.80298667,600.1589667,100.8940333,0.10202,22.27407,22.54861333,999.9,0,0,9999.016667,0,96.89798,1999.998,0.9800036,0.0199963,0,2.18488,0,5764.409,16306.06333,39.1166,40.42873333,39.8582,38.4664,38.3998,1960.007333,39.99066667,0,274.3999999,0,2.19025,-0.242950422,-238.2779486,5762.305,15,1683136529,10:55:28,1683136529,1683136528,3,0.087,0.002,-9.071,-0.726,400,15,0.37,0.09,-3.04373522,-3.210246334,0.693886741,0,2.190691176,-0.171937148,0.169269373,1,0.933799195,1.087951526,0.192744645,0,1,3,3-Jan,100,100,-9.046,-0.7061,-5.865908161,-0.007814304,-3.18E-07,6.48E-10,-0.623521774,-0.027428369,0.001386821,-3.01E-06,5,2011,2,27,0.4,0.4,2,614.294,452.86,19.9989,23.8141,29.9992,24.0396,24.0726,21.3923,26.7081,97.0058,20,400,14.9977,101.621,103.335
8,1683136590,851.5,20230503 10:56:30,10:56:30,h5.brohor.2,28.96621689,1683136583,0.001129529,2.902035268,396.6284483,342.7563241,34.61761068,40.05857293,0.100186893,2.943073988,0.098330048,0.061620243,321.4451372,23.86302995,22.58344138,2.74940837,59.86966151,1.614298959,2.69635558,1.135109412,-49.81221305,-50.85551069,-3.561081337,217.2163321,0,0,1,0,54143.47866,RECT-1505-20210918-17_20_47,10288.4,812.936,2752.91,1939.974,0.704699391,-1,MPF-1513-20230503-11_06_27,10276.9,2.289007692,1.8464,-0.239713871,0.5,1681.200879,2.902035268,-201.5035858,1,0.002320981,1489.960789,-,0,1.8464,-0.239713871,0.999329292,0.000545695,1.418093026,0,1,1513,300,300,300,10276.9,1.3,-0.00685734,-0.36,2000.001379,1681.200879,0.84059986,0.19119972,6,0.5,0: Broadleaf,2,1683136583,396.6284483,399.9776897,15.98351724,14.8723069,405.6736552,16.69243793,600.1427931,100.8954138,0.102316207,22.26292414,22.58344138,999.9,0,0,9987.865862,0,95.48734828,2000.001379,0.980003345,0.019996555,0,2.321331034,0,5526.747586,16306.08966,39.04703448,40.23913793,39.7347931,38.29703448,38.312,1960.01069,39.99068966,0,37.80000019,0,2.289007692,0.506276929,-378.3210256,5525.704231,15,1683136529,10:55:28,1683136529,1683136528,3,0.087,0.002,-9.071,-0.726,400,15,0.37,0.09,-3.29970122,-0.759828084,0.083012394,0,2.280794118,0.179322908,0.180895482,1,1.130642927,-0.32354676,0.03247987,0,1,3,3-Jan,100,100,-9.044,-0.7095,-5.865908161,-0.007814304,-3.18E-07,6.48E-10,-0.623521774,-0.027428369,0.001386821,-3.01E-06,5,2011,2,27,1,1,2,615.636,452.987,19.999,23.725,29.9992,23.9476,23.9823,21.3931,27.6514,96.6284,20,400,14.9697,101.641,103.351
9,1683136628,889,20230503 10:57:07,10:57:07,h5.brohor.2,38.64530251,1683136620,0.000958446,3.253237062,396.322129,326.9723495,33.02329511,40.02742937,0.084181954,2.945181436,0.082867714,0.051908691,321.4457897,23.86815337,22.60279677,2.752641163,59.8397325,1.609737845,2.690081953,1.142903319,-42.26745304,-60.04109937,-4.200877179,214.9363602,0,0,1,0,54212.77019,RECT-1505-20210918-17_20_47,10288.4,812.936,2752.91,1939.974,0.704699391,-1,MPF-1514-20230503-11_07_05,10277.1,2.238961538,2.4956,0.102836377,0.5,1681.204326,3.253237062,86.44448063,1,0.002529875,1102.105466,-,0,2.4956,0.102836377,0.999093468,-0.000316665,1.417758382,0,1,1514,300,300,300,10277.1,1.32,-0.00685735,-0.58,2000.005484,1681.204326,0.840599858,0.191199716,6,0.5,0: Broadleaf,2,1683136620,396.322129,399.9541935,15.93843871,14.99553548,405.364871,16.64809032,600.1694516,100.8952258,0.101984387,22.22465806,22.60279677,999.9,0,0,9999.859355,0,95.58136452,2000.005484,0.980002677,0.019997223,0,2.225080645,0,5289.012581,16306.12258,38.95529032,40.05806452,39.61280645,38.1006129,38.21748387,1960.014839,39.99064516,0,36.79999995,0,2.238961538,0.545921365,-331.5504269,5284.968077,15,1683136529,10:55:28,1683136529,1683136528,3,0.087,0.002,-9.071,-0.726,400,15,0.37,0.09,-3.625859512,-0.185273519,0.055941109,1,2.233670588,0.38958743,0.195270971,1,0.958693049,-0.417701875,0.041722947,0,2,3,3-Feb,100,100,-9.042,-0.7092,-5.865908161,-0.007814304,-3.18E-07,6.48E-10,-0.623521774,-0.027428369,0.001386821,-3.01E-06,5,2011,2,27,1.6,1.7,2,615.471,452.919,19.9986,23.6378,29.9993,23.8585,23.8944,21.404,25.9415,96.2579,20,400,15.0987,101.659,103.371
10,1683136773,1034.5,20230503 10:59:33,10:59:33,h6.brohor.2,48.35263457,1683136766,0.000854042,3.755657117,395.7939286,311.1631293,31.42548448,39.97265353,0.077672233,2.944063406,0.076551516,0.047944042,321.4459762,23.62449134,22.07054286,2.664944295,59.02671051,1.561793518,2.645909801,1.103150777,-37.66324945,-18.65700985,-1.30054126,263.8251757,0,0,1,0,54229.49629,RECT-1505-20210918-17_20_47,10288.4,812.936,2752.91,1939.974,0.704699391,-1,MPF-1515-20230503-11_09_30,10278.5,2.250444,1.7044,-0.320373152,0.5,1681.202443,3.755657117,-269.3060628,1,0.002828724,1614.178362,-,0,1.7044,-0.320373152,0.999380873,0.000673105,1.418166223,0,1,1515,300,300,300,10278.5,1.26,-0.00685865,-0.86,2000.002857,1681.202443,0.840600021,0.191200041,6,0.5,0: Broadleaf,2,1683136766,395.7939286,399.8839286,15.46428214,14.62420357,404.7169643,16.17708214,600.5401071,100.8891786,0.104421,21.95299643,22.07054286,999.9,0,0,9994.104286,0,107.5481429,2000.002857,0.97999975,0.020000225,0,2.224017857,0,5718.323214,16306.075,38.36375,39.31425,38.98875,37.5,37.64714286,1960.001429,40.00142857,0,144.3999999,0,2.250444,0.231623089,-596.9984624,5721.2652,15,1683136759,10:59:19,1683136759,1683136759,4,0.134,0.004,-8.936,-0.725,400,15,0.33,0.16,-2.698780029,-23.85660348,2.565794123,0,2.226617647,0.438217493,0.196516909,1,0.544452027,4.918918352,0.534292816,0,1,3,3-Jan,100,100,-8.892,-0.7068,-5.732130356,-0.007814304,-3.18E-07,6.48E-10,-0.619281804,-0.027428369,0.001386821,-3.01E-06,5,2011,2,27,0.2,0.2,2,612.075,451.18,19.9999,23.2585,29.9994,23.4844,23.5171,21.4153,28.2316,94.7693,20,400,14.5586,101.73,103.438
11,1683136809,1070,20230503 11:00:08,11:00:08,h6.brohor.2,41.91466085,1683136801,0.001318218,5.147504868,394.3114839,319.6677908,32.28345167,39.82176528,0.122809174,2.945928155,0.120034253,0.075265501,321.4464725,23.54236283,22.12839355,2.674356085,59.89888857,1.588683931,2.652276142,1.085672154,-58.13340813,-21.5996395,-1.505456928,240.207968,0,0,1,0,54277.43083,RECT-1505-20210918-17_20_47,10288.4,812.936,2752.91,1939.974,0.704699391,-1,MPF-1516-20230503-11_10_06,10278.6,2.236128,2.4952,0.10382815,0.5,1681.205177,5.147504868,87.27821171,1,0.003656606,1102.282302,-,0,2.4952,0.10382815,0.999093614,-0.000319668,1.417758589,0,1,1516,300,300,300,10278.6,1.71,-0.00685869,-0.11,2000.006129,1681.205177,0.840600013,0.191200025,6,0.5,0: Broadleaf,2,1683136801,394.3114839,399.9772258,15.73100323,14.43387742,403.2036129,16.43974516,600.1642903,100.89,0.100630281,21.99239355,22.12839355,999.9,0,0,10004.6229,0,107.9830645,2000.006129,0.979999871,0.0200001,0,2.227312903,0,5465.753548,16306.1129,38.32419355,39.19919355,38.875,37.375,37.56606452,1960.005161,40.00096774,0,34.79999995,0,2.236128,-0.09271539,-278.711538,5461.0436,15,1683136759,10:59:19,1683136759,1683136759,4,0.134,0.004,-8.936,-0.725,400,15,0.33,0.16,-5.67855878,0.228518885,0.038700901,1,2.224508824,0.113951876,0.178321374,1,1.314124878,-0.362659861,0.03633664,0,2,3,3-Feb,100,100,-8.892,-0.7094,-5.732130356,-0.007814304,-3.18E-07,6.48E-10,-0.619281804,-0.027428369,0.001386821,-3.01E-06,5,2011,2,27,0.8,0.8,2,614.102,451.823,20.0007,23.1802,29.9992,23.398,23.4333,21.4149,30.0566,94.0273,20,400,14.4259,101.748,103.455
12,1683136844,1105.5,20230503 11:00:44,11:00:44,h6.brohor.2,51.4922313,1683136837,0.00110665,5.229849771,394.2640385,304.3371681,30.7363889,39.8185108,0.101565802,2.94467066,0.09965903,0.062455228,321.4429232,23.62136601,22.18308846,2.6832812,59.69337768,1.58550262,2.656077913,1.09777858,-48.80325525,-26.54473693,-1.85164741,244.2432836,0,0,1,0,54236.00374,RECT-1505-20210918-17_20_47,10288.4,812.936,2752.91,1939.974,0.704699391,-1,MPF-1517-20230503-11_10_41,10278.7,2.163638462,2.3324,0.072355316,0.5,1681.186754,5.229849771,60.82139921,1,0.003705626,1179.290688,-,0,2.3324,0.072355316,0.999152751,-0.000208192,1.417842507,0,1,1517,300,300,300,10278.7,1.32,-0.00685884,-0.44,1999.984231,1681.186754,0.840600005,0.191200009,6,0.5,0: Broadleaf,2,1683136837,394.2640385,399.9284615,15.69889615,14.60995385,403.1556154,16.40813846,600.1841923,100.8941154,0.100413454,22.01588077,22.18308846,999.9,0,0,9997.066154,0,106.3127692,1999.984231,0.979999808,0.020000165,0,2.173138462,0,5328.387692,16305.91538,38.28338462,39.11530769,38.80723077,37.312,37.54292308,1959.984231,40,0,34.5,0,2.163638462,0.341962396,-160.5480342,5330.575,15,1683136759,10:59:19,1683136759,1683136759,4,0.134,0.004,-8.936,-0.725,400,15,0.33,0.16,-5.695343171,0.207692404,0.06969359,1,2.18786,0.074071233,0.134945465,1,1.145596585,-0.801285157,0.079574273,0,2,3,3-Feb,100,100,-8.892,-0.7082,-5.732130356,-0.007814304,-3.18E-07,6.48E-10,-0.619281804,-0.027428369,0.001386821,-3.01E-06,5,2011,2,27,1.4,1.4,2,614.097,452.057,19.9999,23.1107,29.9994,23.3209,23.3571,21.4267,27.1885,93.6572,20,400,14.6987,101.76,103.465
13,1683137074,1335,20230503 11:04:33,11:04:33,c8.brohor.2,47.26049586,1683137066,0.000889785,3.948885527,395.5397097,312.7867181,31.58728189,39.94422904,0.083555736,2.942312555,0.082259573,0.051527013,321.4465726,23.16653444,21.62031613,2.592681811,59.14980741,1.522587405,2.574120646,1.070094406,-39.23949952,-18.62524554,-1.293161758,262.2886658,0,0,1,0,54260.45135,RECT-1505-20210918-17_20_47,10288.4,812.936,2752.91,1939.974,0.704699391,-1,MPF-1518-20230503-11_14_31,10286.2,2.208152,3.12604,0.293626441,0.5,1681.205961,3.948885527,246.8232616,1,0.002943652,879.6381236,-,0,3.12604,0.293626441,0.99886446,-0.001133461,1.417433409,0,1,1518,300,300,300,10286.2,1.38,-0.00686401,-0.32,2000.007097,1681.205961,0.840599998,0.191199996,6,0.5,0: Broadleaf,2,1683137066,395.5397097,399.8371613,15.07711613,14.20143548,404.4832581,15.79343548,600.4717742,100.8859355,0.100711539,21.5029,21.62031613,999.9,0,0,9984.479677,0,84.15915484,2000.007097,0.980001258,0.0199989,0,2.191019355,0,6958.744516,16306.12903,37.49593548,38.375,38.11687097,36.437,36.75,1960.007097,40,0,228.5999999,0,2.208152,1.254546147,-1221.37231,6941.0408,15,1683137057,11:04:17,1683137057,1683137053,5,-0.043,0.002,-8.979,-0.731,400,14,0.61,0.06,-3.245337875,-21.7064084,2.363811004,0,2.198479412,0.545287096,0.178953544,1,0.662061134,4.112411798,0.474782167,0,1,3,3-Jan,100,100,-8.938,-0.7108,-5.774966436,-0.007814304,-3.18E-07,6.48E-10,-0.617490664,-0.027428369,0.001386821,-3.01E-06,5,2011,2,27,0.3,0.3,2,610.226,452.429,19.9999,22.4656,29.9995,22.7128,22.7496,21.439,30.0319,91.3928,20,400,14.1625,101.868,103.56
14,1683137117,1378,20230503 11:05:16,11:05:16,c8.brohor.2,41.13282075,1683137109,0.001251735,4.91886967,394.5613548,321.3688592,32.45345757,39.84480705,0.119585032,2.945103644,0.116951497,0.073326468,321.4487415,23.12840894,21.70228065,2.605708125,59.89071377,1.547085774,2.583181392,1.058622351,-55.2015215,-22.54164309,-1.564706345,242.1408706,0,0,1,0,54332.52639,RECT-1505-20210918-17_20_47,10288.4,812.936,2752.91,1939.974,0.704699391,-1,MPF-1519-20230503-11_15_14,10286,2.202304,2.976,0.259978495,0.5,1681.217832,4.91886967,218.5402406,1,0.003520585,924.0369624,-,0,2.976,0.259978495,0.998918962,-0.000955227,1.41751075,0,1,1519,300,300,300,10286,1.62,-0.00686384,0.4,2000.02129,1681.217832,0.840599968,0.191199936,6,0.5,0: Broadleaf,2,1683137109,394.5613548,399.9726774,15.31994516,14.0877129,403.4985484,16.0331,600.1589355,100.8856774,0.099395152,21.56030968,21.70228065,999.9,0,0,10000.36355,0,83.59143871,2000.02129,0.980002323,0.0199978,0,2.1998,0,6302.907742,16306.24194,37.5,38.375,38.062,36.437,36.75,1960.028065,39.9983871,0,42.20000005,0,2.202304,-0.84026154,-617.7446163,6293.6832,15,1683137057,11:04:17,1683137057,1683137053,5,-0.043,0.002,-8.979,-0.731,400,14,0.61,0.06,-5.39647122,-0.400765714,0.060648193,1,2.158044118,0.289782756,0.196522793,1,1.257895122,-0.520734355,0.054636256,0,2,3,3-Feb,100,100,-8.937,-0.7128,-5.774966436,-0.007814304,-3.18E-07,6.48E-10,-0.617490664,-0.027428369,0.001386821,-3.01E-06,5,2011,2,27,1,1.1,2,612.603,453.062,20.0004,22.3953,29.9997,22.6295,22.6701,21.4365,30.5386,90.6411,20,400,14.2056,101.877,103.568
15,1683137155,1416,20230503 11:05:54,11:05:54,c8.brohor.2,42.70282706,1683137147,0.001218724,4.905339925,394.5859355,318.8280192,32.19712751,39.84760722,0.11487155,2.944637377,0.112438876,0.070488573,321.445908,23.19922534,21.81952258,2.624440529,59.8721446,1.552492065,2.593012285,1.071948464,-53.74574226,-31.29346402,-2.174533742,234.2321679,0,0,1,0,54307.30902,RECT-1505-20210918-17_20_47,10288.4,812.936,2752.91,1939.974,0.704699391,-1,MPF-1520-20230503-11_15_52,10285.8,2.178204,1.9152,-0.137324561,0.5,1681.205119,4.905339925,-115.4353778,1,0.003512564,1436.400794,-,0,1.9152,-0.137324561,0.9993043,0.000324288,1.418057562,0,1,1520,300,300,300,10285.8,1.7,-0.00686373,0.02,2000.006452,1681.205119,0.840599848,0.191199696,6,0.5,0: Broadleaf,2,1683137147,394.5859355,399.9707419,15.37335806,14.1736871,403.5233226,16.08571935,600.1587742,100.8875806,0.098297545,21.6224,21.81952258,999.9,0,0,9997.524516,0,91.1947871,2000.006452,0.980003097,0.019997003,0,2.170683871,0,5952.840645,16306.12903,37.554,38.379,38.062,36.49187097,36.75,1960.016452,39.99,0,37.39999986,0,2.178204,-0.038392306,-414.2630776,5945.5752,15,1683137057,11:04:17,1683137057,1683137053,5,-0.043,0.002,-8.979,-0.731,400,14,0.61,0.06,-5.41230122,0.379558537,0.054683359,1,2.201835294,-0.596038963,0.183606156,1,1.207256585,-0.170362997,0.016942124,0,2,3,3-Feb,100,100,-8.938,-0.7126,-5.774966436,-0.007814304,-3.18E-07,6.48E-10,-0.617490664,-0.027428369,0.001386821,-3.01E-06,5,2011,2,27,1.6,1.7,2,612.285,453.152,20.0005,22.3545,29.9997,22.57,22.6102,21.4412,30.5386,89.8928,20,400,14.22,101.889,103.574
16,1683137402,1663.1,20230503 11:10:01,11:10:01,i1.brohor.2,29.72945871,1683137394,0.00100356,2.676557312,396.8597742,341.9192077,34.531972,40.08066906,0.090030476,2.94977849,0.088531333,0.055464696,321.4483477,23.26355135,21.92155484,2.640838627,58.56316575,1.519580741,2.594772195,1.121257886,-44.25699291,-45.8099428,-3.1795434,228.2018686,0,0,1,0,54457.68096,RECT-1505-20210918-17_20_47,10288.4,812.936,2752.91,1939.974,0.704699391,-1,MPF-1521-20230503-11_19_59,10304.6,2.2695,3.45187,0.342530281,0.5,1681.214944,2.676557312,287.9335133,1,0.002186845,796.5126526,-,0,3.45187,0.342530281,0.998746101,-0.001460646,1.417265453,0,1,1521,300,300,300,10304.6,1.83,-0.00687661,-0.28,2000.017742,1681.214944,0.840600015,0.19120003,6,0.5,0: Broadleaf,2,1683137394,396.8597742,399.9312258,15.04616774,14.05879355,405.8314516,15.76192903,600.6599355,100.8912581,0.103278716,21.63349355,21.92155484,999.9,0,0,10026.40935,0,117.5117419,2000.017742,0.979997516,0.0200022,0,2.272496774,0,11159.91935,16306.19355,37.062,38.252,37.69309677,36.33435484,36.375,1960.013226,40.00129032,0,246,0,2.2695,0.135438481,-3362.761538,11140.548,15,1683137386,11:09:46,1683137386,1683137383,6,-0.017,0.001,-8.997,-0.731,400,14,0.37,0.05,-2.318715161,-17.03446239,1.788644713,0,2.231479412,0.528477479,0.223977429,1,0.746190695,5.109729157,0.564046536,0,1,3,3-Jan,100,100,-8.966,-0.7098,-5.792454255,-0.007814304,-3.18E-07,6.48E-10,-0.616572458,-0.027428369,0.001386821,-3.01E-06,5,2011,2,27,0.3,0.3,2,609.422,450.179,20.0014,22.0719,30.0005,22.2473,22.2809,21.4494,29.4393,87.2645,20,400,14.1467,101.927,103.617
17,1683137436,1697.6,20230503 11:10:36,11:10:36,i1.brohor.2,28.51723893,1683137431,0.001366044,3.609278358,395.8353,342.7690406,34.6154367,39.97447303,0.12656479,2.945912712,0.123619732,0.077521227,321.440094,23.18553461,21.9887,2.651678717,60.03001466,1.558992158,2.597021119,1.092686559,-60.24255828,-54.16398853,-3.765866313,203.2676809,0,0,1,0,54340.40878,RECT-1505-20210918-17_20_47,10288.4,812.936,2752.91,1939.974,0.704699391,-1,MPF-1522-20230503-11_20_33,10303.6,2.286544,2.2032,-0.037828613,0.5,1681.17186,3.609278358,-31.79819978,1,0.002741706,1248.505265,-,0,2.2032,-0.037828613,0.999199683,0.000102801,1.417909106,0,1,1522,300,300,300,10303.6,1.31,-0.00687572,-1.32,1999.9665,1681.17186,0.84060001,0.19120002,6,0.5,0: Broadleaf,2,1683137431,395.8353,399.9841,15.437455,14.09289,404.8001,16.147965,600.17455,100.8869,0.10074065,21.64766,21.9887,999.9,0,0,10004.8425,0,121.2453,1999.9665,0.9799998,0.0199999,0,2.26776,0,9558.388,16305.78,37.187,38.3498,37.7562,36.4433,36.4811,1959.966,40,0,33.5999999,0,2.286544,-0.45664616,-1803.178464,9623.1196,15,1683137386,11:09:46,1683137386,1683137383,6,-0.017,0.001,-8.997,-0.731,400,14,0.37,0.05,-4.14676325,0.065682214,0.036388519,1,2.278442857,0.005990607,0.181994361,1,1.37819675,-0.386878987,0.037692623,0,2,3,3-Feb,100,100,-8.964,-0.7108,-5.792454255,-0.007814304,-3.18E-07,6.48E-10,-0.616572458,-0.027428369,0.001386821,-3.01E-06,5,2011,2,27,0.8,0.9,2,611.457,450.378,20.0009,22.104,30.0005,22.2522,22.2848,21.4451,30.6944,86.8906,20,400,14.1199,101.924,103.612
18,1683137472,1733.1,20230503 11:11:11,11:11:11,i1.brohor.2,33.52818503,1683137464,0.001262179,3.864520818,395.6067667,334.4507882,33.77497713,39.95089852,0.115261856,2.947437873,0.112815086,0.070724935,321.4431524,23.21433809,22.01385667,2.655750093,59.65259059,1.549434491,2.597430348,1.106315602,-55.66211134,-57.78004364,-4.015768239,203.9852292,0,0,1,0,54385.11319,RECT-1505-20210918-17_20_47,10288.4,812.936,2752.91,1939.974,0.704699391,-1,MPF-1523-20230503-11_21_09,10303,2.238464,1.9016,-0.177147665,0.5,1681.18796,3.864520818,-148.9092609,1,0.002893502,1446.6809,-,0,1.9016,-0.177147665,0.99930924,0.000415351,1.418064572,0,1,1523,300,300,300,10303,1.28,-0.00687532,-0.57,1999.985667,1681.18796,0.840600004,0.191200009,6,0.5,0: Broadleaf,2,1683137464,395.6067667,399.9692667,15.34300333,14.10057333,404.5699333,16.05492,600.1853333,100.8867333,0.09965489,21.65023667,22.01385667,999.9,0,0,10013.53467,0,125.3770333,1999.985667,0.9800015,0.019998183,0,2.23681,0,8765.226,16305.93667,37.312,38.43286667,37.8456,36.562,36.5662,1959.985667,40,0,34.79999995,0,2.238464,0.107900003,-1055.500002,8752.9184,15,1683137386,11:09:46,1683137386,1683137383,6,-0.017,0.001,-8.997,-0.731,400,14,0.37,0.05,-4.34730425,-0.166616173,0.059758135,1,2.257321212,-0.163892081,0.200758659,1,1.259307,-0.437473846,0.042441102,0,2,3,3-Feb,100,100,-8.964,-0.712,-5.792454255,-0.007814304,-3.18E-07,6.48E-10,-0.616572458,-0.027428369,0.001386821,-3.01E-06,5,2011,2,27,1.4,1.5,2,611.9,449.982,20.0008,22.1461,30.0006,22.2697,22.3,21.4516,29.2843,86.141,20,400,14.2701,101.909,103.602
19,1683137717,1978.1,20230503 11:15:16,11:15:16,h7.brohor.2,50.62717665,1683137709,0.000994822,4.191897872,395.3865,306.4646509,30.94739826,39.92690004,0.082799361,2.945211253,0.081527597,0.051067384,321.444376,23.77169557,22.91032333,2.804453226,59.76081599,1.599111125,2.675852225,1.205342102,-43.87163265,-122.6989675,-8.594377956,146.2793979,0,0,1,0,54229.36913,RECT-1505-20210918-17_20_47,10288.4,812.936,2752.91,1939.974,0.704699391,-1,MPF-1524-20230503-11_25_14,10294.9,2.273008,1.944,-0.169242798,0.5,1681.1944,4.191897872,-142.2650224,1,0.00308822,1415.105967,-,0,1.944,-0.169242798,0.999293838,0.000405686,1.418042716,0,1,1524,300,300,300,10294.9,1.54,-0.00686998,-0.13,1999.993333,1681.1944,0.840600002,0.191200004,6,0.5,0: Broadleaf,2,1683137709,395.3865,399.9699667,15.83561333,14.85692333,404.1938667,16.53793333,600.2317333,100.8825333,0.09941735,22.13757333,22.91032333,999.9,0,0,10001.287,0,208.0535,1999.993333,0.9800015,0.0199989,0,2.245426667,0,5782.885667,16306.01,37.4832,38.875,38.125,36.9874,36.833,1959.993333,40,0,244,0,2.273008,-0.487192293,-304.5892307,5780.7216,15,1683137697,11:14:56,1683137688,1683137697,7,0.153,0.002,-8.844,-0.721,400,15,0.27,0.09,-3.740202749,-11.63385233,1.605861131,0,2.23896,0.123224503,0.151995925,1,0.810227163,2.439587484,0.3321287,0,1,3,3-Jan,100,100,-8.809,-0.7003,-5.639658454,-0.007814304,-3.18E-07,6.48E-10,-0.614422036,-0.027428369,0.001386821,-3.01E-06,5,2011,2,27,0.5,0.3,2,608.433,450.927,20.003,22.2737,30.0001,22.3154,22.3325,21.463,27.4017,84.274,20,400,14.7636,101.898,103.58
20,1683137754,2015.1,20230503 11:15:53,11:15:53,h7.brohor.2,42.77136745,1683137749,0.001117883,3.869263389,395.7175294,319.1136912,32.22521181,39.96093415,0.090463869,2.9422741,0.088946599,0.055725825,321.4448783,23.92211886,23.18571765,2.851573742,59.52477891,1.610450717,2.705513144,1.241123024,-49.29862422,-137.5390351,-9.665823187,124.9413957,0,0,1,0,54109.37034,RECT-1505-20210918-17_20_47,10288.4,812.936,2752.91,1939.974,0.704699391,-1,MPF-1525-20230503-11_25_51,10294.2,2.265548,1.8716,-0.210487284,0.5,1681.1997,3.869263389,-176.935579,1,0.002896303,1469.885873,-,0,1.8716,-0.210487284,0.999320138,0.000485717,1.418080036,0,1,1525,300,300,300,10294.2,1.32,-0.00686944,-0.44,2000,1681.1997,0.84059985,0.1911997,6,0.5,0: Broadleaf,2,1683137749,395.7175294,400.0278824,15.94766471,14.84793529,404.5275882,16.64821765,600.1776471,100.8829412,0.100541176,22.31864118,23.18571765,999.9,0,0,9984.557647,0,202.8022941,2000,0.980003118,0.019997282,0,2.2826,0,5602.491765,16306.08235,37.625,39.01458824,38.23517647,37.125,36.98888235,1960.01,39.99,0,36,0,2.265548,-0.235115379,-250.0815389,5614.2748,15,1683137697,11:14:56,1683137688,1683137697,7,0.153,0.002,-8.844,-0.721,400,15,0.27,0.09,-4.277181,-0.152994371,0.085439382,1,2.265562857,0.131481018,0.165994382,1,1.11915025,-0.202713433,0.019568318,0,2,3,3-Feb,100,100,-8.809,-0.7006,-5.639658454,-0.007814304,-3.18E-07,6.48E-10,-0.614422036,-0.027428369,0.001386821,-3.01E-06,5,2011,2,27,1.1,0.9,2,610.003,451.442,20.0031,22.3123,30.0005,22.337,22.3572,21.4609,26.811,83.903,20,400,14.9966,101.891,103.573
21,1683137791,2052.1,20230503 11:16:30,11:16:30,h7.brohor.2,53.38623329,1683137783,0.00100504,4.265021556,395.3215667,301.6967729,30.46643882,39.92101146,0.079889913,2.944281035,0.078704898,0.049295566,321.4428222,24.06518474,23.38079667,2.885369807,59.6307448,1.624632234,2.724487576,1.260737573,-44.32225891,-150.3563164,-10.57599522,116.1882516,0,0,1,0,54147.57969,RECT-1505-20210918-17_20_47,10288.4,812.936,2752.91,1939.974,0.704699391,-1,MPF-1526-20230503-11_26_28,10293.5,2.238036,2.2784,0.017715941,0.5,1681.18879,4.265021556,14.89192072,1,0.003131725,1207.264572,-,0,2.2784,0.017715941,0.999172367,-4.98E-05,1.417870343,0,1,1526,300,300,300,10293.5,1.24,-0.00686889,-0.37,1999.987,1681.18879,0.840599859,0.191199718,6,0.5,0: Broadleaf,2,1683137783,395.3215667,399.9825,16.08807333,15.0995,404.1283667,16.78635333,600.1805,100.8832,0.100441727,22.43356333,23.38079667,999.9,0,0,9995.933333,0,196.4414333,1999.987,0.9800043,0.01999609,0,2.22191,0,5431.905333,16305.97667,37.75413333,39.17046667,38.3372,37.229,37.125,1959.996667,39.99033333,0,36,0,2.238036,-0.2194077,-271.7676927,5430.1148,15,1683137697,11:14:56,1683137688,1683137697,7,0.153,0.002,-8.844,-0.721,400,15,0.27,0.09,-4.663542,-0.387846079,0.073465794,1,2.239637143,-0.452221526,0.169897026,1,0.992376025,-0.058852289,0.007410744,1,3,3,3-Mar,100,100,-8.807,-0.698,-5.639658454,-0.007814304,-3.18E-07,6.48E-10,-0.614422036,-0.027428369,0.001386821,-3.01E-06,5,2011,2,27,1.7,1.6,2,610.078,451.645,20.0023,22.3669,30.0007,22.3749,22.3945,21.4657,25.9572,83.5323,20,400,15.1891,101.878,103.561
22,1683138015,2276.1,20230503 11:20:14,11:20:14,h8.brohor.2,67.76850994,1683138007,0.000397691,2.062014341,397.7655517,281.6646415,28.44730862,40.17316249,0.030427323,2.947812442,0.030253913,0.018924193,321.4466071,24.20575657,23.57795172,2.919880956,59.59325581,1.622114929,2.721977356,1.297766027,-17.53818325,-184.2788176,-12.9585243,106.671082,0,0,1,0,54254.89957,RECT-1505-20210918-17_20_47,10288.4,812.936,2752.91,1939.974,0.704699391,-1,MPF-1527-20230503-11_30_12,10288.9,2.232269231,1.6616,-0.343445613,0.5,1681.203486,2.062014341,-288.7009811,1,0.001821323,1655.782619,-,0,1.6616,-0.343445613,0.999396421,0.000703423,1.418188285,0,1,1527,300,300,300,10288.9,1.37,-0.00686561,-0.8,2000.003793,1681.203486,0.840600149,0.191200298,6,0.5,0: Broadleaf,2,1683138007,397.7655517,399.9833448,16.0610069,15.67012759,406.6764483,16.75487586,600.6517586,100.8926552,0.104432966,22.4184,23.57795172,999.9,0,0,10015.07828,0,132.6431034,2000.003793,0.979996379,0.020003921,0,2.233162069,0,6003.262069,16306.06207,38,39.562,38.75,37.52565517,37.375,1959.993793,40.01,0,223.2,0,2.232269231,-0.180950426,-345.568547,6003.348462,15,1683138000,11:20:00,1683138000,1683137997,8,-0.094,0.005,-8.938,-0.701,400,16,0.39,0.2,-1.58328433,-13.70172583,1.434006318,0,2.216385294,0.100678304,0.206218514,1,0.28270592,2.24335946,0.242352872,0,1,3,3-Jan,100,100,-8.915,-0.6907,-5.733735879,-0.007814304,-3.18E-07,6.48E-10,-0.60956081,-0.027428369,0.001386821,-3.01E-06,5,2011,2,27,0.2,0.3,2,609.513,447.676,19.999,22.7342,30.001,22.6975,22.6991,21.4669,24.5245,82.7911,20,400,15.6809,101.813,103.497
23,1683138052,2313.6,20230503 11:20:52,11:20:52,h8.brohor.2,62.13333674,1683138048,0.000554297,2.628681639,397.1858,289.8431537,29.27365356,40.11507382,0.042307106,2.944569824,0.04197229,0.026262542,321.4456788,24.14824619,23.65897333,2.934167764,59.96943728,1.630499041,2.718883343,1.303668723,-24.44450695,-199.9077386,-14.07748791,83.01594528,0,0,1,0,54162.62117,RECT-1505-20210918-17_20_47,10288.4,812.936,2752.91,1939.974,0.704699391,-1,MPF-1528-20230503-11_30_49,10288.5,2.205992308,2.1992,-0.003088536,0.5,1681.198618,2.628681639,-2.596220968,1,0.00215839,1250.777919,-,0,2.1992,-0.003088536,0.999201136,8.38E-06,1.417911168,0,1,1528,300,300,300,10288.5,1.39,-0.00686526,-0.47,1999.998,1681.198618,0.84060015,0.191200299,6,0.5,0: Broadleaf,2,1683138048,397.1858,400.0339333,16.14383333,15.59862,406.1020667,16.83641333,600.149,100.8970667,0.101191133,22.39969333,23.65897333,999.9,0,0,9996.200667,0,137.3691333,1999.998,0.9799974,0.020002887,0,2.203493333,0,5846.297333,16306.02,38.062,39.562,38.75,37.5,37.437,1959.991333,40.01,0,36.79999995,0,2.205992308,0.133011958,-141.2369229,5853.877692,15,1683138000,11:20:00,1683138000,1683137997,8,-0.094,0.005,-8.938,-0.701,400,16,0.39,0.2,-2.870809,0.395899812,0.057187985,1,2.215066667,-0.18818491,0.15674186,1,0.5785112,-0.31612755,0.030664647,0,2,3,3-Feb,100,100,-8.916,-0.6928,-5.733735879,-0.007814304,-3.18E-07,6.48E-10,-0.60956081,-0.027428369,0.001386821,-3.01E-06,5,2011,2,27,0.9,0.9,2,612.146,447.89,19.9995,22.8024,30.0007,22.7467,22.749,21.4635,25.423,82.42,20,400,15.6009,101.794,103.485
24,1683138088,2349.1,20230503 11:21:27,11:21:27,h8.brohor.2,67.03542843,1683138080,0.000493459,2.494721169,397.3271935,282.1749159,28.49935963,40.12961443,0.037214966,2.945625145,0.036955723,0.023120468,321.4451521,24.15155868,23.71343226,2.943805006,59.83630483,1.625702278,2.716916232,1.318102728,-21.76156379,-210.5179615,-14.82255084,74.34307598,0,0,1,0,54196.01496,RECT-1505-20210918-17_20_47,10288.4,812.936,2752.91,1939.974,0.704699391,-1,MPF-1529-20230503-11_31_25,10288.1,2.353226923,2.082,-0.130272297,0.5,1681.198142,2.494721169,-109.5067721,1,0.002078709,1321.243036,-,0,2.082,-0.130272297,0.999243709,0.000334495,1.417971581,0,1,1529,300,300,300,10288.1,1.74,-0.00686501,-0.33,1999.997742,1681.198142,0.84060002,0.19120004,6,0.5,0: Broadleaf,2,1683138080,397.3271935,400.0172258,16.09623548,15.61085484,406.2445806,16.78960645,600.168129,100.8986774,0.100235023,22.38779032,23.71343226,999.9,0,0,10002.03968,0,148.1347097,1999.997742,0.979997871,0.0200024,0,2.33433871,0,5793.736129,16306.02258,38.137,39.554,38.8,37.5,37.44919355,1959.996452,40.00129032,0,34.4000001,0,2.353226923,-0.225063251,-60.57162398,5793.449231,15,1683138000,11:20:00,1683138000,1683137997,8,-0.094,0.005,-8.938,-0.701,400,16,0.39,0.2,-2.7060315,0.304753171,0.05210776,1,2.356637143,-0.110242661,0.163211208,1,0.4887989,-0.100438109,0.010480667,0,2,3,3-Feb,100,100,-8.917,-0.6936,-5.733735879,-0.007814304,-3.18E-07,6.48E-10,-0.60956081,-0.027428369,0.001386821,-3.01E-06,5,2011,2,27,1.5,1.5,2,612.156,448.063,19.9993,22.8487,30.0005,22.7869,22.7887,21.4625,25.423,82.0468,20,400,15.7086,101.784,103.473
25,1683138381,2642.1,20230503 11:26:20,11:26:20,i2.brohor.2,23.5798908,1683138373,0.000814798,1.723756527,397.9297742,352.9823084,35.6482657,40.18758442,0.073102821,2.945588383,0.072109684,0.045156658,321.4451769,23.9592909,22.50755806,2.736766146,60.03181791,1.620234449,2.698959495,1.116531697,-35.93258775,-36.3299278,-2.541002557,246.6416588,0,0,1,0,54214.78741,RECT-1505-20210918-17_20_47,10288.4,812.936,2752.91,1939.974,0.704699391,-1,MPF-1530-20230503-11_36_18,10288.8,2.275019231,2.0388,-0.115861895,0.5,1681.195964,1.723756527,-97.39327481,1,0.00162013,1349.259957,-,0,2.0388,-0.115861895,0.999259402,0.000291306,1.417993849,0,1,1530,300,300,300,10288.8,1.54,-0.00686556,-0.44,1999.994839,1681.195964,0.840600151,0.191200303,6,0.5,0: Broadleaf,2,1683138373,397.9297742,399.9771613,16.04325161,15.24176129,406.7143871,16.74045806,600.1763548,100.8919355,0.099714365,22.27878387,22.50755806,999.9,0,0,10002.49903,0,208.7477742,1999.994839,0.97999729,0.020003,0,2.268593548,0,4912.88129,16306,38.054,39.433,38.625,37.548,37.375,1959.985806,40.01,0,292.2,0,2.275019231,0.021548726,-192.3015382,4911.06,15,1683138356,11:25:56,1683138354,1683138356,9,0.136,-0.003,-8.801,-0.713,400,15,0.99,0.08,-2.03745875,0.215292495,0.128191883,1,2.289355882,-0.269898563,0.1630189,1,0.803583325,0.133022443,0.034609447,0,2,3,3-Feb,100,100,-8.786,-0.6964,-5.597325616,-0.007814304,-3.18E-07,6.48E-10,-0.612601136,-0.027428369,0.001386821,-3.01E-06,5,2011,2,27,0.4,0.4,2,609.965,448.641,20.0021,22.8098,30.0005,22.8265,22.8405,21.4368,26.1511,79.8056,20,400,15.18,101.786,103.477
26,1683138418,2679.6,20230503 11:26:58,11:26:58,i2.brohor.2,21.12097396,1683138410,0.000908855,1.701264709,397.9197097,356.7859938,36.03177227,40.18586102,0.080548592,2.945432525,0.079344577,0.049697037,321.4524475,24.02180247,22.6055871,2.753107485,59.75711524,1.621369284,2.713265655,1.131738201,-40.08051454,-38.09574305,-2.667151976,240.609038,0,0,1,0,54194.19127,RECT-1505-20210918-17_20_47,10288.4,812.936,2752.91,1939.974,0.704699391,-1,MPF-1531-20230503-11_36_55,10288.4,2.288465385,1.956,-0.169972078,0.5,1681.236368,1.701264709,-142.8816195,1,0.001606713,1406.4182,-,0,1.956,-0.169972078,0.999289479,0.000409955,1.41803653,0,1,1531,300,300,300,10288.4,1.19,-0.00686533,-0.97,2000.043226,1681.236368,0.840600016,0.191200032,6,0.5,0: Broadleaf,2,1683138410,397.9197097,399.9820323,16.05477097,15.16076452,406.7041935,16.75180323,600.1726774,100.8900645,0.099808661,22.36568065,22.6055871,999.9,0,0,10001.79839,0,193.3640323,2000.043226,0.979998258,0.020002,0,2.269145161,0,4814.447742,16306.4,38.159,39.502,38.687,37.643,37.4756129,1960.04129,40.00193548,0,36.79999995,0,2.288465385,0.100782905,-103.8444444,4812.993462,15,1683138356,11:25:56,1683138354,1683138356,9,0.136,-0.003,-8.801,-0.713,400,15,0.99,0.08,-2.05812425,-0.044774522,0.031438035,1,2.268166667,0.162990225,0.164474328,1,0.89792145,-0.075044105,0.007771044,1,3,3,3-Mar,100,100,-8.784,-0.6974,-5.597325616,-0.007814304,-3.18E-07,6.48E-10,-0.612601136,-0.027428369,0.001386821,-3.01E-06,5,2011,2,27,1.1,1,2,610.96,448.781,20.0015,22.8605,30.0005,22.8623,22.8783,21.4358,26.5073,79.431,20,400,15.222,101.781,103.467
27,1683138455,2716.6,20230503 11:27:35,11:27:35,i2.brohor.2,29.44355294,1683138448,0.000770132,1.978646708,397.7042222,343.2175153,34.66172163,40.16436349,0.067201357,2.946914052,0.066361475,0.041550507,321.4485138,24.17096138,22.76816667,2.780397593,59.80662441,1.634007086,2.732150664,1.146390507,-33.96280202,-45.81750509,-3.210659301,238.4575474,0,0,1,0,54217.03911,RECT-1505-20210918-17_20_47,10288.4,812.936,2752.91,1939.974,0.704699391,-1,MPF-1532-20230503-11_37_32,10287.7,2.297269231,2.2024,-0.043075386,0.5,1681.216178,1.978646708,-36.20951815,1,0.001771721,1248.959135,-,0,2.2024,-0.043075386,0.999199974,0.000117017,1.417909518,0,1,1532,300,300,300,10287.7,1.77,-0.00686478,0.17,2000.019259,1681.216178,0.840599994,0.191199988,6,0.5,0: Broadleaf,2,1683138448,397.7042222,399.9884815,16.1798037,15.42235556,406.487037,16.87477407,600.1765185,100.8905926,0.099945715,22.47977778,22.76816667,999.9,0,0,10010.17148,0,203.0525926,2000.019259,0.98,0.0200002,0,2.285633333,0,4725.866296,16306.2037,38.25688889,39.60633333,38.77985185,37.76607407,37.597,1960.019259,40,0,36.20000005,0,2.297269231,-0.244000006,-66.48410248,4726.408462,15,1683138356,11:25:56,1683138354,1683138356,9,0.136,-0.003,-8.801,-0.713,400,15,0.99,0.08,-2.28327225,-0.048920713,0.020677824,1,2.268957576,0.270592357,0.171058649,1,0.7507424,0.112954492,0.018274201,0,2,3,3-Feb,100,100,-8.783,-0.6945,-5.597325616,-0.007814304,-3.18E-07,6.48E-10,-0.612601136,-0.027428369,0.001386821,-3.01E-06,5,2011,2,27,1.7,1.6,2,611.11,448.847,20.0026,22.9253,30.0008,22.9136,22.9303,21.4436,25.2022,79.0595,20,400,15.4004,101.765,103.456
28,1683138628,2889.6,20230503 11:30:28,11:30:28,i4.brohor.2,87.78217666,1683138620,0.000724543,5.096144176,394.5434194,246.3167523,24.87518464,39.84438863,0.058054429,2.943721663,0.057425799,0.035947037,321.4449812,24.5731099,23.45389032,2.898122694,59.07798106,1.65265568,2.797413943,1.245467014,-31.95233292,-92.84932756,-6.549058207,190.0942626,0,0,1,0,54051.50445,RECT-1505-20210918-17_20_47,10288.4,812.936,2752.91,1939.974,0.704699391,-1,MPF-1533-20230503-11_40_25,10284.6,2.233992308,2.1368,-0.045484981,0.5,1681.200242,5.096144176,-38.23468065,1,0.003626067,1287.333021,-,0,2.1368,-0.045484981,0.999223803,0.000119872,1.417943333,0,1,1533,300,300,300,10284.6,1.56,-0.00686275,-1.15,2000.000645,1681.200242,0.84059985,0.1911997,6,0.5,0: Broadleaf,2,1683138620,394.5434194,399.9216129,16.36477419,15.65259355,403.2409032,17.06000323,600.4255161,100.8867742,0.101828519,22.86883548,23.45389032,999.9,0,0,9992.400645,0,301.2989032,2000.000645,0.980006,0.0199941,0,2.249587097,0,7900.967419,16306.09355,38.60467742,40.2256129,39.23374194,38.32622581,38,1960.010645,39.99,0,172.4000001,0,2.233992308,0.506871802,-1667.670087,7879.099615,15,1683138613,11:30:12,1683138611,1683138613,10,0.06,-0.004,-8.74,-0.709,400,16,0.41,0.2,-4.01016273,-31.04556056,3.269135676,0,2.239609091,0.151126645,0.211853013,1,0.529300561,3.964322608,0.426783985,0,1,3,3-Jan,100,100,-8.684,-0.6898,-5.537093437,-0.007814304,-3.18E-07,6.48E-10,-0.616606027,-0.027428369,0.001386821,-3.01E-06,5,2011,2,27,0.3,0.3,2,608.754,446.887,20.0001,23.3211,30.0008,23.2407,23.2452,21.4519,24.6968,78.3097,20,400,15.6147,101.703,103.378
29,1683138667,2928.6,20230503 11:31:07,11:31:07,i4.brohor.2,73.59596795,1683138659,0.001006002,5.937207097,393.6726452,267.7033209,27.0348302,39.75622372,0.080672994,2.946647213,0.079465777,0.04977307,321.4448449,24.60689556,23.61337097,2.926119046,59.54817599,1.676789889,2.815854325,1.249329157,-44.36469867,-101.0419082,-7.129508726,168.9087293,0,0,1,0,54117.95777,RECT-1505-20210918-17_20_47,10288.4,812.936,2752.91,1939.974,0.704699391,-1,MPF-1534-20230503-11_41_04,10285.3,2.254146154,2.162,-0.042620793,0.5,1681.199439,5.937207097,-35.82702639,1,0.004126344,1272.316374,-,0,2.162,-0.042620793,0.999214649,0.000113652,1.417930343,0,1,1534,300,300,300,10285.3,1.08,-0.00686309,-0.41,1999.999677,1681.199439,0.840599855,0.19119971,6,0.5,0: Broadleaf,2,1683138659,393.6726452,400.0041613,16.60384839,15.61481935,402.3632258,17.29554839,600.1636129,100.8873871,0.100639906,22.97732581,23.61337097,999.9,0,0,10008.97161,0,305.9151613,1999.999677,0.980004742,0.019995358,0,2.259345161,0,7263.753226,16306.10645,38.74187097,40.375,39.3506129,38.429,38.12093548,1960.009355,39.99032258,0,38.20000005,0,2.254146154,0.559589738,-588.6858112,7257.330769,15,1683138613,11:30:12,1683138611,1683138613,10,0.06,-0.004,-8.74,-0.709,400,16,0.41,0.2,-6.38493175,0.910506079,0.10283756,0,2.249902941,0.353016061,0.196859766,1,1.005644025,-0.375346345,0.036363142,0,1,3,3-Jan,100,100,-8.691,-0.6919,-5.537093437,-0.007814304,-3.18E-07,6.48E-10,-0.616606027,-0.027428369,0.001386821,-3.01E-06,5,2011,2,27,0.9,0.9,2,611.095,447.139,20.0002,23.407,30.0007,23.3135,23.32,21.4466,24.1606,77.9297,20,400,15.7676,101.687,103.364
30,1683138704,2965.6,20230503 11:31:44,11:31:44,i4.brohor.2,86.83706942,1683138696,0.000851069,5.854872292,393.7803226,246.7891378,24.92322342,39.76785626,0.067423651,2.942995034,0.066577131,0.041685878,321.4484821,24.74254518,23.75950323,2.951979487,59.70225107,1.690678992,2.831851332,1.261300495,-37.5321257,-109.2495385,-7.727577661,166.9392403,0,0,1,0,53993.24703,RECT-1505-20210918-17_20_47,10288.4,812.936,2752.91,1939.974,0.704699391,-1,MPF-1535-20230503-11_41_41,10284.6,2.289652,2.8748,0.203543899,0.5,1681.218668,5.854872292,171.1009011,1,0.004077323,956.6005287,-,0,2.8748,0.203543899,0.998955723,-0.00072235,1.417562916,0,1,1535,300,300,300,10284.6,1.66,-0.00686255,-0.96,2000.022581,1681.218668,0.840599843,0.191199686,6,0.5,0: Broadleaf,2,1683138696,393.7803226,399.9688387,16.74106129,15.90444194,402.4717742,17.43031935,600.1444839,100.8889032,0.101049739,23.07093871,23.75950323,999.9,0,0,9988.061935,0,302.2441935,2000.022581,0.980006,0.0199941,0,2.28963871,0,6795.399677,16306.26774,38.875,40.532,39.48577419,38.5,38.24796774,1960.032581,39.99,0,36.20000005,0,2.289652,0.426384609,-789.5784603,6782.9944,15,1683138613,11:30:12,1683138611,1683138613,10,0.06,-0.004,-8.74,-0.709,400,16,0.41,0.2,-6.2144735,0.296848255,0.057146401,1,2.271747059,0.061960031,0.210762673,1,0.848664125,-0.238477227,0.024176194,0,2,3,3-Feb,100,100,-8.691,-0.6885,-5.537093437,-0.007814304,-3.18E-07,6.48E-10,-0.616606027,-0.027428369,0.001386821,-3.01E-06,5,2011,2,27,1.6,1.5,2,611.135,447.388,20,23.485,30.0008,23.3876,23.3926,21.4575,22.7181,77.5583,20,400,15.9916,101.674,103.353
31,1683139008,3269.6,20230503 11:36:48,11:36:48,d1.brohor.2,56.10603335,1683139000,0.001451352,7.359368722,392.0267742,294.155623,29.70651537,39.59043608,0.131168936,2.944601905,0.128007223,0.080282235,321.4416523,24.45368202,22.96724839,2.814136971,60.3246718,1.694678428,2.809262575,1.119458543,-64.00460906,-4.545353156,-0.319830733,252.5718594,0,0,1,0,54064.72611,RECT-1505-20210918-17_20_47,10288.4,812.936,2752.91,1939.974,0.704699391,-1,MPF-1536-20230503-11_46_45,10266.8,2.297726923,1.774,-0.295223745,0.5,1681.17996,7.359368722,-248.1621217,1,0.004972322,1550.80947,-,0,1.774,-0.295223745,0.999355591,0.00064565,1.418130346,0,1,1536,300,300,300,10266.8,1.3,-0.00685079,-0.72,1999.976129,1681.17996,0.840600013,0.191200026,6,0.5,0: Broadleaf,2,1683139000,392.0267742,399.9523871,16.78080323,15.35429677,400.6530323,17.47670323,600.2062581,100.8875806,0.101532065,22.93861613,22.96724839,999.9,0,0,9997.322903,0,224.2213548,1999.976129,0.979999387,0.020000229,0,2.292570968,0,6889.760323,16305.87097,39.187,40.81606452,39.875,38.84045161,38.5,1959.972258,40.00032258,0,303.2,0,2.297726923,-0.727989743,-1423.824955,6876.698462,15,1683138988,11:36:27,1683138981,1683138988,11,0.051,-0.007,-8.689,-0.724,400,15,0.34,0.05,-6.473657133,-21.7618028,2.720304457,0,2.264542424,-0.023944373,0.199921891,1,1.179219316,3.651677975,0.479847446,0,1,3,3-Jan,100,100,-8.626,-0.6935,-5.486022075,-0.007814304,-3.18E-07,6.48E-10,-0.624084091,-0.027428369,0.001386821,-3.01E-06,5,2011,2,27,0.5,0.3,2,611.846,443.045,20.0022,23.6888,30.0006,23.6555,23.6592,21.4206,29.7169,76.4038,20,400,15.1269,101.625,103.33
32,1683139045,3306.6,20230503 11:37:25,11:37:25,d1.brohor.2,49.25743064,1683139037,0.00166379,7.353956102,391.9844333,304.9130584,30.79261091,39.58578948,0.14929638,2.945186372,0.145215818,0.091117219,321.4496193,24.41157368,23.00267333,2.820178004,60.0725537,1.688951691,2.811519716,1.131226312,-73.37312768,-8.065010556,-0.567516481,239.4439646,0,0,1,0,54079.52004,RECT-1505-20210918-17_20_47,10288.4,812.936,2752.91,1939.974,0.704699391,-1,MPF-1537-20230503-11_47_22,10266,2.370108,2.3008,-0.030123435,0.5,1681.21934,7.353956102,-25.32205103,1,0.004968986,1195.501217,-,0,2.3008,-0.030123435,0.99916423,8.55E-05,1.417858796,0,1,1537,300,300,300,10266,1.42,-0.00685018,-0.83,2000.022667,1681.21934,0.840600143,0.191200286,6,0.5,0: Broadleaf,2,1683139037,391.9844333,399.9882,16.72425333,15.08877333,400.6103333,17.42116333,600.1776,100.8869,0.101267167,22.95188,23.00267333,999.9,0,0,10000.71267,0,214.6869667,2000.022667,0.9799932,0.020006327,0,2.37214,0,6227.859,16306.21333,39.312,40.87913333,39.92873333,38.8998,38.6208,1960.012667,40.01,0,36.20000005,0,2.370108,0.322076929,-655.2184606,6221.2812,15,1683138988,11:36:27,1683138981,1683138988,11,0.051,-0.007,-8.689,-0.724,400,15,0.34,0.05,-8.017473,0.4599197,0.058866906,1,2.315230303,0.978749853,0.199922659,1,1.65403525,-0.330611144,0.033083822,0,2,3,3-Feb,100,100,-8.627,-0.6976,-5.486022075,-0.007814304,-3.18E-07,6.48E-10,-0.624084091,-0.027428369,0.001386821,-3.01E-06,5,2011,2,27,1.1,1,2,613.713,442.693,20.0013,23.7476,30.0007,23.6964,23.7018,21.4173,30.7281,75.6568,20,400,15.1633,101.616,103.319
33,1683139080,3341.6,20230503 11:38:00,11:38:00,d1.brohor.2,53.96275488,1683139072,0.001560687,7.412119489,391.9670968,297.3110791,30.02499103,39.58415744,0.13735621,2.946241382,0.1338953,0.083988248,321.4436335,24.47375359,23.0775,2.832975531,59.70096286,1.682165924,2.817652921,1.150809607,-68.82628168,-14.23596282,-1.001956206,237.3794328,0,0,1,0,54104.05837,RECT-1505-20210918-17_20_47,10288.4,812.936,2752.91,1939.974,0.704699391,-1,MPF-1538-20230503-11_47_57,10265.4,2.2591,2.424,0.068028053,0.5,1681.187835,7.412119489,57.18396742,1,0.005003676,1134.688944,-,0,2.424,0.068028053,0.999119477,-0.000203452,1.41779529,0,1,1538,300,300,300,10265.4,1.62,-0.00684974,-0.28,1999.985161,1681.187835,0.840600154,0.191200309,6,0.5,0: Broadleaf,2,1683139072,391.9670968,399.9886774,16.65700968,15.12275484,400.5929032,17.35511613,600.1702903,100.8872581,0.101212065,22.98787419,23.0775,999.9,0,0,10006.67613,0,199.9147097,1999.985161,0.979994097,0.020005403,0,2.247616129,0,5926.86,16305.89032,39.415,40.94309677,39.99390323,38.99796774,38.69309677,1959.975161,40.01,0,33.79999995,0,2.2591,-0.665538467,-340.8423082,5923.8832,15,1683138988,11:36:27,1683138981,1683138988,11,0.051,-0.007,-8.689,-0.724,400,15,0.34,0.05,-8.02678675,0.300770544,0.050410778,1,2.235594118,-0.056496128,0.161672698,1,1.5580555,-0.582522326,0.057135313,0,2,3,3-Feb,100,100,-8.626,-0.6979,-5.486022075,-0.007814304,-3.18E-07,6.48E-10,-0.624084091,-0.027428369,0.001386821,-3.01E-06,5,2011,2,27,1.6,1.5,2,613.913,442.15,20.001,23.811,30.0008,23.7453,23.7504,21.4208,28.911,74.9086,20,400,15.3125,101.605,103.31
34,1683139291,3552,20230503 11:41:30,11:41:30,d2.brohor.2,44.71868731,1683139283,0.001488673,5.884489199,393.4889677,313.883057,31.6951247,39.73353012,0.131589041,2.945214371,0.128407953,0.080534374,321.4495978,24.66851453,23.18721935,2.851832574,59.96275844,1.707598489,2.847765069,1.144234084,-65.65049589,-3.749313379,-0.264358359,251.7854302,0,0,1,0,54041.44769,RECT-1505-20210918-17_20_47,10288.4,812.936,2752.91,1939.974,0.704699391,-1,MPF-1539-20230503-11_51_28,10271.4,2.336538462,2.0872,-0.119460742,0.5,1681.221455,5.884489199,-100.4199816,1,0.004094933,1317.948831,-,0,2.0872,-0.119460742,0.99924182,0.000307503,1.417968901,0,1,1539,300,300,300,10271.4,1.64,-0.00685362,-1.52,2000.025484,1681.221455,0.840600017,0.191200033,6,0.5,0: Broadleaf,2,1683139283,393.4889677,399.956871,16.91068387,15.44771935,402.0875806,17.60095806,600.2191613,100.876129,0.101365581,23.16360645,23.18721935,999.9,0,0,10001.93968,0,200.3366774,2000.025484,0.979998871,0.020000829,0,2.343909677,0,5200.299355,16306.26129,39.73577419,41.387,40.391,39.49187097,39.062,1960.023871,40.0016129,0,209.8,0,2.336538462,-0.021429059,-461.4482051,5194.553846,15,1683139270,11:41:10,1683139262,1683139270,12,0.039,0.003,-8.649,-0.718,400,15,0.53,0.08,-5.247689115,-18.13678801,2.275148065,0,2.315039394,0.178985224,0.155919878,1,1.202799359,3.862039159,0.497952929,0,1,3,3-Jan,100,100,-8.598,-0.6888,-5.447223501,-0.007814304,-3.18E-07,6.48E-10,-0.620751733,-0.027428369,0.001386821,-3.01E-06,5,2011,2,27,0.5,0.3,2,612.297,439.001,20.0013,24.1917,30.0009,24.0905,24.0884,21.4281,28.9347,72.2919,20,400,15.3644,101.53,103.237
35,1683139327,3588.5,20230503 11:42:07,11:42:07,d2.brohor.2,43.56896623,1683139319,0.00161276,6.158691974,393.2043667,315.2903899,31.83573962,39.70292859,0.141355017,2.943810756,0.137689615,0.086377415,321.4459188,24.69237388,23.26698,2.865609558,59.83595739,1.709710085,2.857328869,1.155899474,-71.12270624,-7.602052149,-0.53663203,242.1845284,0,0,1,0,53989.87766,RECT-1505-20210918-17_20_47,10288.4,812.936,2752.91,1939.974,0.704699391,-1,MPF-1540-20230503-11_52_04,10270.8,2.250707692,1.902,-0.183337378,0.5,1681.20252,6.158691974,-154.1136307,1,0.004258078,1446.376446,-,0,1.902,-0.183337378,0.999309095,0.000429954,1.418064366,0,1,1540,300,300,300,10270.8,1.29,-0.00685312,-0.19,2000.003,1681.20252,0.840599999,0.191199998,6,0.5,0: Broadleaf,2,1683139319,393.2043667,399.9952667,16.93239,15.34739,401.8007333,17.62226667,600.1710667,100.8711333,0.1016227,23.21908,23.26698,999.9,0,0,9994.456333,0,217.1223667,2000.003,0.9800005,0.0199992,0,2.256143333,0,4923.947333,16306.07,39.8708,41.5,40.4958,39.562,39.18286667,1960.003,40,0,35.79999995,0,2.250707692,-0.960307685,-366.0030769,4921.541154,15,1683139270,11:41:10,1683139262,1683139270,12,0.039,0.003,-8.649,-0.718,400,15,0.53,0.08,-6.77393825,-0.41606803,0.06384691,1,2.272187879,-0.688185752,0.164068705,1,1.59502775,-0.221865929,0.022011094,0,2,3,3-Feb,100,100,-8.596,-0.6903,-5.447223501,-0.007814304,-3.18E-07,6.48E-10,-0.620751733,-0.027428369,0.001386821,-3.01E-06,5,2011,2,27,1.1,0.9,2,613.961,438.849,19.9978,24.2752,30.0008,24.16,24.1596,21.4255,29.2077,71.9214,20,400,15.4754,101.518,103.219
36,1683139363,3624,20230503 11:42:42,11:42:42,d2.brohor.2,48.20640422,1683139357,0.001522608,6.335044526,393.0515,307.6546601,31.06474435,39.68750014,0.131414998,2.945663899,0.128242681,0.080430317,321.4444244,24.76982257,23.36075455,2.881881579,59.65830561,1.710306673,2.866837493,1.171574906,-67.14701514,-13.76564761,-0.97184319,239.5599184,0,0,1,0,54034.42788,RECT-1505-20210918-17_20_47,10288.4,812.936,2752.91,1939.974,0.704699391,-1,MPF-1541-20230503-11_52_40,10270.2,2.211773077,2.1068,-0.049825839,0.5,1681.194655,6.335044526,-41.88346682,1,0.004362995,1305.678375,-,0,2.1068,-0.049825839,0.999234701,0.000129464,1.417958797,0,1,1541,300,300,300,10270.2,1.09,-0.00685275,0.1,1999.993636,1681.194655,0.840600002,0.191200004,6,0.5,0: Broadleaf,2,1683139357,393.0515,399.9831364,16.93829545,15.44188182,401.6467727,17.62806364,600.162,100.8710909,0.101682727,23.27407273,23.36075455,999.9,0,0,10004.99545,0,235.1621364,1999.993636,0.980001409,0.019998277,0,2.236272727,0,4754.970455,16306.00455,39.94845455,41.56772727,40.562,39.64754545,39.25563636,1959.993636,40,0,34.5999999,0,2.211773077,0.156947006,-176.454701,4760.200769,15,1683139270,11:41:10,1683139262,1683139270,12,0.039,0.003,-8.649,-0.718,400,15,0.53,0.08,-6.949954,0.166981238,0.042978057,1,2.206037143,0.03715773,0.191667252,1,1.527302,-0.374246454,0.03636699,0,2,3,3-Feb,100,100,-8.596,-0.6897,-5.447223501,-0.007814304,-3.18E-07,6.48E-10,-0.620751733,-0.027428369,0.001386821,-3.01E-06,5,2011,2,27,1.7,1.5,2,614.116,438.429,20.0015,24.3497,30.0008,24.2318,24.2311,21.4302,28.3768,71.1728,20,400,15.5488,101.51,103.207
37,1683139646,3907,20230503 11:47:25,11:47:25,i5.brohor.2,39.74787885,1683139638,0.002801476,9.702330091,389.2683871,316.4386016,31.94855322,39.30165826,0.244096801,2.945856112,0.233391055,0.146792148,321.444312,24.24529097,23.57146452,2.918739681,61.22142451,1.73477518,2.833607996,1.183964501,-123.5450864,-77.86387401,-5.497265316,114.5380862,0,0,1,0,54075.04443,RECT-1505-20210918-17_20_47,10288.4,812.936,2752.91,1939.974,0.704699391,-1,MPF-1542-20230503-11_57_23,10284.8,2.290624,2.2248,-0.02958648,0.5,1681.196719,9.702330091,-24.87034629,1,0.0063659,1236.374146,-,0,2.2248,-0.02958648,0.999191837,8.12E-05,1.417897972,0,1,1542,300,300,300,10284.8,1.39,-0.0068623,-0.41,1999.996452,1681.196719,0.840599851,0.191199702,6,0.5,0: Broadleaf,2,1683139638,389.2683871,400.0583548,17.18230645,14.42970323,397.9796452,17.86907097,600.1606129,100.8597419,0.103140129,23.08119032,23.57146452,999.9,0,0,10007.21452,0,231.1124839,1999.996452,0.98000629,0.0199938,0,2.314258065,0,8814.673871,16306.06774,40,41.679,40.75,39.60874194,39.276,1960.006452,39.99,0,282,0,2.290624,-0.864300013,-1237.725387,8798.6244,15,1683139612,11:46:52,1683139608,1683139612,13,-0.144,-0.002,-8.796,-0.733,400,14,0.47,0.04,-10.7592575,-0.233213133,0.080497596,1,2.285068571,0.304522896,0.167482775,1,2.6482145,1.967141764,0.201583281,0,2,3,3-Feb,100,100,-8.711,-0.6898,-5.591739237,-0.007814304,-3.18E-07,6.48E-10,-0.622329134,-0.027428369,0.001386821,-3.01E-06,5,2011,2,27,0.6,0.6,2,616.533,434.308,20.0004,24.5515,30.0005,24.5208,24.5265,21.4143,34.3213,67.7179,20,400,14.1667,101.463,103.171
38,1683139681,3942.5,20230503 11:48:01,11:48:01,i5.brohor.2,44.2508512,1683139675,0.002688295,9.974123313,388.9523043,308.6818008,31.16589917,39.27036925,0.225399581,2.944356444,0.216233538,0.135938434,321.4480638,24.30729468,23.59853478,2.923504658,59.77218664,1.696998779,2.839111089,1.226505879,-118.5538193,-77.02912973,-5.442730726,120.422384,0,0,1,0,54025.01397,RECT-1505-20210918-17_20_47,10288.4,812.936,2752.91,1939.974,0.704699391,-1,MPF-1543-20230503-11_57_58,10284.2,2.20042,1.8604,-0.182767147,0.5,1681.214856,9.974123313,-153.6354212,1,0.006527496,1478.740916,-,0,1.8604,-0.182767147,0.999324206,0.000419221,1.418085809,0,1,1543,300,300,300,10284.2,1.67,-0.00686201,-0.28,2000.017826,1681.214856,0.840599936,0.191199871,6,0.5,0: Broadleaf,2,1683139675,388.9523043,399.9691739,16.80787826,14.16545652,397.6612174,17.50156522,600.1564348,100.8605217,0.103963652,23.11326957,23.59853478,999.9,0,0,9998.609565,0,225.2589565,2000.017826,0.980003696,0.019996383,0,2.17823913,0,8174.342609,16306.21304,40.062,41.69247826,40.77965217,39.625,39.3393913,1960.023043,39.99608696,0,34.79999995,0,2.20042,-0.302853842,-729.5384627,8186.5712,15,1683139612,11:46:52,1683139608,1683139612,13,-0.144,-0.002,-8.796,-0.733,400,14,0.47,0.04,-11.02234,0.241125704,0.051565094,1,2.239464706,-0.576540879,0.157192523,1,2.7069545,-0.865884878,0.084158968,0,2,3,3-Feb,100,100,-8.709,-0.6934,-5.591739237,-0.007814304,-3.18E-07,6.48E-10,-0.622329134,-0.027428369,0.001386821,-3.01E-06,5,2011,2,27,1.2,1.1,2,617.198,434.276,20.0007,24.5954,30.0005,24.5616,24.5709,21.4181,32.8546,66.5857,20,400,14.3287,101.452,103.164
39,1683139715,3976,20230503 11:48:34,11:48:34,i5.brohor.2,45.01428028,1683139708,0.002677076,10.04926504,388.8993462,307.3665944,31.03355274,39.2655825,0.223246156,2.944603653,0.214251382,0.13468506,321.4413749,24.35338425,23.67137692,2.936360317,59.85388671,1.703777862,2.846561778,1.232582455,-118.0590689,-81.71812251,-5.776957707,115.8872258,0,0,1,0,54024.42388,RECT-1505-20210918-17_20_47,10288.4,812.936,2752.91,1939.974,0.704699391,-1,MPF-1544-20230503-11_58_32,10283.8,2.258768,2.3404,0.034879508,0.5,1681.179831,10.04926504,29.31936249,1,0.006572328,1175.256196,-,0,2.3404,0.034879508,0.999149845,-0.000100706,1.417838383,0,1,1544,300,300,300,10283.8,1.23,-0.00686155,-0.19,1999.976154,1681.179831,0.840599938,0.191199876,6,0.5,0: Broadleaf,2,1683139708,388.8993462,399.9867692,16.87478077,14.24358077,397.6076538,17.56726154,600.1599231,100.8621154,0.103810346,23.15661538,23.67137692,999.9,0,0,9999.856923,0,220.091,1999.976154,0.980001577,0.019998465,0,2.250719231,0,7816.618846,16305.87692,40.187,41.75,40.82169231,39.65838462,39.42269231,1959.980769,39.99538462,0,32.79999995,0,2.258768,-0.155484611,-506.0776915,7819.3436,15,1683139612,11:46:52,1683139608,1683139612,13,-0.144,-0.002,-8.796,-0.733,400,14,0.47,0.04,-11.076755,-0.023157974,0.038837585,1,2.272770588,-0.162007608,0.181334531,1,2.64814625,-0.24556379,0.024339492,0,2,3,3-Feb,100,100,-8.709,-0.693,-5.591739237,-0.007814304,-3.18E-07,6.48E-10,-0.622329134,-0.027428369,0.001386821,-3.01E-06,5,2011,2,27,1.8,1.7,2,617.359,434.177,20.0015,24.6414,30.0006,24.6045,24.6143,21.4261,32.2747,65.8403,20,400,14.3604,101.444,103.16
40,1683140005,4266,20230503 11:53:24,11:53:24,i6.brohor.2,31.68342563,1683139997,0.001797752,5.126472759,394.1967667,335.5255831,33.87879551,39.80296086,0.161802982,2.944723361,0.157021184,0.098556094,321.4453898,24.48232987,23.13662,2.84312266,60.54609352,1.713162634,2.829518033,1.129960026,-79.28086871,-12.59040329,-0.887172825,228.686945,0,0,1,0,54046.25869,RECT-1505-20210918-17_20_47,10288.4,812.936,2752.91,1939.974,0.704699391,-1,MPF-1545-20230503-12_03_22,10255.5,2.293984615,1.9044,-0.204570792,0.5,1681.19947,5.126472759,-171.9621531,1,0.003644108,1444.552405,-,0,1.9044,-0.204570792,0.999308223,0.000480357,1.418063129,0,1,1545,300,300,300,10255.5,1.33,-0.00684264,-0.38,1999.999333,1681.19947,0.840600015,0.19120003,6,0.5,0: Broadleaf,2,1683139997,394.1967667,400.0302667,16.96665667,15.19990333,402.9143,17.65198667,600.1687667,100.8706333,0.1016836,23.05731333,23.13662,999.9,0,0,9999.693,0,179.0418333,1999.999333,0.979998,0.020002267,0,2.290883333,0,8533.541333,16306.03,40.5,41.812,41.125,39.937,39.687,1959.998333,40.001,0,288.8,0,2.293984615,0.363213675,-2257.200342,8533.727308,15,1683139976,11:52:55,1683139969,1683139976,14,0.032,0.006,-8.764,-0.717,400,15,0.52,0.08,-5.797366,-0.711517373,0.077368111,0,2.273564706,0.402968173,0.229444417,1,1.705469,1.140878724,0.112292595,0,1,3,3-Jan,100,100,-8.717,-0.6862,-5.559689266,-0.007814304,-3.18E-07,6.48E-10,-0.616761723,-0.027428369,0.001386821,-3.01E-06,5,2011,2,27,0.6,0.5,2,615.304,436.048,19.9993,24.8239,29.9999,24.8143,24.8182,21.4671,25.7628,62.1036,20,400,15.037,101.412,103.123
41,1683140041,4302,20230503 11:54:00,11:54:00,i6.brohor.2,32.78697062,1683140033,0.001862113,5.370638271,393.9068387,333.2744557,33.65121389,39.77335513,0.163804041,2.944512606,0.158904824,0.099743485,321.4499191,24.5096972,23.16769355,2.84846874,59.63381649,1.69184549,2.837057209,1.15662325,-82.11918516,-10.53910279,-0.742965157,228.048666,0,0,1,0,54032.00637,RECT-1505-20210918-17_20_47,10288.4,812.936,2752.91,1939.974,0.704699391,-1,MPF-1546-20230503-12_03_58,10254.7,2.270936,2.75255,0.174970119,0.5,1681.223574,5.370638271,147.0819441,1,0.003789287,999.1307878,-,0,2.75255,0.174970119,0.999000131,-0.000594451,1.417625932,0,1,1546,300,300,300,10254.7,1.42,-0.00684215,-0.08,2000.028065,1681.223574,0.840599992,0.191199983,6,0.5,0: Broadleaf,2,1683140033,393.9068387,400.0092903,16.75567742,14.92527097,402.622,17.44482903,600.1657419,100.8700323,0.10144429,23.10130323,23.16769355,999.9,0,0,9998.554516,0,183.3499677,2000.028065,0.98,0.0200002,0,2.315325806,0,7389.874516,16306.29032,40.56403226,41.804,41.125,39.94716129,39.75,1960.028065,40,0,34.79999995,0,2.270936,0.249184601,-1320.060771,7378.3352,15,1683139976,11:52:55,1683139969,1683139976,14,0.032,0.006,-8.764,-0.717,400,15,0.52,0.08,-6.10079075,-0.09559576,0.039095385,1,2.283526471,-0.338851787,0.186788251,1,1.84937875,-0.355731445,0.035464803,0,2,3,3-Feb,100,100,-8.715,-0.6899,-5.559689266,-0.007814304,-3.18E-07,6.48E-10,-0.616761723,-0.027428369,0.001386821,-3.01E-06,5,2011,2,27,1.2,1.1,2,616.452,436.073,20.0006,24.8097,29.9998,24.8056,24.812,21.4679,25.4519,61.7241,20,400,15.0758,101.415,103.125
42,1683140077,4338,20230503 11:54:36,11:54:36,i6.brohor.2,37.30355476,1683140069,0.001699714,5.52376957,393.7793,325.9021549,32.90677569,39.76042164,0.148076225,2.944965308,0.144060831,0.090389717,321.4439504,24.60093458,23.24868667,2.862444633,59.67332086,1.69802922,2.845541686,1.164415413,-74.95739205,-15.55935903,-1.097429229,229.8297701,0,0,1,0,54036.33346,RECT-1505-20210918-17_20_47,10288.4,812.936,2752.91,1939.974,0.704699391,-1,MPF-1547-20230503-12_04_34,10254.3,2.265064,2.78,0.185228777,0.5,1681.19216,5.52376957,155.7025838,1,0.003880443,989.2553957,-,0,2.78,0.185228777,0.99899016,-0.000635601,1.417611782,0,1,1547,300,300,300,10254.3,1.56,-0.00684174,-0.62,1999.990667,1681.19216,0.840600003,0.191200006,6,0.5,0: Broadleaf,2,1683140069,393.7793,399.9704667,16.81694333,15.14633,402.4936,17.50501,600.1856,100.8700333,0.101301733,23.15068667,23.24868667,999.9,0,0,10001.128,0,186.3755,1999.990667,0.9800002,0.02,0,2.267483333,0,6742.235333,16305.97667,40.625,41.812,41.14773333,40,39.812,1959.990667,40,0,35.20000005,0,2.265064,-0.645353846,-703.0484605,6733.8904,15,1683139976,11:52:55,1683139969,1683139976,14,0.032,0.006,-8.764,-0.717,400,15,0.52,0.08,-6.198586,0.097133809,0.043071255,1,2.218667647,0.314426881,0.170704424,1,1.693202,-0.388598949,0.039267235,0,2,3,3-Feb,100,100,-8.715,-0.6877,-5.559689266,-0.007814304,-3.18E-07,6.48E-10,-0.616761723,-0.027428369,0.001386821,-3.01E-06,5,2011,2,27,1.8,1.7,2,616.38,436.586,19.9998,24.7899,29.9996,24.7911,24.7997,21.4773,24.3315,61.3533,20,400,15.2611,101.425,103.139
43,1683140323,4584,20230503 11:58:42,11:58:42,d4.brohor.2,45.78048925,1683140315,0.00117775,4.51221396,395.0290323,313.7339868,31.68147415,39.8908075,0.098561943,2.948581589,0.096767552,0.060638218,321.4446887,24.74716926,23.43724194,2.895213668,59.4897703,1.694098836,2.847714535,1.201114833,-51.93875928,-43.54483568,-3.070654696,222.8904391,0,0,1,0,54140.8185,RECT-1505-20210918-17_20_47,10288.4,812.936,2752.91,1939.974,0.704699391,-1,MPF-1548-20230503-12_08_40,10280.8,2.234056,1.816,-0.230207048,0.5,1681.195703,4.51221396,-193.5115504,1,0.003278746,1514.919604,-,0,1.816,-0.230207048,0.999340334,0.000515406,1.418108696,0,1,1548,300,300,300,10280.8,1.15,-0.00685945,-0.13,1999.994839,1681.195703,0.840600021,0.191200042,6,0.5,0: Broadleaf,2,1683140315,395.0290323,400.0023548,16.77625161,15.61922258,403.6478065,17.46372581,600.4990645,100.8792903,0.102673645,23.1633129,23.43724194,999.9,0,0,10020.78323,0,264.3357097,1999.994839,0.979997258,0.020002742,0,2.25203871,0,5583.199032,16305.99355,40.5,42.062,41.171,40.062,39.75,1959.993548,40.00129032,0,245,0,2.234056,0.601523082,-242.4576926,5580.2656,15,1683140305,11:58:25,1683140299,1683140305,15,0.104,0.001,-8.658,-0.71,400,15,0.7,0.06,-3.709899598,-22.53884609,2.457625804,0,2.274154286,-0.085484149,0.167845681,1,0.862930477,5.061524402,0.559001887,0,1,3,3-Jan,100,100,-8.614,-0.6828,-5.455398052,-0.007814304,-3.18E-07,6.48E-10,-0.61559415,-0.027428369,0.001386821,-3.01E-06,5,2011,2,27,0.4,0.3,2,614.702,436.335,20.0024,24.516,30.0001,24.6002,24.6243,21.4796,24.2377,60.2821,20,400,15.4938,101.496,103.189
44,1683140359,4620.5,20230503 11:59:19,11:59:19,d4.brohor.2,43.24310414,1683140351,0.001425154,5.149248644,394.2822581,316.8244476,31.99289423,39.81457452,0.119076758,2.943598795,0.116463996,0.073019969,321.4464182,24.77232254,23.57201935,2.918837277,59.78553709,1.711490697,2.862716938,1.20734658,-62.84928896,-51.06149201,-3.610852817,203.9247844,0,0,1,0,53978.11837,RECT-1505-20210918-17_20_47,10288.4,812.936,2752.91,1939.974,0.704699391,-1,MPF-1549-20230503-12_09_16,10280.4,2.277576923,2.008,-0.134251456,0.5,1681.205148,5.149248644,-112.8521193,1,0.003657643,1369.971116,-,0,2.008,-0.134251456,0.99927059,0.00033243,1.418009726,0,1,1549,300,300,300,10280.4,1.37,-0.00685897,-0.59,2000.006129,1681.205148,0.840599998,0.191199996,6,0.5,0: Broadleaf,2,1683140351,394.2822581,399.991871,16.94882903,15.54820968,402.8951935,17.63333548,600.1627419,100.8786774,0.101201097,23.25026129,23.57201935,999.9,0,0,9992.504516,0,273.8533548,2000.006129,0.979998806,0.020001194,0,2.284925806,0,5482.136774,16306.08387,40.562,42.157,41.19106452,40.165,39.812,1960.006129,40,0,35.4000001,0,2.277576923,0.067569231,-66.87692311,5481.682692,15,1683140305,11:58:25,1683140299,1683140305,15,0.104,0.001,-8.658,-0.71,400,15,0.7,0.06,-5.69654225,-0.033710657,0.07766822,1,2.252082857,0.305753425,0.208720955,1,1.42202225,-0.529450469,0.052475858,0,2,3,3-Feb,100,100,-8.613,-0.6841,-5.455398052,-0.007814304,-3.18E-07,6.48E-10,-0.61559415,-0.027428369,0.001386821,-3.01E-06,5,2011,2,27,1,0.9,2,616.466,436.476,20.0027,24.5389,30.0006,24.6046,24.6309,21.4781,24.5648,59.9078,20,400,15.6249,101.491,103.187
45,1683140393,4654,20230503 11:59:52,11:59:52,d4.brohor.2,45.59014396,1683140385,0.001375433,5.159445498,394.3098065,313.0299706,31.60952737,39.81710313,0.113170195,2.942665273,0.110806703,0.069462428,321.4433473,24.86394277,23.70900323,2.943020196,59.74718269,1.718506013,2.876296313,1.224514184,-60.65660136,-60.34598787,-4.27342095,196.1673371,0,0,1,0,53936.34753,RECT-1505-20210918-17_20_47,10288.4,812.936,2752.91,1939.974,0.704699391,-1,MPF-1550-20230503-12_09_50,10280,2.257148,2.20514,-0.023584897,0.5,1681.1889,5.159445498,-19.82533361,1,0.003663744,1247.405997,-,0,2.20514,-0.023584897,0.999198979,6.41E-05,1.417908106,0,1,1550,300,300,300,10280,1.28,-0.00685882,-0.13,1999.986774,1681.1889,0.840600009,0.191200018,6,0.5,0: Broadleaf,2,1683140385,394.3098065,400.0099677,17.01840968,15.66677097,402.9230645,17.70164516,600.1716774,100.8777097,0.101526645,23.32861935,23.70900323,999.9,0,0,9987.297097,0,304.0760645,1999.986774,0.979999387,0.0200006,0,2.266022581,0,5448.74871,16305.94839,40.667,42.25,41.254,40.268,39.883,1959.986452,40.00032258,0,32.4000001,0,2.257148,0.655376916,-16.12307694,5448.7384,15,1683140305,11:58:25,1683140299,1683140305,15,0.104,0.001,-8.658,-0.71,400,15,0.7,0.06,-5.7078225,0.282737561,0.065746097,1,2.253223529,0.340086941,0.203757643,1,1.3653985,-0.268480075,0.027078269,0,2,3,3-Feb,100,100,-8.614,-0.6832,-5.455398052,-0.007814304,-3.18E-07,6.48E-10,-0.61559415,-0.027428369,0.001386821,-3.01E-06,5,2011,2,27,1.6,1.5,2,616.493,436.023,20.0026,24.5768,30.0005,24.6228,24.6488,21.4775,24.5648,59.535,20,400,15.6138,101.483,103.182
46,1683140667,4928,20230503 12:04:26,12:04:26,d6.brohor.2,50.73230516,1683140659,0.00180275,7.884722615,391.4544516,301.6557008,30.4613379,39.52925899,0.155418182,2.94434741,0.151000227,0.094761617,321.4490982,24.63079476,23.44966129,2.897383499,60.21768265,1.719364364,2.855248306,1.178019136,-79.5012819,-38.51490308,-2.720637112,200.7122761,0,0,1,0,54007.98181,RECT-1505-20210918-17_20_47,10288.4,812.936,2752.91,1939.974,0.704699391,-1,MPF-1551-20230503-12_14_24,10279.4,2.321207692,2.38016,0.024768212,0.5,1681.218997,7.884722615,20.82039434,1,0.005284691,1155.607119,-,0,2.38016,0.024768212,0.999135402,-7.27E-05,1.417817888,0,1,1551,300,300,300,10279.4,1.3,-0.00685838,-0.31,2000.022581,1681.218997,0.840600008,0.191200015,6,0.5,0: Broadleaf,2,1683140659,391.4544516,400.0426774,17.0267,15.25509677,400.0447742,17.71072903,600.1530968,100.8758065,0.104675,23.20702581,23.44966129,999.9,0,0,9997.043226,0,368.6218387,2000.022581,0.979999677,0.0200003,0,2.323135484,0,8630.600645,16306.22903,40.47967742,42.23374194,41.3,40.062,39.75,1960.021613,40.00096774,0,273,0,2.321207692,-0.002140184,-676.0427355,8626.456538,15,1683140630,12:03:50,1683140630,1683140628,16,0.001,-0.001,-8.657,-0.717,400,15,0.32,0.07,-8.58468425,0.178961764,0.058606596,1,2.29792,0.28819726,0.178874762,1,1.75964475,0.14941925,0.028338317,0,2,3,3-Feb,100,100,-8.59,-0.6848,-5.454696498,-0.007814304,-3.18E-07,6.48E-10,-0.61655758,-0.027428369,0.001386821,-3.01E-06,5,2011,2,27,0.6,0.6,2,617.205,429.186,19.9999,25.065,30.0011,25.009,25.0179,21.4351,30.2295,57.2779,20,400,15.2102,101.363,103.076
47,1683140709,4970.5,20230503 12:05:09,12:05:09,d6.brohor.2,53.8539272,1683140701,0.001733097,7.835638041,391.5004,296.6027935,29.94986737,39.53228126,0.145497988,2.946191196,0.1416208,0.088852744,321.4498556,24.70020613,23.55001,2.914968028,59.61534104,1.707545413,2.86427182,1.207422614,-76.42956879,-46.18288197,-3.262769288,195.5746355,0,0,1,0,54052.67644,RECT-1505-20210918-17_20_47,10288.4,812.936,2752.91,1939.974,0.704699391,-1,MPF-1552-20230503-12_15_06,10279.2,2.272315385,2.87792,0.210431359,0.5,1681.22324,7.835638041,176.8910452,1,0.005255482,955.5623784,-,0,2.87792,0.210431359,0.99895459,-0.000747606,1.417561308,0,1,1552,300,300,300,10279.2,1.96,-0.00685823,-0.3,2000.027667,1681.22324,0.840599992,0.191199983,6,0.5,0: Broadleaf,2,1683140701,391.5004,400.0119,16.91035,15.20709,400.0909333,17.59652,600.1865333,100.8716333,0.104716267,23.25925,23.55001,999.9,0,0,10007.94067,0,298.4794,2000.027667,0.980001,0.019998933,0,2.28626,0,8221.382,16306.28,40.55786667,42.18286667,41.29753333,40.062,39.75413333,1960.027667,40,0,41.4000001,0,2.272315385,-0.071890602,-360.0198293,8220.630769,15,1683140630,12:03:50,1683140630,1683140628,16,0.001,-0.001,-8.657,-0.717,400,15,0.32,0.07,-8.52248575,0.044327617,0.042264405,1,2.30338,-0.363877104,0.185206903,1,1.7115885,-0.213170206,0.022405962,0,2,3,3-Feb,100,100,-8.589,-0.6866,-5.454696498,-0.007814304,-3.18E-07,6.48E-10,-0.61655758,-0.027428369,0.001386821,-3.01E-06,5,2011,2,27,1.3,1.4,2,617.826,428.139,20.0022,25.1902,30.0013,25.113,25.1216,21.4306,30.2309,56.1525,20,400,15.3088,101.337,103.05
48,1683140751,5012.5,20230503 12:05:51,12:05:51,d6.brohor.2,59.74173835,1683140744,0.001590806,7.920898239,391.4643704,287.1817076,28.99806467,39.52796723,0.132585667,2.946523143,0.129358243,0.08113233,321.4471542,24.76796839,23.62951852,2.928966843,59.79031699,1.715773136,2.869650509,1.213193707,-70.15454948,-53.88409926,-3.808553488,193.599952,0,0,1,0,54056.75483,RECT-1505-20210918-17_20_47,10288.4,812.936,2752.91,1939.974,0.704699391,-1,MPF-1553-20230503-12_15_48,10279,2.296461538,2.1872,-0.049954983,0.5,1681.209022,7.920898239,-41.99238393,1,0.00530624,1257.645757,-,0,2.1872,-0.049954983,0.999205495,0.000134766,1.417917354,0,1,1553,300,300,300,10279,1.32,-0.00685801,-1.27,2000.010741,1681.209022,0.840599997,0.191199994,6,0.5,0: Broadleaf,2,1683140744,391.4643704,400.0052963,16.99212222,15.42884444,400.0546296,17.67678148,600.1908148,100.8701111,0.104511926,23.29031111,23.62951852,999.9,0,0,10009.98,0,303.8517778,2000.010741,0.980001333,0.019998589,0,2.27252963,0,8020.267037,16306.13333,40.625,42.187,41.312,40.08766667,39.812,1960.010741,40,0,41.4000001,0,2.296461538,0.77096067,-191.4536754,8020.921538,15,1683140630,12:03:50,1683140630,1683140628,16,0.001,-0.001,-8.657,-0.717,400,15,0.32,0.07,-8.53941875,-0.231908555,0.061966008,1,2.263341176,0.764148792,0.187575931,1,1.56978575,-0.117328143,0.0154427,0,2,3,3-Feb,100,100,-8.59,-0.6842,-5.454696498,-0.007814304,-3.18E-07,6.48E-10,-0.61655758,-0.027428369,0.001386821,-3.01E-06,5,2011,2,27,2,2,2,618.005,427.375,20.0024,25.323,30.0014,25.2298,25.2375,21.4305,28.4316,55.4018,20,400,15.4576,101.307,103.022
49,1683141007,5268.6,20230503 12:10:07,12:10:07,i7.brohor.2,66.26074965,1683140999,0.000633431,3.162976597,396.5657667,282.4677296,28.52377718,40.04547203,0.047735298,2.945298163,0.047309624,0.029606444,321.4444443,25.25423228,24.33949333,3.05659931,59.65640739,1.736652228,2.911090868,1.319947083,-27.93431518,-128.8656377,-9.155844338,155.4886471,0,0,1,0,53977.50776,RECT-1505-20210918-17_20_47,10288.4,812.936,2752.91,1939.974,0.704699391,-1,MPF-1554-20230503-12_20_04,10266.3,2.255388462,2.2512,-0.001860546,0.5,1681.191921,3.162976597,-1.563967595,1,0.002476205,1221.863362,-,0,2.2512,-0.001860546,0.999182247,5.17E-06,1.417884363,0,1,1554,300,300,300,10266.3,1.32,-0.00684962,-0.4,1999.99,1681.191921,0.840600163,0.191200327,6,0.5,0: Broadleaf,2,1683140999,396.5657667,399.9767,17.19787,16.57592333,405.2383,17.88005333,600.57,100.8757333,0.1049246,23.52793,24.33949333,999.9,0,0,10002.45533,0,220.3894,1999.99,0.9799925,0.02000705,0,2.269773333,0,5335.907333,16305.93,40.875,42.66013333,41.6229,40.4916,40.0788,1959.978333,40.01066667,0,255,0,2.255388462,0.555326513,-322.7425644,5335.771538,15,1683140990,12:09:50,1683140990,1683140979,17,-0.042,-0.001,-8.7,-0.696,400,16,0.44,0.18,-2.492373353,-15.38006095,1.713716181,0,2.265142857,0.084751912,0.209103491,1,0.455105751,2.725081709,0.305936214,0,1,3,3-Jan,100,100,-8.669,-0.6794,-5.496613786,-0.007814304,-3.18E-07,6.48E-10,-0.6179939,-0.027428369,0.001386821,-3.01E-06,5,2011,2,27,0.3,0.5,2,615.83,426.933,19.9993,25.7684,30.0008,25.7151,25.7181,21.4482,23.3463,53.152,20,400,16.5517,101.232,102.934
50,1683141050,5311.1,20230503 12:10:49,12:10:49,i7.brohor.2,61.38066992,1683141042,0.000739521,3.385749809,396.3074333,289.7997403,29.26377289,40.01884444,0.055159871,2.945433245,0.054592359,0.034170726,321.4493735,25.30464246,24.49166,3.084578443,59.81328808,1.749429899,2.924818139,1.335148544,-32.6128878,-140.6392566,-10.00352512,138.193704,0,0,1,0,53967.28282,RECT-1505-20210918-17_20_47,10288.4,812.936,2752.91,1939.974,0.704699391,-1,MPF-1555-20230503-12_20_47,10265.4,2.334369231,1.944,-0.200807217,0.5,1681.217951,3.385749809,-168.8003493,1,0.002608674,1415.105967,-,0,1.944,-0.200807217,0.999293838,0.000481348,1.418042716,0,1,1555,300,300,300,10265.4,1.6,-0.00684899,-0.71,2000.021,1681.217951,0.840600149,0.191200298,6,0.5,0: Broadleaf,2,1683141042,396.3074333,399.9851,17.32464,16.59816,404.9778,18.00444,600.1894,100.8760333,0.1032597,23.60599,24.49166,999.9,0,0,10003.19367,0,214.8704667,2000.021,0.9799948,0.0200047,0,2.308376667,0,5181.437,16306.19667,41.05786667,42.75,41.729,40.5872,40.229,1960.009333,40.01033333,0,41.4000001,0,2.334369231,-0.008512831,-93.25641029,5181.438846,15,1683140990,12:09:50,1683140990,1683140979,17,-0.042,-0.001,-8.7,-0.696,400,16,0.44,0.18,-3.713492439,0.472465087,0.08365065,1,2.305291176,0.25198798,0.146726096,1,0.734426,-0.140861498,0.014043747,0,2,3,3-Feb,100,100,-8.67,-0.6801,-5.496613786,-0.007814304,-3.18E-07,6.48E-10,-0.6179939,-0.027428369,0.001386821,-3.01E-06,5,2011,2,27,1,1.2,2,618.359,426.683,20.0007,25.8521,30.001,25.7951,25.8011,21.4451,23.3463,52.7787,20,400,16.6698,101.212,102.917
51,1683141089,5350.6,20230503 12:11:29,12:11:29,i7.brohor.2,73.58369621,1683141083,0.000640502,3.452919071,396.3240417,270.3632727,27.30139104,40.0209597,0.046925056,2.945233819,0.046513634,0.029107685,321.4453344,25.38813112,24.61823333,3.108021985,59.65743527,1.750955933,2.93501711,1.357066053,-28.24614685,-151.5515213,-10.79047639,130.8571899,0,0,1,0,53950.92168,RECT-1505-20210918-17_20_47,10288.4,812.936,2752.91,1939.974,0.704699391,-1,MPF-1556-20230503-12_21_26,10264.6,2.302376,1.9544,-0.178047483,0.5,1681.197113,3.452919071,-149.6664569,1,0.00264866,1407.570405,-,0,1.9544,-0.178047483,0.99929006,0.00042908,1.418037355,0,1,1556,300,300,300,10264.6,1.23,-0.00684846,-0.54,1999.99625,1681.197113,0.840600133,0.191200266,6,0.5,0: Broadleaf,2,1683141083,396.3240417,400.02975,17.3395625,16.71034583,404.9944583,18.0191,600.1711667,100.8768333,0.10356525,23.66377917,24.61823333,999.9,0,0,10001.98042,0,231.0781667,1999.99625,0.97999675,0.02000275,0,2.321554167,0,5126.079583,16306.00417,41.187,42.86975,41.840875,40.700125,40.375,1959.98625,40.00875,0,38.79999995,0,2.302376,0.155630766,-53.72769232,5126.8532,15,1683140990,12:09:50,1683140990,1683140979,17,-0.042,-0.001,-8.7,-0.696,400,16,0.44,0.18,-3.675102927,-0.395716725,0.054252641,1,2.309879412,-0.046299387,0.150126458,1,0.643914488,-0.175620314,0.02411323,0,2,3,3-Feb,100,100,-8.67,-0.6793,-5.496613786,-0.007814304,-3.18E-07,6.48E-10,-0.6179939,-0.027428369,0.001386821,-3.01E-06,5,2011,2,27,1.6,1.8,2,618.595,426.29,20.0029,25.9405,30.0012,25.8784,25.8829,21.446,22.787,52.4052,20,400,16.7462,101.193,102.898
52,1683141297,5558.1,20230503 12:14:56,12:14:56,i8.brohor.2,45.0565081,1683141289,0.0019273,7.742890245,391.4890645,310.9269635,31.39929857,39.53495022,0.171848431,2.947379358,0.166469772,0.104512835,321.4446163,24.92504324,23.54154516,2.913481102,60.82439389,1.771436436,2.912378279,1.142044666,-84.99394936,-0.997988964,-0.07057384,235.3821041,0,0,1,0,54037.56124,RECT-1505-20210918-17_20_47,10288.4,812.936,2752.91,1939.974,0.704699391,-1,MPF-1557-20230503-12_24_54,10278.8,2.270728,2.1632,-0.04970784,0.5,1681.195665,7.742890245,-41.78430275,1,0.0052004,1271.610022,-,0,2.1632,-0.04970784,0.999214213,0.000132624,1.417929725,0,1,1557,300,300,300,10278.8,1.59,-0.00685763,-0.72,1999.994839,1681.195665,0.840600002,0.191200003,6,0.5,0: Broadleaf,2,1683141289,391.4890645,399.9837097,17.54139032,15.6485129,400.0824516,18.21747419,600.1950968,100.8816774,0.104413387,23.53526452,23.54154516,999.9,0,0,10013.70355,0,205.335,1999.994839,0.980001613,0.0199983,0,2.311251613,0,7065.802258,16306.00968,41.312,43.06606452,42.125,40.808,40.5,1959.994839,40,0,206.8,0,2.270728,-1.336238435,-850.1515398,7052.2076,15,1683141271,12:14:31,1683141267,1683141271,18,0.039,-0.001,-8.66,-0.714,400,15,0.27,0.05,-8.385562927,-1.906983136,0.396052158,0,2.311211765,-0.618347422,0.222643884,1,1.845912683,1.041501951,0.115656005,0,1,3,3-Jan,100,100,-8.594,-0.6761,-5.4575761,-0.007814304,-3.18E-07,6.48E-10,-0.618494551,-0.027428369,0.001386821,-3.01E-06,5,2011,2,27,0.5,0.4,2,618.779,421.633,19.999,26.3574,30.0004,26.2819,26.2785,21.4296,28.6425,49.7739,20,400,15.3726,101.108,102.825
53,1683141337,5598.1,20230503 12:15:36,12:15:36,i8.brohor.2,42.19599373,1683141329,0.002098255,7.743434665,391.427871,315.2647834,31.83697403,39.52829374,0.183511134,2.948359023,0.177393594,0.111403644,321.4444075,24.86848722,23.52391613,2.910386533,59.9056834,1.743435745,2.910301069,1.166950788,-92.53306012,-0.077424973,-0.005472553,228.8284498,0,0,1,0,54068.53071,RECT-1505-20210918-17_20_47,10288.4,812.936,2752.91,1939.974,0.704699391,-1,MPF-1558-20230503-12_25_34,10278.4,2.275180769,2.4564,0.073774316,0.5,1681.194823,7.743434665,62.01449937,1,0.005200727,1119.709168,-,0,2.4564,0.073774316,0.999107708,-0.000223595,1.417778589,0,1,1558,300,300,300,10278.4,1.3,-0.00685729,-0.51,1999.993871,1681.194823,0.840599987,0.191199975,6,0.5,0: Broadleaf,2,1683141329,391.427871,399.9900968,17.26432581,15.20290323,400.0207742,17.94579677,600.1769032,100.880129,0.10474371,23.52342903,23.52391613,999.9,0,0,10019.4329,0,243.0560968,1999.993871,0.980002194,0.019997706,0,2.272132258,0,6665.682903,16306.02581,41.31809677,43,42.125,40.75,40.5,1959.994839,39.99903226,0,39.19999981,0,2.275180769,-0.052160688,-383.0034188,6662.150385,15,1683141271,12:14:31,1683141267,1683141271,18,0.039,-0.001,-8.66,-0.714,400,15,0.27,0.05,-8.567719268,0.121455261,0.036956154,1,2.25909697,0.641333389,0.191792602,1,2.082107561,-0.391210453,0.038817822,0,2,3,3-Feb,100,100,-8.593,-0.6823,-5.4575761,-0.007814304,-3.18E-07,6.48E-10,-0.618494551,-0.027428369,0.001386821,-3.01E-06,5,2011,2,27,1.2,1.1,2,620.289,421.377,19.9984,26.388,30.0002,26.3244,26.3244,21.4267,28.3484,49.015,20,400,15.3752,101.105,102.823
54,1683141371,5632.1,20230503 12:16:10,12:16:10,i8.brohor.2,44.20113273,1683141364,0.002019492,7.777636393,391.4332692,312.065545,31.51333027,39.52812507,0.175960115,2.947836165,0.170326379,0.10694513,321.4460264,24.91446118,23.5533,2.915546125,59.89752953,1.745864477,2.914752061,1.169681648,-89.0596065,-0.718213071,-0.050787815,231.617419,0,0,1,0,54048.47283,RECT-1505-20210918-17_20_47,10288.4,812.936,2752.91,1939.974,0.704699391,-1,MPF-1559-20230503-12_26_08,10278.1,2.219561538,2.096,-0.058951116,0.5,1681.205538,7.777636393,-49.55447109,1,0.005221037,1312.41126,-,0,2.096,-0.058951116,0.999238624,0.000152387,1.417964364,0,1,1559,300,300,300,10278.1,1.41,-0.00685697,-0.4,2000.006923,1681.205538,0.840599859,0.191199719,6,0.5,0: Broadleaf,2,1683141364,391.4332692,399.9988077,17.28868846,15.30471154,400.0261923,17.96968462,600.1817308,100.8783077,0.104741462,23.54878077,23.5533,999.9,0,0,10016.63769,0,342.5509231,2000.006923,0.980003038,0.019996862,0,2.203803846,0,6508.273846,16306.11538,41.375,43,42.125,40.70153846,40.51430769,1960.016154,39.99076923,0,33.19999981,0,2.219561538,0.110796591,-304.1473505,6512.188077,15,1683141271,12:14:31,1683141267,1683141271,18,0.039,-0.001,-8.66,-0.714,400,15,0.27,0.05,-8.57299561,0.03324899,0.034140201,1,2.226084848,-0.09307214,0.168023406,1,1.992483902,-0.117051638,0.019980819,0,2,3,3-Feb,100,100,-8.593,-0.6813,-5.4575761,-0.007814304,-3.18E-07,6.48E-10,-0.618494551,-0.027428369,0.001386821,-3.01E-06,5,2011,2,27,1.7,1.7,2,620.291,421.562,20.0016,26.4042,30.0001,26.3542,26.3573,21.4309,28.0703,48.2655,20,400,15.364,101.108,102.823
55,1683141640,5901.1,20230503 12:20:39,12:20:39,d8.brohor.2,79.86708652,1683141632,0.000905214,5.752115858,393.9151613,258.0119829,26.05394396,39.77739104,0.072021105,2.946292876,0.071057161,0.044496257,321.450538,25.10085152,24.02598387,2.999652376,60.18895833,1.743460811,2.896645597,1.256191565,-39.91995276,-92.21410782,-6.536458724,182.7800187,0,0,1,0,54021.81724,RECT-1505-20210918-17_20_47,10288.4,812.936,2752.91,1939.974,0.704699391,-1,MPF-1560-20230503-12_30_37,10257.5,2.223026923,2.0548,-0.081870218,0.5,1681.223661,5.752115858,-68.82107347,1,0.004016191,1338.745961,-,0,2.0548,-0.081870218,0.99925359,0.000207462,1.417985602,0,1,1560,300,300,300,10257.5,1.77,-0.00684384,-0.65,2000.027742,1681.223661,0.840600171,0.191200341,6,0.5,0: Broadleaf,2,1683141632,393.9151613,400.0218065,17.26547742,16.37619032,402.3993548,17.94600968,600.2012581,100.876,0.103588871,23.44543871,24.02598387,999.9,0,0,10008.08581,0,288.6781613,2000.027742,0.979994774,0.020005526,0,2.226177419,0,3847.403226,16306.23548,41.25,42.905,42,40.651,40.405,1960.015806,40.01193548,0,268.3999999,0,2.223026923,0.460188028,-431.2314532,3841.97,15,1683141617,12:20:17,1683141616,1683141617,19,0.127,0.001,-8.532,-0.7,400,16,0.37,0.11,-5.279597027,-12.24272067,1.771526234,0,2.238,-0.21059427,0.175660604,1,0.777410866,1.915740194,0.249748096,0,1,3,3-Jan,100,100,-8.485,-0.6799,-5.330258736,-0.007814304,-3.18E-07,6.48E-10,-0.617570544,-0.027428369,0.001386821,-3.01E-06,5,2011,2,27,0.4,0.4,2,618.341,423.831,20.0024,26.0948,29.9999,26.2132,26.2358,21.4592,24.1963,45.6405,20,400,16.1768,101.178,102.887
56,1683141681,5942.1,20230503 12:21:20,12:21:20,d8.brohor.2,75.84839459,1683141673,0.000945215,5.603350027,393.9799333,264.355893,26.69493383,39.78450464,0.073875658,2.943173512,0.072860748,0.045627992,321.4445121,25.18116141,24.12487667,3.017514598,59.69048605,1.738345909,2.912266299,1.279168689,-41.68400234,-93.6563666,-6.652047818,179.4520954,0,0,1,0,53913.81535,RECT-1505-20210918-17_20_47,10288.4,812.936,2752.91,1939.974,0.704699391,-1,MPF-1561-20230503-12_31_18,10256.9,2.295296154,1.934,-0.186812903,0.5,1681.19246,5.603350027,-157.0342217,1,0.003927778,1422.428128,-,0,1.934,-0.186812903,0.999297471,0.000445494,1.418047871,0,1,1561,300,300,300,10256.9,1.47,-0.00684344,0.01,1999.990667,1681.19246,0.840600153,0.191200306,6,0.5,0: Broadleaf,2,1683141673,393.9799333,399.9537667,17.21457667,16.28593,402.4645,17.89609,600.1921,100.8772667,0.103776467,23.53462667,24.12487667,999.9,0,0,9990.228,0,290.4480333,1999.990667,0.9799962,0.0200041,0,2.29981,0,3667.125667,16305.96,41.37913333,43.05993333,42.062,40.7934,40.52686667,1959.980667,40.01,0,40.19999981,0,2.295296154,0.332468375,-125.6577778,3666.411154,15,1683141617,12:20:17,1683141616,1683141617,19,0.127,0.001,-8.532,-0.7,400,16,0.37,0.11,-5.998727317,0.376491429,0.056008979,1,2.287124242,0.308211005,0.130697066,1,0.951929293,-0.440696864,0.043719702,0,2,3,3-Feb,100,100,-8.485,-0.6807,-5.330258736,-0.007814304,-3.18E-07,6.48E-10,-0.617570544,-0.027428369,0.001386821,-3.01E-06,5,2011,2,27,1.1,1.1,2,619.586,423.777,20.0029,26.0833,30.0002,26.1973,26.2247,21.4649,23.9076,44.8885,20,400,16.3927,101.179,102.886
57,1683141725,5986.1,20230503 12:22:04,12:22:04,d8.brohor.2,78.14694663,1683141718,0.000907763,5.533919035,394.0934231,260.8359079,26.339072,39.79534539,0.070814271,2.944303734,0.069881514,0.043758727,321.4457458,25.24190041,24.20816538,3.03263045,59.9716468,1.751980617,2.921348188,1.280649833,-40.03233402,-98.712578,-7.01326085,175.687573,0,0,1,0,53937.63722,RECT-1505-20210918-17_20_47,10288.4,812.936,2752.91,1939.974,0.704699391,-1,MPF-1562-20230503-12_32_02,10256.4,2.153615385,1.9208,-0.12120751,0.5,1681.199292,5.533919035,-101.8869898,1,0.003886463,1432.210121,-,0,1.9208,-0.12120751,0.999302266,0.000287067,1.418054675,0,1,1562,300,300,300,10256.4,1.2,-0.00684298,-0.67,1999.998846,1681.199292,0.840600131,0.191200262,6,0.5,0: Broadleaf,2,1683141718,394.0934231,399.9835,17.34986923,16.45809615,402.5788462,18.02878077,600.1615,100.8759615,0.103509462,23.58628846,24.20816538,999.9,0,0,9996.779615,0,273.6366538,1999.998846,0.979997462,0.020002823,0,2.153461538,0,3560.150385,16306.01923,41.51430769,43.22092308,42.16315385,40.95153846,40.65361538,1959.996154,40.00884615,0,43.4000001,0,2.153615385,-0.37971966,-68.62632483,3560.908462,15,1683141617,12:20:17,1683141616,1683141617,19,0.127,0.001,-8.532,-0.7,400,16,0.37,0.11,-5.910585854,0.150936376,0.046123827,1,2.177451515,-0.63283115,0.143759214,1,0.891102317,-0.000430056,0.009081538,1,3,3,3-Mar,100,100,-8.485,-0.6789,-5.330258736,-0.007814304,-3.18E-07,6.48E-10,-0.617570544,-0.027428369,0.001386821,-3.01E-06,5,2011,2,27,1.8,1.8,2,619.775,423.546,20.0005,26.098,30.0004,26.2017,26.2311,21.468,22.7157,44.5141,20,400,16.5622,101.172,102.88
58,1683141909,6170.1,20230503 12:25:08,12:25:08,d7.brohor.2,68.30153813,1683141901,0.001087486,6.255018243,393.3333226,275.9804178,27.86689218,39.71650371,0.091579464,2.939025171,0.0900232,0.056402121,321.4437106,25.15363979,23.77935161,2.955507347,60.55301554,1.764240801,2.913547385,1.191266546,-47.95811768,-37.62032744,-2.671224063,233.1940414,0,0,1,0,53790.38291,RECT-1505-20210918-17_20_47,10288.4,812.936,2752.91,1939.974,0.704699391,-1,MPF-1563-20230503-12_35_06,10256,2.277648,2.1396,-0.064520471,0.5,1681.190555,6.255018243,-54.23560332,1,0.004315405,1285.647037,-,0,2.1396,-0.064520471,0.999222786,0.000170262,1.41794189,0,1,1563,300,300,300,10256,1.3,-0.00684254,-0.17,1999.98871,1681.190555,0.840600023,0.191200045,6,0.5,0: Broadleaf,2,1683141901,393.3333226,400.0130323,17.4722,16.40420323,401.9182903,18.14660968,600.2742258,100.8701613,0.104003452,23.54192258,23.77935161,999.9,0,0,9967.382258,0,265.6716129,1999.98871,0.979998161,0.0200021,0,2.244454839,0,4819.414516,16305.95484,41.84451613,43.625,42.562,41.375,40.97358065,1959.987419,40.00129032,0,182.8,0,2.277648,0.840453837,-340.9161539,4816.1992,15,1683141889,12:24:49,1683141879,1683141889,20,-0.105,0.002,-8.637,-0.698,400,16,0.32,0.07,-5.095343568,-22.89796153,2.724183531,0,2.277991176,0.250783826,0.162188745,1,0.816260871,3.718476094,0.429909393,0,1,3,3-Jan,100,100,-8.584,-0.6724,-5.434906296,-0.007814304,-3.18E-07,6.48E-10,-0.615420325,-0.027428369,0.001386821,-3.01E-06,5,2011,2,27,0.5,0.3,2,617.792,420.691,20.0001,26.3145,30.0008,26.3576,26.3735,21.4692,24.4628,43.0246,20,400,16.1133,101.124,102.824
59,1683141946,6207.6,20230503 12:25:46,12:25:46,d7.brohor.2,55.71211822,1683141938,0.001332539,6.204719269,393.2723871,295.8160303,29.86978098,39.71035665,0.111371089,2.942737035,0.109081381,0.068377663,321.4424206,25.06509992,23.75679677,2.951498727,60.03410061,1.746693703,2.909502575,1.204805024,-58.76498135,-37.74562942,-2.676123379,222.2556864,0,0,1,0,53903.69725,RECT-1505-20210918-17_20_47,10288.4,812.936,2752.91,1939.974,0.704699391,-1,MPF-1564-20230503-12_35_43,10255.5,2.255832,2.0416,-0.104933386,0.5,1681.184023,6.204719269,-88.20616564,1,0.004285503,1347.408111,-,0,2.0416,-0.104933386,0.999258385,0.000264192,1.417992406,0,1,1564,300,300,300,10255.5,1.31,-0.00684208,-0.07,1999.980968,1681.184023,0.840600011,0.191200021,6,0.5,0: Broadleaf,2,1683141938,393.2723871,399.9991613,17.29841935,15.98931935,401.8569032,17.9762129,600.1780323,100.8706452,0.103534452,23.51887742,23.75679677,999.9,0,0,9988.404194,0,254.6394839,1999.980968,0.979999129,0.0200011,0,2.249180645,0,4668.514839,16305.88387,41.937,43.625,42.625,41.375,41.03,1959.980645,40.00032258,0,36.39999986,0,2.255832,0.44200001,-157.5330772,4666.9076,15,1683141889,12:24:49,1683141879,1683141889,20,-0.105,0.002,-8.637,-0.698,400,16,0.32,0.07,-6.729312195,-0.016167805,0.045418374,1,2.269271429,-0.229089628,0.191062816,1,1.324372927,-0.3092977,0.031838138,0,2,3,3-Feb,100,100,-8.585,-0.6785,-5.434906296,-0.007814304,-3.18E-07,6.48E-10,-0.615420325,-0.027428369,0.001386821,-3.01E-06,5,2011,2,27,1.1,0.9,2,619.551,420.59,19.9994,26.3693,30.0007,26.3974,26.413,21.464,25.08,42.2787,20,400,16.0526,101.107,102.81
60,1683141987,6248.1,20230503 12:26:26,12:26:26,d7.brohor.2,61.50226154,1683141979,0.001237799,6.273815998,393.2087097,286.4796867,28.92654234,39.70322823,0.102009517,2.945737205,0.100086901,0.062724034,321.4450281,25.13536193,23.81725806,2.9622551,59.72317024,1.742597688,2.917791674,1.219657412,-54.58694573,-39.8906573,-2.82686143,224.1405637,0,0,1,0,53983.33424,RECT-1505-20210918-17_20_47,10288.4,812.936,2752.91,1939.974,0.704699391,-1,MPF-1565-20230503-12_36_24,10255,2.25696,3.4484,0.345505162,0.5,1681.197832,6.273815998,290.4312645,1,0.004326568,797.3151607,-,0,3.4484,0.345505162,0.998747362,-0.001471845,1.417267242,0,1,1565,300,300,300,10255,1.28,-0.00684194,-0.19,1999.997419,1681.197832,0.840600001,0.191200002,6,0.5,0: Broadleaf,2,1683141979,393.2087097,399.9670968,17.25815806,16.04210645,401.7928387,17.9367,600.1901935,100.8689032,0.103499613,23.56607419,23.81725806,999.9,0,0,10005.62935,0,256.6894839,1999.997419,0.98000029,0.01999991,0,2.24933871,0,4590.554194,16306.02581,42,43.625,42.669,41.437,41.07419355,1959.997419,40,0,39.60000014,0,2.25696,0.528323077,-101.6623075,4589.5256,15,1683141889,12:24:49,1683141879,1683141889,20,-0.105,0.002,-8.637,-0.698,400,16,0.32,0.07,-6.755248049,-0.094215889,0.034023425,1,2.281957143,-0.157505284,0.206967487,1,1.234989512,-0.360207178,0.037771227,0,2,3,3-Feb,100,100,-8.585,-0.6781,-5.434906296,-0.007814304,-3.18E-07,6.48E-10,-0.615420325,-0.027428369,0.001386821,-3.01E-06,5,2011,2,27,1.8,1.6,2,619.497,420.476,20.0011,26.4297,30.0008,26.4467,26.4628,21.4715,24.5136,41.5276,20,400,16.0766,101.095,102.798
61,1683142358,6619.6,20230503 12:32:38,12:32:38,j1.brohor.2,64.45757019,1683142350,0.000393835,1.956021366,397.8015484,287.0193078,28.98024884,40.16589667,0.030345875,2.946211527,0.030173296,0.018873734,321.4451826,25.22058741,24.10867097,3.014581136,59.6888807,1.72763038,2.894392322,1.286950756,-17.36811228,-107.3942487,-7.615378906,189.0674427,0,0,1,0,54021.55015,RECT-1505-20210918-17_20_47,10288.4,812.936,2752.91,1939.974,0.704699391,-1,MPF-1566-20230503-12_42_35,10279,2.251156,2.60116,0.13455689,0.5,1681.198645,1.956021366,113.1084306,1,0.001758282,1057.339356,-,0,2.60116,0.13455689,0.999055123,-0.000431925,1.417703969,0,1,1566,300,300,300,10279,1.34,-0.00685754,-0.09,1999.998387,1681.198645,0.8406,0.191200001,6,0.5,0: Broadleaf,2,1683142350,397.8015484,399.9123226,17.1103871,16.72364194,406.3678387,17.7888871,600.5444194,100.865871,0.103813129,23.43253871,24.10867097,999.9,0,0,10008.62806,0,319.9970323,1999.998387,0.980001129,0.0199988,0,2.259267742,0,3963.306452,16306.05161,41.47154839,43.034,42.20732258,40.94716129,40.639,1959.998387,40,0,370.8,0,2.251156,-1.333099996,-68.17000001,3961.982,15,1683142340,12:32:19,1683142336,1683142340,21,0.053,0.003,-8.583,-0.687,400,17,0.44,0.31,-1.608989459,-7.771375505,0.943548168,0,2.280252941,-0.74873746,0.197229777,1,0.295975769,1.409901724,0.167839097,0,1,3,3-Jan,100,100,-8.567,-0.6777,-5.381701567,-0.007814304,-3.18E-07,6.48E-10,-0.61252552,-0.027428369,0.001386821,-3.01E-06,5,2011,2,27,0.4,0.3,2,618.241,419.661,19.9998,26.425,29.9996,26.5376,26.5555,21.509,20.8011,39.27,20,400,16.6992,101.125,102.822
62,1683142401,6662.6,20230503 12:33:21,12:33:21,j1.brohor.2,69.45656117,1683142393,0.000383806,2.028714379,397.8122903,279.0089072,28.17191478,40.16765649,0.029208391,2.943276559,0.029048312,0.018169504,321.4443588,25.26239921,24.20170968,3.031456458,59.59401418,1.728800398,2.900963162,1.30265606,-16.92586472,-116.0851875,-8.245309609,180.187997,0,0,1,0,53928.38169,RECT-1505-20210918-17_20_47,10288.4,812.936,2752.91,1939.974,0.704699391,-1,MPF-1567-20230503-12_43_18,10279,2.302824,1.9124,-0.204153943,0.5,1681.19431,2.028714379,-171.6112234,1,0.001801525,1438.505334,-,0,1.9124,-0.204153943,0.999305317,0.000481397,1.418059005,0,1,1567,300,300,300,10279,1.17,-0.00685757,-0.69,1999.993226,1681.19431,0.840600002,0.191200004,6,0.5,0: Broadleaf,2,1683142393,397.8122903,399.993,17.1216871,16.74457097,406.3786452,17.79997419,600.1891935,100.8683548,0.103026548,23.47013226,24.20170968,999.9,0,0,9991.696129,0,310.9647419,1999.993226,0.980000935,0.019999,0,2.307932258,0,3880.867742,16306,41.437,42.86687097,42.09248387,40.81809677,40.60874194,1959.993226,40,0,42.4000001,0,2.302824,-0.505692297,-156.813077,3878.0192,15,1683142340,12:32:19,1683142336,1683142340,21,0.053,0.003,-8.583,-0.687,400,17,0.44,0.31,-2.157671707,-0.271414286,0.068744133,1,2.307338235,-0.291432027,0.197813605,1,0.377365293,0.029195958,0.005656292,1,3,3,3-Mar,100,100,-8.567,-0.6787,-5.381701567,-0.007814304,-3.18E-07,6.48E-10,-0.61252552,-0.027428369,0.001386821,-3.01E-06,5,2011,2,27,1.1,1,2,620.31,419.92,20.0003,26.3784,29.9996,26.4986,26.5195,21.5156,20.8011,38.8972,20,400,16.8176,101.136,102.834
63,1683142441,6702.1,20230503 12:34:00,12:34:00,j1.brohor.2,120.7518139,1683142434,0.000224874,2.082926491,397.8001111,197.8295668,19.97526572,40.16671042,0.01724965,2.943714797,0.017193691,0.010751069,321.4411249,25.30554199,24.22627407,3.035925696,60.19980769,1.746602576,2.901342451,1.28932312,-9.916924414,-119.6568558,-8.498881908,183.3684628,0,0,1,0,53940.89052,RECT-1505-20210918-17_20_47,10288.4,812.936,2752.91,1939.974,0.704699391,-1,MPF-1568-20230503-12_43_58,10279,2.318512,2.6024,0.109086997,0.5,1681.177289,2.082926491,91.69729061,1,0.00183379,1056.835075,-,0,2.6024,0.109086997,0.999054673,-0.000350335,1.41770333,0,1,1568,300,300,300,10279,1.43,-0.00685755,-0.08,1999.972963,1681.177289,0.840600008,0.191200016,6,0.5,0: Broadleaf,2,1683142434,397.8001111,399.9718148,17.29787407,17.07695926,406.3662963,17.97282222,600.1871852,100.8688148,0.103279704,23.4723,24.22627407,999.9,0,0,9994.140741,0,287.7408889,1999.972963,0.980000778,0.019999163,0,2.307251852,0,3735.568148,16305.85556,41.39796296,42.75,42,40.73366667,40.562,1959.972963,40,0,38.4000001,0,2.318512,-1.031607685,-189.3315384,3737.2844,15,1683142340,12:32:19,1683142336,1683142340,21,0.053,0.003,-8.583,-0.687,400,17,0.44,0.31,-2.177109512,0.13771547,0.044326074,1,2.315464706,-0.232006837,0.229759429,1,0.215671049,0.113026098,0.015863473,0,2,3,3-Feb,100,100,-8.567,-0.6742,-5.381701567,-0.007814304,-3.18E-07,6.48E-10,-0.61252552,-0.027428369,0.001386821,-3.01E-06,5,2011,2,27,1.8,1.7,2,620.506,420.248,19.9994,26.3431,29.9998,26.4658,26.4889,21.5279,19.6262,38.8972,20,400,16.9524,101.148,102.845
64,1683142829,7090,20230503 12:40:28,12:40:28,j2.brohor.2,52.98144576,1683142821,0.001556142,6.860406971,392.561,299.2308193,30.2108149,39.63357697,0.129486972,2.945209964,0.126405417,0.079274143,321.4489277,25.05126367,23.94395,2.984905469,60.71253313,1.77127156,2.917472668,1.213633909,-68.62586058,-60.28799817,-4.275788293,188.2592807,0,0,1,0,53967.88181,RECT-1505-20210918-17_20_47,10288.4,812.936,2752.91,1939.974,0.704699391,-1,MPF-1569-20230503-12_50_26,10273.8,2.254896154,2.1676,-0.040273184,0.5,1681.2157,6.860406971,-33.8539547,1,0.00467543,1269.026758,-,0,2.1676,-0.040273184,0.999212615,0.000107671,1.417927457,0,1,1569,300,300,300,10273.8,1.63,-0.00685449,-0.35,2000.018333,1681.2157,0.840600144,0.191200289,6,0.5,0: Broadleaf,2,1683142821,392.561,400.0301,17.54401667,16.01562333,401.0241667,18.22037333,600.1757333,100.8566333,0.104942,23.56426,23.94395,999.9,0,0,10003.848,0,188.1811667,2000.018333,0.979995,0.0200048,0,2.275273333,0,6522.075667,16306.18333,40.812,42.312,41.4811,40.312,40.1082,1960.008333,40.01,0,387,0,2.254896154,-0.369316251,-598.3811964,6521.362692,15,1683142804,12:40:03,1683142804,1683142803,22,0.062,-0.006,-8.522,-0.708,400,16,0.68,0.1,-7.384560244,-1.207644042,0.370829622,0,2.249197143,-0.048986301,0.203477672,1,1.487982927,1.050552334,0.114906283,0,1,3,3-Jan,100,100,-8.465,-0.677,-5.319951492,-0.007814304,-3.18E-07,6.48E-10,-0.618815394,-0.027428369,0.001386821,-3.01E-06,5,2011,2,27,0.4,0.4,2,619.963,417.13,20.0018,25.897,30,26.0037,26.029,21.5177,25.4374,36.6547,20,400,15.7698,101.254,102.949
65,1683142863,7124.5,20230503 12:41:03,12:41:03,j2.brohor.2,52.52382112,1683142856,0.001544997,6.554688201,392.7935517,300.0630894,30.29426791,39.65630399,0.12479458,2.943877437,0.121928393,0.076457279,321.444846,25.07954454,24.0214,2.998826674,59.8806931,1.749616659,2.921837688,1.249210016,-68.13435044,-68.615397,-4.871110274,179.8239883,0,0,1,0,53924.1111,RECT-1505-20210918-17_20_47,10288.4,812.936,2752.91,1939.974,0.704699391,-1,MPF-1570-20230503-12_51_00,10273.3,2.264248,1.7428,-0.299201285,0.5,1681.194217,6.554688201,-251.5077353,1,0.004493644,1578.590314,-,0,1.7428,-0.299201285,0.999366924,0.000642816,1.418146429,0,1,1570,300,300,300,10273.3,1.5,-0.0068542,-0.3,1999.992759,1681.194217,0.840600152,0.191200304,6,0.5,0: Broadleaf,2,1683142856,392.7935517,399.953,17.32985862,15.81208276,401.2583793,18.01037586,600.1763793,100.8538621,0.105799345,23.58906897,24.0214,999.9,0,0,9996.546897,0,187.5791034,1999.992759,0.979995931,0.020003838,0,2.249093103,0,6274.822759,16305.98966,40.875,42.312,41.44786207,40.312,40.125,1959.982759,40.01,0,33.70000005,0,2.264248,-0.103715382,-228.1669224,6272.7764,15,1683142804,12:40:03,1683142804,1683142803,22,0.062,-0.006,-8.522,-0.708,400,16,0.68,0.1,-7.192242927,0.502829268,0.058867973,0,2.252063636,0.258942619,0.198722093,1,1.570963902,-0.907230314,0.090726784,0,1,3,3-Jan,100,100,-8.465,-0.6804,-5.319951492,-0.007814304,-3.18E-07,6.48E-10,-0.618815394,-0.027428369,0.001386821,-3.01E-06,5,2011,2,27,1,1,2,620.163,417.64,20.0012,25.8861,29.9998,25.9766,26.0021,21.5263,24.5392,35.9054,20,400,15.884,101.255,102.953
66,1683142897,7158.5,20230503 12:41:37,12:41:37,j2.brohor.2,56.4644902,1683142890,0.001467881,6.571749951,392.830963,293.7323413,29.65434022,39.6590412,0.116387307,2.941237652,0.113887943,0.071400052,321.4497053,25.11191716,24.13101111,3.018625671,59.78980093,1.74812754,2.923788862,1.27049813,-64.73357381,-84.17788059,-5.984928447,166.5533225,0,0,1,0,53844.43597,RECT-1505-20210918-17_20_47,10288.4,812.936,2752.91,1939.974,0.704699391,-1,MPF-1571-20230503-12_51_34,10272.9,2.329396154,1.9612,-0.187740238,0.5,1681.219889,6.571749951,-157.8163107,1,0.004503724,1402.686518,-,0,1.9612,-0.187740238,0.99928759,0.000454017,1.41803385,0,1,1571,300,300,300,10272.9,1.51,-0.00685396,-0.55,2000.023333,1681.219889,0.840600138,0.191200275,6,0.5,0: Broadleaf,2,1683142890,392.830963,399.9775185,17.31556296,15.87346667,401.2961481,17.99635556,600.1531111,100.8515185,0.105495926,23.60014815,24.13101111,999.9,0,0,9981.782222,0,194.5479259,2000.023333,0.979997222,0.020002504,0,2.297574074,0,6137.521481,16306.22222,40.937,42.312,41.486,40.34233333,40.18240741,1960.013333,40.00962963,0,33.19999981,0,2.329396154,-0.026136736,-159.3517949,6138.182308,15,1683142804,12:40:03,1683142804,1683142803,22,0.062,-0.006,-8.522,-0.708,400,16,0.68,0.1,-7.17768878,0.393547108,0.053559298,1,2.312779412,-0.029495351,0.206093659,1,1.461875122,-0.259241185,0.027677483,0,2,3,3-Feb,100,100,-8.465,-0.6818,-5.319951492,-0.007814304,-3.18E-07,6.48E-10,-0.618815394,-0.027428369,0.001386821,-3.01E-06,5,2011,2,27,1.6,1.6,2,621.072,417.247,20.0006,25.8752,29.9999,25.954,25.9783,21.5362,24.5392,35.5304,20,400,15.9447,101.259,102.958
67,1683143124,7385.5,20230503 12:45:24,12:45:24,e1.brohor.2,88.58739648,1683143116,0.001036272,7.380527863,392.2155,242.1713026,24.44647026,39.5929842,0.08331352,2.942654361,0.082024946,0.051379704,321.4481235,25.14109775,23.99272,2.993665,60.09264421,1.748292951,2.909329376,1.245372049,-45.69958979,-75.32911186,-5.347250793,195.072171,0,0,1,0,53900.86837,RECT-1505-20210918-17_20_47,10288.4,812.936,2752.91,1939.974,0.704699391,-1,MPF-1572-20230503-12_55_21,10276.5,2.297396,2.5876,0.112151801,0.5,1681.21678,7.380527863,94.27574479,1,0.004984799,1062.885454,-,0,2.5876,0.112151801,0.999060049,-0.000358123,1.417710959,0,1,1572,300,300,300,10276.5,1.54,-0.00685662,-0.59,2000.020333,1681.21678,0.840599844,0.191199688,6,0.5,0: Broadleaf,2,1683143116,392.2155,400.0002667,17.31891667,16.30088,400.5675,17.99354,600.1698,100.8440667,0.102948933,23.51789,23.99272,999.9,0,0,9990.567,0,309.0847667,2000.020333,0.9800062,0.01999366,0,2.296116667,0,5868.325667,16306.26,40.6912,42.1912,41.3225,40.27686667,39.9496,1960.030333,39.99,0,225.8,0,2.297396,-0.136523069,-444.4261538,5866.0228,15,1683143101,12:45:01,1683143101,1683143101,23,0.108,0.006,-8.413,-0.699,400,16,0.31,0.12,-7.105764146,-10.15443345,1.717827432,0,2.288444118,0.185635207,0.19037632,1,0.931785049,1.687690557,0.21764817,0,1,3,3-Jan,100,100,-8.353,-0.6738,-5.212308092,-0.007814304,-3.18E-07,6.48E-10,-0.612597756,-0.027428369,0.001386821,-3.01E-06,5,2011,2,27,0.4,0.4,2,618.361,418.183,20.002,25.582,29.9998,25.6798,25.7033,21.5422,22.4401,34.0334,20,400,16.1107,101.317,103.015
68,1683143161,7422.5,20230503 12:46:01,12:46:01,e1.brohor.2,83.93411381,1683143154,0.001038776,6.781871266,392.7758519,250.0317768,25.23938282,39.64864072,0.080799939,2.943129855,0.079587527,0.049849619,321.4485445,25.25832777,24.19647037,3.030503965,59.52399757,1.744133751,2.930135445,1.286370214,-45.81001317,-88.90751172,-6.32037389,180.4106457,0,0,1,0,53893.31502,RECT-1505-20210918-17_20_47,10288.4,812.936,2752.91,1939.974,0.704699391,-1,MPF-1573-20230503-12_55_58,10275.8,2.2982,1.9496,-0.178805909,0.5,1681.215356,6.781871266,-150.3056199,1,0.004628718,1411.038367,-,0,1.9496,-0.178805909,0.999291804,0.000429847,1.418039829,0,1,1573,300,300,300,10275.8,1.53,-0.00685618,0.01,2000.018148,1681.215356,0.84060005,0.1912001,6,0.5,0: Broadleaf,2,1683143154,392.7758519,399.9636296,17.27811111,16.25758148,401.1321111,17.95352593,600.1752593,100.842,0.102700481,23.63614074,24.19647037,999.9,0,0,9993.473704,0,301.189963,2000.018148,0.979998519,0.020001296,0,2.31887037,0,5639.475926,16306.1963,40.82133333,42.29362963,41.38418519,40.375,40.062,1960.014444,40.0037037,0,36,0,2.2982,-0.14698461,-392.9284621,5641.7324,15,1683143101,12:45:01,1683143101,1683143101,23,0.108,0.006,-8.413,-0.699,400,16,0.31,0.12,-7.200689512,0.33787547,0.049902869,1,2.310337143,-0.080958904,0.179397614,1,1.07598722,-0.759612334,0.078746416,0,2,3,3-Feb,100,100,-8.356,-0.6746,-5.212308092,-0.007814304,-3.18E-07,6.48E-10,-0.612597756,-0.027428369,0.001386821,-3.01E-06,5,2011,2,27,1,1,2,619.699,418.449,20.0017,25.5612,29.9998,25.6454,25.6712,21.5468,21.229,33.658,20,400,16.3724,101.323,103.019
69,1683143198,7459.5,20230503 12:46:38,12:46:38,e1.brohor.2,90.55240778,1683143190,0.000990628,6.914130259,392.6630645,239.3529608,24.16098064,39.63654625,0.076355013,2.944271628,0.075271774,0.047140903,321.4495421,25.33750397,24.33298387,3.055407369,59.77505831,1.758607243,2.94204187,1.296800126,-43.68671155,-99.92203663,-7.107951009,170.7328429,0,0,1,0,53914.59896,RECT-1505-20210918-17_20_47,10288.4,812.936,2752.91,1939.974,0.704699391,-1,MPF-1574-20230503-12_56_35,10275.4,2.294764,2.3164,0.009340356,0.5,1681.218503,6.914130259,7.851589436,1,0.004707378,1187.443274,-,0,2.3164,0.009340356,0.999158563,-2.67E-05,1.417850755,0,1,1574,300,300,300,10275.4,1.76,-0.00685579,-0.11,2000.021613,1681.218503,0.840600168,0.191200336,6,0.5,0: Broadleaf,2,1683143190,392.6630645,399.9639355,17.42180323,16.44873226,401.0183226,18.09444194,600.1842903,100.8397742,0.103120194,23.70348065,24.33298387,999.9,0,0,10000.18452,0,278.1878065,2000.021613,0.979992387,0.020007413,0,2.288454839,0,5429.236774,16306.19355,40.937,42.379,41.47967742,40.49187097,40.171,1960.009677,40.0116129,0,36,0,2.294764,-0.250384613,-254.4576919,5426.4788,15,1683143101,12:45:01,1683143101,1683143101,23,0.108,0.006,-8.413,-0.699,400,16,0.31,0.12,-7.323212195,0.235203763,0.06054942,1,2.313711429,-0.348347554,0.192085905,1,0.995259951,-0.483648983,0.050426916,0,2,3,3-Feb,100,100,-8.355,-0.672,-5.212308092,-0.007814304,-3.18E-07,6.48E-10,-0.612597756,-0.027428369,0.001386821,-3.01E-06,5,2011,2,27,1.6,1.6,2,619.492,418.552,20.0017,25.5417,29.9997,25.6138,25.6386,21.5537,20.3472,33.2845,20,400,16.5713,101.332,103.027
70,1683143409,7670,20230503 12:50:08,12:50:08,e5.brohor.2,65.72244985,1683143401,0.00202063,11.44400042,387.8366667,273.4177319,27.59541031,39.14344499,0.1741262,2.944178418,0.168600681,0.105857265,321.4463896,25.22410283,23.95563667,2.987002456,60.8245945,1.80613637,2.969417856,1.180866085,-89.10976514,-15.59065052,-1.107823459,215.6381504,15,2,1,0,53883.6204,RECT-1505-20210918-17_20_47,10288.4,812.936,2752.91,1939.974,0.704699391,-1,MPF-1575-20230503-13_00_06,10286.7,2.241865385,2.43452,0.079134538,0.5,1681.2073,11.44400042,66.52078146,1,0.007401824,1129.781427,-,0,2.43452,0.079134538,0.999115656,-0.000237698,1.417789867,0,1,1575,300,300,300,10286.7,1.47,-0.00686323,-0.66,2000.009,1681.2073,0.840599867,0.191199735,6,0.5,0: Broadleaf,2,1683143401,387.8366667,400.0606667,17.89535667,15.91148333,396.1403667,18.55819,600.1803667,100.8268333,0.1008209,23.85741333,23.95563667,999.9,0,0,10000.938,0,204.7951,2000.009,0.9800036,0.0199965,0,2.24611,0,8248.988667,16306.15,41.0956,42.7416,41.75,40.812,40.375,1960.017667,39.99133333,0,209.3999999,0,2.241865385,0.519251287,-1191.208548,8247.481154,15,1683143380,12:49:39,1683143369,1683143380,24,0.014,0,-8.4,-0.704,400,16,0.45,0.06,-12.20775122,-0.377703136,0.050437119,1,2.284065714,-0.69926184,0.217023281,1,1.895149756,1.740374425,0.174831848,0,2,3,3-Feb,100,100,-8.304,-0.6643,-5.198531933,-0.007814304,-3.18E-07,6.48E-10,-0.612234499,-0.027428369,0.001386821,-3.01E-06,5,2011,2,27,0.7,0.5,2,554.605,416.269,19.999,25.4753,30,25.5041,25.5199,21.5306,25.2686,31.7862,20,400,15.6334,101.349,103.042
71,1683143450,7711.5,20230503 12:50:50,12:50:50,e5.brohor.2,71.25714753,1683143442,0.001943834,11.55859677,387.6613226,264.2541125,26.67071856,39.12599859,0.162209647,2.943590124,0.157402376,0.098796532,321.4486757,25.28208382,24.01127742,2.997003978,59.81132449,1.780091651,2.976178284,1.216912327,-85.72306564,-18.41525531,-1.309410769,216.000944,13,2,1,0,53859.49463,RECT-1505-20210918-17_20_47,10288.4,812.936,2752.91,1939.974,0.704699391,-1,MPF-1576-20230503-13_00_47,10286,2.288276,1.7592,-0.300748067,0.5,1681.219258,11.55859677,-252.8117213,1,0.007469934,1563.864711,-,0,1.7592,-0.300748067,0.999360967,0.000652233,1.418137975,0,1,1576,300,300,300,10286,1.08,-0.00686272,-0.66,2000.023226,1681.219258,0.840599867,0.191199734,6,0.5,0: Broadleaf,2,1683143442,387.6613226,399.9695484,17.63719032,15.72824839,395.9637097,18.30523226,600.1910968,100.8278065,0.10049439,23.89523548,24.01127742,999.9,0,0,9997.496774,0,204.6694516,2000.023226,0.980004839,0.019995261,0,2.296387097,0,7677.575484,16306.26452,41.153,42.75,41.8,40.812,40.437,1960.031613,39.9916129,0,40.79999995,0,2.288276,-0.096000003,-609.2461539,7668.5048,15,1683143380,12:49:39,1683143369,1683143380,24,0.014,0,-8.4,-0.704,400,16,0.45,0.06,-12.30855854,-0.039135889,0.062898261,1,2.32195,-0.375365173,0.225839005,1,1.948439024,-0.75058892,0.074665024,0,2,3,3-Feb,100,100,-8.303,-0.6674,-5.198531933,-0.007814304,-3.18E-07,6.48E-10,-0.612234499,-0.027428369,0.001386821,-3.01E-06,5,2011,2,27,1.4,1.2,2,557.017,416.321,20.0012,25.4666,30.0001,25.4893,25.5074,21.5357,24.1042,31.0326,20,400,15.8479,101.35,103.044
72,1683143491,7752,20230503 12:51:30,12:51:30,e5.brohor.2,72.797996,1683143483,0.00188703,11.37530082,387.8862667,262.0385415,26.44666287,39.14804771,0.156258433,2.945229914,0.151794615,0.095262069,321.446956,25.30753342,24.06988,3.007569543,59.85697898,1.78267823,2.978229541,1.224891313,-83.21803499,-25.91077758,-1.842003513,210.47614,13,2,1,0,53905.54631,RECT-1505-20210918-17_20_47,10288.4,812.936,2752.91,1939.974,0.704699391,-1,MPF-1577-20230503-13_01_28,10285.6,2.347969231,2.1364,-0.09903072,0.5,1681.21037,11.37530082,-83.24573693,1,0.007360947,1287.574237,-,0,2.1364,-0.09903072,0.999223948,0.000260939,1.417943539,0,1,1577,300,300,300,10285.6,1.44,-0.00686247,-0.93,2000.012667,1681.21037,0.840599861,0.191199722,6,0.5,0: Broadleaf,2,1683143483,387.8862667,399.9898667,17.66311333,15.80997333,396.1904667,18.33065667,600.1811333,100.8257,0.1009145,23.90669667,24.06988,999.9,0,0,10007.03067,0,218.4687667,2000.012667,0.9800051,0.019995,0,2.3481,0,7397.139,16306.18333,41.187,42.75,41.812,40.78513333,40.4496,1960.021667,39.991,0,39.79999995,0,2.347969231,-0.449319663,-299.8970941,7393.843462,15,1683143380,12:49:39,1683143369,1683143380,24,0.014,0,-8.4,-0.704,400,16,0.45,0.06,-12.12307805,0.496072474,0.06907598,1,2.326579412,-0.040399299,0.173427596,1,1.86555439,-0.348421254,0.03717973,0,2,3,3-Feb,100,100,-8.304,-0.6675,-5.198531933,-0.007814304,-3.18E-07,6.48E-10,-0.612234499,-0.027428369,0.001386821,-3.01E-06,5,2011,2,27,2,1.9,2,557.536,416.328,19.9983,25.4572,29.9999,25.4745,25.493,21.5394,23.2382,30.6587,20,400,15.9621,101.353,103.044
73,1683143747,8008.5,20230503 12:55:47,12:55:47,j3.brohor.2,51.65576118,1683143739,0.000675598,2.622684125,397.0681613,306.1940039,30.90194046,40.07321019,0.050772345,2.945407523,0.050291096,0.031474793,321.4436255,24.98005125,24.25660645,3.041452305,59.94923089,1.717648207,2.865171382,1.323804097,-29.79385874,-157.5475674,-11.17370328,122.928496,0,0,1,0,54027.51605,RECT-1505-20210918-17_20_47,10288.4,812.936,2752.91,1939.974,0.704699391,-1,MPF-1578-20230503-13_05_44,10284.1,2.318624,2.1108,-0.098457457,0.5,1681.191483,2.622684125,-82.76291899,1,0.002154831,1303.202198,-,0,2.1108,-0.098457457,0.999233248,0.000256312,1.417956736,0,1,1578,300,300,300,10284.1,1.22,-0.00686135,-0.4,1999.99,1681.191483,0.840599945,0.191199889,6,0.5,0: Broadleaf,2,1683143739,397.0681613,399.9581935,17.01943548,16.35554516,405.4468387,17.70097419,600.1889677,100.8203226,0.102425935,23.26444839,24.25660645,999.9,0,0,10008.57484,0,134.7938065,1999.99,0.980001548,0.019998542,0,2.318951613,0,4514.194516,16305.96452,40.56403226,42.008,41.29,39.94919355,39.812,1959.994839,39.99612903,0,255.6000001,0,2.318624,0.337676923,-135.1115383,4513.1792,15,1683143723,12:55:22,1683143722,1683143723,25,-0.003,-0.002,-8.403,-0.697,400,16,0.54,0.13,-2.737843659,-2.547250453,0.387186018,0,2.31378,0.309801957,0.163513983,1,0.648762756,0.372339136,0.072477686,0,1,3,3-Jan,100,100,-8.378,-0.6807,-5.201242409,-0.007814304,-3.18E-07,6.48E-10,-0.613890226,-0.027428369,0.001386821,-3.01E-06,5,2011,2,27,0.4,0.4,2,616.411,418.181,20.0014,25.0058,29.9999,25.1293,25.1579,21.5553,19.1107,29.5862,20,400,16.3726,101.42,103.099
74,1683143789,8050.5,20230503 12:56:29,12:56:29,j3.brohor.2,48.11174654,1683143781,0.00070308,2.532893719,397.1837,311.9102867,31.47876672,40.084773,0.052646056,2.944170346,0.052128612,0.032626449,321.4464823,25.01042887,24.30706667,3.050665726,59.95581557,1.721665567,2.871557246,1.32900016,-31.00583038,-159.639845,-11.33185199,119.4689549,0,0,1,0,53984.37375,RECT-1505-20210918-17_20_47,10288.4,812.936,2752.91,1939.974,0.704699391,-1,MPF-1579-20230503-13_06_26,10283.7,2.263532,2.06743,-0.09485303,0.5,1681.20584,2.532893719,-79.73373406,1,0.002101405,1330.561407,-,0,2.06743,-0.09485303,0.999249002,0.000241842,1.417979091,0,1,1579,300,300,300,10283.7,1.69,-0.00686108,0.07,2000.007,1681.20584,0.840599978,0.191199956,6,0.5,0: Broadleaf,2,1683143781,397.1837,399.9949667,17.05928333,16.36841333,405.5633333,17.74007,600.1876,100.8205,0.1020026,23.30131,24.30706667,999.9,0,0,10001.52033,0,132.7539333,2000.007,0.980000733,0.019999327,0,2.25276,0,4443.571333,16306.11667,40.6746,42.062,41.312,40.04133333,39.875,1960.008333,39.99866667,0,41,0,2.263532,0.202515376,-60.51538463,4443.2976,15,1683143723,12:55:22,1683143722,1683143723,25,-0.003,-0.002,-8.403,-0.697,400,16,0.54,0.13,-2.831336585,0.494999164,0.060944471,1,2.294220588,-0.178647202,0.159064308,1,0.697351585,-0.124824502,0.012418663,0,2,3,3-Feb,100,100,-8.38,-0.6809,-5.201242409,-0.007814304,-3.18E-07,6.48E-10,-0.613890226,-0.027428369,0.001386821,-3.01E-06,5,2011,2,27,1.1,1.1,2,617.177,418.492,20.0002,24.9807,30,25.0953,25.1265,21.5571,18.8074,29.5862,20,400,16.4753,101.419,103.098
75,1683143827,8088.5,20230503 12:57:07,12:57:07,j3.brohor.2,52.8787162,1683143819,0.000636321,2.499504546,397.2309333,304.3658447,30.71848274,40.09100162,0.047268631,2.94457254,0.046851099,0.029319143,321.4455229,25.04059925,24.36098,3.060536597,59.92914699,1.722260222,2.873827358,1.338276375,-28.06174114,-166.1427962,-11.79584175,115.4451438,0,0,1,0,53993.89727,RECT-1505-20210918-17_20_47,10288.4,812.936,2752.91,1939.974,0.704699391,-1,MPF-1580-20230503-13_07_04,10283.3,2.310176,1.8568,-0.244170616,0.5,1681.19778,2.499504546,-205.2495489,1,0.002081554,1481.609866,-,0,1.8568,-0.244170616,0.999325514,0.000558979,1.418087665,0,1,1580,300,300,300,10283.3,1.58,-0.00686075,-0.39,1999.997,1681.19778,0.840600151,0.191200302,6,0.5,0: Broadleaf,2,1683143819,397.2309333,399.9823,17.06455333,16.43929667,405.6108667,17.74525,600.1971667,100.8236,0.102582367,23.31439667,24.36098,999.9,0,0,10003.5,0,132.5824333,1999.997,0.979993,0.0200071,0,2.300993333,0,4414.864333,16306,40.75,42.1166,41.3162,40.104,39.937,1959.987,40.01,0,37.0999999,0,2.310176,0.101861542,-20.52307689,4414.6588,15,1683143723,12:55:22,1683143722,1683143723,25,-0.003,-0.002,-8.403,-0.697,400,16,0.54,0.13,-2.763937317,0.205687944,0.033793024,1,2.24200303,0.739058531,0.190733432,1,0.639502293,-0.260894488,0.025975661,0,2,3,3-Feb,100,100,-8.381,-0.6804,-5.201242409,-0.007814304,-3.18E-07,6.48E-10,-0.613890226,-0.027428369,0.001386821,-3.01E-06,5,2011,2,27,1.8,1.7,2,617.169,418.202,20.0006,24.9703,30.0002,25.0754,25.1072,21.5609,17.9373,29.214,20,400,16.5272,101.416,103.097
76,1683144353,8614.1,20230503 13:05:52,13:05:52,j5.brohor.2,57.17151903,1683144345,0.001110714,5.14321697,394.3775,294.6697608,29.73629984,39.79820515,0.089961174,2.943093005,0.088460978,0.055420814,321.4479107,24.9951774,23.8516,2.968379957,59.94734506,1.73080805,2.887213852,1.237571907,-48.98247519,-73.02167191,-5.175676206,194.2680874,0,0,1,0,53936.06111,RECT-1505-20210918-17_20_47,10288.4,812.936,2752.91,1939.974,0.704699391,-1,MPF-1581-20230503-13_15_50,10277.2,2.318464,2.97935,0.22182221,0.5,1681.21566,5.14321697,186.4654862,1,0.003654033,922.9968449,-,0,2.97935,0.22182221,0.998917745,-0.000815952,1.417509023,0,1,1581,300,300,300,10277.2,1.91,-0.00685694,0.06,2000.019,1681.21566,0.840599844,0.191199689,6,0.5,0: Broadleaf,2,1683144345,394.3775,399.9554333,17.15132,16.06030667,402.6946333,17.83140667,600.3575667,100.8110667,0.1029184,23.39138333,23.8516,999.9,0,0,9996.330667,0,166.8819667,2000.019,0.9800054,0.019994487,0,2.338516667,0,6241.841333,16306.24667,40.562,42.0767,41.2248,40.1187,39.812,1960.029,39.99,0,524.5999999,0,2.318464,-0.801923072,-333.6638458,6239.0352,15,1683144335,13:05:34,1683144328,1683144335,26,0.04,-0.001,-8.361,-0.703,400,16,0.34,0.11,-4.243835357,-21.79719313,2.463184325,0,2.298639394,0.346506017,0.201005439,1,0.831757904,4.222094975,0.473674883,0,1,3,3-Jan,100,100,-8.314,-0.6774,-5.161072368,-0.007814304,-3.18E-07,6.48E-10,-0.614991553,-0.027428369,0.001386821,-3.01E-06,5,2011,2,27,0.4,0.3,2,614.184,415.358,20.0018,25.1713,30.0007,25.1651,25.1801,21.5525,20.4128,28.4705,20,400,15.9151,101.363,103.047
77,1683144389,8650.1,20230503 13:06:28,13:06:28,j5.brohor.2,52.23199556,1683144381,0.001294491,5.451058277,394.0721935,302.0693651,30.48252694,39.76674778,0.104362436,2.943851472,0.102349784,0.064146211,321.4460624,24.94974889,23.88282581,2.973958665,59.81893628,1.727378399,2.887678228,1.246580266,-57.08706325,-77.57333661,-5.497817925,181.2878446,0,0,1,0,53957.86925,RECT-1505-20210918-17_20_47,10288.4,812.936,2752.91,1939.974,0.704699391,-1,MPF-1582-20230503-13_16_26,10276.8,2.298744,2.6536,0.133726259,0.5,1681.205932,5.451058277,112.4106897,1,0.003837161,1036.424631,-,0,2.6536,0.133726259,0.999036075,-0.000437941,1.417676938,0,1,1582,300,300,300,10276.8,1.99,-0.00685653,-0.25,2000.007419,1681.205932,0.840599848,0.191199696,6,0.5,0: Broadleaf,2,1683144381,394.0721935,400.0314839,17.1176129,15.84568387,402.3870323,17.79839677,600.1903871,100.81,0.102341516,23.39404839,23.88282581,999.9,0,0,10000.74871,0,171.7445806,2000.007419,0.980005677,0.0199942,0,2.313522581,0,6081.644839,16306.15161,40.651,42.181,41.282,40.19919355,39.891,1960.017419,39.99,0,35.39999986,0,2.298744,0.177984609,-177.032308,6078.4232,15,1683144335,13:05:34,1683144328,1683144335,26,0.04,-0.001,-8.361,-0.703,400,16,0.34,0.11,-5.95482375,0.019083265,0.042424447,1,2.308973529,-0.11081257,0.169892143,1,1.2845725,-0.300460188,0.030592689,0,2,3,3-Feb,100,100,-8.316,-0.6816,-5.161072368,-0.007814304,-3.18E-07,6.48E-10,-0.614991553,-0.027428369,0.001386821,-3.01E-06,5,2011,2,27,1,0.9,2,616.277,415.452,20.0022,25.2275,30.0007,25.2071,25.2234,21.544,20.4689,28.0999,20,400,15.9925,101.354,103.034
78,1683144423,8684.6,20230503 13:07:03,13:07:03,j5.brohor.2,61.74366811,1683144415,0.001104796,5.410972729,394.1325,286.9787184,28.95970477,39.77284763,0.087636075,2.943599675,0.086212003,0.054008522,321.4470063,25.07010427,24.00276667,2.995472261,59.74261781,1.732587146,2.900085751,1.262885115,-48.72151932,-85.3225526,-6.053385533,181.3495488,0,0,1,0,53937.52798,RECT-1505-20210918-17_20_47,10288.4,812.936,2752.91,1939.974,0.704699391,-1,MPF-1583-20230503-13_17_01,10276.3,2.256257692,2.0116,-0.12162343,0.5,1681.2109,5.410972729,-102.2373183,1,0.003813307,1367.517598,-,0,2.0116,-0.12162343,0.999269282,0.000301702,1.41800787,0,1,1583,300,300,300,10276.3,1.48,-0.00685619,-0.81,2000.013333,1681.2109,0.840599846,0.191199692,6,0.5,0: Broadleaf,2,1683144415,394.1325,399.977,17.16922333,16.08375,402.4477333,17.84905,600.1959667,100.8100333,0.102344167,23.46511667,24.00276667,999.9,0,0,9999.313667,0,169.2744333,2000.013333,0.9800067,0.019993163,0,2.264926667,0,5987.424667,16306.21333,40.75,42.27273333,41.3729,40.29753333,39.9853,1960.023333,39.99,0,33.39999986,0,2.256257692,0.121165817,-107.6885471,5987.445769,15,1683144335,13:05:34,1683144328,1683144335,26,0.04,-0.001,-8.361,-0.703,400,16,0.34,0.11,-5.85531125,0.512438612,0.069663089,0,2.251073529,-0.171841442,0.212862665,1,1.105258,-0.362332233,0.035790702,0,1,3,3-Jan,100,100,-8.315,-0.6791,-5.161072368,-0.007814304,-3.18E-07,6.48E-10,-0.614991553,-0.027428369,0.001386821,-3.01E-06,5,2011,2,27,1.6,1.5,2,617.009,415.559,20.0008,25.2841,30.0008,25.2543,25.2705,21.5547,18.9549,28.0999,20,400,16.1889,101.342,103.025
79,1683144811,9072.1,20230503 13:13:30,13:13:30,e5.brohor.2,65.47625978,1683144803,0.000598436,2.989098347,396.7588,284.0319065,28.66221904,40.03771186,0.045651636,2.94228876,0.045261754,0.028323348,321.4458498,25.16651973,24.11422333,3.015585912,59.18160639,1.712619415,2.893837324,1.302966497,-26.39100892,-108.6362213,-7.71381112,178.7048085,0,0,1,0,53905.37367,RECT-1505-20210918-17_20_47,10288.4,812.936,2752.91,1939.974,0.704699391,-1,MPF-1584-20230503-13_23_28,10288.7,2.297948,2.2456,-0.023311364,0.5,1681.20198,2.989098347,-19.59555603,1,0.002372766,1224.912896,-,0,2.2456,-0.023311364,0.999184281,6.46E-05,1.41788725,0,1,1584,300,300,300,10288.7,1.39,-0.00686457,-0.62,2000.002333,1681.20198,0.840600009,0.191200019,6,0.5,0: Broadleaf,2,1683144803,396.7588,399.9830333,16.97142,16.38356,405.0945333,17.65107333,600.4279333,100.8055,0.106469333,23.42936,24.11422333,999.9,0,0,9992.311333,0,221.7843333,2000.002333,0.9799992,0.020001027,0,2.28658,0,4204.584333,16306.07,40.7996,42.437,41.5,40.437,40.0124,1960.001667,40.00066667,0,386.4000001,0,2.297948,-0.120738456,-187.1723074,4203.5964,15,1683144796,13:13:15,1683144794,1683144796,28,0.05,-0.001,-8.361,-0.692,400,16,0.35,0.1,-2.427227075,-18.79726915,1.990294724,0,2.319154286,-0.597628563,0.18902224,1,0.441024297,3.358182069,0.355703295,0,1,3,3-Jan,100,100,-8.327,-0.675,-5.161050583,-0.007814304,-3.18E-07,6.48E-10,-0.611277234,-0.027428369,0.001386821,-3.01E-06,5,2011,2,27,0.3,0.2,2,616.307,416.151,20.0023,25.116,30.0003,25.2032,25.2267,21.5615,15.2388,28.9339,20,400,16.4216,101.379,103.06
80,1683144862,9123.6,20230503 13:14:22,13:14:22,e5.brohor.2,61.81909199,1683144858,0.00082486,3.910448071,395.7295714,288.5968555,29.12174073,39.93229226,0.063256317,2.943345385,0.06251067,0.03913543,321.447948,25.19059055,24.23698571,3.03787637,59.75188678,1.737852543,2.908447978,1.300023828,-36.37633272,-114.9047732,-8.164493515,162.0023485,0,0,1,0,53921.21606,RECT-1505-20210918-17_20_47,10288.4,812.936,2752.91,1939.974,0.704699391,-1,MPF-1585-20230503-13_24_20,10288.1,2.258984,1.78,-0.269092135,0.5,1681.2132,3.910448071,-226.2006245,1,0.002920777,1545.578652,-,0,1.78,-0.269092135,0.999353411,0.000590496,1.418127253,0,1,1585,300,300,300,10288.1,1.27,-0.0068641,-0.18,2000.015714,1681.2132,0.840599995,0.191199991,6,0.5,0: Broadleaf,2,1683144858,395.7295714,399.965,17.22214286,16.41176429,404.0572857,17.89732857,600.2041429,100.8032857,0.104746286,23.51286429,24.23698571,999.9,0,0,9998.537143,0,222.0784286,2000.015714,0.980000643,0.019999536,0,2.253428571,0,4096.516429,16306.20714,40.875,42.5,41.562,40.50885714,40.125,1960.015714,40,0,50.39999986,0,2.258984,-0.272007687,-67.21615392,4100.758,15,1683144796,13:13:15,1683144794,1683144796,28,0.05,-0.001,-8.361,-0.692,400,16,0.35,0.1,-4.2742475,0.119788818,0.054497455,1,2.249841176,0.016446776,0.165140192,1,0.82598985,-0.111872645,0.011401918,0,2,3,3-Feb,100,100,-8.327,-0.6751,-5.161050583,-0.007814304,-3.18E-07,6.48E-10,-0.611277234,-0.027428369,0.001386821,-3.01E-06,5,2011,2,27,1.1,1.1,2,617.684,416.915,20.0012,25.139,30.0004,25.2053,25.2309,21.5602,14.9512,28.9339,20,400,16.5238,101.372,103.057
81,1683144903,9164.6,20230503 13:15:03,13:15:03,e5.brohor.2,64.10275873,1683144895,0.00079498,3.893825593,395.7954333,285.0268693,28.76144727,39.93886441,0.060743495,2.94357801,0.060055618,0.037595915,321.4492704,25.21960739,24.30736333,3.050719966,59.97920098,1.74671615,2.9122031,1.304003816,-35.05860428,-122.6859398,-8.720735606,154.9839907,0,0,1,0,53924.17304,RECT-1505-20210918-17_20_47,10288.4,812.936,2752.91,1939.974,0.704699391,-1,MPF-1586-20230503-13_25_01,10287.8,2.305480769,1.5312,-0.505669259,0.5,1681.22016,3.893825593,-425.0706762,1,0.002910877,1796.877482,-,0,1.5312,-0.505669259,0.999443789,0.000954247,1.418255502,0,1,1586,300,300,300,10287.8,1.01,-0.00686384,-0.59,2000.024,1681.22016,0.840599993,0.191199986,6,0.5,0: Broadleaf,2,1683144895,395.7954333,400.0027667,17.31001333,16.52900667,404.1235333,17.98351667,600.1628,100.8036333,0.1042121,23.53426667,24.30736333,999.9,0,0,9999.825333,0,223.3332333,2000.024,0.9800013,0.019998857,0,2.295556667,0,4070.669667,16306.25667,40.9958,42.562,41.625,40.604,40.1954,1960.024,40,0,40.20000005,0,2.305480769,0.273617095,-19.44854703,4070.496538,15,1683144796,13:13:15,1683144794,1683144796,28,0.05,-0.001,-8.361,-0.692,400,16,0.35,0.1,-4.23328025,0.324896623,0.061820914,1,2.299635294,0.214172128,0.209187397,1,0.777666775,0.059076979,0.006055349,1,3,3,3-Mar,100,100,-8.328,-0.6737,-5.161050583,-0.007814304,-3.18E-07,6.48E-10,-0.611277234,-0.027428369,0.001386821,-3.01E-06,5,2011,2,27,1.8,1.8,2,617.842,416.551,20,25.1708,30.0004,25.2212,25.2456,21.5602,14.3771,28.9339,20,400,16.581,101.368,103.05
82,1683145104,9365.6,20230503 13:18:24,13:18:24,e6.brohor.2,72.95459762,1683145096,0.000709004,3.967053651,395.7473548,270.9794198,27.34193692,39.93107382,0.054377021,2.943870723,0.053825127,0.033689823,321.443582,25.16287042,24.22526129,3.035741316,59.96764974,1.738085876,2.898372512,1.29765544,-31.26707612,-122.1974526,-8.67808499,159.3009683,0,0,1,0,53947.04639,RECT-1505-20210918-17_20_47,10288.4,812.936,2752.91,1939.974,0.704699391,-1,MPF-1587-20230503-13_28_22,10281.8,2.273315385,2.0856,-0.090005459,0.5,1681.187565,3.967053651,-75.65802893,1,0.002954491,1318.960683,-,0,2.0856,-0.090005459,0.999242402,0.000231504,1.417969725,0,1,1587,300,300,300,10281.8,1.46,-0.00686009,-0.47,1999.984839,1681.187565,0.840600155,0.191200309,6,0.5,0: Broadleaf,2,1683145096,395.7473548,399.9930645,17.22575484,16.52928065,404.1332258,17.9012129,600.2728065,100.7991613,0.101257452,23.45531935,24.22526129,999.9,0,0,10001.93355,0,163.1589032,1999.984839,0.979996387,0.020003613,0,2.261983871,0,4572.555484,16305.90323,40.94106452,42.546,41.625,40.625,40.21748387,1959.974839,40.01,0,200,0,2.273315385,-0.254365796,-473.0844437,4569.073077,15,1683145085,13:18:04,1683145077,1683145085,29,-0.058,0,-8.419,-0.69,400,16,0.49,0.15,-3.293703143,-14.54195452,1.711365271,0,2.263677143,0.026468746,0.18989857,1,0.546322329,2.245408058,0.270595301,0,1,3,3-Jan,100,100,-8.384,-0.6745,-5.21861453,-0.007814304,-3.18E-07,6.48E-10,-0.611627217,-0.027428369,0.001386821,-3.01E-06,5,2011,2,27,0.5,0.3,2,615.115,417.789,19.9998,25.1608,29.9995,25.1935,25.2073,21.5625,15.7496,30.9018,20,400,16.5504,101.38,103.068
83,1683145140,9401.1,20230503 13:18:59,13:18:59,e6.brohor.2,71.26452919,1683145132,0.000746058,4.063775987,395.638871,273.4981968,27.59632937,39.92048476,0.057023824,2.945307188,0.056417512,0.035314882,321.4442703,25.17937084,24.29764516,3.048943624,60.15482107,1.746343431,2.903081415,1.302600193,-32.90116006,-129.4767835,-9.195170338,149.8711564,0,0,1,0,53984.43489,RECT-1505-20210918-17_20_47,10288.4,812.936,2752.91,1939.974,0.704699391,-1,MPF-1588-20230503-13_28_57,10281.1,2.293684615,1.7988,-0.27511931,0.5,1681.192558,4.063775987,-231.2642685,1,0.003012014,1529.414721,-,0,1.7988,-0.27511931,0.999346582,0.000610112,1.418117562,0,1,1588,300,300,300,10281.1,1.5,-0.00685972,-0.6,1999.990968,1681.192558,0.840600075,0.191200151,6,0.5,0: Broadleaf,2,1683145132,395.638871,399.9964516,17.30743871,16.57452258,404.0239032,17.98133871,600.1879355,100.8002581,0.101063032,23.48223548,24.29764516,999.9,0,0,10009.99613,0,162.4225484,1999.990968,0.979997355,0.020002645,0,2.307732258,0,4348.122903,16305.96129,41.012,42.532,41.625,40.625,40.25,1959.986129,40.00483871,0,34.70000005,0,2.293684615,0.140923078,-205.980513,4346.050385,15,1683145085,13:18:04,1683145077,1683145085,29,-0.058,0,-8.419,-0.69,400,16,0.49,0.15,-4.35602575,-0.040925291,0.04065884,1,2.310575758,-0.29002924,0.163115806,1,0.737622225,-0.085331538,0.009629727,1,3,3,3-Mar,100,100,-8.385,-0.674,-5.21861453,-0.007814304,-3.18E-07,6.48E-10,-0.611627217,-0.027428369,0.001386821,-3.01E-06,5,2011,2,27,1,0.9,2,616.318,418.604,19.9998,25.1212,29.9996,25.1593,25.1758,21.5641,15.7496,30.9018,20,400,16.5559,101.394,103.083
84,1683145174,9435.6,20230503 13:19:34,13:19:34,e6.brohor.2,73.62987469,1683145170,0.000739705,4.143342701,395.5467647,269.6114713,27.20433678,39.91145979,0.056272576,2.947339477,0.055682447,0.034854034,321.4497916,25.19506929,24.32888235,3.054656553,60.0925349,1.746127516,2.905731167,1.308529038,-32.62097548,-132.1256312,-9.379013363,147.3241716,0,0,1,0,54041.51417,RECT-1505-20210918-17_20_47,10288.4,812.936,2752.91,1939.974,0.704699391,-1,MPF-1589-20230503-13_29_32,10280.9,2.344953846,2.02553,-0.157698897,0.5,1681.222747,4.143342701,-132.5634861,1,0.003059287,1358.106012,-,0,2.02553,-0.157698897,0.999264222,0.000393908,1.41800069,0,1,1589,300,300,300,10280.9,1.44,-0.00685937,-0.32,2000.027059,1681.222747,0.840600001,0.191200001,6,0.5,0: Broadleaf,2,1683145170,395.5467647,399.9812353,17.30518235,16.57851765,403.9311765,17.97912941,600.1975294,100.8012353,0.100765059,23.49736471,24.32888235,999.9,0,0,10021.46765,0,160.3408824,2000.027059,0.979998294,0.020001706,0,2.379647059,0,4214.453529,16306.27059,41.062,42.5,41.64688235,40.625,40.312,1960.026471,40.00058824,0,33.39999986,0,2.344953846,0.756581199,-161.0666668,4220.912308,15,1683145085,13:18:04,1683145077,1683145085,29,-0.058,0,-8.419,-0.69,400,16,0.49,0.15,-4.445362,0.051089156,0.053486334,1,2.310317647,0.863523876,0.219039296,1,0.7378169,-0.114973914,0.011187071,0,2,3,3-Feb,100,100,-8.385,-0.674,-5.21861453,-0.007814304,-3.18E-07,6.48E-10,-0.611627217,-0.027428369,0.001386821,-3.01E-06,5,2011,2,27,1.6,1.5,2,615.946,419.088,19.9994,25.0758,29.9995,25.1208,25.1386,21.567,15.7496,30.9018,20,400,16.5561,101.406,103.095
85,1683145454,9715.1,20230503 13:24:13,13:24:13,j6.brohor.2,54.1734058,1683145446,0.000816741,3.657019743,395.9336333,301.4879205,30.42303508,39.9535172,0.067505812,2.944931328,0.066657792,0.041736423,321.4412372,24.75952097,23.45847667,2.898924529,59.66718074,1.690621136,2.833418833,1.208303393,-36.01829476,-60.07589725,-4.240297738,221.1067475,0,0,1,0,54046.86508,RECT-1505-20210918-17_20_47,10288.4,812.936,2752.91,1939.974,0.704699391,-1,MPF-1590-20230503-13_34_11,10271.1,2.293444,1.9676,-0.165604798,0.5,1681.17788,3.657019743,-139.2055614,1,0.002770093,1398.120756,-,0,1.9676,-0.165604798,0.999285265,0.000401796,1.418030551,0,1,1590,300,300,300,10271.1,1.49,-0.00685289,-0.16,1999.973667,1681.17788,0.840600008,0.191200016,6,0.5,0: Broadleaf,2,1683145446,395.9336333,399.9128,16.75381333,15.95100333,404.2216,17.43945667,600.1852333,100.8084667,0.101165233,23.08008667,23.45847667,999.9,0,0,10007.04267,0,163.7736,1999.973667,0.9799997,0.02,0,2.295766667,0,5031.329333,16305.84,40.5788,41.937,41.28926667,39.937,39.75,1959.973667,40,0,278.8,0,2.293444,-0.328476917,-277.7515389,5027.4828,15,1683145433,13:23:52,1683145433,1683145432,30,0.099,-0.002,-8.32,-0.704,400,16,0.24,0.12,-3.375418725,-8.868113257,1.21786829,0,2.317352941,-0.346598414,0.162502082,1,0.695597456,1.701837817,0.239756951,0,1,3,3-Jan,100,100,-8.289,-0.6841,-5.120090836,-0.007814304,-3.18E-07,6.48E-10,-0.613146811,-0.027428369,0.001386821,-3.01E-06,5,2011,2,27,0.3,0.4,2,615.761,418.21,20.0015,24.5961,29.9999,24.732,24.7619,21.5542,17.2897,31.3099,20,400,15.9552,101.489,103.171
86,1683145491,9752.1,20230503 13:24:50,13:24:50,j6.brohor.2,45.92196116,1683145483,0.000876478,3.299898658,396.3367333,314.9875088,31.78490709,39.99373274,0.071858836,2.943088884,0.070898169,0.044396598,321.4407052,24.78032743,23.56728,2.918003718,59.83693622,1.699062483,2.839487764,1.218941235,-38.65269196,-71.68876007,-5.06682624,206.032427,0,0,1,0,53986.11283,RECT-1505-20210918-17_20_47,10288.4,812.936,2752.91,1939.974,0.704699391,-1,MPF-1591-20230503-13_34_48,10271,2.33956,1.846,-0.267367281,0.5,1681.17508,3.299898658,-224.7456047,1,0.002557675,1490.283857,-,0,1.846,-0.267367281,0.999329437,0.000608514,1.418093232,0,1,1591,300,300,300,10271,1.3,-0.00685285,-0.6,1999.970333,1681.17508,0.840600009,0.191200018,6,0.5,0: Broadleaf,2,1683145483,396.3367333,399.9829667,16.83766,15.97618667,404.6279,17.52179,600.1721,100.8072,0.101268433,23.11546333,23.56728,999.9,0,0,9996.690667,0,167.0341333,1999.970333,0.9799997,0.02,0,2.35178,0,4825.269667,16305.81333,40.604,41.906,41.25,39.92253333,39.80373333,1959.970333,40,0,36.39999986,0,2.33956,0.182661551,-393.8853852,4820.1016,15,1683145433,13:23:52,1683145433,1683145432,30,0.099,-0.002,-8.32,-0.704,400,16,0.24,0.12,-3.64984625,0.058775797,0.026269871,1,2.349929412,-0.017414499,0.228133873,1,0.86584865,-0.097423407,0.009475362,1,3,3,3-Mar,100,100,-8.291,-0.6845,-5.120090836,-0.007814304,-3.18E-07,6.48E-10,-0.613146811,-0.027428369,0.001386821,-3.01E-06,5,2011,2,27,1,1,2,617.196,418.378,20.0009,24.5659,29.9995,24.6873,24.7178,21.5611,17.2897,31.3099,20,400,16.0547,101.495,103.176
87,1683145529,9790.6,20230503 13:25:29,13:25:29,j6.brohor.2,55.25213805,1683145521,0.000793088,3.551114615,396.108871,299.8468605,30.25684461,39.97041869,0.064271081,2.945018571,0.063501907,0.039757032,321.4500402,24.84094394,23.64397097,2.931517745,59.73184856,1.70018435,2.846361515,1.231333396,-34.97519832,-77.56311744,-5.481659431,203.430065,0,0,1,0,54035.62698,RECT-1505-20210918-17_20_47,10288.4,812.936,2752.91,1939.974,0.704699391,-1,MPF-1592-20230503-13_35_26,10270.7,2.302880769,2.5136,0.083831648,0.5,1681.224126,3.551114615,70.46989468,1,0.002707024,1094.206079,-,0,2.5136,0.083831648,0.99908693,-0.000260012,1.417749104,0,1,1592,300,300,300,10270.7,1.68,-0.00685263,-0.37,2000.02871,1681.224126,0.840599996,0.191199992,6,0.5,0: Broadleaf,2,1683145521,396.108871,399.973,16.8489129,16.06941613,404.3981935,17.53283548,600.1762258,100.806,0.101658516,23.15545161,23.64397097,999.9,0,0,10007.78387,0,163.9397097,2000.02871,0.980000516,0.019999184,0,2.302,0,4524.518387,16306.3,40.61483871,41.881,41.25,39.875,39.812,1960.028387,40.00032258,0,37.79999995,0,2.302880769,0.27376753,-445.8611969,4519.687692,15,1683145433,13:23:52,1683145433,1683145432,30,0.099,-0.002,-8.32,-0.704,400,16,0.24,0.12,-3.84527125,-0.433000863,0.059301693,1,2.290952941,0.566459848,0.205426966,1,0.77872905,0.044304991,0.009119369,1,3,3,3-Mar,100,100,-8.289,-0.6838,-5.120090836,-0.007814304,-3.18E-07,6.48E-10,-0.613146811,-0.027428369,0.001386821,-3.01E-06,5,2011,2,27,1.6,1.6,2,616.84,419.056,20.0015,24.5329,29.9999,24.6458,24.6766,21.568,16.1119,31.3099,20,400,16.1367,101.503,103.184
88,1683145834,10095.6,20230503 13:30:34,13:30:34,j8.brohor.2,30.83419408,1683145827,0.000681602,1.755735237,397.9618077,341.0322315,34.41171341,40.15616826,0.056941175,2.947108619,0.056336974,0.035264359,321.4459832,24.70653338,23.27171154,2.866428659,59.35975302,1.673079791,2.818542373,1.193348868,-30.05863521,-44.2688938,-3.117967689,244.0004865,0,0,1,0,54126.78875,RECT-1505-20210918-17_20_47,10288.4,812.936,2752.91,1939.974,0.704699391,-1,MPF-1593-20230503-13_40_31,10275.9,2.26468,1.9936,-0.13597512,0.5,1681.205515,1.755735237,-114.3010612,1,0.001639142,1379.873796,-,0,1.9936,-0.13597512,0.999275821,0.000334278,1.418017149,0,1,1593,300,300,300,10275.9,1.5,-0.00685622,-1.02,2000.006923,1681.205515,0.840599848,0.191199696,6,0.5,0: Broadleaf,2,1683145827,397.9618077,399.9871538,16.58081154,15.91105385,406.193,17.27256923,600.486,100.8018077,0.102770304,22.99308846,23.27171154,999.9,0,0,10020.09615,0,116.1835385,2000.006923,0.980005923,0.019993946,0,2.254657692,0,4956.141538,16306.13846,40.25238462,41.75,41.02384615,39.625,39.52146154,1960.016923,39.99,0,304.3999999,0,2.26468,-0.64333078,-197.6615388,4956.6556,15,1683145821,13:30:21,1683145821,1683145811,31,0.082,-0.003,-8.238,-0.704,400,16,0.88,0.07,-1.282083943,-12.02241494,1.280112163,0,2.274748485,-0.173589279,0.211035664,1,0.408894721,4.11907862,0.434619397,0,1,3,3-Jan,100,100,-8.216,-0.6861,-5.038571837,-0.007814304,-3.18E-07,6.48E-10,-0.616440633,-0.027428369,0.001386821,-3.01E-06,5,2011,2,27,0.2,0.4,2,611.973,419.667,19.9982,24.3958,30.0002,24.4894,24.5154,21.5679,19.3225,33.2376,20,400,15.776,101.515,103.186
89,1683145872,10133.1,20230503 13:31:11,13:31:11,j8.brohor.2,30.43121427,1683145864,0.001091538,2.832282603,396.7316129,340.2905154,34.33571957,40.03069373,0.093071626,2.940716877,0.091465622,0.057307999,321.4456505,24.59608639,23.26714194,2.865637588,59.93984776,1.688672305,2.817278269,1.176965283,-48.13681456,-44.6233642,-3.149574056,225.5358977,0,0,1,0,53939.77847,RECT-1505-20210918-17_20_47,10288.4,812.936,2752.91,1939.974,0.704699391,-1,MPF-1594-20230503-13_41_09,10275.8,2.271730769,2.0628,-0.101285035,0.5,1681.203765,2.832282603,-85.14039067,1,0.002279487,1333.550126,-,0,2.0628,-0.101285035,0.999250684,0.000257661,1.417981478,0,1,1594,300,300,300,10275.8,1.5,-0.00685604,-0.73,2000.004839,1681.203765,0.840599849,0.191199697,6,0.5,0: Broadleaf,2,1683145864,396.7316129,399.9959355,16.7359,15.66296129,404.9437419,17.42510645,600.1851935,100.8005484,0.100646355,22.98567742,23.26714194,999.9,0,0,9983.87129,0,116.8811935,2000.004839,0.980006258,0.0199936,0,2.269535484,0,4776.506129,16306.13226,40.288,41.73577419,41,39.60874194,39.504,1960.014839,39.99,0,36.5999999,0,2.271730769,-0.68391795,-357.6687175,4773.755769,15,1683145821,13:30:21,1683145821,1683145811,31,0.082,-0.003,-8.238,-0.704,400,16,0.88,0.07,-3.2103375,-1.366292308,0.134533642,0,2.267657576,-0.326529953,0.151876246,1,1.08294475,-0.250838612,0.02437837,0,1,3,3-Jan,100,100,-8.211,-0.6899,-5.038571837,-0.007814304,-3.18E-07,6.48E-10,-0.616440633,-0.027428369,0.001386821,-3.01E-06,5,2011,2,27,0.8,1,2,615.168,420.157,19.9991,24.3917,30.0002,24.4766,24.5041,21.5617,19.9313,32.8675,20,400,15.7555,101.515,103.184
90,1683145906,10167.6,20230503 13:31:46,13:31:46,j8.brohor.2,36.55498637,1683145898,0.001027682,3.180086473,396.4069333,330.1351861,33.31158769,39.99859717,0.086994602,2.944278567,0.085591439,0.053618833,321.4500761,24.64001742,23.29747667,2.870892584,59.76523809,1.686729705,2.822258823,1.184162879,-45.32079193,-44.8602935,-3.163420083,228.1055706,0,0,1,0,54039.40394,RECT-1505-20210918-17_20_47,10288.4,812.936,2752.91,1939.974,0.704699391,-1,MPF-1595-20230503-13_41_44,10275.5,2.279572,1.6248,-0.402986214,0.5,1681.227132,3.180086473,-338.7556781,1,0.002486331,1693.306992,-,0,1.6248,-0.402986214,0.999409788,0.000807054,1.418207254,0,1,1595,300,300,300,10275.5,1.16,-0.00685589,-0.87,2000.032667,1681.227132,0.840599836,0.191199672,6,0.5,0: Broadleaf,2,1683145898,396.4069333,399.9933,16.71637,15.70617667,404.6164,17.40591333,600.1840667,100.8023333,0.10053643,23.01486,23.29747667,999.9,0,0,10003.93833,0,115.0663,2000.032667,0.980005233,0.019994577,0,2.270896667,0,4561.374667,16306.36667,40.3141,41.687,41,39.5935,39.50826667,1960.040333,39.98966667,0,33.79999995,0,2.279572,0.301800002,-329.5523077,4557.5448,15,1683145821,13:30:21,1683145821,1683145811,31,0.082,-0.003,-8.238,-0.704,400,16,0.88,0.07,-3.564888,-0.466244578,0.068475409,1,2.322308824,-0.291073542,0.152453747,1,1.01670625,-0.11284469,0.011388477,0,2,3,3-Feb,100,100,-8.209,-0.6896,-5.038571837,-0.007814304,-3.18E-07,6.48E-10,-0.616440633,-0.027428369,0.001386821,-3.01E-06,5,2011,2,27,1.4,1.6,2,615.394,420.366,20.0009,24.3835,29.9999,24.4654,24.4919,21.5653,19.9313,32.8675,20,400,15.7821,101.521,103.184
91,1683146182,10443,20230503 13:36:21,13:36:21,e7.brohor.2,60.13263838,1683146174,0.000688693,3.287270576,396.3490645,292.2858521,29.49659941,39.99834237,0.054666994,2.943513665,0.054109164,0.033867872,321.4427675,24.30009481,23.37992581,2.885218161,59.2575617,1.629494421,2.749850608,1.255723741,-30.37135413,-125.9743155,-8.870095151,156.2270026,0,0,1,0,54095.50652,RECT-1505-20210918-17_20_47,10288.4,812.936,2752.91,1939.974,0.704699391,-1,MPF-1596-20230503-13_46_19,10268.3,2.302230769,3.1016,0.257728021,0.5,1681.18859,3.287270576,216.6447044,1,0.002550143,886.5773794,-,0,3.1016,0.257728021,0.998873338,-0.000987077,1.417446007,0,1,1596,300,300,300,10268.3,1.25,-0.00685149,-0.28,1999.986774,1681.18859,0.840599854,0.191199708,6,0.5,0: Broadleaf,2,1683146174,396.3490645,399.9066452,16.14688387,15.46981613,404.6739677,16.84439677,600.4473871,100.8152581,0.101701129,22.58609032,23.37992581,999.9,0,0,9998.306452,0,146.8710645,1999.986774,0.980004,0.0199956,0,2.299396774,0,2751.165806,16305.98065,39.633,40.885,40.32419355,38.937,38.8506129,1959.996774,39.99,0,274.4000001,0,2.302230769,0.519480342,-357.2211965,2749.020769,15,1683146164,13:36:04,1683146164,1683146151,32,-0.115,0.002,-8.354,-0.71,400,15,0.42,0.08,-2.560544893,-16.60500799,1.83041571,0,2.301245714,0.140544224,0.15584947,1,0.491901165,2.924022684,0.334867171,0,1,3,3-Jan,100,100,-8.32,-0.6941,-5.153559532,-0.007814304,-3.18E-07,6.48E-10,-0.614695321,-0.027428369,0.001386821,-3.01E-06,5,2011,2,27,0.3,0.5,2,612.509,421.897,20.001,23.8238,29.9994,24.0015,24.033,21.5901,14.7541,32.8876,20,400,15.6285,101.619,103.298
92,1683146231,10492.5,20230503 13:37:11,13:37:11,e7.brohor.2,55.73843821,1683146223,0.000850124,3.783897123,395.8613871,298.6688777,30.14007201,39.94822228,0.067886673,2.945562034,0.067029303,0.041969444,321.444503,24.39879719,23.50871613,2.907720659,59.73332781,1.656778357,2.773624738,1.250942303,-37.49046894,-123.9868078,-8.736050826,151.2311755,0,0,1,0,54129.95864,RECT-1505-20210918-17_20_47,10288.4,812.936,2752.91,1939.974,0.704699391,-1,MPF-1597-20230503-13_47_08,10268.1,2.295911538,1.4144,-0.623240624,0.5,1681.197552,3.783897123,-523.8953056,1,0.002845529,1945.34474,-,0,1.4144,-0.623240624,0.999486216,0.001086245,1.418315709,0,1,1597,300,300,300,10268.1,0.9,-0.00685144,-0.33,1999.997419,1681.197552,0.840599861,0.191199721,6,0.5,0: Broadleaf,2,1683146223,395.8613871,399.9804839,16.41761613,15.58171935,404.1825484,17.11066452,600.1939677,100.8143871,0.100285513,22.72794839,23.50871613,999.9,0,0,10010.04323,0,155.316129,1999.997419,0.980004484,0.019995116,0,2.287225806,0,2587.802581,16306.06452,39.687,40.913,40.312,38.937,38.875,1960.006452,39.99064516,0,48.5999999,0,2.295911538,0.231634194,-119.3347009,2586.734615,15,1683146164,13:36:04,1683146164,1683146151,32,-0.115,0.002,-8.354,-0.71,400,15,0.42,0.08,-4.114760976,-0.198263624,0.044442102,1,2.289226471,0.22996027,0.216816914,1,0.838537049,-0.090593352,0.011615382,1,3,3,3-Mar,100,100,-8.322,-0.6928,-5.153559532,-0.007814304,-3.18E-07,6.48E-10,-0.614695321,-0.027428369,0.001386821,-3.01E-06,5,2011,2,27,1.1,1.3,2,614.987,423.048,20.002,23.7505,29.9996,23.9178,23.9529,21.5965,13.6317,32.8876,20,400,15.657,101.639,103.312
93,1683146274,10535,20230503 13:37:53,13:37:53,e7.brohor.2,61.79393033,1683146266,0.000775226,3.801916715,395.8842,289.0581338,29.16993339,39.95014979,0.061525731,2.941695186,0.060819689,0.038075065,321.447451,24.52325477,23.61807667,2.926948698,59.8338979,1.669968108,2.791006715,1.25698059,-34.1874882,-124.825648,-8.81619552,153.6181192,0,0,1,0,53997.07949,RECT-1505-20210918-17_20_47,10288.4,812.936,2752.91,1939.974,0.704699391,-1,MPF-1598-20230503-13_47_51,10267.9,2.276530769,1.8944,-0.201715989,0.5,1681.21315,3.801916715,-169.5637865,1,0.002856221,1452.183066,-,0,1.8944,-0.201715989,0.999311855,0.000471161,1.418068283,0,1,1598,300,300,300,10267.9,1.21,-0.00685131,-0.77,2000.016,1681.21315,0.84059985,0.191199701,6,0.5,0: Broadleaf,2,1683146266,395.8842,399.9919333,16.54847333,15.78627667,404.2054667,17.23926333,600.1582333,100.8131,0.100626267,22.83099333,23.61807667,999.9,0,0,9988.185333,0,150.9999,2000.016,0.9800051,0.0199945,0,2.28317,0,2532.493333,16306.22333,39.7458,40.937,40.3246,38.9601,38.937,1960.025333,39.99033333,0,41.5999999,0,2.276530769,-1.051535036,-48.73914525,2532.288462,15,1683146164,13:36:04,1683146164,1683146151,32,-0.115,0.002,-8.354,-0.71,400,15,0.42,0.08,-4.11024878,0.092050244,0.054273964,1,2.297822857,-0.346978474,0.19057592,1,0.761962878,0.025635324,0.009168724,1,3,3,3-Mar,100,100,-8.322,-0.6904,-5.153559532,-0.007814304,-3.18E-07,6.48E-10,-0.614695321,-0.027428369,0.001386821,-3.01E-06,5,2011,2,27,1.8,2,2,614.129,423.906,20.0009,23.7043,29.9997,23.8587,23.8944,21.6095,11.4576,32.8876,20,400,15.836,101.644,103.319
94,1683146587,10848.5,20230503 13:43:07,13:43:07,e8.brohor.2,63.9557062,1683146579,0.000933698,5.406396094,394.1994516,284.3955514,28.69929809,39.77997375,0.084533444,2.942956994,0.083207315,0.052121986,321.4451961,24.03296139,22.52105484,2.739010994,60.05769175,1.631147862,2.715968288,1.107863132,-41.17606356,-22.05434875,-1.544828904,256.6699549,0,0,1,0,54116.3644,RECT-1505-20210918-17_20_47,10288.4,812.936,2752.91,1939.974,0.704699391,-1,MPF-1599-20230503-13_53_04,10282.7,2.307326923,2.1796,-0.058601084,0.5,1681.195974,5.406396094,-49.2599534,1,0.003810618,1262.034502,-,0,2.1796,-0.058601084,0.999208256,0.00015754,1.417921271,0,1,1599,300,300,300,10282.7,1.77,-0.00686092,-0.63,1999.994839,1681.195974,0.840600156,0.191200313,6,0.5,0: Broadleaf,2,1683146579,394.1994516,399.9721935,16.16385161,15.24551935,402.3855161,16.86065484,600.1784839,100.8118387,0.101477097,22.38205161,22.52105484,999.9,0,0,9995.480968,0,111.6302903,1999.994839,0.979993387,0.0200067,0,2.317629032,0,6936.08,16305.96774,39.554,40.812,40.21341935,38.85874194,38.75,1959.984516,40.01032258,0,312.5999999,0,2.307326923,0.374717938,-684.1497437,6929.724615,15,1683146564,13:42:43,1683146564,1683146562,33,0.121,0,-8.231,-0.714,400,15,0.69,0.07,-5.490680244,-4.293193171,0.813839437,0,2.281672727,0.497179102,0.197652648,1,0.88691778,0.633904286,0.113255013,0,1,3,3-Jan,100,100,-8.187,-0.6964,-5.032475086,-0.007814304,-3.18E-07,6.48E-10,-0.614202291,-0.027428369,0.001386821,-3.01E-06,5,2011,2,27,0.4,0.4,2,613.281,423.034,20,23.6746,30.0005,23.7416,23.7632,21.6033,16.2507,38.6976,20,400,15.2312,101.634,103.306
95,1683146622,10883.5,20230503 13:43:42,13:43:42,e8.brohor.2,61.29101069,1683146614,0.000955999,5.27835306,394.3551,288.7756112,29.14102656,39.79530126,0.08611953,2.944449101,0.084744292,0.053086913,321.4448313,24.02514667,22.5503,2.743880717,60.0259265,1.630162041,2.715763231,1.113718676,-42.159548,-26.90503581,-1.883915167,250.4963324,0,0,1,0,54160.62297,RECT-1505-20210918-17_20_47,10288.4,812.936,2752.91,1939.974,0.704699391,-1,MPF-1600-20230503-13_53_39,10282.7,2.213707692,2.048,-0.080911959,0.5,1681.19414,5.27835306,-68.01435578,1,0.00373446,1343.194336,-,0,2.048,-0.080911959,0.99925606,0.000204353,1.417989107,0,1,1600,300,300,300,10282.7,1.02,-0.00686081,-0.41,1999.992667,1681.19414,0.840600152,0.191200304,6,0.5,0: Broadleaf,2,1683146614,394.3551,400.0087,16.15423667,15.21397333,402.5424667,16.85121333,600.1863667,100.8107333,0.101620167,22.38081,22.5503,999.9,0,0,10004.07467,0,110.3709,1999.992667,0.9799936,0.02000648,0,2.220426667,0,6624.137,16305.94,39.55993333,40.812,40.187,38.812,38.75,1959.982667,40.01,0,34.39999986,0,2.213707692,-0.405852994,-331.6198293,6621.382308,15,1683146564,13:42:43,1683146564,1683146562,33,0.121,0,-8.231,-0.714,400,15,0.69,0.07,-5.655498537,0.209139721,0.05622704,1,2.25425,-0.42412946,0.197800745,1,0.948516854,-0.16052053,0.016272653,0,2,3,3-Feb,100,100,-8.188,-0.6974,-5.032475086,-0.007814304,-3.18E-07,6.48E-10,-0.614202291,-0.027428369,0.001386821,-3.01E-06,5,2011,2,27,1,1,2,614.544,423.174,19.9996,23.7095,30.0006,23.7609,23.781,21.6039,16.2507,38.6976,20,400,15.2087,101.625,103.297
96,1683146658,10919.5,20230503 13:44:18,13:44:18,e8.brohor.2,63.32239823,1683146650,0.000921393,5.206889608,394.4406129,285.6030432,28.8198459,39.80250893,0.082228244,2.943947896,0.080973291,0.050719464,321.4447327,24.05302532,22.56670645,2.746615934,59.70331564,1.623240602,2.718844983,1.123375332,-40.63341358,-26.54416843,-1.859294209,252.4078565,0,0,1,0,54142.32719,RECT-1505-20210918-17_20_47,10288.4,812.936,2752.91,1939.974,0.704699391,-1,MPF-1601-20230503-13_54_15,10282.7,2.360572,1.9988,-0.180994597,0.5,1681.193535,5.206889608,-152.143473,1,0.003691954,1376.281369,-,0,1.9988,-0.180994597,0.999273932,0.000446116,1.418014468,0,1,1601,300,300,300,10282.7,1.9,-0.00686092,-0.77,1999.991935,1681.193535,0.840600157,0.191200315,6,0.5,0: Broadleaf,2,1683146650,394.4406129,400.0091935,16.08622258,15.17993548,402.6286129,16.78431935,600.187871,100.8072258,0.101523516,22.39946129,22.56670645,999.9,0,0,10001.57226,0,109.4989355,1999.991935,0.97999329,0.0200068,0,2.360622581,0,6441.714194,16305.96129,39.562,40.812,40.187,38.812,38.75,1959.981613,40.01032258,0,35.19999981,0,2.360572,-0.431038456,-200.8753849,6438.8508,15,1683146564,13:42:43,1683146564,1683146562,33,0.121,0,-8.231,-0.714,400,15,0.69,0.07,-5.574018537,0.116938746,0.03202904,1,2.351026471,-0.025427726,0.172571628,1,0.913682049,-0.164922774,0.016551337,0,2,3,3-Feb,100,100,-8.189,-0.6984,-5.032475086,-0.007814304,-3.18E-07,6.48E-10,-0.614202291,-0.027428369,0.001386821,-3.01E-06,5,2011,2,27,1.6,1.6,2,614.498,423.439,20.0002,23.7473,30.0006,23.7847,23.8038,21.6028,15.3547,38.6976,20,400,15.3383,101.62,103.29
97,1683147226,11487,20230503 13:53:45,13:53:45,a1.brohor.2,59.42336227,1683147218,0.001818055,9.881965725,389.3741333,285.6836999,28.82655368,39.28930618,0.166297654,2.94262561,0.161247482,0.101220639,321.4431885,23.88737974,22.64171667,2.759151743,60.3066661,1.646304046,2.729887345,1.112847698,-80.17623494,-27.85397961,-1.953321352,211.4596526,0,0,1,0,54090.99849,RECT-1505-20210918-17_20_47,10288.4,812.936,2752.91,1939.974,0.704699391,-1,MPF-1602-20230503-14_03_43,10289.5,2.27554,2.8584,0.203911279,0.5,1681.185967,9.881965725,171.4063904,1,0.006472791,962.0947383,-,0,2.8584,0.203911279,0.998961681,-0.000719511,1.41757137,0,1,1602,300,300,300,10289.5,1.83,-0.00686584,-0.58,1999.983,1681.185967,0.840600128,0.191200257,6,0.5,0: Broadleaf,2,1683147218,389.3741333,399.9605333,16.31559,14.52778333,397.5984333,17.01296,600.1966333,100.8033667,0.100372997,22.46614,22.64171667,999.9,0,0,9994.437333,0,84.14145,1999.983,0.9799973,0.02000299,0,2.264273333,0,12697.15333,16305.89667,39.1374,40.53926667,39.812,38.625,38.4308,1959.980333,40.00833333,0,566.5999999,0,2.27554,0.591669218,-2988.438457,12672.176,15,1683147204,13:53:23,1683147192,1683147204,34,-0.075,-0.003,-8.308,-0.73,400,14,0.47,0.05,-9.066734276,-22.47088524,3.108252124,0,2.270651429,-0.390475951,0.183991069,1,1.562943908,3.805773424,0.511611923,0,1,3,3-Jan,100,100,-8.224,-0.6963,-5.107744371,-0.007814304,-3.18E-07,6.48E-10,-0.617342354,-0.027428369,0.001386821,-3.01E-06,5,2011,2,27,0.6,0.4,2,612.793,426.953,19.9998,23.5842,30.0004,23.6546,23.6762,21.5715,23.8794,46.6886,20,400,14.3293,101.65,103.316
98,1683147258,11519.5,20230503 13:54:18,13:54:18,a1.brohor.2,55.68986529,1683147252,0.001982065,10.03000811,389.17772,291.3205736,29.39546668,39.26966282,0.180104729,2.942814749,0.17419755,0.109388065,321.4474829,23.7831561,22.615056,2.754690454,59.98974651,1.631530351,2.719682022,1.123160103,-87.40904891,-33.40153945,-2.34115648,198.295738,0,0,1,0,54107.8555,RECT-1505-20210918-17_20_47,10288.4,812.936,2752.91,1939.974,0.704699391,-1,MPF-1603-20230503-14_04_15,10288.6,2.27292,2.2736,0.000299085,0.5,1681.210752,10.03000811,0.251412586,1,0.006560753,1209.815447,-,0,2.2736,0.000299085,0.99917411,-8.39E-07,1.417872817,0,1,1603,300,300,300,10288.6,1.35,-0.00686522,-0.78,2000.0128,1681.210752,0.840599996,0.191199992,6,0.5,0: Broadleaf,2,1683147252,389.17772,399.9758,16.169104,14.219684,397.40056,16.868912,600.18356,100.803,0.10119056,22.404524,22.615056,999.9,0,0,9995.5488,0,82.862792,2000.0128,0.97999964,0.020000572,0,2.25748,0,11250.496,16306.156,39.25,40.50744,39.812,38.68204,38.45716,1960.0128,40,0,31.39999986,0,2.27292,0.183515389,-1831.930772,11280.36,15,1683147204,13:53:23,1683147192,1683147204,34,-0.075,-0.003,-8.308,-0.73,400,14,0.47,0.05,-10.81296829,0.28305784,0.037791627,1,2.305168571,-0.240528376,0.228250041,1,1.997804878,-0.753483763,0.075295309,0,2,3,3-Feb,100,100,-8.222,-0.7003,-5.107744371,-0.007814304,-3.18E-07,6.48E-10,-0.617342354,-0.027428369,0.001386821,-3.01E-06,5,2011,2,27,1.1,0.9,2,613.763,427.425,19.9986,23.6068,30.0003,23.6653,23.688,21.5733,23.2667,46.3106,20,400,14.3162,101.643,103.308
99,1683147294,11555.5,20230503 13:54:54,13:54:54,a1.brohor.2,62.04731037,1683147287,0.001819395,10.17813513,389.0862069,281.0785814,28.36167148,39.25996468,0.164038297,2.941489231,0.159120397,0.099879821,321.4447827,23.75655529,22.59096552,2.750664678,59.88939294,1.621930444,2.708209858,1.128734234,-80.23530555,-40.58867876,-2.844842402,197.775956,0,0,1,0,54081.45184,RECT-1505-20210918-17_20_47,10288.4,812.936,2752.91,1939.974,0.704699391,-1,MPF-1604-20230503-14_04_51,10289,2.332173077,2.9252,0.202730385,0.5,1681.196266,10.17813513,170.4147833,1,0.006648917,940.1014631,-,0,2.9252,0.202730385,0.998937415,-0.000732122,1.417536936,0,1,1604,300,300,300,10289,1.57,-0.00686542,-0.74,1999.995517,1681.196266,0.840600017,0.191200034,6,0.5,0: Broadleaf,2,1683147287,389.0862069,399.9684828,16.07415517,14.28462414,397.3081724,16.77553103,600.2073448,100.8025517,0.100446069,22.33501724,22.59096552,999.9,0,0,9988.060345,0,81.5534069,1999.995517,0.979998241,0.020002017,0,2.334282759,0,10329.57931,16306.01379,39.312,40.49131034,39.82503448,38.687,38.5,1959.994483,40.00103448,0,35.39999986,0,2.332173077,0.516099143,-1143.056411,10324.83846,15,1683147204,13:53:23,1683147192,1683147204,34,-0.075,-0.003,-8.308,-0.73,400,14,0.47,0.05,-10.88155366,0.289158188,0.053032324,1,2.336132353,0.339662351,0.182370608,1,1.818215366,-0.593159373,0.059252359,0,2,3,3-Feb,100,100,-8.223,-0.7014,-5.107744371,-0.007814304,-3.18E-07,6.48E-10,-0.617342354,-0.027428369,0.001386821,-3.01E-06,5,2011,2,27,1.7,1.5,2,613.962,427.664,19.999,23.6294,30.0004,23.6797,23.7015,21.5778,21.5527,45.9388,20,400,14.4493,101.639,103.303
100,1683147634,11895.5,20230503 14:00:34,14:00:34,a3.brohor.2,72.73645023,1683147626,0.000534037,3.274261373,396.5254333,272.9012796,27.5374934,40.01196521,0.045015413,2.943057562,0.044636373,0.027931522,321.4383377,23.8991296,22.80371667,2.786396343,59.9717921,1.605406475,2.67693597,1.180989868,-23.55104534,-104.6397768,-7.331071779,185.9164438,0,0,1,0,54162.78187,RECT-1505-20210918-17_20_47,10288.4,812.936,2752.91,1939.974,0.704699391,-1,MPF-1605-20230503-14_10_31,10282.8,2.334707692,2.4092,0.030919935,0.5,1681.16501,3.274261373,25.99075652,1,0.00254244,1141.665615,-,0,2.4092,0.030919935,0.999124853,-9.19E-05,1.417802919,0,1,1605,300,300,300,10282.8,1.75,-0.00686081,0.11,1999.958667,1681.16501,0.840599877,0.191199755,6,0.5,0: Broadleaf,2,1683147626,396.5254333,400.0100333,15.90985333,15.38452667,404.6661333,16.61093,600.2446333,100.8044667,0.101961633,22.14422,22.80371667,999.9,0,0,9996.783667,0,71.97692333,1999.958667,0.9800035,0.019996553,0,2.31271,0,12518.09333,16305.73,38.937,40.1912,39.625,38.312,38.25,1959.967667,39.991,0,339,0,2.334707692,0.350632482,-3163.517948,12513.82692,15,1683147614,14:00:14,1683147614,1683147607,35,0.138,0.003,-8.168,-0.71,400,15,0.89,0.2,-2.78693009,-9.970671493,1.245297267,0,2.335314286,-0.28558591,0.217140283,1,0.423298421,1.442334638,0.188298968,0,1,3,3-Jan,100,100,-8.14,-0.7008,-4.96934528,-0.007814304,-3.18E-07,6.48E-10,-0.614346677,-0.027428369,0.001386821,-3.01E-06,5,2011,2,27,0.3,0.5,2,611.985,431.572,19.9985,23.6082,29.9998,23.6987,23.7169,21.607,15.9992,51.1033,20,400,15.4099,101.643,103.304
101,1683147671,11932,20230503 14:01:10,14:01:10,a3.brohor.2,72.08172516,1683147665,0.000512093,3.089972321,396.7103333,274.1257946,27.66082614,40.03029183,0.042867624,2.944032291,0.042523855,0.026608066,321.4444817,23.90623326,22.84558571,2.793475895,59.94235285,1.60480545,2.677248012,1.188670445,-22.58328587,-111.0161509,-7.776955469,180.0680895,0,0,1,0,54191.22439,RECT-1505-20210918-17_20_47,10288.4,812.936,2752.91,1939.974,0.704699391,-1,MPF-1606-20230503-14_11_08,10282.1,2.301738462,2.2652,-0.016130347,0.5,1681.1923,3.089972321,-13.55910741,1,0.002432781,1214.305492,-,0,2.2652,-0.016130347,0.999177162,4.51E-05,1.417877147,0,1,1606,300,300,300,10282.1,1.22,-0.00686029,-1.03,1999.990476,1681.1923,0.840600153,0.191200306,6,0.5,0: Broadleaf,2,1683147665,396.7103333,400.0023333,15.90402857,15.40025238,404.8525714,16.60520476,600.205,100.8041429,0.101451143,22.14613333,22.84558571,999.9,0,0,10002.3581,0,73.11274762,1999.990476,0.979993429,0.020006657,0,2.299404762,0,11148.95714,16305.94286,39,40.187,39.625,38.28247619,38.25,1959.980476,40.01,0,35.39999986,0,2.301738462,0.488758978,-1210.232479,11195.75769,15,1683147614,14:00:14,1683147614,1683147607,35,0.138,0.003,-8.168,-0.71,400,15,0.89,0.2,-3.369588537,0.842055889,0.086399449,0,2.316152941,-0.077340729,0.182272119,1,0.518866927,-0.167616,0.016598987,0,1,3,3-Jan,100,100,-8.143,-0.7014,-4.96934528,-0.007814304,-3.18E-07,6.48E-10,-0.614346677,-0.027428369,0.001386821,-3.01E-06,5,2011,2,27,0.9,1.1,2,613.196,432.824,19.9989,23.5748,29.9999,23.6734,23.6956,21.6055,15.9992,51.1033,20,400,15.4426,101.654,103.311
102,1683147707,11968,20230503 14:01:46,14:01:46,a3.brohor.2,81.11712657,1683147699,0.000429371,2.906006437,396.9351613,260.0604994,26.24151187,40.05290604,0.03582482,2.942344676,0.035584249,0.022261635,321.4414893,23.8883117,22.83340323,2.791414362,59.92337238,1.600353977,2.670667411,1.191060384,-18.93525266,-115.4272268,-8.088441963,178.9905679,0,0,1,0,54148.76114,RECT-1505-20210918-17_20_47,10288.4,812.936,2752.91,1939.974,0.704699391,-1,MPF-1607-20230503-14_11_44,10281.8,2.281416,2.6464,0.13791717,0.5,1681.176465,2.906006437,115.9315505,1,0.002323377,1039.247128,-,0,2.6464,0.13791717,0.99903869,-0.000450436,1.417680649,0,1,1607,300,300,300,10281.8,2.11,-0.00686007,-0.5,1999.971613,1681.176465,0.840600163,0.191200327,6,0.5,0: Broadleaf,2,1683147699,396.9351613,400.0107097,15.85994194,15.43750323,405.079,16.56180323,600.1737097,100.8035484,0.101863742,22.10574194,22.83340323,999.9,0,0,9992.822581,0,74.13562581,1999.971613,0.979993677,0.0200064,0,2.261316129,0,10575.45484,16305.79677,39,40.183,39.625,38.24593548,38.25,1959.96129,40.01032258,0,34.79999995,0,2.281416,0.329476941,-817.4461551,10568.2,15,1683147614,14:00:14,1683147614,1683147607,35,0.138,0.003,-8.168,-0.71,400,15,0.89,0.2,-3.087017561,0.252871777,0.044630538,1,2.278079412,0.194403756,0.184361996,1,0.436758049,-0.301116418,0.030208046,0,2,3,3-Feb,100,100,-8.143,-0.7017,-4.96934528,-0.007814304,-3.18E-07,6.48E-10,-0.614346677,-0.027428369,0.001386821,-3.01E-06,5,2011,2,27,1.5,1.7,2,613.788,433.393,19.9997,23.5392,29.9998,23.6472,23.6714,21.6007,15.4133,51.1033,20,400,15.554,101.656,103.315
103,1683147944,12205.6,20230503 14:05:44,14:05:44,f1.brohor.2,66.29367877,1683147937,0.000981883,5.419675429,394.1508966,280.116568,28.26149009,39.76662909,0.081752522,2.942654604,0.080511394,0.050429562,321.4417621,23.59946767,22.55722069,2.745034216,58.20417915,1.54073328,2.64711796,1.204300936,-43.30102947,-94.6696751,-6.618994499,176.8520631,0,0,1,0,54184.28288,RECT-1505-20210918-17_20_47,10288.4,812.936,2752.91,1939.974,0.704699391,-1,MPF-1608-20230503-14_15_42,10302.8,2.282668,2.40823,0.052138708,0.5,1681.181899,5.419675429,43.82732581,1,0.003818549,1142.125864,-,0,2.40823,0.052138708,0.999125206,-0.000154914,1.417803419,0,1,1608,300,300,300,10302.8,1.28,-0.00687502,-0.57,1999.978621,1681.181899,0.840599935,0.191199871,6,0.5,0: Broadleaf,2,1683147937,394.1508966,399.9533448,15.27113103,14.30494828,402.2912069,15.98264138,600.4381379,100.7895517,0.102338752,21.96047931,22.55722069,999.9,0,0,9995.972069,0,130.381069,1999.978621,0.980001828,0.019997845,0,2.257765517,0,6479.397931,16305.9,38.46306897,39.46306897,39.04275862,37.75,37.75,1959.978621,39.99517241,0,236.3,0,2.282668,-0.174292307,-950.5923091,6479.6476,15,1683147930,14:05:29,1683147927,1683147930,36,-0.018,-0.001,-8.186,-0.727,400,14,0.4,0.08,-4.101224275,-34.19647963,3.666213608,0,2.275754286,0.003959727,0.206271674,1,0.68364692,5.526676206,0.600033545,0,1,3,3-Jan,100,100,-8.125,-0.705,-4.987340993,-0.007814304,-3.18E-07,6.48E-10,-0.615661258,-0.027428369,0.001386821,-3.01E-06,5,2011,2,27,0.3,0.2,2,611.096,434.307,20.0014,23.1296,29.9994,23.3055,23.3303,21.5659,21.7767,51.5458,20,400,14.3892,101.732,103.395
104,1683147983,12244.1,20230503 14:06:22,14:06:22,f1.brohor.2,63.67999595,1683147975,0.001356571,7.398588042,392.0745667,281.8613595,28.43661128,39.55587265,0.116183865,2.940885603,0.113692839,0.071277385,321.4446035,23.55337142,22.67593,2.764886127,59.76995669,1.587056442,2.655274539,1.177829685,-59.82480214,-105.4366869,-7.382565324,148.8005491,0,0,1,0,54122.73488,RECT-1505-20210918-17_20_47,10288.4,812.936,2752.91,1939.974,0.704699391,-1,MPF-1609-20230503-14_16_20,10302.9,2.2563,2.2912,0.015232193,0.5,1681.196031,7.398588042,12.80415099,1,0.004995603,1200.51449,-,0,2.2912,0.015232193,0.999167717,-4.31E-05,1.417863745,0,1,1609,300,300,300,10302.9,1.51,-0.0068751,-0.58,1999.995333,1681.196031,0.840599977,0.191199954,6,0.5,0: Broadleaf,2,1683147975,392.0745667,400.0026667,15.73077333,14.39594,400.1986667,16.43596,600.179,100.7889333,0.099713923,22.01092,22.67593,999.9,0,0,9985.980333,0,128.6653,1999.995333,0.9800017,0.019997977,0,2.23504,0,6009.542,16306.02333,38.41426667,39.3645,38.937,37.687,37.7017,1959.995333,39.99833333,0,37.79999995,0,2.2563,-0.812403427,-496.6157269,6006.374231,15,1683147930,14:05:29,1683147927,1683147930,36,-0.018,-0.001,-8.186,-0.727,400,14,0.4,0.08,-7.91972561,-0.140659861,0.044246214,1,2.280508824,-0.663129332,0.179647988,1,1.35956,-0.533763345,0.054867446,0,2,3,3-Feb,100,100,-8.124,-0.7052,-4.987340993,-0.007814304,-3.18E-07,6.48E-10,-0.615661258,-0.027428369,0.001386821,-3.01E-06,5,2011,2,27,0.9,0.9,2,613.209,435.418,20.0005,23.0706,29.9994,23.2365,23.2662,21.5644,21.1703,51.1755,20,400,14.5864,101.748,103.405
105,1683148020,12281.6,20230503 14:07:00,14:07:00,f1.brohor.2,68.22577266,1683148012,0.001269915,7.387665917,392.1257667,274.6920197,27.71293488,39.56050799,0.108282627,2.944479586,0.106118075,0.066514669,321.4467168,23.56892121,22.72057,2.772383768,59.94411684,1.591174915,2.654430492,1.181208852,-56.00324891,-113.4793953,-7.937599653,144.0264729,0,0,1,0,54229.87111,RECT-1505-20210918-17_20_47,10288.4,812.936,2752.91,1939.974,0.704699391,-1,MPF-1610-20230503-14_16_58,10303.2,2.293036,2.0616,-0.11226038,0.5,1681.20672,7.387665917,-94.36645286,1,0.004989075,1334.326931,-,0,2.0616,-0.11226038,0.99925112,0.000285415,1.417982097,0,1,1610,300,300,300,10303.2,1.64,-0.00687528,-0.46,2000.008,1681.20672,0.840599998,0.191199995,6,0.5,0: Broadleaf,2,1683148012,392.1257667,400.0089,15.77180667,14.52231667,400.2502,16.47635333,600.1902,100.7872,0.10009522,22.00570667,22.72057,999.9,0,0,10006.584,0,128.7925,2000.008,0.9800014,0.019998287,0,2.313496667,0,5742.466333,16306.14,38.333,39.25,38.8204,37.5704,37.625,1960.008,40,0,36.4000001,0,2.293036,0.218876931,-316.2499995,5740.8888,15,1683147930,14:05:29,1683147927,1683147930,36,-0.018,-0.001,-8.186,-0.727,400,14,0.4,0.08,-7.89821122,0.263644808,0.045454688,1,2.300205714,0.021454403,0.133570687,1,1.256597805,-0.138765575,0.014160307,0,2,3,3-Feb,100,100,-8.124,-0.7048,-4.987340993,-0.007814304,-3.18E-07,6.48E-10,-0.615661258,-0.027428369,0.001386821,-3.01E-06,5,2011,2,27,1.6,1.5,2,613.32,435.543,20.0005,23.0118,29.9994,23.1713,23.2005,21.5627,21.1703,51.1755,20,400,14.5607,101.757,103.42
106,1683148195,12456.1,20230503 14:09:54,14:09:54,f3.brohor.2,78.00377002,1683148187,0.000555402,3.846770917,395.9526452,264.1578604,26.64749958,39.94258558,0.049315192,2.943897734,0.048860806,0.03057848,321.4440393,23.61752651,22.32272581,2.706185557,60.17233705,1.583895681,2.63226552,1.122289876,-24.49321094,-72.12563442,-5.032295869,219.7928981,0,0,1,0,54237.70409,RECT-1505-20210918-17_20_47,10288.4,812.936,2752.91,1939.974,0.704699391,-1,MPF-1611-20230503-14_19_52,10300.9,2.381830769,2.73989,0.130683798,0.5,1681.195113,3.846770917,109.8524811,1,0.002882932,1003.752016,-,0,2.73989,0.130683798,0.99900473,-0.000441941,1.417632458,0,1,1611,300,300,300,10300.9,1.48,-0.00687371,-0.39,1999.994516,1681.195113,0.840599861,0.191199723,6,0.5,0: Broadleaf,2,1683148187,395.9526452,400.0167097,15.70122903,15.1549,404.1232581,16.40440968,600.3866774,100.7767097,0.100468623,21.86828065,22.32272581,999.9,0,0,10004.31548,0,121.7418387,1999.994516,0.980004387,0.019995213,0,2.384506452,0,5604.003226,16306.03871,37.94919355,38.96341935,38.59858065,37.036,37.286,1960.003871,39.99064516,0,173.4000001,0,2.381830769,0.222523083,-1072.126496,5599.742308,15,1683148177,14:09:37,1683148177,1683148170,37,-0.016,0.002,-8.202,-0.712,400,15,1.12,0.14,-2.964184063,-18.13148675,2.033216828,0,2.344941176,0.241982348,0.243622523,1,0.397950694,2.404820412,0.270728064,0,1,3,3-Jan,100,100,-8.167,-0.7017,-5.003446743,-0.007814304,-3.18E-07,6.48E-10,-0.613203925,-0.027428369,0.001386821,-3.01E-06,5,2011,2,27,0.3,0.4,2,609.881,436.898,19.9982,22.8504,30.0001,22.9829,23.0121,21.5698,18.8485,52.3248,20,400,15.068,101.792,103.437
107,1683148233,12494.1,20230503 14:10:32,14:10:32,f3.brohor.2,64.54051835,1683148225,0.000667902,3.830401804,395.8980333,285.4499766,28.79490663,39.93640861,0.059348792,2.942019889,0.058691613,0.036740697,321.4448251,23.56483962,22.30635333,2.703491198,60.11105898,1.579915643,2.628327749,1.123575554,-29.45446356,-73.37201013,-5.121460002,213.4968914,0,0,1,0,54186.67812,RECT-1505-20210918-17_20_47,10288.4,812.936,2752.91,1939.974,0.704699391,-1,MPF-1612-20230503-14_20_30,10300.7,2.241688,1.6948,-0.322685863,0.5,1681.19942,3.830401804,-271.2496426,1,0.002873188,1623.327354,-,0,1.6948,-0.322685863,0.999384361,0.000674137,1.418171171,0,1,1612,300,300,300,10300.7,1.42,-0.00687355,-0.62,1999.999667,1681.19942,0.84059985,0.1911997,6,0.5,0: Broadleaf,2,1683148225,395.8980333,399.9916667,15.66203667,15.00478667,404.0681333,16.36584333,600.1743333,100.7764333,0.099057953,21.84376,22.30635333,999.9,0,0,9993.665,0,121.6560333,1999.999667,0.9800053,0.0199943,0,2.240166667,0,5204.358333,16306.08667,37.9685,38.87913333,38.53513333,36.9979,37.25,1960.009667,39.99,0,37.20000005,0,2.241688,-0.06171538,-372.2438462,5200.672,15,1683148177,14:09:37,1683148177,1683148170,37,-0.016,0.002,-8.202,-0.712,400,15,1.12,0.14,-4.141948293,0.919816934,0.095049413,0,2.27500303,-0.328921434,0.167118995,1,0.669212829,-0.201204648,0.020512553,0,1,3,3-Jan,100,100,-8.171,-0.7041,-5.003446743,-0.007814304,-3.18E-07,6.48E-10,-0.613203925,-0.027428369,0.001386821,-3.01E-06,5,2011,2,27,0.9,1,2,611.473,437.401,19.9994,22.8442,30.0002,22.9652,22.9943,21.5614,19.4527,52.3248,20,400,15.046,101.791,103.437
108,1683148268,12529.6,20230503 14:11:08,14:11:08,f3.brohor.2,71.16217734,1683148260,0.000605334,3.773753682,395.9837419,274.9698325,27.73821056,39.94576537,0.053030329,2.944218287,0.052505352,0.032862579,321.4470006,23.60871668,22.36450968,2.713072433,59.81008747,1.57477612,2.632960737,1.138296313,-26.69522383,-78.07915773,-5.448364873,211.2242542,0,0,1,0,54246.40971,RECT-1505-20210918-17_20_47,10288.4,812.936,2752.91,1939.974,0.704699391,-1,MPF-1613-20230503-14_21_05,10300.4,2.308788462,2.97435,0.223767054,0.5,1681.209842,3.773753682,188.0996871,1,0.002839475,924.5501202,-,0,2.97435,0.223767054,0.998919561,-0.00082172,1.417511601,0,1,1613,300,300,300,10300.4,1.86,-0.00687339,-0.28,2000.011935,1681.209842,0.840599904,0.191199809,6,0.5,0: Broadleaf,2,1683148260,395.9837419,399.995871,15.61080968,15.01512258,404.1545484,16.31540968,600.1984516,100.7776452,0.09964131,21.87260645,22.36450968,999.9,0,0,10006.04613,0,123.3542903,2000.011935,0.980004742,0.019994858,0,2.327609677,0,4963.627419,16306.18065,38,38.875,38.504,37,37.23577419,1960.018065,39.99387097,0,34.4000001,0,2.308788462,0.098341897,-382.2037607,4962.122308,15,1683148177,14:09:37,1683148177,1683148170,37,-0.016,0.002,-8.202,-0.712,400,15,1.12,0.14,-4.022500976,0.352977073,0.062342827,1,2.311308571,-0.031279843,0.206324092,1,0.604969073,-0.241830063,0.024144216,0,2,3,3-Feb,100,100,-8.171,-0.7045,-5.003446743,-0.007814304,-3.18E-07,6.48E-10,-0.613203925,-0.027428369,0.001386821,-3.01E-06,5,2011,2,27,1.5,1.6,2,612.028,437.749,19.9996,22.8442,30.0001,22.9543,22.9828,21.5652,18.8871,52.3248,20,400,15.1287,101.79,103.434
109,1683148567,12828.6,20230503 14:16:07,14:16:07,a5.brohor.2,47.33078996,1683148559,0.000535389,2.214193261,397.5292258,314.6578118,31.73935928,40.09855294,0.046781245,2.942603445,0.046371967,0.029018953,321.4436551,23.84271189,22.43732258,2.725110215,59.42850203,1.585403485,2.667749363,1.139706731,-23.61063317,-55.44832258,-3.876976681,238.5077226,0,0,1,0,54158.94571,RECT-1505-20210918-17_20_47,10288.4,812.936,2752.91,1939.974,0.704699391,-1,MPF-1614-20230503-14_26_04,10308.4,2.248984615,1.8528,-0.213830211,0.5,1681.193934,2.214193261,-179.745027,1,0.001911852,1484.810665,-,0,1.8528,-0.213830211,0.999326967,0.000488464,1.418089727,0,1,1614,300,300,300,10308.4,1.22,-0.00687866,-0.72,1999.993226,1681.193934,0.840599814,0.191199628,6,0.5,0: Broadleaf,2,1683148559,397.5292258,399.9545161,15.71738065,15.19078387,405.6710323,16.41555161,600.4293548,100.7691935,0.100252861,22.08780323,22.43732258,999.9,0,0,9997.700645,0,77.73234194,1999.993226,0.980006839,0.019992961,0,2.255274194,0,4698.696129,16306.04839,37.8,38.96341935,38.399,37.10467742,37.12093548,1960.003226,39.98741935,0,298.1999998,0,2.248984615,0.427781188,-379.4953847,4695.231538,15,1683148550,14:15:49,1683148540,1683148550,38,0.041,0.005,-8.161,-0.708,400,15,0.58,0.16,-1.835816231,-10.69199834,1.209193851,0,2.2523,-0.034627555,0.172462794,1,0.397154805,2.205943369,0.257355114,0,1,3,3-Jan,100,100,-8.14,-0.6956,-4.96263507,-0.007814304,-3.18E-07,6.48E-10,-0.608389025,-0.027428369,0.001386821,-3.01E-06,5,2011,2,27,0.5,0.3,2,609.527,438.406,20.0009,22.756,30.0001,22.8439,22.8676,21.5522,19.3524,53.8454,20,400,15.1952,101.796,103.451
110,1683148608,12869.1,20230503 14:16:47,14:16:47,a5.brohor.2,42.86597525,1683148600,0.000676838,2.528899088,397.2256,321.3287174,32.41242081,40.06813773,0.058995487,2.94321842,0.058346324,0.036524182,321.4446225,23.90693774,22.58397667,2.749497731,59.77848186,1.604624823,2.684285003,1.144872907,-29.8485599,-62.636345,-4.384173181,224.5755444,0,0,1,0,54158.52707,RECT-1505-20210918-17_20_47,10288.4,812.936,2752.91,1939.974,0.704699391,-1,MPF-1615-20230503-14_26_45,10307.8,2.324944,2.0168,-0.152788576,0.5,1681.191513,2.528899088,-128.4334286,1,0.002099046,1363.989092,-,0,2.0168,-0.152788576,0.999267393,0.000379993,1.41800519,0,1,1615,300,300,300,10307.8,1.6,-0.00687831,-0.56,1999.989333,1681.191513,0.84060024,0.191200479,6,0.5,0: Broadleaf,2,1683148600,397.2256,400.0224,15.90785333,15.24201,405.3648333,16.60310667,600.2052,100.7704,0.099578483,22.18923,22.58397667,999.9,0,0,10001.078,0,76.11095667,1999.989333,0.9799922,0.020007693,0,2.320486667,0,4512.093,16305.91667,37.875,39.062,38.4538,37.18286667,37.187,1959.969333,40.01566667,0,39.79999995,0,2.324944,-0.585069232,-157.5361538,4510.3808,15,1683148550,14:15:49,1683148540,1683148550,38,0.041,0.005,-8.161,-0.708,400,15,0.58,0.16,-2.790238049,0.006127108,0.04982527,1,2.331932353,0.026334152,0.147952082,1,0.667550073,0.007091645,0.009843171,1,3,3,3-Mar,100,100,-8.139,-0.6955,-4.96263507,-0.007814304,-3.18E-07,6.48E-10,-0.608389025,-0.027428369,0.001386821,-3.01E-06,5,2011,2,27,1.1,1,2,611.494,439.268,20.0013,22.7684,30.0002,22.8407,22.8663,21.5507,19.9123,53.8454,20,400,15.2148,101.796,103.453
111,1683148646,12907.6,20230503 14:17:26,14:17:26,a5.brohor.2,52.21517533,1683148638,0.00057066,2.556994653,397.1858065,306.3704855,30.90413124,40.06483284,0.048970335,2.94564284,0.048522514,0.030366465,321.4486484,23.9912626,22.68945484,2.767155855,59.63877095,1.606550415,2.693802018,1.16060544,-25.16608917,-70.20739786,-4.914138472,221.1610229,0,0,1,0,54219.51374,RECT-1505-20210918-17_20_47,10288.4,812.936,2752.91,1939.974,0.704699391,-1,MPF-1616-20230503-14_27_24,10307.3,2.255376,2.58747,0.128346995,0.5,1681.213887,2.556994653,107.8893755,1,0.00211573,1062.938906,-,0,2.58747,0.128346995,0.999060096,-0.000409816,1.417711026,0,1,1616,300,300,300,10307.3,1.38,-0.00687787,0.13,2000.016129,1681.213887,0.840600165,0.191200329,6,0.5,0: Broadleaf,2,1683148638,397.1858065,399.9684839,15.92666129,15.3652871,405.3249032,16.62160645,600.2102581,100.7718065,0.099957313,22.24735806,22.68945484,999.9,0,0,10014.7329,0,77.54032903,2000.016129,0.979992968,0.0200069,0,2.245625806,0,4430.765484,16306.14516,37.95325806,39.129,38.534,37.24187097,37.25,1960.004839,40.01129032,0,37.4000001,0,2.255376,-0.542246156,-71.55538453,4430.0704,15,1683148550,14:15:49,1683148540,1683148550,38,0.041,0.005,-8.161,-0.708,400,15,0.58,0.16,-2.773579268,-0.055018328,0.039500733,1,2.223585714,0.136727202,0.186120715,1,0.575958659,-0.264140362,0.028784372,0,2,3,3-Feb,100,100,-8.139,-0.6943,-4.96263507,-0.007814304,-3.18E-07,6.48E-10,-0.608389025,-0.027428369,0.001386821,-3.01E-06,5,2011,2,27,1.8,1.6,2,610.943,439.817,20.0011,22.7835,30.0003,22.8442,22.8682,21.5525,18.7262,53.8454,20,400,15.428,101.794,103.453
112,1683148835,13096.6,20230503 14:20:35,14:20:35,a6.brohor.2,47.14324511,1683148827,0.000612853,2.499802216,397.2752903,314.5611333,31.73237478,40.07643371,0.053025671,2.939620628,0.052499974,0.032859281,321.4444086,23.73584109,22.44465806,2.726325541,59.31392231,1.573832726,2.65339513,1.152492815,-27.02681302,-70.57918082,-4.937906532,218.9005082,0,0,1,0,54087.24613,RECT-1505-20210918-17_20_47,10288.4,812.936,2752.91,1939.974,0.704699391,-1,MPF-1617-20230503-14_30_33,10281.8,2.324952,2.29891,-0.011327977,0.5,1681.191658,2.499802216,-9.522250362,1,0.002081739,1196.484895,-,0,2.29891,-0.011327977,0.999164916,3.21E-05,1.41785977,0,1,1617,300,300,300,10281.8,1.19,-0.00686083,-0.04,1999.989677,1681.191658,0.840600168,0.191200335,6,0.5,0: Broadleaf,2,1683148827,397.2752903,400.0162258,15.60130968,14.99853226,405.4428065,16.30613226,600.5118065,100.7772581,0.100986023,21.99930968,22.44465806,999.9,0,0,9979.951935,0,82.16257419,1999.989677,0.979993677,0.0200064,0,2.304190323,0,7149.049032,16305.93871,37.99187097,39.151,38.562,37.375,37.312,1959.97871,40.01096774,0,188.4000001,0,2.324952,0.386907685,-891.0615371,7133.3412,15,1683148820,14:20:19,1683148820,1683148819,39,-0.032,-0.005,-8.194,-0.715,400,15,0.6,0.14,-2.06725994,-15.39190832,1.679153353,0,2.292714706,0.423826176,0.168636225,1,0.457069647,3.317907898,0.362807266,0,1,3,3-Jan,100,100,-8.164,-0.7012,-4.994155949,-0.007814304,-3.18E-07,6.48E-10,-0.613763713,-0.027428369,0.001386821,-3.01E-06,5,2011,2,27,0.3,0.3,2,608.206,438.591,20,22.8204,30.0004,22.8598,22.8739,21.5354,21.6277,54.6387,20,400,15.0214,101.795,103.445
113,1683148872,13133.1,20230503 14:21:11,14:21:11,a6.brohor.2,44.89803877,1683148864,0.000868038,3.40818751,396.2475,316.9263111,31.97039869,39.97203802,0.075909496,2.944271674,0.074838766,0.046869171,321.4421369,23.71863493,22.54829333,2.743546338,60.06091257,1.59868582,2.661774109,1.144860517,-38.28046447,-78.93350824,-5.518027486,198.7101367,0,0,1,0,54215.1853,RECT-1505-20210918-17_20_47,10288.4,812.936,2752.91,1939.974,0.704699391,-1,MPF-1618-20230503-14_31_09,10281.2,2.210653846,3.35177,0.340451807,0.5,1681.17987,3.40818751,286.1803625,1,0.00262208,820.3302225,-,0,3.35177,0.340451807,0.998782463,-0.001409509,1.417317052,0,1,1618,300,300,300,10281.2,1.36,-0.00686049,0.08,1999.975667,1681.17987,0.840600162,0.191200325,6,0.5,0: Broadleaf,2,1683148864,396.2475,399.9983667,15.84796,14.99397,404.4109667,16.54944667,600.2045333,100.7776,0.09884217,22.05101667,22.54829333,999.9,0,0,10006.35433,0,83.10702,1999.975667,0.9799949,0.020005137,0,2.212053333,0,6609.149667,16305.83,38.0186,39.1061,38.52066667,37.3708,37.312,1959.965333,40.01033333,0,35.79999995,0,2.210653846,0.558755554,-869.5764109,6603.403462,15,1683148820,14:20:19,1683148820,1683148819,39,-0.032,-0.005,-8.194,-0.715,400,15,0.6,0.14,-3.745321463,0.025735819,0.044454148,1,2.233144118,0.247988166,0.185810452,1,0.861724415,-0.158709303,0.018292816,0,2,3,3-Feb,100,100,-8.164,-0.7019,-4.994155949,-0.007814304,-3.18E-07,6.48E-10,-0.613763713,-0.027428369,0.001386821,-3.01E-06,5,2011,2,27,0.9,0.9,2,610.897,439.068,20.0007,22.8494,30.0005,22.875,22.8904,21.5324,22.1751,54.6387,20,400,15.0496,101.787,103.437
114,1683148907,13168.1,20230503 14:21:46,14:21:46,a6.brohor.2,51.85646057,1683148899,0.000779828,3.479425497,396.221,305.754826,30.84377183,39.96977015,0.067097242,2.945572093,0.066259567,0.04148662,321.4481297,23.79399583,22.62385667,2.756162424,59.7101316,1.594508221,2.670414851,1.161654202,-34.39042376,-82.52394109,-5.770250048,198.7635148,0,0,1,0,54243.87354,RECT-1505-20210918-17_20_47,10288.4,812.936,2752.91,1939.974,0.704699391,-1,MPF-1619-20230503-14_31_44,10280.8,2.33926,2.1284,-0.099069724,0.5,1681.2115,3.479425497,-83.27857942,1,0.002664403,1292.417591,-,0,2.1284,-0.099069724,0.999226854,0.000260062,1.417947663,0,1,1619,300,300,300,10280.8,1.3,-0.00686018,-0.71,2000.013333,1681.2115,0.840600146,0.191200292,6,0.5,0: Broadleaf,2,1683148899,396.221,400.0081333,15.80638667,15.03914333,404.3843333,16.50851333,600.2022333,100.7784333,0.099031903,22.10419,22.62385667,999.9,0,0,10013.67167,0,83.63623,2000.013333,0.9799963,0.0200037,0,2.309,0,6075.595333,16306.14,38.062,39.062,38.54546667,37.375,37.3708,1960.003333,40.01,0,34.4000001,0,2.33926,0.633492314,-687.4315374,6066.2604,15,1683148820,14:20:19,1683148820,1683148819,39,-0.032,-0.005,-8.194,-0.715,400,15,0.6,0.14,-3.772909756,-0.057270941,0.053189673,1,2.305030303,0.569140032,0.206945889,1,0.786524878,-0.396409359,0.039961123,0,2,3,3-Feb,100,100,-8.164,-0.7019,-4.994155949,-0.007814304,-3.18E-07,6.48E-10,-0.613763713,-0.027428369,0.001386821,-3.01E-06,5,2011,2,27,1.4,1.5,2,611.584,438.95,20.0012,22.8859,30.0006,22.8988,22.9136,21.5347,21.6105,54.6387,20,400,15.1326,101.781,103.429
115,1683149135,13396.6,20230503 14:25:35,14:25:35,f4.brohor.2,49.20271882,1683149127,0.001013776,4.380738457,395.2059667,308.8443416,31.152086,39.86309154,0.089034479,2.942512301,0.087564475,0.054857849,321.4425907,23.74003469,22.29811333,2.702136059,58.36266601,1.559021771,2.671265515,1.143114288,-44.70750805,-29.93422088,-2.091831027,244.7090307,0,0,1,0,54152.20931,RECT-1505-20210918-17_20_47,10288.4,812.936,2752.91,1939.974,0.704699391,-1,MPF-1620-20230503-14_35_32,10300.3,2.241007692,2.482,0.097096014,0.5,1681.18766,4.380738457,81.61831061,1,0.003200558,1108.149879,-,0,2.482,0.097096014,0.999098409,-0.000297355,1.417765393,0,1,1620,300,300,300,10300.3,0.96,-0.00687348,-0.71,1999.985667,1681.18766,0.840599854,0.191199709,6,0.5,0: Broadleaf,2,1683149127,395.2059667,399.9840667,15.45627,14.45885,403.2531333,16.16792333,600.4129667,100.7656667,0.10095708,22.10941667,22.29811333,999.9,0,0,9997.532333,0,127.3547667,1999.985667,0.980006,0.0199936,0,2.219563333,0,5984.475,16305.98333,37.75,38.875,38.375,37.03306667,37.062,1959.995667,39.99,0,227.7,0,2.241007692,0.28586667,-790.7258125,5978.603462,15,1683149120,14:25:20,1683149120,1683149118,40,0.119,-0.005,-8.073,-0.727,400,14,0.52,0.07,-3.527376015,-27.01065358,2.918486952,0,2.251894118,0.105149156,0.204218193,1,0.730490804,5.606681996,0.609515417,0,1,3,3-Jan,100,100,-8.022,-0.7052,-4.874806388,-0.007814304,-3.18E-07,6.48E-10,-0.618406556,-0.027428369,0.001386821,-3.01E-06,5,2011,2,27,0.2,0.3,2,609.054,439.085,20.001,22.8007,29.9997,22.8524,22.8638,21.51,23.1096,54.6377,20,400,14.5212,101.799,103.455
116,1683149175,13436.1,20230503 14:26:14,14:26:14,f4.brohor.2,47.08997251,1683149167,0.00138174,5.868510484,393.5631935,310.3358311,31.300975,39.69542169,0.124623358,2.944693156,0.121765706,0.076354857,321.4489936,23.71381129,22.42022581,2.722279503,59.72523409,1.602285435,2.682761247,1.119994068,-60.9347536,-38.15173034,-2.666711938,219.6957977,0,0,1,0,54203.62071,RECT-1505-20210918-17_20_47,10288.4,812.936,2752.91,1939.974,0.704699391,-1,MPF-1621-20230503-14_36_12,10300.2,2.357561538,2.218,-0.062922245,0.5,1681.220158,5.868510484,-52.89307299,1,0.004085432,1240.167719,-,0,2.218,-0.062922245,0.999194307,0.000172146,1.417901477,0,1,1621,300,300,300,10300.2,1.85,-0.00687319,-0.2,2000.024194,1681.220158,0.840599911,0.191199821,6,0.5,0: Broadleaf,2,1683149167,393.5631935,399.9734839,15.88597742,14.52661613,401.5855161,16.59142258,600.1892903,100.7619677,0.099653323,22.17990645,22.42022581,999.9,0,0,10010.30516,0,120.4362581,2000.024194,0.980004419,0.019995181,0,2.372690323,0,5627.413871,16306.29355,37.812,38.883,38.401,37.008,37.125,1960.029355,39.99451613,0,39,0,2.357561538,0.399712841,-296.5090598,5623.865769,15,1683149120,14:25:20,1683149120,1683149118,40,0.119,-0.005,-8.073,-0.727,400,14,0.52,0.07,-6.419434878,0.018717491,0.040256283,1,2.3103,0.748427618,0.179651705,1,1.387674146,-0.548791777,0.055695747,0,2,3,3-Feb,100,100,-8.023,-0.7051,-4.874806388,-0.007814304,-3.18E-07,6.48E-10,-0.618406556,-0.027428369,0.001386821,-3.01E-06,5,2011,2,27,0.9,0.9,2,611.034,440.35,19.9991,22.7704,29.9998,22.8232,22.8395,21.5112,22.5658,54.2671,20,400,14.6687,101.806,103.459
117,1683149210,13471.6,20230503 14:26:50,14:26:50,f4.brohor.2,48.55266759,1683149202,0.001344108,5.881066753,393.5906667,308.0384543,31.06840881,39.69710783,0.121127572,2.9447776,0.118426194,0.074254062,321.4464119,23.71048673,22.46600667,2.729865225,60.05192066,1.609769342,2.680629236,1.120095883,-59.27514234,-47.49323917,-3.32011738,211.3579131,0,0,1,0,54208.46138,RECT-1505-20210918-17_20_47,10288.4,812.936,2752.91,1939.974,0.704699391,-1,MPF-1622-20230503-14_36_48,10299.8,2.185096154,1.9664,-0.111216514,0.5,1681.20228,5.881066753,-93.48872877,1,0.004092944,1398.974573,-,0,1.9664,-0.111216514,0.999285701,0.000269672,1.418031169,0,1,1622,300,300,300,10299.8,1.83,-0.006873,-0.13,2000.002333,1681.20228,0.840600159,0.191200319,6,0.5,0: Broadleaf,2,1683149202,393.5906667,399.9988,15.96061333,14.63836333,401.6131333,16.66488667,600.1836667,100.7596333,0.099231443,22.16685333,22.46600667,999.9,0,0,10011.01767,0,124.2397667,2000.002333,0.9799958,0.020003857,0,2.19574,0,5485.451333,16306.05333,37.812,38.87913333,38.39566667,36.9454,37.125,1959.991333,40.01066667,0,34.5,0,2.185096154,0.028905974,-132.6068376,5484.758077,15,1683149120,14:25:20,1683149120,1683149118,40,0.119,-0.005,-8.073,-0.727,400,14,0.52,0.07,-6.412803415,0.153362509,0.04140367,1,2.219594118,-0.479632291,0.160287022,1,1.330248049,-0.143583972,0.015063958,0,2,3,3-Feb,100,100,-8.022,-0.7044,-4.874806388,-0.007814304,-3.18E-07,6.48E-10,-0.618406556,-0.027428369,0.001386821,-3.01E-06,5,2011,2,27,1.5,1.5,2,611.538,440.679,20,22.7355,29.9996,22.7946,22.8115,21.5119,22.5658,54.2671,20,400,14.6686,101.814,103.465
118,1683149402,13663.1,20230503 14:30:01,14:30:01,f5.brohor.2,43.56212673,1683149394,0.001203728,4.553757677,394.9634839,317.4153109,32.0114782,39.83224664,0.104534788,2.944285838,0.102515844,0.064250549,321.4450603,23.69191279,22.66215161,2.762575524,60.04015891,1.604038832,2.671609905,1.158536692,-53.08438689,-87.4010976,-6.115358739,174.844217,0,0,1,0,54203.93111,RECT-1505-20210918-17_20_47,10288.4,812.936,2752.91,1939.974,0.704699391,-1,MPF-1623-20230503-14_39_59,10290.9,2.324565385,1.7076,-0.361305566,0.5,1681.196632,4.553757677,-303.7128504,1,0.003303455,1611.151558,-,0,1.7076,-0.361305566,0.999379711,0.000760532,1.418164573,0,1,1623,300,300,300,10290.9,1.06,-0.00686703,-0.86,1999.995806,1681.196632,0.840600079,0.191200157,6,0.5,0: Broadleaf,2,1683149394,394.9634839,399.9902258,15.90512258,14.72111613,403.0917742,16.60519677,600.2917419,100.7524516,0.098002326,22.11153226,22.66215161,999.9,0,0,10008.93258,0,97.99816452,1999.995806,0.979996258,0.020003997,0,2.342719355,0,5380.41,16305.99677,37.687,38.875,38.35467742,36.86890323,37,1959.990968,40.00516129,0,190.4000001,0,2.324565385,-0.529562391,-430.6499145,5378.710385,15,1683149381,14:29:41,1683149381,1683149377,41,-0.094,0.005,-8.168,-0.72,400,15,0.99,0.06,-3.990512878,-14.45894746,1.857916839,0,2.310494118,0.264474313,0.153612691,1,0.949606708,3.314659532,0.425304087,0,1,3,3-Jan,100,100,-8.128,-0.6991,-4.969002029,-0.007814304,-3.18E-07,6.48E-10,-0.613265344,-0.027428369,0.001386821,-3.01E-06,5,2011,2,27,0.3,0.4,2,609.331,439.902,19.9999,22.6328,30.0003,22.707,22.7257,21.5078,22.7529,55.0965,20,400,14.6404,101.83,103.479
119,1683149459,13720.5,20230503 14:30:59,14:30:59,f5.brohor.2,44.87749921,1683149451,0.001180427,4.548749479,394.978871,315.2742966,31.79547862,39.83370158,0.101359246,2.942609865,0.099458841,0.062329551,321.445054,23.61949554,22.6848871,2.766389118,60.00396678,1.595332535,2.658711784,1.171056583,-52.05681624,-103.5538103,-7.247589817,158.5868377,0,0,1,0,54168.95628,RECT-1505-20210918-17_20_47,10288.4,812.936,2752.91,1939.974,0.704699391,-1,MPF-1624-20230503-14_40_57,10290.5,2.293812,2.374,0.033777591,0.5,1681.195655,4.548749479,28.39336924,1,0.003300478,1158.608256,-,0,2.374,0.033777591,0.99913764,-9.89E-05,1.417821064,0,1,1624,300,300,300,10290.5,1.01,-0.00686689,-0.47,1999.994516,1681.195655,0.840600132,0.191200265,6,0.5,0: Broadleaf,2,1683149451,394.978871,399.9922258,15.81883226,14.65745806,403.1072581,16.52027097,600.1960645,100.7510645,0.099144223,22.03213548,22.6848871,999.9,0,0,9999.536129,0,85.57480323,1999.994516,0.979994161,0.020006148,0,2.268051613,0,5133.064194,16305.97097,37.673,38.82012903,38.312,36.808,36.98577419,1959.985806,40.00870968,0,56.4000001,0,2.293812,0.174338471,-176.387692,5131.17,15,1683149381,14:29:41,1683149381,1683149377,41,-0.094,0.005,-8.168,-0.72,400,15,0.99,0.06,-5.012714146,-0.097506489,0.064017064,1,2.279311765,0.049470212,0.157020892,1,1.172884146,-0.212706745,0.023369737,0,2,3,3-Feb,100,100,-8.128,-0.7011,-4.969002029,-0.007814304,-3.18E-07,6.48E-10,-0.613265344,-0.027428369,0.001386821,-3.01E-06,5,2011,2,27,1.3,1.4,2,611.26,440.129,19.9993,22.6548,30.0001,22.7131,22.7333,21.5036,22.2186,54.7265,20,400,14.7016,101.821,103.475
120,1683149503,13764.5,20230503 14:31:43,14:31:43,f5.brohor.2,46.66743348,1683149495,0.001179581,4.698412944,394.8452,312.2286591,31.48777505,39.81952481,0.100678623,2.943057831,0.09880368,0.061917848,321.4404309,23.56458448,22.70357333,2.769526949,60.06322537,1.591566979,2.649819368,1.17795997,-52.01952229,-115.2508485,-8.063539492,146.1065206,0,0,1,0,54192.24311,RECT-1505-20210918-17_20_47,10288.4,812.936,2752.91,1939.974,0.704699391,-1,MPF-1625-20230503-14_41_41,10290.6,2.294356,1.986,-0.155264854,0.5,1681.172669,4.698412944,-130.5135145,1,0.003389547,1385.158107,-,0,1.986,-0.155264854,0.999278582,0.00038024,1.418021066,0,1,1625,300,300,300,10290.6,1.24,-0.00686684,-0.76,1999.967333,1681.172669,0.840600064,0.191200129,6,0.5,0: Broadleaf,2,1683149495,394.8452,400.0078,15.78177,14.62115667,402.9724667,16.48380667,600.1818667,100.7492,0.099245953,21.9772,22.70357333,999.9,0,0,10002.269,0,83.9782,1999.967333,0.979996833,0.020003393,0,2.302223333,0,5030.837667,16305.75333,37.64773333,38.812,38.312,36.75,36.9601,1959.965,40.00366667,0,43.20000005,0,2.294356,-0.39165385,-93.37923074,5029.8432,15,1683149381,14:29:41,1683149381,1683149377,41,-0.094,0.005,-8.168,-0.72,400,15,0.99,0.06,-5.14722925,-0.342754334,0.051988387,1,2.302469697,-0.241100258,0.176576337,1,1.170164,-0.190954447,0.018435228,0,2,3,3-Feb,100,100,-8.127,-0.7024,-4.969002029,-0.007814304,-3.18E-07,6.48E-10,-0.613265344,-0.027428369,0.001386821,-3.01E-06,5,2011,2,27,2,2.1,2,612.072,439.805,19.9988,22.6692,30.0001,22.7189,22.739,21.5019,22.7878,54.3564,20,400,14.6528,101.819,103.473
121,1683149755,14016.5,20230503 14:35:55,14:35:55,a7.brohor.2,46.74939603,1683149748,0.000919436,3.876832746,395.7481724,313.5714944,31.62115491,39.90800978,0.082927975,2.941986854,0.081650915,0.051144923,321.4442957,23.5410543,21.98965172,2.651832646,58.43968921,1.539895228,2.635016114,1.111937418,-40.54713621,-16.53683945,-1.152691469,263.2076285,0,0,1,0,54177.28144,RECT-1505-20210918-17_20_47,10288.4,812.936,2752.91,1939.974,0.704699391,-1,MPF-1626-20230503-14_45_53,10306,2.299028,2.4444,0.059471445,0.5,1681.191321,3.876832746,49.99143853,1,0.00290082,1125.210931,-,0,2.4444,0.059471445,0.999112067,-0.000179363,1.417784774,0,1,1626,300,300,300,10306,1.66,-0.00687738,-1.31,1999.98931,1681.191321,0.840600153,0.191200306,6,0.5,0: Broadleaf,2,1683149748,395.7481724,399.9859655,15.27038621,14.36561034,403.8120345,15.98301724,600.4112759,100.7412759,0.100654841,21.88538966,21.98965172,999.9,0,0,9996.964828,0,101.161,1999.98931,0.979995414,0.020004372,0,2.283510345,0,7278.912414,16305.92759,37.55344828,38.687,38.125,36.86196552,36.875,1959.97931,40.01,0,251,0,2.299028,-0.069323087,-840.7861526,7277.1008,15,1683149741,14:35:40,1683149741,1683149737,42,0.078,-0.003,-8.089,-0.727,400,14,0.47,0.07,-2.958214115,-24.80272249,2.600791275,0,2.282608571,0.208384344,0.163216948,1,0.626157432,5.239009535,0.555767462,0,1,3,3-Jan,100,100,-8.045,-0.7062,-4.891082433,-0.007814304,-3.18E-07,6.48E-10,-0.616629746,-0.027428369,0.001386821,-3.01E-06,5,2011,2,27,0.2,0.3,2,608.511,440.608,20.0013,22.6338,30,22.6925,22.7072,21.4902,21.6131,55.1544,20,400,14.499,101.826,103.473
122,1683149797,14058.5,20230503 14:36:37,14:36:37,a7.brohor.2,39.63686113,1683149789,0.001339508,4.962784318,394.5235333,323.5520152,32.62762292,39.78453069,0.12520629,2.940633771,0.122318292,0.07670286,321.4450441,23.51144875,22.09979333,2.669699456,60.00173444,1.588695335,2.64774902,1.081004121,-59.07231542,-21.46675654,-1.498457703,239.4075145,0,0,1,0,54122.81903,RECT-1505-20210918-17_20_47,10288.4,812.936,2752.91,1939.974,0.704699391,-1,MPF-1627-20230503-14_46_35,10305.4,2.298884615,2.2092,-0.040595969,0.5,1681.19526,4.962784318,-34.12487558,1,0.003546753,1245.111715,-,0,2.2092,-0.040595969,0.999197504,0.000110622,1.417906013,0,1,1627,300,300,300,10305.4,1.39,-0.00687681,-0.59,1999.994,1681.19526,0.840600152,0.191200304,6,0.5,0: Broadleaf,2,1683149789,394.5235333,400.0131667,15.75430667,14.43629,402.5697,16.46007333,600.1769,100.7424,0.099570963,21.96438667,22.09979333,999.9,0,0,9989.161667,0,103.2776,1999.994,0.9799969,0.020002837,0,2.296543333,0,6773.277,16305.99667,37.5914,38.687,38.125,36.87913333,36.93286667,1959.984,40.01,0,41.4000001,0,2.298884615,-0.069121378,-697.4687179,6767.422308,15,1683149741,14:35:40,1683149741,1683149737,42,0.078,-0.003,-8.089,-0.727,400,14,0.47,0.07,-5.481394,-0.178415235,0.041533129,1,2.300460606,-0.48570033,0.16569338,1,1.3227865,-0.095073771,0.009340853,1,3,3,3-Mar,100,100,-8.046,-0.7061,-4.891082433,-0.007814304,-3.18E-07,6.48E-10,-0.616629746,-0.027428369,0.001386821,-3.01E-06,5,2011,2,27,0.9,1,2,610.707,441.629,20.0007,22.6439,30.0001,22.6903,22.7087,21.4855,21.9315,55.1544,20,400,14.4266,101.821,103.469
123,1683149836,14097.5,20230503 14:37:16,14:37:16,a7.brohor.2,48.19741916,1683149831,0.001208721,5.345522002,394.1403158,309.40014,31.20141568,39.74702736,0.110908885,2.942840401,0.108638011,0.068098913,321.4462256,23.63413886,22.22726316,2.690508646,59.80996694,1.592321328,2.662300966,1.098187318,-53.30457481,-27.44721322,-1.916595126,238.7778424,0,0,1,0,54171.57899,RECT-1505-20210918-17_20_47,10288.4,812.936,2752.91,1939.974,0.704699391,-1,MPF-1628-20230503-14_47_14,10304.8,2.304876923,2.87497,0.198295313,0.5,1681.203995,5.345522002,166.6874364,1,0.003774391,956.5439048,-,0,2.87497,0.198295313,0.998955661,-0.000703766,1.417562828,0,1,1628,300,300,300,10304.8,0.97,-0.00687638,-0.2,2000.004737,1681.203995,0.840600006,0.191200013,6,0.5,0: Broadleaf,2,1683149831,394.1403158,399.9605263,15.78981053,14.60052632,402.1835263,16.49502632,600.177,100.7453158,0.099550279,22.05426316,22.22726316,999.9,0,0,10001.41789,0,103.5642105,2000.004737,0.979998158,0.020001542,0,2.287652632,0,6275.507368,16306.08947,37.65436842,38.75,38.15110526,36.937,36.99336842,1960.004211,40.00052632,0,38.10000014,0,2.304876923,-0.727200002,-659.1367526,6301.331154,15,1683149741,14:35:40,1683149741,1683149737,42,0.078,-0.003,-8.089,-0.727,400,14,0.47,0.07,-5.75004575,-0.642700525,0.079817878,0,2.267770588,0.005540997,0.221368983,1,1.2212865,-0.361099812,0.038935971,0,1,3,3-Jan,100,100,-8.044,-0.7048,-4.891082433,-0.007814304,-3.18E-07,6.48E-10,-0.616629746,-0.027428369,0.001386821,-3.01E-06,5,2011,2,27,1.6,1.6,2,610.892,442.11,20.0006,22.6602,30.0002,22.6989,22.7182,21.4915,20.4829,55.1544,20,400,14.6376,101.817,103.466
124,1683150038,14299.5,20230503 14:40:38,14:40:38,a8.brohor.2,55.67374626,1683150031,0.000823778,3.746129985,395.9365862,299.0094271,30.15631067,39.93180688,0.067287191,2.940731152,0.06644343,0.041602071,321.4440755,24.00593247,22.92437241,2.806840457,58.51076594,1.58365058,2.706596905,1.223189877,-36.32860154,-94.98938577,-6.670432538,183.4556557,0,0,1,0,54059.80409,RECT-1505-20210918-17_20_47,10288.4,812.936,2752.91,1939.974,0.704699391,-1,MPF-1629-20230503-14_50_36,10290.8,2.24534,2.328,0.035506873,0.5,1681.190162,3.746129985,29.84690266,1,0.002823077,1181.521478,-,0,2.328,0.035506873,0.999154349,-0.000101973,1.417844775,0,1,1629,300,300,300,10290.8,1.43,-0.00686709,-0.41,1999.987931,1681.190162,0.840600154,0.191200307,6,0.5,0: Broadleaf,2,1683150031,395.9365862,400.0061379,15.7024,14.89210345,404.0462414,16.40503103,600.4042759,100.7534483,0.100598245,22.32522414,22.92437241,999.9,0,0,9988.619655,0,96.18355862,1999.987931,0.979993483,0.020006834,0,2.230848276,0,7864.986207,16305.91724,37.86196552,39.125,38.42844828,37.375,37.23696552,1959.977931,40.01,0,201.2,0,2.24534,-0.667207688,-1691.265385,7856.1656,15,1683150024,14:40:23,1683150015,1683150024,43,-0.052,0.004,-8.142,-0.717,400,15,0.63,0.15,-2.784722405,-24.86319241,2.603024648,0,2.262645455,-0.588604964,0.208655472,1,0.559126954,4.694859486,0.500493296,0,1,3,3-Jan,100,100,-8.098,-0.6955,-4.943233312,-0.007814304,-3.18E-07,6.48E-10,-0.612505505,-0.027428369,0.001386821,-3.01E-06,5,2011,2,27,0.4,0.2,2,608.512,441.745,20.0017,22.7892,30.0003,22.8001,22.8111,21.4993,19.7097,57.154,20,400,14.9915,101.799,103.449
125,1683150076,14337.5,20230503 14:41:16,14:41:16,a8.brohor.2,50.73413589,1683150068,0.001226164,5.171264156,394.3627097,305.0113129,30.76170328,39.77317609,0.101928693,2.943340997,0.10000756,0.062674315,321.4479084,23.96083346,23.08656129,2.834528717,59.82861388,1.625324022,2.716633257,1.209204696,-54.07381066,-111.1537612,-7.807453217,148.4128833,0,0,1,0,54125.71517,RECT-1505-20210918-17_20_47,10288.4,812.936,2752.91,1939.974,0.704699391,-1,MPF-1630-20230503-14_51_14,10289.8,2.304846154,3.23815,0.288221313,0.5,1681.210083,5.171264156,242.2802892,1,0.003670728,849.1490048,-,0,3.23815,0.288221313,0.998823736,-0.001152657,1.417375619,0,1,1630,300,300,300,10289.8,1.37,-0.00686643,-0.5,2000.011613,1681.210083,0.840600161,0.191200321,6,0.5,0: Broadleaf,2,1683150068,394.3627097,400.016,16.11556452,14.9094871,402.4600645,16.81150968,600.1620645,100.755,0.099302697,22.38607742,23.08656129,999.9,0,0,10003.30387,0,93.68867097,2000.011613,0.979995258,0.020005042,0,2.307264516,0,7077.775161,16306.12903,37.99187097,39.22358065,38.5,37.46951613,37.312,1960.001613,40.01096774,0,36.79999995,0,2.304846154,-0.977388046,-852.8376074,7074.346154,15,1683150024,14:40:23,1683150015,1683150024,43,-0.052,0.004,-8.142,-0.717,400,15,0.63,0.15,-5.632874,-0.337622589,0.054937184,1,2.313155882,-0.0946155,0.210031148,1,1.2198745,-0.283169156,0.027502077,0,2,3,3-Feb,100,100,-8.098,-0.6965,-4.943233312,-0.007814304,-3.18E-07,6.48E-10,-0.612505505,-0.027428369,0.001386821,-3.01E-06,5,2011,2,27,1,0.9,2,610.782,442.694,20.0004,22.8157,30.0003,22.818,22.832,21.493,19.6896,57.154,20,400,15.052,101.795,103.445
126,1683150114,14375,20230503 14:41:53,14:41:53,a8.brohor.2,61.07643907,1683150106,0.001063847,5.278291113,394.2701667,288.3683112,29.0837306,39.76458878,0.086421068,2.943905109,0.085036015,0.053270102,321.4458421,24.07506259,23.26235333,2.864808811,59.77979144,1.631166067,2.728624553,1.233642744,-46.91566031,-127.576787,-8.970580724,137.9828141,0,0,1,0,54129.13177,RECT-1505-20210918-17_20_47,10288.4,812.936,2752.91,1939.974,0.704699391,-1,MPF-1631-20230503-14_51_51,10289,2.264088462,2.1168,-0.069580717,0.5,1681.19946,5.278291113,-58.48953184,1,0.003734412,1299.50548,-,0,2.1168,-0.069580717,0.999231068,0.000181654,1.417953643,0,1,1631,300,300,300,10289,1.67,-0.00686579,-0.7,1999.999,1681.19946,0.84060015,0.191200301,6,0.5,0: Broadleaf,2,1683150106,394.2701667,399.9661333,16.17318667,15.12687,402.3669,16.86818,600.1862,100.7568333,0.099361593,22.45852667,23.26235333,999.9,0,0,10006.331,0,92.6602,1999.999,0.9799972,0.020003093,0,2.250866667,0,6564.160667,16306.02333,38.104,39.333,38.6061,37.5767,37.437,1959.989,40.01,0,36.5999999,0,2.264088462,-0.039094034,-675.9353846,6562.034231,15,1683150024,14:40:23,1683150015,1683150024,43,-0.052,0.004,-8.142,-0.717,400,15,0.63,0.15,-5.70366,0.07558424,0.028818979,1,2.274515152,-0.258918292,0.170645474,1,1.05861,-0.241633621,0.025066352,0,2,3,3-Feb,100,100,-8.097,-0.6947,-4.943233312,-0.007814304,-3.18E-07,6.48E-10,-0.612505505,-0.027428369,0.001386821,-3.01E-06,5,2011,2,27,1.6,1.5,2,611.005,443.186,20.0016,22.8479,30.0004,22.842,22.8568,21.4989,17.9425,57.154,20,400,15.2503,101.785,103.439
127,1683150341,14602.5,20230503 14:45:41,14:45:41,f6.brohor.2,62.6107918,1683150333,0.00061017,3.24727638,396.5198065,288.9963699,29.14905463,39.99419614,0.051864484,2.939824958,0.051361475,0.032145708,321.4455909,24.17088922,22.89524839,2.801893656,59.82426674,1.629974506,2.724604237,1.171919149,-26.90849097,-73.0616721,-5.134265127,216.3411627,0,0,1,0,54013.29854,RECT-1505-20210918-17_20_47,10288.4,812.936,2752.91,1939.974,0.704699391,-1,MPF-1632-20230503-14_55_39,10297.8,2.342373077,3.07377,0.237947837,0.5,1681.198133,3.24727638,200.0187297,1,0.002526339,894.61353,-,0,3.07377,0.237947837,0.998883447,-0.000903113,1.417460353,0,1,1632,300,300,300,10297.8,1.26,-0.00687149,0.12,1999.997419,1681.198133,0.840600151,0.191200302,6,0.5,0: Broadleaf,2,1683150333,396.5198065,400.0059355,16.16027419,15.56049677,404.7017097,16.84919677,600.532129,100.7614516,0.101596052,22.43426774,22.89524839,999.9,0,0,9982.678065,0,92.29294516,1999.997419,0.979995161,0.0200047,0,2.337558065,0,6043.630323,16305.99677,38.266,39.562,38.915,37.75,37.625,1959.986452,40.01,0,226.4000001,0,2.342373077,0.45541539,-839.6061537,6040.587692,15,1683150325,14:45:24,1683150321,1683150325,44,-0.067,0.007,-8.209,-0.699,400,16,0.89,0.11,-2.580425975,-18.13390324,1.944542539,0,2.295023529,0.784971618,0.214991077,1,0.444946676,3.053719689,0.329019689,0,1,3,3-Jan,100,100,-8.175,-0.6861,-5.010296684,-0.007814304,-3.18E-07,6.48E-10,-0.605992712,-0.027428369,0.001386821,-3.01E-06,5,2011,2,27,0.3,0.3,2,609.519,442.68,19.9998,22.8446,30.0001,22.8736,22.8835,21.5012,18.9937,61.0576,20,400,15.473,101.792,103.442
128,1683150378,14639.5,20230503 14:46:18,14:46:18,f6.brohor.2,60.34215137,1683150370,0.000773409,3.95030844,395.7605,291.6272008,29.41385229,39.91685568,0.065465157,2.943709519,0.064666979,0.040487764,321.4458953,24.16052023,22.97263667,2.815055107,59.89806967,1.635381371,2.730273914,1.179673735,-34.1073485,-80.01188909,-5.618438428,201.7082193,0,0,1,0,54121.64492,RECT-1505-20210918-17_20_47,10288.4,812.936,2752.91,1939.974,0.704699391,-1,MPF-1633-20230503-14_56_16,10297.5,2.353072,1.9368,-0.214927716,0.5,1681.19974,3.95030844,-180.66821,1,0.002944509,1420.370302,-,0,1.9368,-0.214927716,0.999296454,0.000513283,1.418046427,0,1,1633,300,300,300,10297.5,1.21,-0.00687122,-0.36,1999.999333,1681.19974,0.84060015,0.1912003,6,0.5,0: Broadleaf,2,1683150370,395.7605,400.0155,16.21418667,15.45356667,403.9364667,16.90210667,600.1964667,100.7617,0.099441227,22.46847,22.97263667,999.9,0,0,10004.735,0,94.74621333,1999.999333,0.979996533,0.020003637,0,2.37693,0,5694.970333,16306.03,38.3603,39.55373333,38.937,37.6954,37.625,1959.989333,40.01,0,36,0,2.353072,-0.463776928,-318.2499995,5692.6172,15,1683150325,14:45:24,1683150321,1683150325,44,-0.067,0.007,-8.209,-0.699,400,16,0.89,0.11,-4.25865675,0.191828105,0.041993778,1,2.385171429,-0.36874764,0.180037207,1,0.778143375,-0.335027809,0.032411545,0,2,3,3-Feb,100,100,-8.177,-0.6881,-5.010296684,-0.007814304,-3.18E-07,6.48E-10,-0.605992712,-0.027428369,0.001386821,-3.01E-06,5,2011,2,27,0.9,0.9,2,611.534,443.228,19.9998,22.8385,30,22.8656,22.8777,21.4981,19.3132,61.0576,20,400,15.5873,101.793,103.446
129,1683150415,14676,20230503 14:46:54,14:46:54,f6.brohor.2,64.65677327,1683150407,0.000701339,3.795606341,395.922,284.9210378,28.73780274,39.93361959,0.058703925,2.942139251,0.058060892,0.036345244,321.4470738,24.21203214,23.05543548,2.829196589,59.87107903,1.637823183,2.735583206,1.191373406,-30.92903058,-88.03119593,-6.188455923,196.2983914,0,0,1,0,54069.47679,RECT-1505-20210918-17_20_47,10288.4,812.936,2752.91,1939.974,0.704699391,-1,MPF-1634-20230503-14_56_52,10297.1,2.292396154,3.44852,0.33525218,0.5,1681.205985,3.795606341,281.8139854,1,0.00285248,797.2873813,-,0,3.44852,0.33525218,0.998747318,-0.001428217,1.41726718,0,1,1634,300,300,300,10297.1,1.79,-0.00687097,0.4,2000.006774,1681.205985,0.840600146,0.191200291,6,0.5,0: Broadleaf,2,1683150407,395.922,399.994129,16.23820323,15.54844839,404.0993226,16.9257129,600.1698387,100.7624839,0.099856661,22.50044194,23.05543548,999.9,0,0,9995.727097,0,88.28163226,2000.006774,0.979997355,0.020003,0,2.26636129,0,5548.876452,16306.09355,38.385,39.558,38.99390323,37.687,37.687,1960.004839,40.01,0,35.4000001,0,2.292396154,-0.284707696,-145.8540171,5548.091923,15,1683150325,14:45:24,1683150321,1683150325,44,-0.067,0.007,-8.209,-0.699,400,16,0.89,0.11,-4.103013,0.541490882,0.083707554,0,2.26054,0.299536836,0.18728187,1,0.6948542,-0.129504901,0.012681476,0,1,3,3-Jan,100,100,-8.177,-0.6876,-5.010296684,-0.007814304,-3.18E-07,6.48E-10,-0.605992712,-0.027428369,0.001386821,-3.01E-06,5,2011,2,27,1.6,1.5,2,612.364,443.085,20.0008,22.8308,29.9999,22.8579,22.8713,21.4982,19.0357,61.0576,20,400,15.6335,101.796,103.449
130,1683150583,14844.5,20230503 14:49:43,14:49:43,f8.brohor.2,70.20998139,1683150575,0.001084769,6.294516356,393.2603226,272.7576729,27.50970873,39.66332758,0.089652728,2.942184203,0.088162258,0.05523326,321.4473598,23.94280054,22.97674194,2.815754799,59.16750229,1.601956521,2.70749391,1.213798278,-47.83831293,-102.4791533,-7.194943353,163.9349503,0,0,1,0,54101.78515,RECT-1505-20210918-17_20_47,10288.4,812.936,2752.91,1939.974,0.704699391,-1,MPF-1635-20230503-14_59_41,10289.4,2.2726,2.21895,-0.024178102,0.5,1681.207112,6.294516356,-20.32419873,1,0.004338856,1239.636337,-,0,2.21895,-0.024178102,0.999193962,6.62E-05,1.417900987,0,1,1635,300,300,300,10289.4,1.7,-0.00686586,-0.12,2000.008065,1681.207112,0.840600167,0.191200333,6,0.5,0: Broadleaf,2,1683150575,393.2603226,399.9758065,15.88333548,14.81669032,401.359,16.58454516,600.5029355,100.7579032,0.099786455,22.33067097,22.97674194,999.9,0,0,9996.437097,0,91.46479677,2000.008065,0.979995452,0.020004848,0,2.280019355,0,8681.279677,16306.09355,38.262,39.544,38.99390323,37.419,37.60264516,1959.998065,40.01129032,0,167.4000001,0,2.2726,0.132663256,-1017.169914,8677.565385,15,1683150567,14:49:26,1683150556,1683150567,45,0.057,-0.009,-8.152,-0.72,400,15,0.24,0.08,-5.016307956,-34.41696193,3.681521864,0,2.280476471,0.086967787,0.207726241,1,0.796228802,5.222225471,0.571270411,0,1,3,3-Jan,100,100,-8.088,-0.6955,-4.953063051,-0.007814304,-3.18E-07,6.48E-10,-0.614652629,-0.027428369,0.001386821,-3.01E-06,5,2011,2,27,0.5,0.3,2,609.874,442.36,19.9998,22.765,30,22.8123,22.8239,21.4809,24.2837,61.9447,20,400,14.7423,101.814,103.461
131,1683150621,14882.5,20230503 14:50:21,14:50:21,f8.brohor.2,57.88343373,1683150613,0.001518801,7.386426979,392.023129,290.867028,29.33565346,39.53784222,0.127608652,2.94396339,0.124613502,0.078146686,321.4475462,23.85236518,23.01578387,2.822416624,59.75870796,1.620249574,2.71131962,1.202167051,-66.97911502,-105.0534282,-7.373551616,142.0414513,0,0,1,0,54150.03681,RECT-1505-20210918-17_20_47,10288.4,812.936,2752.91,1939.974,0.704699391,-1,MPF-1636-20230503-15_00_19,10289,2.350248,2.2468,-0.046042371,0.5,1681.208429,7.386426979,-38.70341142,1,0.004988333,1224.258145,-,0,2.2468,-0.046042371,0.999183845,0.000127605,1.417886631,0,1,1636,300,300,300,10289,1.53,-0.00686563,-0.75,2000.009677,1681.208429,0.840600147,0.191200294,6,0.5,0: Broadleaf,2,1683150613,392.023129,400.0023871,16.06499677,14.57107742,400.1122258,16.76388387,600.1935484,100.757129,0.098762597,22.35388387,23.01578387,999.9,0,0,10006.63323,0,89.99599355,2000.009677,0.979997,0.0200033,0,2.34773871,0,8103.765484,16306.11613,38.312,39.504,38.96951613,37.391,37.62093548,1959.999677,40.01,0,37.20000005,0,2.350248,-0.611446155,-787.2246154,8091.4508,15,1683150567,14:49:26,1683150556,1683150567,45,0.057,-0.009,-8.152,-0.72,400,15,0.24,0.08,-7.9952615,0.212454484,0.036491269,1,2.347135294,0.095609467,0.197729753,1,1.51406925,-0.425905103,0.041325539,0,2,3,3-Feb,100,100,-8.089,-0.6997,-4.953063051,-0.007814304,-3.18E-07,6.48E-10,-0.614652629,-0.027428369,0.001386821,-3.01E-06,5,2011,2,27,1.1,0.9,2,612.189,443.069,20,22.7554,29.9999,22.7987,22.8144,21.4767,25.5514,61.5714,20,400,14.7001,101.814,103.461
132,1683150659,14920.5,20230503 14:50:59,14:50:59,f8.brohor.2,70.1365999,1683150651,0.001293139,7.606743463,391.8632333,271.2450935,27.35604502,39.52081903,0.10845612,2.944046328,0.106284388,0.066619242,321.4446942,23.9332127,23.05465667,2.829063283,60.0043587,1.629120525,2.715003644,1.199942758,-57.02742068,-107.6826653,-7.560228265,149.17438,0,0,1,0,54148.34845,RECT-1505-20210918-17_20_47,10288.4,812.936,2752.91,1939.974,0.704699391,-1,MPF-1637-20230503-15_00_57,10288.5,2.247380769,2.1092,-0.065513355,0.5,1681.193815,7.606743463,-55.07032396,1,0.005119424,1304.191542,-,0,2.1092,-0.065513355,0.999233829,0.00017042,1.41795756,0,1,1637,300,300,300,10288.5,1.41,-0.00686532,-0.08,1999.992333,1681.193815,0.84060013,0.19120026,6,0.5,0: Broadleaf,2,1683150651,391.8632333,399.9742,16.15332,14.88146333,399.9511,16.85076,600.1857,100.7551333,0.09846983,22.37621,23.05465667,999.9,0,0,10007.30333,0,89.53458,1999.992333,0.9799974,0.020002887,0,2.245866667,0,7541.143,16305.98,38.3372,39.53306667,38.9916,37.42046667,37.625,1959.991667,40.00866667,0,36.80000019,0,2.247380769,0.685439314,-805.428718,7541.113462,15,1683150567,14:49:26,1683150556,1683150567,45,0.057,-0.009,-8.152,-0.72,400,15,0.24,0.08,-8.1071745,-0.181126829,0.044811284,1,2.280920588,-0.116831651,0.179306146,1,1.2812255,-0.143079625,0.01823457,0,2,3,3-Feb,100,100,-8.087,-0.6969,-4.953063051,-0.007814304,-3.18E-07,6.48E-10,-0.614652629,-0.027428369,0.001386821,-3.01E-06,5,2011,2,27,1.7,1.5,2,611.976,443.718,20.0001,22.7453,30,22.7892,22.8063,21.4822,23.7631,61.1975,20,400,14.8345,101.815,103.465