Sys,Sys,Sys,Sys,Sys,UserDefCon,UserDefVar,GasEx,GasEx,GasEx,GasEx,GasEx,GasEx,GasEx,GasEx,GasEx,GasEx,GasEx,GasEx,GasEx,GasEx,GasEx,GasEx,GasEx,GasEx,GasEx,GasEx,GasEx,GasEx,GasEx,Leak,Leak,Leak,Leak,Leak,FLR,FLR,FLR,FLR,FLR,FLR,FLR,FLR,FLR,FLR,FLR,FLR,FLR,FLR,FLR,FLR,FLR,FLR,FLR,FLR,FLR,FLR,FLR,FLR,FLR,FLR,FLR,FLR,LeafQ,LeafQ,LeafQ,LeafQ,Const,Const,Const,Const,Meas,Meas,Meas,Meas,Meas,Meas,Meas,Meas,Meas,Meas,Meas,Meas,Meas,Meas,Meas,Meas,Meas,Meas,FlrLS,FlrLS,FlrLS,FlrLS,FlrLS,FlrLS,FlrLS,FlrLS,FlrLS,FlrLS,FlrLS,FlrLS,FlrLS,FlrLS,FlrLS,FlrLS,FlrLS,FlrLS,FlrStats,FlrStats,FlrStats,FlrStats,FlrStats,MchEvent,MchEvent,MchEvent,MchEvent,MchEvent,MchEvent,MchEvent,MchEvent,MchEvent,MchEvent,MchEvent,MchEvent,MchEvent,Stability,Stability,Stability,Stability,Stability,Stability,Stability,Stability,Stability,Stability,Stability,MchStatus,MchStatus,MchStatus,MchStatus,MchStatus,MchStatus,MchStatus,MchStatus,MchStatus,MchStatus,MchStatus,MchStatus,MchStatus,MchStatus,MchStatus,MchStatus,MchStatus,MchStatus,Status,Status,Status,Status,Status,Status,Status,Status,Status,Status,Status,Status,Status,Status,Status,Status
obs,time,elapsed,date,hhmmss,plant id,WUE,TIME,E,A,Ca,Ci,Pci,Pca,gsw,gbw,gtw,gtc,Rabs,TleafEB,TleafCnd,SVPleaf,RHcham,VPcham,SVPcham,VPDleaf,LatHFlux,SenHFlux,NetTherm,EBSum,Leak,LeakPct,CorrFact,CorrFactPct,Fan,DarkAdaptedID,Qmax_d,Fo,Fm,Fv,Fv/Fm,Adark,LightAdaptedID,Qmax,Fs,Fm',PhiPS2,PS2/1,Qabs_fs,Afs,ETR,Fv'/Fm',PhiCO2,NPQ,DarkPulseID,Fo',Fv',qP,qN,qP_Fo,qN_Fo,qL,1-qL,Qin,Qabs,alpha,convert,S,K,Geometry,Custom,TIME,CO2_s,CO2_r,H2O_s,H2O_r,CO2_a,H2O_a,Flow,Pa,ΔPcham,Tair,Tleaf,Tleaf2,Offset,Offset2,Fan_speed,Qamb_in,Qamb_out,Q,f_red,f_blue,f_farred,F,Q_modavg,F_dc,Pc,Tled,TDigital,TPreamp,TPwrSpy,TDrive,Q_red,Q_blue,Q_farred,TSPF,state,F_avg,dF/dt,dF_dc/dt,F_dc_avg,period,time,hhmmss,co2_t,h2o_t,count,co2_adj,h2o_adj,co2_match,h2o_match,co2_at,h2o_at,co2_cv,h2o_cv,ΔCO2:MN,ΔCO2:SLP,ΔCO2:SD,ΔCO2:OK,ΔH2O:MN,ΔH2O:SLP,ΔH2O:SD,ΔH2O:OK,Stable,Total,State,MatchValveR,MatchValveS,MatchCO2,MatchH2O,cf_co2_a,cf_co2_b,cf_co2_c,cf_co2_d,cf_h2o_a,cf_h2o_b,cf_h2o_c,cf_h2o_d,co2_fit_low,co2_fit_high,h2o_fit_low,h2o_fit_high,co2_elapsed,h2o_elapsed,DIAG,Flow_s,Flow_r,Txchg,Tirga,Tchopper,Ts,Tr,CO2_%,Desiccant_%,Humidifier_%,Txchg_sp,CO2_r_sp,H2O_r_sp,SS_s,SS_r
,s,s,,,,,s,mol m⁻² s⁻¹,µmol m⁻² s⁻¹,µmol mol⁻¹,µmol mol⁻¹,Pa,Pa,mol m⁻² s⁻¹,mol m⁻² s⁻¹,mol m⁻² s⁻¹,mol m⁻² s⁻¹,W m⁻²,°C,°C,kPa,%,kPa,kPa,kPa,W m⁻²,W m⁻²,W m⁻²,W m⁻²,µmol s⁻¹,%,,%,µmol s⁻¹,,,,,,,µmol m⁻² s⁻¹,,,,,,,µmol m⁻² s⁻¹,µmol m⁻² s⁻¹,µmol m⁻² s⁻¹,,µmol µmol⁻¹,,,,,,,,,,,µmol m⁻² s⁻¹,µmol m⁻² s⁻¹,,J/µmol,cm²,,,mol m⁻² s⁻¹,s,µmol mol⁻¹,µmol mol⁻¹,mmol mol⁻¹,mmol mol⁻¹,µmol mol⁻¹,mmol mol⁻¹,µmol s⁻¹,kPa,kPa,°C,°C,°C,°C,°C,rpm,µmol m⁻² s⁻¹,µmol m⁻² s⁻¹,µmol m⁻² s⁻¹,,,,,µmol m⁻² s⁻¹,,,°C,°C,°C,°C,°C,µmol m⁻² s⁻¹,µmol m⁻² s⁻¹,µmol m⁻² s⁻¹,s,,,min⁻¹,min⁻¹,,s,secs,,s,s,,µmol/mol,mmol/mol,µmol/mol,mmol/mol,µmol/mol,mmol/mol,%,%,µmol mol⁻¹,µmol mol⁻¹ min⁻¹,µmol mol⁻¹,,mmol mol⁻¹,mmol mol⁻¹ min⁻¹,mmol mol⁻¹,,,,,%,%,µmol/mol,mmol/mol,mmol/mol,,,,mmol/mol,,,,µmol mol⁻¹,µmol mol⁻¹,mmol mol⁻¹,mmol mol⁻¹,min,min,,µmol s⁻¹,µmol s⁻¹,°C,°C,°C,°C,°C,%,%,%,°C,µmol mol⁻¹,mmol mol⁻¹,%,%
1,1683648775,0,20230509 09:12:55,9:12:55,e8.trihir.1,28.05040868,1683648767,0.002696673,6.335460501,392.7241613,338.9728543,34.41659101,39.87406858,0.225859829,2.953206156,0.216683509,0.136220583,321.4452632,24.74410498,23.93217742,2.982794369,59.96709995,1.748648584,2.916013256,1.234145785,-118.923288,-59.8991063,-4.236274534,138.3865943,0,0,1,0,54217.6131,RECT-1505-20210918-17_20_47,10288.4,812.936,2752.91,1939.974,0.704699391,-1,MPF-1890-20230509-09_22_58,10206.8,2.099048,2.174,0.034476541,0.5,1681.196497,6.335460501,28.98091993,1,0.004363238,1265.287948,-,0,2.174,0.034476541,0.99921029,-9.24E-05,1.417924158,0,1,1999.995484,1681.196497,0.840600147,0.191200293,6,0.5,0: Broadleaf,2,1683648767,392.7241613,400.1168065,17.22263548,14.57307419,401.9121613,17.95907419,600.1512903,101.4310323,0.10096529,23.55595806,23.93217742,999.9,0,0,9992.482903,0,157.8133548,1999.995484,0.979996258,0.0200035,0,2.089987097,0,4075.739032,16306.00968,40.651,41.1006129,41.05006452,39.78,39.74993548,1959.985484,40.00967742,0,1683649378,0,2.099048,-0.653361544,-310.1807699,4071.6456,15,1683648806,9:13:25,1683648806,1683648731,2,-0.022,-0.057,-9.188,-0.778,392,15,0.83,0.1,-8.21069525,14.32886938,1.601394785,0,2.63449175,0.171810169,0.035223594,0,0,2,0/2,100,100,-9.188,-0.738,-6.01447298,-0.007814304,-3.18E-07,6.48E-10,-0.67373275,-0.027428369,0.001386821,-3.01E-06,5,2011,2,27,0.7,0.7,2,611.05,488.726,22.001,23.8311,30.0003,23.7873,23.7753,17.5415,25.3947,100,22,400,14.6638,101.46,103.341
2,1683648821,45.5,20230509 09:13:40,9:13:40,e8.trihir.1,46.43192539,1683648813,0.001852802,6.657632724,383.808931,300.5675922,30.51824906,38.97019123,0.143384808,2.953693523,0.139627153,0.087596379,321.4433161,25.090111,24.06987931,3.007569418,57.55849105,1.691408113,2.938590088,1.316161305,-81.70857347,-61.44998369,-4.351080196,173.9336788,0,0,1,0,54208.62849,RECT-1505-20210918-17_20_47,10288.4,812.936,2752.91,1939.974,0.704699391,-1,MPF-1891-20230509-09_23_44,10205.5,2.126736,1.912,-0.112309623,0.5,1681.188455,6.657632724,-94.40682116,1,0.004554893,1438.806485,-,0,1.912,-0.112309623,0.999305462,0.000264771,1.418059211,0,1,1999.986207,1681.188455,0.840600025,0.19120005,6,0.5,0: Broadleaf,2,1683648813,383.808931,391.1703793,16.65831034,14.83817931,392.9236207,17.4041069,600.5955172,101.4322759,0.103118655,23.68398276,24.06987931,999.9,0,0,9995.125172,0,132.9523103,1999.986207,0.979999138,0.020000562,0,2.140931034,0,3827.323793,16305.93103,40.937,41.37268966,41.31,39.937,40,1959.984828,40.00137931,0,44.79999995,0,2.126736,-0.126653843,-225.7761541,3826.2504,15,1683648806,9:13:25,1683648806,1683648731,2,-0.022,-0.057,-9.188,-0.778,392,15,0.83,0.1,-5.330370002,-57.20377817,6.042609961,0,1.317492609,9.936817608,1.067558653,0,0,2,0/2,100,100,-9.122,-0.7335,-6.036785101,-0.007814304,-3.18E-07,6.48E-10,-0.67373275,-0.027428369,0.001386821,-3.01E-06,5,2011,2,27,0.2,1.5,2,609.251,487.244,22.0002,23.8487,30.0002,23.8185,23.8046,18.4345,22.8856,100,22,400,14.9073,101.457,103.338
3,1683648857,82,20230509 09:14:17,9:14:17,e8.trihir.1,35.85428094,1683648849,0.002585048,7.632192901,390.255871,323.754016,32.87250854,39.62480406,0.212866991,2.954117123,0.204697937,0.128644047,321.4426084,24.95101603,24.12394839,3.017346499,59.89044709,1.765295271,2.947540646,1.252051228,-114.0006078,-62.02447015,-4.393448887,141.0240816,0,0,1,0,54211.94374,RECT-1505-20210918-17_20_47,10288.4,812.936,2752.91,1939.974,0.704699391,-1,MPF-1892-20230509-09_24_20,10204.4,2.124188462,2.0796,-0.021440884,0.5,1681.185097,7.632192901,-18.02304699,1,0.005134588,1322.768994,-,0,2.0796,-0.021440884,0.999244581,5.50E-05,1.417972818,0,1,1999.982258,1681.185097,0.840600005,0.191200011,6,0.5,0: Broadleaf,2,1683648849,390.255871,398.8948387,17.386,14.8465,399.419871,18.11929032,600.1427419,101.4342258,0.101220581,23.7345,24.12394839,999.9,0,0,9997.336452,0,176.8917742,1999.982258,0.980001484,0.019998216,0,2.138277419,0,3780.227097,16305.90968,41.147,41.56009677,41.526,40.042,40.179,1959.982258,40,0,35.60000014,0,2.124188462,-0.132981202,-120.9494017,3779.785,15,1683648881,9:14:40,1683648881,1683648731,3,0.05,-0.057,-9.164,-0.778,395,15,0.2,0.1,-8.4844055,-3.512555122,0.350150744,0,2.557157,-0.360729231,0.035210235,0,0,2,0/2,100,100,-9.164,-0.7337,-6.036785101,-0.007814304,-3.18E-07,6.48E-10,-0.67373275,-0.027428369,0.001386821,-3.01E-06,5,2011,2,27,0.9,2.1,2,611.951,487.338,21.9996,23.8617,30.0001,23.8291,23.8203,18.4628,24.3349,100,22,400,14.937,101.455,103.336
4,1683649184,408.5999999,20230509 09:19:43,9:19:43,a8.trihir.1,35.02626679,1683649176,0.005594858,16.53529665,381.0388333,313.6766186,31.84651755,38.68557352,0.472082758,2.954212304,0.433824233,0.27431868,321.4461316,24.24634574,24.49226,3.084689208,61.03000538,1.806883618,2.960647975,1.27780559,-246.7332383,-108.9426819,-7.733862308,-41.96365095,0,0,1,0,54201.11422,RECT-1505-20210918-17_20_47,10288.4,812.936,2752.91,1939.974,0.704699391,-1,MPF-1893-20230509-09_29_47,10230,2.213223077,2.6384,0.161149531,0.5,1681.20364,16.53529665,135.4625892,1,0.010430204,1042.401304,-,0,2.6384,0.161149531,0.999041596,-0.000524717,1.417684773,0,1,2000.004333,1681.20364,0.840599999,0.191199997,6,0.5,0: Broadleaf,2,1683649176,381.0388333,399.7016667,17.79714667,12.30313333,390.0024667,18.50974333,600.1389333,101.4264333,0.100156973,23.80823667,24.49226,999.9,0,0,9998.644667,0,122.0265633,2000.004333,0.9800011,0.019999397,0,2.214433333,0,10500.73333,16306.09667,41.2479,41.937,41.78926667,40.0641,40.3141,1960.004333,40,0,325.8,0,2.213223077,0.2146735,-467.2034181,10497.36538,15,1683649152,9:19:11,1683649142,1683649152,4,0.081,0.013,-9.076,-0.788,394,12,0.08,0.03,-19.9582275,24.17600263,2.51537776,0,5.364764,2.066781614,0.246392941,0,0,2,0/2,100,100,-8.96,-0.7166,-5.906034273,-0.007814304,-3.18E-07,6.48E-10,-0.661011537,-0.027428369,0.001386821,-3.01E-06,5,2011,2,27,0.7,0.5,2,614.056,478.252,22.0025,23.4119,30.0001,23.4924,23.5073,19.8063,40.9567,98.8589,22,400,12.1725,101.562,103.445
5,1683649219,444.0999999,20230509 09:20:19,9:20:19,a8.trihir.1,37.24196628,1683649211,0.005545163,16.83096572,380.0157,308.8633322,31.35846404,38.58246487,0.451935475,2.953276499,0.416732251,0.263391642,321.4426204,24.34207467,24.56295,3.097763482,59.79787542,1.779241129,2.975425325,1.318522353,-244.5416899,-106.981646,-7.602941551,-37.68365699,0,0,1,0,54158.43223,RECT-1505-20210918-17_20_47,10288.4,812.936,2752.91,1939.974,0.704699391,-1,MPF-1894-20230509-09_30_22,10229.8,2.248646154,2.2032,-0.020627339,0.5,1681.18516,16.83096572,-17.33918832,1,0.010606188,1248.505265,-,0,2.2032,-0.020627339,0.999199683,5.61E-05,1.417909106,0,1,1999.982333,1681.18516,0.840600005,0.191200011,6,0.5,0: Broadleaf,2,1683649211,380.0157,398.9495,17.52453,12.07781333,388.9712,18.24262667,600.1399,101.428,0.100607553,23.89102667,24.56295,999.9,0,0,9993.180667,0,114.8439533,1999.982333,0.9800012,0.019999293,0,2.259253333,0,10149.16333,16305.93,41.2122,41.937,41.7122,40.05373333,40.312,1959.982333,40,0,34.5999999,0,2.248646154,-0.04234529,-605.6478637,10147.28462,15,1683649152,9:19:11,1683649142,1683649152,4,0.081,0.013,-9.076,-0.788,394,12,0.08,0.03,-18.9254475,-0.290556473,0.054376842,0,5.47628,-0.55184848,0.053685546,0,0,2,0/2,100,100,-8.955,-0.7184,-5.906034273,-0.007814304,-3.18E-07,6.48E-10,-0.661011537,-0.027428369,0.001386821,-3.01E-06,5,2011,2,27,1.3,1.1,2,615.247,476.928,22.002,23.4193,30.0002,23.4853,23.5034,20.1275,38.8371,97.7249,22,400,12.3124,101.563,103.445
6,1683649254,479.0999999,20230509 09:20:54,9:20:54,a8.trihir.1,38.60882995,1683649246,0.005563099,17.51878798,379.7419677,306.2642756,31.09468646,38.55479847,0.453750813,2.955622489,0.418301902,0.264392467,321.4443588,24.39256496,24.62715806,3.10968086,60.0268018,1.792017186,2.985361759,1.317663674,-245.3326687,-108.4594797,-7.706502492,-40.05429204,0,0,1,0,54217.50138,RECT-1505-20210918-17_20_47,10288.4,812.936,2752.91,1939.974,0.704699391,-1,MPF-1895-20230509-09_30_57,10229.7,2.180532,1.9628,-0.110929285,0.5,1681.19431,17.51878798,-93.2468411,1,0.011015257,1401.542287,-,0,1.9628,-0.110929285,0.999287009,0.000268482,1.418033025,0,1,1999.993226,1681.19431,0.840600002,0.191200004,6,0.5,0: Broadleaf,2,1683649246,379.7419677,399.3677742,17.65030968,12.18693871,388.6954194,18.3659,600.168871,101.4276129,0.101324484,23.94649355,24.62715806,999.9,0,0,10006.53323,0,143.8607419,1999.993226,0.98000129,0.0199992,0,2.1744,0,9808.266774,16306.00323,41.159,41.937,41.659,40.018,40.312,1959.993226,40,0,34.10000014,0,2.180532,0.297607692,-546.216153,9800.4476,15,1683649152,9:19:11,1683649142,1683649152,4,0.081,0.013,-9.076,-0.788,394,12,0.08,0.03,-19.6583125,0.603727205,0.093481049,0,5.467215,-0.149739737,0.017912396,0,0,2,0/2,100,100,-8.952,-0.7165,-5.906034273,-0.007814304,-3.18E-07,6.48E-10,-0.661011537,-0.027428369,0.001386821,-3.01E-06,5,2011,2,27,1.9,1.7,2,615.031,475.785,22.0018,23.4341,30.0003,23.4863,23.5034,20.3282,40.3844,96.9757,22,400,12.1442,101.56,103.442
7,1683649580,805.0999999,20230509 09:26:20,9:26:20,f4.trihir.1,7.786623324,1683649572,0.004345344,3.121232943,395.3467742,374.9793029,38.0771331,40.14534035,0.400845503,2.956485951,0.372915928,0.235419447,321.4398594,24.99533711,24.07706452,3.00886709,61.03596781,1.853966078,3.037497634,1.154901012,-191.6296673,25.15843724,1.784730013,156.7533594,0,0,1,0,54190.6691,RECT-1505-20210918-17_20_47,10288.4,812.936,2752.91,1939.974,0.704699391,-1,MPF-1896-20230509-09_36_23,10267.2,2.269576923,2.6812,0.153521959,0.5,1681.174133,3.121232943,129.0485733,1,0.002451402,1025.745487,-,0,2.6812,0.153521959,0.999026049,-0.000508017,1.417662711,0,1,1999.969677,1681.174133,0.840599811,0.191199622,6,0.5,0: Broadleaf,2,1683649572,395.3467742,400.1846129,18.25764839,13.99279677,404.2127742,18.96439677,600.1627097,101.4423548,0.102271226,24.23490645,24.07706452,999.9,0,0,10009.98194,0,134.5996387,1999.969677,0.980006613,0.019992987,0,2.28076129,0,9284.171935,16305.84516,40.74187097,42.0863871,41.375,40.177,40.028,1959.98129,39.98677419,0,324.8,0,2.269576923,0.830851275,-876.0875216,9279.086923,15,1683649600,9:26:40,1683649600,1683649552,6,0.092,-0.004,-8.866,-0.78,399,14,0.24,0.03,-4.97382425,2.43009985,0.356677758,0,4.107014,3.297201276,0.326024366,0,0,2,0/2,100,100,-8.866,-0.7108,-5.758777442,-0.007814304,-3.18E-07,6.48E-10,-0.664875566,-0.027428369,0.001386821,-3.01E-06,5,2011,2,27,0.7,0.5,2,612.03,467.725,22.0033,23.8256,30.0007,23.7571,23.7519,20.9614,35.9942,98.4697,22,400,13.6985,101.501,103.373
8,1683649624,849.0999999,20230509 09:27:04,9:27:04,f4.trihir.1,11.93827224,1683649616,0.004067766,4.382518778,394.0418387,366.6767341,37.23426973,40.0130653,0.367098244,2.955149726,0.343515295,0.216689521,321.4444057,25.17270737,24.18559355,3.028527421,60.68512968,1.854985173,3.056737594,1.173542249,-179.388485,24.63930455,1.750581827,168.4458071,0,0,1,0,54132.1148,RECT-1505-20210918-17_20_47,10288.4,812.936,2752.91,1939.974,0.704699391,-1,MPF-1897-20230509-09_37_07,10265.6,2.240692,1.972,-0.13625355,0.5,1681.1919,4.382518778,-114.534182,1,0.003201609,1394.998986,-,0,1.972,-0.13625355,0.999283667,0.000331324,1.418028283,0,1,1999.99,1681.1919,0.840600153,0.191200306,6,0.5,0: Broadleaf,2,1683649616,394.0418387,400.0257097,18.26757742,14.27513226,402.9938387,18.97412581,600.1521935,101.4431613,0.102058968,24.34024839,24.18559355,999.9,0,0,10002.31581,0,163.8963871,1999.99,0.97999371,0.0200058,0,2.267248387,0,8444.782581,16305.93871,40.82825806,42.187,41.375,40.284,40.125,1959.98,40.01,0,43.20000005,0,2.240692,0.986376911,-1064.69846,8427.702,15,1683649645,9:27:25,1683649645,1683649552,7,-0.084,-0.004,-8.952,-0.78,400,14,0.58,0.03,-5.4045065,-6.580544916,0.952321903,0,3.84534825,3.551382777,0.431684347,0,0,2,0/2,100,100,-8.952,-0.7074,-5.666545905,-0.007814304,-3.18E-07,6.48E-10,-0.664875566,-0.027428369,0.001386821,-3.01E-06,5,2011,2,27,0.4,1.2,2,611.905,465.848,22.0013,23.9199,30.0008,23.8297,23.8217,21.0208,36.0125,97.8901,22,400,13.791,101.492,103.36
9,1683649681,906.0999999,20230509 09:28:01,9:28:01,f4.trihir.1,13.31712316,1683649673,0.004204237,4.997017027,393.3689032,363.5873673,36.92072802,39.94491447,0.375232471,2.954851556,0.350628084,0.221218576,321.4389999,25.19223397,24.24987742,3.040225505,60.38776908,1.851963003,3.066784932,1.188262503,-185.4068703,23.12293601,1.643999442,160.7990651,0,0,1,0,54113.3722,RECT-1505-20210918-17_20_47,10288.4,812.936,2752.91,1939.974,0.704699391,-1,MPF-1898-20230509-09_38_04,10264.7,2.119596,2.0088,-0.055155317,0.5,1681.163448,4.997017027,-46.36255113,1,0.003567183,1369.425129,-,0,2.0088,-0.055155317,0.999270299,0.000136629,1.418009314,0,1,1999.956129,1681.163448,0.840600163,0.191200326,6,0.5,0: Broadleaf,2,1683649673,393.3689032,400.0178387,18.23773226,14.11134839,402.2719032,18.94491613,600.1712581,101.4436774,0.102006903,24.39502903,24.24987742,999.9,0,0,10000.57258,0,204.1130323,1999.956129,0.979995839,0.020003661,0,2.123832258,0,7528.385161,16305.66452,40.937,42.312,41.49187097,40.45529032,40.25,1959.946129,40.01,0,56,0,2.119596,0.315038466,-712.9184616,7520.2944,15,1683649645,9:27:25,1683649645,1683649552,7,-0.084,-0.004,-8.952,-0.78,400,14,0.58,0.03,-6.66094975,-0.036181801,0.077502312,1,4.086663,0.477481576,0.087858338,0,1,2,2-Jan,100,100,-8.901,-0.7095,-5.750212901,-0.007814304,-3.18E-07,6.48E-10,-0.664875566,-0.027428369,0.001386821,-3.01E-06,5,2011,2,27,0.6,2.2,2,612.676,464.718,22.0007,24.0403,30.0007,23.9219,23.9144,21.0753,35.5235,96.9993,22,400,14.0875,101.477,103.344
10,1683649900,1124.6,20230509 09:31:39,9:31:39,f3.trihir.2,2.754996791,1683649892,0.000622202,0.129455433,399.4915333,386.6595422,39.26247336,40.56546903,0.046989323,2.956274856,0.046578305,0.029148069,321.4441061,25.53560793,24.62788,3.109815082,60.31133296,1.786087899,2.961446567,1.323727183,-27.43910197,-129.919133,-9.223074848,154.8627964,0,0,1,0,54261.4691,RECT-1505-20210918-17_20_47,10288.4,812.936,2752.91,1939.974,0.704699391,-1,MPF-1899-20230509-09_41_43,10257.4,2.262126923,2.11449,-0.069821528,0.5,1681.19174,0.129455433,-58.69168821,1,0.000671818,1300.926233,-,0,2.11449,-0.069821528,0.999231907,0.000182083,1.417954833,0,1,1999.99,1681.19174,0.840600073,0.191200146,6,0.5,0: Broadleaf,2,1683649892,399.4915333,399.8694,17.58951667,16.97850667,408.5077667,18.29982,600.2431667,101.4401333,0.102617,23.81272,24.62788,999.9,0,0,10009.00233,0,147.2795,1999.99,0.979996133,0.020004113,0,2.28424,0,3251.684667,16305.96333,40.312,41.5662,40.9832,39.67046667,39.625,1959.985333,40.00466667,0,217.8,0,2.262126923,-0.333500851,-277.5435897,3249.815,15,1683649880,9:31:19,1683649877,1683649880,8,-0.065,0.011,-9.02,-0.726,400,17,0.39,0.09,-0.267833,-2.016632058,0.210616558,0,0.509435443,1.353459032,0.209297929,0,0,2,0/2,100,100,-9.016,-0.7084,-5.815074173,-0.007814304,-3.18E-07,6.48E-10,-0.654375508,-0.027428369,0.001386821,-3.01E-06,5,2011,2,27,0.4,0.3,2,613.181,466.328,21.9987,23.9961,29.9996,23.9544,23.9504,21.2445,22.5101,98.6037,22,400,16.8636,101.482,103.358
11,1683649934,1158.6,20230509 09:32:13,9:32:13,f3.trihir.2,2.30992686,1683649926,0.000791654,0.13813546,399.516871,387.3716888,39.33431252,40.56755286,0.059800794,2.954828661,0.059136484,0.037019373,321.4472802,25.49974258,24.62327742,3.108959454,60.16005717,1.782374134,2.962720146,1.326585321,-34.911923,-127.9837423,-9.090242859,149.461372,0,0,1,0,54217.4438,RECT-1505-20210918-17_20_47,10288.4,812.936,2752.91,1939.974,0.704699391,-1,MPF-1900-20230509-09_42_17,10257.5,2.294815385,1.668,-0.3757886,0.5,1681.2078,0.13813546,-315.8893626,1,0.000676975,1649.425659,-,0,1.668,-0.3757886,0.999394096,0.000772637,1.418184986,0,1,2000.009032,1681.2078,0.840600104,0.191200207,6,0.5,0: Broadleaf,2,1683649926,399.516871,399.9711613,17.55315484,16.77560968,408.5332258,18.26417097,600.1639032,101.4386129,0.102913387,23.81986774,24.62327742,999.9,0,0,10000.94194,0,146.9659032,2000.009032,0.979994935,0.020005355,0,2.3018,0,3055.500645,16306.10323,40.3,41.48374194,40.889,39.546,39.562,1960.001935,40.00709677,0,33.39999986,0,2.294815385,-0.642516239,-401.2933333,3050.558846,15,1683649880,9:31:19,1683649877,1683649880,8,-0.065,0.011,-9.02,-0.726,400,17,0.39,0.09,-0.449369025,-0.320701137,0.04786509,0,0.790482175,-0.295819328,0.029078693,0,0,2,0/2,100,100,-9.016,-0.712,-5.815074173,-0.007814304,-3.18E-07,6.48E-10,-0.654375508,-0.027428369,0.001386821,-3.01E-06,5,2011,2,27,0.9,0.9,2,614.607,466.512,22,23.9531,29.9997,23.9261,23.9266,21.2453,23.4747,98.6037,22,400,16.8128,101.493,103.366
12,1683649970,1194.6,20230509 09:32:49,9:32:49,f3.trihir.2,6.392901349,1683649962,0.000715653,0.343174626,399.3405,380.6330445,38.64899332,40.54852447,0.053680576,2.95592876,0.053144824,0.033263204,321.4428353,25.52006948,24.61804333,3.107986678,59.85667837,1.773524077,2.962951044,1.334462601,-31.56030712,-126.9908217,-9.016182824,153.8755236,0,0,1,0,54249.61029,RECT-1505-20210918-17_20_47,10288.4,812.936,2752.91,1939.974,0.704699391,-1,MPF-1901-20230509-09_42_53,10257.5,2.219734615,1.7056,-0.301439151,0.5,1681.18452,0.343174626,-253.3874169,1,0.000798945,1613.041979,-,0,1.7056,-0.301439151,0.999380437,0.000633771,1.418165604,0,1,1999.981333,1681.18452,0.840600106,0.191200211,6,0.5,0: Broadleaf,2,1683649962,399.3405,399.9693,17.46648,16.76351,408.3555,18.17921,600.1564333,101.4356333,0.1030898,23.82116333,24.61804333,999.9,0,0,10007.481,0,135.4267667,1999.981333,0.979994967,0.020005287,0,2.23287,0,2769.239,16305.86667,40.25,41.375,40.8624,39.437,39.5,1959.974667,40.00666667,0,35.39999986,0,2.219734615,0.401357263,-475.2523077,2765.191154,15,1683649880,9:31:19,1683649877,1683649880,8,-0.065,0.011,-9.02,-0.726,400,17,0.39,0.09,-0.619305425,-0.19482618,0.028987832,0,0.7120903,-0.181698822,0.018363187,0,0,2,0/2,100,100,-9.014,-0.7128,-5.815074173,-0.007814304,-3.18E-07,6.48E-10,-0.654375508,-0.027428369,0.001386821,-3.01E-06,5,2011,2,27,1.5,1.5,2,614.632,466.17,21.9992,23.9134,29.9997,23.9004,23.9052,21.2523,22.9247,98.233,22,400,16.8489,101.496,103.37
13,1683650284,1509.1,20230509 09:38:04,9:38:04,b2.trihir.2,50.0583141,1683650276,0.005993526,29.53105705,368.3989667,275.0307331,27.92722632,37.40804238,0.589933113,2.95513206,0.531470429,0.336937546,321.443326,24.36453753,23.88734,2.974765915,61.8898343,1.856892775,3.000319513,1.11787314,-264.3145075,22.67825522,1.606317234,81.41339091,0,0,1,0,54188.1557,RECT-1505-20210918-17_20_47,10288.4,812.936,2752.91,1939.974,0.704699391,-1,MPF-1902-20230509-09_48_07,10242.1,2.303488,2.0524,-0.122338725,0.5,1681.18604,29.53105705,-102.8370786,1,0.018160427,1340.31261,-,0,2.0524,-0.122338725,0.999254462,0.000309647,1.417986839,0,1,1999.983,1681.18604,0.840600165,0.19120033,6,0.5,0: Broadleaf,2,1683650276,368.3989667,400.1293667,18.28690667,12.40459,376.9835,18.99024,600.1638667,101.4415,0.100702233,24.02968667,23.88734,999.9,0,0,10002.37933,0,275.0927333,1999.983,0.9799933,0.0200065,0,2.320996667,0,11835.20333,16305.88,39.9643,41.56413333,40.625,39.5851,39.3204,1959.972333,40.01066667,0,313.5999999,0,2.303488,-0.595092314,-568.9846163,11830.34,15,1683650257,9:37:37,1683650243,1683650257,9,0.187,-0.008,-8.831,-0.794,400,12,0.06,0.02,-31.761155,0.64137636,0.213442894,0,5.571578,5.822637523,0.592449536,0,0,2,0/2,100,100,-8.585,-0.7089,-5.628227636,-0.007814304,-3.18E-07,6.48E-10,-0.662024415,-0.027428369,0.001386821,-3.01E-06,5,2011,2,27,0.7,0.5,2,614.628,453.321,22.0052,24.0822,30.0013,24.0481,24.0515,21.2121,45.9846,95.0995,22,400,11.8205,101.45,103.314
14,1683650319,1544.1,20230509 09:38:39,9:38:39,b2.trihir.2,50.56518532,1683650311,0.006263398,29.59329907,368.0620667,273.5828779,27.77991801,37.3734428,0.585250482,2.955528101,0.527670715,0.334494169,321.4445121,24.34895077,23.92509,2.981524057,59.95303199,1.804646726,3.010100851,1.176877331,-276.2158336,25.30347397,1.79285575,72.32500824,0,0,1,0,54189.91768,RECT-1505-20210918-17_20_47,10288.4,812.936,2752.91,1939.974,0.704699391,-1,MPF-1903-20230509-09_48_42,10241.4,2.214038462,2.4096,0.081159337,0.5,1681.19246,29.59329907,68.22223272,1,0.018197381,1141.47593,-,0,2.4096,0.081159337,0.999124708,-0.000241277,1.417802713,0,1,1999.990667,1681.19246,0.840600153,0.191200306,6,0.5,0: Broadleaf,2,1683650311,368.0620667,399.9514333,17.77256667,11.62227,376.644,18.48668667,600.1740667,101.4401667,0.100975933,24.08389333,23.92509,999.9,0,0,10004.759,0,271.2648667,1999.990667,0.9799951,0.020004697,0,2.21523,0,11525.48,16305.94333,40.125,41.75406667,40.6996,39.79553333,39.458,1959.980667,40.01,0,34.20000005,0,2.214038462,0.161107688,-389.4358969,11522.95385,15,1683650257,9:37:37,1683650243,1683650257,9,0.187,-0.008,-8.831,-0.794,400,12,0.06,0.02,-31.902135,0.170841276,0.053856868,0,6.20522025,-1.057853696,0.103888252,0,0,2,0/2,100,100,-8.582,-0.7149,-5.628227636,-0.007814304,-3.18E-07,6.48E-10,-0.662024415,-0.027428369,0.001386821,-3.01E-06,5,2011,2,27,1.3,1,2,615.862,452.191,22.0037,24.2161,30.0017,24.1427,24.1482,21.2216,45.7112,93.5589,22,400,11.756,101.421,103.29
15,1683650355,1579.6,20230509 09:39:14,9:39:14,b2.trihir.2,50.84540694,1683650348,0.006293131,29.75634044,367.8869615,272.8936303,27.71070048,37.35669971,0.585231631,2.954236556,0.527632854,0.334471886,321.4455106,24.3593808,23.93355385,2.983041127,59.74874084,1.800442406,3.013356233,1.182598721,-277.527089,26.81229011,1.90084627,72.63155807,0,0,1,0,54148.61967,RECT-1505-20210918-17_20_47,10288.4,812.936,2752.91,1939.974,0.704699391,-1,MPF-1904-20230509-09_49_18,10241.2,2.341346154,2.506,0.065703849,0.5,1681.197715,29.75634044,55.2305806,1,0.018294303,1097.527534,-,0,2.506,0.065703849,0.999089691,-0.000203168,1.417753021,0,1,1999.996923,1681.197715,0.840600151,0.191200302,6,0.5,0: Broadleaf,2,1683650348,367.8869615,399.9499231,17.73066923,11.55076538,376.4675385,18.44563462,600.1598077,101.4431538,0.100808346,24.1019,23.93355385,999.9,0,0,9997.134231,0,271.6668846,1999.996923,0.979995692,0.020004085,0,2.361276923,0,11317.61538,16306.01923,40.25476923,41.93711538,40.81926923,40.01669231,39.62257692,1959.986923,40.01,0,34.4000001,0,2.341346154,-0.159835903,-282.5504275,11322.00769,15,1683650257,9:37:37,1683650243,1683650257,9,0.187,-0.008,-8.831,-0.794,400,12,0.06,0.02,-32.087615,0.420119325,0.052424229,0,6.21531875,-0.570726191,0.055471795,0,0,2,0/2,100,100,-8.582,-0.7158,-5.628227636,-0.007814304,-3.18E-07,6.48E-10,-0.662024415,-0.027428369,0.001386821,-3.01E-06,5,2011,2,27,1.9,1.6,2,616.068,450.964,22.0032,24.3709,30.0018,24.2581,24.2606,21.2314,45.7197,91.6332,22,400,11.7274,101.389,103.262
16,1683650588,1812.6,20230509 09:43:07,9:43:07,b5.trihir.1,53.51993304,1683650580,0.004831717,23.23339651,375.1235161,277.3212132,28.1578256,38.08818815,0.434107354,2.952847411,0.401515148,0.253671027,321.4490467,24.52336192,24.27074839,3.044031993,62.24391429,1.851645077,2.974821069,1.192386917,-213.0787214,-60.98718678,-4.328383311,43.05475522,0,0,1,0,54146.50137,RECT-1505-20210918-17_20_47,10288.4,812.936,2752.91,1939.974,0.704699391,-1,MPF-1905-20230509-09_53_11,10205.9,2.292769231,3.13351,0.268306394,0.5,1681.218726,23.23339651,225.5408671,1,0.014414184,877.5387632,-,0,3.13351,0.268306394,0.998861746,-0.001038205,1.417429558,0,1,2000.022258,1681.218726,0.840600008,0.191200016,6,0.5,0: Broadleaf,2,1683650580,375.1235161,400.1624194,18.23650968,13.49422903,383.8469032,18.93793871,600.1673548,101.4329355,0.102123,23.88764839,24.27074839,999.9,0,0,9990.260645,0,232.6733548,2000.022258,0.979998387,0.020001313,0,2.267548387,0,10459.99032,16306.23871,40.5,42.266,41.125,40.48780645,39.875,1960.02129,40.00096774,0,232.2,0,2.292769231,0.705709405,-288.9470085,10457.21154,15,1683650563,9:42:43,1683650562,1683650563,11,0.034,0,-8.917,-0.767,400,14,0.25,0.04,-24.5880575,-7.254705816,1.627531841,0,4.49281775,4.78733257,0.55434993,0,0,2,0/2,100,100,-8.723,-0.7097,-5.713713794,-0.007814304,-3.18E-07,6.48E-10,-0.659021032,-0.027428369,0.001386821,-3.01E-06,5,2011,2,27,0.4,0.4,2,598.473,448.254,22.0013,24.9522,30,24.7804,24.7524,21.2793,41.9547,88.52,22,400,13.0472,101.308,103.18
17,1683650628,1852.6,20230509 09:43:47,9:43:47,b5.trihir.1,59.95104014,1683650620,0.004723304,23.5645297,374.6602581,266.1532576,27.02474099,38.04235397,0.3930629,2.956450922,0.366168029,0.231117881,321.4469025,24.6853125,24.41167097,3.069842947,59.73404286,1.791425919,2.999003303,1.278417028,-208.2976875,-62.04827683,-4.404448102,46.69649013,0,0,1,0,54228.26347,RECT-1505-20210918-17_20_47,10288.4,812.936,2752.91,1939.974,0.704699391,-1,MPF-1906-20230509-09_53_51,10205.4,2.252964,2.6264,0.142185501,0.5,1681.207355,23.5645297,119.5216551,1,0.014611243,1047.168596,-,0,2.6264,0.142185501,0.999045955,-0.000460856,1.417690959,0,1,2000.00871,1681.207355,0.840600017,0.191200033,6,0.5,0: Broadleaf,2,1683650620,374.6602581,399.9859677,17.64286452,13.00444194,383.3800968,18.35665161,600.2002903,101.4356774,0.102591323,24.02238065,24.41167097,999.9,0,0,10010.44194,0,235.5857097,2000.00871,0.979998968,0.020000732,0,2.270945161,0,10267.33871,16306.12581,40.562,42.312,41.139,40.45529032,39.937,1960.007419,40.00129032,0,39.20000005,0,2.252964,0.768307697,-201.069231,10264.644,15,1683650563,9:42:43,1683650562,1683650563,11,0.034,0,-8.917,-0.767,400,14,0.25,0.04,-25.3182075,-0.137908818,0.055327829,0,4.66545825,-0.596400563,0.062535658,0,0,2,0/2,100,100,-8.719,-0.7133,-5.713713794,-0.007814304,-3.18E-07,6.48E-10,-0.659021032,-0.027428369,0.001386821,-3.01E-06,5,2011,2,27,1.1,1.1,2,600.384,447.48,22.0014,24.9758,30.0001,24.8114,24.7916,21.281,40.7334,86.9993,22,400,13.1137,101.312,103.185
18,1683650665,1889.6,20230509 09:44:24,9:44:24,b5.trihir.1,60.14272879,1683650657,0.004787653,23.75543887,374.4356452,265.5195858,26.96013035,38.01916822,0.394984387,2.954798019,0.36782159,0.232173115,321.4490953,24.76936398,24.54962258,3.095294847,59.8435348,1.805557116,3.017129791,1.289737731,-211.1355067,-68.0001485,-4.835448892,37.47799124,0,0,1,0,54161.18228,RECT-1505-20210918-17_20_47,10288.4,812.936,2752.91,1939.974,0.704699391,-1,MPF-1907-20230509-09_54_28,10204.9,2.257868,1.94,-0.163849485,0.5,1681.219239,23.75543887,-137.7334528,1,0.014724694,1418.025773,-,0,1.94,-0.163849485,0.999295291,0.000391948,1.418044778,0,1,2000.022903,1681.219239,0.840599993,0.191199986,6,0.5,0: Broadleaf,2,1683650657,374.4356452,399.9754516,17.7822129,13.08122258,383.1537419,18.49320323,600.195,101.4345161,0.102740581,24.12275161,24.54962258,999.9,0,0,10001.17194,0,240.2949355,2000.022903,0.980000903,0.019998797,0,2.274812903,0,10127.44516,16306.24839,40.687,42.375,41.2256129,40.5,40.006,1960.022903,40,0,36.20000005,0,2.257868,0.02530768,-137.930769,10125.64,15,1683650563,9:42:43,1683650562,1683650563,11,0.034,0,-8.917,-0.767,400,14,0.25,0.04,-25.558045,0.239031895,0.049274993,0,4.710681,-0.203269869,0.020956859,0,0,2,0/2,100,100,-8.718,-0.7112,-5.713713794,-0.007814304,-3.18E-07,6.48E-10,-0.659021032,-0.027428369,0.001386821,-3.01E-06,5,2011,2,27,1.7,1.7,2,600.692,447.135,22.0024,24.9936,30.0001,24.8369,24.82,21.2855,40.4312,85.4837,22,400,13.201,101.316,103.188
19,1683650973,2197.5,20230509 09:49:32,9:49:32,f5.trihir.2,44.74508758,1683650965,0.001857864,6.877192903,392.2963667,311.9583497,31.67870378,39.83685772,0.15369716,2.95580427,0.149391291,0.093746374,321.4441819,25.26602981,24.07251333,3.008045075,59.75551427,1.774913464,2.970292341,1.233131611,-81.93182361,-33.49659901,-2.372262181,203.6434971,0,0,1,0,54238.60339,RECT-1505-20210918-17_20_47,10288.4,812.936,2752.91,1939.974,0.704699391,-1,MPF-1908-20230509-09_59_36,10246.9,2.255252,1.8444,-0.222756452,0.5,1681.19329,6.877192903,-187.2483262,1,0.004685477,1491.577532,-,0,1.8444,-0.222756452,0.999330018,0.000506542,1.418094057,0,1,1999.992,1681.19329,0.840600007,0.191200015,6,0.5,0: Broadleaf,2,1683650965,392.2963667,399.8972333,17.47859,15.65443667,400.9226,18.19884667,600.4073,101.4441333,0.103729733,23.86231,24.07251333,999.9,0,0,10005.93567,0,162.8125667,1999.992,0.9799981,0.0200019,0,2.25779,0,4704.847667,16305.97667,40.5,42,41.2143,39.875,39.75,1959.991667,40.00033333,0,307.3999999,0,2.255252,0.990976922,-228.5676927,4701.0616,15,1683650955,9:49:14,1683650950,1683650955,12,0.23,-0.003,-8.686,-0.757,400,15,0.3,0.12,-5.566262711,-31.33452887,3.492420979,0,1.339023557,7.216888203,0.815891926,0,0,2,0/2,100,100,-8.623,-0.7145,-5.483940523,-0.007814304,-3.18E-07,6.48E-10,-0.662479565,-0.027428369,0.001386821,-3.01E-06,5,2011,2,27,0.4,0.3,2,612.327,448.932,22.0018,24.7087,30.0007,24.7349,24.746,21.3544,29.1632,83.2396,22,400,15.4913,101.35,103.212
20,1683651010,2235,20230509 09:50:10,9:50:10,f5.trihir.2,34.40993562,1683651002,0.002288763,6.581674121,392.4972,328.6342738,33.37086744,39.85577001,0.191272492,2.954068627,0.184648958,0.115981588,321.4437563,25.20443455,24.12266,3.017113202,60.02649192,1.788234367,2.979075255,1.228878835,-100.9344467,-33.64202913,-2.385156949,184.4821235,0,0,1,0,54178.35265,RECT-1505-20210918-17_20_47,10288.4,812.936,2752.91,1939.974,0.704699391,-1,MPF-1909-20230509-10_00_13,10246.5,2.203644,2.69312,0.181750535,0.5,1681.19105,6.581674121,152.7786861,1,0.004509704,1021.201016,-,0,2.69312,0.181750535,0.999021719,-0.00060411,1.417656567,0,1,1999.989333,1681.19105,0.840600008,0.191200016,6,0.5,0: Broadleaf,2,1683651002,392.4972,399.9748667,17.61042333,15.36267,401.1250667,18.32825333,600.1878,101.4407667,0.1033208,23.91142,24.12266,999.9,0,0,9996.416667,0,180.1125667,1999.989333,0.9799992,0.020000793,0,2.21279,0,4646.324,16305.96,40.562,42,41.2416,39.89566667,39.812,1959.989,40.00033333,0,36.4000001,0,2.203644,-0.085146147,-69.73769228,4646.0672,15,1683650955,9:49:14,1683650950,1683650955,12,0.23,-0.003,-8.686,-0.757,400,15,0.3,0.12,-7.54776225,1.643108105,0.162775402,0,2.258669,-0.228161651,0.022470063,0,0,2,0/2,100,100,-8.629,-0.7184,-5.483940523,-0.007814304,-3.18E-07,6.48E-10,-0.662479565,-0.027428369,0.001386821,-3.01E-06,5,2011,2,27,1,0.9,2,614.437,448.743,22.002,24.7575,30.0008,24.7645,24.7787,21.3547,29.7504,82.4843,22,400,15.4516,101.336,103.199
21,1683651047,2271.5,20230509 09:50:46,9:50:46,f5.trihir.2,35.03156542,1683651039,0.002244754,6.534549431,392.5295333,327.6584796,33.27038056,39.85737519,0.186533184,2.954582234,0.180229051,0.113191809,321.44278,25.25710454,24.15151667,3.022342241,59.85614056,1.787617198,2.986522655,1.234725043,-98.99365605,-31.62705165,-2.242706166,188.5793661,0,0,1,0,54185.81824,RECT-1505-20210918-17_20_47,10288.4,812.936,2752.91,1939.974,0.704699391,-1,MPF-1910-20230509-10_00_50,10245.7,2.300315385,2.16082,-0.064556689,0.5,1681.186,6.534549431,-54.26590083,1,0.004481687,1273.011718,-,0,2.16082,-0.064556689,0.999215078,0.000172052,1.417930952,0,1,1999.983333,1681.186,0.840600005,0.19120001,6,0.5,0: Broadleaf,2,1683651039,392.5295333,399.9428667,17.60508667,15.40055,401.1576,18.32302333,600.1900667,101.4360333,0.1037791,23.95296333,24.15151667,999.9,0,0,9999.797667,0,181.5991,1999.983333,0.9800002,0.01999976,0,2.303283333,0,4547.799,16305.92,40.65186667,42.02893333,41.26446667,39.9643,39.875,1959.983333,40,0,35.39999986,0,2.300315385,0.032923089,-211.8762394,4547.931538,15,1683650955,9:49:14,1683650950,1683650955,12,0.23,-0.003,-8.686,-0.757,400,15,0.3,0.12,-7.4356065,0.305477223,0.054856229,0,2.21484225,-0.244828705,0.025283273,0,0,2,0/2,100,100,-8.629,-0.7179,-5.483940523,-0.007814304,-3.18E-07,6.48E-10,-0.662479565,-0.027428369,0.001386821,-3.01E-06,5,2011,2,27,1.6,1.5,2,614.491,448.221,22.0016,24.8278,30.0009,24.8139,24.8283,21.3619,28.828,82.1104,22,400,15.4429,101.315,103.182
22,1683651247,2471.5,20230509 09:54:06,9:54:06,f8.trihir.1,32.78599491,1683651239,0.003922306,10.40513988,388.1069667,325.5657905,33.05971523,39.41048528,0.317365384,2.956174468,0.299579064,0.188751829,321.4448735,25.06545549,24.81088333,3.144002967,60.95577621,1.847170779,3.030345759,1.296832188,-172.9737013,-98.05972168,-6.981477996,43.42997254,0,0,1,0,54188.63231,RECT-1505-20210918-17_20_47,10288.4,812.936,2752.91,1939.974,0.704699391,-1,MPF-1911-20230509-10_04_10,10254.9,2.313156,3.50547,0.340129569,0.5,1681.19693,10.40513988,285.9123935,1,0.00678394,784.3183739,-,0,3.50547,0.340129569,0.998726631,-0.001473028,1.417237824,0,1,1999.996333,1681.19693,0.840600006,0.191200012,6,0.5,0: Broadleaf,2,1683651239,388.1069667,400.0304667,18.19058667,14.34089333,396.7269667,18.89563,600.1969667,101.4414333,0.103987567,24.1956,24.81088333,999.9,0,0,10008.304,0,196.7349667,1999.996333,0.9799992,0.020001027,0,2.314563333,0,6339.492667,16306.01,40.687,42.15806667,41.375,40.187,39.9496,1959.996,40.00033333,0,199.2,0,2.313156,0.017907695,-322.6661538,6335.9344,15,1683651218,9:53:37,1683651204,1683651218,13,-0.026,0.001,-8.713,-0.774,400,14,0.17,0.03,-11.9312675,0.156705816,0.03924734,0,3.718112,2.348947542,0.235408552,0,0,2,0/2,100,100,-8.62,-0.7069,-5.510239232,-0.007814304,-3.18E-07,6.48E-10,-0.66164896,-0.027428369,0.001386821,-3.01E-06,5,2011,2,27,0.7,0.5,2,616.062,444.13,22.0039,25.1776,30.0004,25.0995,25.0959,21.3703,35.5532,79.4748,22,400,13.9465,101.254,103.125
23,1683651283,2508,20230509 09:54:43,9:54:43,f8.trihir.1,33.011891,1683651275,0.004060243,10.50469462,387.8957742,324.7347157,32.975766,39.38956836,0.318209418,2.953529153,0.300316181,0.189221354,321.4503824,25.10593348,24.87462258,3.155987341,59.67973499,1.81670079,3.044083206,1.33928655,-179.0567008,-96.11060132,-6.853643248,39.42943706,0,0,1,0,54096.97406,RECT-1505-20210918-17_20_47,10288.4,812.936,2752.91,1939.974,0.704699391,-1,MPF-1912-20230509-10_04_46,10254.5,2.296157692,1.9008,-0.207995419,0.5,1681.226013,10.50469462,-174.8436544,1,0.006843039,1447.290194,-,0,1.9008,-0.207995419,0.999309531,0.000487473,1.418064984,0,1,2000.030968,1681.226013,0.840599991,0.191199981,6,0.5,0: Broadleaf,2,1683651275,387.8957742,399.971871,17.89028387,13.90385161,396.5142258,18.60160645,600.1763226,101.4432258,0.103558097,24.27102903,24.87462258,999.9,0,0,9993.113871,0,242.0362903,2000.030968,0.98,0.0200002,0,2.283267742,0,6219.592258,16306.30968,40.782,42.22967742,41.405,40.25,40.062,1960.030968,40,0,35.5999999,0,2.296157692,0.404543593,-276.1965814,6217.608846,15,1683651218,9:53:37,1683651204,1683651218,13,-0.026,0.001,-8.713,-0.774,400,14,0.17,0.03,-12.0819225,-0.027986116,0.051852085,1,4.0001875,-0.547265966,0.068693953,0,1,2,2-Jan,100,100,-8.618,-0.7116,-5.510239232,-0.007814304,-3.18E-07,6.48E-10,-0.66164896,-0.027428369,0.001386821,-3.01E-06,5,2011,2,27,1.3,1.1,2,617.03,444.102,22.0011,25.2245,30.0004,25.1379,25.1393,21.3691,33.5193,78.3453,22,400,14.1886,101.25,103.122
24,1683651320,2544.5,20230509 09:55:19,9:55:19,f8.trihir.1,33.65803445,1683651312,0.003992474,10.58324791,387.8523548,323.6915163,32.87046359,39.38591549,0.31443452,2.954508089,0.296956225,0.187086987,321.4447192,25.15703088,24.91175806,3.162988014,60.03637792,1.83127352,3.050273157,1.331714494,-176.0680852,-96.65935724,-6.892958528,41.82431826,0,0,1,0,54119.68084,RECT-1505-20210918-17_20_47,10288.4,812.936,2752.91,1939.974,0.704699391,-1,MPF-1913-20230509-10_05_23,10253.9,2.288712,2.76454,0.172118327,0.5,1681.196206,10.58324791,144.6823393,1,0.006889885,994.7931518,-,0,2.76454,0.172118327,0.998995775,-0.000587318,1.417619752,0,1,1999.995484,1681.196206,0.840600001,0.191200003,6,0.5,0: Broadleaf,2,1683651312,387.8523548,399.9802258,18.03344516,14.11421935,396.4704194,18.74180323,600.1913226,101.4449032,0.103830452,24.30491935,24.91175806,999.9,0,0,9998.502581,0,221.2828065,1999.995484,0.980000968,0.019999232,0,2.317112903,0,6124.762903,16306.01613,40.875,42.27,41.46951613,40.312,40.125,1959.995484,40,0,35.39999986,0,2.288712,0.419953833,-58.7623076,6124.3592,15,1683651218,9:53:37,1683651204,1683651218,13,-0.026,0.001,-8.713,-0.774,400,14,0.17,0.03,-12.15715,0.577573734,0.063206503,0,3.9276725,-0.151872946,0.016039387,0,0,2,0/2,100,100,-8.619,-0.7087,-5.510239232,-0.007814304,-3.18E-07,6.48E-10,-0.66164896,-0.027428369,0.001386821,-3.01E-06,5,2011,2,27,1.9,1.7,2,617.168,443.664,22.0033,25.2672,30.0004,25.1791,25.1807,21.3775,33.5046,77.5985,22,400,14.0681,101.245,103.121
25,1683651629,2854,20230509 10:00:29,10:00:29,b7.trihir.1,42.45434529,1683651621,0.003933867,14.43310854,384.1037742,305.7436464,31.04770252,39.00502876,0.339967757,2.956973894,0.319649989,0.201505449,321.4464697,24.90786776,24.2751871,3.044842071,60.78764304,1.825076142,3.002380172,1.219765929,-173.4835544,-37.31423129,-2.646678783,108.0020051,0,0,1,0,54240.43845,RECT-1505-20210918-17_20_47,10288.4,812.936,2752.91,1939.974,0.704699391,-1,MPF-1914-20230509-10_10_32,10220.7,2.266804,2.1612,-0.048863594,0.5,1681.205419,14.43310854,-41.07486977,1,0.009179788,1272.787711,-,0,2.1612,-0.048863594,0.99921494,0.000130251,1.417930756,0,1,2000.006452,1681.205419,0.840599998,0.191199996,6,0.5,0: Broadleaf,2,1683651621,384.1037742,400.042871,17.97251935,14.11057097,392.6008065,18.68506774,600.1891613,101.4432903,0.104862484,24.04111935,24.2751871,999.9,0,0,10012.66097,0,341.8244839,2000.006452,0.980001355,0.019998845,0,2.292283871,0,10374.49677,16306.12258,40.758,42.425,41.403,40.429,40.008,1960.006452,40,0,308.3999999,0,2.266804,0.230192312,-433.7461545,10369.652,15,1683651596,9:59:55,1683651589,1683651596,14,0.091,-0.003,-8.622,-0.777,400,14,0.19,0.04,-15.9517275,0.248446154,0.035972385,0,3.81044,1.127538011,0.11586463,0,0,2,0/2,100,100,-8.497,-0.7149,-5.419307001,-0.007814304,-3.18E-07,6.48E-10,-0.664621868,-0.027428369,0.001386821,-3.01E-06,5,2011,2,27,0.7,0.6,2,618.01,440.872,22.0011,25.2893,30.0008,25.2944,25.3048,21.3911,36.5574,75.7105,22,400,13.932,101.237,103.099
26,1683651667,2891.5,20230509 10:01:06,10:01:06,b7.trihir.1,43.69420245,1683651659,0.003953493,14.54375952,383.9289032,303.4057685,30.81087572,38.98800534,0.332853301,2.953402815,0.313328737,0.197489158,321.4497079,24.95237123,24.30882581,3.050987363,59.78645619,1.800263185,3.011155536,1.250724178,-174.3490614,-34.88543248,-2.478425913,109.736788,0,0,1,0,54126.30303,RECT-1505-20210918-17_20_47,10288.4,812.936,2752.91,1939.974,0.704699391,-1,MPF-1915-20230509-10_11_10,10220.5,2.303465385,2.7392,0.159073677,0.5,1681.224192,14.54375952,133.7192568,1,0.009245501,1004.005111,-,0,2.7392,0.159073677,0.99900498,-0.000537813,1.417632814,0,1,2000.029032,1681.224192,0.840599894,0.191199787,6,0.5,0: Broadleaf,2,1683651659,383.9289032,399.9856129,17.72783871,13.84561935,392.4246452,18.4454,600.1834839,101.4450645,0.105001161,24.08972903,24.30882581,999.9,0,0,9992.216129,0,343.1388065,2000.029032,0.980003,0.0199972,0,2.298083871,0,10147.10645,16306.30968,40.875,42.534,41.47154839,40.57216129,40.125,1960.038387,39.99354839,0,36.5999999,0,2.303465385,0.089911109,-403.7846156,10143.93462,15,1683651596,9:59:55,1683651589,1683651596,14,0.091,-0.003,-8.622,-0.777,400,14,0.19,0.04,-16.0739125,0.195006754,0.056817516,0,3.90748725,-0.489383527,0.048955285,0,0,2,0/2,100,100,-8.496,-0.718,-5.419307001,-0.007814304,-3.18E-07,6.48E-10,-0.664621868,-0.027428369,0.001386821,-3.01E-06,5,2011,2,27,1.3,1.2,2,618.904,440.171,22.0006,25.3659,30.001,25.3531,25.3661,21.3934,34.6169,74.5674,22,400,14.1254,101.216,103.083
27,1683651704,2928.5,20230509 10:01:43,10:01:43,b7.trihir.1,44.33031384,1683651696,0.003899778,14.61032484,383.9001935,302.3853674,30.70736953,38.98523664,0.329578647,2.955874368,0.310439517,0.19565159,321.446459,25.0113134,24.34476129,3.057564218,60.02649915,1.812464534,3.01944068,1.245099684,-171.9801906,-33.34572998,-2.368033658,113.7525048,0,0,1,0,54190.82346,RECT-1505-20210918-17_20_47,10288.4,812.936,2752.91,1939.974,0.704699391,-1,MPF-1916-20230509-10_11_47,10220.1,2.30225,2.3004,-0.000804208,0.5,1681.207848,14.61032484,-0.67602037,1,0.009285184,1195.709268,-,0,2.3004,-0.000804208,0.999164375,2.28E-06,1.417859002,0,1,2000.009677,1681.207848,0.840599857,0.191199714,6,0.5,0: Broadleaf,2,1683651696,383.9001935,400.0021613,17.84792258,14.01905161,392.3956452,18.56304839,600.2042903,101.4451613,0.10528671,24.13550968,24.34476129,999.9,0,0,10006.23226,0,340.1520968,2000.009677,0.98000329,0.0199969,0,2.310693548,0,10038.95161,16306.14839,41,42.647,41.558,40.73374194,40.23780645,1960.019032,39.99064516,0,36,0,2.30225,-0.789111113,-76.79658127,10038.18846,15,1683651596,9:59:55,1683651589,1683651596,14,0.091,-0.003,-8.622,-0.777,400,14,0.19,0.04,-16.13354,0.586061538,0.06535848,0,3.845235,-0.301100713,0.03063877,0,0,2,0/2,100,100,-8.495,-0.7157,-5.419307001,-0.007814304,-3.18E-07,6.48E-10,-0.664621868,-0.027428369,0.001386821,-3.01E-06,5,2011,2,27,1.9,1.8,2,619.043,439.562,22.0006,25.4549,30.0012,25.4253,25.4372,21.3939,34.8972,73.4371,22,400,13.99,101.192,103.064
28,1683651990,3215,20230509 10:06:30,10:06:30,c1.trihir.2,51.66884974,1683651982,0.004788615,21.12045998,377.1825667,282.5105719,28.6871139,38.30044015,0.408765825,2.954100708,0.379742787,0.2397749,321.4459188,24.97343926,24.79911,3.14179368,61.97975569,1.89305967,3.054319348,1.24873401,-211.1779059,-75.18256563,-5.359699494,29.72574781,0,0,1,0,54103.54384,RECT-1505-20210918-17_20_47,10288.4,812.936,2752.91,1939.974,0.704699391,-1,MPF-1917-20230509-10_16_33,10255.7,2.232368,2.2152,-0.00775009,0.5,1681.20252,21.12045998,-6.514735659,1,0.013157522,1241.736547,-,0,2.2152,-0.00775009,0.999195324,2.12E-05,1.41790292,0,1,2000.003,1681.20252,0.840599999,0.191199998,6,0.5,0: Broadleaf,2,1683651982,377.1825667,400.1026,18.64284333,13.94485667,385.6848,19.3402,600.173,101.4398333,0.103672467,24.32704,24.79911,999.9,0,0,9996.690667,0,145.0712,2000.003,0.98,0.0200002,0,2.21255,0,9757.21,16306.08333,41.125,43.03306667,41.875,41.04133333,40.437,1960.003,40,0,285.5999999,0,2.232368,-0.211407679,-835.1876936,9750.2656,15,1683651960,10:06:00,1683651945,1683651960,15,-0.059,0.001,-8.682,-0.781,400,14,0.11,0.04,-22.90124,-0.422690432,0.063328859,0,4.51609675,3.62538788,0.364739438,0,0,2,0/2,100,100,-8.501,-0.702,-5.478235317,-0.007814304,-3.18E-07,6.48E-10,-0.663894533,-0.027428369,0.001386821,-3.01E-06,5,2011,2,27,0.8,0.5,2,602.505,438.239,22,25.7614,30.0001,25.7531,25.7573,21.389,37.5907,71.7082,22,400,13.3996,101.155,103.02
29,1683652028,3252.5,20230509 10:07:07,10:07:07,c1.trihir.2,54.18844746,1683652020,0.004936928,21.70991208,376.3925667,277.2677234,28.1545896,38.22002111,0.400637278,2.954222693,0.372715851,0.235293677,321.4429928,24.99328013,24.84152667,3.149759611,59.95999647,1.837771477,3.064995973,1.311988134,-217.7185055,-72.66445687,-5.182600566,25.87742984,0,0,1,0,54096.53217,RECT-1505-20210918-17_20_47,10288.4,812.936,2752.91,1939.974,0.704699391,-1,MPF-1918-20230509-10_17_11,10255.1,2.372711538,2.42171,0.020233001,0.5,1681.18712,21.70991208,17.00773058,1,0.01350826,1135.762866,-,0,2.42171,0.020233001,0.999120309,-6.05E-05,1.41779647,0,1,1999.984667,1681.18712,0.840600005,0.191200009,6,0.5,0: Broadleaf,2,1683652020,376.3925667,399.9537,18.09846,13.25232333,384.8886333,18.80765333,600.1783,101.4395,0.103475333,24.38528667,24.84152667,999.9,0,0,9997.415667,0,141.607,1999.984667,0.9800009,0.0199993,0,2.379113333,0,9208.795,16305.94333,41.25206667,43.125,41.91013333,41.0809,40.55166667,1959.984667,40,0,36.79999995,0,2.372711538,0.494875212,-802.7764092,9203.558077,15,1683651960,10:06:00,1683651945,1683651960,15,-0.059,0.001,-8.682,-0.781,400,14,0.11,0.04,-23.5679525,-0.318829644,0.097476713,0,4.8786335,-0.592868668,0.059768946,0,0,2,0/2,100,100,-8.495,-0.7097,-5.478235317,-0.007814304,-3.18E-07,6.48E-10,-0.663894533,-0.027428369,0.001386821,-3.01E-06,5,2011,2,27,1.4,1.1,2,603.787,437.832,22.002,25.7857,30.0003,25.7777,25.7877,21.3919,37.3663,70.564,22,400,13.3373,101.153,103.017
30,1683652065,3289.5,20230509 10:07:44,10:07:44,c1.trihir.2,55.76516158,1683652059,0.00495095,22.34248627,375.82765,274.039531,27.82672998,38.1625764,0.400653125,2.954684749,0.372733613,0.235304634,321.4460784,24.99082811,24.838275,3.149148318,59.81509265,1.833466714,3.065224232,1.315681604,-218.3368838,-71.9598001,-5.131488181,26.01790635,0,0,1,0,54109.91116,RECT-1505-20210918-17_20_47,10288.4,812.936,2752.91,1939.974,0.704699391,-1,MPF-1919-20230509-10_17_48,10254.7,2.325619231,3.0876,0.246787398,0.5,1681.20336,22.34248627,207.4499011,1,0.013884392,890.6018914,-,0,3.0876,0.246787398,0.998878423,-0.000940893,1.417453224,0,1,2000.004,1681.20336,0.840599999,0.191199998,6,0.5,0: Broadleaf,2,1683652059,375.82765,400.0229,18.056105,13.196145,384.3195,18.76619,600.1969,101.43935,0.10340875,24.38653,24.838275,999.9,0,0,10000.0525,0,167.47405,2000.004,0.98000225,0.01999795,0,2.31837,0,8721.2765,16306.11,41.3624,43.1933,41.9811,41.125,40.625,1960.004,40,0,36.20000005,0,2.325619231,0.278519664,-563.5121368,8742.086538,15,1683651960,10:06:00,1683651945,1683651960,15,-0.059,0.001,-8.682,-0.781,400,14,0.11,0.04,-24.1609325,-0.411310694,0.065539619,0,4.884913,-0.286265516,0.028753971,0,0,2,0/2,100,100,-8.491,-0.7106,-5.478235317,-0.007814304,-3.18E-07,6.48E-10,-0.663894533,-0.027428369,0.001386821,-3.01E-06,5,2011,2,27,2,1.7,2,604.652,437.162,22.0012,25.8111,30.0002,25.8036,25.8151,21.3947,37.396,69.4211,22,400,13.3151,101.153,103.014
31,1683652362,3586.5,20230509 10:12:41,10:12:41,g2.trihir.2,36.99049994,1683652354,0.004684843,14.74291687,383.5229032,313.5857702,31.843886,38.94583482,0.398559546,2.955176278,0.37092452,0.23415085,321.44508,25.09323102,24.70398065,3.123992202,60.9809281,1.872984112,3.071426052,1.251008089,-206.6015683,-45.19893179,-3.220987689,66.42359219,0,0,1,0,54118.34462,RECT-1505-20210918-17_20_47,10288.4,812.936,2752.91,1939.974,0.704699391,-1,MPF-1920-20230509-10_22_45,10237.4,2.271407692,2.3904,0.049779245,0.5,1681.198103,14.74291687,41.8443863,1,0.009364106,1150.652443,-,0,2.3904,0.049779245,0.999131682,-0.000146805,1.41781261,0,1,1999.997742,1681.198103,0.840600001,0.191200002,6,0.5,0: Broadleaf,2,1683652354,383.5229032,400.0574194,18.44439355,13.84739032,392.0178065,19.13966129,600.1867097,101.4438065,0.103805161,24.42028065,24.70398065,999.9,0,0,10002.4029,0,363.5401613,1999.997742,0.980000613,0.019999087,0,2.254912903,0,5448.414194,16306.04194,41.375,43.34045161,42.19919355,40.937,40.57825806,1959.997419,40,0,296,0,2.271407692,-1.208895724,-218.4711109,5447.295385,15,1683652332,10:12:12,1683652323,1683652332,16,0.057,0.007,-8.623,-0.775,400,13,0.16,0.03,-16.5514625,0.380880675,0.04137003,0,4.45437025,2.695582176,0.274537469,0,0,2,0/2,100,100,-8.495,-0.6982,-5.4216545,-0.007814304,-3.18E-07,6.48E-10,-0.657258503,-0.027428369,0.001386821,-3.01E-06,5,2011,2,27,0.6,0.5,2,619.462,436.957,22.0019,25.5719,30.0001,25.6659,25.6872,21.4129,36.6348,70.1317,22,400,13.5382,101.197,103.061
32,1683652400,3625,20230509 10:13:20,10:13:20,g2.trihir.2,38.87128544,1683652392,0.004690592,14.86537015,383.3093,310.0823209,31.48817831,38.92421713,0.382425484,2.954015047,0.356896442,0.225211787,321.4448258,25.19329391,24.82562,3.146770243,59.70513981,1.844957712,3.090115387,1.301812531,-206.8551204,-48.41249263,-3.455231342,62.72198141,0,0,1,0,54065.72138,RECT-1505-20210918-17_20_47,10288.4,812.936,2752.91,1939.974,0.704699391,-1,MPF-1921-20230509-10_23_23,10235.6,2.150357692,2.0056,-0.072176751,0.5,1681.19942,14.86537015,-60.67175618,1,0.009436935,1371.611687,-,0,2.0056,-0.072176751,0.999271462,0.000178508,1.418010963,0,1,1999.999667,1681.19942,0.84059985,0.191199701,6,0.5,0: Broadleaf,2,1683652392,383.3093,399.9675333,18.16836667,13.5644,391.8026333,18.86957333,600.1831333,101.4437333,0.104069267,24.52163,24.82562,999.9,0,0,9995.820333,0,363.2088,1999.999667,0.9800054,0.019994253,0,2.148436667,0,5266.844,16306.08667,41.562,43.53513333,42.3477,41.0662,40.7395,1960.009,39.99,0,37.79999995,0,2.150357692,0.24314188,-254.1654692,5264.694615,15,1683652332,10:12:12,1683652323,1683652332,16,0.057,0.007,-8.623,-0.775,400,13,0.16,0.03,-16.6647375,0.094204503,0.058474416,1,4.63629025,-0.607512833,0.063006426,0,1,2,2-Jan,100,100,-8.493,-0.7009,-5.4216545,-0.007814304,-3.18E-07,6.48E-10,-0.657258503,-0.027428369,0.001386821,-3.01E-06,5,2011,2,27,1.3,1.1,2,620.193,436.966,22.0015,25.5804,30.0002,25.665,25.6903,21.4127,35.2015,69.0046,22,400,13.7345,101.193,103.058
33,1683652436,3661,20230509 10:13:56,10:13:56,g2.trihir.2,39.59512967,1683652428,0.004640311,14.90159103,383.3149333,308.9030271,31.36840539,38.92476657,0.37634909,2.955283607,0.351606591,0.221841439,321.4409481,25.26138199,24.90402333,3.161528767,59.81392308,1.854456431,3.100375859,1.307072336,-204.6377163,-52.09617019,-3.719048633,60.98801306,0,0,1,0,54092.99838,RECT-1505-20210918-17_20_47,10288.4,812.936,2752.91,1939.974,0.704699391,-1,MPF-1922-20230509-10_23_59,10233.4,2.231936,1.4296,-0.561231114,0.5,1681.173952,14.90159103,-471.7635646,1,0.009458623,1924.650532,-,0,1.4296,-0.561231114,0.999480695,0.0009887,1.418307874,0,1,1999.968667,1681.173952,0.840600145,0.191200291,6,0.5,0: Broadleaf,2,1683652428,383.3149333,399.9898667,18.26191667,13.70781,391.8081667,18.96112667,600.1928,101.4439667,0.103776933,24.57704333,24.90402333,999.9,0,0,10002.99633,0,361.594,1999.968667,0.979993533,0.020006067,0,2.23663,0,5131.688333,16305.76333,41.6954,43.7416,42.49993333,41.2206,40.875,1959.956667,40.009,0,35.20000005,0,2.231936,-0.63600001,-183.9669219,5130.686,15,1683652332,10:12:12,1683652323,1683652332,16,0.057,0.007,-8.623,-0.775,400,13,0.16,0.03,-16.670685,-0.023090432,0.034836314,1,4.581743,-0.597783039,0.059061536,0,1,2,2-Jan,100,100,-8.494,-0.6991,-5.4216545,-0.007814304,-3.18E-07,6.48E-10,-0.657258503,-0.027428369,0.001386821,-3.01E-06,5,2011,2,27,1.9,1.7,2,620.718,436.388,22.0003,25.6002,30.0004,25.6772,25.7045,21.4149,34.0786,67.8609,22,400,13.872,101.19,103.054
34,1683652637,3861.6,20230509 10:17:16,10:17:16,g1.trihir.1,47.03503464,1683652629,0.002926346,11.16966395,387.7771667,302.5871075,30.7236484,39.37355238,0.237475406,2.95456476,0.227358152,0.142971921,321.44544,25.33274216,24.72937667,3.128735891,61.14393395,1.85391645,3.032052946,1.274819441,-129.0518686,-83.52771434,-5.947929507,102.9179275,0,0,1,0,54139.31066,RECT-1505-20210918-17_20_47,10288.4,812.936,2752.91,1939.974,0.704699391,-1,MPF-1923-20230509-10_27_20,10263,2.266611538,3.0916,0.266848383,0.5,1681.2,11.16966395,224.3127509,1,0.007238677,889.4483116,-,0,3.0916,0.266848383,0.99887697,-0.0010187,1.417451162,0,1,2000,1681.2,0.8406,0.1912,6,0.5,0: Broadleaf,2,1683652629,387.7771667,400.0779667,18.25861333,15.38654667,396.5999333,18.96094667,600.1772667,101.4340333,0.102508167,24.20499,24.72937667,999.9,0,0,9999.895667,0,59.7431,2000,0.980000733,0.019999607,0,2.266456667,0,12980.70667,16306.06333,41.9454,43.8603,42.7686,41.5,41.125,1960,40,0,200,0,2.266611538,0.224748719,-1681.323078,12966.90385,15,1683652614,10:16:53,1683652614,1683652611,17,-0.292,-0.003,-8.918,-0.759,400,15,0.34,0.04,-11.12704366,-17.89215449,2.692849735,0,2.585802439,5.05231777,0.626304389,0,0,2,0/2,100,100,-8.821,-0.7038,-5.714033107,-0.007814304,-3.18E-07,6.48E-10,-0.660372795,-0.027428369,0.001386821,-3.01E-06,5,2011,2,27,0.4,0.4,2,614.887,435.857,22.0005,25.8554,30.0009,25.875,25.8936,21.4311,29.616,67.9503,22,400,14.9479,101.139,102.994
35,1683652676,3900.6,20230509 10:17:55,10:17:55,g1.trihir.1,48.06632299,1683652668,0.003093363,11.8332355,386.9509677,299.8280783,30.44429182,39.29067701,0.246185578,2.953267693,0.23532624,0.148014649,321.4480657,25.2499224,24.65814194,3.115445961,59.94213515,1.813106861,3.024761891,1.3023391,-136.4172988,-78.53947852,-5.592036151,100.8992521,0,0,1,0,54108.44114,RECT-1505-20210918-17_20_47,10288.4,812.936,2752.91,1939.974,0.704699391,-1,MPF-1924-20230509-10_27_59,10262.8,2.313926923,2.8008,0.173833575,0.5,1681.213819,11.8332355,146.1257043,1,0.007633315,981.9013139,-,0,2.8008,0.173833575,0.998982604,-0.000600978,1.417601061,0,1,2000.016452,1681.213819,0.840599995,0.19119999,6,0.5,0: Broadleaf,2,1683652668,386.9509677,399.9773871,17.85623226,14.81899032,395.7673548,18.56702581,600.1748387,101.436,0.103162032,24.16485484,24.65814194,999.9,0,0,9992.342581,0,47.79594516,2000.016452,0.98000129,0.01999911,0,2.327867742,0,12086.36774,16306.18387,42,43.75,42.75,41.437,41.129,1960.016452,40,0,38.20000005,0,2.313926923,-0.077247869,-1015.917947,12077.1,15,1683652614,10:16:53,1683652614,1683652611,17,-0.292,-0.003,-8.918,-0.759,400,15,0.34,0.04,-12.99814146,-0.5158223,0.062396525,0,3.070050244,-0.687412056,0.068855933,0,0,2,0/2,100,100,-8.815,-0.7108,-5.714033107,-0.007814304,-3.18E-07,6.48E-10,-0.660372795,-0.027428369,0.001386821,-3.01E-06,5,2011,2,27,1,1.1,2,616.438,435.193,21.9976,25.9342,30.0008,25.9352,25.9563,21.4281,29.7092,67.19,22,400,14.9562,101.123,102.981
36,1683652714,3938.6,20230509 10:18:33,10:18:33,g1.trihir.1,50.14573772,1683652706,0.003073775,12.43313745,386.3874839,295.9269179,30.04871286,39.23416848,0.247940065,2.956192287,0.236939488,0.149034862,321.4437925,25.19056344,24.56926774,3.098934317,60.18463379,1.813524741,3.013268715,1.285409576,-135.5534866,-74.56349457,-5.299619037,106.0271924,0,0,1,0,54206.25437,RECT-1505-20210918-17_20_47,10288.4,812.936,2752.91,1939.974,0.704699391,-1,MPF-1925-20230509-10_28_37,10262.6,2.232548,2.2816,0.021498948,0.5,1681.191329,12.43313745,18.07192257,1,0.007990249,1205.569951,-,0,2.2816,0.021498948,0.999171204,-6.05E-05,1.417868693,0,1,1999.989677,1681.191329,0.840600003,0.191200006,6,0.5,0: Broadleaf,2,1683652706,386.3874839,400.0038065,17.86002581,14.84214194,395.1993871,18.57073548,600.1975484,101.4377097,0.103282516,24.10141613,24.56926774,999.9,0,0,10008.77258,0,65.21506452,1999.989677,0.980001484,0.019998916,0,2.207909677,0,11497.01935,16305.97419,42,43.625,42.75,41.375,41.125,1959.989677,40,0,37.4000001,0,2.232548,-0.917669229,-679.2230769,11485.164,15,1683652614,10:16:53,1683652614,1683652611,17,-0.292,-0.003,-8.918,-0.759,400,15,0.34,0.04,-13.59553659,-0.444397213,0.058898005,0,3.028241707,-0.223556655,0.022485418,0,0,2,0/2,100,100,-8.811,-0.7114,-5.714033107,-0.007814304,-3.18E-07,6.48E-10,-0.660372795,-0.027428369,0.001386821,-3.01E-06,5,2011,2,27,1.7,1.7,2,616.481,434.624,21.9974,26.0032,30.0007,25.9961,26.0161,21.4287,29.7092,66.0629,22,400,14.8918,101.111,102.968
37,1683653188,4412.6,20230509 10:26:27,10:26:27,c5.trihir.2,60.86513248,1683653180,0.004011445,20.25860829,378.2853871,269.12822,27.33047444,38.41558905,0.332844232,2.954328326,0.31332643,0.197487172,321.4451064,25.14186395,24.75327097,3.133204823,61.181723,1.865055811,3.048387198,1.268149012,-176.9047149,-73.05424447,-5.205517261,66.28062977,0,0,1,0,54116.3364,RECT-1505-20210918-17_20_47,10288.4,812.936,2752.91,1939.974,0.704699391,-1,MPF-1926-20230509-10_36_31,10209.7,2.250968,2.474,0.090150364,0.5,1681.202013,20.25860829,75.78048654,1,0.012644886,1111.736459,-,0,2.474,0.090150364,0.999101315,-0.000275191,1.417769516,0,1,2000.002903,1681.202013,0.840599786,0.191199573,6,0.5,0: Broadleaf,2,1683653180,378.2853871,400.0551613,18.36554839,14.42891613,386.7382903,19.0640129,600.1737742,101.4482581,0.103613516,24.2946,24.75327097,999.9,0,0,9997.151935,0,95.30098065,2000.002903,0.980005452,0.019994442,0,2.266448387,0,9947.022903,16306.11613,41.875,43.625,42.625,41.625,41.125,1960.016774,39.98580645,0,473.2,0,2.250968,-0.32820769,-742.8630758,9936.3548,15,1683653162,10:26:02,1683653160,1683653162,18,0.293,0.002,-8.622,-0.767,400,14,0.23,0.02,-21.49781707,-4.606789547,1.006334443,0,3.783945366,2.788251847,0.299191997,0,0,2,0/2,100,100,-8.452,-0.7015,-5.420626239,-0.007814304,-3.18E-07,6.48E-10,-0.658772156,-0.027428369,0.001386821,-3.01E-06,5,2011,2,27,0.5,0.4,2,614.012,428.524,21.999,26.6679,29.9999,26.6379,26.6359,21.4215,36.3183,65.7589,22,400,14.1066,100.973,102.842
38,1683653228,4453.1,20230509 10:27:08,10:27:08,c5.trihir.2,63.22068623,1683653224,0.004074612,20.83459716,377.601125,264.415791,26.85145332,38.34543672,0.32955348,2.954000588,0.310405801,0.195631196,321.445654,25.10827128,24.7176875,3.126551706,59.96410347,1.826036676,3.045216339,1.300515029,-179.690407,-70.14434031,-4.99739066,66.61351604,0,0,1,0,54109.81134,RECT-1505-20210918-17_20_47,10288.4,812.936,2752.91,1939.974,0.704699391,-1,MPF-1927-20230509-10_37_11,10209.4,2.2673,2.84982,0.204405892,0.5,1681.205775,20.83459716,171.8241833,1,0.012987463,964.9943435,-,0,2.84982,0.204405892,0.998964797,-0.000719084,1.417575792,0,1,2000.0075,1681.205775,0.840599735,0.191199471,6,0.5,0: Broadleaf,2,1683653224,377.601125,399.9679375,17.98163125,13.981425,386.048625,18.688275,600.1706875,101.446875,0.1032375,24.2772375,24.7176875,999.9,0,0,9995.42875,0,113.2536875,2000.0075,0.980007,0.019992894,0,2.292525,0,9525.174375,16306.16875,41.937,43.562,42.625,41.562,41.125,1960.025,39.9825,0,39.79999995,0,2.2673,-0.043484616,-381.387693,9542.5768,15,1683653162,10:26:02,1683653160,1683653162,18,0.293,0.002,-8.622,-0.767,400,14,0.23,0.02,-22.30873902,-0.662255749,0.07399405,0,4.024755122,-0.255751777,0.026221149,0,0,2,0/2,100,100,-8.447,-0.7069,-5.420626239,-0.007814304,-3.18E-07,6.48E-10,-0.658772156,-0.027428369,0.001386821,-3.01E-06,5,2011,2,27,1.1,1.1,2,615.375,428.551,21.9984,26.6474,29.9995,26.6318,26.6354,21.4264,36.2923,64.2529,22,400,14.0823,100.98,102.853
39,1683653263,4487.6,20230509 10:27:42,10:27:42,c5.trihir.2,64.75351696,1683653255,0.004062589,21.29878436,377.153129,261.4386259,26.54823959,38.29866989,0.328920889,2.953660879,0.309842307,0.195273296,321.4521005,25.11940059,24.71381613,3.125828613,59.96201037,1.826837605,3.046658365,1.298991008,-179.1601903,-68.26214797,-4.863952967,69.16580925,0,0,1,0,54098.29008,RECT-1505-20210918-17_20_47,10288.4,812.936,2752.91,1939.974,0.704699391,-1,MPF-1928-20230509-10_37_46,10209.2,2.25482,2.2412,-0.006077102,0.5,1681.230339,21.29878436,-5.108503752,1,0.013263373,1227.31965,-,0,2.2412,-0.006077102,0.99918588,1.68E-05,1.417889518,0,1,2000.035484,1681.230339,0.840600256,0.191200511,6,0.5,0: Broadleaf,2,1683653255,377.153129,399.9779677,17.99011613,14.00169032,385.5970645,18.69656452,600.1620323,101.4433548,0.103382935,24.28513548,24.71381613,999.9,0,0,9993.848387,0,114.4677097,2000.035484,0.97999229,0.02000751,0,2.245474194,0,9351.878387,16306.29032,41.95122581,43.5,42.61687097,41.5,41.125,1960.017097,40.01774194,0,33.5999999,0,2.25482,-0.118961533,-187.3153849,9349.7816,15,1683653162,10:26:02,1683653160,1683653162,18,0.293,0.002,-8.622,-0.767,400,14,0.23,0.02,-22.81943659,-0.005851568,0.028039421,1,4.007525366,-0.348458676,0.035339128,0,1,2,2-Jan,100,100,-8.444,-0.7071,-5.420626239,-0.007814304,-3.18E-07,6.48E-10,-0.658772156,-0.027428369,0.001386821,-3.01E-06,5,2011,2,27,1.7,1.7,2,615.814,428.302,21.9984,26.614,29.9995,26.6148,26.6201,21.4292,35.9868,63.1084,22,400,14.0844,100.994,102.861
40,1683653616,4841.1,20230509 10:33:36,10:33:36,g5.trihir.1,41.81258809,1683653608,0.004011656,13.50357921,385.0051667,307.4042997,31.21693524,39.09731051,0.322954876,2.955384735,0.304551407,0.19191066,321.4389496,25.33954135,25.01646667,3.182800507,60.89512987,1.878482084,3.08478213,1.304318423,-176.9140445,-83.44201964,-5.957414658,55.12547088,0,0,1,0,54111.32644,RECT-1505-20210918-17_20_47,10288.4,812.936,2752.91,1939.974,0.704699391,-1,MPF-1929-20230509-10_43_39,10246.4,2.285948,2.1932,-0.042288893,0.5,1681.16584,13.50357921,-35.54732111,1,0.008627096,1254.202444,-,0,2.1932,-0.042288893,0.999203316,0.000114399,1.417914261,0,1,1999.959333,1681.16584,0.840600012,0.191200024,6,0.5,0: Broadleaf,2,1683653608,385.0051667,400.0482667,18.49808333,14.56194,393.4811,19.18821667,600.1989333,101.4451333,0.104959733,24.49276333,25.01646667,999.9,0,0,10003.45533,0,224.6400667,1999.959333,0.98,0.019999967,0,2.292983333,0,7306.453,16305.71333,41.62913333,43.7017,42.40186667,41.6061,40.91426667,1959.959333,40,0,352.8,0,2.285948,1.092161542,-824.1207705,7296.826,15,1683653590,10:33:10,1683653588,1683653590,19,0.029,0.006,-8.593,-0.763,400,14,0.15,0.03,-14.94259024,-1.460617422,0.21955896,0,3.787016829,2.721618397,0.289728254,0,0,2,0/2,100,100,-8.475,-0.6924,-5.391315271,-0.007814304,-3.18E-07,6.48E-10,-0.653211204,-0.027428369,0.001386821,-3.01E-06,5,2011,2,27,0.5,0.4,2,622.15,424.168,22.0036,26.619,30.0018,26.6347,26.6472,21.4663,34.0783,59.617,22,400,14.2006,100.971,102.839
41,1683653651,4875.6,20230509 10:34:10,10:34:10,g5.trihir.1,43.94346859,1683653643,0.004130576,14.2054971,384.1950667,302.8530381,30.75394796,39.01402198,0.323267543,2.954135478,0.304822194,0.192083351,321.4471956,25.38262789,25.07404333,3.19374105,59.76943589,1.851880894,3.098374388,1.341860156,-182.1584189,-80.87339922,-5.780281974,52.63509551,0,0,1,0,54061.12024,RECT-1505-20210918-17_20_47,10288.4,812.936,2752.91,1939.974,0.704699391,-1,MPF-1930-20230509-10_44_14,10245.8,2.253753846,2.96851,0.240779433,0.5,1681.20924,14.2054971,202.4003036,1,0.009044381,926.3709706,-,0,2.96851,0.240779433,0.998921683,-0.00088245,1.417514611,0,1,2000.011,1681.20924,0.840599997,0.191199993,6,0.5,0: Broadleaf,2,1683653643,384.1950667,399.9827,18.23661,14.18259667,392.6646,18.93240667,600.1828333,101.4419333,0.105497567,24.56624667,25.07404333,999.9,0,0,9996.681,0,246.8665667,2000.011,0.9800018,0.019998107,0,2.237686667,0,6858.308,16306.16,41.75,43.8162,42.4853,41.75,41.0186,1960.011,40,0,33.4000001,0,2.253753846,0.215835893,-652.4731628,6858.429231,15,1683653590,10:33:10,1683653588,1683653590,19,0.029,0.006,-8.593,-0.763,400,14,0.15,0.03,-15.74005366,-0.892672474,0.095757359,0,4.108243659,-0.947177143,0.094495873,0,0,2,0/2,100,100,-8.469,-0.6955,-5.391315271,-0.007814304,-3.18E-07,6.48E-10,-0.653211204,-0.027428369,0.001386821,-3.01E-06,5,2011,2,27,1,1,2,623.205,423.472,22.0014,26.7563,30.0017,26.7343,26.7456,21.4707,32.675,58.8569,22,400,14.3845,100.944,102.809
42,1683653687,4911.6,20230509 10:34:46,10:34:46,g5.trihir.1,45.55385283,1683653679,0.004147723,14.8360225,383.5882258,299.5704032,30.41924598,38.95065891,0.32568096,2.953573784,0.306964386,0.193444657,321.4477824,25.40970555,25.09972903,3.198632359,59.94339083,1.860759465,3.104194539,1.337872894,-182.9145881,-79.95143802,-5.717115935,52.86464026,0,0,1,0,54038.77336,RECT-1505-20210918-17_20_47,10288.4,812.936,2752.91,1939.974,0.704699391,-1,MPF-1931-20230509-10_44_50,10245.2,2.206253846,2.566,0.140197254,0.5,1681.214642,14.8360225,117.8508381,1,0.009419394,1071.840998,-,0,2.566,0.140197254,0.999067895,-0.000443928,1.417722093,0,1,2000.017742,1681.214642,0.840599864,0.191199728,6,0.5,0: Broadleaf,2,1683653679,383.5882258,400.0100323,18.32486129,14.25444194,392.0530323,19.01876452,600.1912258,101.4365161,0.106378806,24.59762581,25.09972903,999.9,0,0,9994.028065,0,275.4348065,2000.017742,0.980003065,0.019996835,0,2.227387097,0,6530.981935,16306.21935,41.875,43.933,42.57012903,41.889,41.133,1960.026452,39.99129032,0,35.4000001,0,2.206253846,0.241593148,-398.7528208,6526.020769,15,1683653590,10:33:10,1683653588,1683653590,19,0.029,0.006,-8.593,-0.763,400,14,0.15,0.03,-16.39214634,-0.715289895,0.081398083,0,4.08188439,-0.238065784,0.024424493,0,0,2,0/2,100,100,-8.464,-0.6945,-5.391315271,-0.007814304,-3.18E-07,6.48E-10,-0.653211204,-0.027428369,0.001386821,-3.01E-06,5,2011,2,27,1.6,1.6,2,623.731,422.362,22.0048,26.9021,30.0017,26.8475,26.8534,21.4762,32.9521,57.7237,22,400,14.3272,100.915,102.786
43,1683653959,5184.1,20230509 10:39:19,10:39:19,g8.trihir.1,23.26549135,1683653951,0.006296635,12.31952824,385.3853226,337.5456716,34.27477969,39.13247344,0.529519366,2.953169356,0.48187236,0.305093039,321.4496332,24.90274046,25.15232581,3.208668754,61.52184042,1.915306082,3.11321324,1.293362673,-277.6815987,-80.58914791,-5.766441692,-42.58755512,0,0,1,0,54018.00887,RECT-1505-20210918-17_20_47,10288.4,812.936,2752.91,1939.974,0.704699391,-1,MPF-1932-20230509-10_49_22,10233.8,2.294423077,2.86945,0.200396216,0.5,1681.220013,12.31952824,168.4550647,1,0.007922537,958.385945,-,0,2.86945,0.200396216,0.998957667,-0.000709851,1.417565674,0,1,2000.023548,1681.220013,0.840600109,0.191200218,6,0.5,0: Broadleaf,2,1683653951,385.3853226,400.1266129,18.86236129,12.68653548,394.0593871,19.5321,600.1981613,101.433871,0.107290935,24.64614839,25.15232581,999.9,0,0,9991.994516,0,69.81750968,2000.023548,0.979996032,0.020003561,0,2.272122581,0,15987.80645,16306.23226,42.125,43.913,42.875,42.187,41.375,1960.015806,40.00774194,0,271.8,0,2.294423077,-0.182557266,-2403.753846,15961.86154,15,1683653928,10:38:47,1683653925,1683653928,20,-0.194,0.013,-8.789,-0.767,400,13,0.29,0.01,-14.74772683,0.01101115,0.037163285,1,6.033720244,2.267243415,0.284971808,0,1,2,2-Jan,100,100,-8.673,-0.675,-5.584899373,-0.007814304,-3.18E-07,6.48E-10,-0.640711075,-0.027428369,0.001386821,-3.01E-06,5,2011,2,27,0.6,0.5,2,622.819,419.955,22.0004,27.5163,30.0001,27.4192,27.41,21.4495,41.9933,56.2593,22,400,12.3886,100.818,102.7
44,1683654006,5230.6,20230509 10:40:05,10:40:05,g8.trihir.1,28.05741122,1683653998,0.006106104,13.76934597,383.8834516,327.8248353,33.28752278,38.979747,0.490756109,2.95443447,0.449555289,0.28438498,321.4487666,24.97846389,25.17219355,3.212467025,59.90023897,1.867789118,3.118166388,1.344677907,-269.2792003,-79.55187496,-5.691114827,-33.07342351,0,0,1,0,54050.39553,RECT-1505-20210918-17_20_47,10288.4,812.936,2752.91,1939.974,0.704699391,-1,MPF-1933-20230509-10_50_09,10232.9,2.341626923,2.184,-0.0721735,0.5,1681.214681,13.76934597,-60.66957352,1,0.008784926,1259.489927,-,0,2.184,-0.0721735,0.999206658,0.000194421,1.417919003,0,1,2000.017097,1681.214681,0.840600155,0.191200309,6,0.5,0: Broadleaf,2,1683653998,383.8834516,399.9912581,18.39450968,12.40279677,392.5456774,19.07468065,600.2075484,101.4336452,0.106931387,24.67274516,25.17219355,999.9,0,0,9999.194516,0,69.19581935,2000.017097,0.979994516,0.020005113,0,2.369990323,0,13975.18387,16306.17097,42.24593548,43.806,42.921,42.11077419,41.437,1960.006452,40.01064516,0,45.29999995,0,2.341626923,-0.522895741,-2425.463248,13965.52308,15,1683653928,10:38:47,1683653925,1683653928,20,-0.194,0.013,-8.789,-0.767,400,13,0.29,0.01,-16.00297073,-1.997690592,0.200524092,0,6.019734634,-0.475553519,0.051024133,0,0,2,0/2,100,100,-8.66,-0.6797,-5.584899373,-0.007814304,-3.18E-07,6.48E-10,-0.640711075,-0.027428369,0.001386821,-3.01E-06,5,2011,2,27,1.4,1.3,2,623.568,419.869,22.001,27.5363,30.0002,27.456,27.4547,21.4452,40.7369,54.3397,22,400,12.5581,100.816,102.7
45,1683654042,5267.1,20230509 10:40:42,10:40:42,g8.trihir.1,30.69776197,1683654034,0.006116235,15.0602795,382.6003667,322.045481,32.70078438,38.8495813,0.490598615,2.953002826,0.449404879,0.284290344,321.4432009,24.98331036,25.18738333,3.215373624,59.88164977,1.868031147,3.119538546,1.347342477,-269.725961,-80.75960615,-5.780972979,-34.82333926,0,0,1,0,54006.93327,RECT-1505-20210918-17_20_47,10288.4,812.936,2752.91,1939.974,0.704699391,-1,MPF-1934-20230509-10_50_45,10232.4,2.369219231,5.12897,0.538071147,0.5,1681.18547,15.0602795,452.2986968,1,0.009552949,535.7373956,-,0,5.12897,0.538071147,0.998136892,-0.003416349,1.416400957,0,1,1999.982333,1681.18547,0.84060016,0.191200321,6,0.5,0: Broadleaf,2,1683654034,382.6003667,399.9947333,18.39683667,12.39518667,391.2524333,19.07696667,600.2065,101.4331667,0.107722167,24.68010667,25.18738333,999.9,0,0,9991.119333,0,91.51006,1999.982333,0.9799948,0.0200049,0,2.365806667,0,12591.48,16305.88333,42.29546667,43.7206,42.937,42.01446667,41.4937,1959.972,40.01033333,0,35.4000001,0,2.369219231,1.178362387,-1879.066668,12591.65769,15,1683653928,10:38:47,1683653925,1683653928,20,-0.194,0.013,-8.789,-0.767,400,13,0.29,0.01,-17.32913902,-1.506673171,0.153624193,0,6.031127805,-0.644146411,0.064522121,0,0,2,0/2,100,100,-8.65,-0.6809,-5.584899373,-0.007814304,-3.18E-07,6.48E-10,-0.640711075,-0.027428369,0.001386821,-3.01E-06,5,2011,2,27,2,1.9,2,623.614,419.862,21.9982,27.5484,30.0002,27.4839,27.4861,21.4427,39.9186,52.8121,22,400,12.6213,100.813,102.696
46,1683654903,6127.5,20230509 10:55:02,10:55:02,j1.trihir.2,45.8137347,1683654895,0.006109421,24.11468909,373.6703,287.5402716,29.19304004,37.93754513,0.526363748,2.955113799,0.479283954,0.303430712,321.446504,25.07457318,24.94914667,3.170050111,60.8441919,1.908257225,3.136301372,1.261792886,-269.4254461,-28.57121745,-2.042208396,21.40763204,0,0,1,0,54052.48202,RECT-1505-20210918-17_20_47,10288.4,812.936,2752.91,1939.974,0.704699391,-1,MPF-1935-20230509-11_05_06,10188.7,2.256723077,1.7336,-0.301755351,0.5,1681.2056,24.11468909,-253.6563932,1,0.0149385,1586.973004,-,0,1.7336,-0.301755351,0.999370266,0.000644874,1.418151171,0,1,2000.006667,1681.2056,0.840599998,0.191199996,6,0.5,0: Broadleaf,2,1683654895,373.6703,400.0603667,18.79560333,12.80272333,382.1423667,19.4556,600.1712333,101.4209333,0.105854133,24.76981,24.94914667,999.9,0,0,10004.304,0,222.1423333,2000.006667,0.9800015,0.0199987,0,2.244076667,0,11859.96,16306.11333,42.8204,44.5704,43.4832,42.5662,42,1960.006667,40,0,859.8,0,2.256723077,0.333716231,-253.025641,11858.18462,15,1683654881,10:54:40,1683654873,1683654881,21,0.109,0.012,-8.679,-0.758,400,12,0.17,0.02,-23.49068266,-43.68255052,6.60113555,0,5.312852878,11.96956909,1.516774017,0,0,2,0/2,100,100,-8.473,-0.6624,-5.475594583,-0.007814304,-3.18E-07,6.48E-10,-0.62917266,-0.027428369,0.001386821,-3.01E-06,5,2011,2,27,0.5,0.4,2,620.497,413.395,22.0015,27.3659,30.0016,27.3628,27.3774,21.3923,48.2953,50.9239,22,400,12.3375,100.826,102.703
47,1683654941,6165.5,20230509 10:55:40,10:55:40,j1.trihir.2,45.00488582,1683654933,0.006356261,24.16399712,373.4803571,288.4778827,29.28781493,37.91771999,0.536919418,2.953462422,0.488001551,0.309023789,321.4447073,25.02972719,24.94193929,3.168687683,59.84998515,1.879186169,3.139827293,1.289501514,-280.3111039,-24.4117839,-1.745978792,14.97584065,0,0,1,0,54000.46189,RECT-1505-20210918-17_20_47,10288.4,812.936,2752.91,1939.974,0.704699391,-1,MPF-1936-20230509-11_05_44,10187.9,2.283826923,2.4796,0.078953491,0.5,1681.1988,24.16399712,66.36825738,1,0.014967889,1109.223423,-,0,2.4796,0.078953491,0.99909928,-0.000241559,1.41776663,0,1,1999.998929,1681.1988,0.84059985,0.191199701,6,0.5,0: Broadleaf,2,1683654933,373.4803571,400.0104286,18.50952857,12.27276786,381.9510357,19.17591071,600.1778571,101.4191429,0.106196464,24.788625,24.94193929,999.9,0,0,9995.108214,0,217.1918214,1999.998929,0.980003,0.0199972,0,2.260735714,0,11720.06429,16306.06786,43,44.705,43.616,42.696,42.13828571,1960.008929,39.99,0,37,0,2.283826923,-0.423989743,-132.4102565,11721.18462,15,1683654881,10:54:40,1683654873,1683654881,21,0.109,0.012,-8.679,-0.758,400,12,0.17,0.02,-26.53282683,0.038107317,0.044128703,1,6.269258049,-0.476987456,0.054936358,0,1,2,2-Jan,100,100,-8.471,-0.6668,-5.475594583,-0.007814304,-3.18E-07,6.48E-10,-0.62917266,-0.027428369,0.001386821,-3.01E-06,5,2011,2,27,1.1,1,2,623.088,411.924,22.0005,27.519,30.0017,27.4766,27.4915,21.3844,48.3209,48.2392,22,400,12.3802,100.789,102.666
48,1683654977,6201.5,20230509 10:56:16,10:56:16,j1.trihir.2,45.38046695,1683654970,0.006392522,24.2527903,373.3738846,287.6922894,29.2074932,37.90617822,0.534432366,2.955068033,0.485968536,0.307717547,321.4456183,25.08764489,25.01864615,3.183214049,59.66918817,1.881064595,3.152489003,1.302149454,-281.9102153,-25.90562137,-1.853158595,11.77662306,0,0,1,0,54035.41062,RECT-1505-20210918-17_20_47,10288.4,812.936,2752.91,1939.974,0.704699391,-1,MPF-1937-20230509-11_06_20,10187.2,2.235815385,2.732,0.181619552,0.5,1681.203288,24.2527903,152.6696938,1,0.015020664,1006.653734,-,0,2.732,0.181619552,0.999007596,-0.000612419,1.417636525,0,1,2000.004231,1681.203288,0.840599866,0.191199732,6,0.5,0: Broadleaf,2,1683654970,373.3738846,400.0059231,18.52838846,12.25608846,381.8436923,19.19434231,600.1701538,101.4173846,0.105993923,24.85603846,25.01864615,999.9,0,0,10004.39423,0,223.1207308,2000.004231,0.980004385,0.019995815,0,2.205396154,0,11640.71538,16306.11154,43.15838462,44.83623077,43.75,42.85076923,42.29769231,1960.013077,39.99115385,0,35.4000001,0,2.235815385,-0.796950435,-75.7094016,11641.19615,15,1683654881,10:54:40,1683654873,1683654881,21,0.109,0.012,-8.679,-0.758,400,12,0.17,0.02,-26.66298537,0.398657143,0.059553946,0,6.293472927,-0.308199512,0.032417999,0,0,2,0/2,100,100,-8.471,-0.6665,-5.475594583,-0.007814304,-3.18E-07,6.48E-10,-0.62917266,-0.027428369,0.001386821,-3.01E-06,5,2011,2,27,1.7,1.6,2,623.345,410.501,22.0035,27.6778,30.002,27.6018,27.6143,21.3849,48.3209,45.9277,22,400,12.3131,100.755,102.631
49,1683655397,6622,20230509 11:03:17,11:03:17,h4.trihir.1,18.3381627,1683655389,0.003764314,5.782203167,392.6686129,354.3490393,35.96970088,39.85949158,0.315309841,2.955482878,0.297742467,0.187585791,321.4482546,26.0600474,25.06126774,3.191310638,60.48251181,1.940384116,3.208173831,1.250926521,-166.006229,14.0960955,1.009930706,170.5480518,0,0,1,0,53994.0701,RECT-1505-20210918-17_20_47,10288.4,812.936,2752.91,1939.974,0.704699391,-1,MPF-1938-20230509-11_13_20,10225,2.272846154,2.0736,-0.096087073,0.5,1681.211729,5.782203167,-80.77135677,1,0.004034116,1326.599344,-,0,2.0736,-0.096087073,0.999246761,0.000245721,1.417975911,0,1,2000.013548,1681.211729,0.84060017,0.19120034,6,0.5,0: Broadleaf,2,1683655389,392.6686129,399.926871,19.11534516,15.42404194,401.2562903,19.79695484,600.1713548,101.4036452,0.105592581,25.14973548,25.06126774,999.9,0,0,10008.10548,0,354.8905484,2000.013548,0.979994774,0.0200055,0,2.263925806,0,6722.020323,16306.13871,43.49593548,45.22154839,44.125,43.389,42.647,1960.001935,40.0116129,0,419.8,0,2.272846154,0.384649573,-1035.349061,6707.661538,15,1683655375,11:02:54,1683655373,1683655375,22,0.033,-0.03,-8.644,-0.763,400,15,0.21,0.03,-6.367994585,-13.3003856,1.876594147,0,3.291803778,7.211962077,0.928428139,0,0,2,0/2,100,100,-8.588,-0.6801,-5.442791956,-0.007814304,-3.18E-07,6.48E-10,-0.658840881,-0.027428369,0.001386821,-3.01E-06,5,2011,2,27,0.4,0.4,2,620.984,410.247,22.0041,28.3213,30.0004,28.3092,28.3144,21.4473,34.6225,36.4513,22,400,14.9599,100.673,102.55
50,1683655433,6657.5,20230509 11:03:52,11:03:52,h4.trihir.1,17.76165586,1683655426,0.00412498,5.979128476,392.3478846,354.6761971,36.00236644,39.82633295,0.336631254,2.953205548,0.316673969,0.199615643,321.4451237,26.09456511,25.19603077,3.217029356,59.65280014,1.928306326,3.232549556,1.28872303,-181.9116143,12.87545043,0.924404821,153.3333647,0,0,1,0,53904.15221,RECT-1505-20210918-17_20_47,10288.4,812.936,2752.91,1939.974,0.704699391,-1,MPF-1939-20230509-11_13_56,10224.7,2.276476923,2.2005,-0.034527118,0.5,1681.195477,5.979128476,-29.02341727,1,0.004151289,1250.0384,-,0,2.2005,-0.034527118,0.999200664,9.37E-05,1.417910498,0,1,1999.994231,1681.195477,0.840600163,0.191200326,6,0.5,0: Broadleaf,2,1683655426,392.3478846,399.9432308,18.99665,14.95120769,400.933,19.68103077,600.1745385,101.402,0.105704038,25.2769,25.19603077,999.9,0,0,9995.340385,0,360.7243462,1999.994231,0.979995269,0.020004988,0,2.268503846,0,6239.325385,16305.98077,43.61046154,45.34107692,44.20153846,43.55246154,42.77384615,1959.983846,40.01076923,0,34.60000014,0,2.276476923,0.215972639,-694.4205128,6248.596154,15,1683655375,11:02:54,1683655373,1683655375,22,0.033,-0.03,-8.644,-0.763,400,15,0.21,0.03,-7.541673902,-0.78010892,0.083960003,0,4.098425854,-0.822082369,0.081450133,0,0,2,0/2,100,100,-8.586,-0.6839,-5.442791956,-0.007814304,-3.18E-07,6.48E-10,-0.658840881,-0.027428369,0.001386821,-3.01E-06,5,2011,2,27,1,1,2,622.112,410.539,21.9997,28.3555,30.0003,28.328,28.3378,21.4583,32.6421,35.3,22,400,15.1498,100.67,102.547
51,1683655467,6692,20230509 11:04:27,11:04:27,h4.trihir.1,19.61337129,1683655459,0.00410777,6.512034429,391.8333333,351.0366727,35.63289496,39.77406662,0.332020147,2.953818336,0.312592703,0.197021122,321.4464273,26.2132078,25.33101667,3.242971979,59.70405575,1.94313927,3.254618544,1.299832709,-181.1526418,9.601487483,0.690069489,150.5853424,0,0,1,0,53901.45302,RECT-1505-20210918-17_20_47,10288.4,812.936,2752.91,1939.974,0.704699391,-1,MPF-1940-20230509-11_14_30,10223.9,2.311104,4.13561,0.441169743,0.5,1681.20254,6.512034429,370.8478461,1,0.004468251,664.6599631,-,0,4.13561,0.441169743,0.998497731,-0.002255817,1.416913005,0,1,2000.002667,1681.20254,0.840600149,0.191200298,6,0.5,0: Broadleaf,2,1683655459,391.8333333,399.9526333,19.14279333,15.11479667,400.4144333,19.82378667,600.1696333,101.4014333,0.106180333,25.39131,25.33101667,999.9,0,0,9998.873667,0,360.8338,2000.002667,0.9799973,0.0200029,0,2.30487,0,5862.597667,16306.06333,43.6891,45.4727,44.28926667,43.7143,42.8936,1959.992667,40.01,0,33.79999995,0,2.311104,0.03901538,-577.3984624,5855.8268,15,1683655375,11:02:54,1683655373,1683655375,22,0.033,-0.03,-8.644,-0.763,400,15,0.21,0.03,-8.063002439,-1.022258885,0.111223018,0,4.06381561,-0.640761324,0.065397735,0,0,2,0/2,100,100,-8.581,-0.6803,-5.442791956,-0.007814304,-3.18E-07,6.48E-10,-0.658840881,-0.027428369,0.001386821,-3.01E-06,5,2011,2,27,1.6,1.5,2,622.36,410.715,22.0054,28.3877,30.0003,28.3517,28.3632,21.469,31.7605,34.1472,22,400,15.2084,100.668,102.545
52,1683655742,6966.5,20230509 11:09:01,11:09:01,h7.trihir.2,36.72639413,1683655734,0.005191767,15.34809342,382.7382903,312.6665349,31.73456753,38.84660738,0.41790363,2.953276222,0.387612208,0.244795972,321.4442005,25.70897671,25.66594194,3.308131396,61.78189131,1.984106176,3.21146882,1.32402522,-228.9569466,-79.44416078,-5.713967139,7.329126021,0,0,1,0,53925.85622,RECT-1505-20210918-17_20_47,10288.4,812.936,2752.91,1939.974,0.704699391,-1,MPF-1941-20230509-11_19_05,10200.5,2.223638462,2.14562,-0.036361733,0.5,1681.190817,15.34809342,-30.56550579,1,0.009724115,1282.037071,-,0,2.14562,-0.036361733,0.999220599,9.62E-05,1.417938787,0,1,1999.98871,1681.190817,0.840600154,0.191200307,6,0.5,0: Broadleaf,2,1683655734,382.7382903,400.0682581,19.5485129,14.45976774,391.3683548,20.21906129,600.1805161,101.3907419,0.105785484,25.16697419,25.66594194,999.9,0,0,9996.85129,0,349.5023548,1999.98871,0.979994774,0.020004726,0,2.218974194,0,6312.765806,16305.94194,43.679,45.48780645,44.35874194,43.629,42.87093548,1959.978065,40.01,0,273.8,0,2.223638462,0.698400001,-554.8581198,6306.6,15,1683655710,11:08:30,1683655704,1683655710,23,-0.119,0.001,-8.765,-0.77,400,14,0.14,0.02,-17.3087878,-0.502714286,0.062641003,0,4.936736829,3.036005645,0.313356484,0,0,2,0/2,100,100,-8.63,-0.6759,-5.561904662,-0.007814304,-3.18E-07,6.48E-10,-0.658097122,-0.027428369,0.001386821,-3.01E-06,5,2011,2,27,0.6,0.5,2,624.001,410.387,22.0026,28.101,30.0003,28.1518,28.1642,21.4834,35.4185,33.1448,22,400,13.9829,100.737,102.602
53,1683655779,7003.5,20230509 11:09:38,11:09:38,h7.trihir.2,38.86351623,1683655771,0.005314898,15.79354018,382.1671935,308.2429847,31.28468031,38.78751202,0.406384746,2.954288798,0.377687811,0.238464102,321.4463282,25.76115276,25.73998387,3.322689575,59.8407411,1.931420306,3.227600913,1.391269269,-234.3870074,-77.85710452,-5.602352874,3.599863446,0,0,1,0,53940.2967,RECT-1505-20210918-17_20_47,10288.4,812.936,2752.91,1939.974,0.704699391,-1,MPF-1942-20230509-11_19_42,10199.3,2.243292,1.5688,-0.429941356,0.5,1681.20437,15.79354018,-361.4096436,1,0.009988994,1753.787098,-,0,1.5688,-0.429941356,0.99943013,0.000831303,1.418236121,0,1,2000.005161,1681.20437,0.840600016,0.191200031,6,0.5,0: Broadleaf,2,1683655771,382.1671935,399.9860323,19.02997742,13.81794194,390.7928065,19.71288065,600.1980323,101.3876774,0.105890516,25.25115161,25.73998387,999.9,0,0,10002.90097,0,348.9898387,2000.005161,0.979997097,0.020002403,0,2.249554839,0,5996.373871,16306.08065,43.784,45.562,44.389,43.756,42.97154839,1959.995161,40.00096774,0,36.29999995,0,2.243292,-0.87247694,-405.5200006,5988.8816,15,1683655710,11:08:30,1683655704,1683655710,23,-0.119,0.001,-8.765,-0.77,400,14,0.14,0.02,-17.80505122,-0.164761672,0.039052448,0,5.233883902,-0.507651429,0.052719192,0,0,2,0/2,100,100,-8.625,-0.6838,-5.561904662,-0.007814304,-3.18E-07,6.48E-10,-0.658097122,-0.027428369,0.001386821,-3.01E-06,5,2011,2,27,1.2,1.1,2,624.85,409.934,22.0044,28.1257,30.0005,28.1556,28.1737,21.4885,34.2747,31.6194,22,400,14.014,100.726,102.597
54,1683655816,7041,20230509 11:10:16,11:10:16,h7.trihir.2,40.53500079,1683655808,0.00530445,16.29399581,381.6807097,304.9291067,30.94783456,38.73750062,0.401973492,2.952244181,0.373855088,0.236021644,321.4453552,25.81850069,25.79356129,3.333258876,59.62170273,1.930582206,3.238052785,1.402676671,-233.9262402,-77.68153939,-5.596625026,4.240950554,0,0,1,0,53870.43347,RECT-1505-20210918-17_20_47,10288.4,812.936,2752.91,1939.974,0.704699391,-1,MPF-1943-20230509-11_20_19,10198.6,2.234276,3.08733,0.276308007,0.5,1681.199468,16.29399581,232.2644374,1,0.010286701,890.6798658,-,0,3.08733,0.276308007,0.998878521,-0.00105335,1.417453363,0,1,1999.999355,1681.199468,0.840600005,0.19120001,6,0.5,0: Broadleaf,2,1683655808,381.6807097,399.9934516,19.02203226,13.82014839,390.3026129,19.7051129,600.192,101.3862903,0.105610194,25.30549355,25.79356129,999.9,0,0,9991.434516,0,349.3118387,1999.999355,0.979998839,0.020000661,0,2.246674194,0,5791.39,16306.05806,43.875,45.665,44.47358065,43.915,43.07419355,1959.999032,40.00032258,0,36.4000001,0,2.234276,-0.474984604,-199.2953848,5789.8108,15,1683655710,11:08:30,1683655704,1683655710,23,-0.119,0.001,-8.765,-0.77,400,14,0.14,0.02,-18.29743415,-0.420284321,0.057404749,0,5.214127317,-0.255152195,0.02571832,0,0,2,0/2,100,100,-8.621,-0.684,-5.561904662,-0.007814304,-3.18E-07,6.48E-10,-0.658097122,-0.027428369,0.001386821,-3.01E-06,5,2011,2,27,1.9,1.8,2,624.685,409.446,22.0013,28.1753,30.0007,28.181,28.199,21.4885,33.1403,30.4867,22,400,14.0006,100.715,102.587
55,1683656139,7364.1,20230509 11:15:39,11:15:39,j6.trihir.2,32.38433768,1683656131,0.004940341,14.53174242,383.6179667,321.425092,32.62064661,38.93244939,0.448727486,2.955336922,0.414023897,0.261658897,321.443578,25.55867673,24.67619667,3.118809671,61.12359974,1.937979282,3.170590885,1.180830389,-217.869039,43.94428991,3.139370164,150.6581991,0,0,1,0,54025.12266,RECT-1505-20210918-17_20_47,10288.4,812.936,2752.91,1939.974,0.704699391,-1,MPF-1944-20230509-11_25_42,10207,2.273657692,3.06031,0.257049877,0.5,1681.1902,14.53174242,216.0748667,1,0.00923854,898.5526597,-,0,3.06031,0.257049877,0.998888336,-0.000971325,1.417467291,0,1,1999.988333,1681.1902,0.840600004,0.191200007,6,0.5,0: Broadleaf,2,1683656131,383.6179667,400.0398,19.09573333,14.25124,392.1969667,19.76927333,600.1868,101.3813333,0.1062214,24.95200667,24.67619667,999.9,0,0,10009.479,0,178.8408333,1999.988333,0.9799983,0.0200014,0,2.240073333,0,11347.02333,16305.96,43.562,45.15393333,44.2748,43.187,42.6912,1959.988333,40,0,322.2,0,2.273657692,0.513699155,-1141.979486,11343.89615,15,1683656114,11:15:14,1683656104,1683656114,24,0.058,0.008,-8.707,-0.766,400,14,0.25,0.07,-16.18008,-3.685783114,0.835878425,0,4.66719125,3.262061426,0.343802918,0,0,2,0/2,100,100,-8.579,-0.6751,-5.504330398,-0.007814304,-3.18E-07,6.48E-10,-0.65008794,-0.027428369,0.001386821,-3.01E-06,5,2011,2,27,0.6,0.4,2,624.475,408.172,21.9999,28.0229,30.0009,28.0963,28.1168,21.5046,34.127,33.373,22,400,13.7861,100.737,102.597
56,1683656176,7401.1,20230509 11:16:16,11:16:16,j6.trihir.2,32.32226503,1683656168,0.00517679,14.74389271,383.2327742,320.8767394,32.56551693,38.89397973,0.456152831,2.951865772,0.420301739,0.265674465,321.4431747,25.50756373,24.6706871,3.117782867,59.84970506,1.898650072,3.172363289,1.219132795,-228.296428,46.26074499,3.308807857,142.7162996,0,0,1,0,53921.46678,RECT-1505-20210918-17_20_47,10288.4,812.936,2752.91,1939.974,0.704699391,-1,MPF-1945-20230509-11_26_19,10206.7,2.416046154,2.3532,-0.026706678,0.5,1681.188077,14.74389271,-22.44947403,1,0.009364742,1168.858066,-,0,2.3532,-0.026706678,0.999145195,7.75E-05,1.417831785,0,1,1999.985806,1681.188077,0.840600004,0.191200009,6,0.5,0: Broadleaf,2,1683656168,383.2327742,399.9560968,18.70790645,13.62932581,391.8087097,19.39032258,600.1609355,101.3832258,0.105953484,24.96137742,24.6706871,999.9,0,0,9989.59,0,177.2811935,1999.985806,0.98000071,0.01999899,0,2.40493871,0,10642.69677,16305.94516,43.61687097,45.125,44.256,43.171,42.72967742,1959.985806,40,0,36,0,2.416046154,-0.112936751,-1002.984616,10636.68846,15,1683656114,11:15:14,1683656104,1683656114,24,0.058,0.008,-8.707,-0.766,400,14,0.25,0.07,-16.7080025,-0.685284428,0.089414516,0,5.1237715,-0.94727167,0.092382473,0,0,2,0/2,100,100,-8.575,-0.6823,-5.504330398,-0.007814304,-3.18E-07,6.48E-10,-0.65008794,-0.027428369,0.001386821,-3.01E-06,5,2011,2,27,1.2,1,2,626.098,407.446,22.002,28.1046,30.0012,28.151,28.1759,21.5077,32.9961,32.2339,22,400,13.7898,100.713,102.575
57,1683656211,7436.1,20230509 11:16:51,11:16:51,j6.trihir.2,33.81266487,1683656203,0.005171394,15.36207191,382.6404839,317.7620493,32.24985818,38.83440884,0.454328932,2.953964864,0.418775152,0.264696595,321.4453268,25.53249964,24.70782581,3.12471003,59.88430642,1.90245717,3.176887708,1.222252861,-228.0584865,44.18532182,3.159088032,140.7312501,0,0,1,0,53978.83635,RECT-1505-20210918-17_20_47,10288.4,812.936,2752.91,1939.974,0.704699391,-1,MPF-1946-20230509-11_26_54,10204.2,2.343773077,2.2232,-0.054234022,0.5,1681.201887,15.36207191,-45.58916977,1,0.009732366,1237.264664,-,0,2.2232,-0.054234022,0.999192418,0.000148725,1.417898797,0,1,2000.002581,1681.201887,0.840599859,0.191199718,6,0.5,0: Broadleaf,2,1683656203,382.6404839,399.9759032,18.74515806,13.67229355,391.2117097,19.42672903,600.1881935,101.3845161,0.106074839,24.98527742,24.70782581,999.9,0,0,10001.37387,0,190.1783871,2000.002581,0.980002839,0.019996861,0,2.353093548,0,10060.99452,16306.09677,43.683,45.141,44.312,43.187,42.75,1960.011613,39.99064516,0,34.19999981,0,2.343773077,0.483900854,-809.3035905,10053.76577,15,1683656114,11:15:14,1683656104,1683656114,24,0.058,0.008,-8.707,-0.766,400,14,0.25,0.07,-17.3266225,-0.371469794,0.05833533,0,5.09386375,-0.391741351,0.042461216,0,0,2,0/2,100,100,-8.57,-0.6821,-5.504330398,-0.007814304,-3.18E-07,6.48E-10,-0.65008794,-0.027428369,0.001386821,-3.01E-06,5,2011,2,27,1.8,1.6,2,626.163,407.037,22.0013,28.204,30.0014,28.2237,28.2478,21.5122,31.7776,31.0956,22,400,13.8121,100.689,102.553
58,1683656528,7753.1,20230509 11:22:08,11:22:08,d2.trihir.2,53.05557293,1683656520,0.006098504,26.83745916,370.9828,272.5092586,27.65583936,37.64951245,0.505836761,2.952719568,0.462162391,0.292460576,321.451037,25.18261448,25.27255667,3.231714336,61.04468172,1.926582058,3.156019499,1.305132278,-268.9440315,-63.31875865,-4.539337328,-15.35109043,0,0,1,0,53962.11296,RECT-1505-20210918-17_20_47,10288.4,812.936,2752.91,1939.974,0.704699391,-1,MPF-1947-20230509-11_32_11,10244.3,2.278080769,2.712,0.159999716,0.5,1681.23167,26.83745916,134.4982952,1,0.016557777,1014.084808,-,0,2.712,0.159999716,0.999014861,-0.000535555,1.417646834,0,1,2000.038,1681.23167,0.840599864,0.191199727,6,0.5,0: Broadleaf,2,1683656520,370.9828,400.0740333,18.98374667,13.00279667,379.4243333,19.64908667,600.1787333,101.3779,0.107970633,24.87479333,25.27255667,999.9,0,0,9994.958667,0,364.0530333,2000.038,0.980006067,0.019993777,0,2.262656667,0,12341.55333,16306.39333,43.30786667,45,44.05786667,42.812,42.375,1960.046,39.99166667,0,316.3999999,0,2.278080769,-0.024399988,-837.4598291,12334.53462,15,1683656503,11:21:43,1683656498,1683656503,25,0.038,0.011,-8.669,-0.765,400,13,0.06,0.03,-28.70565,-6.374611632,1.33129594,0,5.7589935,4.010932908,0.425435201,0,0,2,0/2,100,100,-8.442,-0.6683,-5.466152851,-0.007814304,-3.18E-07,6.48E-10,-0.639035742,-0.027428369,0.001386821,-3.01E-06,5,2011,2,27,0.5,0.4,2,621.899,406.223,22.0008,28.1502,29.9997,28.2389,28.252,21.5142,38.1717,34.2464,22,400,12.6361,100.714,102.579
59,1683656564,7789.1,20230509 11:22:44,11:22:44,d2.trihir.2,55.60128962,1683656558,0.006169253,27.07645121,370.5975909,267.7267399,27.17048281,37.61042127,0.486975237,2.954007205,0.446373355,0.282348626,321.4450878,25.18609585,25.40860455,3.257965983,59.8365936,1.890927287,3.160151963,1.367038696,-272.0640642,-81.52047425,-5.846322328,-37.98577298,0,0,1,0,53995.98796,RECT-1505-20210918-17_20_47,10288.4,812.936,2752.91,1939.974,0.704699391,-1,MPF-1948-20230509-11_32_47,10244,2.331024,2.3728,0.017606204,0.5,1681.201527,27.07645121,14.79978823,1,0.016700229,1159.194707,-,0,2.3728,0.017606204,0.999138076,-5.15E-05,1.417821682,0,1,2000.002273,1681.201527,0.840599808,0.191199617,6,0.5,0: Broadleaf,2,1683656558,370.5975909,399.9503636,18.63241818,12.58017273,379.0360909,19.30572727,600.2041818,101.3781364,0.107739955,24.89672273,25.40860455,999.9,0,0,10002.24364,0,366.1560455,2000.002273,0.980005091,0.019994732,0,2.355327273,0,11774.08636,16306.1,43.375,45.062,44.11927273,42.812,42.45131818,1960.015,39.98727273,0,35.19999981,0,2.331024,0.454923082,-477.6692315,11783.66,15,1683656503,11:21:43,1683656498,1683656503,25,0.038,0.011,-8.669,-0.765,400,13,0.06,0.03,-29.38972,0.277474672,0.067716819,0,6.1520745,-1.18817561,0.116230737,0,0,2,0/2,100,100,-8.439,-0.6731,-5.466152851,-0.007814304,-3.18E-07,6.48E-10,-0.639035742,-0.027428369,0.001386821,-3.01E-06,5,2011,2,27,1.1,1,2,623.584,406.517,22.0008,28.1173,29.9997,28.2112,28.2323,21.5155,37.3619,32.7192,22,400,12.7603,100.719,102.585
60,1683656601,7826.1,20230509 11:23:21,11:23:21,d2.trihir.2,56.11178375,1683656593,0.006178439,27.30229901,370.4239677,266.6756735,27.06381466,37.59280132,0.486569793,2.953849373,0.446030507,0.282129358,321.4428975,25.22154181,25.44864194,3.265726949,59.85200141,1.895687111,3.167291096,1.370039838,-272.4691607,-81.86833208,-5.873883415,-38.76847871,0,0,1,0,53984.48414,RECT-1505-20210918-17_20_47,10288.4,812.936,2752.91,1939.974,0.704699391,-1,MPF-1949-20230509-11_33_24,10243.3,2.286292,2.5056,0.087527139,0.5,1681.18379,27.30229901,73.57460383,1,0.016834744,1097.702905,-,0,2.5056,0.087527139,0.999089836,-0.000270607,1.417753228,0,1,1999.980323,1681.18379,0.840600166,0.191200331,6,0.5,0: Broadleaf,2,1683656593,370.4239677,400.0057097,18.67931935,12.61817419,378.861129,19.35157097,600.1865806,101.3776774,0.108199839,24.93454839,25.44864194,999.9,0,0,10001.3929,0,366.6113226,1999.980323,0.979992677,0.020007123,0,2.265032258,0,11500.09355,16305.84839,43.5,45.129,44.175,42.875,42.546,1959.969677,40.01064516,0,36.19999981,0,2.286292,0.822007706,-343.8230774,11495.388,15,1683656503,11:21:43,1683656498,1683656503,25,0.038,0.011,-8.669,-0.765,400,13,0.06,0.03,-29.594015,0.236051032,0.060450052,0,6.0787795,-0.33865531,0.034610397,0,0,2,0/2,100,100,-8.437,-0.6734,-5.466152851,-0.007814304,-3.18E-07,6.48E-10,-0.639035742,-0.027428369,0.001386821,-3.01E-06,5,2011,2,27,1.7,1.6,2,623.933,406.337,22.0024,28.0919,29.9999,28.1897,28.2145,21.5175,36.4646,31.5715,22,400,12.812,100.725,102.592
61,1683656836,8061.1,20230509 11:27:16,11:27:16,d4.trihir.2,21.81983344,1683656828,0.004076449,6.649673042,391.7781,346.8687578,35.20166338,39.75924751,0.304753611,2.953880136,0.288301483,0.181592535,321.4481449,26.06442791,25.84984,3.344392679,60.37950055,1.946862499,3.224376621,1.397530179,-179.7714166,-98.01546597,-7.057163069,36.60409934,0,0,1,0,53931.11334,RECT-1505-20210918-17_20_47,10288.4,812.936,2752.91,1939.974,0.704699391,-1,MPF-1950-20230509-11_37_19,10254.4,2.39092,2.3016,-0.038807786,0.5,1681.214276,6.649673042,-32.62210182,1,0.004550088,1195.085332,-,0,2.3016,-0.038807786,0.999163939,0.000110185,1.417858384,0,1,2000.017,1681.214276,0.840599993,0.191199985,6,0.5,0: Broadleaf,2,1683656828,391.7781,400.0219,19.18391667,15.18709333,400.2199,19.85744667,600.2137333,101.3774667,0.1066324,25.23435667,25.84984,999.9,0,0,10001.58833,0,382.9762667,2000.017,0.9800025,0.0199977,0,2.388946667,0,9109.112,16306.21,43.687,45.7269,44.5,43.41013333,42.8162,1960.024333,40,0,234.1999998,0,2.39092,0.514838473,-1175.033079,9097.2712,15,1683656802,11:26:42,1683656788,1683656802,26,0.161,-0.013,-8.506,-0.756,400,15,0.26,0.04,-8.2053935,-1.086260263,0.116763468,0,3.947746,0.851881126,0.089934842,0,0,2,0/2,100,100,-8.441,-0.6749,-5.304911061,-0.007814304,-3.18E-07,6.48E-10,-0.652183998,-0.027428369,0.001386821,-3.01E-06,5,2011,2,27,0.8,0.6,2,622.295,408.679,22.0026,28.196,30.0004,28.2408,28.2628,21.5591,27.4964,34.2367,22,400,15.0317,100.715,102.57
62,1683656877,8102.1,20230509 11:27:57,11:27:57,d4.trihir.2,26.14404798,1683656869,0.004074837,7.749604177,390.647,338.4272644,34.3457927,39.64538999,0.296419444,2.953277669,0.280827137,0.176849489,321.4510258,26.15927453,25.93600968,3.361502856,59.43811567,1.927291816,3.242518365,1.434211039,-179.7003086,-96.69973875,-6.970166867,38.08081164,0,0,1,0,53896.43293,RECT-1505-20210918-17_20_47,10288.4,812.936,2752.91,1939.974,0.704699391,-1,MPF-1951-20230509-11_38_00,10253.7,2.317511538,3.30755,0.299326832,0.5,1681.231713,7.749604177,251.6188808,1,0.005204282,831.310925,-,0,3.30755,0.299326832,0.998798526,-0.001222831,1.417339846,0,1,2000.038065,1681.231713,0.840599858,0.191199716,6,0.5,0: Broadleaf,2,1683656869,390.647,399.985129,18.99062581,14.99458387,399.0799032,19.66865484,600.2119032,101.3797419,0.10674071,25.32866452,25.93600968,999.9,0,0,9997.944194,0,383.3259032,2000.038065,0.980003871,0.0199963,0,2.303316129,0,8201.225484,16306.39677,43.81606452,45.83841935,44.562,43.538,42.93903226,1960.046774,39.99129032,0,40.39999986,0,2.317511538,0.062423926,-1349.234189,8184.29,15,1683656802,11:26:42,1683656788,1683656802,26,0.161,-0.013,-8.506,-0.756,400,15,0.26,0.04,-9.27628825,-1.5243797,0.151885314,0,4.01284725,-0.443098874,0.046311594,0,0,2,0/2,100,100,-8.431,-0.6781,-5.304911061,-0.007814304,-3.18E-07,6.48E-10,-0.652183998,-0.027428369,0.001386821,-3.01E-06,5,2011,2,27,1.5,1.2,2,623.062,408.631,22.0067,28.2572,30.0009,28.2814,28.3059,21.5624,26.3165,33.1162,22,400,15.2338,100.701,102.556
63,1683656929,8153.6,20230509 11:28:48,11:28:48,d4.trihir.2,33.23176412,1683656921,0.003798041,9.20284382,389.2785333,325.5529366,33.03968651,39.50706402,0.276929139,2.953793295,0.263271394,0.165715568,321.4450566,26.27689032,25.99250667,3.372762565,59.88197049,1.947036721,3.251457334,1.425725843,-167.4936091,-98.34062891,-7.09086592,48.51995269,0,0,1,0,53903.23593,RECT-1505-20210918-17_20_47,10288.4,812.936,2752.91,1939.974,0.704699391,-1,MPF-1952-20230509-11_38_52,10253,2.346752,1.95,-0.203462564,0.5,1681.20055,9.20284382,-171.0306873,1,0.006068784,1410.748718,-,0,1.95,-0.203462564,0.999291659,0.000489222,1.418039623,0,1,2000.001,1681.20055,0.840599855,0.191199709,6,0.5,0: Broadleaf,2,1683656921,389.2785333,399.9561667,19.18491333,15.46103,397.7008,19.85841333,600.2082667,101.3814,0.1065081,25.37496333,25.99250667,999.9,0,0,10000.70733,0,382.8068,2000.001,0.9800053,0.019994823,0,2.336306667,0,7139.246,16306.09,43.937,45.9958,44.6374,43.7101,43.125,1960.010667,39.99033333,0,50.79999995,0,2.346752,0.37475385,-927.06,7128.1856,15,1683656802,11:26:42,1683656788,1683656802,26,0.161,-0.013,-8.506,-0.756,400,15,0.26,0.04,-10.6376925,-1.132625516,0.114276123,0,3.73102675,-0.151198311,0.017660373,0,0,2,0/2,100,100,-8.42,-0.6732,-5.304911061,-0.007814304,-3.18E-07,6.48E-10,-0.652183998,-0.027428369,0.001386821,-3.01E-06,5,2011,2,27,2.3,2.1,2,622.662,408.569,22.0023,28.3633,30.0007,28.3512,28.3721,21.5759,23.4038,32.3709,22,400,15.6099,100.68,102.542
64,1683657240,8464.6,20230509 11:33:59,11:33:59,d6.trihir.2,39.97537361,1683657232,0.003271649,9.683219623,389.1087742,314.7594927,31.94323279,39.48853789,0.242229622,2.95382491,0.231710353,0.145726016,321.4461924,26.13603532,25.83110323,3.340682319,60.81632161,1.945080829,3.198287529,1.39560149,-144.2797175,-116.7570449,-8.400174464,52.00925557,0,0,1,0,53954.17195,RECT-1505-20210918-17_20_47,10288.4,812.936,2752.91,1939.974,0.704699391,-1,MPF-1953-20230509-11_44_03,10241.8,2.314123077,2.7464,0.157397656,0.5,1681.201132,9.683219623,132.3085589,1,0.006354516,1001.370376,-,0,2.7464,0.157397656,0.999002365,-0.00053355,1.417629102,0,1,2000.000968,1681.201132,0.840600159,0.191200319,6,0.5,0: Broadleaf,2,1683657232,389.1087742,400.0616452,19.16627097,15.95831613,397.4652258,19.84903226,600.1849355,101.3773226,0.107250645,25.09791935,25.83110323,999.9,0,0,10001.28903,0,439.7360645,2000.000968,0.979994226,0.020005574,0,2.307709677,0,5208.264194,16306.02903,44.038,46.22967742,44.82216129,43.883,43.23983871,1959.990323,40.01064516,0,310.2,0,2.314123077,0.264485466,-303.7637603,5205.961923,15,1683657212,11:33:32,1683657212,1683657211,27,0.064,-0.009,-8.443,-0.753,400,16,0.48,0.03,-10.936025,-0.365491182,0.066781048,0,3.12985875,1.767139475,0.17494419,0,0,2,0/2,100,100,-8.356,-0.6838,-5.240882052,-0.007814304,-3.18E-07,6.48E-10,-0.661225347,-0.027428369,0.001386821,-3.01E-06,5,2011,2,27,0.5,0.5,2,623.018,407.085,22,28.5972,30.001,28.602,28.6167,21.5596,28.1975,38.7719,22,400,15.669,100.622,102.484
65,1683657276,8500.6,20230509 11:34:35,11:34:35,d6.trihir.2,39.86981963,1683657270,0.00340167,9.898044914,388.7933913,314.4453839,31.90990764,39.45474108,0.248259084,2.95605611,0.237230374,0.149219038,321.4500264,26.07177891,25.78875652,3.332309835,59.97655377,1.914797728,3.192577111,1.417512107,-150.0136591,-114.8765097,-8.255637116,48.30422049,0,0,1,0,54025.06661,RECT-1505-20210918-17_20_47,10288.4,812.936,2752.91,1939.974,0.704699391,-1,MPF-1954-20230509-11_44_39,10241.5,2.2003,2.3156,0.04979271,0.5,1681.221483,9.898044914,41.85628713,1,0.006482218,1187.853861,-,0,2.3156,0.04979271,0.999158854,-0.000142237,1.417851167,0,1,2000.025217,1681.221483,0.840600142,0.191200285,6,0.5,0: Broadleaf,2,1683657270,388.7933913,400.0101304,18.86872609,15.53238696,397.1473478,19.55837826,600.206087,101.373087,0.106881478,25.06792609,25.78875652,999.9,0,0,10014.37913,0,440.2087826,2000.025217,0.979995,0.0200048,0,2.198269565,0,5054.43913,16306.22609,44.06747826,46.3066087,44.875,43.89656522,43.25,1960.015217,40.01,0,35,0,2.2003,0.470707694,-156.219231,5057.9932,15,1683657212,11:33:32,1683657212,1683657211,27,0.064,-0.009,-8.443,-0.753,400,16,0.48,0.03,-11.18772,-0.477566229,0.055071804,0,3.367362,-0.406276098,0.040590334,0,0,2,0/2,100,100,-8.352,-0.6903,-5.240882052,-0.007814304,-3.18E-07,6.48E-10,-0.661225347,-0.027428369,0.001386821,-3.01E-06,5,2011,2,27,1.1,1.1,2,624.096,406.438,21.9956,28.6719,30.0011,28.6708,28.6883,21.5538,28.2211,38.0309,22,400,15.6546,100.596,102.462
66,1683657312,8536.6,20230509 11:35:11,11:35:11,d6.trihir.2,42.18997203,1683657306,0.003293601,10.14530772,388.5672857,310.5010615,31.50951757,39.43164529,0.240467278,2.953504265,0.230095922,0.144704499,321.4439497,26.08460955,25.7607619,3.32678501,59.93605836,1.911694573,3.189556713,1.415090437,-145.2478136,-112.8488534,-8.115135562,55.23214718,0,0,1,0,53952.93969,RECT-1505-20210918-17_20_47,10288.4,812.936,2752.91,1939.974,0.704699391,-1,MPF-1955-20230509-11_45_15,10241.2,2.275403846,1.9564,-0.163056556,0.5,1681.1895,10.14530772,-137.0644849,1,0.006629418,1406.130444,-,0,1.9564,-0.163056556,0.999289334,0.000393356,1.418036324,0,1,1999.987143,1681.1895,0.840600154,0.191200308,6,0.5,0: Broadleaf,2,1683657306,388.5672857,399.9887143,18.83821905,15.6077,396.9194286,19.52858571,600.1925238,101.3719048,0.107676095,25.05204286,25.7607619,999.9,0,0,10000.00333,0,441.042381,1999.987143,0.979995143,0.020004652,0,2.293566667,0,4986.180476,16305.92381,44.125,46.312,44.8897619,43.91928571,43.26180952,1959.977143,40.01,0,35.4000001,0,2.275403846,-0.26007178,-46.87829073,4987.472692,15,1683657212,11:33:32,1683657212,1683657211,27,0.064,-0.009,-8.443,-0.753,400,16,0.48,0.03,-11.403655,-0.286829268,0.043730887,0,3.278322,-0.551939437,0.055154356,0,0,2,0/2,100,100,-8.351,-0.69,-5.240882052,-0.007814304,-3.18E-07,6.48E-10,-0.661225347,-0.027428369,0.001386821,-3.01E-06,5,2011,2,27,1.7,1.7,2,624.472,406.024,21.999,28.7504,30.0011,28.7448,28.7626,21.5556,26.7741,37.28,22,400,15.7304,100.57,102.44
67,1683657590,8814.6,20230509 11:39:49,11:39:49,e7.trihir.1,35.47180722,1683657582,0.002682952,7.077036405,391.9296,325.3899317,33.0191004,39.77124536,0.199511583,2.951673313,0.192311075,0.120819708,321.4429229,26.39884105,25.73228667,3.321173544,60.32962026,1.942193384,3.219303181,1.378980159,-118.3181777,-83.44597099,-6.008292831,113.6704814,0,0,1,0,53870.92847,RECT-1505-20210918-17_20_47,10288.4,812.936,2752.91,1939.974,0.704699391,-1,MPF-1956-20230509-11_49_53,10212.7,2.167516,1.8352,-0.181078901,0.5,1681.188341,7.077036405,-152.213869,1,0.004804361,1499.059939,-,0,1.8352,-0.181078901,0.99933336,0.00040971,1.418098799,0,1,1999.986333,1681.188341,0.840599914,0.191199829,6,0.5,0: Broadleaf,2,1683657582,391.9296,400.0558333,19.13953333,16.50868667,400.2015333,19.82692667,600.1721333,101.3686667,0.106816067,25.2079,25.73228667,999.9,0,0,9989.933,0,409.2852667,1999.986333,0.9800024,0.0199975,0,2.16504,0,2892.653333,16305.96,43.89153333,45.8372,44.687,43.625,43,1959.991333,39.994,0,277.2,0,2.167516,0.107223071,-438.7030762,2888.1592,15,1683657563,11:39:22,1683657553,1683657563,28,0.105,-0.004,-8.336,-0.747,400,16,0.45,0.04,-8.08368675,-0.897870732,0.113263271,0,2.540785,1.865657336,0.186180001,0,0,2,0/2,100,100,-8.271,-0.6886,-5.135286877,-0.007814304,-3.18E-07,6.48E-10,-0.665308336,-0.027428369,0.001386821,-3.01E-06,5,2011,2,27,0.6,0.5,2,624.108,407.232,22.0068,28.7328,30.0001,28.7893,28.8026,21.5482,28.7239,38.5938,22,400,16.3269,100.585,102.461
68,1683657632,8856.5,20230509 11:40:31,11:40:31,e7.trihir.1,39.41399737,1683657628,0.002691298,7.636932016,391.2319167,318.077386,32.27578253,39.69888089,0.193761925,2.951018696,0.186961396,0.117441988,321.4460753,26.56763545,25.91061667,3.356452796,59.46321769,1.933853578,3.252184549,1.422599218,-118.6862616,-84.62147487,-6.104983434,112.0333554,0,0,1,0,53820.81347,RECT-1505-20210918-17_20_47,10288.4,812.936,2752.91,1939.974,0.704699391,-1,MPF-1957-20230509-11_50_35,10211.6,2.265464,1.8292,-0.238499891,0.5,1681.206,7.636932016,-200.4837236,1,0.005137343,1503.980319,-,0,1.8292,-0.238499891,0.999335539,0.000537863,1.418101892,0,1,2000.0075,1681.206,0.840599848,0.191199696,6,0.5,0: Broadleaf,2,1683657628,391.2319167,399.91925,19.0581,16.41885833,399.4986667,19.74740833,600.1740833,101.3651667,0.1063115,25.378725,25.91061667,999.9,0,0,9986.565,0,410.6668333,2000.0075,0.98000475,0.01999515,0,2.321458333,0,2590.279167,16306.15833,44,45.937,44.75,43.687,43.125,1960.0175,39.99,0,41,0,2.265464,0.649561535,-322.588462,2612.5468,15,1683657563,11:39:22,1683657553,1683657563,28,0.105,-0.004,-8.336,-0.747,400,16,0.45,0.04,-8.653358537,-0.429887352,0.053778754,0,2.674469024,-0.210260656,0.024095926,0,0,2,0/2,100,100,-8.267,-0.689,-5.135286877,-0.007814304,-3.18E-07,6.48E-10,-0.665308336,-0.027428369,0.001386821,-3.01E-06,5,2011,2,27,1.3,1.1,2,624.9,407.098,22.0032,28.7574,30.0002,28.7942,28.8124,21.5446,27.7805,37.8474,22,400,16.5752,100.587,102.458
69,1683657669,8894,20230509 11:41:09,11:41:09,e7.trihir.1,42.4741707,1683657661,0.002638606,8.050037191,390.9096774,312.805548,31.74172948,39.6672927,0.189527825,2.954084447,0.183022394,0.114954881,321.4485851,26.65470327,25.99602258,3.373464365,59.66028259,1.948890209,3.266645957,1.424574156,-116.362537,-86.42199437,-6.233419356,112.4306344,0,0,1,0,53897.32176,RECT-1505-20210918-17_20_47,10288.4,812.936,2752.91,1939.974,0.704699391,-1,MPF-1958-20230509-11_51_12,10210.9,2.214369231,1.846,-0.199549962,0.5,1681.21921,8.050037191,-167.7436151,1,0.00538302,1490.283857,-,0,1.846,-0.199549962,0.999329437,0.000454166,1.418093232,0,1,2000.023226,1681.21921,0.840599843,0.191199686,6,0.5,0: Broadleaf,2,1683657661,390.9096774,399.9884516,19.20574839,16.61859355,399.1737097,19.89158387,600.1797419,101.3679032,0.106414226,25.45337742,25.99602258,999.9,0,0,10003.69194,0,411.1087097,2000.023226,0.980006355,0.019993545,0,2.221332258,0,2446.845806,16306.2871,44.08232258,46.004,44.75,43.788,43.20529032,1960.033226,39.99,0,36.5999999,0,2.214369231,0.166194874,-196.1504271,2445.031538,15,1683657563,11:39:22,1683657553,1683657563,28,0.105,-0.004,-8.336,-0.747,400,16,0.45,0.04,-9.07672439,-0.121676655,0.024777256,0,2.60117122,-0.305974704,0.03053631,0,0,2,0/2,100,100,-8.263,-0.6852,-5.135286877,-0.007814304,-3.18E-07,6.48E-10,-0.665308336,-0.027428369,0.001386821,-3.01E-06,5,2011,2,27,1.9,1.8,2,624.927,406.546,22.0044,28.7971,30.0003,28.8106,28.8286,21.5501,26.3505,37.0879,22,400,16.7526,100.579,102.456
70,1683658590,9815,20230509 11:56:30,11:56:30,a1.acmpar.1,45.97439376,1683658582,0.001061732,3.382645424,396.1762333,313.4571643,31.80550778,40.19875028,0.073576727,2.953475475,0.072573414,0.045447388,321.4428567,27.02234496,26.16249667,3.406840057,60.19462237,1.961674305,3.258886305,1.445165752,-46.82237422,-119.2838915,-8.610918015,146.725673,0,0,1,0,53886.47186,RECT-1505-20210918-17_20_47,10288.4,812.936,2752.91,1939.974,0.704699391,-1,MPF-1959-20230509-12_06_33,10252.4,2.281611538,1.584,-0.440411325,0.5,1681.18906,3.382645424,-370.2073506,1,0.002606872,1736.948232,-,0,1.584,-0.440411325,0.999424609,0.000859814,1.418228286,0,1,1999.987333,1681.18906,0.840599854,0.191199708,6,0.5,0: Broadleaf,2,1683658582,396.1762333,399.9784333,19.33315667,18.29224667,404.5413333,20.03554,600.1701667,101.3582,0.1086395,25.41335667,26.16249667,999.9,0,0,10001.192,0,365.0581667,1999.987333,0.9800067,0.0199934,0,2.281803333,0,2792.472333,16305.98667,44.43286667,46.29133333,45.187,44.26653333,43.5372,1959.997333,39.99,0,920,0,2.281611538,0.046909401,-456.1784618,2791.766923,15,1683658568,11:56:08,1683658559,1683658568,29,-0.059,-0.02,-8.395,-0.731,400,18,0.38,0.09,-3.342050205,-7.080610746,0.999520827,0,0.927375802,2.114767171,0.263361067,0,0,2,0/2,100,100,-8.365,-0.7016,-5.194710247,-0.007814304,-3.18E-07,6.48E-10,-0.685357152,-0.027428369,0.001386821,-3.01E-06,5,2011,2,27,0.5,0.4,2,624.204,403.424,21.9999,30.3903,29.9989,30.3497,30.3439,21.639,20.0022,44.1662,22,400,18.1287,100.31,102.187
71,1683658628,9853,20230509 11:57:08,11:57:08,a1.acmpar.1,45.22225803,1683658620,0.001149778,3.57170618,395.9703,314.3183019,31.89328399,40.1783579,0.078981155,2.954423312,0.077826649,0.048743977,321.4474467,27.0607319,26.21796,3.418023527,59.88339068,1.958693718,3.270846382,1.45932981,-50.70519364,-118.3367671,-8.544827637,143.8606584,0,0,1,0,53903.17477,RECT-1505-20210918-17_20_47,10288.4,812.936,2752.91,1939.974,0.704699391,-1,MPF-1960-20230509-12_07_11,10251.8,2.21358,2.1256,-0.041390666,0.5,1681.21189,3.57170618,-34.79324005,1,0.002719292,1294.121377,-,0,2.1256,-0.041390666,0.999227872,0.000108509,1.417949107,0,1,2000.014333,1681.21189,0.840599921,0.191199841,6,0.5,0: Broadleaf,2,1683658620,395.9703,399.996,19.30354,18.17631667,404.3337667,20.00662,600.1913667,101.3595333,0.108576533,25.47500667,26.21796,999.9,0,0,10006.44233,0,349.1232,2000.014333,0.9800018,0.019998277,0,2.223876667,0,2554.728,16306.17667,44.5,46.375,45.25,44.312,43.5998,1960.019333,39.995,0,37.39999986,0,2.21358,0.861492306,-271.638462,2552.0016,15,1683658568,11:56:08,1683658559,1683658568,29,-0.059,-0.02,-8.395,-0.731,400,18,0.38,0.09,-4.011300976,-0.268473868,0.063704499,0,1.130703171,-0.047438258,0.01569337,1,1,2,2-Jan,100,100,-8.364,-0.7028,-5.194710247,-0.007814304,-3.18E-07,6.48E-10,-0.685357152,-0.027428369,0.001386821,-3.01E-06,5,2011,2,27,1.1,1,2,625.474,404.475,22.0011,30.2852,29.9986,30.2813,30.2844,21.6415,19.4163,44.1662,22,400,18.2437,100.336,102.214
72,1683658668,9892.5,20230509 11:57:47,11:57:47,a1.acmpar.1,46.22042582,1683658660,0.001199733,3.781194723,395.7595484,312.4156589,31.69912418,40.15557707,0.081807873,2.953485334,0.08056956,0.050465671,321.449781,27.10528641,26.28983226,3.43256333,59.77712797,1.961853038,3.281945963,1.470710291,-52.9082271,-120.6611522,-8.721074175,139.1593275,0,0,1,0,53865.29634,RECT-1505-20210918-17_20_47,10288.4,812.936,2752.91,1939.974,0.704699391,-1,MPF-1961-20230509-12_07_51,10250.9,2.249748,2.09717,-0.072754235,0.5,1681.219848,3.781194723,-61.15793236,1,0.002843884,1311.678514,-,0,2.09717,-0.072754235,0.999238199,0.000188173,1.417963761,0,1,2000.023226,1681.219848,0.840600162,0.191200325,6,0.5,0: Broadleaf,2,1683658660,395.7595484,400.0143226,19.33534839,18.15915161,404.1213226,20.03768065,600.1729355,101.3563226,0.108259226,25.53204516,26.28983226,999.9,0,0,10001.43323,0,326.3502903,2000.023226,0.979993387,0.0200067,0,2.255196774,0,2398.621613,16306.2129,44.61687097,46.5,45.312,44.37493548,43.687,1960.011935,40.01129032,0,38.5999999,0,2.249748,0.522592299,-178.4292305,2396.2824,15,1683658568,11:56:08,1683658559,1683658568,29,-0.059,-0.02,-8.395,-0.731,400,18,0.38,0.09,-4.236027561,0.140703763,0.087755457,0,1.169838049,0.016402787,0.021593163,1,1,2,2-Jan,100,100,-8.362,-0.7028,-5.194710247,-0.007814304,-3.18E-07,6.48E-10,-0.685357152,-0.027428369,0.001386821,-3.01E-06,5,2011,2,27,1.8,1.7,2,625.652,405.071,22.0016,30.1766,29.9989,30.2113,30.2237,21.6428,18.8492,43.7958,22,400,18.2583,100.369,102.24
73,1683659014,10239,20230509 12:03:34,12:03:34,a1.aircar.2,53.72972036,1683659006,3.43E-05,0.124857781,399.9163226,305.5731518,30.99935808,40.57015223,0.002323812,2.955333313,0.002322798,0.00145184,321.4445389,27.08623839,26.17627419,3.409615131,60.53763905,1.94943882,3.220209528,1.460176311,-1.51440856,-153.5355884,-11.06614592,155.328396,0,0,1,0,53976.8108,RECT-1505-20210918-17_20_47,10288.4,812.936,2752.91,1939.974,0.704699391,-1,MPF-1962-20230509-12_13_37,10253.7,2.175719231,2.06171,-0.055298384,0.5,1681.197571,0.124857781,-46.48375422,1,0.000669081,1334.255686,-,0,2.06171,-0.055298384,0.99925108,0.0001406,1.41798204,0,1,1999.997419,1681.197571,0.84059987,0.19119974,6,0.5,0: Broadleaf,2,1683659006,399.9163226,400.0547419,19.21640323,19.18276452,408.1449032,19.92033226,600.7441935,101.336129,0.110473516,25.21262903,26.17627419,999.9,0,0,10013.92355,0,132.9533548,1999.997419,0.980003871,0.0199963,0,2.204783871,0,1190.037097,16306.05161,44.875,46.929,45.687,44.69106452,43.937,1960.006129,39.99129032,0,345.5999999,0,2.175719231,-0.371661541,-172.822222,1188.778846,15,1683658998,12:03:17,1683658997,1683658998,30,0.165,0.001,-8.229,-0.704,400,19,0.5,0.34,-0.146833415,-0.141861439,0.067057863,0,0.02488015,0.295794877,0.031297324,0,0,2,0/2,100,100,-8.229,-0.7048,-5.030191108,-0.007814304,-3.18E-07,6.48E-10,-0.684024396,-0.027428369,0.001386821,-3.01E-06,5,2011,2,27,0.3,0.3,2,623.337,405.562,21.9981,29.5801,30,29.7167,29.7494,21.676,16.2552,47.4395,22,400,18.99,100.483,102.337
74,1683659053,10277.5,20230509 12:04:12,12:04:12,a1.aircar.2,40.93857715,1683659045,5.53E-05,0.153544978,399.8255667,325.7201768,33.04235857,40.55990596,0.003750618,2.952919913,0.003747974,0.002342721,321.4459984,26.9966826,26.05564667,3.385385175,60.16783728,1.92767073,3.203822535,1.457714445,-2.438965787,-147.8470139,-10.65380102,160.5062177,0,0,1,0,53921.4832,RECT-1505-20210918-17_20_47,10288.4,812.936,2752.91,1939.974,0.704699391,-1,MPF-1963-20230509-12_14_16,10253.7,2.199932,1.8032,-0.220015528,0.5,1681.20533,0.153544978,-184.9456391,1,0.000686142,1525.680346,-,0,1.8032,-0.220015528,0.999344984,0.000489109,1.418115294,0,1,2000.006667,1681.20533,0.840599863,0.191199726,6,0.5,0: Broadleaf,2,1683659045,399.8255667,400.0011667,19.00231333,18.94807667,408.0533,19.71118,600.1963667,101.3377667,0.106236267,25.12694667,26.05564667,999.9,0,0,10000.05433,0,145.0394333,2000.006667,0.9800043,0.019995857,0,2.220723333,0,1098.978333,16306.13,44.9184,46.875,45.687,44.63326667,43.937,1960.015667,39.991,0,37.4000001,0,2.199932,-0.015923071,-100.03,1098.5092,15,1683658998,12:03:17,1683658997,1683658998,30,0.165,0.001,-8.229,-0.704,400,19,0.5,0.34,-0.172172756,-0.082667226,0.044327655,1,0.058310624,-0.072870665,0.007306407,1,2,2,2-Feb,100,100,-8.228,-0.7095,-5.030191108,-0.007814304,-3.18E-07,6.48E-10,-0.684024396,-0.027428369,0.001386821,-3.01E-06,5,2011,2,27,0.9,0.9,2,625.073,405.385,21.9981,29.5674,30.0001,29.7004,29.7338,21.6714,16.528,47.4395,22,400,18.999,100.479,102.335
75,1683659087,10312,20230509 12:04:47,12:04:47,a1.aircar.2,113.1106954,1683659080,2.58E-05,0.198073269,399.7896786,211.5482833,21.4605989,40.55682136,0.001751145,2.953676506,0.001750569,0.001094157,321.4428664,26.96741113,26.03412857,3.381078766,60.18151988,1.923924573,3.196869366,1.457154193,-1.138669215,-150.2660809,-10.822192,159.2159243,0,0,1,0,53950.32864,RECT-1505-20210918-17_20_47,10288.4,812.936,2752.91,1939.974,0.704699391,-1,MPF-1964-20230509-12_14_50,10253.6,2.241796,1.6256,-0.379057579,0.5,1681.188921,0.198073269,-318.633701,1,0.000712635,1692.473179,-,0,1.6256,-0.379057579,0.999409498,0.000759507,1.418206842,0,1,1999.987143,1681.188921,0.840599865,0.191199729,6,0.5,0: Broadleaf,2,1683659080,399.7896786,399.998,18.965125,18.93980357,408.0171071,19.67485,600.2145,101.3391429,0.106250893,25.090475,26.03412857,999.9,0,0,10004.21429,0,159.6323571,1999.987143,0.980004286,0.019995871,0,2.24345,0,1055.356429,16305.96429,44.937,46.812,45.687,44.625,43.95275,1959.996429,39.99071429,0,33.5999999,0,2.241796,-0.865123077,-49.40076916,1055.268,15,1683658998,12:03:17,1683658997,1683658998,30,0.165,0.001,-8.229,-0.704,400,19,0.5,0.34,-0.19828762,0.006610528,0.045689114,1,0.02213302,0.042369368,0.005483053,1,2,2,2-Feb,100,100,-8.228,-0.7099,-5.030191108,-0.007814304,-3.18E-07,6.48E-10,-0.684024396,-0.027428369,0.001386821,-3.01E-06,5,2011,2,27,1.5,1.5,2,625.297,405.032,21.9996,29.5623,30.0002,29.6904,29.7261,21.6736,16.2484,47.4395,22,400,18.999,100.474,102.334
76,1683659328,10553.1,20230509 12:08:48,12:08:48,f1.aircar.2,27.67460956,1683659320,0.000164937,0.316283313,399.5608065,346.5695992,35.15362569,40.52868763,0.011428646,2.952663459,0.011404127,0.007129778,321.4453506,26.91475944,25.81415484,3.337329204,59.75267831,1.908244053,3.193570744,1.429085151,-7.273718943,-117.9563654,-8.488019043,187.7272472,0,0,1,0,53923.40299,RECT-1505-20210918-17_20_47,10288.4,812.936,2752.91,1939.974,0.704699391,-1,MPF-1965-20230509-12_18_51,10259.1,2.233884,2.69659,0.171589304,0.5,1681.196787,0.316283313,144.2376929,1,0.000782944,1019.885637,-,0,2.69659,0.171589304,0.999020458,-0.000571073,1.417654778,0,1,1999.995806,1681.196787,0.840600156,0.191200312,6,0.5,0: Broadleaf,2,1683659320,399.5608065,399.9426452,18.81283548,18.65114839,407.884129,19.51850323,600.5451613,101.3248065,0.108284516,25.07314839,25.81415484,999.9,0,0,9999.877419,0,318.5430968,1999.995806,0.979994484,0.020005816,0,2.237170968,0,1316.437742,16305.9871,44.687,46.312,45.375,44.25,43.629,1959.985484,40.01032258,0,240.2,0,2.233884,-0.733561546,-198.2515381,1314.7348,15,1683659310,12:08:30,1683659309,1683659310,31,-0.097,0.008,-8.326,-0.711,400,19,0.43,0.3,-0.280626254,-1.603759041,0.192924361,0,0.121410581,0.664244429,0.075447039,0,0,2,0/2,100,100,-8.323,-0.7044,-5.126927831,-0.007814304,-3.18E-07,6.48E-10,-0.676305524,-0.027428369,0.001386821,-3.01E-06,5,2011,2,27,0.3,0.3,2,624.652,404.839,22.003,29.2863,30.0007,29.4518,29.4837,21.6733,17.809,46.6987,22,400,18.6955,100.485,102.358
77,1683659367,10592.1,20230509 12:09:27,12:09:27,f1.aircar.2,21.83650547,1683659363,0.000237523,0.358063336,399.5485,355.7421904,36.08439518,40.52784955,0.016397465,2.953434214,0.016347056,0.010221426,321.4452086,26.94646479,25.87676875,3.349731563,59.75528429,1.914131536,3.203284125,1.435600027,-10.47478318,-119.8401115,-8.626244389,182.5040695,0,0,1,0,53936.85419,RECT-1505-20210918-17_20_47,10288.4,812.936,2752.91,1939.974,0.704699391,-1,MPF-1966-20230509-12_19_31,10258.7,2.293796154,2.57766,0.110124627,0.5,1681.195631,0.358063336,92.57052092,1,0.000807796,1066.98802,-,0,2.57766,0.110124627,0.99906366,-0.000350294,1.417716083,0,1,1999.994375,1681.195631,0.84060018,0.191200359,6,0.5,0: Broadleaf,2,1683659363,399.5485,400.0013125,18.8706875,18.637725,407.87175,19.57503125,600.2026875,101.32675,0.107367625,25.124125,25.87676875,999.9,0,0,10004.06188,0,323.1109375,1999.994375,0.979994938,0.020005363,0,2.2904875,0,1206.5675,16305.9625,44.812,46.375,45.437,44.3395625,43.75,1959.983125,40.011875,0,38,0,2.293796154,0.041945296,-112.6547009,1213.108077,15,1683659310,12:08:30,1683659309,1683659310,31,-0.097,0.008,-8.326,-0.711,400,19,0.43,0.3,-0.430257659,-0.257205659,0.04776045,0,0.230264293,0.017375247,0.002945292,1,1,2,2-Jan,100,100,-8.323,-0.7045,-5.126927831,-0.007814304,-3.18E-07,6.48E-10,-0.676305524,-0.027428369,0.001386821,-3.01E-06,5,2011,2,27,1,1,2,625.888,404.777,22.0026,29.3338,30.0009,29.468,29.5004,21.6764,17.809,46.6987,22,400,18.6955,100.468,102.343
78,1683659405,10629.6,20230509 12:10:04,12:10:04,f1.aircar.2,32.75645701,1683659397,0.000172797,0.393220898,399.4840667,338.4581468,34.33174658,40.52195485,0.012004378,2.95297553,0.011977333,0.007488258,321.4440333,26.99072655,25.87645333,3.349668985,59.9752015,1.924303276,3.208498225,1.425365709,-7.620327431,-115.4237762,-8.310767695,190.089162,0,0,1,0,53918.48659,RECT-1505-20210918-17_20_47,10288.4,812.936,2752.91,1939.974,0.704699391,-1,MPF-1967-20230509-12_20_08,10258.5,2.229103846,1.4996,-0.486465622,0.5,1681.18994,0.393220898,-408.9205546,1,0.000828711,1834.76287,-,0,1.4996,-0.486465622,0.999455267,0.000899028,1.418271791,0,1,1999.987667,1681.18994,0.840600154,0.191200307,6,0.5,0: Broadleaf,2,1683659397,399.4840667,399.9461667,18.97066667,18.80120333,407.8067,19.67271667,600.1952333,101.3285333,0.107188967,25.15143333,25.87645333,999.9,0,0,10001.28133,0,313.151,1999.987667,0.979996,0.0200043,0,2.24688,0,1155.940667,16305.93333,44.937,46.437,45.51653333,44.437,43.854,1959.977667,40.01,0,36.5,0,2.229103846,-0.24156239,-39.45914525,1155.850769,15,1683659310,12:08:30,1683659309,1683659310,31,-0.097,0.008,-8.326,-0.711,400,19,0.43,0.3,-0.459719732,-0.033182028,0.030059791,1,0.163906244,0.084088453,0.009475602,1,2,2,2-Feb,100,100,-8.324,-0.7015,-5.126927831,-0.007814304,-3.18E-07,6.48E-10,-0.676305524,-0.027428369,0.001386821,-3.01E-06,5,2011,2,27,1.6,1.6,2,625.874,404.361,22.0026,29.4041,30.001,29.5036,29.5328,21.6876,15.6583,46.6987,22,400,18.8911,100.448,102.322
79,1683660108,11333.1,20230509 12:21:48,12:21:48,b4.aircar.2,25.6907529,1683660101,5.09E-05,0.087980658,399.9467586,349.8901763,35.48998264,40.56731078,0.003424604,2.952716781,0.003422399,0.002139197,321.4466508,27.2766453,26.28496897,3.431577782,60.22566292,1.961829091,3.257463672,1.469748691,-2.246678126,-139.9186691,-10.10895206,169.1723514,0,0,1,0,53864.71192,RECT-1505-20210918-17_20_47,10288.4,812.936,2752.91,1939.974,0.704699391,-1,MPF-1968-20230509-12_31_51,10256.1,2.230096,1.5548,-0.434329817,0.5,1681.206372,0.087980658,-365.0990283,1,0.000647143,1769.587857,-,0,1.5548,-0.434329817,0.999435216,0.00083228,1.418243337,0,1,2000.007586,1681.206372,0.840599998,0.191199995,6,0.5,0: Broadleaf,2,1683660101,399.9467586,400.055,19.34136552,19.29145862,408.2881724,20.04186897,600.6352414,101.3199655,0.111812345,25.40601034,26.28496897,999.9,0,0,10000.65793,0,128.868,2000.007586,0.98,0.0200002,0,2.223806897,0,941.3418621,16306.11724,44.937,46.62927586,45.687,44.75,44,1960.007586,40,0,702.5999999,0,2.230096,0.026376913,-88.26661552,940.93836,15,1683660094,12:21:33,1683660094,1683660078,32,-0.017,-0.007,-8.344,-0.701,400,19,0.73,0.25,-0.076111597,-0.508770639,0.074282409,0,0.036019816,0.352345206,0.039695922,0,0,2,0/2,100,100,-8.342,-0.7013,-5.143536614,-0.007814304,-3.18E-07,6.48E-10,-0.68365795,-0.027428369,0.001386821,-3.01E-06,5,2011,2,27,0.2,0.5,2,623.999,405.926,22.0006,29.8276,30.0006,29.9035,29.9278,21.7314,17.1883,52.792,22,400,19.1697,100.397,102.271
80,1683660143,11367.6,20230509 12:22:22,12:22:22,b4.aircar.2,126.1070455,1683660135,1.86E-05,0.157035019,399.8314333,190.9415468,19.3668616,40.55419138,0.001245252,2.953613493,0.00124496,0.000778126,321.450159,27.32520587,26.29586,3.433785197,59.87238208,1.955052984,3.265366962,1.478732213,-0.822276182,-135.2023711,-9.76777098,175.6577408,0,0,1,0,53883.66045,RECT-1505-20210918-17_20_47,10288.4,812.936,2752.91,1939.974,0.704699391,-1,MPF-1969-20230509-12_32_26,10256,2.292992,1.6496,-0.390029098,0.5,1681.22466,0.157035019,-327.8632688,1,0.00068821,1667.834869,-,0,1.6496,-0.390029098,0.99940078,0.000793052,1.418194471,0,1,2000.029333,1681.22466,0.840600001,0.191200002,6,0.5,0: Broadleaf,2,1683660135,399.8314333,399.9958667,19.27523667,19.25695667,408.1735333,19.97733333,600.2073667,101.3203667,0.107855333,25.44678667,26.29586,999.9,0,0,10005.71033,0,147.8082333,2000.029333,0.9800004,0.0199998,0,2.297036667,0,910.5383,16306.28667,44.9601,46.6229,45.66426667,44.75,44.062,1960.028667,40.00066667,0,33.79999995,0,2.292992,-0.016461557,-55.72861537,909.96296,15,1683660094,12:21:33,1683660094,1683660078,32,-0.017,-0.007,-8.344,-0.701,400,19,0.73,0.25,-0.170842566,0.255771999,0.046126452,0,0.022815285,-0.08137224,0.008179493,1,1,2,2-Jan,100,100,-8.342,-0.7019,-5.143536614,-0.007814304,-3.18E-07,6.48E-10,-0.68365795,-0.027428369,0.001386821,-3.01E-06,5,2011,2,27,0.8,1.1,2,625.671,406.079,22,29.8732,30.0008,29.9322,29.9595,21.732,17.1883,52.792,22,400,19.3337,100.384,102.258
81,1683660179,11403.6,20230509 12:22:58,12:22:58,b4.aircar.2,1992.193264,1683660172,1.72E-06,0.228192457,399.753,-2759.429857,-279.8900778,40.54710723,0.000114543,2.953070701,0.000114541,7.16E-05,321.4453786,27.37458337,26.35598077,3.445992915,59.90955814,1.961476706,3.274063049,1.484516209,-0.075953802,-137.6219074,-9.949635821,173.7978815,0,0,1,0,53859.70878,RECT-1505-20210918-17_20_47,10288.4,812.936,2752.91,1939.974,0.704699391,-1,MPF-1970-20230509-12_33_02,10256,2.202948,2.39705,0.080975366,0.5,1681.199677,0.228192457,68.0678792,1,0.000730545,1147.457479,-,0,2.39705,0.080975366,0.999129267,-0.000239473,1.417809182,0,1,1999.999615,1681.199677,0.8406,0.1912,6,0.5,0: Broadleaf,2,1683660172,399.753,399.9818077,19.33815385,19.33646538,408.0943846,20.03875,600.1921154,101.3225385,0.107862885,25.49155385,26.35598077,999.9,0,0,10002.41346,0,149.9922308,1999.999615,0.980000115,0.020000085,0,2.188096154,0,881.7751538,16306.03846,45,46.61046154,45.68223077,44.75,44.062,1959.999615,40,0,35,0,2.202948,-0.033692302,-51.55999992,882.20532,15,1683660094,12:21:33,1683660094,1683660078,32,-0.017,-0.007,-8.344,-0.701,400,19,0.73,0.25,-0.207119854,-0.206838585,0.051843271,0,0.006939122,-0.053807361,0.007593782,1,1,2,2-Jan,100,100,-8.342,-0.7002,-5.143536614,-0.007814304,-3.18E-07,6.48E-10,-0.68365795,-0.027428369,0.001386821,-3.01E-06,5,2011,2,27,1.4,1.7,2,626.084,405.78,22.0036,29.9437,30.0013,29.9869,30.0147,21.7338,16.9138,52.792,22,400,19.3526,100.369,102.241
82,1683660397,11622.1,20230509 12:26:37,12:26:37,g6.aircar.2,43.0780545,1683660389,0.000127565,0.36270327,399.5704194,321.7966938,32.63690401,40.52478373,0.008419676,2.951037081,0.008406353,0.005255166,321.4464832,27.37959467,26.36359677,3.447542071,59.41364013,1.949447386,3.2811445,1.498094686,-5.625612913,-132.9511419,-9.620700064,173.2490284,0,0,1,0,53793.30452,RECT-1505-20210918-17_20_47,10288.4,812.936,2752.91,1939.974,0.704699391,-1,MPF-1971-20230509-12_36_40,10251,2.207388,1.7196,-0.283663643,0.5,1681.202748,0.36270327,-238.4480479,1,0.000810553,1599.901372,-,0,1.7196,-0.283663643,0.999375352,0.000601304,1.418158388,0,1,2000.002903,1681.202748,0.840600154,0.191200308,6,0.5,0: Broadleaf,2,1683660389,399.5704194,399.9837097,19.22136129,19.09636452,407.9134516,19.92872903,600.5576452,101.3119355,0.108944968,25.52793226,26.36359677,999.9,0,0,9991.916452,0,300.2346129,2000.002903,0.979993387,0.0200067,0,2.213258065,0,1036.854194,16306.02903,44.794,46.558,45.5,44.683,43.919,1959.992581,40.01032258,0,217.7,0,2.207388,0.094346135,-85.31076921,1035.3712,15,1683660382,12:26:21,1683660381,1683660382,33,-0.003,-0.005,-8.347,-0.712,400,19,0.79,0.18,-0.315792926,-2.421507202,0.255204682,0,0.095638202,0.621072196,0.074523242,0,0,2,0/2,100,100,-8.341,-0.7055,-5.146616519,-0.007814304,-3.18E-07,6.48E-10,-0.688374371,-0.027428369,0.001386821,-3.01E-06,5,2011,2,27,0.3,0.3,2,623.097,406.616,22.0042,29.8945,29.9992,29.9428,29.9531,21.7295,17.8986,52.792,22,400,19.2242,100.395,102.272
83,1683660436,11661.1,20230509 12:27:16,12:27:16,g6.aircar.2,54.51717451,1683660431,0.000166806,0.603997038,399.3481667,303.4843505,30.77847779,40.50070014,0.011079023,2.951800117,0.011055973,0.00691205,321.4474828,27.48324686,26.47234444,3.469728643,59.95833469,1.980721686,3.303496831,1.489006956,-7.356161615,-132.0893864,-9.56657248,172.4353623,0,0,1,0,53795.03379,RECT-1505-20210918-17_20_47,10288.4,812.936,2752.91,1939.974,0.704699391,-1,MPF-1972-20230509-12_37_19,10250.7,2.232246154,1.5588,-0.432028582,0.5,1681.2078,0.603997038,-363.1649111,1,0.000954074,1765.044393,-,0,1.5588,-0.432028582,0.999433763,0.000830004,1.418241275,0,1,2000.008889,1681.2078,0.840600164,0.191200328,6,0.5,0: Broadleaf,2,1683660431,399.3481667,400.0185556,19.53046667,19.36697222,407.6894444,20.23102222,600.1986667,101.3108889,0.106128944,25.64231111,26.47234444,999.9,0,0,9996.35,0,311.8672778,2000.008889,0.979994167,0.020005894,0,2.269816667,0,978.6231111,16306.10556,44.875,46.63188889,45.562,44.75,44,1959.997778,40.01111111,0,38.19999981,0,2.232246154,0.63909744,-77.7906325,982.6568462,15,1683660382,12:26:21,1683660381,1683660382,33,-0.003,-0.005,-8.347,-0.712,400,19,0.79,0.18,-0.64729861,-0.185749254,0.048421713,0,0.15341422,0.069694892,0.013311964,1,1,2,2-Jan,100,100,-8.342,-0.7002,-5.146616519,-0.007814304,-3.18E-07,6.48E-10,-0.688374371,-0.027428369,0.001386821,-3.01E-06,5,2011,2,27,0.9,0.9,2,624.299,407.567,22.0001,29.8463,29.9997,29.8956,29.9113,21.7313,17.3383,52.792,22,400,19.3466,100.41,102.286
84,1683660476,11701.1,20230509 12:27:56,12:27:56,g6.aircar.2,44.85668047,1683660468,0.000191177,0.564892556,399.3447333,318.6903439,32.31984791,40.49937907,0.012593276,2.950722104,0.012563493,0.007854853,321.4465554,27.56577336,26.58369,3.492574307,59.95716945,1.991085666,3.320846671,1.501488641,-8.430897466,-135.7047436,-9.841856016,167.4690583,0,0,1,0,53747.50526,RECT-1505-20210918-17_20_47,10288.4,812.936,2752.91,1939.974,0.704699391,-1,MPF-1973-20230509-12_38_00,10250.4,2.222261538,1.604,-0.385449837,0.5,1681.20286,0.564892556,-324.0096841,1,0.000930817,1715.278055,-,0,1.604,-0.385449837,0.999417344,0.000762033,1.418217976,0,1,2000.003,1681.20286,0.840600169,0.191200338,6,0.5,0: Broadleaf,2,1683660468,399.3447333,399.9858,19.63313,19.44575667,407.6861333,20.33116,600.1603667,101.3084333,0.106148333,25.73062667,26.58369,999.9,0,0,9990.474667,0,336.9635,2000.003,0.9799945,0.02000555,0,2.221066667,0,963.9097333,16306.04667,44.9412,46.7458,45.604,44.8246,44.0956,1959.991667,40.01133333,0,39.19999981,0,2.222261538,1.18325471,-27.13504276,963.844,15,1683660382,12:26:21,1683660381,1683660382,33,-0.003,-0.005,-8.347,-0.712,400,19,0.79,0.18,-0.627962341,-0.315124328,0.044890091,0,0.186725049,0.007621986,0.002380906,1,1,2,2-Jan,100,100,-8.342,-0.6976,-5.146616519,-0.007814304,-3.18E-07,6.48E-10,-0.688374371,-0.027428369,0.001386821,-3.01E-06,5,2011,2,27,1.6,1.6,2,624.211,407.726,22.0035,29.8145,29.9996,29.8552,29.8723,21.7325,17.6088,52.792,22,400,19.3686,100.421,102.296
85,1683660978,12202.5,20230509 12:36:17,12:36:17,g6.dancal.1,72.35463176,1683660970,7.66E-05,0.356522546,399.6970323,275.4345223,27.92969475,40.53019938,0.004927432,2.951834502,0.004922867,0.003077202,321.4445179,27.84565017,26.94242903,3.567075378,60.30829578,2.032774996,3.370639096,1.534300382,-3.378156151,-152.8635663,-11.1160402,154.0867553,0,0,1,0,53734.43907,RECT-1505-20210918-17_20_47,10288.4,812.936,2752.91,1939.974,0.704699391,-1,MPF-1974-20230509-12_46_21,10254.9,2.237032,1.8636,-0.200382056,0.5,1681.197803,0.356522546,-168.4409364,1,0.000806879,1476.200043,-,0,1.8636,-0.200382056,0.999323044,0.000460418,1.41808416,0,1,1999.997742,1681.197803,0.840599851,0.191199701,6,0.5,0: Broadleaf,2,1683660970,399.6970323,400.0836129,20.04663548,19.97167742,407.8236452,20.75046452,600.8684839,101.2875161,0.114786387,25.98186452,26.94242903,999.9,0,0,9998.851935,0,376.9284194,1999.997742,0.980003194,0.019997,0,2.279922581,0,1077.354839,16306.04839,45.9756129,48.006,46.796,45.86687097,45,1960.007742,39.99,0,500.5999999,0,2.237032,-1.051361528,-111.1553848,1075.9488,15,1683660962,12:36:01,1683660954,1683660962,34,0.216,-0.018,-8.13,-0.706,400,20,0.68,0.28,-0.299253866,-1.88938655,0.218101313,0,0.060962342,0.438418805,0.047648368,0,0,2,0/2,100,100,-8.125,-0.7058,-4.93077801,-0.007814304,-3.18E-07,6.48E-10,-0.706113661,-0.027428369,0.001386821,-3.01E-06,5,2011,2,27,0.4,0.3,2,627.311,396.648,22,30.3831,30.0007,30.3403,30.3366,21.6883,20.2549,53.1608,22,400,19.8263,100.292,102.177
86,1683661012,12236.5,20230509 12:36:51,12:36:51,g6.dancal.1,501.5276153,1683661004,1.89E-05,0.602649089,399.3882581,-403.1637356,-40.87981534,40.49699116,0.001201627,2.953340076,0.001201355,0.000750872,321.4491724,27.90463031,26.98617097,3.576253682,59.93808495,2.025681999,3.379624159,1.550571683,-0.833182371,-152.7427651,-11.1065282,156.7666967,0,0,1,0,53770.46912,RECT-1505-20210918-17_20_47,10288.4,812.936,2752.91,1939.974,0.704699391,-1,MPF-1975-20230509-12_46_55,10254.2,2.20635,1.6204,-0.361608245,0.5,1681.221958,0.602649089,-303.9718608,1,0.000953264,1697.907677,-,0,1.6204,-0.361608245,0.999411386,0.000722222,1.418209522,0,1,2000.026452,1681.221958,0.840599861,0.191199723,6,0.5,0: Broadleaf,2,1683661004,399.3882581,399.9982581,19.97762258,19.9591129,407.5124516,20.68433226,600.1915484,101.29,0.107550742,26.02685484,26.98617097,999.9,0,0,10007.15677,0,372.943,2000.026452,0.980004839,0.0199953,0,2.211664516,0,1029.352903,16306.29355,46.10874194,48.149,46.875,45.929,45.09451613,1960.035161,39.99129032,0,33.19999981,0,2.20635,0.394512814,-61.28273505,1028.774615,15,1683660962,12:36:01,1683660954,1683660962,34,0.216,-0.018,-8.13,-0.706,400,20,0.68,0.28,-0.591235375,0.008216702,0.066927006,1,0.024648338,-0.088113347,0.015722577,1,2,2,2-Feb,100,100,-8.124,-0.7055,-4.93077801,-0.007814304,-3.18E-07,6.48E-10,-0.706113661,-0.027428369,0.001386821,-3.01E-06,5,2011,2,27,1,0.8,2,629.841,396.253,22.0028,30.4431,30.0009,30.3966,30.3946,21.6893,19.4086,53.1608,22,400,19.995,100.282,102.167
87,1683661045,12270,20230509 12:37:25,12:37:25,g6.dancal.1,136.4627087,1683661039,6.02E-05,0.523086437,399.43776,173.7519692,17.61898304,40.50421501,0.003833182,2.953649723,0.003830421,0.002394261,321.4402818,27.95793257,27.045464,3.588727958,60.08127601,2.038258081,3.392501318,1.550469877,-2.656546381,-151.9619363,-11.0554325,155.7663666,0,0,1,0,53768.06934,RECT-1505-20210918-17_20_47,10288.4,812.936,2752.91,1939.974,0.704699391,-1,MPF-1976-20230509-12_47_28,10253.5,2.208628,2.12376,-0.039961201,0.5,1681.175508,0.523086437,-33.5908961,1,0.000905965,1295.243455,-,0,2.12376,-0.039961201,0.99922854,0.00010467,1.417950055,0,1,1999.9712,1681.175508,0.840599859,0.191199717,6,0.5,0: Broadleaf,2,1683661039,399.43776,399.98472,20.100556,20.041548,407.56244,20.804116,600.20648,101.29448,0.10858968,26.091152,27.045464,999.9,0,0,10008.4732,0,366.19448,1999.9712,0.98000624,0.01999386,0,2.215896,0,997.51824,16305.852,46.25,48.312,47.00248,46.05208,45.20464,1959.9812,39.99,0,32.5999999,0,2.208628,0.280369234,-41.8332307,998.12024,15,1683660962,12:36:01,1683660954,1683660962,34,0.216,-0.018,-8.13,-0.706,400,20,0.68,0.28,-0.57328645,0.240084946,0.048770579,0,0.060166165,-0.014755371,0.002189993,1,1,2,2-Jan,100,100,-8.125,-0.7031,-4.93077801,-0.007814304,-3.18E-07,6.48E-10,-0.706113661,-0.027428369,0.001386821,-3.01E-06,5,2011,2,27,1.5,1.4,2,631.112,395.081,22.0041,30.5149,30.001,30.4632,30.4622,21.689,19.6931,53.1608,22,400,19.9467,100.27,102.151
88,1683661347,12572,20230509 12:42:27,12:42:27,c3.aircar.2,76.69283341,1683661339,0.000117247,0.587541296,399.3669,268.321931,27.20727023,40.49494996,0.007660967,2.952048878,0.007649939,0.004782202,321.4431759,27.6426507,26.68277667,3.513015048,60.05259824,2.001198351,3.332409271,1.511816696,-5.170580839,-142.2039451,-10.31672559,163.7519243,0,0,1,0,53775.3886,RECT-1505-20210918-17_20_47,10288.4,812.936,2752.91,1939.974,0.704699391,-1,MPF-1977-20230509-12_52_31,10244.3,2.218788,1.9096,-0.161912442,0.5,1681.19074,0.587541296,-136.1028494,1,0.000944296,1440.616045,-,0,1.9096,-0.161912442,0.999306334,0.000381231,1.418060448,0,1,1999.989333,1681.19074,0.840599853,0.191199706,6,0.5,0: Broadleaf,2,1683661339,399.3669,400.0010667,19.7361,19.62120333,407.6331333,20.44617,600.1883667,101.2890667,0.1087957,25.78926,26.68277667,999.9,0,0,9999.916,0,401.8061667,1999.989333,0.9800064,0.019993453,0,2.191186667,0,1110.846667,16306,46.125,48.062,46.9811,45.875,45.156,1959.999333,39.99,0,301.3999999,0,2.218788,0.97610001,-16.69076927,1110.6496,15,1683661305,12:41:45,1683661305,1683661301,35,-0.141,0.003,-8.271,-0.707,400,20,0.4,0.22,-0.63874515,0.092783415,0.067145681,1,0.131697155,-0.32519423,0.031568245,0,1,2,2-Jan,100,100,-8.266,-0.7104,-5.071767424,-0.007814304,-3.18E-07,6.48E-10,-0.703338206,-0.027428369,0.001386821,-3.01E-06,5,2011,2,27,0.7,0.8,2,626.095,398.581,21.9968,30.2727,29.9993,30.3315,30.3466,21.6728,22.5446,51.2859,22,400,19.6614,100.332,102.215
89,1683661387,12611.5,20230509 12:43:06,12:43:06,c3.aircar.2,137.0403539,1683661379,6.59E-05,0.590118216,399.3646774,172.9399214,17.53644282,40.49635142,0.004306164,2.951908148,0.004302677,0.002689486,321.4469376,27.62859235,26.66114839,3.508544428,60.06615926,1.998393044,3.326986558,1.510151383,-2.904741454,-143.1278119,-10.3816905,165.0326938,0,0,1,0,53776.29788,RECT-1505-20210918-17_20_47,10288.4,812.936,2752.91,1939.974,0.704699391,-1,MPF-1978-20230509-12_53_10,10244.5,2.206144,1.7748,-0.243038089,0.5,1681.210539,0.590118216,-204.2990981,1,0.000945817,1550.109984,-,0,1.7748,-0.243038089,0.9993553,0.000531761,1.418129934,0,1,2000.012903,1681.210539,0.840599846,0.191199692,6,0.5,0: Broadleaf,2,1683661379,399.3646774,399.9809032,19.70764194,19.64309355,407.6308065,20.41842903,600.1922258,101.293,0.108935903,25.76178387,26.66114839,999.9,0,0,9998.72871,0,399.0197419,2000.012903,0.980005871,0.019994,0,2.202996774,0,1105.029032,16306.19032,46.11280645,47.95122581,46.933,45.804,45.129,1960.022903,39.99,0,38.79999995,0,2.206144,-0.333399998,-6.910769248,1104.9444,15,1683661305,12:41:45,1683661305,1683661301,35,-0.141,0.003,-8.271,-0.707,400,20,0.4,0.22,-0.62261435,-0.073253741,0.047430022,1,0.0677824,-0.064955626,0.009486975,1,2,2,2-Feb,100,100,-8.266,-0.7106,-5.071767424,-0.007814304,-3.18E-07,6.48E-10,-0.703338206,-0.027428369,0.001386821,-3.01E-06,5,2011,2,27,1.4,1.4,2,626.019,398.71,21.9974,30.2069,29.9994,30.2813,30.3004,21.6758,22.2672,50.5348,22,400,19.7123,100.346,102.228
90,1683661425,12649.5,20230509 12:43:44,12:43:44,c3.aircar.2,112.5625607,1683661420,8.65E-05,0.641318932,399.3257895,211.6343707,21.4604515,40.49300552,0.005697444,2.95100724,0.00569134,0.003557636,321.4468103,27.59674908,26.62522105,3.501129135,60.27324449,2.00206613,3.321649842,1.499063005,-3.813887454,-141.6763444,-10.27629943,165.680279,0,0,1,0,53754.8437,RECT-1505-20210918-17_20_47,10288.4,812.936,2752.91,1939.974,0.704699391,-1,MPF-1979-20230509-12_53_48,10244.6,2.191811538,2.2285,0.016463299,0.5,1681.209868,0.641318932,13.83913027,1,0.000976272,1234.319722,-,0,2.2285,0.016463299,0.999190493,-4.53E-05,1.417896065,0,1,2000.012105,1681.209868,0.840599846,0.191199693,6,0.5,0: Broadleaf,2,1683661420,399.3257895,400.0014211,19.74357368,19.65882632,407.5916842,20.45346316,600.1972632,101.2955789,0.107853,25.73470526,26.62522105,999.9,0,0,9993.360526,0,398.7252105,2000.012105,0.980005789,0.019994084,0,2.225578947,0,1101.058947,16306.20526,46.07857895,47.83521053,46.875,45.75,45.11173684,1960.022105,39.99,0,37,0,2.191811538,0.707449577,-9.049230779,1101.355769,15,1683661305,12:41:45,1683661305,1683661301,35,-0.141,0.003,-8.271,-0.707,400,20,0.4,0.22,-0.6433197,-0.231031857,0.062677359,0,0.07000788,0.14391292,0.016770757,0,0,2,0/2,100,100,-8.266,-0.7101,-5.071767424,-0.007814304,-3.18E-07,6.48E-10,-0.703338206,-0.027428369,0.001386821,-3.01E-06,5,2011,2,27,2,2.1,2,626.085,398.932,22.0011,30.1443,29.9995,30.2305,30.2511,21.677,22.2672,50.1642,22,400,19.6424,100.359,102.241
91,1683661750,12975,20230509 12:49:10,12:49:10,c4.trihir.1,45.95094504,1683661742,0.003865543,14.112899,384.4424,300.06585,30.42602945,38.98162948,0.307129679,2.953359495,0.290424782,0.182940604,321.4452272,26.09735617,25.66425333,3.307800033,61.90516528,1.993478519,3.220213547,1.314321514,-170.4704392,-71.90496785,-5.172712883,73.89710723,0,0,1,0,53917.88844,RECT-1505-20210918-17_20_47,10288.4,812.936,2752.91,1939.974,0.704699391,-1,MPF-1980-20230509-12_59_14,10172.3,2.3538,2.1616,-0.088915618,0.5,1681.19888,14.112899,-74.74241875,1,0.008989358,1272.551999,-,0,2.1616,-0.088915618,0.999214795,0.000237057,1.41793055,0,1,1999.998667,1681.19888,0.8406,0.191200001,6,0.5,0: Broadleaf,2,1683661742,384.4424,400.0362333,19.65997,15.87167333,392.5751333,20.33072,600.1979333,101.2918667,0.105974667,25.21265,25.66425333,999.9,0,0,10007.08267,0,112.6345333,1999.998667,0.9800016,0.0199981,0,2.35103,0,10079.84,16306.04667,45.4391,47.375,46.25413333,45.187,44.5186,1959.998667,40,0,324.5999999,0,2.3538,-0.230639317,-518.3076915,10078.77308,15,1683661728,12:48:48,1683661724,1683661728,37,-0.002,0.001,-8.253,-0.74,400,16,0.29,0.07,-13.7721865,-28.30932923,4.026843978,0,3.287290325,8.376166008,1.017094835,0,0,2,0/2,100,100,-8.132,-0.6771,-5.055114097,-0.007814304,-3.18E-07,6.48E-10,-0.661102374,-0.027428369,0.001386821,-3.01E-06,5,2011,2,27,0.4,0.4,2,626.161,394.237,21.9999,29.8053,30.0003,29.9409,29.966,21.6385,36.6871,44.4955,22,400,15.4277,100.403,102.272
92,1683661788,13013,20230509 12:49:48,12:49:48,c4.trihir.1,51.78826831,1683661780,0.003810986,15.04892381,383.4532667,289.3357256,29.33844541,38.88189994,0.290585577,2.950510185,0.275571008,0.173516204,321.4498211,26.05404379,25.58164,3.291623753,59.99904933,1.925404737,3.20905874,1.366219016,-168.0644733,-67.96547404,-4.890569181,80.52930459,0,0,1,0,53844.84033,RECT-1505-20210918-17_20_47,10288.4,812.936,2752.91,1939.974,0.704699391,-1,MPF-1981-20230509-12_59_52,10173.2,2.263892308,1.9432,-0.165033094,0.5,1681.22297,15.04892381,-138.728714,1,0.009545982,1415.688967,-,0,1.9432,-0.165033094,0.999294129,0.000395432,1.418043128,0,1,2000.027333,1681.22297,0.840599997,0.191199994,6,0.5,0: Broadleaf,2,1683661780,383.4532667,399.9583667,18.98834,15.25088667,391.5780667,19.67513333,600.1875333,101.2932333,0.106085233,25.15436667,25.58164,999.9,0,0,9990.771333,0,120.8867,2000.027333,0.9800002,0.0199995,0,2.258403333,0,9829.761667,16306.27667,45.437,47.312,46.18286667,45.14566667,44.4958,1960.027,40.00033333,0,37.0999999,0,2.263892308,1.251336762,-267.1203419,9828.851923,15,1683661728,12:48:48,1683661724,1683661728,37,-0.002,0.001,-8.253,-0.74,400,16,0.29,0.07,-16.4424425,-1.330497186,0.130260028,0,3.785299,-0.882725629,0.0869942,0,0,2,0/2,100,100,-8.123,-0.687,-5.055114097,-0.007814304,-3.18E-07,6.48E-10,-0.661102374,-0.027428369,0.001386821,-3.01E-06,5,2011,2,27,1.1,1,2,627.597,394.034,21.9969,29.8211,30.0004,29.9496,29.9784,21.6425,35.8217,42.586,22,400,15.3736,100.389,102.261
93,1683661822,13047,20230509 12:50:22,12:50:22,c4.trihir.1,53.0992155,1683661814,0.003842929,15.75481565,382.7546333,286.4847404,29.04995821,38.81186163,0.296705243,2.952444911,0.281079547,0.177010018,321.4456902,25.97392456,25.48313333,3.272425809,60.13445911,1.921568317,3.195452899,1.350857492,-169.47319,-63.68427066,-4.575595857,83.71263371,0,0,1,0,53914.53967,RECT-1505-20210918-17_20_47,10288.4,812.936,2752.91,1939.974,0.704699391,-1,MPF-1982-20230509-13_00_26,10173.9,2.343853846,1.8852,-0.243291877,0.5,1681.20114,15.75481565,-204.5112903,1,0.009965979,1459.274772,-,0,1.8852,-0.243291877,0.999315197,0.000565506,1.418073026,0,1,2000.001333,1681.20114,0.84060001,0.191200019,6,0.5,0: Broadleaf,2,1683661814,382.7546333,399.9747333,18.95011333,15.18123667,390.8740667,19.63779,600.1956333,101.2945667,0.1068489,25.08303667,25.48313333,999.9,0,0,10001.62167,0,120.8396667,2000.001333,0.9799986,0.0200011,0,2.362876667,0,9717.731,16306.06,45.3998,47.2458,46.125,45.0662,44.458,1960.000667,40.00066667,0,33.20000005,0,2.343853846,-0.419398275,-127.1042736,9717.524615,15,1683661728,12:48:48,1683661724,1683661728,37,-0.002,0.001,-8.253,-0.74,400,16,0.29,0.07,-17.1799625,-0.895147092,0.092053285,0,3.7825455,-0.240231445,0.02612753,0,0,2,0/2,100,100,-8.119,-0.6892,-5.055114097,-0.007814304,-3.18E-07,6.48E-10,-0.661102374,-0.027428369,0.001386821,-3.01E-06,5,2011,2,27,1.6,1.6,2,627.78,393.661,21.9982,29.8346,30.0003,29.9587,29.9861,21.6474,35.2493,41.4456,22,400,15.3139,100.384,102.255
94,1683662069,13294,20230509 12:54:29,12:54:29,g7.aircar.2,67.40386857,1683662061,0.000109848,0.503672215,399.4518,283.4352634,28.73779862,40.50083693,0.007472453,2.954400405,0.007461969,0.004664671,321.4453336,27.19582539,26.04883,3.38402044,59.49410924,1.930560598,3.244960926,1.453459842,-4.844281574,-112.6894574,-8.124748956,195.7868457,0,0,1,0,53925.03092,RECT-1505-20210918-17_20_47,10288.4,812.936,2752.91,1939.974,0.704699391,-1,MPF-1983-20230509-13_04_33,10246.7,2.2333,1.796,-0.243485523,0.5,1681.19944,0.503672215,-204.6738628,1,0.000894404,1531.800668,-,0,1.796,-0.243485523,0.999347599,0.000539118,1.418119006,0,1,1999.999333,1681.19944,0.8406,0.1912,6,0.5,0: Broadleaf,2,1683662061,399.4518,399.9991,19.04074,18.93303333,407.703,19.74204333,600.2752333,101.2853,0.105748767,25.34132667,26.04883,999.9,0,0,10013.646,0,380.4220667,1999.999333,0.9800017,0.01999821,0,2.247976667,0,1223.423667,16306.05333,44.8288,46.75,45.5746,44.5746,43.875,1959.999333,40,0,246.2,0,2.2333,-0.354092295,-88.08846154,1222.5576,15,1683662049,12:54:09,1683662049,1683662048,38,-0.001,-0.016,-8.255,-0.704,400,19,0.88,0.2,-0.43225789,-1.538041743,0.203188651,0,0.08691986,0.209325291,0.041781786,0,0,2,0/2,100,100,-8.252,-0.7008,-5.05617788,-0.007814304,-3.18E-07,6.48E-10,-0.677207332,-0.027428369,0.001386821,-3.01E-06,5,2011,2,27,0.3,0.4,2,621.514,400.225,22.006,29.5531,30.0005,29.7082,29.7429,21.7346,14.9618,39.5333,22,400,19.0734,100.432,102.303
95,1683662106,13331,20230509 12:55:06,12:55:06,g7.aircar.2,85.27233891,1683662099,8.15E-05,0.468053096,399.4778214,255.1401416,25.87012944,40.50535868,0.005488921,2.953611202,0.00548326,0.003427546,321.4471245,27.3606345,26.21763571,3.417958046,59.56594707,1.95103519,3.275420414,1.466922856,-3.593502698,-114.5065199,-8.271489993,195.075612,0,0,1,0,53873.57862,RECT-1505-20210918-17_20_47,10288.4,812.936,2752.91,1939.974,0.704699391,-1,MPF-1984-20230509-13_05_10,10246.1,2.266068,2.2484,-0.007858032,0.5,1681.211143,0.468053096,-6.605505798,1,0.000873212,1223.38623,-,0,2.2484,-0.007858032,0.999183264,2.18E-05,1.417885807,0,1,2000.013571,1681.211143,0.840599867,0.191199735,6,0.5,0: Broadleaf,2,1683662099,399.4778214,399.97825,19.24178214,19.16189286,407.7291071,19.93837143,600.2111429,101.2895,0.106263429,25.49853214,26.21763571,999.9,0,0,10008.74643,0,384.7084643,2000.013571,0.980003179,0.019996721,0,2.259135714,0,1188.726071,16306.19643,44.982,46.87942857,45.62942857,44.7365,44.01328571,1960.022143,39.99142857,0,36.20000005,0,2.266068,0.483107681,-38.40846153,1188.7472,15,1683662049,12:54:09,1683662049,1683662048,38,-0.001,-0.016,-8.255,-0.704,400,19,0.88,0.2,-0.515043675,0.219679081,0.045901094,0,0.07173548,0.122701236,0.015971645,0,0,2,0/2,100,100,-8.251,-0.6959,-5.05617788,-0.007814304,-3.18E-07,6.48E-10,-0.677207332,-0.027428369,0.001386821,-3.01E-06,5,2011,2,27,0.9,1,2,622.479,400.524,22.0093,29.6105,30.001,29.7302,29.7667,21.7408,14.0512,39.5333,22,400,19.292,100.418,102.289
96,1683662143,13367.5,20230509 12:55:42,12:55:42,g7.aircar.2,140.1834341,1683662135,5.27E-05,0.496099363,399.4528,168.2619711,17.06136122,40.50355803,0.00353893,2.951836756,0.003536575,0.002210571,321.4483895,27.48674156,26.34142,3.443032831,59.78401427,1.971917118,3.298401994,1.471115713,-2.324847753,-115.3951786,-8.350810305,195.3775528,0,0,1,0,53800.36501,RECT-1505-20210918-17_20_47,10288.4,812.936,2752.91,1939.974,0.704699391,-1,MPF-1985-20230509-13_05_46,10245.6,2.3169,2.00503,-0.155543807,0.5,1681.21818,0.496099363,-130.7515383,1,0.00088989,1372.0019,-,0,2.00503,-0.155543807,0.999271669,0.000384583,1.418011257,0,1,2000.022,1681.21818,0.840599843,0.191199687,6,0.5,0: Broadleaf,2,1683662135,399.4528,399.9698,19.44737333,19.39569667,407.7039,20.13904667,600.1828667,101.2911333,0.106473667,25.6163,26.34142,999.9,0,0,9998.507667,0,386.0291667,2000.022,0.9800048,0.0199951,0,2.313166667,0,1173.691667,16306.26,45.125,47.01653333,45.7374,44.89566667,44.17873333,1960.032,39.99,0,35.5999999,0,2.3169,-0.020123071,-13.55726496,1173.617308,15,1683662049,12:54:09,1683662049,1683662048,38,-0.001,-0.016,-8.255,-0.704,400,19,0.88,0.2,-0.51511235,0.055076443,0.036259849,1,0.04974571,0.071242456,0.009415443,1,2,2,2-Feb,100,100,-8.251,-0.6906,-5.05617788,-0.007814304,-3.18E-07,6.48E-10,-0.677207332,-0.027428369,0.001386821,-3.01E-06,5,2011,2,27,1.6,1.6,2,622.695,400.254,22.0051,29.6926,30.0008,29.7637,29.7953,21.7474,12.6378,39.5333,22,400,19.4478,100.408,102.28
97,1683662384,13608.5,20230509 12:59:43,12:59:43,h2.aircar.2,63.4017994,1683662376,6.12E-05,0.253525224,399.7316452,289.7748318,29.38184742,40.53096722,0.003998707,2.952890303,0.003995701,0.002497583,321.4468465,27.59058833,26.64743871,3.505713176,60.09166052,1.994662274,3.31936621,1.511050902,-2.699196425,-147.1502034,-10.6671016,160.9303451,0,0,1,0,53811.83862,RECT-1505-20210918-17_20_47,10288.4,812.936,2752.91,1939.974,0.704699391,-1,MPF-1986-20230509-13_09_47,10258.9,2.20174,1.56,-0.411371795,0.5,1681.204403,0.253525224,-345.8000365,1,0.000745611,1763.685897,-,0,1.56,-0.411371795,0.999433327,0.000790928,1.418240657,0,1,2000.004839,1681.204403,0.840600168,0.191200336,6,0.5,0: Broadleaf,2,1683662376,399.7316452,400.0093871,19.67210968,19.61216129,408.0140968,20.36584516,600.5387097,101.284129,0.111313903,25.72310645,26.64743871,999.9,0,0,10005.18194,0,300.028129,2000.004839,0.979994581,0.020005719,0,2.208935484,0,1161.334516,16306.05161,45.22764516,47.308,46.034,45.062,44.312,1959.993548,40.01129032,0,240.1999998,0,2.20174,-0.078676922,-34.78461543,1160.8904,15,1683662368,12:59:28,1683662367,1683662368,39,-0.029,-0.009,-8.284,-0.696,400,20,0.72,0.22,-0.208750939,-2.013947492,0.211851737,0,0.048312571,0.29719946,0.031682856,0,0,2,0/2,100,100,-8.281,-0.6942,-5.085051316,-0.007814304,-3.18E-07,6.48E-10,-0.68579334,-0.027428369,0.001386821,-3.01E-06,5,2011,2,27,0.3,0.3,2,622.891,398.297,21.9986,29.8233,29.9998,29.8376,29.8509,21.743,14.0125,41.4797,22,400,19.5445,100.407,102.28
98,1683662420,13644.5,20230509 13:00:19,13:00:19,h2.aircar.2,50.31925,1683662412,0.000118738,0.38649927,399.5988387,310.1994085,31.45216943,40.51668068,0.007680943,2.951305963,0.007669854,0.004794654,321.4501719,27.63869928,26.71155806,3.518971947,59.78923351,1.991944111,3.331610048,1.527027836,-5.236350408,-147.3915263,-10.69709806,158.1251972,0,0,1,0,53754.28216,RECT-1505-20210918-17_20_47,10288.4,812.936,2752.91,1939.974,0.704699391,-1,MPF-1987-20230509-13_10_23,10258.2,2.289084,2.014,-0.136585899,0.5,1681.222248,0.38649927,-114.8156259,1,0.000824697,1365.886792,-,0,2.014,-0.136585899,0.999268411,0.000339224,1.418006633,0,1,2000.026129,1681.222248,0.840600142,0.191200284,6,0.5,0: Broadleaf,2,1683662412,399.5988387,400.0326452,19.6457,19.52933226,407.88,20.34090323,600.1942258,101.2853548,0.108034613,25.7852129,26.71155806,999.9,0,0,9996.064839,0,305.3028387,2000.026129,0.979996903,0.020003397,0,2.278687097,0,1145.846129,16306.24194,45.375,47.433,46.11890323,45.09858065,44.411,1960.016129,40.01,0,35,0,2.289084,0.533561541,-13.22384613,1145.7236,15,1683662368,12:59:28,1683662367,1683662368,39,-0.029,-0.009,-8.284,-0.696,400,20,0.72,0.22,-0.440593025,0.175401895,0.060054427,0,0.11517906,-0.05620053,0.013188207,1,1,2,2-Jan,100,100,-8.281,-0.6955,-5.085051316,-0.007814304,-3.18E-07,6.48E-10,-0.68579334,-0.027428369,0.001386821,-3.01E-06,5,2011,2,27,0.9,0.9,2,624.706,398.59,22.005,29.8194,30.0005,29.8416,29.861,21.737,14.5802,41.4797,22,400,19.5208,100.409,102.28
99,1683662454,13679,20230509 13:00:54,13:00:54,h2.aircar.2,221.3070179,1683662448,3.35E-05,0.475122878,399.4965833,39.80134285,4.035587136,40.50625324,0.002146895,2.953087949,0.002146028,0.001341345,321.4486357,27.72545328,26.79412083,3.536108964,59.72830643,1.997695255,3.344637367,1.538413709,-1.476230628,-150.1393825,-10.8980563,158.9349663,0,0,1,0,53794.60689,RECT-1505-20210918-17_20_47,10288.4,812.936,2752.91,1939.974,0.704699391,-1,MPF-1988-20230509-13_10_58,10257.4,2.2951,1.7788,-0.290251855,0.5,1681.216488,0.475122878,-243.9881022,1,0.000877414,1546.621992,-,0,1.7788,-0.290251855,0.999353847,0.000636498,1.418127872,0,1,2000.019583,1681.216488,0.840600013,0.191200026,6,0.5,0: Broadleaf,2,1683662448,399.4965833,399.9849167,19.70245,19.66964583,407.7771667,20.39625,600.1997083,101.2851667,0.108074042,25.851075,26.79412083,999.9,0,0,10006.20208,0,300.7017917,2000.019583,0.97999825,0.020002008,0,2.313191667,0,1133.475,16306.19583,45.52066667,47.606625,46.26291667,45.221125,44.54908333,1960.018333,40.00125,0,33.5999999,0,2.2951,0.121000004,-15.62615385,1133.8632,15,1683662368,12:59:28,1683662367,1683662368,39,-0.029,-0.009,-8.284,-0.696,400,20,0.72,0.22,-0.46092305,-0.306807602,0.047810781,0,0.042167043,-0.135597198,0.017738398,0,0,2,0/2,100,100,-8.28,-0.6929,-5.085051316,-0.007814304,-3.18E-07,6.48E-10,-0.68579334,-0.027428369,0.001386821,-3.01E-06,5,2011,2,27,1.5,1.4,2,624.79,398.346,22.0037,29.8535,30.0007,29.8711,29.8935,21.7398,13.7274,41.4797,22,400,19.7149,100.399,102.27
100,1683662692,13916.5,20230509 13:04:51,13:04:51,c8.aircar.2,40.17623376,1683662684,2.97E-05,0.077687717,399.9917857,326.7707545,33.12986177,40.55342282,0.001933673,2.952852883,0.00193297,0.00120817,321.4452722,27.75193829,26.71906071,3.520526223,59.93289113,2.007557316,3.349675409,1.512968906,-1.307740968,-134.133057,-9.73456474,176.2699095,0,0,1,0,53782.89288,RECT-1505-20210918-17_20_47,10288.4,812.936,2752.91,1939.974,0.704699391,-1,MPF-1989-20230509-13_14_55,10249.3,2.250156,1.3572,-0.657939876,0.5,1681.198832,0.077687717,-553.0638758,1,0.000641023,2027.374595,-,0,1.3572,-0.657939876,0.999506994,0.00110027,1.418345194,0,1,1999.998571,1681.198832,0.840600017,0.191200033,6,0.5,0: Broadleaf,2,1683662684,399.9917857,400.08125,19.8012,19.77216071,408.1713929,20.50270357,600.5686071,101.2733571,0.112281929,25.87648571,26.71906071,999.9,0,0,10006.03357,0,224.1474286,1999.998571,0.979998036,0.020001964,0,2.244892857,0,725.82975,16306.04643,45.88828571,48.00885714,46.687,45.732,44.866,1959.9975,40.00107143,0,236.4000001,0,2.250156,-0.141530777,-39.29546147,725.99804,15,1683662678,13:04:37,1683662678,1683662678,40,0.116,-0.012,-8.168,-0.703,400,20,0.83,0.26,-0.102957989,-0.108767172,0.081988353,0,0.023996162,0.117725308,0.013639026,0,0,2,0/2,100,100,-8.165,-0.7026,-4.96876404,-0.007814304,-3.18E-07,6.48E-10,-0.697466378,-0.027428369,0.001386821,-3.01E-06,5,2011,2,27,0.2,0.2,2,624.455,395.631,22.0029,30.0345,30.0009,30.0318,30.0507,21.7138,15.1353,42.7344,22,400,19.7746,100.358,102.237
101,1683662728,13953.1,20230509 13:05:28,13:05:28,c8.aircar.2,-123.8893774,1683662720,-2.11E-05,0.169956825,399.8005,585.840034,59.39033322,40.53032148,-0.001371843,2.949636388,-0.001372198,-0.000857592,321.4461158,27.79888586,26.76624333,3.530314484,59.96057215,2.012287732,3.35601823,1.518026751,0.931613051,-136.4101599,-9.914549968,176.053019,0,0,1,0,53682.88325,RECT-1505-20210918-17_20_47,10288.4,812.936,2752.91,1939.974,0.704699391,-1,MPF-1990-20230509-13_15_32,10248.7,2.275672,1.6512,-0.378192829,0.5,1681.20338,0.169956825,-317.9095316,1,0.000695904,1666.217781,-,0,1.6512,-0.378192829,0.999400198,0.000769732,1.418193646,0,1,2000.004,1681.20338,0.840600009,0.191200018,6,0.5,0: Broadleaf,2,1683662720,399.8005,399.9619667,19.84967333,19.87037333,407.966,20.55119333,600.1648667,101.2674667,0.1088985,25.90843,26.76624333,999.9,0,0,9988.355,0,214.0312333,2000.004,0.9799995,0.020000483,0,2.268963333,0,713.2377,16306.08333,46.05993333,48.1103,46.78513333,45.88533333,45,1960.003333,40.00066667,0,36,0,2.275672,-0.279861537,-28.58738458,712.95092,15,1683662678,13:04:37,1683662678,1683662678,40,0.116,-0.012,-8.168,-0.703,400,20,0.83,0.26,-0.154267833,0.063664299,0.050050127,1,-0.005610325,-0.278319124,0.027957475,0,1,2,2-Jan,100,100,-8.166,-0.7003,-4.96876404,-0.007814304,-3.18E-07,6.48E-10,-0.697466378,-0.027428369,0.001386821,-3.01E-06,5,2011,2,27,0.8,0.8,2,626.118,396.192,22.0007,30.1003,30.0008,30.0772,30.0961,21.7185,14.2505,42.7344,22,400,19.9172,100.346,102.223
102,1683662781,14005.6,20230509 13:06:20,13:06:20,c8.aircar.2,42.98378834,1683662773,6.62E-05,0.185820959,399.7970333,322.1313957,32.65608908,40.52944763,0.004323047,2.9524568,0.004319534,0.002700024,321.4438972,27.80611551,26.78010333,3.533194318,60.17467028,2.023244769,3.362286422,1.50994955,-2.917258602,-133.7301319,-9.712682752,175.0838239,0,0,1,0,53759.73409,RECT-1505-20210918-17_20_47,10288.4,812.936,2752.91,1939.974,0.704699391,-1,MPF-1991-20230509-13_16_24,10247.8,2.261930769,1.6272,-0.390075448,0.5,1681.19188,0.185820959,-327.895838,1,0.000705345,1690.808014,-,0,1.6272,-0.390075448,0.999408916,0.000782354,1.418206017,0,1,1999.990333,1681.19188,0.840600003,0.191200006,6,0.5,0: Broadleaf,2,1683662773,399.7970333,400.0092333,19.95801333,19.89320333,407.9626667,20.65679,600.1920667,101.2666,0.108458467,25.93994667,26.78010333,999.9,0,0,10004.45133,0,223.1362333,1999.990333,0.9800013,0.019998623,0,2.267196667,0,714.5353,16305.98333,46.2332,48.2748,46.9538,46.0998,45.187,1959.990333,40,0,51.30000019,0,2.261930769,-0.231323074,-1.568136754,714.5667692,15,1683662678,13:04:37,1683662678,1683662678,40,0.116,-0.012,-8.168,-0.703,400,20,0.83,0.26,-0.2198097,0.095502507,0.042241564,1,0.062899588,-0.04203755,0.013480681,1,2,2,2-Feb,100,100,-8.166,-0.6991,-4.96876404,-0.007814304,-3.18E-07,6.48E-10,-0.697466378,-0.027428369,0.001386821,-3.01E-06,5,2011,2,27,1.7,1.7,2,626.354,395.395,22.0004,30.2099,30.0011,30.1608,30.1771,21.7157,14.8063,42.7344,22,400,19.8541,100.323,102.203
103,1683663086,14311.1,20230509 13:11:26,13:11:26,i5.aircar.2,97.90215999,1683663078,3.92E-05,0.244582161,399.7466774,235.0629596,23.83261481,40.52960366,0.00249823,2.95575356,0.002497058,0.001560767,321.446672,27.8772223,26.94878387,3.568407526,59.83099214,2.019582677,3.37547917,1.548824849,-1.729888283,-150.215171,-10.91064013,158.5909725,0,0,1,0,53844.54681,RECT-1505-20210918-17_20_47,10288.4,812.936,2752.91,1939.974,0.704699391,-1,MPF-1992-20230509-13_21_30,10244.3,2.280392,2.33831,0.024769171,0.5,1681.210397,0.244582161,20.82109382,1,0.000740289,1176.307543,-,0,2.33831,0.024769171,0.999150604,-7.15E-05,1.417839461,0,1,2000.012903,1681.210397,0.840599775,0.19119955,6,0.5,0: Broadleaf,2,1683663078,399.7466774,400.0066129,19.91930323,19.88090645,407.8322903,20.62645806,600.7555806,101.2754516,0.112767355,26.0061129,26.94878387,999.9,0,0,10022.3129,0,336.541129,2000.012903,0.980006806,0.019993016,0,2.249345161,0,1012.947742,16306.2,46.25,48.48780645,47.125,46.125,45.252,1960.022258,39.98516129,0,304.8,0,2.280392,0.333661532,-53.00692317,1012.324,15,1683663070,13:11:09,1683663067,1683663070,41,0.079,-0.008,-8.088,-0.709,400,20,0.5,0.25,-0.196829215,-1.621859908,0.173098872,0,0.029797601,0.225952105,0.023130661,0,0,2,0/2,100,100,-8.084,-0.7071,-4.889817327,-0.007814304,-3.18E-07,6.48E-10,-0.705295863,-0.027428369,0.001386821,-3.01E-06,5,2011,2,27,0.3,0.3,2,624.29,391.073,22.0013,30.496,30.0006,30.4677,30.4781,21.7034,18.5222,42.364,22,400,19.8303,100.276,102.161
104,1683663124,14349.1,20230509 13:12:04,13:12:04,i5.aircar.2,273.2690074,1683663116,2.50E-05,0.434185249,399.5282258,-42.31605491,-4.290216003,40.50619537,0.001588857,2.953368202,0.001588382,0.000992781,321.4428279,27.94141822,26.99416129,3.577932504,59.77554205,2.02479156,3.387324465,1.553140944,-1.103568347,-147.8905173,-10.75610062,161.6926416,0,0,1,0,53764.05908,RECT-1505-20210918-17_20_47,10288.4,812.936,2752.91,1939.974,0.704699391,-1,MPF-1993-20230509-13_22_08,10243.4,2.234557692,1.7536,-0.274268757,0.5,1681.18351,0.434185249,-230.5480558,1,0.000853081,1568.861998,-,0,1.7536,-0.274268757,0.999363001,0.000592909,1.418140862,0,1,1999.98,1681.18351,0.840600161,0.191200322,6,0.5,0: Broadleaf,2,1683663116,399.5282258,399.9722581,19.9713,19.94678387,407.6123226,20.67737097,600.203871,101.2755161,0.109549452,26.06532903,26.99416129,999.9,0,0,10008.74774,0,334.3451935,1999.98,0.979992774,0.020007026,0,2.207764516,0,986.5169355,16305.85484,46.375,48.544,47.19919355,46.161,45.35264516,1959.969677,40.01032258,0,37.30000019,0,2.234557692,0.167709386,-53.61155555,985.8923077,15,1683663070,13:11:09,1683663067,1683663070,41,0.079,-0.008,-8.088,-0.709,400,20,0.5,0.25,-0.4263191,-0.390706311,0.069083062,0,0.0355948,-0.328134616,0.035524716,0,0,2,0/2,100,100,-8.083,-0.7048,-4.889817327,-0.007814304,-3.18E-07,6.48E-10,-0.705295863,-0.027428369,0.001386821,-3.01E-06,5,2011,2,27,0.9,0.9,2,625.643,391.201,22.0062,30.5523,30.001,30.5168,30.5299,21.7088,17.9296,41.9897,22,400,20.0295,100.266,102.151
105,1683663160,14385.1,20230509 13:12:40,13:12:40,i5.aircar.2,97.58579376,1683663152,7.68E-05,0.474542054,399.4896129,235.2007873,23.84560926,40.50187637,0.004862819,2.954149148,0.004858376,0.003036884,321.4457443,28.00374947,27.08098387,3.59621893,59.8750881,2.037328257,3.402630914,1.558890673,-3.388540108,-149.6131988,-10.88740192,157.5566035,0,0,1,0,53773.18291,RECT-1505-20210918-17_20_47,10288.4,812.936,2752.91,1939.974,0.704699391,-1,MPF-1994-20230509-13_22_44,10242.5,2.212472,2.55372,0.133627806,0.5,1681.198945,0.474542054,112.327463,1,0.000877078,1076.999937,-,0,2.55372,0.133627806,0.999072356,-0.000421095,1.417728423,0,1,1999.998387,1681.198945,0.84060015,0.191200301,6,0.5,0: Broadleaf,2,1683663152,399.4896129,399.9946774,20.09515484,20.0198871,407.5733226,20.79806774,600.2059677,101.2744839,0.109569839,26.14158065,27.08098387,999.9,0,0,10013.28742,0,315.0742581,1999.998387,0.979995387,0.0200044,0,2.221677419,0,971.5892258,16306.00645,46.562,48.665,47.32419355,46.27,45.48983871,1959.988387,40.01,0,35.20000005,0,2.212472,0.084246158,-25.75076929,971.33376,15,1683663070,13:11:09,1683663067,1683663070,41,0.079,-0.008,-8.088,-0.709,400,20,0.5,0.25,-0.515732525,0.205546795,0.054519524,0,0.070825478,0.085738598,0.008479331,1,1,2,2-Jan,100,100,-8.083,-0.703,-4.889817327,-0.007814304,-3.18E-07,6.48E-10,-0.705295863,-0.027428369,0.001386821,-3.01E-06,5,2011,2,27,1.6,1.5,2,626.052,390.459,22.0055,30.6295,30.0012,30.5806,30.593,21.71,17.9296,41.9897,22,400,20.0222,100.251,102.137
106,1683663416,14641.1,20230509 13:16:56,13:16:56,h6.aircar.2,59.44580467,1683663408,0.000110321,0.429637046,399.5311613,295.8061543,29.98678102,40.50170448,0.007227374,2.951553039,0.007217556,0.004511854,321.445358,27.71233783,26.66916774,3.510201469,59.8614686,2.002844624,3.345799344,1.507356845,-4.865136233,-129.245236,-9.380700434,177.9542853,0,0,1,0,53748.18677,RECT-1505-20210918-17_20_47,10288.4,812.936,2752.91,1939.974,0.704699391,-1,MPF-1995-20230509-13_27_00,10240.1,2.228896,2.42462,0.080723577,0.5,1681.199226,0.429637046,67.85620783,1,0.000850367,1134.398537,-,0,2.42462,0.080723577,0.999119252,-0.000241482,1.41779497,0,1,1999.999032,1681.199226,0.84060002,0.191200039,6,0.5,0: Broadleaf,2,1683663408,399.5311613,400.0047097,19.75716452,19.64906129,407.6838065,20.46836452,600.2092581,101.2656452,0.107435097,25.85693871,26.66916774,999.9,0,0,9999.413226,0,338.6881613,1999.999032,0.979998871,0.020000829,0,2.220425806,0,952.3474516,16306.06129,46.562,48.812,47.437,46.375,45.562,1959.997742,40.00129032,0,255.2,0,2.228896,-0.495038466,-59.7717693,951.65824,15,1683663370,13:16:09,1683663370,1683663369,42,-0.068,0,-8.157,-0.713,400,20,0.59,0.38,-0.4567528,-0.215859692,0.044705907,0,0.114635973,-0.138694238,0.013500988,0,0,2,0/2,100,100,-8.152,-0.7111,-4.957906574,-0.007814304,-3.18E-07,6.48E-10,-0.705022998,-0.027428369,0.001386821,-3.01E-06,5,2011,2,27,0.8,0.8,2,625.168,392.604,22.0014,30.5633,29.9996,30.592,30.6023,21.7066,19.0038,41.249,22,400,19.7053,100.267,102.154
107,1683663456,14681.1,20230509 13:17:36,13:17:36,h6.aircar.2,95.3506336,1683663451,7.10E-05,0.445564516,399.5353,239.0922809,24.23719335,40.50157655,0.004672906,2.953424384,0.004668802,0.00291837,321.440094,27.7639579,26.697365,3.516033301,60.12528178,2.016758237,3.354259935,1.499275063,-3.130581753,-127.0273289,-9.217152863,182.0650305,0,0,1,0,53795.27203,RECT-1505-20210918-17_20_47,10288.4,812.936,2752.91,1939.974,0.704699391,-1,MPF-1996-20230509-13_27_40,10239.7,2.310307692,2.30913,-0.000510016,0.5,1681.17186,0.445564516,-0.428711932,1,0.000859855,1191.184935,-,0,2.30913,-0.000510016,0.999161204,1.45E-06,1.417854502,0,1,1999.9665,1681.17186,0.84060001,0.19120002,6,0.5,0: Broadleaf,2,1683663451,399.5353,400.00905,19.894685,19.825135,407.68785,20.60243,600.22395,101.26425,0.10745995,25.89958,26.697365,999.9,0,0,10010.1805,0,342.99525,1999.9665,0.9799998,0.0199999,0,2.332785,0,937.56355,16305.795,46.625,48.8246,47.437,46.406,45.625,1959.966,40,0,39.10000014,0,2.310307692,0.104909401,-55.27558981,938.3298077,15,1683663370,13:16:09,1683663370,1683663369,42,-0.068,0,-8.157,-0.713,400,20,0.59,0.38,-0.4761063,-0.008765516,0.040906018,1,0.05610214,0.150506368,0.0149284,0,1,2,2-Jan,100,100,-8.152,-0.7073,-4.957906574,-0.007814304,-3.18E-07,6.48E-10,-0.705022998,-0.027428369,0.001386821,-3.01E-06,5,2011,2,27,1.4,1.4,2,625.384,393.038,22.0019,30.5186,29.9999,30.5649,30.5815,21.7085,18.7238,40.8736,22,400,19.8003,100.272,102.159
108,1683663494,14719.1,20230509 13:18:14,13:18:14,h6.aircar.2,76.4508044,1683663486,9.16E-05,0.45828515,399.4872903,268.8696879,27.25575253,40.49666888,0.005994511,2.951849936,0.005987756,0.003742954,321.4467786,27.80068556,26.74732258,3.526386433,60.01706538,2.018037949,3.362440227,1.508348484,-4.039523156,-128.3629453,-9.323289251,179.7210209,0,0,1,0,53741.78286,RECT-1505-20210918-17_20_47,10288.4,812.936,2752.91,1939.974,0.704699391,-1,MPF-1997-20230509-13_28_18,10239.4,2.208446154,2.00896,-0.099298221,0.5,1681.207045,0.45828515,-83.47043427,1,0.000867404,1369.315984,-,0,2.00896,-0.099298221,0.999270241,0.000245998,1.418009231,0,1,2000.008387,1681.207045,0.840599997,0.191199995,6,0.5,0: Broadleaf,2,1683663486,399.4872903,399.982,19.90732903,19.81758387,407.6395806,20.61476129,600.2039677,101.2642903,0.107317387,25.94071935,26.74732258,999.9,0,0,10001.2329,0,344.3586774,2000.008387,0.980001,0.0199987,0,2.225380645,0,932.5526129,16306.12903,46.69309677,48.85670968,47.5,46.437,45.687,1960.008387,40,0,37.4000001,0,2.208446154,-0.336916243,-73.31104274,932.3181538,15,1683663370,13:16:09,1683663370,1683663369,42,-0.068,0,-8.157,-0.713,400,20,0.59,0.38,-0.497013775,0.228651456,0.040487157,0,0.093439308,-0.076901168,0.007757441,1,1,2,2-Jan,100,100,-8.153,-0.7072,-4.957906574,-0.007814304,-3.18E-07,6.48E-10,-0.705022998,-0.027428369,0.001386821,-3.01E-06,5,2011,2,27,2.1,2.1,2,625.49,392.962,22.0003,30.5001,30.0002,30.5555,30.5762,21.7088,18.7238,40.8736,22,400,19.8002,100.269,102.155
109,1683664122,15347.1,20230509 13:28:42,13:28:42,i6.aircar.1,-170.5661238,1683664114,-9.42E-06,0.10753511,399.8689667,660.0833902,66.9131931,40.53504418,-0.00063046,2.952092291,-0.000630535,-0.000394078,321.4428864,27.44629248,26.35108333,3.444997059,59.97404554,1.971574214,3.28737906,1.473422845,0.415262548,-125.9188284,-9.109453557,186.829867,0,0,1,0,53817.45219,RECT-1505-20210918-17_20_47,10288.4,812.936,2752.91,1939.974,0.704699391,-1,MPF-1998-20230509-13_38_46,10248.4,2.147744,1.4348,-0.496894341,0.5,1681.18656,0.10753511,-417.6860436,1,0.000658782,1917.671592,-,0,1.4348,-0.496894341,0.999478806,0.00087855,1.418305194,0,1,1999.984,1681.18656,0.840600005,0.19120001,6,0.5,0: Broadleaf,2,1683664114,399.8689667,399.9727,19.44913,19.45836,408.0266667,20.15312333,600.2108667,101.2651667,0.105651167,25.55990333,26.35108333,999.9,0,0,10002.52267,0,311.3611333,1999.984,0.979999,0.020001,0,2.139216667,0,759.9792,16305.92333,45.937,48.062,46.812,45.687,44.937,1959.984,40,0,626.8000002,0,2.147744,-0.403776935,-62.04915376,759.66528,15,1683664098,13:28:18,1683664098,1683664095,43,-0.002,0.015,-8.159,-0.705,400,19,0.67,0.24,-0.100711828,-0.079084731,0.054082226,1,0.002727122,-0.193055708,0.02152244,0,1,2,2-Jan,100,100,-8.158,-0.7034,-4.960359618,-0.007814304,-3.18E-07,6.48E-10,-0.689877349,-0.027428369,0.001386821,-3.01E-06,5,2011,2,27,0.4,0.5,2,624.425,390.876,22.0013,29.8564,30,29.9682,29.9993,21.7044,17.9866,35.6493,22,400,19.5447,100.403,102.277
110,1683664159,15384.1,20230509 13:29:19,13:29:19,i6.aircar.1,903.841235,1683664153,2.23E-06,0.135155207,399.8473043,-1038.722181,-105.2959509,40.53278434,0.000149534,2.949318543,0.00014953,9.35E-05,321.4516685,27.47035536,26.37065652,3.448978623,60.13260957,1.979769832,3.292339791,1.469208791,-0.098203226,-124.873871,-9.044393775,187.4352005,0,0,1,0,53731.59909,RECT-1505-20210918-17_20_47,10288.4,812.936,2752.91,1939.974,0.704699391,-1,MPF-1999-20230509-13_39_23,10248,2.207736,1.68202,-0.312550386,0.5,1681.232204,0.135155207,-262.7348871,1,0.000675192,1635.669005,-,0,1.68202,-0.312550386,0.999389003,0.000648029,1.418177759,0,1,2000.038261,1681.232204,0.840600021,0.191200042,6,0.5,0: Broadleaf,2,1683664153,399.8473043,399.9833043,19.5300087,19.52782609,408.004913,20.23203043,600.2011739,101.2641739,0.106484087,25.58530435,26.37065652,999.9,0,0,9986.876522,0,306.5119565,2000.038261,0.980000043,0.019999922,0,2.2158,0,728.629087,16306.35652,46.01886957,48.125,46.82021739,45.71713043,44.98630435,1960.036087,40.00217391,0,36,0,2.207736,0.266730771,-34.67253841,729.36364,15,1683664098,13:28:18,1683664098,1683664095,43,-0.002,0.015,-8.159,-0.705,400,19,0.67,0.24,-0.148975365,0.057315003,0.048940139,1,-0.003175545,0.066175382,0.007321297,1,2,2,2-Feb,100,100,-8.157,-0.7019,-4.960359618,-0.007814304,-3.18E-07,6.48E-10,-0.689877349,-0.027428369,0.001386821,-3.01E-06,5,2011,2,27,1,1.1,2,624.87,390.906,22.0002,29.8712,30.0004,29.9692,30.0019,21.7093,17.6894,35.275,22,400,19.5731,100.4,102.274
111,1683664196,15421.1,20230509 13:29:56,13:29:56,i6.aircar.1,388.1304382,1683664188,6.06E-06,0.158275374,399.8285806,-223.3203559,-22.63763142,40.52999112,0.000407789,2.951303074,0.000407758,0.000254851,321.4483231,27.47782902,26.37080968,3.449009794,60.17344746,1.982252895,3.294231889,1.466756899,-0.267355842,-123.4421494,-8.93512515,188.8036927,0,0,1,0,53787.94765,RECT-1505-20210918-17_20_47,10288.4,812.936,2752.91,1939.974,0.704699391,-1,MPF-2000-20230509-13_40_00,10247.7,2.22708,1.3832,-0.610092539,0.5,1681.215174,0.158275374,-512.8484171,1,0.000688951,1989.247253,-,0,1.3832,-0.610092539,0.99949755,0.001039834,1.418331792,0,1,2000.018065,1681.215174,0.840599995,0.191199989,6,0.5,0: Broadleaf,2,1683664188,399.8285806,399.9892258,19.55493548,19.54899355,407.9860968,20.25633548,600.2023226,101.2624839,0.105935194,25.59498387,26.37080968,999.9,0,0,9998.306129,0,296.8787742,2000.018065,0.980000742,0.0199992,0,2.208922581,0,711.2571935,16306.2129,46.07825806,48.187,46.875,45.75,45.05,1960.018065,40,0,36,0,2.22708,0.071553834,-26.27707688,710.95792,15,1683664098,13:28:18,1683664098,1683664095,43,-0.002,0.015,-8.159,-0.705,400,19,0.67,0.24,-0.149150853,-0.06109561,0.05214891,1,0.005212879,0.017559356,0.002056345,1,2,2,2-Feb,100,100,-8.158,-0.7013,-4.960359618,-0.007814304,-3.18E-07,6.48E-10,-0.689877349,-0.027428369,0.001386821,-3.01E-06,5,2011,2,27,1.6,1.7,2,625.014,390.558,22,29.8919,30.0003,29.9744,30.0044,21.7139,17.4108,35.275,22,400,19.5731,100.392,102.264
112,1683664416,15640.5,20230509 13:33:35,13:33:35,d1.aircar.2,63.80839853,1683664408,0.000126512,0.5290234,399.3974839,288.7557657,29.27164769,40.48758094,0.008290811,2.950867754,0.008277892,0.005174842,321.4488848,27.42661836,26.48859032,3.473053788,59.73191166,1.965331697,3.290254142,1.507722091,-5.579197711,-145.3995265,-10.5311734,159.9389872,0,0,1,0,53778.89448,RECT-1505-20210918-17_20_47,10288.4,812.936,2752.91,1939.974,0.704699391,-1,MPF-2001-20230509-13_43_39,10241.7,2.18552,1.4408,-0.516879511,0.5,1681.215474,0.5290234,-434.4929164,1,0.000909475,1909.681566,-,0,1.4408,-0.516879511,0.999476627,0.000917713,1.418302101,0,1,2000.018065,1681.215474,0.840600145,0.191200289,6,0.5,0: Broadleaf,2,1683664408,399.3974839,399.9765161,19.38739032,19.26344194,407.4836452,20.09627097,600.5387097,101.2640323,0.107615226,25.57462903,26.48859032,999.9,0,0,9995.681935,0,341.8556129,2000.018065,0.979995774,0.020004,0,2.183690323,0,1209.29,16306.17097,45.812,47.927,46.687,45.60670968,44.812,1960.008065,40.01,0,218.4000001,0,2.18552,0.401430765,-155.450769,1208.2936,15,1683664399,13:33:19,1683664399,1683664392,44,0.07,-0.004,-8.089,-0.714,400,19,1.02,0.33,-0.440288285,-2.682326411,0.283552678,0,0.088659902,0.587731656,0.067652956,0,0,2,0/2,100,100,-8.082,-0.7069,-4.890633202,-0.007814304,-3.18E-07,6.48E-10,-0.693371467,-0.027428369,0.001386821,-3.01E-06,5,2011,2,27,0.3,0.4,2,622.813,388.975,21.9999,29.831,30.0008,29.9224,29.9492,21.7214,17.3755,34.1561,22,400,19.2865,100.376,102.257
113,1683664451,15676,20230509 13:34:11,13:34:11,d1.aircar.2,56.55064712,1683664443,0.000198028,0.734863407,399.1809,299.9690966,30.40714447,40.4640059,0.012994783,2.952134269,0.012963089,0.008104772,321.4480747,27.44554552,26.54714,3.485060612,59.98894762,1.978269617,3.297723491,1.506790995,-8.733030567,-148.7000098,-10.77083112,153.2442031,0,0,1,0,53809.07616,RECT-1505-20210918-17_20_47,10288.4,812.936,2752.91,1939.974,0.704699391,-1,MPF-2002-20230509-13_44_15,10241.2,2.254284,1.4228,-0.584399775,0.5,1681.211471,0.734863407,-491.2498026,1,0.001031913,1933.853809,-,0,1.4228,-0.584399775,0.999483165,0.001024609,1.418311379,0,1,2000.013333,1681.211471,0.840600131,0.191200263,6,0.5,0: Broadleaf,2,1683664443,399.1809,399.9945333,19.5158,19.32170333,407.2630333,20.22157667,600.2057667,101.2621,0.105490233,25.61283333,26.54714,999.9,0,0,10003.064,0,333.8751333,2000.013333,0.9799971,0.02000263,0,2.242626667,0,1165.329,16306.15333,45.93286667,47.9412,46.6954,45.6954,44.875,1960.003333,40.009,0,34.80000019,0,2.254284,-0.256246148,-71.673846,1164.4812,15,1683664399,13:33:19,1683664399,1683664392,44,0.07,-0.004,-8.089,-0.714,400,19,1.02,0.33,-0.80210185,-0.205570199,0.032385988,0,0.192294325,0.034910916,0.005122414,1,1,2,2-Jan,100,100,-8.082,-0.7057,-4.890633202,-0.007814304,-3.18E-07,6.48E-10,-0.693371467,-0.027428369,0.001386821,-3.01E-06,5,2011,2,27,0.9,1,2,624.227,389.231,22.0013,29.8716,30.0005,29.942,29.9675,21.7212,17.3755,33.785,22,400,19.3779,100.362,102.245
114,1683664483,15707.5,20230509 13:34:42,13:34:42,d1.aircar.2,71.16505504,1683664476,0.000149134,0.695575299,399.1991923,276.890233,28.06681364,40.4645885,0.009774113,2.953021662,0.009756176,0.006099219,321.4474043,27.47952377,26.56068077,3.487842582,59.96868772,1.98017197,3.302009841,1.507670612,-6.576788868,-147.4155238,-10.67647935,156.7786122,0,0,1,0,53831.06514,RECT-1505-20210918-17_20_47,10288.4,812.936,2752.91,1939.974,0.704699391,-1,MPF-2003-20230509-13_44_46,10240.8,2.306565385,1.8164,-0.26985542,0.5,1681.210338,0.695575299,-226.8418609,1,0.001008544,1514.585774,-,0,1.8164,-0.26985542,0.999340189,0.000604307,1.41810849,0,1,2000.012308,1681.210338,0.840599996,0.191199993,6,0.5,0: Broadleaf,2,1683664476,399.1991923,399.9540385,19.53518077,19.38901154,407.2814615,20.24048846,600.2091538,101.2589615,0.105443192,25.63472308,26.56068077,999.9,0,0,10008.415,0,332.6317308,2000.012308,0.979998,0.0200017,0,2.337169231,0,1146.748846,16306.14615,46,48.00476923,46.75,45.80484615,44.937,1960.012308,40,0,30.5999999,0,2.306565385,0.882526495,-37.17914531,1147.368846,15,1683664399,13:33:19,1683664399,1683664392,44,0.07,-0.004,-8.089,-0.714,400,19,1.02,0.33,-0.760699425,-0.010118645,0.035919284,1,0.15711295,-0.147695527,0.017889362,0,1,2,2-Jan,100,100,-8.083,-0.7046,-4.890633202,-0.007814304,-3.18E-07,6.48E-10,-0.693371467,-0.027428369,0.001386821,-3.01E-06,5,2011,2,27,1.4,1.5,2,624.627,389.144,21.9999,29.9109,30.0006,29.9687,29.9935,21.7259,16.509,33.785,22,400,19.4263,100.351,102.232
115,1683664731,15955.5,20230509 13:38:50,13:38:50,i8.aircar.2,40.68651837,1683664726,1.90E-05,0.04887174,400.0234706,325.7034574,33.01314314,40.54618332,0.001201178,2.955330747,0.001200907,0.000750591,321.4434701,27.70476875,26.91685294,3.561718317,59.82003042,1.998029086,3.340066985,1.563689231,-0.840061424,-173.4854713,-12.58940026,134.5285371,0,0,1,0,53863.6588,RECT-1505-20210918-17_20_47,10288.4,812.936,2752.91,1939.974,0.704699391,-1,MPF-2004-20230509-13_48_54,10245.5,2.230853846,1.65254,-0.349954522,0.5,1681.192288,0.04887174,-294.170422,1,0.000623886,1664.865879,-,0,1.65254,-0.349954522,0.999399712,0.000712838,1.418192955,0,1,1999.991176,1681.192288,0.840599853,0.191199705,6,0.5,0: Broadleaf,2,1683664726,400.0234706,400.0798824,19.7123,19.69365294,408.173,20.41409412,600.8511765,101.2485294,0.110981471,25.82799412,26.91685294,999.9,0,0,10022.57294,0,309.3777647,1999.991176,0.980005,0.0199949,0,2.245311765,0,1311.631765,16306.02353,46.062,48.312,46.90782353,46.062,45.09535294,1960.001176,39.99,0,247.2,0,2.230853846,-0.273435898,-248.8892309,1324.315769,15,1683664722,13:38:42,1683664722,1683664717,45,-0.073,-0.001,-8.163,-0.703,400,20,0.84,0.23,0.031597926,-0.843564382,0.098159211,0,0.006860929,0.09508155,0.013470804,1,1,2,2-Jan,100,100,-8.162,-0.7013,-4.963851206,-0.007814304,-3.18E-07,6.48E-10,-0.694234023,-0.027428369,0.001386821,-3.01E-06,5,2011,2,27,0.1,0.2,2,619.453,387.414,22.004,30.0027,30.0007,30.0432,30.0663,21.7332,17.0906,33.0427,22,400,19.6161,100.342,102.227
116,1683664766,15991,20230509 13:39:26,13:39:26,i8.aircar.2,-110.4770079,1683664758,-1.90E-05,0.131788443,399.8585333,564.2898035,57.19185019,40.52642666,-0.001192904,2.951896587,-0.001193172,-0.000745708,321.4452507,27.76795165,26.98190333,3.575357304,59.81424915,2.003923912,3.350245034,1.571433392,0.838932087,-175.4621969,-12.7550973,134.0668885,0,0,1,0,53753.77962,RECT-1505-20210918-17_20_47,10288.4,812.936,2752.91,1939.974,0.704699391,-1,MPF-2005-20230509-13_49_30,10245,2.171703846,2.08424,-0.041964383,0.5,1681.20166,0.131788443,-35.27529539,1,0.000673202,1319.821978,-,0,2.08424,-0.041964383,0.999242896,0.000107867,1.417970426,0,1,2000.002333,1681.20166,0.840599849,0.191199699,6,0.5,0: Broadleaf,2,1683664758,399.8585333,399.9826667,19.77194,19.79058,408.0196667,20.47226333,600.2341333,101.2457667,0.106144767,25.87935667,26.98190333,999.9,0,0,10003.32767,0,315.1718667,2000.002333,0.9800058,0.019994073,0,2.15473,0,1208.356333,16306.09667,46.187,48.37913333,46.9433,46.104,45.18286667,1960.012333,39.99,0,34.4000001,0,2.171703846,0.053364096,-130.9565812,1208.403077,15,1683664722,13:38:42,1683664722,1683664717,45,-0.073,-0.001,-8.163,-0.703,400,20,0.84,0.23,-0.123019453,-0.191928776,0.041104086,0,-0.009941997,-0.181168036,0.018729704,0,0,2,0/2,100,100,-8.161,-0.6991,-4.963851206,-0.007814304,-3.18E-07,6.48E-10,-0.694234023,-0.027428369,0.001386821,-3.01E-06,5,2011,2,27,0.7,0.8,2,624.005,388.592,21.9997,30.0611,30.0006,30.0732,30.0963,21.7348,16.8124,33.0427,22,400,19.8454,100.334,102.219
117,1683664804,16028.5,20230509 13:40:03,13:40:03,i8.aircar.2,61.81160579,1683664796,4.23E-05,0.16477934,399.8399333,292.1106431,29.60635203,40.52506165,0.002665832,2.94911786,0.002664494,0.001665429,321.4403563,27.79083591,27.02913667,3.585289173,60.17988118,2.020615479,3.357626235,1.564673694,-1.865603269,-176.8980859,-12.87703819,129.7996289,0,0,1,0,53665.80792,RECT-1505-20210918-17_20_47,10288.4,812.936,2752.91,1939.974,0.704699391,-1,MPF-2006-20230509-13_50_07,10244.5,2.289576923,2.29507,0.002393425,0.5,1681.1759,0.16477934,2.011883851,1,0.000692836,1198.488469,-,0,2.29507,0.002393425,0.999166311,-6.78E-06,1.41786175,0,1,1999.971667,1681.1759,0.840599858,0.191199717,6,0.5,0: Broadleaf,2,1683664796,399.8399333,400.0215667,19.93637333,19.89492667,408.0010333,20.63255333,600.2008667,101.2463333,0.106878967,25.91652,27.02913667,999.9,0,0,9987.497667,0,317.2329667,1999.971667,0.9800067,0.019993143,0,2.277036667,0,1155.839333,16305.87,46.25826667,48.4874,47.05786667,46.15393333,45.2624,1959.981667,39.99,0,36.5999999,0,2.289576923,0.102666657,-38.52512821,1155.740769,15,1683664722,13:38:42,1683664722,1683664717,45,-0.073,-0.001,-8.163,-0.703,400,20,0.84,0.23,-0.182701865,-0.137771966,0.063077424,0,0.023905801,0.369378308,0.037347485,0,0,2,0/2,100,100,-8.161,-0.6969,-4.963851206,-0.007814304,-3.18E-07,6.48E-10,-0.694234023,-0.027428369,0.001386821,-3.01E-06,5,2011,2,27,1.4,1.4,2,624.323,388.19,22.0014,30.1229,30.0008,30.1204,30.1434,21.7308,17.9996,33.0427,22,400,19.7847,100.327,102.212
118,1683665084,16308.5,20230509 13:44:43,13:44:43,e1.aircar.2,203.694446,1683665076,3.70E-05,0.477089731,399.4864839,67.54700973,6.845825539,40.48757724,0.002342183,2.949500827,0.002341151,0.001463312,321.4424695,27.82783268,26.92955161,3.564377249,59.63143053,2.006458878,3.364767305,1.557918371,-1.631908886,-155.3792609,-11.30552137,153.1257783,0,0,1,0,53670.45502,RECT-1505-20210918-17_20_47,10288.4,812.936,2752.91,1939.974,0.704699391,-1,MPF-2007-20230509-13_54_47,10244.3,2.217256,1.61483,-0.373058464,0.5,1681.187701,0.477089731,-313.590651,1,0.000878599,1703.767685,-,0,1.61483,-0.373058464,0.99941341,0.000742525,1.418212394,0,1,1999.985806,1681.187701,0.840599816,0.191199632,6,0.5,0: Broadleaf,2,1683665076,399.4864839,399.9779032,19.79750968,19.76127097,407.6665806,20.49913871,600.5534194,101.2411613,0.107892742,25.95240645,26.92955161,999.9,0,0,9990.180968,0,336.6113871,1999.985806,0.980004645,0.019995181,0,2.224332258,0,810.5503226,16305.97742,46.258,48.389,47.125,46.125,45.282,1959.997097,39.98741935,0,278.9000001,0,2.217256,-0.191569232,-14.77023072,810.2986,15,1683665067,13:44:27,1683665067,1683665053,46,-0.022,-0.002,-8.185,-0.704,400,20,0.62,0.35,-0.363504793,-2.518446143,0.274840153,0,0.027732796,0.07737664,0.027654814,1,1,2,2-Jan,100,100,-8.181,-0.7005,-4.986111878,-0.007814304,-3.18E-07,6.48E-10,-0.696257862,-0.027428369,0.001386821,-3.01E-06,5,2011,2,27,0.3,0.5,2,623.121,386.332,22.0014,30.0182,30.0007,30.0646,30.0893,21.7157,17.7398,31.5508,22,400,19.8349,100.358,102.234
119,1683665133,16357.5,20230509 13:45:32,13:45:32,e1.aircar.2,145.7084426,1683665131,6.61E-05,0.611144281,399.3498333,159.0133487,16.11544422,40.47270256,0.004194296,2.95141138,0.004190987,0.002619664,321.4460314,27.89569592,27.00366667,3.579930546,59.92456662,2.025482168,3.380053093,1.554448378,-2.91542577,-155.0855392,-11.28536074,152.1597057,0,0,1,0,53712.55975,RECT-1505-20210918-17_20_47,10288.4,812.936,2752.91,1939.974,0.704699391,-1,MPF-2008-20230509-13_55_36,10243.8,2.272212,1.7204,-0.320746338,0.5,1681.1978,0.611144281,-269.619019,1,0.000958331,1599.15694,-,0,1.7204,-0.320746338,0.999375061,0.000680229,1.418157975,0,1,1999.996667,1681.1978,0.840600301,0.191200602,6,0.5,0: Broadleaf,2,1683665131,399.3498333,399.9871667,19.98571667,19.92095,407.5295,20.68263333,600.1993333,101.24,0.106486667,26.029,27.00366667,999.9,0,0,10001.14167,0,339.9285,1999.996667,0.979992,0.0200078,0,2.271533333,0,803.942,16305.98333,46.375,48.437,47.187,46.25,45.375,1959.976667,40.02,0,48,0,2.272212,0.093230757,-6.810307716,804.94644,15,1683665067,13:44:27,1683665067,1683665053,46,-0.022,-0.002,-8.185,-0.704,400,20,0.62,0.35,-0.5968369,0.117848038,0.039083023,0,0.045970158,0.123465811,0.011932851,0,0,2,0/2,100,100,-8.18,-0.6969,-4.986111878,-0.007814304,-3.18E-07,6.48E-10,-0.696257862,-0.027428369,0.001386821,-3.01E-06,5,2011,2,27,1.1,1.3,2,625.198,386.185,22.0016,30.0791,30.0008,30.1028,30.1258,21.7179,17.4515,31.179,22,400,19.9597,100.346,102.217
120,1683665175,16400,20230509 13:46:15,13:46:15,e1.aircar.2,310.8932022,1683665167,2.90E-05,0.571181992,399.3742667,-101.9589235,-10.3330839,40.47480753,0.001837229,2.952030557,0.001836594,0.001147928,321.445188,27.93921093,27.02604,3.584637292,59.89771977,2.028691445,3.386926001,1.555945847,-1.278905751,-153.2135812,-11.14996798,155.8027331,0,0,1,0,53724.48959,RECT-1505-20210918-17_20_47,10288.4,812.936,2752.91,1939.974,0.704699391,-1,MPF-2009-20230509-13_56_19,10243.3,2.210772,1.808,-0.222772124,0.5,1681.19584,0.571181992,-187.261784,1,0.000934562,1521.627212,-,0,1.808,-0.222772124,0.99934324,0.000496558,1.41811282,0,1,1999.994667,1681.19584,0.840600162,0.191200323,6,0.5,0: Broadleaf,2,1683665167,399.3742667,399.9568333,20.01756667,19.98915667,407.5542,20.71365,600.2031333,101.2393333,0.106223733,26.06334,27.02604,999.9,0,0,10004.72433,0,342.1443,1999.994667,0.9799929,0.0200069,0,2.209093333,0,799.7957667,16305.96667,46.4664,48.5,47.25,46.28926667,45.4769,1959.984,40.01066667,0,41.4000001,0,2.210772,0.204646153,0.120538456,799.77524,15,1683665067,13:44:27,1683665067,1683665053,46,-0.022,-0.002,-8.185,-0.704,400,20,0.62,0.35,-0.586772925,-0.112939306,0.048550356,0,0.034426834,0.009751782,0.01901479,1,1,2,2-Jan,100,100,-8.179,-0.6954,-4.986111878,-0.007814304,-3.18E-07,6.48E-10,-0.696257862,-0.027428369,0.001386821,-3.01E-06,5,2011,2,27,1.8,2,2,625.017,385.98,22.0026,30.1505,30.0009,30.1546,30.1775,21.7285,16.326,31.179,22,400,19.9915,100.33,102.204