Sys,Sys,Sys,Sys,Sys,UserDefCon,UserDefVar,GasEx,GasEx,GasEx,GasEx,GasEx,GasEx,GasEx,GasEx,GasEx,GasEx,GasEx,GasEx,GasEx,GasEx,GasEx,GasEx,GasEx,GasEx,GasEx,GasEx,GasEx,GasEx,GasEx,Leak,Leak,Leak,Leak,Leak,FLR,FLR,FLR,FLR,FLR,FLR,FLR,FLR,FLR,FLR,FLR,FLR,FLR,FLR,FLR,FLR,FLR,FLR,FLR,FLR,FLR,FLR,FLR,FLR,FLR,FLR,FLR,FLR,MPF,MPF,MPF,MPF,MPF,MPF,MPF,MPF,LeafQ,LeafQ,LeafQ,LeafQ,Const,Const,Const,Const,Meas,Meas,Meas,Meas,Meas,Meas,Meas,Meas,Meas,Meas,Meas,Meas,Meas,Meas,Meas,Meas,Meas,Meas,FlrLS,FlrLS,FlrLS,FlrLS,FlrLS,FlrLS,FlrLS,FlrLS,FlrLS,FlrLS,FlrLS,FlrLS,FlrLS,FlrLS,FlrLS,FlrLS,FlrLS,FlrLS,FlrStats,FlrStats,FlrStats,FlrStats,FlrStats,MchEvent,MchEvent,MchEvent,MchEvent,MchEvent,MchEvent,MchEvent,MchEvent,MchEvent,MchEvent,MchEvent,MchEvent,MchEvent,Stability,Stability,Stability,Stability,Stability,Stability,Stability,Stability,Stability,Stability,Stability,Stability,Stability,Stability,Stability,MchStatus,MchStatus,MchStatus,MchStatus,MchStatus,MchStatus,MchStatus,MchStatus,MchStatus,MchStatus,MchStatus,MchStatus,MchStatus,MchStatus,MchStatus,MchStatus,MchStatus,MchStatus,Status,Status,Status,Status,Status,Status,Status,Status,Status,Status,Status,Status,Status,Status,Status,Status
obs,time,elapsed,date,hhmmss,plant id,WUE,TIME,E,A,Ca,Ci,Pci,Pca,gsw,gbw,gtw,gtc,Rabs,TleafEB,TleafCnd,SVPleaf,RHcham,VPcham,SVPcham,VPDleaf,LatHFlux,SenHFlux,NetTherm,EBSum,Leak,LeakPct,CorrFact,CorrFactPct,Fan,DarkAdaptedID,Qmax_d,Fo,Fm,Fv,Fv/Fm,Adark,LightAdaptedID,Qmax,Fs,Fm',PhiPS2,PS2/1,Qabs_fs,Afs,ETR,Fv'/Fm',PhiCO2,NPQ,DarkPulseID,Fo',Fv',qP,qN,qP_Fo,qN_Fo,qL,1-qL,ID,P1_dur,P2_dur,P3_dur,P1_Qmax,P1_Fmax,P2_dQdt,P3_ΔF,Qin,Qabs,alpha,convert,S,K,Geometry,Custom,TIME,CO2_s,CO2_r,H2O_s,H2O_r,CO2_a,H2O_a,Flow,Pa,ΔPcham,Tair,Tleaf,Tleaf2,Offset,Offset2,Fan_speed,Qamb_in,Qamb_out,Q,f_red,f_blue,f_farred,F,Q_modavg,F_dc,Pc,Tled,TDigital,TPreamp,TPwrSpy,TDrive,Q_red,Q_blue,Q_farred,TSPF,state,F_avg,dF/dt,dF_dc/dt,F_dc_avg,period,time,hhmmss,co2_t,h2o_t,count,co2_adj,h2o_adj,co2_match,h2o_match,co2_at,h2o_at,co2_cv,h2o_cv,ΔCO2:MN,ΔCO2:SLP,ΔCO2:SD,ΔCO2:OK,F:MN,F:SLP,F:SD,F:OK,ΔH2O:MN,ΔH2O:SLP,ΔH2O:SD,ΔH2O:OK,Stable,Total,State,MatchValveR,MatchValveS,MatchCO2,MatchH2O,cf_co2_a,cf_co2_b,cf_co2_c,cf_co2_d,cf_h2o_a,cf_h2o_b,cf_h2o_c,cf_h2o_d,co2_fit_low,co2_fit_high,h2o_fit_low,h2o_fit_high,co2_elapsed,h2o_elapsed,DIAG,Flow_s,Flow_r,Txchg,Tirga,Tchopper,Ts,Tr,CO2_%,Desiccant_%,Humidifier_%,Txchg_sp,CO2_r_sp,H2O_r_sp,SS_s,SS_r
,s,s,,,,,s,mol m⁻² s⁻¹,µmol m⁻² s⁻¹,µmol mol⁻¹,µmol mol⁻¹,Pa,Pa,mol m⁻² s⁻¹,mol m⁻² s⁻¹,mol m⁻² s⁻¹,mol m⁻² s⁻¹,W m⁻²,°C,°C,kPa,%,kPa,kPa,kPa,W m⁻²,W m⁻²,W m⁻²,W m⁻²,µmol s⁻¹,%,,%,µmol s⁻¹,,,,,,,µmol m⁻² s⁻¹,,,,,,,µmol m⁻² s⁻¹,µmol m⁻² s⁻¹,µmol m⁻² s⁻¹,,µmol µmol⁻¹,,,,,,,,,,,,ms,ms,ms,µmol m⁻² s⁻¹,,mol m⁻² s⁻²,,µmol m⁻² s⁻¹,µmol m⁻² s⁻¹,,J/µmol,cm²,,,mol m⁻² s⁻¹,s,µmol mol⁻¹,µmol mol⁻¹,mmol mol⁻¹,mmol mol⁻¹,µmol mol⁻¹,mmol mol⁻¹,µmol s⁻¹,kPa,kPa,°C,°C,°C,°C,°C,rpm,µmol m⁻² s⁻¹,µmol m⁻² s⁻¹,µmol m⁻² s⁻¹,,,,,µmol m⁻² s⁻¹,,,°C,°C,°C,°C,°C,µmol m⁻² s⁻¹,µmol m⁻² s⁻¹,µmol m⁻² s⁻¹,s,,,min⁻¹,min⁻¹,,s,secs,,s,s,,µmol/mol,mmol/mol,µmol/mol,mmol/mol,µmol/mol,mmol/mol,%,%,µmol mol⁻¹,µmol mol⁻¹ min⁻¹,µmol mol⁻¹,,, min⁻¹,,,mmol mol⁻¹,mmol mol⁻¹ min⁻¹,mmol mol⁻¹,,,,,%,%,µmol/mol,mmol/mol,mmol/mol,,,,mmol/mol,,,,µmol mol⁻¹,µmol mol⁻¹,mmol mol⁻¹,mmol mol⁻¹,min,min,,µmol s⁻¹,µmol s⁻¹,°C,°C,°C,°C,°C,%,%,%,°C,µmol mol⁻¹,mmol mol⁻¹,%,%
1,1682784322,0,20230429 09:05:21,9:05:21,a8.lupbic.2,48.2759331,1682784314,0.001414423,4.25857748,394.1878,306.7299286,31.05516976,39.90992696,0.088213261,2.949391605,0.086773319,0.054360739,321.4390157,29.10238957,28.24133333,3.84855771,60.68952219,2.247914368,3.703957928,1.600643342,-62.37605366,-104.3884895,-7.708237914,146.9662346,0,0,1,0,53373.7076,RECT-1505-20210918-17_20_47,10288.4,812.936,2752.91,1939.974,0.704699391,-1,MPF-1082-20230429-09_15_16,10226.6,2.16548,1.7724,-0.22177838,0.5,1681.167888,4.25857748,-186.423345,1,0.003127931,1552.210336,-,0,1.7724,-0.22177838,0.999356172,0.000484588,1.418131171,0,1,1082,300,300,300,10226.6,1.37,-0.00682349,-0.37,1999.962,1681.167888,0.840599915,0.191199831,6,0.5,0: Broadleaf,2,1682784314,394.1878,399.0019667,22.20250667,20.82005,403.3235,22.70229333,600.2441667,101.1436667,0.102305333,27.58483333,28.24133333,999.9,0,0,9999.190333,0,129.6315,1999.962,0.9800041,0.019996197,0,2.174076667,0,2178.009333,16305.76,41.1996,42.47886667,41.76653333,40.6996,40.67046667,1959.971667,39.99366667,0,1682784915,0,2.16548,-0.093907692,-495.45923,2172.7596,15,1682784302,9:05:01,1682784302,1682784299,1,-0.658,0.318,-9.163,-0.539,397,21,0.88,0.11,-3.509694095,-17.83175282,2.240781041,0,2.163797059,-0.233821783,0.164389837,1,1.048944554,5.215672245,0.560510514,0,1,3,3-Jan,100,100,-9.144,-0.5032,-5.974919046,-0.007814304,-3.18E-07,6.48E-10,-0.556684576,-0.027428369,0.001386821,-3.01E-06,5,2011,2,27,0.3,0.4,2,618.146,429.701,26.0026,27.0512,30.0005,27.0245,27.0225,20.2242,38.5823,88.2773,26,400,20.5022,101.654,102.694
2,1682784358,36.5,20230429 09:05:58,9:05:58,a8.lupbic.2,44.23651161,1682784350,0.001391685,3.720739334,395.032,313.7850389,31.76954967,39.99549752,0.084110143,2.949916008,0.082800196,0.051866117,321.4485883,29.23514976,28.38310645,3.880423082,59.76129383,2.230053529,3.731601821,1.650369553,-61.37331024,-106.7223044,-7.889740165,145.4632335,0,0,1,0,53366.38909,RECT-1505-20210918-17_20_47,10288.4,812.936,2752.91,1939.974,0.704699391,-1,MPF-1083-20230429-09_15_52,10225.5,2.121392,1.8,-0.178551111,0.5,1681.214342,3.720739334,-150.0913444,1,0.002807934,1528.394444,-,0,1.8,-0.178551111,0.999346146,0.000396225,1.418116944,0,1,1083,300,300,300,10225.5,1.15,-0.00682269,-0.68,2000.016774,1681.214342,0.840600121,0.191200242,6,0.5,0: Broadleaf,2,1682784350,395.032,399.3012258,22.02604194,20.66541613,404.1744194,22.53107419,600.179,101.1444516,0.101770258,27.71204839,28.38310645,999.9,0,0,10002.09161,0,118.0551935,2000.016774,0.979994581,0.020005684,0,2.118587097,0,1980.914194,16306.15161,41.395,42.72764516,41.927,40.87290323,40.85264516,1960.008387,40.0083871,0,35.4000001,0,2.121392,0.034384606,-178.1115384,1978.7912,15,1682784302,9:05:01,1682784302,1682784299,1,-0.658,0.318,-9.163,-0.539,397,21,0.88,0.11,-4.197471951,-1.290241045,0.151731252,0,2.103735294,0.197347092,0.201113719,1,1.376219268,-0.144301672,0.038886503,0,1,3,3-Jan,100,100,-9.143,-0.5036,-5.974919046,-0.007814304,-3.18E-07,6.48E-10,-0.556684576,-0.027428369,0.001386821,-3.01E-06,5,2011,2,27,0.9,1,2,619.766,429.815,26.0015,27.0767,30.0005,27.043,27.0437,20.427,38.3031,86.7299,26,400,20.6899,101.65,102.691
3,1682784391,69,20230429 09:06:30,9:06:30,a8.lupbic.2,43.44481584,1682784383,0.001445777,3.778358509,395.1179667,315.055461,31.89879627,40.00498033,0.086969145,2.950017395,0.085569478,0.053604802,321.4425272,29.31880966,28.48926667,3.904434435,59.83797615,2.245706868,3.752979317,1.658727567,-63.75876955,-108.053215,-7.995978131,141.6345645,0,0,1,0,53352.03231,RECT-1505-20210918-17_20_47,10288.4,812.936,2752.91,1939.974,0.704699391,-1,MPF-1084-20230429-09_16_25,10224.8,2.051773077,1.7708,-0.158670136,0.5,1681.18184,3.778358509,-133.3766756,1,0.002842262,1553.613734,-,0,1.7708,-0.158670136,0.999356753,0.000346382,1.418131996,0,1,1084,300,300,300,10224.8,1.55,-0.00682217,-0.73,1999.978,1681.18184,0.840600166,0.191200333,6,0.5,0: Broadleaf,2,1682784383,395.1179667,399.4662667,22.18021667,20.76693333,404.2612333,22.68065,600.1809,101.1467667,0.1014268,27.80986333,28.48926667,999.9,0,0,10002.43867,0,142.6175667,1999.978,0.9799952,0.02000506,0,2.056316667,0,1908.029667,16305.85667,41.6166,42.9643,42.0977,41.03926667,41.03513333,1959.968,40.01066667,0,32,0,2.051773077,0.233343596,-102.9439316,1907.048077,15,1682784302,9:05:01,1682784302,1682784299,1,-0.658,0.318,-9.163,-0.539,397,21,0.88,0.11,-4.325723902,-0.3020977,0.058461255,1,2.057644118,-0.053050157,0.183448579,1,1.419849024,-0.059899233,0.016782748,1,3,3,3-Mar,100,100,-9.143,-0.5,-5.974919046,-0.007814304,-3.18E-07,6.48E-10,-0.556684576,-0.027428369,0.001386821,-3.01E-06,5,2011,2,27,1.5,1.5,2,620.848,428.845,26.0027,27.1091,30.0005,27.0673,27.069,20.5737,38.0266,85.2058,26,400,20.855,101.64,102.682
4,1682785001,678.9000001,20230429 09:16:40,9:16:40,b1.lupbic.2,51.04827203,1682784993,0.001283528,3.956121371,395.5463,303.4719751,30.72752638,40.05035182,0.077497655,2.950053699,0.076384161,0.047838811,321.4468654,29.31668677,28.52928333,3.913518991,60.48093657,2.26400295,3.743333153,1.649516041,-56.6035925,-121.4290256,-8.985503804,134.4287435,0,0,1,0,53361.01129,RECT-1505-20210918-17_20_47,10288.4,812.936,2752.91,1939.974,0.704699391,-1,MPF-1085-20230429-09_26_35,10261.5,2.068216,1.8316,-0.129185412,0.5,1681.21007,3.956121371,-108.5939075,1,0.002947949,1502.008299,-,0,1.8316,-0.129185412,0.999334668,0.000291721,1.418100655,0,1,1085,300,300,300,10261.5,1.22,-0.00684617,-0.26,2000.012333,1681.21007,0.840599851,0.191199703,6,0.5,0: Broadleaf,2,1682784993,395.5463,400.0087333,22.35980333,21.10536333,404.6058333,22.87053,600.1859333,101.1516333,0.1016253,27.76578667,28.52928333,999.9,0,0,10002.16367,0,28.88945667,2000.012333,0.9800041,0.0199963,0,2.076496667,0,2327.307,16306.17667,42,43.2143,42.6208,41.38533333,41.437,1960.022,39.99033333,0,608.7,0,2.068216,-0.212223085,-241.1399997,2325.8688,15,1682784976,9:16:15,1682784976,1682784971,2,0.086,-0.016,-9.093,-0.548,400,21,0.69,0.11,-4.37332425,-1.405593659,0.205558321,0,2.086091429,-0.232013307,0.176180128,1,1.192591675,1.511458143,0.163966267,0,1,3,3-Jan,100,100,-9.059,-0.5138,-5.888699297,-0.007814304,-3.18E-07,6.48E-10,-0.572849605,-0.027428369,0.001386821,-3.01E-06,5,2011,2,27,0.4,0.5,2,619.951,427.493,26.0004,26.9772,30.0001,26.9902,26.993,21.3667,27.3169,74.6469,26,400,20.9635,101.678,102.714
5,1682785037,715.4000001,20230429 09:17:17,9:17:17,b1.lupbic.2,59.54064291,1682785029,0.001245472,4.416676631,395.0519667,289.345923,29.29761842,40.00084623,0.074179189,2.950327797,0.07315843,0.04581456,321.4420587,29.37197595,28.57154333,3.923132837,59.99753492,2.251904969,3.753329153,1.671227868,-54.9253157,-120.8973897,-8.949251097,136.6701022,0,0,1,0,53360.91024,RECT-1505-20210918-17_20_47,10288.4,812.936,2752.91,1939.974,0.704699391,-1,MPF-1086-20230429-09_27_11,10261.2,2.185473077,2.00922,-0.087722139,0.5,1681.18486,4.416676631,-73.73856632,1,0.00322194,1369.138661,-,0,2.00922,-0.087722139,0.999270147,0.000217348,1.418009097,0,1,1086,300,300,300,10261.2,1.58,-0.00684658,-0.1,1999.982333,1681.18486,0.840599855,0.191199711,6,0.5,0: Broadleaf,2,1682785029,395.0519667,399.9591,22.24001667,21.02263333,404.1076,22.75434667,600.1919,101.1532333,0.101410633,27.81146,28.57154333,999.9,0,0,10003.56267,0,27.38706667,1999.982333,0.9800048,0.0199956,0,2.189376667,0,2238.545,16305.94,42.062,43.25,42.625,41.437,41.5,1959.992333,39.99,0,35.4000001,0,2.185473077,-0.129664954,-44.65196583,2238.561154,15,1682784976,9:16:15,1682784976,1682784971,2,0.086,-0.016,-9.093,-0.548,400,21,0.69,0.11,-4.84818475,-1.19473182,0.122709564,0,2.161223529,0.125696657,0.169603827,1,1.2177345,0.075979137,0.027321086,1,2,3,3-Feb,100,100,-9.056,-0.5139,-5.888699297,-0.007814304,-3.18E-07,6.48E-10,-0.572849605,-0.027428369,0.001386821,-3.01E-06,5,2011,2,27,1,1.1,2,621.039,428.043,26.0008,26.9818,30.0002,26.9902,26.9953,21.3803,26.064,73.8989,26,400,21.0855,101.671,102.711
6,1682785072,749.9000001,20230429 09:17:51,9:17:51,b1.lupbic.2,61.00110323,1682785064,0.001301799,4.734558169,394.7148387,286.635754,29.02312948,39.96661168,0.077614304,2.949480263,0.076497268,0.047909814,321.4454127,29.37655278,28.58708065,3.926672639,60.04571594,2.256175878,3.757430221,1.670496761,-57.40932789,-120.3585222,-8.913442204,134.7641204,0,0,1,0,53332.95788,RECT-1505-20210918-17_20_47,10288.4,812.936,2752.91,1939.974,0.704699391,-1,MPF-1087-20230429-09_27_46,10260.9,2.189024,2.18809,-0.000426856,0.5,1681.202177,4.734558169,-0.35881587,1,0.003410987,1257.133806,-,0,2.18809,-0.000426856,0.999205172,1.15E-06,1.417916895,0,1,1087,300,300,300,10260.9,1.46,-0.0068454,-0.54,2000.002903,1681.202177,0.840599868,0.191199736,6,0.5,0: Broadleaf,2,1682785064,394.7148387,399.9615806,22.28225161,21.00986129,403.7679355,22.7953129,600.1893226,101.1530323,0.101361452,27.83016774,28.58708065,999.9,0,0,9998.768065,0,28.35637419,2000.002903,0.980005258,0.019995142,0,2.210906452,0,2215.994839,16306.10323,42.125,43.258,42.645,41.43903226,41.562,1960.012903,39.99129032,0,33.5999999,0,2.189024,0.121807691,4.800769247,2216.3688,15,1682784976,9:16:15,1682784976,1682784971,2,0.086,-0.016,-9.093,-0.548,400,21,0.69,0.11,-5.2263745,-0.741617561,0.081341693,0,2.185669697,0.198738741,0.162346988,1,1.27379975,0.010706004,0.007884452,1,2,3,3-Feb,100,100,-9.053,-0.5137,-5.888699297,-0.007814304,-3.18E-07,6.48E-10,-0.572849605,-0.027428369,0.001386821,-3.01E-06,5,2011,2,27,1.6,1.7,2,621.128,428.164,26.0004,26.9894,30.0001,26.9902,26.9975,21.3939,25.7599,73.5237,26,400,21.085,101.666,102.711
7,1682785439,1117.4,20230429 09:23:59,9:23:59,f5.lupbic.2,51.79318309,1682785431,0.002976201,9.847158875,389.0064516,294.7769276,29.85050203,39.39262807,0.190124613,2.949069831,0.183568192,0.115300353,321.4416859,29.54678611,28.53192903,3.914120265,59.68720929,2.322870174,3.891738619,1.59125009,-131.2504732,-15.69592805,-1.165734847,173.3295498,0,0,1,0,53214.59222,RECT-1505-20210918-17_20_47,10288.4,812.936,2752.91,1939.974,0.704699391,-1,MPF-1088-20230429-09_33_53,10223.8,2.192826923,2.15,-0.019919499,0.5,1681.178274,9.847158875,-16.74411456,1,0.006452117,1279.423256,-,0,2.15,-0.019919499,0.999219008,5.28E-05,1.417936529,0,1,1088,300,300,300,10223.8,1.73,-0.00682112,-0.16,1999.973871,1681.178274,0.840600119,0.191200238,6,0.5,0: Broadleaf,2,1682785431,389.0064516,400.0082258,22.93859355,20.03149355,397.8119677,23.4287,600.1715806,101.163871,0.100845613,28.43320645,28.53192903,999.9,0,0,9995.366129,0,270.7024194,1999.973871,0.979997,0.020003203,0,2.158593548,0,5589.190323,16305.81935,42.635,44.151,43.183,42.397,42.10874194,1959.967097,40.00741935,0,366.8,0,2.192826923,0.318225656,-523.623247,5583.676154,15,1682785404,9:23:23,1682785394,1682785404,3,0.201,0.003,-8.891,-0.577,400,20,0.14,0.05,-11.0295075,0.186453659,0.075536208,1,2.182932353,0.132233305,0.212917477,1,2.8983815,-0.2374003,0.083024689,0,2,3,3-Feb,100,100,-8.805,-0.4903,-5.687345437,-0.007814304,-3.18E-07,6.48E-10,-0.570081076,-0.027428369,0.001386821,-3.01E-06,5,2011,2,27,0.8,0.6,2,620.513,429.233,26.0034,26.8757,30.0004,26.8498,26.8508,21.4397,25.7313,73.0174,26,400,20.2618,101.699,102.746
8,1682785474,1152.4,20230429 09:24:34,9:24:34,f5.lupbic.2,56.65349954,1682785466,0.002883055,10.25853982,388.5979355,286.4617391,29.00863941,39.35149392,0.18107513,2.949150136,0.17511763,0.109967448,321.4484261,29.76449936,28.74071613,3.961825014,59.6214203,2.346569299,3.935782287,1.615255715,-127.1427216,-18.07870976,-1.345358462,174.8816362,0,0,1,0,53182.71863,RECT-1505-20210918-17_20_47,10288.4,812.936,2752.91,1939.974,0.704699391,-1,MPF-1089-20230429-09_34_28,10222.3,2.188223077,2.1776,-0.004878342,0.5,1681.215716,10.25853982,-4.100772382,1,0.006696666,1263.194526,-,0,2.1776,-0.004878342,0.999208982,1.31E-05,1.417922302,0,1,1089,300,300,300,10222.3,1.22,-0.0068205,-0.7,2000.01871,1681.215716,0.840599994,0.191199989,6,0.5,0: Broadleaf,2,1682785466,388.5979355,399.9733226,23.1724871,20.35710645,397.4002903,23.65515161,600.1847097,101.1634516,0.101867452,28.62700968,28.74071613,999.9,0,0,9995.863548,0,271.785,2000.01871,0.980000968,0.019999232,0,2.18016129,0,5373.14,16306.2129,42.875,44.393,43.34654839,42.61280645,42.34248387,1960.01871,40,0,33.79999995,0,2.188223077,0.466584604,-245.5859826,5372.130385,15,1682785404,9:23:23,1682785394,1682785404,3,0.201,0.003,-8.891,-0.577,400,20,0.14,0.05,-11.35139,-0.452469794,0.052848287,1,2.190055882,0.131278678,0.17760026,1,2.8287265,-0.192714146,0.028145649,0,2,3,3-Feb,100,100,-8.802,-0.4812,-5.687345437,-0.007814304,-3.18E-07,6.48E-10,-0.570081076,-0.027428369,0.001386821,-3.01E-06,5,2011,2,27,1.3,1.2,2,620.9,429.27,26.0034,26.9131,30.0005,26.8626,26.8657,21.4496,24.8729,72.6458,26,400,20.4029,101.692,102.74
9,1682785510,1188.4,20230429 09:25:10,9:25:10,f5.lupbic.2,58.06358209,1682785502,0.002886689,10.45903373,388.3822258,283.9185489,28.75092098,39.32940179,0.180130701,2.94936138,0.174234501,0.109410236,321.4426855,29.87808125,28.87916774,3.99373804,59.78476709,2.368706955,3.962057678,1.625031086,-127.3030041,-21.85357545,-1.628203015,170.6579029,0,0,1,0,53168.62072,RECT-1505-20210918-17_20_47,10288.4,812.936,2752.91,1939.974,0.704699391,-1,MPF-1090-20230429-09_35_04,10220.4,2.169942308,2.78032,0.219535051,0.5,1681.187816,10.45903373,184.5398263,1,0.006816034,989.1414226,-,0,2.78032,0.219535051,0.998990043,-0.000753408,1.417611617,0,1,1090,300,300,300,10220.4,1.47,-0.00681765,0.25,1999.985806,1681.187816,0.840599874,0.191199747,6,0.5,0: Broadleaf,2,1682785502,388.3822258,399.9587742,23.39124516,20.57296129,397.1829355,23.86685161,600.1878387,101.1635484,0.101131548,28.74172903,28.87916774,999.9,0,0,9997.053548,0,275.1105806,1999.985806,0.980004065,0.0199961,0,2.155370968,0,5231.504516,16305.96129,43.062,44.61880645,43.538,42.8,42.554,1959.994516,39.99129032,0,35.39999986,0,2.169942308,1.079251288,-183.1169231,5229.030385,15,1682785404,9:23:23,1682785394,1682785404,3,0.201,0.003,-8.891,-0.577,400,20,0.14,0.05,-11.57035,0.062294184,0.065846405,1,2.160651515,0.713863348,0.193127513,1,2.828677,-0.255242927,0.026592953,0,2,3,3-Feb,100,100,-8.8,-0.4742,-5.687345437,-0.007814304,-3.18E-07,6.48E-10,-0.570081076,-0.027428369,0.001386821,-3.01E-06,5,2011,2,27,1.9,1.8,2,620.703,429.432,26.0015,26.966,30.0006,26.8875,26.8894,21.4623,23.4198,72.2707,26,400,20.7058,101.682,102.731
10,1682785809,1486.9,20230429 09:30:08,9:30:08,f8.lupbic.2,18.18311223,1682785801,0.000840127,0.883802139,398.7512581,358.8722944,36.34325271,40.38182375,0.048605658,2.950931133,0.048165232,0.030142508,321.4464434,30.29775786,29.2813871,4.087724435,60.38824438,2.377687348,3.937334778,1.710037087,-37.04958146,-103.0239929,-7.682965648,173.6899034,0,0,1,0,53233.28471,RECT-1505-20210918-17_20_47,10288.4,812.936,2752.91,1939.974,0.704699391,-1,MPF-1091-20230429-09_40_03,10261.1,2.120046154,1.5864,-0.336388145,0.5,1681.207597,0.883802139,-282.7691527,1,0.001120505,1734.318961,-,0,1.5864,-0.336388145,0.999423737,0.000657727,1.418227048,0,1,1091,300,300,300,10261.1,1.26,-0.00684522,-0.42,2000.009355,1681.207597,0.840599866,0.191199733,6,0.5,0: Broadleaf,2,1682785801,398.7512581,399.9693548,23.47852903,22.65860323,407.6194516,23.97931613,600.3481935,101.1700645,0.100647323,28.63380645,29.2813871,999.9,0,0,10005.32613,0,192.705129,2000.009355,0.980004968,0.019995432,0,2.115651613,0,1688.110968,16306.15161,43.69106452,45.187,44.29,43.312,43.125,1960.018387,39.99129032,0,297.3999999,0,2.120046154,0.24238632,-351.6577778,1685.958846,15,1682785789,9:29:49,1682785787,1682785789,4,0.013,-0.029,-8.878,-0.529,400,23,0.33,0.11,-0.962743885,-4.288708338,0.501611749,0,2.1174,-0.059543025,0.190303154,1,0.665633808,2.510018896,0.300598278,0,1,3,3-Jan,100,100,-8.867,-0.4988,-5.673891935,-0.007814304,-3.18E-07,6.48E-10,-0.599069748,-0.027428369,0.001386821,-3.01E-06,5,2011,2,27,0.4,0.3,2,618.149,430.063,25.9994,27.3748,30.0009,27.2319,27.2244,21.5432,22.0135,83.0451,26,400,22.4581,101.594,102.655
11,1682785845,1523.4,20230429 09:30:45,9:30:45,f8.lupbic.2,18.70742583,1682785837,0.001016089,1.090457595,398.5128387,357.6558524,36.22073911,40.35843246,0.058290093,2.950357524,0.057657787,0.036092355,321.4458711,30.27621277,29.28354839,4.088234626,59.86600283,2.360353695,3.942728065,1.727880931,-44.80951719,-99.59495885,-7.429640965,169.611754,0,0,1,0,53212.53908,RECT-1505-20210918-17_20_47,10288.4,812.936,2752.91,1939.974,0.704699391,-1,MPF-1092-20230429-09_40_39,10260.2,2.147419231,3.20538,0.330057831,0.5,1681.201935,1.090457595,277.4469317,1,0.00124343,857.8404495,-,0,3.20538,0.330057831,0.998835639,-0.001306559,1.417392511,0,1,1092,300,300,300,10260.2,1.3,-0.00684435,-0.07,2000.002258,1681.201935,0.840600018,0.191200036,6,0.5,0: Broadleaf,2,1682785837,398.5128387,400.0077097,23.30693226,22.31486452,407.3790323,23.81332581,600.205129,101.1721613,0.10044159,28.6574,29.28354839,999.9,0,0,10001.86,0,192.3816452,2000.002258,0.97999971,0.020000571,0,2.138916129,0,1509.129355,16306.06774,43.875,45.254,44.397,43.417,43.24593548,1960.002581,40.00129032,0,35.39999986,0,2.147419231,-0.543230765,-170.8297436,1508.448846,15,1682785789,9:29:49,1682785787,1682785789,4,0.013,-0.029,-8.878,-0.529,400,23,0.33,0.11,-1.4874535,-0.214145291,0.043610145,1,2.137538235,0.031003931,0.188300456,1,1.002870475,-0.263136867,0.02735349,0,2,3,3-Feb,100,100,-8.866,-0.5076,-5.673891935,-0.007814304,-3.18E-07,6.48E-10,-0.599069748,-0.027428369,0.001386821,-3.01E-06,5,2011,2,27,1,0.9,2,619.791,429.93,26.0008,27.4551,30.0011,27.3062,27.3025,21.5434,22.0051,83.0451,26,400,22.4372,101.572,102.633
12,1682785881,1559.4,20230429 09:31:21,9:31:21,f8.lupbic.2,22.51322072,1682785873,0.000961599,1.24113282,398.3530968,351.455985,35.59327287,40.34272021,0.055129066,2.949464578,0.05456295,0.034152223,321.4476673,30.30056968,29.29727097,4.091475257,59.91265718,2.36354131,3.944978276,1.727933947,-42.40650965,-100.182909,-7.476638751,171.38161,0,0,1,0,53184.94676,RECT-1505-20210918-17_20_47,10288.4,812.936,2752.91,1939.974,0.704699391,-1,MPF-1093-20230429-09_41_15,10259.6,2.164638462,1.9044,-0.136651156,0.5,1681.208981,1.24113282,-114.8695754,1,0.001333048,1444.552405,-,0,1.9044,-0.136651156,0.999308223,0.000320873,1.418063129,0,1,1093,300,300,300,10259.6,1.36,-0.00684434,-0.29,2000.010323,1681.208981,0.840600152,0.191200303,6,0.5,0: Broadleaf,2,1682785873,398.3530968,399.9767742,23.33813871,22.39927742,407.2180968,23.84351613,600.1889355,101.1731613,0.100609484,28.66723548,29.29727097,999.9,0,0,9996.689677,0,189.0102258,2000.010323,0.979993806,0.020006494,0,2.12996129,0,1422.180323,16306.10645,44.016,45.36483871,44.52,43.56,43.37296774,1960,40.01032258,0,35.39999986,0,2.164638462,0.475295729,-96.79179489,1420.893846,15,1682785789,9:29:49,1682785787,1682785789,4,0.013,-0.029,-8.878,-0.529,400,23,0.33,0.11,-1.616924,0.052959625,0.042084784,1,2.149387879,0.329897575,0.155336391,1,0.938598175,0.012978405,0.002223093,1,3,3,3-Mar,100,100,-8.865,-0.5056,-5.673891935,-0.007814304,-3.18E-07,6.48E-10,-0.599069748,-0.027428369,0.001386821,-3.01E-06,5,2011,2,27,1.6,1.5,2,619.945,429.498,26.0012,27.5391,30.001,27.3846,27.3808,21.5516,22.0051,83.0451,26,400,22.4223,101.552,102.612
13,1682786312,1990.4,20230429 09:38:32,9:38:32,b2.lupbic.2,52.73543689,1682786304,0.005247234,17.91066347,380.1369032,282.5234698,28.61383351,38.50007246,0.339632409,2.951120565,0.319315782,0.201296378,321.439796,28.7820999,28.70504839,3.953639733,60.78044127,2.34105945,3.851665767,1.612580284,-231.4030286,-71.57021716,-5.311692221,13.15485799,0,0,1,0,53305.81864,RECT-1505-20210918-17_20_47,10288.4,812.936,2752.91,1939.974,0.704699391,-1,MPF-1094-20230429-09_48_26,10199.1,2.149312,1.91263,-0.123746883,0.5,1681.170204,17.91066347,-104.0197859,1,0.011248512,1438.332228,-,0,1.91263,-0.123746883,0.999305233,0.000291831,1.418058886,0,1,1094,300,300,300,10199.1,1.13,-0.00680386,-0.24,1999.964516,1681.170204,0.840600016,0.191200032,6,0.5,0: Broadleaf,2,1682786304,380.1369032,400.0354194,23.11484194,17.99065161,388.6605161,23.61780323,600.2054839,101.1762903,0.10320171,28.25520645,28.70504839,999.9,0,0,10005.78677,0,348.4406774,1999.964516,0.979997871,0.020001629,0,2.166058065,0,4424.991935,16305.75484,44.312,46.06606452,45.008,43.79,43.625,1959.963226,40.00032258,0,430,0,2.149312,-0.725884617,-238.8415385,4421.7876,15,1682786288,9:38:07,1682786285,1682786288,5,0.197,0.01,-8.678,-0.65,400,17,0.13,0.02,-19.1702,-12.12298762,1.999844371,0,2.143374286,0.135041096,0.180533355,1,4.8975815,4.803809156,0.546065212,0,1,3,3-Jan,100,100,-8.521,-0.5066,-5.476488279,-0.007814304,-3.18E-07,6.48E-10,-0.589150394,-0.027428369,0.001386821,-3.01E-06,5,2011,2,27,0.5,0.4,2,622.889,419.339,25.9999,27.7613,30.0005,27.6936,27.6896,21.494,37.4927,81.0294,26,400,17.6009,101.512,102.575
14,1682786348,2026.4,20230429 09:39:08,9:39:08,b2.lupbic.2,54.44905975,1682786341,0.00550286,18.91592704,379.0064286,278.2348776,28.17923095,38.38522968,0.347405945,2.949687573,0.326170206,0.205656064,321.4506623,28.74656097,28.73646786,3.960849316,59.73984671,2.305021435,3.858432122,1.655827882,-242.676138,-71.73439042,-5.32809535,1.712038591,0,0,1,0,53258.87144,RECT-1505-20210918-17_20_47,10288.4,812.936,2752.91,1939.974,0.704699391,-1,MPF-1095-20230429-09_49_02,10198.3,2.09044,2.3168,0.097703729,0.5,1681.227588,18.91592704,82.13110258,1,0.011846062,1187.238087,-,0,2.3168,0.097703729,0.999158418,-0.000279243,1.417850549,0,1,1095,300,300,300,10198.3,0.92,-0.00680419,-0.37,2000.032857,1681.227588,0.840599984,0.191199969,6,0.5,0: Broadleaf,2,1682786341,379.0064286,400.0007857,22.75922143,17.38344286,387.5211786,23.27342143,600.2054643,101.1752857,0.103285786,28.285375,28.73646786,999.9,0,0,9997.746071,0,350.9985357,2000.032857,0.980001,0.019998725,0,2.120014286,0,4343.89,16306.33214,44.38385714,46.187,45.071,43.875,43.687,1960.034643,39.99964286,0,34.79999995,0,2.09044,-0.02355385,24.64615378,4343.6156,15,1682786288,9:38:07,1682786285,1682786288,5,0.197,0.01,-8.678,-0.65,400,17,0.13,0.02,-20.9228975,-1.258125704,0.128561296,0,2.081126471,-0.030549443,0.194375604,1,5.405835,-0.520174559,0.050737414,0,1,3,3-Jan,100,100,-8.515,-0.5151,-5.476488279,-0.007814304,-3.18E-07,6.48E-10,-0.589150394,-0.027428369,0.001386821,-3.01E-06,5,2011,2,27,1.1,1,2,624.194,419.136,26.0006,27.8107,30.0004,27.7269,27.7267,21.4974,36.9036,79.1406,26,400,17.5648,101.507,102.573
15,1682786383,2060.9,20230429 09:39:42,9:39:42,b2.lupbic.2,57.25457487,1682786375,0.005430845,19.57412775,378.3628,272.9965819,27.64858209,38.31987516,0.341878842,2.951082398,0.321301053,0.202558695,321.4430695,28.81371414,28.7932,3.973896248,59.83286782,2.315176763,3.869406311,1.658719485,-239.5002675,-73.02526754,-5.424259826,3.493274633,0,0,1,0,53290.69794,RECT-1505-20210918-17_20_47,10288.4,812.936,2752.91,1939.974,0.704699391,-1,MPF-1096-20230429-09_49_37,10197.7,2.13842,1.9484,-0.097526175,0.5,1681.19018,19.57412775,-81.98002412,1,0.012237835,1411.908027,-,0,1.9484,-0.097526175,0.99929224,0.000234307,1.418040448,0,1,1096,300,300,300,10197.7,1.34,-0.00680672,-0.08,1999.988667,1681.19018,0.840599853,0.191199707,6,0.5,0: Broadleaf,2,1682786375,378.3628,399.9839667,22.85959333,17.55480667,386.8724333,23.37065667,600.2162,101.1745333,0.1035922,28.33420667,28.7932,999.9,0,0,10005.74367,0,353.6300667,1999.988667,0.980004,0.0199964,0,2.147466667,0,4327.839333,16305.98,44.5,46.27273333,45.14773333,43.9601,43.77066667,1959.998667,39.99,0,33.5999999,0,2.13842,-0.123530765,41.60846194,4327.5328,15,1682786288,9:38:07,1682786285,1682786288,5,0.197,0.01,-8.678,-0.65,400,17,0.13,0.02,-21.618095,-0.337861914,0.07532705,1,2.146323529,-0.037463174,0.171394282,1,5.3298455,-0.690419437,0.068035067,0,2,3,3-Feb,100,100,-8.51,-0.5103,-5.476488279,-0.007814304,-3.18E-07,6.48E-10,-0.589150394,-0.027428369,0.001386821,-3.01E-06,5,2011,2,27,1.6,1.6,2,624.316,418.978,26.003,27.8543,30.0006,27.7654,27.7658,21.5058,35.7742,77.9949,26,400,17.7272,101.504,102.569
16,1682786787,2465.5,20230429 09:46:27,9:46:27,b5.lupbic.1,76.60680606,1682786779,0.00315835,14.34987887,384.5269032,249.456082,25.2629052,38.94179138,0.18731859,2.952204486,0.180957299,0.113651852,321.439224,29.85380545,29.38232903,4.111611991,60.43264195,2.400888547,3.972834001,1.710723444,-139.2832308,-94.4995201,-7.053168398,80.60330468,0,0,1,0,53242.86827,RECT-1505-20210918-17_20_47,10288.4,812.936,2752.91,1939.974,0.704699391,-1,MPF-1097-20230429-09_56_21,10216.6,2.166265385,1.9732,-0.097843799,0.5,1681.164542,14.34987887,-82.24576295,1,0.009130504,1394.15001,-,0,1.9732,-0.097843799,0.999283231,0.000238069,1.418027664,0,1,1097,300,300,300,10216.6,1.07,-0.0068148,-0.58,1999.957419,1681.164542,0.840600168,0.191200335,6,0.5,0: Broadleaf,2,1682786779,384.5269032,400.0865161,23.70733871,20.62480323,393.0949032,24.19417742,600.1826452,101.1692903,0.102665032,28.7885871,29.38232903,999.9,0,0,10012.63968,0,188.6618387,1999.957419,0.979995226,0.020004774,0,2.167003226,0,6968.043871,16305.67097,44.82012903,46.375,45.45325806,44.44106452,44.145,1959.947097,40.01032258,0,404,0,2.166265385,0.117610252,-571.2765814,6961.322308,15,1682786761,9:46:00,1682786746,1682786761,6,-0.01,-0.003,-8.689,-0.587,400,20,0.11,0.03,-15.4568575,-1.783201126,0.201224304,0,2.175445455,-0.295402772,0.152452375,1,2.91871225,3.107980075,0.329550954,0,1,3,3-Jan,100,100,-8.567,-0.4917,-5.486296221,-0.007814304,-3.18E-07,6.48E-10,-0.592457239,-0.027428369,0.001386821,-3.01E-06,5,2011,2,27,0.7,0.4,2,621.643,420.642,26.0035,28.1383,30.0007,28.0476,28.0491,21.5702,28.224,80.4783,26,400,20.4665,101.448,102.517
17,1682786825,2503,20230429 09:47:04,9:47:04,b5.lupbic.1,82.64478474,1682786817,0.003128028,15.00038307,383.7870333,238.8588961,24.18957321,38.86664758,0.181504291,2.949994306,0.175520672,0.110221591,321.4388955,30.04203468,29.52923333,4.146593789,59.78769561,2.400129657,4.014420748,1.746464131,-137.9460217,-89.19763617,-6.673252241,87.62198536,0,0,1,0,53147.12829,RECT-1505-20210918-17_20_47,10288.4,812.936,2752.91,1939.974,0.704699391,-1,MPF-1098-20230429-09_56_59,10214.2,2.19888,1.7584,-0.250500455,0.5,1681.167321,15.00038307,-210.5665893,1,0.009517425,1564.576661,-,0,1.7584,-0.250500455,0.999361258,0.000543013,1.418138387,0,1,1098,300,300,300,10214.2,1.28,-0.00681329,-1.06,1999.961333,1681.167321,0.840599912,0.191199824,6,0.5,0: Broadleaf,2,1682786817,383.7870333,399.9830667,23.69997667,20.64699667,392.3490333,24.18706333,600.1795333,101.1678333,0.103559933,28.96838333,29.52923333,999.9,0,0,10000.22467,0,167.6014,1999.961333,0.9800022,0.019997703,0,2.196966667,0,6729.050333,16305.75667,44.9832,46.4412,45.5372,44.55786667,44.30373333,1959.967,39.99333333,0,36.4000001,0,2.19888,0.742746151,-210.6907693,6728.0624,15,1682786761,9:46:00,1682786746,1682786761,6,-0.01,-0.003,-8.689,-0.587,400,20,0.11,0.03,-16.15473,-0.632409006,0.095040584,0,2.205717143,0.196776517,0.203892294,1,3.05242175,0.082928893,0.016381496,1,2,3,3-Feb,100,100,-8.562,-0.4858,-5.486296221,-0.007814304,-3.18E-07,6.48E-10,-0.592457239,-0.027428369,0.001386821,-3.01E-06,5,2011,2,27,1.3,1.1,2,623.386,420.398,26.0033,28.2234,30.0008,28.109,28.1115,21.5742,27.2894,79.7329,26,400,20.6313,101.436,102.505
18,1682786861,2539.5,20230429 09:47:41,9:47:41,b5.lupbic.1,84.60652908,1682786853,0.003170273,15.50743833,383.2562258,235.0840259,23.8073399,38.81297848,0.183288908,2.948902902,0.177186995,0.111273182,321.4460109,30.14360802,29.62878065,4.170445849,59.8285712,2.417404835,4.040552509,1.753041015,-139.809054,-87.16121569,-6.53016801,87.94557319,0,0,1,0,53095.82145,RECT-1505-20210918-17_20_47,10288.4,812.936,2752.91,1939.974,0.704699391,-1,MPF-1099-20230429-09_57_35,10211.3,2.170188462,3.15051,0.311162808,0.5,1681.205661,15.50743833,261.5643373,1,0.00981881,872.7982104,-,0,3.15051,0.311162808,0.998855571,-0.001210594,1.417420795,0,1,1099,300,300,300,10211.3,1.41,-0.00681193,-0.53,2000.007097,1681.205661,0.840599848,0.191199696,6,0.5,0: Broadleaf,2,1682786853,383.2562258,399.9742258,23.87050645,20.77673548,391.814129,24.35189355,600.1602581,101.1681935,0.103425452,29.08053226,29.62878065,999.9,0,0,9993.99129,0,175.1034194,2000.007097,0.980006258,0.019993642,0,2.162796774,0,6611.316774,16306.15806,45.125,46.53,45.629,44.643,44.44106452,1960.017097,39.99,0,35.39999986,0,2.170188462,0.32620513,-133.5309404,6610.723846,15,1682786761,9:46:00,1682786746,1682786761,6,-0.01,-0.003,-8.689,-0.587,400,20,0.11,0.03,-16.7185175,-0.076832645,0.041938418,1,2.190447059,-0.425231802,0.159075983,1,3.11063275,-0.176415872,0.035988036,0,2,3,3-Feb,100,100,-8.558,-0.4801,-5.486296221,-0.007814304,-3.18E-07,6.48E-10,-0.592457239,-0.027428369,0.001386821,-3.01E-06,5,2011,2,27,1.9,1.7,2,623.219,420.297,26.0018,28.3114,30.0007,28.1718,28.1736,21.5779,26.685,79.3603,26,400,20.8377,101.428,102.493
19,1682787200,2878.5,20230429 09:53:20,9:53:20,g2.lupbic.2,33.1780892,1682787192,0.002273748,4.217044137,394.9779333,330.2168811,33.44245462,40.00107919,0.127103285,2.952077678,0.124139477,0.077847703,321.4423544,30.27950523,29.79974333,4.211688555,60.15693004,2.417452589,4.018577056,1.794235966,-100.2722748,-129.4673039,-9.693029445,82.00974619,0,0,1,0,53204.36718,RECT-1505-20210918-17_20_47,10288.4,812.936,2752.91,1939.974,0.704699391,-1,MPF-1100-20230429-10_03_14,10230.4,2.154857692,1.816,-0.186595646,0.5,1681.18376,4.217044137,-156.8507845,1,0.003103197,1514.919604,-,0,1.816,-0.186595646,0.999340334,0.000417765,1.418108696,0,1,1100,300,300,300,10230.4,1.15,-0.00682345,-0.2,1999.980667,1681.18376,0.840600006,0.191200012,6,0.5,0: Broadleaf,2,1682787192,394.9779333,400.0915,23.87036667,21.65157,403.6232,24.37058333,600.1827667,101.1704,0.1038126,28.98626333,29.79974333,999.9,0,0,10011.809,0,345.8005667,1999.980667,0.9800018,0.019998673,0,2.154073333,0,2044.940333,16305.9,45.375,47.0893,46.0935,44.85816667,44.63533333,1959.980667,40,0,337.8,0,2.154857692,0.614471798,-217.0321368,2045.027308,15,1682787173,9:52:53,1682787173,1682787170,7,0.004,-0.019,-8.685,-0.567,400,22,0.44,0.08,-5.068845,-0.543106266,0.094527376,0,2.168014706,0.023674271,0.147262343,1,2.12392225,1.272830657,0.172785837,0,1,3,3-Jan,100,100,-8.645,-0.5039,-5.481995201,-0.007814304,-3.18E-07,6.48E-10,-0.611944299,-0.027428369,0.001386821,-3.01E-06,5,2011,2,27,0.5,0.5,2,623.193,417.46,26.0027,28.6455,30.0018,28.5381,28.5437,21.5215,30.9984,83.1927,26,400,21.5934,101.331,102.41
20,1682787251,2929,20230429 09:54:10,9:54:10,g2.lupbic.2,39.69872537,1682787243,0.002052563,4.512255985,394.7046,319.5175622,32.36246132,39.97780987,0.11366249,2.950936909,0.111285155,0.069762675,321.4469828,30.40508712,29.85832667,4.225902629,59.96017317,2.419057747,4.034440894,1.806844883,-90.5180131,-127.9037891,-9.58569382,93.43948677,0,0,1,0,53159.5845,RECT-1505-20210918-17_20_47,10288.4,812.936,2752.91,1939.974,0.704699391,-1,MPF-1101-20230429-10_04_05,10231.2,2.17826,3.23861,0.327408981,0.5,1681.20812,4.512255985,275.2213187,1,0.003278747,849.0282529,-,0,3.23861,0.327408981,0.998823569,-0.001309563,1.417375382,0,1,1101,300,300,300,10231.2,1.46,-0.00682298,-0.18,2000.009667,1681.20812,0.840599997,0.191199994,6,0.5,0: Broadleaf,2,1682787243,394.7046,400.0254,23.88358,21.88064667,403.3477667,24.38336667,600.1817667,101.1816667,0.103724667,29.05436,29.85832667,999.9,0,0,10004.21167,0,316.247,2000.009667,0.9800016,0.01999888,0,2.15632,0,1905.202667,16306.13333,45.5872,47.3288,46.25826667,45.11233333,44.833,1960.009667,40,0,49.60000014,0,2.17826,-0.252884613,-231.0199989,1903.7132,15,1682787173,9:52:53,1682787173,1682787170,7,0.004,-0.019,-8.685,-0.567,400,22,0.44,0.08,-5.30925175,-0.405271182,0.063134355,1,2.214488235,-0.460970414,0.230995588,1,1.99886925,0.100088218,0.013125124,0,2,3,3-Feb,100,100,-8.643,-0.4986,-5.481995201,-0.007814304,-3.18E-07,6.48E-10,-0.611944299,-0.027428369,0.001386821,-3.01E-06,5,2011,2,27,1.3,1.3,2,624.298,415.724,26.0023,28.8785,30.0021,28.7284,28.7325,21.5118,29.5686,82.0516,26,400,21.8143,101.275,102.36
21,1682787290,2968,20230429 09:54:49,9:54:49,g2.lupbic.2,41.7857763,1682787282,0.002039633,4.728916072,394.4871034,315.9814597,32.00629997,39.95827027,0.113170473,2.950446861,0.110813063,0.069465878,321.4419178,30.41059878,29.85177586,4.224311134,60.00353919,2.421087194,4.034907318,1.80322394,-89.94779522,-126.5226388,-9.483544572,95.48793925,0,0,1,0,53145.1797,RECT-1505-20210918-17_20_47,10288.4,812.936,2752.91,1939.974,0.704699391,-1,MPF-1102-20230429-10_04_44,10231.3,2.13305,1.5888,-0.342554129,0.5,1681.181462,4.728916072,-287.9478256,1,0.003407673,1731.697633,-,0,1.5888,-0.342554129,0.999422865,0.000670798,1.418225811,0,1,1102,300,300,300,10231.3,1.04,-0.00682467,0.02,1999.977931,1681.181462,0.840600007,0.191200013,6,0.5,0: Broadleaf,2,1682787282,394.4871034,400.0189655,23.90212759,21.91184483,403.1286552,24.40127241,600.1803448,101.1878966,0.103805828,29.05635862,29.85177586,999.9,0,0,10000.81207,0,38.2164931,1999.977931,0.98000131,0.019999179,0,2.132289655,0,1835.211724,16305.88276,45.74565517,47.39851724,46.37065517,45.25,44.98913793,1959.977931,40,0,38,0,2.13305,-0.706923073,-44.68512824,1835.298462,15,1682787173,9:52:53,1682787173,1682787170,7,0.004,-0.019,-8.685,-0.567,400,22,0.44,0.08,-5.523188,-0.001875197,0.045452868,1,2.148305714,-0.394478278,0.187100957,1,2.01226275,-0.542706529,0.05373597,0,2,3,3-Feb,100,100,-8.642,-0.4972,-5.481995201,-0.007814304,-3.18E-07,6.48E-10,-0.611944299,-0.027428369,0.001386821,-3.01E-06,5,2011,2,27,1.9,2,2,624.866,414.168,25.9996,29.0672,30.002,28.8902,28.8888,21.4997,29.9004,80.9118,26,400,21.8909,101.228,102.316
22,1682787728,3406,20230429 10:02:07,10:02:07,g8.lupbic.1,46.83098717,1682787720,0.001833383,4.798620812,394.4703871,308.0832429,31.21079812,39.96236698,0.102466788,2.952435453,0.100531383,0.063002958,321.4452994,30.77104582,30.06442258,4.2762405,60.63199286,2.490425854,4.107445156,1.785814646,-80.85217562,-111.3667906,-8.363482284,120.862851,0,0,1,0,53148.82013,RECT-1505-20210918-17_20_47,10288.4,812.936,2752.91,1939.974,0.704699391,-1,MPF-1103-20230429-10_12_02,10233.9,2.19835,2.05939,-0.067476292,0.5,1681.196516,4.798620812,-56.72045312,1,0.003449104,1335.759914,-,0,2.05939,-0.067476292,0.999251923,0.00017137,1.417983236,0,1,1103,300,300,300,10233.9,1.18,-0.00682553,0.03,1999.995484,1681.196516,0.840600156,0.191200313,6,0.5,0: Broadleaf,2,1682787720,394.4703871,399.9904516,24.58310968,22.79537097,402.9887097,25.10612581,600.1925484,101.2029032,0.103476903,29.36475806,30.06442258,999.9,0,0,10010.62677,0,128.7716452,1999.995484,0.979994774,0.020004919,0,2.1628,0,2682.739677,16305.98065,46.308,47.883,46.98374194,45.94106452,45.61687097,1959.984839,40.01032258,0,437.3999999,0,2.19835,0.600625652,-411.3993159,2678.272692,15,1682787705,10:01:45,1682787702,1682787705,9,0.158,0.009,-8.562,-0.587,400,23,0.91,0.06,-5.11585025,-6.553213621,0.999203158,0,2.172247059,0.305050908,0.174494952,1,1.656662875,3.008200064,0.346073022,0,1,3,3-Jan,100,100,-8.518,-0.5252,-5.359980223,-0.007814304,-3.18E-07,6.48E-10,-0.660971901,-0.027428369,0.001386821,-3.01E-06,5,2011,2,27,0.4,0.4,2,624.125,406.406,26.0017,30.3498,30.0009,30.1582,30.1461,21.4766,28.4133,77.513,26,400,22.5035,101.013,102.122
23,1682787763,3441,20230429 10:02:42,10:02:42,g8.lupbic.1,47.38860979,1682787756,0.001870609,4.910469763,394.28248,306.9002326,31.09104882,39.94345567,0.103621309,2.950332133,0.101641118,0.063700459,321.4455125,30.76892512,30.04528,4.271543113,60.09045369,2.469116109,4.108998946,1.802427003,-82.4938773,-107.2002084,-8.05581411,123.6956127,0,0,1,0,53086.82135,RECT-1505-20210918-17_20_47,10288.4,812.936,2752.91,1939.974,0.704699391,-1,MPF-1104-20230429-10_12_37,10236.1,2.158611538,2.29403,0.059030815,0.5,1681.201548,4.910469763,49.62134915,1,0.003515622,1199.032258,-,0,2.29403,0.059030815,0.999166689,-0.000167051,1.417862286,0,1,1104,300,300,300,10236.1,1.31,-0.00682692,0.1,2000.002,1681.201548,0.840599934,0.191199867,6,0.5,0: Broadleaf,2,1682787756,394.28248,399.92876,24.372684,22.548228,402.79956,24.903068,600.18472,101.20264,0.10405684,29.371312,30.04528,999.9,0,0,9998.7036,0,134.144,2000.002,0.9800038,0.0199958,0,2.145944,0,2502.5872,16306.1,46.375,47.98488,47.00248,45.96976,45.63244,1960.006,39.9956,0,34.20000005,0,2.158611538,0.135415388,-185.8895728,2504.889615,15,1682787705,10:01:45,1682787702,1682787705,9,0.158,0.009,-8.562,-0.587,400,23,0.91,0.06,-5.63537125,-0.225181126,0.04012001,1,2.169282353,-0.346833474,0.1763573,1,1.85790575,-0.446535647,0.047411852,0,2,3,3-Feb,100,100,-8.517,-0.5295,-5.359980223,-0.007814304,-3.18E-07,6.48E-10,-0.660971901,-0.027428369,0.001386821,-3.01E-06,5,2011,2,27,1,1,2,625.222,407.085,25.9985,30.4289,30.0011,30.2428,30.2354,21.4863,27.5351,76.7582,26,400,22.5849,100.998,102.109
24,1682787798,3476.5,20230429 10:03:18,10:03:18,g8.lupbic.1,44.97639704,1682787790,0.001961719,4.900728519,394.2897333,310.7322508,31.47897224,39.94382797,0.10896223,2.949911756,0.106774667,0.066927053,321.4442108,30.74703236,30.03032333,4.267876034,60.07088835,2.468516528,4.109339142,1.799359506,-86.51180677,-104.5781277,-7.859364443,122.4949118,0,0,1,0,53074.39728,RECT-1505-20210918-17_20_47,10288.4,812.936,2752.91,1939.974,0.704699391,-1,MPF-1105-20230429-10_13_12,10235.8,2.185953846,1.406,-0.554732465,0.5,1681.18928,4.900728519,-466.3051369,1,0.003509854,1956.972973,-,0,1.406,-0.554732465,0.999489268,0.000961091,1.418320039,0,1,1105,300,300,300,10235.8,1.25,-0.00682693,-0.5,1999.986667,1681.18928,0.840600244,0.191200488,6,0.5,0: Broadleaf,2,1682787790,394.2897333,399.9623333,24.36698667,22.45361333,402.8067667,24.89756667,600.1707333,101.2019,0.103877433,29.37274667,30.03032333,999.9,0,0,9996.389667,0,139.3865333,1999.986667,0.9799927,0.020006923,0,2.19445,0,2405.822667,16305.91,46.437,48.04133333,47.0662,45.9958,45.687,1959.970667,40.016,0,34.39999986,0,2.185953846,0.658167516,-130.8533336,2405.063846,15,1682787705,10:01:45,1682787702,1682787705,9,0.158,0.009,-8.562,-0.587,400,23,0.91,0.06,-5.67210375,-0.106090244,0.035785297,1,2.17245,0.424507475,0.169871566,1,1.916789,-0.053855235,0.009191035,1,3,3,3-Mar,100,100,-8.517,-0.5318,-5.359980223,-0.007814304,-3.18E-07,6.48E-10,-0.660971901,-0.027428369,0.001386821,-3.01E-06,5,2011,2,27,1.6,1.6,2,626.03,407.032,26.0016,30.5158,30.0011,30.3328,30.3302,21.4917,27.8195,76.0084,26,400,22.4543,100.978,102.09
25,1682788110,3788,20230429 10:08:29,10:08:29,c1.lupbic.2,49.57940046,1682788102,0.003057611,8.846585963,389.9790645,298.6645767,30.25601981,39.50657435,0.178432693,2.951540482,0.172649333,0.10840983,321.4560082,30.1942719,29.68738387,4.184543344,60.53658229,2.449190093,4.045801729,1.735353251,-134.8406384,-92.99174444,-6.963568853,86.66005647,0,0,1,0,53168.89455,RECT-1505-20210918-17_20_47,10288.4,812.936,2752.91,1939.974,0.704699391,-1,MPF-1106-20230429-10_18_24,10226.6,2.165088,2.0344,-0.064239088,0.5,1681.254339,8.846585963,-54.00112244,1,0.00585669,1352.180299,-,0,2.0344,-0.064239088,0.999261,0.000161164,1.417996117,0,1,1106,300,300,300,10226.6,1.36,-0.00682109,-0.38,2000.064516,1681.254339,0.840600053,0.191200106,6,0.5,0: Broadleaf,2,1682788102,389.9790645,400.0149355,24.17655484,21.19379355,398.4617419,24.68418387,600.1864839,101.1999032,0.104443452,29.10298387,29.68738387,999.9,0,0,10005.83774,0,333.2105806,2000.064516,0.979998065,0.020002142,0,2.183625806,0,3119.176774,16306.55484,46.308,48.07825806,47.058,45.915,45.562,1960.06,40.00483871,0,310.8,0,2.165088,-0.201784626,37.44307684,3119.5344,15,1682788084,10:08:04,1682788073,1682788084,10,0.001,0.031,-8.561,-0.613,400,21,0.18,0.04,-9.9398345,-1.34761576,0.196905354,0,2.175461765,0.003431126,0.163805119,1,2.8722325,2.549714296,0.274611289,0,1,3,3-Jan,100,100,-8.482,-0.5111,-5.359330475,-0.007814304,-3.18E-07,6.48E-10,-0.630380554,-0.027428369,0.001386821,-3.01E-06,5,2011,2,27,0.6,0.4,2,626.341,404.83,26.0011,30.4331,29.9999,30.4187,30.4176,21.4959,30.6852,71.4203,26,400,20.9538,100.988,102.1
26,1682788151,3829.5,20230429 10:09:11,10:09:11,c1.lupbic.2,52.41614939,1682788143,0.003056456,8.955637415,389.8110645,293.5905226,29.74172207,39.4891914,0.170856454,2.950104312,0.165543424,0.103928232,321.4456505,30.29743278,29.9259129,4.242353004,59.79593037,2.433600788,4.069843505,1.808752216,-134.7897048,-114.5803468,-8.598915277,63.47668363,0,0,1,0,53109.27777,RECT-1505-20210918-17_20_47,10288.4,812.936,2752.91,1939.974,0.704699391,-1,MPF-1107-20230429-10_19_05,10227.8,2.219603846,1.87101,-0.186313192,0.5,1681.203765,8.955637415,-156.6152202,1,0.005921732,1470.349699,-,0,1.87101,-0.186313192,0.999320352,0.000429798,1.41808034,0,1,1107,300,300,300,10227.8,1.33,-0.00682232,-0.2,2000.004839,1681.203765,0.840599849,0.191199697,6,0.5,0: Broadleaf,2,1682788143,389.8110645,399.955129,24.02289032,21.04074516,398.2924194,24.53576129,600.1782258,101.198871,0.104542387,29.20549032,29.9259129,999.9,0,0,9997.782258,0,336.3111935,2000.004839,0.980007,0.0199934,0,2.209651613,0,3021.457419,16306.13548,46.375,48.22154839,47.06403226,46.08029032,45.625,1960.014839,39.99,0,40.5999999,0,2.219603846,-0.502717953,-417.6406844,3019.118846,15,1682788084,10:08:04,1682788073,1682788084,10,0.001,0.031,-8.561,-0.613,400,21,0.18,0.04,-10.12029625,-0.325184803,0.049492475,1,2.223782857,-0.151077886,0.179698292,1,3.0057775,-0.460423565,0.046475746,0,2,3,3-Feb,100,100,-8.482,-0.5113,-5.359330475,-0.007814304,-3.18E-07,6.48E-10,-0.630380554,-0.027428369,0.001386821,-3.01E-06,5,2011,2,27,1.3,1.1,2,627.668,404.914,26.0019,30.4278,29.9999,30.4056,30.4085,21.5093,29.8105,70.2806,26,400,21.1193,100.993,102.105
27,1682788188,3866.5,20230429 10:09:48,10:09:48,c1.lupbic.2,54.10001526,1682788180,0.002997547,8.998726505,389.7799333,290.8285706,29.46183856,39.48591931,0.166335009,2.95045349,0.161295572,0.101249788,321.4468999,30.37374202,30.02582667,4.266774077,59.90094754,2.446518722,4.084273826,1.820255355,-132.1918237,-120.7402941,-9.067371975,59.44741004,0,0,1,0,53108.60801,RECT-1505-20210918-17_20_47,10288.4,812.936,2752.91,1939.974,0.704699391,-1,MPF-1108-20230429-10_19_42,10228.6,2.154165385,1.494,-0.441877767,0.5,1681.21034,8.998726505,-371.4447359,1,0.005947338,1841.643909,-,0,1.494,-0.441877767,0.999457302,0.000813571,1.418274678,0,1,1108,300,300,300,10228.6,1.03,-0.00682263,-0.77,2000.012667,1681.21034,0.840599846,0.191199692,6,0.5,0: Broadleaf,2,1682788180,389.7799333,399.9439333,24.15048,21.22622,398.261,24.65900667,600.1836,101.1986333,0.104476267,29.26676333,30.02582667,999.9,0,0,9999.788667,0,340.5149667,2000.012667,0.980007,0.0199934,0,2.148663333,0,2946.636333,16306.20333,46.4958,48.3603,47.13326667,46.2101,45.7374,1960.022667,39.99,0,36,0,2.154165385,-0.584940169,-24.29572632,2946.911923,15,1682788084,10:08:04,1682788073,1682788084,10,0.001,0.031,-8.561,-0.613,400,21,0.18,0.04,-10.1653575,0.15107955,0.036897391,1,2.143091429,-0.193620352,0.176577254,1,2.94893475,-0.451466454,0.047612999,0,2,3,3-Feb,100,100,-8.482,-0.507,-5.359330475,-0.007814304,-3.18E-07,6.48E-10,-0.630380554,-0.027428369,0.001386821,-3.01E-06,5,2011,2,27,1.9,1.7,2,627.597,405.02,26.0004,30.4251,30.0002,30.4003,30.4049,21.5182,28.942,69.1594,26,400,21.334,100.999,102.107
28,1682788462,4139.9,20230429 10:14:21,10:14:21,c4.lupbic.2,28.48975169,1682788454,0.000544006,0.834384627,398.9697667,342.1067246,34.65414791,40.4141641,0.029287185,2.950689252,0.029126646,0.018218504,321.4534497,30.97138331,30.1087,4.287122965,60.30888415,2.458178087,4.075980051,1.828944878,-23.99065223,-139.5316993,-10.48021614,147.450882,0,0,1,0,53121.42907,RECT-1505-20210918-17_20_47,10288.4,812.936,2752.91,1939.974,0.704699391,-1,MPF-1109-20230429-10_24_16,10249.8,2.155472,1.6192,-0.331195652,0.5,1681.2395,0.834384627,-278.4096063,1,0.001091091,1699.166749,-,0,1.6192,-0.331195652,0.999411822,0.00066099,1.418210141,0,1,1109,300,300,300,10249.8,1.43,-0.00683643,-0.29,2000.046667,1681.2395,0.840600136,0.191200272,6,0.5,0: Broadleaf,2,1682788454,398.9697667,400.0203,24.26720333,23.73685,407.5117333,24.81962667,600.5101,101.1900333,0.106274,29.23157,30.1087,999.9,0,0,10001.97767,0,109.0421333,2000.046667,0.9799968,0.0200032,0,2.13712,0,1358.585333,16306.42333,46.75,48.4412,47.5,46.63326667,46,1960.036667,40.01,0,272.3999999,0,2.155472,0.241884618,-211.9661542,1357.5052,15,1682788443,10:14:02,1682788443,1682788432,11,0.011,-0.05,-8.55,-0.571,400,24,0.74,0.2,-0.77101054,-4.200498426,0.472882342,0,2.165926471,0.004686113,0.184727316,1,0.399444262,1.928748871,0.217705171,0,1,3,3-Jan,100,100,-8.542,-0.5514,-5.348445254,-0.007814304,-3.18E-07,6.48E-10,-0.680025458,-0.027428369,0.001386821,-3.01E-06,5,2011,2,27,0.3,0.5,2,627.432,403.211,25.9978,30.687,30.0012,30.6411,30.6447,21.6026,20.4233,69.1555,26,400,23.5732,100.93,102.048
29,1682788497,4174.9,20230429 10:14:56,10:14:56,c4.lupbic.2,29.80282706,1682788489,0.000625627,1.00608001,398.7688387,339.8149553,34.42063646,40.39221058,0.033757872,2.950770622,0.033544777,0.020984519,321.4498219,30.91697343,30.06302581,4.275897594,60.21087083,2.449461698,4.068138633,1.826435897,-27.590139,-137.572014,-10.3286936,145.9589752,0,0,1,0,53129.57065,RECT-1505-20210918-17_20_47,10288.4,812.936,2752.91,1939.974,0.704699391,-1,MPF-1110-20230429-10_24_51,10249.5,2.261665385,1.7296,-0.307623372,0.5,1681.222548,1.00608001,-258.5916749,1,0.001193227,1590.645467,-,0,1.7296,-0.307623372,0.999371719,0.000655894,1.418153233,0,1,1110,300,300,300,10249.5,1.14,-0.00683594,-0.32,2000.026774,1681.222548,0.840600021,0.191200042,6,0.5,0: Broadleaf,2,1682788489,398.7688387,400.0240323,24.1821129,23.57179355,407.3090645,24.73747742,600.1753871,101.1866774,0.105616903,29.19823871,30.06302581,999.9,0,0,10002.77161,0,102.6579484,2000.026774,0.979997742,0.020002258,0,2.253470968,0,1252.391613,16306.26129,46.812,48.35467742,47.5,46.542,46.004,1960.024839,40.00193548,0,34.20000005,0,2.261665385,0.536707698,-159.1511111,1250.941154,15,1682788443,10:14:02,1682788443,1682788432,11,0.011,-0.05,-8.55,-0.571,400,24,0.74,0.2,-1.23741725,-0.181795159,0.041183088,1,2.24060303,0.155392155,0.176272316,1,0.61416405,-0.034652285,0.01195042,1,3,3,3-Mar,100,100,-8.541,-0.5562,-5.348445254,-0.007814304,-3.18E-07,6.48E-10,-0.680025458,-0.027428369,0.001386821,-3.01E-06,5,2011,2,27,0.9,1.1,2,629.557,402.684,25.9965,30.7672,30.0011,30.7133,30.7167,21.5983,20.7161,68.7837,26,400,23.5389,100.909,102.028
30,1682788534,4211.9,20230429 10:15:33,10:15:33,c4.lupbic.2,35.47811446,1682788526,0.000607165,1.164765826,398.6050667,330.6925304,33.49573738,40.3745758,0.032830545,2.949822029,0.032628895,0.020411073,321.4477995,30.88299395,30.02374,4.266262801,60.21014424,2.44387665,4.058911801,1.822386151,-26.77596936,-137.5287802,-10.32474583,146.8183042,0,0,1,0,53108.97391,RECT-1505-20210918-17_20_47,10288.4,812.936,2752.91,1939.974,0.704699391,-1,MPF-1111-20230429-10_25_28,10249.2,2.208272,1.12,-0.971671429,0.5,1681.21233,1.164765826,-816.7929932,1,0.001287622,2456.955357,-,0,1.12,-0.971671429,0.999593158,0.00134054,1.418467464,0,1,1111,300,300,300,10249.2,0.83,-0.00683574,-0.46,2000.014667,1681.21233,0.840600001,0.191200001,6,0.5,0: Broadleaf,2,1682788526,398.6050667,400.0114667,24.1276,23.53524667,407.1441,24.68484667,600.1641667,101.1841,0.105570333,29.15894667,30.02374,999.9,0,0,9997.638667,0,98.83289333,2000.014667,0.9799984,0.0200016,0,2.19102,0,1186.394,16306.17667,46.8183,48.25,47.5,46.41426667,46,1960.014333,40.00033333,0,36.20000005,0,2.208272,0.638799998,-62.79615378,1185.5904,15,1682788443,10:14:02,1682788443,1682788432,11,0.011,-0.05,-8.55,-0.571,400,24,0.74,0.2,-1.40513925,-0.070067054,0.023380317,1,2.183008824,0.704852916,0.188415012,1,0.59649015,-0.088706364,0.009062246,1,3,3,3-Mar,100,100,-8.539,-0.5573,-5.348445254,-0.007814304,-3.18E-07,6.48E-10,-0.680025458,-0.027428369,0.001386821,-3.01E-06,5,2011,2,27,1.5,1.7,2,630.29,401.975,25.9977,30.8462,30.0009,30.7871,30.7896,21.5977,20.7161,68.7837,26,400,23.5392,100.886,102.011
31,1682788838,4516.4,20230429 10:20:38,10:20:38,h4.lupbic.2,61.93994643,1682788830,0.003698135,13.75024614,384.8421613,273.1189533,27.66556836,38.98256417,0.221993188,2.950095466,0.213112781,0.133963757,321.4455927,30.47287536,29.80246452,4.212347871,60.54140553,2.512933728,4.150768728,1.699414143,-163.0877563,-40.67923342,-3.056158095,114.6224449,0,0,1,0,53048.97585,RECT-1505-20210918-17_20_47,10288.4,812.936,2752.91,1939.974,0.704699391,-1,MPF-1112-20230429-10_30_32,10219.4,2.156008,1.8884,-0.141711502,0.5,1681.19789,13.75024614,-119.1225389,1,0.008773653,1456.800254,-,0,1.8884,-0.141711502,0.999314035,0.000329954,1.418071376,0,1,1112,300,300,300,10219.4,0.79,-0.00681705,-0.5,1999.997097,1681.19789,0.840600165,0.191200331,6,0.5,0: Broadleaf,2,1682788830,384.8421613,400.0112581,24.8080871,21.20272903,393.3336774,25.28933871,600.1719677,101.1918065,0.103134935,29.54669355,29.80246452,999.9,0,0,9998.43,0,329.4417097,1999.997097,0.979993968,0.020006032,0,2.152751613,0,3780.899355,16306.00323,46.875,48.679,47.59248387,46.56406452,46.125,1959.986129,40.01096774,0,303.8,0,2.156008,0.018869238,-104.326154,3778.7912,15,1682788816,10:20:15,1682788802,1682788816,12,-0.06,0.054,-8.61,-0.611,400,21,0.15,0.04,-14.086611,-17.37340953,2.746552848,0,2.182864706,-0.230961763,0.139025101,1,3.347510625,5.803151651,0.677026102,0,1,3,3-Jan,100,100,-8.492,-0.4827,-5.40797465,-0.007814304,-3.18E-07,6.48E-10,-0.625953083,-0.027428369,0.001386821,-3.01E-06,5,2011,2,27,0.6,0.4,2,627.163,401.602,26.0004,30.5882,29.9998,30.6232,30.6253,21.5504,29.0114,66.4155,26,400,20.7335,100.948,102.076
32,1682788876,4553.9,20230429 10:21:15,10:21:15,h4.lupbic.2,59.38277898,1682788868,0.003959472,13.76513356,384.6817097,276.7543178,28.03369872,38.96615323,0.231803459,2.951177038,0.222142582,0.139673553,321.4469799,30.52957237,29.90552258,4.237384166,59.60530685,2.491880417,4.180635163,1.745503749,-174.612724,-37.28881158,-2.803573766,106.7418705,0,0,1,0,53058.39481,RECT-1505-20210918-17_20_47,10288.4,812.936,2752.91,1939.974,0.704699391,-1,MPF-1113-20230429-10_31_10,10219.3,2.177688,1.8552,-0.173829237,0.5,1681.205448,13.76513356,-146.1213299,1,0.008782468,1482.88853,-,0,1.8552,-0.173829237,0.999326095,0.000397603,1.41808849,0,1,1113,300,300,300,10219.3,1.17,-0.00681638,-0.24,2000.006129,1681.205448,0.840600148,0.191200296,6,0.5,0: Broadleaf,2,1682788868,384.6817097,399.9649355,24.60034516,20.73955161,393.1717742,25.08895484,600.1980323,101.1910968,0.103433871,29.67115484,29.90552258,999.9,0,0,10004.64355,0,329.7360645,2000.006129,0.979996,0.020004,0,2.154622581,0,3718.472581,16306.10323,47.026,48.84654839,47.683,46.687,46.25,1959.996129,40.01,0,36.39999986,0,2.177688,0.061599999,-16.83923082,3718.168,15,1682788816,10:20:15,1682788802,1682788816,12,-0.06,0.054,-8.61,-0.611,400,21,0.15,0.04,-15.2814025,-0.211084053,0.047201735,1,2.162144118,0.065153374,0.217098342,1,3.88011825,-0.501119437,0.053707273,0,2,3,3-Feb,100,100,-8.491,-0.4876,-5.40797465,-0.007814304,-3.18E-07,6.48E-10,-0.625953083,-0.027428369,0.001386821,-3.01E-06,5,2011,2,27,1.2,1,2,628.207,401.673,26.0009,30.5653,29.9999,30.5875,30.594,21.552,28.1157,65.6562,26,400,20.8683,100.951,102.082
33,1682788914,4591.9,20230429 10:21:53,10:21:53,h4.lupbic.2,60.58134799,1682788906,0.003922203,13.87162236,384.6101071,274.7425142,27.82981031,38.95875509,0.228975135,2.949489186,0.219538258,0.138026868,321.4480082,30.6654791,30.02291786,4.266061374,59.77059588,2.516962906,4.21103867,1.749098468,-172.9691515,-35.91419046,-2.705025281,109.859641,0,0,1,0,52987.59015,RECT-1505-20210918-17_20_47,10288.4,812.936,2752.91,1939.974,0.704699391,-1,MPF-1114-20230429-10_31_48,10216.9,2.171244,2.4936,0.12927334,0.5,1681.213232,13.87162236,108.6680247,1,0.008845768,1102.990215,-,0,2.4936,0.12927334,0.999094195,-0.000397753,1.417759413,0,1,1114,300,300,300,10216.9,1.57,-0.00681624,-0.29,2000.015714,1681.213232,0.840600011,0.191200023,6,0.5,0: Broadleaf,2,1682788906,384.6101071,399.9858929,24.84805714,21.02439643,393.0997143,25.3279,600.1699643,101.1910357,0.103117429,29.79706071,30.02291786,999.9,0,0,9995.063571,0,330.2593929,2000.015714,0.979998464,0.020001536,0,2.150278571,0,3693.251429,16306.17143,47.187,49.05092857,47.82775,46.84575,46.4215,1960.014643,40.00107143,0,37.20000005,0,2.171244,-0.793907686,-12.49615374,3693.2284,15,1682788816,10:20:15,1682788802,1682788816,12,-0.06,0.054,-8.61,-0.611,400,21,0.15,0.04,-15.3753875,0.039360225,0.027236228,1,2.176494118,-0.132382925,0.216737363,1,3.8208325,0.074974334,0.020340519,1,3,3,3-Mar,100,100,-8.49,-0.479,-5.40797465,-0.007814304,-3.18E-07,6.48E-10,-0.625953083,-0.027428369,0.001386821,-3.01E-06,5,2011,2,27,1.9,1.6,2,628.38,401.721,26.0032,30.5495,29.9999,30.5613,30.5683,21.5594,26.7101,64.9077,26,400,21.1122,100.954,102.086
34,1682789254,4932.4,20230429 10:27:34,10:27:34,g1.lupbic.1,7.581689931,1682789246,0.000675815,0.278442221,399.5115667,375.8275021,38.07162665,40.47084134,0.036725614,2.951547944,0.036473622,0.02281851,321.4433887,31.03682679,30.09002333,4.282529691,60.20292028,2.468081212,4.099603808,1.814448479,-29.80343723,-120.6752866,-9.06492659,161.8997383,0,0,1,0,53128.81108,RECT-1505-20210918-17_20_47,10288.4,812.936,2752.91,1939.974,0.704699391,-1,MPF-1115-20230429-10_37_28,10229.8,2.235142308,1.5832,-0.411787713,0.5,1681.19186,0.278442221,-346.1470758,1,0.000760438,1737.826427,-,0,1.5832,-0.411787713,0.999424899,0.000803525,1.418228698,0,1,1115,300,300,300,10229.8,1.36,-0.00682256,-0.05,1999.990667,1681.19186,0.840599853,0.191199706,6,0.5,0: Broadleaf,2,1682789246,399.5115667,400.0598333,24.36388667,23.70474333,408.0814333,24.90713667,600.1876,101.1959333,0.104866733,29.33165,30.09002333,999.9,0,0,10006.27267,0,46.22185333,1999.990667,0.980004,0.0199964,0,2.229503333,0,1668.119667,16306,47.12913333,48.5683,47.875,46.50826667,46.312,1960.000667,39.99,0,339.8,0,2.235142308,0.1469094,-277.4854697,1666.145769,15,1682789222,10:27:02,1682789216,1682789222,13,0.036,-0.048,-8.574,-0.554,400,24,0.74,0.16,-0.54396135,-0.082280916,0.048396612,1,2.231475758,-0.002006423,0.154349529,1,0.686617725,-0.461330578,0.05181636,0,2,3,3-Feb,100,100,-8.57,-0.5453,-5.372051093,-0.007814304,-3.18E-07,6.48E-10,-0.673984514,-0.027428369,0.001386821,-3.01E-06,5,2011,2,27,0.6,0.5,2,626.009,404.019,26.0028,30.3147,30.0007,30.3431,30.3624,21.6008,26.5579,68.0643,26,400,23.6649,100.989,102.115
35,1682789291,4969.4,20230429 10:28:11,10:28:11,g1.lupbic.1,23.15105817,1682789283,0.000580269,0.728788958,399.079,350.7361222,35.53022404,40.42744782,0.031479726,2.950062845,0.031294292,0.019575502,321.4455504,31.04292352,30.05339032,4.273532751,60.0135567,2.457566303,4.09501859,1.815966448,-25.58985213,-117.8714557,-8.856305403,169.1279372,0,0,1,0,53089.26886,RECT-1505-20210918-17_20_47,10288.4,812.936,2752.91,1939.974,0.704699391,-1,MPF-1116-20230429-10_38_05,10229.2,2.215812,1.9084,-0.16108363,0.5,1681.202981,0.728788958,-135.4071397,1,0.001028305,1441.522532,-,0,1.9084,-0.16108363,0.99930677,0.00037904,1.418061067,0,1,1116,300,300,300,10229.2,1,-0.00682227,-0.25,2000.003871,1681.202981,0.840599863,0.191199727,6,0.5,0: Broadleaf,2,1682789283,399.079,400.0390645,24.25983226,23.69381613,407.6453548,24.80667742,600.1859355,101.1964516,0.105415484,29.31226452,30.05339032,999.9,0,0,9997.785806,0,60.51228065,2000.003871,0.980004871,0.019995529,0,2.221780645,0,1396.117742,16306.1,47.187,48.49593548,47.83232258,46.46545161,46.312,1960.012903,39.99096774,0,36.39999986,0,2.215812,-0.242715392,-468.29077,1387.9088,15,1682789222,10:27:02,1682789216,1682789222,13,0.036,-0.048,-8.574,-0.554,400,24,0.74,0.16,-0.956628175,-0.595265325,0.083899725,0,2.222411765,-0.254323526,0.194750877,1,0.584091275,-0.466387103,0.045353036,0,1,3,3-Jan,100,100,-8.566,-0.5468,-5.372051093,-0.007814304,-3.18E-07,6.48E-10,-0.673984514,-0.027428369,0.001386821,-3.01E-06,5,2011,2,27,1.3,1.1,2,626.542,403.364,25.9973,30.3515,30.0006,30.3686,30.3879,21.5913,26.8291,67.3119,26,400,23.6681,100.976,102.105
36,1682789326,5004.4,20230429 10:28:46,10:28:46,g1.lupbic.1,37.44513184,1682789318,0.000552027,1.128429865,398.7286129,327.8263514,33.20934536,40.39186037,0.030135556,2.949928535,0.029965567,0.018743672,321.4471436,30.99213943,30.00334839,4.261269247,60.20102482,2.456968873,4.081274164,1.804300375,-24.34437722,-119.1671109,-8.949259567,168.9863959,0,0,1,0,53095.61144,RECT-1505-20210918-17_20_47,10288.4,812.936,2752.91,1939.974,0.704699391,-1,MPF-1117-20230429-10_38_40,10228.8,2.180576923,1.47,-0.483385662,0.5,1681.211623,1.128429865,-406.3367965,1,0.001266009,1871.727891,-,0,1.47,-0.483385662,0.99946602,0.000875671,1.418287049,0,1,1117,300,300,300,10228.8,1.07,-0.00682198,-0.24,2000.014194,1681.211623,0.840599846,0.191199691,6,0.5,0: Broadleaf,2,1682789318,398.7286129,400.0767742,24.25399032,23.71550323,407.2923871,24.80104839,600.1679677,101.1965161,0.105118774,29.25404194,30.00334839,999.9,0,0,9997.016774,0,73.12675806,2000.014194,0.980006516,0.019993884,0,2.203693548,0,1212.334516,16306.20645,47.21545161,48.437,47.812,46.437,46.312,1960.024194,39.99,0,34.20000005,0,2.180576923,0.205059831,-152.8393162,1210.963462,15,1682789222,10:27:02,1682789216,1682789222,13,0.036,-0.048,-8.574,-0.554,400,24,0.74,0.16,-1.31429275,-0.691703752,0.077319978,0,2.192776471,-0.062426881,0.203754555,1,0.532124925,0.073972942,0.03013629,1,2,3,3-Feb,100,100,-8.563,-0.5484,-5.372051093,-0.007814304,-3.18E-07,6.48E-10,-0.673984514,-0.027428369,0.001386821,-3.01E-06,5,2011,2,27,1.8,1.7,2,626.307,402.605,25.9979,30.3831,30.0004,30.3902,30.4084,21.571,27.4139,66.9371,26,400,23.653,100.968,102.097
37,1682789668,5346.4,20230429 10:34:28,10:34:28,j1.lupbic.2,54.64786005,1682789660,0.000547669,1.635319873,398.0528387,299.9262254,30.38231148,40.32246702,0.029924683,2.951980379,0.029757173,0.018613205,321.4414804,30.83353806,29.85522581,4.225149221,59.8897833,2.421943309,4.044000788,1.803205912,-24.1522193,-120.9426055,-9.062485006,167.2841705,0,0,1,0,53182.88806,RECT-1505-20210918-17_20_47,10288.4,812.936,2752.91,1939.974,0.704699391,-1,MPF-1118-20230429-10_44_22,10245.8,2.229768,1.528,-0.459272251,0.5,1681.181816,1.635319873,-386.0600788,1,0.00156754,1800.64267,-,0,1.528,-0.459272251,0.999444951,0.000864877,1.418257152,0,1,1118,300,300,300,10245.8,1.22,-0.0068337,-0.55,1999.97871,1681.181816,0.840599856,0.191199713,6,0.5,0: Broadleaf,2,1682789660,398.0528387,399.9046129,23.90879032,23.37466129,406.5607742,24.4578871,600.5012581,101.1953226,0.103960065,29.09528387,29.85522581,999.9,0,0,10008.79032,0,218.2849677,1999.97871,0.980004323,0.019995577,0,2.219035484,0,1460.530323,16305.89677,46.625,48.312,47.375,46.07419355,45.75,1959.98871,39.99,0,341,0,2.229768,0.083169231,-184.7330769,1458.4476,15,1682789650,10:34:09,1682789645,1682789650,14,0.05,0.01,-8.522,-0.57,400,23,0.43,0.21,-1.439619973,-7.507465039,0.852652079,0,2.21002,0.245785671,0.168913374,1,0.415398316,2.190450972,0.240230389,0,1,3,3-Jan,100,100,-8.507,-0.5455,-5.321846592,-0.007814304,-3.18E-07,6.48E-10,-0.663887229,-0.027428369,0.001386821,-3.01E-06,5,2011,2,27,0.4,0.3,2,623.916,400.52,26.0041,30.2114,30.0004,30.257,30.2756,21.5642,23.5137,62.4385,26,400,23.2873,100.988,102.122
38,1682789712,5390.4,20230429 10:35:12,10:35:12,j1.lupbic.2,53.48493614,1682789704,0.00060141,1.745800431,397.9531613,301.5620002,30.54883559,40.31345358,0.032640974,2.950378284,0.032441676,0.020293852,321.4504907,30.94211814,29.98090968,4.255780282,59.91077575,2.439888555,4.072537076,1.815891728,-26.52215975,-121.5173157,-9.121673232,164.2893421,0,0,1,0,53115.19774,RECT-1505-20210918-17_20_47,10288.4,812.936,2752.91,1939.974,0.704699391,-1,MPF-1119-20230429-10_45_06,10245.5,2.23204,1.5604,-0.430428095,0.5,1681.229236,1.745800431,-361.8241489,1,0.00163321,1763.23353,-,0,1.5604,-0.430428095,0.999433182,0.000827779,1.418240451,0,1,1119,300,300,300,10245.5,0.75,-0.00683346,-0.1,2000.035161,1681.229236,0.84059984,0.191199679,6,0.5,0: Broadleaf,2,1682789704,397.9531613,399.9376774,24.08529355,23.49855161,406.4603548,24.62841935,600.1865806,101.199129,0.102877097,29.21694194,29.98090968,999.9,0,0,9999.312581,0,175.0630968,2000.035161,0.980005387,0.0199945,0,2.22196129,0,1363.434839,16306.37097,46.69106452,48.37093548,47.375,46.24796774,45.84858065,1960.044516,39.99,0,43.20000005,0,2.23204,-0.417215393,-85.32230761,1362.1876,15,1682789650,10:34:09,1682789645,1682789650,14,0.05,0.01,-8.522,-0.57,400,23,0.43,0.21,-1.99385575,0.065809644,0.039410508,1,2.204035294,-0.049313609,0.170564995,1,0.591107875,0.032155553,0.021030323,1,3,3,3-Mar,100,100,-8.507,-0.5414,-5.321846592,-0.007814304,-3.18E-07,6.48E-10,-0.663887229,-0.027428369,0.001386821,-3.01E-06,5,2011,2,27,1.1,1,2,625.763,400.362,26.0025,30.2654,30.0006,30.2778,30.2953,21.5773,22.6262,62.0667,26,400,23.4778,100.98,102.112
39,1682789753,5431.4,20230429 10:35:53,10:35:53,j1.lupbic.2,51.10758529,1682789745,0.000639244,1.756303441,397.9590323,305.2120897,30.91902393,40.31460502,0.034364829,2.951296159,0.034144069,0.021359759,321.4486881,31.02439325,30.09046774,4.282638937,59.81495605,2.449055893,4.094387181,1.833583045,-28.19065601,-124.2451104,-9.332883376,159.6800383,0,0,1,0,53125.50066,RECT-1505-20210918-17_20_47,10288.4,812.936,2752.91,1939.974,0.704699391,-1,MPF-1120-20230429-10_45_47,10245.2,2.179396154,1.638,-0.330522682,0.5,1681.219752,1.756303441,-277.840631,1,0.001639466,1679.653236,-,0,1.638,-0.330522682,0.999404993,0.000667321,1.41820045,0,1,1120,300,300,300,10245.2,1.15,-0.00683328,-0.75,2000.023871,1681.219752,0.840599843,0.191199686,6,0.5,0: Broadleaf,2,1682789745,397.9590323,399.9690645,24.17545484,23.55187097,406.4662258,24.71546774,600.1982258,101.2004839,0.102921129,29.30959355,30.09046774,999.9,0,0,10004.39226,0,151.102,2000.023871,0.980005871,0.019994,0,2.177793548,0,1330.772903,16306.28387,46.812,48.437,47.437,46.383,45.937,1960.033871,39.99,0,40.39999986,0,2.179396154,0.461145295,-24.51897439,1330.383077,15,1682789650,10:34:09,1682789645,1682789650,14,0.05,0.01,-8.522,-0.57,400,23,0.43,0.21,-2.01600725,0.205154634,0.033425111,1,2.196979412,-0.221018605,0.15887003,1,0.6394055,-0.329060105,0.037275642,0,2,3,3-Feb,100,100,-8.507,-0.5378,-5.321846592,-0.007814304,-3.18E-07,6.48E-10,-0.663887229,-0.027428369,0.001386821,-3.01E-06,5,2011,2,27,1.8,1.7,2,625.601,400.216,26.0031,30.3304,30.0007,30.312,30.328,21.5897,21.7785,61.6951,26,400,23.6291,100.972,102.101
40,1682790105,5783,20230429 10:41:44,10:41:44,j3.lupbic.2,65.51921817,1682790097,0.00065503,2.259970947,397.5185161,281.728394,28.53818261,40.26735057,0.034493253,2.949982231,0.034270747,0.021439088,321.4437456,31.43568493,30.55078065,4.397107549,60.26278028,2.527154662,4.193558031,1.869952886,-28.88684283,-131.3686312,-9.915268091,151.2730035,0,0,1,0,53014.49644,RECT-1505-20210918-17_20_47,10288.4,812.936,2752.91,1939.974,0.704699391,-1,MPF-1121-20230429-10_51_39,10228.7,2.206630769,1.5944,-0.383988189,0.5,1681.193739,2.259970947,-322.7792699,1,0.001939081,1725.611892,-,0,1.5944,-0.383988189,0.999420831,0.000754591,1.418222925,0,1,1121,300,300,300,10228.7,1.03,-0.00682224,-0.56,1999.992903,1681.193739,0.840599852,0.191199704,6,0.5,0: Broadleaf,2,1682790097,397.5185161,400.038129,24.94802258,24.30952258,406.2677419,25.49047097,600.1773548,101.1916452,0.105147161,29.72476774,30.55078065,999.9,0,0,9997.802903,0,261.3260645,1999.992903,0.980006226,0.019994174,0,2.232290323,0,1312.879032,16306.04194,47.07216129,48.883,47.812,46.84248387,46.36280645,1960.002903,39.99,0,351,0,2.206630769,-0.333661551,-106.4765813,1311.638462,15,1682790072,10:41:12,1682790062,1682790072,15,-0.244,-0.031,-8.769,-0.566,400,24,0.45,0.2,-2.51442878,-0.137880209,0.03992346,1,2.208112121,-0.015972281,0.188548665,1,0.610700976,0.537684711,0.054964701,0,2,3,3-Feb,100,100,-8.749,-0.5447,-5.565542116,-0.007814304,-3.18E-07,6.48E-10,-0.694621372,-0.027428369,0.001386821,-3.01E-06,5,2011,2,27,0.7,0.5,2,625.277,397.615,25.9991,31.0652,30.0007,30.8903,30.8812,21.6498,21.2078,61.3242,26,400,24.2261,100.844,101.986
41,1682790141,5819.5,20230429 10:42:21,10:42:21,j3.lupbic.2,71.08134055,1682790133,0.000650592,2.406679519,397.3330667,272.6272722,27.61641774,40.24878312,0.033858105,2.949936281,0.033643688,0.021046456,321.4453778,31.45194825,30.57618667,4.403502294,59.83751218,2.511502791,4.197204563,1.891999502,-28.69111811,-133.0052643,-10.04096494,149.7080305,0,0,1,0,53010.53375,RECT-1505-20210918-17_20_47,10288.4,812.936,2752.91,1939.974,0.704699391,-1,MPF-1122-20230429-10_52_15,10228.2,2.2055,1.4728,-0.497487778,0.5,1681.199967,2.406679519,-418.1882182,1,0.002026338,1868.167572,-,0,1.4728,-0.497487778,0.999465002,0.000902937,1.418285606,0,1,1122,300,300,300,10228.2,1.22,-0.00682187,-0.5,2000,1681.199967,0.840599983,0.191199967,6,0.5,0: Broadleaf,2,1682790133,397.3330667,399.9974,24.79337333,24.15911333,406.0808333,25.34137,600.1909667,101.1920667,0.105274267,29.73987,30.57618667,999.9,0,0,9997.500333,0,255.2547333,2000,0.980002133,0.019998213,0,2.18534,0,1273.584667,16306.06,47.187,49.04133333,47.875,46.88326667,46.43286667,1960.006333,39.999,0,35.79999995,0,2.2055,-0.720793168,-41.08683776,1273.426538,15,1682790072,10:41:12,1682790062,1682790072,15,-0.244,-0.031,-8.769,-0.566,400,24,0.45,0.2,-2.640397073,-0.301672474,0.059559641,1,2.216878788,-0.379002958,0.145270675,1,0.639180732,-0.082401512,0.008909048,1,3,3,3-Mar,100,100,-8.748,-0.5484,-5.565542116,-0.007814304,-3.18E-07,6.48E-10,-0.694621372,-0.027428369,0.001386821,-3.01E-06,5,2011,2,27,1.3,1.1,2,625.848,397.564,26.0003,31.1194,30.0005,30.9432,30.9359,21.6534,20.9212,60.9533,26,400,24.2517,100.837,101.981
42,1682790178,5856.5,20230429 10:42:58,10:42:58,j3.lupbic.2,78.02399736,1682790170,0.000632177,2.571751126,397.1625,261.5008698,26.48887473,40.23079434,0.032961028,2.949918387,0.032757783,0.020491771,321.4493677,31.46730807,30.56730333,4.401265421,59.83978901,2.513129456,4.199763231,1.888135965,-27.87900209,-129.9074964,-9.807246637,153.8556226,0,0,1,0,53008.13207,RECT-1505-20210918-17_20_47,10288.4,812.936,2752.91,1939.974,0.704699391,-1,MPF-1123-20230429-10_52_52,10227.8,2.219624,2.13059,-0.041788425,0.5,1681.21996,2.571751126,-35.12776695,1,0.0021245,1291.088107,-,0,2.13059,-0.041788425,0.999226059,0.000109809,1.417946534,0,1,1123,300,300,300,10227.8,1.53,-0.00682165,-0.13,2000.023667,1681.21996,0.840600033,0.191200066,6,0.5,0: Broadleaf,2,1682790170,397.1625,399.9844,24.80987,24.19358,405.9090333,25.35729667,600.1973333,101.1906333,0.104917833,29.75046,30.56730333,999.9,0,0,9997.540333,0,258.8793667,2000.023667,0.9799988,0.020001403,0,2.206346667,0,1253.017333,16306.24,47.25826667,49.2122,47.93286667,46.9496,46.5,1960.020333,40.00266667,0,36.4000001,0,2.219624,0.375169252,21.13923077,1253.3624,15,1682790072,10:41:12,1682790062,1682790072,15,-0.244,-0.031,-8.769,-0.566,400,24,0.45,0.2,-2.811409756,-0.214419303,0.03630286,1,2.198032353,0.306409866,0.190414722,1,0.617924268,-0.032466899,0.00383429,1,3,3,3-Mar,100,100,-8.746,-0.5474,-5.565542116,-0.007814304,-3.18E-07,6.48E-10,-0.694621372,-0.027428369,0.001386821,-3.01E-06,5,2011,2,27,1.9,1.8,2,625.976,397.535,25.9974,31.1657,30.0005,30.9942,30.9874,21.6552,20.9212,60.9533,26,400,24.2407,100.837,101.971
43,1682790523,6201.5,20230429 10:48:43,10:48:43,d6.lupbic.1,24.37150104,1682790515,0.00102963,1.340151748,398.3626333,347.7471162,35.24297623,40.37268511,0.054988478,2.948989605,0.054425141,0.034065846,321.4432353,31.34034141,30.50827,4.386425631,60.43739988,2.534589119,4.193742821,1.851836512,-45.40670096,-124.444115,-9.393847661,142.1985717,0,0,1,0,52985.79556,RECT-1505-20210918-17_20_47,10288.4,812.936,2752.91,1939.974,0.704699391,-1,MPF-1124-20230429-10_58_37,10233.2,2.196628,1.6676,-0.317239146,0.5,1681.18574,1.340151748,-266.6689643,1,0.001391965,1649.82154,-,0,1.6676,-0.317239146,0.999394241,0.0006521,1.418185192,0,1,1124,300,300,300,10233.2,1.35,-0.00682499,-0.33,1999.982667,1681.18574,0.840600155,0.19120031,6,0.5,0: Broadleaf,2,1682790515,398.3626333,400.1123,25.00912667,24.00562,406.9794,25.55796,600.2233667,101.1963,0.1502665,29.72553333,30.50827,999.9,0,0,9991.707667,0,413.2505333,1999.982667,0.979996667,0.0200035,0,2.184466667,0,1144.006,16305.9,47.6208,49.5809,48.437,47.3477,46.812,1959.972667,40.01,0,344.4000001,0,2.196628,-0.465569217,-86.0176923,1142.8548,15,1682790498,10:48:18,1682790497,1682790498,16,0.138,-0.009,-8.631,-0.582,400,24,0.52,0.08,-1.709629512,-0.703145854,0.105795005,0,2.213055882,-0.214619707,0.169542232,1,0.941190293,1.111781791,0.117122525,0,1,3,3-Jan,100,100,-8.617,-0.5529,-5.427385158,-0.007814304,-3.18E-07,6.48E-10,-0.7035477,-0.027428369,0.001386821,-3.01E-06,5,2011,2,27,0.4,0.4,2,627.732,396.519,25.9987,31.1676,30.0001,31.1414,31.1489,21.6013,27.4037,60.2048,26,400,23.8744,100.801,101.965
44,1682790563,6241.5,20230429 10:49:23,10:49:23,d6.lupbic.1,32.25997273,1682790555,0.000963837,1.65146212,398.0442581,334.8723357,33.93796485,40.34018519,0.051192297,2.951490108,0.050704093,0.031733533,321.4448737,31.33823519,30.48714194,4.381125064,60.15661941,2.520227028,4.189442579,1.860898036,-42.5052262,-124.0238336,-9.352387414,145.5634265,0,0,1,0,53061.11901,RECT-1505-20210918-17_20_47,10288.4,812.936,2752.91,1939.974,0.704699391,-1,MPF-1125-20230429-10_59_17,10232.9,2.164753846,1.7032,-0.27099216,0.5,1681.197019,1.65146212,-227.7956055,1,0.001577128,1615.316346,-,0,1.7032,-0.27099216,0.999381309,0.000568954,1.418166841,0,1,1125,300,300,300,10232.9,1,-0.00682454,-0.06,1999.996452,1681.197019,0.840600001,0.191200002,6,0.5,0: Broadleaf,2,1682790555,398.0442581,400.0786129,24.86755806,23.92803871,406.6585484,25.42151613,600.2233226,101.1950968,0.150882645,29.70770968,30.48714194,999.9,0,0,10006.02677,0,413.8852581,1999.996452,0.979998194,0.020002306,0,2.192864516,0,1084.997742,16306.00968,47.687,49.562,48.49187097,47.312,46.875,1959.996452,40,0,39.4000001,0,2.164753846,-0.608143591,-87.6694018,1083.929615,15,1682790498,10:48:18,1682790497,1682790498,16,0.138,-0.009,-8.631,-0.582,400,24,0.52,0.08,-1.976470244,-0.867177491,0.122301351,0,2.183288235,-0.404213096,0.212083285,1,0.931576341,0.282251017,0.03470426,0,1,3,3-Jan,100,100,-8.615,-0.5551,-5.427385158,-0.007814304,-3.18E-07,6.48E-10,-0.7035477,-0.027428369,0.001386821,-3.01E-06,5,2011,2,27,1.1,1.1,2,629.287,395.427,26.0004,31.1884,30.0005,31.1664,31.1793,21.5811,27.9634,59.4601,26,400,23.8542,100.796,101.957
45,1682790602,6280,20230429 10:50:01,10:50:01,d6.lupbic.1,34.29089523,1682790594,0.000918584,1.662623846,398.0032581,331.5651817,33.60276487,40.33599014,0.048485869,2.950125843,0.048047482,0.030068733,321.4453399,31.34145576,30.48962903,4.381748732,59.94584733,2.510072295,4.18723299,1.871676437,-40.50955192,-125.8196624,-9.491881613,145.624244,0,0,1,0,53023.30566,RECT-1505-20210918-17_20_47,10288.4,812.936,2752.91,1939.974,0.704699391,-1,MPF-1126-20230429-10_59_56,10232.6,2.192346154,1.2848,-0.706371539,0.5,1681.199216,1.662623846,-593.7756392,1,0.001583765,2141.675903,-,0,1.2848,-0.706371539,0.999533294,0.001118148,1.418382514,0,1,1126,300,300,300,10232.6,0.88,-0.00682444,-0.51,1999.999032,1681.199216,0.840600015,0.19120003,6,0.5,0: Broadleaf,2,1682790594,398.0032581,400.0307419,24.76738387,23.87187742,406.617129,25.32493871,600.2188065,101.1948387,0.151040548,29.69854516,30.48962903,999.9,0,0,9998.302903,0,413.3634839,1999.999032,0.979998484,0.020002016,0,2.199429032,0,1048.865484,16306.03871,47.75,49.562,48.54,47.31606452,46.937,1959.998065,40.00096774,0,37.79999995,0,2.192346154,-0.316745299,-37.48,1048.452692,15,1682790498,10:48:18,1682790497,1682790498,16,0.138,-0.009,-8.631,-0.582,400,24,0.52,0.08,-2.050141707,0.190667875,0.078788484,1,2.171444118,0.641733728,0.179508876,1,0.917486512,-0.37250722,0.043521962,0,2,3,3-Feb,100,100,-8.614,-0.5563,-5.427385158,-0.007814304,-3.18E-07,6.48E-10,-0.7035477,-0.027428369,0.001386821,-3.01E-06,5,2011,2,27,1.8,1.7,2,629.416,394.477,26.0003,31.2201,30.0005,31.1992,31.214,21.5657,27.3956,58.7038,26,400,23.923,100.787,101.952
46,1682790921,6599.5,20230429 10:55:21,10:55:21,e7.lupbic.2,45.63662208,1682790913,0.006314735,19.43406507,378.3540667,291.8539991,29.56479929,38.32725292,0.425843636,2.950151321,0.394405942,0.249134582,321.44763,29.98517073,29.64235667,4.173707985,62.1125209,2.606094509,4.195763545,1.567613476,-278.4798027,14.56036532,1.094020268,58.62221295,0,0,1,0,53017.82852,RECT-1505-20210918-17_20_47,10288.4,812.936,2752.91,1939.974,0.704699391,-1,MPF-1127-20230429-11_05_15,10188,2.208288462,1.6324,-0.352786365,0.5,1681.214001,19.43406507,-296.5546877,1,0.012154351,1685.41877,-,0,1.6324,-0.352786365,0.999407027,0.000709831,1.418203337,0,1,1127,300,300,300,10188,1.66,-0.00679617,-0.66,2000.017,1681.214001,0.840599855,0.19119971,6,0.5,0: Broadleaf,2,1682790913,378.3540667,400.1713,25.72651,19.57593333,386.6237333,26.18423333,600.1660333,101.1939,0.1060629,29.73390333,29.64235667,999.9,0,0,9998.540333,0,377.9064667,2000.017,0.980003867,0.019996173,0,2.206276667,0,6280.533,16306.21667,47.92873333,49.90393333,48.62913333,47.729,47.125,1960.025333,39.99066667,0,318.8,0,2.208288462,0.598047858,-123.4779488,6279.408077,15,1682790894,10:54:54,1682790889,1682790894,18,0.015,-0.004,-8.44,-0.623,400,21,0.18,0.03,-21.82754878,0.27645784,0.145681629,1,2.197929412,0.422121598,0.174335069,1,5.860176341,4.194368153,0.528527575,0,2,3,3-Feb,100,100,-8.269,-0.4745,-5.238293932,-0.007814304,-3.18E-07,6.48E-10,-0.636497481,-0.027428369,0.001386821,-3.01E-06,5,2011,2,27,0.5,0.5,2,629.562,385.527,26.0033,31.4659,30.0013,31.3871,31.3929,21.4861,38.6006,52.2684,26,400,19.0953,100.741,101.914
47,1682790956,6634,20230429 10:55:55,10:55:55,e7.lupbic.2,51.29704343,1682790949,0.006051238,19.63058585,378.0482593,282.0682707,28.57352589,38.29630215,0.382684547,2.949799202,0.357088232,0.225337046,321.444802,30.12314562,29.68683333,4.184410715,59.92877411,2.524620124,4.212701097,1.659790591,-266.8596111,18.62059619,1.400054416,74.60584149,0,0,1,0,52995.39974,RECT-1505-20210918-17_20_47,10288.4,812.936,2752.91,1939.974,0.704699391,-1,MPF-1128-20230429-11_05_50,10187,2.135284615,2.1,-0.016802198,0.5,1681.193789,19.63058585,-14.12387529,1,0.012271391,1309.909524,-,0,2.1,-0.016802198,0.999237171,4.35E-05,1.417962303,0,1,1128,300,300,300,10187,1.34,-0.00679493,-0.27,1999.992222,1681.193789,0.840600163,0.191200327,6,0.5,0: Broadleaf,2,1682790949,378.0482593,399.9603333,24.9222037,19.02343704,386.3154074,25.40954444,600.169,101.1938148,0.106220852,29.80392222,29.68683333,999.9,0,0,9996.549259,0,381.3615185,1999.992222,0.979993889,0.020006111,0,2.13387037,0,6217.857037,16305.94444,48.062,50.062,48.74066667,47.82833333,47.25,1959.981481,40.01074074,0,33.4000001,0,2.135284615,0.190823924,-40.22803421,6218.261923,15,1682790894,10:54:54,1682790889,1682790894,18,0.015,-0.004,-8.44,-0.623,400,21,0.18,0.03,-21.91363659,0.074728223,0.045327721,1,2.151908824,-0.117670314,0.169390781,1,5.969868537,-0.992865993,0.104577331,0,2,3,3-Feb,100,100,-8.267,-0.4871,-5.238293932,-0.007814304,-3.18E-07,6.48E-10,-0.636497481,-0.027428369,0.001386821,-3.01E-06,5,2011,2,27,1.1,1,2,630.45,384.707,26.0047,31.5805,30.0017,31.4735,31.483,21.4912,37.4438,49.9772,26,400,19.1781,100.716,101.89
48,1682790995,6673,20230429 10:56:34,10:56:34,e7.lupbic.2,51.44136783,1682790987,0.006095228,19.67278223,377.9476774,281.6663211,28.53420725,38.28799025,0.382431165,2.951721157,0.356882973,0.225204878,321.4458473,30.17898354,29.74490645,4.198421259,59.72128941,2.525646772,4.229055998,1.672774487,-268.7995597,20.11340868,1.512251608,74.27194784,0,0,1,0,53039.20789,RECT-1505-20210918-17_20_47,10288.4,812.936,2752.91,1939.974,0.704699391,-1,MPF-1129-20230429-11_06_29,10186.1,2.157548,1.6024,-0.346447828,0.5,1681.199487,19.67278223,-291.2239556,1,0.012296448,1716.991762,-,0,1.6024,-0.346447828,0.999417925,0.000684241,1.418218801,0,1,1129,300,300,300,10186.1,1.99,-0.00679406,-0.65,1999.999032,1681.199487,0.84060015,0.191200301,6,0.5,0: Broadleaf,2,1682790987,377.9476774,399.9168387,24.93111613,18.98982258,386.2140968,25.41814516,600.1993226,101.1986452,0.106356935,29.8713,29.74490645,999.9,0,0,10006.98871,0,377.8784839,1999.999032,0.979996,0.020004,0,2.144112903,0,6186.638065,16306.02581,48.25,50.22967742,48.86687097,47.9756129,47.393,1959.989032,40.01,0,38.4000001,0,2.157548,-0.1863,-40.59461539,6186.038,15,1682790894,10:54:54,1682790889,1682790894,18,0.015,-0.004,-8.44,-0.623,400,21,0.18,0.03,-21.98534878,0.075905226,0.052432978,1,2.141212121,0.043775205,0.15749611,1,5.960489512,-0.408713101,0.042058993,0,2,3,3-Feb,100,100,-8.266,-0.4867,-5.238293932,-0.007814304,-3.18E-07,6.48E-10,-0.636497481,-0.027428369,0.001386821,-3.01E-06,5,2011,2,27,1.8,1.7,2,630.174,383.587,26.0054,31.7361,30.0017,31.589,31.5953,21.5012,35.6999,48.0635,26,400,19.1611,100.683,101.858
49,1682791348,7026,20230429 11:02:27,11:02:27,j6.lupbic.2,60.05070629,1682791340,0.00098689,3.085424258,396.4873667,288.9901395,29.27657751,40.1667446,0.051380316,2.94905558,0.050888136,0.031848912,321.448843,31.90965267,30.87688333,4.479805934,59.66040666,2.583627931,4.330557023,1.896178003,-43.52185582,-94.19067024,-7.142641978,176.593675,0,0,1,0,52890.13223,RECT-1505-20210918-17_20_47,10288.4,812.936,2752.91,1939.974,0.704699391,-1,MPF-1130-20230429-11_12_22,10227.7,2.179084,2.14132,-0.017635851,0.5,1681.2149,3.085424258,-14.82482756,1,0.002430043,1284.613547,-,0,2.14132,-0.017635851,0.999222161,4.66E-05,1.417941003,0,1,1130,300,300,300,10227.7,1.22,-0.00682043,-0.15,2000.017333,1681.2149,0.840600165,0.19120033,6,0.5,0: Broadleaf,2,1682791340,396.4873667,399.9629667,25.50308333,24.54167,405.1111,26.05310667,600.1922667,101.2001333,0.106359567,30.28445,30.87688333,999.9,0,0,9991.703667,0,334.2874333,2000.017333,0.9799946,0.02000568,0,2.165593333,0,1848.402333,16306.18,48.7101,50.7059,49.42253333,48.8831,47.91013333,1960.006,40.01133333,0,351.8999999,0,2.179084,0.302115384,-18.69230754,1848.044,15,1682791261,11:01:00,1682791258,1682791261,19,-0.211,-0.087,-8.651,-0.601,400,24,0.63,0.11,-3.471950976,-0.070285714,0.031100062,1,2.169728571,-0.173434051,0.154914846,1,0.969545512,-0.038424732,0.031430743,1,3,3,3-Mar,100,100,-8.624,-0.5478,-5.448988156,-0.007814304,-3.18E-07,6.48E-10,-0.723598499,-0.027428369,0.001386821,-3.01E-06,5,2011,2,27,1.5,1.4,2,627.477,387.798,26.0026,32.5841,30.0015,32.396,32.3939,21.6428,16.4785,48.0439,26,400,24.56,100.487,101.684
50,1682791399,7077,20230429 11:03:18,11:03:18,j6.lupbic.2,56.6533582,1682791391,0.001058752,3.101277151,396.4790645,294.2520551,29.8073424,40.16280269,0.054741277,2.949239172,0.054183012,0.033914066,321.4477522,32.03216868,31.02585806,4.518033995,59.74345652,2.608253563,4.365756043,1.909780432,-46.69094974,-95.4160422,-7.245495948,172.0952643,0,0,1,0,52870.61371,RECT-1505-20210918-17_20_47,10288.4,812.936,2752.91,1939.974,0.704699391,-1,MPF-1131-20230429-11_13_13,10226.7,2.113326923,3.06059,0.309503422,0.5,1681.209513,3.101277151,260.1700483,1,0.00243948,898.4703636,-,0,3.06059,0.309503422,0.998888235,-0.00116964,1.417467146,0,1,1131,300,300,300,10226.7,1.35,-0.00681958,0.27,2000.010968,1681.209513,0.840600147,0.191200293,6,0.5,0: Broadleaf,2,1682791391,396.4790645,399.9989677,25.74815161,24.71699677,405.102871,26.28896774,600.1954839,101.1918065,0.106865484,30.42575484,31.02585806,999.9,0,0,9993.568065,0,333.3876129,2000.010968,0.979996613,0.0200036,0,2.126167742,0,1843.937419,16306.12581,48.94106452,50.9816129,49.60874194,49.28,48.155,1960.000968,40.01,0,50.4000001,0,2.113326923,0.979504271,11.93743585,1843.839615,15,1682791261,11:01:00,1682791258,1682791261,19,-0.211,-0.087,-8.651,-0.601,400,24,0.63,0.11,-3.512879268,-0.171339303,0.043291023,1,2.112539394,0.22725843,0.164697105,1,1.026783171,0.081888502,0.008254702,1,3,3,3-Mar,100,100,-8.623,-0.5404,-5.448988156,-0.007814304,-3.18E-07,6.48E-10,-0.723598499,-0.027428369,0.001386821,-3.01E-06,5,2011,2,27,2.4,2.3,2,627.398,387.029,26.0031,32.7799,30.0017,32.5697,32.5689,21.6431,15.8897,48.0439,26,400,24.7317,100.451,101.647
51,1682791443,7121,20230429 11:04:02,11:04:02,j6.lupbic.2,55.76829839,1682791435,0.001075859,3.073269169,396.4867419,295.5605691,29.94109212,40.16518882,0.055107817,2.950009128,0.054542239,0.03413923,321.4459425,32.13552809,31.14382258,4.548505865,59.66434343,2.620994714,4.392899616,1.927511151,-47.445385,-96.97954477,-7.37052964,169.6504831,0,0,1,0,52874.01361,RECT-1505-20210918-17_20_47,10288.4,812.936,2752.91,1939.974,0.704699391,-1,MPF-1132-20230429-11_13_57,10224.9,2.168080769,1.7684,-0.226012649,0.5,1681.202216,3.073269169,-189.9864835,1,0.002422831,1555.723592,-,0,1.7684,-0.226012649,0.999357625,0.000492723,1.418133233,0,1,1132,300,300,300,10224.9,1.26,-0.0068196,-0.42,2000.002581,1681.202216,0.840600023,0.191200047,6,0.5,0: Broadleaf,2,1682791435,396.4867419,399.9854516,25.87289355,24.82520645,405.1104516,26.40897419,600.1926452,101.1958065,0.106922161,30.53404516,31.14382258,999.9,0,0,9997.544516,0,333.7329677,2000.002581,0.979998742,0.020001458,0,2.175116129,0,1840.971935,16306.06774,49.175,51.2256129,49.80609677,49.59848387,48.385,1960.000968,40.0016129,0,43,0,2.168080769,-0.421288893,-10.75487178,1841.463846,15,1682791261,11:01:00,1682791258,1682791261,19,-0.211,-0.087,-8.651,-0.601,400,24,0.63,0.11,-3.508036098,0.098808293,0.025107829,1,2.168877143,-0.036951076,0.123080492,1,1.042238293,0.103551638,0.010487626,0,2,3,3-Feb,100,100,-8.624,-0.5353,-5.448988156,-0.007814304,-3.18E-07,6.48E-10,-0.723598499,-0.027428369,0.001386821,-3.01E-06,5,2011,2,27,3.1,3,2,627.97,386.037,26.0033,32.973,30.002,32.7426,32.7403,21.6503,15.6077,48.0439,26,400,24.8715,100.414,101.61
52,1682792019,7697.4,20230429 11:13:39,11:13:39,i1.lupbic.1,68.47174787,1682792011,0.002683044,10.38695793,388.6716129,266.938586,27.03771381,39.36782612,0.151696988,2.949525996,0.147492148,0.092550673,321.4461212,30.952618,30.2933129,4.33275748,60.73603696,2.552843172,4.203177059,1.779914308,-118.3222509,-84.07627833,-6.339939863,112.7076521,0,0,1,0,52994.07012,RECT-1505-20210918-17_20_47,10288.4,812.936,2752.91,1939.974,0.704699391,-1,MPF-1133-20230429-11_23_33,10200.8,2.200426923,2.236,0.015909247,0.5,1681.203042,10.38695793,13.37333746,1,0.006773101,1230.176208,-,0,2.236,0.015909247,0.999187769,-4.39E-05,1.417892199,0,1,1133,300,300,300,10200.8,1.73,-0.0068027,-0.03,2000.003548,1681.203042,0.84060003,0.191200059,6,0.5,0: Broadleaf,2,1682792011,388.6716129,400.0976774,25.20377097,22.5892,397.1191613,25.7580129,600.1951613,101.1785161,0.109627419,29.76458065,30.2933129,999.9,0,0,9996.509355,0,269.7856452,2000.003548,0.979997097,0.020002403,0,2.194177419,0,6765.19,16306.05806,49.12093548,50.75,49.917,48.73780645,48.19309677,1959.996129,40.00193548,0,575.3999999,0,2.200426923,0.544687185,-583.6256414,6761.488846,15,1682791995,11:13:14,1682791985,1682791995,21,0.05,0.051,-8.536,-0.639,400,23,0.28,0.05,-10.9975461,-6.792844181,1.201662379,0,2.179631429,0.412497065,0.20614742,1,2.450097561,2.731878606,0.334206544,0,1,3,3-Jan,100,100,-8.447,-0.5598,-5.334762598,-0.007814304,-3.18E-07,6.48E-10,-0.716509508,-0.027428369,0.001386821,-3.01E-06,5,2011,2,27,0.6,0.4,2,630.662,376.475,26.0017,33.2329,30.0003,33.2409,33.2529,21.5208,31.4855,45.9749,26,400,22.3505,100.39,101.589
53,1682792062,7740.4,20230429 11:14:22,11:14:22,i1.lupbic.1,76.04803728,1682792054,0.002630863,11.11481146,387.875,253.878053,25.71359365,39.28523959,0.146155139,2.951112485,0.142249692,0.089248254,321.4407862,30.99130657,30.31221,4.337452451,60.04920679,2.527735796,4.209440776,1.809716655,-116.021046,-83.01009099,-6.257563534,116.1520856,0,0,1,0,53035.24913,RECT-1505-20210918-17_20_47,10288.4,812.936,2752.91,1939.974,0.704699391,-1,MPF-1134-20230429-11_24_16,10198.4,2.15872,1.7116,-0.261229259,0.5,1681.17613,11.11481146,-219.5861974,1,0.007206152,1607.383968,-,0,1.7116,-0.261229259,0.999378258,0.000551167,1.418162511,0,1,1134,300,300,300,10198.4,1.28,-0.00679913,-0.81,1999.971667,1681.17613,0.840599973,0.191199947,6,0.5,0: Broadleaf,2,1682792054,387.875,400.0059333,24.95709667,22.39280667,396.3163333,25.52032333,600.2138667,101.1736667,0.109580733,29.79046333,30.31221,999.9,0,0,10006.00033,0,264.0105,1999.971667,0.980001333,0.019998467,0,2.193946667,0,6478.456333,16305.84667,49.13533333,50.6746,49.875,48.64153333,48.187,1959.974667,39.99766667,0,42,0,2.15872,0.649507707,-217.1107696,6477.0328,15,1682791995,11:13:14,1682791985,1682791995,21,0.05,0.051,-8.536,-0.639,400,23,0.28,0.05,-12.0920561,-0.741543554,0.082935191,0,2.193788571,-0.09379726,0.166571403,1,2.575483659,-0.126524948,0.024744146,0,1,3,3-Jan,100,100,-8.441,-0.5623,-5.334762598,-0.007814304,-3.18E-07,6.48E-10,-0.716509508,-0.027428369,0.001386821,-3.01E-06,5,2011,2,27,1.3,1.1,2,631.871,375.679,25.9996,33.2671,30.0005,33.2657,33.2809,21.5182,31.1656,44.4449,26,400,22.4636,100.383,101.586
54,1682792102,7779.9,20230429 11:15:01,11:15:01,i1.lupbic.1,76.26414432,1682792094,0.002714109,11.50869482,387.4715333,253.0481481,25.62898802,39.24353274,0.15090571,2.952533284,0.146748087,0.092081559,321.4452507,30.98651659,30.33141667,4.342228877,60.10551094,2.532608522,4.213604513,1.809620355,-119.6921984,-83.3715933,-6.282922055,112.0985369,0,0,1,0,53073.22692,RECT-1505-20210918-17_20_47,10288.4,812.936,2752.91,1939.974,0.704699391,-1,MPF-1135-20230429-11_24_56,10196.2,2.178296,2.0848,-0.044846508,0.5,1681.20166,11.50869482,-37.6980119,1,0.00744033,1319.467191,-,0,2.0848,-0.044846508,0.999242692,0.000115306,1.417970138,0,1,1135,300,300,300,10196.2,1.69,-0.00679971,-0.38,2000.002333,1681.20166,0.840599849,0.191199699,6,0.5,0: Broadleaf,2,1682792094,387.4715333,400.0271667,25.00574333,22.36049333,395.9096667,25.56719333,600.2246667,101.1712667,0.109806567,29.80765,30.33141667,999.9,0,0,10014.31333,0,261.3989,2000.002333,0.9800062,0.0199942,0,2.200316667,0,6356.502333,16306.10667,49.16633333,50.6187,49.875,48.6019,48.1912,1960.012333,39.99,0,38.39999986,0,2.178296,-0.531523081,-114.4846155,6355.8368,15,1682791995,11:13:14,1682791985,1682791995,21,0.05,0.051,-8.536,-0.639,400,23,0.28,0.05,-12.54512927,-0.383839024,0.057775289,1,2.191428571,-0.069358121,0.228409306,1,2.647200244,-0.033650383,0.01085002,1,3,3,3-Mar,100,100,-8.438,-0.5615,-5.334762598,-0.007814304,-3.18E-07,6.48E-10,-0.716509508,-0.027428369,0.001386821,-3.01E-06,5,2011,2,27,1.9,1.8,2,631.919,374.975,26.0019,33.298,30.0006,33.2914,33.3056,21.514,30.8939,42.5575,26,400,22.423,100.378,101.577
55,1682792474,8152.4,20230429 11:21:14,11:21:14,d2.lupbic.2,56.61665764,1682792466,0.001653935,4.697383257,394.6566452,291.7666811,29.54957789,39.97007894,0.082968219,2.951050974,0.081693791,0.051171491,321.4461047,32.03255428,31.40785806,4.617359338,59.9462043,2.640398398,4.404613151,1.97696094,-72.93851261,-131.6148392,-10.01465906,106.8780938,0,0,1,0,52895.38375,RECT-1505-20210918-17_20_47,10288.4,812.936,2752.91,1939.974,0.704699391,-1,MPF-1136-20230429-11_31_08,10217.8,2.169411538,2.2696,0.044143665,0.5,1681.200842,4.697383257,37.10718318,1,0.003388877,1211.949418,-,0,2.2696,0.044143665,0.999175563,-0.000123588,1.417874879,0,1,1136,300,300,300,10217.8,1.31,-0.00681458,-0.45,2000.000645,1681.200842,0.84060015,0.1912003,6,0.5,0: Broadleaf,2,1682792466,394.6566452,400.005,26.07077097,24.4604871,403.1370968,26.63540323,600.1979677,101.1709677,0.107141806,30.58059677,31.40785806,999.9,0,0,10005.91774,0,372.4841935,2000.000645,0.979996677,0.020003323,0,2.169312903,0,2485.060968,16306.04194,49.25,51.425,50,49.34654839,48.433,1959.990645,40.01,0,371.4000001,0,2.169411538,-0.711962401,-204.4649574,2485.037692,15,1682792444,11:20:43,1682792434,1682792444,22,0.014,-0.045,-8.521,-0.634,400,24,0.45,0.07,-5.366185366,0.326382439,0.054330108,1,2.180308824,-0.483018555,0.159682682,1,1.559266585,0.861736307,0.096006235,0,2,3,3-Feb,100,100,-8.481,-0.5657,-5.320982455,-0.007814304,-3.18E-07,6.48E-10,-0.761138734,-0.027428369,0.001386821,-3.01E-06,5,2011,2,27,0.7,0.5,2,629.869,372.028,26.0046,33.9852,30.0019,33.8618,33.8712,21.5813,23.7461,36.8837,26,400,24.3861,100.225,101.432
56,1682792515,8193.4,20230429 11:21:55,11:21:55,d2.lupbic.2,59.92231877,1682792507,0.001620071,4.79865933,394.5172667,286.2451678,28.99114254,39.95702845,0.080081336,2.950378642,0.078893101,0.049413478,321.4448203,32.14634485,31.51233333,4.644853309,59.57541155,2.639846509,4.431100752,2.0050068,-71.44511606,-131.5220845,-10.02022529,108.4573944,0,0,1,0,52857.81986,RECT-1505-20210918-17_20_47,10288.4,812.936,2752.91,1939.974,0.704699391,-1,MPF-1137-20230429-11_31_49,10217.1,2.231634615,2.114,-0.055645513,0.5,1681.19665,4.79865933,-46.77552538,1,0.003449126,1301.228004,-,0,2.114,-0.055645513,0.999232085,0.000145081,1.417955086,0,1,1137,300,300,300,10217.1,1.24,-0.00681262,-0.2,1999.996,1681.19665,0.840600006,0.191200012,6,0.5,0: Broadleaf,2,1682792507,394.5172667,399.9533,26.06462667,24.48729667,402.9966333,26.62948333,600.1955667,101.1738333,0.106976967,30.68546667,31.51233333,999.9,0,0,10001.81467,0,372.3273667,1999.996,0.9799982,0.0200018,0,2.24742,0,2388.715667,16306.02,49.4308,51.6187,50.125,49.62063333,48.6061,1959.995667,40.00033333,0,40.20000005,0,2.231634615,-0.410902573,-132.6533339,2388.677308,15,1682792444,11:20:43,1682792434,1682792444,22,0.014,-0.045,-8.521,-0.634,400,24,0.45,0.07,-5.42054,-0.317181742,0.05589302,1,2.262418182,-0.045216168,0.191719771,1,1.579502683,-0.075298955,0.021109311,1,3,3,3-Mar,100,100,-8.479,-0.5635,-5.320982455,-0.007814304,-3.18E-07,6.48E-10,-0.761138734,-0.027428369,0.001386821,-3.01E-06,5,2011,2,27,1.4,1.2,2,630.739,371.139,26.003,34.1649,30.0019,34.0039,34.0106,21.5941,22.8848,36.1301,26,400,24.5685,100.195,101.405
57,1682792556,8233.9,20230429 11:22:35,11:22:35,d2.lupbic.2,62.23304869,1682792548,0.001599006,4.930756513,394.4176129,282.5054534,28.61263584,39.94729089,0.079230515,2.950501459,0.078067245,0.048895121,321.4458004,32.23461912,31.59874839,4.667702123,59.93357574,2.668337587,4.452158167,1.999364536,-70.51616602,-132.073691,-10.07024131,108.7857021,0,0,1,0,52846.93029,RECT-1505-20210918-17_20_47,10288.4,812.936,2752.91,1939.974,0.704699391,-1,MPF-1138-20230429-11_32_30,10216.9,2.177104,1.4412,-0.510618929,0.5,1681.201897,4.930756513,-429.2267557,1,0.003527688,1909.151263,-,0,1.4412,-0.510618929,0.999476481,0.00090685,1.418301895,0,1,1138,300,300,300,10216.9,1.02,-0.00681232,0.01,2000.002258,1681.201897,0.840599999,0.191199999,6,0.5,0: Broadleaf,2,1682792548,394.4176129,399.9771613,26.3457,24.78934839,402.8962903,26.89964839,600.2033548,101.1745161,0.107195387,30.76844839,31.59874839,999.9,0,0,10002.44484,0,372.3882581,2000.002258,0.97999929,0.0200007,0,2.162864516,0,2341.857419,16306.06774,49.562,51.77,50.25,49.84858065,48.77,1960.002258,40,0,39.79999995,0,2.177104,-0.730207699,-134.1584613,2339.8236,15,1682792444,11:20:43,1682792434,1682792444,22,0.014,-0.045,-8.521,-0.634,400,24,0.45,0.07,-5.572841951,0.03348899,0.040018064,1,2.156739394,-0.10102924,0.183414898,1,1.544013902,0.248692474,0.032614914,0,2,3,3-Feb,100,100,-8.479,-0.5535,-5.320982455,-0.007814304,-3.18E-07,6.48E-10,-0.761138734,-0.027428369,0.001386821,-3.01E-06,5,2011,2,27,2,1.9,2,630.157,370.503,26.002,34.3327,30.0016,34.1429,34.1462,21.6058,21.4318,35.3766,26,400,24.8881,100.162,101.379
58,1682792977,8654.9,20230429 11:29:36,11:29:36,e8.lupbic.1,63.40828329,1682792969,0.002644785,8.425421781,390.5942333,276.1272001,27.96745108,39.56120624,0.132875728,2.949855553,0.129637919,0.081308032,321.452389,31.96405683,31.68856,4.691552667,60.66335718,2.700616506,4.451808525,1.990936161,-116.6350209,-146.546432,-11.18107254,47.0898635,0,0,1,0,52828.58372,RECT-1505-20210918-17_20_47,10288.4,812.936,2752.91,1939.974,0.704699391,-1,MPF-1139-20230429-11_39_31,10173.9,2.154844,1.856,-0.161015086,0.5,1681.236921,8.425421781,-135.3522539,1,0.005606242,1482.248922,-,0,1.856,-0.161015086,0.999325804,0.000368452,1.418088077,0,1,1139,300,300,300,10173.9,1.32,-0.00678442,-0.15,2000.044,1681.236921,0.840599967,0.191199934,6,0.5,0: Broadleaf,2,1682792969,390.5942333,400.0497333,26.66362667,24.09016667,398.9757333,27.24417,600.1878,101.1747667,0.109898767,30.76707333,31.68856,999.9,0,0,9998.751333,0,364.0413333,2000.044,0.9800013,0.0199984,0,2.1456,0,5610.806667,16306.41667,48.1912,50.39153333,48.8204,48.604,47.5662,1960.044,39.99866667,0,420.4000001,0,2.154844,0.167461543,-589.4100002,5602.9724,15,1682792954,11:29:13,1682792952,1682792954,23,0.067,-0.041,-8.455,-0.682,400,24,0.61,0.05,-8.733715854,-11.29638146,1.74679482,0,2.167355882,-0.357429924,0.17844687,1,2.348373561,4.103517052,0.492229951,0,1,3,3-Jan,100,100,-8.381,-0.5837,-5.25434343,-0.007814304,-3.18E-07,6.48E-10,-0.801872981,-0.027428369,0.001386821,-3.01E-06,5,2011,2,27,0.4,0.4,2,631.321,363.156,26.0015,35.2145,30.0008,35.0467,35.0392,21.6129,24.1052,33.0972,26,400,23.7529,99.9994,101.228
59,1682793014,8691.9,20230429 11:30:13,11:30:13,e8.lupbic.1,63.93078728,1682793006,0.002810214,8.908301572,389.9722,274.4282441,27.7960854,39.4992163,0.139342904,2.949480595,0.135786355,0.085178453,321.4494832,31.93448356,31.66376333,4.684957036,59.81422574,2.664785477,4.455103187,2.02017156,-123.9304488,-140.5250864,-10.72239602,46.27155194,0,0,1,0,52815.5936,RECT-1505-20210918-17_20_47,10288.4,812.936,2752.91,1939.974,0.704699391,-1,MPF-1140-20230429-11_40_08,10174,2.246188,2.25308,0.003058924,0.5,1681.22128,8.908301572,2.57136388,1,0.005893514,1220.842988,-,0,2.25308,0.003058924,0.999181564,-8.50E-06,1.417883394,0,1,1140,300,300,300,10174,1.49,-0.00678491,-0.14,2000.025333,1681.22128,0.840599992,0.191199985,6,0.5,0: Broadleaf,2,1682793006,389.9722,399.9733,26.30918667,23.57375667,398.3487667,26.90369667,600.1864,101.1772667,0.1099951,30.78002667,31.66376333,999.9,0,0,9996.375,0,364.3510333,2000.025333,0.980001,0.0199987,0,2.24895,0,5363.154667,16306.27,48.187,50.375,48.75,48.5767,47.55993333,1960.025333,40,0,36,0,2.246188,0.228407685,-246.9830774,5360.8792,15,1682792954,11:29:13,1682792952,1682792954,23,0.067,-0.041,-8.455,-0.682,400,24,0.61,0.05,-9.973288049,-0.584571847,0.080315379,0,2.250537143,0.109810568,0.154367321,1,2.770969756,-0.694443763,0.070725053,0,1,3,3-Jan,100,100,-8.376,-0.5945,-5.25434343,-0.007814304,-3.18E-07,6.48E-10,-0.801872981,-0.027428369,0.001386821,-3.01E-06,5,2011,2,27,1,1,2,631.979,362.644,26.0026,35.2954,30.0009,35.1161,35.112,21.6136,24.0789,31.9547,26,400,23.6785,99.9854,101.221
60,1682793050,8728.4,20230429 11:30:50,11:30:50,e8.lupbic.1,67.74794572,1682793042,0.002785961,9.392925571,389.4721333,267.8532397,27.12974656,39.44802118,0.138645172,2.949475114,0.135123659,0.084761231,321.4492172,31.96648444,31.67598667,4.688207294,59.97368355,2.675824288,4.461664066,2.012383006,-122.8608997,-138.3707413,-10.56001131,49.65756481,0,0,1,0,52810.9225,RECT-1505-20210918-17_20_47,10288.4,812.936,2752.91,1939.974,0.704699391,-1,MPF-1141-20230429-11_40_44,10174.8,2.199403846,2.59682,0.153039546,0.5,1681.21988,9.392925571,128.6465636,1,0.006181777,1059.108132,-,0,2.59682,0.153039546,0.9990567,-0.000490432,1.417706206,0,1,1141,300,300,300,10174.8,1.36,-0.00678617,-0.37,2000.023667,1681.21988,0.840599993,0.191199986,6,0.5,0: Broadleaf,2,1682793042,389.4721333,399.9468667,26.41853667,23.70701667,397.8449667,27.00876667,600.1859667,101.1757,0.1101631,30.80579667,31.67598667,999.9,0,0,9996.498667,0,364.0421,2000.023667,0.9800002,0.0199995,0,2.197273333,0,5258.967333,16306.24667,48.16633333,50.375,48.687,48.625,47.54133333,1960.023667,40,0,35.4000001,0,2.199403846,-0.885822223,-112.8796584,5259.170385,15,1682792954,11:29:13,1682792952,1682792954,23,0.067,-0.041,-8.455,-0.682,400,24,0.61,0.05,-10.43730732,-0.518565157,0.073341205,0,2.193955882,-0.438084888,0.219631407,1,2.727145854,-0.18920676,0.029705398,0,1,3,3-Jan,100,100,-8.372,-0.5893,-5.25434343,-0.007814304,-3.18E-07,6.48E-10,-0.801872981,-0.027428369,0.001386821,-3.01E-06,5,2011,2,27,1.6,1.6,2,631.976,362.342,26.0024,35.3769,30.0009,35.1889,35.1856,21.6291,23.2371,30.8154,26,400,23.799,99.9737,101.209
61,1682793399,9077.5,20230429 11:36:39,11:36:39,i7.lupbic.2,81.51161422,1682793391,0.000575273,2.360581015,397.3799677,255.9219346,25.9161169,40.24096534,0.028960057,2.948925962,0.028802981,0.018015904,321.4470314,32.18621118,31.26548387,4.580120008,60.13094805,2.629570662,4.373073678,1.950549346,-25.36952812,-128.8517234,-9.798508976,157.4272709,0,0,1,0,52855.74188,RECT-1505-20210918-17_20_47,10288.4,812.936,2752.91,1939.974,0.704699391,-1,MPF-1142-20230429-11_46_34,10235.2,2.187828,1.54,-0.420667532,0.5,1681.205719,2.360581015,-353.6143308,1,0.001998911,1786.603896,-,0,1.54,-0.420667532,0.999440592,0.000798412,1.418250966,0,1,1142,300,300,300,10235.2,0.98,-0.00682657,-0.1,2000.006452,1681.205719,0.840600148,0.191200296,6,0.5,0: Broadleaf,2,1682793391,397.3799677,399.9684839,25.96703871,25.40684839,405.9720968,26.5927129,600.1545484,101.1564194,0.109292581,30.45500645,31.26548387,999.9,0,0,9995.285484,0,205.4677742,2000.006452,0.979995387,0.020004239,0,2.181848387,0,1317.081613,16306.08387,46.812,48.98374194,47.504,47.19309677,46.25,1959.996452,40.01,0,347.8999999,0,2.187828,-0.418492312,-137.0061541,1315.5448,15,1682793376,11:36:15,1682793376,1682793376,24,-0.156,-0.019,-8.613,-0.651,400,25,0.43,0.14,-2.434837325,-2.567101159,0.404671351,0,2.206525714,-0.442922114,0.159566268,1,0.5278701,0.656172811,0.080853082,0,1,3,3-Jan,100,100,-8.593,-0.6248,-5.410561957,-0.007814304,-3.18E-07,6.48E-10,-0.820482822,-0.027428369,0.001386821,-3.01E-06,5,2011,2,27,0.4,0.4,2,630.85,363.568,26.0007,35.03,29.999,35.0304,35.0293,21.6778,18.6623,27.1317,26,400,25.299,100.058,101.286
62,1682793436,9114,20230429 11:37:15,11:37:15,i7.lupbic.2,75.20974823,1682793428,0.000656024,2.482881973,397.2752581,265.7037578,26.90606833,40.22944699,0.033012768,2.95077774,0.032808946,0.020523799,321.4464843,32.16551223,31.26201935,4.5792171,60.0561072,2.626467083,4.373355525,1.952750018,-28.93065607,-128.2023967,-9.742900222,154.5705313,0,0,1,0,52908.8505,RECT-1505-20210918-17_20_47,10288.4,812.936,2752.91,1939.974,0.704699391,-1,MPF-1143-20230429-11_47_10,10235.1,2.16485,2.11623,-0.022974818,0.5,1681.202992,2.482881973,-19.31266675,1,0.002071661,1299.855767,-,0,2.11623,-0.022974818,0.999231275,6.00E-05,1.417953936,0,1,1143,300,300,300,10235.1,1.1,-0.00682648,-0.11,2000.003226,1681.202992,0.84060014,0.191200281,6,0.5,0: Broadleaf,2,1682793428,397.2752581,400.0179355,25.93698065,25.29816452,405.8664516,26.56379677,600.1808387,101.1544194,0.108989774,30.45613226,31.26201935,999.9,0,0,10006.00194,0,216.1936452,2000.003226,0.979993194,0.020006394,0,2.157603226,0,1262.406129,16306.05806,46.87093548,48.875,47.437,47.143,46.25,1959.990323,40.00935484,0,35.4000001,0,2.16485,-0.084023917,-52.03282051,1262.106923,15,1682793376,11:36:15,1682793376,1682793376,24,-0.156,-0.019,-8.613,-0.651,400,25,0.43,0.14,-2.71286875,-0.684365516,0.07373176,0,2.170105714,-0.085984344,0.198649991,1,0.633820125,0.192291636,0.022110045,0,1,3,3-Jan,100,100,-8.59,-0.6279,-5.410561957,-0.007814304,-3.18E-07,6.48E-10,-0.820482822,-0.027428369,0.001386821,-3.01E-06,5,2011,2,27,1,1,2,631.653,363.409,25.997,34.9615,29.9993,34.9771,34.9816,21.6792,18.6623,26.7593,26,400,25.2706,100.071,101.299
63,1682793472,9150,20230429 11:37:51,11:37:51,i7.lupbic.2,73.24555064,1682793464,0.000699856,2.568638419,397.1576667,268.6132075,27.20035162,40.21704026,0.035068866,2.950645383,0.03483895,0.021794875,321.4472448,32.1705267,31.26731667,4.580597726,59.82329779,2.618720952,4.377426603,1.961876774,-30.86367021,-126.4536439,-9.611454691,154.518476,0,0,1,0,52902.1812,RECT-1505-20210918-17_20_47,10288.4,812.936,2752.91,1939.974,0.704699391,-1,MPF-1144-20230429-11_47_46,10235.3,2.17604,1.3928,-0.562349225,0.5,1681.20675,2.568638419,-472.7126562,1,0.002122665,1975.529294,-,0,1.3928,-0.562349225,0.999494063,0.000965124,1.418326844,0,1,1144,300,300,300,10235.3,1,-0.00682664,-0.47,2000.007667,1681.20675,0.840600153,0.191200306,6,0.5,0: Broadleaf,2,1682793464,397.1576667,400.0034333,25.86080667,25.17924667,405.7479,26.49053667,600.1739667,101.1534,0.108752633,30.47238667,31.26731667,999.9,0,0,10005.35067,0,232.8110333,2000.007667,0.979995,0.020004657,0,2.190363333,0,1239.358667,16306.08667,46.8162,48.80373333,47.375,47.0662,46.229,1959.996667,40.01033333,0,35.4000001,0,2.17604,0.131300012,-20.54230769,1239.0664,15,1682793376,11:36:15,1682793376,1682793376,24,-0.156,-0.019,-8.613,-0.651,400,25,0.43,0.14,-2.83623775,-0.142696773,0.05257322,1,2.18385,0.046850783,0.212247833,1,0.67132905,0.07182,0.023490101,1,3,3,3-Mar,100,100,-8.591,-0.6311,-5.410561957,-0.007814304,-3.18E-07,6.48E-10,-0.820482822,-0.027428369,0.001386821,-3.01E-06,5,2011,2,27,1.6,1.6,2,631.771,363.459,26.0005,34.9025,29.9996,34.9263,34.935,21.6799,18.3673,26.3829,26,400,25.3264,100.082,101.307
64,1682794429,10107,20230429 11:53:48,11:53:48,j8.esccal.2,50.96087667,1682794421,0.005141923,14.09315436,383.9122903,288.3068974,29.18934408,38.86881666,0.276548507,2.949197972,0.26290719,0.165486522,321.4432958,31.20193992,31.18015806,4.55792781,59.89223489,2.648272998,4.421730134,1.909654812,-226.7587964,-84.54340657,-6.431921497,3.709171382,0,0,1,0,52829.43593,RECT-1505-20210918-17_20_47,10288.4,812.936,2752.91,1939.974,0.704699391,-1,MPF-1145-20230429-12_03_43,10207.3,2.311534615,1.9416,-0.190530807,0.5,1681.188629,14.09315436,-160.1591133,1,0.008977669,1416.856407,-,0,1.9416,-0.190530807,0.99929471,0.000456149,1.418043953,0,1,1145,300,300,300,10207.3,1.48,-0.00680745,-0.38,1999.986452,1681.188629,0.840600009,0.191200018,6,0.5,0: Broadleaf,2,1682794421,383.9122903,399.9746129,26.15733226,21.15142903,392.3234516,26.69335484,600.1822581,101.1345161,0.109485806,30.64842903,31.18015806,999.9,0,0,9998.995161,0,278.7174194,1999.986452,0.979998484,0.020001216,0,2.323329032,0,7813.715484,16305.93871,47,49.36280645,47.62296774,47.504,46.431,1959.986129,40.00032258,0,956.1999998,0,2.311534615,0.413835906,-162.037607,7812.158462,15,1682794391,11:53:11,1682794391,1682794391,26,-0.028,-0.033,-8.53,-0.671,399,22,0.59,0.09,-16.0727525,-0.160170732,0.073632822,1,2.289405882,0.776675402,0.149985148,1,5.04456075,-1.001704053,0.099025463,0,2,3,3-Feb,100,100,-8.411,-0.5381,-5.335641286,-0.007814304,-3.18E-07,6.48E-10,-0.734871132,-0.027428369,0.001386821,-3.01E-06,5,2011,2,27,0.6,0.6,2,634.078,350.986,26.002,35.3974,30.0011,35.3076,35.3158,21.6669,25.7205,20.9864,26,400,21.319,99.9424,101.193
65,1682794467,10145,20230429 11:54:26,11:54:26,j8.esccal.2,54.70246391,1682794460,0.004907354,14.26330199,383.78772,282.1493715,28.56601245,38.85631476,0.260743319,2.950357915,0.248584389,0.156410418,321.4459516,31.3647824,31.299136,4.588898356,59.84579457,2.661783224,4.447736458,1.927115132,-216.4143128,-87.17807437,-6.637009242,11.21655516,0,0,1,0,52844.97671,RECT-1505-20210918-17_20_47,10288.4,812.936,2752.91,1939.974,0.704699391,-1,MPF-1146-20230429-12_04_21,10207,2.220544,1.6788,-0.322697165,0.5,1681.202688,14.26330199,-271.2596704,1,0.009078799,1638.808196,-,0,1.6788,-0.322697165,0.999390173,0.000667783,1.418179419,0,1,1146,300,300,300,10207,1.38,-0.00680695,-0.39,2000.0032,1681.202688,0.840599999,0.191199999,6,0.5,0: Broadleaf,2,1682794460,383.78772,399.92924,26.2907,21.513892,392.19792,26.821556,600.19196,101.13488,0.1094088,30.751052,31.299136,999.9,0,0,10005.5492,0,235.30464,2000.0032,0.98000016,0.01999954,0,2.227236,0,7712.1084,16306.076,47.1498,49.49244,47.72732,47.625,46.55456,1960.0024,40,0,37.39999986,0,2.220544,-0.142299992,-124.8992307,7713.244,15,1682794391,11:53:11,1682794391,1682794391,26,-0.028,-0.033,-8.53,-0.671,399,22,0.59,0.09,-16.154165,0.170721951,0.058446332,1,2.221258824,0.059222487,0.172553119,1,4.793902,-0.179713621,0.029864984,0,2,3,3-Feb,100,100,-8.41,-0.53,-5.335641286,-0.007814304,-3.18E-07,6.48E-10,-0.734871132,-0.027428369,0.001386821,-3.01E-06,5,2011,2,27,1.3,1.3,2,634.041,350.758,26.0056,35.5139,30.0014,35.3988,35.4091,21.6956,23.3686,19.8412,26,400,21.6686,99.9243,101.173
66,1682794504,10182,20230429 11:55:03,11:55:03,j8.esccal.2,55.87179017,1682794497,0.004818435,14.27743408,383.81092,280.3144543,28.38132014,38.86014591,0.255539227,2.949957453,0.243847605,0.153410616,321.4449293,31.46005811,31.36632,4.606467517,59.95709288,2.677769783,4.466143461,1.928697734,-212.4929841,-86.3494217,-6.579341265,16.02318227,0,0,1,0,52820.95101,RECT-1505-20210918-17_20_47,10288.4,812.936,2752.91,1939.974,0.704699391,-1,MPF-1147-20230429-12_04_58,10205.8,2.292588,2.4612,0.068508045,0.5,1681.197312,14.27743408,57.58777043,1,0.009087234,1117.523484,-,0,2.4612,0.068508045,0.999105964,-0.000208041,1.417776115,0,1,1147,300,300,300,10205.8,1.71,-0.00680645,-0.85,1999.9968,1681.197312,0.840600001,0.191200002,6,0.5,0: Broadleaf,2,1682794497,383.81092,399.93272,26.447592,21.758048,392.22148,26.972312,600.18616,101.13844,0.1097108,30.823372,31.36632,999.9,0,0,10002.9216,0,210.776,1999.9968,0.98000184,0.01999786,0,2.260168,0,7632.08,16306.036,47.30208,49.57964,47.812,47.75496,46.67708,1959.9968,40,0,36.39999986,0,2.292588,-0.923776928,-111.5069232,7633.2584,15,1682794391,11:53:11,1682794391,1682794391,26,-0.028,-0.033,-8.53,-0.671,399,22,0.59,0.09,-16.1513875,0.388026642,0.047432801,1,2.294867647,-0.20478788,0.168165639,1,4.70919225,-0.221012645,0.028814806,0,2,3,3-Feb,100,100,-8.411,-0.5235,-5.335641286,-0.007814304,-3.18E-07,6.48E-10,-0.734871132,-0.027428369,0.001386821,-3.01E-06,5,2011,2,27,1.9,1.9,2,634.181,350.336,26.0046,35.646,30.0016,35.5032,35.5146,21.7158,21.3008,18.7126,26,400,21.9083,99.9012,101.151
67,1682794810,10488,20230429 12:00:09,12:00:09,j7.esccal.1,40.95579991,1682794802,0.000454825,0.896581038,398.9526333,321.1803134,32.51853903,40.39275209,0.02189143,2.94869023,0.021801539,0.013634007,321.4487069,33.02479673,31.99503,4.773740138,59.82856312,2.739892977,4.579573425,2.033847161,-20.05779686,-116.3091854,-8.912741747,176.1689829,0,0,1,0,52708.11721,RECT-1505-20210918-17_20_47,10288.4,812.936,2752.91,1939.974,0.704699391,-1,MPF-1148-20230429-12_10_04,10257.7,2.200584615,1.4228,-0.546657728,0.5,1681.21684,0.896581038,-459.525089,1,0.0011281,1933.853809,-,0,1.4228,-0.546657728,0.999483165,0.000958437,1.418311379,0,1,1148,300,300,300,10257.7,1.01,-0.00684119,-0.45,2000.02,1681.21684,0.840600014,0.191200028,6,0.5,0: Broadleaf,2,1682794802,398.9526333,400.0303667,27.06147667,26.61908333,407.4423667,27.71331667,600.1678333,101.1364667,0.110520367,31.26338667,31.99503,999.9,0,0,9995.918667,0,301.8972333,2000.02,0.9799981,0.020002163,0,2.19217,0,1338.841,16306.2,47.5,49.937,48.13326667,47.9517,46.9412,1960.018667,40.00133333,0,305.4000001,0,2.200584615,0.150871793,-55.73675219,1338.477692,15,1682794774,11:59:33,1682794774,1682794773,27,0.039,-0.158,-8.499,-0.687,400,26,0.31,0.15,-1.0588519,-0.2017757,0.046519678,1,2.214315152,0.078390434,0.200891818,1,0.42420535,0.363885568,0.036454103,0,2,3,3-Feb,100,100,-8.489,-0.6503,-5.29671042,-0.007814304,-3.18E-07,6.48E-10,-0.892862654,-0.027428369,0.001386821,-3.01E-06,5,2011,2,27,0.6,0.6,2,631.632,353.413,26.0011,36.1648,30.0006,36.0167,36.0129,21.8261,11.7512,26.5873,26,400,26.621,99.8176,101.062
68,1682794840,10518.5,20230429 12:00:40,12:00:40,j7.esccal.1,34.28489861,1682794838,0.000465959,0.767780593,399.0553333,331.7918532,33.59298937,40.40322703,0.022394133,2.947734748,0.022300046,0.013945949,321.4340021,33.09912286,32.06688333,4.793189764,59.92876743,2.756506777,4.599638697,2.036682987,-20.54879804,-115.4779651,-8.858396685,176.5488423,0,0,1,0,52667.3674,RECT-1505-20210918-17_20_47,10288.4,812.936,2752.91,1939.974,0.704699391,-1,MPF-1149-20230429-12_10_34,10257.2,2.266553846,1.6068,-0.410601099,0.5,1681.1398,0.767780593,-345.1389249,1,0.001051537,1712.287279,-,0,1.6068,-0.410601099,0.999416327,0.000813177,1.418216533,0,1,1149,300,300,300,10257.2,1.18,-0.00684091,-0.47,1999.928333,1681.1398,0.840600022,0.191200043,6,0.5,0: Broadleaf,2,1682794838,399.0553333,400.0088333,27.22551667,26.77235,407.5458333,27.87065,600.141,101.1361667,0.111013,31.34023333,32.06688333,999.9,0,0,9990.523333,0,302.9355,1999.928333,0.9799985,0.02000175,0,2.266116667,0,1313.705,16305.46667,47.625,50,48.187,47.937,47,1959.928333,40,0,29.69999981,0,2.266553846,-0.237736752,-29.87452989,1316.331154,15,1682794774,11:59:33,1682794774,1682794773,27,0.039,-0.158,-8.499,-0.687,400,26,0.31,0.15,-0.984647175,0.142843936,0.036636663,1,2.227911765,0.307047337,0.227584714,1,0.4658034,-0.183508053,0.02147764,0,2,3,3-Feb,100,100,-8.491,-0.6449,-5.29671042,-0.007814304,-3.18E-07,6.48E-10,-0.892862654,-0.027428369,0.001386821,-3.01E-06,5,2011,2,27,1.1,1.1,2,632.159,353.238,26.002,36.2047,30.0006,36.0528,36.0497,21.8259,11.4508,26.5873,26,400,26.8122,99.8092,101.056
69,1682794859,10537.5,20230429 12:00:59,12:00:59,j7.esccal.1,34.08645943,1682794852,0.000493677,0.798861219,398.9781154,331.8710529,33.60121907,40.39566254,0.023436321,2.948804911,0.023333331,0.014592548,321.4509759,33.1353871,32.18641538,4.825698159,59.93788533,2.763825868,4.611150114,2.061872291,-21.77116414,-127.5348036,-9.787610883,162.3573973,0,0,1,0,52690.50451,RECT-1505-20210918-17_20_47,10288.4,812.936,2752.91,1939.974,0.704699391,-1,MPF-1150-20230429-12_10_54,10256.6,2.208612,1.6152,-0.367392273,0.5,1681.229954,0.798861219,-308.8354474,1,0.001069967,1703.377167,-,0,1.6152,-0.367392273,0.999413275,0.000731415,1.418212203,0,1,1150,300,300,300,10256.6,1.1,-0.0068404,-0.32,2000.035769,1681.229954,0.840599943,0.191199886,6,0.5,0: Broadleaf,2,1682794852,398.9781154,399.9736538,27.29763462,26.81757308,407.4678846,27.9398,600.1742692,101.1370769,0.110738385,31.38418846,32.18641538,999.9,0,0,9996.509615,0,302.9783846,2000.035769,0.980002308,0.019997881,0,2.187246154,0,1305.396923,16306.36154,47.72092308,50.03338462,48.23546154,47.98061538,47.05723077,1960.038846,39.99692308,0,18.19999981,0,2.208612,-0.02683077,-15.36153849,1305.5,15,1682794774,11:59:33,1682794774,1682794773,27,0.039,-0.158,-8.499,-0.687,400,26,0.31,0.15,-0.999309175,0.029046293,0.052621239,1,2.108255882,0.767103557,0.336689691,1,0.47270155,0.088360525,0.01081579,1,3,3,3-Mar,100,100,-8.49,-0.6413,-5.29671042,-0.007814304,-3.18E-07,6.48E-10,-0.892862654,-0.027428369,0.001386821,-3.01E-06,5,2011,2,27,1.4,1.4,2,632.186,353.158,26.001,36.231,30.0007,36.078,36.0763,21.8305,11.4508,26.5873,26,400,26.7919,99.8065,101.053
70,1682795191,10868.9,20230429 12:06:30,12:06:30,h8.esccal.2,39.83845722,1682795183,0.00480471,10.31409023,387.8434839,310.6469321,31.45001875,39.26542831,0.258897833,2.949270254,0.246901955,0.155345178,321.4448964,31.26756542,31.28095161,4.584153038,60.79103221,2.684742163,4.416345743,1.899410875,-211.8877005,-103.9605336,-7.912056393,-2.315394131,0,0,1,0,52835.06661,RECT-1505-20210918-17_20_47,10288.4,812.936,2752.91,1939.974,0.704699391,-1,MPF-1151-20230429-12_16_25,10222,2.222569231,2.2932,0.030800091,0.5,1681.19971,10.31409023,25.89055223,1,0.006729772,1199.466597,-,0,2.2932,0.030800091,0.999166991,-8.71E-05,1.417862714,0,1,1151,300,300,300,10222,0.95,-0.00681739,-0.25,2000,1681.19971,0.840599855,0.19119971,6,0.5,0: Broadleaf,2,1682795183,387.8434839,400.017129,26.5184871,21.84269677,396.1534194,27.05683871,600.1932258,101.1270968,0.11330029,30.62711613,31.28095161,999.9,0,0,10000.13935,0,391.7536452,2000,0.980003097,0.0199971,0,2.236129032,0,6711.284194,16306.08065,47.256,49.625,47.877,47.72154839,46.687,1960.009677,39.99032258,0,330.7,0,2.222569231,-0.361613684,-221.614701,6708.717308,15,1682795163,12:06:03,1682795161,1682795163,28,0.092,0.141,-8.405,-0.703,400,22,0.42,0.03,-12.1595825,-0.365336961,0.087447767,1,2.222472727,-0.135281416,0.171411478,1,4.57601725,1.762369869,0.194629473,0,2,3,3-Feb,100,100,-8.31,-0.5445,-5.204640193,-0.007814304,-3.18E-07,6.48E-10,-0.751968184,-0.027428369,0.001386821,-3.01E-06,5,2011,2,27,0.5,0.5,2,634.076,344.629,25.9976,36.242,30.0007,36.179,36.1821,21.7106,29.1682,23.0846,26,400,21.622,99.7854,101.04
71,1682795231,10908.9,20230429 12:07:10,12:07:10,h8.esccal.2,41.77191466,1682795223,0.004702495,10.34310867,387.8020345,307.3232828,31.11396428,39.26177848,0.247609159,2.948299278,0.236609257,0.148828358,321.4414855,31.28316868,31.26086207,4.578915528,59.7814395,2.638504608,4.413584936,1.940410919,-207.380047,-102.4714933,-7.800104685,3.789840523,0,0,1,0,52809.04247,RECT-1505-20210918-17_20_47,10288.4,812.936,2752.91,1939.974,0.704699391,-1,MPF-1152-20230429-12_17_05,10221.7,2.267573077,1.9228,-0.17930782,0.5,1681.181752,10.34310867,-150.7245177,1,0.006747104,1430.719368,-,0,1.9228,-0.17930782,0.999301539,0.000425114,1.418053644,0,1,1152,300,300,300,10221.7,1.76,-0.00681732,-0.55,1999.978621,1681.181752,0.840599862,0.191199723,6,0.5,0: Broadleaf,2,1682795223,387.8020345,399.9646207,26.06141379,21.48303793,396.1116207,26.61758621,600.2052069,101.1281034,0.113702897,30.61617931,31.26086207,999.9,0,0,9994.525172,0,375.236,1999.978621,0.98000331,0.019996879,0,2.257696552,0,6594.055517,16305.91379,47.27351724,49.625,47.875,47.687,46.6527931,1959.988276,39.99034483,0,39.39999986,0,2.267573077,-0.449630762,-113.1442736,6593.656538,15,1682795163,12:06:03,1682795161,1682795163,28,0.092,0.141,-8.405,-0.703,400,22,0.42,0.03,-12.173045,0.09332758,0.053631642,1,2.241051515,0.329420181,0.169356757,1,4.61724275,-0.71225122,0.069719284,0,2,3,3-Feb,100,100,-8.31,-0.5556,-5.204640193,-0.007814304,-3.18E-07,6.48E-10,-0.751968184,-0.027428369,0.001386821,-3.01E-06,5,2011,2,27,1.2,1.1,2,634.938,344.229,26.001,36.2962,30.0006,36.2248,36.2321,21.7184,26.6807,21.1875,26,400,21.7797,99.7708,101.032
72,1682795273,10951.4,20230429 12:07:53,12:07:53,h8.esccal.2,42.75932468,1682795265,0.004584505,10.37218079,387.8089355,305.8300409,30.96279536,39.26248931,0.242571202,2.950539523,0.232011744,0.145917758,321.4479702,31.29264015,31.24364516,4.574431086,60.00444076,2.64524249,4.408411205,1.929188595,-202.1766769,-103.0734355,-7.838507631,8.35935014,0,0,1,0,52877.11059,RECT-1505-20210918-17_20_47,10288.4,812.936,2752.91,1939.974,0.704699391,-1,MPF-1153-20230429-12_17_47,10221.6,2.252311538,1.7492,-0.287623793,0.5,1681.215716,10.37218079,-241.7788204,1,0.00676426,1572.810885,-,0,1.7492,-0.287623793,0.9993646,0.000620217,1.41814313,0,1,1153,300,300,300,10221.6,1.2,-0.00681717,-0.16,2000.019032,1681.215716,0.840599859,0.191199718,6,0.5,0: Broadleaf,2,1682795265,387.8089355,399.9546774,26.12795806,21.66483548,396.1187742,26.68155806,600.2149355,101.1282258,0.113611903,30.59566774,31.24364516,999.9,0,0,10007.23968,0,379.2390645,2000.019032,0.980003387,0.0199968,0,2.2679,0,6521.625161,16306.22258,47.25,49.625,47.875,47.625,46.625,1960.028065,39.99096774,0,41.79999995,0,2.252311538,-0.279996579,-66.06871794,6520.784231,15,1682795163,12:06:03,1682795161,1682795163,28,0.092,0.141,-8.405,-0.703,400,22,0.42,0.03,-12.1560375,0.279155347,0.037433332,1,2.230515152,0.172671765,0.185105078,1,4.47812,-0.252057411,0.034564378,0,2,3,3-Feb,100,100,-8.31,-0.5537,-5.204640193,-0.007814304,-3.18E-07,6.48E-10,-0.751968184,-0.027428369,0.001386821,-3.01E-06,5,2011,2,27,1.9,1.8,2,634.918,344.199,25.9999,36.3473,30.0003,36.271,36.2769,21.7283,25.2673,19.6773,26,400,21.8034,99.7621,101.025
73,1682795512,11190.4,20230429 12:11:52,12:11:52,h6.esccal.2,31.19982932,1682795504,0.004806019,8.028628922,389.9982581,326.8575639,33.09164539,39.4841224,0.257329258,2.94706718,0.245466299,0.154436696,321.4483798,31.42410059,31.27106452,4.581574738,59.92671216,2.67034076,4.456010791,1.911233978,-211.9454279,-77.45050162,-5.903146457,26.14930379,0,0,1,0,52744.54851,RECT-1505-20210918-17_20_47,10288.4,812.936,2752.91,1939.974,0.704699391,-1,MPF-1154-20230429-12_21_46,10227.2,2.24036,1.5964,-0.403382611,0.5,1681.213257,8.028628922,-339.0860965,1,0.005370306,1723.44876,-,0,1.5964,-0.403382611,0.999420105,0.0007937,1.418221894,0,1,1154,300,300,300,10227.2,1.37,-0.00682115,-0.91,2000.015484,1681.213257,0.84060012,0.191200241,6,0.5,0: Broadleaf,2,1682795504,389.9982581,399.8973871,26.37587419,21.69843226,398.3095806,26.90329355,600.2326774,101.1302581,0.111533613,30.78359355,31.27106452,999.9,0,0,9987.317742,0,443.5350323,2000.015484,0.979996935,0.020003306,0,2.261012903,0,2626.972581,16306.15806,47.25,49.639,47.879,47.72967742,46.671,1960.009355,40.0083871,0,237.8999999,0,2.24036,-0.057761545,-81.06692318,2626.0816,15,1682795492,12:11:31,1682795482,1682795492,29,0.015,0.017,-8.388,-0.701,400,21,0.2,0.04,-8.28953396,-25.02525134,3.235112531,0,2.239357143,-0.161280029,0.224706909,1,3.940167535,12.55989587,1.514352392,0,1,3,3-Jan,100,100,-8.312,-0.5265,-5.189346909,-0.007814304,-3.18E-07,6.48E-10,-0.734787967,-0.027428369,0.001386821,-3.01E-06,5,2011,2,27,0.5,0.3,2,634.823,344.397,26.0011,36.4879,30.0003,36.4227,36.4217,21.7641,23.4864,16.5021,26,400,21.4896,99.7371,101.001
74,1682795551,11228.9,20230429 12:12:30,12:12:30,h6.esccal.2,30.68330122,1682795543,0.004945573,8.109463326,389.9362581,327.5615409,33.16277731,39.47767878,0.264295659,2.951162361,0.251814922,0.158456547,321.4443542,31.45417432,31.33362258,4.597909573,59.93734981,2.681036254,4.473064395,1.916873319,-218.0997811,-76.86679669,-5.854265331,20.62351115,0,0,1,0,52850.7154,RECT-1505-20210918-17_20_47,10288.4,812.936,2752.91,1939.974,0.704699391,-1,MPF-1155-20230429-12_22_25,10226.4,2.227673077,1.8192,-0.224534453,0.5,1681.191629,8.109463326,-188.7427214,1,0.005418456,1512.253078,-,0,1.8192,-0.224534453,0.999339172,0.000503593,1.418107047,0,1,1155,300,300,300,10226.4,1.17,-0.00682036,-0.28,1999.989677,1681.191629,0.840600153,0.191200306,6,0.5,0: Broadleaf,2,1682795543,389.9362581,399.9710323,26.48162903,21.66853226,398.2471935,27.00494194,600.1881935,101.1295484,0.111815968,30.85049677,31.33362258,999.9,0,0,10010.64903,0,442.9184194,1999.989677,0.979994,0.0200063,0,2.227932258,0,2580.406774,16305.92258,47.37093548,49.687,47.933,47.75,46.73577419,1959.979677,40.01,0,37.79999995,0,2.227673077,0.213494019,-20.954188,2580.200385,15,1682795492,12:11:31,1682795482,1682795492,29,0.015,0.017,-8.388,-0.701,400,21,0.2,0.04,-10.0295255,-0.371364203,0.071570901,1,2.236515152,0.022209041,0.1686268,1,4.80761875,0.118743827,0.02033693,0,2,3,3-Feb,100,100,-8.311,-0.5221,-5.189346909,-0.007814304,-3.18E-07,6.48E-10,-0.734787967,-0.027428369,0.001386821,-3.01E-06,5,2011,2,27,1.1,1,2,636.219,344.98,26.0025,36.515,30.0004,36.4445,36.4487,21.7755,21.6457,15.3725,26,400,21.7792,99.7336,100.996
75,1682795593,11270.9,20230429 12:13:12,12:13:12,h6.esccal.2,30.54277708,1682795585,0.00503475,8.177597805,389.8256452,327.5970863,33.16654904,39.46668612,0.267742445,2.949642518,0.254936266,0.160434696,321.4449234,31.50100342,31.40296452,4.616075021,59.87226995,2.688775327,4.490852491,1.927299695,-222.0324823,-76.79438026,-5.855773652,16.76228722,0,0,1,0,52794.91126,RECT-1505-20210918-17_20_47,10288.4,812.936,2752.91,1939.974,0.704699391,-1,MPF-1156-20230429-12_23_07,10225.9,2.182276,1.46168,-0.492991626,0.5,1681.194368,8.177597805,-414.4073725,1,0.005458975,1882.387609,-,0,1.46168,-0.492991626,0.999469042,0.000888008,1.418291338,0,1,1156,300,300,300,10225.9,0.74,-0.00682026,-0.16,1999.992903,1681.194368,0.840600167,0.191200333,6,0.5,0: Broadleaf,2,1682795585,389.8256452,399.9629032,26.55793226,21.65835161,398.1357097,27.07823871,600.1784194,101.1300323,0.111860387,30.92004516,31.40296452,999.9,0,0,10001.96387,0,440.9524194,1999.992903,0.979995065,0.0200052,0,2.181377419,0,2576.355484,16305.96452,47.44106452,49.786,48,47.81606452,46.812,1959.981935,40.01096774,0,41,0,2.182276,-1.180292306,16.12461546,2576.5588,15,1682795492,12:11:31,1682795482,1682795492,29,0.015,0.017,-8.388,-0.701,400,21,0.2,0.04,-10.11402075,-0.219952908,0.073518525,1,2.19246,-0.389340668,0.173981633,1,4.89242475,0.001983152,0.023935437,1,3,3,3-Mar,100,100,-8.31,-0.5202,-5.189346909,-0.007814304,-3.18E-07,6.48E-10,-0.734787967,-0.027428369,0.001386821,-3.01E-06,5,2011,2,27,1.9,1.7,2,636.337,344.896,26.0026,36.5508,30.0006,36.4773,36.4829,21.7866,20.5109,14.2472,26,400,21.7497,99.7267,100.992
76,1682795930,11607.9,20230429 12:18:49,12:18:49,i3.esccal.1,32.79822183,1682795922,0.002263019,4.024011679,395.1379667,330.7015959,33.47819832,40.00134072,0.122689934,2.948686552,0.119922862,0.075195201,321.4451003,31.73466301,30.90940667,4.488127543,60.5427336,2.645086153,4.368957257,1.84304139,-99.79911676,-74.85083117,-5.682013201,141.1131392,0,0,1,0,52850.9817,RECT-1505-20210918-17_20_47,10288.4,812.936,2752.91,1939.974,0.704699391,-1,MPF-1157-20230429-12_28_44,10242.4,2.268056,1.632,-0.389740196,0.5,1681.19529,4.024011679,-327.614691,1,0.002988357,1685.832108,-,0,1.632,-0.389740196,0.999407173,0.000783992,1.418203543,0,1,1157,300,300,300,10242.4,1.02,-0.00683124,-0.69,1999.994,1681.19529,0.840600167,0.191200334,6,0.5,0: Broadleaf,2,1682795922,395.1379667,400.0546,26.12847333,23.92529333,403.4427333,26.74505333,600.1931667,101.1221667,0.1116911,30.43855667,30.90940667,999.9,0,0,9997.311333,0,247.1974667,1999.994,0.979993,0.0200068,0,2.260643333,0,6844.532667,16305.96,46.812,48.9412,47.4874,47.0998,46.25,1959.983,40.011,0,336,0,2.268056,-0.072492307,-404.9769222,6841.6456,15,1682795893,12:18:12,1682795881,1682795893,30,0.046,-0.083,-8.343,-0.7,400,24,0.44,0.03,-4.92660475,0.248258499,0.048592632,1,2.2686,-0.073547554,0.183753457,1,2.173666,0.421118049,0.060887881,0,2,3,3-Feb,100,100,-8.304,-0.6207,-5.14295252,-0.007814304,-3.18E-07,6.48E-10,-0.817509896,-0.027428369,0.001386821,-3.01E-06,5,2011,2,27,0.8,0.6,2,633.592,349.78,25.9977,36.1585,29.9995,36.2341,36.2454,21.8316,18.4093,22.5055,26,400,23.8919,99.7938,101.051
77,1682795967,11644.9,20230429 12:19:26,12:19:26,i3.esccal.1,36.04417791,1682795959,0.002160079,4.19687063,394.9420323,325.2998028,32.93099864,39.98107412,0.116436853,2.948433589,0.113941349,0.0714331,321.4464687,31.69381525,30.82968065,4.46775229,60.10325162,2.615743956,4.352083932,1.852008334,-95.25948969,-72.91206949,-5.531287918,147.7436216,0,0,1,0,52855.44152,RECT-1505-20210918-17_20_47,10288.4,812.936,2752.91,1939.974,0.704699391,-1,MPF-1158-20230429-12_29_21,10243.8,2.25064,1.6804,-0.339347774,0.5,1681.202497,4.19687063,-285.2561628,1,0.003091163,1637.246846,-,0,1.6804,-0.339347774,0.999389591,0.00070291,1.418178594,0,1,1158,300,300,300,10243.8,1.39,-0.00683036,-0.97,2000.002581,1681.202497,0.840600164,0.191200328,6,0.5,0: Broadleaf,2,1682795959,394.9420323,399.9902581,25.83890645,23.73537097,403.2451935,26.46662581,600.2080968,101.121,0.111765452,30.3709871,30.82968065,999.9,0,0,9995.99,0,222.2492581,2000.002581,0.979992774,0.020007026,0,2.264503226,0,6645.585806,16306.04194,46.758,48.812,47.375,46.99390323,46.165,1959.990968,40.01096774,0,36,0,2.25064,0.290838455,-210.6207694,6642.8064,15,1682795893,12:18:12,1682795881,1682795893,30,0.046,-0.083,-8.343,-0.7,400,24,0.44,0.03,-5.041853,-0.339527955,0.053363573,1,2.246877143,0.2145182,0.239937847,1,2.12370475,-0.479821126,0.047115818,0,2,3,3-Feb,100,100,-8.304,-0.6285,-5.14295252,-0.007814304,-3.18E-07,6.48E-10,-0.817509896,-0.027428369,0.001386821,-3.01E-06,5,2011,2,27,1.4,1.2,2,633.613,349.819,25.9976,36.1107,29.9996,36.192,36.2054,21.8319,17.8111,21.756,26,400,23.8486,99.802,101.056
78,1682796007,11684.9,20230429 12:20:06,12:20:06,i3.esccal.1,37.50824882,1682796000,0.002101347,4.286177975,394.9082963,323.0350159,32.70171237,39.97763983,0.114272943,2.950482274,0.111869932,0.0701304,321.44876,31.62375979,30.74261111,4.445592382,60.26954389,2.610321979,4.331079697,1.835270404,-92.66938973,-72.54311558,-5.494818298,150.7414364,0,0,1,0,52929.19543,RECT-1505-20210918-17_20_47,10288.4,812.936,2752.91,1939.974,0.704699391,-1,MPF-1159-20230429-12_30_01,10241.4,2.209519231,1.8216,-0.212955221,0.5,1681.214912,4.286177975,-179.0117466,1,0.003144261,1510.259332,-,0,1.8216,-0.212955221,0.9993383,0.000478255,1.41810581,0,1,1159,300,300,300,10241.4,1.41,-0.00682906,-0.51,2000.017407,1681.214912,0.840600139,0.191200279,6,0.5,0: Broadleaf,2,1682796000,394.9082963,400.0224074,25.78535926,23.73895926,403.2112222,26.41512222,600.2236296,101.1208889,0.111828185,30.28655556,30.74261111,999.9,0,0,10007.64037,0,183.1682963,2000.017407,0.979995556,0.020004244,0,2.19762963,0,6528.532963,16306.17037,46.66174074,48.69633333,47.28214815,46.87266667,46.06666667,1960.007037,40.00962963,0,39,0,2.209519231,0.122970947,-130.4444443,6529.27,15,1682795893,12:18:12,1682795881,1682795893,30,0.046,-0.083,-8.343,-0.7,400,24,0.44,0.03,-5.11354975,-0.080047767,0.022225106,1,2.227691429,0.136675538,0.182529104,1,2.039379,0.080291482,0.017260016,1,3,3,3-Mar,100,100,-8.303,-0.6311,-5.14295252,-0.007814304,-3.18E-07,6.48E-10,-0.817509896,-0.027428369,0.001386821,-3.01E-06,5,2011,2,27,2.1,1.9,2,633.899,349.956,25.9978,36.0624,29.9997,36.1519,36.1687,21.8307,17.2441,21.3763,26,400,23.7957,99.8119,101.066
79,1682796304,11981.9,20230429 12:25:03,12:25:03,i2.esccal.2,46.73554635,1682796296,0.002880131,7.149565698,391.7718065,304.4091777,30.81496685,39.65857837,0.152979183,2.948619796,0.148702765,0.09331349,321.4445694,31.44154338,30.98527419,4.507591808,60.33735761,2.615940831,4.335524349,1.891650977,-127.0137607,-108.2276358,-8.213513261,77.98965957,0,0,1,0,52872.33863,RECT-1505-20210918-17_20_47,10288.4,812.936,2752.91,1939.974,0.704699391,-1,MPF-1160-20230429-12_34_58,10229,2.264888,3.02559,0.251422698,0.5,1681.198074,7.149565698,211.3456776,1,0.004847475,908.8754293,-,0,3.02559,0.251422698,0.998900948,-0.000939242,1.417485188,0,1,1160,300,300,300,10229,1.16,-0.00682193,-0.05,1999.998065,1681.198074,0.840599851,0.191199701,6,0.5,0: Broadleaf,2,1682796296,391.7718065,400.0469677,25.84187097,23.03710323,400.122129,26.41867419,600.2,101.1180645,0.110706194,30.30445161,30.98527419,999.9,0,0,9997.337742,0,262.4136774,1999.998065,0.980006226,0.019994174,0,2.268793548,0,4365.262581,16306.06774,46.25,48.312,46.81809677,46.643,45.683,1960.008065,39.99,0,296.3999999,0,2.264888,-0.207415405,-71.46692348,4364.046,15,1682796275,12:24:35,1682796259,1682796275,31,-0.071,0.053,-8.414,-0.686,400,23,0.24,0.04,-8.24801475,-0.294223902,0.066015711,1,2.247639394,-0.023720612,0.178601987,1,2.72457225,1.550064203,0.155639397,0,2,3,3-Feb,100,100,-8.35,-0.5791,-5.214194407,-0.007814304,-3.18E-07,6.48E-10,-0.764694143,-0.027428369,0.001386821,-3.01E-06,5,2011,2,27,0.8,0.5,2,633.983,350.942,25.9991,35.7657,29.9993,35.853,35.8641,21.836,17.9814,19.4957,26,400,22.8447,99.8644,101.127
80,1682796345,12023.4,20230429 12:25:45,12:25:45,i2.esccal.2,48.11175902,1682796337,0.002866567,7.221309807,391.6305484,301.9380334,30.56429643,39.64360514,0.150094487,2.948216196,0.145974943,0.091595046,321.446975,31.52619467,31.07404194,4.530459007,59.98479831,2.612761267,4.355705681,1.91769774,-126.4155848,-109.4382306,-8.313494424,77.27966516,0,0,1,0,52846.56131,RECT-1505-20210918-17_20_47,10288.4,812.936,2752.91,1939.974,0.704699391,-1,MPF-1161-20230429-12_35_39,10227.5,2.19558,1.7888,-0.227403846,0.5,1681.207394,7.221309807,-191.1565137,1,0.004890122,1537.970259,-,0,1.7888,-0.227403846,0.999350215,0.000501487,1.418122717,0,1,1161,300,300,300,10227.5,0.99,-0.00682085,-0.55,2000.00871,1681.207394,0.840600036,0.191200072,6,0.5,0: Broadleaf,2,1682796337,391.6305484,399.9716774,25.8109,23.01926452,399.9797097,26.38886452,600.2025484,101.1168387,0.110211387,30.38550968,31.07404194,999.9,0,0,9995.166774,0,243.0961935,2000.00871,0.980000419,0.019999874,0,2.188696774,0,4315.00129,16306.13548,46.375,48.405,46.879,46.74593548,45.772,1960.006129,40.00258065,0,40.79999995,0,2.19558,0.405600011,-29.24307689,4315.094,15,1682796275,12:24:35,1682796259,1682796275,31,-0.071,0.053,-8.414,-0.686,400,23,0.24,0.04,-8.339743,-0.019515422,0.037293144,1,2.186245455,0.124014874,0.176698145,1,2.7847035,0.223628218,0.030555339,0,2,3,3-Feb,100,100,-8.349,-0.5773,-5.214194407,-0.007814304,-3.18E-07,6.48E-10,-0.764694143,-0.027428369,0.001386821,-3.01E-06,5,2011,2,27,1.4,1.2,2,634.546,351.805,26.0038,35.708,29.9994,35.7888,35.8025,21.8439,16.2287,19.1215,26,400,23.1107,99.8821,101.148
81,1682796387,12064.9,20230429 12:26:26,12:26:26,i2.esccal.2,47.54549419,1682796379,0.002947677,7.293241182,391.55,302.6629233,30.6373637,39.63504888,0.153395002,2.949099872,0.149096335,0.093561394,321.444556,31.58745785,31.14906452,4.549864073,59.85507896,2.619466912,4.376348604,1.930397161,-129.9925384,-108.2703878,-8.228715453,74.95291438,0,0,1,0,52857.60784,RECT-1505-20210918-17_20_47,10288.4,812.936,2752.91,1939.974,0.704699391,-1,MPF-1162-20230429-12_36_21,10227.8,2.269838462,3.28783,0.309624141,0.5,1681.194415,7.293241182,260.269188,1,0.004932946,836.3030236,-,0,3.28783,0.309624141,0.998805689,-0.001257326,1.417350011,0,1,1162,300,300,300,10227.8,1.02,-0.0068213,-0.19,1999.993226,1681.194415,0.840600055,0.191200109,6,0.5,0: Broadleaf,2,1682796379,391.55,399.9944194,25.87740645,23.00702258,399.8986129,26.45286129,600.2120645,101.115871,0.110150935,30.46808387,31.14906452,999.9,0,0,10000.28161,0,241.6117419,1999.993226,0.979998742,0.020001494,0,2.254996774,0,4283.08871,16305.99355,46.5,48.508,46.98983871,46.911,45.891,1959.991613,40.00354839,0,40.60000014,0,2.269838462,0.841094016,-37.40649564,4283.126154,15,1682796275,12:24:35,1682796259,1682796275,31,-0.071,0.053,-8.414,-0.686,400,23,0.24,0.04,-8.44542975,-0.016826004,0.03249302,1,2.243128571,0.549278055,0.204241266,1,2.87358625,-0.059182627,0.006264203,1,3,3,3-Mar,100,100,-8.348,-0.5759,-5.214194407,-0.007814304,-3.18E-07,6.48E-10,-0.764694143,-0.027428369,0.001386821,-3.01E-06,5,2011,2,27,2.1,1.9,2,634.536,351.987,26.0009,35.6732,29.9999,35.7457,35.762,21.8491,15.67,18.7505,26,400,23.0766,99.8941,101.158
82,1682796766,12444,20230429 12:32:45,12:32:45,h2.esccal.2,34.83298184,1682796758,0.005223265,9.547413964,388.4250968,318.9773176,32.29018613,39.32040926,0.274091205,2.949455724,0.26068603,0.164078521,321.4459684,31.25171921,31.57162581,4.660520186,60.95079358,2.706007152,4.439658604,1.954513035,-230.3459649,-135.5399991,-10.3343113,-54.77430693,0,0,1,0,52824.20172,RECT-1505-20210918-17_20_47,10288.4,812.936,2752.91,1939.974,0.704699391,-1,MPF-1163-20230429-12_42_40,10216.8,2.200036,1.7644,-0.246903197,0.5,1681.200039,9.547413964,-207.5468318,1,0.006273741,1559.252777,-,0,1.7644,-0.246903197,0.999359078,0.000537045,1.418135295,0,1,1163,300,300,300,10216.8,0.96,-0.00681405,-0.3,1999.999677,1681.200039,0.840600155,0.19120031,6,0.5,0: Broadleaf,2,1682796758,388.4250968,399.9973871,26.73118387,21.6492871,396.7206774,27.22955806,600.205871,101.1187742,0.111577774,30.71923226,31.57162581,999.9,0,0,10002.01613,0,351.8439677,1999.999677,0.979995516,0.020004484,0,2.209551613,0,4204.88,16306.03226,46.687,48.84451613,47.27,47.157,46.125,1959.989355,40.01032258,0,378,0,2.200036,0.074961538,-161.6753843,4202.872,15,1682796743,12:32:23,1682796735,1682796743,32,0.028,0.046,-8.386,-0.69,400,21,0.2,0.04,-10.254814,-20.08052237,2.903243239,0,2.193282353,0.309319194,0.213400577,1,4.496426732,10.00805649,1.27454094,0,1,3,3-Jan,100,100,-8.296,-0.5014,-5.18581503,-0.007814304,-3.18E-07,6.48E-10,-0.719107556,-0.027428369,0.001386821,-3.01E-06,5,2011,2,27,0.5,0.4,2,633.745,349.485,26.0033,35.6366,30.0006,35.5803,35.5824,21.7984,28.7462,24.8786,26,400,21.1086,99.9129,101.176
83,1682796804,12482.5,20230429 12:33:24,12:33:24,h2.esccal.2,34.37773524,1682796798,0.005435807,9.591955818,388.3017727,319.3071328,32.32417004,39.30865064,0.279016513,2.94889601,0.265135849,0.166899465,321.4465148,31.20917461,31.56388636,4.658472582,59.82820713,2.658013918,4.442743725,2.000458664,-239.7190878,-132.3508614,-10.0932884,-60.71672273,0,0,1,0,52806.01126,RECT-1505-20210918-17_20_47,10288.4,812.936,2752.91,1939.974,0.704699391,-1,MPF-1164-20230429-12_43_19,10216.3,2.2189,2.39508,0.07355913,0.5,1681.204691,9.591955818,61.83397683,1,0.006300218,1148.402108,-,0,2.39508,0.07355913,0.999129982,-0.000217361,1.417810197,0,1,1164,300,300,300,10216.3,1.58,-0.00681362,-0.45,2000.005455,1681.204691,0.840600053,0.191200106,6,0.5,0: Broadleaf,2,1682796798,388.3017727,400.0002727,26.2566,20.96541364,396.5964091,26.77362273,600.2148636,101.1201818,0.112038591,30.73139091,31.56388636,999.9,0,0,9998.697273,0,350.4325909,2000.005455,0.979997227,0.020002773,0,2.25855,0,4130.459091,16306.09091,46.875,48.95131818,47.375,47.281,46.25563636,1960.001818,40.00363636,0,37.79999995,0,2.2189,0.512218801,-54.165812,4131.310385,15,1682796743,12:32:23,1682796735,1682796743,32,0.028,0.046,-8.386,-0.69,400,21,0.2,0.04,-11.64797073,-0.503144948,0.073849568,0,2.209664706,0.145555778,0.134845873,1,5.329481463,-0.481802509,0.049422826,0,1,3,3-Jan,100,100,-8.294,-0.5176,-5.18581503,-0.007814304,-3.18E-07,6.48E-10,-0.719107556,-0.027428369,0.001386821,-3.01E-06,5,2011,2,27,1.1,1,2,634.334,349.273,26.0027,35.7012,30.0009,35.6147,35.6222,21.7986,27.8816,23.3473,26,400,21.1263,99.897,101.166
84,1682796843,12521,20230429 12:34:02,12:34:02,h2.esccal.2,35.56347704,1682796836,0.005286089,9.698506504,388.2067083,317.3883392,32.13096401,39.30029631,0.272709738,2.948035983,0.259429778,0.163282859,321.4504509,31.25779623,31.56521667,4.658824481,60.080863,2.670743234,4.445247788,1.988081248,-233.1165434,-130.9560811,-9.990384804,-52.61255844,0,0,1,0,52779.60042,RECT-1505-20210918-17_20_47,10288.4,812.936,2752.91,1939.974,0.704699391,-1,MPF-1165-20230429-12_43_57,10215.9,2.229276,1.7232,-0.293683844,0.5,1681.226263,9.698506504,-246.8744957,1,0.006363514,1596.556871,-,0,1.7232,-0.293683844,0.999374044,0.000623851,1.418156532,0,1,1165,300,300,300,10215.9,1.17,-0.00681427,-0.17,2000.03125,1681.226263,0.840599997,0.191199994,6,0.5,0: Broadleaf,2,1682796836,388.2067083,399.9534167,26.38149167,21.2365625,396.5004167,26.8936625,600.198875,101.122375,0.113114917,30.74125417,31.56521667,999.9,0,0,9993.59625,0,350.9453333,2000.03125,0.97999875,0.02000125,0,2.231816667,0,4101.430417,16306.2875,47,49.062,47.49475,47.38016667,46.375,1960.030833,40.00041667,0,37.5,0,2.229276,-0.051438468,-23.85538458,4101.9172,15,1682796743,12:32:23,1682796735,1682796743,32,0.028,0.046,-8.386,-0.69,400,21,0.2,0.04,-11.70703902,-0.357014634,0.058162522,1,2.233345714,-0.060753816,0.174127904,1,5.149028293,-0.064969756,0.012672421,1,3,3,3-Mar,100,100,-8.294,-0.5114,-5.18581503,-0.007814304,-3.18E-07,6.48E-10,-0.719107556,-0.027428369,0.001386821,-3.01E-06,5,2011,2,27,1.8,1.7,2,634.35,349.254,26.0016,35.7748,30.0006,35.6544,35.6576,21.8112,25.316,22.2146,26,400,21.3639,99.8817,101.155
85,1682797211,12889,20230429 12:40:10,12:40:10,h1.esccal.2,44.01034024,1682797203,0.00444788,10.98968964,387.4076452,303.9169253,30.76696644,39.21913203,0.249706991,2.949182399,0.238527621,0.150042473,321.444992,31.14900363,30.8599871,4.475488072,60.82865503,2.65421392,4.363426939,1.821274152,-196.1515156,-70.52307485,-5.350696512,49.41970502,0,0,1,0,52869.10532,RECT-1505-20210918-17_20_47,10288.4,812.936,2752.91,1939.974,0.704699391,-1,MPF-1166-20230429-12_50_05,10186.2,2.1488,2.4316,0.116302023,0.5,1681.199274,10.98968964,97.76343861,1,0.007131629,1131.139332,-,0,2.4316,0.116302023,0.999116716,-0.000348919,1.417791372,0,1,1166,300,300,300,10186.2,1.71,-0.00679328,-0.12,1999.999355,1681.199274,0.840599908,0.191199816,6,0.5,0: Broadleaf,2,1682797203,387.4076452,400.1164839,26.21839677,21.88849355,395.6388065,26.7754871,600.1885484,101.1216129,0.113178194,30.41643548,30.8599871,999.9,0,0,10000.18258,0,372.2112903,1999.999355,0.980002645,0.019997445,0,2.165112903,0,5723.288065,16306.05484,46.94512903,49.062,47.562,47.19106452,46.32012903,1960.006129,39.99387097,0,367.2,0,2.1488,0.198413658,-288.8926505,5721.142692,15,1682797182,12:39:42,1682797178,1682797182,34,-0.001,-0.012,-8.329,-0.691,400,22,0.47,0.13,-12.6962878,-0.275132404,0.05865371,1,2.193547059,-0.441791209,0.188968533,1,4.239380732,1.289617422,0.17556694,0,2,3,3-Feb,100,100,-8.23,-0.5666,-5.129765125,-0.007814304,-3.18E-07,6.48E-10,-0.759259377,-0.027428369,0.001386821,-3.01E-06,5,2011,2,27,0.5,0.5,2,634.854,346.872,25.9968,36.1211,30.0007,36.0404,36.0422,21.7815,28.7362,24.0429,26,400,21.7941,99.7899,101.059
86,1682797251,12929.5,20230429 12:40:51,12:40:51,h1.esccal.2,50.27030079,1682797243,0.004135798,11.41526118,387.0364194,293.3896134,29.70114464,39.18143024,0.227077638,2.948765848,0.217790931,0.136922058,321.4498523,31.19104881,30.81813871,4.464809252,59.93759939,2.609561004,4.353796333,1.855248248,-182.3886784,-69.9936284,-5.309166685,63.75837891,0,0,1,0,52863.82265,RECT-1505-20210918-17_20_47,10288.4,812.936,2752.91,1939.974,0.704699391,-1,MPF-1167-20230429-12_50_46,10185.8,2.28098,2.126,-0.07289746,0.5,1681.223052,11.41526118,-61.27844509,1,0.00738466,1293.877705,-,0,2.126,-0.07289746,0.999227726,0.000191142,1.4179489,0,1,1167,300,300,300,10185.8,1.32,-0.00679287,-0.88,2000.027419,1681.223052,0.840600001,0.191200003,6,0.5,0: Broadleaf,2,1682797243,387.0364194,400.0485484,25.77739355,21.74939355,395.2644839,26.3514129,600.1769032,101.1213226,0.113156355,30.37785484,30.81813871,999.9,0,0,9997.845161,0,389.3085484,2000.027419,0.979998161,0.020001871,0,2.248170968,0,5632.412581,16306.26452,47,49.062,47.562,47.187,46.375,1960.026774,40.00064516,0,39.79999995,0,2.28098,0.028453845,-81.21769241,5631.154,15,1682797182,12:39:42,1682797178,1682797182,34,-0.001,-0.012,-8.329,-0.691,400,22,0.47,0.13,-12.98350244,-0.474758885,0.061241941,1,2.233726471,0.366447431,0.179404899,1,4.037935366,-0.381593728,0.04442298,0,2,3,3-Feb,100,100,-8.229,-0.574,-5.129765125,-0.007814304,-3.18E-07,6.48E-10,-0.759259377,-0.027428369,0.001386821,-3.01E-06,5,2011,2,27,1.2,1.1,2,635.415,346.245,25.998,36.166,30.0008,36.0961,36.1027,21.7716,25.8213,22.8932,26,400,22.0177,99.7757,101.046
87,1682797291,12969,20230429 12:41:30,12:41:30,h1.esccal.2,52.63025962,1682797285,0.00399977,11.60433402,386.8351818,289.4777452,29.30530072,39.16128794,0.220487873,2.949649627,0.211723669,0.133085694,321.445639,31.21302023,30.79435909,4.458751093,60.06242857,2.613070966,4.350591589,1.845680127,-176.3898527,-68.27733128,-5.176492936,71.60196205,0,0,1,0,52891.53727,RECT-1505-20210918-17_20_47,10288.4,812.936,2752.91,1939.974,0.704699391,-1,MPF-1168-20230429-12_51_25,10185.3,2.178948,2.1616,-0.008025537,0.5,1681.198391,11.60433402,-6.746259642,1,0.007497232,1272.551999,-,0,2.1616,-0.008025537,0.999214795,2.14E-05,1.41793055,0,1,1168,300,300,300,10185.3,0.93,-0.00679255,-0.15,1999.997727,1681.198391,0.840600151,0.191200301,6,0.5,0: Broadleaf,2,1682797285,386.8351818,399.9825455,25.81191364,21.91663636,395.0616818,26.38463182,600.1926818,101.1219091,0.113164091,30.365,30.79435909,999.9,0,0,10002.80773,0,390.9082727,1999.997727,0.979993409,0.020006591,0,2.177295455,0,5588.376364,16305.99091,47.062,49.125,47.58204545,47.22995455,46.40881818,1959.987727,40.01,0,38.79999995,0,2.178948,-0.15036155,-50.70692317,5589.8512,15,1682797182,12:39:42,1682797178,1682797182,34,-0.001,-0.012,-8.329,-0.691,400,22,0.47,0.13,-13.16819512,0.15278676,0.046428203,1,2.189370588,-0.272251902,0.196741795,1,3.929394146,-0.372751359,0.044046503,0,2,3,3-Feb,100,100,-8.227,-0.5725,-5.129765125,-0.007814304,-3.18E-07,6.48E-10,-0.759259377,-0.027428369,0.001386821,-3.01E-06,5,2011,2,27,1.9,1.8,2,635.745,346.025,25.9994,36.2183,30.0008,36.1553,36.165,21.7755,24.6927,21.7609,26,400,22.0586,99.7602,101.03
88,1682797716,13394,20230429 12:48:35,12:48:35,i8.esccal.1,33.44254768,1682797708,0.004721712,7.957982202,390.1545,322.8468692,32.6849233,39.49912829,0.237959807,2.948443266,0.227782066,0.143241945,321.4520357,31.53758218,31.68882333,4.691622754,59.58962124,2.669309469,4.479487222,2.022313285,-208.227521,-129.2612847,-9.872279605,-25.90904957,0,0,1,0,52768.04148,RECT-1505-20210918-17_20_47,10288.4,812.936,2752.91,1939.974,0.704699391,-1,MPF-1169-20230429-12_58_30,10267.7,2.179307692,1.6332,-0.334378945,0.5,1681.2317,7.957982202,-281.0842408,1,0.005328226,1684.592701,-,0,1.6332,-0.334378945,0.999406737,0.000673124,1.418202924,0,1,1169,300,300,300,10267.7,1.16,-0.00684846,-0.25,2000.037333,1681.2317,0.840600159,0.191200318,6,0.5,0: Broadleaf,2,1682797708,390.1545,399.9517333,26.36623,21.77039333,398.5064,26.90073,600.1804333,101.1256667,0.114042967,30.87563667,31.68882333,999.9,0,0,9995.583667,0,454.9804,2000.037333,0.9799948,0.0200047,0,2.183003333,0,3063.811667,16306.32667,46.9958,49.4122,47.562,47.5767,46.4308,1960.025333,40.01133333,0,423.8,0,2.179307692,0.484526501,-8.873504286,3063.618077,15,1682797647,12:47:26,1682797636,1682797647,35,-0.098,0.018,-8.43,-0.7,400,22,0.42,0.03,-9.801239756,-0.04622007,0.048500802,1,2.149858824,0.329143134,0.152111055,1,4.628497561,-0.592467805,0.060279957,0,2,3,3-Feb,100,100,-8.352,-0.5318,-5.22847445,-0.007814304,-3.18E-07,6.48E-10,-0.741725792,-0.027428369,0.001386821,-3.01E-06,5,2011,2,27,1.3,1.1,2,636.312,343.111,26.0054,36.6452,30.0015,36.5701,36.5825,21.745,24.9253,16.2546,26,400,21.9282,99.659,100.948
89,1682797761,13439.5,20230429 12:49:21,12:49:21,i8.esccal.1,33.75968677,1682797753,0.004700058,8.010051093,390.1480323,322.3486056,32.63582877,39.50010689,0.237266748,2.948157098,0.227145914,0.142839537,321.4494511,31.63370253,31.77776774,4.715347819,59.90023322,2.697118126,4.502683849,2.018229693,-207.2725367,-128.9960398,-9.861697987,-24.68082335,0,0,1,0,52744.15939,RECT-1505-20210918-17_20_47,10288.4,812.936,2752.91,1939.974,0.704699391,-1,MPF-1170-20230429-12_59_16,10267.7,2.173988,2.3168,0.06164192,0.5,1681.218455,8.010051093,51.81676665,1,0.005359239,1187.238087,-,0,2.3168,0.06164192,0.999158418,-0.000176176,1.417850549,0,1,1170,300,300,300,10267.7,1.28,-0.00684763,-0.26,2000.021613,1681.218455,0.840600144,0.191200287,6,0.5,0: Broadleaf,2,1682797753,390.1480323,399.9887742,26.63980968,22.06636774,398.5000323,27.16352903,600.1845806,101.1285484,0.115347839,30.96617097,31.77776774,999.9,0,0,9993.673871,0,455.0151935,2000.021613,0.979996613,0.020002887,0,2.202896774,0,3056.163548,16306.21613,47.125,49.57825806,47.645,47.778,46.5863871,1960.011613,40.01,0,44.4000001,0,2.173988,-0.778946166,7.311538819,3056.87,15,1682797647,12:47:26,1682797636,1682797647,35,-0.098,0.018,-8.43,-0.7,400,22,0.42,0.03,-9.853527805,0.2047223,0.060196352,1,2.14168,0.257154599,0.188440929,1,4.577086829,-0.079113659,0.016035389,1,3,3,3-Mar,100,100,-8.351,-0.5229,-5.22847445,-0.007814304,-3.18E-07,6.48E-10,-0.741725792,-0.027428369,0.001386821,-3.01E-06,5,2011,2,27,2.1,1.9,2,635.898,342.642,26.004,36.7988,30.0016,36.6865,36.6975,21.7537,23.0958,14.7362,26,400,22.1932,99.6311,100.921
90,1682797809,13487.5,20230429 12:50:09,12:50:09,i8.esccal.1,34.13237729,1682797801,0.004698815,8.034563867,390.1207667,321.6451963,32.56258473,39.4948865,0.235394206,2.949476581,0.22543314,0.141755549,321.4465942,31.70001008,31.84406667,4.733100304,59.74735118,2.70042533,4.519740669,2.032674974,-207.2177297,-129.0516362,-9.867980896,-24.69075268,0,0,1,0,52770.44645,RECT-1505-20210918-17_20_47,10288.4,812.936,2752.91,1939.974,0.704699391,-1,MPF-1171-20230429-13_00_04,10266,2.105238462,1.69,-0.245703232,0.5,1681.204893,8.034563867,-206.5387377,1,0.005373862,1627.940828,-,0,1.69,-0.245703232,0.999386104,0.000511853,1.418173646,0,1,1171,300,300,300,10266,1.35,-0.00684663,-0.49,2000.005667,1681.204893,0.840600065,0.19120013,6,0.5,0: Broadleaf,2,1682797801,390.1207667,399.9853333,26.67413667,22.10209667,398.4725667,27.1965,600.1887,101.1221,0.1154907,31.03248333,31.84406667,999.9,0,0,10001.80567,0,455.2601667,2000.005667,0.979997,0.0200025,0,2.12521,0,3042.927,16306.08333,47.2458,49.7332,47.75,47.94966667,46.6954,1959.995667,40.00433333,0,47.29999995,0,2.105238462,0.613996572,-5.683760849,3042.684231,15,1682797647,12:47:26,1682797636,1682797647,35,-0.098,0.018,-8.43,-0.7,400,22,0.42,0.03,-9.866235854,-0.296917213,0.093686312,1,2.140261765,-0.082927257,0.218175697,1,4.583269268,-0.16338899,0.030123968,0,2,3,3-Feb,100,100,-8.351,-0.5221,-5.22847445,-0.007814304,-3.18E-07,6.48E-10,-0.741725792,-0.027428369,0.001386821,-3.01E-06,5,2011,2,27,2.9,2.7,2,636.105,342.188,26.0024,36.965,30.0012,36.8147,36.8212,21.7591,21.6693,13.6148,26,400,22.2092,99.6042,100.895
91,1682798175,13853,20230429 12:56:14,12:56:14,g7.esccal.2,34.90447668,1682798167,0.004662957,8.178202977,390.0668,320.3775569,32.4329078,39.48778648,0.234302409,2.948751285,0.22442913,0.141120611,321.4408945,31.86207687,32.08481667,4.798054793,60.82988294,2.77338773,4.559252124,2.024667063,-205.6363832,-143.0052933,-10.95886771,-38.15964969,0,0,1,0,52723.02311,RECT-1505-20210918-17_20_47,10288.4,812.936,2752.91,1939.974,0.704699391,-1,MPF-1172-20230429-13_06_09,10209.2,2.219596154,2.282,0.02734612,0.5,1681.17342,8.178202977,22.98678516,1,0.005459403,1205.358457,-,0,2.282,0.02734612,0.999171059,-7.70E-05,1.417868487,0,1,1172,300,300,300,10209.2,1.21,-0.00680854,-0.77,1999.968,1681.17342,0.84060016,0.191200319,6,0.5,0: Broadleaf,2,1682798167,390.0668,400.0607,27.39597667,22.86220333,398.2992,27.94350333,600.1901667,101.1183333,0.115061767,31.18526,32.08481667,999.9,0,0,9998.058,0,423.8449667,1999.968,0.9799956,0.02000418,0,2.22048,0,3681.361,16305.75333,47.75413333,50.2185,48.375,48.3183,47.1746,1959.958,40.01,0,364.5999999,0,2.219596154,-0.203613679,-62.06427349,3681.118462,15,1682798150,12:55:49,1682798136,1682798150,36,0.118,-0.057,-8.31,-0.729,400,22,0.45,0.04,-9.587018049,-6.105694077,1.076111599,0,2.18536,0.506242661,0.148743064,1,4.255150488,4.569600418,0.52989002,0,1,3,3-Jan,100,100,-8.233,-0.5519,-5.110185506,-0.007814304,-3.18E-07,6.48E-10,-0.798384655,-0.027428369,0.001386821,-3.01E-06,5,2011,2,27,0.7,0.4,2,635.458,341.21,26.0002,37.3753,30.0006,37.2328,37.2277,21.7624,25.5999,17.9906,26,400,22.4387,99.5589,100.854
92,1682798216,13894,20230429 12:56:55,12:56:55,g7.esccal.2,34.85392443,1682798208,0.004722522,8.109272837,390.0144839,320.1970303,32.41526225,39.48325743,0.232664556,2.94859987,0.222925267,0.140169356,321.4452295,31.8222585,32.04732258,4.787888139,59.80469341,2.72284001,4.552886831,2.065048128,-208.2632073,-140.9377819,-10.79768435,-38.55344403,0,0,1,0,52722.96713,RECT-1505-20210918-17_20_47,10288.4,812.936,2752.91,1939.974,0.704699391,-1,MPF-1173-20230429-13_06_50,10209.1,2.211868,1.4992,-0.475365528,0.5,1681.196235,8.109272837,-399.5913683,1,0.005418328,1835.252668,-,0,1.4992,-0.475365528,0.999455413,0.000878279,1.418271997,0,1,1173,300,300,300,10209.1,0.73,-0.00680839,-0.27,1999.995161,1681.196235,0.840600151,0.191200303,6,0.5,0: Broadleaf,2,1682798208,390.0144839,399.9622258,26.89613548,22.30219355,398.2462903,27.4640129,600.2040323,101.1202903,0.115071613,31.16072581,32.04732258,999.9,0,0,9997.004516,0,423.0165161,1999.995161,0.979995387,0.0200044,0,2.215883871,0,3644.738065,16305.9871,47.875,50.312,48.47358065,48.375,47.25,1959.985161,40.01,0,40.20000005,0,2.211868,0.016315382,-45.81076939,3644.1456,15,1682798150,12:55:49,1682798136,1682798150,36,0.118,-0.057,-8.31,-0.729,400,22,0.45,0.04,-9.946719756,0.136242439,0.06664693,1,2.205120588,-0.266604396,0.163492291,1,4.628460976,-0.859756307,0.094459594,0,2,3,3-Feb,100,100,-8.231,-0.5665,-5.110185506,-0.007814304,-3.18E-07,6.48E-10,-0.798384655,-0.027428369,0.001386821,-3.01E-06,5,2011,2,27,1.3,1.1,2,636.198,341.006,25.9985,37.4331,30.0002,37.2739,37.2704,21.7665,23.4737,16.8615,26,400,22.5844,99.5525,100.846
93,1682798259,13937,20230429 12:57:38,12:57:38,g7.esccal.2,35.91078796,1682798251,0.004574212,8.106145398,390.0758333,318.6264355,32.25599632,39.48914227,0.22573009,2.949206303,0.216552191,0.136138623,321.4456293,31.85085069,32.03977333,4.785843403,59.92456498,2.726820472,4.550421807,2.059022931,-201.7227492,-141.2783865,-10.82064458,-32.37615102,0,0,1,0,52742.01737,RECT-1505-20210918-17_20_47,10288.4,812.936,2752.91,1939.974,0.704699391,-1,MPF-1174-20230429-13_07_33,10208.5,2.246276,1.87109,-0.200517346,0.5,1681.19834,8.106145398,-168.5547142,1,0.005416461,1470.28679,-,0,1.87109,-0.200517346,0.999320323,0.000462584,1.418080299,0,1,1174,300,300,300,10208.5,1.06,-0.00680788,-0.06,1999.997667,1681.19834,0.840600151,0.191200301,6,0.5,0: Broadleaf,2,1682798251,390.0758333,399.9627667,26.93567667,22.48625,398.308,27.50196667,600.2125,101.1192,0.115326467,31.15121667,32.03977333,999.9,0,0,10000.557,0,423.7187667,1999.997667,0.9799959,0.02000387,0,2.2789,0,3599.926333,16306.00667,47.937,50.38326667,48.55786667,48.41633333,47.312,1959.987667,40.01,0,42.20000005,0,2.246276,-0.228184603,18.53000004,3600.2144,15,1682798150,12:55:49,1682798136,1682798150,36,0.118,-0.057,-8.31,-0.729,400,22,0.45,0.04,-9.903726585,0.409689199,0.078148498,1,2.224272727,0.709379753,0.177970497,1,4.466105854,-0.33705993,0.038063416,0,2,3,3-Feb,100,100,-8.232,-0.5671,-5.110185506,-0.007814304,-3.18E-07,6.48E-10,-0.798384655,-0.027428369,0.001386821,-3.01E-06,5,2011,2,27,2,1.8,2,636.066,341.134,25.9989,37.4721,30.0001,37.3089,37.3053,21.7761,22.2818,15.3433,26,400,22.6863,99.5525,100.844
94,1682798821,14498.9,20230429 13:07:00,13:07:00,j2.esccal.2,31.33790072,1682798813,0.003331205,5.277528345,393.46,330.1985219,33.42693641,39.83107594,0.168407207,2.949573063,0.163242034,0.102477145,321.4454028,31.85222021,31.71069032,4.697445907,60.58538851,2.707185446,4.468380104,1.99026046,-146.9061282,-139.7044653,-10.66465251,24.17015677,0,0,1,0,52807.98064,RECT-1505-20210918-17_20_47,10288.4,812.936,2752.91,1939.974,0.704699391,-1,MPF-1175-20230429-13_16_55,10233.8,2.1962,1.6448,-0.335238327,0.5,1681.197058,5.277528345,-281.8008445,1,0.003733963,1672.70501,-,0,1.6448,-0.335238327,0.999402523,0.000679657,1.418196945,0,1,1175,300,300,300,10233.8,1.41,-0.0068249,0.12,1999.996129,1681.197058,0.840600156,0.191200312,6,0.5,0: Broadleaf,2,1682798813,393.46,400.0460968,26.74216452,23.50109032,401.7591935,27.32447742,600.1938065,101.1203548,0.112492065,30.83214194,31.71069032,999.9,0,0,10002.52645,0,216.5467742,1999.996129,0.979995032,0.020004726,0,2.172248387,0,3205.794839,16305.99355,47.72154839,49.85467742,48.401,48.07216129,47.08435484,1959.985161,40.01032258,0,561.2,0,2.1962,0.499377779,-98.51555568,3204.84,15,1682798791,13:06:31,1682798778,1682798791,37,-0.04,-0.009,-8.35,-0.712,400,23,0.38,0.05,-6.60237525,0.291628931,0.058934845,1,2.186927273,0.11615854,0.138636226,1,3.17075825,1.357844465,0.150870828,0,2,3,3-Feb,100,100,-8.299,-0.5864,-5.150486198,-0.007814304,-3.18E-07,6.48E-10,-0.806970054,-0.027428369,0.001386821,-3.01E-06,5,2011,2,27,0.7,0.5,2,635.355,345.247,26.0003,36.9347,30,36.9381,36.9434,21.8022,22.5737,24.1629,26,400,23.3579,99.6204,100.911
95,1682798860,14538.4,20230429 13:07:40,13:07:40,j2.esccal.2,33.74667085,1682798852,0.003280539,5.540262607,393.1522667,325.9320598,32.99442709,39.7991956,0.164172123,2.949601021,0.159259436,0.099966287,321.4408069,31.84010905,31.67396333,4.687669142,60.02522222,2.678306258,4.461968085,2.009362883,-144.6717486,-137.8651373,-10.5209329,28.38298804,0,0,1,0,52813.12157,RECT-1505-20210918-17_20_47,10288.4,812.936,2752.91,1939.974,0.704699391,-1,MPF-1176-20230429-13_17_35,10234.1,2.1869,2.1964,0.00432526,0.5,1681.17287,5.540262607,3.635754477,1,0.003890297,1252.373702,-,0,2.1964,0.00432526,0.999202153,-1.17E-05,1.417912611,0,1,1176,300,300,300,10234.1,1.25,-0.00682488,-0.19,1999.967333,1681.17287,0.840600165,0.19120033,6,0.5,0: Broadleaf,2,1682798852,393.1522667,399.9800333,26.45737333,23.26468,401.4491667,27.05097667,600.1974667,101.1187,0.112296167,30.80699,31.67396333,999.9,0,0,10002.849,0,221.6668333,1999.967333,0.979994667,0.020005,0,2.191556667,0,3154.090333,16305.76667,47.7101,49.77273333,48.3204,48.062,47.062,1959.957,40.01033333,0,38.5999999,0,2.1869,0.449276916,-53.66230777,3153.5888,15,1682798791,13:06:31,1682798778,1682798791,37,-0.04,-0.009,-8.35,-0.712,400,23,0.38,0.05,-6.8221425,-0.420182814,0.074146103,1,2.199128571,-0.319859883,0.168165331,1,3.22161575,-0.509608818,0.057228525,0,2,3,3-Feb,100,100,-8.296,-0.5933,-5.150486198,-0.007814304,-3.18E-07,6.48E-10,-0.806970054,-0.027428369,0.001386821,-3.01E-06,5,2011,2,27,1.4,1.1,2,635.468,344.995,26.0019,36.9417,30.0003,36.9381,36.9489,21.8053,21.9947,23.4137,26,400,23.3576,99.6179,100.914
96,1682798898,14576.4,20230429 13:08:18,13:08:18,j2.esccal.2,34.64163751,1682798890,0.003271249,5.681411594,393.0229667,324.3835437,32.83778555,39.78624732,0.164005284,2.949354384,0.159102019,0.09986709,321.4448324,31.83171177,31.65916667,4.683735263,60.05638548,2.67802892,4.459190974,2.005706343,-144.2621002,-137.2345477,-10.47235911,29.47582546,0,0,1,0,52807.93314,RECT-1505-20210918-17_20_47,10288.4,812.936,2752.91,1939.974,0.704699391,-1,MPF-1177-20230429-13_18_13,10233.9,2.179565385,1.6012,-0.36120746,0.5,1681.194141,5.681411594,-303.6299325,1,0.003974206,1718.279291,-,0,1.6012,-0.36120746,0.999418361,0.000712857,1.418219419,0,1,1177,300,300,300,10233.9,0.94,-0.00682491,-0.21,1999.992667,1681.194141,0.840600153,0.191200305,6,0.5,0: Broadleaf,2,1682798890,393.0229667,399.9878667,26.45454,23.27083,401.3188333,27.04826,600.1884667,101.1192667,0.112087967,30.79608667,31.65916667,999.9,0,0,10001.39167,0,225.5668,1999.992667,0.979995467,0.0200044,0,2.178593333,0,3128.781333,16305.96,47.75,49.75,48.3162,48.125,47.0662,1959.981667,40.01,0,37.10000014,0,2.179565385,0.034676923,-24.03999998,3128.643462,15,1682798791,13:06:31,1682798778,1682798791,37,-0.04,-0.009,-8.35,-0.712,400,23,0.38,0.05,-6.9791615,0.311518649,0.055955749,1,2.182464706,-0.171213018,0.164249027,1,3.183632,-0.102250356,0.036957434,0,2,3,3-Feb,100,100,-8.296,-0.5936,-5.150486198,-0.007814304,-3.18E-07,6.48E-10,-0.806970054,-0.027428369,0.001386821,-3.01E-06,5,2011,2,27,2,1.8,2,635.657,344.911,26.002,36.9591,30.0002,36.9381,36.9455,21.8119,20.8438,22.657,26,400,23.3937,99.6208,100.915
97,1682799217,14894.9,20230429 13:13:36,13:13:36,j5.esccal.2,28.43586511,1682799209,0.010416236,18.65172798,377.5628387,317.5280541,32.13999844,38.21668319,0.655922649,2.947178368,0.584324627,0.370982313,321.4472934,29.95535757,31.0243129,4.517636041,62.42681433,2.778317051,4.450518708,1.739318991,-459.3559933,-41.67844606,-3.172335757,-182.7594817,0,0,1,0,52751.00435,RECT-1505-20210918-17_20_47,10288.4,812.936,2752.91,1939.974,0.704699391,-1,MPF-1178-20230429-13_23_31,10281.6,2.237496154,2.51,0.108567269,0.5,1681.209755,18.65172798,91.26217617,1,0.01168904,1095.776892,-,0,2.51,0.108567269,0.999088238,-0.000336248,1.41775096,0,1,1178,300,300,300,10281.6,1.65,-0.00685699,-0.45,2000.011613,1681.209755,0.840599997,0.191199993,6,0.5,0: Broadleaf,2,1682799209,377.5628387,400.141129,27.44846452,17.32092903,385.8390968,27.86992258,600.1653226,101.1070645,0.112333355,30.762,31.0243129,999.9,0,0,9990.24,0,236.9569355,2000.011613,0.980000742,0.0199992,0,2.236974194,0,8437.834839,16306.15806,47.61687097,49.562,48.25,47.937,46.95935484,1960.011613,40,0,317.5999999,0,2.237496154,0.189904273,-149.8509402,8436.693846,15,1682799195,13:13:15,1682799190,1682799195,39,-0.001,-0.02,-8.444,-0.71,399,18,0.42,0.07,-19.98084313,-39.23040996,5.819468373,0,2.211942424,0.336252854,0.156018538,1,8.874051325,21.6487197,2.721325697,0,1,3,3-Jan,100,100,-8.277,-0.444,-5.251084169,-0.007814304,-3.18E-07,6.48E-10,-0.669265268,-0.027428369,0.001386821,-3.01E-06,5,2011,2,27,0.5,0.4,2,635.608,337.214,26.0017,37.0732,30.0009,37.0353,37.034,21.711,40.7247,16.882,26,400,16.3732,99.6005,100.89
98,1682799252,14929.9,20230429 13:14:11,13:14:11,j5.esccal.2,30.41709314,1682799245,0.010389472,18.74323575,377.2942963,313.5882004,31.74063909,38.18881601,0.61620733,2.949704034,0.552616526,0.350550251,321.448632,29.96744869,30.99815185,4.510902937,60.10133709,2.67551506,4.451673106,1.835387877,-458.1757117,-36.83182814,-2.800738215,-176.359646,0,0,1,0,52822.82904,RECT-1505-20210918-17_20_47,10288.4,812.936,2752.91,1939.974,0.704699391,-1,MPF-1179-20230429-13_24_06,10281.5,2.210142308,1.9888,-0.111294403,0.5,1681.2168,18.74323575,-93.55500961,1,0.01174342,1383.206557,-,0,1.9888,-0.111294403,0.999277564,0.000272943,1.418019623,0,1,1179,300,300,300,10281.5,1.83,-0.00685682,-1.17,2000.02,1681.2168,0.840599994,0.191199988,6,0.5,0: Broadleaf,2,1682799245,377.2942963,399.9496296,26.4333037,16.32193704,385.5685185,26.89554444,600.2063333,101.1051852,0.112395852,30.76654074,30.99815185,999.9,0,0,10004.77148,0,235.3217778,2000.02,0.980001889,0.019998015,0,2.202674074,0,8347.509259,16306.22222,47.687,49.56666667,48.27755556,47.88648148,47.01837037,1960.02,40,0,34.39999986,0,2.210142308,-0.314266667,-83.45777779,8347.972308,15,1682799195,13:13:15,1682799190,1682799195,39,-0.001,-0.02,-8.444,-0.71,399,18,0.42,0.07,-22.67847,0.276837523,0.071744108,1,2.209070588,0.163555327,0.191818512,1,10.17829,-1.126586116,0.114348006,0,2,3,3-Feb,100,100,-8.273,-0.4615,-5.251084169,-0.007814304,-3.18E-07,6.48E-10,-0.669265268,-0.027428369,0.001386821,-3.01E-06,5,2011,2,27,1,0.9,2,636.615,336.553,25.9989,37.1344,30.001,37.0844,37.0928,21.7062,38.4763,14.1548,26,400,16.4379,99.5875,100.874
99,1682799291,14968.9,20230429 13:14:50,13:14:50,j5.esccal.2,31.12261431,1682799283,0.010361208,19.03060003,377.0611,312.1319153,31.5934417,38.16545921,0.611471769,2.949001816,0.548788222,0.348087477,321.445706,29.96965765,30.99849667,4.510991625,59.9434633,2.66774324,4.45043228,1.843248385,-456.9292704,-37.65385305,-2.86386371,-176.0012812,0,0,1,0,52803.49357,RECT-1505-20210918-17_20_47,10288.4,812.936,2752.91,1939.974,0.704699391,-1,MPF-1180-20230429-13_24_45,10281.4,2.230176923,2.4388,0.085543332,0.5,1681.2014,19.03060003,71.90778436,1,0.011914456,1127.796949,-,0,2.4388,0.085543332,0.999114101,-0.000257401,1.417787661,0,1,1180,300,300,300,10281.4,1.72,-0.0068564,-0.56,2000.001667,1681.2014,0.8406,0.191199999,6,0.5,0: Broadleaf,2,1682799283,377.0611,399.9910333,26.35635,16.27151333,385.3334,26.82159667,600.1956,101.1061333,0.112102133,30.76166,30.99849667,999.9,0,0,10000.68767,0,230.5458,2000.001667,0.9800022,0.0199977,0,2.229796667,0,8296.468,16306.07333,47.75,49.5746,48.312,47.875,47.062,1960.001667,40,0,38.19999981,0,2.230176923,0.122331619,-55.33743587,8296.113846,15,1682799195,13:13:15,1682799190,1682799195,39,-0.001,-0.02,-8.444,-0.71,399,18,0.42,0.07,-22.9094575,-0.176052158,0.063718847,1,2.189297059,0.513824176,0.226863668,1,10.0987825,-0.198773358,0.026390253,0,2,3,3-Feb,100,100,-8.272,-0.4666,-5.251084169,-0.007814304,-3.18E-07,6.48E-10,-0.669265268,-0.027428369,0.001386821,-3.01E-06,5,2011,2,27,1.7,1.6,2,636.824,336.089,25.9999,37.2115,30.0011,37.1522,37.1603,21.7091,36.3472,11.4264,26,400,16.4674,99.5639,100.85
100,1682799621,15299.4,20230429 13:20:21,13:20:21,g6.esccal.2,23.5233023,1682799613,0.008582716,12.58530266,384.2924333,333.42711,33.74852661,38.89696736,0.535014281,2.948902837,0.486358327,0.307975909,321.4429161,30.60202853,30.99726667,4.510675268,62.04730172,2.78891484,4.494820504,1.721760428,-378.4977817,-9.81550236,-0.747205408,-67.61757333,0,0,1,0,52770.38865,RECT-1505-20210918-17_20_47,10288.4,812.936,2752.91,1939.974,0.704699391,-1,MPF-1181-20230429-13_30_16,10185.7,2.199415385,1.8792,-0.170399843,0.5,1681.18406,12.58530266,-143.2367498,1,0.008080794,1463.937207,-,0,1.8792,-0.170399843,0.999317377,0.000394813,1.418076119,0,1,1181,300,300,300,10185.7,1.32,-0.00679272,-0.19,1999.980667,1681.18406,0.840600156,0.191200312,6,0.5,0: Broadleaf,2,1682799613,384.2924333,400.1721333,27.55379,19.20959667,392.5871,28.00918667,600.1464333,101.1036667,0.113437767,30.93552667,30.99726667,999.9,0,0,10000.36933,0,361.9598333,1999.980667,0.9799935,0.0200065,0,2.208313333,0,4450.402333,16305.85333,47.6082,49.875,48.25,48.2122,47.062,1959.970667,40.01,0,329.5999999,0,2.199415385,-0.163788035,-48.67863246,4450.161154,15,1682799598,13:19:58,1682799592,1682799598,41,0.1,-0.026,-8.414,-0.699,399,20,0.32,0.04,-14.75925075,-16.87947906,2.856352026,0,2.222085294,-0.079319294,0.173964674,1,7.5657455,12.30612135,1.610300776,0,1,3,3-Jan,100,100,-8.295,-0.4752,-5.216938301,-0.007814304,-3.18E-07,6.48E-10,-0.709197259,-0.027428369,0.001386821,-3.01E-06,5,2011,2,27,0.5,0.4,2,636.318,339.185,26.0002,37.1473,29.9997,37.085,37.0766,21.7523,37.0517,20.5537,26,400,18.6673,99.6131,100.908
101,1682799666,15343.9,20230429 13:21:05,13:21:05,g6.esccal.2,25.7513647,1682799658,0.00829022,12.71963679,384.0721,329.2702186,33.32781557,38.87470956,0.4939403,2.949099997,0.452158794,0.28605805,321.4492341,30.62648014,30.89713,4.484984783,60.1328926,2.695013701,4.48176295,1.789971082,-365.598721,-2.00223773,-0.15229658,-46.30402114,0,0,1,0,52784.90394,RECT-1505-20210918-17_20_47,10288.4,812.936,2752.91,1939.974,0.704699391,-1,MPF-1182-20230429-13_31_00,10185.4,2.219876,2.32985,0.04720218,0.5,1681.21687,12.71963679,39.67855099,1,0.00816054,1180.582505,-,0,2.32985,0.04720218,0.999153677,-0.000135669,1.417843822,0,1,1182,300,300,300,10185.4,1.07,-0.00679266,-0.62,2000.019667,1681.21687,0.840600169,0.191200338,6,0.5,0: Broadleaf,2,1682799658,384.0721,399.9710333,26.62604,18.55896333,392.3651,27.11906667,600.1791,101.1032333,0.1139849,30.88453667,30.89713,999.9,0,0,10001.53233,0,361.9906667,2000.019667,0.9799942,0.0200058,0,2.2384,0,4410.651,16306.19,47.687,49.90393333,48.25,48.25413333,47.083,1960.008,40.01166667,0,43.79999995,0,2.219876,-0.884869222,-9.606923101,4410.4696,15,1682799598,13:19:58,1682799592,1682799598,41,0.1,-0.026,-8.414,-0.699,399,20,0.32,0.04,-15.8907075,-0.085131332,0.037782618,1,2.229123529,-0.303553875,0.17737313,1,8.07330775,-0.067843114,0.023145218,1,3,3,3-Mar,100,100,-8.294,-0.4933,-5.216938301,-0.007814304,-3.18E-07,6.48E-10,-0.709197259,-0.027428369,0.001386821,-3.01E-06,5,2011,2,27,1.2,1.1,2,637.519,338.568,26.0002,37.1369,30.0004,37.073,37.0765,21.7487,32.9809,17.8657,26,400,18.7502,99.6152,100.91
102,1682799708,15386.4,20230429 13:21:48,13:21:48,g6.esccal.2,25.93183333,1682799700,0.008259406,12.78918128,383.9850968,328.9072318,33.28961094,38.86419403,0.493184617,2.949347286,0.451528264,0.285654042,321.4488028,30.59292851,30.84843226,4.472537302,60.08777943,2.686620085,4.471158879,1.785917216,-364.2397869,-0.858628139,-0.065275444,-43.71488767,0,0,1,0,52799.14079,RECT-1505-20210918-17_20_47,10288.4,812.936,2752.91,1939.974,0.704699391,-1,MPF-1183-20230429-13_31_43,10185.2,2.254353846,1.6592,-0.35869928,0.5,1681.2147,12.78918128,-301.5252516,1,0.008201916,1658.179122,-,0,1.6592,-0.35869928,0.999397292,0.000733601,1.418189522,0,1,1183,300,300,300,10185.2,1.34,-0.00679238,-0.39,2000.017097,1681.2147,0.840600164,0.191200328,6,0.5,0: Broadleaf,2,1682799700,383.9850968,399.9410323,26.54428065,18.5065,392.2772581,27.04054194,600.1780323,101.0991935,0.113573194,30.84303226,30.84843226,999.9,0,0,10003.3371,0,361.682129,2000.017097,0.979994935,0.020005065,0,2.255958065,0,4389.999032,16306.16452,47.75,49.937,48.312,48.31809677,47.125,1960.005806,40.01129032,0,41.70000005,0,2.254353846,-0.573702562,-3.458803356,4389.817308,15,1682799598,13:19:58,1682799592,1682799598,41,0.1,-0.026,-8.414,-0.699,399,20,0.32,0.04,-15.9455525,-0.154285553,0.063240375,1,2.222282353,0.20761623,0.161701201,1,8.05165375,-0.272367017,0.028103423,0,2,3,3-Feb,100,100,-8.293,-0.4964,-5.216938301,-0.007814304,-3.18E-07,6.48E-10,-0.709197259,-0.027428369,0.001386821,-3.01E-06,5,2011,2,27,1.9,1.8,2,637.631,338.257,25.9973,37.164,30.0007,37.0973,37.1049,21.7627,30.5761,15.56,26,400,18.651,99.6024,100.896
103,1682799984,15662.5,20230429 13:26:24,13:26:24,g3.esccal.2,54.19481742,1682799976,0.001847897,4.896991547,394.3771667,294.9610779,29.85528979,39.9179603,0.090359038,2.949280594,0.088848781,0.055664076,321.4447234,32.48871297,31.84474333,4.733281791,59.67554243,2.705488768,4.533664309,2.027793023,-81.49227856,-120.5693349,-9.222471873,110.160638,0,0,1,0,52755.02896,RECT-1505-20210918-17_20_47,10288.4,812.936,2752.91,1939.974,0.704699391,-1,MPF-1184-20230429-13_36_19,10219.4,2.229811538,2.0728,-0.075748523,0.5,1681.19685,4.896991547,-63.67408912,1,0.003507615,1327.111733,-,0,2.0728,-0.075748523,0.999247051,0.000193635,1.417976323,0,1,1184,300,300,300,10219.4,1.33,-0.00681556,-0.36,1999.996333,1681.19685,0.840599966,0.191199932,6,0.5,0: Broadleaf,2,1682799976,394.3771667,399.9977,26.72939667,24.93256333,402.7274667,27.36533333,600.5579667,101.1025,0.115226767,31.08645333,31.84474333,999.9,0,0,10002.631,0,359.6740667,1999.996333,0.980000367,0.019999683,0,2.252513333,0,3379.772667,16306.03,47.875,50.187,48.4979,48.4874,47.25,1959.999,39.99766667,0,275,0,2.229811538,-0.265494015,-50.14529905,3379.634231,15,1682799966,13:26:06,1682799961,1682799966,42,0.023,-0.153,-8.394,-0.714,400,25,0.49,0.08,-3.986337537,-24.00528652,2.671271261,0,2.215461765,-0.066368093,0.187424206,1,1.317241066,7.067674638,0.779314653,0,1,3,3-Jan,100,100,-8.347,-0.6268,-5.194009852,-0.007814304,-3.18E-07,6.48E-10,-0.862453283,-0.027428369,0.001386821,-3.01E-06,5,2011,2,27,0.4,0.3,2,632.044,341.796,26,37.5519,30.0017,37.4253,37.4325,21.8726,18.9023,26.1091,26,400,24.7898,99.5019,100.802
104,1682800020,15698.5,20230429 13:27:00,13:27:00,g3.esccal.2,53.21163386,1682800013,0.002047052,5.364733949,393.8010357,295.8944523,29.94974952,39.8596266,0.100818816,2.948641602,0.098942189,0.062004566,321.4481107,32.46520721,31.87,4.740060141,59.97052647,2.723134032,4.54078727,2.016926109,-90.27499626,-120.1780421,-9.196925919,101.7981465,0,0,1,0,52731.90825,RECT-1505-20210918-17_20_47,10288.4,812.936,2752.91,1939.974,0.704699391,-1,MPF-1185-20230429-13_36_55,10219.2,2.149812,1.5784,-0.362019767,0.5,1681.2114,5.364733949,-304.3158795,1,0.003785802,1743.114293,-,0,1.5784,-0.362019767,0.999426643,0.000704267,1.418231172,0,1,1185,300,300,300,10219.2,1.24,-0.00681488,-0.42,2000.013214,1681.2114,0.840600146,0.191200292,6,0.5,0: Broadleaf,2,1682800013,393.8010357,399.9699643,26.90373929,24.91238571,402.1467857,27.53282143,600.1883571,101.1035,0.114178429,31.11400714,31.87,999.9,0,0,9998.901786,0,368.0955714,2000.013214,0.979993,0.020007,0,2.153553571,0,3353.407143,16306.10357,48,50.27435714,48.562,48.5,47.33675,1960.003214,40.01,0,34.80000019,0,2.149812,0.172115385,-29.91615373,3353.3828,15,1682799966,13:26:06,1682799961,1682799966,42,0.023,-0.153,-8.394,-0.714,400,25,0.49,0.08,-6.1786105,-0.09864833,0.057120046,1,2.202776471,-0.462331138,0.178436207,1,2.03447725,-0.722830131,0.071574803,0,2,3,3-Feb,100,100,-8.345,-0.6268,-5.194009852,-0.007814304,-3.18E-07,6.48E-10,-0.862453283,-0.027428369,0.001386821,-3.01E-06,5,2011,2,27,1,0.9,2,633.152,341.349,26.0006,37.6733,30.0018,37.5277,37.5379,21.8711,18.306,25.7342,26,400,25.0474,99.4706,100.769
105,1682800058,15736.5,20230429 13:27:38,13:27:38,g3.esccal.2,52.2271597,1682800051,0.002063807,5.339156321,393.8589655,297.568514,30.12052779,39.86725529,0.102229498,2.94885377,0.100300664,0.062858182,321.4446452,32.45844904,31.86881724,4.739742525,60.2148241,2.733863949,4.540184231,2.005878576,-91.01388492,-120.3692798,-9.2107387,100.8507418,0,0,1,0,52738.49994,RECT-1505-20210918-17_20_47,10288.4,812.936,2752.91,1939.974,0.704699391,-1,MPF-1186-20230429-13_37_33,10218.6,2.22498,1.6712,-0.331366683,0.5,1681.193069,5.339156321,-278.5456851,1,0.00377063,1646.265438,-,0,1.6712,-0.331366683,0.999392933,0.000682613,1.418183336,0,1,1186,300,300,300,10218.6,1.1,-0.00681408,-0.29,1999.991379,1681.193069,0.840600158,0.191200316,6,0.5,0: Broadleaf,2,1682800051,393.8589655,400.0090345,27.00855172,25.00111724,402.2053103,27.63338276,600.1888966,101.1077586,0.114401552,31.11167586,31.86881724,999.9,0,0,9999.685862,0,332.6115517,1999.991379,0.979993207,0.020006793,0,2.233734483,0,3335.667241,16305.93448,48.062,50.375,48.64637931,48.53848276,47.437,1959.981034,40.01034483,0,37.20000005,0,2.22498,0.451207681,-20.04538459,3335.55,15,1682799966,13:26:06,1682799961,1682799966,42,0.023,-0.153,-8.394,-0.714,400,25,0.49,0.08,-6.15676725,0.130691595,0.025179442,1,2.18539697,0.52920761,0.189298809,1,2.013263,-0.112511595,0.013019314,0,2,3,3-Feb,100,100,-8.346,-0.6248,-5.194009852,-0.007814304,-3.18E-07,6.48E-10,-0.862453283,-0.027428369,0.001386821,-3.01E-06,5,2011,2,27,1.6,1.5,2,633.329,340.577,25.9978,37.8061,30.0018,37.651,37.6589,21.8676,18.306,24.9724,26,400,24.9567,99.4344,100.736