Sys,Sys,Sys,Sys,Sys,UserDefCon,UserDefVar,GasEx,GasEx,GasEx,GasEx,GasEx,GasEx,GasEx,GasEx,GasEx,GasEx,GasEx,GasEx,GasEx,GasEx,GasEx,GasEx,GasEx,GasEx,GasEx,GasEx,GasEx,GasEx,GasEx,Leak,Leak,Leak,Leak,Leak,FLR,FLR,FLR,FLR,FLR,FLR,FLR,FLR,FLR,FLR,FLR,FLR,FLR,FLR,FLR,FLR,FLR,FLR,FLR,FLR,FLR,FLR,FLR,FLR,FLR,FLR,FLR,FLR,MPF,MPF,MPF,MPF,MPF,MPF,MPF,MPF,LeafQ,LeafQ,LeafQ,LeafQ,Const,Const,Const,Const,Meas,Meas,Meas,Meas,Meas,Meas,Meas,Meas,Meas,Meas,Meas,Meas,Meas,Meas,Meas,Meas,Meas,Meas,FlrLS,FlrLS,FlrLS,FlrLS,FlrLS,FlrLS,FlrLS,FlrLS,FlrLS,FlrLS,FlrLS,FlrLS,FlrLS,FlrLS,FlrLS,FlrLS,FlrLS,FlrLS,FlrStats,FlrStats,FlrStats,FlrStats,FlrStats,MchEvent,MchEvent,MchEvent,MchEvent,MchEvent,MchEvent,MchEvent,MchEvent,MchEvent,MchEvent,MchEvent,MchEvent,MchEvent,Stability,Stability,Stability,Stability,Stability,Stability,Stability,Stability,Stability,Stability,Stability,Stability,Stability,Stability,Stability,MchStatus,MchStatus,MchStatus,MchStatus,MchStatus,MchStatus,MchStatus,MchStatus,MchStatus,MchStatus,MchStatus,MchStatus,MchStatus,MchStatus,MchStatus,MchStatus,MchStatus,MchStatus,Status,Status,Status,Status,Status,Status,Status,Status,Status,Status,Status,Status,Status,Status,Status,Status
obs,time,elapsed,date,hhmmss,plant id,WUE,TIME,E,A,Ca,Ci,Pci,Pca,gsw,gbw,gtw,gtc,Rabs,TleafEB,TleafCnd,SVPleaf,RHcham,VPcham,SVPcham,VPDleaf,LatHFlux,SenHFlux,NetTherm,EBSum,Leak,LeakPct,CorrFact,CorrFactPct,Fan,DarkAdaptedID,Qmax_d,Fo,Fm,Fv,Fv/Fm,Adark,LightAdaptedID,Qmax,Fs,Fm',PhiPS2,PS2/1,Qabs_fs,Afs,ETR,Fv'/Fm',PhiCO2,NPQ,DarkPulseID,Fo',Fv',qP,qN,qP_Fo,qN_Fo,qL,1-qL,ID,P1_dur,P2_dur,P3_dur,P1_Qmax,P1_Fmax,P2_dQdt,P3_ΔF,Qin,Qabs,alpha,convert,S,K,Geometry,Custom,TIME,CO2_s,CO2_r,H2O_s,H2O_r,CO2_a,H2O_a,Flow,Pa,ΔPcham,Tair,Tleaf,Tleaf2,Offset,Offset2,Fan_speed,Qamb_in,Qamb_out,Q,f_red,f_blue,f_farred,F,Q_modavg,F_dc,Pc,Tled,TDigital,TPreamp,TPwrSpy,TDrive,Q_red,Q_blue,Q_farred,TSPF,state,F_avg,dF/dt,dF_dc/dt,F_dc_avg,period,time,hhmmss,co2_t,h2o_t,count,co2_adj,h2o_adj,co2_match,h2o_match,co2_at,h2o_at,co2_cv,h2o_cv,ΔCO2:MN,ΔCO2:SLP,ΔCO2:SD,ΔCO2:OK,F:MN,F:SLP,F:SD,F:OK,ΔH2O:MN,ΔH2O:SLP,ΔH2O:SD,ΔH2O:OK,Stable,Total,State,MatchValveR,MatchValveS,MatchCO2,MatchH2O,cf_co2_a,cf_co2_b,cf_co2_c,cf_co2_d,cf_h2o_a,cf_h2o_b,cf_h2o_c,cf_h2o_d,co2_fit_low,co2_fit_high,h2o_fit_low,h2o_fit_high,co2_elapsed,h2o_elapsed,DIAG,Flow_s,Flow_r,Txchg,Tirga,Tchopper,Ts,Tr,CO2_%,Desiccant_%,Humidifier_%,Txchg_sp,CO2_r_sp,H2O_r_sp,SS_s,SS_r
,s,s,,,,,s,mol m⁻² s⁻¹,µmol m⁻² s⁻¹,µmol mol⁻¹,µmol mol⁻¹,Pa,Pa,mol m⁻² s⁻¹,mol m⁻² s⁻¹,mol m⁻² s⁻¹,mol m⁻² s⁻¹,W m⁻²,°C,°C,kPa,%,kPa,kPa,kPa,W m⁻²,W m⁻²,W m⁻²,W m⁻²,µmol s⁻¹,%,,%,µmol s⁻¹,,,,,,,µmol m⁻² s⁻¹,,,,,,,µmol m⁻² s⁻¹,µmol m⁻² s⁻¹,µmol m⁻² s⁻¹,,µmol µmol⁻¹,,,,,,,,,,,,ms,ms,ms,µmol m⁻² s⁻¹,,mol m⁻² s⁻²,,µmol m⁻² s⁻¹,µmol m⁻² s⁻¹,,J/µmol,cm²,,,mol m⁻² s⁻¹,s,µmol mol⁻¹,µmol mol⁻¹,mmol mol⁻¹,mmol mol⁻¹,µmol mol⁻¹,mmol mol⁻¹,µmol s⁻¹,kPa,kPa,°C,°C,°C,°C,°C,rpm,µmol m⁻² s⁻¹,µmol m⁻² s⁻¹,µmol m⁻² s⁻¹,,,,,µmol m⁻² s⁻¹,,,°C,°C,°C,°C,°C,µmol m⁻² s⁻¹,µmol m⁻² s⁻¹,µmol m⁻² s⁻¹,s,,,min⁻¹,min⁻¹,,s,secs,,s,s,,µmol/mol,mmol/mol,µmol/mol,mmol/mol,µmol/mol,mmol/mol,%,%,µmol mol⁻¹,µmol mol⁻¹ min⁻¹,µmol mol⁻¹,,, min⁻¹,,,mmol mol⁻¹,mmol mol⁻¹ min⁻¹,mmol mol⁻¹,,,,,%,%,µmol/mol,mmol/mol,mmol/mol,,,,mmol/mol,,,,µmol mol⁻¹,µmol mol⁻¹,mmol mol⁻¹,mmol mol⁻¹,min,min,,µmol s⁻¹,µmol s⁻¹,°C,°C,°C,°C,°C,%,%,%,°C,µmol mol⁻¹,mmol mol⁻¹,%,%
1,1682968436,0,20230501 12:13:55,12:13:55,d5.brodia.2,62.12644936,1682968428,0.000734911,4.455723325,393.946,287.7399998,29.01706523,39.72738161,0.071720231,2.944085181,0.070763559,0.044312115,321.445499,23.24491682,21.46279032,2.567806814,59.75406898,1.541830181,2.580293204,1.025976633,-32.40955685,12.57688847,0.872168931,302.4849995,0,0,1,0,54302.71528,RECT-1505-20210918-17_20_47,10288.4,812.936,2752.91,1939.974,0.704699391,-1,MPF-1440-20230501-12_23_52,10311.8,2.382703846,2.1772,-0.094389053,0.5,1681.20271,4.455723325,-79.34356582,1,0.003245131,1263.426787,-,0,2.1772,-0.094389053,0.999209128,0.000253471,1.417922508,0,1,1440,300,300,300,10311.8,1.41,-0.00688038,-0.39,2000.003548,1681.20271,0.840599863,0.191199727,6,0.5,0: Broadleaf,2,1682968428,393.946,398.6899677,15.28914839,14.56566774,401.8579032,15.96411935,600.1607097,100.748871,0.09586819,21.54202903,21.46279032,999.9,0,0,10008.14645,0,143.1696452,2000.003548,0.980002677,0.0199972,0,2.375545161,0,5255.001935,16306.09032,39.647,40.06606452,40.272,38.062,38.554,1960.012581,39.99096774,0,3537.9,0,2.382703846,0.683182903,-662.0338466,5252.308846,15,1682968414,12:13:34,1682968412,1682968414,17,0.175,0.01,-7.967,-0.687,400,14,0.23,0.16,-3.914675717,-16.90421649,1.808681707,0,2.370715152,0.531472323,0.188688257,1,0.638067433,1.11414565,0.211534644,0,1,3,3-Jan,100,100,-7.916,-0.6737,-4.762230226,-0.007814304,-3.18E-07,6.48E-10,-0.578305033,-0.027428369,0.001386821,-3.01E-06,5,2011,2,27,0.4,0.4,2,599.812,471.085,20.001,19.2864,30.0006,19.3173,19.3335,20.2487,20.2452,100,20,400,14.4851,102.637,104.093
2,1682968480,44.5,20230501 12:14:40,12:14:40,d5.brodia.2,56.05046597,1682968472,0.000757151,4.019232386,394.6755333,298.0370878,30.05463319,39.79983991,0.071707386,2.942921455,0.070750681,0.044304068,321.4451443,23.41087249,21.66298667,2.599456148,59.15474731,1.542441422,2.607468533,1.057014726,-33.3903456,7.987411922,0.555170877,296.5973815,0,0,1,0,54236.5981,RECT-1505-20210918-17_20_47,10288.4,812.936,2752.91,1939.974,0.704699391,-1,MPF-1441-20230501-12_24_36,10310.9,2.275544,1.7284,-0.316560981,0.5,1681.2011,4.019232386,-266.101335,1,0.002985504,1591.750521,-,0,1.7284,-0.316560981,0.999372155,0.000674481,1.418153852,0,1,1441,300,300,300,10310.9,1.5,-0.0068797,-0.58,2000.001667,1681.2011,0.84059985,0.191199699,6,0.5,0: Broadleaf,2,1682968472,394.6755333,398.9924,15.29563667,14.55027333,402.5931667,15.9705,600.1660333,100.7432333,0.098690103,21.71333,21.66298667,999.9,0,0,10002.08567,0,139.4983333,2000.001667,0.9800049,0.019994903,0,2.260876667,0,4822.865333,16306.1,39.812,40.18493333,40.375,38.1808,38.687,1960.011667,39.99,0,43.5999999,0,2.275544,0.330069229,-451.0961545,4817.5592,15,1682968414,12:13:34,1682968412,1682968414,17,0.175,0.01,-7.967,-0.687,400,14,0.23,0.16,-4.438647805,2.804614077,0.295685699,0,2.250767647,0.272376162,0.166547184,1,0.765270049,-0.395078927,0.0414959,0,1,3,3-Jan,100,100,-7.914,-0.6748,-4.762230226,-0.007814304,-3.18E-07,6.48E-10,-0.578305033,-0.027428369,0.001386821,-3.01E-06,5,2011,2,27,1.1,1.1,2,601.191,471.756,20.0028,19.3637,30.0007,19.3609,19.3758,20.4607,18.3399,100,20,400,14.8292,102.62,104.079
3,1682968520,84,20230501 12:15:19,12:15:19,d5.brodia.2,73.89661453,1682968512,0.000586039,4.075161164,395.3786667,270.3801589,27.26522529,39.87011646,0.055146791,2.941950188,0.054578883,0.034162339,321.4431759,23.5639069,21.81562,2.6238151,59.56844866,1.563526676,2.624756412,1.060288424,-25.84430321,0.931548365,0.064855341,296.5952764,0,0,1,0,54187.9222,RECT-1505-20210918-17_20_47,10288.4,812.936,2752.91,1939.974,0.704699391,-1,MPF-1442-20230501-12_25_16,10310,2.291416,2.95769,0.225268368,0.5,1681.19074,4.075161164,189.3595473,1,0.00301879,929.7635351,-,0,2.95769,0.225268368,0.998925613,-0.000822583,1.417520188,0,1,1442,300,300,300,10310,1.19,-0.00687909,-0.64,1999.989333,1681.19074,0.840599853,0.191199706,6,0.5,0: Broadleaf,2,1682968512,395.3786667,399.6843,15.50497333,14.92818667,403.3017,16.17678333,600.1721,100.7405,0.099833123,21.82149333,21.81562,999.9,0,0,9996.833333,0,135.2379667,1999.989333,0.9800058,0.019994,0,2.265503333,0,4529.807667,16305.99,39.937,40.29133333,40.479,38.25413333,38.812,1959.999333,39.99,0,38.5999999,0,2.291416,0.079207697,-346.3361533,4526.9524,15,1682968414,12:13:34,1682968412,1682968414,17,0.175,0.01,-7.967,-0.687,400,14,0.23,0.16,-4.356037073,0.848818537,0.095921407,0,2.228930303,0.518203597,0.205547152,1,0.580045902,-0.072059059,0.00738557,1,2,3,3-Feb,100,100,-7.925,-0.6719,-4.762230226,-0.007814304,-3.18E-07,6.48E-10,-0.578305033,-0.027428369,0.001386821,-3.01E-06,5,2011,2,27,1.8,1.8,2,601.546,471.855,20.002,19.4411,30.0007,19.4129,19.4244,20.5922,18.3399,100,20,400,14.9423,102.609,104.064
4,1682968728,292,20230501 12:18:47,12:18:47,e6.brodia.2,42.79558702,1682968720,0.00101749,4.151511742,395.4435667,319.8026641,32.24698042,39.87415486,0.09700794,2.942924914,0.095265871,0.059695082,321.448226,23.08921407,21.72881333,2.609937123,60.57996217,1.555219181,2.567217154,1.054717942,-44.87132843,-42.80195865,-2.972125391,230.8028135,0,0,1,0,54283.42441,RECT-1505-20210918-17_20_47,10288.4,812.936,2752.91,1939.974,0.704699391,-1,MPF-1443-20230501-12_28_44,10345.7,2.276276923,2.3016,0.01100238,0.5,1681.21608,4.151511742,9.248688764,1,0.003064158,1195.085332,-,0,2.3016,0.01100238,0.999163939,-3.12E-05,1.417858384,0,1,1443,300,300,300,10345.7,1.61,-0.00690252,-0.71,2000.019333,1681.21608,0.840599914,0.191199828,6,0.5,0: Broadleaf,2,1682968720,395.4435667,399.9964667,15.42356,14.42197667,403.498,16.10461,600.1280667,100.7380667,0.095928923,21.45904,21.72881333,999.9,0,0,10002.61833,0,116.9838,2000.019333,0.9800026,0.01999728,0,2.28127,0,6516.355333,16306.23333,39.8708,40.437,40.64153333,38.04966667,38.812,1960.024667,39.99466667,0,207.1999998,0,2.276276923,0.243001698,-427.3651283,6514.375769,15,1682968697,12:18:16,1682968697,1682968696,18,-0.13,-0.008,-8.081,-0.698,399,14,0.54,0.06,-4.676967561,2.572450662,0.261284984,0,2.277794118,-0.184278107,0.199505116,1,0.984950024,0.512151596,0.056249191,0,1,3,3-Jan,100,100,-8.057,-0.6814,-4.89201636,-0.007814304,-3.18E-07,6.48E-10,-0.586453211,-0.027428369,0.001386821,-3.01E-06,5,2011,2,27,0.5,0.5,2,600.007,469.829,19.9987,19.7159,30.0003,19.6392,19.6338,20.9307,22.5237,100,20,400,14.2381,102.558,104.021
5,1682968765,329,20230501 12:19:24,12:19:24,e6.brodia.2,40.33791412,1682968758,0.000943964,3.549483562,395.66108,323.9399657,32.66483988,39.8969167,0.087993731,2.94271345,0.08655769,0.054225626,321.4472439,23.05148093,21.711864,2.607234906,59.81063805,1.53011629,2.558267793,1.077118616,-41.62881877,-49.15472773,-3.412215518,227.2514819,0,0,1,0,54287.64511,RECT-1505-20210918-17_20_47,10288.4,812.936,2752.91,1939.974,0.704699391,-1,MPF-1444-20230501-12_29_21,10344.9,2.299996154,2.568,0.104362868,0.5,1681.211832,3.549483562,87.72804462,1,0.002706074,1071.005452,-,0,2.568,0.104362868,0.999067169,-0.000330719,1.417721062,0,1,1444,300,300,300,10344.9,1.55,-0.00690221,-1.21,2000.0144,1681.211832,0.840599864,0.191199727,6,0.5,0: Broadleaf,2,1682968758,395.66108,399.58304,15.174292,14.244892,403.71716,15.858912,600.15504,100.73672,0.099371076,21.402028,21.711864,999.9,0,0,10001.5492,0,116.118,2000.0144,0.9800032,0.01999666,0,2.32322,0,6251.074,16306.18,39.875,40.375,40.62748,37.937,38.75,1960.0232,39.9912,0,36.20000005,0,2.299996154,0.124119639,-317.8317944,6256.682308,15,1682968697,12:18:16,1682968697,1682968696,18,-0.13,-0.008,-8.081,-0.698,399,14,0.54,0.06,-3.987431951,0.818649826,0.091923494,0,2.358406061,-0.481193468,0.247503094,1,0.971312415,-0.661741024,0.066235927,0,1,3,3-Jan,100,100,-8.056,-0.6846,-4.89201636,-0.007814304,-3.18E-07,6.48E-10,-0.586453211,-0.027428369,0.001386821,-3.01E-06,5,2011,2,27,1.1,1.1,2,601.01,470.43,19.9983,19.7359,30.0002,19.6599,19.6579,21.0223,21.0044,100,20,400,14.3518,102.552,104.018
6,1682968802,366.5,20230501 12:20:02,12:20:02,e6.brodia.2,44.69436998,1682968794,0.000848023,3.53157083,396.0131,317.3861015,32.0044415,39.93299654,0.079016011,2.942020422,0.077855699,0.048762642,321.449616,23.03780633,21.71853,2.608297368,60.04737216,1.53250208,2.552155115,1.075795288,-37.39779951,-56.39280098,-3.914943971,223.7440716,0,0,1,0,54274.34758,RECT-1505-20210918-17_20_47,10288.4,812.936,2752.91,1939.974,0.704699391,-1,MPF-1445-20230501-12_29_58,10344.6,2.249538462,1.8464,-0.218337555,0.5,1681.22437,3.53157083,-183.5372092,1,0.002695399,1489.960789,-,0,1.8464,-0.218337555,0.999329292,0.000497033,1.418093026,0,1,1445,300,300,300,10344.6,1.19,-0.00690201,-0.24,2000.029333,1681.22437,0.840599856,0.191199712,6,0.5,0: Broadleaf,2,1682968794,396.0131,399.8795667,15.19773,14.36279667,404.072,15.88203667,600.1446667,100.7378333,0.09973124,21.36298667,21.71853,999.9,0,0,9997.497333,0,117.1968333,2000.029333,0.9800039,0.019995937,0,2.243093333,0,6062.983667,16306.32,39.875,40.375,40.625,37.875,38.75,1960.038333,39.991,0,36.79999995,0,2.249538462,0.118283767,-213.2389743,6061.563846,15,1682968697,12:18:16,1682968697,1682968696,18,-0.13,-0.008,-8.081,-0.698,399,14,0.54,0.06,-3.90866561,0.727064739,0.078622841,0,2.260494118,0.114304311,0.1809186,1,0.838455293,-0.096693763,0.01208493,1,2,3,3-Feb,100,100,-8.058,-0.6848,-4.89201636,-0.007814304,-3.18E-07,6.48E-10,-0.586453211,-0.027428369,0.001386821,-3.01E-06,5,2011,2,27,1.8,1.8,2,601.087,470.667,19.9989,19.75,30.0002,19.679,19.6777,21.0646,21.5714,100,20,400,14.374,102.552,104.017
7,1682969105,669,20230501 12:25:04,12:25:04,i7.brodia.2,27.88058415,1682969097,0.001527838,4.242990778,395.1019667,343.3210487,34.61918214,39.84057197,0.152184429,2.941730923,0.147942052,0.092835093,321.4448302,23.00160015,21.39754,2.557564458,59.72067885,1.537346006,2.574227279,1.020218452,-67.37767731,16.81684247,1.166513794,272.0505092,0,0,1,0,54239.85428,RECT-1505-20210918-17_20_47,10288.4,812.936,2752.91,1939.974,0.704699391,-1,MPF-1446-20230501-12_35_01,10323.9,2.328234615,2.0564,-0.132189562,0.5,1681.194139,4.242990778,-111.1181585,1,0.003118611,1337.70356,-,0,2.0564,-0.132189562,0.999253009,0.000335234,1.417984777,0,1,1446,300,300,300,10323.9,1.66,-0.0068882,-0.28,1999.992667,1681.194139,0.840600152,0.191200304,6,0.5,0: Broadleaf,2,1682969097,395.1019667,399.9474333,15.24597667,13.74179667,403.1434,15.92617,600.1456333,100.7371,0.099077307,21.50357667,21.39754,999.9,0,0,9995.924,0,108.8181667,1999.992667,0.979997,0.0200033,0,2.31705,0,9305.443667,16305.97,40.0893,40.4769,40.64566667,38.4184,38.92666667,1959.983667,40.01,0,301.3,0,2.328234615,-0.491935045,-1672.961027,9305.390385,15,1682969044,12:24:03,1682969040,1682969044,19,0.01,0.003,-8.076,-0.701,399,14,0.77,0.07,-4.839697805,-0.003565923,0.022924963,1,2.302722857,0.157589824,0.171602851,1,1.5117,-0.139085226,0.014322476,0,2,3,3-Feb,100,100,-8.041,-0.6806,-4.881864224,-0.007814304,-3.18E-07,6.48E-10,-0.582976412,-0.027428369,0.001386821,-3.01E-06,5,2011,2,27,1.1,1,2,601.524,469.619,20.0011,19.8176,30.0005,19.7889,19.7956,21.2524,25.6285,100,20,400,13.8589,102.529,103.99
8,1682969144,708,20230501 12:25:43,12:25:43,i7.brodia.2,32.92863432,1682969137,0.001414624,4.531901153,394.8484444,334.8583208,33.76641432,39.81569321,0.137627972,2.941219811,0.134147769,0.084147708,321.4431938,23.12409896,21.54244815,2.580359389,59.43495146,1.538715224,2.588906335,1.041644165,-62.38490946,8.569667715,0.595265775,268.2232178,0,0,1,0,54207.65462,RECT-1505-20210918-17_20_47,10288.4,812.936,2752.91,1939.974,0.704699391,-1,MPF-1447-20230501-12_35_40,10322.6,2.22886,2.71156,0.178015607,0.5,1681.188178,4.531901153,149.6388672,1,0.003290471,1014.249524,-,0,2.71156,0.178015607,0.99901502,-0.000595761,1.417647061,0,1,1447,300,300,300,10322.6,1.79,-0.00688725,-0.22,1999.985926,1681.188178,0.840600004,0.191200008,6,0.5,0: Broadleaf,2,1682969137,394.8484444,399.9375926,15.25929259,13.86661481,402.8878148,15.9392963,600.155037,100.7383704,0.099542944,21.59649259,21.54244815,999.9,0,0,9992.892222,0,105.8361111,1999.985926,0.979999556,0.020000659,0,2.209803704,0,8148.26,16305.92593,40.25,40.569,40.75,38.60166667,39.08066667,1959.985926,40,0,38.4000001,0,2.22886,0.133753832,-1525.369231,8147.7096,15,1682969044,12:24:03,1682969040,1682969044,19,0.01,0.003,-8.076,-0.701,399,14,0.77,0.07,-5.081897561,-0.051546899,0.040080179,1,2.251214706,-0.350914887,0.189199291,1,1.39947561,-0.127023763,0.01427127,0,2,3,3-Feb,100,100,-8.04,-0.68,-4.881864224,-0.007814304,-3.18E-07,6.48E-10,-0.582976412,-0.027428369,0.001386821,-3.01E-06,5,2011,2,27,1.7,1.7,2,601.526,469.854,20.0004,19.8736,30.0006,19.8329,19.8397,21.2778,23.83,99.6272,20,400,14.0471,102.521,103.979
9,1682969181,745.5,20230501 12:26:21,12:26:21,i7.brodia.2,37.90167312,1682969175,0.001253808,4.612271032,394.8297727,326.9298294,32.96737035,39.81435211,0.121690434,2.942363409,0.118962013,0.074591301,321.4428284,23.15223078,21.61162273,2.591303551,59.93157231,1.550326549,2.586827759,1.040977002,-55.29294229,-4.482702744,-0.31134506,261.3558383,0,0,1,0,54243.92745,RECT-1505-20210918-17_20_47,10288.4,812.936,2752.91,1939.974,0.704699391,-1,MPF-1448-20230501-12_36_17,10321.7,2.298211538,2.6576,0.135230457,0.5,1681.186255,4.612271032,113.6737924,1,0.00333828,1034.863185,-,0,2.6576,0.135230457,0.999034622,-0.000443537,1.417674876,0,1,1448,300,300,300,10321.7,2.08,-0.00688666,0.05,1999.983636,1681.186255,0.840600005,0.19120001,6,0.5,0: Broadleaf,2,1682969175,394.8297727,399.9356364,15.37423182,14.14005,402.8690455,16.05256364,600.1701818,100.7393636,0.099921705,21.58336364,21.61162273,999.9,0,0,9999.295909,0,101.8144,1999.983636,0.980001364,0.019998791,0,2.287695455,0,7337.930455,16305.93182,40.437,40.687,40.812,38.78945455,39.25,1959.983636,40,0,36.60000014,0,2.298211538,0.405808559,-918.8704274,7367.349231,15,1682969044,12:24:03,1682969040,1682969044,19,0.01,0.003,-8.076,-0.701,399,14,0.77,0.07,-5.133573902,0.249515958,0.045599783,1,2.297082857,0.364865753,0.194206027,1,1.270213902,-0.401791986,0.040073613,0,2,3,3-Feb,100,100,-8.04,-0.6781,-4.881864224,-0.007814304,-3.18E-07,6.48E-10,-0.582976412,-0.027428369,0.001386821,-3.01E-06,5,2011,2,27,2.4,2.3,2,601.818,469.767,20.0002,19.9308,30.0005,19.8787,19.8838,21.2964,22.676,99.6272,20,400,14.1574,102.506,103.968
10,1682969383,947.5,20230501 12:29:43,12:29:43,i8.brodia.2,35.07024299,1682969375,0.00233648,7.827844043,391.2672,326.9037161,32.9641854,39.45444449,0.223204728,2.940618841,0.214201563,0.134654616,321.4458359,23.22089114,22.12067667,2.673098938,60.41052152,1.596462527,2.642689529,1.076636412,-103.0387881,-29.74744041,-2.076379707,186.5832277,0,0,1,0,54128.09241,RECT-1505-20210918-17_20_47,10288.4,812.936,2752.91,1939.974,0.704699391,-1,MPF-1449-20230501-12_39_39,10302.5,2.246068,2.8596,0.214551686,0.5,1681.20474,7.827844043,180.3526554,1,0.005250904,961.6905861,-,0,2.8596,0.214551686,0.998961245,-0.000757375,1.417570751,0,1,1449,300,300,300,10302.5,2.23,-0.00687385,-0.2,2000.006,1681.20474,0.840599848,0.191199696,6,0.5,0: Broadleaf,2,1682969375,391.2672,400.0069667,15.83201667,13.53312333,399.3136667,16.50553333,600.1555333,100.7406333,0.09696433,21.93303667,22.12067667,999.9,0,0,9989.252,0,102.7323333,2000.006,0.9800059,0.0199937,0,2.256166667,0,13578.49667,16306.13667,40.8624,41.25,41.3414,39.479,39.708,1960.016,39.99,0,201,0,2.246068,-0.80297692,-1744.315387,13566.824,15,1682969346,12:29:06,1682969338,1682969346,20,-0.035,-0.002,-8.115,-0.705,400,13,0.19,0.07,-8.890917561,2.48601554,0.269152337,0,2.264577143,-0.411956947,0.211394455,1,2.252903902,0.706388571,0.080374857,0,1,3,3-Jan,100,100,-8.047,-0.6744,-4.916782341,-0.007814304,-3.18E-07,6.48E-10,-0.58510616,-0.027428369,0.001386821,-3.01E-06,5,2011,2,27,0.8,0.6,2,602.715,466.227,20.0022,20.2704,30.0005,20.1728,20.1669,21.3123,27.6602,98.8658,20,400,13.3899,102.435,103.917
11,1682969425,989.5,20230501 12:30:25,12:30:25,i8.brodia.2,35.93710989,1682969417,0.002334307,7.760825473,391.2903333,325.37557,32.81138545,39.4583341,0.215955749,2.941993047,0.207519763,0.130430334,321.4478971,23.35911441,22.25756333,2.695475919,59.481391,1.585225214,2.665077576,1.110250705,-102.942939,-29.53294536,-2.063329454,186.9086832,0,0,1,0,54143.34799,RECT-1505-20210918-17_20_47,10288.4,812.936,2752.91,1939.974,0.704699391,-1,MPF-1450-20230501-12_40_21,10301,2.251608,2.6156,0.139161951,0.5,1681.210621,7.760825473,116.9802753,1,0.005211022,1051.496559,-,0,2.6156,0.139161951,0.999049878,-0.000449195,1.417696526,0,1,1450,300,300,300,10301,1.35,-0.0068727,-0.72,2000.012333,1681.210621,0.840600127,0.191200254,6,0.5,0: Broadleaf,2,1682969417,391.2903333,399.9623667,15.71995667,13.42292333,399.3371667,16.39522333,600.1511,100.7426333,0.098943217,22.07136333,22.25756333,999.9,0,0,9996.865333,0,105.6078,2000.012333,0.979994033,0.0200056,0,2.241676667,0,12126.30667,16306.11667,41,41.3936,41.4685,39.6229,39.8687,1960.002,40.00866667,0,40.79999995,0,2.251608,0.048769229,-2122.6,12115.596,15,1682969346,12:29:06,1682969338,1682969346,20,-0.035,-0.002,-8.115,-0.705,400,13,0.19,0.07,-8.65510439,-0.272781742,0.045459674,1,2.272588235,-0.343105046,0.174448055,1,2.318170244,-0.3922823,0.039046784,0,2,3,3-Feb,100,100,-8.045,-0.6749,-4.916782341,-0.007814304,-3.18E-07,6.48E-10,-0.58510616,-0.027428369,0.001386821,-3.01E-06,5,2011,2,27,1.4,1.3,2,603.744,465.932,20.0025,20.3487,30.0007,20.2396,20.2352,21.3206,26.2114,98.4945,20,400,13.5907,102.42,103.906
12,1682969464,1028.5,20230501 12:31:04,12:31:04,i8.brodia.2,39.11364462,1682969456,0.002326464,8.31959691,390.765871,319.6100745,32.2309811,39.40666584,0.212703188,2.944063358,0.20451974,0.128533855,321.4496571,23.49138189,22.41633548,2.721635742,59.52351193,1.599076468,2.686461897,1.122559274,-102.5970467,-33.9333855,-2.372593236,182.5466317,0,0,1,0,54180.48189,RECT-1505-20210918-17_20_47,10288.4,812.936,2752.91,1939.974,0.704699391,-1,MPF-1451-20230501-12_41_00,10299.4,2.257844,1.736,-0.300601382,0.5,1681.219539,8.31959691,-252.6884588,1,0.005543355,1584.77765,-,0,1.736,-0.300601382,0.999369395,0.000643299,1.418149934,0,1,1451,300,300,300,10299.4,1.89,-0.00687155,-0.42,2000.022903,1681.219539,0.840600143,0.191200286,6,0.5,0: Broadleaf,2,1682969456,390.765871,399.9920645,15.85682258,13.56787097,398.8086129,16.52996452,600.1629677,100.7449355,0.099761468,22.20254194,22.41633548,999.9,0,0,10008.41323,0,108.1182581,2000.022903,0.979996194,0.0200039,0,2.236103226,0,10752.76452,16306.22903,41.187,41.56809677,41.62093548,39.768,40.014,1960.012903,40.01,0,38.4000001,0,2.257844,0.084161526,-1706.107692,10722.9,15,1682969346,12:29:06,1682969338,1682969346,20,-0.035,-0.002,-8.115,-0.705,400,13,0.19,0.07,-9.224696829,-0.032314495,0.037710429,1,2.229915152,0.072478154,0.219119124,1,2.296466098,-0.135160767,0.014182175,0,2,3,3-Feb,100,100,-8.043,-0.6732,-4.916782341,-0.007814304,-3.18E-07,6.48E-10,-0.58510616,-0.027428369,0.001386821,-3.01E-06,5,2011,2,27,2.1,2,2,603.69,465.56,20.0018,20.428,30.0007,20.3093,20.3037,21.323,25.7496,98.1245,20,400,13.6939,102.406,103.891
13,1682969699,1263.6,20230501 12:34:59,12:34:59,d7.brodia.2,46.84193918,1682969691,0.001364082,5.977815813,393.4151,310.7788487,31.33845315,39.67136352,0.127616745,2.942931965,0.124620196,0.07815099,321.4467403,23.51719058,22.13356,2.675198034,60.18355177,1.594798862,2.649891565,1.080399172,-60.1560044,-24.73710783,-1.725804265,234.8278238,0,0,1,0,54188.33681,RECT-1505-20210918-17_20_47,10288.4,812.936,2752.91,1939.974,0.704699391,-1,MPF-1452-20230501-12_44_55,10310.6,2.343528,2.3604,0.007147941,0.5,1681.2095,5.977815813,6.00859318,1,0.004150474,1165.289612,-,0,2.3604,0.007147941,0.99914258,-2.08E-05,1.417828074,0,1,1452,300,300,300,10310.6,0.8,-0.00687861,-0.31,2000.011667,1681.2095,0.840599847,0.191199693,6,0.5,0: Broadleaf,2,1682969691,393.4151,399.926,15.81538667,14.47361333,401.5542,16.49936667,600.3286333,100.7444667,0.09396968,21.97764667,22.13356,999.9,0,0,10002.023,0,133.8498,2000.011667,0.9800047,0.01999511,0,2.335063333,0,7592.599667,16306.18,41.16643333,41.67463333,41.7331,39.77476667,40.1019,1960.021667,39.99,0,234.3999999,0,2.343528,-0.14000769,-1431.240002,7573.4112,15,1682969680,12:34:40,1682969680,1682969673,21,-0.075,-0.01,-8.19,-0.707,400,14,0.42,0.1,-4.909887418,-23.78527202,2.710486598,0,2.340978788,-0.108424264,0.203447123,1,1.014095992,4.476539875,0.550471092,0,1,3,3-Jan,100,100,-8.139,-0.6805,-4.991897088,-0.007814304,-3.18E-07,6.48E-10,-0.59552068,-0.027428369,0.001386821,-3.01E-06,5,2011,2,27,0.3,0.4,2,600.875,466.76,20.001,20.7194,30.0004,20.6341,20.6231,21.3596,26.5098,100,20,400,14.155,102.359,103.833
14,1682969741,1305.1,20230501 12:35:40,12:35:40,d7.brodia.2,44.01709994,1682969736,0.001513614,6.079960265,393.2538125,314.9099462,31.75552899,39.65572696,0.138127234,2.942293596,0.134623327,0.084446988,321.4434171,23.56611202,22.271525,2.697767431,59.61094654,1.588083653,2.664080584,1.109683778,-66.75037748,-32.72432354,-2.286153596,219.6825625,0,0,1,0,54153.34717,RECT-1505-20210918-17_20_47,10288.4,812.936,2752.91,1939.974,0.704699391,-1,MPF-1453-20230501-12_45_37,10311.2,2.360207692,1.9484,-0.211356853,0.5,1681.191844,6.079960265,-177.6657087,1,0.004211274,1411.908027,-,0,1.9484,-0.211356853,0.99929224,0.000507785,1.418040448,0,1,1453,300,300,300,10311.2,1.85,-0.00687912,-0.93,1999.990625,1681.191844,0.840599862,0.191199724,6,0.5,0: Broadleaf,2,1682969736,393.2538125,399.927375,15.74854375,14.25913125,401.3916875,16.433625,600.14675,100.742375,0.097656813,22.065225,22.271525,999.9,0,0,9998.6,0,130.10125,1999.990625,0.980002563,0.019997319,0,2.3865125,0,6770.265625,16305.9875,40.85925,41.4215,41.437,39.444875,39.8435,1960,39.990625,0,40.5999999,0,2.360207692,-0.14606496,-785.0075202,6813.799615,15,1682969680,12:34:40,1682969680,1682969673,21,-0.075,-0.01,-8.19,-0.707,400,14,0.42,0.1,-6.712592,0.245430169,0.069214001,1,2.345839394,0.218469682,0.176802708,1,1.5910265,-0.937328105,0.091582455,0,2,3,3-Feb,100,100,-8.137,-0.6844,-4.991897088,-0.007814304,-3.18E-07,6.48E-10,-0.59552068,-0.027428369,0.001386821,-3.01E-06,5,2011,2,27,1,1.1,2,603.369,467.12,20.001,20.7769,30.0005,20.684,20.6784,21.3579,24.7009,99.6246,20,400,14.3542,102.351,103.826
15,1682969777,1341.1,20230501 12:36:16,12:36:16,d7.brodia.2,44.25995578,1682969769,0.001526606,6.132476173,393.2693226,314.4916734,31.71389185,39.65796813,0.138555859,2.941978433,0.135030103,0.084703117,321.4495924,23.62012711,22.40539032,2.719825278,60.0055291,1.604184111,2.673393827,1.115641167,-67.32334477,-44.87069823,-3.138093481,206.1174559,0,0,1,0,54133.52543,RECT-1505-20210918-17_20_47,10288.4,812.936,2752.91,1939.974,0.704699391,-1,MPF-1454-20230501-12_46_13,10311.8,2.268684,2.326,0.024641445,0.5,1681.221939,6.132476173,20.71386858,1,0.004242436,1182.538263,-,0,2.326,0.024641445,0.999155076,-7.07E-05,1.417845806,0,1,1454,300,300,300,10311.8,1.78,-0.00687964,-0.75,2000.026129,1681.221939,0.840599987,0.191199975,6,0.5,0: Broadleaf,2,1682969769,393.2693226,400.0004516,15.90793548,14.40599677,401.4073548,16.5905129,600.1528387,100.7420968,0.099656842,22.1224871,22.40539032,999.9,0,0,9996.835484,0,130.2790323,2000.026129,0.980002097,0.0199978,0,2.297006452,0,6403.480645,16306.28065,40.68116129,41.268,41.23374194,39.264,39.69722581,1960.026129,39.99967742,0,35,0,2.268684,-0.366684617,-504.34923,6397.8788,15,1682969680,12:34:40,1682969680,1682969673,21,-0.075,-0.01,-8.19,-0.707,400,14,0.42,0.1,-6.7432355,0.221723077,0.046014345,1,2.286202857,-0.294683366,0.186981723,1,1.50950075,-0.203980976,0.019661705,0,2,3,3-Feb,100,100,-8.138,-0.6827,-4.991897088,-0.007814304,-3.18E-07,6.48E-10,-0.59552068,-0.027428369,0.001386821,-3.01E-06,5,2011,2,27,1.6,1.7,2,603.7,466.955,20.0011,20.8303,30.0006,20.7338,20.7285,21.3575,24.9786,99.6246,20,400,14.4043,102.344,103.819
16,1682969984,1548.1,20230501 12:39:43,12:39:43,d8.brodia.2,34.297275,1682969976,0.000862038,2.686965526,396.9887,334.8948013,33.76963793,40.03097274,0.078343411,2.942865858,0.077202938,0.04835292,321.446238,23.63174151,22.06301,2.663720902,58.97981057,1.56138111,2.647314556,1.102339792,-38.01588827,-16.07394634,-1.120943891,266.2354595,0,0,1,0,54189.17008,RECT-1505-20210918-17_20_47,10288.4,812.936,2752.91,1939.974,0.704699391,-1,MPF-1455-20230501-12_49_40,10303,2.320332,2.93086,0.208310189,0.5,1681.2042,2.686965526,175.1059822,1,0.00219305,938.2840327,-,0,2.93086,0.208310189,0.998935359,-0.000753733,1.417534018,0,1,1455,300,300,300,10303,1.48,-0.00687444,-0.09,2000.005,1681.2042,0.840599999,0.191199997,6,0.5,0: Broadleaf,2,1682969976,396.9887,400.0152667,15.48427667,14.63632,405.075,16.16696667,600.5190667,100.7379667,0.098587967,21.96169667,22.06301,999.9,0,0,10002.29233,0,130.1678667,2000.005,0.9800014,0.019998287,0,2.335016667,0,5328.392667,16306.11,39.43503333,40.38533333,40.0956,38.3708,38.6082,1960.005,40,0,206.4000001,0,2.320332,0.38443846,-655.5438451,5320.1532,15,1682969969,12:39:28,1682969959,1682969969,22,0.08,0.007,-8.11,-0.695,400,15,0.51,0.08,-2.258764378,-17.9782611,1.884317276,0,2.297894118,0.6567096,0.169157116,1,0.634157961,4.827596218,0.519736611,0,1,3,3-Jan,100,100,-8.078,-0.6763,-4.911825977,-0.007814304,-3.18E-07,6.48E-10,-0.588620637,-0.027428369,0.001386821,-3.01E-06,5,2011,2,27,0.4,0.2,2,602.178,464.451,20.0013,21.0506,30.0005,20.9657,20.9583,21.3637,24.5777,99.6274,20,400,14.5554,102.309,103.792
17,1682970020,1584.1,20230501 12:40:19,12:40:19,d8.brodia.2,31.71712288,1682970012,0.001240813,3.635009876,395.8458333,337.6886055,34.04981806,39.91392776,0.114607176,2.94238495,0.112183748,0.07032831,321.4466636,23.60809223,22.17162333,2.681408164,59.77962229,1.589772125,2.659388039,1.091636039,-54.71986742,-21.46526354,-1.498556422,243.7629762,0,0,1,0,54161.19506,RECT-1505-20210918-17_20_47,10288.4,812.936,2752.91,1939.974,0.704699391,-1,MPF-1456-20230501-12_50_16,10303.2,2.276453846,1.798,-0.266103363,0.5,1681.20644,3.635009876,-223.6873435,1,0.002756955,1530.095662,-,0,1.798,-0.266103363,0.999346873,0.000589855,1.418117975,0,1,1456,300,300,300,10303.2,1.79,-0.00687457,0.16,2000.007667,1681.20644,0.840599998,0.191199995,6,0.5,0: Broadleaf,2,1682970012,395.8458333,399.9709667,15.76654333,14.54560333,403.9233333,16.44455333,600.1523333,100.7351333,0.096868427,22.03630667,22.17162333,999.9,0,0,9999.838333,0,127.9463333,2000.007667,0.9800014,0.019998287,0,2.26241,0,4947.249,16306.13333,39.354,40.29546667,39.94546667,38.25413333,38.50413333,1960.007667,40,0,35.39999986,0,2.276453846,-0.052362385,-514.460855,4943.031538,15,1682969969,12:39:28,1682969959,1682969969,22,0.08,0.007,-8.11,-0.695,400,15,0.51,0.08,-4.12359,-0.040002777,0.038471846,1,2.273441176,-0.001743884,0.176163272,1,1.24995375,-0.708748705,0.068414313,0,2,3,3-Feb,100,100,-8.078,-0.6776,-4.911825977,-0.007814304,-3.18E-07,6.48E-10,-0.588620637,-0.027428369,0.001386821,-3.01E-06,5,2011,2,27,1,0.8,2,604.724,465.191,20.0007,21.0935,30.0005,21.0008,20.9971,21.3637,23.711,99.6274,20,400,14.6832,102.304,103.788
18,1682970058,1622.1,20230501 12:40:57,12:40:57,d8.brodia.2,32.57611743,1682970050,0.001197285,3.594559018,395.9419667,336.4217864,33.92189526,39.92340111,0.110343383,2.944049736,0.108096259,0.067758246,321.448632,23.64334299,22.24243667,2.69299512,60.07150827,1.599950703,2.663410241,1.093044416,-52.80025689,-28.78221397,-2.009215245,237.8569459,0,0,1,0,54205.79195,RECT-1505-20210918-17_20_47,10288.4,812.936,2752.91,1939.974,0.704699391,-1,MPF-1457-20230501-12_50_54,10303.4,2.259161538,3.03314,0.255173998,0.5,1681.2168,3.594559018,214.5014065,1,0.002732877,906.610595,-,0,3.03314,0.255173998,0.998898206,-0.000955644,1.417481296,0,1,1457,300,300,300,10303.4,1.36,-0.00687475,-0.19,2000.02,1681.2168,0.840599994,0.191199988,6,0.5,0: Broadleaf,2,1682970050,395.9419667,400.0095333,15.86757667,14.68959333,404.0201667,16.54399667,600.1545333,100.7331667,0.09827954,22.06109667,22.24243667,999.9,0,0,10009.505,0,123.5811667,2000.02,0.9800009,0.019998797,0,2.27297,0,4633.406,16306.21667,39.22473333,40.1912,39.8246,38.187,38.4122,1960.02,40,0,37,0,2.259161538,0.073634191,-379.3798286,4632.819231,15,1682969969,12:39:28,1682969959,1682969969,22,0.08,0.007,-8.11,-0.695,400,15,0.51,0.08,-4.08415375,-0.036898649,0.062897661,1,2.250385714,0.112471233,0.154428025,1,1.1816375,-0.093307092,0.009059773,1,3,3,3-Mar,100,100,-8.078,-0.6767,-4.911825977,-0.007814304,-3.18E-07,6.48E-10,-0.588620637,-0.027428369,0.001386821,-3.01E-06,5,2011,2,27,1.6,1.5,2,605.159,465.097,20.0001,21.1378,30.0005,21.0424,21.0386,21.3674,23.711,99.2567,20,400,14.6591,102.296,103.779
19,1682970300,1864.1,20230501 12:44:59,12:44:59,j1.brodia.2,36.12130718,1682970292,0.001739985,6.288500768,393.1188667,327.775376,33.04744305,39.63559898,0.174093942,2.941627697,0.16856581,0.105835689,321.4453039,23.26403089,21.74344333,2.612271542,60.70105645,1.59324806,2.624745192,1.019023482,-76.73334052,12.36677275,0.860765175,257.9395013,0,0,1,0,54178.12436,RECT-1505-20210918-17_20_47,10288.4,812.936,2752.91,1939.974,0.704699391,-1,MPF-1458-20230501-12_54_56,10308.8,2.190676,2.3164,0.0542756,0.5,1681.20194,6.288500768,45.62412207,1,0.004335292,1187.443274,-,0,2.3164,0.0542756,0.999158563,-0.000155096,1.417850755,0,1,1458,300,300,300,10308.8,1.36,-0.00687883,-0.92,2000.002667,1681.20194,0.840599849,0.191199698,6,0.5,0: Broadleaf,2,1682970292,393.1188667,400.0899667,15.80235667,14.09021667,401.1855667,16.48401333,600.1223667,100.7278667,0.095579737,21.82142333,21.74344333,999.9,0,0,9996.253333,0,103.288,2000.002667,0.9800057,0.0199941,0,2.183253333,0,10017.017,16306.10333,38.15186667,39.28513333,38.8519,37.2458,37.42666667,1960.012667,39.99,0,241.3999999,0,2.190676,-0.243469245,-2642.466927,9986.0312,15,1682970272,12:44:31,1682970264,1682970272,23,-0.011,-0.004,-8.12,-0.706,400,14,0.84,0.11,-6.9559515,-0.040793021,0.073260576,1,2.220760606,-0.086086031,0.212450359,1,1.641269,1.618184916,0.162285279,0,2,3,3-Feb,100,100,-8.066,-0.6831,-4.9223148,-0.007814304,-3.18E-07,6.48E-10,-0.592898799,-0.027428369,0.001386821,-3.01E-06,5,2011,2,27,0.6,0.5,2,604.212,464.766,19.9998,21.0846,30.0003,21.0733,21.0779,21.35,28.6871,99.2425,20,400,13.9072,102.307,103.782
20,1682970338,1902.6,20230501 12:45:38,12:45:38,j1.brodia.2,39.07842941,1682970330,0.001698074,6.385113992,392.9194667,322.6398006,32.52994215,39.61584248,0.163392288,2.942559327,0.158514144,0.09949749,321.4462751,23.37836205,21.85161667,2.629588889,59.51333494,1.572018357,2.641455665,1.057570532,-74.88507778,11.7022893,0.815136474,259.0786231,0,0,1,0,54186.52063,RECT-1505-20210918-17_20_47,10288.4,812.936,2752.91,1939.974,0.704699391,-1,MPF-1459-20230501-12_55_35,10308.1,2.337724,2.4476,0.044891322,0.5,1681.209,6.385113992,37.73584738,1,0.00439274,1123.738519,-,0,2.4476,0.044891322,0.999110904,-0.000135568,1.417783125,0,1,1459,300,300,300,10308.1,1.56,-0.0068782,-0.8,2000.011333,1681.209,0.840599737,0.191199473,6,0.5,0: Broadleaf,2,1682970330,392.9194667,399.9698667,15.59165667,13.92051333,400.9847,16.27655,600.1634333,100.7261,0.09823129,21.92538333,21.85161667,999.9,0,0,10001.727,0,102.8211333,2000.011333,0.980006767,0.019993053,0,2.337896667,0,8563.369,16306.19,38.14566667,39.29133333,38.812,37.2164,37.39153333,1960.028667,39.98266667,0,37.5999999,0,2.337724,-0.260023074,-1712.593844,8549.648,15,1682970272,12:44:31,1682970264,1682970272,23,-0.011,-0.004,-8.12,-0.706,400,14,0.84,0.11,-7.0712795,0.4059994,0.067868827,1,2.330031429,-0.029965249,0.220019925,1,1.69556025,-0.649828705,0.071234313,0,2,3,3-Feb,100,100,-8.065,-0.6843,-4.9223148,-0.007814304,-3.18E-07,6.48E-10,-0.592898799,-0.027428369,0.001386821,-3.01E-06,5,2011,2,27,1.2,1.1,2,605.292,465.031,20.0014,21.1033,30.0001,21.0886,21.0967,21.3559,25.5075,98.8716,20,400,14.1593,102.304,103.783
21,1682970376,1940.6,20230501 12:46:16,12:46:16,j1.brodia.2,40.27141853,1682970368,0.001682468,6.477524467,392.8687742,320.6374382,32.32744722,39.60998638,0.160846692,2.943474102,0.156118419,0.097987251,321.4443084,23.42027236,21.94918387,2.645294424,59.7332123,1.581520227,2.647639673,1.063774198,-74.19682353,2.305079538,0.160624054,249.7131884,0,0,1,0,54206.448,RECT-1505-20210918-17_20_47,10288.4,812.936,2752.91,1939.974,0.704699391,-1,MPF-1460-20230501-12_56_13,10307.7,2.297656,2.4796,0.073376351,0.5,1681.189413,6.477524467,61.67977226,1,0.004447758,1109.223423,-,0,2.4796,0.073376351,0.99909928,-0.000224496,1.41776663,0,1,1460,300,300,300,10307.7,0.94,-0.00687809,-0.72,1999.986774,1681.189413,0.840600265,0.191200531,6,0.5,0: Broadleaf,2,1682970368,392.8687742,400.0051935,15.68619355,14.03060323,400.9335484,16.36964194,600.1760645,100.723,0.099434819,21.96370968,21.94918387,999.9,0,0,10007.23935,0,100.9310968,1999.986774,0.979992097,0.0200078,0,2.298374194,0,7637.289032,16305.92258,38.159,39.266,38.782,37.19309677,37.433,1959.96871,40.01741935,0,37.20000005,0,2.297656,0.003323073,-1099.192308,7620.5748,15,1682970272,12:44:31,1682970264,1682970272,23,-0.011,-0.004,-8.12,-0.706,400,14,0.84,0.11,-7.1445155,0.190645328,0.038432095,1,2.313682353,-0.053946287,0.205568931,1,1.65920125,-0.102222777,0.013065094,0,2,3,3-Feb,100,100,-8.065,-0.6845,-4.9223148,-0.007814304,-3.18E-07,6.48E-10,-0.592898799,-0.027428369,0.001386821,-3.01E-06,5,2011,2,27,1.9,1.7,2,605.706,464.579,20.0011,21.1336,30.0005,21.1124,21.1212,21.3504,25.4217,98.4982,20,400,14.1917,102.297,103.774
22,1682970614,2178.6,20230501 12:50:14,12:50:14,j2.brodia.2,35.00587211,1682970606,0.002163853,7.687146692,391.4811613,327.6202989,33.02934631,39.46753877,0.21959592,2.943580055,0.210883814,0.132556332,321.4462769,23.30158339,21.76342903,2.615463491,60.50737981,1.602644229,2.64867564,1.012819261,-95.42592196,32.80108548,2.283500698,261.1049411,0,0,1,0,54208.3107,RECT-1505-20210918-17_20_47,10288.4,812.936,2752.91,1939.974,0.704699391,-1,MPF-1461-20230501-13_00_11,10316,2.293412,2.462,0.068476036,0.5,1681.201664,7.687146692,57.56101263,1,0.005167225,1117.160032,-,0,2.462,0.068476036,0.999105674,-0.000208012,1.417775702,0,1,1461,300,300,300,10316,2.02,-0.0068842,-0.78,2000.001613,1681.201664,0.840600154,0.191200309,6,0.5,0: Broadleaf,2,1682970606,391.4811613,400.0140968,15.89673548,13.76760968,399.5751613,16.57401935,600.0927419,100.7189032,0.097030403,21.97012258,21.76342903,999.9,0,0,10008.24935,0,91.04733548,2000.001613,0.979993,0.0200071,0,2.299632258,0,10309.77419,16306.02258,37.73780645,39,38.389,37.008,37.062,1959.991613,40.01032258,0,237.0999999,0,2.293412,-0.058530784,-1668.000003,10285.972,15,1682970577,12:49:36,1682970567,1682970577,24,-0.04,0.003,-8.161,-0.706,400,14,0.49,0.05,-8.52938775,0.105207917,0.038065419,1,2.320330303,0.145507029,0.18546285,1,2.09314525,0.493242889,0.074951602,0,2,3,3-Feb,100,100,-8.093,-0.6789,-4.962173029,-0.007814304,-3.18E-07,6.48E-10,-0.589962401,-0.027428369,0.001386821,-3.01E-06,5,2011,2,27,0.8,0.6,2,605.718,463.806,20.0009,21.1888,30.0002,21.1776,21.1845,21.3585,28.8976,97.7863,20,400,13.7148,102.287,103.775
23,1682970652,2216.1,20230501 12:50:51,12:50:51,j2.brodia.2,40.54017741,1682970644,0.002017025,8.096851425,391.1167,318.2474767,32.08391351,39.43017712,0.199724124,2.942289468,0.192486449,0.120932456,321.4462175,23.31660443,21.77262333,2.616933074,59.8341876,1.582523227,2.644847855,1.034409846,-88.95080787,27.56791707,1.919885217,261.9832119,0,0,1,0,54174.46207,RECT-1505-20210918-17_20_47,10288.4,812.936,2752.91,1939.974,0.704699391,-1,MPF-1462-20230501-13_00_48,10315.3,2.349023077,2.6276,0.106019532,0.5,1681.20117,8.096851425,89.12008087,1,0.005410924,1046.689907,-,0,2.6276,0.106019532,0.999045519,-0.000343791,1.41769034,0,1,1462,300,300,300,10315.3,1.37,-0.00688369,-0.98,2000.001,1681.20117,0.840600165,0.191200329,6,0.5,0: Broadleaf,2,1682970644,391.1167,400.0002667,15.6974,13.71252333,399.2078667,16.37778667,600.1470333,100.7161333,0.098219823,21.94641667,21.77262333,999.9,0,0,10001.18167,0,92.97659,2000.001,0.9799939,0.02000617,0,2.340703333,0,9242.635667,16306.03,37.75413333,38.9916,38.3414,37.04133333,37.0662,1959.99,40.011,0,36.79999995,0,2.349023077,0.290372648,-1384.029061,9231.233462,15,1682970577,12:49:36,1682970567,1682970577,24,-0.04,0.003,-8.161,-0.706,400,14,0.49,0.05,-8.872827,-0.086007129,0.047044122,1,2.286508824,0.896256427,0.226972264,1,2.00092825,-0.383135797,0.036908399,0,2,3,3-Feb,100,100,-8.091,-0.6807,-4.962173029,-0.007814304,-3.18E-07,6.48E-10,-0.589962401,-0.027428369,0.001386821,-3.01E-06,5,2011,2,27,1.4,1.2,2,606.184,463.875,20,21.201,30.0002,21.1853,21.1937,21.3606,28.0584,97.4138,20,400,13.8544,102.284,103.769
24,1682970691,2255.6,20230501 12:51:31,12:51:31,j2.brodia.2,45.7807942,1682970683,0.001873578,8.334427284,390.9057097,309.5688273,31.20928546,39.40929062,0.182050736,2.942146063,0.176016193,0.110535637,321.4454898,23.36026219,21.8599129,2.630921164,59.72405993,1.580219909,2.645868199,1.050701255,-82.62478499,14.72374895,1.025929831,254.5703836,0,0,1,0,54169.0546,RECT-1505-20210918-17_20_47,10288.4,812.936,2752.91,1939.974,0.704699391,-1,MPF-1463-20230501-13_01_28,10315,2.302303846,2.66458,0.135959946,0.5,1681.197348,8.334427284,114.2877506,1,0.00555225,1032.14969,-,0,2.66458,0.135959946,0.999032086,-0.000447105,1.417671278,0,1,1463,300,300,300,10315,1.54,-0.00688358,-0.16,1999.996452,1681.197348,0.840600166,0.191200331,6,0.5,0: Broadleaf,2,1682970683,390.9057097,399.9701613,15.6744,13.83067097,398.9951613,16.35513226,600.1567419,100.7157419,0.099594468,21.95273871,21.8599129,999.9,0,0,10000.40484,0,93.95124194,1999.996452,0.979994548,0.0200055,0,2.311909677,0,8401.851613,16305.99355,37.75,38.887,38.312,37,37.062,1959.985484,40.01096774,0,39,0,2.302303846,0.202847854,-1004.873504,8389.376538,15,1682970577,12:49:36,1682970567,1682970577,24,-0.04,0.003,-8.161,-0.706,400,14,0.49,0.05,-9.076365,0.160010432,0.052226397,1,2.330342424,-0.204683259,0.193915769,1,1.86383875,-0.431043265,0.04165775,0,2,3,3-Feb,100,100,-8.089,-0.6807,-4.962173029,-0.007814304,-3.18E-07,6.48E-10,-0.589962401,-0.027428369,0.001386821,-3.01E-06,5,2011,2,27,2.1,1.9,2,606.349,464.047,20.0009,21.2082,30.0002,21.1907,21.199,21.3621,26.6339,97.0416,20,400,13.9854,102.282,103.769
25,1682970950,2514.1,20230501 12:55:49,12:55:49,e1.brodia.2,64.49721765,1682970942,0.00150572,8.714769108,390.7153548,279.1669917,28.14246336,39.38750956,0.135118528,2.942112351,0.131763406,0.082646634,321.4445904,23.4031966,22.39209032,2.717626713,60.29703484,1.590254094,2.637366993,1.127372618,-66.40225249,-78.05298578,-5.451960265,171.5373918,0,0,1,0,54177.68957,RECT-1505-20210918-17_20_47,10288.4,812.936,2752.91,1939.974,0.704699391,-1,MPF-1464-20230501-13_05_46,10310.2,2.419842308,2.0888,-0.158484445,0.5,1681.197842,8.714769108,-133.221853,1,0.005778481,1316.938529,-,0,2.0888,-0.158484445,0.999241239,0.000408267,1.417968076,0,1,1464,300,300,300,10310.2,1.65,-0.00688022,-0.51,1999.997742,1681.197842,0.84059987,0.19119974,6,0.5,0: Broadleaf,2,1682970942,390.7153548,400.0159032,15.77496774,14.29340323,398.7406774,16.45859032,600.163129,100.7131935,0.095513035,21.9,22.39209032,999.9,0,0,10000.46613,0,110.0756452,1999.997742,0.980003258,0.0199966,0,2.4035,0,8928.207097,16306.04839,37.25,38.375,37.875,36.437,36.562,1960.006452,39.99129032,0,257.4000001,0,2.419842308,-0.799087186,-1076.814701,8923.837308,15,1682970926,12:55:26,1682970924,1682970926,25,0.062,-0.004,-8.098,-0.706,400,14,0.21,0.09,-9.00528075,-4.497329719,0.999616322,0,2.386911429,0.073939726,0.203410484,1,1.431775325,1.35356266,0.169510948,0,1,3,3-Jan,100,100,-8.027,-0.6841,-4.900028414,-0.007814304,-3.18E-07,6.48E-10,-0.594459704,-0.027428369,0.001386821,-3.01E-06,5,2011,2,27,0.4,0.4,2,605.722,463.032,20.0016,21.1223,30.0003,21.1559,21.1686,21.3659,26.7869,96.7119,20,400,14.0873,102.305,103.784
26,1682970993,2557.6,20230501 12:56:33,12:56:33,e1.brodia.2,67.55447549,1682970985,0.00139967,8.092582344,391.3213226,274.797671,27.7010399,39.44723232,0.11979343,2.942918859,0.117148903,0.073450802,321.4449298,23.52262262,22.59352258,2.751091746,59.28968192,1.572521447,2.652268315,1.178570299,-61.72544266,-95.38199266,-6.670508245,157.6669862,0,0,1,0,54184.43948,RECT-1505-20210918-17_20_47,10288.4,812.936,2752.91,1939.974,0.704699391,-1,MPF-1465-20230501-13_06_30,10309.7,2.260138462,1.914,-0.180845591,0.5,1681.199971,8.092582344,-152.0188013,1,0.005408388,1437.301985,-,0,1.914,-0.180845591,0.999304736,0.000426793,1.41805818,0,1,1465,300,300,300,10309.7,1.35,-0.00687991,-0.1,2000.000323,1681.199971,0.84059985,0.1911997,6,0.5,0: Broadleaf,2,1682970985,391.3213226,399.9592581,15.59960323,14.22214516,399.3515484,16.28590968,600.1644516,100.7077097,0.097511113,21.99234516,22.59352258,999.9,0,0,10005.59903,0,106.4769677,2000.000323,0.980004516,0.0199953,0,2.223425806,0,8335.46871,16306.0871,37.292,38.375,37.875,36.44512903,36.625,1960.010323,39.99,0,42.5999999,0,2.260138462,0.613196581,-590.5897428,8331.011154,15,1682970926,12:55:26,1682970924,1682970926,25,0.062,-0.004,-8.098,-0.706,400,14,0.21,0.09,-8.694177,0.952603002,0.113272882,0,2.279591429,-0.209727593,0.214627074,1,1.411361,-0.893579887,0.08947028,0,1,3,3-Jan,100,100,-8.031,-0.6855,-4.900028414,-0.007814304,-3.18E-07,6.48E-10,-0.594459704,-0.027428369,0.001386821,-3.01E-06,5,2011,2,27,1.1,1.1,2,606.979,463.197,20.0008,21.1621,30.0004,21.1804,21.1952,21.3686,24.9324,96.3388,20,400,14.407,102.3,103.778
27,1682971031,2595.1,20230501 12:57:10,12:57:10,e1.brodia.2,76.27870327,1682971023,0.001240239,7.954481406,391.5276129,261.1134524,26.3212532,39.46750863,0.104281812,2.943395842,0.102271932,0.064097311,321.4430249,23.64379355,22.78414516,2.783092424,59.54993403,1.58715441,2.665249653,1.195938014,-54.69455969,-112.9392398,-7.907955944,145.9012694,0,0,1,0,54183.76472,RECT-1505-20210918-17_20_47,10288.4,812.936,2752.91,1939.974,0.704699391,-1,MPF-1466-20230501-13_07_07,10309.3,2.324696,2.4364,0.045847972,0.5,1681.189945,7.954481406,38.53957512,1,0.005326276,1128.908882,-,0,2.4364,0.045847972,0.999114973,-0.000137821,1.417788898,0,1,1466,300,300,300,10309.3,1.68,-0.00687954,-0.38,1999.988387,1681.189945,0.840599853,0.191199707,6,0.5,0: Broadleaf,2,1682971023,391.5276129,399.9652581,15.74497097,14.52460968,399.5593871,16.42906129,600.1723871,100.7049032,0.09899241,22.07242258,22.78414516,999.9,0,0,10008.59226,0,105.6012903,1999.988387,0.980005194,0.019994606,0,2.327696774,0,7968.516129,16305.98065,37.34858065,38.413,37.875,36.5,36.635,1959.998387,39.99,0,36.5,0,2.324696,-0.143392321,-464.0661531,7962.646,15,1682970926,12:55:26,1682970924,1682970926,25,0.062,-0.004,-8.098,-0.706,400,14,0.21,0.09,-8.45620325,0.459677111,0.062417815,1,2.340006061,-0.307566374,0.216729451,1,1.23958525,-0.575735572,0.055953098,0,2,3,3-Feb,100,100,-8.033,-0.6837,-4.900028414,-0.007814304,-3.18E-07,6.48E-10,-0.594459704,-0.027428369,0.001386821,-3.01E-06,5,2011,2,27,1.8,1.7,2,607.046,463.38,20.0018,21.2016,30.0004,21.2081,21.2219,21.3745,24.0447,96.3388,20,400,14.6891,102.291,103.774
28,1682971210,2774.1,20230501 13:00:09,13:00:09,e2.brodia.2,45.27796875,1682971203,0.000670379,2.755172837,396.9275185,317.412615,31.99591373,40.01119691,0.060850186,2.941244802,0.060159365,0.037661017,321.4463564,23.46149365,21.96781481,2.648302793,59.28498397,1.548406947,2.611802928,1.099895846,-29.56371416,-36.04376958,-2.510915442,253.3279572,0,0,1,0,54181.08359,RECT-1505-20210918-17_20_47,10288.4,812.936,2752.91,1939.974,0.704699391,-1,MPF-1467-20230501-13_10_06,10305.8,2.283330769,1.87,-0.221032497,0.5,1681.202167,2.755172837,-185.8001564,1,0.002233624,1471.144385,-,0,1.87,-0.221032497,0.999320719,0.000509614,1.418080861,0,1,1467,300,300,300,10305.8,1.54,-0.00687723,-0.73,2000.002222,1681.202167,0.840600149,0.191200299,6,0.5,0: Broadleaf,2,1682971203,396.9275185,399.945037,15.36083333,14.70157037,405.037963,16.04574815,600.7448889,100.7008148,0.101460267,21.74050741,21.96781481,999.9,0,0,9996.761111,0,110.6284444,2000.002222,0.979995333,0.020004456,0,2.31027037,0,4993.387407,16306.04815,37.187,38.375,37.812,36.5,36.562,1959.992222,40.01,0,178.3999999,0,2.283330769,0.018023921,-519.515556,4995.735,15,1682971196,12:59:56,1682971196,1682971194,26,-0.041,0.005,-8.138,-0.695,400,15,0.34,0.1,-2.023954349,-19.12044533,2.004179545,0,2.293705882,-0.198920061,0.198400697,1,0.443190351,4.09294547,0.430271537,0,1,3,3-Jan,100,100,-8.105,-0.6804,-4.940584217,-0.007814304,-3.18E-07,6.48E-10,-0.589641711,-0.027428369,0.001386821,-3.01E-06,5,2011,2,27,0.2,0.3,2,606.277,459.83,19.9997,21.3762,30.0008,21.3791,21.3822,21.3811,24.2132,95.9648,20,400,14.5733,102.261,103.739
29,1682971249,2813.6,20230501 13:00:49,13:00:49,e2.brodia.2,39.34848298,1682971241,0.001015565,3.68887709,395.8812667,325.623681,32.82274162,39.90467919,0.093748902,2.94366489,0.092121261,0.057719672,321.4488745,23.39251453,22.00232,2.653882311,59.8742558,1.56590488,2.615322494,1.08797743,-44.78642833,-38.05175503,-2.649380337,235.9613108,0,0,1,0,54248.62669,RECT-1505-20210918-17_20_47,10288.4,812.936,2752.91,1939.974,0.704699391,-1,MPF-1468-20230501-13_10_45,10305.4,2.304188,2.4657,0.065503508,0.5,1681.21542,3.68887709,55.06275397,1,0.002788981,1115.482135,-,0,2.4657,0.065503508,0.99910433,-0.000199282,1.417773795,0,1,1468,300,300,300,10305.4,1.77,-0.00687697,-0.1,2000.018,1681.21542,0.840600145,0.191200289,6,0.5,0: Broadleaf,2,1682971241,395.8812667,399.9713333,15.53483,14.53525,403.9881333,16.21737333,600.1252333,100.7023,0.097314813,21.76254667,22.00232,999.9,0,0,10010.38233,0,109.2135,2000.018,0.9799959,0.02000387,0,2.321396667,0,4730.228667,16306.19,37.187,38.3162,37.75,36.4454,36.562,1960.008,40.01,0,38.39999986,0,2.304188,-0.564023083,-267.3269234,4728.9396,15,1682971196,12:59:56,1682971196,1682971194,26,-0.041,0.005,-8.138,-0.695,400,15,0.34,0.1,-4.1475095,1.023417411,0.111620595,0,2.333597059,-0.354290627,0.183288104,1,1.0224495,-0.470278874,0.045527133,0,1,3,3-Jan,100,100,-8.107,-0.6826,-4.940584217,-0.007814304,-3.18E-07,6.48E-10,-0.589641711,-0.027428369,0.001386821,-3.01E-06,5,2011,2,27,0.9,0.9,2,609.727,459.686,19.9996,21.4389,30.0007,21.4287,21.4324,21.3827,23.6005,95.5937,20,400,14.6839,102.249,103.727
30,1682971287,2851.1,20230501 13:01:26,13:01:26,e2.brodia.2,41.25735505,1682971279,0.00094945,3.66539014,395.9592581,322.767327,32.53557671,39.91346626,0.088842102,2.941923617,0.087378099,0.054740837,321.4513045,23.33632368,21.92474516,2.641352802,60.26260368,1.568913778,2.603461653,1.072439024,-41.87073976,-37.52184667,-2.612011402,239.4467067,0,0,1,0,54210.82768,RECT-1505-20210918-17_20_47,10288.4,812.936,2752.91,1939.974,0.704699391,-1,MPF-1469-20230501-13_11_23,10305.2,2.315161538,2.262,-0.023502006,0.5,1681.22821,3.66539014,-19.75611807,1,0.002774989,1216.024757,-,0,2.262,-0.023502006,0.999178324,6.56E-05,1.417878796,0,1,1469,300,300,300,10305.2,1.65,-0.0068768,-0.55,2000.033226,1681.22821,0.84060014,0.19120028,6,0.5,0: Broadleaf,2,1682971279,395.9592581,399.9994839,15.56431935,14.62990323,404.0664839,16.24640645,600.1645161,100.703,0.098952332,21.68817097,21.92474516,999.9,0,0,10000.40484,0,109.9636452,2000.033226,0.979996742,0.020003,0,2.311835484,0,4569.66,16306.3,37.19919355,38.254,37.74796774,36.433,36.562,1960.023226,40.01,0,36.5999999,0,2.315161538,0.574837619,-195.3381194,4568.130769,15,1682971196,12:59:56,1682971196,1682971194,26,-0.041,0.005,-8.138,-0.695,400,15,0.34,0.1,-4.036293,-0.078152645,0.062848494,1,2.310790909,0.094708718,0.19063458,1,0.939489125,-0.12652988,0.01224995,0,2,3,3-Feb,100,100,-8.107,-0.6823,-4.940584217,-0.007814304,-3.18E-07,6.48E-10,-0.589641711,-0.027428369,0.001386821,-3.01E-06,5,2011,2,27,1.5,1.5,2,610.118,459.668,19.9998,21.4986,30.0007,21.4826,21.4847,21.3825,23.6005,95.5937,20,400,14.6464,102.236,103.715
31,1682971543,3107.5,20230501 13:05:43,13:05:43,j3.brodia.2,26.81117658,1682971535,0.00173046,4.75669057,394.6013333,344.5423398,34.72661169,39.77208515,0.177414466,2.940599367,0.171675248,0.10779721,321.4431506,22.98101421,21.40921667,2.559394715,60.6473142,1.564224306,2.579214474,0.995170409,-76.31328213,19.97206206,1.386216958,266.4881474,0,0,1,0,54199.58453,RECT-1505-20210918-17_20_47,10288.4,812.936,2752.91,1939.974,0.704699391,-1,MPF-1470-20230501-13_15_39,10303.6,2.2487,2.1792,-0.031892438,0.5,1681.188211,4.75669057,-26.80859504,1,0.00342418,1262.266336,-,0,2.1792,-0.031892438,0.999208401,8.57E-05,1.417921477,0,1,1470,300,300,300,10303.6,1.53,-0.00687574,-1.42,1999.986,1681.188211,0.840599989,0.191199979,6,0.5,0: Broadleaf,2,1682971535,394.6013333,400.0395333,15.51955333,13.81636667,402.6120333,16.21212333,600.147,100.6929,0.097649313,21.53519667,21.40921667,999.9,0,0,9993.876667,0,66.28123,1999.986,0.9800013,0.01999839,0,2.25063,0,7984.715667,16305.95,37.5977,38.48316667,38.14773333,36.80166667,36.77686667,1959.986,39.999,0,255.8,0,2.2487,-0.181315369,-1656.16,7965.134,15,1682971509,13:05:09,1682971506,1682971509,27,0.085,-0.01,-8.053,-0.718,400,13,0.42,0.05,-5.443453415,0.07563115,0.037071848,1,2.235206061,-0.076571368,0.186203492,1,1.619020976,1.563256516,0.15993262,0,2,3,3-Feb,100,100,-8.011,-0.6939,-4.855315249,-0.007814304,-3.18E-07,6.48E-10,-0.599595095,-0.027428369,0.001386821,-3.01E-06,5,2011,2,27,0.6,0.6,2,607.241,462.039,20.0004,21.3502,29.9998,21.4119,21.4218,21.3648,29.2513,94.4728,20,400,13.6722,102.249,103.729
32,1682971584,3148,20230501 13:06:23,13:06:23,j3.brodia.2,26.0203834,1682971576,0.001722438,4.433809209,394.8701935,345.9378264,34.86696736,39.79884563,0.170397536,2.942441987,0.165099232,0.103649328,321.4424074,23.10800251,21.52212581,2.577151876,59.52530638,1.547153002,2.599151681,1.029998875,-75.95949597,22.04127838,1.530739091,269.0549289,0,0,1,0,54230.89113,RECT-1505-20210918-17_20_47,10288.4,812.936,2752.91,1939.974,0.704699391,-1,MPF-1471-20230501-13_16_20,10301.8,2.249965385,2.2404,-0.004269499,0.5,1681.186694,4.433809209,-3.5889121,1,0.003232127,1227.758257,-,0,2.2404,-0.004269499,0.99918617,1.18E-05,1.41788993,0,1,1471,300,300,300,10301.8,1.08,-0.00687449,-0.34,1999.984516,1681.186694,0.840599855,0.191199709,6,0.5,0: Broadleaf,2,1682971576,394.8701935,399.9827097,15.35030968,13.6547871,402.8829355,16.04538065,600.1680968,100.6914516,0.098241497,21.66107097,21.52212581,999.9,0,0,10004.50097,0,72.80593548,1999.984516,0.980004871,0.019994729,0,2.225051613,0,7289.5,16305.96452,37.899,38.661,38.40496774,36.99796774,37.044,1959.994194,39.99,0,39.39999986,0,2.249965385,0.840406849,-657.2478637,7286.805385,15,1682971509,13:05:09,1682971506,1682971509,27,0.085,-0.01,-8.053,-0.718,400,13,0.42,0.05,-5.150700488,0.918018606,0.097296329,0,2.255205882,0.278876028,0.215673769,1,1.707224878,-0.208897213,0.021077679,0,1,3,3-Jan,100,100,-8.014,-0.6949,-4.855315249,-0.007814304,-3.18E-07,6.48E-10,-0.599595095,-0.027428369,0.001386821,-3.01E-06,5,2011,2,27,1.3,1.2,2,607.993,462.053,20.0003,21.336,30.0001,21.3973,21.4115,21.3676,27.4815,94.0979,20,400,13.8109,102.251,103.728
33,1682971624,3188,20230501 13:07:03,13:07:03,j3.brodia.2,26.75615694,1682971616,0.001652577,4.408407767,394.9284333,344.8859205,34.76151615,39.80536838,0.164762368,2.941003604,0.15980087,0.10030887,321.4443023,23.12752455,21.53864,2.579758076,59.97191947,1.558826191,2.599260128,1.020931885,-72.87864943,19.52028212,1.356440841,269.4423758,0,0,1,0,54188.24159,RECT-1505-20210918-17_20_47,10288.4,812.936,2752.91,1939.974,0.704699391,-1,MPF-1472-20230501-13_17_00,10300.4,2.2835,1.92,-0.189322917,0.5,1681.19109,4.408407767,-159.1440003,1,0.00321701,1432.807292,-,0,1.92,-0.189322917,0.999302556,0.000448203,1.418055087,0,1,1472,300,300,300,10300.4,1.19,-0.00687342,-0.62,1999.989,1681.19109,0.840600168,0.191200337,6,0.5,0: Broadleaf,2,1682971616,394.9284333,399.9880333,15.46587333,13.83932333,402.9416333,16.15925667,600.1728333,100.6921333,0.099212687,21.66175333,21.53864,999.9,0,0,9996.251333,0,69.40484333,1999.989,0.9799947,0.02000497,0,2.29465,0,6795.303,16305.94667,38.15393333,38.833,38.6498,37.1082,37.2748,1959.978,40.011,0,39,0,2.2835,-0.869463243,-650.3928196,6793.254231,15,1682971509,13:05:09,1682971506,1682971509,27,0.085,-0.01,-8.053,-0.718,400,13,0.42,0.05,-5.04913122,-0.131935192,0.027571821,1,2.281171429,0.000629354,0.192127158,1,1.635301463,-0.107511429,0.015791654,0,2,3,3-Feb,100,100,-8.013,-0.6932,-4.855315249,-0.007814304,-3.18E-07,6.48E-10,-0.599595095,-0.027428369,0.001386821,-3.01E-06,5,2011,2,27,2,1.9,2,607.963,462.493,20.0001,21.3288,30.0001,21.3888,21.4041,21.3696,26.901,93.7232,20,400,13.8524,102.25,103.728
34,1682971805,3369,20230501 13:10:04,13:10:04,j4.brodia.2,39.71905745,1682971797,0.002209761,8.10955296,391.0640333,319.0689236,32.15675267,39.41264243,0.204172845,2.940765795,0.196611953,0.123538459,321.4451722,23.21068872,22.28808,2.700486793,60.39613568,1.591887078,2.635743265,1.108599715,-97.45044651,-63.12689333,-4.408840869,156.4589915,0,0,1,0,54139.15837,RECT-1505-20210918-17_20_47,10288.4,812.936,2752.91,1939.974,0.704699391,-1,MPF-1473-20230501-13_20_01,10315.9,2.243907692,2.3208,0.033131811,0.5,1681.19558,8.10955296,27.85052737,1,0.005418497,1185.190107,-,0,2.3208,0.033131811,0.999156965,-9.49E-05,1.417848487,0,1,1473,300,300,300,10315.9,1.32,-0.0068833,-1.05,1999.994333,1681.19558,0.840600172,0.191200343,6,0.5,0: Broadleaf,2,1682971797,391.0640333,400.0352667,15.79518,13.62092333,398.9724,16.47385667,600.1657,100.6861333,0.096958617,21.88991,22.28808,999.9,0,0,9995.494667,0,72.18126667,1999.994333,0.9799945,0.02000555,0,2.277573333,0,9904.369333,16305.98,38.93706667,39.5704,39.5124,37.7582,37.9832,1959.983,40.01133333,0,179.9000001,0,2.243907692,-0.091282047,-878.5695722,9902.981538,15,1682971775,13:09:34,1682971772,1682971775,28,0.074,0.01,-7.978,-0.708,400,13,0.72,0.07,-8.97283439,-0.026964251,0.049892415,1,2.26402,-0.03371272,0.202131561,1,2.07935439,1.473025505,0.158517904,0,2,3,3-Feb,100,100,-7.908,-0.6799,-4.781217394,-0.007814304,-3.18E-07,6.48E-10,-0.589752923,-0.027428369,0.001386821,-3.01E-06,5,2011,2,27,0.5,0.5,2,606.196,462.289,20.0014,21.3004,30.0002,21.35,21.3632,21.3684,28.9668,92.5796,20,400,13.4848,102.258,103.731
35,1682971842,3406,20230501 13:10:41,13:10:41,j4.brodia.2,41.34506952,1682971834,0.002203967,8.214244172,390.9444333,316.1961404,31.86695286,39.40025268,0.198675302,2.942357641,0.191512136,0.12031715,321.4442904,23.27475243,22.36526,2.713196243,59.64086001,1.578062638,2.645942124,1.135133604,-97.19496409,-65.36494115,-4.56593719,154.318448,0,0,1,0,54174.53082,RECT-1505-20210918-17_20_47,10288.4,812.936,2752.91,1939.974,0.704699391,-1,MPF-1474-20230501-13_20_38,10314.7,2.240232,1.9472,-0.150488907,0.5,1681.19209,8.214244172,-126.5003802,1,0.00548078,1412.778759,-,0,1.9472,-0.150488907,0.999292676,0.000361327,1.418041067,0,1,1474,300,300,300,10314.7,1.77,-0.00688252,-0.52,1999.990333,1681.19209,0.840600108,0.191200216,6,0.5,0: Broadleaf,2,1682971834,390.9444333,400.0167333,15.65814333,13.48954,398.8519667,16.33892333,600.2363,100.6843333,0.097898933,21.95319667,22.36526,999.9,0,0,10004.72833,0,82.88283333,1999.990333,0.979997,0.020003,0,2.25712,0,9409.202,16305.96,39.16426667,39.7437,39.656,37.91426667,38.1933,1959.983333,40.007,0,36,0,2.240232,-1.287069227,-534.5230761,9404.7632,15,1682971775,13:09:34,1682971772,1682971775,28,0.074,0.01,-7.978,-0.708,400,13,0.72,0.07,-9.092924146,0.283417631,0.057276219,1,2.253671429,-0.316821135,0.18464447,1,2.17963,-0.188354216,0.019056875,0,2,3,3-Feb,100,100,-7.908,-0.6811,-4.781217394,-0.007814304,-3.18E-07,6.48E-10,-0.589752923,-0.027428369,0.001386821,-3.01E-06,5,2011,2,27,1.2,1.1,2,607.185,462.55,20.0022,21.3121,30.0001,21.35,21.3649,21.3657,27.8152,92.2089,20,400,13.6648,102.254,103.729
36,1682971878,3442.5,20230501 13:11:18,13:11:18,j4.brodia.2,44.53607419,1682971870,0.002084206,8.323408075,390.8486,310.9942367,31.34316457,39.39118654,0.186891373,2.944390615,0.180542346,0.113391433,321.4444479,23.36288666,22.45226333,2.727586064,59.84390081,1.589040211,2.655308543,1.138545853,-91.91349246,-70.02461726,-4.891653839,154.6146844,0,0,1,0,54223.97375,RECT-1505-20210918-17_20_47,10288.4,812.936,2752.91,1939.974,0.704699391,-1,MPF-1475-20230501-13_21_14,10313.8,2.344076,2.79126,0.160208651,0.5,1681.19469,8.323408075,134.6709669,1,0.005545704,985.2606851,-,0,2.79126,0.160208651,0.998986069,-0.00055198,1.417605978,0,1,1475,300,300,300,10313.8,1.86,-0.00688177,-0.21,1999.993667,1681.19469,0.840600007,0.191200014,6,0.5,0: Broadleaf,2,1682971870,390.8486,399.9837,15.76683,13.71614,398.7554667,16.44595,600.1916,100.6847,0.099047313,22.01113,22.45226333,999.9,0,0,10016.26433,0,84.06414667,1999.993667,0.9799993,0.02000069,0,2.35857,0,9119.749667,16306.00667,39.375,39.90806667,39.8456,38.0788,38.375,1959.993333,40.00033333,0,35.39999986,0,2.344076,0.32947693,-317.1730774,9118.1876,15,1682971775,13:09:34,1682971772,1682971775,28,0.074,0.01,-7.978,-0.708,400,13,0.72,0.07,-9.129626829,-0.018127108,0.032583578,1,2.348771429,0.126833659,0.179389553,1,2.072779024,-0.455782369,0.045305897,0,2,3,3-Feb,100,100,-7.907,-0.6785,-4.781217394,-0.007814304,-3.18E-07,6.48E-10,-0.589752923,-0.027428369,0.001386821,-3.01E-06,5,2011,2,27,1.8,1.7,2,607.224,462.858,20.0012,21.3227,30.0002,21.3519,21.3667,21.3748,26.6607,91.8368,20,400,13.7919,102.255,103.73
37,1682972419,3983,20230501 13:20:18,13:20:18,e3.brodia.2,27.93708655,1682972411,0.001794364,4.59305406,394.7330645,342.2418448,34.49109576,39.78115515,0.164407053,2.940602544,0.159465934,0.100097779,321.4436427,23.59017166,22.46604839,2.729872146,60.46566106,1.620338435,2.679766344,1.109533711,-79.13143115,-48.27046285,-3.379151936,190.6625967,0,0,1,0,54084.45301,RECT-1505-20210918-17_20_47,10288.4,812.936,2752.91,1939.974,0.704699391,-1,MPF-1476-20230501-13_30_15,10302.3,2.282469231,2.1184,-0.077449599,0.5,1681.193197,4.59305406,-65.10386956,1,0.003326836,1298.523225,-,0,2.1184,-0.077449599,0.999230487,0.00020235,1.417952818,0,1,1476,300,300,300,10302.3,1.13,-0.0068738,-0.34,1999.992258,1681.193197,0.840599852,0.191199705,6,0.5,0: Broadleaf,2,1682972411,394.7330645,400.0333548,16.07799355,14.31283226,402.8513548,16.75608387,600.1198065,100.6834516,0.096439229,22.16156774,22.46604839,999.9,0,0,9994.832581,0,131.3925806,1999.992258,0.980005645,0.019993955,0,2.266496774,0,8184.624839,16306.02258,40.768,41.37093548,41.36280645,39.3506129,39.647,1960.002258,39.99,0,539.3999999,0,2.282469231,1.081996578,-903.6871801,8181.001923,15,1682972384,13:19:44,1682972383,1682972384,29,-0.18,-0.004,-8.16,-0.703,400,14,0.6,0.08,-5.366255366,1.283156446,0.129604674,0,2.288238235,0.188022887,0.2029727,1,1.699811707,0.977048362,0.119892384,0,1,3,3-Jan,100,100,-8.119,-0.6799,-4.960841495,-0.007814304,-3.18E-07,6.48E-10,-0.593745789,-0.027428369,0.001386821,-3.01E-06,5,2011,2,27,0.6,0.6,2,606.333,462.583,20.0008,21.5707,30.0005,21.5426,21.5464,21.3644,26.7709,94.6509,20,400,14.3181,102.198,103.683
38,1682972461,4025,20230501 13:21:00,13:21:00,e3.brodia.2,34.42012726,1682972454,0.001578227,4.833494962,394.5375833,331.5418339,33.41387578,39.76279447,0.140426412,2.943810531,0.136808346,0.085822521,321.4449336,23.71326077,22.583475,2.749413983,59.90161606,1.611929991,2.690962443,1.137483992,-69.59980816,-56.09356527,-3.926230707,191.8253294,0,0,1,0,54166.63361,RECT-1505-20210918-17_20_47,10288.4,812.936,2752.91,1939.974,0.704699391,-1,MPF-1477-20230501-13_30_57,10301.1,2.237923077,1.92,-0.165584936,0.5,1681.195327,4.833494962,-139.1903102,1,0.00346985,1432.807292,-,0,1.92,-0.165584936,0.999302556,0.000392006,1.418055087,0,1,1477,300,300,300,10301.1,1.97,-0.00687281,-0.43,1999.994167,1681.195327,0.840600115,0.19120023,6,0.5,0: Broadleaf,2,1682972454,394.5375833,399.99225,15.99402083,14.4414625,402.6540833,16.67346667,600.1647917,100.6845417,0.098745263,22.23003333,22.583475,999.9,0,0,10012.97708,0,130.2421667,1999.994167,0.979994167,0.020005454,0,2.1989375,0,7390.155,16305.9625,40.9895,41.471125,41.49475,39.51291667,39.81725,1959.98375,40.0075,0,41.39999986,0,2.237923077,0.395049578,-1139.320343,7408.616154,15,1682972384,13:19:44,1682972383,1682972384,29,-0.18,-0.004,-8.16,-0.703,400,14,0.6,0.08,-5.396263902,-0.697902439,0.073140962,0,2.249051515,0.004334066,0.195743486,1,1.550687073,0.004154425,0.009294935,1,2,3,3-Feb,100,100,-8.116,-0.6795,-4.960841495,-0.007814304,-3.18E-07,6.48E-10,-0.593745789,-0.027428369,0.001386821,-3.01E-06,5,2011,2,27,1.3,1.3,2,607.201,462.523,20.0003,21.6202,30.0006,21.5806,21.5856,21.3664,25.0363,94.275,20,400,14.5256,102.187,103.674
39,1682972498,4062.5,20230501 13:21:38,13:21:38,e3.brodia.2,42.06480295,1682972492,0.001426471,5.208420714,394.2230833,318.8699545,32.13743615,39.73193143,0.123818973,2.940934959,0.120994125,0.075869762,321.4417026,23.76325114,22.708,2.77027074,59.71688953,1.607860573,2.692472073,1.162410166,-62.90736598,-74.32176322,-5.210725765,179.0018477,0,0,1,0,54080.07929,RECT-1505-20210918-17_20_47,10288.4,812.936,2752.91,1939.974,0.704699391,-1,MPF-1478-20230501-13_31_34,10299.8,2.288552,2.0992,-0.090201982,0.5,1681.177563,5.208420714,-75.82277387,1,0.0036929,1310.409108,-,0,2.0992,-0.090201982,0.999237461,0.000233527,1.417962715,0,1,1478,300,300,300,10299.8,1.61,-0.00687193,-0.68,1999.972917,1681.177563,0.840600164,0.191200329,6,0.5,0: Broadleaf,2,1682972492,394.2230833,399.9924583,15.95330833,14.54993333,402.3374167,16.63341667,600.1449167,100.6855833,0.099817388,22.23924583,22.708,999.9,0,0,9996.51125,0,129.3102917,1999.972917,0.9799945,0.020005213,0,2.3079625,0,6674.52125,16305.80417,41.125,41.55683333,41.61975,39.58825,39.958,1959.9625,40.01041667,0,36.4000001,0,2.288552,0.335146165,-960.771537,6692.6208,15,1682972384,13:19:44,1682972383,1682972384,29,-0.18,-0.004,-8.16,-0.703,400,14,0.6,0.08,-5.754762927,-0.11845338,0.043926081,1,2.316665714,0.0216,0.180599138,1,1.445312927,-0.531904181,0.054408782,0,2,3,3-Feb,100,100,-8.115,-0.6802,-4.960841495,-0.007814304,-3.18E-07,6.48E-10,-0.593745789,-0.027428369,0.001386821,-3.01E-06,5,2011,2,27,1.9,1.9,2,607.113,462.745,19.9998,21.6629,30.0006,21.6173,21.6204,21.3717,23.8946,93.9033,20,400,14.6983,102.176,103.662
40,1682972696,4260,20230501 13:24:55,13:24:55,e4.brodia.2,46.8375638,1682972688,0.001125062,5.042794165,394.5160333,312.262012,31.4729455,39.76334341,0.107665595,2.942083232,0.105523672,0.066141189,321.4482438,23.73199968,21.80017,2.621340359,58.6654679,1.569083771,2.674629262,1.052256588,-49.61524191,52.32662375,3.64830461,327.8079303,0,0,1,0,54134.06166,RECT-1505-20210918-17_20_47,10288.4,812.936,2752.91,1939.974,0.704699391,-1,MPF-1479-20230501-13_34_52,10280.5,2.2852,2.3124,0.011762671,0.5,1681.21458,5.042794165,9.88778684,1,0.003594303,1189.499049,-,0,2.3124,0.011762671,0.999160016,-3.36E-05,1.417852817,0,1,1479,300,300,300,10280.5,1.85,-0.00685877,-0.62,2000.017333,1681.21458,0.840600005,0.19120001,6,0.5,0: Broadleaf,2,1682972688,394.5160333,399.9968333,15.56782333,14.46145667,402.5901,16.25728333,600.6403333,100.6889333,0.101250203,22.13007,21.80017,999.9,0,0,10002.71,0,91.96261333,2000.017333,0.9799985,0.020001497,0,2.289423333,0,7257.139,16306.19333,41.22266667,41.62706667,41.77893333,39.70386667,40.1374,1960.016667,40.00066667,0,196.6999998,0,2.2852,-0.218345306,-1332.053675,7251.144231,15,1682972681,13:24:40,1682972680,1682972681,30,0.044,-0.005,-8.116,-0.707,400,14,0.34,0.1,-3.831193732,-32.8915648,3.523286194,0,2.326160606,-0.415762231,0.19447018,1,0.773903188,6.469959164,0.707022683,0,1,3,3-Jan,100,100,-8.055,-0.6817,-4.917279708,-0.007814304,-3.18E-07,6.48E-10,-0.598374678,-0.027428369,0.001386821,-3.01E-06,5,2011,2,27,0.3,0.2,2,605.002,459.285,20.0002,21.9377,30.0009,21.8735,21.8665,21.3781,25.5015,94.6962,20,400,14.3418,102.125,103.608
41,1682972733,4297,20230501 13:25:32,13:25:32,e4.brodia.2,38.97614987,1682972725,0.001787031,7.046085731,392.27,322.2729701,32.47973296,39.53426452,0.180779419,2.940495691,0.174824159,0.109783813,321.4449424,23.52288414,21.73827419,2.611446525,60.06398064,1.602790933,2.668472712,1.008655593,-78.8080552,56.11533364,3.912587963,302.6648088,0,0,1,0,54094.04575,RECT-1505-20210918-17_20_47,10288.4,812.936,2752.91,1939.974,0.704699391,-1,MPF-1480-20230501-13_35_29,10280.8,2.194792,2.1264,-0.032163281,0.5,1681.195839,7.046085731,-27.0363868,1,0.00478593,1293.634123,-,0,2.1264,-0.032163281,0.999227581,8.44E-05,1.417948694,0,1,1480,300,300,300,10280.8,1.66,-0.00685898,0.07,1999.994839,1681.195839,0.840600089,0.191200177,6,0.5,0: Broadleaf,2,1682972725,392.27,400.0150323,15.90333871,14.14519355,400.324871,16.5888,600.1589677,100.6854194,0.097879184,22.09225161,21.73827419,999.9,0,0,9994.029677,0,95.90505806,1999.994839,0.979997161,0.020002839,0,2.202277419,0,6557.526129,16305.98387,41.04409677,41.45122581,41.58435484,39.47154839,39.96341935,1959.989032,40.00580645,0,36.20000005,0,2.194792,0.847723075,-841.5046154,6544.0296,15,1682972681,13:24:40,1682972680,1682972681,30,0.044,-0.005,-8.116,-0.707,400,14,0.34,0.1,-7.724542683,-0.0565823,0.053797251,1,2.219770588,-0.24017636,0.185745333,1,1.782698049,-0.47786676,0.047197069,0,2,3,3-Feb,100,100,-8.055,-0.686,-4.917279708,-0.007814304,-3.18E-07,6.48E-10,-0.598374678,-0.027428369,0.001386821,-3.01E-06,5,2011,2,27,0.9,0.9,2,607.841,459.572,20.0009,22.01,30.0008,21.9316,21.9279,21.3711,25.7767,94.3247,20,400,14.287,102.109,103.596
42,1682972772,4336,20230501 13:26:11,13:26:11,e4.brodia.2,41.32097449,1682972764,0.001668859,7.049318062,392.3121935,318.6603219,32.11497466,39.53769983,0.170599027,2.939875124,0.165283915,0.103766194,321.4477007,23.48403872,21.66516452,2.599802316,60.34514237,1.603442147,2.657118841,0.996360169,-73.59667373,56.60504953,3.944694484,308.400771,0,0,1,0,54088.48289,RECT-1505-20210918-17_20_47,10288.4,812.936,2752.91,1939.974,0.704699391,-1,MPF-1481-20230501-13_36_08,10281.3,2.277853846,2.0292,-0.12253787,0.5,1681.209242,7.049318062,-103.0058999,1,0.004787815,1355.64794,-,0,2.0292,-0.12253787,0.999262889,0.000306637,1.417998798,0,1,1481,300,300,300,10281.3,1.07,-0.00685939,-0.29,2000.010645,1681.209242,0.840600147,0.191200294,6,0.5,0: Broadleaf,2,1682972764,392.3121935,400.0139677,15.91012903,14.26830323,400.3675161,16.59548065,600.175871,100.6824839,0.098731916,22.02230645,21.66516452,999.9,0,0,9990.792903,0,90.96844516,2000.010645,0.979996774,0.020003226,0,2.301609677,0,6047.737419,16306.13226,40.86467742,41.308,41.393,39.296,39.8,1960.000645,40.01,0,38,0,2.277853846,0.456663251,-671.828717,6042.821154,15,1682972681,13:24:40,1682972680,1682972681,30,0.044,-0.005,-8.116,-0.707,400,14,0.34,0.1,-7.721010488,0.100879233,0.050310244,1,2.2621,0.290169863,0.187141913,1,1.648950976,-0.138464948,0.013892004,0,2,3,3-Feb,100,100,-8.055,-0.6856,-4.917279708,-0.007814304,-3.18E-07,6.48E-10,-0.598374678,-0.027428369,0.001386821,-3.01E-06,5,2011,2,27,1.5,1.5,2,608.057,459.307,19.9999,22.0907,30.0009,22.0053,21.9995,21.3724,25.4728,93.9493,20,400,14.2034,102.092,103.579
43,1682973036,4600.1,20230501 13:30:35,13:30:35,j5.brodia.2,39.23985709,1682973028,0.000813288,2.654421661,396.9767419,326.4729449,32.90084816,40.0059843,0.067646058,2.943484901,0.066794122,0.041821975,321.4484062,23.63498855,22.73214194,2.774330266,59.47975652,1.573741096,2.645843205,1.20058917,-35.86599207,-123.7074129,-8.654123962,153.2208773,0,0,1,0,54207.89702,RECT-1505-20210918-17_20_47,10288.4,812.936,2752.91,1939.974,0.704699391,-1,MPF-1482-20230501-13_40_32,10307.5,2.220388,2.5652,0.134419149,0.5,1681.212784,2.654421661,112.9935955,1,0.002173682,1072.175581,-,0,2.5652,0.134419149,0.999068186,-0.000425499,1.417722506,0,1,1482,300,300,300,10307.5,1.74,-0.00687783,-0.75,2000.014839,1681.212784,0.840600155,0.19120031,6,0.5,0: Broadleaf,2,1682973028,396.9767419,399.9514516,15.61612903,14.81623226,405.1177742,16.29926129,600.5180323,100.6816452,0.09500011,21.95258387,22.73214194,999.9,0,0,10011.41129,0,79.33862903,2000.014839,0.979993452,0.0200064,0,2.229574194,0,4543.159355,16306.13226,39.24593548,40.187,39.893,38.175,38.375,1960.004194,40.01064516,0,263.3999999,0,2.220388,-0.075630772,-883.335386,4528.9408,15,1682973017,13:30:17,1682973017,1682973010,31,-0.049,0.007,-8.165,-0.697,400,15,0.56,0.1,-2.192877973,-11.9160761,1.356473608,0,2.224547059,0.016044189,0.19159054,1,0.593080929,2.910276465,0.35496454,0,1,3,3-Jan,100,100,-8.139,-0.6804,-4.966250728,-0.007814304,-3.18E-07,6.48E-10,-0.5915174,-0.027428369,0.001386821,-3.01E-06,5,2011,2,27,0.3,0.4,2,606.664,462.235,20.0024,21.959,30.0004,22.024,22.0336,21.388,22.1153,93.944,20,400,14.8013,102.117,103.604
44,1682973077,4641.1,20230501 13:31:16,13:31:16,j5.brodia.2,34.36874415,1682973069,0.000970178,2.771903039,396.8468,334.0151673,33.66016366,39.99198104,0.080651857,2.940903673,0.079442949,0.049758949,321.4462549,23.71342383,22.85083667,2.794364878,59.68056785,1.590456843,2.664949246,1.203908035,-42.7848363,-123.7107506,-8.672369959,146.2782981,0,0,1,0,54109.8945,RECT-1505-20210918-17_20_47,10288.4,812.936,2752.91,1939.974,0.704699391,-1,MPF-1483-20230501-13_41_13,10307.5,2.267476,2.0684,-0.096246374,0.5,1681.20119,2.771903039,-80.90475926,1,0.002243576,1329.936956,-,0,2.0684,-0.096246374,0.99924865,0.00024551,1.417978591,0,1,1483,300,300,300,10307.5,1.24,-0.00687767,0.44,2000.001,1681.20119,0.840600175,0.191200349,6,0.5,0: Broadleaf,2,1682973069,396.8468,400.0031,15.78235667,14.82767667,404.9869,16.46296,600.1169,100.6776,0.09675685,22.07057333,22.85083667,999.9,0,0,9997.126,0,76.78928333,2000.001,0.9799932,0.02000666,0,2.27922,0,4016.651333,16306.02333,39.2038,40.187,39.8162,38.187,38.375,1959.989333,40.01166667,0,40,0,2.267476,-0.045815374,-587.0338453,4012.7288,15,1682973017,13:30:17,1682973017,1682973010,31,-0.049,0.007,-8.165,-0.697,400,15,0.56,0.1,-3.155371951,0.052391916,0.039002885,1,2.264542857,0.038519765,0.163312959,1,0.967175683,-0.24716653,0.024663977,0,2,3,3-Feb,100,100,-8.14,-0.6806,-4.966250728,-0.007814304,-3.18E-07,6.48E-10,-0.5915174,-0.027428369,0.001386821,-3.01E-06,5,2011,2,27,1,1.1,2,608.83,462.564,20.0005,21.9831,30.0004,22.0425,22.0549,21.3878,21.8517,93.5725,20,400,14.9655,102.108,103.601
45,1682973116,4680.1,20230501 13:31:55,13:31:55,j5.brodia.2,36.58161616,1682973108,0.000898348,2.705281742,396.9260667,330.542318,33.31023866,40.00002811,0.073951947,2.942647556,0.072934777,0.045674459,321.4467308,23.82105544,22.94038667,2.80956378,59.54015443,1.595437786,2.679599678,1.214125993,-39.61716709,-123.7169487,-8.675566895,149.4370481,0,0,1,0,54144.83765,RECT-1505-20210918-17_20_47,10288.4,812.936,2752.91,1939.974,0.704699391,-1,MPF-1484-20230501-13_41_52,10307.5,2.293473077,1.7204,-0.333104555,0.5,1681.20396,2.705281742,-280.0083487,1,0.002203945,1599.15694,-,0,1.7204,-0.333104555,0.999375061,0.000706437,1.418157975,0,1,1484,300,300,300,10307.5,0.92,-0.00687773,-0.33,2000.004333,1681.20396,0.840600159,0.191200317,6,0.5,0: Broadleaf,2,1682973108,396.9260667,399.9871667,15.83176,14.94785333,405.0667,16.51159667,600.1489,100.6754333,0.09907223,22.16054667,22.94038667,999.9,0,0,10007.26267,0,74.94811667,2000.004333,0.9799935,0.02000635,0,2.276143333,0,3656.585667,16306.05667,39.17873333,40.18286667,39.75,38.187,38.3414,1959.993667,40.01066667,0,37.80000019,0,2.293473077,0.451552137,-454.3747008,3656.637692,15,1682973017,13:30:17,1682973017,1682973010,31,-0.049,0.007,-8.165,-0.697,400,15,0.56,0.1,-3.08577878,0.409911847,0.058633571,1,2.275561765,0.311321197,0.18458439,1,0.888673463,-0.087699721,0.008869551,1,3,3,3-Mar,100,100,-8.141,-0.6799,-4.966250728,-0.007814304,-3.18E-07,6.48E-10,-0.5915174,-0.027428369,0.001386821,-3.01E-06,5,2011,2,27,1.6,1.8,2,609.384,462.411,20.0014,22.0072,30.0002,22.0622,22.0757,21.3857,21.5663,93.5725,20,400,15.0703,102.107,103.597
46,1682973323,4887.1,20230501 13:35:22,13:35:22,j6.brodia.2,38.73157134,1682973315,0.001242998,4.531004796,394.9385,325.5579351,32.80679246,39.79834005,0.116984791,2.94305788,0.114461525,0.071760626,321.446438,23.72574025,22.18504667,2.683601223,60.20114373,1.612603074,2.678691755,1.070998149,-54.81623005,-4.770032947,-0.333158192,261.5270168,0,0,1,0,54157.94522,RECT-1505-20210918-17_20_47,10288.4,812.936,2752.91,1939.974,0.704699391,-1,MPF-1485-20230501-13_45_19,10321.8,2.258507692,3.04454,0.258177691,0.5,1681.20481,4.531004796,217.0247881,1,0.003289905,903.2121306,-,0,3.04454,0.258177691,0.998894065,-0.00097054,1.41747542,0,1,1485,300,300,300,10321.8,1.75,-0.00688714,-1.16,2000.005667,1681.20481,0.840600023,0.191200047,6,0.5,0: Broadleaf,2,1682973315,394.9385,399.9587,16.00265333,14.77996333,402.9591667,16.68372,600.2047,100.6740667,0.096914253,22.15498333,22.18504667,999.9,0,0,10009.734,0,69.42425667,2000.005667,0.9799982,0.02000206,0,2.220346667,0,9113.577333,16306.09333,38.8372,40.062,39.5,38.125,38.125,1960.004,40.00166667,0,206.2,0,2.258507692,0.032451268,-1909.349061,9101.004615,15,1682973302,13:35:01,1682973299,1682973302,32,0.104,-0.004,-8.061,-0.703,400,14,0.6,0.06,-4.099232524,-12.89185777,1.716163389,0,2.228629412,-0.099108459,0.237258393,1,1.01635211,2.898509667,0.412967117,0,1,3,3-Jan,100,100,-8.022,-0.6793,-4.862459685,-0.007814304,-3.18E-07,6.48E-10,-0.595520408,-0.027428369,0.001386821,-3.01E-06,5,2011,2,27,0.4,0.3,2,607.262,461.002,19.9996,22.0446,29.9998,22.0849,22.0933,21.3839,24.0738,94.7571,20,400,14.6313,102.117,103.604
47,1682973360,4924.6,20230501 13:36:00,13:36:00,j6.brodia.2,34.4353485,1682973352,0.001374684,4.405487893,395.0525161,332.434728,33.49992972,39.81001505,0.127935046,2.940528233,0.124921321,0.078340684,321.4508639,23.72948211,22.23773871,2.692225053,59.85608813,1.606950959,2.684690913,1.085274094,-60.62355421,-7.296459962,-0.510284189,253.0205655,0,0,1,0,54076.5214,RECT-1505-20210918-17_20_47,10288.4,812.936,2752.91,1939.974,0.704699391,-1,MPF-1486-20230501-13_45_57,10321.3,2.29975,2.678,0.141243465,0.5,1681.228461,4.405487893,118.7312669,1,0.003215201,1026.972367,-,0,2.678,0.141243465,0.999027211,-0.000466827,1.41766436,0,1,1486,300,300,300,10321.3,1.77,-0.00688679,-0.53,2000.033871,1681.228461,0.840599995,0.191199989,6,0.5,0: Broadleaf,2,1682973352,395.0525161,400.0002581,15.94649032,14.59395161,403.0740323,16.62845161,600.0992258,100.6736129,0.097837539,22.1917129,22.23773871,999.9,0,0,9995.386774,0,68.81882903,2000.033871,0.979999806,0.0200004,0,2.280890323,0,7990.504194,16306.31613,38.82622581,40,39.437,38.062,38.09248387,1960.033548,40.00032258,0,36.80000019,0,2.29975,-0.120194868,-1511.249231,7971.636923,15,1682973302,13:35:01,1682973299,1682973302,32,0.104,-0.004,-8.061,-0.703,400,14,0.6,0.06,-4.961988049,0.069432962,0.050461054,1,2.2918,-0.032133767,0.217332846,1,1.371413902,-0.446330592,0.044231485,0,2,3,3-Feb,100,100,-8.022,-0.6825,-4.862459685,-0.007814304,-3.18E-07,6.48E-10,-0.595520408,-0.027428369,0.001386821,-3.01E-06,5,2011,2,27,1,1,2,608.552,461.758,20.0002,22.0239,29.9998,22.0644,22.0764,21.3781,23.819,94.3855,20,400,14.7838,102.12,103.609
48,1682973398,4962.6,20230501 13:36:38,13:36:38,j6.brodia.2,41.13983679,1682973390,0.001198505,4.542463512,394.986,321.6550144,32.4138175,39.80352721,0.110415205,2.942558869,0.108164071,0.067800977,321.4458004,23.77605184,22.29334194,2.701351633,59.91208234,1.608632133,2.684987853,1.0927195,-52.85407888,-15.83424249,-1.106940053,251.650539,0,0,1,0,54136.12289,RECT-1505-20210918-17_20_47,10288.4,812.936,2752.91,1939.974,0.704699391,-1,MPF-1487-20230501-13_46_35,10321,2.304426923,2.23102,-0.032902853,0.5,1681.201897,4.542463512,-27.65816943,1,0.003296727,1232.924393,-,0,2.23102,-0.032902853,0.999189578,9.05E-05,1.417894766,0,1,1487,300,300,300,10321,1.23,-0.00688657,0,2000.002258,1681.201897,0.840599999,0.191199999,6,0.5,0: Broadleaf,2,1682973390,394.986,400.0004194,15.9630871,14.78405161,403.0069355,16.64478387,600.1719355,100.6733226,0.09867241,22.19352903,22.29334194,999.9,0,0,10006.96774,0,76.0104129,2000.002258,0.980000194,0.02,0,2.291016129,0,7106.072258,16306.06452,38.81606452,39.95122581,39.409,38.004,38.06606452,1960.002258,40,0,37,0,2.304426923,-0.547292323,-1046.533332,7099.714615,15,1682973302,13:35:01,1682973299,1682973302,32,0.104,-0.004,-8.061,-0.703,400,14,0.6,0.06,-5.045062927,0.492974425,0.065651551,1,2.341962857,-0.575969472,0.163376641,1,1.187556829,-0.201730662,0.019978901,0,2,3,3-Feb,100,100,-8.021,-0.6821,-4.862459685,-0.007814304,-3.18E-07,6.48E-10,-0.595520408,-0.027428369,0.001386821,-3.01E-06,5,2011,2,27,1.6,1.6,2,608.87,461.827,20.0005,22.004,29.9998,22.0488,22.0635,21.3817,23.819,94.0144,20,400,14.8786,102.127,103.614
49,1682973655,5219.6,20230501 13:40:55,13:40:55,d5.brodia.2,58.29898384,1682973647,0.000878475,4.343215458,395.3096,294.3252425,29.66017924,39.83672446,0.074498991,2.943137485,0.073466999,0.046008404,321.4454702,23.6389326,22.52830333,2.740217263,58.92144019,1.560942255,2.649192297,1.179275008,-38.7407666,-88.05944307,-6.155314907,188.4899456,0,0,1,0,54193.63305,RECT-1505-20210918-17_20_47,10288.4,812.936,2752.91,1939.974,0.704699391,-1,MPF-1488-20230501-13_50_51,10316.2,2.279023077,1.8536,-0.229511802,0.5,1681.20228,4.343215458,-192.9278828,1,0.003178211,1484.1694,-,0,1.8536,-0.229511802,0.999326676,0.000524513,1.418089315,0,1,1488,300,300,300,10316.2,1.26,-0.00688365,-0.02,2000.003,1681.20228,0.840599879,0.191199759,6,0.5,0: Broadleaf,2,1682973647,395.3096,399.9939667,15.48961333,14.62587333,403.3123667,16.17652,600.7837,100.6732333,0.100247663,21.97332,22.52830333,999.9,0,0,10010.27,0,129.5889333,2000.003,0.9800034,0.019996583,0,2.26595,0,5448.039667,16306.09,38.25,39.55786667,38.9748,37.5372,37.562,1960.010333,39.992,0,256.2,0,2.279023077,-0.316649571,-558.878291,5445.319615,15,1682973639,13:40:39,1682973632,1682973639,33,0.02,0.002,-8.04,-0.703,400,14,0.3,0.08,-3.399324488,-24.58791382,2.671769907,0,2.290555882,-0.58505579,0.167878631,1,0.631407297,4.053834341,0.472870834,0,1,3,3-Jan,100,100,-7.993,-0.6805,-4.842036321,-0.007814304,-3.18E-07,6.48E-10,-0.593606711,-0.027428369,0.001386821,-3.01E-06,5,2011,2,27,0.4,0.3,2,608.669,458.92,19.9999,21.864,30.0006,21.9794,21.9988,21.3708,25.5729,94.0369,20,400,14.5831,102.15,103.631
50,1682973694,5258.1,20230501 13:41:33,13:41:33,d5.brodia.2,48.49002323,1682973686,0.001294814,5.399860242,394.1081,308.4762488,31.08458841,39.71355371,0.111360232,2.941969606,0.109070382,0.068370801,321.4448845,23.64056266,22.66843667,2.763629303,59.74077096,1.593234855,2.666913784,1.170394448,-57.10129316,-92.9080237,-6.505044999,164.9305227,0,0,1,0,54138.99693,RECT-1505-20210918-17_20_47,10288.4,812.936,2752.91,1939.974,0.704699391,-1,MPF-1489-20230501-13_51_30,10315.8,2.376664,1.914,-0.241726228,0.5,1681.19442,5.399860242,-203.1943927,1,0.003806734,1437.301985,-,0,1.914,-0.241726228,0.999304736,0.00057047,1.41805818,0,1,1489,300,300,300,10315.8,1.53,-0.00688346,-0.27,1999.993,1681.19442,0.840600152,0.191200304,6,0.5,0: Broadleaf,2,1682973686,394.1081,400.0171667,15.81089333,14.53678667,402.1015667,16.49312333,600.1107,100.6705,0.097674297,22.08266333,22.66843667,999.9,0,0,10003.895,0,132.7002,1999.993,0.9799931,0.020006997,0,2.36954,0,5140.220667,16305.95,38.2562,39.52686667,38.937,37.5,37.562,1959.983,40.01,0,37.5999999,0,2.376664,0.017592308,-330.6830764,5138.07,15,1682973639,13:40:39,1682973632,1682973639,33,0.02,0.002,-8.04,-0.703,400,14,0.3,0.08,-5.902187317,-0.093925087,0.04069434,1,2.361408571,-0.053920157,0.196234515,1,1.311578537,-0.670321882,0.06732623,0,2,3,3-Feb,100,100,-7.993,-0.6819,-4.842036321,-0.007814304,-3.18E-07,6.48E-10,-0.593606711,-0.027428369,0.001386821,-3.01E-06,5,2011,2,27,1,0.9,2,612.467,458.07,20.0019,21.9246,30.0008,22.0239,22.0443,21.368,25.5098,93.6669,20,400,14.6607,102.137,103.619
51,1682973730,5294.6,20230501 13:42:10,13:42:10,d5.brodia.2,48.97449088,1682973722,0.001263216,5.309653828,394.1971,307.8081729,31.01645361,39.72147963,0.108416723,2.942131665,0.10624517,0.066594714,321.4465712,23.6738449,22.74166667,2.775933305,60.04872361,1.603905763,2.671007252,1.172027542,-55.70781552,-100.536765,-7.042309903,158.1596808,0,0,1,0,54139.0884,RECT-1505-20210918-17_20_47,10288.4,812.936,2752.91,1939.974,0.704699391,-1,MPF-1490-20230501-13_52_07,10315.6,2.269580769,2.0152,-0.126231029,0.5,1681.20312,5.309653828,-106.1099997,1,0.003753059,1365.072846,-,0,2.0152,-0.126231029,0.999267975,0.000313694,1.418006015,0,1,1490,300,300,300,10315.6,1.14,-0.0068833,-0.7,2000.003333,1681.20312,0.840600159,0.191200318,6,0.5,0: Broadleaf,2,1682973722,394.1971,400.0032667,15.91720667,14.67440667,402.1913667,16.59774667,600.1491333,100.667,0.098529797,22.10783,22.74166667,999.9,0,0,10005.165,0,133.5997333,2000.003333,0.9799934,0.020006687,0,2.282556667,0,4943.814333,16306.04333,38.28306667,39.52893333,38.93286667,37.4874,37.562,1959.992667,40.01066667,0,35.4000001,0,2.269580769,0.177911114,-230.5726496,4943.815769,15,1682973639,13:40:39,1682973632,1682973639,33,0.02,0.002,-8.04,-0.703,400,14,0.3,0.08,-5.817658049,0.29940439,0.039269919,1,2.309391429,-0.374984736,0.170257337,1,1.244041463,-0.061504599,0.007560014,1,3,3,3-Mar,100,100,-7.994,-0.6808,-4.842036321,-0.007814304,-3.18E-07,6.48E-10,-0.593606711,-0.027428369,0.001386821,-3.01E-06,5,2011,2,27,1.6,1.5,2,612.952,457.673,20.0003,21.9977,30.0009,22.0805,22.0994,21.3675,25.7812,93.6669,20,400,14.6251,102.122,103.602
52,1682973960,5524.6,20230501 13:46:00,13:46:00,d6.brodia.2,40.93650001,1682973952,0.001576959,5.804606406,393.6162581,320.1230189,32.25603004,39.6613086,0.141795376,2.941419411,0.138104508,0.086638925,321.442781,23.53463594,22.49798387,2.735174697,60.46895674,1.609426389,2.661574592,1.125748309,-69.5438985,-71.07405988,-4.972110188,175.8527124,0,0,1,0,54128.65445,RECT-1505-20210918-17_20_47,10288.4,812.936,2752.91,1939.974,0.704699391,-1,MPF-1491-20230501-13_55_57,10312.3,2.31722,2.5436,0.088999843,0.5,1681.185919,5.804606406,74.81264122,1,0.004047504,1081.288882,-,0,2.5436,0.088999843,0.999076032,-0.000279346,1.41773364,0,1,1491,300,300,300,10312.3,1.07,-0.00688129,0.19,1999.983226,1681.185919,0.84060001,0.19120002,6,0.5,0: Broadleaf,2,1682973952,393.6162581,400.0404194,15.97265484,14.42116452,401.6478387,16.66120323,600.1085161,100.6647742,0.096583571,22.0497871,22.49798387,999.9,0,0,10001.33355,0,82.61803226,1999.983226,0.979999677,0.0200003,0,2.323725806,0,9387.228387,16305.91613,37.937,39.20935484,38.56403226,37.25,37.254,1959.982903,40.00032258,0,229.2,0,2.31722,0.656930775,-1247.022308,9369.532,15,1682973920,13:45:19,1682973920,1682973919,34,-0.042,-0.009,-8.082,-0.712,400,14,0.33,0.09,-6.46509561,0.858465993,0.096951897,0,2.319579412,0.258530008,0.156486242,1,1.516970732,0.493254774,0.068381541,0,1,3,3-Jan,100,100,-8.031,-0.6902,-4.883587852,-0.007814304,-3.18E-07,6.48E-10,-0.602636365,-0.027428369,0.001386821,-3.01E-06,5,2011,2,27,0.7,0.7,2,609.56,457.739,20.0011,22.2104,29.9999,22.2296,22.2347,21.3624,27.5001,92.5474,20,400,14.4046,102.089,103.578
53,1682974004,5568.1,20230501 13:46:43,13:46:43,d6.brodia.2,51.18101366,1682973996,0.001335202,5.997723806,393.4433548,303.5304154,30.58572565,39.64594617,0.117186499,2.940516393,0.114652488,0.071880912,321.4450796,23.61161233,22.54354516,2.742755271,59.85888899,1.594518856,2.663796277,1.148236415,-58.88239698,-76.10522795,-5.32731291,181.1301418,0,0,1,0,54099.55199,RECT-1505-20210918-17_20_47,10288.4,812.936,2752.91,1939.974,0.704699391,-1,MPF-1492-20230501-13_56_40,10311.6,2.306826923,2.2532,-0.023800339,0.5,1681.198103,5.997723806,-20.00654211,1,0.004162343,1220.777916,-,0,2.2532,-0.023800339,0.999181521,6.62E-05,1.417883332,0,1,1492,300,300,300,10311.6,1.49,-0.00688088,-0.76,1999.997742,1681.198103,0.840600001,0.191200001,6,0.5,0: Broadleaf,2,1682973996,393.4433548,399.9647742,15.82388387,14.51013871,401.4736129,16.51479677,600.1500323,100.6680323,0.098560135,22.06347419,22.54354516,999.9,0,0,9995.873548,0,81.96097419,1999.997742,0.980001129,0.0199988,0,2.300774194,0,8386.101613,16306.03548,37.937,39.125,38.52,37.23577419,37.25,1959.997742,40,0,42.79999995,0,2.306826923,-0.571401723,-1297.290599,8372.098077,15,1682973920,13:45:19,1682973920,1682973919,34,-0.042,-0.009,-8.082,-0.712,400,14,0.33,0.09,-6.496731951,-0.443278118,0.052679543,1,2.3403,-0.146662722,0.174478826,1,1.333652195,-0.357877631,0.038317048,0,2,3,3-Feb,100,100,-8.029,-0.6904,-4.883587852,-0.007814304,-3.18E-07,6.48E-10,-0.602636365,-0.027428369,0.001386821,-3.01E-06,5,2011,2,27,1.4,1.4,2,610.206,458.131,20.0003,22.1959,30,22.2185,22.2289,21.3677,25.4966,92.1756,20,400,14.536,102.095,103.584
54,1682974045,5609.6,20230501 13:47:25,13:47:25,d6.brodia.2,55.46255587,1682974037,0.001315971,6.387629998,393.1009032,296.2918248,29.85565764,39.61056297,0.115170134,2.942091254,0.112722875,0.070667342,321.4445133,23.5877646,22.55147419,2.744076395,59.9055456,1.593030656,2.659237371,1.151045739,-58.03430136,-81.86018595,-5.726502599,175.8235234,0,0,1,0,54151.14786,RECT-1505-20210918-17_20_47,10288.4,812.936,2752.91,1939.974,0.704699391,-1,MPF-1493-20230501-13_57_22,10311.2,2.295036,2.5608,0.103781631,0.5,1681.195123,6.387629998,87.23858571,1,0.004394273,1074.019525,-,0,2.5608,0.103781631,0.999069784,-0.000327952,1.417724774,0,1,1493,300,300,300,10311.2,1.51,-0.00688056,-0.26,1999.994194,1681.195123,0.840600002,0.191200003,6,0.5,0: Broadleaf,2,1682974037,393.1009032,400.0038065,15.80946452,14.51468065,401.1283548,16.5006,600.1769677,100.6650968,0.099268429,22.03537742,22.55147419,999.9,0,0,10005.12419,0,72.89101935,1999.994194,0.980002097,0.0199978,0,2.307,0,7551.642581,16306.01613,37.95732258,39.06606452,38.5,37.19106452,37.254,1959.994194,40,0,40.30000019,0,2.295036,0.032438464,-960.7976909,7540.9956,15,1682973920,13:45:19,1682973920,1682973919,34,-0.042,-0.009,-8.082,-0.712,400,14,0.33,0.09,-6.89115439,-0.2571577,0.041905214,1,2.317694286,-0.290698239,0.154549507,1,1.303712927,-0.249858397,0.026017628,0,2,3,3-Feb,100,100,-8.027,-0.6914,-4.883587852,-0.007814304,-3.18E-07,6.48E-10,-0.602636365,-0.027428369,0.001386821,-3.01E-06,5,2011,2,27,2.1,2.1,2,609.806,458.737,20.0001,22.1847,30,22.2092,22.2197,21.3661,24.6042,91.8017,20,400,14.6715,102.099,103.587
55,1682974301,5865.1,20230501 13:51:40,13:51:40,j7.brodia.2,40.29406611,1682974293,0.000706931,2.779874939,396.9069355,325.7288018,32.8147346,39.9853979,0.068989685,2.944814616,0.068104203,0.042643737,321.4464651,22.73842743,21.05311613,2.504090714,59.15598426,1.479042925,2.500242271,1.02504779,-31.17564153,-3.974654589,-0.274267618,286.0219013,0,0,1,0,54416.96792,RECT-1505-20210918-17_20_47,10288.4,812.936,2752.91,1939.974,0.704699391,-1,MPF-1494-20230501-14_01_37,10332.5,2.26978,2.41084,0.058510727,0.5,1681.202739,2.779874939,49.18419686,1,0.002248316,1140.888304,-,0,2.41084,0.058510727,0.999124258,-0.000174035,1.417802074,0,1,1494,300,300,300,10332.5,1.1,-0.00689519,0.1,2000.002903,1681.202739,0.840600149,0.191200298,6,0.5,0: Broadleaf,2,1682974293,396.9069355,399.9655806,14.68141935,13.98528065,404.8623226,15.38074839,600.356129,100.6457097,0.096792726,21.02808065,21.05311613,999.9,0,0,10022.56032,0,57.34642903,2000.002903,0.97999429,0.0200053,0,2.260103226,0,4824.950968,16306.04194,37.266,38.21951613,37.94719355,36.25374194,36.419,1959.992903,40.01,0,254.4000001,0,2.26978,0.418384609,-549.4038453,4819.7548,15,1682974283,13:51:23,1682974283,1682974274,35,0.101,0.008,-7.98,-0.71,400,14,1.05,0.11,-2.248184322,-13.6990108,1.505428245,0,2.302505882,0.024879731,0.170592821,1,0.507482905,2.783770981,0.344066944,0,1,3,3-Jan,100,100,-7.951,-0.6962,-4.782546317,-0.007814304,-3.18E-07,6.48E-10,-0.594695617,-0.027428369,0.001386821,-3.01E-06,5,2011,2,27,0.3,0.5,2,605.838,461.237,19.9988,21.4709,29.9992,21.6734,21.7028,21.3638,24.4445,90.3059,20,400,14.0941,102.217,103.701
56,1682974346,5910.6,20230501 13:52:26,13:52:26,j7.brodia.2,33.38089717,1682974338,0.000912471,3.056343106,396.5805806,336.4506425,33.89747456,39.95557876,0.091559645,2.941716886,0.090005447,0.056390845,321.4401329,22.56638313,20.97449355,2.492022292,60.06940352,1.490810031,2.48181261,1.001212261,-40.2399786,-10.58997582,-0.730779376,269.8793992,0,0,1,0,54347.51015,RECT-1505-20210918-17_20_47,10288.4,812.936,2752.91,1939.974,0.704699391,-1,MPF-1495-20230501-14_02_23,10331.5,2.288916,2.0744,-0.103411107,0.5,1681.16941,3.056343106,-86.92579472,1,0.00241281,1326.087351,-,0,2.0744,-0.103411107,0.99924647,0.000264553,1.417975499,0,1,1495,300,300,300,10331.5,1.6,-0.00689422,-0.74,1999.963226,1681.16941,0.840600161,0.191200322,6,0.5,0: Broadleaf,2,1682974338,396.5805806,399.9979032,14.79709032,13.89835484,404.5335161,15.49500645,600.1560645,100.6513548,0.098860155,20.90771935,20.97449355,999.9,0,0,10004.35968,0,56.01878065,1999.963226,0.979994677,0.0200049,0,2.292035484,0,4518.41129,16305.72581,37.375,38.288,38.062,36.10467742,36.558,1959.952903,40.01,0,44.4000001,0,2.288916,-0.073830764,-286.9907688,4515.266,15,1682974283,13:51:23,1682974283,1682974274,35,0.101,0.008,-7.98,-0.71,400,14,1.05,0.11,-3.428923415,0.473667596,0.068928631,1,2.324674286,-0.385953816,0.155576923,1,0.916123951,-0.358415728,0.036289007,0,2,3,3-Feb,100,100,-7.953,-0.6981,-4.782546317,-0.007814304,-3.18E-07,6.48E-10,-0.594695617,-0.027428369,0.001386821,-3.01E-06,5,2011,2,27,1.1,1.2,2,607.852,462.436,19.9983,21.3602,29.9994,21.5715,21.6063,21.361,25.0888,89.9318,20,400,13.9798,102.237,103.718
57,1682974385,5949.1,20230501 13:53:04,13:53:04,j7.brodia.2,36.56359488,1682974377,0.000857838,3.145178991,396.5340333,331.3319706,33.38127311,39.9502977,0.086019414,2.942404465,0.084646407,0.053025538,321.4481562,22.54640092,20.95307333,2.488743171,60.07607216,1.487868903,2.476641448,1.000874268,-37.83064299,-12.57414343,-0.867252563,270.1761172,0,0,1,0,54374.12816,RECT-1505-20210918-17_20_47,10288.4,812.936,2752.91,1939.974,0.704699391,-1,MPF-1496-20230501-14_03_01,10330.4,2.384707692,1.6284,-0.464448349,0.5,1681.21403,3.145178991,-390.4185407,1,0.002465587,1689.561287,-,0,1.6284,-0.464448349,0.99940848,0.000932208,1.418205399,0,1,1496,300,300,300,10330.4,0.88,-0.0068937,-0.11,2000.016667,1681.21403,0.84060001,0.19120002,6,0.5,0: Broadleaf,2,1682974377,396.5340333,400.0183333,14.76811667,13.9232,404.4866,15.46641,600.1792333,100.6494667,0.09925687,20.87380667,20.95307333,999.9,0,0,10008.46067,0,51.65813333,2000.016667,0.979998467,0.020001363,0,2.35781,0,4347.201667,16306.18,37.5704,38.26653333,38.15393333,36.25,36.63326667,1960.015667,40.001,0,37.79999995,0,2.384707692,-0.107022226,-186.4280343,4345.901538,15,1682974283,13:51:23,1682974283,1682974274,35,0.101,0.008,-7.98,-0.71,400,14,1.05,0.11,-3.486939024,0.149084111,0.044227937,1,2.415673529,-0.331113271,0.217607113,1,0.851934683,-0.126928829,0.012607411,0,2,3,3-Feb,100,100,-7.952,-0.6985,-4.782546317,-0.007814304,-3.18E-07,6.48E-10,-0.594695617,-0.027428369,0.001386821,-3.01E-06,5,2011,2,27,1.7,1.9,2,607.773,462.739,19.9985,21.2756,29.9994,21.4912,21.5277,21.359,24.8083,89.559,20,400,14.0252,102.247,103.729
58,1682974571,6135.1,20230501 13:56:10,13:56:10,j8.brodia.2,66.95187223,1682974563,0.000318924,2.014579228,397.8302069,284.3729647,28.65247573,40.08405075,0.030089961,2.938806435,0.029919847,0.018715108,321.4442874,22.57272975,21.10114828,2.51148872,59.31856396,1.45865619,2.459021413,1.05283253,-14.06452693,-54.40123295,-3.757322723,249.2212048,0,0,1,0,54289.09168,RECT-1505-20210918-17_20_47,10288.4,812.936,2752.91,1939.974,0.704699391,-1,MPF-1497-20230501-14_06_07,10297,2.363236,2.1036,-0.123424605,0.5,1681.193659,2.014579228,-103.750332,1,0.001793118,1307.666096,-,0,2.1036,-0.123424605,0.999235863,0.000320209,1.417960447,0,1,1497,300,300,300,10297,1.34,-0.00687117,-0.19,1999.992414,1681.193659,0.840600018,0.191200036,6,0.5,0: Broadleaf,2,1682974563,397.8302069,399.970069,14.47701724,14.16294483,405.8084483,15.17654828,600.4471034,100.6578966,0.098783193,20.75778621,21.10114828,999.9,0,0,9987.157931,0,55.60739655,1999.992414,0.979999241,0.020001217,0,2.345765517,0,5162.01,16305.98276,38.18486207,38.49348276,38.63782759,36.75,37.125,1959.991379,40.00103448,0,185.2,0,2.363236,0.148776924,-869.0446154,5157.6576,15,1682974556,13:55:56,1682974556,1682974555,36,-0.018,0.003,-7.997,-0.704,400,14,0.41,0.3,-1.433542401,-13.17175144,1.406739996,0,2.347851515,0.027664925,0.167968504,1,0.211220695,1.860521791,0.205389944,0,1,3,3-Jan,100,100,-7.974,-0.6973,-4.800511552,-0.007814304,-3.18E-07,6.48E-10,-0.592141707,-0.027428369,0.001386821,-3.01E-06,5,2011,2,27,0.2,0.3,2,603.977,462.257,19.9981,20.9423,29.9995,21.152,21.1892,21.3753,22.2927,88.8145,20,400,14.2467,102.309,103.78
59,1682974608,6172.6,20230501 13:56:48,13:56:48,j8.brodia.2,61.45547605,1682974600,0.00046673,2.754991982,397.0513667,292.2280981,29.44394373,40.00559211,0.044829072,2.943782847,0.044453241,0.02781678,321.4456528,22.55206689,21.13916,2.51735692,60.12891396,1.480463781,2.462149544,1.036893139,-20.58280628,-57.24867627,-3.948484525,239.6656857,0,0,1,0,54432.86483,RECT-1505-20210918-17_20_47,10288.4,812.936,2752.91,1939.974,0.704699391,-1,MPF-1498-20230501-14_06_45,10296.2,2.328388462,2.18973,-0.063322173,0.5,1681.20112,2.754991982,-53.22865395,1,0.002233517,1256.191526,-,0,2.18973,-0.063322173,0.999204576,0.000171026,1.417916049,0,1,1498,300,300,300,10296.2,1.56,-0.00687055,-0.34,2000.001333,1681.20112,0.8406,0.191199999,6,0.5,0: Broadleaf,2,1682974600,397.0513667,399.9907,14.69345,14.23373,405.0259,15.39019667,600.1989333,100.658,0.098716813,20.77843667,21.13916,999.9,0,0,10015.45967,0,54.21909667,2000.001333,0.9800015,0.0199989,0,2.326213333,0,4662.975,16306.07,38.3645,38.562,38.76446667,36.812,37.25826667,1960.001333,40,0,36.79999995,0,2.328388462,0.471326506,-654.0967526,4658.654231,15,1682974556,13:55:56,1682974556,1682974555,36,-0.018,0.003,-7.997,-0.704,400,14,0.41,0.3,-2.944277317,0.186473519,0.040915489,1,2.335948485,-0.116385701,0.182580319,1,0.462673585,-0.07234662,0.007247573,1,3,3,3-Mar,100,100,-7.975,-0.697,-4.800511552,-0.007814304,-3.18E-07,6.48E-10,-0.592141707,-0.027428369,0.001386821,-3.01E-06,5,2011,2,27,0.9,0.9,2,605.74,463.444,19.9995,20.8846,29.9995,21.0889,21.1262,21.375,22.2927,88.8145,20,400,14.2025,102.323,103.793
60,1682974649,6213,20230501 13:57:28,13:57:28,j8.brodia.2,65.53416147,1682974641,0.000419819,2.610149992,397.22,285.892671,28.80681722,40.02426468,0.039828845,2.94049623,0.03953155,0.024733744,321.4465994,22.5771594,21.16664667,2.521607753,59.77510275,1.472752614,2.463822806,1.048855139,-18.51400095,-59.79254654,-4.129358308,239.0106936,0,0,1,0,54333.40329,RECT-1505-20210918-17_20_47,10288.4,812.936,2752.91,1939.974,0.704699391,-1,MPF-1499-20230501-14_07_25,10295.2,2.268130769,1.9096,-0.187751764,0.5,1681.20867,2.610149992,-157.824947,1,0.002147354,1440.616045,-,0,1.9096,-0.187751764,0.999306334,0.00044207,1.418060448,0,1,1499,300,300,300,10295.2,1.53,-0.00686995,-0.31,2000.010667,1681.20867,0.840599852,0.191199704,6,0.5,0: Broadleaf,2,1682974641,397.22,399.9961333,14.61630333,14.20273667,405.1960333,15.31405,600.1679333,100.6612,0.099750317,20.78947333,21.16664667,999.9,0,0,9996.437333,0,52.21748667,2000.010667,0.9800033,0.0199971,0,2.242446667,0,4252.053,16306.16,38.5,38.6166,38.8812,36.9184,37.37913333,1960.020333,39.99033333,0,39.4000001,0,2.268130769,0.297757248,-463.0796581,4252.142308,15,1682974556,13:55:56,1682974556,1682974555,36,-0.018,0.003,-7.997,-0.704,400,14,0.41,0.3,-2.79460475,0.2157403,0.039568159,1,2.272431429,0.006424103,0.192249246,1,0.4166769,-0.084918619,0.008409349,1,3,3,3-Mar,100,100,-7.976,-0.698,-4.800511552,-0.007814304,-3.18E-07,6.48E-10,-0.592141707,-0.027428369,0.001386821,-3.01E-06,5,2011,2,27,1.5,1.6,2,605.707,463.756,20.0008,20.8201,29.9997,21.0206,21.058,21.3777,22.2927,88.4443,20,400,14.2495,102.335,103.804
61,1682974921,6485,20230501 14:02:00,14:02:00,e7.brodia.2,14.85828467,1682974913,0.001576522,2.408333259,397.0148,366.5224197,36.9312365,40.00368513,0.162086897,2.93898585,0.157279503,0.098719738,321.4462035,22.24006397,20.90199667,2.480939325,60.6467569,1.490845827,2.458244931,0.990093498,-69.52461038,-23.66241601,-1.63248567,226.6266915,0,0,1,0,54295.48891,RECT-1505-20210918-17_20_47,10288.4,812.936,2752.91,1939.974,0.704699391,-1,MPF-1500-20230501-14_11_57,10313.9,2.30122,2.31029,0.003925914,0.5,1681.20393,2.408333259,3.300131076,1,0.002027317,1190.586338,-,0,2.31029,0.003925914,0.999160783,-1.12E-05,1.417853904,0,1,1500,300,300,300,10313.9,1.4,-0.00688207,-0.31,2000.004667,1681.20393,0.840600004,0.191200007,6,0.5,0: Broadleaf,2,1682974913,397.0148,400.0483667,14.79583333,13.24298,404.9268,15.49074,600.1323333,100.6638667,0.097326957,20.75265667,20.90199667,999.9,0,0,9987.585333,0,58.28361667,2000.004667,0.9799988,0.0200012,0,2.293846667,0,11023.43,16306.09,38.875,38.93286667,39.3351,37.30786667,37.7479,1960.004333,40.00033333,0,271.2,0,2.30122,-0.146161532,-1584.023077,11007.524,15,1682974885,14:01:24,1682974885,1682974884,37,0.062,0,-7.935,-0.715,400,13,0.72,0.05,-3.079039,1.128258687,0.112982071,0,2.328761765,-0.55984869,0.19449677,1,1.486529,1.308846979,0.133001783,0,1,3,3-Jan,100,100,-7.913,-0.6961,-4.738652611,-0.007814304,-3.18E-07,6.48E-10,-0.591647474,-0.027428369,0.001386821,-3.01E-06,5,2011,2,27,0.6,0.6,2,605.421,462.887,20.0002,20.3663,29.9998,20.5627,20.5941,21.3642,28.6229,87.6913,20,400,13.0699,102.406,103.882
62,1682974959,6523.5,20230501 14:02:39,14:02:39,e7.brohor.2,17.87190271,1682974952,0.001492053,2.65323757,396.7340357,361.2139553,36.39748627,39.97664378,0.148458595,2.942591677,0.144419581,0.090615975,321.444699,22.34066775,20.9773,2.492452199,59.58023756,1.471896762,2.470444601,1.020555437,-65.79951944,-22.87829886,-1.577708404,231.1891723,0,0,1,0,54387.57364,RECT-1505-20210918-17_20_47,10288.4,812.936,2752.91,1939.974,0.704699391,-1,MPF-1501-20230501-14_12_36,10312.6,2.249196,2.0476,-0.098454776,0.5,1681.1961,2.65323757,-82.76089299,1,0.002172999,1343.456925,-,0,2.0476,-0.098454776,0.999256205,0.000248611,1.417989313,0,1,1501,300,300,300,10312.6,1.46,-0.00688126,-0.02,1999.995357,1681.1961,0.840600001,0.191200003,6,0.5,0: Broadleaf,2,1682974952,396.7340357,399.9783214,14.60731786,13.13746786,404.6438929,15.30468929,600.1664286,100.6655714,0.098769861,20.83308571,20.9773,999.9,0,0,10007.925,0,59.59127857,1999.995357,0.980001357,0.019998564,0,2.246371429,0,9796.581071,16306.025,39.03542857,38.946,39.43257143,37.375,37.8615,1959.995357,40,0,38,0,2.249196,0.49042307,-1923.63692,9786.844,15,1682974885,14:01:24,1682974885,1682974884,37,0.062,0,-7.935,-0.715,400,13,0.72,0.05,-3.19358825,-0.868249193,0.089854164,0,2.235578788,0.060418829,0.204331642,1,1.510121,-0.773624465,0.077273201,0,1,3,3-Jan,100,100,-7.908,-0.6967,-4.738652611,-0.007814304,-3.18E-07,6.48E-10,-0.591647474,-0.027428369,0.001386821,-3.01E-06,5,2011,2,27,1.2,1.3,2,605.968,463.133,20.0004,20.3328,29.9998,20.5144,20.5462,21.3674,26.4581,87.3196,20,400,13.2843,102.411,103.886
63,1682974995,6559.5,20230501 14:03:15,14:03:15,e7.brodia.2,22.54895033,1682974987,0.001494939,3.332385142,396.0851333,352.9404432,35.56365245,39.91107932,0.147784491,2.942600008,0.143781551,0.090214087,321.4414577,22.45977263,21.11657667,2.513869089,59.74886017,1.486996591,2.488744701,1.026872497,-65.92679863,-25.93681973,-1.790989613,227.7868498,0,0,1,0,54365.58442,RECT-1505-20210918-17_20_47,10288.4,812.936,2752.91,1939.974,0.704699391,-1,MPF-1502-20230501-14_13_12,10311.3,2.37964,2.1288,-0.117831642,0.5,1681.18152,3.332385142,-99.0481897,1,0.002576988,1292.174558,-,0,2.1288,-0.117831642,0.999226709,0.000309371,1.417947457,0,1,1502,300,300,300,10311.3,1.61,-0.0068803,-0.89,1999.978333,1681.18152,0.840599866,0.191199733,6,0.5,0: Broadleaf,2,1682974987,396.0851333,400.0084667,14.75723667,13.2848,403.9900667,15.45267,600.1796667,100.6640333,0.09985797,20.95308333,21.11657667,999.9,0,0,10008.12533,0,60.75318,1999.978333,0.9800038,0.01999604,0,2.36401,0,8651.684333,16305.90667,39.187,39.03306667,39.5124,37.4832,37.9832,1959.987667,39.99066667,0,35.10000014,0,2.37964,1.294699993,-1601.425385,8633.5144,15,1682974885,14:01:24,1682974885,1682974884,37,0.062,0,-7.935,-0.715,400,13,0.72,0.05,-3.86495075,-1.240908856,0.124904365,0,2.309566667,1.314789056,0.229236467,0,1.47622875,-0.064701951,0.007020062,1,1,3,3-Jan,100,100,-7.904,-0.6957,-4.738652611,-0.007814304,-3.18E-07,6.48E-10,-0.591647474,-0.027428369,0.001386821,-3.01E-06,5,2011,2,27,1.8,1.9,2,605.942,463.062,20.0014,20.3081,29.9998,20.4735,20.5039,21.3682,26.4581,86.9442,20,400,13.3436,102.414,103.888
64,1682975162,6726.5,20230501 14:06:02,14:06:02,e8.brodia.2,45.57386821,1682975155,0.000586568,2.727145045,396.9886429,317.706032,32.01180155,40.00025298,0.059840105,2.93908028,0.059171406,0.037041586,321.4489253,22.65152323,20.786225,2.463330225,59.8019095,1.484066235,2.481636869,0.97926399,-25.86765783,19.06852982,1.315764289,315.9655615,0,0,1,0,54269.78866,RECT-1505-20210918-17_20_47,10288.4,812.936,2752.91,1939.974,0.704699391,-1,MPF-1503-20230501-14_15_59,10310.7,2.233928,2.178,-0.025678604,0.5,1681.221,2.727145045,-21.58570434,1,0.002216927,1262.962351,-,0,2.178,-0.025678604,0.999208837,6.90E-05,1.417922096,0,1,1503,300,300,300,10310.7,1.2,-0.00687989,-0.73,2000.025357,1681.221,0.840599842,0.191199685,6,0.5,0: Broadleaf,2,1682975155,396.9886429,399.9461786,14.72884286,14.15139643,404.8599286,15.42565714,600.5011429,100.6608929,0.098294332,20.90656786,20.786225,999.9,0,0,9988.417143,0,54.80331429,2000.025357,0.98000575,0.01999405,0,2.223271429,0,5814.972857,16306.28571,39.5,39.312,39.866,37.875,38.312,1960.035357,39.99,0,166.4000001,0,2.233928,0.550284613,-610.0384606,5812.2556,15,1682975148,14:05:48,1682975145,1682975148,38,0.04,-0.001,-7.894,-0.705,400,14,0.33,0.17,-1.978500492,-17.98461465,1.89898062,0,2.23709697,-0.069982929,0.135345447,1,0.385021923,3.475598097,0.369268678,0,1,3,3-Jan,100,100,-7.863,-0.6932,-4.698465993,-0.007814304,-3.18E-07,6.48E-10,-0.592970134,-0.027428369,0.001386821,-3.01E-06,5,2011,2,27,0.3,0.2,2,600.821,464.486,20.0014,20.2247,30.0002,20.3392,20.3591,21.3871,21.012,87.7104,20,400,13.9888,102.434,103.894
65,1682975202,6766.5,20230501 14:06:42,14:06:42,e8.brodia.2,33.87927611,1682975196,0.000927897,3.262034801,396.3364348,335.5567538,33.81049177,39.93461498,0.096284076,2.943322708,0.094567888,0.059256575,321.4443898,22.55257617,20.7605087,2.459433616,60.0764808,1.49016207,2.480441681,0.969271546,-40.92027636,21.93377268,1.511031149,303.9689173,0,0,1,0,54397.01208,RECT-1505-20210918-17_20_47,10288.4,812.936,2752.91,1939.974,0.704699391,-1,MPF-1504-20230501-14_16_39,10309.7,2.305661538,2.0556,-0.121648929,0.5,1681.199439,3.262034801,-102.2580556,1,0.002535116,1338.224557,-,0,2.0556,-0.121648929,0.999253299,0.000308383,1.417985189,0,1,1504,300,300,300,10309.7,1.67,-0.00687932,-0.84,2000,1681.199439,0.84059972,0.191199439,6,0.5,0: Broadleaf,2,1682975196,396.3364348,399.9651739,14.78931304,13.87540435,404.2025217,15.48561304,600.1744783,100.6613913,0.097992574,20.89873478,20.7605087,999.9,0,0,10012.50217,0,55.1510087,2000,0.980007348,0.019992478,0,2.256630435,0,5504.94,16306.1087,39.625,39.437,39.937,37.98082609,38.437,1960.018696,39.98130435,0,39.4000001,0,2.305661538,-1.014755556,-412.0762393,5514.015,15,1682975148,14:05:48,1682975145,1682975148,38,0.04,-0.001,-7.894,-0.705,400,14,0.33,0.17,-3.71427325,0.959772946,0.099761591,0,2.282024242,-0.136195893,0.219955764,1,0.950237775,-0.455067794,0.045475306,0,1,3,3-Jan,100,100,-7.867,-0.6964,-4.698465993,-0.007814304,-3.18E-07,6.48E-10,-0.592970134,-0.027428369,0.001386821,-3.01E-06,5,2011,2,27,1,0.9,2,603.165,465.016,20.0005,20.2332,30.0001,20.3248,20.3454,21.3849,21.2197,87.7104,20,400,13.9499,102.432,103.898
66,1682975244,6808.5,20230501 14:07:24,14:07:24,e8.brodia.2,34.12228711,1682975240,0.000892974,3.169308388,396.4644118,335.3372052,33.78875337,39.94796288,0.09288089,2.943197001,0.091282723,0.057193,321.4469458,22.48813631,20.71144706,2.452014629,60.16399052,1.485583568,2.469223792,0.966431061,-39.38016017,18.0262585,1.241115087,301.3341592,0,0,1,0,54406.91123,RECT-1505-20210918-17_20_47,10288.4,812.936,2752.91,1939.974,0.704699391,-1,MPF-1505-20230501-14_17_21,10309.1,2.30304,1.7232,-0.336490251,0.5,1681.2048,3.169308388,-282.8545123,1,0.002479953,1596.556871,-,0,1.7232,-0.336490251,0.999374044,0.000714782,1.418156532,0,1,1505,300,300,300,10309.1,0.77,-0.0068788,-0.29,2000.005294,1681.2048,0.840600175,0.19120035,6,0.5,0: Broadleaf,2,1682975240,396.4644118,399.9865882,14.74370588,13.86418824,404.3317059,15.44061176,600.1983529,100.6608235,0.099703012,20.82505294,20.71144706,999.9,0,0,10011.84294,0,57.98329412,2000.005294,0.979992882,0.020006988,0,2.285741176,0,5207.592941,16306.04118,39.76823529,39.55470588,40.062,38.07311765,38.562,1959.993529,40.01176471,0,41.10000014,0,2.30304,0.062461538,-372.9861539,5221.942,15,1682975148,14:05:48,1682975145,1682975148,38,0.04,-0.001,-7.894,-0.705,400,14,0.33,0.17,-3.53829625,0.188191857,0.049093474,1,2.308091176,-0.22471344,0.161564359,1,0.890434725,-0.094787358,0.009502399,1,3,3,3-Mar,100,100,-7.867,-0.6971,-4.698465993,-0.007814304,-3.18E-07,6.48E-10,-0.592970134,-0.027428369,0.001386821,-3.01E-06,5,2011,2,27,1.7,1.6,2,603.766,464.961,20.0001,20.2483,30.0003,20.3199,20.3395,21.3841,20.9323,87.7104,20,400,13.9392,102.434,103.892