Plant_ID,A_adj_av,WUE_adj_av,E_adj_av,Ci_adj_av,gsw_adj_av,Sp_Code,Plot,Block,Shelter,Plot_number,Population,Treatment,Scientific_Name,Native_Status,Growth_Habit,Growth_2,Perenniality,Rating,Rating_2,Source
A1.ACMPAR.1,24.651082266360508,21.685642174711518,0.007832934557979334,2158.8774399540757,0.5381532835820896,ACMPAR,A1,1,A,1,ANGELO,Drought,Acmispon parviflorus,Native,Forb,Nfixer,Annual,Native,Native,CalFlora
A1.AIRCAR.2,2.794580809384164,82.66280886391284,6.7683284457478e-4,4943.352562463342,0.04589780058651026,AIRCAR,A1,1,A,1,ANGELO,Drought,Aira caryophyllea,Non-native,Grass,Grass,Annual,Non-native,Non-native,CalFlora
A1.BRODIA.2,14.962452732221248,9.738731380556858,0.0040428647936786655,689.7444808604039,0.19990356804214224,BRODIA,A1,1,A,1,ANGELO,Drought,Bromus diandrus,Non-native,Grass,Grass,Annual,Moderate,Invasive,Cal IPC
A1.BROHOR.2,23.25356179675425,12.434377802033168,0.004342747295208655,663.1243082689336,0.39446729520865537,BROHOR,A1,1,A,1,ANGELO,Drought,Bromus hordeaceaus,Non-native,Grass,Grass,Annual,Limited,Invasive,Cal IPC
A1.CLAPUR.2,22.76217604846939,28.231002847426417,0.006176795918367347,2385.1847512755103,0.47459753571428576,CLAPUR,A1,1,A,1,ANGELO,Drought,Clarkia purpurea,Native,Forb,Forb,Annual,Native,Native,CalFlora
A1.DAUPUS.2,13.81120150065934,7.439268718159607,0.004908571428571429,836.8047483956044,0.3316518742857143,DAUPUS,A1,1,A,1,ANGELO,Drought,Daucus pusillus,Native,Forb,Forb,Annual,Native,Native,CalFlora
A1.ESCCAL.1,70.55026356608478,19.984924924904902,0.026486216957605984,2195.484830922693,1.3730712418952618,ESCCAL,A1,1,A,1,ANGELO,Drought,Eschscholzia californica,Native,Forb,Forb,Perennial,Native,Native,CalFlora
A1.GALPAR.2,15.60863449815498,19.97347946459522,0.008783822878228782,3654.695771217712,0.45082494095940956,GALPAR,A1,1,A,1,ANGELO,Drought,Galium parisiense,Non-native,Forb,Forb,Annual,Non-native,Non-native,CalFlora
A1.HYPGLA.2,16.270902646480533,2.1824485100831823,0.008827875737318127,397.0786478175383,0.7360300672434131,HYPGLA,A1,1,A,1,ANGELO,Drought,Hypochaeris glabra,Non-native,Forb,Forb,Annual,Limited,Invasive,Cal IPC
A1.MADGRA.2,31.541432067003793,15.176062335113802,0.00788254361567636,1053.5408675094816,0.536044605562579,MADGRA,A1,1,A,1,ANGELO,Drought,Madia gracilis,Native,Forb,Forb,Annual,Native,Native,CalFlora
A2.AMSMEN.2,31.086553533107782,8.864502090134582,0.00508486563557274,390.1987637989367,0.5120323446109232,AMSMEN,A2,1,A,2,WWP,Drought,Amsinckia menziesii,Native,Forb,Forb,Annual,Native,Native,CalFlora
A2.AVEBAR.2,22.004772512820512,5.192079427492637,0.00816377564102564,445.1265655128205,0.25865429166666665,AVEBAR,A2,1,A,2,WWP,Drought,Avena barbata,Non-native,Grass,Grass,Annual,Moderate,Invasive,Cal IPC
A2.BROARE.2,8.628663399897064,28.93372758884849,9.191549150797735e-4,697.2546992279979,0.08348588883170355,BROARE,A2,1,A,2,WWP,Drought,Bromus arenarius,Non-native,Grass,Grass,Annual,Non-native,Non-native,CalFlora
A2.BRODIA.2,15.066473061818183,14.316365287639268,0.003830289696969697,911.0958511515153,0.1816863103030303,BRODIA,A2,1,A,2,WWP,Drought,Bromus diandrus,Non-native,Grass,Grass,Annual,Moderate,Invasive,Cal IPC
A2.BROMAD.2,11.584162339828529,13.435457062966318,0.00405489477786438,1443.3469633671084,0.2386122603273578,BROMAD,A2,1,A,2,WWP,Drought,Bromus madritensis,Non-native,Grass,Grass,Annual,High,Invasive,Cal IPC
A2.EROCIC.1,28.39499306061112,6.329799705266495,0.004493721155451662,251.09402040407414,0.46027180263816997,EROCIC,A2,1,A,2,WWP,Drought,Erodium cicutarium,Non-native,Forb,Forb,Annual,Non-native,Non-native,CalFlora
A2.ESCCAL.1,26.96587908911917,6.612126811171096,0.012681367875647668,968.5779175129534,0.6653949554404145,ESCCAL,A2,1,A,2,WWP,Drought,Eschscholzia californica,Native,Forb,Forb,Perennial,Native,Native,CalFlora
A3.AVEBAR.2,9.723339956923077,5.691984320638141,0.002893554871794872,317.2033085811966,0.08132682427350428,AVEBAR,A3,1,A,3,BORR,Drought,Avena barbata,Non-native,Grass,Grass,Annual,Moderate,Invasive,Cal IPC
A3.BRODIA.1,11.268493212935955,17.519182978358767,0.002464968167406468,896.3015731388713,0.12101878478123018,BRODIA,A3,1,A,3,BORR,Drought,Bromus diandrus,Non-native,Grass,Grass,Annual,Moderate,Invasive,Cal IPC
A3.BROHOR.2,7.521493006896552,15.361632217679821,0.0011971610547667343,654.8377879107506,0.10037148640973631,BROHOR,A3,1,A,3,BORR,Drought,Bromus hordeaceaus,Non-native,Grass,Grass,Annual,Limited,Invasive,Cal IPC
A3.CLAPUR.2,13.757853708206687,23.352226982605064,0.002185406686930091,939.2810804863223,0.17165808267477203,CLAPUR,A3,1,A,3,BORR,Drought,Clarkia purpurea,Native,Forb,Forb,Annual,Native,Native,CalFlora
A3.DAUPUS.2,20.41362622688423,7.348299155611673,0.006481165501165502,712.4048811965812,0.44258521134421136,DAUPUS,A3,1,A,3,BORR,Drought,Daucus pusillus,Native,Forb,Forb,Annual,Native,Native,CalFlora
A3.EROBOT.1,30.468387889348723,4.230896722480597,0.009424492703114788,372.8114893922892,0.6718311557394903,EROBOT,A3,1,A,3,BORR,Drought,Erodium botrys,Non-native,Forb,Forb,Annual,Non-native,Non-native,CalFlora
A3.GERDIS.2,13.949046423955192,2.6775012401036737,0.006757279190004308,419.43140818612665,0.441791332615252,GERDIS,A3,1,A,3,BORR,Drought,Geranium dissectum,Non-native,Forb,Forb,Annual,Limited,Invasive,Cal IPC
A3.LUPBIC.1,37.66947528317956,19.44614298701253,0.008242708303761533,1017.3472424414477,0.4317581831085876,LUPBIC,A3,1,A,3,BORR,Drought,Lupinus bicolor,Native,Forb,Nfixer,Annual,Native,Native,CalFlora
A3.MADGRA.2,13.294037124696356,5.839016114414886,0.005576233198380566,773.0497153846153,0.3678483287449393,MADGRA,A3,1,A,3,BORR,Drought,Madia gracilis,Native,Forb,Forb,Annual,Native,Native,CalFlora
A3.TORARV.2,9.272008775747508,10.281176827550393,0.0015028554817275747,395.40249246954596,0.1012182580287929,TORARV,A3,1,A,3,BORR,Drought,Torilis arvensis,Non-native,Forb,Forb,Annual,Moderate,Invasive,Cal IPC
A3.VICSAT.2,17.263562386988596,8.816382679610163,0.00394112273641851,500.41076794097916,0.2123840831656606,VICSAT,A3,1,A,3,BORR,Drought,Vicia sativa,Non-native,Forb,Nfixer,Annual,Non-native,Non-native,CalFlora
A4.AMSMEN.2,19.445937797574857,25.074179017613513,0.0013635387280376144,161.60195963870328,0.14261148923533778,AMSMEN,A4,1,A,4,WWP,Drought,Amsinckia menziesii,Native,Forb,Forb,Annual,Native,Native,CalFlora
A4.AVEBAR.2,17.72163566828676,6.082465024085662,0.005319084447144593,362.0144385176185,0.1649197326852977,AVEBAR,A4,1,A,4,WWP,Drought,Avena barbata,Non-native,Grass,Grass,Annual,Moderate,Invasive,Cal IPC
A4.BROARE.2,6.889754889033096,34.95901297109677,7.658805970149254e-4,884.178196495782,0.06673906164828035,BROARE,A4,1,A,4,WWP,Drought,Bromus arenarius,Non-native,Grass,Grass,Annual,Non-native,Non-native,CalFlora
A4.BRODIA.2,7.898431615056819,15.121953256185265,0.0022301789772727278,1212.7601262784092,0.12308274715909091,BRODIA,A4,1,A,4,WWP,Drought,Bromus diandrus,Non-native,Grass,Grass,Annual,Moderate,Invasive,Cal IPC
A4.BROMAD.2,11.297986527607362,8.908838464949426,0.005195270620313565,1338.8404921608726,0.3083037027948194,BROMAD,A4,1,A,4,WWP,Drought,Bromus madritensis,Non-native,Grass,Grass,Annual,High,Invasive,Cal IPC
A4.CAUCOU.1,10.96559326487036,3.960760740666598,0.004225407219115404,484.9854401626843,0.27869337061515,CAUCOU,A4,1,A,4,WWP,Drought,Caulanthus coulteri,Native,Forb,Forb,Annual,Native,Native,CalFlora
A4.EROCIC.2,31.1174734897247,6.662811337898967,0.0054434788677782085,305.1491345094998,0.522991907716169,EROCIC,A4,1,A,4,WWP,Drought,Erodium cicutarium,Non-native,Forb,Forb,Annual,Non-native,Non-native,CalFlora
A4.ESCCAL.2,16.438974729982466,4.135783682862246,0.006973116890707188,546.0943884278199,0.40410278024547047,ESCCAL,A4,1,A,4,WWP,Drought,Eschscholzia californica,Native,Forb,Forb,Perennial,Native,Native,CalFlora
A4.PHATAN.2,20.184380305157156,5.483849455481457,0.006739825450106806,581.7114003051571,0.5415906975892585,PHATAN,A4,1,A,4,WWP,Drought,Phacelia tanacetifolia,Native,Forb,Forb,Annual,Native,Native,CalFlora
A5.AVEBAR.2,19.288561420678107,7.550783378871088,0.006415765592298034,534.4702534114692,0.1927000452071997,AVEBAR,A5,1,A,5,MCL,Drought,Avena barbata,Non-native,Grass,Grass,Annual,Moderate,Invasive,Cal IPC
A5.BRODIA.2,10.161600009578544,18.34448302656501,0.0016064674329501914,630.0606269157088,0.0977548151340996,BRODIA,A5,1,A,5,MCL,Drought,Bromus diandrus,Non-native,Grass,Grass,Annual,Moderate,Invasive,Cal IPC
A5.BROHOR.2,8.563151908504398,14.490067392069031,0.0020913630498533725,1105.4041228152494,0.18152148621700878,BROHOR,A5,1,A,5,MCL,Drought,Bromus hordeaceaus,Non-native,Grass,Grass,Annual,Limited,Invasive,Cal IPC
A5.BROMAD.2,15.110739800219537,26.51890788022823,0.003774267398463227,1794.2275069593852,0.21107634994511523,BROMAD,A5,1,A,5,MCL,Drought,Bromus madritensis,Non-native,Grass,Grass,Annual,High,Invasive,Cal IPC
A5.CLAPUR.2,28.926235053571432,26.066120424782508,0.006609244047619048,1767.140525,0.5177261626984127,CLAPUR,A5,1,A,5,MCL,Drought,Clarkia purpurea,Native,Forb,Forb,Annual,Native,Native,CalFlora
A5.EROBOT.1,37.36899158839779,3.280312953431606,0.011806272099447514,295.68356764502767,1.0780310224447516,EROBOT,A5,1,A,5,MCL,Drought,Erodium botrys,Non-native,Forb,Forb,Annual,Non-native,Non-native,CalFlora
A5.HOLVIR.1,18.74460919296578,9.640120062165337,0.005553326045627376,873.3926604562737,0.4019068650190114,HOLVIR,A5,1,A,5,MCL,Drought,Holocarpha virgata,Native,Forb,Forb,Annual,Native,Native,CalFlora
A5.LUPBIC.2,18.87827598315467,19.566354432814876,0.004439862174578866,1138.164100918836,0.22188940735068913,LUPBIC,A5,1,A,5,MCL,Drought,Lupinus bicolor,Native,Forb,Nfixer,Annual,Native,Native,CalFlora
A5.MICCAL.2,7.117292712283594,8.341750696434573,0.004191447650453421,1636.377321846661,0.205482219291014,MICCAL,A5,1,A,5,MCL,Drought,Micropus californicus,Native,Forb,Forb,Annual,Native,Native,CalFlora
A5.PLAERE.2,17.730063613928845,8.095012856120345,0.0099494882664648,1542.433290234671,0.6288478258894777,PLAERE,A5,1,A,5,MCL,Drought,Plantago erecta,Native,Forb,Forb,Annual,Native,Native,CalFlora
A6.BRODIA.2,16.081506783396225,22.053385183939263,0.0033023864150943396,1102.0030196226414,0.1814810762264151,BRODIA,A6,1,A,6,SEDG,Drought,Bromus diandrus,Non-native,Grass,Grass,Annual,Moderate,Invasive,Cal IPC
A6.BROHOR.2,16.241202807958476,21.569301289973676,0.003911278546712803,1621.5264193771627,0.33915641695501736,BROHOR,A6,1,A,6,SEDG,Drought,Bromus hordeaceaus,Non-native,Grass,Grass,Annual,Limited,Invasive,Cal IPC
A6.BROMAD.2,13.465848573680065,13.138184676118552,0.004879681639085895,1455.3044286840034,0.27764332860520097,BROMAD,A6,1,A,6,SEDG,Drought,Bromus madritensis,Non-native,Grass,Grass,Annual,High,Invasive,Cal IPC
A6.CENMEL.2,22.161804644162544,4.274259219744615,0.0066905671898516445,406.3829985379488,0.6427883414319502,CENMEL,A6,1,A,6,SEDG,Drought,Centaurea melitensis,Non-native,Forb,Forb,Annual,Moderate,Invasive,Cal IPC
A6.CORFIL.2,4.640379216877637,5.418789402012244,0.002212535443037974,851.5538759071729,0.1448989046413502,CORFIL,A6,1,A,6,SEDG,Drought,Corethrogyne filaginafolia,Native,Forb,Forb,Perennial,Native,Native,CalFlora
A6.EROCIC.2,12.377778416666667,8.729276350178388,0.004394536008230453,1038.966623148148,0.39229592078189296,EROCIC,A6,1,A,6,SEDG,Drought,Erodium cicutarium,Non-native,Forb,Forb,Annual,Non-native,Non-native,CalFlora
A6.ESCCAL.1,31.265130247645622,4.639252304563921,0.014103969305894663,637.525985838856,0.7871473358911755,ESCCAL,A6,1,A,6,SEDG,Drought,Eschscholzia californica,Native,Forb,Forb,Perennial,Native,Native,CalFlora
A6.MICCAL.2,10.604439017094016,9.36371660511381,0.004830007122507122,1352.645074216524,0.24682545584045584,MICCAL,A6,1,A,6,SEDG,Drought,Micropus californicus,Native,Forb,Forb,Annual,Native,Native,CalFlora
A6.STIPUL.2,1.823740695491614,27.622467658143567,9.8092014156024e-4,4601.775760270811,0.0548576519464533,STIPUL,A6,1,A,6,SEDG,Drought,Stipa pulchra,Native,Grass,Grass,Perennial,Native,Native,CalFlora
A7.AVEFAT.1,21.79956138953219,8.165377321671455,0.007423786938397407,571.5179868457619,0.210093397869384,AVEFAT,A7,1,A,7,SEDG,Drought,Avena fatua,Non-native,Grass,Grass,Annual,Moderate,Invasive,Cal IPC
A7.BRODIA.2,3.0007980148735744,13.80661167670558,6.465394149727319e-4,735.4065040158652,0.033940890431333665,BRODIA,A7,1,A,7,SEDG,Drought,Bromus diandrus,Non-native,Grass,Grass,Annual,Moderate,Invasive,Cal IPC
A7.BROHOR.2,13.731983606969992,11.949589244581784,0.0033568877057115203,916.2862048402712,0.30885106485963215,BROHOR,A7,1,A,7,SEDG,Drought,Bromus hordeaceaus,Non-native,Grass,Grass,Annual,Limited,Invasive,Cal IPC
A7.BROMAD.2,13.84812067843438,11.814890099870315,0.005399788181120491,1429.7076018419034,0.29615336147352267,BROMAD,A7,1,A,7,SEDG,Drought,Bromus madritensis,Non-native,Grass,Grass,Annual,High,Invasive,Cal IPC
A7.CALMEN.1,26.700735826229508,75.81206433251292,0.004193456557377049,2511.3743082786887,0.3664602147540984,CALMEN,A7,1,A,7,SEDG,Drought,Calandrinia menziesii,Native,Forb,Forb,Annual,Native,Native,CalFlora
A7.CENMEL.2,28.423159914122138,6.264509970368174,0.006498221851145038,414.49680453244275,0.5882289479961832,CENMEL,A7,1,A,7,SEDG,Drought,Centaurea melitensis,Non-native,Forb,Forb,Annual,Moderate,Invasive,Cal IPC
A7.CORFIL.2,6.289489146435453,6.854944808337951,0.002710282273603083,953.317754238921,0.17863728612716764,CORFIL,A7,1,A,7,SEDG,Drought,Corethrogyne filaginafolia,Native,Forb,Forb,Perennial,Native,Native,CalFlora
A7.ESCCAL.2,21.4206484,4.314683663278093,0.008641856811594203,516.6132590144928,0.4586565884057971,ESCCAL,A7,1,A,7,SEDG,Drought,Eschscholzia californica,Native,Forb,Forb,Perennial,Native,Native,CalFlora
A7.STIPUL.2,5.8834899952038375,31.153587534760316,0.002757127098321343,4727.198772182254,0.1576897314148681,STIPUL,A7,1,A,7,SEDG,Drought,Stipa pulchra,Native,Grass,Grass,Perennial,Native,Native,CalFlora
A8.AVEBAR.2,19.73496473178995,5.472784227298367,0.006108228684359119,327.4965853754941,0.18078811575381143,AVEBAR,A8,1,A,8,MCL,Drought,Avena barbata,Non-native,Grass,Grass,Annual,Moderate,Invasive,Cal IPC
A8.BRODIA.2,9.317347651190476,16.38049623827227,0.002032172619047619,893.3290711904763,0.10927688214285715,BRODIA,A8,1,A,8,MCL,Drought,Bromus diandrus,Non-native,Grass,Grass,Annual,Moderate,Invasive,Cal IPC
A8.BROHOR.2,15.223254964075068,14.720048797820606,0.003339183914209115,956.9855776943699,0.2741415034852547,BROHOR,A8,1,A,8,MCL,Drought,Bromus hordeaceaus,Non-native,Grass,Grass,Annual,Limited,Invasive,Cal IPC
A8.BROMAD.2,17.812135640915596,17.314434012715417,0.004415872675250359,1154.8752143061517,0.24644959227467814,BROMAD,A8,1,A,8,MCL,Drought,Bromus madritensis,Non-native,Grass,Grass,Annual,High,Invasive,Cal IPC
A8.CLAPUR.2,33.003374420725386,38.165697860080854,0.005419859067357513,1651.3514969948185,0.44082163730569945,CLAPUR,A8,1,A,8,MCL,Drought,Clarkia purpurea,Native,Forb,Forb,Annual,Native,Native,CalFlora
A8.HOLVIR.1,44.18009077542373,24.962246770512017,0.011283667372881357,1796.4705699152541,0.7150696059322034,HOLVIR,A8,1,A,8,MCL,Drought,Holocarpha virgata,Native,Forb,Forb,Annual,Native,Native,CalFlora
A8.LUPBIC.2,21.436053460346397,15.128074343465673,0.007751841385597083,1705.6890218778485,0.4727302625341841,LUPBIC,A8,1,A,8,MCL,Drought,Lupinus bicolor,Native,Forb,Nfixer,Annual,Native,Native,CalFlora
A8.MICCAL.2,15.155269898305086,16.262430764518705,0.004988169491525423,1569.4361250669047,0.26274225691347014,MICCAL,A8,1,A,8,MCL,Drought,Micropus californicus,Native,Forb,Forb,Annual,Native,Native,CalFlora
A8.PLAERE.2,19.201504626566415,13.49794575137993,0.010705679197994988,2564.5863874686715,0.6742747794486216,PLAERE,A8,1,A,8,MCL,Drought,Plantago erecta,Native,Forb,Forb,Annual,Native,Native,CalFlora
A8.TRIHIR.1,38.93270876052028,6.992963234709481,0.012779739862280032,710.6382757459833,1.054146171384851,TRIHIR,A8,1,A,8,MCL,Drought,Trifolium hirtum,Non-native,Forb,Nfixer,Annual,Limited,Invasive,Cal IPC
B1.AVEBAR.1,29.68268671834625,5.504445629095951,0.010455338501291989,460.734701744186,0.3755219890180878,AVEBAR,B1,2,B,1,BORR,Drought,Avena barbata,Non-native,Grass,Grass,Annual,Moderate,Invasive,Cal IPC
B1.BRODIA.2,7.35601798829725,25.24751156049225,0.0010347887653598595,584.9943839672322,0.053793414862492686,BRODIA,B1,2,B,1,BORR,Drought,Bromus diandrus,Non-native,Grass,Grass,Annual,Moderate,Invasive,Cal IPC
B1.BROHOR.2,16.97114772353794,21.342257716327442,0.0023107829869502177,760.3826916384727,0.2187376868052199,BROHOR,B1,2,B,1,BORR,Drought,Bromus hordeaceaus,Non-native,Grass,Grass,Annual,Limited,Invasive,Cal IPC
B1.CLAPUR.2,18.338089264777327,19.47181650599941,0.004602846963562753,1471.6354696356275,0.34927042753036436,CLAPUR,B1,2,B,1,BORR,Drought,Clarkia purpurea,Native,Forb,Forb,Annual,Native,Native,CalFlora
B1.DAUPUS.2,18.427189916839918,3.16514981859612,0.0072651413721413725,390.41164474012476,0.5102932461538462,DAUPUS,B1,2,B,1,BORR,Drought,Daucus pusillus,Native,Forb,Forb,Annual,Native,Native,CalFlora
B1.EROBOT.1,26.501289809823053,2.8575898184424555,0.009208988920125684,289.048994741194,0.6892758399206219,EROBOT,B1,2,B,1,BORR,Drought,Erodium botrys,Non-native,Forb,Forb,Annual,Non-native,Non-native,CalFlora
B1.GERDIS.2,18.055869914829657,3.4013608706096647,0.00797868136272545,480.18737299599195,0.5310162304609218,GERDIS,B1,2,B,1,BORR,Drought,Geranium dissectum,Non-native,Forb,Forb,Annual,Limited,Invasive,Cal IPC
B1.LUPBIC.2,20.384690779160184,15.96476876609642,0.0059576967340590975,1367.735073250389,0.3565958755832037,LUPBIC,B1,2,B,1,BORR,Drought,Lupinus bicolor,Native,Forb,Nfixer,Annual,Native,Native,CalFlora
B1.MADGRA.2,18.274224980976012,15.804326013501068,0.005960911497105045,1486.4746095947062,0.37192184946236556,MADGRA,B1,2,B,1,BORR,Drought,Madia gracilis,Native,Forb,Forb,Annual,Native,Native,CalFlora
B1.TORARV.2,32.03837769744598,14.272808926042082,0.008820878847413229,1174.6206535690899,0.6256469063523249,TORARV,B1,2,B,1,BORR,Drought,Torilis arvensis,Non-native,Forb,Forb,Annual,Moderate,Invasive,Cal IPC
B1.VICSAT.2,17.883055326636054,9.388301388346962,0.0032899862227324917,360.8820122847302,0.1715868656716418,VICSAT,B1,2,B,1,BORR,Drought,Vicia sativa,Non-native,Forb,Nfixer,Annual,Non-native,Non-native,CalFlora
B2.AVEBAR.2,15.44803317014759,6.208131408817965,0.004162901698691172,282.4899919799499,0.12220690058479532,AVEBAR,B2,2,B,2,MCL,Drought,Avena barbata,Non-native,Grass,Grass,Annual,Moderate,Invasive,Cal IPC
B2.BRODIA.2,8.613665985013625,24.785638188345008,0.0014304673024523162,778.2195907356949,0.07028655040871935,BRODIA,B2,2,B,2,MCL,Drought,Bromus diandrus,Non-native,Grass,Grass,Annual,Moderate,Invasive,Cal IPC
B2.BROHOR.2,6.249141159675237,15.128147866576013,0.0016700094722598108,1300.0665101488498,0.14084390663058188,BROHOR,B2,2,B,2,MCL,Drought,Bromus hordeaceaus,Non-native,Grass,Grass,Annual,Limited,Invasive,Cal IPC
B2.BROMAD.2,18.03630054054054,19.751842210058854,0.003899425320056899,1049.862122190612,0.208385079658606,BROMAD,B2,2,B,2,MCL,Drought,Bromus madritensis,Non-native,Grass,Grass,Annual,High,Invasive,Cal IPC
B2.CLAPUR.2,28.310196188077246,22.294767066106942,0.006432851385390428,1500.0765104953819,0.5197355046179681,CLAPUR,B2,2,B,2,MCL,Drought,Clarkia purpurea,Native,Forb,Forb,Annual,Native,Native,CalFlora
B2.ELYCAP.2,10.046325709821428,50.83653335583048,0.001317783482142857,1283.5281816964286,0.08056260044642857,ELYCAP,B2,2,B,2,MCL,Drought,Elymus caput-medusae,Non-native,Grass,Grass,Annual,High,Invasive,Cal IPC
B2.EROBOT.1,26.968468600247743,2.9845367369765543,0.009606367368607326,311.04104834542557,0.702352167757919,EROBOT,B2,2,B,2,MCL,Drought,Erodium botrys,Non-native,Forb,Forb,Annual,Non-native,Non-native,CalFlora
B2.HOLVIR.2,16.081524364963503,11.805125458376555,0.003730898722627737,733.2561421532846,0.22346767700729925,HOLVIR,B2,2,B,2,MCL,Drought,Holocarpha virgata,Native,Forb,Forb,Annual,Native,Native,CalFlora
B2.LUPBIC.2,34.202982571255305,6.340252353216408,0.00981257671315949,505.61244954517895,0.6239643395997574,LUPBIC,B2,2,B,2,MCL,Drought,Lupinus bicolor,Native,Forb,Nfixer,Annual,Native,Native,CalFlora
B2.MICCAL.2,16.329228175700933,6.424218377109381,0.009501196261682244,1252.806709906542,0.5447572137071651,MICCAL,B2,2,B,2,MCL,Drought,Micropus californicus,Native,Forb,Forb,Annual,Native,Native,CalFlora
B2.PLAERE.2,27.386256252707582,10.584144116798782,0.014013435018050541,1817.4919212996388,0.9158255559566787,PLAERE,B2,2,B,2,MCL,Drought,Plantago erecta,Native,Forb,Forb,Annual,Native,Native,CalFlora
B2.TRIHIR.2,42.94790846098091,6.948703899841881,0.008963544334380284,396.9592854795844,0.8506476086011112,TRIHIR,B2,2,B,2,MCL,Drought,Trifolium hirtum,Non-native,Forb,Nfixer,Annual,Limited,Invasive,Cal IPC
B3.BROHOR.2,3.679584529644269,19.674143470228298,6.305951439864484e-4,913.8256877470357,0.048123787690570304,BROHOR,B3,2,B,3,SEDG,Drought,Bromus hordeaceaus,Non-native,Grass,Grass,Annual,Limited,Invasive,Cal IPC
B3.BROMAD.2,16.713163858220213,26.395820086228987,0.0057248717948717946,2721.300166515837,0.3095941025641026,BROMAD,B3,2,B,3,SEDG,Drought,Bromus madritensis,Non-native,Grass,Grass,Annual,High,Invasive,Cal IPC
B3.CALMEN.1,2.2520398815931104,13.776372268051642,0.0010534574811625402,2290.1320581270184,0.09427980624327233,CALMEN,B3,2,B,3,SEDG,Drought,Calandrinia menziesii,Native,Forb,Forb,Annual,Native,Native,CalFlora
B3.CENMEL.2,12.124676996530646,4.476123254728133,0.0026856543862547495,289.2438728564348,0.22794010011564514,CENMEL,B3,2,B,3,SEDG,Drought,Centaurea melitensis,Non-native,Forb,Forb,Annual,Moderate,Invasive,Cal IPC
B3.CORFIL.1,12.04490088621051,7.446948955108325,0.0026625382765865036,397.5779947526298,0.15499790587315207,CORFIL,B3,2,B,3,SEDG,Drought,Corethrogyne filaginafolia,Native,Forb,Forb,Perennial,Native,Native,CalFlora
B3.EROCIC.2,30.070007849179,5.325674704764886,0.006869762416379485,360.7828337320089,0.7431959408068112,EROCIC,B3,2,B,3,SEDG,Drought,Erodium cicutarium,Non-native,Forb,Forb,Annual,Non-native,Non-native,CalFlora
B3.ESCCAL.2,44.201877824143075,6.723047801503297,0.01959664480874317,902.1547252856433,1.0787544421261799,ESCCAL,B3,2,B,3,SEDG,Drought,Eschscholzia californica,Native,Forb,Forb,Perennial,Native,Native,CalFlora
B3.MICCAL.2,5.747490120620332,3.471987829561648,0.005731809304997127,1219.6316315910396,0.29410761746122915,MICCAL,B3,2,B,3,SEDG,Drought,Micropus californicus,Native,Forb,Forb,Annual,Native,Native,CalFlora
B4.AIRCAR.2,7.424717484848484,308.2194883078839,0.002106060606060606,16388.840093939394,0.14151078787878787,AIRCAR,B4,2,B,4,ANGELO,Drought,Aira caryophyllea,Non-native,Grass,Grass,Annual,Non-native,Non-native,CalFlora
B4.BROHOR.2,16.479864643194954,9.645319285657521,0.005384120861797162,1042.1544334209143,0.4775230825013137,BROHOR,B4,2,B,4,ANGELO,Drought,Bromus hordeaceaus,Non-native,Grass,Grass,Annual,Limited,Invasive,Cal IPC
B4.CLAPUR.2,22.861519564150942,20.983848575822183,0.006195556603773585,1759.5599513207546,0.48317363396226415,CLAPUR,B4,2,B,4,ANGELO,Drought,Clarkia purpurea,Native,Forb,Forb,Annual,Native,Native,CalFlora
B4.DAUPUS.2,15.005411104339796,4.926755867718781,0.005625010156971376,582.2394494921514,0.37227065373961216,DAUPUS,B4,2,B,4,ANGELO,Drought,Daucus pusillus,Native,Forb,Forb,Annual,Native,Native,CalFlora
B4.ESCCAL.1,37.626816701030926,5.163494299273435,0.015549095627444009,636.9448469960895,0.9061962523995734,ESCCAL,B4,2,B,4,ANGELO,Drought,Eschscholzia californica,Native,Forb,Forb,Perennial,Native,Native,CalFlora
B4.GALPAR.2,15.696167328125,19.514739595240105,0.006272841145833334,2464.3426914062497,0.3510884401041667,GALPAR,B4,2,B,4,ANGELO,Drought,Galium parisiense,Non-native,Forb,Forb,Annual,Non-native,Non-native,CalFlora
B4.HYPGLA.2,14.343724454076368,3.278245227335036,0.005433431166150671,386.59094324045407,0.3659657886480909,HYPGLA,B4,2,B,4,ANGELO,Drought,Hypochaeris glabra,Non-native,Forb,Forb,Annual,Limited,Invasive,Cal IPC
B4.MADGRA.2,30.689859899568035,8.5722813456245,0.011607064794816414,1020.1230977321815,0.9133986630669547,MADGRA,B4,2,B,4,ANGELO,Drought,Madia gracilis,Native,Forb,Forb,Annual,Native,Native,CalFlora
B5.AVEBAR.2,23.453027450455277,6.765964708006981,0.005572542046063203,414.39100674879484,0.3308893856454204,AVEBAR,B5,2,B,5,MCL,Drought,Avena barbata,Non-native,Grass,Grass,Annual,Moderate,Invasive,Cal IPC
B5.BRODIA.2,11.285567462626261,20.805517423160868,0.0022143787878787873,977.7734912121211,0.12583114949494947,BRODIA,B5,2,B,5,MCL,Drought,Bromus diandrus,Non-native,Grass,Grass,Annual,Moderate,Invasive,Cal IPC
B5.BROHOR.2,6.081992661076171,13.221558762071652,0.0019416911250873517,1359.4993651991615,0.14823497134870722,BROHOR,B5,2,B,5,MCL,Drought,Bromus hordeaceaus,Non-native,Grass,Grass,Annual,Limited,Invasive,Cal IPC
B5.BROMAD.2,11.957535460790668,19.623970499260427,0.002389206740116656,886.4929241736877,0.12188415554115359,BROMAD,B5,2,B,5,MCL,Drought,Bromus madritensis,Non-native,Grass,Grass,Annual,High,Invasive,Cal IPC
B5.CLAPUR.2,17.252617368094352,13.788254334591691,0.004659590316573556,1169.0581766604594,0.3796362718808194,CLAPUR,B5,2,B,5,MCL,Drought,Clarkia purpurea,Native,Forb,Forb,Annual,Native,Native,CalFlora
B5.EROBOT.1,27.93269932531071,2.3698102514358266,0.013955134346024857,378.7989296113631,1.2215825006904715,EROBOT,B5,2,B,5,MCL,Drought,Erodium botrys,Non-native,Forb,Forb,Annual,Non-native,Non-native,CalFlora
B5.HOLVIR.2,23.825650343058353,12.061946313502188,0.005965969818913481,858.6783889336017,0.395432578470825,HOLVIR,B5,2,B,5,MCL,Drought,Holocarpha virgata,Native,Forb,Forb,Annual,Native,Native,CalFlora
B5.LUPBIC.1,30.567427781942076,9.6970796418996,0.006444055195911414,492.9465103918228,0.37622609131175466,LUPBIC,B5,2,B,5,MCL,Drought,Lupinus bicolor,Native,Forb,Nfixer,Annual,Native,Native,CalFlora
B5.MICCAL.2,23.855953545571243,27.393100302636743,0.006724808729139923,2070.2286233632863,0.3301299794608472,MICCAL,B5,2,B,5,MCL,Drought,Micropus californicus,Native,Forb,Forb,Annual,Native,Native,CalFlora
B5.PLAERE.2,13.457512686149936,15.809634411590967,0.006498058449809403,2546.632049809403,0.40120012706480307,PLAERE,B5,2,B,5,MCL,Drought,Plantago erecta,Native,Forb,Forb,Annual,Native,Native,CalFlora
B5.TRIHIR.1,39.681307694038246,8.301081812797289,0.008066745781777278,455.002281552306,0.6873760635545557,TRIHIR,B5,2,B,5,MCL,Drought,Trifolium hirtum,Non-native,Forb,Nfixer,Annual,Limited,Invasive,Cal IPC
B6.BRODIA.2,12.065966768541156,14.112712492792662,0.002096356968215159,550.8742427057864,0.12168004726976364,BRODIA,B6,2,B,6,SEDG,Drought,Bromus diandrus,Non-native,Grass,Grass,Annual,Moderate,Invasive,Cal IPC
B6.BROHOR.2,14.963986623312884,13.253473829490844,0.0041566527607361965,1173.1065633128835,0.34810092392638037,BROHOR,B6,2,B,6,SEDG,Drought,Bromus hordeaceaus,Non-native,Grass,Grass,Annual,Limited,Invasive,Cal IPC
B6.BROMAD.2,12.619149081551862,20.83842685581203,0.002911724465558195,1179.930884243864,0.14813853206650834,BROMAD,B6,2,B,6,SEDG,Drought,Bromus madritensis,Non-native,Grass,Grass,Annual,High,Invasive,Cal IPC
B6.CENMEL.2,15.5832383125,5.605029197928329,0.003484923333333333,363.42378391666665,0.29235129416666666,CENMEL,B6,2,B,6,SEDG,Drought,Centaurea melitensis,Non-native,Forb,Forb,Annual,Moderate,Invasive,Cal IPC
B6.CORFIL.2,18.22543995911868,7.7960255139295365,0.005048541237733753,492.54762927930017,0.30608168591695983,CORFIL,B6,2,B,6,SEDG,Drought,Corethrogyne filaginafolia,Native,Forb,Forb,Perennial,Native,Native,CalFlora
B6.EROCIC.1,31.37072422544388,6.154335186458378,0.0049824323179670955,244.248911483955,0.48970536080794913,EROCIC,B6,2,B,6,SEDG,Drought,Erodium cicutarium,Non-native,Forb,Forb,Annual,Non-native,Non-native,CalFlora
B6.ESCCAL.2,14.634533164524422,11.317094631049152,0.009983388174807198,2614.2899812339333,0.5055519254498715,ESCCAL,B6,2,B,6,SEDG,Drought,Eschscholzia californica,Native,Forb,Forb,Perennial,Native,Native,CalFlora
B6.MICCAL.2,9.79032796657682,11.181566389536531,0.0028446318059299194,874.6988943396226,0.13764700700808624,MICCAL,B6,2,B,6,SEDG,Drought,Micropus californicus,Native,Forb,Forb,Annual,Native,Native,CalFlora
B6.STIPUL.2,2.6711582899082567,23.122549038757683,0.0013481761467889907,3639.6439174311927,0.07708438899082568,STIPUL,B6,2,B,6,SEDG,Drought,Stipa pulchra,Native,Grass,Grass,Perennial,Native,Native,CalFlora
B7.BRODIA.2,14.522875050877195,11.29609290730353,0.0033852526315789476,713.9503605263159,0.20757681929824565,BRODIA,B7,2,B,7,BORR,Drought,Bromus diandrus,Non-native,Grass,Grass,Annual,Moderate,Invasive,Cal IPC
B7.BROHOR.2,10.567949253164558,11.86009645541982,0.002621879259980526,895.3897296981501,0.20926191333982475,BROHOR,B7,2,B,7,BORR,Drought,Bromus hordeaceaus,Non-native,Grass,Grass,Annual,Limited,Invasive,Cal IPC
B7.CLAPUR.2,17.997265577120825,14.498928957442292,0.004798838046272493,1247.0516583547558,0.45151870051413884,CLAPUR,B7,2,B,7,BORR,Drought,Clarkia purpurea,Native,Forb,Forb,Annual,Native,Native,CalFlora
B7.DAUPUS.2,2.1668190651716888,1.4250610089702178,0.0032086629292221443,769.5619201121234,0.1708882599859846,DAUPUS,B7,2,B,7,BORR,Drought,Daucus pusillus,Native,Forb,Forb,Annual,Native,Native,CalFlora
B7.GERDIS.2,22.43506077816256,2.064235688119581,0.013292477897738846,398.7246195966592,0.9512736247708291,GERDIS,B7,2,B,7,BORR,Drought,Geranium dissectum,Non-native,Forb,Forb,Annual,Limited,Invasive,Cal IPC
B7.MADGRA.2,17.068597321193092,6.8103683117108895,0.004727935321821036,538.6898680062794,0.32600066059654625,MADGRA,B7,2,B,7,BORR,Drought,Madia gracilis,Native,Forb,Forb,Annual,Native,Native,CalFlora
B7.TORARV.2,13.707907567435361,5.527081560546426,0.005199584206848358,678.2363154437458,0.3714733298392733,TORARV,B7,2,B,7,BORR,Drought,Torilis arvensis,Non-native,Forb,Forb,Annual,Moderate,Invasive,Cal IPC
B7.TRIHIR.1,25.407865287088313,6.4669765757545195,0.00687096356747304,531.35224849898,0.5843192684348586,TRIHIR,B7,2,B,7,BORR,Drought,Trifolium hirtum,Non-native,Forb,Nfixer,Annual,Limited,Invasive,Cal IPC
B7.VICSAT.2,36.82941217892426,6.517836876586872,0.00930835455543359,419.8909781558727,0.5569705614709111,VICSAT,B7,2,B,7,BORR,Drought,Vicia sativa,Non-native,Forb,Nfixer,Annual,Non-native,Non-native,CalFlora
B8.AMSMEN.2,20.7602336035313,28.009202791815294,0.0023809711075441415,745.0759338683788,0.21588051845906903,AMSMEN,B8,2,B,8,WWP,Drought,Amsinckia menziesii,Native,Forb,Forb,Annual,Native,Native,CalFlora
B8.AVEBAR.2,34.47111814665592,10.187258550879772,0.008180082191780822,639.7495587429493,0.5128975527800161,AVEBAR,B8,2,B,8,WWP,Drought,Avena barbata,Non-native,Grass,Grass,Annual,Moderate,Invasive,Cal IPC
B8.BROARE.2,14.796956656390496,37.83752173194742,0.0015104932562620423,778.1780232498395,0.1268596416184971,BROARE,B8,2,B,8,WWP,Drought,Bromus arenarius,Non-native,Grass,Grass,Annual,Non-native,Non-native,CalFlora
B8.BRODIA.2,9.910995772267206,12.845374444246804,0.0023430678137651823,804.2833902834008,0.1311458785425101,BRODIA,B8,2,B,8,WWP,Drought,Bromus diandrus,Non-native,Grass,Grass,Annual,Moderate,Invasive,Cal IPC
B8.BROMAD.2,8.950999942917548,16.970400796005713,0.002231288583509514,1093.1546484143764,0.11191525264270613,BROMAD,B8,2,B,8,WWP,Drought,Bromus madritensis,Non-native,Grass,Grass,Annual,High,Invasive,Cal IPC
B8.EROCIC.1,23.533842212943636,6.333310406295147,0.0051724964045465095,411.98523488749714,0.49923727812572494,EROCIC,B8,2,B,8,WWP,Drought,Erodium cicutarium,Non-native,Forb,Forb,Annual,Non-native,Non-native,CalFlora
B8.ESCCAL.2,27.875026702499326,3.2648379080730194,0.013768261220102123,504.71000790110185,0.852144640687987,ESCCAL,B8,2,B,8,WWP,Drought,Eschscholzia californica,Native,Forb,Forb,Perennial,Native,Native,CalFlora
C1.AVEBAR.2,24.16218598676294,8.273058227075165,0.005272978941034898,457.35003092659446,0.3221572015643803,AVEBAR,C1,3,C,1,MCL,Drought,Avena barbata,Non-native,Grass,Grass,Annual,Moderate,Invasive,Cal IPC
C1.BRODIA.2,14.084671396825398,12.347808121039801,0.0030334021164021164,643.4231311287477,0.16241568871252204,BRODIA,C1,3,C,1,MCL,Drought,Bromus diandrus,Non-native,Grass,Grass,Annual,Moderate,Invasive,Cal IPC
C1.BROHOR.2,14.029502891337003,15.025586641911982,0.002815531296945418,862.699359138708,0.22606337606409613,BROHOR,C1,3,C,1,MCL,Drought,Bromus hordeaceaus,Non-native,Grass,Grass,Annual,Limited,Invasive,Cal IPC
C1.BROMAD.2,11.02672037449556,15.866766407977487,0.0033908700564971752,1366.601170298628,0.17145997740112995,BROMAD,C1,3,C,1,MCL,Drought,Bromus madritensis,Non-native,Grass,Grass,Annual,High,Invasive,Cal IPC
C1.CLAPUR.2,24.785826708187543,15.747062843225827,0.006616226731980405,1315.535400139958,0.5531852624212735,CLAPUR,C1,3,C,1,MCL,Drought,Clarkia purpurea,Native,Forb,Forb,Annual,Native,Native,CalFlora
C1.HOLVIR.2,37.81163908004779,31.151532480402796,0.008703682198327359,1969.5257366786143,0.5526124014336917,HOLVIR,C1,3,C,1,MCL,Drought,Holocarpha virgata,Native,Forb,Forb,Annual,Native,Native,CalFlora
C1.LUPBIC.2,27.30611297300051,8.991749970224102,0.009283356087620988,899.7286499235863,0.5253430015282731,LUPBIC,C1,3,C,1,MCL,Drought,Lupinus bicolor,Native,Forb,Nfixer,Annual,Native,Native,CalFlora
C1.MICCAL.2,7.85892417402377,3.917128327462478,0.005106061120543294,856.9544562818336,0.26556516298811544,MICCAL,C1,3,C,1,MCL,Drought,Micropus californicus,Native,Forb,Forb,Annual,Native,Native,CalFlora
C1.PLAERE.2,20.06515182365591,10.471300378438954,0.01234452688172043,2226.4547548387095,0.7897825806451613,PLAERE,C1,3,C,1,MCL,Drought,Plantago erecta,Native,Forb,Forb,Annual,Native,Native,CalFlora
C1.TRIHIR.2,44.19997173957274,9.034098526911565,0.009953538826720924,565.4919133943711,0.8206552919633775,TRIHIR,C1,3,C,1,MCL,Drought,Trifolium hirtum,Non-native,Forb,Nfixer,Annual,Limited,Invasive,Cal IPC
C2.AVEFAT.1,17.240041315789473,12.472485828431886,0.0027323032894736843,435.75201861842106,0.1731062789473684,AVEFAT,C2,3,C,2,SEDG,Drought,Avena fatua,Non-native,Grass,Grass,Annual,Moderate,Invasive,Cal IPC
C2.BRODIA.2,7.185298101170569,13.023375127872733,0.0013886145484949834,623.4730865384616,0.08320439381270904,BRODIA,C2,3,C,2,SEDG,Drought,Bromus diandrus,Non-native,Grass,Grass,Annual,Moderate,Invasive,Cal IPC
C2.BROHOR.2,8.754706645091693,10.951930760502966,0.0025990916936353826,1045.6523658036676,0.21308932686084142,BROHOR,C2,3,C,2,SEDG,Drought,Bromus hordeaceaus,Non-native,Grass,Grass,Annual,Limited,Invasive,Cal IPC
C2.BROMAD.2,8.730608055415617,44.339864782559935,0.00148792443324937,1514.8203302267002,0.074165040302267,BROMAD,C2,3,C,2,SEDG,Drought,Bromus madritensis,Non-native,Grass,Grass,Annual,High,Invasive,Cal IPC
C2.CENMEL.2,29.603759277432367,4.704849256434453,0.006351422954125357,285.4326958158293,0.6583978827087885,CENMEL,C2,3,C,2,SEDG,Drought,Centaurea melitensis,Non-native,Forb,Forb,Annual,Moderate,Invasive,Cal IPC
C2.CORFIL.2,14.100521411095304,12.480737908830491,0.003218637268847795,738.1221031768611,0.18137793551446182,CORFIL,C2,3,C,2,SEDG,Drought,Corethrogyne filaginafolia,Native,Forb,Forb,Perennial,Native,Native,CalFlora
C2.ESCCAL.2,24.23201833770937,7.676234285013478,0.008574946129470348,806.1564733363512,0.48077915436849245,ESCCAL,C2,3,C,2,SEDG,Drought,Eschscholzia californica,Native,Forb,Forb,Perennial,Native,Native,CalFlora
C2.MICCAL.2,5.129259436936937,3.654458241389117,0.0021092747747747747,477.0267175675675,0.12198163863863863,MICCAL,C2,3,C,2,SEDG,Drought,Micropus californicus,Native,Forb,Forb,Annual,Native,Native,CalFlora
C2.STIPUL.2,6.156723127371274,37.67034997190814,0.002717777777777778,5262.521425474255,0.15357491056910572,STIPUL,C2,3,C,2,SEDG,Drought,Stipa pulchra,Native,Grass,Grass,Perennial,Native,Native,CalFlora
C3.AIRCAR.2,10.514326265895955,123.58373410457469,0.0015586531791907516,3773.966607514451,0.10210736994219655,AIRCAR,C3,3,C,3,ANGELO,Drought,Aira caryophyllea,Non-native,Grass,Grass,Annual,Non-native,Non-native,CalFlora
C3.BRODIA.2,24.27935095977417,7.103626034349541,0.007243212420606916,621.2402122794638,0.4787722350035286,BRODIA,C3,3,C,3,ANGELO,Drought,Bromus diandrus,Non-native,Grass,Grass,Annual,Moderate,Invasive,Cal IPC
C3.BROHOR.2,20.381744115068493,11.58284257955675,0.004841790867579908,845.1355378082192,0.4365975972602739,BROHOR,C3,3,C,3,ANGELO,Drought,Bromus hordeaceaus,Non-native,Grass,Grass,Annual,Limited,Invasive,Cal IPC
C3.CLAPUR.2,26.69631991698113,32.034427073010285,0.00630372075471698,2276.3666945911946,0.495502651572327,CLAPUR,C3,3,C,3,ANGELO,Drought,Clarkia purpurea,Native,Forb,Forb,Annual,Native,Native,CalFlora
C3.ESCCAL.1,37.767040930487134,4.261718648262015,0.014553738916256158,485.2979938697318,0.9544722993979201,ESCCAL,C3,3,C,3,ANGELO,Drought,Eschscholzia californica,Native,Forb,Forb,Perennial,Native,Native,CalFlora
C3.GALPAR.2,20.161816735632186,16.714195395656322,0.011887655172413794,3327.40877044335,0.6641565582922825,GALPAR,C3,3,C,3,ANGELO,Drought,Galium parisiense,Non-native,Forb,Forb,Annual,Non-native,Non-native,CalFlora
C3.HYPGLA.2,25.28271434370321,2.351782531931682,0.010729192147729162,311.18308358010313,0.8978630746963899,HYPGLA,C3,3,C,3,ANGELO,Drought,Hypochaeris glabra,Non-native,Forb,Forb,Annual,Limited,Invasive,Cal IPC
C3.MADGRA.2,32.36625218008348,12.36508562860328,0.009373466905187835,1054.7112494931425,0.6875156159809183,MADGRA,C3,3,C,3,ANGELO,Drought,Madia gracilis,Native,Forb,Forb,Annual,Native,Native,CalFlora
C4.AVEBAR.1,13.516564726747543,13.645567809056153,0.0034397099942229926,989.1918278451761,0.21590710687463893,AVEBAR,C4,3,C,4,BORR,Drought,Avena barbata,Non-native,Grass,Grass,Annual,Moderate,Invasive,Cal IPC
C4.BRODIA.2,12.961020037699372,10.758785532613368,0.00349875688738521,825.1257366843886,0.20820801643305945,BRODIA,C4,3,C,4,BORR,Drought,Bromus diandrus,Non-native,Grass,Grass,Annual,Moderate,Invasive,Cal IPC
C4.BROHOR.2,11.640727323298428,15.54403431631476,0.0029944175392670157,1226.9335469895288,0.24800525392670156,BROHOR,C4,3,C,4,BORR,Drought,Bromus hordeaceaus,Non-native,Grass,Grass,Annual,Limited,Invasive,Cal IPC
C4.CLAPUR.2,19.017117044215627,12.202353144416932,0.005709417322834645,1157.5538822531798,0.4590068612961841,CLAPUR,C4,3,C,4,BORR,Drought,Clarkia purpurea,Native,Forb,Forb,Annual,Native,Native,CalFlora
C4.DAUPUS.2,11.028691430138567,3.531022068127418,0.0054099405311778285,558.3868634526558,0.3046837742494226,DAUPUS,C4,3,C,4,BORR,Drought,Daucus pusillus,Native,Forb,Forb,Annual,Native,Native,CalFlora
C4.GERDIS.2,15.500777573866765,1.9275452911036117,0.008856071572765646,362.71199603596995,0.6082756380987338,GERDIS,C4,3,C,4,BORR,Drought,Geranium dissectum,Non-native,Forb,Forb,Annual,Limited,Invasive,Cal IPC
C4.LUPBIC.2,9.601375281150158,16.16696797405539,0.005676670926517572,3235.1891702875396,0.3063118274760383,LUPBIC,C4,3,C,4,BORR,Drought,Lupinus bicolor,Native,Forb,Nfixer,Annual,Native,Native,CalFlora
C4.MADGRA.2,15.127983599724896,5.295059581226246,0.008265325080238422,899.4342043099495,0.5263299527739569,MADGRA,C4,3,C,4,BORR,Drought,Madia gracilis,Native,Forb,Forb,Annual,Native,Native,CalFlora
C4.TORARV.2,2.8919125253807105,3.681387634196465,8.545569253081943e-4,332.3475963741842,0.05629023785351705,TORARV,C4,3,C,4,BORR,Drought,Torilis arvensis,Non-native,Forb,Forb,Annual,Moderate,Invasive,Cal IPC
C4.TRIHIR.1,27.340076254928274,7.121286807142131,0.007011719285625355,533.1387096435044,0.5444201855935369,TRIHIR,C4,3,C,4,BORR,Drought,Trifolium hirtum,Non-native,Forb,Nfixer,Annual,Limited,Invasive,Cal IPC
C4.VICSAT.2,28.985007958150522,8.794567057808695,0.006681204184947689,530.1835570705366,0.4219713790077624,VICSAT,C4,3,C,4,BORR,Drought,Vicia sativa,Non-native,Forb,Nfixer,Annual,Non-native,Non-native,CalFlora
C5.BRODIA.2,9.725171786851211,8.928160950275316,0.002273710034602076,558.2719849826989,0.13581801384083042,BRODIA,C5,3,C,5,BORR,Drought,Bromus diandrus,Non-native,Grass,Grass,Annual,Moderate,Invasive,Cal IPC
C5.BROHOR.1,18.443430218518518,17.77681069192213,0.0038511308641975307,1086.2588293827157,0.3175953283950617,BROHOR,C5,3,C,5,BORR,Drought,Bromus hordeaceaus,Non-native,Grass,Grass,Annual,Limited,Invasive,Cal IPC
C5.CLAPUR.2,19.02882628735632,15.78379069172261,0.00463648275862069,1178.6480412515964,0.3881076602809706,CLAPUR,C5,3,C,5,BORR,Drought,Clarkia purpurea,Native,Forb,Forb,Annual,Native,Native,CalFlora
C5.DAUPUS.2,10.01203299656121,4.502121381925721,0.004590897524071527,654.0537363136176,0.2459857400275103,DAUPUS,C5,3,C,5,BORR,Drought,Daucus pusillus,Native,Forb,Forb,Annual,Native,Native,CalFlora
C5.EROBOT.1,30.50198074849095,3.9381057068112075,0.009357437022132797,342.01050201207244,0.6784405488933603,EROBOT,C5,3,C,5,BORR,Drought,Erodium botrys,Non-native,Forb,Forb,Annual,Non-native,Non-native,CalFlora
C5.GERDIS.2,23.262144632942128,5.1855396009273305,0.010895312828814245,788.7695299878591,0.7130973217320922,GERDIS,C5,3,C,5,BORR,Drought,Geranium dissectum,Non-native,Forb,Forb,Annual,Limited,Invasive,Cal IPC
C5.MADGRA.2,18.120606988601036,6.166221924636239,0.009148391709844559,1030.5985267357512,0.6461848424870466,MADGRA,C5,3,C,5,BORR,Drought,Madia gracilis,Native,Forb,Forb,Annual,Native,Native,CalFlora
C5.TORARV.2,7.096729940327708,3.5707305186969394,0.0029163066764490092,481.84693396918556,0.20194754707752505,TORARV,C5,3,C,5,BORR,Drought,Torilis arvensis,Non-native,Forb,Forb,Annual,Moderate,Invasive,Cal IPC
C5.TRIHIR.2,31.775905174433408,7.8462625176209455,0.006187240132416603,404.8803854851031,0.5048732370766488,TRIHIR,C5,3,C,5,BORR,Drought,Trifolium hirtum,Non-native,Forb,Nfixer,Annual,Limited,Invasive,Cal IPC
C5.VICSAT.2,33.83536112176074,8.703692887880937,0.00827993397231097,563.9876067447639,0.515270753283635,VICSAT,C5,3,C,5,BORR,Drought,Vicia sativa,Non-native,Forb,Nfixer,Annual,Non-native,Non-native,CalFlora
C6.AMSMEN.2,10.007422669874716,11.748718168779135,0.0023519523319851777,845.6719519010165,0.19872465273078357,AMSMEN,C6,3,C,6,WWP,Drought,Amsinckia menziesii,Native,Forb,Forb,Annual,Native,Native,CalFlora
C6.AVEBAR.2,25.843389910471,14.866633073187916,0.004060874270144025,506.1946829116388,0.2572297002724796,AVEBAR,C6,3,C,6,WWP,Drought,Avena barbata,Non-native,Grass,Grass,Annual,Moderate,Invasive,Cal IPC
C6.BROARE.2,21.585287094853683,28.053877649446708,0.0023477406659939454,679.2315154389506,0.21669782643794147,BROARE,C6,3,C,6,WWP,Drought,Bromus arenarius,Non-native,Grass,Grass,Annual,Non-native,Non-native,CalFlora
C6.BRODIA.2,6.14632231961259,15.616967507498536,9.563744955609362e-4,480.1793685230024,0.05214545278450363,BRODIA,C6,3,C,6,WWP,Drought,Bromus diandrus,Non-native,Grass,Grass,Annual,Moderate,Invasive,Cal IPC
C6.BROMAD.2,4.299711051111111,7.658598802513647,0.0018718699999999999,1072.5910027777777,0.10428513333333332,BROMAD,C6,3,C,6,WWP,Drought,Bromus madritensis,Non-native,Grass,Grass,Annual,High,Invasive,Cal IPC
C7.AMSMEN.2,9.282438351481737,37.86880092477485,0.0010135947622329428,909.3296882150241,0.08664856374913853,AMSMEN,C7,3,C,7,WWP,Drought,Amsinckia menziesii,Native,Forb,Forb,Annual,Native,Native,CalFlora
C7.AVEBAR.2,11.020286736515512,23.844354574047586,0.0013225861575178997,502.4083652505967,0.0830148830548926,AVEBAR,C7,3,C,7,WWP,Drought,Avena barbata,Non-native,Grass,Grass,Annual,Moderate,Invasive,Cal IPC
C7.BROARE.2,15.39275752978387,30.149935297298576,0.001612166578808645,657.0415167105956,0.13714200843437005,BROARE,C7,3,C,7,WWP,Drought,Bromus arenarius,Non-native,Grass,Grass,Annual,Non-native,Non-native,CalFlora
C7.BRODIA.2,6.0804906403785495,14.115829138983782,0.002398377497371188,981.4463483701367,0.21333488853838065,BRODIA,C7,3,C,7,WWP,Drought,Bromus diandrus,Non-native,Grass,Grass,Annual,Moderate,Invasive,Cal IPC
C7.BROMAD.2,16.92072673647224,21.95766028371622,0.003293293042867182,978.2142699929726,0.17921701054111033,BROMAD,C7,3,C,7,WWP,Drought,Bromus madritensis,Non-native,Grass,Grass,Annual,High,Invasive,Cal IPC
C7.EROCIC.1,7.550806833068363,18.994227530041538,0.0018893179650238475,1509.3337143084261,0.1612571478537361,EROCIC,C7,3,C,7,WWP,Drought,Erodium cicutarium,Non-native,Forb,Forb,Annual,Non-native,Non-native,CalFlora
C7.ESCCAL.2,30.58663690701607,6.211474272190986,0.011075443230490386,680.1438019522271,0.7063088383033445,ESCCAL,C7,3,C,7,WWP,Drought,Eschscholzia californica,Native,Forb,Forb,Perennial,Native,Native,CalFlora
C7.LUPMIC.2,27.56077079495053,2.932328915380669,0.009621058341862845,283.8271812691914,0.5796011569430228,LUPMIC,C7,3,C,7,WWP,Drought,Lupinus microcarpus,Native,Forb,Nfixer,Annual,Native,Native,CalFlora
C8.AIRCAR.2,6.324208224000001,130.14506817663036,0.0023016,15573.6516048,0.15016128,AIRCAR,C8,3,C,8,ANGELO,Drought,Aira caryophyllea,Non-native,Grass,Grass,Annual,Non-native,Non-native,CalFlora
C8.BRODIA.2,15.263861964461247,9.604074027122461,0.0036108340264650284,713.3268452930056,0.3480313776937618,BRODIA,C8,3,C,8,ANGELO,Drought,Bromus diandrus,Non-native,Grass,Grass,Annual,Moderate,Invasive,Cal IPC
C8.BROHOR.2,15.767710500286203,14.187342523449571,0.003846873497424155,1090.9943863766455,0.3640667635947338,BROHOR,C8,3,C,8,ANGELO,Drought,Bromus hordeaceaus,Non-native,Grass,Grass,Annual,Limited,Invasive,Cal IPC
C8.CLAPUR.2,25.64879224512987,22.5099570649213,0.005546819805194805,1463.0098512987013,0.4773158912337662,CLAPUR,C8,3,C,8,ANGELO,Drought,Clarkia purpurea,Native,Forb,Forb,Annual,Native,Native,CalFlora
C8.DAUPUS.2,20.941803059572006,5.076570214858715,0.007158016194331984,505.7812702139965,0.40912006246385196,DAUPUS,C8,3,C,8,ANGELO,Drought,Daucus pusillus,Native,Forb,Forb,Annual,Native,Native,CalFlora
C8.ESCCAL.1,16.429126971580818,9.277465054335279,0.00944607460035524,1808.545846536412,0.5704980710479574,ESCCAL,C8,3,C,8,ANGELO,Drought,Eschscholzia californica,Native,Forb,Forb,Perennial,Native,Native,CalFlora
C8.GALPAR.2,10.057634845303868,25.228211491162003,0.003314922651933702,2420.9167386740332,0.16945074309392266,GALPAR,C8,3,C,8,ANGELO,Drought,Galium parisiense,Non-native,Forb,Forb,Annual,Non-native,Non-native,CalFlora
C8.HYPGLA.2,35.50582640724727,2.4598405513007253,0.01783136051060325,384.68587926703725,1.4455330483837758,HYPGLA,C8,3,C,8,ANGELO,Drought,Hypochaeris glabra,Non-native,Forb,Forb,Annual,Limited,Invasive,Cal IPC
C8.MADGRA.2,37.399814826789836,11.202949629378606,0.011567591224018476,1017.3984317551963,0.8312674745958429,MADGRA,C8,3,C,8,ANGELO,Drought,Madia gracilis,Native,Forb,Forb,Annual,Native,Native,CalFlora
D1.AIRCAR.2,12.72377990909091,81.53642274600092,0.0030758051948051946,5620.877242207792,0.20168640909090907,AIRCAR,D1,4,D,1,ANGELO,Control,Aira caryophyllea,Non-native,Grass,Grass,Annual,Non-native,Non-native,CalFlora
D1.BRODIA.2,22.384434231473772,10.752474092689544,0.005210314737718567,783.7449746877602,0.525382745212323,BRODIA,D1,4,D,1,ANGELO,Control,Bromus diandrus,Non-native,Grass,Grass,Annual,Moderate,Invasive,Cal IPC
D1.BROHOR.2,27.65680539125,17.799960554598048,0.00584478625,1120.474700625,0.5222769075,BROHOR,D1,4,D,1,ANGELO,Control,Bromus hordeaceaus,Non-native,Grass,Grass,Annual,Limited,Invasive,Cal IPC
D1.CLAPUR.2,7.972738588744589,9.316507930999304,0.007326883116883117,3202.3672995670995,0.6004623116883117,CLAPUR,D1,4,D,1,ANGELO,Control,Clarkia purpurea,Native,Forb,Forb,Annual,Native,Native,CalFlora
D1.ESCCAL.2,33.991691266950795,5.308151605799433,0.014884196822936848,719.4983653622628,0.9059502851607905,ESCCAL,D1,4,D,1,ANGELO,Control,Eschscholzia californica,Native,Forb,Forb,Perennial,Native,Native,CalFlora
D1.GALPAR.2,20.1500172402746,13.146153285790396,0.010545606407322656,2256.508099542334,0.5749825972540046,GALPAR,D1,4,D,1,ANGELO,Control,Galium parisiense,Non-native,Forb,Forb,Annual,Non-native,Non-native,CalFlora
D1.HYPGLA.2,17.505170555165144,1.7011817545929862,0.014468408526587024,486.336331927852,1.0926299170765987,HYPGLA,D1,4,D,1,ANGELO,Control,Hypochaeris glabra,Non-native,Forb,Forb,Annual,Limited,Invasive,Cal IPC
D1.MADGRA.2,43.064631615598884,12.746420147040487,0.014136653203342618,1226.9727983286907,0.9532303844011142,MADGRA,D1,4,D,1,ANGELO,Control,Madia gracilis,Native,Forb,Forb,Annual,Native,Native,CalFlora
D2.AVEBAR.2,24.54110298850575,15.088596664637468,0.0037395547892720314,492.33863532567057,0.23940737547892724,AVEBAR,D2,4,D,2,BORR,Control,Avena barbata,Non-native,Grass,Grass,Annual,Moderate,Invasive,Cal IPC
D2.BRODIA.2,6.943130059896729,12.885689469015817,0.0018398554216867468,1101.9529247504302,0.15691802547332184,BRODIA,D2,4,D,2,BORR,Control,Bromus diandrus,Non-native,Grass,Grass,Annual,Moderate,Invasive,Cal IPC
D2.BROHOR.2,23.030358018796992,14.952661403030884,0.0057945375939849626,1173.9700588972432,0.5067156090225564,BROHOR,D2,4,D,2,BORR,Control,Bromus hordeaceaus,Non-native,Grass,Grass,Annual,Limited,Invasive,Cal IPC
D2.CLAPUR.2,22.706487252765953,18.49863983765094,0.006282898723404254,1618.831665191489,0.5210757531914894,CLAPUR,D2,4,D,2,BORR,Control,Clarkia purpurea,Native,Forb,Forb,Annual,Native,Native,CalFlora
D2.DAUPUS.2,7.520820213953488,8.146375216545476,0.0019990991055456172,580.53398490161,0.10608931019677996,DAUPUS,D2,4,D,2,BORR,Control,Daucus pusillus,Native,Forb,Forb,Annual,Native,Native,CalFlora
D2.GERDIS.2,15.66975424335772,2.5553072271567654,0.007090641509433962,367.4038921062765,0.4694125298421255,GERDIS,D2,4,D,2,BORR,Control,Geranium dissectum,Non-native,Forb,Forb,Annual,Limited,Invasive,Cal IPC
D2.LUPBIC.2,18.261771012658226,11.247809845421653,0.006168369620253164,1089.2624079746836,0.3066836329113924,LUPBIC,D2,4,D,2,BORR,Control,Lupinus bicolor,Native,Forb,Nfixer,Annual,Native,Native,CalFlora
D2.MADGRA.2,23.649602535050075,13.127843587007906,0.007739001430615166,1281.9759058655225,0.4836233090128756,MADGRA,D2,4,D,2,BORR,Control,Madia gracilis,Native,Forb,Forb,Annual,Native,Native,CalFlora
D2.TORARV.2,9.28674743618582,4.331590572504126,0.003146261124694377,462.5958248899756,0.21994186014669928,TORARV,D2,4,D,2,BORR,Control,Torilis arvensis,Non-native,Forb,Forb,Annual,Moderate,Invasive,Cal IPC
D2.TRIHIR.2,42.267087889669526,6.874088868087967,0.009599893832943013,419.9384189435337,0.7699098574030705,TRIHIR,D2,4,D,2,BORR,Control,Trifolium hirtum,Non-native,Forb,Nfixer,Annual,Limited,Invasive,Cal IPC
D2.VICSAT.2,23.499446149407113,6.6895029795960745,0.008334331225296443,728.5948573913043,0.5374864,VICSAT,D2,4,D,2,BORR,Control,Vicia sativa,Non-native,Forb,Nfixer,Annual,Non-native,Non-native,CalFlora
D3.AVEBAR.2,10.4525355367287,24.38472215562007,0.0012595034280117534,510.02343702252705,0.07802858961802156,AVEBAR,D3,4,D,3,WWP,Control,Avena barbata,Non-native,Grass,Grass,Annual,Moderate,Invasive,Cal IPC
D3.BROARE.2,19.219091683147262,25.122504315854783,0.002440667729930888,757.3340234981392,0.2070996927166401,BROARE,D3,4,D,3,WWP,Control,Bromus arenarius,Non-native,Grass,Grass,Annual,Non-native,Non-native,CalFlora
D3.BRODIA.2,14.8374053712778,12.755728225992046,0.0026406015831134566,652.3477461741426,0.24604910139464758,BRODIA,D3,4,D,3,WWP,Control,Bromus diandrus,Non-native,Grass,Grass,Annual,Moderate,Invasive,Cal IPC
D3.BROMAD.2,7.847471104033971,7.553109701996555,0.0066467983014862,2285.8196645435246,0.426372949044586,BROMAD,D3,4,D,3,WWP,Control,Bromus madritensis,Non-native,Grass,Grass,Annual,High,Invasive,Cal IPC
D3.EROCIC.1,16.84375561094225,10.667408341290594,0.004126280503690839,794.440740425532,0.3405641354754668,EROCIC,D3,4,D,3,WWP,Control,Erodium cicutarium,Non-native,Forb,Forb,Annual,Non-native,Non-native,CalFlora
D4.AVEBAR.2,13.726953317051896,18.79257664173925,0.0019149393807239422,532.1979058002617,0.12084175752289575,AVEBAR,D4,4,D,4,MCL,Control,Avena barbata,Non-native,Grass,Grass,Annual,Moderate,Invasive,Cal IPC
D4.BRODIA.2,20.2799048792517,12.641791716480693,0.004124180272108844,781.8932210034013,0.42550682568027215,BRODIA,D4,4,D,4,MCL,Control,Bromus diandrus,Non-native,Grass,Grass,Annual,Moderate,Invasive,Cal IPC
D4.BROHOR.2,17.243639443862712,13.025567770744807,0.004628664339732403,1097.834095404305,0.384885277486911,BROHOR,D4,4,D,4,MCL,Control,Bromus hordeaceaus,Non-native,Grass,Grass,Annual,Limited,Invasive,Cal IPC
D4.BROMAD.2,19.612607556561088,28.57352417280442,0.004670972850678733,1780.436593438914,0.25361257466063347,BROMAD,D4,4,D,4,MCL,Control,Bromus madritensis,Non-native,Grass,Grass,Annual,High,Invasive,Cal IPC
D4.CLAPUR.2,24.52596721771913,23.804126144298962,0.005910846371347785,1710.5480280867107,0.47139365692742696,CLAPUR,D4,4,D,4,MCL,Control,Clarkia purpurea,Native,Forb,Forb,Annual,Native,Native,CalFlora
D4.ELYCAP.2,11.684357924657533,31.70530704088539,0.0025287214611872146,1786.5370248858446,0.14661723744292238,ELYCAP,D4,4,D,4,MCL,Control,Elymus caput-medusae,Non-native,Grass,Grass,Annual,High,Invasive,Cal IPC
D4.HOLVIR.2,15.310171433936954,21.140233217415823,0.0029202320590207913,963.4433337357477,0.16747796378269617,HOLVIR,D4,4,D,4,MCL,Control,Holocarpha virgata,Native,Forb,Forb,Annual,Native,Native,CalFlora
D4.MICCAL.2,19.226211358451074,11.342711677078828,0.005323606488749346,879.6820588173731,0.3021700659340659,MICCAL,D4,4,D,4,MCL,Control,Micropus californicus,Native,Forb,Forb,Annual,Native,Native,CalFlora
D4.PLAERE.2,15.382879541147132,24.35555271156875,0.0047743291770573565,2269.987083541147,0.2941310872817955,PLAERE,D4,4,D,4,MCL,Control,Plantago erecta,Native,Forb,Forb,Annual,Native,Native,CalFlora
D4.TRIHIR.2,14.366252932283814,3.6253944741580133,0.007273374022991687,615.2884223608672,0.5344874809578486,TRIHIR,D4,4,D,4,MCL,Control,Trifolium hirtum,Non-native,Forb,Nfixer,Annual,Limited,Invasive,Cal IPC
D5.AVEBAR.2,32.43359957998213,11.502565373951677,0.00757678999106345,716.8015683646112,0.48324709294012513,AVEBAR,D5,4,D,5,WWP,Control,Avena barbata,Non-native,Grass,Grass,Annual,Moderate,Invasive,Cal IPC
D5.BROARE.2,12.1327568,27.030886859345188,0.0012850108747044916,607.7284689361701,0.11224733900709219,BROARE,D5,4,D,5,WWP,Control,Bromus arenarius,Non-native,Grass,Grass,Annual,Non-native,Non-native,CalFlora
D5.BRODIA.2,15.326400001665743,17.569539527073964,0.0030619689061632425,980.992176957246,0.2736537223764575,BRODIA,D5,4,D,5,WWP,Control,Bromus diandrus,Non-native,Grass,Grass,Annual,Moderate,Invasive,Cal IPC
D5.BROMAD.2,19.91046433416459,11.51474472756223,0.005214166583541148,826.3151673815462,0.30538176059850375,BROMAD,D5,4,D,5,WWP,Control,Bromus madritensis,Non-native,Grass,Grass,Annual,High,Invasive,Cal IPC
D5.LUPMIC.1,26.241503333990146,3.736091654828409,0.00831694226600985,319.61858825615764,0.47046206344827585,LUPMIC,D5,4,D,5,WWP,Control,Lupinus microcarpus,Native,Forb,Nfixer,Annual,Native,Native,CalFlora
D5.PHATAN.1,21.085601094982078,17.468164713594753,0.006490849462365591,1627.3290863799282,0.4086481594982079,PHATAN,D5,4,D,5,WWP,Control,Phacelia tanacetifolia,Native,Forb,Forb,Annual,Native,Native,CalFlora
D6.AVEBAR.2,14.09429981230184,30.012900951269817,0.0017880722891566265,705.8458611287255,0.11166082688649334,AVEBAR,D6,4,D,6,BORR,Control,Avena barbata,Non-native,Grass,Grass,Annual,Moderate,Invasive,Cal IPC
D6.BRODIA.2,14.277833759811616,10.225127577935625,0.003318784929356358,722.09204010989,0.2936828956043956,BRODIA,D6,4,D,6,BORR,Control,Bromus diandrus,Non-native,Grass,Grass,Annual,Moderate,Invasive,Cal IPC
D6.BROHOR.2,19.37808106147541,11.372187874516607,0.004202174590163935,725.770657295082,0.3553293745901639,BROHOR,D6,4,D,6,BORR,Control,Bromus hordeaceaus,Non-native,Grass,Grass,Annual,Limited,Invasive,Cal IPC
D6.CLAPUR.2,17.81817869640644,10.116330611724493,0.0065538351920693926,1249.6578902106567,0.5684166505576208,CLAPUR,D6,4,D,6,BORR,Control,Clarkia purpurea,Native,Forb,Forb,Annual,Native,Native,CalFlora
D6.DAUPUS.2,10.938320557132718,4.510888718439888,0.005163968062455642,673.104026756565,0.2681524180269695,DAUPUS,D6,4,D,6,BORR,Control,Daucus pusillus,Native,Forb,Forb,Annual,Native,Native,CalFlora
D6.EROBOT.2,30.607708030668125,3.969121694075409,0.010147398028477545,381.39025384446876,0.725294204600219,EROBOT,D6,4,D,6,BORR,Control,Erodium botrys,Non-native,Forb,Forb,Annual,Non-native,Non-native,CalFlora
D6.GERDIS.2,23.938916736309654,2.2930618809932857,0.013778699802067296,431.44304658016273,1.0129043074554651,GERDIS,D6,4,D,6,BORR,Control,Geranium dissectum,Non-native,Forb,Forb,Annual,Limited,Invasive,Cal IPC
D6.LUPBIC.1,12.57902084864865,13.040529988631466,0.007870408108108108,2741.0395502702704,0.4180179567567568,LUPBIC,D6,4,D,6,BORR,Control,Lupinus bicolor,Native,Forb,Nfixer,Annual,Native,Native,CalFlora
D6.MADGRA.2,18.204347281173597,20.89325725668717,0.0064613349633251835,2273.44787408313,0.3956294645476773,MADGRA,D6,4,D,6,BORR,Control,Madia gracilis,Native,Forb,Forb,Annual,Native,Native,CalFlora
D6.TORARV.2,10.065979389621319,3.9571331856381096,0.004284206451612903,552.0972681626929,0.2941649049088359,TORARV,D6,4,D,6,BORR,Control,Torilis arvensis,Non-native,Forb,Forb,Annual,Moderate,Invasive,Cal IPC
D6.TRIHIR.2,27.537352716072256,8.290695552086822,0.009232904122278833,870.5011006021307,0.677124579898101,TRIHIR,D6,4,D,6,BORR,Control,Trifolium hirtum,Non-native,Forb,Nfixer,Annual,Limited,Invasive,Cal IPC
D6.VICSAT.2,20.692966860150374,8.15924370800817,0.005720996992481203,627.7730799248121,0.3319508142857143,VICSAT,D6,4,D,6,BORR,Control,Vicia sativa,Non-native,Forb,Nfixer,Annual,Non-native,Non-native,CalFlora
D7.BRODIA.2,20.17776178702163,13.772839483682457,0.004885526344980588,1042.9067867997783,0.44847458458125344,BRODIA,D7,4,D,7,SEDG,Control,Bromus diandrus,Non-native,Grass,Grass,Annual,Moderate,Invasive,Cal IPC
D7.BROHOR.2,23.47563096491228,19.394303350430206,0.0045837393483709275,1075.534003508772,0.3821554761904762,BROHOR,D7,4,D,7,SEDG,Control,Bromus hordeaceaus,Non-native,Grass,Grass,Annual,Limited,Invasive,Cal IPC
D7.BROMAD.2,21.62904472264631,14.903386746596645,0.007391657336726039,1541.8581458863443,0.42655181679389315,BROMAD,D7,4,D,7,SEDG,Control,Bromus madritensis,Non-native,Grass,Grass,Annual,High,Invasive,Cal IPC
D7.CENMEL.2,24.73596896605238,4.398987444813839,0.006564337536372454,347.60495487875846,0.6018708752667313,CENMEL,D7,4,D,7,SEDG,Control,Centaurea melitensis,Non-native,Forb,Forb,Annual,Moderate,Invasive,Cal IPC
D7.CORFIL.2,6.029242672360345,7.1971641576627,0.0019665743086493257,699.9614785275822,0.11082055874684352,CORFIL,D7,4,D,7,SEDG,Control,Corethrogyne filaginafolia,Native,Forb,Forb,Perennial,Native,Native,CalFlora
D7.ESCCAL.2,18.013025777100566,3.7449293106803774,0.0062825528950805395,397.37220313452326,0.4238809878101872,ESCCAL,D7,4,D,7,SEDG,Control,Eschscholzia californica,Native,Forb,Forb,Perennial,Native,Native,CalFlora
D7.MICCAL.2,11.807832032078103,13.503333442042775,0.0036597364016736403,1216.1878960948395,0.19844952161785215,MICCAL,D7,4,D,7,SEDG,Control,Micropus californicus,Native,Forb,Forb,Annual,Native,Native,CalFlora
D7.STIPUL.2,12.838757509433961,159.40361115521662,0.0017521078167115902,1655.6201428571428,0.09543879784366577,STIPUL,D7,4,D,7,SEDG,Control,Stipa pulchra,Native,Grass,Grass,Perennial,Native,Native,CalFlora
D8.BRODIA.2,12.945867389033943,11.813040822533786,0.004308271540469974,1317.239155613577,0.3959451305483029,BRODIA,D8,4,D,8,SEDG,Control,Bromus diandrus,Non-native,Grass,Grass,Annual,Moderate,Invasive,Cal IPC
D8.BROHOR.2,25.983669107692307,28.275022175010537,0.004243372307692307,1204.9288981538461,0.3334015907692307,BROHOR,D8,4,D,8,SEDG,Control,Bromus hordeaceaus,Non-native,Grass,Grass,Annual,Limited,Invasive,Cal IPC
D8.BROMAD.2,17.59305408783784,18.851741681121606,0.00472808277027027,1374.886385810811,0.2476794358108108,BROMAD,D8,4,D,8,SEDG,Control,Bromus madritensis,Non-native,Grass,Grass,Annual,High,Invasive,Cal IPC
D8.CALMEN.2,15.792914186984417,44.059553095435696,0.004274119156736938,1517.4910590284144,0.4663490100824931,CALMEN,D8,4,D,8,SEDG,Control,Calandrinia menziesii,Native,Forb,Forb,Annual,Native,Native,CalFlora
D8.CENMEL.2,25.46201137993294,5.270909111766187,0.007475796234201703,482.45220866649476,0.687570176425071,CENMEL,D8,4,D,8,SEDG,Control,Centaurea melitensis,Non-native,Forb,Forb,Annual,Moderate,Invasive,Cal IPC
D8.CORFIL.2,11.532067333333332,11.864078543543547,0.0027609152542372875,780.4716650659133,0.16962229284369112,CORFIL,D8,4,D,8,SEDG,Control,Corethrogyne filaginafolia,Native,Forb,Forb,Perennial,Native,Native,CalFlora
D8.ESCCAL.2,27.197523738259235,5.45442376263291,0.009369916092673763,550.7497771446463,0.5634599881026925,ESCCAL,D8,4,D,8,SEDG,Control,Eschscholzia californica,Native,Forb,Forb,Perennial,Native,Native,CalFlora
D8.MICCAL.2,16.006657522813686,13.562464922615284,0.006742982889733839,1813.1767545627374,0.3784374429657794,MICCAL,D8,4,D,8,SEDG,Control,Micropus californicus,Native,Forb,Forb,Annual,Native,Native,CalFlora
D8.STIPUL.2,11.654747190839693,112.01718273030488,0.0016477913486005087,2663.6984356234098,0.08957842748091603,STIPUL,D8,4,D,8,SEDG,Control,Stipa pulchra,Native,Grass,Grass,Perennial,Native,Native,CalFlora
E1.AIRCAR.2,14.685097380530973,370.23009671827356,0.0011690265486725662,1102.6675657522123,0.07410361061946902,AIRCAR,E1,5,E,1,ANGELO,Control,Aira caryophyllea,Non-native,Grass,Grass,Annual,Non-native,Non-native,CalFlora
E1.BRODIA.2,12.22806560888889,8.880603624707684,0.0020472241975308643,402.50771116049384,0.17737963950617286,BRODIA,E1,5,E,1,ANGELO,Control,Bromus diandrus,Non-native,Grass,Grass,Annual,Moderate,Invasive,Cal IPC
E1.BROHOR.2,21.9547181125,21.490050118571617,0.0031934125,762.037541875,0.2504879916666667,BROHOR,E1,5,E,1,ANGELO,Control,Bromus hordeaceaus,Non-native,Grass,Grass,Annual,Limited,Invasive,Cal IPC
E1.CLAPUR.2,10.184219503030302,12.684794323365697,0.007291318181818181,3297.356037272727,0.5848024757575757,CLAPUR,E1,5,E,1,ANGELO,Control,Clarkia purpurea,Native,Forb,Forb,Annual,Native,Native,CalFlora
E1.DAUPUS.2,20.58838688230009,6.143066684761489,0.009034241689128482,839.1356494159928,0.4907964061096136,DAUPUS,E1,5,E,1,ANGELO,Control,Daucus pusillus,Native,Forb,Forb,Annual,Native,Native,CalFlora
E1.ESCCAL.2,11.659800474929046,9.706991133623669,0.006823082308420057,1897.053871523179,0.3619987757805109,ESCCAL,E1,5,E,1,ANGELO,Control,Eschscholzia californica,Native,Forb,Forb,Perennial,Native,Native,CalFlora
E1.GALPAR.2,25.169669240618102,36.718424600803786,0.009102017660044152,3976.437241059603,0.4680985342163355,GALPAR,E1,5,E,1,ANGELO,Control,Galium parisiense,Non-native,Forb,Forb,Annual,Non-native,Non-native,CalFlora
E1.HYPGLA.2,10.392742320576316,3.0485190123452086,0.009198173795587572,951.9663492120666,0.5384476659162539,HYPGLA,E1,5,E,1,ANGELO,Control,Hypochaeris glabra,Non-native,Forb,Forb,Annual,Limited,Invasive,Cal IPC
E1.MADGRA.2,39.945612920692795,17.89040002922301,0.012215912488605285,1603.9318955332724,0.7969734111212398,MADGRA,E1,5,E,1,ANGELO,Control,Madia gracilis,Native,Forb,Forb,Annual,Native,Native,CalFlora
E2.AVEBAR.2,24.00831907345226,19.601586183593263,0.0038601343126967473,695.7518435466947,0.23910167890870937,AVEBAR,E2,5,E,2,WWP,Control,Avena barbata,Non-native,Grass,Grass,Annual,Moderate,Invasive,Cal IPC
E2.BROARE.2,11.429147063731172,27.43825119100449,0.0014445944380069525,833.7030048088066,0.12214614774044033,BROARE,E2,5,E,2,WWP,Control,Bromus arenarius,Non-native,Grass,Grass,Annual,Non-native,Non-native,CalFlora
E2.BRODIA.2,13.027628952319589,14.952002071934412,0.0033961262886597937,1244.5922976804125,0.3137128737113402,BRODIA,E2,5,E,2,WWP,Control,Bromus diandrus,Non-native,Grass,Grass,Annual,Moderate,Invasive,Cal IPC
E2.BROMAD.2,23.281728981193783,22.447033218057864,0.00509451512673753,1211.4617553556825,0.2726571561733442,BROMAD,E2,5,E,2,WWP,Control,Bromus madritensis,Non-native,Grass,Grass,Annual,High,Invasive,Cal IPC
E2.EROCIC.2,18.810799044444444,19.22146177919849,0.004670196825396826,1472.8488725396826,0.3844436761904762,EROCIC,E2,5,E,2,WWP,Control,Erodium cicutarium,Non-native,Forb,Forb,Annual,Non-native,Non-native,CalFlora
E2.LUPMIC.1,50.49331230988592,4.5926921359615385,0.015695269486692014,381.6870858840304,1.0686740346958175,LUPMIC,E2,5,E,2,WWP,Control,Lupinus microcarpus,Native,Forb,Nfixer,Annual,Native,Native,CalFlora
E2.PHATAN.2,14.921076043618163,15.218263593124702,0.0021053314265284235,430.50502903110475,0.13133938005005363,PHATAN,E2,5,E,2,WWP,Control,Phacelia tanacetifolia,Native,Forb,Forb,Annual,Native,Native,CalFlora
E3.AIRCAR.2,9.50125152249135,210.89278439666245,9.480968858131488e-4,2991.9446469896197,0.06199406228373703,AIRCAR,E3,5,E,3,ANGELO,Control,Aira caryophyllea,Non-native,Grass,Grass,Annual,Non-native,Non-native,CalFlora
E3.BRODIA.2,13.813090831524303,8.752793896830843,0.004529553563001415,936.9076292590844,0.40457993204341663,BRODIA,E3,5,E,3,ANGELO,Control,Bromus diandrus,Non-native,Grass,Grass,Annual,Moderate,Invasive,Cal IPC
E3.CLAPUR.2,26.55391555036855,26.41988048848729,0.007438683046683047,2300.0867606879606,0.5660891842751843,CLAPUR,E3,5,E,3,ANGELO,Control,Clarkia purpurea,Native,Forb,Forb,Annual,Native,Native,CalFlora
E3.DAUPUS.2,19.212499868878997,4.784777911136913,0.009750073654390935,775.593246054229,0.528231926345609,DAUPUS,E3,5,E,3,ANGELO,Control,Daucus pusillus,Native,Forb,Forb,Annual,Native,Native,CalFlora
E3.ESCCAL.2,13.616694742118026,5.461989477226569,0.01209328051738076,1703.0816344381567,0.6579188148746968,ESCCAL,E3,5,E,3,ANGELO,Control,Eschscholzia californica,Native,Forb,Forb,Perennial,Native,Native,CalFlora
E3.GALPAR.2,49.75757856485356,37.06586487555151,0.0169286359832636,3660.660405439331,0.8721368158995817,GALPAR,E3,5,E,3,ANGELO,Control,Galium parisiense,Non-native,Forb,Forb,Annual,Non-native,Non-native,CalFlora
E3.HYPGLA.2,25.624369781212845,5.589463921090984,0.01635310820451843,1182.9162839476814,0.8830169940546968,HYPGLA,E3,5,E,3,ANGELO,Control,Hypochaeris glabra,Non-native,Forb,Forb,Annual,Limited,Invasive,Cal IPC
E3.MADGRA.2,36.1329956,27.54348356586073,0.007639663461538462,1458.121505576923,0.47150451346153843,MADGRA,E3,5,E,3,ANGELO,Control,Madia gracilis,Native,Forb,Forb,Annual,Native,Native,CalFlora
E4.AVEBAR.2,16.48686643231735,21.80431688826649,0.0020885224114746753,472.22877303899605,0.12998703428955627,AVEBAR,E4,5,E,4,WWP,Control,Avena barbata,Non-native,Grass,Grass,Annual,Moderate,Invasive,Cal IPC
E4.BROARE.2,17.640667821138212,32.5468149951772,0.0018876434378629502,739.3580481997677,0.16083762137049942,BROARE,E4,5,E,4,WWP,Control,Bromus arenarius,Non-native,Grass,Grass,Annual,Non-native,Non-native,CalFlora
E4.BRODIA.2,20.768527355398806,13.72671936566696,0.004971190450352686,1034.3953380358112,0.4981487151383614,BRODIA,E4,5,E,4,WWP,Control,Bromus diandrus,Non-native,Grass,Grass,Annual,Moderate,Invasive,Cal IPC
E4.BROMAD.2,20.280261349854225,21.333000408457508,0.004161504373177842,1081.242337755102,0.23654302478134107,BROMAD,E4,5,E,4,WWP,Control,Bromus madritensis,Non-native,Grass,Grass,Annual,High,Invasive,Cal IPC
E4.LUPMIC.2,31.95104279152997,6.172593120226263,0.00926274917983895,465.7991728601252,0.48624194452728897,LUPMIC,E4,5,E,4,WWP,Control,Lupinus microcarpus,Native,Forb,Nfixer,Annual,Native,Native,CalFlora
E4.PHATAN.2,16.174055380000002,8.46295232885897,0.005463735238095238,885.0102121904762,0.35452848761904765,PHATAN,E4,5,E,4,WWP,Control,Phacelia tanacetifolia,Native,Forb,Forb,Annual,Native,Native,CalFlora
E5.AVEFAT.2,15.304344683768656,22.43454078262234,0.0019449673507462688,498.61542882462686,0.12084533302238805,AVEFAT,E5,5,E,5,SEDG,Control,Avena fatua,Non-native,Grass,Grass,Annual,Moderate,Invasive,Cal IPC
E5.BROHOR.2,26.26236629127907,18.762574384626618,0.004691726744186046,963.5848937209303,0.38502658604651163,BROHOR,E5,5,E,5,SEDG,Control,Bromus hordeaceaus,Non-native,Grass,Grass,Annual,Limited,Invasive,Cal IPC
E5.BROMAD.2,12.404094520833333,18.7136833519771,0.0031896923076923074,1235.6183517628203,0.15448754487179486,BROMAD,E5,5,E,5,SEDG,Control,Bromus madritensis,Non-native,Grass,Grass,Annual,High,Invasive,Cal IPC
E5.CALMEN.1,23.162298742541434,51.11181752851243,0.0030458497237569057,1707.2660693922653,0.28474044419889505,CALMEN,E5,5,E,5,SEDG,Control,Calandrinia menziesii,Native,Forb,Forb,Annual,Native,Native,CalFlora
E5.CENMEL.2,14.75593152501698,4.19114895275607,0.005515280959927553,425.1174756169346,0.4453997172288884,CENMEL,E5,5,E,5,SEDG,Control,Centaurea melitensis,Non-native,Forb,Forb,Annual,Moderate,Invasive,Cal IPC
E5.CORFIL.2,7.2085630878220135,11.275534518203054,0.0022699145199063233,1056.5970382903981,0.13417023302107728,CORFIL,E5,5,E,5,SEDG,Control,Corethrogyne filaginafolia,Native,Forb,Forb,Perennial,Native,Native,CalFlora
E5.EROCIC.2,29.332421077708453,6.065267625802841,0.008230581962563812,518.7008020986955,0.7218599954622802,EROCIC,E5,5,E,5,SEDG,Control,Erodium cicutarium,Non-native,Forb,Forb,Annual,Non-native,Non-native,CalFlora
E5.ESCCAL.2,19.41456841675936,4.804862319174601,0.008998582128290692,691.9118981090099,0.4753766933629959,ESCCAL,E5,5,E,5,SEDG,Control,Eschscholzia californica,Native,Forb,Forb,Perennial,Native,Native,CalFlora
E5.MICCAL.2,9.239768170622193,11.305627020302943,0.003158976266837717,1186.3974206542657,0.18827230404105197,MICCAL,E5,5,E,5,SEDG,Control,Micropus californicus,Native,Forb,Forb,Annual,Native,Native,CalFlora
E5.STIPUL.2,9.344854895522387,21.116560502775744,0.006727915422885571,5223.699072139303,0.3933247164179104,STIPUL,E5,5,E,5,SEDG,Control,Stipa pulchra,Native,Grass,Grass,Perennial,Native,Native,CalFlora
E6.AVEFAT.2,15.391918730668982,12.208582613858045,0.0032879826238053863,691.4777178105994,0.20819650825369243,AVEFAT,E6,5,E,6,SEDG,Control,Avena fatua,Non-native,Grass,Grass,Annual,Moderate,Invasive,Cal IPC
E6.BRODIA.2,10.980025546432064,11.734911783480305,0.0027463118279569894,939.5197764418377,0.2580818005865103,BRODIA,E6,5,E,6,SEDG,Control,Bromus diandrus,Non-native,Grass,Grass,Annual,Moderate,Invasive,Cal IPC
E6.BROHOR.2,19.876199737142855,27.173209380244323,0.003583293061224489,1329.1250414693875,0.2737525240816326,BROHOR,E6,5,E,6,SEDG,Control,Bromus hordeaceaus,Non-native,Grass,Grass,Annual,Limited,Invasive,Cal IPC
E6.BROMAD.2,15.027977184158415,21.271724685047936,0.004207891089108911,1625.0526576237623,0.21468591287128713,BROMAD,E6,5,E,6,SEDG,Control,Bromus madritensis,Non-native,Grass,Grass,Annual,High,Invasive,Cal IPC
E6.CENMEL.2,31.195113478634926,6.561715419719608,0.008183959277315743,497.3582591912819,0.6316196260395754,CENMEL,E6,5,E,6,SEDG,Control,Centaurea melitensis,Non-native,Forb,Forb,Annual,Moderate,Invasive,Cal IPC
E6.CORFIL.1,12.1631224837459,8.352511888969854,0.002608153892036982,461.63708786161646,0.15707005964807635,CORFIL,E6,5,E,6,SEDG,Control,Corethrogyne filaginafolia,Native,Forb,Forb,Perennial,Native,Native,CalFlora
E6.EROCIC.1,16.891403350107836,15.829353778256081,0.0046110438533429185,1349.774656506111,0.36381343925233645,EROCIC,E6,5,E,6,SEDG,Control,Erodium cicutarium,Non-native,Forb,Forb,Annual,Non-native,Non-native,CalFlora
E6.ESCCAL.2,11.962614294863242,3.007628778057234,0.005317312875250167,410.4559299088281,0.2796895663775851,ESCCAL,E6,5,E,6,SEDG,Control,Eschscholzia californica,Native,Forb,Forb,Perennial,Native,Native,CalFlora
E6.STIPUL.2,6.1516003405994555,95.7712578234109,0.0011697547683923706,3595.6751125340606,0.06426730790190735,STIPUL,E6,5,E,6,SEDG,Control,Stipa pulchra,Native,Grass,Grass,Perennial,Native,Native,CalFlora
E7.AVEBAR.2,25.312706830368764,16.32440905328849,0.004045323210412148,569.7725090672451,0.2533682672451193,AVEBAR,E7,5,E,7,MCL,Control,Avena barbata,Non-native,Grass,Grass,Annual,Moderate,Invasive,Cal IPC
E7.BRODIA.2,8.724496050151977,5.709324284165376,0.004667873860182371,1093.408606231003,0.47092916109422495,BRODIA,E7,5,E,7,MCL,Control,Bromus diandrus,Non-native,Grass,Grass,Annual,Moderate,Invasive,Cal IPC
E7.BROHOR.2,14.820659588020453,17.42882876638995,0.004170302410518627,1360.0001668005843,0.3643586482834186,BROHOR,E7,5,E,7,MCL,Control,Bromus hordeaceaus,Non-native,Grass,Grass,Annual,Limited,Invasive,Cal IPC
E7.BROMAD.2,15.364218138943249,13.546485487535653,0.006688994129158512,1891.8949782778866,0.38650451859099805,BROMAD,E7,5,E,7,MCL,Control,Bromus madritensis,Non-native,Grass,Grass,Annual,High,Invasive,Cal IPC
E7.CLAPUR.2,34.954004244408075,12.972672708671897,0.008824915439170758,1038.6391545008182,0.8960323142389526,CLAPUR,E7,5,E,7,MCL,Control,Clarkia purpurea,Native,Forb,Forb,Annual,Native,Native,CalFlora
E7.ELYCAP.2,5.729773488474204,20.826644121441664,0.0017943227222832054,1974.503021075741,0.10187824368825465,ELYCAP,E7,5,E,7,MCL,Control,Elymus caput-medusae,Non-native,Grass,Grass,Annual,High,Invasive,Cal IPC
E7.EROBOT.1,15.027341721893492,5.563813463655785,0.009749489940828403,1224.72223704142,0.6383372627218935,EROBOT,E7,5,E,7,MCL,Control,Erodium botrys,Non-native,Forb,Forb,Annual,Non-native,Non-native,CalFlora
E7.LUPBIC.2,39.76806577522003,6.4652717789422445,0.012499120514556532,579.274604536222,0.8063367285037237,LUPBIC,E7,5,E,7,MCL,Control,Lupinus bicolor,Native,Forb,Nfixer,Annual,Native,Native,CalFlora
E7.MICCAL.2,10.525530892184367,5.015414396821003,0.005055207214428857,809.1243693787575,0.34832090661322646,MICCAL,E7,5,E,7,MCL,Control,Micropus californicus,Native,Forb,Forb,Annual,Native,Native,CalFlora
E7.PLAERE.2,19.44895728850325,21.89447463713149,0.005783086767895879,1955.3909264642084,0.3604918112798265,PLAERE,E7,5,E,7,MCL,Control,Plantago erecta,Native,Forb,Forb,Annual,Native,Native,CalFlora
E7.TRIHIR.1,17.50404122414456,6.556160044406008,0.006161365628604383,735.3116998846598,0.44813635755478665,TRIHIR,E7,5,E,7,MCL,Control,Trifolium hirtum,Non-native,Forb,Nfixer,Annual,Limited,Invasive,Cal IPC
E8.AVEBAR.2,24.5741849867374,10.578438472892362,0.004110657235484822,392.5226871794872,0.25931414972001177,AVEBAR,E8,5,E,8,BORR,Control,Avena barbata,Non-native,Grass,Grass,Annual,Moderate,Invasive,Cal IPC
E8.BRODIA.2,11.384074871348664,14.56059590093725,0.0029924661280298324,1228.8377762585458,0.30951531510254815,BRODIA,E8,5,E,8,BORR,Control,Bromus diandrus,Non-native,Grass,Grass,Annual,Moderate,Invasive,Cal IPC
E8.BROHOR.2,15.127690396953831,16.147269473116225,0.002675954307472632,817.4909146120895,0.24072462446454068,BROHOR,E8,5,E,8,BORR,Control,Bromus hordeaceaus,Non-native,Grass,Grass,Annual,Limited,Invasive,Cal IPC
E8.CLAPUR.2,15.94592262142857,16.157092746712575,0.0052937,1765.1447941071428,0.4319365928571428,CLAPUR,E8,5,E,8,BORR,Control,Clarkia purpurea,Native,Forb,Forb,Annual,Native,Native,CalFlora
E8.DAUPUS.2,18.785391876980427,7.784042308905369,0.006750969245107176,815.4044890959925,0.34201731593662626,DAUPUS,E8,5,E,8,BORR,Control,Daucus pusillus,Native,Forb,Forb,Annual,Native,Native,CalFlora
E8.EROBOT.1,23.416202893976443,5.662649402762865,0.005542437875083352,356.3260882862859,0.3757058346299178,EROBOT,E8,5,E,8,BORR,Control,Erodium botrys,Non-native,Forb,Forb,Annual,Non-native,Non-native,CalFlora
E8.GERDIS.2,26.01036788589998,1.8187460442334802,0.0154913944755371,346.9395544683156,1.1654935222964433,GERDIS,E8,5,E,8,BORR,Control,Geranium dissectum,Non-native,Forb,Forb,Annual,Limited,Invasive,Cal IPC
E8.LUPBIC.1,22.99066574107527,8.36745558640706,0.0070889978494623656,704.0074700215054,0.3534312292473118,LUPBIC,E8,5,E,8,BORR,Control,Lupinus bicolor,Native,Forb,Nfixer,Annual,Native,Native,CalFlora
E8.MADGRA.2,20.526558270481146,6.463369121324294,0.008261060251408757,808.6403562201995,0.544157847420893,MADGRA,E8,5,E,8,BORR,Control,Madia gracilis,Native,Forb,Forb,Annual,Native,Native,CalFlora
E8.TORARV.2,11.303416582553576,5.622140178924175,0.0036414379716269243,564.348047811651,0.2531576703893752,TORARV,E8,5,E,8,BORR,Control,Torilis arvensis,Non-native,Forb,Forb,Annual,Moderate,Invasive,Cal IPC
E8.TRIHIR.1,12.424871160240963,5.3584803706318915,0.0042979054216867475,580.2978689759036,0.35066965542168677,TRIHIR,E8,5,E,8,BORR,Control,Trifolium hirtum,Non-native,Forb,Nfixer,Annual,Limited,Invasive,Cal IPC
E8.VICSAT.2,30.46682478551532,5.962222487790837,0.008540874651810585,454.23517298050143,0.5170968512534819,VICSAT,E8,5,E,8,BORR,Control,Vicia sativa,Non-native,Forb,Nfixer,Annual,Non-native,Non-native,CalFlora
F1.AIRCAR.2,9.323734034934498,49.787888705727624,0.005024078602620087,9089.693767685589,0.3478645327510917,AIRCAR,F1,1,F,1,ANGELO,Control,Aira caryophyllea,Non-native,Grass,Grass,Annual,Non-native,Non-native,CalFlora
F1.BRODIA.2,20.48226682206172,10.651069411080263,0.007576768220617203,1186.379007222587,0.4048895692711753,BRODIA,F1,1,F,1,ANGELO,Control,Bromus diandrus,Non-native,Grass,Grass,Annual,Moderate,Invasive,Cal IPC
F1.BROHOR.2,20.399726792529023,16.952058361999587,0.0036429772841998984,844.6945453811205,0.3091559959616355,BROHOR,F1,1,F,1,ANGELO,Control,Bromus hordeaceaus,Non-native,Grass,Grass,Annual,Limited,Invasive,Cal IPC
F1.CLAPUR.1,23.165795119244393,18.62596492277754,0.008817877213695396,2356.338358205431,0.67437253364817,CLAPUR,F1,1,F,1,ANGELO,Control,Clarkia purpurea,Native,Forb,Forb,Annual,Native,Native,CalFlora
F1.DAUPUS.1,9.47596944132653,21.812864459329738,0.003345005102040816,2412.010820408163,0.20674792346938775,DAUPUS,F1,1,F,1,ANGELO,Control,Daucus pusillus,Native,Forb,Forb,Annual,Native,Native,CalFlora
F1.ESCCAL.1,17.539772032506416,6.137953758457453,0.014676627887082978,1777.3984249786142,0.766229866552609,ESCCAL,F1,1,F,1,ANGELO,Control,Eschscholzia californica,Native,Forb,Forb,Perennial,Native,Native,CalFlora
F1.GALPAR.2,30.327648005018816,11.181538038107085,0.020419194479297364,2554.9470818067753,1.1166576386449183,GALPAR,F1,1,F,1,ANGELO,Control,Galium parisiense,Non-native,Forb,Forb,Annual,Non-native,Non-native,CalFlora
F1.HYPGLA.2,26.643937710843375,3.090456347592904,0.017312232262382866,681.5348788487282,1.3225826198125836,HYPGLA,F1,1,F,1,ANGELO,Control,Hypochaeris glabra,Non-native,Forb,Forb,Annual,Limited,Invasive,Cal IPC
F1.MADGRA.2,43.21021662971698,21.746682395061566,0.014058804245283019,2146.8022889150943,0.9463264198113207,MADGRA,F1,1,F,1,ANGELO,Control,Madia gracilis,Native,Forb,Forb,Annual,Native,Native,CalFlora
F2.AVEBAR.2,12.502599654704172,6.7866186598638,0.005370104752667314,699.2797626576141,0.1485492434529583,AVEBAR,F2,1,F,2,WWP,Control,Avena barbata,Non-native,Grass,Grass,Annual,Moderate,Invasive,Cal IPC
F2.BROARE.2,13.584634996579247,26.539523101211515,0.0017481539338654504,819.914328050171,0.14582445724059293,BROARE,F2,1,F,2,WWP,Control,Bromus arenarius,Non-native,Grass,Grass,Annual,Non-native,Non-native,CalFlora
F2.BRODIA.2,18.984897511801957,13.234570337632514,0.004957982728842832,870.1033571675302,0.23460875993091537,BRODIA,F2,1,F,2,WWP,Control,Bromus diandrus,Non-native,Grass,Grass,Annual,Moderate,Invasive,Cal IPC
F2.BROMAD.2,13.093920088181816,20.02811094945544,0.003229361818181818,1209.0907962727272,0.1871963009090909,BROMAD,F2,1,F,2,WWP,Control,Bromus madritensis,Non-native,Grass,Grass,Annual,High,Invasive,Cal IPC
F2.EROCIC.1,38.274537632135306,6.750596243777901,0.011992243833685695,671.3498563777308,1.1926513417899929,EROCIC,F2,1,F,2,WWP,Control,Erodium cicutarium,Non-native,Forb,Forb,Annual,Non-native,Non-native,CalFlora
F2.ESCCAL.1,7.369752748971193,3.7627816578267823,0.009678427983539094,1778.0741761316872,0.4770927588477366,ESCCAL,F2,1,F,2,WWP,Control,Eschscholzia californica,Native,Forb,Forb,Perennial,Native,Native,CalFlora
F2.LUPMIC.1,20.723946189075633,10.276233059414581,0.012687231092436977,2088.9823548319328,0.6379868634453782,LUPMIC,F2,1,F,2,WWP,Control,Lupinus microcarpus,Native,Forb,Nfixer,Annual,Native,Native,CalFlora
F2.LUPSUC.1,27.794184266666665,5.7896199581294425,0.009602444,589.3500408666666,0.580501676,LUPSUC,F2,1,F,2,WWP,Control,Lupinus succulentus,Native,Forb,Nfixer,Annual,Native,Native,CalFlora
F3.AVEBAR.2,17.527873600908748,6.127832030300532,0.006514930708065127,528.0750655812193,0.20080544490723212,AVEBAR,F3,1,F,3,BORR,Control,Avena barbata,Non-native,Grass,Grass,Annual,Moderate,Invasive,Cal IPC
F3.BRODIA.2,4.627476002694208,11.590306774580544,0.0010799506061966772,758.323028558599,0.0691113120790301,BRODIA,F3,1,F,3,BORR,Control,Bromus diandrus,Non-native,Grass,Grass,Annual,Moderate,Invasive,Cal IPC
F3.BROHOR.2,13.59967506294537,22.44090919243271,0.0021717790973871734,979.3083960807602,0.19203600118764846,BROHOR,F3,1,F,3,BORR,Control,Bromus hordeaceaus,Non-native,Grass,Grass,Annual,Limited,Invasive,Cal IPC
F3.CLAPUR.2,17.093685100802855,22.981647499446897,0.0039818376449598574,1634.0209825156112,0.32763792328278324,CLAPUR,F3,1,F,3,BORR,Control,Clarkia purpurea,Native,Forb,Forb,Annual,Native,Native,CalFlora
F3.DAUPUS.2,7.207894334845735,5.667789586063466,0.003462088929219601,907.1457420145191,0.21576622595281308,DAUPUS,F3,1,F,3,BORR,Control,Daucus pusillus,Native,Forb,Forb,Annual,Native,Native,CalFlora
F3.EROBOT.1,30.849309750263803,3.0945196434529603,0.01052218712627506,302.2889409074921,0.7850191220541681,EROBOT,F3,1,F,3,BORR,Control,Erodium botrys,Non-native,Forb,Forb,Annual,Non-native,Non-native,CalFlora
F3.GERDIS.2,24.116964861565297,2.0358119148439418,0.015497638543710487,432.2146557226946,1.1592444626117289,GERDIS,F3,1,F,3,BORR,Control,Geranium dissectum,Non-native,Forb,Forb,Annual,Limited,Invasive,Cal IPC
F3.LUPBIC.2,11.72930978,36.766806303072855,0.00319019,2670.266348,0.15594827,LUPBIC,F3,1,F,3,BORR,Control,Lupinus bicolor,Native,Forb,Nfixer,Annual,Native,Native,CalFlora
F3.MADGRA.2,15.977010078999342,6.268926439441397,0.010069479921000659,1367.9118346280447,0.7433826306780777,MADGRA,F3,1,F,3,BORR,Control,Madia gracilis,Native,Forb,Forb,Annual,Native,Native,CalFlora
F3.TORARV.2,6.721915270952541,3.4812407561187033,0.00390854998317065,694.3317633120162,0.25663936721642544,TORARV,F3,1,F,3,BORR,Control,Torilis arvensis,Non-native,Forb,Forb,Annual,Moderate,Invasive,Cal IPC
F3.TRIHIR.2,2.2747319143389197,3.210712818405845,0.007931132216014897,4300.42560707635,0.5976562122905028,TRIHIR,F3,1,F,3,BORR,Control,Trifolium hirtum,Non-native,Forb,Nfixer,Annual,Limited,Invasive,Cal IPC
F3.VICSAT.2,19.144468184038377,9.3397386823682,0.005364204971652855,691.8944603576101,0.2668273807239424,VICSAT,F3,1,F,3,BORR,Control,Vicia sativa,Non-native,Forb,Nfixer,Annual,Non-native,Non-native,CalFlora
F4.AVEBAR.2,8.695794582051283,7.535026097825003,0.0029569581196581198,572.155345897436,0.08937576068376069,AVEBAR,F4,1,F,4,MCL,Control,Avena barbata,Non-native,Grass,Grass,Annual,Moderate,Invasive,Cal IPC
F4.BRODIA.2,22.922165783039645,8.417635871911033,0.009033834801762114,1065.6678325991188,0.6310113755506608,BRODIA,F4,1,F,4,MCL,Control,Bromus diandrus,Non-native,Grass,Grass,Annual,Moderate,Invasive,Cal IPC
F4.BROHOR.2,16.359346545638942,13.12762704900084,0.0037927221095334688,940.3840030425964,0.3395389543610548,BROHOR,F4,1,F,4,MCL,Control,Bromus hordeaceaus,Non-native,Grass,Grass,Annual,Limited,Invasive,Cal IPC
F4.BROMAD.2,15.089151631578948,19.71197182004292,0.004172557168784029,1554.5583188747732,0.23935681851179672,BROMAD,F4,1,F,4,MCL,Control,Bromus madritensis,Non-native,Grass,Grass,Annual,High,Invasive,Cal IPC
F4.CLAPUR.2,23.67303948207754,11.635468582316904,0.00892981126554499,1444.422276810534,0.6815866452084858,CLAPUR,F4,1,F,4,MCL,Control,Clarkia purpurea,Native,Forb,Forb,Annual,Native,Native,CalFlora
F4.LUPBIC.2,39.149122461538454,80.34247895767602,0.0074965846153846145,3235.4673138461535,0.3560202923076923,LUPBIC,F4,1,F,4,MCL,Control,Lupinus bicolor,Native,Forb,Nfixer,Annual,Native,Native,CalFlora
F4.MICCAL.2,12.638600387456448,10.047515953482698,0.005264362369337979,1287.680951358885,0.2648167303135889,MICCAL,F4,1,F,4,MCL,Control,Micropus californicus,Native,Forb,Forb,Annual,Native,Native,CalFlora
F4.PLAERE.2,26.52582337136205,13.923489766460099,0.01330741792782305,2336.523392782305,0.8407936111757859,PLAERE,F4,1,F,4,MCL,Control,Plantago erecta,Native,Forb,Forb,Annual,Native,Native,CalFlora
F4.TRIHIR.1,6.228584328849028,1.4869147306411457,0.006286670154459392,550.6942721973094,0.5695945281514698,TRIHIR,F4,1,F,4,MCL,Control,Trifolium hirtum,Non-native,Forb,Nfixer,Annual,Limited,Invasive,Cal IPC
F5.AVEBAR.2,35.133590953955135,8.212238914543649,0.015160970484061394,931.8621664698939,0.5247823931523022,AVEBAR,F5,1,F,5,MCL,Control,Avena barbata,Non-native,Grass,Grass,Annual,Moderate,Invasive,Cal IPC
F5.BRODIA.2,11.085964262664165,13.098184495176412,0.002391706378986867,708.504231988743,0.1338613067542214,BRODIA,F5,1,F,5,MCL,Control,Bromus diandrus,Non-native,Grass,Grass,Annual,Moderate,Invasive,Cal IPC
F5.BROHOR.2,16.50827763157895,13.89909525884342,0.004262842105263159,1130.285007894737,0.36671370454545454,BROHOR,F5,1,F,5,MCL,Control,Bromus hordeaceaus,Non-native,Grass,Grass,Annual,Limited,Invasive,Cal IPC
F5.BROMAD.2,11.003804897585344,20.089195457450177,0.0027355686927560364,1340.7905050791007,0.1482954604496253,BROMAD,F5,1,F,5,MCL,Control,Bromus madritensis,Non-native,Grass,Grass,Annual,High,Invasive,Cal IPC
F5.CLAPUR.2,26.402970963793106,21.853555707704604,0.006300798275862069,1549.1131734482758,0.4928161448275862,CLAPUR,F5,1,F,5,MCL,Control,Clarkia purpurea,Native,Forb,Forb,Annual,Native,Native,CalFlora
F5.ELYCAP.2,7.521165058823528,33.00474897272676,0.0015328057713651496,1738.3445156492785,0.09434340066592674,ELYCAP,F5,1,F,5,MCL,Control,Elymus caput-medusae,Non-native,Grass,Grass,Annual,High,Invasive,Cal IPC
F5.EROBOT.1,11.45185638202247,6.227703807787811,0.010364739700374532,2022.8020831460674,0.6790174775280898,EROBOT,F5,1,F,5,MCL,Control,Erodium botrys,Non-native,Forb,Forb,Annual,Non-native,Non-native,CalFlora
F5.HOLVIR.2,14.723331096500532,19.134394499739546,0.004921694591728526,1970.4138142099685,0.30678770731707317,HOLVIR,F5,1,F,5,MCL,Control,Holocarpha virgata,Native,Forb,Forb,Annual,Native,Native,CalFlora
F5.LUPBIC.2,27.647880981456353,9.488960706240073,0.007911302578018996,782.5935916779738,0.4987159149706016,LUPBIC,F5,1,F,5,MCL,Control,Lupinus bicolor,Native,Forb,Nfixer,Annual,Native,Native,CalFlora
F5.MICCAL.2,36.869931352242745,9.547493768594165,0.015291803430079156,1191.7189084432716,0.7909210765171503,MICCAL,F5,1,F,5,MCL,Control,Micropus californicus,Native,Forb,Forb,Annual,Native,Native,CalFlora
F5.PLAERE.2,27.740045831758035,17.042463554681795,0.009233570888468809,1746.9414508506616,0.5834202759924386,PLAERE,F5,1,F,5,MCL,Control,Plantago erecta,Native,Forb,Forb,Annual,Native,Native,CalFlora
F5.TRIHIR.2,12.488080234228606,5.926511406955447,0.003992118051217989,604.7789525921299,0.3319817838850718,TRIHIR,F5,1,F,5,MCL,Control,Trifolium hirtum,Non-native,Forb,Nfixer,Annual,Limited,Invasive,Cal IPC
F6.AVEFAT.1,27.589480262692597,3.854198913841858,0.010853946451124022,371.3897766102551,0.3856835130083354,AVEFAT,F6,1,F,6,SEDG,Control,Avena fatua,Non-native,Grass,Grass,Annual,Moderate,Invasive,Cal IPC
F6.BRODIA.2,12.114040215151514,21.08749601802173,0.002611243939393939,1114.7078916666665,0.13736484999999998,BRODIA,F6,1,F,6,SEDG,Control,Bromus diandrus,Non-native,Grass,Grass,Annual,Moderate,Invasive,Cal IPC
F6.BROHOR.2,12.034144675424193,17.341566448843082,0.0022823404488232077,947.5036765188835,0.1927023163656267,BROHOR,F6,1,F,6,SEDG,Control,Bromus hordeaceaus,Non-native,Grass,Grass,Annual,Limited,Invasive,Cal IPC
F6.BROMAD.2,16.05556505106778,24.183637287328104,0.0036938867223769733,1413.887739090065,0.19389695264623957,BROMAD,F6,1,F,6,SEDG,Control,Bromus madritensis,Non-native,Grass,Grass,Annual,High,Invasive,Cal IPC
F6.CENMEL.2,32.73252128164557,4.235033301660884,0.009173776898734175,354.74573010284803,0.9113357080696202,CENMEL,F6,1,F,6,SEDG,Control,Centaurea melitensis,Non-native,Forb,Forb,Annual,Moderate,Invasive,Cal IPC
F6.CORFIL.2,9.686551398688302,9.650184787501052,0.00336832571254976,1042.775219815194,0.1904656331602057,CORFIL,F6,1,F,6,SEDG,Control,Corethrogyne filaginafolia,Native,Forb,Forb,Perennial,Native,Native,CalFlora
F6.EROCIC.2,53.91429936244541,24.261064483456813,0.029307336244541484,4605.091926637554,2.4737749912663753,EROCIC,F6,1,F,6,SEDG,Control,Erodium cicutarium,Non-native,Forb,Forb,Annual,Non-native,Non-native,CalFlora
F6.ESCCAL.2,18.399082532567054,3.500605444094457,0.006041831800766284,320.1066155172414,0.329907759770115,ESCCAL,F6,1,F,6,SEDG,Control,Eschscholzia californica,Native,Forb,Forb,Perennial,Native,Native,CalFlora
F6.MICCAL.2,23.511635342134213,18.963554160533658,0.008183830583058306,1978.1529172717271,0.4429098701870187,MICCAL,F6,1,F,6,SEDG,Control,Micropus californicus,Native,Forb,Forb,Annual,Native,Native,CalFlora
F6.STIPUL.2,9.503999267605636,93.8310798253984,0.0031061267605633804,8308.760792957746,0.17437677464788734,STIPUL,F6,1,F,6,SEDG,Control,Stipa pulchra,Native,Grass,Grass,Perennial,Native,Native,CalFlora
F7.AMSMEN.2,0.5696784279918864,2.2064139399822085,7.855740365111563e-4,1159.3660110547669,0.07531098681541583,AMSMEN,F7,1,F,7,WWP,Control,Amsinckia menziesii,Native,Forb,Forb,Annual,Native,Native,CalFlora
F7.AVEBAR.2,22.743863197225835,6.831743086261249,0.008690415257910707,598.2821728651929,0.26027259644560036,AVEBAR,F7,1,F,7,WWP,Control,Avena barbata,Non-native,Grass,Grass,Annual,Moderate,Invasive,Cal IPC
F7.BROARE.2,9.8480659609375,20.002717669433654,0.0019235169270833334,1161.1086305989584,0.16940688802083334,BROARE,F7,1,F,7,WWP,Control,Bromus arenarius,Non-native,Grass,Grass,Annual,Non-native,Non-native,CalFlora
F7.BRODIA.2,16.717568541764983,13.562920872777623,0.003509071260028315,704.9945321378008,0.201610823029731,BRODIA,F7,1,F,7,WWP,Control,Bromus diandrus,Non-native,Grass,Grass,Annual,Moderate,Invasive,Cal IPC
F7.BROMAD.2,14.262077590569293,17.814019974846882,0.002756526739505463,793.4975512363427,0.14685319953996548,BROMAD,F7,1,F,7,WWP,Control,Bromus madritensis,Non-native,Grass,Grass,Annual,High,Invasive,Cal IPC
F7.LUPMIC.2,25.43557766423358,3.0635422280762654,0.008264287325812874,264.927693430657,0.45877860882548116,LUPMIC,F7,1,F,7,WWP,Control,Lupinus microcarpus,Native,Forb,Nfixer,Annual,Native,Native,CalFlora
F8.AVEBAR.2,25.886662793382065,5.708917991248643,0.010482707195075026,555.4804710273181,0.3274037568295498,AVEBAR,F8,1,F,8,BORR,Control,Avena barbata,Non-native,Grass,Grass,Annual,Moderate,Invasive,Cal IPC
F8.BRODIA.2,13.137296536332181,15.065164834158212,0.0030223690888119955,910.2805230680508,0.1726256735870819,BRODIA,F8,1,F,8,BORR,Control,Bromus diandrus,Non-native,Grass,Grass,Annual,Moderate,Invasive,Cal IPC
F8.BROHOR.2,18.04041254067797,14.024023065493994,0.003302295762711865,707.5167749152544,0.276031779661017,BROHOR,F8,1,F,8,BORR,Control,Bromus hordeaceaus,Non-native,Grass,Grass,Annual,Limited,Invasive,Cal IPC
F8.CLAPUR.1,18.618918067431853,16.578297443550817,0.004879892395982784,1324.0381162123388,0.3795899942611191,CLAPUR,F8,1,F,8,BORR,Control,Clarkia purpurea,Native,Forb,Forb,Annual,Native,Native,CalFlora
F8.DAUPUS.2,7.585130093283581,7.8957694814727235,0.0021587723880597013,677.599972761194,0.14454788805970148,DAUPUS,F8,1,F,8,BORR,Control,Daucus pusillus,Native,Forb,Forb,Annual,Native,Native,CalFlora
F8.EROBOT.2,28.731483721682846,2.9381441426020634,0.01187135558252427,368.72162682038834,0.874591017394822,EROBOT,F8,1,F,8,BORR,Control,Erodium botrys,Non-native,Forb,Forb,Annual,Non-native,Non-native,CalFlora
F8.GERDIS.2,20.194011833525124,2.1617133191019584,0.010761084388185654,372.23599052550827,0.7657632435749905,GERDIS,F8,1,F,8,BORR,Control,Geranium dissectum,Non-native,Forb,Forb,Annual,Limited,Invasive,Cal IPC
F8.LUPBIC.2,10.439586214285715,11.090500806441213,0.009148749999999999,3467.4809474025974,0.5260546006493506,LUPBIC,F8,1,F,8,BORR,Control,Lupinus bicolor,Native,Forb,Nfixer,Annual,Native,Native,CalFlora
F8.MADGRA.2,32.24689917462744,7.533703768868936,0.009819481085212075,664.60987313718,0.7570853931983187,MADGRA,F8,1,F,8,BORR,Control,Madia gracilis,Native,Forb,Forb,Annual,Native,Native,CalFlora
F8.TORARV.2,11.576658261644623,3.5331880130501467,0.005653189189189189,576.1960795284646,0.389593036227717,TORARV,F8,1,F,8,BORR,Control,Torilis arvensis,Non-native,Forb,Forb,Annual,Moderate,Invasive,Cal IPC
F8.TRIHIR.1,18.869432240862793,4.7278727828668,0.007174968843618933,583.5782040143798,0.5692087010185739,TRIHIR,F8,1,F,8,BORR,Control,Trifolium hirtum,Non-native,Forb,Nfixer,Annual,Limited,Invasive,Cal IPC
F8.VICSAT.2,29.671061121028206,8.691317016446776,0.007319937165298108,517.90165883613,0.36775381292395576,VICSAT,F8,1,F,8,BORR,Control,Vicia sativa,Non-native,Forb,Nfixer,Annual,Non-native,Non-native,CalFlora
G1.AVEBAR.2,26.139220694779116,12.99191263973422,0.008074678714859437,829.2161199464525,0.24768179919678718,AVEBAR,G1,2,G,1,BORR,Control,Avena barbata,Non-native,Grass,Grass,Annual,Moderate,Invasive,Cal IPC
G1.BRODIA.2,16.950583933214073,12.770648815135262,0.004754981514609421,1010.1847651759093,0.26902264877757903,BRODIA,G1,2,G,1,BORR,Control,Bromus diandrus,Non-native,Grass,Grass,Annual,Moderate,Invasive,Cal IPC
G1.BROHOR.2,7.685371412455934,16.051813350571905,0.0016797461809635724,1071.3758806110459,0.14165651938895418,BROHOR,G1,2,G,1,BORR,Control,Bromus hordeaceaus,Non-native,Grass,Grass,Annual,Limited,Invasive,Cal IPC
G1.CLAPUR.2,18.86493453277311,22.92316070821734,0.004169455462184874,1486.3711803361343,0.32612019663865544,CLAPUR,G1,2,G,1,BORR,Control,Clarkia purpurea,Native,Forb,Forb,Annual,Native,Native,CalFlora
G1.DAUPUS.2,8.050606061234102,3.5875632140957596,0.006346790390956193,980.0299406500235,0.34400874894017897,DAUPUS,G1,2,G,1,BORR,Control,Daucus pusillus,Native,Forb,Forb,Annual,Native,Native,CalFlora
G1.EROBOT.1,32.78785083092187,2.590505451617207,0.0157007267465895,394.85127304671346,1.511891429929723,EROBOT,G1,2,G,1,BORR,Control,Erodium botrys,Non-native,Forb,Forb,Annual,Non-native,Non-native,CalFlora
G1.GERDIS.2,22.35693879905808,2.085899974418046,0.012620410910518052,381.82738795133434,0.9147389042386185,GERDIS,G1,2,G,1,BORR,Control,Geranium dissectum,Non-native,Forb,Forb,Annual,Limited,Invasive,Cal IPC
G1.LUPBIC.1,6.17243076300578,10.728661074445393,0.005225754335260116,3047.369871965318,0.2842222427745665,LUPBIC,G1,2,G,1,BORR,Control,Lupinus bicolor,Native,Forb,Nfixer,Annual,Native,Native,CalFlora
G1.MADGRA.2,21.109883919839675,10.662322436955396,0.007943207748830994,1217.262369539078,0.4610784729458917,MADGRA,G1,2,G,1,BORR,Control,Madia gracilis,Native,Forb,Forb,Annual,Native,Native,CalFlora
G1.TORARV.2,4.887998860965372,7.325809413246506,0.0010522670514165793,426.2891710388248,0.06719509338929697,TORARV,G1,2,G,1,BORR,Control,Torilis arvensis,Non-native,Forb,Forb,Annual,Moderate,Invasive,Cal IPC
G1.TRIHIR.1,19.35337897323867,6.382961729478574,0.0049664030584380126,490.62922102676134,0.39956365319497544,TRIHIR,G1,2,G,1,BORR,Control,Trifolium hirtum,Non-native,Forb,Nfixer,Annual,Limited,Invasive,Cal IPC
G1.VICSAT.2,21.539420151619574,8.978012238511447,0.004969195037904894,505.69873073742247,0.2625240744314266,VICSAT,G1,2,G,1,BORR,Control,Vicia sativa,Non-native,Forb,Nfixer,Annual,Non-native,Non-native,CalFlora
G2.AVEBAR.2,24.392928505981388,18.58787044716571,0.0034893610988037216,454.5077824545857,0.18721314842711562,AVEBAR,G2,2,G,2,MCL,Control,Avena barbata,Non-native,Grass,Grass,Annual,Moderate,Invasive,Cal IPC
G2.BRODIA.2,14.196458383963863,10.820805759327198,0.004456914737436477,965.052923884811,0.23181082778091475,BRODIA,G2,2,G,2,MCL,Control,Bromus diandrus,Non-native,Grass,Grass,Annual,Moderate,Invasive,Cal IPC
G2.BROHOR.2,20.953441075499267,13.126081131110013,0.004709806137359961,881.9968904042863,0.4137653833414515,BROHOR,G2,2,G,2,MCL,Control,Bromus hordeaceaus,Non-native,Grass,Grass,Annual,Limited,Invasive,Cal IPC
G2.BROMAD.2,24.49709151885714,11.460917580764947,0.007328554285714285,1009.7192634285714,0.45347355885714286,BROMAD,G2,2,G,2,MCL,Control,Bromus madritensis,Non-native,Grass,Grass,Annual,High,Invasive,Cal IPC
G2.CLAPUR.2,26.983880625998548,15.34763409935816,0.007661131445170661,1398.0308875816993,0.6745007175018155,CLAPUR,G2,2,G,2,MCL,Control,Clarkia purpurea,Native,Forb,Forb,Annual,Native,Native,CalFlora
G2.ELYCAP.2,12.497235146067416,34.23612168961166,0.002245033707865169,1457.498411031665,0.1330565168539326,ELYCAP,G2,2,G,2,MCL,Control,Elymus caput-medusae,Non-native,Grass,Grass,Annual,High,Invasive,Cal IPC
G2.HOLVIR.2,7.228924817435249,16.76438826480541,0.00164860770688566,1047.456119519899,0.10365701958307012,HOLVIR,G2,2,G,2,MCL,Control,Holocarpha virgata,Native,Forb,Forb,Annual,Native,Native,CalFlora
G2.LUPBIC.2,19.98250362880475,9.460329139690472,0.009452032665181884,1433.876619153675,0.5255178144023757,LUPBIC,G2,2,G,2,MCL,Control,Lupinus bicolor,Native,Forb,Nfixer,Annual,Native,Native,CalFlora
G2.MICCAL.2,4.767784730293992,4.22011715230605,0.00288160801022582,848.126681039625,0.14235348189177674,MICCAL,G2,2,G,2,MCL,Control,Micropus californicus,Native,Forb,Forb,Annual,Native,Native,CalFlora
G2.PLAERE.2,30.907491308855292,13.761130068971228,0.014561829373650107,2136.3970330453562,0.9169829676025918,PLAERE,G2,2,G,2,MCL,Control,Plantago erecta,Native,Forb,Forb,Annual,Native,Native,CalFlora
G2.TRIHIR.2,23.936476499058887,5.12366894362186,0.007537373487496639,501.5171380478623,0.6223899542887873,TRIHIR,G2,2,G,2,MCL,Control,Trifolium hirtum,Non-native,Forb,Nfixer,Annual,Limited,Invasive,Cal IPC
G3.AVEFAT.2,16.058202044066487,9.482395646945267,0.003931469655972168,626.7664257441052,0.23123784924623114,AVEFAT,G3,2,G,3,SEDG,Control,Avena fatua,Non-native,Grass,Grass,Annual,Moderate,Invasive,Cal IPC
G3.BRODIA.2,12.618204450405491,17.545377664037993,0.002982360573923893,928.0111436057393,0.16236728883343732,BRODIA,G3,2,G,3,SEDG,Control,Bromus diandrus,Non-native,Grass,Grass,Annual,Moderate,Invasive,Cal IPC
G3.BROHOR.2,7.731003005942733,15.089293308528514,0.0016699502971366828,962.1934126418151,0.13394798595353863,BROHOR,G3,2,G,3,SEDG,Control,Bromus hordeaceaus,Non-native,Grass,Grass,Annual,Limited,Invasive,Cal IPC
G3.BROMAD.2,16.27185551213873,14.909401837139292,0.0037960716763005783,908.3694076300578,0.21365888554913295,BROMAD,G3,2,G,3,SEDG,Control,Bromus madritensis,Non-native,Grass,Grass,Annual,High,Invasive,Cal IPC
G3.CENMEL.2,32.160879894045344,5.4023662004436215,0.007569536342445432,360.6238646747192,0.6771553939393938,CENMEL,G3,2,G,3,SEDG,Control,Centaurea melitensis,Non-native,Forb,Forb,Annual,Moderate,Invasive,Cal IPC
G3.CORFIL.2,6.733008952081702,5.8469537972709835,0.002675597989737824,766.8076945577328,0.1544887570580219,CORFIL,G3,2,G,3,SEDG,Control,Corethrogyne filaginafolia,Native,Forb,Forb,Perennial,Native,Native,CalFlora
G3.EROCIC.1,23.86153656286044,4.434516182913185,0.006207338715878509,343.9070556708958,0.5664613029603999,EROCIC,G3,2,G,3,SEDG,Control,Erodium cicutarium,Non-native,Forb,Forb,Annual,Non-native,Non-native,CalFlora
G3.ESCCAL.2,13.356919363869864,6.727559465891403,0.005101674657534247,760.6370241438357,0.2512049246575343,ESCCAL,G3,2,G,3,SEDG,Control,Eschscholzia californica,Native,Forb,Forb,Perennial,Native,Native,CalFlora
G3.MICCAL.2,14.883075914158853,8.977857537945377,0.004909073507646768,851.3292729156387,0.25193848741983227,MICCAL,G3,2,G,3,SEDG,Control,Micropus californicus,Native,Forb,Forb,Annual,Native,Native,CalFlora
G3.STIPUL.2,5.181140495145631,81.51882435947564,0.0011516650485436893,3305.381569902913,0.06349557766990291,STIPUL,G3,2,G,3,SEDG,Control,Stipa pulchra,Native,Grass,Grass,Perennial,Native,Native,CalFlora
G4.AMSMEN.2,31.810775937957274,13.718537178912742,0.004073223880597015,445.85112806555463,0.43379901258413817,AMSMEN,G4,2,G,4,WWP,Control,Amsinckia menziesii,Native,Forb,Forb,Annual,Native,Native,CalFlora
G4.AVEBAR.2,18.806802469910373,21.395985565272184,0.0033812266325224075,817.8415973111396,0.1760496824583867,AVEBAR,G4,2,G,4,WWP,Control,Avena barbata,Non-native,Grass,Grass,Annual,Moderate,Invasive,Cal IPC
G4.BROARE.2,16.665883640828856,46.680197296905746,0.00164728165771297,937.7176325402917,0.14342691788181122,BROARE,G4,2,G,4,WWP,Control,Bromus arenarius,Non-native,Grass,Grass,Annual,Non-native,Non-native,CalFlora
G4.BRODIA.2,19.364957548878543,9.667023084233811,0.005086832839610664,712.4923657215404,0.31159232754972493,BRODIA,G4,2,G,4,WWP,Control,Bromus diandrus,Non-native,Grass,Grass,Annual,Moderate,Invasive,Cal IPC
G4.BROMAD.2,18.881980347490348,24.35852128950511,0.006005227799227799,2218.1244213642212,0.3074008674388674,BROMAD,G4,2,G,4,WWP,Control,Bromus madritensis,Non-native,Grass,Grass,Annual,High,Invasive,Cal IPC
G4.EROCIC.2,22.438000802152317,7.5438917243680335,0.007388077814569537,815.3893496688742,0.6815682276490066,EROCIC,G4,2,G,4,WWP,Control,Erodium cicutarium,Non-native,Forb,Forb,Annual,Non-native,Non-native,CalFlora
G4.PHATAN.2,22.532548474814526,8.023175925035464,0.006584730964467005,743.4182308473252,0.5748062584927762,PHATAN,G4,2,G,4,WWP,Control,Phacelia tanacetifolia,Native,Forb,Forb,Annual,Native,Native,CalFlora
G5.AVEBAR.2,17.085299804023844,10.746043534342679,0.003556716840536512,550.8172002235468,0.20384980178837553,AVEBAR,G5,2,G,5,MCL,Control,Avena barbata,Non-native,Grass,Grass,Annual,Moderate,Invasive,Cal IPC
G5.BRODIA.2,23.998719406137184,8.844307470628515,0.0073491281588447645,801.4906745487365,0.4680985081227436,BRODIA,G5,2,G,5,MCL,Control,Bromus diandrus,Non-native,Grass,Grass,Annual,Moderate,Invasive,Cal IPC
G5.BROHOR.2,14.468080739056282,11.23028684616004,0.004434046617396248,1105.5724889141557,0.37213933826037526,BROHOR,G5,2,G,5,MCL,Control,Bromus hordeaceaus,Non-native,Grass,Grass,Annual,Limited,Invasive,Cal IPC
G5.BROMAD.2,19.161349407407407,20.992547027953748,0.004529269135802469,1278.1533451851851,0.24443905843621397,BROMAD,G5,2,G,5,MCL,Control,Bromus madritensis,Non-native,Grass,Grass,Annual,High,Invasive,Cal IPC
G5.CLAPUR.2,23.81582086176233,21.61920759221338,0.005395678253839935,1473.1368879547292,0.4649905335489086,CLAPUR,G5,2,G,5,MCL,Control,Clarkia purpurea,Native,Forb,Forb,Annual,Native,Native,CalFlora
G5.ELYCAP.2,5.748513986970684,29.064007523130236,0.0014151226927252986,1750.1114471226924,0.08325111183496199,ELYCAP,G5,2,G,5,MCL,Control,Elymus caput-medusae,Non-native,Grass,Grass,Annual,High,Invasive,Cal IPC
G5.EROBOT.2,40.72707823701843,3.391867819851349,0.015098505862646567,375.62841025963155,1.3989811243718595,EROBOT,G5,2,G,5,MCL,Control,Erodium botrys,Non-native,Forb,Forb,Annual,Non-native,Non-native,CalFlora
G5.HOLVIR.2,22.072142620512818,31.908862356037503,0.005324487179487179,2126.0174505128202,0.3192569846153846,HOLVIR,G5,2,G,5,MCL,Control,Holocarpha virgata,Native,Forb,Forb,Annual,Native,Native,CalFlora
G5.MICCAL.2,16.123470750548,6.534462357348887,0.006492309513371327,816.6608089434458,0.3655511530030688,MICCAL,G5,2,G,5,MCL,Control,Micropus californicus,Native,Forb,Forb,Annual,Native,Native,CalFlora
G5.PLAERE.2,22.107206146806483,12.587380838732201,0.01004677025738799,1884.6653775023833,0.6359103984747378,PLAERE,G5,2,G,5,MCL,Control,Plantago erecta,Native,Forb,Forb,Annual,Native,Native,CalFlora
G5.TRIHIR.1,30.099114828440044,7.34496059406089,0.008694697559250088,643.6701386628936,0.6875864018394058,TRIHIR,G5,2,G,5,MCL,Control,Trifolium hirtum,Non-native,Forb,Nfixer,Annual,Limited,Invasive,Cal IPC
G6.ACMPAR.1,32.37133088888889,60.078426538318375,0.022301222222222226,14782.153280555558,1.4767645555555557,ACMPAR,G6,2,G,6,ANGELO,Control,Acmispon parviflorus,Native,Forb,Nfixer,Annual,Native,Native,CalFlora
G6.AIRCAR.2,7.1402930722610725,43.9116621942759,0.0022636270396270398,4400.799012587413,0.14961293706293707,AIRCAR,G6,2,G,6,ANGELO,Control,Aira caryophyllea,Non-native,Grass,Grass,Annual,Non-native,Non-native,CalFlora
G6.BRODIA.2,28.373228645833333,6.6824167836978585,0.009495231398809523,679.044374702381,0.6622861130952381,BRODIA,G6,2,G,6,ANGELO,Control,Bromus diandrus,Non-native,Grass,Grass,Annual,Moderate,Invasive,Cal IPC
G6.BROHOR.2,27.511884618055557,10.93007581143477,0.0065570625,804.0459073784723,0.6220595364583335,BROHOR,G6,2,G,6,ANGELO,Control,Bromus hordeaceaus,Non-native,Grass,Grass,Annual,Limited,Invasive,Cal IPC
G6.CLAPUR.2,29.375621526165556,20.826448306598714,0.00806823786869648,1801.4371729781162,0.66844235585157,CLAPUR,G6,2,G,6,ANGELO,Control,Clarkia purpurea,Native,Forb,Forb,Annual,Native,Native,CalFlora
G6.DANCAL.1,14.116743542857144,430.7588570337017,0.001482857142857143,438.311960952381,0.09487848571428573,DANCAL,G6,2,G,6,ANGELO,Control,Danthonia californica,Native,Grass,Grass,Perennial,Native,Native,CalFlora
G6.ESCCAL.2,26.28993839199448,3.1394664877547602,0.017344611456176676,684.3371707384404,1.0504756369910284,ESCCAL,G6,2,G,6,ANGELO,Control,Eschscholzia californica,Native,Forb,Forb,Perennial,Native,Native,CalFlora
G6.GALPAR.2,28.389076422628953,22.214368611207888,0.012773397670549086,3191.2592099833614,0.6935367587354409,GALPAR,G6,2,G,6,ANGELO,Control,Galium parisiense,Non-native,Forb,Forb,Annual,Non-native,Non-native,CalFlora
G6.HYPGLA.2,24.43282424638866,3.0748342230277625,0.012995010084491686,547.2535882801853,1.087085046061597,HYPGLA,G6,2,G,6,ANGELO,Control,Hypochaeris glabra,Non-native,Forb,Forb,Annual,Limited,Invasive,Cal IPC
G6.MADGRA.2,25.225473811260905,11.806187583568299,0.010184237906423473,1518.797099444885,0.6881193433782712,MADGRA,G6,2,G,6,ANGELO,Control,Madia gracilis,Native,Forb,Forb,Annual,Native,Native,CalFlora
G7.AIRCAR.2,19.970403727891156,268.5960152389172,0.0033203809523809523,9616.835048979592,0.2244939319727891,AIRCAR,G7,2,G,7,ANGELO,Control,Aira caryophyllea,Non-native,Grass,Grass,Annual,Non-native,Non-native,CalFlora
G7.BRODIA.2,28.426957606382974,7.799699348310694,0.008308972644376899,664.0495876899695,0.5539096367781154,BRODIA,G7,2,G,7,ANGELO,Control,Bromus diandrus,Non-native,Grass,Grass,Annual,Moderate,Invasive,Cal IPC
G7.BROHOR.2,21.860861526935427,9.250898365037516,0.0050607577595433465,636.4102677845166,0.4260296018551552,BROHOR,G7,2,G,7,ANGELO,Control,Bromus hordeaceaus,Non-native,Grass,Grass,Annual,Limited,Invasive,Cal IPC
G7.DAUPUS.2,7.950211014705881,5.457912123667984,0.0042879715686274505,973.1205856862745,0.23420443725490195,DAUPUS,G7,2,G,7,ANGELO,Control,Daucus pusillus,Native,Forb,Forb,Annual,Native,Native,CalFlora
G7.ESCCAL.2,23.298587595033432,5.00778923342729,0.013333038204393506,916.1423330468004,0.6616017717287488,ESCCAL,G7,2,G,7,ANGELO,Control,Eschscholzia californica,Native,Forb,Forb,Perennial,Native,Native,CalFlora
G7.GALPAR.2,22.60945194182548,10.819384351965807,0.012586451354062188,1950.6074146439319,0.6196153580742227,GALPAR,G7,2,G,7,ANGELO,Control,Galium parisiense,Non-native,Forb,Forb,Annual,Non-native,Non-native,CalFlora
G7.HYPGLA.2,8.363482107596514,1.6275430808833795,0.007715734993773351,534.7638715815692,0.5561561230386053,HYPGLA,G7,2,G,7,ANGELO,Control,Hypochaeris glabra,Non-native,Forb,Forb,Annual,Limited,Invasive,Cal IPC
G7.MADGRA.2,32.87325110328998,13.393567771529195,0.01127359755164499,1412.69058041316,0.7937125156847743,MADGRA,G7,2,G,7,ANGELO,Control,Madia gracilis,Native,Forb,Forb,Annual,Native,Native,CalFlora
G8.AVEBAR.1,5.929929887307236,8.747626919894799,0.0012267491103202847,463.2803855871886,0.07627841459074734,AVEBAR,G8,2,G,8,BORR,Control,Avena barbata,Non-native,Grass,Grass,Annual,Moderate,Invasive,Cal IPC
G8.BRODIA.2,10.23541285899654,9.425873482445574,0.0028444359861591697,740.5061542387543,0.16667928373702423,BRODIA,G8,2,G,8,BORR,Control,Bromus diandrus,Non-native,Grass,Grass,Annual,Moderate,Invasive,Cal IPC
G8.BROHOR.2,11.82697451664985,24.60261030633282,0.0029036609485368317,1863.4722195761858,0.22930829667003028,BROHOR,G8,2,G,8,BORR,Control,Bromus hordeaceaus,Non-native,Grass,Grass,Annual,Limited,Invasive,Cal IPC
G8.CLAPUR.2,19.76237392979127,18.844980886692497,0.005971303605313093,1835.9914647058824,0.48273579316888043,CLAPUR,G8,2,G,8,BORR,Control,Clarkia purpurea,Native,Forb,Forb,Annual,Native,Native,CalFlora
G8.DAUPUS.2,4.698757096505823,3.700428122575693,0.0031781239600665555,850.0737553244593,0.1669041680532446,DAUPUS,G8,2,G,8,BORR,Control,Daucus pusillus,Native,Forb,Forb,Annual,Native,Native,CalFlora
G8.EROBOT.1,20.641910367974123,3.3768251738320356,0.0074460161746866165,365.2313687828549,0.5091608980994744,EROBOT,G8,2,G,8,BORR,Control,Erodium botrys,Non-native,Forb,Forb,Annual,Non-native,Non-native,CalFlora
G8.GERDIS.2,10.52383517118308,5.798674712836446,0.007220752148050232,1384.3766120290816,0.45435669795109057,GERDIS,G8,2,G,8,BORR,Control,Geranium dissectum,Non-native,Forb,Forb,Annual,Limited,Invasive,Cal IPC
G8.LUPBIC.1,17.38229517430101,9.20952298955528,0.006740881618084473,1101.3869438429506,0.3748367959547888,LUPBIC,G8,2,G,8,BORR,Control,Lupinus bicolor,Native,Forb,Nfixer,Annual,Native,Native,CalFlora
G8.MADGRA.2,9.278345021224489,5.098937086875375,0.0044630065306122445,793.1242466122449,0.26361111510204077,MADGRA,G8,2,G,8,BORR,Control,Madia gracilis,Native,Forb,Forb,Annual,Native,Native,CalFlora
G8.TORARV.2,14.873992718197576,6.224081210226019,0.004970352166377817,657.4683859272099,0.3610198204506066,TORARV,G8,2,G,8,BORR,Control,Torilis arvensis,Non-native,Forb,Forb,Annual,Moderate,Invasive,Cal IPC
G8.TRIHIR.1,21.5102737637219,3.4887003940574646,0.009680592786199687,516.1609973340303,0.7897930423418714,TRIHIR,G8,2,G,8,BORR,Control,Trifolium hirtum,Non-native,Forb,Nfixer,Annual,Limited,Invasive,Cal IPC
G8.VICSAT.2,11.159871901581242,13.131394667848012,0.001754306842966194,390.4643597328244,0.0935792550436205,VICSAT,G8,2,G,8,BORR,Control,Vicia sativa,Non-native,Forb,Nfixer,Annual,Non-native,Non-native,CalFlora
H1.BRODIA.2,9.220896398773007,30.43162741879566,0.00126819427402863,692.4811118609407,0.06875093047034765,BRODIA,H1,3,H,1,SEDG,Control,Bromus diandrus,Non-native,Grass,Grass,Annual,Moderate,Invasive,Cal IPC
H1.BROHOR.2,16.62091404704532,13.302800192592235,0.004371323006310958,1090.2364868617326,0.3855770969592656,BROHOR,H1,3,H,1,SEDG,Control,Bromus hordeaceaus,Non-native,Grass,Grass,Annual,Limited,Invasive,Cal IPC
H1.BROMAD.2,17.816012469212787,16.05416083118437,0.005220375681995324,1311.1749323460642,0.2759450194855807,BROMAD,H1,3,H,1,SEDG,Control,Bromus madritensis,Non-native,Grass,Grass,Annual,High,Invasive,Cal IPC
H1.CENMEL.2,34.22716279795158,5.160449030090458,0.009280952979515828,423.2219751862197,0.9478929166666666,CENMEL,H1,3,H,1,SEDG,Control,Centaurea melitensis,Non-native,Forb,Forb,Annual,Moderate,Invasive,Cal IPC
H1.CORFIL.2,15.768075504664969,19.870423710128634,0.004038602205258693,1473.165868023749,0.258405433418151,CORFIL,H1,3,H,1,SEDG,Control,Corethrogyne filaginafolia,Native,Forb,Forb,Perennial,Native,Native,CalFlora
H1.EROCIC.1,27.089450412413232,8.515707542640518,0.007793634953042058,778.2106227848101,0.7130331278072684,EROCIC,H1,3,H,1,SEDG,Control,Erodium cicutarium,Non-native,Forb,Forb,Annual,Non-native,Non-native,CalFlora
H1.ESCCAL.2,14.725821537129248,3.521165403832921,0.005448559428447716,383.9724113011474,0.3019149175146135,ESCCAL,H1,3,H,1,SEDG,Control,Eschscholzia californica,Native,Forb,Forb,Perennial,Native,Native,CalFlora
H1.MICCAL.2,13.794209158195022,15.022192132054432,0.005291609439834024,1921.0509152489626,0.2653746084024896,MICCAL,H1,3,H,1,SEDG,Control,Micropus californicus,Native,Forb,Forb,Annual,Native,Native,CalFlora
H1.STIPUL.2,23.691424381909545,33.10858038711171,0.010806085427135678,4888.994856281407,0.6031002713567839,STIPUL,H1,3,H,1,SEDG,Control,Stipa pulchra,Native,Grass,Grass,Perennial,Native,Native,CalFlora
H2.AIRCAR.2,9.696933669565217,187.65566195041643,0.001855982608695652,5563.265940434782,0.12023082608695651,AIRCAR,H2,3,H,2,ANGELO,Control,Aira caryophyllea,Non-native,Grass,Grass,Annual,Non-native,Non-native,CalFlora
H2.BRODIA.2,23.464813821043908,11.002867119301715,0.005301178127589063,657.0676195526097,0.33065606462303226,BRODIA,H2,3,H,2,ANGELO,Control,Bromus diandrus,Non-native,Grass,Grass,Annual,Moderate,Invasive,Cal IPC
H2.BROHOR.2,22.678440363966143,15.59340451202396,0.005276778718258767,1114.1309166868198,0.4659882345828295,BROHOR,H2,3,H,2,ANGELO,Control,Bromus hordeaceaus,Non-native,Grass,Grass,Annual,Limited,Invasive,Cal IPC
H2.CLAPUR.2,19.04710136394177,21.73211021487891,0.005898855543113102,2175.016651511758,0.47002846136618137,CLAPUR,H2,3,H,2,ANGELO,Control,Clarkia purpurea,Native,Forb,Forb,Annual,Native,Native,CalFlora
H2.DAUPUS.2,11.111581701155751,3.8240140278368884,0.004800014859658778,513.6197515134838,0.2591982746285086,DAUPUS,H2,3,H,2,ANGELO,Control,Daucus pusillus,Native,Forb,Forb,Annual,Native,Native,CalFlora
H2.ESCCAL.2,27.321531298910465,5.141802935541927,0.015106737091425862,905.4218755092371,0.7823945580293699,ESCCAL,H2,3,H,2,ANGELO,Control,Eschscholzia californica,Native,Forb,Forb,Perennial,Native,Native,CalFlora
H2.GALPAR.2,57.43489227586207,40.625036163937395,0.02668637617554859,6057.391906583072,1.466448144200627,GALPAR,H2,3,H,2,ANGELO,Control,Galium parisiense,Non-native,Forb,Forb,Annual,Non-native,Non-native,CalFlora
H2.HYPGLA.2,11.48251153495598,1.7254491912827148,0.010347248575867427,554.3644626100465,0.802264030554117,HYPGLA,H2,3,H,2,ANGELO,Control,Hypochaeris glabra,Non-native,Forb,Forb,Annual,Limited,Invasive,Cal IPC
H2.MADGRA.2,13.117567176855895,7.5905767365303625,0.011322277292576418,2299.525283187773,0.6459428427947599,MADGRA,H2,3,H,2,ANGELO,Control,Madia gracilis,Native,Forb,Forb,Annual,Native,Native,CalFlora
H3.AVEBAR.2,16.057393146163214,23.91000780391268,0.002465611449451888,807.4050398294763,0.15617490864799027,AVEBAR,H3,3,H,3,WWP,Control,Avena barbata,Non-native,Grass,Grass,Annual,Moderate,Invasive,Cal IPC
H3.BROARE.2,17.629334512906844,25.10625513452999,0.002365181818181818,813.0780730639731,0.1941887160493827,BROARE,H3,3,H,3,WWP,Control,Bromus arenarius,Non-native,Grass,Grass,Annual,Non-native,Non-native,CalFlora
H3.BRODIA.2,11.399600720899471,22.181083106983426,0.0020502896825396826,895.6663435185186,0.11362655555555555,BRODIA,H3,3,H,3,WWP,Control,Bromus diandrus,Non-native,Grass,Grass,Annual,Moderate,Invasive,Cal IPC
H3.BROMAD.2,8.499367037422038,14.63250626514283,0.0018122713097713098,754.153295010395,0.09407446777546777,BROMAD,H3,3,H,3,WWP,Control,Bromus madritensis,Non-native,Grass,Grass,Annual,High,Invasive,Cal IPC
H3.EROCIC.2,31.637827087248322,7.454469309844443,0.006836318926174496,457.2740131006711,0.606378642147651,EROCIC,H3,3,H,3,WWP,Control,Erodium cicutarium,Non-native,Forb,Forb,Annual,Non-native,Non-native,CalFlora
H4.AVEBAR.2,9.360294957668286,22.399136897317266,0.00185905759888966,1044.7283013185288,0.11625293129770992,AVEBAR,H4,3,H,4,MCL,Control,Avena barbata,Non-native,Grass,Grass,Annual,Moderate,Invasive,Cal IPC
H4.BRODIA.2,14.510514206756758,21.394204182796386,0.002759921621621622,964.6174078378378,0.15744440135135138,BRODIA,H4,3,H,4,MCL,Control,Bromus diandrus,Non-native,Grass,Grass,Annual,Moderate,Invasive,Cal IPC
H4.BROHOR.2,18.16419379304112,12.167684694212006,0.004050899231812019,803.3176441934025,0.3315769191143244,BROHOR,H4,3,H,4,MCL,Control,Bromus hordeaceaus,Non-native,Grass,Grass,Annual,Limited,Invasive,Cal IPC
H4.BROMAD.2,17.843594592396112,19.98502251458286,0.004741306808134394,1401.8767773651634,0.23713787975243147,BROMAD,H4,3,H,4,MCL,Control,Bromus madritensis,Non-native,Grass,Grass,Annual,High,Invasive,Cal IPC
H4.CLAPUR.2,27.05753984325397,31.59408353435924,0.0051201388888888885,1661.803395436508,0.4036688551587302,CLAPUR,H4,3,H,4,MCL,Control,Clarkia purpurea,Native,Forb,Forb,Annual,Native,Native,CalFlora
H4.ELYCAP.2,11.474877112443778,23.315794666263386,0.002240136431784108,1116.1215944527737,0.13300373313343328,ELYCAP,H4,3,H,4,MCL,Control,Elymus caput-medusae,Non-native,Grass,Grass,Annual,High,Invasive,Cal IPC
H4.HOLVIR.1,22.661980480167017,27.433809473332914,0.005175908141962423,1722.0441970772445,0.3251402505219207,HOLVIR,H4,3,H,4,MCL,Control,Holocarpha virgata,Native,Forb,Forb,Annual,Native,Native,CalFlora
H4.LUPBIC.2,42.44820724102564,11.006518814439824,0.011876728205128206,845.7597797948719,0.7002787507692309,LUPBIC,H4,3,H,4,MCL,Control,Lupinus bicolor,Native,Forb,Nfixer,Annual,Native,Native,CalFlora
H4.MICCAL.2,18.47210417722939,9.172316162271544,0.006776991587212563,1038.4490045989905,0.3994477936062816,MICCAL,H4,3,H,4,MCL,Control,Micropus californicus,Native,Forb,Forb,Annual,Native,Native,CalFlora
H4.PLAERE.2,18.8668139808,11.636324991114778,0.007783272,1555.0146896,0.49331064319999995,PLAERE,H4,3,H,4,MCL,Control,Plantago erecta,Native,Forb,Forb,Annual,Native,Native,CalFlora
H4.TRIHIR.1,9.40713826100386,2.353074429241095,0.006176094723294724,545.7204165250965,0.5065437539253539,TRIHIR,H4,3,H,4,MCL,Control,Trifolium hirtum,Non-native,Forb,Nfixer,Annual,Limited,Invasive,Cal IPC
H5.AVEBAR.2,16.164049933501985,12.82067197786795,0.0027604466931694977,501.1330689555475,0.17317461727502712,AVEBAR,H5,3,H,5,BORR,Control,Avena barbata,Non-native,Grass,Grass,Annual,Moderate,Invasive,Cal IPC
H5.BRODIA.2,16.358352946375373,12.5647742726175,0.0038883952333664353,819.2018499503477,0.24229507547169812,BRODIA,H5,3,H,5,BORR,Control,Bromus diandrus,Non-native,Grass,Grass,Annual,Moderate,Invasive,Cal IPC
H5.BROHOR.2,9.147660432186235,8.922103935292402,0.003136521255060729,1020.5006555668016,0.27858966194331986,BROHOR,H5,3,H,5,BORR,Control,Bromus hordeaceaus,Non-native,Grass,Grass,Annual,Limited,Invasive,Cal IPC
H5.CLAPUR.2,24.810378491201227,18.52674978012598,0.006162231063504209,1437.878669013007,0.5506873634276971,CLAPUR,H5,3,H,5,BORR,Control,Clarkia purpurea,Native,Forb,Forb,Annual,Native,Native,CalFlora
H5.DAUPUS.2,5.068221560264901,5.587855803817818,0.0036163708609271523,1361.8973373509934,0.18633532450331125,DAUPUS,H5,3,H,5,BORR,Control,Daucus pusillus,Native,Forb,Forb,Annual,Native,Native,CalFlora
H5.GERDIS.2,10.451896671703,2.3025077692976166,0.005878906971724584,434.9446913878696,0.3886654396719188,GERDIS,H5,3,H,5,BORR,Control,Geranium dissectum,Non-native,Forb,Forb,Annual,Limited,Invasive,Cal IPC
H5.MADGRA.2,25.206266526851852,7.998869548539292,0.008752618518518518,841.780247037037,0.6090898657407408,MADGRA,H5,3,H,5,BORR,Control,Madia gracilis,Native,Forb,Forb,Annual,Native,Native,CalFlora
H5.TORARV.2,5.39279085437573,2.588590502016313,0.00289765764294049,474.54033668611436,0.18608517129521587,TORARV,H5,3,H,5,BORR,Control,Torilis arvensis,Non-native,Forb,Forb,Annual,Moderate,Invasive,Cal IPC
H5.VICSAT.2,25.928858635734073,6.056233577923447,0.008896022853185597,627.5924950138505,0.5783165457063713,VICSAT,H5,3,H,5,BORR,Control,Vicia sativa,Non-native,Forb,Nfixer,Annual,Non-native,Non-native,CalFlora
H6.AIRCAR.2,8.413165375394321,95.72931379674024,0.0017218990536277603,5071.092259305993,0.11290088958990536,AIRCAR,H6,3,H,6,ANGELO,Control,Aira caryophyllea,Non-native,Grass,Grass,Annual,Non-native,Non-native,CalFlora
H6.BRODIA.2,26.756498807033363,10.22535158598711,0.007079433724075743,781.744850676285,0.48362201983769154,BRODIA,H6,3,H,6,ANGELO,Control,Bromus diandrus,Non-native,Grass,Grass,Annual,Moderate,Invasive,Cal IPC
H6.BROHOR.2,15.933496906426155,14.687986739982087,0.0036966290868094697,1054.304496279594,0.34052672942502815,BROHOR,H6,3,H,6,ANGELO,Control,Bromus hordeaceaus,Non-native,Grass,Grass,Annual,Limited,Invasive,Cal IPC
H6.CLAPUR.2,9.954602881316099,12.805680213960112,0.005707807285546416,2501.964926674501,0.4739277555816686,CLAPUR,H6,3,H,6,ANGELO,Control,Clarkia purpurea,Native,Forb,Forb,Annual,Native,Native,CalFlora
H6.DAUPUS.2,20.373120960950764,6.769403853925453,0.007672658743633277,774.0881211375213,0.43653670713073006,DAUPUS,H6,3,H,6,ANGELO,Control,Daucus pusillus,Native,Forb,Forb,Annual,Native,Native,CalFlora
H6.ESCCAL.2,24.2067596346441,4.912403493138204,0.014720101543056249,977.6169149825785,0.7858311219512195,ESCCAL,H6,3,H,6,ANGELO,Control,Eschscholzia californica,Native,Forb,Forb,Perennial,Native,Native,CalFlora
H6.GALPAR.2,15.978813267740012,10.240419050039659,0.005584289803220036,1053.5806593917712,0.2890799284436494,GALPAR,H6,3,H,6,ANGELO,Control,Galium parisiense,Non-native,Forb,Forb,Annual,Non-native,Non-native,CalFlora
H6.HYPGLA.2,15.262500880184332,1.7242310271051402,0.012244584331797235,479.88395474654374,0.9107405944700461,HYPGLA,H6,3,H,6,ANGELO,Control,Hypochaeris glabra,Non-native,Forb,Forb,Annual,Limited,Invasive,Cal IPC
H6.MADGRA.2,40.42218709273183,11.433978911438182,0.013291525062656642,1144.2751068922305,1.0463158145363407,MADGRA,H6,3,H,6,ANGELO,Control,Madia gracilis,Native,Forb,Forb,Annual,Native,Native,CalFlora
H7.AVEBAR.2,25.19648453505007,12.502456182295717,0.0057670939437291366,769.7535195994278,0.3648269556509299,AVEBAR,H7,3,H,7,MCL,Control,Avena barbata,Non-native,Grass,Grass,Annual,Moderate,Invasive,Cal IPC
H7.BRODIA.2,16.154327956919765,11.653453054335523,0.004486184168012925,1035.0886151857837,0.392297408723748,BRODIA,H7,3,H,7,MCL,Control,Bromus diandrus,Non-native,Grass,Grass,Annual,Moderate,Invasive,Cal IPC
H7.BROHOR.2,12.326182817,11.918591958040658,0.003117745,927.275115,0.253153143,BROHOR,H7,3,H,7,MCL,Control,Bromus hordeaceaus,Non-native,Grass,Grass,Annual,Limited,Invasive,Cal IPC
H7.BROMAD.2,13.287453229050278,12.623791663339139,0.004438486033519553,1285.9509361731843,0.27042800279329604,BROMAD,H7,3,H,7,MCL,Control,Bromus madritensis,Non-native,Grass,Grass,Annual,High,Invasive,Cal IPC
H7.CLAPUR.2,22.82903309752322,15.497970812343485,0.006859051083591331,1490.660158978328,0.5625598978328172,CLAPUR,H7,3,H,7,MCL,Control,Clarkia purpurea,Native,Forb,Forb,Annual,Native,Native,CalFlora
H7.ELYCAP.2,5.263448077542063,19.54274170241811,0.0011890153621068032,1134.4967743964885,0.06501204828090709,ELYCAP,H7,3,H,7,MCL,Control,Elymus caput-medusae,Non-native,Grass,Grass,Annual,High,Invasive,Cal IPC
H7.EROBOT.1,31.831812322873496,2.8960817651987756,0.013020686402210381,361.6187637655417,1.0810399376356818,EROBOT,H7,3,H,7,MCL,Control,Erodium botrys,Non-native,Forb,Forb,Annual,Non-native,Non-native,CalFlora
H7.HOLVIR.1,14.915054116967509,15.127152364517984,0.00435769963898917,1254.2228600722024,0.25357967075812277,HOLVIR,H7,3,H,7,MCL,Control,Holocarpha virgata,Native,Forb,Forb,Annual,Native,Native,CalFlora
H7.MICCAL.2,12.872245786838342,9.538327473283474,0.005794708154506438,1368.8149599427754,0.31201975250357655,MICCAL,H7,3,H,7,MCL,Control,Micropus californicus,Native,Forb,Forb,Annual,Native,Native,CalFlora
H7.PLAERE.2,9.655024376506024,8.90828593468857,0.009800569277108432,3284.908727710843,0.6197626204819277,PLAERE,H7,3,H,7,MCL,Control,Plantago erecta,Native,Forb,Forb,Annual,Native,Native,CalFlora
H7.TRIHIR.2,30.242670965890976,5.737683782305788,0.010080404845393688,590.2700837105515,0.7818054625438317,TRIHIR,H7,3,H,7,MCL,Control,Trifolium hirtum,Non-native,Forb,Nfixer,Annual,Limited,Invasive,Cal IPC
H8.AVEFAT.2,14.946221224421052,15.65924426306555,0.0024179705263157893,571.2645714526316,0.15173071578947367,AVEFAT,H8,3,H,8,SEDG,Control,Avena fatua,Non-native,Grass,Grass,Annual,Moderate,Invasive,Cal IPC
H8.BRODIA.2,8.024632290488432,9.902662104105117,0.002093228791773779,824.5014602399314,0.1884592407883462,BRODIA,H8,3,H,8,SEDG,Control,Bromus diandrus,Non-native,Grass,Grass,Annual,Moderate,Invasive,Cal IPC
H8.BROHOR.2,8.508486854943754,17.7417593997938,0.0017116009473060983,1010.8735477797513,0.13019466548253406,BROHOR,H8,3,H,8,SEDG,Control,Bromus hordeaceaus,Non-native,Grass,Grass,Annual,Limited,Invasive,Cal IPC
H8.BROMAD.2,11.632082960377359,15.666274657992714,0.004225575471698113,1750.4392503773583,0.24062930566037732,BROMAD,H8,3,H,8,SEDG,Control,Bromus madritensis,Non-native,Grass,Grass,Annual,High,Invasive,Cal IPC
H8.CENMEL.2,24.45427425854879,3.678158353436856,0.006660922101751459,294.961268323603,0.5980207075896581,CENMEL,H8,3,H,8,SEDG,Control,Centaurea melitensis,Non-native,Forb,Forb,Annual,Moderate,Invasive,Cal IPC
H8.CORFIL.1,9.40699649321267,15.369206899043004,0.002776028657616893,1332.5310368024134,0.16214897285067872,CORFIL,H8,3,H,8,SEDG,Control,Corethrogyne filaginafolia,Native,Forb,Forb,Perennial,Native,Native,CalFlora
H8.ESCCAL.2,12.029222597402596,2.5619690256114396,0.005462961814305098,358.1315199844931,0.29039666369451445,ESCCAL,H8,3,H,8,SEDG,Control,Eschscholzia californica,Native,Forb,Forb,Perennial,Native,Native,CalFlora
H8.MICCAL.2,11.907116860869568,6.523826556516361,0.005289371980676329,967.6238259903383,0.36918833719806765,MICCAL,H8,3,H,8,SEDG,Control,Micropus californicus,Native,Forb,Forb,Annual,Native,Native,CalFlora
H8.STIPUL.2,4.997145011494252,42.724710806567785,9.950830140485313e-4,1731.9925908045975,0.054086204342273306,STIPUL,H8,3,H,8,SEDG,Control,Stipa pulchra,Native,Grass,Grass,Perennial,Native,Native,CalFlora
I1.AVEBAR.2,11.997377368243244,30.96057436224886,0.0013091385135135137,501.40287702702705,0.0800911722972973,AVEBAR,I1,4,I,1,BORR,Drought,Avena barbata,Non-native,Grass,Grass,Annual,Moderate,Invasive,Cal IPC
I1.BRODIA.2,14.641000390857142,10.272046410463993,0.003260989714285714,703.9762753523809,0.30394253485714284,BRODIA,I1,4,I,1,BORR,Drought,Bromus diandrus,Non-native,Grass,Grass,Annual,Moderate,Invasive,Cal IPC
I1.BROHOR.2,8.91946967311072,7.355875929387424,0.0031913734622144112,895.5527561511424,0.29161434270650266,BROHOR,I1,4,I,1,BORR,Drought,Bromus hordeaceaus,Non-native,Grass,Grass,Annual,Limited,Invasive,Cal IPC
I1.CLAPUR.2,28.837681279503105,20.020161027139302,0.00670885248447205,1416.3845004658388,0.5705815093167702,CLAPUR,I1,4,I,1,BORR,Drought,Clarkia purpurea,Native,Forb,Forb,Annual,Native,Native,CalFlora
I1.DAUPUS.1,6.83973013735692,5.480339789508828,0.0038961664932362122,1047.501026638918,0.21661470447450573,DAUPUS,I1,4,I,1,BORR,Drought,Daucus pusillus,Native,Forb,Forb,Annual,Native,Native,CalFlora
I1.GERDIS.2,14.9376789198036,2.3493880992695537,0.008921402852466682,471.09653261631985,0.6083134706570026,GERDIS,I1,4,I,1,BORR,Drought,Geranium dissectum,Non-native,Forb,Forb,Annual,Limited,Invasive,Cal IPC
I1.LUPBIC.1,28.84269480996068,10.778883970795762,0.007014430755788554,676.1597091306246,0.39209946439493226,LUPBIC,I1,4,I,1,BORR,Drought,Lupinus bicolor,Native,Forb,Nfixer,Annual,Native,Native,CalFlora
I1.MADGRA.2,24.525664946070876,9.654032265048544,0.007872444786851566,905.6470848484847,0.506019085772984,MADGRA,I1,4,I,1,BORR,Drought,Madia gracilis,Native,Forb,Forb,Annual,Native,Native,CalFlora
I1.TORARV.2,9.551035119417168,4.0850940046119,0.004443927462781121,629.3034925562242,0.29083897877732023,TORARV,I1,4,I,1,BORR,Drought,Torilis arvensis,Non-native,Forb,Forb,Annual,Moderate,Invasive,Cal IPC
I1.VICSAT.2,32.94173093602269,8.053547596534479,0.007735546801134572,497.34276539552474,0.5009024922786007,VICSAT,I1,4,I,1,BORR,Drought,Vicia sativa,Non-native,Forb,Nfixer,Annual,Non-native,Non-native,CalFlora
I2.AVEFAT.2,19.12029625460284,10.155231368382209,0.0030041388742766966,336.83927964229355,0.19033373172014728,AVEFAT,I2,4,I,2,SEDG,Drought,Avena fatua,Non-native,Grass,Grass,Annual,Moderate,Invasive,Cal IPC
I2.BRODIA.2,8.580444766680396,10.713719091727931,0.0020216206754530477,761.0469960667216,0.17294188900329488,BRODIA,I2,4,I,2,SEDG,Drought,Bromus diandrus,Non-native,Grass,Grass,Annual,Moderate,Invasive,Cal IPC
I2.BROHOR.2,6.844417915136162,8.304839231608426,0.0031586890436985436,1333.7375775807475,0.27973751741608616,BROHOR,I2,4,I,2,SEDG,Drought,Bromus hordeaceaus,Non-native,Grass,Grass,Annual,Limited,Invasive,Cal IPC
I2.BROMAD.2,9.97909810763889,9.210718556711248,0.005667887152777778,1786.5640597222225,0.3593335885416667,BROMAD,I2,4,I,2,SEDG,Drought,Bromus madritensis,Non-native,Grass,Grass,Annual,High,Invasive,Cal IPC
I2.CALMEN.1,33.45585438311019,46.696199640759545,0.004444935118434604,1597.9934574665292,0.4179403728115345,CALMEN,I2,4,I,2,SEDG,Drought,Calandrinia menziesii,Native,Forb,Forb,Annual,Native,Native,CalFlora
I2.CENMEL.2,29.105494439849625,4.255820677496301,0.0077304030075187975,337.18900011278197,0.7775060011278195,CENMEL,I2,4,I,2,SEDG,Drought,Centaurea melitensis,Non-native,Forb,Forb,Annual,Moderate,Invasive,Cal IPC
I2.CORFIL.2,19.187543184285715,10.429399184248663,0.003942687857142857,549.6443251428572,0.2493380407142857,CORFIL,I2,4,I,2,SEDG,Drought,Corethrogyne filaginafolia,Native,Forb,Forb,Perennial,Native,Native,CalFlora
I2.EROCIC.2,28.66785049559009,5.12584309334955,0.007046923561528771,379.01695577488454,0.7303073091138178,EROCIC,I2,4,I,2,SEDG,Drought,Erodium cicutarium,Non-native,Forb,Forb,Annual,Non-native,Non-native,CalFlora
I2.ESCCAL.2,19.721544548930357,6.805423597109689,0.007914770141101502,827.5012602639963,0.41553816294947654,ESCCAL,I2,4,I,2,SEDG,Drought,Eschscholzia californica,Native,Forb,Forb,Perennial,Native,Native,CalFlora
I2.MICCAL.2,10.859407809379727,7.08268780870697,0.003479656580937973,659.0546124810893,0.1875809871406959,MICCAL,I2,4,I,2,SEDG,Drought,Micropus californicus,Native,Forb,Forb,Annual,Native,Native,CalFlora
I3.AMSMEN.2,28.09391391154112,7.129229164034265,0.008267412577747064,593.6094349689012,0.538018201796821,AMSMEN,I3,4,I,3,WWP,Drought,Amsinckia menziesii,Native,Forb,Forb,Annual,Native,Native,CalFlora
I3.AVEBAR.2,23.833591744304975,17.057401992305962,0.0038995388191538824,632.2839995351,0.24756452812645283,AVEBAR,I3,4,I,3,WWP,Drought,Avena barbata,Non-native,Grass,Grass,Annual,Moderate,Invasive,Cal IPC
I3.BROARE.2,15.580455773584905,27.415605449276818,0.002027517688679245,882.5795241745283,0.18180648113207548,BROARE,I3,4,I,3,WWP,Drought,Bromus arenarius,Non-native,Grass,Grass,Annual,Non-native,Non-native,CalFlora
I3.BRODIA.2,5.519172824132492,13.843508013143905,9.48410094637224e-4,667.7178273659306,0.08212743690851734,BRODIA,I3,4,I,3,WWP,Drought,Bromus diandrus,Non-native,Grass,Grass,Annual,Moderate,Invasive,Cal IPC
I3.BROMAD.2,19.564107095541402,22.735841444956332,0.0066028,2302.3895941401274,0.3694663541401274,BROMAD,I3,4,I,3,WWP,Drought,Bromus madritensis,Non-native,Grass,Grass,Annual,High,Invasive,Cal IPC
I3.EROCIC.2,14.447289662721893,10.994201998929743,0.004671652071005917,1158.886827337278,0.3812999550295858,EROCIC,I3,4,I,3,WWP,Drought,Erodium cicutarium,Non-native,Forb,Forb,Annual,Non-native,Non-native,CalFlora
I3.ESCCAL.1,7.699021412126808,3.5462075675981874,0.004016278855032317,602.6693841797476,0.21754369344413665,ESCCAL,I3,4,I,3,WWP,Drought,Eschscholzia californica,Native,Forb,Forb,Perennial,Native,Native,CalFlora
I3.PHATAN.2,18.90355650230415,12.126845496809134,0.005389801843317972,1023.8855249999999,0.34741844930875576,PHATAN,I3,4,I,3,WWP,Drought,Phacelia tanacetifolia,Native,Forb,Forb,Annual,Native,Native,CalFlora
I4.AVEBAR.2,23.970687880166857,9.748288875222281,0.0055980826697004165,618.7859925673113,0.36383741221084565,AVEBAR,I4,4,I,4,BORR,Drought,Avena barbata,Non-native,Grass,Grass,Annual,Moderate,Invasive,Cal IPC
I4.BRODIA.2,9.979753880299253,8.09320257895945,0.0037155241895261847,1024.8290338154613,0.34757061745635914,BRODIA,I4,4,I,4,BORR,Drought,Bromus diandrus,Non-native,Grass,Grass,Annual,Moderate,Invasive,Cal IPC
I4.BROHOR.2,14.985114077196094,17.58191278549252,0.0022906956521739127,675.0747213842058,0.18292020763087843,BROHOR,I4,4,I,4,BORR,Drought,Bromus hordeaceaus,Non-native,Grass,Grass,Annual,Limited,Invasive,Cal IPC
I4.CLAPUR.2,10.97684614117647,11.010577805284274,0.004398791176470587,1481.862223970588,0.33336712499999993,CLAPUR,I4,4,I,4,BORR,Drought,Clarkia purpurea,Native,Forb,Forb,Annual,Native,Native,CalFlora
I4.DAUPUS.2,17.184501852674895,4.758937931620416,0.008917186831275719,801.4098988477366,0.5023206172839506,DAUPUS,I4,4,I,4,BORR,Drought,Daucus pusillus,Native,Forb,Forb,Annual,Native,Native,CalFlora
I4.EROBOT.1,35.98736707070707,4.650502109874239,0.010912082217524079,394.6342651632606,0.7693918163025606,EROBOT,I4,4,I,4,BORR,Drought,Erodium botrys,Non-native,Forb,Forb,Annual,Non-native,Non-native,CalFlora
I4.GERDIS.2,17.981574200304642,1.6970273494221604,0.012105843488194972,382.3860036176695,0.8805304204112718,GERDIS,I4,4,I,4,BORR,Drought,Geranium dissectum,Non-native,Forb,Forb,Annual,Limited,Invasive,Cal IPC
I4.MADGRA.2,13.462714956446746,7.966847823285125,0.004374441569642088,772.3706271668824,0.27106608969383356,MADGRA,I4,4,I,4,BORR,Drought,Madia gracilis,Native,Forb,Forb,Annual,Native,Native,CalFlora
I4.TORARV.2,16.658365818619583,14.261129272443682,0.00562815569823435,1501.6822500802568,0.35877406099518455,TORARV,I4,4,I,4,BORR,Drought,Torilis arvensis,Non-native,Forb,Forb,Annual,Moderate,Invasive,Cal IPC
I4.VICSAT.2,41.49683831505047,10.016838941157252,0.010907702501096973,722.4217248793332,0.6945922202720491,VICSAT,I4,4,I,4,BORR,Drought,Vicia sativa,Non-native,Forb,Nfixer,Annual,Non-native,Non-native,CalFlora
I5.AIRCAR.2,4.411805,76.18572905906996,7.116564417177914e-4,2885.0536619631903,0.04515980981595092,AIRCAR,I5,4,I,5,ANGELO,Drought,Aira caryophyllea,Non-native,Grass,Grass,Annual,Non-native,Non-native,CalFlora
I5.BRODIA.2,20.86524473980424,10.945592873961504,0.00467992251223491,760.8931039151713,0.46771467699836866,BRODIA,I5,4,I,5,ANGELO,Drought,Bromus diandrus,Non-native,Grass,Grass,Annual,Moderate,Invasive,Cal IPC
I5.BROHOR.2,24.86467456629025,9.140374534454562,0.0068313232956921785,779.997487913007,0.579458417398578,BROHOR,I5,4,I,5,ANGELO,Drought,Bromus hordeaceaus,Non-native,Grass,Grass,Annual,Limited,Invasive,Cal IPC
I5.CLAPUR.2,27.0297850781893,24.928627901963633,0.006696275720164609,1881.751060493827,0.5275730534979424,CLAPUR,I5,4,I,5,ANGELO,Drought,Clarkia purpurea,Native,Forb,Forb,Annual,Native,Native,CalFlora
I5.ESCCAL.2,19.203471841733872,7.189371549658208,0.00808649495967742,954.6022996975807,0.47096195362903226,ESCCAL,I5,4,I,5,ANGELO,Drought,Eschscholzia californica,Native,Forb,Forb,Perennial,Native,Native,CalFlora
I5.GALPAR.2,18.912231807792207,26.75076456224238,0.01104530909090909,5170.193602077922,0.5543615896103896,GALPAR,I5,4,I,5,ANGELO,Drought,Galium parisiense,Non-native,Forb,Forb,Annual,Non-native,Non-native,CalFlora
I5.HYPGLA.2,29.525763720271797,3.8519993860539254,0.013021399207248017,515.3606366364666,0.7634663369195923,HYPGLA,I5,4,I,5,ANGELO,Drought,Hypochaeris glabra,Non-native,Forb,Forb,Annual,Limited,Invasive,Cal IPC
I5.MADGRA.2,31.392626765243904,11.684645831169377,0.012298525914634146,1415.1274205792683,0.7847158856707317,MADGRA,I5,4,I,5,ANGELO,Drought,Madia gracilis,Native,Forb,Forb,Annual,Native,Native,CalFlora
I6.BRODIA.2,16.03170077744511,11.416106585304366,0.004240221556886227,967.4926862275449,0.4089055469061876,BRODIA,I6,4,I,6,ANGELO,Drought,Bromus diandrus,Non-native,Grass,Grass,Annual,Moderate,Invasive,Cal IPC
I6.BROHOR.2,17.751668254847647,9.956330378850582,0.005938591689750693,1102.1630955124654,0.5248567844875347,BROHOR,I6,4,I,6,ANGELO,Drought,Bromus hordeaceaus,Non-native,Grass,Grass,Annual,Limited,Invasive,Cal IPC
I6.CLAPUR.2,15.700976848258705,15.960664111390825,0.007363644278606965,2571.6047201492534,0.5656109253731343,CLAPUR,I6,4,I,6,ANGELO,Drought,Clarkia purpurea,Native,Forb,Forb,Annual,Native,Native,CalFlora
I6.DAUPUS.2,20.141185778100073,5.439022068139254,0.008056900652646845,664.4015429296592,0.45226871138506164,DAUPUS,I6,4,I,6,ANGELO,Drought,Daucus pusillus,Native,Forb,Forb,Annual,Native,Native,CalFlora
I6.GALPAR.2,23.93279961921098,21.343609646744405,0.01237469897084048,3287.211118610635,0.6142461200686107,GALPAR,I6,4,I,6,ANGELO,Drought,Galium parisiense,Non-native,Forb,Forb,Annual,Non-native,Non-native,CalFlora
I6.HYPGLA.2,34.63549703120444,4.483500463056071,0.013518008748906388,532.8401717118694,0.9374795928842229,HYPGLA,I6,4,I,6,ANGELO,Drought,Hypochaeris glabra,Non-native,Forb,Forb,Annual,Limited,Invasive,Cal IPC
I6.MADGRA.2,27.279271789687925,9.643465250282993,0.011513753052917233,1287.2120880597015,0.7538995820895522,MADGRA,I6,4,I,6,ANGELO,Drought,Madia gracilis,Native,Forb,Forb,Annual,Native,Native,CalFlora
I7.AVEBAR.2,25.59019983596598,7.273377425748696,0.006434368165249089,497.2048690157959,0.4128662989064399,AVEBAR,I7,4,I,7,MCL,Drought,Avena barbata,Non-native,Grass,Grass,Annual,Moderate,Invasive,Cal IPC
I7.BRODIA.2,11.915587862038274,8.597542893580819,0.0037349977748108586,894.62322999554965,0.3662686559857588,BRODIA,I7,4,I,7,MCL,Drought,Bromus diandrus,Non-native,Grass,Grass,Annual,Moderate,Invasive,Cal IPC
I7.BROHOR.2,12.006777283313326,17.962379539756935,0.0024171116446578635,1011.5615157262905,0.179856212484994,BROHOR,I7,4,I,7,MCL,Drought,Bromus hordeaceaus,Non-native,Grass,Grass,Annual,Limited,Invasive,Cal IPC
I7.BROMAD.2,28.1820250970221,28.54783428605925,0.0056938309317963506,1365.5726445725265,0.30688154082612873,BROMAD,I7,4,I,7,MCL,Drought,Bromus madritensis,Non-native,Grass,Grass,Annual,High,Invasive,Cal IPC
I7.CLAPUR.2,26.259374103010035,16.211444337630862,0.006502416053511706,1235.211932173913,0.5485975130434783,CLAPUR,I7,4,I,7,MCL,Drought,Clarkia purpurea,Native,Forb,Forb,Annual,Native,Native,CalFlora
I7.ELYCAP.2,10.7052720713073,25.602661644479785,0.0021327962648556875,1245.7728531409168,0.11958732258064517,ELYCAP,I7,4,I,7,MCL,Drought,Elymus caput-medusae,Non-native,Grass,Grass,Annual,High,Invasive,Cal IPC
I7.HOLVIR.1,32.479502921008404,48.0363666546313,0.00680406050420168,2670.5596968067225,0.42394426890756304,HOLVIR,I7,4,I,7,MCL,Drought,Holocarpha virgata,Native,Forb,Forb,Annual,Native,Native,CalFlora
I7.LUPBIC.2,18.62337036934673,29.041183732751225,0.004852143216080402,1985.5248741206028,0.2438233442211055,LUPBIC,I7,4,I,7,MCL,Drought,Lupinus bicolor,Native,Forb,Nfixer,Annual,Native,Native,CalFlora
I7.MICCAL.2,6.741361396379756,3.956087020358119,0.0037817000369412632,741.3917193202807,0.21380262874030292,MICCAL,I7,4,I,7,MCL,Drought,Micropus californicus,Native,Forb,Forb,Annual,Native,Native,CalFlora
I7.PLAERE.2,8.999743341532639,10.279119898942941,0.0050680302743614,1941.2092599810787,0.3186818032166509,PLAERE,I7,4,I,7,MCL,Drought,Plantago erecta,Native,Forb,Forb,Annual,Native,Native,CalFlora
I8.ACMPAR.1,64.30910177647058,75.97940060601913,0.015061435294117645,5005.380451764706,1.006051505882353,ACMPAR,I8,4,I,8,ANGELO,Drought,Acmispon parviflorus,Native,Forb,Nfixer,Annual,Native,Native,CalFlora
I8.AIRCAR.2,2.6086439050131927,61.670068676434816,6.696569920844326e-4,4624.442898680739,0.04220314511873351,AIRCAR,I8,4,I,8,ANGELO,Drought,Aira caryophyllea,Non-native,Grass,Grass,Annual,Non-native,Non-native,CalFlora
I8.BRODIA.2,17.02867979059829,7.301298021541783,0.0049837970085470085,692.2288893162392,0.46429035968660964,BRODIA,I8,4,I,8,ANGELO,Drought,Bromus diandrus,Non-native,Grass,Grass,Annual,Moderate,Invasive,Cal IPC
I8.BROHOR.2,22.423095231807224,11.14137882175359,0.005826551325301204,904.3443777349396,0.5121153542168674,BROHOR,I8,4,I,8,ANGELO,Drought,Bromus hordeaceaus,Non-native,Grass,Grass,Annual,Limited,Invasive,Cal IPC
I8.CLAPUR.2,14.974325554730981,13.497692602239534,0.006205283858998144,1886.7085309833021,0.4859929703153988,CLAPUR,I8,4,I,8,ANGELO,Drought,Clarkia purpurea,Native,Forb,Forb,Annual,Native,Native,CalFlora
I8.DAUPUS.2,14.37892179648428,3.6546481419095302,0.005846271354295618,440.81955464223824,0.2940043540480317,DAUPUS,I8,4,I,8,ANGELO,Drought,Daucus pusillus,Native,Forb,Forb,Annual,Native,Native,CalFlora
I8.ESCCAL.1,20.306765788494076,4.314348402848517,0.011946349407783418,817.9701109137056,0.6012019974619289,ESCCAL,I8,4,I,8,ANGELO,Drought,Eschscholzia californica,Native,Forb,Forb,Perennial,Native,Native,CalFlora
I8.GALPAR.2,13.66626220043573,8.409780143424053,0.007105747276688453,1400.965577487291,0.35350119825708065,GALPAR,I8,4,I,8,ANGELO,Drought,Galium parisiense,Non-native,Forb,Forb,Annual,Non-native,Non-native,CalFlora
I8.HYPGLA.2,32.3818338759226,1.925363214205291,0.020130008777179333,380.1259526032316,1.5379990273289448,HYPGLA,I8,4,I,8,ANGELO,Drought,Hypochaeris glabra,Non-native,Forb,Forb,Annual,Limited,Invasive,Cal IPC
I8.MADGRA.2,37.26864859746835,8.843075654885737,0.012806785822784808,879.0679951392405,0.8328755149367087,MADGRA,I8,4,I,8,ANGELO,Drought,Madia gracilis,Native,Forb,Forb,Annual,Native,Native,CalFlora
J1.AVEBAR.2,25.50191589262613,11.125332289063644,0.004451222509702458,447.6000913971539,0.2836759967658473,AVEBAR,J1,5,J,1,BORR,Drought,Avena barbata,Non-native,Grass,Grass,Annual,Moderate,Invasive,Cal IPC
J1.BRODIA.2,16.667658161009573,9.768785929499785,0.004456507397737163,845.128472410792,0.4337101148825066,BRODIA,J1,5,J,1,BORR,Drought,Bromus diandrus,Non-native,Grass,Grass,Annual,Moderate,Invasive,Cal IPC
J1.BROHOR.2,6.689815034178611,21.516008915390366,0.001105308710033076,842.1805753031973,0.08467906945975745,BROHOR,J1,5,J,1,BORR,Drought,Bromus hordeaceaus,Non-native,Grass,Grass,Annual,Limited,Invasive,Cal IPC
J1.CLAPUR.2,22.795267998815167,15.781984412009212,0.006867565165876777,1512.291628436019,0.5477862298578199,CLAPUR,J1,5,J,1,BORR,Drought,Clarkia purpurea,Native,Forb,Forb,Annual,Native,Native,CalFlora
J1.DAUPUS.2,9.383085985223495,3.9211427208017073,0.005307292944218693,729.8103504248246,0.2817325622460288,DAUPUS,J1,5,J,1,BORR,Drought,Daucus pusillus,Native,Forb,Forb,Annual,Native,Native,CalFlora
J1.EROBOT.2,15.340592927241966,2.3089062279269923,0.009653542663766015,489.8155195552333,0.6744593139956492,EROBOT,J1,5,J,1,BORR,Drought,Erodium botrys,Non-native,Forb,Forb,Annual,Non-native,Non-native,CalFlora
J1.GERDIS.2,19.266299079961463,2.6973741441848147,0.010331229768786128,472.8588185452794,0.6987902740847785,GERDIS,J1,5,J,1,BORR,Drought,Geranium dissectum,Non-native,Forb,Forb,Annual,Limited,Invasive,Cal IPC
J1.LUPBIC.2,13.326650440985732,22.402799456797773,0.004638970168612192,2352.0111940337224,0.25144094941634243,LUPBIC,J1,5,J,1,BORR,Drought,Lupinus bicolor,Native,Forb,Nfixer,Annual,Native,Native,CalFlora
J1.MADGRA.2,23.666092957796014,10.41530182701513,0.007998157092614302,1053.993592028136,0.507114286049238,MADGRA,J1,5,J,1,BORR,Drought,Madia gracilis,Native,Forb,Forb,Annual,Native,Native,CalFlora
J1.TORARV.2,5.650781405700425,3.2506826275785796,0.0031643741661613097,620.9149135233475,0.20242983747725896,TORARV,J1,5,J,1,BORR,Drought,Torilis arvensis,Non-native,Forb,Forb,Annual,Moderate,Invasive,Cal IPC
J1.TRIHIR.2,29.762608334017237,4.7364253902805125,0.007738286417726713,354.41544673779237,0.6556075223635618,TRIHIR,J1,5,J,1,BORR,Drought,Trifolium hirtum,Non-native,Forb,Nfixer,Annual,Limited,Invasive,Cal IPC
J1.VICSAT.2,24.860911488372093,7.247402621510727,0.006863696345514951,570.0085425913621,0.45098032956810635,VICSAT,J1,5,J,1,BORR,Drought,Vicia sativa,Non-native,Forb,Nfixer,Annual,Non-native,Non-native,CalFlora
J2.ACMPAR.1,19.863974674473067,37.43636626545983,0.007476435597189695,4594.980093208431,0.5101899859484778,ACMPAR,J2,5,J,2,ANGELO,Drought,Acmispon parviflorus,Native,Forb,Nfixer,Annual,Native,Native,CalFlora
J2.AIRCAR.2,3.292185496402878,56.97679175435391,8.920863309352519e-4,4252.133645323742,0.059104100719424464,AIRCAR,J2,5,J,2,ANGELO,Drought,Aira caryophyllea,Non-native,Grass,Grass,Annual,Non-native,Non-native,CalFlora
J2.BRODIA.2,22.086470147435897,11.002914971656065,0.005544373626373627,874.941944047619,0.5507058424908424,BRODIA,J2,5,J,2,ANGELO,Drought,Bromus diandrus,Non-native,Grass,Grass,Annual,Moderate,Invasive,Cal IPC
J2.BROHOR.2,18.286226096065874,12.011121938830074,0.004180256175663312,817.04139981701735,0.33912978865507776,BROHOR,J2,5,J,2,ANGELO,Drought,Bromus hordeaceaus,Non-native,Grass,Grass,Annual,Limited,Invasive,Cal IPC
J2.CLAPUR.2,28.65780295038168,24.18500060491526,0.00904597709923664,2441.121936641221,0.6814794770992366,CLAPUR,J2,5,J,2,ANGELO,Drought,Clarkia purpurea,Native,Forb,Forb,Annual,Native,Native,CalFlora
J2.DAUPUS.1,15.843722820905036,6.212259493737515,0.004877057998725303,536.8859694710006,0.26001287189292543,DAUPUS,J2,5,J,2,ANGELO,Drought,Daucus pusillus,Native,Forb,Forb,Annual,Native,Native,CalFlora
J2.ESCCAL.2,19.410826524705882,5.893962771194122,0.011627050588235294,1153.546029882353,0.5842171929411765,ESCCAL,J2,5,J,2,ANGELO,Drought,Eschscholzia californica,Native,Forb,Forb,Perennial,Native,Native,CalFlora
J2.GALPAR.2,25.436464042808222,13.109790093462285,0.00996953595890411,1538.4554801369864,0.4954450291095891,GALPAR,J2,5,J,2,ANGELO,Drought,Galium parisiense,Non-native,Forb,Forb,Annual,Non-native,Non-native,CalFlora
J2.HYPGLA.2,12.633848554363377,2.586603909714606,0.010472100143061519,748.8266179542204,0.6400711702432047,HYPGLA,J2,5,J,2,ANGELO,Drought,Hypochaeris glabra,Non-native,Forb,Forb,Annual,Limited,Invasive,Cal IPC
J2.MADGRA.2,40.230494760368664,17.21276849256556,0.01623767281105991,2188.589365437788,1.0851357811059907,MADGRA,J2,5,J,2,ANGELO,Drought,Madia gracilis,Native,Forb,Forb,Annual,Native,Native,CalFlora
J3.AVEBAR.2,5.929062389830509,15.699679310032991,8.001165254237289e-4,423.7452764830509,0.05028372669491526,AVEBAR,J3,5,J,3,MCL,Drought,Avena barbata,Non-native,Grass,Grass,Annual,Moderate,Invasive,Cal IPC
J3.BRODIA.2,12.774924890558946,7.506382862305714,0.004796124941286989,972.6313637388445,0.4815165523720056,BRODIA,J3,5,J,3,MCL,Drought,Bromus diandrus,Non-native,Grass,Grass,Annual,Moderate,Invasive,Cal IPC
J3.BROHOR.2,8.969047908611598,13.371579516922857,0.0023608658465143527,1080.8085943760984,0.1765518828353837,BROHOR,J3,5,J,3,MCL,Drought,Bromus hordeaceaus,Non-native,Grass,Grass,Annual,Limited,Invasive,Cal IPC
J3.BROMAD.2,23.968864884038197,12.369824888303306,0.008187079809004093,1225.5889529331514,0.479666534106412,BROMAD,J3,5,J,3,MCL,Drought,Bromus madritensis,Non-native,Grass,Grass,Annual,High,Invasive,Cal IPC
J3.CLAPUR.2,19.75401176617647,16.116253069380708,0.005416251470588235,1380.702663970588,0.4297479588235294,CLAPUR,J3,5,J,3,MCL,Drought,Clarkia purpurea,Native,Forb,Forb,Annual,Native,Native,CalFlora
J3.ELYCAP.2,4.72691694799659,17.76205089674755,0.0013622523444160272,1517.7854864450128,0.08165420289855073,ELYCAP,J3,5,J,3,MCL,Drought,Elymus caput-medusae,Non-native,Grass,Grass,Annual,High,Invasive,Cal IPC
J3.HOLVIR.2,23.40981741570439,30.70421270738851,0.005286501154734411,1867.5462819861432,0.3201799168591224,HOLVIR,J3,5,J,3,MCL,Drought,Holocarpha virgata,Native,Forb,Forb,Annual,Native,Native,CalFlora
J3.LUPBIC.2,24.128005306666665,37.39160395972664,0.00645933,2719.5217866666662,0.33770795333333337,LUPBIC,J3,5,J,3,MCL,Drought,Lupinus bicolor,Native,Forb,Nfixer,Annual,Native,Native,CalFlora
J3.MICCAL.2,8.872243844827587,8.23983476416312,0.003718541379310345,1117.4874313793105,0.22685660574712643,MICCAL,J3,5,J,3,MCL,Drought,Micropus californicus,Native,Forb,Forb,Annual,Native,Native,CalFlora
J3.PLAERE.2,38.86145513862249,11.447412746235532,0.01776648997384481,1705.3490619006102,1.1496294507410636,PLAERE,J3,5,J,3,MCL,Drought,Plantago erecta,Native,Forb,Forb,Annual,Native,Native,CalFlora
J4.AMSMEN.2,25.436725958952582,7.985681432780903,0.0067672937013446574,600.0548786978061,0.44424024274593066,AMSMEN,J4,5,J,4,WWP,Drought,Amsinckia menziesii,Native,Forb,Forb,Annual,Native,Native,CalFlora
J4.AVEBAR.2,19.029789306406684,14.47419993676038,0.0036641606313834725,701.2922555246055,0.23271005942432682,AVEBAR,J4,5,J,4,WWP,Drought,Avena barbata,Non-native,Grass,Grass,Annual,Moderate,Invasive,Cal IPC
J4.BROARE.2,21.64561414941893,18.980213423561008,0.003787458771444383,943.7667472053128,0.3428531355838407,BROARE,J4,5,J,4,WWP,Drought,Bromus arenarius,Non-native,Grass,Grass,Annual,Non-native,Non-native,CalFlora
J4.BRODIA.2,17.12800917790132,7.915543955348156,0.004515589993050729,657.5811679638638,0.4098259346768589,BRODIA,J4,5,J,4,WWP,Drought,Bromus diandrus,Non-native,Grass,Grass,Annual,Moderate,Invasive,Cal IPC
J4.EROCIC.2,21.449845630317093,6.08128082455782,0.004095568445475638,324.00677103634956,0.3807286361175561,EROCIC,J4,5,J,4,WWP,Drought,Erodium cicutarium,Non-native,Forb,Forb,Annual,Non-native,Non-native,CalFlora
J4.PHATAN.2,22.474587571022727,6.601969250561936,0.009674429924242424,922.2721467803029,0.6577455833333333,PHATAN,J4,5,J,4,WWP,Drought,Phacelia tanacetifolia,Native,Forb,Forb,Annual,Native,Native,CalFlora
J5.AVEFAT.2,18.390658078125,17.3784381098691,0.0033088874999999997,760.234218125,0.20922683854166668,AVEFAT,J5,5,J,5,SEDG,Drought,Avena fatua,Non-native,Grass,Grass,Annual,Moderate,Invasive,Cal IPC
J5.BRODIA.2,9.60047986068477,10.781958677118023,0.0031662502951593863,1170.0477334120426,0.26239653128689494,BRODIA,J5,5,J,5,SEDG,Drought,Bromus diandrus,Non-native,Grass,Grass,Annual,Moderate,Invasive,Cal IPC
J5.BROHOR.2,14.744585883003225,12.657050996058182,0.003233533855366191,814.11132593275,0.2597509765085214,BROHOR,J5,5,J,5,SEDG,Drought,Bromus hordeaceaus,Non-native,Grass,Grass,Annual,Limited,Invasive,Cal IPC
J5.BROMAD.2,15.42650212170754,25.168639892196833,0.0033380054495912807,1321.0508626703,0.1716387302452316,BROMAD,J5,5,J,5,SEDG,Drought,Bromus madritensis,Non-native,Grass,Grass,Annual,High,Invasive,Cal IPC
J5.CORFIL.2,14.119775772888016,8.906935844309235,0.003740611394891945,659.9007951277014,0.2202779481335953,CORFIL,J5,5,J,5,SEDG,Drought,Corethrogyne filaginafolia,Native,Forb,Forb,Perennial,Native,Native,CalFlora
J5.EROCIC.2,18.76430321624851,4.5920338181729665,0.005860318757467145,450.4117938829153,0.49355203058542424,EROCIC,J5,5,J,5,SEDG,Drought,Erodium cicutarium,Non-native,Forb,Forb,Annual,Non-native,Non-native,CalFlora
J5.ESCCAL.2,25.342718958005836,2.4394416028591466,0.013998165730967887,423.6461575567033,0.845992251515832,ESCCAL,J5,5,J,5,SEDG,Drought,Eschscholzia californica,Native,Forb,Forb,Perennial,Native,Native,CalFlora
J5.MICCAL.2,5.864001170235936,3.5606004954890964,0.003597107078039928,740.0428442831217,0.20581165952813069,MICCAL,J5,5,J,5,SEDG,Drought,Micropus californicus,Native,Forb,Forb,Annual,Native,Native,CalFlora
J5.STIPUL.2,3.967206384769539,59.389317137268556,8.032064128256513e-4,3001.431774348697,0.04513559519038076,STIPUL,J5,5,J,5,SEDG,Drought,Stipa pulchra,Native,Grass,Grass,Perennial,Native,Native,CalFlora
J6.AVEBAR.2,10.07870940955519,17.52710578287984,0.0011353021416803952,316.52105528830316,0.07121959670510708,AVEBAR,J6,5,J,6,MCL,Drought,Avena barbata,Non-native,Grass,Grass,Annual,Moderate,Invasive,Cal IPC
J6.BRODIA.2,13.163043165039063,10.390682343856,0.0037267451171874998,956.6871850585937,0.347006876953125,BRODIA,J6,5,J,6,MCL,Drought,Bromus diandrus,Non-native,Grass,Grass,Annual,Moderate,Invasive,Cal IPC
J6.BROHOR.2,15.418977279530447,18.66486951180285,0.0036482861335289797,1344.5668228906823,0.2988051782831988,BROHOR,J6,5,J,6,MCL,Drought,Bromus hordeaceaus,Non-native,Grass,Grass,Annual,Limited,Invasive,Cal IPC
J6.BROMAD.2,22.643981333333333,18.418912535453792,0.006753097716894977,1543.1187411872145,0.35538273789954333,BROMAD,J6,5,J,6,MCL,Drought,Bromus madritensis,Non-native,Grass,Grass,Annual,High,Invasive,Cal IPC
J6.CLAPUR.2,25.924793713977337,12.024469901048603,0.006984507285483001,992.0123461413924,0.5498929519697787,CLAPUR,J6,5,J,6,MCL,Drought,Clarkia purpurea,Native,Forb,Forb,Annual,Native,Native,CalFlora
J6.ELYCAP.2,6.3040057814814805,22.103124975449735,0.0015894907407407407,1557.2755048148147,0.09297792222222222,ELYCAP,J6,5,J,6,MCL,Drought,Elymus caput-medusae,Non-native,Grass,Grass,Annual,High,Invasive,Cal IPC
J6.LUPBIC.2,13.718474930370368,13.203208609839265,0.004624445925925925,1301.930020296296,0.23885838518518515,LUPBIC,J6,5,J,6,MCL,Drought,Lupinus bicolor,Native,Forb,Nfixer,Annual,Native,Native,CalFlora
J6.MICCAL.2,7.696854941373535,9.638445529944581,0.004013418760469012,1676.3240720268009,0.22880911725293132,MICCAL,J6,5,J,6,MCL,Drought,Micropus californicus,Native,Forb,Forb,Annual,Native,Native,CalFlora
J6.PLAERE.2,16.46621954846066,18.044662209140988,0.006250214367160775,2193.0839115165336,0.3944144857468643,PLAERE,J6,5,J,6,MCL,Drought,Plantago erecta,Native,Forb,Forb,Annual,Native,Native,CalFlora
J6.TRIHIR.2,32.73759225522552,6.424721475374373,0.011212706270627064,704.1172575724239,0.9968531345801247,TRIHIR,J6,5,J,6,MCL,Drought,Trifolium hirtum,Non-native,Forb,Nfixer,Annual,Limited,Invasive,Cal IPC
J7.AMSMEN.2,28.673173821162447,10.258073170422364,0.008331668156979633,871.7073026328862,0.5404050809736711,AMSMEN,J7,5,J,7,WWP,Drought,Amsinckia menziesii,Native,Forb,Forb,Annual,Native,Native,CalFlora
J7.AVEBAR.2,23.56740842105263,9.765768048897456,0.005649273294346979,640.5774133333333,0.3627918518518518,AVEBAR,J7,5,J,7,WWP,Drought,Avena barbata,Non-native,Grass,Grass,Annual,Moderate,Invasive,Cal IPC
J7.BROARE.2,14.669363292076344,26.127595405925206,0.0019583655292076344,792.1758761133602,0.14844527241179872,BROARE,J7,5,J,7,WWP,Drought,Bromus arenarius,Non-native,Grass,Grass,Annual,Non-native,Non-native,CalFlora
J7.BRODIA.2,10.012705725752507,12.20539573400183,0.0027616945373467113,1107.593550613155,0.27488154292084727,BRODIA,J7,5,J,7,WWP,Drought,Bromus diandrus,Non-native,Grass,Grass,Annual,Moderate,Invasive,Cal IPC
J7.BROMAD.2,16.99151618359853,13.613115416605833,0.004583430844553244,1002.5320658506732,0.2456269681762546,BROMAD,J7,5,J,7,WWP,Drought,Bromus madritensis,Non-native,Grass,Grass,Annual,High,Invasive,Cal IPC
J7.EROCIC.1,13.42131981597633,6.909088859323491,0.0034480923076923077,557.3667927810651,0.3099600094674556,EROCIC,J7,5,J,7,WWP,Drought,Erodium cicutarium,Non-native,Forb,Forb,Annual,Non-native,Non-native,CalFlora
J7.ESCCAL.1,3.94115656,8.37951165689924,0.0022631376,1575.7491512,0.10835501439999999,ESCCAL,J7,5,J,7,WWP,Drought,Eschscholzia californica,Native,Forb,Forb,Perennial,Native,Native,CalFlora
J7.LUPMIC.1,12.9948334682861,5.66182524840445,0.009296975708502023,1372.976167611336,0.471502991902834,LUPMIC,J7,5,J,7,WWP,Drought,Lupinus microcarpus,Native,Forb,Nfixer,Annual,Native,Native,CalFlora
J7.PHATAN.2,27.716045338297874,13.927873190388604,0.006351517021276597,864.639400106383,0.40960246595744687,PHATAN,J7,5,J,7,WWP,Drought,Phacelia tanacetifolia,Native,Forb,Forb,Annual,Native,Native,CalFlora
J8.AVEFAT.2,21.662617723785164,8.344159416733865,0.0039878480818414325,363.3300837340153,0.2542531063938619,AVEFAT,J8,5,J,8,SEDG,Drought,Avena fatua,Non-native,Grass,Grass,Annual,Moderate,Invasive,Cal IPC
J8.BRODIA.2,7.220862232876713,18.039995788378594,0.001179523483365949,843.927332485323,0.11227776712328767,BRODIA,J8,5,J,8,SEDG,Drought,Bromus diandrus,Non-native,Grass,Grass,Annual,Moderate,Invasive,Cal IPC
J8.BROHOR.2,10.010443702319588,10.650882483112571,0.003609306701030928,1303.4251713917527,0.30542191108247424,BROHOR,J8,5,J,8,SEDG,Drought,Bromus hordeaceaus,Non-native,Grass,Grass,Annual,Limited,Invasive,Cal IPC
J8.BROMAD.2,11.632593911314984,12.242288583877682,0.004378279816513762,1416.7760244648318,0.24186919571865442,BROMAD,J8,5,J,8,SEDG,Drought,Bromus madritensis,Non-native,Grass,Grass,Annual,High,Invasive,Cal IPC
J8.CALMEN.1,29.345602725501433,33.085860326326035,0.00305185558739255,785.2755103724928,0.30217252722063037,CALMEN,J8,5,J,8,SEDG,Drought,Calandrinia menziesii,Native,Forb,Forb,Annual,Native,Native,CalFlora
J8.CENMEL.2,25.094396655712355,3.852587411576618,0.007558127198917457,352.01871861589024,0.6670054243185772,CENMEL,J8,5,J,8,SEDG,Drought,Centaurea melitensis,Non-native,Forb,Forb,Annual,Moderate,Invasive,Cal IPC
J8.CORFIL.2,6.361844951197871,4.270196723044564,0.002645627920733511,572.3830934043183,0.16219222182786158,CORFIL,J8,5,J,8,SEDG,Drought,Corethrogyne filaginafolia,Native,Forb,Forb,Perennial,Native,Native,CalFlora
J8.EROCIC.2,21.970347979246313,6.890697999104075,0.005223809393773894,486.7518613872202,0.44941009830693607,EROCIC,J8,5,J,8,SEDG,Drought,Erodium cicutarium,Non-native,Forb,Forb,Annual,Non-native,Non-native,CalFlora
J8.ESCCAL.2,20.847868180929098,4.210481445682066,0.007270274816625917,416.0248035207824,0.38769244645476775,ESCCAL,J8,5,J,8,SEDG,Drought,Eschscholzia californica,Native,Forb,Forb,Perennial,Native,Native,CalFlora
J8.MICCAL.2,1.8793523853564547,3.1373273368178327,0.0022742183686576753,1404.0607177906231,0.12558266666666668,MICCAL,J8,5,J,8,SEDG,Drought,Micropus californicus,Native,Forb,Forb,Annual,Native,Native,CalFlora
J8.STIPUL.2,2.9228739852507375,17.573043893838406,0.0015149233038348083,2941.9797867256634,0.08520793805309734,STIPUL,J8,5,J,8,SEDG,Drought,Stipa pulchra,Native,Grass,Gra