Plant_ID,Date,Month,Recorder,Height_cm,Leaf_number,canopy_x,canopy_y,Quadrant,Notes,Entry_Notes
D3.BROARE.1,3/17/23,March,NA,20,10,17.5,11.5,,..?? In flower,
E4.BROARE.1,3/18/23,March,NA,17.75,7,8.5,2.5,,#2 and 3 in flower - ammend w/ master sheet,
E8.LUPBIC.1,2/20/23,February,BW/RA,1.25,1,1,1,,+1 herb. leaf,
E7.LUPBIC.1,2/20/23,February,BW/RA,0.75,2,2,1.25,,+2 leaves eaten,
H1.ESCCAL.1,2/17/23,February,BW/RA,0.75,5,7,4,,+3 eaten leaves,
D8.ESCCAL.1,2/20/23,February,BW/RA,1,7,9,6.25,,+4 herbivored leaves,
J1.LUPBIC.1,2/20/23,February,BW/RA,0.75,2,1.75,1,,+4 leaves 2/ herbivory,
E6.ESCCAL.1,2/20/23,February,BW/RA,1.5,7,5.5,6.5,,+4 leaves eaten,
I3.ESCCAL.1,2/17/23,February,BW/RA,1.25,5,6,5,,+7 eaten leaves,
I8.ESCCAL.1,2/17/23,February,BW/RA,0.5,1,3,1.75,,+7 eaten leaves,
J3.LUPBIC.1,2/20/23,February,BW/RA,1,0,1.75,1,,+7 eaten leaves,
J7.ESCCAL.1,2/20/23,February,BW/RA,1,5,5.5,4.75,,+7 leaves w/ herbivory,
J5.ESCCAL.1,2/20/23,February,BW/RA,1.75,8,10.5,5,,+8 herbivored leaves,
J8.ESCCAL.1,2/20/23,February,BW/RA,1.75,13,12,11,,=1 herbivored leaf; 5/3 partially eaten,
G1.CLAPUR.1,2/17/23,February,BW/RA,1.5,12,2.75,3,,1 leaf has herbivory,
D3.AVEBAR.1,2/20/23,February,BW/RA,3.75,3,1,0.75,,1 of the 3 leaves is 1/2 eaten,
G7.DANCAL,5/26/23,May,BW,2.5,2,3.5,2,C,"1,2",
H6.DANCAL,5/26/23,May,BW,3.75,5,10,4,TR,"1,2",
E3.DANCAL,5/26/23,May,BW,5.5,4,4.5,3,BL,"1,2,3",
J2.DANCAL,5/26/23,May,BW,9.5,7,6,4,BL,"1,2,3",
E1.DANCAL,5/26/23,May,BW,5.5,3,3.5,1,BL,"1,2,3 tootpicked",
J5.EROCIC.1,2/20/23,February,BW/RA,1,8,5,3,,1/8 leaves 1/2 eaten,
G3.ESCCAL.1,2/17/23,February,BW/RA,1.25,10,8,6,,11th leaf herbivory,
E2.BROMAD.1,3/18/23,March,NA,3.75,31,14.5,9.75,CL,2 blue ??,
F3.LUPBIC.1,2/14/23,February,BW/RA,1,2,2,1.5,,"2 living leaves, 2 herbivored leaves",
J1.LUPBIC.1,3/17/23,March,,1,9,2,2,BC,2 new germinating red/yellow,
J6.BRODIA,5/23/23,May,BW,42,29,76,49,TL,accidentally trimmed,
F5.EROBOT.1,4/16/23,April,Yuexo?,3,7,5,3.5,,add = BL,
C3.DANCAL,5/26/23,May,BW,10.5,3,6.25,6,TR/C,amend,
J3.EROBOT.1,4/18/23,April,KT,3.5,7,5.25,4.25,CR,amend,
D3.LUPMIC.1,3/17/23,March,NA,0.75,0,1.5,1,,amend with master …?,
D5.BROARE.1,3/17/23,March,NA,16.5,8,22.5,12,TL,amend with master sheet,
C3.ACMPAR.1,4/14/23,April,IA Zeen,3.5,3,2.5,1.25,C,ammend w/ master sheet,
G1.AVEBAR.1,3/20/23,March,,6,58,25.5,20.25,BL,ammend w/ master sheet,check all 6rasses
H7.AVEBAR.1,3/20/23,March,,4.75,30,6.75,10.25,BL,ammend w/ master sheet,
I7.BROHOR.1,3/17/23,March,,4.75,21,9.5,9.5,NA,ammend w/ master sheet,
G1.BRODIA.1,3/20/23,March,,5.5,19,12.5,9.75,C,ammend w/ master sheet - __?,check all 6rasses
F2.LUPMIC.1,3/18/23,March,,0.5,0,1.5,1.25,C,ammend w/ master sheet - C,
E2.BROARE.1,3/18/23,March,NA,16,7,10.5,9,CR,amment w/ master sheet,
I1.GERDIS.1,3/16/23,March,,3.75,8,11,6.5,BR,another blue toothpick in TL,
I7.EROBOT.1,NA,NA,NA,NA,NA,NA,NA,NA,another PLAERE in center near AVEBAR w/ blue TP - measured PLAERE,
D4.AVEBAR,5/19/23,May,BW,NA,NA,NA,NA,NA,AVEFAT,
H4.AVEBAR,5/21/23,May,NA,NA,NA,NA,NA,NA,AVEFAT,
B7.BRODIA.1,3/15/23,March,LM,9,60,22,21.5,,BL,
B7.TORARV.1,3/15/23,March,LM,4,4,8,7,,BL,
B7.GERDIS.1,3/15/23,March,LM,6.5,8,17,14.25,,BR,
A1.MADGRA,5/28/23,May,BW,100,1102,104,66,TL,branches broken,
A3.CLAPUR,5/24/23,May,BW,22,3,13,4,TR,broken,
B1.CLAPUR,5/24/23,May,BW,24,27,29.5,23,CR,broken,
B1.TORARV,5/28/23,May,BW,13.5,6,38,11,BC,broken,
F1.DAUPUS,5/17/23,May,MA,15.75,9,5.5,2,BC,budding,
F3.DAUPUS,5/17/23,May,MA,23.25,8,5.25,1.75,TR,budding,
F8.DAUPUS,5/17/23,May,MA,28.25,7,4,3.75,CR,budding,
H2.CLAPUR.1,4/14/23,April,Gwen/Zeen,3.5,30,6.25,2,BR,buried under other plants,
B7.BROHOR.1,3/15/23,March,LM,4.5,24,15,10,,C,
B7.DAUPUS.1,3/15/23,March,LM,4,5,8.5,5.5,,C,
B4.BRODIA.1,3/15/23,March,LM,5,61,15.5,14,,C/CL,
B3.CALMEN.1,NA,NA,NA,NA,NA,NA,NA,NA,couldn't find,
B4.MADGRA,5/28/23,May,BW,80,193,60,43,TR,damaged,
J3.AVEBAR.1,4/18/23,April,KT,21,64,100,60,TC,damaged in walkway,
J2.BRODIA,5/23/23,May,BW,46.5,18,55,39,BL,DANCAL nearby,
A3.TRIHIR,5/23/23,May,BW,NA,NA,NA,NA,NA,dead,
A7.ESCCAL,6/14/23,June,BW,NA,NA,NA,NA,C,dead,
B1.TRIHIR,5/23/23,May,BW,NA,NA,NA,NA,NA,dead,
B8.ESCCAL,5/27/23,May,BW,NA,NA,NA,NA,TR,dead,
B8.ESCCAL,6/14/23,June,BW,NA,NA,NA,NA,TR,dead,
C6.ESCCAL,5/27/23,May,BW,NA,NA,NA,NA,NA,dead,
C8.GALPAR,5/27/23,May,BW,NA,NA,NA,NA,C/BL,dead,
D3.EROCIC,5/27/23,May,BW,NA,NA,NA,NA,CR,dead,
E1.ESCCAL,5/27/23,May,BW,NA,NA,NA,NA,BR,dead,
E1.ESCCAL,6/14/23,June,BW,NA,NA,NA,NA,BR,dead,
F2.LUPMIC,5/28/23,May,BW,NA,NA,NA,NA,NA,dead,
I1.MADGRA,5/28/23,May,BW,NA,NA,NA,NA,NA,dead,
I2.CORFIL,5/16/23,May,KC,NA,NA,NA,NA,CR,dead,
H3.AMSMEN.1,NA,NA,NA,NA,NA,NA,NA,NA,"dead - skip, dead 4/13/23",
H3.PHATAN.1,NA,NA,NA,NA,NA,NA,NA,NA,"dead - skip, dead 4/13/23",
F2.AMSMEN.1,NA,NA,NA,NA,NA,NA,NA,NA,dead if toothpick removed,
I2.CORFIL.1,NA,NA,NA,NA,NA,NA,NA,NA,dead:(,
I3.PHATAN.1,NA,NA,NA,NA,NA,NA,NA,NA,dead:(,
H8.EROCIC,5/27/23,May,BW,NA,NA,NA,NA,TL,dead!,
B3.STIPUL,5/24/23,May,AL,NA,NA,NA,NA,NA,dead? On right,
B8.AMSMEN.1,NA,NA,NA,NA,NA,NA,NA,NA,deed,
A4.ESCCAL.1,NA,NA,NA,NA,NA,NA,NA,BR,died 4/13/2023,
I4.AVEBAR.1,3/16/23,March,,13.5,48,45,28,BR,"different plant, moved toothpick",
J5.BRODIA,5/23/23,May,BW,NA,NA,NA,NA,C,"done, no envelope",
B7.TRIHIR,5/29/23,May,BW,NA,NA,NA,NA,NA,"done, sac",
E8.TRIHIR,5/29/23,May,BW,NA,NA,NA,NA,NA,"done, sac",
D8.BROHOR,5/23/23,May,BW,NA,NA,NA,NA,BC,done? Not found,
E5.BROHOR,5/23/23,May,BW,NA,NA,NA,NA,BR,done? Not found,
C2.STIPUL,5/28/23,May,BW,45,10,40,30,TR,droopy,
B4.BRODIA.1,NA,NA,NA,NA,NA,NA,NA,NA,duplicate,
D3.ESCCAL.1,4/16/23,April,BW,2,2,1.5,1,BR,dying,
E2.LUPMIC,5/28/23,May,BW,46.5,133,54,53,CR,dying,
I3.LUPMIC.1,2/17/23,February,BW/RA,1,2,1.25,0.5,,dying,
I6.GALPAR,5/27/23,May,BW,8,35,21,14,LC,dying,
J4.EROCIC.1,4/18/23,April,BW,2.75,2,8,4,,"dying, herbivory on 2 lvs",
E2.PHATAN.1A,4/16/23,April,BW,19.25,0,7,4,C,"dying, no leaves?",
A4.ESCCAL.1,3/15/23,March,LM,7,12,7.5,7.5,BR,ESCCAL #3 in bud,
J8.EROCIC.1,4/18/23,April,BW,10.25,8,12,6.5,CB,"extra green TR, under ESSCAL",
G7.DAUPUS.1,3/20/23,March,,1,8,5.75,3.75,BR,Extra in top left,
J4.BROARE.1,3/17/23,March,,21,11,17,17.5,BL,flowering,
J5.EROCIC.1,3/17/23,March,,7.5,12,12.75,15.25,CR,flowering,
A3.EROBOT.1,4/17/23,April,BW,47.5,49,56,62,TL,getting seed,
E1.ESCCAL.1,2/20/23,February,BW/RA,0.5,5,3.25,3.5,,herbivory,
E8.CLAPUR.1,2/20/23,February,BW/RA,2,20,3.25,3.5,,herbivory,
G6.MADGRA.1,2/17/23,February,BW/RA,1,8,0.5,0.5,,herbivory,
I5.MADGRA,5/28/23,May,BW,107,564,56,55,NO L,herbivory,
I6.MADGRA,5/28/23,May,BW,107,495,41,47,TR,herbivory,
I8.MADGRA,5/28/23,May,BW,105,542,75,68,BR,herbivory,
I2.ESCCAL.1,2/17/23,February,BW/RA,1.5,3,3,3.75,,herbivory; +8 eaten leaves,
B7.VICSAT.1,3/15/23,March,LM,7,17,16,12,,herbivory?,
I6.BRODIA,5/23/23,May,BW,56,32,70,49,BR,herbivory?,
G5.TRIHIR.1,4/15/23,April,BP,9.5,11,9.75,13.5,TR,herbivory? 3 leaf blades missing,
D2.CLAPUR,5/25/23,May,BW,35.5,201,41,32,BR,I,
D6.CLAPUR,5/25/23,May,BW,45,185,28,32,BL,I,
B5.EROBOT,5/26/23,May,BW,77,247,72,58,BL,II,
C5.EROBOT,5/26/23,May,BW,67,213,75,82,TR,II,not sure if the leaf number is 43 or 213
D1.CLAPUR,5/25/23,May,BW,16,269,60,29,BL,II,
E1.CLAPUR,5/25/23,May,BW,16,290,33,25,CR,II,
E3.CLAPUR,5/25/23,May,BW,39.5,230,50,28,C,II,
F1.CLAPUR,5/25/23,May,BW,19.5,279,44,15,TL,II,
D4.CLAPUR,5/25/23,May,BW,54,241,22.5,41.5,BC,II + 41,
B2.CLAPUR,5/24/23,May,BW,79,256,23,27,BC/C,II + 56,
C3.CLAPUR,5/25/23,May,BW,18.75,386,54.5,41,T;,II + 86,
A8.CLAPUR,5/24/23,May,BW,79,390,23,14,TR,III,
B5.CLAPUR,5/24/23,May,BW,88,334,57,35,C,III,
I6.CLAPUR,5/25/23,May,BW,10,83,12,12,TR,III herbivory,
F4.CLAPUR,5/25/23,May,BW,27,359,41.5,18,BL,III rain stem damage,"not sure what the notes says, just entered my best guess"
H6.CLAPUR,5/25/23,May,BW,33,461,40,36.5,CB,IIII,
I2.EROCIC,5/27/23,May,BW,33,439,127,128,CR,IIII,
A2.EROCIC,5/26/23,May,BW,74,746,140,114,CR,IIII/ + 46,
B3.ESCCAL,6/14/23,June,BW,38,620,100,76,L,IIII/ +2,
I7.CLAPUR,5/25/23,May,BW,81,369,12,25,C,IIII/ I,
J8.CENMEL,5/23/23,May,BW,81,681,71,65.5,TL,IIII/ I + 81,
J5.CENMEL,5/23/23,May,BW,83.5,793,75.5,75.5,BR,IIII/ II + 99,
H7.CLAPUR,5/25/23,May,BW,82,880,45,53,CR,IIII/ III,
F5.CLAPUR,5/25/23,May,BW,79,903,48,45,C,IIII/ IIII + 3,
A5.CLAPUR,5/24/23,May,BW,68,973,73,73,TR,IIII/ IIII + 73,
B7.CLAPUR,5/24/23,May,BW,47,1096,90,48,TR,IIII/ IIII/ +96,
H4.CLAPUR,5/25/23,May,BW,59,1172,61,52,BR,IIII/ IIII/ I + 72,
J6.CLAPUR,5/25/23,May,BW,71,1386,70,55,BC,IIII/ IIII/ III +86,
E7.CLAPUR,5/25/23,May,BW,86,1556,58,71,CT,IIII/ IIII/ IIII/ + 56,
G5.CLAPUR,5/25/23,May,BW,56,1842,76,51,TR,IIII/ IIII/ IIII/ III + 42,
G2.CLAPUR,5/25/23,May,BW,90,2892,102,96,CR,IIII/ IIII/ IIII/ IIII/ IIII/ III + 92,
J3.CLAPUR,5/25/23,May,BW,81,4081,29.5,67,TR,IIII/ IIII/ IIII/ IIII/ IIII/ IIII/ IIII/ +81,
A1.ESCCAL.1,4/17/23,April,BW,15.5,17,27.5,22,TL,in bud,
A1.HYPGLA.1,4/16/23,April,KH/KM,5.25,18,17.5,12.25,BL,in bud,
A1.MADGRA.1,4/17/23,April,BW,17,178,35,40,TL,in bud,
A3.BRODIA.1,4/17/23,April,BW,25,104,75,56.5,TR,in bud,
A3.BROHOR.1,4/17/23,April,BW,40,25,15,26.5,TR,in bud,
A3.CLAPUR.1,4/17/23,April,BW,32,135,11.5,18.5,TR,in bud,
A3.DAUPUS.1,4/17/23,April,BW,22.25,20,16,13,BR,in bud,
A3.LUPBIC.1,4/17/23,April,BW,19.5,47,18.5,17.5,TL,in bud,
A6.EROCIC.1,3/15/23,March,LM,5,23,13.5,9.5,BR,in bud,
A6.ESCCAL.1,4/17/23,April,BW,21,19,4.25,23.5,BR,in bud,
A7.CALMEN.1,4/17/23,April,KH/KM,7,52,22.5,32,BL,in bud,
A8.TRIHIR.1,4/17/23,April,BP,12.5,85,39.5,32.5,TR,in bud,
B1.LUPBIC.1,4/15/23,April,Eluid,20,20,11.5,10,C,in bud,
B3.CALMEN.1,3/15/23,March,LM,4.5,15,6,4,NA,in bud,
B4.GALPAR.1,4/15/23,April,Eluid,11,169,17,5.75,TL,in bud,
B4.HYPGLA.1,4/15/23,April,Eluid,11.5,26,15,14.5,,in bud,
B5.CLAPUR.1,4/18/23,April,MR,64.5,436,25.25,17.25,C,in bud,
B6.CALMEN.1,3/15/23,March,LM,1,9,1.5,1.5,C,in bud,
B6.EROCIC.1,3/15/23,March,LM,4.25,29,24.5,20.5,,in bud,
B7.BRODIA.1,4/18/23,April,SS,53,61,55,46,BL,in bud,
C2.CALMEN.1,3/15/23,March,LM,1,8,1,0.75,BL,in bud,
C3.ESCCAL.1,4/14/23,April,IA Zeen,9.5,9,27,16,BL,in bud,
C7.ESCCAL.1,3/16/23,March,LM,5.5,27,25,21.5,C,in bud,
C7.LUPMIC.1,4/14/23,April,IA Zeen,26.5,11,18.5,20,CB,in bud,
C7.PHATAN.1,4/14/23,April,IA Zeen,7.5,4,3.5,2,C,in bud,
D3.ESCCAL.1,3/17/23,March,NA,2.75,13,7.5,7,,in bud,
E2.LUPMIC.1,4/16/23,April,KH/KM,23,19,19,18.5,CR,in bud,
E3.HYPGLA.1,4/16/23,April,KH/KM,1,13,10,9.5,CB,in bud,
E6.MICCAL.1,4/18/23,April,BW,26,324,7,7.5,C,in bud,
E7.EROBOT.1,4/18/23,April,BW,5.75,7,2.5,5.5,TL,in bud,
E7.PLAERE.1,4/18/23,April,BW,12,19,9,10,TR,in bud,
E7.TRIHIR.1,4/18/23,April,BW,9,19,13.5,11,TR,in bud,
E8.CLAPUR.1,4/18/23,April,BW,22,141,13,9.5,C,in bud,
E8.VICSAT.1,4/18/23,April,BW,42,38,60,43,CR,in bud,
F7.LUPMIC.1,4/18/23,April,KH/KM,18,11,14,12.25,TR,in bud,
H5.VICSAT.1,4/14/23,April,A. Zeen,37.5,50,64,42,TL,in bud,
H6.HYPGLA.1,4/14/23,April,A. Zeen,4,9,12.5,9.5,TR,in bud,
I1.BRODIA.1,4/17/23,April,BP,21,23,43,42,C,in bud,
I1.CLAPUR.1,4/17/23,April,BP,22.5,261,18,11,CB,in bud,
I1.MADGRA.1,4/17/23,April,BP,37.5,101,29,29,BR,in bud,
I2.CALMEN.1,3/16/23,March,,3.5,96,11.5,12.25,BR,in bud,
I2.MICCAL.1,4/17/23,April,BP,18.5,538,16,9.5,CR,in bud,
I3.ESCCAL.1,3/16/23,March,,7.5,16,14.25,13.5,TL,in bud,
I3.PHATAN.1,3/16/23,March,,7,17,33.5,21.5,BR,in bud,
I4.CLAPUR.1,4/17/23,April,BP,18.5,121,23.5,21.5,BR,in bud,
I5.CLAPUR.1,4/16/23,April,KH/KM,10,101,15,10,,in bud,
I6.ACMPAR.1,4/16/23,April,KH/KM,4,19,3.5,1.75,,in bud,
I6.CLAPUR.1,4/16/23,April,KH/KM,9,624,41,29,TR,in bud,
I6.GALPAR.1,4/16/23,April,KH/KM,12,117,6.25,4.5,,in bud,
J1.CLAPUR.1,4/18/23,April,KT,19.5,50,16.75,6.5,BC,in bud,
J2.ESCCAL.1,4/18/23,April,KT,7,38,17.5,17.25,BR,in bud,
J6.BRODIA.1,4/18/23,April,BW,24.75,133,57.5,44.5,TL,in bud,
J6.CLAPUR.1,4/18/23,April,BW,42,860,28.5,23.5,BC,in bud,
J6.TRIHIR.1,4/18/23,April,BW,14,22,33,11.75,TL,in bud,
J8.CALMEN.1,3/17/23,March,,5.5,46,15,12,TR,in bud,
E5.CALMEN.1,3/18/23,March,NA,4.75,86,13,12.5,BR,in bud!,
E6.CALMEN.1,3/18/23,March,NA,2,15,3.75,3.75,,in bud!,
F2.LUPSUC.1,4/16/23,April,BP,9.5,10,9.5,7.25,TR,in bud!,
G4.EROCIC.1,3/20/23,March,,3.75,8,7.25,5.75,TR,In bud!,
G4.PHATAN.1,3/20/23,March,,4.5,7,17.5,14,BR,In bud!,
G5.EROBOT.1,3/20/23,March,,3.25,30,21.5,20.5,BC,In bud!,
G7.HYPGLA.1,4/15/23,April,BP,8.5,32,17,11.5,BL,in bud!,
G8.CLAPUR.1,4/15/23,April,Eliud,17.5,54,8.5,7,TL,in bud!,
H1.EROCIC.1,3/20/23,March,,3.5,8,9.5,8,TL,In bud!,
C3.DAUPUS,5/17/23,May,MA,NA,NA,NA,,C,in C8,
D3.BROMAD.1,4/16/23,April,BW,17,9,8.25,12,BR,in fl,
E5.AVEFAT.1,4/18/23,April,BW,39.5,41,70,58,TR,in fl,
E5.BROHOR.1,4/18/23,April,BW,6,17,17,12,BR,in fl,
J4.PHATAN.1,4/18/23,April,KT,36,6,14,13,,in fl,
J7.ESCCAL.1,4/17/23,April,BW,19,15,17,9,,in fl,
J8.BROMAD.1,4/18/23,April,BW,30,13,14,11.5,,in fl,
J8.ESCCAL.1,4/18/23,April,BW,28.5,42,49,37.5,,in fl,
J8.MICCAL.1,4/18/23,April,BW,26.5,355,8,8.5,,in fl,
E5.ESCCAL.1,4/18/23,April,BW,8.75,15,9,6.5,TL,in fl ,
J7.PHATAN.1,4/17/23,April,BW,37,10,14,14,BR?,in fl - check location 2 tps for PHATAN EROCIC AMSMEN BR. ALL BR checkmark,
A3.VICSAT.1,4/17/23,April,BW,75,74,72,73,BR,in flower,
A4.BRODIA.1,4/17/23,April,BW,44.5,45,110,47,TL,in flower,
A6.BROHOR.1,4/17/23,April,BW,30.75,19,13,15,TL,in flower,
A6.MICCAL.1,4/17/23,April,BW,27.5,414,8,9,TL,in flower,
A6.STIPUL,5/24/23,May,AL,27,8,17,4,TR,in flower,
A7.BROHOR.1,4/17/23,April,BW,25.75,24,27.5,40,BL,in flower,
A7.MICCAL.1,4/17/23,April,KH/KM,28.75,422,13.5,14.5,C,in flower,
A8.LUPBIC.1,4/17/23,April,KH/KM,13.5,36,13.5,14,BR,in flower,
A8.MICCAL.1,4/17/23,April,KH/KM,25.25,78,2.5,4,TR,in flower,
A8.PLAERE.1,4/17/23,April,BP,16,21,7.5,9,C,in flower,
B2.BROMAD.1,4/15/23,April,Eluid,22.5,3,8,4.5,BL/C,in flower,
B3.BROHOR.1,4/15/23,April,Eluid,28.5,7,19,6,TL,in flower,
B4.ESCCAL.1,4/15/23,April,Eluid,17.5,56,51,35.5,C,in flower,
B5.BROHOR.1,4/18/23,April,MR,32,8,4,8,TL,IN FLOWER,
B5.LUPBIC.1,4/18/23,April,MR,28,35,26,15,TR,in flower,
B5.PLAERE.1,4/18/23,April,MR,15,88,14,13.5,C,IN FLOWER,
B6.BROHOR.1,4/18/23,April,SS,20.5,47,58.5,44,BL,in flower,
B6.BROMAD.1,4/18/23,April,SS,36,39,31.5,19,BL,in flower,
B6.ESCCAL.1,4/18/23,April,SS,20.5,16,22,19.5,C,in flower,
B6.MICCAL.1,4/18/23,April,SS,27.5,257,5.5,7.5,C,in flower,
B7.VICSAT.1,4/18/23,April,SS,64,45,59,39,C,in flower,
C4.GERDIS.1,4/14/23,April,IA Zeen,28.5,8,16,10,TR,in flower,
D2.VICSAT.1,4/16/23,April,BW,30.5,41,77,52,TR,in flower,
D7.BROMAD.1,4/16/23,April,BW,22,9,5.5,5,TL,in flower,
D8.STIPUL,5/28/23,May,BW,28.5,9,12,12,TL,in flower,
E5.STIPUL,5/28/23,May,BW,24,9,4,3,CB,in flower,
E6.BROHOR.1,4/18/23,April,BW,26.5,41,20.5,23,TL,in flower,
E6.ESCCAL.1,4/18/23,April,BW,28.5,27,18,18.5,BR,in flower,
E7.LUPBIC.1,4/18/23,April,BW,11.5,21,12,8,BL,in flower,
G8.VICSAT.1,4/15/23,April,Eliud,36,32,52,27,TC,in flower,
I2.BROHOR.1,4/17/23,April,BP,29.5,16,9.5,4.5,C,in flower,
I3.BROARE.1,3/16/23,March,,18,12,18,15,C,in flower,
I3.EROCIC.1,3/16/23,March,,10,15,21.5,18,TR,in flower,
I3.ESCCAL.1,4/17/23,April,BP,42,29,19.75,28,TL,in flower,
I7.BROMAD.1,4/18/23,April,SS,21,10,33,6.5,TL,in flower,
I7.LUPBIC.1,4/16/23,April,SS,14.5,16,8,7.5,CL,in flower,
J3.BROMAD.1,4/18/23,April,KT,23.5,20,11,9,C,in flower,
J3.LUPBIC.1,4/18/23,April,KT,14.25,34,19,11,TC,in flower,
J5.AVEFAT.1,4/18/23,April,BW,65,21,37,20,TR,in flower,
J5.BROHOR.1,4/18/23,April,BW,23,15,14.5,8,TR,in flower,
J5.ESCCAL.1,4/18/23,April,BW,14.5,21,36.5,25,CR,in flower,
J6.AVEBAR.1,4/18/23,April,BW,41,98,104.5,75,TL,in flower,
J6.PLAERE.1,4/18/23,April,BW,7.5,4,2.75,4.25,CL,in flower,
F3.EROBOT.1,4/16/23,April,BP,10.5,19,33.5,24,TL,in flower!,
F3.VICSAT.1,4/16/23,April,BP,34.5,39,21,22,BR,in flower!,
F4.BROMAD.1,4/16/23,April,Yuexo?,12.75,43,21,8.5,BC,in flower!,
G1.VICSAT.1,4/15/23,April,BP,25.25,31,75,49,BR,in flower!,
G2.LUPBIC.1,4/15/23,April,BP,18,51,27.75,23.25,TL,in flower!,
G4.BROARE.1,3/20/23,March,,17,14,30.5,17.5,BR,In flower!,
H3.BROARE.1,3/20/23,March,,21,13,18,11,CT,In flower!,
I6.HYPGLA.1,4/16/23,April,KH/KM,17.9,41,20.5,15,TR,in flower!,
D8.CALMEN.1,3/17/23,March,NA,5,94,18,14,TC,in flower!!,
A5.EROBOT.1,4/17/23,April,BW,24.5,95,95,63,BR/TL,in flower/seed,
E5.CORFIL.1,4/18/23,April,BW,27,7,7,4.5,BR,in fruit,
E7.HOLVIR.1,NA,NA,NA,NA,NA,NA,NA,NA,incorrect ID BL - skip,
D7.BRODIA.1,4/16/23,April,NA,NA,NA,NA,NA,BL,"incorrect ID, skip, removed",
G8.VICSAT.1,2/17/23,February,BW/RA,7,10,8,6.5,,intertwining w/ another VICSAT,
G4.MIRMUL.1,4/15/23,April,BP,2.25,0,1.75,1.75,TL,it's here! Ammend w/ master,
J1.GERDIS.1,3/17/23,March,,4,7,9.5,9,BL,knocked over,
I6.ACMPAR.1,2/17/23,February,BW/RA,0.5,20,1.5,1.5,,leaf count in leaflets,
I8.ACMPAR.1,2/17/23,February,BW/RA,0.5,9,1,0.75,,leaf count in leaflets,
A1.ACMPAR.1,2/14/23,February,BW/RA,0.5,51,3.75,1.5,,leaf number in leaflets,
A1.ACMPAR.1,3/15/23,March,LM,3.5,41,9,6,,"leaves, not leaflets",
B4.AIRCAR.1,4/15/23,April,Eluid,7,5,1.25,1,C/CL,little/is present,
F2.AMSMEN.1,3/18/23,March,,3.75,7,5,4.5,TR,"lots of die off in control plots, did not like floods",
E7.BRODIA.1,4/18/23,April,BW,10.75,46,38,21,BL/BR,"maybe mistaken for AVEBAR, growing together",
E7.AVEBAR.1,4/18/23,April,BW,12.25,83,61.5,47,BR/BL,"maybe, mistaken for AVEBAR, 8 growing together",
I8.BRODIA.1,4/16/23,April,SS,11.75,200,44,41.5,TC,might be 2-3 individuals,
B2.AVEBAR.1,4/15/23,April,Eluid,21.5,130,84,89,C,might be individuals,
C1.AVEBAR.1,4/14/23,April,IA Zeen,28.5,146,100,107,BL/C,might be two plants,
B2.CLAPUR.1,4/15/23,April,Eluid,44,363,18.5,12,BC/C,more like center,
I1.AVEBAR.1,3/16/23,March,,7,78,59,36,C,"move toothpick to another plant, C",
E7.AVEBAR.1,3/18/23,March,NA,4,50,12.25,13.25,BR,moved to another plant - BR,
E6.AVEFAT.1,3/18/23,March,NA,NA,NA,NA,NA,NA,moved to another plant TL,
E4.AVEBAR.1,3/18/23,March,NA,4.5,40,24,23,BL,moved to BROARE,
G4.AVEBAR.1,3/20/23,March,,6.5,44,20,15,TL,moved to BROARE - ammend w/ master sheet,
E2.AVEBAR.1,3/18/23,March,NA,6,52,23.75,17.75,BL,moved to BROARE #1,
A8.AVEBAR.1,3/15/23,March,LM,6.75,60,31,28,NA,moved to different plant,
D4.AVEBAR.1,3/17/23,March,NA,NA,NA,NA,NA,NA,moved toothpick,
J8.AVEFAT.1,3/17/23,March,,11,36,40,32,NA,moved toothpick BR,
D6.AVEBAR.1,3/17/23,March,NA,7,49,20,27,,moved toothpick to #3 C,
J1.AVEBAR.1,3/17/23,March,,7.5,46,5.5,21.5,BC,moved toothpick to another plant,
D5.AVEBAR.1,NA,NA,NA,NA,NA,NA,NA,NA,moved toothpick to another plant -> measure?,
C5.LUPBIC,5/28/23,May,BW,5,3,7.5,3,BR,need - tp,
F4.LUPBIC.1,3/18/23,March,,3.5,6,3,2.75,BL,new germ C,
A5.EROBOT.1,3/15/23,March,LM,5,16,25,23.5,BL,new germ near #1,
C1.LUPBIC.1,3/15/23,March,LM,2.25,6,3,2.75,BR,new germ nearby,
D2.TRIHIR.1,3/17/23,March,NA,3.5,15,5.75,4.25,,new germ nearby,
E2.LUPMIC.1,3/18/23,March,NA,7,8,12.5,11.75,CR,new germ TL,
F8.LUPBIC.1,3/18/23,March,,2,1,2.25,1.5,TC,new germ TR,
E7.LUPBIC.1,3/18/23,March,NA,2.25,5,3.25,3.25,,new germ TR - BL,
A5.BRODIA.1,4/17/23,April,BW,26,39,47,35,TL,new individual toothpick (in flower),
B2.EROBOT.1,3/15/23,March,LM,5,18,18.5,15.75,NA,new luphic germ near,
B3.BROHOR.1,3/15/23,March,LM,6.75,12,5.5,6.25,NA,next to Bromad,
B6.AVEFAT.1,NA,NA,NA,NA,NA,NA,NA,,no sure about ID,
A2.BRODIA.1,NA,NA,NA,NA,NA,NA,NA,NA,not found,
B4.CLAPUR,5/24/23,May,BW,NA,NA,NA,NA,TR,not found,
C5.TORARV,5/28/23,May,BW,NA,NA,NA,NA,NA,not found,
D7.BROHOR,5/23/23,May,BW,NA,NA,NA,NA,C,not found,
E3.GALPAR,5/27/23,May,BW,NA,NA,NA,NA,CB,not found,
F3.AVEBAR,5/17/23,May,BW,NA,NA,NA,NA,TR,not found,
G4.MIRMUL,5/17/23,May,BW,NA,NA,NA,NA,NA,not found,
G8.TORARV,5/23/23,May,BW,NA,NA,NA,NA,NA,not found,
I4.TRIHIR,5/29/23,May,BW,NA,NA,NA,NA,NA,not found,
J3.BRODIA,5/23/23,May,BW,NA,NA,NA,NA,C,not found,
J8.STIPUL,5/28/23,May,BW,NA,NA,NA,NA,NA,not found,
C7.AMSMEN.1,NA,NA,NA,NA,NA,NA,NA,NA,not found (dead 4/12),
C7.EROCIC.1,4/14/23,April,IA Zeen,NA,NA,NA,NA,BR,not found (dead 4/12),
D3.AMSMEN.1,NA,NA,NA,NA,NA,NA,NA,NA,not found (dead 4/8/23),
J8.AVEFAT.1,NA,NA,NA,NA,NA,NA,NA,NA,not found weed/removed? Should be there,
J8.STIPUL,6/14/23,June,BW,NA,NA,NA,NA,NO L,"not found, dead",
F4.MICCAL.1,NA,NA,NA,NA,NA,NA,NA,NA,"not found, dead 4/13/23",
E2.AMSMEN.1,NA,NA,NA,NA,NA,NA,NA,NA,"not found, dead 4/8/23",
F7.AMSMEN.1,NA,NA,NA,NA,NA,NA,NA,NA,"not found, dead 4/8/23",
J6.LUPBIC.1,4/18/23,April,BW,NA,NA,NA,NA,C,"not found, should be there",
D8.AVEFAT.1,3/17/23,March,NA,NA,NA,NA,NA,BL,not sure about ID,
A6.AVEFAT.1,NA,NA,NA,NA,NA,NA,NA,NA,not sure about quadrant,
J5.AVEFAT.1,3/17/23,March,,11.25,7,10.5,8.5,TR,not sure abt ID,
D7.AVEFAT.1,3/17/23,March,NA,NA,NA,NA,NA,TL,not sure ID,
F5.LUPBIC.1,3/18/23,March,,2,6,3,2,NA,nre germ TL - C,
J7.PHATAN.1,2/20/23,February,BW/RA,4.25,8,12,9.75,,"of the 8, 5 have some herbivory",
H2.HYPGLA,5/24/23,May,AL,48,9,5,7,CR,one stem,
G1.MADGRA,5/28/23,May,BW,110,290,62,44,TR,rust,
G1.TRIHIR,5/29/23,May,BW,NA,NA,NA,NA,NA,sac,
J1.TRIHIR,5/29/23,May,BW,NA,NA,NA,NA,NA,sac?,
A6.ESCCAL.1,3/15/23,March,LM,4.5,15,10,9.5,BR,"second, smaller one next to it",
E4.PHATAN.1-E2,2/20/23,February,BW/RA,,,,,,see E2,
B2.LUPBIC.1,2/14/23,February,BW/RA,1.5,2,3.5,2,,several eaten leaves,
F6.CALMEN.1,NA,NA,NA,NA,NA,NA,NA,NA,skim,im guessing this meant 'skip?'
A1.SANBIP.1,NA,NA,NA,NA,NA,NA,NA,NA,skip,
A2.PHATAN.1,NA,NA,NA,NA,NA,NA,NA,NA,skip,
A4.LUPSUC.1,NA,NA,NA,NA,NA,NA,NA,NA,skip,
A4.MIRMUL.1,NA,NA,NA,NA,NA,NA,NA,NA,skip,
A6.CALMEN,5/24/23,May,BW,NA,NA,NA,NA,NA,skip,
A6.CALMEN.1,NA,NA,NA,NA,NA,NA,NA,NA,skip,
A6.CALMEN.1,NA,NA,NA,NA,NA,NA,NA,NA,skip,
A7.CALMEN,5/24/23,May,BW,NA,NA,NA,NA,NA,skip,
B3.AVEFAT.1,NA,NA,NA,NA,NA,NA,NA,NA,skip,
B3.CALMEN,5/24/23,May,BW,NA,NA,NA,NA,NA,skip,
B4.ACMPAR,5/15/23,May,BP,NA,NA,NA,NA,NA,skip,
B4.ACMPAR.1,NA,NA,NA,NA,NA,NA,NA,,skip,
B4.ACMPAR.1,NA,NA,NA,NA,NA,NA,NA,NA,skip,
B4.DANCAL.1,NA,NA,NA,NA,NA,NA,NA,NA,skip,
B4.DANCAL.1,NA,NA,NA,NA,NA,NA,NA,NA,skip,
B4.SANBIP.1,NA,NA,NA,NA,NA,NA,NA,NA,skip,
B4.SANBIP.1,NA,NA,NA,NA,NA,NA,NA,NA,skip,
B6.CALMEN,5/24/23,May,BW,NA,NA,NA,NA,NA,skip,
B7.EROBOT,5/26/23,May,BW,NA,NA,NA,NA,NA,skip,
B7.EROBOT.1,NA,NA,NA,NA,NA,NA,NA,NA,skip,
B7.EROBOT.1,NA,NA,NA,NA,NA,NA,NA,NA,skip,
B7.LUPBIC.1,NA,NA,NA,NA,NA,NA,NA,NA,skip,
B7.LUPBIC.1,NA,NA,NA,NA,NA,NA,NA,NA,skip,
B8.LUPMIC.1,NA,NA,NA,NA,NA,NA,NA,NA,skip,
B8.LUPMIC.1,NA,NA,NA,NA,NA,NA,NA,NA,skip,
B8.LUPSUC.1,NA,NA,NA,NA,NA,NA,NA,NA,skip,
B8.LUPSUC.1,NA,NA,NA,NA,NA,NA,NA,NA,skip,
B8.MIRMUL.1,NA,NA,NA,NA,NA,NA,NA,NA,skip,
B8.PHATAN.1,NA,NA,NA,NA,NA,NA,NA,NA,skip,
C1.EROBOT,5/26/23,May,BW,NA,NA,NA,NA,NA,skip,
C1.EROBOT.1,NA,NA,NA,NA,NA,NA,NA,NA,skip,
C1.EROBOT.1,NA,NA,NA,NA,NA,NA,NA,NA,skip,
C2.CALMEN,5/24/23,May,BW,NA,NA,NA,NA,NA,skip,
C2.EROCIC.1,NA,NA,NA,NA,NA,NA,NA,NA,skip,
C2.EROCIC.1,NA,NA,NA,NA,NA,NA,NA,NA,skip,
C3.ACMPAR.1,NA,NA,NA,NA,NA,NA,NA,NA,skip,
C3.DANCAL.1,NA,NA,NA,NA,NA,NA,NA,NA,skip,
C3.DANCAL.1,NA,NA,NA,NA,NA,NA,NA,NA,skip,
C3.SANBIP.1,NA,NA,NA,NA,NA,NA,NA,NA,skip,
C3.SANBIP.1,NA,NA,NA,NA,NA,NA,NA,NA,skip,
C4.EROBOT,5/26/23,May,BW,NA,NA,NA,NA,NA,skip,
C4.EROBOT.1,3/15/23,March,LM,NA,NA,NA,NA,,skip,
C4.EROBOT.1,NA,NA,NA,NA,NA,NA,NA,NA,skip,
C5.LUPBIC.1,NA,NA,NA,NA,NA,NA,NA,NA,skip,
C5.LUPBIC.1,NA,NA,NA,NA,NA,NA,NA,NA,skip,
C6.AMSMEN.1,NA,NA,NA,NA,NA,NA,NA,NA,skip,
C6.CAUCOU.1,NA,NA,NA,NA,NA,NA,NA,NA,skip,
C6.CAUCOU.1,NA,NA,NA,NA,NA,NA,NA,NA,skip,
C6.EROCIC.1,NA,NA,NA,NA,NA,NA,NA,NA,skip,
C6.EROCIC.1,NA,NA,NA,NA,NA,NA,NA,NA,skip,
C6.ESCCAL.1,NA,NA,NA,NA,NA,NA,NA,NA,skip,
C6.ESCCAL.1,NA,NA,NA,NA,NA,NA,NA,NA,skip,
C6.LUPMIC.1,NA,NA,NA,NA,NA,NA,NA,NA,skip,
C6.LUPMIC.1,NA,NA,NA,NA,NA,NA,NA,NA,skip,
C6.LUPSUC.1,NA,NA,NA,NA,NA,NA,NA,NA,skip,
C6.LUPSUC.1,NA,NA,NA,NA,NA,NA,NA,NA,skip,
C6.MIRMUL.1,NA,NA,NA,NA,NA,NA,NA,NA,skip,
C6.MIRMUL.1,NA,NA,NA,NA,NA,NA,NA,NA,skip,
C6.PHATAN.1,NA,NA,NA,NA,NA,NA,NA,NA,skip,
C7.CAUCOU.1,NA,NA,NA,NA,NA,NA,NA,NA,skip,
C7.CAUCOU.1,NA,NA,NA,NA,NA,NA,NA,NA,skip,
C7.LUPSUC.1,NA,NA,NA,NA,NA,NA,NA,NA,skip,
C7.LUPSUC.1,NA,NA,NA,NA,NA,NA,NA,NA,skip,
C7.MIRMUL.1,NA,NA,NA,NA,NA,NA,NA,NA,skip,
C7.MIRMUL.1,NA,NA,NA,NA,NA,NA,NA,NA,skip,
C8.ACMPAR,5/15/23,May,BP,NA,NA,NA,NA,NA,skip,
C8.ACMPAR.1,NA,NA,NA,NA,NA,NA,NA,NA,skip,
C8.ACMPAR.1,NA,NA,NA,NA,NA,NA,NA,NA,skip,
C8.DANCAL.1,NA,NA,NA,NA,NA,NA,NA,NA,skip,
C8.DANCAL.1,NA,NA,NA,NA,NA,NA,NA,NA,skip,
C8.SANBIP.1,NA,NA,NA,NA,NA,NA,NA,NA,skip,
C8.SANBIP.1,NA,NA,NA,NA,NA,NA,NA,NA,skip,
D1.ACMPAR,5/15/23,May,BP,NA,NA,NA,NA,NA,skip,
D1.ACMPAR.1,NA,NA,NA,NA,NA,NA,NA,NA,skip,
D1.ACMPAR.1,NA,NA,NA,NA,NA,NA,NA,NA,skip,
D1.DANCAL.1,NA,NA,NA,NA,NA,NA,NA,NA,skip,
D1.DANCAL.1,NA,NA,NA,NA,NA,NA,NA,NA,skip,
D1.DAUPUS,5/17/23,May,MA,NA,NA,NA,NA,NA,skip,
D1.DAUPUS.1,NA,NA,NA,NA,NA,NA,NA,NA,skip,
D1.DAUPUS.1,NA,NA,NA,NA,NA,NA,NA,NA,skip,
D1.SANBIP.1,NA,NA,NA,NA,NA,NA,NA,NA,skip,
D1.SANBIP.1,NA,NA,NA,NA,NA,NA,NA,NA,skip,
D2.EROBOT.1,NA,NA,NA,NA,NA,NA,NA,NA,skip,
D2.EROBOT.1,NA,NA,NA,NA,NA,NA,NA,NA,skip,
D3.CAUCOU.1,NA,NA,NA,NA,NA,NA,NA,NA,skip,
D3.CAUCOU.1,NA,NA,NA,NA,NA,NA,NA,NA,skip,
D3.LUPSUC.1,NA,NA,NA,NA,NA,NA,NA,NA,skip,
D3.MIRMUL.1,NA,NA,NA,NA,NA,NA,NA,NA,skip,
D3.MIRMUL.1,NA,NA,NA,NA,NA,NA,NA,NA,skip,
D4.EROBOT.1,NA,NA,NA,NA,NA,NA,NA,NA,skip,
D4.EROBOT.1,NA,NA,NA,NA,NA,NA,NA,NA,skip,
D4.LUPBIC.1,NA,NA,NA,NA,NA,NA,NA,NA,skip,
D5.CAUCOU.1,NA,NA,NA,NA,NA,NA,NA,NA,skip,
D5.CAUCOU.1,NA,NA,NA,NA,NA,NA,NA,NA,skip,
D5.EROCIC.1,NA,NA,NA,NA,NA,NA,NA,NA,skip,
D5.EROCIC.1,NA,NA,NA,NA,NA,NA,NA,NA,skip,
D5.ESCCAL.1,NA,NA,NA,NA,NA,NA,NA,NA,skip,
D5.ESCCAL.1,NA,NA,NA,NA,NA,NA,NA,NA,skip,
D5.LUPSUC.1,NA,NA,NA,NA,NA,NA,NA,NA,skip,
D5.LUPSUC.1,4/16/23,April,BW,NA,NA,NA,NA,NA,skip,
D5.MIRMUL.1,NA,NA,NA,NA,NA,NA,NA,NA,skip,
D5.MIRMUL.1,4/16/23,April,BW,NA,NA,NA,NA,NA,skip,
D7.CALMEN,5/24/23,May,BW,NA,NA,NA,NA,NA,skip,
D7.CALMEN.1,NA,NA,NA,NA,NA,NA,NA,NA,skip,
D7.CALMEN.1,NA,NA,NA,NA,NA,NA,NA,NA,skip,
D7.EROCIC.1,NA,NA,NA,NA,NA,NA,NA,NA,skip,
D7.EROCIC.1,NA,NA,NA,NA,NA,NA,NA,NA,skip,
D8.CALMEN,5/24/23,May,BW,NA,NA,NA,NA,NA,skip,
D8.EROCIC.1,NA,NA,NA,NA,NA,NA,NA,NA,skip,
E1.ACMPAR,5/15/23,May,BP,NA,NA,NA,NA,NA,skip,
E1.SANBIP.1,NA,NA,NA,NA,NA,NA,NA,NA,skip,
E2.CAUCOU.1,NA,NA,NA,NA,NA,NA,NA,NA,skip,
E2.ESCCAL.1,NA,NA,NA,NA,NA,NA,NA,NA,skip,
E2.ESCCAL.1,NA,NA,NA,NA,NA,NA,NA,NA,skip,
E2.LUPSUC.1,NA,NA,NA,NA,NA,NA,NA,NA,skip,
E2.LUPSUC.1,NA,NA,NA,NA,NA,NA,NA,NA,skip,
E2.MIRMUL.1,NA,NA,NA,NA,NA,NA,NA,NA,skip,
E2.MIRMUL.1,NA,NA,NA,NA,NA,NA,NA,NA,skip,
E2.PHATAN.1B,4/16/23,April,BW,NA,NA,NA,NA,,skip,
E3.ACMPAR,5/15/23,May,BP,NA,NA,NA,NA,NA,skip,
E3.ACMPAR.1,NA,NA,NA,NA,NA,NA,NA,NA,skip,
E3.DANCAL.1,NA,NA,NA,NA,NA,NA,NA,NA,skip,
E3.SANBIP.1,NA,NA,NA,NA,NA,NA,NA,NA,skip,
E3.SANBIP.1,NA,NA,NA,NA,NA,NA,NA,NA,skip,
E4.CAUCOU.1,3/18/23,March,NA,,,,,TR,skip,
E4.EROCIC.1,NA,NA,NA,NA,NA,NA,NA,NA,skip,
E4.ESCCAL.1,3/18/23,March,NA,NA,NA,NA,NA,,skip,
E4.ESCCAL.1,NA,NA,NA,NA,NA,NA,NA,NA,skip,
E4.LUPSUC.1,3/18/23,March,NA,NA,NA,NA,NA,,skip,
E4.LUPSUC.1,NA,NA,NA,NA,NA,NA,NA,NA,skip,
E4.MIRMUL.1,3/18/23,March,NA,NA,NA,NA,NA,,skip,
E4.MIRMUL.1,NA,NA,NA,NA,NA,NA,NA,NA,skip,
E5.CALMEN,5/24/23,May,BW,NA,NA,NA,NA,NA,skip,
E6.CALMEN,5/24/23,May,BW,NA,NA,NA,NA,NA,skip,
E7.HOLVIR.1,NA,NA,NA,NA,NA,NA,NA,NA,skip,
F1.DANCAL.1,NA,NA,NA,NA,NA,NA,NA,NA,skip,
F1.DANCAL.1,NA,NA,NA,NA,NA,NA,NA,NA,skip,
F1.SANBIP.1,NA,NA,NA,NA,NA,NA,NA,NA,skip,
F1.SANBIP.1,NA,NA,NA,NA,NA,NA,NA,NA,skip,
F2.MIRMUL.1,NA,NA,NA,NA,NA,NA,NA,NA,skip,
F2.PHATAN.1,NA,NA,NA,NA,NA,NA,NA,NA,skip,
F4.EROBOT.1,NA,NA,NA,NA,NA,NA,NA,NA,skip,
F4.EROBOT.1,NA,NA,NA,NA,NA,NA,NA,NA,skip,
F4.HOLVIR.1,NA,NA,NA,NA,NA,NA,NA,NA,skip,
F4.HOLVIR.1,NA,NA,NA,NA,NA,NA,NA,NA,skip,
F6.CALMEN,5/24/23,May,BW,NA,NA,NA,NA,NA,skip,
F6.CALMEN.1,NA,NA,NA,NA,NA,NA,NA,NA,skip,
F7.CAUCOU.1,NA,NA,NA,NA,NA,NA,NA,NA,skip,
F7.CAUCOU.1,4/16/23,April,Yuexo?,NA,NA,NA,NA,,skip,
F7.EROCIC.1,NA,NA,NA,NA,NA,NA,NA,NA,skip,
F7.ESCCAL.1,NA,NA,NA,NA,NA,NA,NA,NA,skip,
F7.ESCCAL.1,4/16/23,April,Yuexo?,NA,NA,NA,NA,,skip,
F7.LUPSUC.1,NA,NA,NA,NA,NA,NA,NA,NA,skip,
F7.MIRMUL.1,NA,NA,NA,NA,NA,NA,NA,NA,skip,
F7.MIRMUL.1,NA,NA,NA,NA,NA,NA,NA,NA,skip,
G2.EROBOT.1,NA,NA,NA,NA,NA,NA,NA,NA,skip,
G3.CALMEN,5/24/23,May,BW,NA,NA,NA,NA,NA,skip,
G3.CALMEN..1,NA,NA,NA,NA,NA,NA,NA,NA,skip,
G3.CALMEN.1,NA,NA,NA,NA,NA,NA,NA,NA,skip,
G4.CAUCOU.1,NA,NA,NA,NA,NA,NA,NA,NA,skip,
G4.CAUCOU.1,NA,NA,NA,NA,NA,NA,NA,NA,skip,
G4.ESCCAL.1,NA,NA,NA,NA,NA,NA,NA,NA,skip,
G4.ESCCAL.1,NA,NA,NA,NA,NA,NA,NA,NA,skip,
G4.LUPMIC.1,NA,NA,NA,NA,NA,NA,NA,NA,skip,
G4.LUPMIC.1,NA,NA,NA,NA,NA,NA,NA,NA,skip,
G4.LUPSUC.1,NA,NA,NA,NA,NA,NA,NA,NA,skip,
G4.MIRMUL.1,NA,NA,NA,NA,NA,NA,NA,NA,skip,
G5.LUPMIC.1,NA,NA,NA,NA,NA,NA,NA,NA,skip,
G6.DANCAL.1,NA,NA,NA,NA,NA,NA,NA,NA,skip,
G6.DAUPUS,5/17/23,May,MA,NA,NA,NA,NA,NA,skip,
G6.DAUPUS.1,NA,NA,NA,NA,NA,NA,NA,NA,skip,
G6.DAUPUS.1,NA,NA,NA,NA,NA,NA,NA,NA,skip,
G6.SANBIP.1,NA,NA,NA,NA,NA,NA,NA,NA,skip,
G6.SANBIP.1,NA,NA,NA,NA,NA,NA,NA,NA,skip,
G7.ACMPAR,5/15/23,May,BP,NA,NA,NA,NA,NA,skip,
G7.ACMPAR.1,NA,NA,NA,NA,NA,NA,NA,NA,skip,
G7.ACMPAR.1,NA,NA,NA,NA,NA,NA,NA,NA,skip,
G7.CLAPUR,5/25/23,May,BW,NA,NA,NA,NA,NA,skip,
G7.CLAPUR.1,NA,NA,NA,NA,NA,NA,NA,NA,skip,
G7.CLAPUR.1,NA,NA,NA,NA,NA,NA,NA,NA,skip,
G7.DANCAL.1,NA,NA,NA,NA,NA,NA,NA,NA,skip,
G7.DANCAL.1,NA,NA,NA,NA,NA,NA,NA,NA,skip,
G7.SANBIP.1,NA,NA,NA,NA,NA,NA,NA,NA,skip,
G7.SANBIP.1,NA,NA,NA,NA,NA,NA,NA,NA,skip,
H1.CALMEN,5/24/23,May,BW,NA,NA,NA,NA,NA,skip,
H1.CALMEN.1,NA,NA,NA,NA,NA,NA,NA,NA,skip,
H2.ACMPAR,5/15/23,May,BP,NA,NA,NA,NA,NA,skip,
H2.ACMPAR.1,NA,NA,NA,NA,NA,NA,NA,NA,skip,
H2.ACMPAR.1,NA,NA,NA,NA,NA,NA,NA,NA,skip,
H2.DANCAL.1,NA,NA,NA,NA,NA,NA,NA,NA,skip,
H2.DANCAL.1,NA,NA,NA,NA,NA,NA,NA,NA,skip,
H2.SANBIP.1,NA,NA,NA,NA,NA,NA,NA,NA,skip,
H2.SANBIP.1,NA,NA,NA,NA,NA,NA,NA,NA,skip,
H3.CAUCOU.1,NA,NA,NA,NA,NA,NA,NA,NA,skip,
H3.CAUCOU.1,NA,NA,NA,NA,NA,NA,NA,NA,skip,
H3.ESCCAL.1,NA,NA,NA,NA,NA,NA,NA,NA,skip,
H3.ESCCAL.1,NA,NA,NA,NA,NA,NA,NA,NA,skip,
H3.LUPMIC.1,NA,NA,NA,NA,NA,NA,NA,NA,skip,
H3.LUPMIC.1,NA,NA,NA,NA,NA,NA,NA,NA,skip,
H3.MIRMUL.1,NA,NA,NA,NA,NA,NA,NA,NA,skip,
H3.MIRMUL.1,NA,NA,NA,NA,NA,NA,NA,NA,skip,
H4.LUPBIC.1,4/14/23,April,Gwen/Zeen,8.25,11,7,6,,skip,
H5.EROBOT.1,NA,NA,NA,NA,NA,NA,NA,NA,skip,
H5.EROBOT.1,NA,NA,NA,NA,NA,NA,NA,NA,skip,
H5.LUPBIC.1,NA,NA,NA,NA,NA,NA,NA,NA,skip,
H5.LUPBIC.1,NA,NA,NA,NA,NA,NA,NA,NA,skip,
H5.TRIHIR.1,NA,NA,NA,NA,NA,NA,NA,NA,skip,
H6.ACMPAR,5/15/23,May,BP,NA,NA,NA,NA,NA,skip,
H6.ACMPAR.1,NA,NA,NA,NA,NA,NA,NA,NA,skip,
H6.DANCAL.1,NA,NA,NA,NA,NA,NA,NA,NA,skip,
H6.SANBIP.1,NA,NA,NA,NA,NA,NA,NA,NA,skip,
H6.SANBIP.1,NA,NA,NA,NA,NA,NA,NA,NA,skip,
H7.LUPBIC.1,NA,NA,NA,NA,NA,NA,NA,NA,skip,
H8.CALMEN,5/24/23,May,BW,NA,NA,NA,NA,NA,skip,
H8.CALMEN.1,NA,NA,NA,NA,NA,NA,NA,NA,skip,
H8.CALMEN.1,NA,NA,NA,NA,NA,NA,NA,NA,skip,
I1.EROBOT.1,NA,NA,NA,NA,NA,NA,NA,NA,skip,
I1.EROBOT.1,NA,NA,NA,NA,NA,NA,NA,NA,skip,
I1.TRIHIR.1,NA,NA,NA,NA,NA,NA,NA,NA,skip,
I2.CALMEN,5/24/23,May,BW,NA,NA,NA,NA,NA,skip,
I3.CAUCOU.1,NA,NA,NA,NA,NA,NA,NA,NA,skip,
I3.CAUCOU.1,NA,NA,NA,NA,NA,NA,NA,NA,skip,
I3.LUPMIC.1,NA,NA,NA,NA,NA,NA,NA,NA,skip,
I3.MIRMUL.1,NA,NA,NA,NA,NA,NA,NA,NA,skip,
I4.GERDIS.1,NA,NA,NA,NA,NA,NA,NA,NA,skip,
I4.GERDIS.1,NA,NA,NA,NA,NA,NA,NA,NA,skip,
I4.LUPBIC.1,NA,NA,NA,NA,NA,NA,NA,NA,skip,
I5.ACMPAR.1,NA,NA,NA,NA,NA,NA,NA,NA,skip,
I5.DANCAL.1,NA,NA,NA,NA,NA,NA,NA,NA,skip,
I5.SANBIP.1,NA,NA,NA,NA,NA,NA,NA,NA,skip,
I5.SANBIP.1,NA,NA,NA,NA,NA,NA,NA,NA,skip,
I6.DANCAL.1,NA,NA,NA,NA,NA,NA,NA,NA,skip,
I6.SANBIP.1,NA,NA,NA,NA,NA,NA,NA,NA,skip,
I6.SANBIP.1,NA,NA,NA,NA,NA,NA,NA,NA,skip,
I7.EROBOT.1,NA,NA,NA,NA,NA,NA,NA,NA,skip,
I7.TRIHIR.1,NA,NA,NA,NA,NA,NA,NA,NA,skip,
I8.DANCAL.1,NA,NA,NA,NA,NA,NA,NA,NA,skip,
I8.DANCAL.1,NA,NA,NA,NA,NA,NA,NA,NA,skip,
I8.SANBIP.1,NA,NA,NA,NA,NA,NA,NA,NA,skip,
J2.SANBIP.1,NA,NA,NA,NA,NA,NA,NA,NA,skip,
J3.TRIHIR.1,4/18/23,April,KT,,,,,,skip,
J4.CAUCOU.1,NA,NA,NA,NA,NA,NA,NA,NA,skip,
J4.ESCCAL.1,NA,NA,NA,NA,NA,NA,NA,NA,skip,
J5.CALMEN,5/24/23,May,BW,NA,NA,NA,NA,NA,skip,
J5.CALMEN.1,4/18/23,April,BW,NA,NA,NA,NA,,skip,
J6.EROBOT.1,4/18/23,April,BW,NA,NA,NA,NA,,skip,
J7.CAUCOU.1,NA,NA,NA,NA,NA,NA,NA,NA,skip,
J7.LUPSUC.1,NA,NA,NA,NA,NA,NA,NA,NA,skip,
J7.MIRMUL.1,NA,NA,NA,NA,NA,NA,NA,NA,skip,
J8.CALMEN,5/24/23,May,BW,NA,NA,NA,NA,NA,skip,
F7.EROCIC.1,4/16/23,April,Yuexo?,1,2,1.5,1,TL,skip - add,
A6.AVEFAT.1,NA,NA,NA,NA,NA,NA,NA,NA,"skip - incorrect ID, weed, removed",
A8.EROBOT.1,NA,NA,NA,NA,NA,NA,NA,NA,skip - new germ at top,
B1.TRIHIR.1,NA,NA,NA,NA,NA,NA,NA,NA,skip - new germ bottom left,
C5.AVEBAR.1,NA,NA,NA,NA,NA,NA,NA,NA,skip - Not sure about ID - go back-> BRODIA,
B4.AIRCAR.1,3/15/23,March,LM,3.25,7,1,0.75,C/CL,skip - should be there,
B5.HOLVIR.1,3/15/23,March,LM,NA,NA,NA,NA,NA,skip - should be there,
E4.EROCIC.1,NA,NA,NA,NA,NA,NA,NA,NA,skip - should be there,
I1.TRIHIR.1,NA,NA,NA,NA,NA,NA,NA,NA,skip - should be there,
I4.BRODIA.1,NA,NA,NA,NA,NA,NA,NA,NA,skip - should be there,
A4.LUPMIC.1,NA,NA,NA,NA,NA,NA,NA,NA,skip - should be there - not found,
B7.AVEBAR.1-B1,NA,NA,NA,NA,NA,NA,NA,NA,skip - should be there - wrong ID,
A1.DANCAL.1,NA,NA,NA,NA,NA,NA,NA,NA,skip - unknownnet,
C7.ESCCAL.1,NA,NA,NA,NA,NA,NA,NA,NA,skip (dead),
D3.LUPMIC.1,NA,NA,NA,NA,NA,NA,NA,NA,skip not found,
G6.CLAPUR,5/25/23,May,BW,NA,NA,NA,NA,TL,skip not found,
I5.CLAPUR,5/25/23,May,BW,NA,NA,NA,NA,TR,"skip plot damage, not found",
D5.AMSMEN.1,4/16/23,April,BW,NA,NA,NA,NA,BR,"skip, dead 4/8/23",
E4.AMSMEN.1,NA,NA,NA,NA,NA,NA,NA,NA,"skip, dead 4/8/23",
F7.PHATAN.1,4/16/23,April,Yuexo?,,,,,,"skip, dead 4/8/23",
B6.ESCCAL,5/27/23,May,BW,NA,NA,NA,NA,C,"skip, not found",
F1.ACMPAR,5/15/23,May,BP,,,,,TR,"Skip, not found",
I5.DAUPUS,5/26/23,May,BP,NA,NA,NA,NA,TR,"skip, not found",
I5.ESCCAL,5/27/23,May,BW,NA,NA,NA,NA,NA,"skip, not found",
I6.DAUPUS,5/26/23,May,BP,NA,NA,NA,NA,NO L,"skip, not found",
I6.ESCCAL,5/27/23,May,BW,NA,NA,NA,NA,NA,"skip, not found",
I4.BRODIA.1,NA,NA,NA,NA,NA,NA,NA,NA,"skip, should be there - not found",
B6.AVEFAT.1,NA,NA,NA,NA,NA,NA,NA,NA,"skip, wrong ID",
E4.CAUCOU.1,NA,NA,NA,NA,NA,NA,NA,NA,skipped,
A2.CAUCOU.1,2/14/23,February,BW/RA,NA,NA,NA,NA,,skipped for now,
I5.HYPGLA,5/24/23,May,AL,NA,NA,NA,NA,CR,"skipped, covered in dirt",
H1.CALMEN.1,NA,NA,NA,NA,NA,NA,NA,NA,skipping,
C4.LUPBIC.1,4/14/23,April,IA Zeen,13,9,14,8,TL,smelly & sticky; in bud,
A2.CAUCOU.1,4/17/23,April,BW,16.5,4,2,4.5,CT,struggling,
A3.TRIHIR.1,4/17/23,April,BW,3.5,3,5,3,TL/C,struggling,
C5.CLAPUR,5/25/23,May,BW,39,48,32,20,TR,struggling,
E4.PHATAN.1-E2,4/21/23,April,BW,12,0,7,3,TR,struggling,
G6.ESCCAL,6/14/23,June,BW,4,1,7,2,TL,struggling,
H6.DAUPUS.1,4/14/23,April,A. Zeen,3.75,7,7.5,4.75,CR,struggling,
J3.PLAERE.1,4/18/23,April,KT,5,13,8.5,4.5,CR,struggling/in flower,
A7.AVEFAT.1,3/15/23,March,LM,8.5,48,33,26,BL,swith to BL plant,
C2.AVEFAT,5/19/23,May,BW,114,20,42,44,BL/C,tiny lvs,not 100% sure if notes box is correct
I5.CLAPUR.1,3/17/23,March,,3.75,71,5.5,4.75,TR,toothpick knocked over,
J8.ESCCAL.1,3/17/23,March,,7.5,25,23.5,23,NA,toothpick knowcked over/in bud,
B7.CLAPUR.1,3/15/23,March,LM,4.75,169,14.5,15,,TR,
I5.BRODIA.1,4/16/23,April,KH/KM,10.25,97,37.5,35,,"two growing right on top of each other, beware",
B3.AVEFAT.1,NA,NA,NA,NA,NA,NA,NA,NA,unsure of ID,
I3.ESCCAL,5/27/23,May,BW,51,98,58,35,TL,very red,
C4.CLAPUR,5/25/23,May,BW,15.5,65,43,11,TL,very red lvs -> sunscreen from taking away MADGRA + VICSAT,
A1.ACMPAR.1,4/17/23,April,BW,5,115,20,12.5,BL,voice record (VR) in bud,
A1.DAUPUS.1,4/16/23,April,KH/KM,13.5,5,13.5,5.5,C,VR,
A1.SANBIP.1,4/17/23,April,BW,NA,NA,NA,NA,NA,VR,
A3.AVEBAR.1,4/17/23,April,BW,79,117,113,126,TL,VR in flower,
A4.BROARE.1,4/17/23,April,BW,35,13,34.5,17,TR,VR voice,
G2.HOLVIR.1,2/17/23,February,BW/RA,2,6,3.5,2.75,,w/ herbivory,
E6.AVEFAT.1,NA,NA,NA,NA,NA,NA,NA,NA,"weed, removed",
B7.AVEBAR.1-B1,4/18/23,April,SS,NA,NA,NA,NA,NA,wrong id,
J6.HOLVIR.1,NA,NA,NA,NA,NA,NA,NA,TL,wrong ID,
B5.BROMAD.1,NA,NA,NA,NA,NA,NA,NA,NA,wrong ID skip,
D7.STIPUL.1,4/16/23,April,BW,9,9,4.25,3,TL,"wrong ID, moved to TL",
J6.HOLVIR.1,4/18/23,April,BW,NA,NA,NA,NA,TL,"wrong ID, skip",
C8.MADGRA,5/28/23,May,BW,NA,NA,NA,NA,NA,wrong pl,
G6.MADGRA,5/28/23,May,BW,NA,NA,NA,NA,NA,wrong pl,
A1.ACMPAR,5/15/23,May,BP,17.5,,35,34.5,BL,,leaf # was circled but no number written
A1.AIRCAR,5/16/23,May,SS,27,0,8,2,C,,
A1.AIRCAR.1,2/14/23,February,BW/RA,1.5,4,2,1,,,
A1.AIRCAR.1,3/15/23,March,LM,2,10,2,2,,,
A1.AIRCAR.1,4/16/23,April,KH/KM,16.5,8,6.5,2,C,,
A1.BRODIA,5/22/23,May,BW,72,21,82,79,C,,
A1.BRODIA.1,2/14/23,February,BW/RA,NA,NA,NA,NA,,,
A1.BRODIA.1,3/15/23,March,LM,5,56,13.5,10.75,,,
A1.BRODIA.1,4/17/23,April,BW,21,65,44,35,C,,
A1.BROHOR,5/16/23,May,BW,47,46,33,18,BL,,
A1.BROHOR.1,2/14/23,February,BW/RA,NA,NA,NA,NA,,,
A1.BROHOR.1,3/15/23,March,LM,3.75,43,11.5,8,,,
A1.BROHOR.1,4/17/23,April,BW,6.5,71,18.5,38,BL,,
A1.CLAPUR,5/24/23,May,BW,14.5,75,20,8,BL,,
A1.CLAPUR.1,2/14/23,February,BW/RA,1,25,2.25,1.75,,,
A1.CLAPUR.1,3/15/23,March,LM,2.5,36,7.5,3.25,,,
A1.CLAPUR.1,4/17/23,April,BW,8.5,124,23,15.75,CR,,
A1.DANCAL,6/14/23,June,BW,NA,NA,NA,NA,NA,,
A1.DANCAL.1,NA,NA,NA,NA,NA,NA,NA,NA,,
A1.DANCAL.1,NA,NA,NA,NA,NA,NA,NA,NA,,
A1.DAUPUS,5/17/23,May,MA,42.75,7,8,6,C,,
A1.DAUPUS,6/14/23,June,B'Elanna,NA,NA,NA,NA,C,,
A1.DAUPUS.1,1/14/00,February,BW/RA,0.5,5,3,2.25,,,
A1.DAUPUS.1,3/15/23,March,LM,2,8,5.75,6,,,
A1.ESCCAL,5/27/23,May,BW,39,52,97,52,C,,
A1.ESCCAL,6/14/23,June,BW,36,100,104,59,C,,
A1.ESCCAL.1,NA,NA,NA,NA,NA,NA,NA,,,
A1.ESCCAL.1,3/15/23,March,LM,4,16,9.5,8,,,
A1.GALPAR,5/27/23,May,BW,14.5,135,9,7,CB,,
A1.GALPAR,6/14/23,June,BW,NA,NA,NA,NA,NA,,
A1.GALPAR.1,2/14/23,February,BW/RA,NA,NA,NA,NA,,,
A1.GALPAR.1,3/15/23,March,LM,1.25,25,1.25,1,,,
A1.GALPAR.1,4/17/23,April,BW,3.5,92,4.5,2,CB,,
A1.HYPGLA,5/24/23,May,AL,42,24,46,52,BL,,
A1.HYPGLA,6/14/23,June,BW,NA,NA,NA,NA,NA,,
A1.HYPGLA.1,2/14/23,February,BW/RA,0.25,7,1.75,1.5,,,
A1.HYPGLA.1,3/15/23,March,LM,2.5,11,8,6,,,
A1.MADGRA.1,2/14/23,February,BW/RA,1.5,6,5.25,6.75,,,
A1.MADGRA.1,3/15/23,March,LM,6,20,23.5,16.5,,,
A1.SANBIP.1,2/14/23,February,BW/RA,NA,NA,NA,NA,,,
A2.AMSMEN,,May,,NA,NA,NA,NA,,,
A2.AMSMEN.1,2/14/23,February,BW/RA,4,22,10,10,,,
A2.AMSMEN.1,3/15/23,March,LM,11,46,21.5,18,,,
A2.AMSMEN.1,4/17/23,April,BW,76,180,73,44,CL,,
A2.AVEBAR.1,2/14/23,February,BW/RA,NA,NA,NA,NA,,,
A2.AVEBAR.1,3/15/23,March,LM,6.5,8,5.5,5,,,
A2.AVEBAR.1,4/17/23,April,BW,25.5,6,18,4,CL,,
A2.BROARE,5/22/23,May,BW,NA,NA,NA,NA,CR,,
A2.BROARE.1,2/14/23,February,BW/RA,NA,NA,NA,NA,,,
A2.BROARE.1,3/15/23,March,LM,15.5,5,8.5,2,,,
A2.BROARE.1,4/17/23,April,BW,34,5,18,14,CR,,
A2.BRODIA.1,2/14/23,February,BW/RA,NA,NA,NA,NA,,,
A2.BRODIA.1,3/15/23,March,LM,14.5,52,18,14,,,
A2.BROMAD,5/17/23,May,BW,NA,NA,NA,NA,C,,
A2.BROMAD.1,2/14/23,February,BW/RA,NA,NA,NA,NA,,,
A2.BROMAD.1,3/15/23,March,LM,6.5,7,6,6,,,
A2.BROMAD.1,4/17/23,April,BW,27,5,4,3,C,,
A2.CAUCOU.1,3/15/23,March,LM,3.25,7,6.75,5.5,,,
A2.EROCIC.1,2/14/23,February,BW/RA,4,13,13,8.5,,,
A2.EROCIC.1,3/15/23,March,LM,10.5,28,39.5,28.75,,,
A2.EROCIC.1,4/17/23,April,BW,65,122,144,77,CR,,
A2.ESCCAL,5/27/23,May,BW,20.5,72,53,69,CB,,
A2.ESCCAL,6/14/23,June,BW,23.5,73,82,62,CB,,
A2.ESCCAL.1,2/14/23,February,BW/RA,3,8,4.75,3.25,,,
A2.ESCCAL.1,3/15/23,March,LM,6.75,10,11,14.75,,,
A2.ESCCAL.1,4/17/23,April,BW,18.5,14,37,25,CB,,
A2.LUPMIC,5/28/23,May,BW,NA,NA,NA,NA,NA,,
A2.LUPMIC.1,2/14/23,February,BW/RA,NA,NA,NA,NA,,,
A2.LUPMIC.1,NA,NA,NA,NA,NA,NA,NA,NA,,
A2.LUPMIC.1,NA,NA,NA,NA,NA,NA,NA,NA,,
A2.LUPSUC.1,2/14/23,February,BW/RA,NA,NA,NA,NA,,,
A2.LUPSUC.1,NA,NA,NA,NA,NA,NA,NA,NA,,
A2.LUPSUC.1,NA,NA,NA,NA,NA,NA,NA,NA,,
A2.MIRMUL,5/28/23,May,BW,NA,NA,NA,NA,NA,,
A2.MIRMUL.1,2/14/23,February,BW/RA,NA,NA,NA,NA,,,
A2.MIRMUL.1,NA,NA,NA,NA,NA,NA,NA,NA,,
A2.MIRMUL.1,NA,NA,NA,NA,NA,NA,NA,NA,,
A2.PHATAN,5/17/23,May,BW,NA,NA,NA,NA,NA,,
A2.PHATAN.1,2/14/23,February,BW/RA,NA,NA,NA,NA,,,
A2.PHATAN.1,NA,NA,NA,NA,NA,NA,NA,NA,,
A3.AVEBAR,5/21/23,May,BW,146,84,128,96,TL,,
A3.AVEBAR.1,2/14/23,February,BW/RA,NA,NA,NA,NA,,,
A3.AVEBAR.1,3/15/23,March,LM,29,90,60,68,TL,,
A3.BRODIA,5/22/23,May,BW,NA,NA,NA,NA,TR,,
A3.BRODIA.1,2/14/23,February,BW/RA,NA,NA,NA,NA,,,
A3.BRODIA.1,3/15/23,March,LM,8,61,20.75,18,TR,,
A3.BROHOR,5/24/23,May,BW,NA,NA,NA,NA,TR,,
A3.BROHOR.1,2/14/23,February,BW/RA,NA,NA,NA,NA,,,
A3.BROHOR.1,3/15/23,March,LM,7,25,11.75,10.25,TR,,
A3.CLAPUR.1,2/14/23,February,BW/RA,3.5,20,4.5,4.5,,,
A3.CLAPUR.1,3/15/23,March,LM,7,63,15,9.5,TR,,
A3.DAUPUS,5/17/23,May,MA,46.75,27,18,18.25,BR,,
A3.DAUPUS,6/14/23,June,B'Elanna,NA,NA,NA,NA,BR,,
A3.DAUPUS.1,2/14/23,February,BW/RA,0.75,4,3.5,2.75,,,
A3.DAUPUS.1,3/15/23,March,LM,3,8,10.5,6.75,BR,,
A3.EROBOT,5/26/23,May,BW,77,42,73,82.5,TL,,
A3.EROBOT.1,2/14/23,February,BW/RA,4,10,12.5,11,,,
A3.EROBOT.1,3/15/23,March,LM,15,15,30.5,24,TL,,
A3.GERDIS,5/27/23,May,BW,NA,NA,NA,NA,NA,,
A3.GERDIS,6/14/23,June,BW,NA,NA,NA,NA,NA,,
A3.GERDIS.1,2/14/23,February,BW/RA,1,3,2.5,1.5,,,
A3.GERDIS.1,3/15/23,March,LM,6.5,5,4,3.5,TL,,
A3.GERDIS.1,4/17/23,April,BW,16.25,6,14.5,8.5,TL,,
A3.LUPBIC,5/28/23,May,BW,NA,NA,NA,NA,NA,,
A3.LUPBIC.1,2/14/23,February,BW/RA,2.5,5,4,3,,,
A3.LUPBIC.1,3/15/23,March,LM,4.5,12,9,5.5,TL,,
A3.MADGRA,5/28/23,May,BW,125,427,29,33,TR,,
A3.MADGRA.1,2/14/23,February,BW/RA,5.25,10,14,14.5,,,
A3.MADGRA.1,3/15/23,March,LM,12,28,26,19.5,TR,,
A3.MADGRA.1,4/17/23,April,BW,54.5,119,31,30,TR,,
A3.TORARV,5/19/23,May,KC,60,14,21,19,BL,,
A3.TORARV,6/14/23,June,BW,NA,NA,NA,NA,NA,,
A3.TORARV.1,2/14/23,February,BW/RA,1.25,3,4,3.5,,,
A3.TORARV.1,3/15/23,March,LM,4,4,6.25,6.5,BL,,
A3.TORARV.1,4/17/23,April,BW,27.75,4,13.5,12.25,BL,,
A3.TRIHIR,6/14/23,June,BW,NA,NA,NA,NA,NA,,
A3.TRIHIR.1,2/14/23,February,BW/RA,0.75,2,1,1,,,
A3.TRIHIR.1,3/15/23,March,LM,4,6,2.5,2.5,TL,,
A3.VICSAT,5/29/23,May,BW,NA,NA,NA,NA,NA,,
A3.VICSAT,6/14/23,June,BW,NA,NA,NA,NA,NA,,
A3.VICSAT.1,2/14/23,February,BW/RA,8,20,15.25,10.5,,,
A3.VICSAT.1,3/15/23,March,LM,10,29,28,23.5,BR,,
A4.AMSMEN,,May,,NA,NA,NA,NA,,,
A4.AMSMEN.1,2/14/23,February,BW/RA,1.5,19,9,11,,,
A4.AMSMEN.1,3/15/23,March,LM,17,21,27,20,TL,,
A4.AMSMEN.1,4/17/23,April,BW,54,67,54,44,BR,,
A4.AVEBAR,5/21/23,May,BW,111,15,60,25,TR,,
A4.AVEBAR.1,NA,NA,NA,NA,NA,NA,NA,,,
A4.AVEBAR.1,3/15/23,March,LM,12,79,36,25,TR,,
A4.AVEBAR.1,4/17/23,April,BW,42,50,101,60,TR,,
A4.BROARE,5/22/23,May,BW,30.5,12,23,7,TR,,
A4.BROARE.1,NA,NA,NA,NA,NA,NA,NA,,,
A4.BROARE.1,3/15/23,March,LM,21,11,16,7,TR,,
A4.BRODIA.1,NA,NA,NA,NA,NA,NA,NA,,,
A4.BRODIA.1,3/15/23,March,LM,11,55,28.5,21,TL,,
A4.BROMAD,5/17/23,May,BW,NA,NA,NA,NA,TR,,
A4.BROMAD.1,NA,NA,NA,NA,NA,NA,NA,,,
A4.BROMAD.1,3/15/23,March,LM,10.25,17,7.5,14.5,TR,,
A4.BROMAD.1,4/17/23,April,BW,40,13,19.5,19,TR,,
A4.CAUCOU.1,2/14/23,February,BW/RA,NA,NA,NA,NA,,,
A4.CAUCOU.1,3/15/23,March,LM,16.5,11,27,22,Buds TL,,
A4.CAUCOU.1,4/17/23,April,BW,72,34,59,71,TL,,
A4.EROCIC,5/26/23,May,BW,28,6,24,8,TR,,
A4.EROCIC.1,2/14/23,February,BW/RA,1,6,3.5,2.5,,,
A4.EROCIC.1,3/15/23,March,LM,4.25,7,7,6,TR,,
A4.EROCIC.1,4/17/23,April,BW,16,7,16.5,12,TR,,
A4.ESCCAL,5/27/23,May,BW,NA,NA,NA,NA,NA,,
A4.ESCCAL,6/14/23,June,BW,NA,NA,NA,NA,NA,,
A4.ESCCAL.1,2/14/23,February,BW/RA,2.75,9,3.5,2.5,,,
A4.LUPMIC,5/28/23,May,BW,NA,NA,NA,NA,NA,,
A4.LUPMIC.1,NA,NA,NA,NA,NA,NA,NA,,,
A4.LUPMIC.1,4/17/23,April,BW,3.5,4,4.5,1.5,TL,,
A4.LUPSUC.1,NA,NA,NA,NA,NA,NA,NA,,,
A4.LUPSUC.1,NA,NA,NA,NA,NA,NA,NA,NA,,
A4.MIRMUL,5/28/23,May,BW,NA,NA,NA,NA,NA,,
A4.MIRMUL.1,NA,NA,NA,NA,NA,NA,NA,,,
A4.MIRMUL.1,NA,NA,NA,NA,NA,NA,NA,NA,,
A4.PHATAN,5/17/23,May,BW,NA,NA,NA,NA,NA,,
A4.PHATAN.1,2/14/23,February,BW/RA,4.74,6,11,7,,,
A4.PHATAN.1,3/15/23,March,LM,19.5,15,28,22,TL,,
A4.PHATAN.1,4/17/23,April,BW,50,42,59,41.5,TL,,
A5.AVEBAR,5/21/23,May,BW,137,17,83,59,TL,,
A5.AVEBAR.1,NA,NA,NA,NA,NA,NA,NA,,,
A5.AVEBAR.1,NA,NA,NA,NA,NA,NA,NA,NA,,
A5.AVEBAR.1,4/17/23,April,BW,58.5,44,76,90,TL,,
A5.BRODIA,5/22/23,May,BW,32,15,51.5,56,TL,,
A5.BRODIA.1,NA,NA,NA,NA,NA,NA,NA,,,
A5.BRODIA.1,3/15/23,March,LM,5.5,44,10,10.5,TL,,
A5.BROHOR,5/16/23,May,BW,33,4,41,18,BR,,
A5.BROHOR.1,NA,NA,NA,NA,NA,NA,NA,,,
A5.BROHOR.1,3/15/23,March,LM,3,15,7.5,5.75,BR,,
A5.BROHOR.1,4/17/23,April,BW,13.75,23,9,6,BR,,
A5.BROMAD,5/17/23,May,BW,NA,NA,NA,NA,C,,
A5.BROMAD.1,NA,NA,NA,NA,NA,NA,NA,,,
A5.BROMAD.1,3/15/23,March,LM,3.25,18,6,5.5,C,,
A5.BROMAD.1,4/17/23,April,BW,22,15,10,8,C,,
A5.CLAPUR.1,2/14/23,February,BW/RA,2,18,3.5,2.5,,,
A5.CLAPUR.1,3/15/23,March,LM,10.25,71,11,8,TR,,
A5.CLAPUR.1,4/17/23,April,BW,54,904,30.5,31,TR,,
A5.ELYCAP,5/26/23,May,BP,47,2,41,7.5,C,,
A5.ELYCAP.1,2/14/23,February,BW/RA,2,15,8,8.5,,,
A5.ELYCAP.1,3/15/23,March,LM,3,24,9,7.5,C,,
A5.ELYCAP.1,4/17/23,April,BW,19.5,27,8.5,10,C,,
A5.EROBOT,5/26/23,May,BW,NA,NA,NA,NA,TL,,
A5.EROBOT.1,2/14/23,February,BW/RA,1,9,7.75,7.5,,,
A5.HOLVIR,5/27/23,May,BW,48.5,1402,21,14.5,BR,,
A5.HOLVIR,6/14/23,June,BW,73.5,8706,37,28,NA,,
A5.HOLVIR.1,2/14/23,February,BW/RA,1,2,1.5,1.25,,,
A5.HOLVIR.1,3/15/23,March,LM,3.5,6,3,3,BR,,
A5.HOLVIR.1,4/17/23,April,BW,7.5,12,7,9.25,BR,,
A5.LUPBIC,5/28/23,May,BW,NA,NA,NA,NA,NA,,
A5.LUPBIC.1,2/14/23,February,BW/RA,1,10,2,1.5,,,
A5.LUPBIC.1,3/15/23,March,LM,1.5,8,2.25,2.25,BR,,
A5.LUPBIC.1,4/17/23,April,BW,12.75,4,3.75,4,BL,,
A5.MICCAL,5/28/23,May,BW,NA,NA,NA,NA,NA,,
A5.MICCAL.1,2/14/23,February,BW/RA,2.5,56,2,2.5,,,
A5.MICCAL.1,3/15/23,March,LM,4.5,123,5.75,5.5,BR,,
A5.MICCAL.1,4/17/23,April,BW,22.75,248,11.75,17,BR,,
A5.PLAERE,5/17/23,May,BW,NA,NA,NA,NA,NA,,
A5.PLAERE,6/14/23,June,BW,NA,NA,NA,NA,NA,,
A5.PLAERE.1,2/14/23,February,BW/RA,3.5,13,4.25,3.5,,,
A5.PLAERE.1,3/15/23,March,LM,3.5,17,7.5,6.25,BL,,
A5.PLAERE.1,4/17/23,April,BW,14,18,7.5,7,C,,
A5.TRIHIR,5/23/23,May,BW,37,53,58,46,BL,,
A5.TRIHIR,6/14/23,June,BW,NA,NA,NA,NA,NA,,
A5.TRIHIR.1,NA,NA,NA,NA,NA,NA,NA,,,
A5.TRIHIR.1,3/15/23,March,LM,4,5,4,2.5,BL,,
A5.TRIHIR.1,4/17/23,April,BW,16.5,12,20,8.5,BL,,
A6.AVEFAT.1,NA,NA,NA,NA,NA,NA,NA,,,
A6.BRODIA,5/22/23,May,BW,17.5,12,65,9.5,BR,,
A6.BRODIA.1,NA,NA,NA,NA,NA,NA,NA,,,
A6.BRODIA.1,3/15/23,March,LM,13.5,27,21.5,16.5,BR,,
A6.BRODIA.1,4/17/23,April,BW,32,25,72,61,BR,,
A6.BROHOR,5/16/23,May,BW,79,5,65,25,TL,,
A6.BROHOR.1,NA,NA,NA,NA,NA,NA,NA,,,
A6.BROHOR.1,3/15/23,March,LM,6.5,19,10.5,12,TL,,
A6.BROMAD,5/17/23,May,BW,NA,NA,NA,NA,BL,,
A6.BROMAD.1,NA,NA,NA,NA,NA,NA,NA,,,
A6.BROMAD.1,3/15/23,March,LM,4.5,28,10,5.5,BL,,
A6.BROMAD.1,4/17/23,April,BW,30.5,19,19.5,12,BL,,
A6.CALMEN.1,NA,NA,NA,NA,NA,NA,NA,,,
A6.CENMEL,5/17/23,May,BP,103,284,43,55,C,,"there were tick marks in the leaf # box, not sure if I should enter them or not"
A6.CENMEL.1,2/14/23,February,BW/RA,1,7,5.5,5,,,
A6.CENMEL.1,3/15/23,March,LM,4.5,14,15,16.25,C,,
A6.CENMEL.1,4/17/23,April,BW,24,24,25.75,22.5,C,,
A6.CORFIL,5/25/23,May,BW,24.5,12,40,11,C,,
A6.CORFIL,6/14/23,June,B'Elanna,28.25,14,16,11.5,C,,
A6.CORFIL.1,2/14/23,February,BW/RA,2.25,6,2.75,2.5,,,
A6.CORFIL.1,3/15/23,March,LM,3,8,6,4,C,,
A6.CORFIL.1,4/17/23,April,BW,11,8,10,6.5,C,,
A6.EROCIC,5/26/23,May,BW,37,89,81,40,BR,,
A6.EROCIC.1,2/14/23,February,BW/RA,1,13,4,3.25,,,
A6.EROCIC.1,4/17/23,April,BW,17.5,43,8,24,BR,,
A6.ESCCAL,5/27/23,May,BW,43,99,98,56,BR,,
A6.ESCCAL,6/14/23,June,BW,30.5,139,99,61,BR,,
A6.ESCCAL.1,2/14/23,February,BW/RA,2,11,4.5,4,,,
A6.MICCAL,5/28/23,May,BW,NA,NA,NA,NA,NA,,
A6.MICCAL.1,2/14/23,February,BW/RA,2,15,1,1,,,
A6.MICCAL.1,3/15/23,March,LM,4,63,3.25,3.5,TL,,
A6.STIPUL,6/14/23,June,BW,24,11,16,11,TR,,
A6.STIPUL.1,NA,NA,NA,NA,NA,NA,NA,,,
A6.STIPUL.1,3/15/23,March,LM,4.5,5,4.25,1.5,TR,,
A6.STIPUL.1,4/17/23,April,BW,13.5,10,6.25,3,TR,,
A7.AVEFAT,5/21/23,May,BW,131,42,167,89,BR,,
A7.AVEFAT.1,NA,NA,NA,NA,NA,NA,NA,,,
A7.AVEFAT.1,4/17/23,April,BW,57,57,109,89,BL,,
A7.BRODIA,5/22/23,May,BW,40,22,27.5,26,BL,,
A7.BRODIA.1,NA,NA,NA,NA,NA,NA,NA,,,
A7.BRODIA.1,3/15/23,March,LM,12,36,35,28,BL,,
A7.BRODIA.1,4/17/23,April,BW,41.5,43,75,73,BL,,
A7.BROHOR,5/16/23,May,BW,73,7,93,27,BL,,
A7.BROHOR.1,NA,NA,NA,NA,NA,NA,NA,,,
A7.BROHOR.1,3/15/23,March,LM,8.25,20,13,12,BL,,
A7.BROMAD,5/17/23,May,BW,NA,NA,NA,NA,TL,,
A7.BROMAD.1,NA,NA,NA,NA,NA,NA,NA,,,
A7.BROMAD.1,3/15/23,March,LM,5.5,13,5.5,5.25,TL,,
A7.BROMAD.1,4/17/23,April,BW,27.5,6,7,6,TL,,
A7.CALMEN.1,2/14/23,February,BW/RA,1.75,12,5,4.5,,,
A7.CALMEN.1,3/15/23,March,LM,3.5,27,13,9,BL,,
A7.CENMEL,5/17/23,May,BP,31.5,734,67,63.5,TL,,"there were tick marks in the leaf # box, not sure if I should enter them or not"
A7.CENMEL.1,2/14/23,February,BW/RA,1,6,4.5,3.75,,,
A7.CENMEL.1,3/15/23,March,LM,5.5,10,13,10.75,TL,,
A7.CENMEL.1,4/17/23,April,BW,6.5,34,25.75,28,TL,,
A7.CORFIL,5/25/23,May,BW,10,12,14,5.5,C,,
A7.CORFIL,6/14/23,June,B'Elanna,13.5,16,11,5.75,C,,
A7.CORFIL.1,2/14/23,February,BW/RA,1.75,5,3,2,,,
A7.CORFIL.1,3/15/23,March,LM,1,5,5.25,4.75,C,,
A7.CORFIL.1,4/17/23,April,BW,6,8,4.5,4.75,C,,
A7.EROCIC,5/26/23,May,BW,NA,NA,NA,NA,NA,,
A7.ESCCAL,5/27/23,May,BW,26,5,14,4,C,,
A7.ESCCAL.1,2/14/23,February,BW/RA,2,8,5.5,4.5,,,
A7.ESCCAL.1,3/15/23,March,LM,6.25,11,7.5,7.5,C,,
A7.ESCCAL.1,4/17/23,April,BW,18.25,10,4.25,6.25,C,,
A7.MICCAL,5/28/23,May,BW,NA,NA,NA,NA,NA,,
A7.MICCAL.1,2/14/23,February,BW/RA,3,41,2,2,,,
A7.MICCAL.1,3/15/23,March,LM,7,158,5.5,5.5,C,,
A7.STIPUL,5/24/23,May,AL,16,16,5,7,TL,,
A7.STIPUL,6/14/23,June,BW,17.5,16,8.5,10,TL,,
A7.STIPUL.1,NA,NA,NA,NA,NA,NA,NA,,,
A7.STIPUL.1,3/15/23,March,LM,4.5,8,5.5,3,TL,,
A7.STIPUL.1,4/17/23,April,BW,8,11,6.25,3,TL,,
A8.AVEBAR,5/21/23,May,BW,145,18,28,45,TR/TC,,
A8.AVEBAR.1,NA,NA,NA,NA,NA,NA,NA,,,
A8.AVEBAR.1,4/17/23,April,BP,84,54,94,65,TR/TC,,
A8.BRODIA,5/22/23,May,BW,20.5,16,20,13,TR,,
A8.BRODIA.1,NA,NA,NA,NA,NA,NA,NA,,,
A8.BRODIA.1,3/15/23,March,LM,4.25,29,10.25,6.75,TR,,
A8.BRODIA.1,4/17/23,April,BP,16,41,21.5,8,TR,,
A8.BROHOR,5/16/23,May,BW,83,8,63,18,TL,,
A8.BROHOR.1,NA,NA,NA,NA,NA,NA,NA,,,
A8.BROHOR.1,3/15/23,March,LM,8.5,26,13.5,9,TL,,
A8.BROHOR.1,4/17/23,April,BP,23,39,33,26,TL,,
A8.BROMAD,5/17/23,May,BW,NA,NA,NA,NA,BR,,
A8.BROMAD.1,NA,NA,NA,NA,NA,NA,NA,,,
A8.BROMAD.1,3/15/23,March,LM,4,10,7,6,BR,,
A8.BROMAD.1,4/17/23,April,BP,16,9,14.5,9,BR,,
A8.CLAPUR.1,2/14/23,February,BW/RA,2,28,4,2.5,,,
A8.CLAPUR.1,3/15/23,March,LM,4,82,9.5,7,TR,,
A8.CLAPUR.1,4/17/23,April,BP,29,284,11.5,12.75,TR,,
A8.ELYCAP,5/26/23,May,BP,26,0,53,30,BR,,
A8.ELYCAP.1,2/14/23,February,BW/RA,3.5,11,9.5,6.5,,,
A8.ELYCAP.1,3/15/23,March,LM,4.5,20,11.5,10.5,BR,,
A8.ELYCAP.1,4/17/23,April,BP,14,27,17,11.5,BR,,
A8.EROBOT,5/26/23,May,BW,9.25,12,8,7.5,TR,,
A8.EROBOT.1,NA,NA,NA,NA,NA,NA,NA,,,
A8.EROBOT.1,4/17/23,April,KH/KM,1.5,10,4,3.5,TR,,
A8.HOLVIR,5/27/23,May,BW,26.5,816,14,8.5,TL,,
A8.HOLVIR,6/14/23,June,BW,37.5,2709,40,15,NA,,
A8.HOLVIR.1,2/14/23,February,BW/RA,0.5,2,1,1,,,
A8.HOLVIR.1,3/15/23,March,LM,1.5,6,4,1.75,TL,,
A8.HOLVIR.1,4/17/23,April,BP,5.75,9,9,3.5,TL,,
A8.LUPBIC,5/28/23,May,BW,NA,NA,NA,NA,NA,,
A8.LUPBIC.1,2/14/23,February,BW/RA,2,11,2.5,2,,,
A8.LUPBIC.1,3/15/23,March,LM,3.5,15,5.75,5.5,BR,,
A8.MICCAL,5/28/23,May,BW,NA,NA,NA,NA,NA,,
A8.MICCAL.1,2/14/23,February,BW/RA,2,19,1.5,1,,,
A8.MICCAL.1,3/15/23,March,LM,5.5,53,2.5,3,TR,,
A8.PLAERE,5/17/23,May,BW,NA,NA,NA,NA,NA,,
A8.PLAERE,6/14/23,June,BW,NA,NA,NA,NA,NA,,
A8.PLAERE.1,2/14/23,February,BW/RA,3,14,4.5,3.5,,,
A8.PLAERE.1,3/15/23,March,LM,6.5,17,6,5.5,C,,
A8.TRIHIR,5/23/23,May,BW,32,114,76,62,TR,,
A8.TRIHIR,6/14/23,June,BW,NA,NA,NA,NA,NA,,
A8.TRIHIR.1,2/14/23,February,BW/RA,1,5,4.25,4,,,
A8.TRIHIR.1,3/15/23,March,LM,3,17,6.25,9.25,TR,,
B1.AVEBAR,5/21/23,May,BW,115,39,113,65,BR,,
B1.AVEBAR.1,NA,NA,NA,NA,NA,NA,NA,,,
B1.AVEBAR.1,3/15/23,March,LM,13.5,56,42.5,47,BR,,
B1.AVEBAR.1,4/15/23,April,Eluid,49,50,99,52,BR,,
B1.BRODIA,5/22/23,May,BW,NA,NA,NA,NA,BL,,
B1.BRODIA.1,NA,NA,NA,NA,NA,NA,NA,,,
B1.BRODIA.1,3/15/23,March,LM,8,47,16,24.25,BR,,
B1.BRODIA.1,4/15/23,April,Eluid,52.5,38,60,49,BL,,
B1.BROHOR,5/17/23,May,BW,73,6,26,17,BL,,
B1.BROHOR.1,NA,NA,NA,NA,NA,NA,NA,,,
B1.BROHOR.1,3/15/23,March,LM,5,46,15,13,BL,,
B1.BROHOR.1,4/15/23,April,Eluid,33,31,24,37,BL,,
B1.CLAPUR.1,2/14/23,February,BW/RA,2.5,20,3.75,4,,,
B1.CLAPUR.1,3/15/23,March,LM,6.5,63,10.5,10,C.Right,,
B1.CLAPUR.1,4/15/23,April,Eluid,31.5,192,40.5,16,CR,,
B1.DAUPUS,5/17/23,May,MA,19.75,3,8.5,3,BR,,
B1.DAUPUS.1,2/14/23,February,BW/RA,1.75,3,3,3,,,
B1.DAUPUS.1,3/15/23,March,LM,3,5,4.75,3,BR,,
B1.DAUPUS.1,4/15/23,April,Eluid,15.75,5,11,7,BR,,
B1.EROBOT,5/26/23,May,BW,NA,NA,NA,NA,NA,,
B1.EROBOT.1,NA,NA,NA,NA,NA,NA,NA,,,
B1.EROBOT.1,3/15/23,March,LM,4.75,7,6,4.5,BR,,
B1.EROBOT.1,4/15/23,April,Eluid,9.75,9,17.75,17.75,BR,,
B1.GERDIS,5/27/23,May,BW,NA,NA,NA,NA,NA,,
B1.GERDIS,6/14/23,June,BW,NA,NA,NA,NA,NA,,
B1.GERDIS.1,2/14/23,February,BW/RA,0.75,5,5,4,,,
B1.GERDIS.1,3/15/23,March,LM,5,8,7.5,7.5,C,,
B1.GERDIS.1,4/15/23,April,Eluid,26.5,14,12,15,C,,
B1.LUPBIC,5/28/23,May,BW,NA,NA,NA,NA,NA,,
B1.LUPBIC.1,2/14/23,February,BW/RA,1.5,4,5.5,3.5,,,
B1.LUPBIC.1,3/15/23,March,LM,4.25,14,5.5,5,C,,
B1.MADGRA,5/28/23,May,BW,78,1728,63,50,BL,,
B1.MADGRA.1,2/14/23,February,BW/RA,4.25,10,13.25,9.75,,,
B1.MADGRA.1,3/15/23,March,LM,14.5,50,29,25,BL,,
B1.MADGRA.1,4/15/23,April,Eluid,22,395,39,38,BL,,
B1.TORARV,6/14/23,June,BW,NA,NA,NA,NA,NA,,
B1.TORARV.1,2/14/23,February,BW/RA,1,3,4.5,2.75,,,
B1.TORARV.1,3/15/23,March,LM,4.5,5,7,4,B. Center,,
B1.TORARV.1,4/15/23,April,Eluid,22.5,4,18,9.5,BC,,
B1.TRIHIR,6/14/23,June,BW,NA,NA,NA,NA,NA,,
B1.TRIHIR.1,NA,NA,NA,NA,NA,NA,NA,,,
B1.TRIHIR.1,4/15/23,April,Eluid,2,2,4.5,1.25,BL,,
B1.VICSAT,5/29/23,May,BW,NA,NA,NA,NA,NA,,
B1.VICSAT,6/14/23,June,BW,NA,NA,NA,NA,NA,,
B1.VICSAT.1,2/14/23,February,BW/RA,4.75,10,16.5,7,,,
B1.VICSAT.1,3/15/23,March,LM,8,24,19.5,19.5,C,,
B1.VICSAT.1,4/15/23,April,Eluid,52,34,49,17.5,C,,
B2.AVEBAR,5/21/23,May,BW,115,59,70,99,C,,
B2.AVEBAR.1,NA,NA,NA,NA,NA,NA,NA,,,
B2.AVEBAR.1,3/15/23,March,LM,12.25,57,56,53,C,,
B2.BRODIA,5/22/23,May,BW,NA,NA,NA,NA,BL,,
B2.BRODIA.1,NA,NA,NA,NA,NA,NA,NA,,,
B2.BRODIA.1,3/15/23,March,LM,6,57,17.75,13,BL,,
B2.BRODIA.1,4/15/23,April,Eluid,34,61,62,36,BL,,
B2.BROHOR,5/16/23,May,BW,83,33,107,71,BR,,
B2.BROHOR.1,NA,NA,NA,NA,NA,NA,NA,,,
B2.BROHOR.1,3/15/23,March,LM,7.5,28,17.5,15,BR,,
B2.BROHOR.1,4/15/23,April,Eluid,22.5,67,41,35.5,BR,,
B2.BROMAD,5/17/23,May,BW,NA,NA,NA,NA,BL/C,,
B2.BROMAD.1,NA,NA,NA,NA,NA,NA,NA,,,
B2.BROMAD.1,3/15/23,March,LM,5.5,4,3,3,BL/C,,
B2.CLAPUR.1,2/14/23,February,BW/RA,2.25,21,5,3.25,,,
B2.CLAPUR.1,3/15/23,March,LM,12,60,10.75,11,BC,,
B2.ELYCAP,5/26/23,May,BP,22.5,4,26.25,36,BR,,
B2.ELYCAP.1,2/14/23,February,BW/RA,5.25,30,11.5,11,,,
B2.ELYCAP.1,3/15/23,March,LM,6,101,30,18,BR,,
B2.ELYCAP.1,4/15/23,April,Eluid,18,177,41,30,BR,,
B2.EROBOT,5/26/23,May,BW,NA,NA,NA,NA,NA,,
B2.EROBOT.1,2/14/23,February,BW/RA,1.5,8,5.5,4.5,,,
B2.EROBOT.1,4/15/23,April,Eluid,24,31,40,26.5,BL,,
B2.HOLVIR,5/27/23,May,BW,53.5,9800,44,32,BR,,
B2.HOLVIR,6/14/23,June,BW,65,29775,50,52,NA,,
B2.HOLVIR.1,2/14/23,February,BW/RA,0.75,2,2.25,1.5,,,
B2.HOLVIR.1,3/15/23,March,LM,3,12,8.5,6,BR,,
B2.HOLVIR.1,4/15/23,April,Eluid,13,40,16.5,13,BR,,
B2.LUPBIC,5/28/23,May,BW,37.5,166,57,38,BR,,
B2.LUPBIC.1,3/15/23,March,LM,6,21,10,8.25,BR,,
B2.LUPBIC.1,4/15/23,April,Eluid,23.5,93,33.5,28,BR,,
B2.MICCAL,5/28/23,May,BW,NA,NA,NA,NA,NA,,
B2.MICCAL.1,2/14/23,February,BW/RA,2.5,51,3.5,2.5,,,
B2.MICCAL.1,3/15/23,March,LM,4.25,205,9.75,6.25,BR,,
B2.MICCAL.1,4/15/23,April,Eluid,20.5,575,21,14,BR,,
B2.PLAERE,5/17/23,May,BW,NA,NA,NA,NA,NA,,
B2.PLAERE,6/14/23,June,BW,NA,NA,NA,NA,NA,,
B2.PLAERE.1,2/14/23,February,BW/RA,3,9,2.75,2.5,,,
B2.PLAERE.1,3/15/23,March,LM,4.75,13,5.5,4.5,BL,,
B2.PLAERE.1,4/15/23,April,Eluid,15,16,12.5,10.5,BL,,
B2.TRIHIR,5/23/23,May,BW,28,152,108,82,BR,,
B2.TRIHIR,6/14/23,June,BW,NA,NA,NA,NA,NA,,
B2.TRIHIR.1,2/14/23,February,BW/RA,1,5,4,1,,,
B2.TRIHIR.1,3/15/23,March,LM,5.5,17,12.25,11.5,BR,,
B2.TRIHIR.1,4/15/23,April,Eluid,22.5,90,41.5,25.5,BR,,
B3.AVEFAT.1,NA,NA,NA,NA,NA,NA,NA,,,
B3.BRODIA,5/22/23,May,BW,37,6,17,10,L,,
B3.BRODIA.1,NA,NA,NA,NA,NA,NA,NA,,,
B3.BRODIA.1,3/15/23,March,LM,22,34,34,29.5,L,,
B3.BRODIA.1,4/15/23,April,Eluid,60,43,36,29,L,,
B3.BROHOR,5/23/23,May,BW,NA,NA,NA,NA,TL,,
B3.BROHOR.1,NA,NA,NA,NA,NA,NA,NA,,,
B3.BROMAD,5/17/23,May,BW,NA,NA,NA,NA,CL,,
B3.BROMAD.1,NA,NA,NA,NA,NA,NA,NA,,,
B3.BROMAD.1,3/15/23,March,LM,12,49,15.75,19,CL,,
B3.BROMAD.1,4/15/23,April,Eluid,48,42,33,21,CL,,
B3.CALMEN.1,NA,NA,NA,NA,NA,NA,NA,,,
B3.CENMEL,5/17/23,May,BP,117.5,215,59.5,50,C,,"there were tick marks in the leaf # box, not sure if I should enter them or not"
B3.CENMEL.1,2/14/23,February,BW/RA,0.75,8,5.5,7,,,
B3.CENMEL.1,3/15/23,March,LM,10.5,16,23,25,C,,
B3.CENMEL.1,4/15/23,April,Eluid,49,26,32,25,C,,
B3.CORFIL,5/25/23,May,BW,42,19,11.5,10,BR,,
B3.CORFIL,6/14/23,June,B'Elanna,43.5,30,56,7,BR,,
B3.CORFIL.1,2/14/23,February,BW/RA,2.5,5,3,2.5,,,
B3.CORFIL.1,3/15/23,March,LM,6.75,9,8,4.5,NA,,
B3.CORFIL.1,4/15/23,April,Eluid,22.5,10,12.5,10.5,BR,,
B3.EROCIC,5/26/23,May,BW,5,13,46,28,CL,,
B3.EROCIC.1,2/14/23,February,BW/RA,0.5,7,3,3,,,
B3.EROCIC.1,3/15/23,March,LM,6.5,13,13.5,16,CL,,
B3.EROCIC.1,4/15/23,April,Eluid,34,15,39,33,CL,,
B3.ESCCAL,5/27/23,May,BW,52,647,102,80,L,,
B3.ESCCAL.1,2/14/23,February,BW/RA,5,10,10.5,9.75,,,
B3.ESCCAL.1,3/15/23,March,LM,10,19,27.5,19,L,,
B3.ESCCAL.1,4/15/23,April,Eluid,44,64,48,36,L,,
B3.MICCAL,5/28/23,May,BW,NA,NA,NA,NA,NA,,
B3.MICCAL.1,2/14/23,February,BW/RA,2,22,1.25,1.5,,,
B3.MICCAL.1,3/15/23,March,LM,6,103,4.75,4.5,L,,
B3.MICCAL.1,4/15/23,April,Eluid,25,282,8.5,9,L,,
B3.STIPUL,6/14/23,June,BW,NA,NA,NA,NA,L,,
B3.STIPUL.1,NA,NA,NA,NA,NA,NA,NA,,,
B3.STIPUL.1,3/15/23,March,LM,2.25,11,3.5,3.5,L,,
B3.STIPUL.1,4/15/23,April,Eluid,5,15,4.75,4.5,L,,
B4.ACMPAR.1,NA,NA,NA,NA,NA,NA,NA,,,
B4.AIRCAR,5/16/23,May,SS,14.25,0,3.25,1,C/CL,,
B4.AIRCAR.1,2/14/23,February,BW/RA,1,5,1,0.5,,,
B4.BRODIA,5/22/23,May,BW,45.5,31,138,110,CL,,
B4.BRODIA.1,NA,NA,NA,NA,NA,NA,NA,,,
B4.BROHOR,5/23/23,May,BW,NA,NA,NA,NA,CL,,
B4.BROHOR.1,NA,NA,NA,NA,NA,NA,NA,,,
B4.BROHOR.1,NA,NA,NA,NA,NA,NA,NA,NA,,
B4.BROHOR.1,4/15/23,April,Eluid,14.5,8,7.25,14.25,CL,,
B4.CLAPUR.1,2/14/23,February,BW/RA,1.5,21,1.75,1.5,,,
B4.CLAPUR.1,3/15/23,March,LM,2.25,59,6.5,4,TR,,
B4.CLAPUR.1,4/15/23,April,Eluid,6.5,158,14,10,TR,,
B4.DANCAL,6/14/23,June,BW,NA,NA,NA,NA,NA,,
B4.DANCAL.1,NA,NA,NA,NA,NA,NA,NA,,,
B4.DAUPUS,5/17/23,May,MA,46.25,7,10,11.5,C,,
B4.DAUPUS.1,2/14/23,February,BW/RA,0.5,3,2.5,1.5,,,
B4.DAUPUS.1,3/15/23,March,LM,1.5,7,7,4,C,,
B4.DAUPUS.1,4/15/23,April,Eluid,9,4,10.25,5.5,C,,
B4.ESCCAL,5/27/23,May,BW,11,101,71,61,C,,
B4.ESCCAL,6/14/23,June,BW,25,89,84,39,C,,
B4.ESCCAL.1,2/14/23,February,BW/RA,1.5,14,6.5,6,,,
B4.ESCCAL.1,3/15/23,March,LM,3.75,23,16.5,16.25,C,,
B4.GALPAR,5/27/23,May,BW,14,180,34,21.5,TL,,
B4.GALPAR,6/14/23,June,BW,NA,NA,NA,NA,NA,,
B4.GALPAR.1,2/14/23,February,BW/RA,0.5,12,0.75,0.75,,,
B4.GALPAR.1,3/15/23,March,LM,2.25,66,3.75,2,TL,,
B4.HYPGLA,5/24/23,May,AL,41,21,40,45,C,,
B4.HYPGLA,6/14/23,June,BW,NA,NA,NA,NA,NA,,
B4.HYPGLA.1,2/14/23,February,BW/RA,0.25,8,4,4,,,
B4.HYPGLA.1,3/15/23,March,LM,1.25,18,8.75,7.75,NA,,
B4.MADGRA.1,2/14/23,February,BW/RA,1,8,5.5,3.75,,,
B4.MADGRA.1,3/15/23,March,LM,3,21,16,16.5,,,
B4.MADGRA.1,4/15/23,April,Eluid,23.5,103,34.5,23.5,TR,,
B4.SANBIP.1,NA,NA,NA,NA,NA,NA,NA,,,
B5.AVEBAR,5/17/23,May,BW,153,24,90,39,TR,,
B5.AVEBAR.1,NA,NA,NA,NA,NA,NA,NA,,,
B5.AVEBAR.1,3/15/23,March,LM,8,82,40,29.5,,,
B5.AVEBAR.1,4/18/23,April,MR,113,102,146,97,TR,,
B5.BRODIA,5/22/23,May,BW,72,15,79,45,TL,,
B5.BRODIA.1,NA,NA,NA,NA,NA,NA,NA,,,
B5.BRODIA.1,3/15/23,March,LM,16.75,67,20.25,16.5,,,
B5.BRODIA.1,4/18/23,April,MR,31,47,56,45,TL,,
B5.BROHOR,5/23/23,May,BW,18,7,65,75,TL,,
B5.BROHOR.1,NA,NA,NA,NA,NA,NA,NA,,,
B5.BROHOR.1,3/15/23,March,LM,4.25,11,6.75,7.25,,,
B5.BROMAD,5/17/23,May,BW,NA,NA,NA,NA,,,
B5.BROMAD.1,NA,NA,NA,NA,NA,NA,NA,,,
B5.BROMAD.1,NA,NA,NA,NA,NA,NA,NA,,,
B5.CLAPUR.1,2/14/23,February,BW/RA,2,37,5.5,4.5,,,
B5.CLAPUR.1,3/15/23,March,LM,15,94,14.5,10,,,
B5.ELYCAP,5/26/23,May,BP,37.5,2,45,32.25,C,,
B5.ELYCAP.1,2/14/23,February,BW/RA,4.5,26,12,16,,,
B5.ELYCAP.1,3/15/23,March,LM,5,80,19,19,C,,
B5.ELYCAP.1,4/18/23,April,MR,26.5,136,39,24.5,C,,
B5.EROBOT.1,2/14/23,February,BW/RA,0.5,12,10,5.5,,,
B5.EROBOT.1,3/15/23,March,LM,7,20,21.5,19,BL,,
B5.EROBOT.1,4/18/23,April,MR,31,61,96,71,BL,,
B5.HOLVIR,5/27/23,May,BW,37,707,16,10,CT,,
B5.HOLVIR,6/14/23,June,BW,45,3006,20.5,22,NA,,
B5.HOLVIR.1,2/14/23,February,BW/RA,0.5,2,1.25,0.75,,,
B5.HOLVIR.1,4/18/23,April,MR,10.5,13,7.5,7.5,CT,,
B5.LUPBIC,5/28/23,May,BW,38.5,81,21,16,TR,,
B5.LUPBIC.1,2/14/23,February,BW/RA,1.75,4,3,1.5,,,
B5.LUPBIC.1,3/15/23,March,LM,5,9,6.5,5.5,TR,,
B5.MICCAL,5/28/23,May,BW,NA,NA,NA,NA,NA,,
B5.MICCAL.1,2/14/23,February,BW/RA,2.5,69,3.5,2.25,,,
B5.MICCAL.1,3/15/23,March,LM,5.5,147,10.5,8,TR,,
B5.MICCAL.1,4/18/23,April,MR,25.5,498,32,19,TR,,
B5.PLAERE,5/17/23,May,BW,NA,NA,NA,NA,NA,,
B5.PLAERE,6/14/23,June,BW,NA,NA,NA,NA,NA,,
B5.PLAERE.1,2/14/23,February,BW/RA,3,15,5,5,,,
B5.PLAERE.1,3/15/23,March,LM,6,38,9,9.75,C,,
B5.TRIHIR,5/29/23,May,BW,45,21,70,82,C,,
B5.TRIHIR,6/14/23,June,BW,NA,NA,NA,NA,NA,,
B5.TRIHIR.1,2/14/23,February,BW/RA,1,4,3,2,,,
B5.TRIHIR.1,3/15/23,March,LM,5,12,8.5,8,C,,
B5.TRIHIR.1,4/18/23,April,MR,26,38,33,33,C,,
B6.AVEFAT.1,NA,NA,NA,NA,NA,NA,NA,,,
B6.BRODIA,5/22/23,May,BW,22,3,14,2,C,,
B6.BRODIA.1,NA,NA,NA,NA,NA,NA,NA,,,
B6.BRODIA.1,3/15/23,March,LM,18,18,23,14,,,
B6.BRODIA.1,4/18/23,April,SS,44,19,63,48,C,,
B6.BROHOR,5/23/23,May,BW,NA,NA,NA,NA,BL,,
B6.BROHOR.1,NA,NA,NA,NA,NA,NA,NA,,,
B6.BROHOR.1,3/15/23,March,LM,5,28,19,17.75,BL,,
B6.BROMAD,5/17/23,May,BW,NA,NA,NA,NA,BL,,
B6.BROMAD.1,NA,NA,NA,NA,NA,NA,NA,,,
B6.BROMAD.1,3/15/23,March,LM,5.25,48,15.25,12,BL,,
B6.CALMEN.1,2/14/23,February,BW/RA,0.75,6,0.75,0.5,,,
B6.CALMEN.1,4/18/23,April,SS,4,6,3,2.75,C,,
B6.CENMEL,5/17/23,May,BP,88.25,351,63,64.75,BR,,"there were tick marks in the leaf # box, not sure if I should enter them or not"
B6.CENMEL.1,2/14/23,February,BW/RA,1.25,6,6.75,4.25,,,
B6.CENMEL.1,3/15/23,March,LM,9.25,13,20,18,,,
B6.CENMEL.1,4/18/23,April,SS,24.5,26,35,24.5,BR,,
B6.CORFIL,5/25/23,May,BW,17.5,12,43,7.5,TR,,
B6.CORFIL,6/14/23,June,B'Elanna,25.5,17,9.75,7,TR,,
B6.CORFIL.1,2/14/23,February,BW/RA,1,3,1,1,,,
B6.CORFIL.1,3/15/23,March,LM,2.5,5,3.5,1.5,TR,,
B6.CORFIL.1,4/18/23,April,SS,7.75,6,5.75,4,TR,,
B6.EROCIC,5/26/23,May,BW,45,357,167,115,TL,,
B6.EROCIC.1,2/14/23,February,BW/RA,0.75,10,6.25,4.75,,,
B6.EROCIC.1,4/18/23,April,SS,25,125,97,127,TL,,
B6.ESCCAL,6/14/23,June,BW,24.5,62,33,41,C,,
B6.ESCCAL.1,2/14/23,February,BW/RA,2.75,9,6.5,5,,,
B6.ESCCAL.1,3/15/23,March,LM,5.5,17,13.5,11.5,C,,
B6.MICCAL,5/28/23,May,BW,NA,NA,NA,NA,NA,,
B6.MICCAL.1,2/14/23,February,BW/RA,1.5,18,1.5,1.5,,,
B6.MICCAL.1,3/15/23,March,LM,4.75,98,4.5,4,C,,
B6.STIPUL,5/28/23,May,BW,14,4,28,6,C,,
B6.STIPUL,6/14/23,June,BW,20,6,30.5,9,C,,
B6.STIPUL.1,NA,NA,NA,NA,NA,NA,NA,,,
B6.STIPUL.1,3/15/23,March,LM,5,6,3,2.5,C,,
B6.STIPUL.1,4/18/23,April,SS,12.5,6,3,2.5,C,,
B7.AVEBAR.1-B1,NA,NA,NA,NA,NA,NA,NA,,,
B7.BRODIA,5/22/23,May,BW,NA,NA,NA,NA,BL,,
B7.BRODIA.1,NA,NA,NA,NA,NA,NA,NA,,,
B7.BROHOR,5/17/23,May,BW,NA,NA,NA,NA,C,,
B7.BROHOR.1,NA,NA,NA,NA,NA,NA,NA,,,
B7.BROHOR.1,4/18/23,April,SS,36,23,24,18,C,,
B7.CLAPUR.1,2/14/23,February,BW/RA,2,32,5.75,4.25,,,
B7.CLAPUR.1,4/18/23,April,SS,30,1012,57.5,34,TR,,
B7.DAUPUS,5/17/23,May,MA,30.75,4,12,4,C,,
B7.DAUPUS.1,2/14/23,February,BW/RA,0.5,4,3.75,3.25,,,
B7.DAUPUS.1,4/18/23,April,SS,17,5,15,13,C,,
B7.EROBOT.1,NA,NA,NA,NA,NA,NA,NA,,,
B7.GERDIS,5/27/23,May,BW,NA,NA,NA,NA,NA,,
B7.GERDIS,6/14/23,June,BW,NA,NA,NA,NA,NA,,
B7.GERDIS.1,2/14/23,February,BW/RA,1.5,5,7,5.5,,,
B7.GERDIS.1,4/18/23,April,SS,9.5,27,40.5,30.5,BR,,
B7.LUPBIC,5/28/23,May,BW,NA,NA,NA,NA,NA,,
B7.LUPBIC.1,NA,NA,NA,NA,NA,NA,NA,,,
B7.MADGRA,5/28/23,May,BW,87,329,75,47,LC,,
B7.MADGRA.1,2/14/23,February,BW/RA,2.5,8,9,7,,,
B7.MADGRA.1,3/15/23,March,LM,9.5,17,24.5,19,,,
B7.MADGRA.1,4/18/23,April,SS,23,125,25,25,,,
B7.TORARV,5/28/23,May,BW,73,15,22,14,BR,,
B7.TORARV,6/14/23,June,BW,NA,NA,NA,NA,NA,,
B7.TORARV.1,2/14/23,February,BW/RA,2,4,5,4,,,
B7.TORARV.1,4/18/23,April,SS,16,3,10.5,9,BR,,
B7.TRIHIR,6/14/23,June,BW,NA,NA,NA,NA,NA,,
B7.TRIHIR.1,2/14/23,February,BW/RA,0.5,0,1,0.25,,,
B7.TRIHIR.1,3/15/23,March,LM,1,1,1,1,,,
B7.TRIHIR.1,4/18/23,April,SS,6,6,5.5,3.5,C,,
B7.VICSAT,5/29/23,May,BW,NA,NA,NA,NA,NA,,
B7.VICSAT,6/14/23,June,BW,NA,NA,NA,NA,NA,,
B7.VICSAT.1,2/14/23,February,BW/RA,8.5,12,8.25,7.75,,,
B8.AMSMEN.1,2/14/23,February,BW/RA,3,17,6.25,6.5,,,
B8.AMSMEN.1,3/15/23,March,LM,7.5,16,11.5,11,C,,
B8.AVEBAR,5/17/23,May,BW,168,38,86,63,L,,
B8.AVEBAR.1,NA,NA,NA,NA,NA,NA,NA,,,
B8.AVEBAR.1,3/15/23,March,LM,9.5,52,27.5,22.5,L,,
B8.AVEBAR.1,4/17/23,April,BW,33,45,99,57,L,,
B8.BROARE,5/22/23,May,BW,26.5,6,13.5,7,C,,
B8.BROARE.1,NA,NA,NA,NA,NA,NA,NA,,,
B8.BROARE.1,3/15/23,March,LM,17.5,9,8.5,8,C,,
B8.BROARE.1,4/17/23,April,BW,34,10,21.5,24,C,,
B8.BRODIA,5/22/23,May,BW,43,9,30,35,C,,
B8.BRODIA.1,NA,NA,NA,NA,NA,NA,NA,,,
B8.BRODIA.1,3/15/23,March,LM,8,32,15,12,C,,
B8.BRODIA.1,4/17/23,April,BW,36,38,63,54,C,,
B8.BROMAD,5/17/23,May,BW,NA,NA,NA,NA,C,,
B8.BROMAD.1,NA,NA,NA,NA,NA,NA,NA,,,
B8.BROMAD.1,3/15/23,March,LM,6,13,13,5.5,C,,
B8.BROMAD.1,4/17/23,April,BW,33,18,10,8,C,,
B8.CAUCOU.1,NA,NA,NA,NA,NA,NA,NA,,,
B8.CAUCOU.1,3/15/23,March,LM,1,4,1.75,1.5,C,,
B8.CAUCOU.1,NA,NA,NA,NA,NA,NA,NA,NA,,
B8.EROCIC,5/26/23,May,BW,31,88,104,88,TR,,
B8.EROCIC.1,2/14/23,February,BW/RA,2.75,9,5.75,4.75,,,
B8.EROCIC.1,3/15/23,March,LM,4,12,19,16,TR,,
B8.EROCIC.1,4/17/23,April,BW,20,57,53,58,TR,,
B8.ESCCAL.1,2/14/23,February,BW/RA,1.25,11,2.25,2,,,
B8.ESCCAL.1,3/15/23,March,LM,2.75,14,4,3.25,TR,,
B8.ESCCAL.1,4/18/23,April,BW,18,3,5,5.5,TR,,
B8.LUPMIC,5/28/23,May,BW,NA,NA,NA,NA,NA,,
B8.LUPMIC.1,NA,NA,NA,NA,NA,NA,NA,,,
B8.LUPSUC.1,NA,NA,NA,NA,NA,NA,NA,,,
B8.MIRMUL,5/28/23,May,BW,NA,NA,NA,NA,NA,,
B8.MIRMUL.1,NA,NA,NA,NA,NA,NA,NA,,,
B8.MIRMUL.1,NA,NA,NA,NA,NA,NA,NA,NA,,
B8.PHATAN,5/17/23,May,BW,NA,NA,NA,NA,NA,,
B8.PHATAN,6/14/23,June,BW,NA,NA,NA,NA,NA,,
B8.PHATAN.1,NA,NA,NA,NA,NA,NA,NA,,,
B8.PHATAN.1,NA,NA,NA,NA,NA,NA,NA,NA,,
C1.AVEBAR,5/19/23,May,BW,117,56,99,102,BL/C,,
C1.AVEBAR.1,NA,NA,NA,NA,NA,NA,NA,,,
C1.AVEBAR.1,3/15/23,March,LM,9,25,21,32,BL,,
C1.BRODIA,5/22/23,May,BW,33,28,110,96,TR,,
C1.BRODIA.1,NA,NA,NA,NA,NA,NA,NA,,,
C1.BRODIA.1,3/15/23,March,LM,7,46,15.5,12.5,TR,,
C1.BRODIA.1,4/14/23,April,IA Zeen,23.5,99,46.5,54,TR,,
C1.BROHOR,5/23/23,May,BW,NA,NA,NA,NA,BL,,
C1.BROHOR.1,NA,NA,NA,NA,NA,NA,NA,,,
C1.BROHOR.1,3/15/23,March,LM,4,29,9.5,6.5,BL,,
C1.BROHOR.1,4/14/23,April,IA Zeen,20,33,18,14.75,BL,,
C1.BROMAD,5/17/23,May,BW,NA,NA,NA,NA,BL,,
C1.BROMAD.1,NA,NA,NA,NA,NA,NA,NA,,,
C1.BROMAD.1,3/15/23,March,LM,3,28,8,7.5,BL,,
C1.BROMAD.1,4/14/23,April,IA Zeen,10,39,27.25,17,BL,,
C1.CLAPUR,5/24/23,May,BW,69,1566,70,39,BR,,
C1.CLAPUR.1,2/17/23,February,BW/RA,1.75,32,4,3,,,
C1.CLAPUR.1,3/15/23,March,LM,11.5,122,11.5,9.5,BR,,
C1.CLAPUR.1,4/14/23,April,IA Zeen,31.5,535,29.5,22,BR,,
C1.ELYCAP,5/26/23,May,BP,23.5,3,50,35.75,TR,,
C1.ELYCAP.1,2/17/23,February,BW/RA,4,15,8.5,11,,,
C1.ELYCAP.1,3/15/23,March,LM,4.5,39,10,11,TR,,
C1.ELYCAP.1,4/14/23,April,IA Zeen,7,75,27,25.5,TR,,
C1.EROBOT.1,NA,NA,NA,NA,NA,NA,NA,,,
C1.HOLVIR,5/27/23,May,BW,47,6019,39,48,BR,,
C1.HOLVIR,6/14/23,June,BW,56,19908,57,58,NA,,
C1.HOLVIR.1,2/17/23,February,BW/RA,0.25,2,2.25,1.25,,,
C1.HOLVIR.1,3/15/23,March,LM,2,8,7,4,BR,,
C1.HOLVIR.1,4/14/23,April,IA Zeen,4,19,12.25,12.25,BR,,
C1.LUPBIC,5/28/23,May,BW,NA,NA,NA,NA,NA,,
C1.LUPBIC.1,2/14/23,February,BW/RA,1.5,3,1.5,1,,,
C1.LUPBIC.1,4/14/23,April,IA Zeen,7,7,3.5,3.75,BR,,
C1.MICCAL,5/28/23,May,BW,NA,NA,NA,NA,NA,,
C1.MICCAL.1,2/17/23,February,BW/RA,1.75,36,3,2.25,,,
C1.MICCAL.1,3/15/23,March,LM,3.5,77,9,6,TR,,
C1.MICCAL.1,4/14/23,April,IA Zeen,17.5,32,7,4,TR,,
C1.PLAERE,5/17/23,May,BW,NA,NA,NA,NA,NA,,
C1.PLAERE,6/14/23,June,BW,NA,NA,NA,NA,NA,,
C1.PLAERE.1,2/17/23,February,BW/RA,3,15,5,4.25,,,
C1.PLAERE.1,3/15/23,March,LM,6.5,19,8.25,7.75,BR,,
C1.PLAERE.1,4/14/23,April,IA Zeen,15,20,7.75,10.5,BR,,
C1.TRIHIR,5/29/23,May,BW,27.5,8,22,11,BR,,
C1.TRIHIR,6/14/23,June,BW,NA,NA,NA,NA,NA,,
C1.TRIHIR.1,2/17/23,February,BW/RA,0.5,4,1.5,1.25,,,
C1.TRIHIR.1,3/15/23,March,LM,3,6,3.5,2.25,BR,,
C1.TRIHIR.1,4/14/23,April,IA Zeen,13.5,11,14,8.5,BR,,
C2.AVEFAT.1,NA,NA,NA,NA,NA,NA,NA,,,
C2.AVEFAT.1,3/15/23,March,LM,19.5,35,54,42.5,BL,,
C2.AVEFAT.1,4/14/23,April,IA Zeen,86,31,59.5,50,BL/C,,
C2.BRODIA,5/22/23,May,BW,41,16,30.5,56,BR,,
C2.BRODIA.1,NA,NA,NA,NA,NA,NA,NA,,,
C2.BRODIA.1,3/15/23,March,LM,20,57,34,18.5,BR,,
C2.BRODIA.1,4/14/23,April,IA Zeen,43,63,61.5,45,BR,,
C2.BROHOR,5/23/23,May,BW,19,8,12,7,BL/C,,
C2.BROHOR.1,NA,NA,NA,NA,NA,NA,NA,,,
C2.BROHOR.1,3/15/23,March,LM,6.5,11,5,6,BL,,
C2.BROHOR.1,4/14/23,April,IA Zeen,26,10,9.5,9,BL/C,,
C2.BROMAD,5/17/23,May,BW,NA,NA,NA,NA,BL,,
C2.BROMAD.1,NA,NA,NA,NA,NA,NA,NA,,,
C2.BROMAD.1,3/15/23,March,LM,11.5,10,12.5,6,BL,,
C2.BROMAD.1,4/14/23,April,IA Zeen,34,7,4,9.5,BL,,
C2.CALMEN.1,NA,NA,NA,NA,NA,NA,NA,,,
C2.CALMEN.1,4/14/23,April,IA Zeen,2,10,1.5,1,BL,,
C2.CENMEL,5/17/23,May,BP,114.5,806,89.5,91,TR,,"there were tick marks in the leaf # box, not sure if I should enter them or not"
C2.CENMEL.1,2/17/23,February,BW/RA,2.25,8,9.5,7,,,
C2.CENMEL.1,3/15/23,March,LM,12.5,11,17.5,24.5,TR,,
C2.CENMEL.1,4/14/23,April,IA Zeen,30,34,35.5,29.5,TR,,
C2.CORFIL,5/16/23,May,KC,23.5,51,24,14.25,TR,,
C2.CORFIL,6/14/23,June,B'Elanna,30,112,53,18.5,TR,,
C2.CORFIL.1,2/17/23,February,BW/RA,1.75,8,3.5,4.25,,,
C2.CORFIL.1,3/15/23,March,LM,4.5,10,8.5,6.5,TR,,
C2.CORFIL.1,4/14/23,April,IA Zeen,9.5,13,15.5,15.75,TR,,
C2.EROCIC,5/26/23,May,BW,NA,NA,NA,NA,NA,,
C2.EROCIC.1,NA,NA,NA,NA,NA,NA,NA,,,
C2.ESCCAL,5/27/23,May,BW,19.5,22,48.5,18,BL,,
C2.ESCCAL,6/14/23,June,BW,37,52,52,38,BL,,
C2.ESCCAL.1,2/17/23,February,BW/RA,3,10,5.5,6.5,,,
C2.ESCCAL.1,3/15/23,March,LM,9,15,13.7,12.5,BL,,
C2.ESCCAL.1,4/14/23,April,IA Zeen,27,14,25,21,BL,,
C2.MICCAL,5/28/23,May,BW,NA,NA,NA,NA,NA,,
C2.MICCAL.1,2/17/23,February,BW/RA,1.5,16,1,1,,,
C2.MICCAL.1,3/15/23,March,LM,5.5,23,3.5,2.5,BL,,
C2.MICCAL.1,4/14/23,April,IA Zeen,18,22,7,5.5,BL,,
C2.STIPUL,6/14/23,June,BW,19,15,30,19,TR,,
C2.STIPUL.1,NA,NA,NA,NA,NA,NA,NA,,,
C2.STIPUL.1,3/15/23,March,LM,6.5,9,7,3.5,TR,,
C2.STIPUL.1,4/14/23,April,IA Zeen,11.5,15,11.75,10.75,TR,,
C3.ACMPAR,5/15/23,May,BP,8,7,6.25,1,C,,
C3.ACMPAR.1,NA,NA,NA,NA,NA,NA,NA,,,
C3.AIRCAR,5/16/23,May,SS,15.5,0,1,1.25,BR,,
C3.AIRCAR.1,2/17/23,February,BW/RA,1,4,1.5,0.5,,,
C3.AIRCAR.1,3/15/23,March,LM,2.25,4,1.5,0.5,BR,,
C3.AIRCAR.1,4/14/23,April,IA Zeen,6.25,5,3,1,BR,,
C3.BRODIA,5/22/23,May,BW,45,28,70,116,TL,,
C3.BRODIA.1,NA,NA,NA,NA,NA,NA,NA,,,
C3.BRODIA.1,3/15/23,March,LM,6.5,98,22,19,TL,,
C3.BRODIA.1,4/14/23,April,IA Zeen,15,147,54,37.5,TL,,
C3.BROHOR,5/23/23,May,BW,NA,NA,NA,NA,BR,,
C3.BROHOR.1,NA,NA,NA,NA,NA,NA,NA,,,
C3.BROHOR.1,3/15/23,March,LM,2.5,42,9.5,7.5,BR,,
C3.BROHOR.1,4/14/23,April,IA Zeen,15,41,18,9,BR,,
C3.CLAPUR.1,2/17/23,February,BW/RA,0.5,16,1.75,1.75,,,
C3.CLAPUR.1,3/15/23,March,LM,1.5,64,5.5,3.5,TL,,
C3.CLAPUR.1,4/14/23,April,IA Zeen,3,309,26,18,TL,,
C3.DANCAL,6/14/23,June,BW,7.5,2,5,4,TR/CR,,
C3.DANCAL.1,NA,NA,NA,NA,NA,NA,NA,,,
C3.DAUPUS.1-C8,NA,NA,NA,NA,NA,NA,NA,,,
C3.DAUPUS.1-C8,3/15/23,March,LM,2.25,2,3,1,C,,
C3.DAUPUS.1-C8,4/14/23,April,IA Zeen,7.5,3,6,2.25,C,,
C3.ESCCAL,5/27/23,May,BW,23,64,59,72,BL,,
C3.ESCCAL,6/14/23,June,BW,127,149,77,79,BL,,
C3.ESCCAL.1,2/17/23,February,BW/RA,1,9,4,4.25,,,
C3.ESCCAL.1,3/15/23,March,LM,5,12,11.5,13,BL,,
C3.GALPAR,5/27/23,May,BW,23.5,710,53.5,13,BR,,
C3.GALPAR,6/14/23,June,BW,NA,NA,NA,NA,NA,,
C3.GALPAR.1,2/17/23,February,BW/RA,0.25,8,0.5,0.5,,,
C3.GALPAR.1,3/15/23,March,LM,1,44,1.75,1.5,BR,,
C3.GALPAR.1,4/14/23,April,IA Zeen,3.5,261,6.25,5.75,BR,,
C3.HYPGLA,5/24/23,May,AL,44,10,10,9,TR,,
C3.HYPGLA,6/14/23,June,BW,NA,NA,NA,NA,NA,,
C3.HYPGLA.1,2/17/23,February,BW/RA,0.5,5,2,1.75,,,
C3.HYPGLA.1,3/15/23,March,LM,0.75,9,5.5,3.75,TR,,
C3.HYPGLA.1,4/14/23,April,IA Zeen,5,11,10.25,13.25,TR,,
C3.MADGRA,5/28/23,May,BW,88,855,112,60,TR,,
C3.MADGRA.1,2/17/23,February,BW/RA,1.75,8,6.5,5.75,,,
C3.MADGRA.1,3/15/23,March,LM,2.5,18,15,14.25,TR,,
C3.MADGRA.1,4/14/23,April,IA Zeen,10,112,30,27.5,TR,,
C3.SANBIP.1,NA,NA,NA,NA,NA,NA,NA,,,
C4.AVEBAR,5/19/23,May,BW,113,22,151,70,BR,,
C4.AVEBAR.1,NA,NA,NA,NA,NA,NA,NA,,,
C4.AVEBAR.1,3/15/23,March,LM,7,78,26,23,BR,,
C4.AVEBAR.1,4/14/23,April,IA Zeen,33.5,66,85,124,BR,,
C4.BRODIA,5/22/23,May,BW,60,3,24,8,TR,,
C4.BRODIA.1,NA,NA,NA,NA,NA,NA,NA,,,
C4.BRODIA.1,3/15/23,March,LM,7.5,56,20,18.5,TR,,
C4.BRODIA.1,4/14/23,April,IA Zeen,70.5,92,47,39.75,TL,,
C4.BROHOR,5/17/23,May,BW,NA,NA,NA,NA,TL,,
C4.BROHOR.1,NA,NA,NA,NA,NA,NA,NA,,,
C4.BROHOR.1,3/15/23,March,LM,4,30,14.5,9.5,TL,,
C4.BROHOR.1,4/14/23,April,IA Zeen,32,29,28,11,TL,,
C4.CLAPUR.1,2/17/23,February,BW/RA,2.5,18,3.25,2.75,,,
C4.CLAPUR.1,3/15/23,March,LM,6.5,52,9,6,TL,,
C4.CLAPUR.1,4/14/23,April,IA Zeen,23.25,127,15,15.5,TL,,
C4.DAUPUS,5/17/23,May,MA,42.75,8,7,19.75,BR,,
C4.DAUPUS.1,2/17/23,February,BW/RA,0.5,3,3,2.5,,,
C4.DAUPUS.1,3/15/23,March,LM,2,6,5.5,5.25,BR,,
C4.DAUPUS.1,4/14/23,April,IA Zeen,12,6,8.25,6.75,TR,,
C4.EROBOT.1,NA,NA,NA,NA,NA,NA,NA,,,
C4.GERDIS,5/27/23,May,BW,NA,NA,NA,NA,NA,,
C4.GERDIS,6/14/23,June,BW,NA,NA,NA,NA,NA,,
C4.GERDIS.1,2/17/23,February,BW/RA,0.5,6,4.75,3.75,,,
C4.GERDIS.1,3/15/23,March,LM,5.5,8,15.5,10.5,BL,,
C4.LUPBIC,5/28/23,May,BW,4,14,24,11,TL,,
C4.LUPBIC.1,2/17/23,February,BW/RA,2,5,2.75,2,,,
C4.LUPBIC.1,3/15/23,March,LM,3.25,6,5,3.75,TL,,
C4.MADGRA,5/28/23,May,BW,106,1311,130,112,TR,,
C4.MADGRA.1,2/17/23,February,BW/RA,4,12,14,12,,,
C4.MADGRA.1,3/15/23,March,LM,12.5,33,28.5,27.5,TR,,
C4.MADGRA.1,4/14/23,April,IA Zeen,54,403,41.5,33,TR,,
C4.TORARV,5/28/23,May,BW,95,39,40,37,BL,,
C4.TORARV,6/14/23,June,BW,NA,NA,NA,NA,NA,,
C4.TORARV.1,2/17/23,February,BW/RA,1.5,4,7.5,5.75,,,
C4.TORARV.1,3/15/23,March,LM,5,7,11,12.2,BL,,
C4.TORARV.1,4/14/23,April,IA Zeen,29,6,20.25,11,BL,,
C4.TRIHIR,5/29/23,May,BW,11.75,13,38.5,16,BL,,
C4.TRIHIR,6/14/23,June,BW,NA,NA,NA,NA,NA,,
C4.TRIHIR.1,2/17/23,February,BW/RA,2,4,2.5,1.5,,,
C4.TRIHIR.1,3/15/23,March,LM,7,8,5.75,4,C,,
C4.TRIHIR.1,4/14/23,April,IA Zeen,22,13,11,7,C,,
C4.VICSAT,5/29/23,May,BW,NA,NA,NA,NA,NA,,
C4.VICSAT,6/14/23,June,BW,NA,NA,NA,NA,NA,,
C4.VICSAT.1,2/17/23,February,BW/RA,5.5,12,10.75,5.5,,,
C4.VICSAT.1,3/15/23,March,LM,9.5,30,30,9.75,TR,,
C4.VICSAT.1,4/14/23,April,IA Zeen,69,51,59,39,BL,,
C5.AVEBAR.1,NA,NA,NA,NA,NA,NA,NA,,,
C5.AVEBAR.1,NA,NA,NA,NA,NA,NA,NA,NA,,
C5.BRODIA,5/22/23,May,BW,19,12,27,17,TR,,
C5.BRODIA.1,NA,NA,NA,NA,NA,NA,NA,,,
C5.BRODIA.1,3/16/23,March,LM,11,64,24,25.5,TR,,
C5.BRODIA.1,4/14/23,April,IA Zeen,36,74,89,63.5,TR,,
C5.BROHOR,5/17/23,May,BW,NA,NA,NA,NA,BL,,
C5.BROHOR.1,NA,NA,NA,NA,NA,NA,NA,,,
C5.BROHOR.1,3/16/23,March,LM,3.5,21,10.5,11,BL,,
C5.BROHOR.1,4/14/23,April,IA Zeen,15.5,37,24.5,14.5,BL,,
C5.CLAPUR.1,2/17/23,February,BW/RA,2,10,3,3,,,
C5.CLAPUR.1,3/16/23,March,LM,5.75,39,5,4,TR,,
C5.CLAPUR.1,4/14/23,April,IA Zeen,13.25,112,20.5,9.5,TR,,
C5.DAUPUS,5/17/23,May,MA,17.5,4,8,5.75,BL,,
C5.DAUPUS.1,2/17/23,February,BW/RA,0.5,2,2.25,1.25,,,
C5.DAUPUS.1,3/16/23,March,LM,1.25,5,4,2.75,BL,,
C5.DAUPUS.1,4/14/23,April,IA Zeen,6,4,5.75,4.75,BL,,
C5.EROBOT.1,2/17/23,February,BW/RA,1.5,9,7,6,,,
C5.EROBOT.1,3/16/23,March,LM,4.5,14,26.75,18,TR,,
C5.EROBOT.1,4/14/23,April,IA Zeen,28,42,68,36,TR,,
C5.GERDIS,5/27/23,May,BW,NA,NA,NA,NA,NA,,
C5.GERDIS,6/14/23,June,BW,NA,NA,NA,NA,NA,,
C5.GERDIS.1,2/17/23,February,BW/RA,1.5,6,7,5.75,,,
C5.GERDIS.1,3/16/23,March,LM,5,11,13,12.5,CR,,
C5.GERDIS.1,4/14/23,April,IA Zeen,22.5,39,33,24,CR,,
C5.LUPBIC.1,NA,NA,NA,NA,NA,NA,NA,,,
C5.MADGRA,5/28/23,May,BW,112,1765,48,50,C,,
C5.MADGRA.1,2/17/23,February,BW/RA,4,12,14,16,,,
C5.MADGRA.1,3/16/23,March,LM,14.5,49,26,25.5,C,,
C5.MADGRA.1,4/14/23,April,IA Zeen,57,334,30.5,32.5,C,,
C5.TORARV,6/14/23,June,BW,NA,NA,NA,NA,NA,,
C5.TORARV.1,2/17/23,February,BW/RA,1.25,3,3,2.25,,,
C5.TORARV.1,3/16/23,March,LM,3.75,4,3.25,2.25,TR,,
C5.TORARV.1,4/14/23,April,IA Zeen,8.5,4,6.5,6.5,TR,,
C5.TRIHIR,5/29/23,May,BW,31.5,12,24.5,12,CR,,
C5.TRIHIR,6/14/23,June,BW,NA,NA,NA,NA,NA,,
C5.TRIHIR.1,2/17/23,February,BW/RA,0.5,2,1.5,0.75,,,
C5.TRIHIR.1,3/16/23,March,LM,2.25,3,4,2,C,,
C5.TRIHIR.1,4/14/23,April,IA Zeen,9.5,7,7,6.25,CR,,
C5.VICSAT,5/29/23,May,BW,NA,NA,NA,NA,NA,,
C5.VICSAT,6/14/23,June,BW,NA,NA,NA,NA,NA,,
C5.VICSAT.1,2/17/23,February,BW/RA,3,8,12.25,7.25,,,
C5.VICSAT.1,3/16/23,March,LM,7.25,27,18,14,BR,,
C5.VICSAT.1,4/14/23,April,IA Zeen,19,34,40.5,32.5,BR,,
C6.AMSMEN.1,2/17/23,February,BW/RA,3.25,11,8,6.5,,,
C6.AMSMEN.1,3/16/23,March,LM,8,18,13,12.25,,,
C6.AVEBAR,5/19/23,May,BW,185,59,73,38,BL,,
C6.AVEBAR.1,NA,NA,NA,NA,NA,NA,NA,,,
C6.AVEBAR.1,3/16/23,March,LM,6.75,73,22.5,24.5,BL,,
C6.AVEBAR.1,4/14/23,April,IA Zeen,85.5,76,92,51,BL,,
C6.BROARE,5/22/23,May,BW,23,23,20.5,15.5,TC,,
C6.BROARE.1,NA,NA,NA,NA,NA,NA,NA,,,
C6.BROARE.1,3/16/23,March,LM,17.5,12,25.5,6,TC,,
C6.BROARE.1,4/14/23,April,IA Zeen,30.5,32,29,45,TC,,
C6.BRODIA,5/22/23,May,BW,19,47,31,39,BL,,
C6.BRODIA.1,NA,NA,NA,NA,NA,NA,NA,,,
C6.BRODIA.1,3/16/23,March,LM,6,39,18.5,19.5,BL,,
C6.BRODIA.1,4/14/23,April,IA Zeen,30,62,49,38,BL,,
C6.BROMAD,5/17/23,May,BW,NA,NA,NA,NA,C,,
C6.BROMAD.1,NA,NA,NA,NA,NA,NA,NA,,,
C6.BROMAD.1,3/16/23,March,LM,3.5,20,10,8,C,,
C6.BROMAD.1,4/14/23,April,IA Zeen,30,19,11.75,6,C,,
C6.CAUCOU.1,NA,NA,NA,NA,NA,NA,NA,,,
C6.EROCIC,5/26/23,May,BW,NA,NA,NA,NA,NA,,
C6.EROCIC.1,NA,NA,NA,NA,NA,NA,NA,,,
C6.ESCCAL,6/14/23,June,BW,NA,NA,NA,NA,NA,,
C6.ESCCAL.1,NA,NA,NA,NA,NA,NA,NA,,,
C6.LUPMIC,5/28/23,May,BW,NA,NA,NA,NA,NA,,
C6.LUPMIC.1,NA,NA,NA,NA,NA,NA,NA,,,
C6.LUPSUC.1,NA,NA,NA,NA,NA,NA,NA,,,
C6.MIRMUL,5/28/23,May,BW,NA,NA,NA,NA,NA,,
C6.MIRMUL.1,NA,NA,NA,NA,NA,NA,NA,,,
C6.PHATAN,5/17/23,May,BW,NA,NA,NA,NA,NA,,
C6.PHATAN,6/14/23,June,BW,NA,NA,NA,NA,NA,,
C6.PHATAN.1,2/17/23,February,BW/RA,3,8,6,6,,,
C6.PHATAN.1,3/16/23,March,LM,11,6,23,16.5,TR,,
C7.AMSMEN.1,2/17/23,February,BW/RA,3,11,3.75,3.5,,,
C7.AMSMEN.1,3/16/23,March,LM,5.5,12,9,9,CB,,
C7.AVEBAR,5/19/23,May,BW,124,24,76,56,C,,
C7.AVEBAR.1,NA,NA,NA,NA,NA,NA,NA,,,
C7.AVEBAR.1,3/16/23,March,LM,9,43,24,24.5,C,,
C7.AVEBAR.1,4/14/23,April,IA Zeen,64,61,65,42,C,,
C7.BROARE,5/22/23,May,BW,18,38,27,25.5,TR,,
C7.BROARE.1,NA,NA,NA,NA,NA,NA,NA,,,
C7.BROARE.1,3/16/23,March,LM,12,11,21,10.5,TR,,
C7.BROARE.1,4/14/23,April,IA Zeen,25.5,17,42,22.5,TR,,
C7.BRODIA,5/22/23,May,BW,NA,NA,NA,NA,C,,
C7.BRODIA.1,NA,NA,NA,NA,NA,NA,NA,,,
C7.BRODIA.1,3/16/23,March,LM,9,37,22,18.5,C,,
C7.BRODIA.1,4/14/23,April,IA Zeen,15,52,14.5,64.5,C,,
C7.BROMAD,5/17/23,May,BW,NA,NA,NA,NA,C,,
C7.BROMAD.1,NA,NA,NA,NA,NA,NA,NA,,,
C7.BROMAD.1,3/16/23,March,LM,5.75,11,13.75,9,C,,
C7.BROMAD.1,4/14/23,April,IA Zeen,30,8,10,5,C,,
C7.CAUCOU.1,NA,NA,NA,NA,NA,NA,NA,,,
C7.EROCIC,5/26/23,May,BW,NA,NA,NA,NA,NA,,
C7.EROCIC.1,2/17/23,February,BW/RA,0.25,3,1.5,1.75,,,
C7.EROCIC.1,3/16/23,March,LM,2.25,6,4,3.25,BR,,
C7.ESCCAL,5/27/23,May,BW,NA,NA,NA,NA,NA,,
C7.ESCCAL,6/14/23,June,BW,NA,NA,NA,NA,NA,,
C7.ESCCAL.1,2/17/23,February,BW/RA,1,13,8.25,8.5,,,
C7.LUPMIC,5/28/23,May,BW,65,237,75,72,CB,,
C7.LUPMIC.1,2/17/23,February,BW/RA,3.5,1,6,4.25,,,
C7.LUPMIC.1,3/16/23,March,LM,6.5,8,11.5,9,CB,,
C7.LUPSUC.1,NA,NA,NA,NA,NA,NA,NA,,,
C7.MIRMUL,5/28/23,May,BW,NA,NA,NA,NA,NA,,
C7.MIRMUL.1,NA,NA,NA,NA,NA,NA,NA,,,
C7.PHATAN,5/17/23,May,BW,NA,NA,NA,NA,NA,,
C7.PHATAN,6/14/23,June,BW,NA,NA,NA,NA,NA,,
C7.PHATAN.1,NA,NA,NA,NA,NA,NA,NA,,,
C7.PHATAN.1,3/16/23,March,LM,2,4,3.75,3,C,,
C8.ACMPAR.1,NA,NA,NA,NA,NA,NA,NA,,,
C8.AIRCAR,5/16/23,May,SS,10.5,0,11.75,5,TC,,
C8.AIRCAR.1,2/17/23,February,BW/RA,1.25,7,2,1.25,,,
C8.AIRCAR.1,3/16/23,March,LM,2,11,4.25,2,TC,,
C8.AIRCAR.1,4/14/23,April,KT,8.5,23,10.5,6.5,TC,,
C8.BRODIA,5/22/23,May,BW,58,7,111,113,CR,,
C8.BRODIA.1,NA,NA,NA,NA,NA,NA,NA,,,
C8.BRODIA.1,3/16/23,March,LM,6.5,62,18,18,CR,,
C8.BRODIA.1,4/14/23,April,KT,9,71,50,30,CR,,
C8.BROHOR,5/23/23,May,BW,74,15,83,55,TL,,
C8.BROHOR.1,NA,NA,NA,NA,NA,NA,NA,,,
C8.BROHOR.1,3/16/23,March,LM,3.25,28,6.5,7.5,TL,,
C8.BROHOR.1,4/14/23,April,KT,12,24,23.5,14,TL,,
C8.CLAPUR,5/25/23,May,BW,25.25,53,31,15.5,TR,,
C8.CLAPUR.1,2/17/23,February,BW/RA,0.5,21,1.75,1.75,,,
C8.CLAPUR.1,3/16/23,March,LM,2.25,52,5,5,TR,,
C8.CLAPUR.1,4/14/23,April,KT,7,79,18,7,TR,,
C8.DANCAL,5/26/23,May,BW,3.5,2,9,4.25,TR,,
C8.DANCAL,6/14/23,June,BW,2,1,4.5,1.5,TR,,
C8.DANCAL.1,NA,NA,NA,NA,NA,NA,NA,,,
C8.DAUPUS,5/17/23,May,MA,39.75,32,26.5,27.5,TL,,
C8.DAUPUS.1,2/17/23,February,BW/RA,0.75,5,3.5,1.75,,,
C8.DAUPUS.1,3/16/23,March,LM,1,9,7,6.75,TL,,
C8.DAUPUS.1,4/14/23,April,KT,5.5,17,16.5,13.75,TL,,
C8.ESCCAL,5/27/23,May,BW,16.5,8,16,11,BL,,
C8.ESCCAL,6/14/23,June,BW,23.5,24,21,16,BL,,
C8.ESCCAL.1,2/17/23,February,BW/RA,0.75,6,2,2.5,,,
C8.ESCCAL.1,3/16/23,March,LM,1.5,10,4.5,5.5,BL,,
C8.ESCCAL.1,4/14/23,April,KT,10.5,7,10.5,7.5,BL,,
C8.GALPAR,6/14/23,June,BW,NA,NA,NA,NA,NA,,
C8.GALPAR.1,2/17/23,February,BW/RA,0.25,6,0.5,0.25,,,
C8.GALPAR.1,3/16/23,March,LM,1,12,0.75,1,C,,
C8.GALPAR.1,4/14/23,April,KT,5,30,3.5,2,C/BL,,
C8.HYPGLA,5/24/23,May,AL,35,13,14,7,TL,,
C8.HYPGLA,6/14/23,June,BW,NA,NA,NA,NA,NA,,
C8.HYPGLA.1,2/17/23,February,BW/RA,0.25,9,3,2.25,,,
C8.HYPGLA.1,3/16/23,March,LM,0.75,14,9.5,7.5,TL,,
C8.HYPGLA.1,4/14/23,April,KT,7,17,17,15,TL,,
C8.MADGRA.1,2/17/23,February,BW/RA,0.75,10,4.75,6,,,
C8.MADGRA.1,3/16/23,March,LM,3.5,15,18,16,C,,
C8.MADGRA.1,4/14/23,April,KT,14.5,68,24,24.5,CR,,
C8.SANBIP.1,NA,NA,NA,NA,NA,NA,NA,,,
D1.ACMPAR.1,NA,NA,NA,NA,NA,NA,NA,,,
D1.AIRCAR,5/16/23,May,SS,25.5,6,5,8,C,,
D1.AIRCAR.1,2/20/23,February,BW/RA,0.75,10,2.25,2.25,,,
D1.AIRCAR.1,3/17/23,March,NA,1.25,30,4.25,3.5,C,,
D1.AIRCAR.1,4/16/23,April,KH/KM,6,30,7.5,3.5,C,,
D1.BRODIA,5/22/23,May,BW,77,34,73,68,BL,,
D1.BRODIA.1,NA,NA,NA,NA,NA,NA,NA,,,
D1.BRODIA.1,3/17/23,March,NA,3.75,60,12,13.25,BL,,
D1.BRODIA.1,4/16/23,April,BW,5.5,99,24,18.5,BL,,
D1.BROHOR,5/23/23,May,BW,77,13,47,36,TL,,
D1.BROHOR.1,NA,NA,NA,NA,NA,NA,NA,,,
D1.BROHOR.1,3/17/23,March,NA,2.25,22,8.5,6.75,TL,,
D1.BROHOR.1,4/16/23,April,BW,10.5,57,17,11.5,TL,,
D1.CLAPUR.1,2/20/23,February,BW/RA,1,29,2.25,1.75,,,
D1.CLAPUR.1,3/17/23,March,NA,3,109,9.25,3.5,BL,,
D1.CLAPUR.1,4/16/23,April,BW,4.75,171,14,5,BL,,
D1.DANCAL,6/14/23,June,BW,NA,NA,NA,NA,NA,,
D1.DANCAL.1,NA,NA,NA,NA,NA,NA,NA,,,
D1.DAUPUS.1,NA,NA,NA,NA,NA,NA,NA,,,
D1.ESCCAL,5/27/23,May,BW,34.5,43,43,16.5,TC,,
D1.ESCCAL,6/14/23,June,BW,25.5,75,49,35,TC,,
D1.ESCCAL.1,2/20/23,February,BW/RA,0.75,5,3.5,2,,,
D1.ESCCAL.1,3/17/23,March,NA,2,13,5.5,6,TC,,
D1.ESCCAL.1,4/16/23,April,BW,7.25,17,13,13,TC,,
D1.GALPAR,5/27/23,May,BW,10,262,21.5,7,BL,,
D1.GALPAR,6/14/23,June,BW,NA,NA,NA,NA,NA,,
D1.GALPAR.1,2/20/23,February,BW/RA,0.25,13,0.5,0.5,,,
D1.GALPAR.1,3/17/23,March,NA,0.7,40,1.75,1.25,BL,,
D1.GALPAR.1,4/16/23,April,BW,6,103,6.5,4,BL,,
D1.HYPGLA,5/24/23,May,AL,53,13,30,25,BR,,
D1.HYPGLA,6/14/23,June,BW,NA,NA,NA,NA,NA,,
D1.HYPGLA.1,2/20/23,February,BW/RA,0.25,8,4.75,3,,,
D1.HYPGLA.1,3/17/23,March,NA,2,15,9.75,8.25,BR,,
D1.HYPGLA.1,4/16/23,April,KH/KM,5,9,10,7,BR,,
D1.MADGRA,5/28/23,May,BW,109,910,74,60,BR,,
D1.MADGRA.1,2/20/23,February,BW/RA,1,8,6.5,4.25,,,
D1.MADGRA.1,3/17/23,March,NA,2.25,30,12.75,9.75,BR,,
D1.MADGRA.1,4/16/23,April,BW,8,95,24.5,24,BR,,
D1.SANBIP.1,NA,NA,NA,NA,NA,NA,NA,,,
D2.AVEBAR,5/19/23,May,BW,101,17,87,85,BL,,
D2.AVEBAR.1,NA,NA,NA,NA,NA,NA,NA,,,
D2.AVEBAR.1,3/17/23,March,NA,6.5,25,16,12.5,BL,,
D2.AVEBAR.1,4/16/23,April,BW,19.5,31,45,46.5,BL,,
D2.BRODIA,5/22/23,May,BW,NA,NA,NA,NA,BR,,
D2.BRODIA.1,NA,NA,NA,NA,NA,NA,NA,,,
D2.BRODIA.1,3/17/23,March,NA,5,52,16,14,BR,,
D2.BRODIA.1,4/16/23,April,BW,18,82,42,34,BR,,
D2.BROHOR,5/17/23,May,BW,NA,NA,NA,NA,BL,,
D2.BROHOR.1,NA,NA,NA,NA,NA,NA,NA,,,
D2.BROHOR.1,3/17/23,March,NA,6.5,22,7.5,10.75,BL,,
D2.BROHOR.1,4/16/23,April,BW,24,15,16,10,BL,,
D2.CLAPUR.1,2/20/23,February,BW/RA,2,20,4,3.75,,,
D2.CLAPUR.1,3/17/23,March,NA,4.5,84,11.75,9.75,BR,,
D2.CLAPUR.1,4/16/23,April,BW,21.5,426,38,19.5,BR,,
D2.DAUPUS,5/17/23,May,MA,54,7,21.5,8.75,TL,,
D2.DAUPUS.1,2/20/23,February,BW/RA,0.5,3,3.5,2.25,,,
D2.DAUPUS.1,3/17/23,March,NA,1.5,4,7.25,4,BL,,
D2.DAUPUS.1,4/16/23,April,BW,11.5,5,14.5,7,TL,,
D2.EROBOT,5/26/23,May,BW,NA,NA,NA,NA,NA,,
D2.EROBOT.1,NA,NA,NA,NA,NA,NA,NA,,,
D2.GERDIS,5/27/23,May,BW,NA,NA,NA,NA,NA,,
D2.GERDIS,6/14/23,June,BW,NA,NA,NA,NA,NA,,
D2.GERDIS.1,2/20/23,February,BW/RA,1,6,5.5,3.5,,,
D2.GERDIS.1,3/17/23,March,NA,3.5,7,9.75,8.75,BR,,
D2.GERDIS.1,4/16/23,April,BW,12,16,16.75,16,BR,,
D2.LUPBIC,5/28/23,May,BW,NA,NA,NA,NA,NA,,
D2.LUPBIC.1,NA,NA,NA,NA,NA,NA,NA,,,
D2.LUPBIC.1,3/17/23,March,NA,1.5,4,2.75,2.5,CR,,
D2.LUPBIC.1,4/16/23,April,BW,6,6,3.25,3.5,CR,,
D2.MADGRA,5/28/23,May,BW,101,700,84,57,CR,,
D2.MADGRA.1,2/20/23,February,BW/RA,4.25,10,11,6.5,,,
D2.MADGRA.1,3/17/23,March,NA,10,20,23.75,17.5,CR,,
D2.MADGRA.1,4/16/23,April,BW,40.5,164,25.5,24,CR,,
D2.TORARV,5/28/23,May,BW,36,9,36,10,BL,,
D2.TORARV,6/14/23,June,BW,NA,NA,NA,NA,NA,,
D2.TORARV.1,2/20/23,February,BW/RA,1,3,2,1.75,,,
D2.TORARV.1,3/17/23,March,NA,4,4,3.25,3.5,BL,,
D2.TORARV.1,4/16/23,April,BW,10.5,4,9.5,8.5,BL,,
D2.TRIHIR,5/29/23,May,BW,17.5,49,53,47,BL,,
D2.TRIHIR,6/14/23,June,BW,NA,NA,NA,NA,NA,,
D2.TRIHIR.1,2/20/23,February,BW/RA,0.5,7,3.5,2.5,,,
D2.TRIHIR.1,4/16/23,April,BW,11,27,16.5,15.5,BL,,
D2.VICSAT,5/29/23,May,BW,NA,NA,NA,NA,NA,,
D2.VICSAT,6/14/23,June,BW,NA,NA,NA,NA,NA,,
D2.VICSAT.1,2/20/23,February,BW/RA,6.5,12,8.5,7.25,,,
D2.VICSAT.1,3/17/23,March,NA,10.5,28,25,15,TR,,
D3.AMSMEN.1,2/20/23,February,BW/RA,4.5,13,8,5.75,,,"sheet says ""d4"" but is in d3 section"
D3.AMSMEN.1,3/17/23,March,NA,6.5,11,7.25,9.25,CR,,
D3.AVEBAR,5/19/23,May,BW,137,36,49,81,CR,,
D3.AVEBAR.1,3/17/23,March,NA,6.5,33,15,10.75,CR,,
D3.AVEBAR.1,4/16/23,April,BW,40,54,34,29,CR,,
D3.BROARE,5/22/23,May,BW,30,30,25,12,CL,,
D3.BROARE.1,NA,NA,NA,NA,NA,NA,NA,,,
D3.BROARE.1,4/16/23,April,BW,28,11,35.5,29,,,
D3.BRODIA,5/22/23,May,BW,37,31,53,39,TL,,
D3.BRODIA.1,NA,NA,NA,NA,NA,NA,NA,,,
D3.BRODIA.1,3/17/23,March,NA,6.5,33,10,4,C,,
D3.BRODIA.1,4/16/23,April,BW,23,40,25.5,26.5,TL,,
D3.BROMAD,5/17/23,May,BW,NA,NA,NA,NA,BR,,
D3.BROMAD.1,NA,NA,NA,NA,NA,NA,NA,,,
D3.BROMAD.1,3/17/23,March,NA,6,11,8.25,4.25,BR,,
D3.CAUCOU.1,NA,NA,NA,NA,NA,NA,NA,,,
D3.EROCIC,6/14/23,June,BW,NA,NA,NA,NA,NA,,
D3.EROCIC.1,2/20/23,February,BW/RA,1.5,5,3,2.5,,,
D3.EROCIC.1,3/17/23,March,NA,5.5,6,5,5.25,CR,,
D3.EROCIC.1,4/16/23,April,BW,9,7,9,4.5,CR,,
D3.ESCCAL,5/27/23,May,BW,NA,NA,NA,NA,BR,,
D3.ESCCAL,6/14/23,June,BW,NA,NA,NA,NA,BR,,
D3.ESCCAL.1,2/20/23,February,BW/RA,0.5,10,4.5,4.5,,,
D3.LUPMIC,5/28/23,May,BW,NA,NA,NA,NA,NA,,
D3.LUPMIC.1,NA,NA,NA,NA,NA,NA,NA,,,
D3.LUPSUC.1,NA,NA,NA,NA,NA,NA,NA,,,
D3.LUPSUC.1,NA,NA,NA,NA,NA,NA,NA,NA,,
D3.MIRMUL,5/28/23,May,BW,NA,NA,NA,NA,NA,,
D3.MIRMUL.1,NA,NA,NA,NA,NA,NA,NA,,,
D3.PHATAN,5/17/23,May,BW,NA,NA,NA,NA,NA,,
D3.PHATAN,6/14/23,June,BW,NA,NA,NA,NA,NA,,
D3.PHATAN.1,2/20/23,February,BW/RA,3.25,3,2,1.25,,,
D3.PHATAN.1,3/17/23,March,NA,3.5,3,3.5,2,CB,,
D3.PHATAN.1,4/16/23,April,BW,6,2,1.5,4.5,CR,,
D4.AVEBAR.1,2/20/23,February,BW/RA,NA,NA,NA,NA,NA,,
D4.AVEBAR.1,4/16/23,April,BW,NA,NA,NA,NA,NA,,
D4.BRODIA,5/23/23,May,BW,NA,NA,NA,NA,TR,,
D4.BRODIA.1,NA,NA,NA,NA,NA,NA,NA,,,
D4.BRODIA.1,3/17/23,March,NA,3.5,34,10.5,9,TR,,
D4.BRODIA.1,4/16/23,April,BW,14,50,31.5,25,TR,,
D4.BROHOR,5/23/23,May,BW,NA,NA,NA,NA,BR,,
D4.BROHOR.1,NA,NA,NA,NA,NA,NA,NA,,,
D4.BROHOR.1,3/17/23,March,NA,4,30,11,9.75,BR,,
D4.BROHOR.1,4/16/23,April,BW,8.5,50,27.5,18,BR,,
D4.BROMAD,5/17/23,May,BW,NA,NA,NA,NA,BL,,
D4.BROMAD.1,NA,NA,NA,NA,NA,NA,NA,,,
D4.BROMAD.1,3/17/23,March,NA,4.5,13,9,6.5,BL,,
D4.BROMAD.1,4/16/23,April,BW,12.5,13,17,10,TL,,
D4.CLAPUR.1,2/20/23,February,BW/RA,2.25,16,2,2.25,,,
D4.CLAPUR.1,3/17/23,March,NA,4.5,65,4.5,3.5,BC,,
D4.CLAPUR.1,4/16/23,April,BW,23,258,6.25,12,BC,,
D4.ELYCAP,5/26/23,May,BW,45,2,46,54,TR,,
D4.ELYCAP.1,2/20/23,February,BW/RA,2,19,7.5,5.75,,,
D4.ELYCAP.1,3/17/23,March,NA,4.7,30,11,10,TR,,
D4.ELYCAP.1,4/16/23,April,BW,8.5,58,16,14.5,TR,,
D4.EROBOT,5/26/23,May,BW,NA,NA,NA,NA,NA,,
D4.EROBOT.1,NA,NA,NA,NA,NA,NA,NA,,,
D4.HOLVIR,5/27/23,May,BW,52,27950,40,51,TR,,
D4.HOLVIR,6/14/23,June,BW,60,74997,53,58,NA,,
D4.HOLVIR.1,2/20/23,February,BW/RA,1.75,8,6.75,6,,,
D4.HOLVIR.1,3/17/23,March,NA,4.5,18,16.25,13.7,TR,,
D4.HOLVIR.1,4/16/23,April,BW,12,179,24,22,TR,,
D4.LUPBIC,5/28/23,May,BW,NA,NA,NA,NA,NA,,
D4.LUPBIC.1,NA,NA,NA,NA,NA,NA,NA,,,
D4.LUPBIC.1,4/16/23,April,BW,4,4,3.5,2,C,,
D4.MICCAL,5/28/23,May,BW,NA,NA,NA,NA,NA,,
D4.MICCAL.1,2/20/23,February,BW/RA,1.75,43,3,2,,,
D4.MICCAL.1,3/17/23,March,NA,4,138,5.5,5.5,C,,
D4.MICCAL.1,4/16/23,April,BW,20,300,10,6.5,C,,
D4.PLAERE,5/17/23,May,BW,NA,NA,NA,NA,NA,,
D4.PLAERE,6/14/23,June,BW,NA,NA,NA,NA,NA,,
D4.PLAERE.1,2/20/23,February,BW/RA,3,11,3.5,2,,,
D4.PLAERE.1,3/17/23,March,NA,4.5,19,6,4.5,C,,
D4.PLAERE.1,4/16/23,April,BW,11.5,22,9,7,C,,
D4.TRIHIR,5/29/23,May,BW,30,67,52,38.5,C,,
D4.TRIHIR,6/14/23,June,BW,NA,NA,NA,NA,NA,,
D4.TRIHIR.1,2/20/23,February,BW/RA,0.75,4,3.25,2,,,
D4.TRIHIR.1,3/17/23,March,NA,2.75,15,0.5,6.5,C,,
D4.TRIHIR.1,4/16/23,April,BW,12,50,26,18,C,,
D5.AMSMEN.1,2/20/23,February,BW/RA,4.25,11,5.5,6.5,,,
D5.AMSMEN.1,3/17/23,March,NA,7.25,15,13.5,10,BR,,
D5.AVEBAR,5/19/23,May,BW,91,13,15,17,BL,,
D5.AVEBAR.1,2/20/23,February,BW/RA,7.75,5,7,3.5,,,
D5.AVEBAR.1,4/16/23,April,BW,32.5,35,45.5,24,BL,,
D5.BROARE,5/22/23,May,BW,31.5,28,27,18,TL,,
D5.BROARE.1,NA,NA,NA,NA,NA,NA,NA,,,
D5.BROARE.1,4/16/23,April,BW,29,8,42.5,16,TL,,
D5.BRODIA,5/23/23,May,BW,36.5,20,44,20,BL,,
D5.BRODIA.1,NA,NA,NA,NA,NA,NA,NA,,,
D5.BRODIA.1,3/17/23,March,NA,7,12,10.25,11,BL,,
D5.BRODIA.1,4/16/23,April,BW,23,20,16,12.5,BL,,
D5.BROMAD,5/17/23,May,BW,NA,NA,NA,NA,BC,,
D5.BROMAD.1,NA,NA,NA,NA,NA,NA,NA,,,
D5.BROMAD.1,3/17/23,March,NA,7,12,4,4,BC,,
D5.BROMAD.1,4/16/23,April,BW,22,7,4,3.5,BC,,
D5.CAUCOU.1,NA,NA,NA,NA,NA,NA,NA,,,
D5.EROCIC,5/27/23,May,BW,NA,NA,NA,NA,NA,,
D5.EROCIC,6/14/23,June,BW,NA,NA,NA,NA,NA,,
D5.EROCIC.1,NA,NA,NA,NA,NA,NA,NA,,,
D5.ESCCAL,5/27/23,May,BW,NA,NA,NA,NA,NA,,
D5.ESCCAL,6/14/23,June,BW,NA,NA,NA,NA,NA,,
D5.ESCCAL.1,NA,NA,NA,NA,NA,NA,NA,,,
D5.LUPMIC,5/28/23,May,BW,52,186,70,67,BC,,
D5.LUPMIC.1,2/20/23,February,BW/RA,4,6,11,7.5,,,
D5.LUPMIC.1,3/17/23,March,NA,8,7,11,12.5,,,
D5.LUPMIC.1,4/16/23,April,BW,17,19,17.5,16.5,BC,,
D5.LUPSUC.1,NA,NA,NA,NA,NA,NA,NA,,,
D5.MIRMUL,5/28/23,May,BW,NA,NA,NA,NA,NA,,
D5.MIRMUL.1,NA,NA,NA,NA,NA,NA,NA,,,
D5.PHATAN,5/17/23,May,BW,NA,NA,NA,NA,NA,,
D5.PHATAN,6/14/23,June,BW,NA,NA,NA,NA,NA,,
D5.PHATAN.1,2/20/23,February,BW/RA,1.5,4,4,2.5,,,
D5.PHATAN.1,3/17/23,March,NA,2.5,5,7.75,6.25,BC,,
D5.PHATAN.1,4/16/23,April,BW,12.5,4,6.5,7,BC,,
D6.AVEBAR,5/19/23,May,BW,65,29,133,97,C,,
D6.AVEBAR.1,2/20/23,February,BW/RA,9,5,11,3.5,,,
D6.AVEBAR.1,4/16/23,April,BW,25,45,75,47.5,C,,
D6.BRODIA,5/23/23,May,BW,46,25,74,47,BL,,
D6.BRODIA.1,NA,NA,NA,NA,NA,NA,NA,,,
D6.BRODIA.1,3/17/23,March,NA,7.5,33,15.5,14.5,BL,,
D6.BRODIA.1,4/16/23,April,BW,38.5,42,37,37,BL,,
D6.BROHOR,5/17/23,May,BW,NA,NA,NA,NA,TR,,
D6.BROHOR.1,NA,NA,NA,NA,NA,NA,NA,,,
D6.BROHOR.1,3/17/23,March,NA,4,27,10,11.5,TR,,
D6.BROHOR.1,4/16/23,April,BW,18,30,30,27,TR,,
D6.CLAPUR.1,2/20/23,February,BW/RA,1,24,3.77,3.25,,,
D6.CLAPUR.1,3/17/23,March,NA,3.5,90,8,6.5,BL,,
D6.CLAPUR.1,4/16/23,April,BW,16,209,17.5,12,BL,,
D6.DAUPUS,5/17/23,May,MA,17.75,6,5.25,5.5,BL,,
D6.DAUPUS.1,2/20/23,February,BW/RA,0.5,3,2.5,2,,,
D6.DAUPUS.1,3/17/23,March,NA,2.5,3,3.5,2,BL,,
D6.DAUPUS.1,4/16/23,April,BW,13,3,7.5,3,BL,,
D6.EROBOT,5/26/23,May,BW,NA,NA,NA,NA,NA,,
D6.EROBOT.1,2/20/23,February,BW/RA,2,10,8.5,8,,,
D6.EROBOT.1,3/17/23,March,NA,4.25,18,21.75,16,BL,,
D6.EROBOT.1,4/16/23,April,BW,20.5,56,39,45.5,BL,,
D6.GERDIS,5/27/23,May,BW,NA,NA,NA,NA,NA,,
D6.GERDIS,6/14/23,June,BW,NA,NA,NA,NA,NA,,
D6.GERDIS.1,2/20/23,February,BW/RA,1.25,6,6,5.25,,,
D6.GERDIS.1,3/17/23,March,NA,5.5,8,9.5,8.5,BC,,
D6.GERDIS.1,4/16/23,April,BW,15.75,13,20,24.25,CB,,
D6.LUPBIC,5/28/23,May,BW,15.25,5,6,3.5,BL,,
D6.LUPBIC.1,2/20/23,February,BW/RA,1.5,1,2,1.25,,,
D6.LUPBIC.1,3/17/23,March,NA,3.25,5,2.5,2,BL,,
D6.LUPBIC.1,4/16/23,April,BW,3,8,2.5,2,BL,,
D6.MADGRA,5/28/23,May,BW,105,1887,108,77,BL,,
D6.MADGRA.1,2/20/23,February,BW/RA,2.75,6,10.5,8,,,
D6.MADGRA.1,3/17/23,March,NA,14,24,13.25,16,BL,,
D6.MADGRA.1,4/16/23,April,BW,27,189,22,19.5,BL,,
D6.TORARV,5/28/23,May,BW,25,8,45,11,CL,,
D6.TORARV,6/14/23,June,BW,NA,NA,NA,NA,NA,,
D6.TORARV.1,2/20/23,February,BW/RA,1,3,4,3,,,
D6.TORARV.1,3/17/23,March,NA,3.75,5,5.25,5.25,CL,,
D6.TORARV.1,4/16/23,April,BW,17,3,8.5,5.5,CL,,
D6.TRIHIR,5/29/23,May,BW,22,7,21,14,C,,
D6.TRIHIR,6/14/23,June,BW,NA,NA,NA,NA,NA,,
D6.TRIHIR.1,2/20/23,February,BW/RA,1.25,3,1.5,1,,,
D6.TRIHIR.1,3/17/23,March,NA,3.25,4,3.25,1.75,C,,
D6.TRIHIR.1,4/16/23,April,BW,12,7,14,6.5,C,,
D6.VICSAT,5/29/23,May,BW,NA,NA,NA,NA,NA,,
D6.VICSAT,6/14/23,June,BW,NA,NA,NA,NA,NA,,
D6.VICSAT.1,2/20/23,February,BW/RA,3.25,12,9,7.5,,,
D6.VICSAT.1,3/17/23,March,NA,11.25,22,14.5,16.25,BL,,
D6.VICSAT.1,4/16/23,April,BW,27.5,26,41,34,BL,,
D7.AVEFAT.1,2/20/23,February,BW/RA,NA,NA,NA,NA,,,
D7.AVEFAT.1,NA,NA,NA,NA,NA,NA,NA,NA,,
D7.BRODIA,5/23/23,May,BW,29,38,38,27,BL,,
D7.BRODIA.1,NA,NA,NA,NA,NA,NA,NA,,,
D7.BRODIA.1,3/17/23,March,NA,NA,NA,NA,NA,BL,,
D7.BROHOR.1,NA,NA,NA,NA,NA,NA,NA,,,
D7.BROHOR.1,3/17/23,March,NA,6,15,10.25,6.75,C,,
D7.BROHOR.1,4/16/23,April,BW,19.75,29,25,19.5,C,,
D7.BROMAD,5/17/23,May,BW,NA,NA,NA,NA,TL,,
D7.BROMAD.1,NA,NA,NA,NA,NA,NA,NA,,,
D7.BROMAD.1,3/17/23,March,NA,5,9,6,4.5,TL,,
D7.CALMEN.1,NA,NA,NA,NA,NA,NA,NA,,,
D7.CENMEL,5/17/23,May,BP,54.25,200,23.25,26.5,TR,,"there were tick marks in the leaf # box, not sure if I should enter them or not"
D7.CENMEL.1,2/20/23,February,BW/RA,0.5,6,4.75,2.75,,,
D7.CENMEL.1,3/17/23,March,NA,4,11,7.75,7.5,TR,,
D7.CENMEL.1,4/16/23,April,BW,12,17,19.5,15,TR,,
D7.CORFIL,5/16/23,May,KC,14,16,5.5,5,BR,,
D7.CORFIL,6/14/23,June,B'Elanna,42.5,32,6,4.5,BR,,
D7.CORFIL.1,2/20/23,February,BW/RA,1,4,3.25,2,,,
D7.CORFIL.1,3/17/23,March,NA,2.75,6,5.25,3,BR,,
D7.CORFIL.1,4/16/23,April,BW,5.75,7,5.5,4.5,BR,,
D7.EROCIC,5/27/23,May,BW,NA,NA,NA,NA,NA,,
D7.EROCIC,6/14/23,June,BW,NA,NA,NA,NA,NA,,
D7.EROCIC.1,NA,NA,NA,NA,NA,NA,NA,,,
D7.ESCCAL,5/27/23,May,BW,44,43,56,41,TR,,
D7.ESCCAL,6/14/23,June,BW,37.5,21,9,7,TR,,
D7.ESCCAL.1,2/20/23,February,BW/RA,2.5,7,5,6,,,
D7.ESCCAL.1,3/17/23,March,NA,5.5,13,11,9.5,TR,,
D7.ESCCAL.1,4/16/23,April,BW,17.5,15,22.5,19,TR,,
D7.MICCAL,5/28/23,May,BW,NA,NA,NA,NA,NA,,
D7.MICCAL.1,2/20/23,February,BW/RA,1.5,20,1.5,1,,,
D7.MICCAL.1,3/17/23,March,NA,4.5,102,4,3.5,TR,,
D7.MICCAL.1,4/16/23,April,BW,18.25,349,8,8.5,TR,,
D7.STIPUL,5/28/23,May,BW,9,14,5,7,TL,,
D7.STIPUL,6/14/23,June,BW,15.75,13,14,12.5,TL,,
D7.STIPUL.1,NA,NA,NA,NA,NA,NA,NA,,,
D7.STIPUL.1,3/17/23,March,NA,NA,NA,NA,NA,C,,
D8.AVEFAT.1,2/20/23,February,BW/RA,NA,NA,NA,NA,,,
D8.AVEFAT.1,NA,NA,NA,NA,NA,NA,NA,NA,,
D8.BRODIA,5/23/23,May,BW,37,12,44,17,BR,,
D8.BRODIA.1,NA,NA,NA,NA,NA,NA,NA,,,
D8.BRODIA.1,3/17/23,March,NA,13,22,24,16.5,BR,,
D8.BRODIA.1,4/16/23,April,BW,43,25,35,36,BR,,
D8.BROHOR.1,NA,NA,NA,NA,NA,NA,NA,,,
D8.BROHOR.1,3/17/23,March,NA,6,9,9,8,BC,,
D8.BROHOR.1,4/16/23,April,BW,15,18,9.5,11.5,BC,,
D8.BROMAD,5/17/23,May,BW,NA,NA,NA,NA,BR,,
D8.BROMAD.1,NA,NA,NA,NA,NA,NA,NA,,,
D8.BROMAD.1,3/17/23,March,NA,7,8,8.75,7,BR,,
D8.BROMAD.1,4/16/23,April,BW,20,12,10.5,7,BR,,
D8.CALMEN.1,2/20/23,February,BW/RA,2,29,7.5,6,,,
D8.CALMEN.1,NA,NA,NA,NA,NA,NA,NA,NA,,
D8.CENMEL,5/17/23,May,BP,56.5,116,23,18.5,TL,,
D8.CENMEL.1,2/20/23,February,BW/RA,0.5,3,3.75,2.5,,,
D8.CENMEL.1,3/17/23,March,NA,3.5,7,9.25,6,TL,,
D8.CENMEL.1,4/16/23,April,BW,8.25,11,11.5,11.5,TL,,
D8.CORFIL,5/16/23,May,KC,10,11,5.5,5,C,,
D8.CORFIL,6/14/23,June,B'Elanna,18.5,17,8.75,4,C,,
D8.CORFIL.1,2/20/23,February,BW/RA,1.25,4,1.5,1.5,,,
D8.CORFIL.1,3/17/23,March,NA,3,5,3.75,2.75,C,,
D8.CORFIL.1,4/16/23,April,BW,6,6,3.75,4.25,C,,
D8.EROCIC,5/27/23,May,BW,NA,NA,NA,NA,NA,,
D8.EROCIC,6/14/23,June,BW,NA,NA,NA,NA,NA,,
D8.EROCIC.1,NA,NA,NA,NA,NA,NA,NA,,,
D8.EROCIC.1,NA,NA,NA,NA,NA,NA,NA,NA,,
D8.ESCCAL,5/27/23,May,BW,34,67,47,35,BL,,
D8.ESCCAL,6/14/23,June,BW,35,109,46,45,BL,,
D8.ESCCAL.1,3/17/23,March,NA,4.5,11,15,14,BL,,
D8.ESCCAL.1,4/16/23,April,BW,13.5,35,18.5,14,BL,,
D8.MICCAL,5/28/23,May,BW,NA,NA,NA,NA,NA,,
D8.MICCAL.1,2/20/23,February,BW/RA,1.5,37,1.75,2,,,
D8.MICCAL.1,3/17/23,March,NA,4.25,95,3.75,3.5,C,,
D8.MICCAL.1,NA,NA,NA,NA,NA,NA,NA,NA,,
D8.STIPUL,6/14/23,June,BW,27,8,20,11,TL,,
D8.STIPUL.1,NA,NA,NA,NA,NA,NA,NA,,,
D8.STIPUL.1,3/17/23,March,NA,2.5,4,8.5,2.25,TL,,
D8.STIPUL.1,4/16/23,April,BW,11,6,5,2.5,TL,,
E1.ACMPAR.1,NA,NA,NA,NA,NA,NA,NA,,,
E1.ACMPAR.1,NA,NA,NA,NA,NA,NA,NA,NA,,
E1.ACMPAR.1,NA,NA,NA,NA,NA,NA,NA,NA,,
E1.AIRCAR,5/16/23,May,SS,17,2,8.5,5,BL,,
E1.AIRCAR.1,2/20/23,February,BW/RA,0.75,5,2,0.5,,,
E1.AIRCAR.1,3/18/23,March,NA,2,11,3,1.75,BL,,
E1.AIRCAR.1,4/14/23,April,KT,7.75,21,4.25,4,BL,,
E1.BRODIA,5/23/23,May,BW,78,48,74,50,TL,,
E1.BRODIA.1,NA,NA,NA,NA,NA,NA,NA,,,
E1.BRODIA.1,3/18/23,March,NA,3.5,65,12,12,TR,,
E1.BRODIA.1,4/14/23,April,KT,8,68,20.75,20.75,TR,,
E1.BROHOR,5/23/23,May,BW,71,35,40,31,TC,,
E1.BROHOR.1,NA,NA,NA,NA,NA,NA,NA,,,
E1.BROHOR.1,3/18/23,March,NA,3,44,13,9,TC,,
E1.BROHOR.1,4/14/23,April,KT,5.5,75,30.25,19,TC,,
E1.CLAPUR.1,2/20/23,February,BW/RA,0.75,27,2,1.75,,,
E1.CLAPUR.1,3/18/23,March,NA,2.25,94,5.75,5,CR,,
E1.CLAPUR.1,4/14/23,April,KT,3.5,438,19,7.25,CR,,
E1.DANCAL,6/14/23,June,BW,3,2,3.5,0.75,BL,,
E1.DANCAL.1,NA,NA,NA,NA,NA,NA,NA,,,
E1.DANCAL.1,NA,NA,NA,NA,NA,NA,NA,NA,,
E1.DANCAL.1,NA,NA,NA,NA,NA,NA,NA,NA,,
E1.DAUPUS,5/17/23,May,MA,29.75,8,8.75,10.5,BC,,
E1.DAUPUS.1,2/20/23,February,BW/RA,0.5,4,2.5,2.5,,,
E1.DAUPUS.1,3/18/23,March,NA,1,7,5.5,5.5,BC,,
E1.DAUPUS.1,4/14/23,April,KT,9,8,9.5,8.25,BC,,
E1.ESCCAL.1,3/18/23,March,NA,2.5,9,5.25,6,BR,,
E1.ESCCAL.1,4/14/23,April,KT,6,7,7,4,BR,,
E1.GALPAR,5/27/23,May,BW,21,384,14,10,C,,
E1.GALPAR,6/14/23,June,BW,NA,NA,NA,NA,NA,,
E1.GALPAR.1,2/20/23,February,BW/RA,0.5,14,0.75,0.75,,,
E1.GALPAR.1,3/18/23,March,NA,1.25,64,3,2,C,,
E1.GALPAR.1,4/14/23,April,KT,5,201,4.75,4.75,C,,
E1.HYPGLA,5/24/23,May,AL,29,12,11,8,BL,,
E1.HYPGLA,6/14/23,June,BW,NA,NA,NA,NA,NA,,
E1.HYPGLA.1,2/20/23,February,BW/RA,0.25,5,2,1.5,,,
E1.HYPGLA.1,3/18/23,March,NA,1,8,7,3.5,BL,,
E1.HYPGLA.1,4/14/23,April,KT,4,9,6.75,6.25,BL,,
E1.MADGRA,5/28/23,May,BW,81.5,195,28,20,CL,,
E1.MADGRA.1,2/20/23,February,BW/RA,1,8,3.5,3,,,
E1.MADGRA.1,3/18/23,March,NA,3,11,7.5,7,CL,,
E1.MADGRA.1,4/14/23,April,KT,5,13,19,9,CL,,
E1.SANBIP.1,NA,NA,NA,NA,NA,NA,NA,,,
E1.SANBIP.1,NA,NA,NA,NA,NA,NA,NA,NA,,
E2.AMSMEN.1,2/20/23,February,BW/RA,1.75,11,5.5,5,,,
E2.AMSMEN.1,3/18/23,March,NA,4,15,7.5,6.5,TR,,
E2.AVEBAR,5/21/23,May,BW,163,102,112,56,BL,,
E2.AVEBAR.1,2/20/23,February,BW/RA,7.5,6,8,2.75,,,
E2.AVEBAR.1,4/16/23,April,BW,25,76,71,67,BL,,
E2.BROARE,5/22/23,May,BW,22.5,12,26,21,CR,,
E2.BROARE.1,NA,NA,NA,NA,NA,NA,NA,,,
E2.BROARE.1,4/16/23,April,BW,24.5,9,31,19,19,,
E2.BRODIA,5/23/23,May,BW,37,21,47,26,BL,,
E2.BRODIA.1,NA,NA,NA,NA,NA,NA,NA,,,
E2.BRODIA.1,3/18/23,March,NA,5.5,28,11.5,9.75,BL,,
E2.BRODIA.1,4/16/23,April,BW,20.5,47,19.5,34.5,BL,,
E2.BROMAD,5/17/23,May,BW,NA,NA,NA,NA,CL,,
E2.BROMAD.1,NA,NA,NA,NA,NA,NA,NA,,,
E2.BROMAD.1,4/16/23,April,BW,23.5,22,26,16,CL,,
E2.CAUCOU.1,2/20/23,February,BW/RA,1.25,3,2,1.5,,,
E2.CAUCOU.1,NA,NA,NA,NA,NA,NA,NA,NA,,
E2.EROCIC,5/27/23,May,BW,23.25,38,44.5,25,CR,,
E2.EROCIC,6/14/23,June,BW,NA,NA,NA,NA,NA,,
E2.EROCIC.1,2/20/23,February,BW/RA,0.5,3,1.5,1.75,,,
E2.EROCIC.1,3/18/23,March,NA,1.75,5,3.25,2.25,CR,,
E2.EROCIC.1,4/16/23,April,BW,5,9,7,6.5,CR,,
E2.ESCCAL,5/27/23,May,BW,NA,NA,NA,NA,NA,,
E2.ESCCAL,6/14/23,June,BW,NA,NA,NA,NA,NA,,
E2.ESCCAL.1,NA,NA,NA,NA,NA,NA,NA,,,
E2.LUPMIC.1,2/20/23,February,BW/RA,3.5,6,8,8,,,
E2.LUPSUC.1,NA,NA,NA,NA,NA,NA,NA,,,
E2.MIRMUL,5/28/23,May,BW,NA,NA,NA,NA,NA,,
E2.MIRMUL.1,NA,NA,NA,NA,NA,NA,NA,,,
E2.PHATAN,5/17/23,May,BW,NA,NA,NA,NA,NA,,
E2.PHATAN,6/14/23,June,BW,NA,NA,NA,NA,NA,,
E2.PHATAN.1A,2/20/23,February,BW/RA,4,6,6,3.75,,,
E2.PHATAN.1A,3/18/23,March,NA,,,,,,,
E2.PHATAN.1B,2/20/23,February,BW/RA,1,3,5.5,3,,,
E2.PHATAN.1B,NA,NA,NA,NA,NA,NA,NA,NA,,
E3.ACMPAR.1,NA,NA,NA,NA,NA,NA,NA,,,
E3.ACMPAR.1,NA,NA,NA,NA,NA,NA,NA,NA,,
E3.AIRCAR,5/16/23,May,SS,13.75,2,6,3.5,BR,,
E3.AIRCAR.1,2/20/23,February,BW/RA,0.75,5,1,0.75,,,
E3.AIRCAR.1,3/18/23,March,NA,2,16,3.75,3.25,BR,,
E3.AIRCAR.1,4/16/23,April,KH/KM,6,27,6.5,8,BR,,
E3.BRODIA,5/23/23,May,BW,72,82,71,112,BR,,
E3.BRODIA.1,NA,NA,NA,NA,NA,NA,NA,,,
E3.BRODIA.1,3/18/23,March,NA,6,71,17,12.5,BR,,
E3.BRODIA.1,4/18/23,April,BW,8.25,161,40,33,BR,,
E3.BROHOR,5/23/23,May,BW,71,29,46,19,CB,,
E3.BROHOR.1,NA,NA,NA,NA,NA,NA,NA,,,
E3.BROHOR.1,3/18/23,March,NA,5,57,13,13.75,CB,,
E3.BROHOR.1,4/18/23,April,BW,7.5,116,28.5,23,CB,,
E3.CLAPUR.1,2/20/23,February,BW/RA,1,18,2.5,2,,,
E3.CLAPUR.1,3/18/23,March,NA,2,62,6,4.5,CB,,
E3.CLAPUR.1,4/18/23,April,BW,5.5,210,16.5,9.5,C,,
E3.DANCAL,6/14/23,June,BW,7,3,3.75,3.5,BL,,
E3.DANCAL.1,NA,NA,NA,NA,NA,NA,NA,,,
E3.DANCAL.1,NA,NA,NA,NA,NA,NA,NA,NA,,
E3.DAUPUS,5/17/23,May,MA,29.5,6,10.5,11,TR,,
E3.DAUPUS.1,2/20/23,February,BW/RA,1.5,3,2.75,1.5,,,
E3.DAUPUS.1,3/18/23,March,NA,2.5,6,4.5,5.25,TR,,
E3.DAUPUS.1,4/18/23,April,BW,7,5,9.75,6.5,TR,,
E3.ESCCAL,5/27/23,May,BW,7,6,5.5,4.75,C/TL,,
E3.ESCCAL,6/14/23,June,BW,14.25,15,10.75,9,C/TL,,
E3.ESCCAL.1,2/20/23,February,BW/RA,0.75,6,3,2.5,,,
E3.ESCCAL.1,3/18/23,March,NA,2.5,8,4.5,4.25,C/TL,,
E3.ESCCAL.1,4/18/23,April,BW,4.5,7,5,4.5,C/TL,,
E3.GALPAR,6/14/23,June,BW,NA,NA,NA,NA,NA,,
E3.GALPAR.1,2/20/23,February,BW/RA,0.25,4,0.5,0.5,,,
E3.GALPAR.1,3/18/23,March,NA,1,37,2,0.75,CB,,
E3.GALPAR.1,4/18/23,April,BW,7.25,78,3,2.5,CB,,
E3.HYPGLA,5/24/23,May,AL,38,10,30,10,CB,,
E3.HYPGLA,6/14/23,June,BW,NA,NA,NA,NA,NA,,
E3.HYPGLA.1,2/20/23,February,BW/RA,0.25,8,4.25,3.5,,,
E3.HYPGLA.1,3/18/23,March,NA,1.5,14,8.5,8.25,CB,,
E3.MADGRA,5/28/23,May,BW,31,450,38,36,CB,,
E3.MADGRA.1,2/20/23,February,BW/RA,1.25,6,3.5,3.5,,,
E3.MADGRA.1,3/18/23,March,NA,2.5,12,10,5.5,CB,,
E3.MADGRA.1,4/18/23,April,BW,5.5,28,19.5,17.5,CB,,
E3.SANBIP.1,NA,NA,NA,NA,NA,NA,NA,,,
E4.AMSMEN.1,2/20/23,February,BW/RA,4,11,5.25,5,,,
E4.AMSMEN.1,3/18/23,March,NA,7,14,11.5,11,TR,,
E4.AVEBAR,5/21/23,May,BW,119,67,102,82,BL,,
E4.AVEBAR.1,2/20/23,February,BW/RA,NA,NA,NA,NA,NA,,
E4.AVEBAR.1,4/17/23,April,BW,36,63,93,62,BL,,
E4.BROARE,5/22/23,May,BW,22.5,10,20,7,TR,,
E4.BROARE.1,NA,NA,NA,NA,NA,NA,NA,,,
E4.BROARE.1,4/17/23,April,BW,23,8,17,11,TR,,
E4.BRODIA,5/23/23,May,BW,32,15,15,85,BL,,
E4.BRODIA.1,NA,NA,NA,NA,NA,NA,NA,,,
E4.BRODIA.1,3/18/23,March,NA,5.5,20,7.75,6.25,BL,,
E4.BRODIA.1,4/17/23,April,BW,17,22,27,14.5,BL,,
E4.BROMAD,5/17/23,May,BW,NA,NA,NA,NA,BL,,
E4.BROMAD.1,NA,NA,NA,NA,NA,NA,NA,,,
E4.BROMAD.1,3/18/23,March,NA,5,11,15,11.5,BL,,
E4.BROMAD.1,4/17/23,April,BW,23,14,19.5,17,BL,,
E4.CAUCOU.1,NA,NA,NA,NA,NA,NA,NA,,,
E4.EROCIC,5/27/23,May,BW,NA,NA,NA,NA,NA,,
E4.EROCIC,6/14/23,June,BW,NA,NA,NA,NA,NA,,
E4.EROCIC.1,2/20/23,February,BW/RA,1.5,7,3.5,2,,,
E4.ESCCAL,5/27/23,May,BW,NA,NA,NA,NA,NA,,
E4.ESCCAL,6/14/23,June,BW,NA,NA,NA,NA,NA,,
E4.ESCCAL.1,NA,NA,NA,NA,NA,NA,NA,,,
E4.LUPMIC,5/28/23,May,BW,45,59,43,26.5,TR,,
E4.LUPMIC.1,2/20/23,February,BW/RA,1.75,1,2.5,2.25,,,
E4.LUPMIC.1,3/18/23,March,NA,2.5,5,4.5,3.5,TR,,
E4.LUPMIC.1,4/17/23,April,BW,8,6,7.5,4,TR,,
E4.LUPSUC.1,NA,NA,NA,NA,NA,NA,NA,,,
E4.MIRMUL,5/28/23,May,BW,NA,NA,NA,NA,NA,,
E4.MIRMUL.1,NA,NA,NA,NA,NA,NA,NA,,,
E4.PHATAN,5/17/23,May,BW,NA,NA,NA,NA,NA,,
E4.PHATAN,6/14/23,June,BW,NA,NA,NA,NA,NA,,
E4.PHATAN.1-E2,3/18/23,March,NA,4.5,6,12,6,TR,,
E5.AVEBAR,5/21/23,May,BW,80,33,34,36,TR,,
E5.AVEFAT.1,NA,NA,NA,NA,NA,NA,NA,,,
E5.AVEFAT.1,3/18/23,March,NA,9,36,38.25,33,TR,,
E5.BRODIA,5/23/23,May,BW,27,16,29,26,BL,,
E5.BRODIA.1,NA,NA,NA,NA,NA,NA,NA,,,
E5.BRODIA.1,3/18/23,March,NA,15,21,30,23,BL,,
E5.BRODIA.1,4/18/23,April,BW,22.5,28,52,62,BL,,
E5.BROHOR.1,NA,NA,NA,NA,NA,NA,NA,,,
E5.BROHOR.1,3/18/23,March,NA,6,10,12,6.5,BR,,
E5.BROMAD,5/24/23,May,BW,17,28,8.5,7.5,BL,,
E5.BROMAD.1,NA,NA,NA,NA,NA,NA,NA,,,
E5.BROMAD.1,3/18/23,March,NA,5.5,19,13.25,13.75,BL,,
E5.BROMAD.1,4/18/23,April,BW,14.25,30,16.5,16,BL,,
E5.CALMEN.1,2/20/23,February,BW/RA,1.75,27,8.75,8.5,,,
E5.CALMEN.1,4/18/23,April,BW,17.5,227,39,38,BR,,
E5.CENMEL,5/17/23,May,BP,59.5,141,23,19.25,CB,,
E5.CENMEL.1,2/20/23,February,BW/RA,0.75,7,6.5,4.5,,,
E5.CENMEL.1,3/18/23,March,NA,4.5,10,12,11.5,CB,,
E5.CENMEL.1,4/18/23,April,BW,11.75,17,11.5,13,CB,,
E5.CORFIL,5/16/23,May,KC,15,16,7.5,7,BR,,
E5.CORFIL,6/14/23,June,B'Elanna,37,30,7.25,2,BR,,
E5.CORFIL.1,2/20/23,February,BW/RA,0.75,8,3.5,2.5,,,
E5.CORFIL.1,3/18/23,March,NA,3.5,16,5.5,3.5,BR,,
E5.EROCIC,5/27/23,May,BW,23.5,120,67,68,TC,,
E5.EROCIC,6/14/23,June,BW,NA,NA,NA,NA,NA,,
E5.EROCIC.1,2/20/23,February,BW/RA,0.5,9,4.25,4.25,,,
E5.EROCIC.1,3/18/23,March,NA,4.75,12,11.75,6.5,TC,,
E5.EROCIC.1,4/18/23,April,BW,13,24,40.5,16.5,TC,,
E5.ESCCAL,5/27/23,May,BW,36,47,41,23,TL,,
E5.ESCCAL,6/14/23,June,BW,38.5,129,41,54,TL,,
E5.ESCCAL.1,2/20/23,February,BW/RA,1.25,10,7.5,7,,,
E5.ESCCAL.1,3/18/23,March,NA,3.5,13,8.5,8,TL,,
E5.MICCAL,5/28/23,May,BW,NA,NA,NA,NA,NA,,
E5.MICCAL.1,2/20/23,February,BW/RA,1.25,12,1,1,,,
E5.MICCAL.1,3/18/23,March,NA,3.5,32,1.75,1.75,TR,,
E5.MICCAL.1,4/18/23,April,BW,11.75,55,5.5,3,TR,,
E5.STIPUL,6/14/23,June,BW,29.5,5,11,7,CB,,
E5.STIPUL.1,NA,NA,NA,NA,NA,NA,NA,,,
E5.STIPUL.1,3/18/23,March,NA,3.5,5,4.5,3,C,,
E5.STIPUL.1,4/18/23,April,BW,13.5,6,3,3,CB,,
E6.AVEFAT.1,2/20/23,February,BW/RA,NA,NA,NA,NA,NA,,
E6.BRODIA,5/23/23,May,BW,28,24,23,17,BL,,
E6.BRODIA.1,NA,NA,NA,NA,NA,NA,NA,,,
E6.BRODIA.1,3/18/23,March,NA,13,15,13.25,12,BL,,
E6.BRODIA.1,4/18/23,April,BW,33.5,16,16.5,31,BL,,
E6.BROHOR,5/23/23,May,BW,24.5,62,17,19,TL,,
E6.BROHOR.1,NA,NA,NA,NA,NA,NA,NA,,,
E6.BROHOR.1,3/18/23,March,NA,5.5,33,16,10,TL,,
E6.BROMAD,5/24/23,May,BW,NA,NA,NA,NA,TL,,
E6.BROMAD.1,NA,NA,NA,NA,NA,NA,NA,,,
E6.BROMAD.1,3/18/23,March,NA,3,20,8.75,6.75,TL,,
E6.BROMAD.1,4/18/23,April,BW,18.5,20,16.5,10,TL,,
E6.CALMEN.1,2/20/23,February,BW/RA,0.5,7,2,1.75,,,
E6.CALMEN.1,4/18/23,April,BW,3.5,15,7.25,8.25,,,
E6.CENMEL,5/17/23,May,BP,64.5,158,20,19.25,TR,,
E6.CENMEL.1,2/20/23,February,BW/RA,0.75,7,7,4.25,,,
E6.CENMEL.1,3/18/23,March,NA,5.75,9,12.5,11.5,TR,,
E6.CENMEL.1,4/18/23,April,BW,15.75,16,18,17.5,TR,,
E6.CORFIL,5/16/23,May,KC,21.25,25,13.5,11,TR,,
E6.CORFIL,6/14/23,June,B'Elanna,54,56,29.75,8.5,TR,,
E6.CORFIL.1,2/20/23,February,BW/RA,1.75,5,3,2.75,,,
E6.CORFIL.1,3/18/23,March,NA,3.75,9,6.25,3,TR,,
E6.CORFIL.1,4/18/23,April,BW,6,9,8.75,9.5,TR,,
E6.EROCIC,5/27/23,May,BW,13.75,1,9,6.5,TL,,
E6.EROCIC,6/14/23,June,BW,NA,NA,NA,NA,NA,,
E6.EROCIC.1,2/20/23,February,BW/RA,0.5,5,2.5,1.75,,,
E6.EROCIC.1,3/18/23,March,NA,2.75,8,4.5,4.5,TL,,
E6.EROCIC.1,4/18/23,April,BW,11.75,7,10.5,8,TL,,
E6.ESCCAL,5/27/23,May,BW,35,75,55,40.5,BR,,
E6.ESCCAL,6/14/23,June,BW,35,158,99,54,BR,,
E6.ESCCAL.1,3/18/23,March,NA,4.5,14,13,12,BR,,
E6.MICCAL,5/28/23,May,BW,NA,NA,NA,NA,NA,,
E6.MICCAL.1,2/20/23,February,BW/RA,2.25,38,2.25,1.75,,,
E6.MICCAL.1,3/18/23,March,NA,5,157,5.75,4.5,C,,
E6.STIPUL,5/28/23,May,BW,9,10,7,11,BL,,
E6.STIPUL,6/14/23,June,BW,10,10,8.5,8.5,BL,,
E6.STIPUL.1,NA,NA,NA,NA,NA,NA,NA,,,
E6.STIPUL.1,3/18/23,March,NA,4,6,4,2.25,BL,,
E6.STIPUL.1,4/18/23,April,BW,8,6,3.75,2.5,BL,,
E7.AVEBAR,5/21/23,May,BW,126,48,84,65,BR,,
E7.AVEBAR.1,2/20/23,February,BW/RA,5.25,6,7.5,7.5,,,
E7.BRODIA,5/23/23,May,BW,37,17,52,43,BR,,
E7.BRODIA.1,NA,NA,NA,NA,NA,NA,NA,,,
E7.BRODIA.1,3/18/23,March,NA,NA,NA,NA,NA,BL,,
E7.BROHOR,5/23/23,May,BW,NA,NA,NA,NA,CL,,
E7.BROHOR.1,NA,NA,NA,NA,NA,NA,NA,,,
E7.BROHOR.1,3/18/23,March,NA,6.25,28,9.5,11.5,CL,,
E7.BROHOR.1,4/18/23,April,BW,13.5,50,28.5,18.5,CL,,
E7.BROMAD,5/24/23,May,BW,NA,NA,NA,NA,TL,,
E7.BROMAD.1,NA,NA,NA,NA,NA,NA,NA,,,
E7.BROMAD.1,3/18/23,March,NA,4.25,3,5.5,1,TL,,
E7.BROMAD.1,4/18/23,April,BW,10.5,3,6,6.75,TL,,
E7.CLAPUR.1,2/20/23,February,BW/RA,1.75,20,3.25,3,,,
E7.CLAPUR.1,3/18/23,March,NA,5.5,109,10.25,8,CT,,
E7.CLAPUR.1,4/18/23,April,BW,29,659,28,22,CT,,
E7.ELYCAP,5/26/23,May,BW,51,6,57,33,BL,,
E7.ELYCAP.1,2/20/23,February,BW/RA,2,13,9.5,9.5,,,
E7.ELYCAP.1,3/18/23,March,NA,4,36,12.5,12.5,BL,,
E7.ELYCAP.1,4/18/23,April,BW,7.5,54,16.5,14.5,BL,,
E7.EROBOT,5/26/23,May,BW,21,8,12,8,TL,,
E7.EROBOT.1,2/20/23,February,BW/RA,1,6,2.5,2.5,,,
E7.EROBOT.1,3/18/23,March,NA,3,8,4.25,3.75,TL,,
E7.HOLVIR,5/27/23,May,BW,NA,NA,NA,NA,NA,,
E7.HOLVIR,6/14/23,June,BW,NA,NA,NA,NA,NA,,
E7.HOLVIR.1,2/20/23,February,BW/RA,NA,NA,NA,NA,,,
E7.LUPBIC,5/28/23,May,BW,13.5,40,15.5,10,BL,,
E7.MICCAL,5/28/23,May,BW,NA,NA,NA,NA,NA,,
E7.MICCAL.1,2/20/23,February,BW/RA,1.75,58,2.5,2.5,,,
E7.MICCAL.1,3/18/23,March,NA,5.25,167,7,7,CT,,
E7.MICCAL.1,4/18/23,April,BW,20,314,14,13,CT,,
E7.PLAERE,5/17/23,May,BW,NA,NA,NA,NA,NA,,
E7.PLAERE,6/14/23,June,BW,NA,NA,NA,NA,NA,,
E7.PLAERE.1,2/20/23,February,BW/RA,2.5,10,2.5,2,,,
E7.PLAERE.1,3/18/23,March,NA,4.5,13,5,3,TR,,
E7.TRIHIR,5/29/23,May,BW,11,25,36.5,19,TR,,
E7.TRIHIR,6/14/23,June,BW,NA,NA,NA,NA,NA,,
E7.TRIHIR.1,2/20/23,February,BW/RA,1,4,2,1.25,,,
E7.TRIHIR.1,3/18/23,March,NA,2.25,8,4.5,3,TR,,
E8.AVEBAR,5/21/23,May,BW,118,74,120,114,TL,,
E8.AVEBAR.1,2/20/23,February,BW/RA,10,4,7.5,3,,,
E8.AVEBAR.1,3/18/23,March,NA,7.25,41,29.5,22,TL,,
E8.AVEBAR.1,4/18/23,April,BW,26,64,82,60,TL,,
E8.BRODIA,5/23/23,May,BW,51,26,55,47.5,BL,,
E8.BRODIA.1,NA,NA,NA,NA,NA,NA,NA,,,
E8.BRODIA.1,3/18/23,March,,7,23,12.25,14,BL,,
E8.BRODIA.1,4/18/23,April,BW,18.75,33,38,35,CL,,
E8.BROHOR,5/17/23,May,BW,NA,NA,NA,NA,TR,,
E8.BROHOR.1,NA,NA,NA,NA,NA,NA,NA,,,
E8.BROHOR.1,3/18/23,March,,3.5,22,7.5,5.75,TR,,
E8.BROHOR.1,4/18/23,April,BW,16,26,12.25,14,TR,,
E8.CLAPUR,5/25/23,May,BW,30.5,50,23,18.5,C,,
E8.CLAPUR.1,3/18/23,March,,4,69,8.5,5.5,C,,
E8.DAUPUS,5/17/23,May,MA,20.5,6,3,4,BL,,
E8.DAUPUS.1,2/20/23,February,BW/RA,0.75,2,2.75,2.25,,,
E8.DAUPUS.1,3/18/23,March,,2,4,3.25,2,BL,,
E8.DAUPUS.1,4/18/23,April,BW,9,3,6,4,CL,,
E8.EROBOT,5/26/23,May,BW,65.5,123,116,63,CR,,
E8.EROBOT.1,2/20/23,February,BW/RA,1.25,10,7.75,5.5,,,
E8.EROBOT.1,3/18/23,March,NA,4.5,12,18.25,16.5,CR,,
E8.EROBOT.1,4/18/23,April,BW,18,35,41,35,CR,,
E8.GERDIS,5/27/23,May,BW,NA,NA,NA,NA,NA,,
E8.GERDIS,6/14/23,June,BW,NA,NA,NA,NA,NA,,
E8.GERDIS.1,2/20/23,February,BW/RA,1,4,4.25,3.5,,,
E8.GERDIS.1,3/18/23,March,NA,2.75,6,7.5,6.5,BR,,
E8.GERDIS.1,4/18/23,April,BW,10.5,11,17,14.5,BR,,
E8.LUPBIC,5/28/23,May,BW,NA,NA,NA,NA,NA,,
E8.LUPBIC.1,3/18/23,March,NA,2.25,4,2.25,2.75,CR,,
E8.LUPBIC.1,4/18/23,April,BW,7.5,6,4,3,CR,,
E8.MADGRA,5/28/23,May,BW,103,659,99,67,CR,,
E8.MADGRA.1,2/20/23,February,BW/RA,2.5,8,10,6.5,,,
E8.MADGRA.1,3/18/23,March,NA,9,14,21.5,17,CR,,
E8.MADGRA.1,4/18/23,April,BW,33,89,21,22,CR,,
E8.TORARV,5/28/23,May,BW,35,5,21.5,7.5,CR,,
E8.TORARV,6/14/23,June,BW,NA,NA,NA,NA,NA,,
E8.TORARV.1,2/20/23,February,BW/RA,0.75,2,2.25,2.25,,,
E8.TORARV.1,3/18/23,March,,2.75,5,4,3.5,CR,,
E8.TORARV.1,4/18/23,April,BW,12,3,3.5,5,CR,,
E8.TRIHIR,6/14/23,June,BW,NA,NA,NA,NA,NA,,
E8.TRIHIR.1,2/20/23,February,BW/RA,0.75,4,3,1.75,,,
E8.TRIHIR.1,3/18/23,March,,3.5,7,5,3.75,TR,,
E8.TRIHIR.1,4/18/23,April,BW,11.25,22,17,13,TR,,
E8.VICSAT,5/29/23,May,BW,NA,NA,NA,NA,NA,,
E8.VICSAT,6/14/23,June,BW,NA,NA,NA,NA,NA,,
E8.VICSAT.1,2/20/23,February,BW/RA,7,9,8.5,4.25,,,
E8.VICSAT.1,3/18/23,March,,11.5,27,10.5,15,CR,,
F1.ACMPAR.1,NA,NA,NA,NA,NA,NA,NA,,,
F1.ACMPAR.1,3/18/23,March,,0.75,1,1.5,0.5,TR,,
F1.ACMPAR.1,4/16/23,April,BP,2,7,1,0.75,TR,,
F1.AIRCAR,5/16/23,May,SS,18.5,12,7,3.5,CT,,
F1.AIRCAR.1,2/14/23,February,BW/RA,1.5,9,2,1.25,,,
F1.AIRCAR.1,3/18/23,March,,1.5,33,3.25,2.75,CT,,
F1.AIRCAR.1,4/16/23,April,BP,4.75,42,6,4,CT,,
F1.BRODIA,5/23/23,May,BW,42,28,66,78,BL,,
F1.BRODIA.1,NA,NA,NA,NA,NA,NA,NA,,,
F1.BRODIA.1,3/18/23,March,,4.5,67,16.5,14.25,BL,,
F1.BRODIA.1,4/16/23,April,BP,9.75,124,25.5,25,BL,,
F1.BROHOR,5/16/23,May,BW,41.5,36,39,29,BC,,
F1.BROHOR.1,NA,NA,NA,NA,NA,NA,NA,,,
F1.BROHOR.1,3/18/23,March,,2,29,8.25,8.75,CB,,
F1.BROHOR.1,4/16/23,April,BP,7,44,17.75,16,BC,,
F1.CLAPUR.1,2/14/23,February,BW/RA,0.75,27,1.75,1.5,,,
F1.CLAPUR.1,3/18/23,March,,1.5,96,5.25,3.25,TL,,
F1.CLAPUR.1,4/16/23,April,BP,6.5,268,16.5,10,TL,,
F1.DANCAL,5/26/23,May,BW,4.5,4,2.5,2.5,TR,,
F1.DANCAL,6/14/23,June,BW,5,3,1.75,2.5,TR,,
F1.DANCAL.1,NA,NA,NA,NA,NA,NA,NA,,,
F1.DAUPUS.1,2/14/23,February,BW/RA,0.5,3,1.5,1.5,,,
F1.DAUPUS.1,3/18/23,March,,1,5,3.25,2.75,CB,,
F1.DAUPUS.1,4/16/23,April,BP,3.5,5,4.5,3.5,BC,,
F1.ESCCAL,5/27/23,May,BW,14,9,13,16,C,,
F1.ESCCAL,6/14/23,June,BW,14.5,21,20,13,C,,
F1.ESCCAL.1,2/14/23,February,BW/RA,0.75,11,3.5,3.75,,,
F1.ESCCAL.1,3/18/23,March,,1.5,14,8.5,7,C,,
F1.ESCCAL.1,4/16/23,April,BP,6.75,13,7.5,8,C,,
F1.GALPAR,5/27/23,May,BW,4,146,20,15,CT,,
F1.GALPAR,6/14/23,June,BW,NA,NA,NA,NA,NA,,
F1.GALPAR.1,2/14/23,February,BW/RA,0.5,8,0.5,0.5,,,
F1.GALPAR.1,3/18/23,March,,0.5,51,1.75,1.5,CT,,
F1.GALPAR.1,4/16/23,April,BP,2.25,98,2.25,1.5,CT,,
F1.HYPGLA,5/24/23,May,AL,51,37,56,59,BL,,
F1.HYPGLA,6/14/23,June,BW,NA,NA,NA,NA,NA,,
F1.HYPGLA.1,2/14/23,February,BW/RA,0.25,8,3.25,2.5,,,
F1.HYPGLA.1,3/18/23,March,,1,16,10.5,9.25,BL,,
F1.HYPGLA.1,4/16/23,April,BP,1.25,24,17.5,15.5,BL,,
F1.MADGRA,5/28/23,May,BW,85,832,106,59,C,,
F1.MADGRA.1,2/14/23,February,BW/RA,0.75,6,4.75,3.5,,,
F1.MADGRA.1,3/18/23,March,,2,12,11.75,10,CB,,
F1.MADGRA.1,4/16/23,April,BP,8.6,44,19,21,C,,
F1.SANBIP.1,NA,NA,NA,NA,NA,NA,NA,,,
F2.AMSMEN.1,2/14/23,February,BW/RA,2.25,6,2,1.25,,,
F2.AVEBAR,5/17/23,May,BW,97,36,30,18,C,,
F2.AVEBAR.1,NA,NA,NA,NA,NA,NA,NA,,,
F2.AVEBAR.1,3/18/23,March,,5.25,8,4.5,2.5,C,,
F2.AVEBAR.1,4/16/23,April,BP,11.775,10,5.5,4,C ,,
F2.BROARE,5/22/23,May,BW,23,19,17.5,10.5,CB,,
F2.BROARE.1,NA,NA,NA,NA,NA,NA,NA,,,
F2.BROARE.1,3/18/23,March,,16,11,14,11,CB,,
F2.BROARE.1,4/16/23,April,BP,26,11,16.5,6.75,CB,,
F2.BRODIA,5/23/23,May,BW,44,19,77,51.5,BL,,
F2.BRODIA.1,NA,NA,NA,NA,NA,NA,NA,,,
F2.BRODIA.1,3/18/23,March,,8.5,42,16.5,20,BL,,
F2.BRODIA.1,4/16/23,April,BP,12,59,48.5,39,BL,,
F2.BROMAD,5/24/23,May,BW,NA,NA,NA,NA,BL,,
F2.BROMAD.1,NA,NA,NA,NA,NA,NA,NA,,,
F2.BROMAD.1,3/18/23,March,,6.75,10,6.25,7.5,BL,,
F2.BROMAD.1,4/16/23,April,BP,20,12,6.5,4.5,BL,,
F2.CAUCOU.1,NA,NA,NA,NA,NA,NA,NA,,,
F2.CAUCOU.1,NA,NA,NA,NA,NA,NA,NA,NA,,
F2.CAUCOU.1,NA,NA,NA,NA,NA,NA,NA,NA,,
F2.EROCIC,5/27/23,May,BW,36,55,64,41,BL,,
F2.EROCIC,6/14/23,June,BW,NA,NA,NA,NA,NA,,
F2.EROCIC.1,2/14/23,February,BW/RA,1,7,4.5,3.75,,,
F2.EROCIC.1,3/18/23,March,,4,10,11.5,8,BL,,
F2.EROCIC.1,4/16/23,April,BP,11,15,23.75,9.5,BL,,
F2.ESCCAL,5/27/23,May,BW,18.5,10,9,7,CB,,
F2.ESCCAL,6/14/23,June,BW,6.5,22,17,6,CB,,
F2.ESCCAL.1,2/14/23,February,BW/RA,1,8,3.5,3,,,
F2.ESCCAL.1,3/18/23,March,,3.25,9,4.5,4.25,CB,,
F2.ESCCAL.1,4/16/23,April,BP,13,4,8.75,3.5,CB,,
F2.LUPMIC.1,NA,NA,NA,NA,NA,NA,NA,,,
F2.LUPMIC.1,4/16/23,April,BP,3.25,5,3.5,2,C ,,
F2.LUPSUC,5/17/23,May,BW,26,15,13,7.5,TR,,
F2.LUPSUC.1,2/14/23,February,BW/RA,1.75,2,2.25,1.5,,,
F2.LUPSUC.1,3/18/23,March,,3.5,4,4.75,3.25, TR,,
F2.MIRMUL,5/17/23,May,BW,3,2,2.5,1.75,CR,,
F2.MIRMUL.1,NA,NA,NA,NA,NA,NA,NA,,,
F2.MIRMUL.1,4/16/23,April,BP,2.5,0,2,1.75,CR,,
F2.PHATAN,5/17/23,May,BW,NA,NA,NA,NA,NA,,
F2.PHATAN,6/14/23,June,BW,NA,NA,NA,NA,NA,,
F2.PHATAN.1,NA,NA,NA,NA,NA,NA,NA,,,
F2.PHATAN.1,NA,NA,NA,NA,NA,NA,NA,NA,,
F3.AVEBAR.1,NA,NA,NA,NA,NA,NA,NA,,,
F3.AVEBAR.1,3/18/23,March,,5,8,4,3,TR,,
F3.AVEBAR.1,4/16/23,April,BP,23,8,12.5,4,TR,,
F3.BRODIA,5/23/23,May,BW,60,27,57,55,BL,,
F3.BRODIA.1,NA,NA,NA,NA,NA,NA,NA,,,
F3.BRODIA.1,3/18/23,March,,5.5,38,18,17.25,BL,,
F3.BRODIA.1,4/16/23,April,BP,14.75,84,39.5,48,BL,,
F3.BROHOR,5/17/23,May,BW,45,5,66.5,9,BR,,
F3.BROHOR.1,NA,NA,NA,NA,NA,NA,NA,,,
F3.BROHOR.1,3/18/23,March,,5.75,14,9.5,8.25,BR,,
F3.BROHOR.1,4/16/23,April,BP,16.5,14,14,10,BR,,
F3.CLAPUR,5/25/23,May,BW,23,168,35,40,BR,,
F3.CLAPUR,6/14/23,June,BW,NA,NA,NA,NA,NA,,
F3.CLAPUR.1,2/14/23,February,BW/RA,1.5,10,2.75,2,,,
F3.CLAPUR.1,3/18/23,March,,5.25,64,9.5,8.75,BR,,
F3.CLAPUR.1,4/16/23,April,BP,25,150,22.75,11.5,BR,,
F3.DAUPUS.1,2/14/23,February,BW/RA,0.5,3,1.5,1,,,
F3.DAUPUS.1,3/18/23,March,,2,4,3.5,2.5,TR,,
F3.DAUPUS.1,4/16/23,April,BP,10.5,3,9,4,TR,,
F3.EROBOT,5/26/23,May,BW,44.5,148,80,91,TL,,
F3.EROBOT.1,2/14/23,February,BW/RA,1.5,7,4,5.5,,,
F3.EROBOT.1,3/18/23,March,,6.5,7,16,13.75,TL,,
F3.GERDIS,5/27/23,May,BW,NA,NA,NA,NA,NA,,
F3.GERDIS,6/14/23,June,BW,NA,NA,NA,NA,NA,,
F3.GERDIS.1,2/14/23,February,BW/RA,0.75,5,3.75,3.5,,,
F3.GERDIS.1,3/18/23,March,,2.75,8,8,5.75,CL,,
F3.GERDIS.1,4/16/23,April,BP,15.5,12,13.25,13.75,C,,
F3.LUPBIC,5/28/23,May,BW,NA,NA,NA,NA,NA,,
F3.LUPBIC.1,3/18/23,March,,1.75,4,4.5,4,BR,,
F3.LUPBIC.1,4/16/23,April,BP,4.75,8,3,2.5,BR,,
F3.MADGRA,5/28/23,May,BW,99,1599,72,49,CL,,
F3.MADGRA.1,2/14/23,February,BW/RA,3,8,8.75,5.75,,,
F3.MADGRA.1,3/18/23,March,,9.5,16,18.75,15.75,CL,,
F3.MADGRA.1,4/16/23,April,BP,30.5,122,29.25,21,CL,,
F3.TORARV,5/28/23,May,BW,50,12,30,10,CL,,
F3.TORARV,6/14/23,June,BW,NA,NA,NA,NA,NA,,
F3.TORARV.1,2/14/23,February,BW/RA,1,3,2.75,1.75,,,
F3.TORARV.1,3/18/23,March,,3.5,5,5.5,4,CL,,
F3.TORARV.1,4/16/23,April,BP,14.75,5,11,5.5,CL,,
F3.TRIHIR,5/29/23,May,BW,7.75,3,12,3.5,BR,,
F3.TRIHIR,6/14/23,June,BW,NA,NA,NA,NA,NA,,
F3.TRIHIR.1,NA,NA,NA,NA,NA,NA,NA,,,
F3.TRIHIR.1,3/18/23,March,,1,2,1.5,0.75,BR,,
F3.TRIHIR.1,4/16/23,April,BP,4.5,3,2.5,1.5,BR,,
F3.VICSAT,5/29/23,May,BW,NA,NA,NA,NA,NA,,
F3.VICSAT,6/14/23,June,BW,NA,NA,NA,NA,NA,,
F3.VICSAT.1,2/14/23,February,BW/RA,6,14,7.5,7,,,
F3.VICSAT.1,3/18/23,March,,10.5,40,21,17.5,BR,,
F4.AVEBAR,5/17/23,May,BW,105,26,26,41,BC,,
F4.AVEBAR.1,NA,NA,NA,NA,NA,NA,NA,,,
F4.AVEBAR.1,3/18/23,March,,7,49,18.5,14.5,BC,,
F4.AVEBAR.1,4/16/23,April,Yuexo?,23.5,55,56.5,49.5,BC,,
F4.BRODIA,5/23/23,May,BW,69,29,57,64,BL,,
F4.BRODIA.1,NA,NA,NA,NA,NA,NA,NA,,,
F4.BRODIA.1,3/18/23,March,,5,65,15.5,15,BL,,
F4.BRODIA.1,4/16/23,April,Yuexo?,9,105,30.5,33.5,BL,,
F4.BROHOR,5/16/23,May,BW,79,4,29,21,TL,,
F4.BROHOR.1,NA,NA,NA,NA,NA,NA,NA,,,
F4.BROHOR.1,3/18/23,March,,6,32,13.5,12.5,TL,,
F4.BROHOR.1,4/16/23,April,Yuexo?,5.5,56,23,20,TL,,
F4.BROMAD,5/24/23,May,BW,NA,NA,NA,NA,BC,,
F4.BROMAD.1,NA,NA,NA,NA,NA,NA,NA,,,
F4.BROMAD.1,3/18/23,March,,4,33,9,7,BC,,
F4.CLAPUR,6/14/23,June,BW,NA,NA,NA,NA,NA,,
F4.CLAPUR.1,2/14/23,February,BW/RA,1.5,21,2.25,2.25,,,
F4.CLAPUR.1,3/18/23,March,,3,76,5.5,6.5,BL,,
F4.CLAPUR.1,4/16/23,April,Yuexo?,19,330,21.5,19.75,BL,,
F4.ELYCAP,5/26/23,May,BW,38,48,48.5,44,TL,,
F4.ELYCAP.1,2/14/23,February,BW/RA,3.75,16,10,9.5,,,
F4.ELYCAP.1,3/18/23,March,,6,52,17,16,TL,,
F4.ELYCAP.1,4/16/23,April,Yuexo?,9,135,24,27.5,TL,,
F4.EROBOT,5/26/23,May,BW,NA,NA,NA,NA,NA,,
F4.EROBOT.1,NA,NA,NA,NA,NA,NA,NA,,,
F4.HOLVIR,5/27/23,May,BW,NA,NA,NA,NA,NA,,
F4.HOLVIR,6/14/23,June,BW,NA,NA,NA,NA,NA,,
F4.HOLVIR.1,NA,NA,NA,NA,NA,NA,NA,,,
F4.LUPBIC,5/28/23,May,BW,16.5,90,24.5,17.5,BL,,
F4.LUPBIC.1,NA,NA,NA,NA,NA,NA,NA,,,
F4.LUPBIC.1,4/16/23,April,BP,8,20,8,9.5,C,,
F4.MICCAL,5/28/23,May,BW,NA,NA,NA,NA,NA,,
F4.MICCAL.1,2/14/23,February,BW/RA,2.5,19,2,1.5,,,
F4.MICCAL.1,3/18/23,March,,4,126,5.5,4,C,,
F4.PLAERE,5/17/23,May,BW,NA,NA,NA,NA,NA,,
F4.PLAERE,6/14/23,June,BW,NA,NA,NA,NA,NA,,
F4.PLAERE.1,2/14/23,February,BW/RA,2,10,2.5,2.5,,,
F4.PLAERE.1,3/18/23,March,,4,14,5,4.25,TR,,
F4.PLAERE.1,4/16/23,April,Yuexo?,10,24,7.5,9,TR,,
F4.TRIHIR,5/29/23,May,BW,22.5,17,28,25,TR,,
F4.TRIHIR,6/14/23,June,BW,NA,NA,NA,NA,NA,,
F4.TRIHIR.1,2/14/23,February,BW/RA,1.5,4,1.75,1.5,,,
F4.TRIHIR.1,3/18/23,March,,3.5,7,4.25,4.5,TR,,
F4.TRIHIR.1,4/16/23,April,Yuexo?,8,8,10.5,6,TR,,
F5.AVEBAR,5/17/23,May,BW,83,8,108,24,TC,,
F5.AVEBAR.1,NA,NA,NA,NA,NA,NA,NA,,,
F5.AVEBAR.1,3/18/23,March,,3.5,38,24,16.5,TC,,
F5.AVEBAR.1,4/16/23,April,Yuexo?,25.5,38,62,22.5,TC,,
F5.BRODIA,5/23/23,May,BW,53,19,63,41,TL,,
F5.BRODIA.1,NA,NA,NA,NA,NA,NA,NA,,,
F5.BRODIA.1,3/18/23,March,,4,35,12,11.25,TL,,
F5.BRODIA.1,4/16/23,April,Yuexo?,11,68,31.5,22.5,TL,,
F5.BROHOR,5/16/23,May,BW,59,34,56,25,TL,,
F5.BROHOR.1,NA,NA,NA,NA,NA,NA,NA,,,
F5.BROHOR.1,3/18/23,March,,3,21,11.5,2.25,TL,,
F5.BROHOR.1,4/16/23,April,Yuexo?,11,41,24,16.5,TL,,
F5.BROMAD,5/24/23,May,BW,NA,NA,NA,NA,TR,,
F5.BROMAD.1,NA,NA,NA,NA,NA,NA,NA,,,
F5.BROMAD.1,3/18/23,March,,3.25,20,9.5,7,TR,,
F5.BROMAD.1,4/16/23,April,Yuexo?,7.5,21,21.25,10.5,TR,,
F5.CLAPUR,6/14/23,June,BW,NA,NA,NA,NA,NA,,
F5.CLAPUR.1,2/14/23,February,BW/RA,1.75,16,3,2.25,,,
F5.CLAPUR.1,3/18/23,March,,5.5,55,8,6.5,C,,
F5.CLAPUR.1,4/16/23,April,Yuexo?,28,393,16,20,C,,
F5.ELYCAP,5/26/23,May,BW,29,18,43,40,CR,,
F5.ELYCAP.1,2/14/23,February,BW/RA,3,14,8.25,7,,,
F5.ELYCAP.1,3/18/23,March,,4,28,10.5,11.5,CR,,
F5.ELYCAP.1,4/16/23,April,Yuexo?,6.5,60,30.75,10.75,CR,,
F5.EROBOT,5/26/23,May,BW,NA,NA,NA,NA,NA,,
F5.EROBOT.1,NA,NA,NA,NA,NA,NA,NA,,,
F5.EROBOT.1,3/18/23,March,,1.25,7,3,3,NA,,
F5.HOLVIR,5/27/23,May,BW,42,2535,29,16,NO L,,
F5.HOLVIR,6/14/23,June,BW,46.5,6687,30.5,20,NA,,
F5.HOLVIR.1,2/14/23,February,BW/RA,0.5,2,1,0.75,,,
F5.HOLVIR.1,3/18/23,March,,1.5,6,2.75,2,NA,,
F5.HOLVIR.1,4/16/23,April,Yuexo?,8.5,10,11,8.5,,,
F5.LUPBIC,5/28/23,May,BW,NA,NA,NA,NA,NA,,
F5.LUPBIC.1,2/14/23,February,BW/RA,1,6,2,1.75,,,
F5.LUPBIC.1,4/16/23,April,Yuexo?,6,4,2.25,1.75,C,,
F5.MICCAL,5/28/23,May,BW,NA,NA,NA,NA,NA,,
F5.MICCAL.1,2/14/23,February,BW/RA,2,15,1.75,2,,,
F5.MICCAL.1,3/18/23,March,,3.5,137,5.5,4.5,TR,,
F5.MICCAL.1,4/16/23,April,Yuexo?,30.5,343,10.75,14,TR,,
F5.PLAERE,5/17/23,May,BW,NA,NA,NA,NA,NA,,
F5.PLAERE,6/14/23,June,BW,NA,NA,NA,NA,NA,,
F5.PLAERE.1,2/14/23,February,BW/RA,2.25,11,4,3.25,,,
F5.PLAERE.1,3/18/23,March,,5.5,30,9,7.25,TL,,
F5.PLAERE.1,4/16/23,April,Yuexo?,16,57,14.5,18.5,TL,,
F5.TRIHIR,5/29/23,May,BW,17,28,40.5,40.5,TR,,
F5.TRIHIR,6/14/23,June,BW,NA,NA,NA,NA,NA,,
F5.TRIHIR.1,2/14/23,February,BW/RA,1,4,2.5,1,,,
F5.TRIHIR.1,3/18/23,March,,2.5,10,4,3,TR,,
F5.TRIHIR.1,4/16/23,April,Yuexo?,8.5,24,13,10.5,TR,,
F6.AVEBAR,5/17/23,May,BW,30,20,79,22,BL,,
F6.AVEFAT.1,NA,NA,NA,NA,NA,NA,NA,,,
F6.AVEFAT.1,3/18/23,March,,5.5,20,9.5,6.75,BL,,
F6.AVEFAT.1,4/16/23,April,Yuexo?,21.5,24,15.25,9,BL,,
F6.BRODIA,5/23/23,May,BW,54,15,24,19,BR,,
F6.BRODIA.1,NA,NA,NA,NA,NA,NA,NA,,,
F6.BRODIA.1,3/18/23,March,,14,36,28,25.5,BR,,
F6.BRODIA.1,4/16/23,April,Yuexo?,3.5,44,61,39.5,BR,,
F6.BROHOR,5/16/23,May,BW,49,3,46,23,BL,,
F6.BROHOR.1,NA,NA,NA,NA,NA,NA,NA,,,
F6.BROHOR.1,3/18/23,March,,6,10,7,7.25,BL,,
F6.BROHOR.1,4/16/23,April,Yuexo?,13.5,19,11,9,BL,,
F6.BROMAD,5/24/23,May,BW,NA,NA,NA,NA,BL,,
F6.BROMAD.1,NA,NA,NA,NA,NA,NA,NA,,,
F6.BROMAD.1,3/18/23,March,,2.5,13,5.25,4.5,BL,,
F6.BROMAD.1,4/16/23,April,Yuexo?,17.5,15,15.5,8.5,BL,,
F6.CALMEN.1,NA,NA,NA,NA,NA,NA,NA,,,
F6.CENMEL,5/17/23,May,BP,71.5,200,44,38,TL,,
F6.CENMEL.1,2/14/23,February,BW/RA,0.5,5,4,3.75,,,
F6.CENMEL.1,3/18/23,March,,3.5,10,11,10,TL,,
F6.CENMEL.1,4/16/23,April,Yuexo?,15,21,21.5,18,TL,,
F6.CORFIL,5/16/23,May,KC,8.5,17,7.75,5.5,BR,,
F6.CORFIL,6/14/23,June,B'Elanna,26.25,33,14,8,BR,,
F6.CORFIL.1,2/14/23,February,BW/RA,1,5,1.25,1,,,
F6.CORFIL.1,3/18/23,March,,2,6,4.5,3.5,BR,,
F6.CORFIL.1,4/16/23,April,Yuexo?,5,7,5,4,BR,,
F6.EROCIC,5/27/23,May,BW,27,208,106,65,BR,,
F6.EROCIC,6/14/23,June,BW,NA,NA,NA,NA,NA,,
F6.EROCIC.1,2/14/23,February,BW/RA,0.5,7,3,2.25,,,
F6.EROCIC.1,3/18/23,March,,2.25,9,9.25,5.75,BR,,
F6.EROCIC.1,4/16/23,April,Yuexo?,11.5,20,29,30,BR,,
F6.ESCCAL,5/27/23,May,BW,45,70,21,22,BR,,
F6.ESCCAL,6/14/23,June,BW,37,117,44,40,BR,,
F6.ESCCAL.1,2/14/23,February,BW/RA,1,9,7,6.5,,,
F6.ESCCAL.1,3/18/23,March,,3.5,19,13,11,BR,,
F6.ESCCAL.1,4/16/23,April,Yuexo?,16,29,30.5,12,BR,,
F6.MICCAL,5/28/23,May,BW,NA,NA,NA,NA,NA,,
F6.MICCAL.1,2/14/23,February,BW/RA,2,23,1.5,1.5,,,
F6.MICCAL.1,3/18/23,March,,6,186,4.5,4.5,BR,,
F6.MICCAL.1,4/16/23,April,Yuexo?,23.5,469,10.75,9.5,BR,,
F6.STIPUL,5/28/23,May,BW,30,5,13,4,BR,,
F6.STIPUL,6/14/23,June,BW,25,6,13,6.5,BR,,
F6.STIPUL.1,NA,NA,NA,NA,NA,NA,NA,,,
F6.STIPUL.1,3/18/23,March,,7.25,6,7,7.5,BR,,
F6.STIPUL.1,4/16/23,April,Yuexo?,12.5,6,9,8,BL,,
F7.AMSMEN.1,2/14/23,February,BW/RA,3.25,10,4,4,,,
F7.AMSMEN.1,3/18/23,March,,5.5,12,8.5,8.5,TR,,
F7.AVEBAR,5/17/23,May,BW,92,19,29,40,BL,,
F7.AVEBAR.1,NA,NA,NA,NA,NA,NA,NA,,,
F7.AVEBAR.1,3/18/23,March,,4.5,30,16.75,11,BL,,
F7.AVEBAR.1,4/16/23,April,Yuexo?,26,62,24.5,21,,,
F7.BROARE,5/22/23,May,BW,NA,NA,NA,NA,BR,,
F7.BROARE.1,NA,NA,NA,NA,NA,NA,NA,,,
F7.BROARE.1,3/18/23,March,,15,5,7,3,BR,,
F7.BROARE.1,4/16/23,April,Yuexo?,24,8,5.5,8.5,BR,,
F7.BRODIA,5/23/23,May,BW,45,13,56,39,BL,,
F7.BRODIA.1,NA,NA,NA,NA,NA,NA,NA,,,
F7.BRODIA.1,3/18/23,March,,5.25,38,17.5,16,BL,,
F7.BRODIA.1,4/16/23,April,Yuexo?,15.5,15,43,35,BL,,
F7.BROMAD,5/24/23,May,BW,NA,NA,NA,NA,BR,,
F7.BROMAD.1,NA,NA,NA,NA,NA,NA,NA,,,
F7.BROMAD.1,3/18/23,March,,5.25,12,5.5,7,BR,,
F7.BROMAD.1,4/16/23,April,Yuexo?,22.5,15,6,6,BR,,
F7.CAUCOU.1,NA,NA,NA,NA,NA,NA,NA,,,
F7.EROCIC,5/27/23,May,BW,2,4,2,1.5,TL,,
F7.EROCIC,6/14/23,June,BW,NA,NA,NA,NA,NA,,
F7.EROCIC.1,NA,NA,NA,NA,NA,NA,NA,,,
F7.ESCCAL,5/27/23,May,BW,NA,NA,NA,NA,NA,,
F7.ESCCAL,6/14/23,June,BW,NA,NA,NA,NA,NA,,
F7.ESCCAL.1,NA,NA,NA,NA,NA,NA,NA,,,
F7.LUPMIC,5/28/23,May,BW,42,105,41.5,29,TR,,
F7.LUPMIC.1,2/14/23,February,BW/RA,2.5,4,4.5,4,,,
F7.LUPMIC.1,3/18/23,March,,6,7,10.5,8.75,TR,,
F7.LUPSUC.1,NA,NA,NA,NA,NA,NA,NA,,,
F7.LUPSUC.1,NA,NA,NA,NA,NA,NA,NA,NA,,
F7.MIRMUL,5/17/23,May,BW,NA,NA,NA,NA,NA,,
F7.MIRMUL.1,NA,NA,NA,NA,NA,NA,NA,,,
F7.PHATAN,5/17/23,May,BW,NA,NA,NA,NA,NA,,
F7.PHATAN,6/14/23,June,BW,NA,NA,NA,NA,NA,,
F7.PHATAN.1,2/14/23,February,BW/RA,2.5,6,3.5,2.25,,,
F7.PHATAN.1,3/18/23,March,,5.75,6,7.5,5,C,,
F8.AVEBAR,5/17/23,May,BW,178,30,77,87,TC,,
F8.AVEBAR.1,NA,NA,NA,NA,NA,NA,NA,,,
F8.AVEBAR.1,3/18/23,March,,11.5,62,24.25,23,TC,,
F8.AVEBAR.1,4/18/23,April,,16,73,67,78,TC,,
F8.BRODIA,5/23/23,May,BW,45,21,74,55,BR,,
F8.BRODIA.1,NA,NA,NA,NA,NA,NA,NA,,,
F8.BRODIA.1,3/18/23,March,,5.25,38,21.5,15,BR,,
F8.BRODIA.1,4/18/23,April,,15,58,54,29,BR,,
F8.BROHOR,5/17/23,May,BW,45,26,34,23,BL,,
F8.BROHOR.1,NA,NA,NA,NA,NA,NA,NA,,,
F8.BROHOR.1,3/18/23,March,,3.25,24,11.5,8.5,BL,,
F8.BROHOR.1,4/18/23,April,,9,47,22,18,BL,,
F8.CLAPUR,5/25/23,May,BW,47,27,25,22.5,TR,,
F8.CLAPUR,6/14/23,June,BW,NA,NA,NA,NA,NA,,
F8.CLAPUR.1,2/14/23,February,BW/RA,2.5,10,2.5,2,,,
F8.CLAPUR.1,3/18/23,March,,4,70,10.5,8,TR,,
F8.CLAPUR.1,4/18/23,April,,22.5,198,18.5,13.75,TR,,
F8.DAUPUS.1,2/14/23,February,BW/RA,1,3,2,1.75,,,
F8.DAUPUS.1,3/18/23,March,,2.5,4,4,3,CR,,
F8.DAUPUS.1,4/18/23,April,,8.25,3,4,4,CR,,
F8.EROBOT,5/26/23,May,BW,52.5,107,60,42,TC,,
F8.EROBOT.1,2/14/23,February,BW/RA,1.5,11,8,6,,,
F8.EROBOT.1,3/18/23,March,,2.5,15,17.5,14.75,TC,,
F8.EROBOT.1,4/18/23,April,,12,26,50,30,TC,,
F8.GERDIS,5/27/23,May,BW,NA,NA,NA,NA,NA,,
F8.GERDIS,6/14/23,June,BW,NA,NA,NA,NA,NA,,
F8.GERDIS.1,2/14/23,February,BW/RA,1.5,4,4,2.5,,,
F8.GERDIS.1,3/18/23,March,,3.5,7,9,7.75,TR,,
F8.GERDIS.1,4/18/23,April,,15,12,17.5,16.5,TR,,
F8.LUPBIC,5/28/23,May,BW,NA,NA,NA,NA,NA,,
F8.LUPBIC.1,2/14/23,February,BW/RA,0.5,1,1,0.5,,,
F8.LUPBIC.1,4/18/23,April,,4.5,4,4,3,TC,,
F8.MADGRA,5/28/23,May,BW,105,429,49,40,TR,,
F8.MADGRA.1,2/14/23,February,BW/RA,4,10,7.5,6.25,,,
F8.MADGRA.1,3/18/23,March,,9.5,15,20,15.5,TR,,
F8.MADGRA.1,4/18/23,April,,28,45,20.5,24.25,TR,,
F8.TORARV,5/19/23,May,KC,42,12,18,11.5,BR,,
F8.TORARV,6/14/23,June,BW,NA,NA,NA,NA,NA,,
F8.TORARV.1,2/14/23,February,BW/RA,1.5,3,2.5,1.5,,,
F8.TORARV.1,3/18/23,March,,3.5,4,4.5,2,BR,,
F8.TORARV.1,4/18/23,April,,10,3,10,5.5,BR,,
F8.TRIHIR,5/29/23,May,BW,24.5,9,15.5,9,TR,,
F8.TRIHIR,6/14/23,June,BW,NA,NA,NA,NA,NA,,
F8.TRIHIR.1,2/14/23,February,BW/RA,1.5,3,2.5,1,,,
F8.TRIHIR.1,3/18/23,March,,2,4,2.75,1.5,TC,,
F8.TRIHIR.1,4/18/23,April,,6.25,5,9.5,5,TC,,
F8.VICSAT,5/29/23,May,BW,NA,NA,NA,NA,NA,,
F8.VICSAT,6/14/23,June,BW,NA,NA,NA,NA,NA,,
F8.VICSAT.1,2/14/23,February,BW/RA,7,16,11.25,6.5,,,
F8.VICSAT.1,3/18/23,March,,7,30,13.5,14,CR,,
F8.VICSAT.1,4/18/23,April,,29,33,30.5,15,CR,,
G1.AVEBAR,5/21/23,May,BW,107,42,134,105,BL,,
G1.AVEBAR.1,NA,NA,NA,NA,NA,NA,NA,,,
G1.AVEBAR.1,4/15/23,April,BP,18.5,72,59.5,46,BL,,
G1.BRODIA,5/23/23,May,BW,NA,NA,NA,NA,C,,
G1.BRODIA.1,NA,NA,NA,NA,NA,NA,NA,,,
G1.BRODIA.1,4/15/23,April,BP,23.25,21,25.5,13,C,,
G1.BROHOR,5/17/23,May,BW,NA,NA,NA,NA,TL,,
G1.BROHOR.1,NA,NA,NA,NA,NA,NA,NA,,,
G1.BROHOR.1,3/20/23,March,,4,29,15,11.5,TL,,check all 6rasses
G1.BROHOR.1,4/15/23,April,BP,19,27,19,19,TL,,
G1.CLAPUR,5/25/23,May,BW,26,99,42,28.5,BR,,
G1.CLAPUR,6/14/23,June,BW,NA,NA,NA,NA,NA,,
G1.CLAPUR.1,3/20/23,March,,6.5,68,9.75,8,BR,,check all 6rasses
G1.CLAPUR.1,4/15/23,April,BP,22.5,226,27,19,BR,,
G1.DAUPUS,5/17/23,May,MA,17.25,7,23,4.25,C,,
G1.DAUPUS.1,2/17/23,February,BW/RA,1,3,2,1.75,,,
G1.DAUPUS.1,3/20/23,March,,3,5,3.75,3,C,,check all 6rasses
G1.DAUPUS.1,4/15/23,April,BP,12,4,6.75,4,C,,
G1.EROBOT,5/26/23,May,BW,NA,NA,NA,NA,NA,,
G1.EROBOT.1,2/17/23,February,BW/RA,1,10,4.75,3,,,
G1.EROBOT.1,3/20/23,March,,3.5,10,11,20.25,CB,,check all 6rasses
G1.EROBOT.1,4/15/23,April,BP,18.75,16,17.75,18,CB,,
G1.GERDIS,5/27/23,May,BW,NA,NA,NA,NA,NA,,
G1.GERDIS,6/14/23,June,BW,NA,NA,NA,NA,NA,,
G1.GERDIS.1,2/17/23,February,BW/RA,0.75,4,3.25,2,,,
G1.GERDIS.1,3/20/23,March,,5.25,7,6.76,5,BR,,check all 6rasses
G1.GERDIS.1,4/15/23,April,BP,12.5,6,22,10.75,BR,,
G1.LUPBIC,5/28/23,May,BW,NA,NA,NA,NA,NA,,
G1.LUPBIC.1,2/17/23,February,BW/RA,0.5,0,2,0.5,,,
G1.LUPBIC.1,3/20/23,March,,2.5,7,4,3.5,TL,,check all 6rasses
G1.LUPBIC.1,4/15/23,April,BP,3,6,3,3.75,TL,,
G1.MADGRA.1,2/17/23,February,BW/RA,1.5,6,5.75,3.5,,,
G1.MADGRA.1,3/20/23,March,,7.5,14,16,14.5,TR,,check all 6rasses
G1.MADGRA.1,4/15/23,April,BP,25.5,30,24,21.5,TR,,
G1.TORARV,5/19/23,May,KC,75,41,30,22.5,TR,,
G1.TORARV,6/14/23,June,BW,NA,NA,NA,NA,NA,,
G1.TORARV.1,2/17/23,February,BW/RA,1,3,3,2.5,,,
G1.TORARV.1,3/20/23,March,,5.5,6,8,6,TR,,check all 6rasses
G1.TORARV.1,4/15/23,April,BP,16.5,7,17.5,13.75,TR,,
G1.TRIHIR,6/14/23,June,BW,NA,NA,NA,NA,NA,,
G1.TRIHIR.1,2/17/23,February,BW/RA,0.5,3,1.75,1,,,
G1.TRIHIR.1,3/20/23,March,,2.5,6,4,2.75,C,,check all 6rasses
G1.TRIHIR.1,4/15/23,April,BP,10.5,18,12.25,7.25,C,,
G1.VICSAT,5/29/23,May,BW,NA,NA,NA,NA,NA,,
G1.VICSAT,6/14/23,June,BW,NA,NA,NA,NA,NA,,
G1.VICSAT.1,2/17/23,February,BW/RA,6,15,9.5,9.5,,,
G1.VICSAT.1,3/20/23,March,,11.75,39,24,32,BR,,check all 6rasses
G2.AVEBAR,5/21/23,May,BW,169,34,124,79,C,,
G2.AVEBAR.1,NA,NA,NA,NA,NA,NA,NA,,,
G2.AVEBAR.1,3/20/23,March,,7.25,70,28,24,C,,
G2.AVEBAR.1,4/15/23,April,BP,19.25,92,89.5,93,C,,
G2.BRODIA,5/23/23,May,BW,NA,NA,NA,NA,BC,,
G2.BRODIA.1,NA,NA,NA,NA,NA,NA,NA,,,
G2.BRODIA.1,3/20/23,March,,5.25,52,20.25,13.5,BC,,
G2.BRODIA.1,4/15/23,April,BP,9.75,98,41.5,29,BC,,
G2.BROHOR,5/23/23,May,BW,NA,NA,NA,NA,C,,
G2.BROHOR.1,NA,NA,NA,NA,NA,NA,NA,,,
G2.BROHOR.1,3/20/23,March,,4,24,16.75,13.25,C,,
G2.BROHOR.1,4/15/23,April,BP,17,28,26.5,17.5,C,,
G2.BROMAD,5/24/23,May,BW,NA,NA,NA,NA,C,,
G2.BROMAD.1,NA,NA,NA,NA,NA,NA,NA,,,
G2.BROMAD.1,3/20/23,March,,3.25,6,6.25,4.75,C,,
G2.BROMAD.1,4/15/23,April,BP,8.75,6,9,4.25,C,,
G2.CLAPUR,6/14/23,June,BW,NA,NA,NA,NA,NA,,
G2.CLAPUR.1,2/17/23,February,BW/RA,2.75,22,3.25,4.25,,,
G2.CLAPUR.1,3/20/23,March,,14.25,199,20,12,CR,,
G2.CLAPUR.1,4/15/23,April,BP,45.5,1066,38,33,CR,,
G2.ELYCAP,5/26/23,May,BW,43,32,52,44.5,TR,,
G2.ELYCAP.1,2/17/23,February,BW/RA,2.25,17,8.5,8,,,
G2.ELYCAP.1,3/20/23,March,,4.5,78,14.5,10,TR,,
G2.ELYCAP.1,4/15/23,April,BP,8,184,17.75,18,TR,,
G2.EROBOT,5/26/23,May,BW,NA,NA,NA,NA,NA,,
G2.EROBOT.1,NA,NA,NA,NA,NA,NA,NA,,,
G2.EROBOT.1,NA,NA,NA,NA,NA,NA,NA,NA,,
G2.HOLVIR,5/27/23,May,BW,52,3516,20,26,TL,,
G2.HOLVIR,6/14/23,June,BW,59,7104,39,26,NA,,
G2.HOLVIR.1,3/20/23,March,,5,10,9.5,7.5,TL,,
G2.HOLVIR.1,4/15/23,April,BP,13.25,21,9,12.5,TL,,
G2.LUPBIC,5/28/23,May,BW,33,101,35,16,TL,,
G2.LUPBIC.1,2/17/23,February,BW/RA,2.5,14,3.5,2.5,,,
G2.LUPBIC.1,3/20/23,March,,6.75,25,10.25,10.25,TL,,
G2.MICCAL,5/28/23,May,BW,NA,NA,NA,NA,NA,,
G2.MICCAL.1,2/17/23,February,BW/RA,2.5,59,2.5,2,,,
G2.MICCAL.1,3/20/23,March,,5.75,238,9,6,BR,,
G2.MICCAL.1,4/15/23,April,BP,20,482,12.5,13.25,BR,,
G2.PLAERE,5/17/23,May,BW,NA,NA,NA,NA,NA,,
G2.PLAERE,6/14/23,June,BW,NA,NA,NA,NA,NA,,
G2.PLAERE.1,2/17/23,February,BW/RA,2,16,3,3,,,
G2.PLAERE.1,3/20/23,March,,5.5,45,6.5,6.75,TR,,
G2.PLAERE.1,4/15/23,April,BP,11.75,90,15.75,12,TR,,
G2.TRIHIR,5/29/23,May,BW,21,37,64,42,CR,,
G2.TRIHIR,6/14/23,June,BW,NA,NA,NA,NA,NA,,
G2.TRIHIR.1,2/17/23,February,BW/RA,0.75,4,3.25,2,,,
G2.TRIHIR.1,3/20/23,March,,4,13,9,6.75,,,
G2.TRIHIR.1,4/15/23,April,BP,10,27,15,7.5,CR,,
G3.AVEBAR,5/21/23,May,BW,74,43,22,27,TR,,
G3.AVEFAT.1,NA,NA,NA,NA,NA,NA,NA,,,
G3.AVEFAT.1,3/20/23,March,,7.5,28,31.5,26.25,TR,,
G3.AVEFAT.1,4/15/23,April,BP,31,44,71,47,TR,,
G3.BRODIA,5/23/23,May,BW,36,13,16,8,BL,,
G3.BRODIA.1,NA,NA,NA,NA,NA,NA,NA,,,
G3.BRODIA.1,3/20/23,March,,10.5,28,34,22.5,BL,,
G3.BRODIA.1,4/15/23,April,BP,30.25,43,39.5,47,BL,,
G3.BROHOR,5/23/23,May,BW,NA,NA,NA,NA,BL,,
G3.BROHOR.1,NA,NA,NA,NA,NA,NA,NA,,,
G3.BROHOR.1,3/20/23,March,,4,22,13,10.5,BL,,
G3.BROHOR.1,4/15/23,April,BP,15.75,33,17,15,BL,,
G3.BROMAD,5/24/23,May,BW,NA,NA,NA,NA,C,,
G3.BROMAD.1,NA,NA,NA,NA,NA,NA,NA,,,
G3.BROMAD.1,3/20/23,March,,4,18,12,8.5,C,,
G3.BROMAD.1,4/15/23,April,BP,20,19,12,10.5,C,,
G3.CALMEN..1,NA,NA,NA,NA,NA,NA,NA,,,
G3.CENMEL,5/17/23,May,BP,68,56,8.5,5.75,TR,,
G3.CENMEL.1,2/17/23,February,BW/RA,0.5,5,3.75,3.25,,,
G3.CENMEL.1,3/20/23,March,,6.5,8,9.5,9.75,TR,,
G3.CENMEL.1,4/15/23,April,BP,16.5,9,13.25,10.75,TR,,
G3.CORFIL,5/16/23,May,KC,9.5,16,6,4.5,BR,,
G3.CORFIL,6/14/23,June,B'Elanna,20,25,16,6.5,BR,,
G3.CORFIL.1,2/17/23,February,BW/RA,1.5,4,1.5,1,,,
G3.CORFIL.1,3/20/23,March,,3.5,6,3.25,2.25,BR,,
G3.CORFIL.1,4/15/23,April,BP,6.25,9,2.75,3.5,BR,,
G3.EROCIC,5/27/23,May,BW,25,81,106,63,C,,
G3.EROCIC,6/14/23,June,BW,NA,NA,NA,NA,NA,,
G3.EROCIC.1,2/17/23,February,BW/RA,1,10,6.75,5,,,
G3.EROCIC.1,3/20/23,March,,5,21,18,16,C,,
G3.EROCIC.1,4/15/23,April,BP,17.5,38,58,39,C,,
G3.ESCCAL,5/27/23,May,BW,43,92,99,89,TR,,
G3.ESCCAL,6/14/23,June,BW,38.5,228,97,110,TR,,
G3.ESCCAL.1,3/20/23,March,,8,23,25,25,TR,,
G3.ESCCAL.1,4/15/23,April,BP,21,30,28.25,24.5,TR,,
G3.MICCAL,5/28/23,May,BW,NA,NA,NA,NA,NA,,
G3.MICCAL.1,2/17/23,February,BW/RA,1.75,19,1.5,1.5,,,
G3.MICCAL.1,3/20/23,March,,6.5,211,7.5,6.5,TR,,
G3.MICCAL.1,4/15/23,April,BP,22,768,12.5,12,TR,,
G3.STIPUL,5/28/23,May,BW,17,7,7,5,CR,,
G3.STIPUL,6/14/23,June,BW,15.5,6,11,4.5,CR,,
G3.STIPUL.1,NA,NA,NA,NA,NA,NA,NA,,,
G3.STIPUL.1,3/20/23,March,,4.25,6,5.25,1,CR,,
G3.STIPUL.1,4/15/23,April,BP,7.75,5,3.5,3.5,CR,,
G4.AMSMEN,,May,,NA,NA,NA,NA,,,
G4.AMSMEN.1,2/17/23,February,BW/RA,3.25,11,4,3,,,
G4.AMSMEN.1,3/20/23,March,,7.5,16,9.5,10.75,C,,
G4.AMSMEN.1,4/15/23,April,BP,23.75,36,16,13.5,C,,
G4.AVEBAR,5/21/23,May,BW,116,49,84,95,TL,,
G4.AVEBAR.1,NA,NA,NA,NA,NA,NA,NA,,,
G4.AVEBAR.1,4/15/23,April,BP,13.5,44,67.5,32.5,TL,,
G4.BROARE,5/22/23,May,BW,29,63,41,38,BR,,
G4.BROARE.1,NA,NA,NA,NA,NA,NA,NA,,,
G4.BROARE.1,4/15/23,April,BP,23.5,25,49,29,BR,,
G4.BRODIA,5/23/23,May,BW,36,35,16.5,50,BL,,
G4.BRODIA.1,NA,NA,NA,NA,NA,NA,NA,,,
G4.BRODIA.1,3/20/23,March,,6,50,16.75,17.5,BL,,
G4.BRODIA.1,4/15/23,April,BP,17,73,44,52,BL,,
G4.BROMAD,5/24/23,May,BW,NA,NA,NA,NA,TR,,
G4.BROMAD.1,NA,NA,NA,NA,NA,NA,NA,,,
G4.BROMAD.1,3/20/23,March,,5,6,5,2.5,TR,,
G4.BROMAD.1,4/15/23,April,BP,11.5,8,4,2.5,TR,,
G4.CAUCOU.1,NA,NA,NA,NA,NA,NA,NA,,,
G4.EROCIC,5/27/23,May,BW,22.5,183,98,90,TR,,
G4.EROCIC,6/14/23,June,BW,NA,NA,NA,NA,NA,,
G4.EROCIC.1,2/17/23,February,BW/RA,1,8,3.5,2.75,,,
G4.EROCIC.1,4/15/23,April,BP,9.75,16,18,12.5,TR,,
G4.ESCCAL,5/27/23,May,BW,NA,NA,NA,NA,NA,,
G4.ESCCAL,6/14/23,June,BW,NA,NA,NA,NA,NA,,
G4.ESCCAL.1,NA,NA,NA,NA,NA,NA,NA,,,
G4.LUPMIC,5/28/23,May,BW,NA,NA,NA,NA,NA,,
G4.LUPMIC.1,NA,NA,NA,NA,NA,NA,NA,,,
G4.LUPSUC.1,NA,NA,NA,NA,NA,NA,NA,,,
G4.LUPSUC.1,NA,NA,NA,NA,NA,NA,NA,NA,,
G4.MIRMUL.1,NA,NA,NA,NA,NA,NA,NA,,,
G4.PHATAN,5/17/23,May,BW,NA,NA,NA,NA,NA,,
G4.PHATAN,6/14/23,June,BW,NA,NA,NA,NA,NA,,
G4.PHATAN.1,2/17/23,February,BW/RA,1,6,8.5,4,,,
G4.PHATAN.1,4/15/23,April,BP,35.5,12,19,26.5,BR,,
G5.AVEBAR,5/21/23,May,BW,168,30,118,61,TR,,
G5.AVEBAR.1,NA,NA,NA,NA,NA,NA,NA,,,
G5.AVEBAR.1,3/20/23,March,,7.75,90,27,21.75,TR,,
G5.AVEBAR.1,4/15/23,April,BP,25.5,77,77.5,57,TR,,
G5.BRODIA,5/23/23,May,BW,71,16,74,55,BL,,
G5.BRODIA.1,NA,NA,NA,NA,NA,NA,NA,,,
G5.BRODIA.1,3/20/23,March,,5.75,57,19.5,18.25,BL,,
G5.BRODIA.1,4/15/23,April,BP,16,73,46.5,34.5,BL,,
G5.BROHOR,5/23/23,May,BW,NA,NA,NA,NA,CL,,
G5.BROHOR.1,NA,NA,NA,NA,NA,NA,NA,,,
G5.BROHOR.1,3/20/23,March,,4.25,32,7,10.25,CL,,
G5.BROHOR.1,4/15/23,April,BP,14,32,20.5,12,CL,,
G5.BROMAD,5/24/23,May,BW,NA,NA,NA,NA,TC,,
G5.BROMAD.1,NA,NA,NA,NA,NA,NA,NA,,,
G5.BROMAD.1,3/20/23,March,,4.5,11,4.5,4,TC,,
G5.BROMAD.1,4/15/23,April,BP,14.5,11,9.25,3.75,TC,,
G5.CLAPUR,6/14/23,June,BW,NA,NA,NA,NA,NA,,
G5.CLAPUR.1,2/17/23,February,BW/RA,2.25,32,4.5,3,,,
G5.CLAPUR.1,3/20/23,March,,11.5,354,15.5,14.5,TR,,
G5.CLAPUR.1,4/15/23,April,BP,34.75,1750,33,31.5,TR,,
G5.ELYCAP,5/26/23,May,BW,42,17,34,37,TR,,
G5.ELYCAP.1,2/17/23,February,BW/RA,2.5,11,9.5,9.5,,,
G5.ELYCAP.1,3/20/23,March,,5.75,53,18.5,10.5,TR,,
G5.ELYCAP.1,4/15/23,April,BP,8.75,81,20.5,19.5,TR,,
G5.EROBOT,5/26/23,May,BW,65,227,61,53,BC,,
G5.EROBOT.1,NA,NA,NA,NA,NA,NA,NA,,,
G5.EROBOT.1,4/15/23,April,BP,17.5,63,47,29.25,BC,,
G5.EROCIC.1,2/17/23,February,BW/RA,1,10,7,6.75,,,
G5.HOLVIR,5/27/23,May,BW,26.5,540,17,10,TR,,
G5.HOLVIR,6/14/23,June,BW,38.5,1980,26,20,NA,,
G5.HOLVIR.1,2/17/23,February,BW/RA,1,2,1.25,0.75,,,
G5.HOLVIR.1,3/20/23,March,,1.5,6,4,2,TR,,
G5.HOLVIR.1,4/15/23,April,BP,4.5,8,5.75,6.5,TR,,
G5.LUPBIC,5/28/23,May,BW,NA,NA,NA,NA,NA,,
G5.LUPMIC.1,NA,NA,NA,NA,NA,NA,NA,,,
G5.LUPMIC.1,NA,NA,NA,NA,NA,NA,NA,NA,,
G5.MICCAL,5/28/23,May,BW,NA,NA,NA,NA,NA,,
G5.MICCAL.1,2/17/23,February,BW/RA,2,63,2.75,2.75,,,
G5.MICCAL.1,3/20/23,March,,5.5,230,8.5,7.5,TL,,
G5.MICCAL.1,4/15/23,April,BP,19,433,14.5,16.25,TL,,
G5.PLAERE,5/17/23,May,BW,NA,NA,NA,NA,NA,,
G5.PLAERE,6/14/23,June,BW,NA,NA,NA,NA,NA,,
G5.PLAERE.1,2/17/23,February,BW/RA,2,11,3.5,3.5,,,
G5.PLAERE.1,3/20/23,March,,6,20,8.75,9,BR,,
G5.PLAERE.1,4/15/23,April,BP,15,24,13.25,9,BR,,
G5.TRIHIR,5/29/23,May,BW,30,13,46,18,TR,,
G5.TRIHIR,6/14/23,June,BW,NA,NA,NA,NA,NA,,
G5.TRIHIR.1,2/17/23,February,BW/RA,0.75,3,2.5,1.25,,,
G5.TRIHIR.1,3/20/23,March,,5,9,5.75,4.5,TR,,
G6.ACMPAR,5/15/23,May,BP,5.75,5,2,2,TL,,
G6.ACMPAR.1,2/17/23,February,BW/RA,0.25,0,1,0.25,,,
G6.ACMPAR.1,3/20/23,March,,1.25,2,1,0.5,TL,,
G6.ACMPAR.1,4/15/23,April,BP,3.5,6,2.25,1.5,TL,,
G6.AIRCAR,5/16/23,May,SS,7,1,10.5,1,TL,,
G6.AIRCAR.1,2/17/23,February,BW/RA,0.75,3,1,0.25,,,
G6.AIRCAR.1,3/20/23,March,,1.5,6,1,0.75,TL,,
G6.AIRCAR.1,4/15/23,April,BP,3,5,2.75,1.25,TL,,
G6.BRODIA,5/23/23,May,BW,54,44,66,79,BL,,
G6.BRODIA.1,NA,NA,NA,NA,NA,NA,NA,,,
G6.BRODIA.1,3/20/23,March,,5.5,39,15.5,13,BL,,
G6.BRODIA.1,4/15/23,April,BP,9,84,31.5,32.25,BL,,
G6.BROHOR,5/23/23,May,BW,70,22,52,26,BR,,
G6.BROHOR.1,NA,NA,NA,NA,NA,NA,NA,,,
G6.BROHOR.1,3/20/23,March,,2.5,19,7,6,BR,,
G6.BROHOR.1,4/15/23,April,BP,2.75,50,19.5,9,BR,,
G6.CLAPUR,6/14/23,June,BW,NA,NA,NA,NA,NA,,
G6.CLAPUR.1,2/17/23,February,BW/RA,0.5,6,1.25,1,,,
G6.CLAPUR.1,3/20/23,March,,1.75,58,2.5,2.75,TL,,
G6.CLAPUR.1,4/15/23,April,BP,2.5,166,13,8.75,TL,,
G6.DANCAL,5/17/23,May,MA,NA,NA,NA,NA,BL,,
G6.DANCAL,5/26/23,May,BW,6.5,16,8,8,BL,,
G6.DANCAL,6/14/23,June,B'Elanna,NA,NA,NA,NA,BL,,
G6.DANCAL,6/14/23,June,BW,6.5,18,11.5,8,BL/CL,,
G6.DANCAL.1,NA,NA,NA,NA,NA,NA,NA,,,
G6.DANCAL.1,4/15/23,April,BP,3.25,12,4.25,3.5,BL,,
G6.DAUPUS.1,NA,NA,NA,NA,NA,NA,NA,,,
G6.ESCCAL,5/27/23,May,BW,24,31,23.5,24,TL,,
G6.ESCCAL.1,2/17/23,February,BW/RA,0.5,9,3.75,4.5,,,
G6.ESCCAL.1,3/20/23,March,,2,18,8.25,6.75,TL,,
G6.ESCCAL.1,4/15/23,April,BP,7,20,16.5,14.5,TL,,
G6.GALPAR,5/27/23,May,BW,22,444,14,13.75,BC,,
G6.GALPAR,6/14/23,June,BW,NA,NA,NA,NA,NA,,
G6.GALPAR.1,2/17/23,February,BW/RA,0.25,8,0.5,0.5,,,
G6.GALPAR.1,3/20/23,March,,0.75,56,2.75,1.75,BC,,
G6.GALPAR.1,4/15/23,April,BP,2.25,195,3.75,3.75,BC,,
G6.HYPGLA,5/24/23,May,AL,42,36,52,47,BL,,
G6.HYPGLA,6/14/23,June,BW,NA,NA,NA,NA,NA,,
G6.HYPGLA.1,2/17/23,February,BW/RA,0.5,7,3.75,3.25,,,
G6.HYPGLA.1,3/20/23,March,,1.5,19,9.5,10,BL,,
G6.HYPGLA.1,4/15/23,April,BP,4.5,22,19.5,19,BL,,
G6.MADGRA.1,3/20/23,March,,3,33,17,14.5,C,,
G6.MADGRA.1,4/15/23,April,BP,10,159,38.5,29,C,,
G6.SANBIP.1,NA,NA,NA,NA,NA,NA,NA,,,
G7.ACMPAR.1,NA,NA,NA,NA,NA,NA,NA,,,
G7.AIRCAR,5/16/23,May,SS,18,6,1.5,7.25,,,
G7.AIRCAR.1,2/17/23,February,BW/RA,0.5,4,1,0.5,,,
G7.AIRCAR.1,3/20/23,March,,1.75,19,4.5,3.75,TL,,
G7.AIRCAR.1,4/15/23,April,BP,4,27,8,6,TL,,
G7.BRODIA,5/23/23,May,BW,57,63,77,73,BL,,
G7.BRODIA.1,NA,NA,NA,NA,NA,NA,NA,,,
G7.BRODIA.1,3/20/23,March,,4.5,70,15.5,15.25,BL,,
G7.BRODIA.1,4/15/23,April,BP,8.5,141,27,24.25,BL,,
G7.BROHOR,5/23/23,May,BW,NA,NA,NA,NA,TL,,
G7.BROHOR.1,NA,NA,NA,NA,NA,NA,NA,,,
G7.BROHOR.1,3/20/23,March,,2.5,18,10,7,TL,,
G7.BROHOR.1,4/15/23,April,BP,4.75,49,14.5,11.25,TL,,
G7.CLAPUR,6/14/23,June,BW,NA,NA,NA,NA,NA,,
G7.CLAPUR.1,NA,NA,NA,NA,NA,NA,NA,,,
G7.DANCAL,6/14/23,June,BW,3,2,2.25,1.25,C,,
G7.DANCAL.1,NA,NA,NA,NA,NA,NA,NA,,,
G7.DAUPUS,5/17/23,May,MA,42.25,41,28,17.5,BR,,
G7.DAUPUS.1,2/17/23,February,BW/RA,0.25,3,2.25,2.25,,,
G7.DAUPUS.1,4/15/23,April,BP,5,13,15.5,12.5,BR,,
G7.ESCCAL,5/27/23,May,BW,3,2,5.5,3,C,,
G7.ESCCAL,6/14/23,June,BW,4,2,5,1.25,C,,
G7.ESCCAL.1,2/17/23,February,BW/RA,0.5,3,0.5,0.5,,,
G7.ESCCAL.1,3/20/23,March,,1,6,1.5,1,C,,
G7.ESCCAL.1,4/15/23,April,BP,3,4,2.5,2.25,C,,
G7.GALPAR,5/27/23,May,BW,20,194,31,20.5,C,,
G7.GALPAR,6/14/23,June,BW,NA,NA,NA,NA,NA,,
G7.GALPAR.1,2/17/23,February,BW/RA,0.25,8,0.5,0.5,,,
G7.GALPAR.1,3/20/23,March,,1,41,2,1.5,C,,
G7.GALPAR.1,4/15/23,April,BP,3.75,122,3.5,3.75,C,,
G7.HYPGLA,5/24/23,May,AL,37.5,23,38,43,BL,,
G7.HYPGLA,6/14/23,June,BW,NA,NA,NA,NA,NA,,
G7.HYPGLA.1,2/17/23,February,BW/RA,0.5,8,4.25,3.75,,,
G7.HYPGLA.1,3/20/23,March,,0.75,18,10.25,9,BL,,
G7.MADGRA,5/28/23,May,BW,49,38,17,11,TR,,
G7.MADGRA.1,2/17/23,February,BW/RA,0.5,4,1.5,1.75,,,
G7.MADGRA.1,3/20/23,March,,1.5,8,7,3.75,TR,,
G7.MADGRA.1,4/15/23,April,BP,10.5,10,11.5,13.5,TR,,
G7.SANBIP.1,NA,NA,NA,NA,NA,NA,NA,,,
G8.AVEBAR,5/21/23,May,BW,100,22,76,49,TL,,
G8.AVEBAR.1,NA,NA,NA,NA,NA,NA,NA,,,
G8.AVEBAR.1,3/20/23,March,,9,41,21.5,25,TL,,
G8.AVEBAR.1,4/15/23,April,Eliud,12,42,50,51,TL,,
G8.BRODIA,5/23/23,May,BW,46,10,102,13.5,BL,,
G8.BRODIA.1,NA,NA,NA,NA,NA,NA,NA,,,
G8.BRODIA.1,3/20/23,March,,6.5,16,9.5,9.5,BL,,
G8.BRODIA.1,4/15/23,April,Eliud,11.75,28,16.5,12,BL,,
G8.BROHOR,5/17/23,May,BW,NA,NA,NA,NA,TR,,
G8.BROHOR.1,NA,NA,NA,NA,NA,NA,NA,,,
G8.BROHOR.1,3/20/23,March,,3.75,23,12,10.5,TR,,
G8.BROHOR.1,4/15/23,April,Eliud,10.5,18,11,20.75,TR,,
G8.CLAPUR,5/25/23,May,BW,42.5,42,8,8,TL,,
G8.CLAPUR,6/14/23,June,BW,NA,NA,NA,NA,NA,,
G8.CLAPUR.1,2/17/23,February,BW/RA,1.5,4,2,1.75,,,
G8.CLAPUR.1,3/20/23,March,,4.5,29,6.5,5,TL,,
G8.DAUPUS,5/17/23,May,MA,35.25,8,7.5,2,TL,,
G8.DAUPUS.1,2/17/23,February,BW/RA,1,3,3.5,2,,,
G8.DAUPUS.1,3/20/23,March,,2.75,3,7,3.25,TL,,
G8.DAUPUS.1,4/15/23,April,Eliud,11.5,4,8,4,TL,,
G8.EROBOT,5/26/23,May,BW,29,25,29,24.5,TL,,
G8.EROBOT.1,2/17/23,February,BW/RA,1.5,7,4,3.75,,,
G8.EROBOT.1,3/20/23,March,,4,7,13.5,12.5,TL,,
G8.EROBOT.1,4/15/23,April,Eliud,14,11,23.75,19.5,TL,,
G8.GERDIS,5/27/23,May,BW,NA,NA,NA,NA,NA,,
G8.GERDIS,6/14/23,June,BW,NA,NA,NA,NA,NA,,
G8.GERDIS.1,2/17/23,February,BW/RA,0.75,4,4.5,3,,,
G8.GERDIS.1,3/20/23,March,,4,6,11.5,7,TL,,
G8.GERDIS.1,4/15/23,April,Eliud,14,10,15.7,13.75,TL,,
G8.LUPBIC,5/28/23,May,BW,24.75,25,11,8,CB,,
G8.LUPBIC.1,2/17/23,February,BW/RA,0.5,0,2,0.75,,,
G8.LUPBIC.1,3/20/23,March,,1.75,6,3.75,3,CB,,
G8.LUPBIC.1,4/15/23,April,Eliud,4.5,10,3.75,4,CB,,
G8.MADGRA,5/28/23,May,BW,48,20,14,9,TL,,
G8.MADGRA.1,2/17/23,February,BW/RA,0.75,4,3.25,2,,,
G8.MADGRA.1,3/20/23,March,,5.5,9,7,5.5,TL,,
G8.MADGRA.1,4/15/23,April,Eliud,17.5,12,13.75,6,TL,,
G8.TORARV,6/14/23,June,BW,NA,NA,NA,NA,NA,,
G8.TORARV.1,2/17/23,February,BW/RA,1.5,2,1.25,2,,,
G8.TORARV.1,3/20/23,March,,4.5,4,4.5,3,TC,,
G8.TORARV.1,4/15/23,April,Eliud,12.5,4,9,5,TC,,
G8.TRIHIR,5/29/23,May,BW,23.5,29,42,42,TL,,
G8.TRIHIR,6/14/23,June,BW,NA,NA,NA,NA,NA,,
G8.TRIHIR.1,2/17/23,February,BW/RA,0.5,4,2,1.75,,,
G8.TRIHIR.1,3/20/23,March,,3.5,5,5,3.25,TL,,
G8.TRIHIR.1,4/15/23,April,Eliud,11.75,9,12,11,TL,,
G8.VICSAT,5/29/23,May,BW,NA,NA,NA,NA,NA,,
G8.VICSAT,6/14/23,June,BW,NA,NA,NA,NA,NA,,
G8.VICSAT.1,3/20/23,March,,12,27,22.5,25,TC,,
H1.AVEFAT,5/21/23,May,BW,105,35,107,76,CT,,
H1.AVEFAT.1,NA,NA,NA,NA,NA,NA,NA,,,
H1.AVEFAT.1,3/20/23,March,,10,53,47,42.5,TTC,,
H1.AVEFAT.1,4/15/23,April,Eliud,52.5,63,68,68,CT,,
H1.BRODIA,5/23/23,May,BW,34.5,12,20.5,18,BL,,
H1.BRODIA.1,NA,NA,NA,NA,NA,NA,NA,,,
H1.BRODIA.1,3/20/23,March,,13.75,48,35.5,37,BL,,
H1.BRODIA.1,4/15/23,April,Eliud,42.5,63,58.5,52,BL,,
H1.BROHOR,5/23/23,May,BW,NA,NA,NA,NA,BL,,
H1.BROHOR.1,NA,NA,NA,NA,NA,NA,NA,,,
H1.BROHOR.1,3/20/23,March,,4.75,15,8.25,5,BL,,
H1.BROHOR.1,4/14/23,April,Gwen/Zeen,12,29,14.5,15,BL,,
H1.BROMAD,5/24/23,May,BW,NA,NA,NA,NA,BL,,
H1.BROMAD.1,NA,NA,NA,NA,NA,NA,NA,,,
H1.BROMAD.1,3/20/23,March,,4.5,9,4.75,2.75,BL,,
H1.BROMAD.1,4/14/23,April,Gwen/Zeen,19.5,7,3.5,3.5,BL,,
H1.CALMEN.1,NA,NA,NA,NA,NA,NA,NA,,,
H1.CENMEL,5/17/23,May,BP,89.5,262,55.25,34.5,TR,,
H1.CENMEL.1,2/17/23,February,BW/RA,1.5,6,5.5,5,,,
H1.CENMEL.1,3/20/23,March,,7.25,12,14,12,TR,,
H1.CENMEL.1,4/15/23,April,Eliud,12,22,20,19.5,TR,,
H1.CORFIL,5/16/23,May,KC,15.5,11,7.75,5,TR,,
H1.CORFIL,6/14/23,June,B'Elanna,17,12,8,8,TR,,
H1.CORFIL.1,2/17/23,February,BW/RA,0.75,4,1.5,1.5,,,
H1.CORFIL.1,3/20/23,March,,4.5,5,3.25,2,TR,,
H1.CORFIL.1,4/14/23,April,Gwen/Zeen,6.5,7,4.75,3.5,TB,,
H1.EROCIC,5/27/23,May,BW,31.5,54,101,30,TL,,
H1.EROCIC,6/14/23,June,BW,NA,NA,NA,NA,NA,,
H1.EROCIC.1,2/17/23,February,BW/RA,0.5,6,4,2.25,,,
H1.EROCIC.1,4/15/23,April,Eliud,17.75,17,27.5,13,TL,,
H1.ESCCAL,5/27/23,May,BW,40.5,24,31,16,C,,
H1.ESCCAL,6/14/23,June,BW,29,30,50,22.5,C,,
H1.ESCCAL.1,3/20/23,March,,3.5,11,8.5,7.25,TC,,
H1.ESCCAL.1,4/15/23,April,Eliud,12,14,8,6,C,,
H1.MICCAL,5/28/23,May,BW,NA,NA,NA,NA,NA,,
H1.MICCAL.1,2/17/23,February,BW/RA,2,29,2.25,1.25,,,
H1.MICCAL.1,3/20/23,March,,6,168,6.25,4.5,TR,,
H1.MICCAL.1,4/14/23,April,Gwen/Zeen,20,279,8,8.5,TR,,
H1.STIPUL,5/28/23,May,BW,16,7,3,4,TL,,
H1.STIPUL,6/14/23,June,BW,16.5,7,8,4,TL,,
H1.STIPUL.1,NA,NA,NA,NA,NA,NA,NA,,,
H1.STIPUL.1,3/20/23,March,,3.5,3,4.75,1.75,TL,,
H1.STIPUL.1,4/15/23,April,Eliud,6,4,4.2,1,TL,,
H2.ACMPAR.1,NA,NA,NA,NA,NA,NA,NA,,,
H2.AIRCAR,5/16/23,May,SS,18.5,5,5,3,,,
H2.AIRCAR.1,2/17/23,February,BW/RA,NA,NA,NA,NA,,,
H2.AIRCAR.1,3/20/23,March,,1.75,11,3.5,2,C,,
H2.AIRCAR.1,4/14/23,April,Gwen/Zeen,6.5,14,6,6,C,,
H2.BRODIA,5/23/23,May,BW,54,15,19.5,74,BL,,
H2.BRODIA.1,NA,NA,NA,NA,NA,NA,NA,,,
H2.BRODIA.1,3/20/23,March,,4,57,22,16.5,BL,,
H2.BRODIA.1,4/14/23,April,Gwen/Zeen,6,80,27,35,BL,,
H2.BROHOR,5/23/23,May,BW,69,10,14,6,TL,,
H2.BROHOR.1,NA,NA,NA,NA,NA,NA,NA,,,
H2.BROHOR.1,3/20/23,March,,4.5,28,9.75,10,TL,,
H2.BROHOR.1,4/14/23,April,Gwen/Zeen,12,21,19,11,TL,,
H2.CLAPUR,5/25/23,May,BW,13,24,14,5.5,BR,,
H2.CLAPUR,6/14/23,June,BW,NA,NA,NA,NA,NA,,
H2.CLAPUR.1,2/17/23,February,BW/RA,0.5,6,1.25,1,,,
H2.CLAPUR.1,3/20/23,March,,1,20,2.75,1.5,BR,,
H2.DANCAL,6/14/23,June,BW,7,7,8.25,5.25,BR,,
H2.DANCAL.1,NA,NA,NA,NA,NA,NA,NA,,,
H2.DAUPUS,5/17/23,May,MA,31.25,38,20.5,22,BR,,
H2.DAUPUS.1,2/17/23,February,BW/RA,0.75,4,3,2.5,,,
H2.DAUPUS.1,3/20/23,March,,1.75,9,7.25,6,BR,,
H2.DAUPUS.1,4/14/23,April,Gwen/Zeen,7,8,22,13.5,BR,,
H2.ESCCAL,5/27/23,May,BW,18,38,20,29,BR,,
H2.ESCCAL,6/14/23,June,BW,11.5,57,49,38,BR,,
H2.ESCCAL.1,2/17/23,February,BW/RA,0.75,8,4.25,4.5,,,
H2.ESCCAL.1,3/20/23,March,,2.5,11,8.5,8.75,BR,,
H2.ESCCAL.1,4/14/23,April,Gwen/Zeen,6.5,11,14.5,15.5,BR,,
H2.GALPAR,5/27/23,May,BW,18,216,11,12.5,BR,,
H2.GALPAR,6/14/23,June,BW,NA,NA,NA,NA,NA,,
H2.GALPAR.1,2/17/23,February,BW/RA,0.5,8,0.5,0.5,,,
H2.GALPAR.1,3/20/23,March,,0.5,37,1.25,1.5,CR,,
H2.GALPAR.1,4/14/23,April,Gwen/Zeen,1.5,94,3,2.25,BR,,
H2.HYPGLA,6/14/23,June,BW,NA,NA,NA,NA,NA,,
H2.HYPGLA.1,2/17/23,February,BW/RA,0.75,9,3,2.5,,,
H2.HYPGLA.1,3/20/23,March,,2.5,10,5.75,4.5,CR,,
H2.HYPGLA.1,4/14/23,April,Gwen/Zeen,4.5,10,9,7.75,CR,,
H2.MADGRA,5/28/23,May,BW,91,360,24,17.5,CR,,
H2.MADGRA.1,2/17/23,February,BW/RA,1,6,5,3.75,,,
H2.MADGRA.1,3/20/23,March,,2.5,12,11.5,10.5,CR,,
H2.MADGRA.1,4/14/23,April,Gwen/Zeen,6.75,22,18,15.5,CR,,
H2.SANBIP.1,NA,NA,NA,NA,NA,NA,NA,,,
H3.AMSMEN.1,2/17/23,February,BW/RA,3.5,10,5,4.5,,,
H3.AMSMEN.1,3/20/23,March,,5.5,12,12.5,9.5,BR,,
H3.AVEBAR,5/21/23,May,BW,104,30,118,61,C,,
H3.AVEBAR.1,NA,NA,NA,NA,NA,NA,NA,,,
H3.AVEBAR.1,3/20/23,March,,10,31,34,15.5,BC,,
H3.AVEBAR.1,4/14/23,April,Gwen/Zeen,69,38,53,35,C,,
H3.BROARE,5/22/23,May,BW,28.5,25,21,17,CT,,
H3.BROARE.1,NA,NA,NA,NA,NA,NA,NA,,,
H3.BROARE.1,4/14/23,April,Gwen/Zeen,25,18,33,19,CT,,
H3.BRODIA,5/23/23,May,BW,50,13,50,52,BL,,
H3.BRODIA.1,NA,NA,NA,NA,NA,NA,NA,,,
H3.BRODIA.1,3/20/23,March,,9.75,43,23,15.5,BL,,
H3.BRODIA.1,4/14/23,April,Gwen/Zeen,13,66,35,36,BL,,
H3.BROMAD,5/24/23,May,BW,NA,NA,NA,NA,C,,
H3.BROMAD.1,NA,NA,NA,NA,NA,NA,NA,,,
H3.BROMAD.1,3/20/23,March,,8,8,4,5.5,C,,
H3.BROMAD.1,4/14/23,April,Gwen/Zeen,27,5,7.5,4,C,,
H3.CAUCOU.1,NA,NA,NA,NA,NA,NA,NA,,,
H3.EROCIC,5/27/23,May,BW,37,255,124,144,TR,,
H3.EROCIC,6/14/23,June,BW,NA,NA,NA,NA,NA,,
H3.EROCIC.1,2/17/23,February,BW/RA,2,8,9,7.5,,,
H3.EROCIC.1,3/20/23,March,,7,16,23.5,18.5,TR,,
H3.EROCIC.1,4/14/23,April,Gwen/Zeen,17.5,38,68,45,TR,,
H3.ESCCAL,5/27/23,May,BW,NA,NA,NA,NA,NA,,
H3.ESCCAL,6/14/23,June,BW,NA,NA,NA,NA,NA,,
H3.ESCCAL.1,NA,NA,NA,NA,NA,NA,NA,,,
H3.LUPMIC,5/28/23,May,BW,NA,NA,NA,NA,NA,,
H3.LUPMIC.1,NA,NA,NA,NA,NA,NA,NA,,,
H3.LUPSUC.1,NA,NA,NA,NA,NA,NA,NA,,,
H3.LUPSUC.1,NA,NA,NA,NA,NA,NA,NA,NA,,
H3.LUPSUC.1,NA,NA,NA,NA,NA,NA,NA,NA,,
H3.MIRMUL,5/17/23,May,BW,NA,NA,NA,NA,NA,,
H3.MIRMUL.1,NA,NA,NA,NA,NA,NA,NA,,,
H3.PHATAN,5/17/23,May,BW,NA,NA,NA,NA,NA,,
H3.PHATAN,6/14/23,June,BW,NA,NA,NA,NA,NA,,
H3.PHATAN.1,2/17/23,February,BW/RA,1.5,7,5.75,6,,,
H3.PHATAN.1,3/20/23,March,,9,9,13,13.5,TL,,
H4.AVEBAR.1,NA,NA,NA,NA,NA,NA,NA,NA,,
H4.AVEBAR.1,3/20/23,March,NA,NA,NA,NA,NA,NA,,
H4.AVEBAR.1,4/14/23,April,NA,NA,NA,NA,NA,NA,,
H4.BRODIA,5/23/23,May,BW,155,35,43,49,BL,,
H4.BRODIA.1,NA,NA,NA,NA,NA,NA,NA,,,
H4.BRODIA.1,3/20/23,March,,5.5,62,16.5,12.5,BL,,
H4.BRODIA.1,4/14/23,April,Gwen/Zeen,8.5,102,23.5,24,BL,,
H4.BROHOR,5/23/23,May,BW,NA,NA,NA,NA,TR,,
H4.BROHOR.1,NA,NA,NA,NA,NA,NA,NA,,,
H4.BROHOR.1,3/20/23,March,,3.5,33,13,10,CT,,
H4.BROHOR.1,4/14/23,April,Gwen/Zeen,15.5,49,17,15,TR,,
H4.BROMAD,5/24/23,May,BW,NA,NA,NA,NA,BR/C,,
H4.BROMAD.1,NA,NA,NA,NA,NA,NA,NA,,,
H4.BROMAD.1,3/20/23,March,,3,8,8.5,8.5,BR,,
H4.BROMAD.1,4/14/23,April,Gwen/Zeen,8,12,12.5,6,BR-C,,
H4.CLAPUR,6/14/23,June,BW,NA,NA,NA,NA,NA,,
H4.CLAPUR.1,2/17/23,February,BW/RA,1.75,28,3.5,4,,,
H4.CLAPUR.1,3/20/23,March,,9.75,212,14.75,10.5,BR,,
H4.CLAPUR.1,4/14/23,April,Gwen/Zeen,28.5,528,25,28,BR,,
H4.ELYCAP,5/26/23,May,BW,39,4,48,46,CR,,
H4.ELYCAP.1,2/17/23,February,BW/RA,1.5,15,5.25,5,,,
H4.ELYCAP.1,3/20/23,March,,3.25,20,8,7,C,,
H4.ELYCAP.1,4/14/23,April,Gwen/Zeen,8.5,38,14.5,17.5,CR,,
H4.EROBOT,5/26/23,May,BW,NA,NA,NA,NA,NA,,
H4.EROBOT.1,2/17/23,February,BW/RA,,,,,,,
H4.EROBOT.1,NA,NA,NA,NA,NA,NA,NA,NA,,
H4.EROBOT.1,NA,NA,NA,NA,NA,NA,NA,NA,,
H4.HOLVIR,5/27/23,May,BW,55.5,9896,36,41,BR,,
H4.HOLVIR,6/14/23,June,BW,67,28095,55,60,NA,,
H4.HOLVIR.1,2/17/23,February,BW/RA,1,8,5.5,5,,,
H4.HOLVIR.1,3/20/23,March,,5.5,13,12,10,BR,,
H4.HOLVIR.1,4/14/23,April,Gwen/Zeen,10.5,42,18,17.5,BR,,
H4.LUPBIC,5/28/23,May,BW,NA,NA,NA,NA,NA,,
H4.LUPBIC.1,2/17/23,February,BW/RA,1,4,2.25,2,,,
H4.LUPBIC.1,3/20/23,March,,1.5,10,3,2.25,BR,,
H4.MICCAL,5/28/23,May,BW,NA,NA,NA,NA,NA,,
H4.MICCAL.1,2/17/23,February,BW/RA,2,40,2.25,2,,,
H4.MICCAL.1,3/20/23,March,,7.5,184,9,7,BR,,
H4.MICCAL.1,4/14/23,April,Gwen/Zeen,29.75,416,27.5,20,BR,,
H4.PLAERE,5/17/23,May,BW,NA,NA,NA,NA,NA,,
H4.PLAERE,6/14/23,June,BW,NA,NA,NA,NA,NA,,
H4.PLAERE.1,2/17/23,February,BW/RA,2,13,4.5,3.75,,,
H4.PLAERE.1,3/20/23,March,,4.75,31,6,6.5,BL,,
H4.PLAERE.1,4/14/23,April,Gwen/Zeen,11,43,11,8.75,BL-C,,
H4.TRIHIR,5/29/23,May,BW,27,65,37,35,BR,,
H4.TRIHIR,6/14/23,June,BW,NA,NA,NA,NA,NA,,
H4.TRIHIR.1,2/17/23,February,BW/RA,0.75,6,3.75,2,,,
H4.TRIHIR.1,3/20/23,March,,3,17,8.25,7,BR,,
H4.TRIHIR.1,4/14/23,April,Gwen/Zeen,9.25,45,16.5,20.5,BR,,
H5.AVEBAR,5/21/23,May,BW,76,54,133,132,BL,,
H5.AVEBAR.1,NA,NA,NA,NA,NA,NA,NA,,,
H5.AVEBAR.1,3/20/23,March,,4,37,17,15,BL,,
H5.AVEBAR.1,4/14/23,April,A. Zeen,10.5,73,35,37,BL,,
H5.BRODIA,5/23/23,May,BW,101,11,52,45,TR,,
H5.BRODIA.1,NA,NA,NA,NA,NA,NA,NA,,,
H5.BRODIA.1,3/20/23,March,,4,44,16,13.5,TR,,
H5.BRODIA.1,4/14/23,April,A. Zeen,17.5,44,31.5,21,TR,,
H5.BROHOR,5/17/23,May,BW,NA,NA,NA,NA,CL,,
H5.BROHOR.1,NA,NA,NA,NA,NA,NA,NA,,,
H5.BROHOR.1,3/20/23,March,,5.5,18,9.5,7.75,CL,,
H5.BROHOR.1,4/14/23,April,A. Zeen,21,20,18,10,CL,,
H5.CLAPUR,5/25/23,May,BW,28,34,14,13.5,TR,,
H5.CLAPUR,6/14/23,June,BW,NA,NA,NA,NA,NA,,
H5.CLAPUR.1,2/17/23,February,BW/RA,1.5,4,2,1.75,,,
H5.CLAPUR.1,3/20/23,March,,5,25,4.25,4,TR,,
H5.CLAPUR.1,4/14/23,April,A. Zeen,19.75,32,10.5,3,TR,,
H5.DAUPUS,5/26/23,May,BP,22.25,4,12,5.25,TR,,
H5.DAUPUS.1,2/17/23,February,BW/RA,0.5,2,2.25,2,,,
H5.DAUPUS.1,3/20/23,March,,2,4,4,3.75,TR,,
H5.DAUPUS.1,4/14/23,April,A. Zeen,6,4,6.25,4.5,TR,,
H5.EROBOT,5/26/23,May,BW,NA,NA,NA,NA,NA,,
H5.EROBOT.1,NA,NA,NA,NA,NA,NA,NA,,,
H5.GERDIS,5/27/23,May,BW,NA,NA,NA,NA,NA,,
H5.GERDIS,6/14/23,June,BW,NA,NA,NA,NA,NA,,
H5.GERDIS.1,2/17/23,February,BW/RA,0.75,5,5.75,3.75,,,
H5.GERDIS.1,3/20/23,March,,5.25,8,13.5,10.25,TR,,
H5.GERDIS.1,4/14/23,April,A. Zeen,9.5,9,24.5,24.75,TR,,
H5.LUPBIC,5/28/23,May,BW,NA,NA,NA,NA,NA,,
H5.LUPBIC.1,NA,NA,NA,NA,NA,NA,NA,,,
H5.MADGRA,5/28/23,May,BW,112,512,49,47,TR,,
H5.MADGRA.1,2/17/23,February,BW/RA,3.75,8,9,6,,,
H5.MADGRA.1,3/20/23,March,,9.5,16,25.5,21.5,TR,,
H5.MADGRA.1,4/14/23,April,Gwen/Zeen,30,88,31,30,TR,,
H5.TORARV,5/23/23,May,BW,72,14,27.5,22,TR,,
H5.TORARV,6/14/23,June,BW,NA,NA,NA,NA,NA,,
H5.TORARV.1,2/17/23,February,BW/RA,1.75,2,3.25,3.75,,,
H5.TORARV.1,3/20/23,March,,4.5,5,8,4,TR,,
H5.TORARV.1,4/14/23,April,A. Zeen,18,5,15,5,TR,,
H5.TRIHIR,5/29/23,May,BW,NA,NA,NA,NA,NA,,
H5.TRIHIR,6/14/23,June,BW,NA,NA,NA,NA,NA,,
H5.TRIHIR.1,NA,NA,NA,NA,NA,NA,NA,,,
H5.TRIHIR.1,NA,NA,NA,NA,NA,NA,NA,NA,,
H5.VICSAT,5/29/23,May,BW,NA,NA,NA,NA,NA,,
H5.VICSAT,6/14/23,June,BW,NA,NA,NA,NA,NA,,
H5.VICSAT.1,2/17/23,February,BW/RA,6,12,8.5,6.75,,,
H5.VICSAT.1,3/20/23,March,,7.5,33,21.5,17,TL,,
H6.ACMPAR.1,NA,NA,NA,NA,NA,NA,NA,,,
H6.ACMPAR.1,NA,NA,NA,NA,NA,NA,NA,NA,,
H6.AIRCAR,5/16/23,May,SS,24.75,6,6,3,,,
H6.AIRCAR.1,2/17/23,February,BW/RA,0.75,11,2.75,2.5,,,
H6.AIRCAR.1,3/20/23,March,,2.5,31,4.5,4,CR,,
H6.AIRCAR.1,4/14/23,April,A. Zeen,7.5,29,12,5,CR,,
H6.BRODIA,5/23/23,May,BW,70,45,36,68,BL,,"writing in the notes box here is scratched out, so I didn't enter it"
H6.BRODIA.1,NA,NA,NA,NA,NA,NA,NA,,,
H6.BRODIA.1,3/20/23,March,,6,80,17.5,19.75,BL,,
H6.BRODIA.1,4/14/23,April,A. Zeen,8.25,136,32,27,BL,,
H6.BROHOR,5/24/23,May,BW,50,5,44,19,BL,,
H6.BROHOR.1,NA,NA,NA,NA,NA,NA,NA,,,
H6.BROHOR.1,3/20/23,March,,4,34,17,12.5,BL,,
H6.BROHOR.1,4/14/23,April,A. Zeen,5.5,44,17,28.5,BL,,
H6.CLAPUR,6/14/23,June,BW,NA,NA,NA,NA,NA,,
H6.CLAPUR.1,2/17/23,February,BW/RA,0.5,35,3,2.25,,,
H6.CLAPUR.1,3/20/23,March,,2.25,203,10,6.25,CB,,
H6.CLAPUR.1,4/14/23,April,A. Zeen,4.5,413,19,18,CB,,
H6.DANCAL,6/14/23,June,BW,3.75,5,5,2.5,TR,,
H6.DANCAL.1,NA,NA,NA,NA,NA,NA,NA,,,
H6.DANCAL.1,NA,NA,NA,NA,NA,NA,NA,NA,,
H6.DAUPUS,5/26/23,May,BP,20.75,2,1,3.75,C,,
H6.DAUPUS.1,2/17/23,February,BW/RA,0.5,3,2,2,,,
H6.DAUPUS.1,3/20/23,March,,1.5,7,4.5,3.5,CR,,
H6.ESCCAL,5/27/23,May,BW,23,4,7,3.5,TR/CR,,
H6.ESCCAL,6/14/23,June,BW,21.5,2,4,2.75,TR/CR,,
H6.ESCCAL.1,2/17/23,February,BW/RA,0.5,8,2.5,3,,,
H6.ESCCAL.1,3/20/23,March,,0.75,10,4.25,3.5,TR,,
H6.ESCCAL.1,4/14/23,April,A. Zeen,5.25,10,7.5,9,TR/CR,,
H6.GALPAR,5/27/23,May,BW,10,82,13,6,TR/C,,
H6.GALPAR,6/14/23,June,BW,NA,NA,NA,NA,NA,,
H6.GALPAR.1,2/17/23,February,BW/RA,0.25,6,0.25,0.5,,,
H6.GALPAR.1,3/20/23,March,,0.75,27,1,0.75,TR,,
H6.GALPAR.1,4/14/23,April,A. Zeen,2,51,1.75,1.5,TR/C,,
H6.HYPGLA,5/24/23,May,AL,39,12,34,18,TR,,
H6.HYPGLA,6/14/23,June,BW,NA,NA,NA,NA,NA,,
H6.HYPGLA.1,2/17/23,February,BW/RA,0.25,5,2.5,2,,,
H6.HYPGLA.1,3/20/23,March,,0.75,13,8,7,TR,,
H6.MADGRA,5/28/23,May,BW,103,698,76,30,TR,,
H6.MADGRA.1,2/17/23,February,BW/RA,1,8,5.25,3.5,,,
H6.MADGRA.1,3/20/23,March,,3.5,26,15.25,12.5,TR,,
H6.MADGRA.1,4/14/23,April,A. Zeen,9,78,22,22,TR,,
H6.SANBIP.1,NA,NA,NA,NA,NA,NA,NA,,,
H7.AVEBAR,5/21/23,May,BW,103,19,97,46,BL,,
H7.AVEBAR.1,NA,NA,NA,NA,NA,NA,NA,,,
H7.AVEBAR.1,4/14/23,April,A. Zeen,10,37,26.5,30,BL,,
H7.BRODIA,5/23/23,May,BW,57,13,84,27,C,,
H7.BRODIA.1,NA,NA,NA,NA,NA,NA,NA,,,
H7.BRODIA.1,3/20/23,March,,5.25,28,13,10,C,,
H7.BRODIA.1,4/14/23,April,A. Zeen,6,58,19.75,13.5,C,,
H7.BROHOR,5/24/23,May,BW,NA,NA,NA,NA,BL,,
H7.BROHOR.1,NA,NA,NA,NA,NA,NA,NA,,,
H7.BROHOR.1,3/20/23,March,,4.25,13,9.5,7.5,BL,,
H7.BROHOR.1,4/14/23,April,A. Zeen,15,15,22.5,17.25,BL,,
H7.BROMAD,5/24/23,May,BW,NA,NA,NA,NA,TR/C,,
H7.BROMAD.1,NA,NA,NA,NA,NA,NA,NA,,,
H7.BROMAD.1,3/20/23,March,,5.5,6,11.5,4,C,,
H7.BROMAD.1,4/14/23,April,A. Zeen,11,13,12,6.5,TR/C,,
H7.CLAPUR,6/14/23,June,BW,NA,NA,NA,NA,NA,,
H7.CLAPUR.1,2/17/23,February,BW/RA,2,12,3,3,,,
H7.CLAPUR.1,3/20/23,March,,8.5,80,7.25,4.75,CR,,
H7.CLAPUR.1,4/14/23,April,A. Zeen,31,294,22,17,CVR,,
H7.ELYCAP,5/26/23,May,BW,41,10,85,49,TR,,
H7.ELYCAP.1,2/17/23,February,BW/RA,1.5,17,9.25,8.75,,,
H7.ELYCAP.1,3/20/23,March,,5.5,46,15,12,TR,,
H7.ELYCAP.1,4/14/23,April,A. Zeen,9.75,70,19.5,20.5,TR,,
H7.EROBOT,5/26/23,May,BW,62,123,63,49,CR,,
H7.EROBOT.1,2/17/23,February,BW/RA,1.25,8,5.25,5.25,,,
H7.EROBOT.1,3/20/23,March,,2.5,12,15,13,CR,,
H7.EROBOT.1,4/14/23,April,A. Zeen,10.5,24,27.25,26.5,CR,,
H7.HOLVIR,5/27/23,May,BW,13,47,4.5,4.5,C,,
H7.HOLVIR,6/14/23,June,BW,18,228,5.5,5,NA,,
H7.HOLVIR.1,2/17/23,February,BW/RA,0.25,0,1,0.5,,,
H7.HOLVIR.1,3/20/23,March,,1.25,4,1.75,1.25,C,,
H7.HOLVIR.1,4/14/23,April,A. Zeen,3.25,6,3.5,2.5,C,,
H7.LUPBIC,5/28/23,May,BW,NA,NA,NA,NA,NA,,
H7.LUPBIC.1,NA,NA,NA,NA,NA,NA,NA,,,
H7.LUPBIC.1,NA,NA,NA,NA,NA,NA,NA,NA,,
H7.MICCAL,5/28/23,May,BW,NA,NA,NA,NA,NA,,
H7.MICCAL.1,2/17/23,February,BW/RA,2,41,2.5,2.25,,,
H7.MICCAL.1,3/20/23,March,,4.75,202,8.5,6,TR,,
H7.MICCAL.1,4/14/23,April,A. Zeen,17,395,12,12,TR,,
H7.PLAERE,5/17/23,May,BW,NA,NA,NA,NA,NA,,
H7.PLAERE,6/14/23,June,BW,NA,NA,NA,NA,NA,,
H7.PLAERE.1,2/17/23,February,BW/RA,1.5,7,1.75,2,,,
H7.PLAERE.1,3/20/23,March,,5.5,20,5.5,4.25,CR,,
H7.PLAERE.1,4/14/23,April,A. Zeen,11.5,20,10.5,7.5,CR,,
H7.TRIHIR,5/29/23,May,BW,34,34,40,30,BR,,
H7.TRIHIR,6/14/23,June,BW,NA,NA,NA,NA,NA,,
H7.TRIHIR.1,2/17/23,February,BW/RA,1.75,4,3,2,,,
H7.TRIHIR.1,3/20/23,March,,2.5,14,6.75,6.75,BR,,
H7.TRIHIR.1,4/14/23,April,A. Zeen,8.5,30,19,13,BL,,
H8.AVEFAT,5/21/23,May,BW,71,50,44,25,C,,
H8.AVEFAT.1,NA,NA,NA,NA,NA,NA,NA,,,
H8.AVEFAT.1,3/20/23,March,,14.75,34,26.6,20.5,C,,
H8.AVEFAT.1,4/14/23,April,A. Zeen,36,36,47.5,24,C,,
H8.BRODIA,5/23/23,May,BW,27,13,54,11,CL,,
H8.BRODIA.1,NA,NA,NA,NA,NA,NA,NA,,,
H8.BRODIA.1,3/20/23,March,,14.5,38,27,25,CL,,
H8.BRODIA.1,4/14/23,April,A. Zeen,32.6,38,42,45,CL,,
H8.BROHOR,5/24/23,May,BW,NA,NA,NA,NA,BR,,
H8.BROHOR.1,NA,NA,NA,NA,NA,NA,NA,,,
H8.BROHOR.1,3/20/23,March,,5,23,15.5,12.5,BR,,
H8.BROHOR.1,4/14/23,April,A. Zeen,14.5,39,24.5,22.5,BR,,
H8.BROMAD,5/24/23,May,BW,NA,NA,NA,NA,CL/BL,,
H8.BROMAD.1,NA,NA,NA,NA,NA,NA,NA,,,
H8.BROMAD.1,3/20/23,March,,5,22,9.5,12.5,CL,,
H8.BROMAD.1,4/14/23,April,A. Zeen,24.25,25,12.5,9,CL/BL,,
H8.CALMEN.1,NA,NA,NA,NA,NA,NA,NA,,,
H8.CENMEL,5/17/23,May,BP,81,462,61.5,51.75,TR,,
H8.CENMEL.1,2/17/23,February,BW/RA,0.5,7,5.5,4.25,,,
H8.CENMEL.1,3/20/23,March,,6,13,15.5,14.5,TR,,
H8.CENMEL.1,4/14/23,April,A. Zeen,13,25,29.5,23.5,TR,,
H8.CORFIL,5/16/23,May,KC,8,8,2.75,2.5,C,,"note written in the margin next to this row, can't tell what it says"
H8.CORFIL,6/14/23,June,B'Elanna,14.25,13,5,4.5,C,,
H8.CORFIL.1,2/17/23,February,BW/RA,1.25,3,1,1,,,
H8.CORFIL.1,3/20/23,March,,2.5,6,2.75,2,C,,
H8.CORFIL.1,4/14/23,April,A. Zeen,3.75,3,2.5,1.75,C,,
H8.EROCIC,6/14/23,June,BW,NA,NA,NA,NA,NA,,
H8.EROCIC.1,NA,NA,NA,NA,NA,NA,NA,,,
H8.EROCIC.1,3/20/23,March,,2,5,2,1.75,TL,,
H8.EROCIC.1,4/14/23,April,A. Zeen,3,5,3.5,2,TL,,
H8.ESCCAL,5/27/23,May,BW,34,84,69,57,TR,,
H8.ESCCAL,6/14/23,June,BW,47,229,74,88,TR,,
H8.ESCCAL.1,2/17/23,February,BW/RA,2.5,6,4,2.75,,,
H8.ESCCAL.1,3/20/23,March,,5.25,14,13.5,11.5,TR,,
H8.ESCCAL.1,4/14/23,April,A. Zeen,17,24,24,23.75,TR,,
H8.MICCAL,5/28/23,May,BW,NA,NA,NA,NA,NA,,
H8.MICCAL.1,2/17/23,February,BW/RA,1.75,15,1,1,,,
H8.MICCAL.1,3/20/23,March,,4.25,49,2.5,2.5,TL,,
H8.MICCAL.1,4/14/23,April,A. Zeen,15.75,78,4.5,3.5,TL,,
H8.STIPUL,5/28/23,May,BW,36,14,6,12,BL,,
H8.STIPUL,6/14/23,June,BW,18,21,15,6.5,BL,,
H8.STIPUL.1,NA,NA,NA,NA,NA,NA,NA,,,
H8.STIPUL.1,3/20/23,March,,5.25,12,3,3,BL,,
H8.STIPUL.1,4/14/23,April,A. Zeen,10.5,13,5.5,3.5,BL,,
I1.AVEBAR,5/21/23,May,BW,92,59,81,118,C,,
I1.AVEBAR.1,2/17/23,February,BW/RA,7.5,6,8,6,,,
I1.AVEBAR.1,4/17/23,April,BP,48.5,73,95,76,C,,
I1.BRODIA,5/23/23,May,BW,30,6,17,33,C,,
I1.BRODIA.1,NA,NA,NA,NA,NA,NA,NA,,,
I1.BRODIA.1,3/16/23,March,,6.5,20,14.5,12,C,,
I1.BROHOR,5/17/23,May,BW,NA,NA,NA,NA,TC,,
I1.BROHOR.1,NA,NA,NA,NA,NA,NA,NA,,,
I1.BROHOR.1,3/16/23,March,,6.25,18,10.25,9,TC,,
I1.BROHOR.1,4/17/23,April,BP,28,28,28.5,20,TC,,
I1.CLAPUR,5/25/23,May,BW,23,83,23,30,CB,,
I1.CLAPUR,6/14/23,June,BW,NA,NA,NA,NA,NA,,
I1.CLAPUR.1,2/17/23,February,BW/RA,1.5,16,4,3.75,,,
I1.CLAPUR.1,3/16/23,March,,4.25,45,7.25,5.25,CB,,
I1.DAUPUS,5/26/23,May,BP,34.5,1,2,4.5,C,,
I1.DAUPUS.1,2/17/23,February,BW/RA,0.75,3,2.5,1.75,,,
I1.DAUPUS.1,3/16/23,March,,2.25,5,4,3.5,C,,
I1.DAUPUS.1,4/17/23,April,BP,11,4,6.25,2.5,C,,
I1.EROBOT,5/26/23,May,BW,NA,NA,NA,NA,NA,,
I1.EROBOT.1,NA,NA,NA,NA,NA,NA,NA,,,
I1.GERDIS,5/27/23,May,BW,NA,NA,NA,NA,NA,,
I1.GERDIS,6/14/23,June,BW,NA,NA,NA,NA,NA,,
I1.GERDIS.1,2/17/23,February,BW/RA,0.75,5,5.75,5,,,
I1.GERDIS.1,4/17/23,April,BP,18.5,14,26,18,BR/TL,,
I1.LUPBIC,5/28/23,May,BW,NA,NA,NA,NA,NA,,
I1.LUPBIC.1,2/17/23,February,BW/RA,0.5,0,1,0.75,,,
I1.LUPBIC.1,3/16/23,March,,2.25,4,3,2,RC,,
I1.LUPBIC.1,4/17/23,April,BP,13.5,9,7,5,TC,,
I1.MADGRA.1,2/17/23,February,BW/RA,2.75,8,8.75,8.5,,,
I1.MADGRA.1,3/16/23,March,,11.5,15,21.5,20,BR,,
I1.TORARV,5/23/23,May,BW,34,33,33,43,BR,,
I1.TORARV,6/14/23,June,BW,NA,NA,NA,NA,NA,,
I1.TORARV.1,2/17/23,February,BW/RA,1,3,4.5,3.25,,,
I1.TORARV.1,3/16/23,March,,3.75,6,9,6.75,BR,,
I1.TORARV.1,4/17/23,April,BP,20.5,6,14.25,19,BR,,
I1.TRIHIR,5/29/23,May,BW,NA,NA,NA,NA,NA,,
I1.TRIHIR,6/14/23,June,BW,NA,NA,NA,NA,NA,,
I1.TRIHIR.1,2/17/23,February,BW/RA,1,3,1.75,1,,,
I1.VICSAT,5/29/23,May,BW,NA,NA,NA,NA,NA,,
I1.VICSAT,6/14/23,June,BW,NA,NA,NA,NA,NA,,
I1.VICSAT.1,2/17/23,February,BW/RA,6,12,12.5,12.5,,,
I1.VICSAT.1,3/16/23,March,,9.5,26,26,17,BR,,
I1.VICSAT.1,4/17/23,April,BP,30.5,51,68,52,BR,,
I2.AVEFAT,5/21/23,May,BW,74,31,46,20,C,,
I2.AVEFAT.1,NA,NA,NA,NA,NA,NA,NA,,,
I2.AVEFAT.1,3/16/23,March,,14.5,53,36,35,C,,
I2.AVEFAT.1,4/17/23,April,BP,76,51,66,36,C,,
I2.BRODIA,5/23/23,May,BW,25,13,40,36,BR,,
I2.BRODIA.1,NA,NA,NA,NA,NA,NA,NA,,,
I2.BRODIA.1,3/16/23,March,,15,21,34,28,BR,,
I2.BRODIA.1,4/17/23,April,BP,43,58,89,43,BR,,
I2.BROHOR,5/24/23,May,BW,NA,NA,NA,NA,C,,
I2.BROHOR.1,NA,NA,NA,NA,NA,NA,NA,,,
I2.BROHOR.1,3/16/23,March,,4,12,6.25,6,C,,
I2.BROMAD,5/24/23,May,BW,NA,NA,NA,NA,BR,,
I2.BROMAD.1,NA,NA,NA,NA,NA,NA,NA,,,
I2.BROMAD.1,3/16/23,March,,6.5,26,10,6.75,BR,,
I2.BROMAD.1,4/17/23,April,BP,20.5,27,23,10.5,BR,,
I2.CALMEN.1,2/17/23,February,BW/RA,1,31,4.75,4.5,,,
I2.CALMEN.1,4/17/23,April,BP,11.5,127,34.5,34.5,BR,,
I2.CENMEL,5/17/23,May,BP,42,39,21.75,4,C,,
I2.CENMEL.1,2/17/23,February,BW/RA,0.5,6,4.5,4.5,,,
I2.CENMEL.1,3/16/23,March,,7,9,10,9.5,C,,
I2.CENMEL.1,4/17/23,April,BP,18.5,1,12,8.5,C,,
I2.CORFIL,6/14/23,June,B'Elanna,NA,NA,NA,NA,NA,,
I2.CORFIL.1,2/17/23,February,BW/RA,1,5,1.75,1,,,
I2.CORFIL.1,3/16/23,March,,2.75,6,3.75,2.5,CR,,
I2.EROCIC,6/14/23,June,BW,NA,NA,NA,NA,NA,,
I2.EROCIC.1,2/17/23,February,BW/RA,0.5,10,8,7,,,
I2.EROCIC.1,3/16/23,March,,5,21,21.5,18.25,CR,,
I2.EROCIC.1,4/17/23,April,BP,30,86,121,62,CR,,
I2.ESCCAL,5/27/23,May,BW,29.5,57,39,35.5,BR,,
I2.ESCCAL,6/14/23,June,BW,23,146,50,46,BR,,
I2.ESCCAL.1,3/16/23,March,,2.75,11,10,10.5,BR,,
I2.ESCCAL.1,4/17/23,April,BP,16.5,13,12.5,10.75,BR,,
I2.MICCAL,5/28/23,May,BW,NA,NA,NA,NA,NA,,
I2.MICCAL.1,2/17/23,February,BW/RA,1.75,46,2,2,,,
I2.MICCAL.1,3/16/23,March,,4.5,170,5.75,5,CR,,
I2.STIPUL,5/28/23,May,BW,15,9,5,16,C,,
I2.STIPUL,6/14/23,June,BW,16,8,12,11.5,C,,
I2.STIPUL.1,NA,NA,NA,NA,NA,NA,NA,,,
I2.STIPUL.1,3/16/23,March,,4.5,6,5,2.25,C,,
I2.STIPUL.1,4/17/23,April,BP,9.5,6,9.5,3.5,C,,
I3.AMSMEN,,May,,NA,NA,NA,NA,,,
I3.AMSMEN.1,2/17/23,February,BW/RA,2,10,5,4.5,,,
I3.AMSMEN.1,3/16/23,March,,6.75,13,12.5,9.75,CR,,
I3.AMSMEN.1,4/17/23,April,BP,40.5,25,16,8.25,CR,,
I3.AVEBAR,5/21/23,May,BW,91,13,18,15,CL,,
I3.AVEBAR.1,NA,NA,NA,NA,NA,NA,NA,,,
I3.AVEBAR.1,3/16/23,March,,5.75,26,6.75,4.5,CL,,
I3.AVEBAR.1,4/17/23,April,BP,26.5,26,8,17,CL,,
I3.BROARE,5/22/23,May,BW,26.5,14,21,12.5,C,,
I3.BROARE.1,NA,NA,NA,NA,NA,NA,NA,,,
I3.BROARE.1,4/17/23,April,BP,30,17,42,26.5,C,,
I3.BRODIA,5/23/23,May,BW,39.5,39,54,45,BL,,
I3.BRODIA.1,NA,NA,NA,NA,NA,NA,NA,,,
I3.BRODIA.1,3/16/23,March,,6.5,51,21,16.75,BL,,
I3.BRODIA.1,4/17/23,April,BP,35.5,62,64,45,BL,,
I3.BROMAD,5/24/23,May,BW,NA,NA,NA,NA,TC,,
I3.BROMAD.1,NA,NA,NA,NA,NA,NA,NA,,,
I3.BROMAD.1,3/16/23,March,,11.25,21,14,9,TC,,
I3.BROMAD.1,4/17/23,April,BP,41,19,17,14.25,TC,,
I3.CAUCOU.1,NA,NA,NA,NA,NA,NA,NA,,,
I3.EROCIC,5/27/23,May,BW,43,91,110,72,TR,,
I3.EROCIC,6/14/23,June,BW,NA,NA,NA,NA,NA,,
I3.EROCIC.1,2/17/23,February,BW/RA,4.5,9,9,5.5,,,
I3.EROCIC.1,4/17/23,April,BP,39.5,41,110,63,TR,,
I3.ESCCAL,6/14/23,June,BW,37.25,49,47,42,TL,,
I3.LUPMIC,5/28/23,May,BW,NA,NA,NA,NA,NA,,
I3.LUPMIC.1,NA,NA,NA,NA,NA,NA,NA,NA,,
I3.LUPSUC.1,NA,NA,NA,NA,NA,NA,NA,,,
I3.LUPSUC.1,3/16/23,March,,0.5,0,1.25,0.5,TC,,
I3.LUPSUC.1,NA,NA,NA,NA,NA,NA,NA,NA,,
I3.MIRMUL,5/17/23,May,BW,NA,NA,NA,NA,NA,,
I3.MIRMUL.1,NA,NA,NA,NA,NA,NA,NA,,,
I3.MIRMUL.1,NA,NA,NA,NA,NA,NA,NA,NA,,
I3.PHATAN,5/17/23,May,BW,NA,NA,NA,NA,NA,,
I3.PHATAN,6/14/23,June,BW,NA,NA,NA,NA,NA,,
I3.PHATAN.1,2/17/23,February,BW/RA,2,8,13,7.5,,,
I4.AVEBAR,5/21/23,May,BW,195,36,120,85,BR,,
I4.AVEBAR.1,2/17/23,February,BW/RA,NA,NA,NA,NA,,,
I4.AVEBAR.1,4/17/23,April,BP,63,38,77,62,BR,,
I4.BRODIA,5/23/23,May,BW,NA,NA,NA,NA,SKIP,,
I4.BRODIA.1,NA,NA,NA,NA,NA,NA,NA,,,
I4.BROHOR,5/17/23,May,BW,NA,NA,NA,NA,TR,,
I4.BROHOR.1,NA,NA,NA,NA,NA,NA,NA,,,
I4.BROHOR.1,3/16/23,March,,4.5,42,18.5,17,TR,,
I4.BROHOR.1,4/17/23,April,BP,32.25,39,28,35,TR,,
I4.CLAPUR,5/25/23,May,BW,16,101,29,14,BR,,
I4.CLAPUR,6/14/23,June,BW,NA,NA,NA,NA,NA,,
I4.CLAPUR.1,2/17/23,February,BW/RA,1,16,3.25,2.25,,,
I4.CLAPUR.1,3/16/23,March,,5,49,8.5,5.75,BR,,
I4.DAUPUS,5/26/23,May,BP,27,4,10.25,6.5,C/BR,,
I4.DAUPUS.1,2/17/23,February,BW/RA,1,3,2.5,1.75,,,
I4.DAUPUS.1,3/16/23,March,,2.5,5,6,2.5,C/BR,,
I4.DAUPUS.1,4/17/23,April,BP,16.5,4,9,6.5,C/BR,,
I4.EROBOT,5/26/23,May,BW,NA,NA,NA,NA,NA,,
I4.EROBOT.1,2/17/23,February,BW/RA,65,11,6.5,6.75,,,
I4.EROBOT.1,3/16/23,March,,4,16,22,19.5,BR,,
I4.EROBOT.1,4/17/23,April,BP,23.5,43,51,56,BR,,
I4.GERDIS,5/27/23,May,BW,NA,NA,NA,NA,NA,,
I4.GERDIS,6/14/23,June,BW,NA,NA,NA,NA,NA,,
I4.GERDIS.1,2/17/23,February,BW/RA,1,5,5,4.75,,,
I4.LUPBIC,5/28/23,May,BW,NA,NA,NA,NA,NA,,
I4.LUPBIC.1,NA,NA,NA,NA,NA,NA,NA,,,
I4.LUPBIC.1,NA,NA,NA,NA,NA,NA,NA,NA,,
I4.MADGRA,5/28/23,May,BW,133,687,56,42,CR,,
I4.MADGRA.1,2/17/23,February,BW/RA,2.75,10,10.25,10.5,,,
I4.MADGRA.1,3/16/23,March,,12.5,17,22.75,24,CR,,
I4.MADGRA.1,4/17/23,April,BP,11,137,28,22.5,CR,,
I4.TORARV,5/23/23,May,BW,47,8,27,17,CR,,
I4.TORARV,6/14/23,June,BW,NA,NA,NA,NA,NA,,
I4.TORARV.1,2/17/23,February,BW/RA,1.5,3,3,3,,,
I4.TORARV.1,3/16/23,March,,5.25,5,4.5,4.25,CR,,
I4.TORARV.1,4/17/23,April,BP,13.5,4,11,11.5,CR,,
I4.TRIHIR,6/14/23,June,BW,NA,NA,NA,NA,NA,,
I4.TRIHIR.1,NA,NA,NA,NA,NA,NA,NA,,,
I4.TRIHIR.1,3/16/23,March,,0.5,1,12.5,1,TL,,
I4.TRIHIR.1,4/17/23,April,BP,5.75,3,4.25,2.75,TL,,
I4.VICSAT,5/29/23,May,BW,NA,NA,NA,NA,NA,,
I4.VICSAT,6/14/23,June,BW,NA,NA,NA,NA,NA,,
I4.VICSAT.1,2/17/23,February,BW/RA,7,12,8,6.5,,,
I4.VICSAT.1,3/16/23,March,,12.5,23,24,14.5,CR,,
I4.VICSAT.1,4/17/23,April,BP,59,53,82,38,CR,,
I5.ACMPAR,5/15/23,May,BP,1.5,5,0.25,0.25,C/CL,,
I5.ACMPAR.1,NA,NA,NA,NA,NA,NA,NA,,,
I5.ACMPAR.1,4/16/23,April,KH/KM,0.5,2,1.25,0.75,C/CL,,
I5.AIRCAR,5/16/23,May,SS,22.25,2,2.5,4.5,,,
I5.AIRCAR.1,2/17/23,February,BW/RA,2,8,3,1.75,,,
I5.AIRCAR.1,3/17/23,March,,4,15,4.75,3.75,BR,,
I5.AIRCAR.1,4/16/23,April,KH/KM,10.5,24,4.5,3,,,
I5.BRODIA,5/23/23,May,BW,49,74,123,104,NO L,,
I5.BRODIA.1,NA,NA,NA,NA,NA,NA,NA,,,
I5.BRODIA.1,3/17/23,March,,7,116,18.75,17.5,BR,,
I5.BROHOR,5/24/23,May,BW,NA,NA,NA,NA,TR,,
I5.BROHOR.1,NA,NA,NA,NA,NA,NA,NA,,,
I5.BROHOR.1,3/17/23,March,,5.25,17,9.75,10.5,TR,,
I5.BROHOR.1,4/16/23,April,KH/KM,9.5,22,35,14,TR,,
I5.CLAPUR,6/14/23,June,BW,NA,NA,NA,NA,NA,,
I5.CLAPUR.1,2/17/23,February,BW/RA,1,18,2.75,2.25,,,
I5.DANCAL,6/14/23,June,BW,NA,NA,NA,NA,NA,,
I5.DANCAL.1,NA,NA,NA,NA,NA,NA,NA,,,
I5.DANCAL.1,NA,NA,NA,NA,NA,NA,NA,NA,,
I5.DAUPUS.1,2/17/23,February,BW/RA,0.5,5,3.25,1.75,,,
I5.DAUPUS.1,3/17/23,March,,2.7,7,6.5,5,TR,,
I5.DAUPUS.1,4/16/23,April,KH/KM,14,3,9.5,7.5,TR,,
I5.ESCCAL,6/14/23,June,BW,NA,NA,NA,NA,NA,,
I5.ESCCAL.1,2/17/23,February,BW/RA,1,10,7.75,6.25,,,
I5.ESCCAL.1,3/17/23,March,,3.25,14,13.5,14.75,BC,,
I5.ESCCAL.1,4/16/23,April,KH/KM,11.5,14,17,17.5,,,
I5.GALPAR,5/27/23,May,BW,13,136,4,6.5,BL/CL,,
I5.GALPAR,6/14/23,June,BW,NA,NA,NA,NA,NA,,
I5.GALPAR.1,2/17/23,February,BW/RA,0.5,16,0.75,0.75,,,
I5.GALPAR.1,3/17/23,March,,1.25,64,3,1.5,BL,,
I5.GALPAR.1,4/16/23,April,KH/KM,3.25,147,6.5,4.5,BL/CL,,
I5.HYPGLA,6/14/23,June,BW,NA,NA,NA,NA,NA,,
I5.HYPGLA.1,2/17/23,February,BW/RA,0.5,11,4.5,2.75,,,
I5.HYPGLA.1,3/17/23,March,,1,18,9.5,9.5,CR,,
I5.HYPGLA.1,4/16/23,April,KH/KM,17.5,25,9.5,13.5,CR,,
I5.MADGRA.1,2/17/23,February,BW/RA,1,8,7.5,6,,,
I5.MADGRA.1,3/17/23,March,,3.5,15,16,13.25,TR,,
I5.MADGRA.1,4/16/23,April,KH/KM,14,65,45.5,30,,,
I5.SANBIP.1,NA,NA,NA,NA,NA,NA,NA,,,
I6.ACMPAR,5/15/23,May,BP,6.25,4,2,1.25,C,,
I6.ACMPAR.1,3/17/23,March,,1.25,13,3,1.5,C,,
I6.AIRCAR,5/16/23,May,SS,29,0,8.75,8,,,
I6.AIRCAR.1,2/17/23,February,BW/RA,1.25,8,1.5,0.75,,,
I6.AIRCAR.1,3/17/23,March,,2,15,3.5,2.7,TR,,
I6.AIRCAR.1,4/16/23,April,KH/KM,9,6,4,3,TR,,
I6.BRODIA.1,NA,NA,NA,NA,NA,NA,NA,,,
I6.BRODIA.1,3/17/23,March,,5.25,65,13,12.25,BR,,
I6.BRODIA.1,4/16/23,April,KH/KM,8.25,115,32,29.5,BR,,
I6.BROHOR,5/24/23,May,BW,67,32,89,66,TR,,
I6.BROHOR.1,NA,NA,NA,NA,NA,NA,NA,,,
I6.BROHOR.1,3/17/23,March,,5.75,74,15.75,19.5,TR,,
I6.BROHOR.1,4/16/23,April,KH/KM,12,103,35,31,,,
I6.CLAPUR,6/14/23,June,BW,NA,NA,NA,NA,NA,,
I6.CLAPUR.1,2/17/23,February,BW/RA,0.5,40,2.5,1.75,,,
I6.CLAPUR.1,3/17/23,March,,2,178,9.5,7.75,TR,,
I6.DANCAL,6/14/23,June,BW,NA,NA,NA,NA,NA,,
I6.DANCAL.1,NA,NA,NA,NA,NA,NA,NA,,,
I6.DANCAL.1,NA,NA,NA,NA,NA,NA,NA,NA,,
I6.DAUPUS.1,2/17/23,February,BW/RA,0.5,2,1.75,2,,,
I6.DAUPUS.1,3/17/23,March,,1.5,7,5,4,TR,,
I6.DAUPUS.1,4/16/23,April,KH/KM,8,7,12.75,10.5,,,
I6.ESCCAL,6/14/23,June,BW,NA,NA,NA,NA,NA,,
I6.ESCCAL.1-I5,NA,NA,NA,NA,NA,NA,NA,,,
I6.ESCCAL.1-I5,3/17/23,March,,1.75,2,2,1.5,NA,,
I6.ESCCAL.1-I5,4/16/23,April,KH/KM,4.5,5,2.5,3.5,,,
I6.GALPAR,6/14/23,June,BW,NA,NA,NA,NA,NA,,
I6.GALPAR.1,2/17/23,February,BW/RA,0.5,10,0.5,0.5,,,
I6.GALPAR.1,3/17/23,March,,2.25,39,2,1.5,C,,
I6.HYPGLA,5/24/23,May,AL,9,19,32,37,TR,,
I6.HYPGLA,6/14/23,June,BW,NA,NA,NA,NA,NA,,
I6.HYPGLA.1,2/17/23,February,BW/RA,0.25,11,5.25,3.5,,,
I6.HYPGLA.1,3/17/23,March,,0.75,17,10.5,12,TR,,
I6.MADGRA.1,2/17/23,February,BW/RA,1,8,6.25,3.75,,,
I6.MADGRA.1,3/17/23,March,,4,16,13.25,12.5,TR,,
I6.MADGRA.1,4/16/23,April,KH/KM,13,64,25.5,19.5,TR,,
I6.SANBIP.1,NA,NA,NA,NA,NA,NA,NA,,,
I7.AVEBAR,5/21/23,May,BW,134,43,116,86,CR,,
I7.AVEBAR.1,NA,NA,NA,NA,NA,NA,NA,,,
I7.AVEBAR.1,3/17/23,March,,5.25,50,34,28,CR,,
I7.AVEBAR.1,4/18/23,April,SS,56,47,106,83,CR,,
I7.BRODIA,5/23/23,May,BW,53,26,77,48,BR,,
I7.BRODIA.1,NA,NA,NA,NA,NA,NA,NA,,,
I7.BRODIA.1,3/17/23,March,,5,62,17,17.5,CR,,
I7.BRODIA.1,4/18/23,April,SS,12,109,49,43,CR,,
I7.BROHOR,5/24/23,May,BW,NA,NA,NA,NA,TC,,
I7.BROHOR.1,NA,NA,NA,NA,NA,NA,NA,,,
I7.BROHOR.1,4/18/23,April,SS,23,24,21.5,14,TC,,
I7.BROMAD,5/24/23,May,BW,NA,NA,NA,NA,TL,,
I7.BROMAD.1,NA,NA,NA,NA,NA,NA,NA,,,
I7.BROMAD.1,3/17/23,March,,7,13,12,9.5,TL,,
I7.CLAPUR,6/14/23,June,BW,NA,NA,NA,NA,NA,,
I7.CLAPUR.1,2/17/23,February,BW/RA,3.25,20,3.75,3.75,,,
I7.CLAPUR.1,3/17/23,March,,4.75,70,12.75,6.5,C,,
I7.CLAPUR.1,4/18/23,April,SS,39,257,11,10,C,,
I7.ELYCAP,5/26/23,May,BW,43,45,106,73,TC,,
I7.ELYCAP.1,2/17/23,February,BW/RA,3.5,28,13.75,14.5,,,
I7.ELYCAP.1,3/17/23,March,,6.75,74,22,18,TC,,
I7.ELYCAP.1,4/18/23,April,SS,11,169,43.5,30.5,TC,,
I7.EROBOT,5/26/23,May,BW,NA,NA,NA,NA,NA,,
I7.EROBOT.1,NA,NA,NA,NA,NA,NA,NA,,,
I7.HOLVIR,5/27/23,May,BW,44,2721,22,24,TR,,
I7.HOLVIR,6/14/23,June,BW,68,12414,51,51,NA,,
I7.HOLVIR.1,2/17/23,February,BW/RA,0.25,2,1.25,1,,,
I7.HOLVIR.1,3/17/23,March,,2,6,4.5,3,TR,,
I7.HOLVIR.1,4/18/23,April,SS,8.5,10,13,11.5,TR,,
I7.LUPBIC,5/28/23,May,BW,22.5,29,14,14,CL,,
I7.LUPBIC.1,2/17/23,February,BW/RA,1.5,5,2.5,2.25,,,
I7.LUPBIC.1,3/17/23,March,,2,7,2.75,1.75,TL,,
I7.MICCAL,5/28/23,May,BW,NA,NA,NA,NA,NA,,
I7.MICCAL.1,2/17/23,February,BW/RA,2.75,53,3,2.5,,,
I7.MICCAL.1,3/17/23,March,,4.5,210,8.5,6.75,C,,
I7.MICCAL.1,4/18/23,April,SS,22.5,468,16.75,24,C,,
I7.PLAERE,5/17/23,May,BW,NA,NA,NA,NA,NA,,
I7.PLAERE,6/14/23,June,BW,NA,NA,NA,NA,NA,,
I7.PLAERE.1,2/17/23,February,BW/RA,3,12,3.5,3.75,,,
I7.PLAERE.1,3/17/23,March,,6.5,9,7.5,6,TL,,
I7.PLAERE.1,4/18/23,April,SS,16.25,16,7,6.5,TR,,
I7.TRIHIR,5/29/23,May,BW,NA,NA,NA,NA,NA,,
I7.TRIHIR,6/14/23,June,BW,NA,NA,NA,NA,NA,,
I7.TRIHIR.1,NA,NA,NA,NA,NA,NA,NA,,,
I7.TRIHIR.1,NA,NA,NA,NA,NA,NA,NA,NA,,
I8.ACMPAR,5/15/23,May,BP,13,12,3,2.25,CR,,not sure if canopy_y was 3.25 or 2.25
I8.ACMPAR.1,3/17/23,March,,2,5,1.25,1,CR,,
I8.ACMPAR.1,4/16/23,April,SS,6.5,7,2.25,1.5,CR,,
I8.AIRCAR,5/16/23,May,SS,21.5,4,16.5,2,,,
I8.AIRCAR.1,2/17/23,February,BW/RA,1,11,2.5,2.5,,,
I8.AIRCAR.1,3/17/23,March,,2,29,5.25,3.5,BL,,
I8.AIRCAR.1,4/16/23,April,KH/KM,9.5,30,4,9.5,BR,,
I8.BRODIA,5/23/23,May,BW,57,44,78,66,CR,,
I8.BRODIA.1,NA,NA,NA,NA,NA,NA,NA,,,
I8.BRODIA.1,3/17/23,March,,5.5,136,25.5,22,TC,,
I8.BROHOR,5/24/23,May,BW,NA,NA,NA,NA,BR,,
I8.BROHOR.1,NA,NA,NA,NA,NA,NA,NA,,,
I8.BROHOR.1,3/17/23,March,,5.5,56,15,12,BR,,
I8.BROHOR.1,4/16/23,April,SS,16.5,75,23.5,24.5,BR,,
I8.CLAPUR,5/25/23,May,BW,34,68,31,10,TR,,
I8.CLAPUR,6/14/23,June,BW,NA,NA,NA,NA,NA,,
I8.CLAPUR.1,2/17/23,February,BW/RA,0.75,6,1.75,1.5,,,
I8.CLAPUR.1,3/17/23,March,,2.75,29,3,3.25,TR,,
I8.CLAPUR.1,4/16/23,April,SS,14.5,50,13,2.5,TR,,
I8.DANCAL,5/26/23,May,BW,3,2,7.5,4,TR,,
I8.DANCAL,6/14/23,June,BW,2.5,2,3.5,3.5,TR,,
I8.DANCAL.1,NA,NA,NA,NA,NA,NA,NA,,,
I8.DAUPUS,5/26/23,May,BP,33.25,7,5.75,3,C,,
I8.DAUPUS.1,2/17/23,February,BW/RA,0.5,4,3,3.25,,,
I8.DAUPUS.1,3/17/23,March,,2,7,7,4.5,CR,,
I8.DAUPUS.1,4/16/23,April,SS,11,4,7.5,5.5,C,,
I8.ESCCAL,5/27/23,May,BW,18,25,20.5,17.5,BR,,
I8.ESCCAL,6/14/23,June,BW,20,61,36,20.5,BR,,
I8.ESCCAL.1,3/17/23,March,,2.5,9,5.5,4.75,BR,,
I8.ESCCAL.1,4/16/23,April,SS,8,12,10.5,8.5,BR,,
I8.GALPAR,5/27/23,May,BW,15,116,16,16,CR,,
I8.GALPAR,6/14/23,June,BW,NA,NA,NA,NA,NA,,
I8.GALPAR.1,2/17/23,February,BW/RA,0.5,13,1,0.5,,,
I8.GALPAR.1,3/17/23,March,,2.25,54,2.75,1.75,CR,,
I8.GALPAR.1,4/16/23,April,SS,12,147,5.5,7.5,CR,,
I8.HYPGLA,5/24/23,May,AL,36,20,12,8,CL,,
I8.HYPGLA,6/14/23,June,BW,NA,NA,NA,NA,NA,,
I8.HYPGLA.1,2/17/23,February,BW/RA,0.5,11,4.4,5,,,
I8.HYPGLA.1,3/17/23,March,,1,13,9,7,BL,,
I8.HYPGLA.1,4/18/23,April,KH/HM,0.5,17,9.25,10.75,LC,,
I8.MADGRA.1,2/17/23,February,BW/RA,1.25,8,7,5.25,,,
I8.MADGRA.1,3/17/23,March,,4.5,22,17.75,13,BR,,
I8.MADGRA.1,4/16/23,April,SS,17,55,23.5,25,BR,,
I8.SANBIP.1,NA,NA,NA,NA,NA,NA,NA,,,
I8.SANBIP.1,NA,NA,NA,NA,NA,NA,NA,NA,,
J1.AVEBAR,5/21/23,May,BW,109,62,61,81,NO L,,
J1.AVEBAR.1,2/20/23,February,BW/RA,NA,NA,NA,NA,,,
J1.AVEBAR.1,4/18/23,April,KT,31,46,83,63,,,
J1.BRODIA,5/23/23,May,BW,36.5,15,70,44,TC,,
J1.BRODIA.1,NA,NA,NA,NA,NA,NA,NA,,,
J1.BRODIA.1,3/17/23,March,,6.5,27,11,8,BL,,
J1.BRODIA.1,4/18/23,April,KT,22.5,26,44,35.5,BL,,
J1.BROHOR,5/17/23,May,BW,NA,NA,NA,NA,C,,
J1.BROHOR.1,NA,NA,NA,NA,NA,NA,NA,,,
J1.BROHOR.1,3/17/23,March,,5,15,9,8.5,C,,
J1.BROHOR.1,4/18/23,April,KT,25.75,16,22.5,11,C,,
J1.CLAPUR,5/25/23,May,BW,37,24,42,9,BC,,
J1.CLAPUR,6/14/23,June,BW,NA,NA,NA,NA,NA,,
J1.CLAPUR.1,2/20/23,February,BW/RA,2.25,10,3,2.75,,,
J1.CLAPUR.1,3/17/23,March,,4.5,26,6.75,4,BC,,
J1.DAUPUS,5/26/23,May,BP,12,7,8.5,6.25,TR,,
J1.DAUPUS.1,2/20/23,February,BW/RA,1,3,2,2.75,,,
J1.DAUPUS.1,3/17/23,March,,1.5,5,3.25,2.75,TR,,
J1.DAUPUS.1,4/18/23,April,KT,9,5,5.5,6.75,TR,,
J1.EROBOT,5/26/23,May,BW,70,202,77,76,BC,,
J1.EROBOT.1,2/20/23,February,BW/RA,1.5,12,10,10.75,,,
J1.EROBOT.1,3/17/23,March,,6.5,21,21.5,22,BR,,
J1.EROBOT.1,4/18/23,April,KT,31.5,56,83,71,BC,,
J1.GERDIS,5/27/23,May,BW,NA,NA,NA,NA,NA,,
J1.GERDIS,6/14/23,June,BW,NA,NA,NA,NA,NA,,
J1.GERDIS.1,2/20/23,February,BW/RA,1.25,5,5.5,5.5,,,
J1.GERDIS.1,4/18/23,April,KT,8.75,22,24,18,BL,,
J1.LUPBIC,5/28/23,May,BW,NA,NA,NA,NA,NA,,
J1.LUPBIC.1,4/18/23,April,KT,5.5,8,7,4,BC,,
J1.MADGRA,5/28/23,May,BW,112,790,77,59,BL,,
J1.MADGRA.1,2/20/23,February,BW/RA,5.75,10,9.5,10,,,
J1.MADGRA.1,3/17/23,March,,11.5,19,22,22,BL,,
J1.MADGRA.1,4/18/23,April,KT,39,90,25.5,30.5,BL/CL,,
J1.TORARV,5/23/23,May,BW,47,8,10.5,12,BL,,
J1.TORARV,6/14/23,June,BW,NA,NA,NA,NA,NA,,
J1.TORARV.1,2/20/23,February,BW/RA,1.25,3,4,3.5,,,
J1.TORARV.1,3/17/23,March,,3.25,6,5.25,5.25,BL,,
J1.TORARV.1,4/18/23,April,KT,15,3,7.5,10,BL,,
J1.TRIHIR,6/14/23,June,BW,NA,NA,NA,NA,NA,,
J1.TRIHIR.1,2/20/23,February,BW/RA,0.75,1,1,1,,,
J1.TRIHIR.1,3/17/23,March,,1,2,1.75,1,TR,,
J1.TRIHIR.1,4/18/23,April,KT,10,6,5.5,3.75,TR,,
J1.VICSAT,5/29/23,May,BW,NA,NA,NA,NA,NA,,
J1.VICSAT,6/14/23,June,BW,NA,NA,NA,NA,NA,,
J1.VICSAT.1,2/20/23,February,BW/RA,7.5,7,7.5,6,,,
J1.VICSAT.1,3/17/23,March,,8.5,16,13,10,BR,,
J1.VICSAT.1,4/18/23,April,KT,33.5,33,30,37,BL,,
J2.ACMPAR,5/15/23,May,BP,4,22,7.5,2,C,,
J2.ACMPAR.1,2/20/23,February,BW/RA,0.5,8,1,0.5,,,
J2.ACMPAR.1,3/17/23,March,,1.5,7,1.75,1.25,C,,
J2.ACMPAR.1,4/18/23,April,KT,4,16,2.5,1,C,,
J2.AIRCAR,5/16/23,May,SS,22.25,1,13.5,2.25,,,
J2.AIRCAR.1,2/20/23,February,BW/RA,0.75,10,2,1.5,,,
J2.AIRCAR.1,3/17/23,March,,2.5,19,4,2.25,CL,,
J2.AIRCAR.1,4/18/23,April,KH/KM,8.5,21,4.5,6.5,CL,,
J2.BRODIA.1,NA,NA,NA,NA,NA,NA,NA,,,
J2.BRODIA.1,3/17/23,March,,4,43,11.5,10,BL,,
J2.BRODIA.1,4/18/23,April,KT,11.5,71,25.5,22,BL,,
J2.BROHOR,5/24/23,May,BW,NA,NA,NA,NA,TL,,
J2.BROHOR.1,NA,NA,NA,NA,NA,NA,NA,,,
J2.BROHOR.1,3/17/23,March,,3.75,18,6.25,7,TL,,
J2.BROHOR.1,4/18/23,April,KT,9,23,18.5,13.5,TL,,
J2.CLAPUR,5/25/23,May,BW,30,61,6,11,C,,
J2.CLAPUR,6/14/23,June,BW,NA,NA,NA,NA,NA,,
J2.CLAPUR.1,2/20/23,February,BW/RA,0.75,16,1.75,1.75,,,
J2.CLAPUR.1,3/17/23,March,,2.5,37,4.5,3,C,,
J2.CLAPUR.1,4/18/23,April,KT,11.75,123,14,9,C,,
J2.DANCAL,6/14/23,June,BW,7.5,5,9,3,BL,,
J2.DANCAL.1,NA,NA,NA,NA,NA,NA,NA,,,
J2.DANCAL.1,3/17/23,March,,NA,NA,NA,NA,,,
J2.DANCAL.1,NA,NA,NA,NA,NA,NA,NA,NA,,
J2.DAUPUS,5/26/23,May,BP,28,7,33.5,12.5,C,,
J2.DAUPUS.1,2/20/23,February,BW/RA,0.5,5,3,2.5,,,
J2.DAUPUS.1,3/17/23,March,,2,7,5.25,5.25,C,,
J2.DAUPUS.1,4/18/23,April,KT,9.5,7,8.5,7.5,C,,
J2.ESCCAL,5/27/23,May,BW,23.5,118,72,56,BR,,
J2.ESCCAL,6/14/23,June,BW,36.5,226,78,55,BR,,
J2.ESCCAL.1,2/20/23,February,BW/RA,1,8,4.5,3.5,,,
J2.ESCCAL.1,3/17/23,March,,2.5,13,10.5,9,BR,,
J2.GALPAR,5/27/23,May,BW,14,111,6.75,5,BL,,
J2.GALPAR,6/14/23,June,BW,NA,NA,NA,NA,NA,,
J2.GALPAR.1,2/20/23,February,BW/RA,0.5,8,0.5,0.5,,,
J2.GALPAR.1,3/17/23,March,,1,21,1,0.7,BL,,
J2.GALPAR.1,4/18/23,April,KT,4.5,58,3.75,1.75,BL,,
J2.HYPGLA,5/27/23,May,BW,56,31,99,90,TR,,
J2.HYPGLA.1,2/20/23,February,BW/RA,0.5,7,3.5,2.5,,,
J2.HYPGLA.1,3/17/23,March,,2,13,9.75,6,BR,,
J2.HYPGLA.1,4/18/23,April,KH/KM,0.5,17,18.5,17,TR,,
J2.MADGRA,5/28/23,May,BW,94,1083,107,68,TR,,
J2.MADGRA.1,2/20/23,February,BW/RA,1.75,8,7.5,5.5,,,
J2.MADGRA.1,3/17/23,March,,3.5,15,14.75,13.5,TR,,
J2.MADGRA.1,4/18/23,April,KT,14.5,104,28,26.5,TR,,
J2.SANBIP.1,NA,NA,NA,NA,NA,NA,NA,,,
J2.SANBIP.1,NA,NA,NA,NA,NA,NA,NA,NA,,
J3.AVEBAR,5/21/23,May,BW,180,25,88,39,TC,,
J3.AVEBAR.1,2/20/23,February,BW/RA,8,9,11,10.25,,,
J3.AVEBAR.1,3/17/23,March,,12,84,33,23.75,TC,,
J3.BRODIA.1,NA,NA,NA,NA,NA,NA,NA,,,
J3.BRODIA.1,3/17/23,March,,7.25,51,15,11,C,,
J3.BRODIA.1,4/18/23,April,KT,21.5,60,36,37,C,,
J3.BROHOR,5/24/23,May,BW,NA,NA,NA,NA,C,,
J3.BROHOR.1,NA,NA,NA,NA,NA,NA,NA,,,
J3.BROHOR.1,3/17/23,March,,4.75,21,12,12.5,C,,
J3.BROHOR.1,4/18/23,April,KT,31,21,21.5,7,C,,
J3.BROMAD,5/24/23,May,BW,NA,NA,NA,NA,C,,
J3.BROMAD.1,NA,NA,NA,NA,NA,NA,NA,,,
J3.BROMAD.1,3/17/23,March,,5.5,26,8,7,C,,
J3.CLAPUR,6/14/23,June,BW,NA,NA,NA,NA,NA,,
J3.CLAPUR.1,2/20/23,February,BW/RA,1.5,34,5,4,,,
J3.CLAPUR.1,3/17/23,March,,6.5,213,16.5,13,TR,,
J3.CLAPUR.1,4/18/23,April,KT,36,1755,34,43,TR,,
J3.ELYCAP,5/26/23,May,BW,50,7,51,43,CR,,
J3.ELYCAP.1,2/20/23,February,BW/RA,4.5,17,11,8.25,,,
J3.ELYCAP.1,3/17/23,March,,3.5,35,12,11.5,BR,,
J3.ELYCAP.1,4/18/23,April,KT,10,47,18,16,CR,,
J3.EROBOT,5/26/23,May,BW,18.5,9,13,10.25,CR,,
J3.EROBOT.1,NA,NA,NA,NA,NA,NA,NA,,,
J3.EROBOT.1,NA,NA,NA,NA,NA,NA,NA,NA,,
J3.HOLVIR,5/27/23,May,BW,27.5,380,10,6,NO L,,
J3.HOLVIR,6/14/23,June,BW,41,2184,23,15.5,NA,,
J3.HOLVIR.1,2/20/23,February,BW/RA,0.5,2,1.25,1.25,,,
J3.HOLVIR.1,3/17/23,March,,1.5,4,2.5,2.5,,,
J3.HOLVIR.1,4/18/23,April,KT,5.5,7,4,4.5,,,
J3.LUPBIC,5/28/23,May,BW,27,230,38.5,42.5,TC,,
J3.LUPBIC.1,3/17/23,March,,2,5,4,3.25,TC,,
J3.MICCAL,5/28/23,May,BW,NA,NA,NA,NA,NA,,
J3.MICCAL.1,2/20/23,February,BW/RA,1.75,54,2.5,2.5,,,
J3.MICCAL.1,3/17/23,March,,3.5,120,7.5,5,BR,,
J3.MICCAL.1,4/18/23,April,KT,16.5,474,28,14.5,BR,,
J3.PLAERE,5/17/23,May,BW,NA,NA,NA,NA,NA,,
J3.PLAERE,6/14/23,June,BW,NA,NA,NA,NA,NA,,
J3.PLAERE.1,2/20/23,February,BW/RA,2.25,12,5.5,4,,,
J3.PLAERE.1,3/17/23,March,,5,20,9.25,0.75,CR,,
J3.TRIHIR,5/29/23,May,BW,NA,NA,NA,NA,NA,,
J3.TRIHIR,6/14/23,June,BW,NA,NA,NA,NA,NA,,
J3.TRIHIR.1,NA,NA,NA,NA,NA,NA,NA,,,
J3.TRIHIR.1,NA,NA,NA,NA,NA,NA,NA,NA,,
J4.AMSMEN.1,2/20/23,February,BW/RA,2.5,13,5.75,6,,,
J4.AMSMEN.1,3/17/23,March,,7.5,12,12,11.5,BR,,
J4.AMSMEN.1,NA,NA,NA,NA,NA,NA,NA,NA,,
J4.AVEBAR,5/21/23,May,BW,133,35,88,51,BC,,
J4.AVEBAR.1,2/20/23,February,BW/RA,9.5,8,12.5,10,,,
J4.AVEBAR.1,3/17/23,March,,9.75,32,24.5,26.5,BC,,
J4.AVEBAR.1,4/17/23,April,BW,41,35,54,43,BC,,
J4.BROARE,5/22/23,May,BW,26,7,20,15,BL,,
J4.BROARE.1,NA,NA,NA,NA,NA,NA,NA,,,
J4.BROARE.1,4/17/23,April,BW,20,24,43,34,BL,,
J4.BRODIA,5/23/23,May,BW,43,20,55,45,TL,,
J4.BRODIA.1,NA,NA,NA,NA,NA,NA,NA,,,
J4.BRODIA.1,3/17/23,March,,8.25,30,15.5,20.5,TL,,
J4.BRODIA.1,4/17/23,April,BW,24,45,60,41,TL,,
J4.BROMAD,5/24/23,May,BW,NA,NA,NA,NA,TC,,
J4.BROMAD.1,NA,NA,NA,NA,NA,NA,NA,,,
J4.BROMAD.1,3/17/23,March,,4.75,7,4,3.5,TC,,
J4.BROMAD.1,4/17/23,April,BW,12.5,5,6,4,TC,,
J4.CAUCOU.1,NA,NA,NA,NA,NA,NA,NA,,,
J4.CAUCOU.1,NA,NA,NA,NA,NA,NA,NA,NA,,
J4.EROCIC,5/27/23,May,BW,9,4,12.5,5,BR,,
J4.EROCIC,6/14/23,June,BW,NA,NA,NA,NA,NA,,
J4.EROCIC.1,2/20/23,February,BW/RA,1.5,7,3.25,2.5,,,
J4.EROCIC.1,3/17/23,March,,5.5,7,7.5,6,,,
J4.ESCCAL,5/27/23,May,BW,NA,NA,NA,NA,NA,,
J4.ESCCAL,6/14/23,June,BW,NA,NA,NA,NA,NA,,
J4.ESCCAL.1,NA,NA,NA,NA,NA,NA,NA,,,
J4.ESCCAL.1,NA,NA,NA,NA,NA,NA,NA,NA,,
J4.LUPMIC,5/28/23,May,BW,NA,NA,NA,NA,NA,,
J4.LUPMIC.1,NA,NA,NA,NA,NA,NA,NA,,,
J4.LUPMIC.1,NA,NA,NA,NA,NA,NA,NA,NA,,
J4.LUPMIC.1,NA,NA,NA,NA,NA,NA,NA,NA,,
J4.LUPSUC.1,NA,NA,NA,NA,NA,NA,NA,,,
J4.LUPSUC.1,NA,NA,NA,NA,NA,NA,NA,NA,,
J4.LUPSUC.1,NA,NA,NA,NA,NA,NA,NA,NA,,
J4.MIRMUL,5/17/23,May,BW,NA,NA,NA,NA,NA,,
J4.MIRMUL.1,NA,NA,NA,NA,NA,NA,NA,,,
J4.MIRMUL.1,NA,NA,NA,NA,NA,NA,NA,NA,,
J4.MIRMUL.1,NA,NA,NA,NA,NA,NA,NA,NA,,
J4.PHATAN,5/17/23,May,BW,NA,NA,NA,NA,NA,,
J4.PHATAN,6/14/23,June,BW,NA,NA,NA,NA,NA,,
J4.PHATAN.1,2/20/23,February,BW/RA,1.5,7,8.25,6.5,,,
J4.PHATAN.1,3/17/23,March,,6.5,8,19.5,15.5,,,
J5.AVEFAT,5/21/23,May,BW,57,17,26,26,TR,,
J5.AVEFAT.1,2/20/23,February,BW/RA,6,4,5.5,1,,,
J5.BRODIA.1,NA,NA,NA,NA,NA,NA,NA,,,
J5.BRODIA.1,3/17/23,March,,12.5,26,28.5,29,C,,
J5.BRODIA.1,4/18/23,April,BW,42,20,54,42,C,,
J5.BROHOR,5/24/23,May,BW,NA,NA,NA,NA,TR,,
J5.BROHOR.1,NA,NA,NA,NA,NA,NA,NA,,,
J5.BROHOR.1,3/17/23,March,,7,13,10,6,TR,,
J5.BROMAD,5/24/23,May,BW,NA,NA,NA,NA,C,,
J5.BROMAD.1,NA,NA,NA,NA,NA,NA,NA,,,
J5.BROMAD.1,3/17/23,March,,9.25,13,8.5,4.75,C,,
J5.BROMAD.1,4/18/23,April,BW,39.5,10,8,4,C,,
J5.CALMEN.1,NA,NA,NA,NA,NA,NA,NA,,,
J5.CALMEN.1,NA,NA,NA,NA,NA,NA,NA,NA,,
J5.CENMEL.1,2/20/23,February,BW/RA,1.5,8,7.5,6.5,,,
J5.CENMEL.1,3/17/23,March,,10.5,13,22.75,19.5,CR,,
J5.CENMEL.1,4/18/23,April,BW,12,34,22.5,27,BR,,
J5.CORFIL,5/16/23,May,KC,10.5,10,3,2.5,C,,
J5.CORFIL,6/14/23,June,B'Elanna,17,18,6.5,5,C,,
J5.CORFIL.1,2/20/23,February,BW/RA,1.5,4,1.25,1,,,
J5.CORFIL.1,3/17/23,March,,2.5,5,4.25,2.5,C,,
J5.CORFIL.1,4/18/23,April,BW,6,6,4.5,2.75,C,,
J5.EROCIC,5/27/23,May,BW,17.25,51,90,31,CR,,
J5.EROCIC,6/14/23,June,BW,NA,NA,NA,NA,NA,,
J5.EROCIC.1,4/18/23,April,BW,21,15,52,17,CR,,
J5.ESCCAL,5/27/23,May,BW,36,91,97,84,CR,,
J5.ESCCAL,6/14/23,June,BW,27.5,138,70.5,67,CR,,
J5.ESCCAL.1,3/17/23,March,,6,17,17.5,16,CR,,
J5.MICCAL,5/28/23,May,BW,NA,NA,NA,NA,NA,,
J5.MICCAL.1,2/20/23,February,BW/RA,2.5,20,2,2,,,
J5.MICCAL.1,3/17/23,March,,6.5,53,3.5,4,C,,
J5.MICCAL.1,4/18/23,April,BW,24,160,5.75,4.25,C,,
J5.STIPUL,5/28/23,May,BW,10.5,3,10,7,BR,,
J5.STIPUL,6/14/23,June,BW,18.5,3,15,15,BR,,
J5.STIPUL.1,NA,NA,NA,NA,NA,NA,NA,,,
J5.STIPUL.1,3/17/23,March,,6,3,5.5,1.25,CR,,
J5.STIPUL.1,4/18/23,April,BW,7,5,7.5,4,BR,,
J6.AVEBAR,5/21/23,May,BW,130,67,119,105,TL,,
J6.AVEBAR.1,2/20/23,February,BW/RA,5.5,7,16,10,,,
J6.AVEBAR.1,3/17/23,March,,8.25,68,35,32,TL,,
J6.BRODIA.1,NA,NA,NA,NA,NA,NA,NA,,,
J6.BRODIA.1,3/17/23,March,,6.25,67,24,16.5,TL,,
J6.BROHOR,5/24/23,May,BW,NA,NA,NA,NA,TR,,
J6.BROHOR.1,NA,NA,NA,NA,NA,NA,NA,,,
J6.BROHOR.1,3/17/23,March,,7,28,11.5,10,TR,,
J6.BROHOR.1,4/18/23,April,BW,17.75,40,38.5,19.5,TR,,
J6.BROMAD,5/24/23,May,BW,NA,NA,NA,NA,C,,
J6.BROMAD.1,NA,NA,NA,NA,NA,NA,NA,,,
J6.BROMAD.1,3/17/23,March,,4.25,33,7.75,8.5,C,,
J6.BROMAD.1,4/18/23,April,BW,17,29,20,11,CL,,
J6.CLAPUR,6/14/23,June,BW,NA,NA,NA,NA,NA,,
J6.CLAPUR.1,2/20/23,February,BW/RA,3.25,31,5,4,,,
J6.CLAPUR.1,3/17/23,March,,11.5,159,10.5,9.75,BC,,
J6.ELYCAP,5/26/23,May,BW,47,177,100,83,NA,,
J6.ELYCAP.1,2/20/23,February,BW/RA,5,28,12,14.5,,,
J6.ELYCAP.1,3/17/23,March,,5.5,65,17,15,BR,,
J6.ELYCAP.1,4/18/23,April,BW,8.5,145,26.5,25.5,TR,,
J6.EROBOT,5/26/23,May,BW,NA,NA,NA,NA,NA,,
J6.EROBOT.1,NA,NA,NA,NA,NA,NA,NA,,,
J6.EROBOT.1,NA,NA,NA,NA,NA,NA,NA,NA,,
J6.HOLVIR,5/27/23,May,BW,NA,NA,NA,NA,NA,,
J6.HOLVIR,6/14/23,June,BW,NA,NA,NA,NA,NA,,
J6.HOLVIR.1,2/20/23,February,BW/RA,NA,NA,NA,NA,NA,,
J6.LUPBIC,5/28/23,May,BW,NA,NA,NA,NA,NA,,
J6.LUPBIC.1,2/20/23,February,BW/RA,0.5,2,1.25,0.75,,,
J6.LUPBIC.1,3/17/23,March,,0.75,4,3,2,C,,
J6.MICCAL,5/28/23,May,BW,NA,NA,NA,NA,NA,,
J6.MICCAL.1,2/20/23,February,BW/RA,2.5,78,3.75,2.75,,,
J6.MICCAL.1,3/17/23,March,,5.5,208,10.5,6,BC,,
J6.MICCAL.1,4/18/23,April,BW,23.5,546,18,17,BC,,
J6.PLAERE,5/17/23,May,BW,NA,NA,NA,NA,NA,,
J6.PLAERE,6/14/23,June,BW,NA,NA,NA,NA,NA,,
J6.PLAERE.1,2/20/23,February,BW/RA,1.75,4,1,0.25,,,
J6.PLAERE.1,3/17/23,March,,3,6,2.5,1.5,C,,
J6.TRIHIR,5/29/23,May,BW,30.5,25,41,29,TL,,
J6.TRIHIR,6/14/23,June,BW,NA,NA,NA,NA,NA,,
J6.TRIHIR.1,2/20/23,February,BW/RA,1.5,4,2.75,2,,,
J6.TRIHIR.1,3/17/23,March,,4,6,5.5,5,TL,,
J7.AMSMEN,,May,,NA,NA,NA,NA,,,
J7.AMSMEN.1,2/20/23,February,BW/RA,6,12,1.5,7.5,,,
J7.AMSMEN.1,3/17/23,March,,10,29,17,17.5,BR,,
J7.AMSMEN.1,4/17/23,April,BW,29,17,22.5,12,BR?,,
J7.AVEBAR,5/21/23,May,BW,86,51,133,78,NO L,,
J7.AVEBAR.1,2/20/23,February,BW/RA,8.5,4,7,2,,,
J7.AVEBAR.1,3/17/23,March,,7,37,20.25,18.75,CR,,
J7.AVEBAR.1,4/17/23,April,BW,33,56,64,51,,,
J7.BROARE,5/22/23,May,BW,25,10,28,12,TR,,
J7.BROARE.1,NA,NA,NA,NA,NA,NA,NA,,,
J7.BROARE.1,3/17/23,March,,21,16,22.5,11,TC,,
J7.BROARE.1,4/17/23,April,KH/KM,40,23,50,25,TR,,
J7.BRODIA,5/23/23,May,BW,37,4,43,25,NO L,,
J7.BRODIA.1,NA,NA,NA,NA,NA,NA,NA,,,
J7.BRODIA.1,3/17/23,March,,7.5,31,16,10.25,C,,
J7.BRODIA.1,4/17/23,April,BW,22,30,54,25.5,,,
J7.BROMAD,5/24/23,May,BW,NA,NA,NA,NA,TR,,
J7.BROMAD.1,NA,NA,NA,NA,NA,NA,NA,,,
J7.BROMAD.1,3/17/23,March,,8.5,38,15,12,TR,,
J7.BROMAD.1,4/17/23,April,KH/KM,44,51,24,15.25,TR,,
J7.CAUCOU.1,NA,NA,NA,NA,NA,NA,NA,,,
J7.CAUCOU.1,NA,NA,NA,NA,NA,NA,NA,NA,,
J7.EROCIC,5/27/23,May,BW,30.5,8,19.5,6,BR,,
J7.EROCIC,6/14/23,June,BW,NA,NA,NA,NA,NA,,
J7.EROCIC.1,NA,NA,NA,NA,NA,NA,NA,,,
J7.EROCIC.1,3/17/23,March,,3,3,7,2.75,BR,,
J7.EROCIC.1,4/17/23,April,BW,13.5,5,24.5,9,BR?,,
J7.ESCCAL,5/27/23,May,BW,29,46,40,37,BL,,
J7.ESCCAL,6/14/23,June,BW,30,39,48,20.75,BL,,
J7.ESCCAL.1,3/17/23,March,,3.25,13,6.75,6.5,BL,,
J7.LUPMIC,5/28/23,May,BW,NA,NA,NA,NA,NA,,
J7.LUPMIC.1,2/20/23,February,BW/RA,0.5,0,1,0.5,,,
J7.LUPMIC.1,3/17/23,March,,1,1,1,0.75,BL,,
J7.LUPMIC.1,4/17/23,April,KH/KM,4.5,5,2.5,3.5,BL,,
J7.LUPSUC.1,NA,NA,NA,NA,NA,NA,NA,,,
J7.LUPSUC.1,NA,NA,NA,NA,NA,NA,NA,NA,,
J7.MIRMUL,5/17/23,May,BW,NA,NA,NA,NA,NA,,
J7.MIRMUL.1,NA,NA,NA,NA,NA,NA,NA,,,
J7.MIRMUL.1,NA,NA,NA,NA,NA,NA,NA,NA,,
J7.PHATAN,5/17/23,May,BW,NA,NA,NA,NA,NA,,
J7.PHATAN,6/14/23,June,BW,NA,NA,NA,NA,NA,,
J7.PHATAN.1,3/17/23,March,,5,9,21.5,22.5,BR,,
J8.AVEFAT.1,2/20/23,February,BW/RA,9.5,9,13.5,12.5,,,
J8.BRODIA,5/23/23,May,BW,26,3,27,15,NO L,,
J8.BRODIA.1,NA,NA,NA,NA,NA,NA,NA,NA,,
J8.BRODIA.1,3/17/23,March,,20.5,25,35.5,20,TL,,
J8.BRODIA.1,4/18/23,April,BW,36.5,24,70,56,,,
J8.BROHOR,5/24/23,May,BW,NA,NA,NA,NA,NO L,,
J8.BROHOR.1,NA,NA,NA,NA,NA,NA,NA,NA,,
J8.BROHOR.1,3/17/23,March,,6,15,12,11,TL,,
J8.BROHOR.1,4/18/23,April,BW,24,19,22,15,,,
J8.BROMAD,5/24/23,May,BW,NA,NA,NA,NA,NO L,,
J8.BROMAD.1,NA,NA,NA,NA,NA,NA,NA,NA,,
J8.BROMAD.1,3/17/23,March,,6.5,13,9,7.25,TL,,
J8.CALMEN.1,2/20/23,February,BW/RA,1.75,20,11.5,9.75,,,
J8.CALMEN.1,4/18/23,April,BW,20,214,38,37,,,
J8.CENMEL.1,2/20/23,February,BW/RA,1.5,9,8,7.25,,,
J8.CENMEL.1,3/17/23,March,,6,14,19,20,TL,,
J8.CENMEL.1,4/18/23,April,BW,16,26,28,25,,,
J8.CORFIL,,May,,23,14,10.75,10,CL,,"date and recorder box say ""see back"""
J8.CORFIL,6/14/23,June,B'Elanna,26.5,9,11.75,3,CL,,
J8.CORFIL.1,2/20/23,February,BW/RA,1.75,7,3,2.5,,,
J8.CORFIL.1,3/17/23,March,,4,8,3.75,3.75,BL,,
J8.CORFIL.1,4/18/23,April,BW,12.5,8,7,6,CL,,
J8.EROCIC,5/27/23,May,BW,9,1,12.5,3.5,CB,,
J8.EROCIC,6/14/23,June,BW,NA,NA,NA,NA,NA,,
J8.EROCIC.1,2/20/23,February,BW/RA,0.75,5,1.75,1.75,,,
J8.EROCIC.1,3/17/23,March,,2.5,8,4,3.25,TL,,
J8.ESCCAL,5/27/23,May,BW,43,99,87,69,TL,,
J8.ESCCAL,6/14/23,June,BW,30,127,94,70.5,TL,,
J8.MICCAL,5/28/23,May,BW,NA,NA,NA,NA,NA,,
J8.MICCAL.1,2/20/23,February,BW/RA,2.75,38,2.25,2.5,,,
J8.MICCAL.1,3/17/23,March,,6.5,135,5,5,NA,,
J8.STIPUL.1,NA,NA,NA,NA,NA,NA,NA,NA,,
J8.STIPUL.1,3/17/23,March,,5,3,4.5,3,C,,
J8.STIPUL.1,4/18/23,April,BW,8.5,5,7,3,,,