Plant_ID,Sp_Code,Scientific_Name,Native_Status,Growth_Habit,Rating,Source,Plot,Block,Shelter,Plot_number,Population,Treatment,var_mo,rate
D3.BROARE.1,BROARE,Bromus arenarius,Non-native,Grass,Non-native,CalFlora,D3,4,D,3,WWP,Control,rgr_l_FM,NA
D3.BROARE.1,BROARE,Bromus arenarius,Non-native,Grass,Non-native,CalFlora,D3,4,D,3,WWP,Control,rgr_l_MA,0.00317700599347749
D3.BROARE.1,BROARE,Bromus arenarius,Non-native,Grass,Non-native,CalFlora,D3,4,D,3,WWP,Control,rgr_l_AM,0.02786950302399402
D3.BROARE.1,BROARE,Bromus arenarius,Non-native,Grass,Non-native,CalFlora,D3,4,D,3,WWP,Control,rgr_l_MJ,NA
E4.BROARE.1,BROARE,Bromus arenarius,Non-native,Grass,Non-native,CalFlora,E4,5,E,4,WWP,Control,rgr_l_FM,NA
E4.BROARE.1,BROARE,Bromus arenarius,Non-native,Grass,Non-native,CalFlora,E4,5,E,4,WWP,Control,rgr_l_MA,0.00445104642081741
E4.BROARE.1,BROARE,Bromus arenarius,Non-native,Grass,Non-native,CalFlora,E4,5,E,4,WWP,Control,rgr_l_AM,0.00637553003754886
E4.BROARE.1,BROARE,Bromus arenarius,Non-native,Grass,Non-native,CalFlora,E4,5,E,4,WWP,Control,rgr_l_MJ,NA
E8.LUPBIC.1,LUPBIC,Lupinus bicolor,Native,Forb,Native,CalFlora,E8,5,E,8,BORR,Control,rgr_l_FM,0.05331901388922656
E8.LUPBIC.1,LUPBIC,Lupinus bicolor,Native,Forb,Native,CalFlora,E8,5,E,8,BORR,Control,rgr_l_MA,0.0130795196163924
E8.LUPBIC.1,LUPBIC,Lupinus bicolor,Native,Forb,Native,CalFlora,E8,5,E,8,BORR,Control,rgr_l_AM,NA
E8.LUPBIC.1,LUPBIC,Lupinus bicolor,Native,Forb,Native,CalFlora,E8,5,E,8,BORR,Control,rgr_l_MJ,NA
E7.LUPBIC.1,LUPBIC,Lupinus bicolor,Native,Forb,Native,CalFlora,E7,5,E,7,MCL,Control,rgr_l_FM,0.03524195122592904
E7.LUPBIC.1,LUPBIC,Lupinus bicolor,Native,Forb,Native,CalFlora,E7,5,E,7,MCL,Control,rgr_l_MA,0.04629304920288138
E7.LUPBIC.1,LUPBIC,Lupinus bicolor,Native,Forb,Native,CalFlora,E7,5,E,7,MCL,Control,rgr_l_AM,0.01610892540976283
E7.LUPBIC.1,LUPBIC,Lupinus bicolor,Native,Forb,Native,CalFlora,E7,5,E,7,MCL,Control,rgr_l_MJ,NA
H1.ESCCAL.1,ESCCAL,Eschscholzia californica,Native,Forb,Native,CalFlora,H1,3,H,1,SEDG,Control,rgr_l_FM,0.02543410839884743
H1.ESCCAL.1,ESCCAL,Eschscholzia californica,Native,Forb,Native,CalFlora,H1,3,H,1,SEDG,Control,rgr_l_MA,0.00927546372372645
H1.ESCCAL.1,ESCCAL,Eschscholzia californica,Native,Forb,Native,CalFlora,H1,3,H,1,SEDG,Control,rgr_l_AM,0.01283325001744493
H1.ESCCAL.1,ESCCAL,Eschscholzia californica,Native,Forb,Native,CalFlora,H1,3,H,1,SEDG,Control,rgr_l_MJ,0.01239686396190054
D8.ESCCAL.1,ESCCAL,Eschscholzia californica,Native,Forb,Native,CalFlora,D8,4,D,8,SEDG,Control,rgr_l_FM,0.01807940494972229
D8.ESCCAL.1,ESCCAL,Eschscholzia californica,Native,Forb,Native,CalFlora,D8,4,D,8,SEDG,Control,rgr_l_MA,0.03858175962303476
D8.ESCCAL.1,ESCCAL,Eschscholzia californica,Native,Forb,Native,CalFlora,D8,4,D,8,SEDG,Control,rgr_l_AM,0.01583767214394029
D8.ESCCAL.1,ESCCAL,Eschscholzia californica,Native,Forb,Native,CalFlora,D8,4,D,8,SEDG,Control,rgr_l_MJ,0.02703640349100987
J1.LUPBIC.1,LUPBIC,Lupinus bicolor,Native,Forb,Native,CalFlora,J1,5,J,1,BORR,Drought,rgr_l_FM,0.06016309587105097
J1.LUPBIC.1,LUPBIC,Lupinus bicolor,Native,Forb,Native,CalFlora,J1,5,J,1,BORR,Drought,rgr_l_MA,-0.00368071986426199
J1.LUPBIC.1,LUPBIC,Lupinus bicolor,Native,Forb,Native,CalFlora,J1,5,J,1,BORR,Drought,rgr_l_AM,NA
J1.LUPBIC.1,LUPBIC,Lupinus bicolor,Native,Forb,Native,CalFlora,J1,5,J,1,BORR,Drought,rgr_l_MJ,NA
E6.ESCCAL.1,ESCCAL,Eschscholzia californica,Native,Forb,Native,CalFlora,E6,5,E,6,SEDG,Control,rgr_l_FM,0.02665950694461327
E6.ESCCAL.1,ESCCAL,Eschscholzia californica,Native,Forb,Native,CalFlora,E6,5,E,6,SEDG,Control,rgr_l_MA,0.02118643665771195
E6.ESCCAL.1,ESCCAL,Eschscholzia californica,Native,Forb,Native,CalFlora,E6,5,E,6,SEDG,Control,rgr_l_AM,0.02619618583415335
E6.ESCCAL.1,ESCCAL,Eschscholzia californica,Native,Forb,Native,CalFlora,E6,5,E,6,SEDG,Control,rgr_l_MJ,0.04139482886059204
I3.ESCCAL.1,ESCCAL,Eschscholzia californica,Native,Forb,Native,CalFlora,I3,4,I,3,WWP,Drought,rgr_l_FM,0.04307965962243262
I3.ESCCAL.1,ESCCAL,Eschscholzia californica,Native,Forb,Native,CalFlora,I3,4,I,3,WWP,Drought,rgr_l_MA,0.01858459711708415
I3.ESCCAL.1,ESCCAL,Eschscholzia californica,Native,Forb,Native,CalFlora,I3,4,I,3,WWP,Drought,rgr_l_AM,0.03044179121710245
I3.ESCCAL.1,ESCCAL,Eschscholzia californica,Native,Forb,Native,CalFlora,I3,4,I,3,WWP,Drought,rgr_l_MJ,-0.03850817669777477
I8.ESCCAL.1,ESCCAL,Eschscholzia californica,Native,Forb,Native,CalFlora,I8,4,I,8,ANGELO,Drought,rgr_l_FM,0.07847230633343641
I8.ESCCAL.1,ESCCAL,Eschscholzia californica,Native,Forb,Native,CalFlora,I8,4,I,8,ANGELO,Drought,rgr_l_MA,0.00958940241505936
I8.ESCCAL.1,ESCCAL,Eschscholzia californica,Native,Forb,Native,CalFlora,I8,4,I,8,ANGELO,Drought,rgr_l_AM,0.01790168719707805
I8.ESCCAL.1,ESCCAL,Eschscholzia californica,Native,Forb,Native,CalFlora,I8,4,I,8,ANGELO,Drought,rgr_l_MJ,0.04955544662806171
J3.LUPBIC.1,LUPBIC,Lupinus bicolor,Native,Forb,Native,CalFlora,J3,5,J,3,MCL,Drought,rgr_l_FM,Inf
J3.LUPBIC.1,LUPBIC,Lupinus bicolor,Native,Forb,Native,CalFlora,J3,5,J,3,MCL,Drought,rgr_l_MA,0.05990383163068941
J3.LUPBIC.1,LUPBIC,Lupinus bicolor,Native,Forb,Native,CalFlora,J3,5,J,3,MCL,Drought,rgr_l_AM,0.04779296960767585
J3.LUPBIC.1,LUPBIC,Lupinus bicolor,Native,Forb,Native,CalFlora,J3,5,J,3,MCL,Drought,rgr_l_MJ,NA
J7.ESCCAL.1,ESCCAL,Eschscholzia californica,Native,Forb,Native,CalFlora,J7,5,J,7,WWP,Drought,rgr_l_FM,0.03822045780109746
J7.ESCCAL.1,ESCCAL,Eschscholzia californica,Native,Forb,Native,CalFlora,J7,5,J,7,WWP,Drought,rgr_l_MA,0.00461615624647333
J7.ESCCAL.1,ESCCAL,Eschscholzia californica,Native,Forb,Native,CalFlora,J7,5,J,7,WWP,Drought,rgr_l_AM,0.02801477988467212
J7.ESCCAL.1,ESCCAL,Eschscholzia californica,Native,Forb,Native,CalFlora,J7,5,J,7,WWP,Drought,rgr_l_MJ,-0.00917109724219159
J5.ESCCAL.1,ESCCAL,Eschscholzia californica,Native,Forb,Native,CalFlora,J5,5,J,5,SEDG,Drought,rgr_l_FM,0.03015087209505521
J5.ESCCAL.1,ESCCAL,Eschscholzia californica,Native,Forb,Native,CalFlora,J5,5,J,5,SEDG,Drought,rgr_l_MA,0.00660340917710021
J5.ESCCAL.1,ESCCAL,Eschscholzia californica,Native,Forb,Native,CalFlora,J5,5,J,5,SEDG,Drought,rgr_l_AM,0.03759838637931863
J5.ESCCAL.1,ESCCAL,Eschscholzia californica,Native,Forb,Native,CalFlora,J5,5,J,5,SEDG,Drought,rgr_l_MJ,0.02313300992446418
J8.ESCCAL.1,ESCCAL,Eschscholzia californica,Native,Forb,Native,CalFlora,J8,5,J,8,SEDG,Drought,rgr_l_FM,0.02615705869626655
J8.ESCCAL.1,ESCCAL,Eschscholzia californica,Native,Forb,Native,CalFlora,J8,5,J,8,SEDG,Drought,rgr_l_MA,0.01621230604422399
J8.ESCCAL.1,ESCCAL,Eschscholzia californica,Native,Forb,Native,CalFlora,J8,5,J,8,SEDG,Drought,rgr_l_AM,0.02198590338080055
J8.ESCCAL.1,ESCCAL,Eschscholzia californica,Native,Forb,Native,CalFlora,J8,5,J,8,SEDG,Drought,rgr_l_MJ,0.01383706868466674
G1.CLAPUR.1,CLAPUR,Clarkia purpurea,Native,Forb,Native,CalFlora,G1,2,G,1,BORR,Control,rgr_l_FM,0.05595487275445505
G1.CLAPUR.1,CLAPUR,Clarkia purpurea,Native,Forb,Native,CalFlora,G1,2,G,1,BORR,Control,rgr_l_MA,0.04619335746523766
G1.CLAPUR.1,CLAPUR,Clarkia purpurea,Native,Forb,Native,CalFlora,G1,2,G,1,BORR,Control,rgr_l_AM,-0.02063537872844241
G1.CLAPUR.1,CLAPUR,Clarkia purpurea,Native,Forb,Native,CalFlora,G1,2,G,1,BORR,Control,rgr_l_MJ,NA
D3.AVEBAR.1,AVEBAR,Avena barbata,Non-native,Grass,Moderate,Cal IPC,D3,4,D,3,WWP,Control,rgr_l_FM,0.09591581091193482
D3.AVEBAR.1,AVEBAR,Avena barbata,Non-native,Grass,Moderate,Cal IPC,D3,4,D,3,WWP,Control,rgr_l_MA,0.01641588283659314
D3.AVEBAR.1,AVEBAR,Avena barbata,Non-native,Grass,Moderate,Cal IPC,D3,4,D,3,WWP,Control,rgr_l_AM,-0.01228682145782317
D3.AVEBAR.1,AVEBAR,Avena barbata,Non-native,Grass,Moderate,Cal IPC,D3,4,D,3,WWP,Control,rgr_l_MJ,NA
G7.DANCAL.1,DANCAL,Danthonia californica,Native,Grass,Native,CalFlora,G7,2,G,7,ANGELO,Control,rgr_l_FM,NA
G7.DANCAL.1,DANCAL,Danthonia californica,Native,Grass,Native,CalFlora,G7,2,G,7,ANGELO,Control,rgr_l_MA,NA
G7.DANCAL.1,DANCAL,Danthonia californica,Native,Grass,Native,CalFlora,G7,2,G,7,ANGELO,Control,rgr_l_AM,NA
G7.DANCAL.1,DANCAL,Danthonia californica,Native,Grass,Native,CalFlora,G7,2,G,7,ANGELO,Control,rgr_l_MJ,0
H6.DANCAL.1,DANCAL,Danthonia californica,Native,Grass,Native,CalFlora,H6,3,H,6,ANGELO,Control,rgr_l_FM,NA
H6.DANCAL.1,DANCAL,Danthonia californica,Native,Grass,Native,CalFlora,H6,3,H,6,ANGELO,Control,rgr_l_MA,NA
H6.DANCAL.1,DANCAL,Danthonia californica,Native,Grass,Native,CalFlora,H6,3,H,6,ANGELO,Control,rgr_l_AM,NA
H6.DANCAL.1,DANCAL,Danthonia californica,Native,Grass,Native,CalFlora,H6,3,H,6,ANGELO,Control,rgr_l_MJ,0
E3.DANCAL.1,DANCAL,Danthonia californica,Native,Grass,Native,CalFlora,E3,5,E,3,ANGELO,Control,rgr_l_FM,NA
E3.DANCAL.1,DANCAL,Danthonia californica,Native,Grass,Native,CalFlora,E3,5,E,3,ANGELO,Control,rgr_l_MA,NA
E3.DANCAL.1,DANCAL,Danthonia californica,Native,Grass,Native,CalFlora,E3,5,E,3,ANGELO,Control,rgr_l_AM,NA
E3.DANCAL.1,DANCAL,Danthonia californica,Native,Grass,Native,CalFlora,E3,5,E,3,ANGELO,Control,rgr_l_MJ,-0.01514116170798846
J2.DANCAL.1,DANCAL,Danthonia californica,Native,Grass,Native,CalFlora,J2,5,J,2,ANGELO,Drought,rgr_l_FM,NA
J2.DANCAL.1,DANCAL,Danthonia californica,Native,Grass,Native,CalFlora,J2,5,J,2,ANGELO,Drought,rgr_l_MA,NA
J2.DANCAL.1,DANCAL,Danthonia californica,Native,Grass,Native,CalFlora,J2,5,J,2,ANGELO,Drought,rgr_l_AM,NA
J2.DANCAL.1,DANCAL,Danthonia californica,Native,Grass,Native,CalFlora,J2,5,J,2,ANGELO,Drought,rgr_l_MJ,-0.017709065085327
E1.DANCAL.1,DANCAL,Danthonia californica,Native,Grass,Native,CalFlora,E1,5,E,1,ANGELO,Control,rgr_l_FM,NA
E1.DANCAL.1,DANCAL,Danthonia californica,Native,Grass,Native,CalFlora,E1,5,E,1,ANGELO,Control,rgr_l_MA,NA
E1.DANCAL.1,DANCAL,Danthonia californica,Native,Grass,Native,CalFlora,E1,5,E,1,ANGELO,Control,rgr_l_AM,NA
E1.DANCAL.1,DANCAL,Danthonia californica,Native,Grass,Native,CalFlora,E1,5,E,1,ANGELO,Control,rgr_l_MJ,-0.02134026884779813
J5.EROCIC.1,EROCIC,Erodium cicutarium,Non-native,Forb,Non-native,CalFlora,J5,5,J,5,SEDG,Drought,rgr_l_FM,0.01621860432432658
J5.EROCIC.1,EROCIC,Erodium cicutarium,Non-native,Forb,Non-native,CalFlora,J5,5,J,5,SEDG,Drought,rgr_l_MA,0.00697323597856905
J5.EROCIC.1,EROCIC,Erodium cicutarium,Non-native,Forb,Non-native,CalFlora,J5,5,J,5,SEDG,Drought,rgr_l_AM,0.03137885722107989
J5.EROCIC.1,EROCIC,Erodium cicutarium,Non-native,Forb,Non-native,CalFlora,J5,5,J,5,SEDG,Drought,rgr_l_MJ,NA
G3.ESCCAL.1,ESCCAL,Eschscholzia californica,Native,Forb,Native,CalFlora,G3,2,G,3,SEDG,Control,rgr_l_FM,0.02686803622371302
G3.ESCCAL.1,ESCCAL,Eschscholzia californica,Native,Forb,Native,CalFlora,G3,2,G,3,SEDG,Control,rgr_l_MA,0.01021935252819253
G3.ESCCAL.1,ESCCAL,Eschscholzia californica,Native,Forb,Native,CalFlora,G3,2,G,3,SEDG,Control,rgr_l_AM,0.02668074274730678
G3.ESCCAL.1,ESCCAL,Eschscholzia californica,Native,Forb,Native,CalFlora,G3,2,G,3,SEDG,Control,rgr_l_MJ,0.0504198362169667
E2.BROMAD.1,BROMAD,Bromus madritensis,Non-native,Grass,High,Cal IPC,E2,5,E,2,WWP,Control,rgr_l_FM,NA
E2.BROMAD.1,BROMAD,Bromus madritensis,Non-native,Grass,High,Cal IPC,E2,5,E,2,WWP,Control,rgr_l_MA,-0.01182568107333897
E2.BROMAD.1,BROMAD,Bromus madritensis,Non-native,Grass,High,Cal IPC,E2,5,E,2,WWP,Control,rgr_l_AM,NA
E2.BROMAD.1,BROMAD,Bromus madritensis,Non-native,Grass,High,Cal IPC,E2,5,E,2,WWP,Control,rgr_l_MJ,NA
F3.LUPBIC.1,LUPBIC,Lupinus bicolor,Native,Forb,Native,CalFlora,F3,1,F,3,BORR,Control,rgr_l_FM,0.02166084939249829
F3.LUPBIC.1,LUPBIC,Lupinus bicolor,Native,Forb,Native,CalFlora,F3,1,F,3,BORR,Control,rgr_l_MA,0.02390162691586017
F3.LUPBIC.1,LUPBIC,Lupinus bicolor,Native,Forb,Native,CalFlora,F3,1,F,3,BORR,Control,rgr_l_AM,NA
F3.LUPBIC.1,LUPBIC,Lupinus bicolor,Native,Forb,Native,CalFlora,F3,1,F,3,BORR,Control,rgr_l_MJ,NA
J6.BRODIA.1,BRODIA,Bromus diandrus,Non-native,Grass,Moderate,Cal IPC,J6,5,J,6,MCL,Drought,rgr_l_FM,NA
J6.BRODIA.1,BRODIA,Bromus diandrus,Non-native,Grass,Moderate,Cal IPC,J6,5,J,6,MCL,Drought,rgr_l_MA,0.02142676590096212
J6.BRODIA.1,BRODIA,Bromus diandrus,Non-native,Grass,Moderate,Cal IPC,J6,5,J,6,MCL,Drought,rgr_l_AM,-0.04351580852100799
J6.BRODIA.1,BRODIA,Bromus diandrus,Non-native,Grass,Moderate,Cal IPC,J6,5,J,6,MCL,Drought,rgr_l_MJ,NA
F5.EROBOT.1,EROBOT,Erodium botrys,Non-native,Forb,Non-native,CalFlora,F5,1,F,5,MCL,Control,rgr_l_FM,NA
F5.EROBOT.1,EROBOT,Erodium botrys,Non-native,Forb,Non-native,CalFlora,F5,1,F,5,MCL,Control,rgr_l_MA,0
F5.EROBOT.1,EROBOT,Erodium botrys,Non-native,Forb,Non-native,CalFlora,F5,1,F,5,MCL,Control,rgr_l_AM,NA
F5.EROBOT.1,EROBOT,Erodium botrys,Non-native,Forb,Non-native,CalFlora,F5,1,F,5,MCL,Control,rgr_l_MJ,NA
C3.DANCAL.1,DANCAL,Danthonia californica,Native,Grass,Native,CalFlora,C3,3,C,3,ANGELO,Drought,rgr_l_FM,NA
C3.DANCAL.1,DANCAL,Danthonia californica,Native,Grass,Native,CalFlora,C3,3,C,3,ANGELO,Drought,rgr_l_MA,NA
C3.DANCAL.1,DANCAL,Danthonia californica,Native,Grass,Native,CalFlora,C3,3,C,3,ANGELO,Drought,rgr_l_AM,NA
C3.DANCAL.1,DANCAL,Danthonia californica,Native,Grass,Native,CalFlora,C3,3,C,3,ANGELO,Drought,rgr_l_MJ,-0.02134026884779813
J3.EROBOT.1,EROBOT,Erodium botrys,Non-native,Forb,Non-native,CalFlora,J3,5,J,3,MCL,Drought,rgr_l_FM,NA
J3.EROBOT.1,EROBOT,Erodium botrys,Non-native,Forb,Non-native,CalFlora,J3,5,J,3,MCL,Drought,rgr_l_MA,NA
J3.EROBOT.1,EROBOT,Erodium botrys,Non-native,Forb,Non-native,CalFlora,J3,5,J,3,MCL,Drought,rgr_l_AM,0.00661353758633964
J3.EROBOT.1,EROBOT,Erodium botrys,Non-native,Forb,Non-native,CalFlora,J3,5,J,3,MCL,Drought,rgr_l_MJ,NA
D3.LUPMIC.1,LUPMIC,Lupinus microcarpus,Native,Forb,Native,CalFlora,D3,4,D,3,WWP,Control,rgr_l_FM,NA
D3.LUPMIC.1,LUPMIC,Lupinus microcarpus,Native,Forb,Native,CalFlora,D3,4,D,3,WWP,Control,rgr_l_MA,NA
D3.LUPMIC.1,LUPMIC,Lupinus microcarpus,Native,Forb,Native,CalFlora,D3,4,D,3,WWP,Control,rgr_l_AM,NA
D3.LUPMIC.1,LUPMIC,Lupinus microcarpus,Native,Forb,Native,CalFlora,D3,4,D,3,WWP,Control,rgr_l_MJ,NA
D5.BROARE.1,BROARE,Bromus arenarius,Non-native,Grass,Non-native,CalFlora,D5,4,D,5,WWP,Control,rgr_l_FM,NA
D5.BROARE.1,BROARE,Bromus arenarius,Non-native,Grass,Non-native,CalFlora,D5,4,D,5,WWP,Control,rgr_l_MA,0
D5.BROARE.1,BROARE,Bromus arenarius,Non-native,Grass,Non-native,CalFlora,D5,4,D,5,WWP,Control,rgr_l_AM,0.03479897134709356
D5.BROARE.1,BROARE,Bromus arenarius,Non-native,Grass,Non-native,CalFlora,D5,4,D,5,WWP,Control,rgr_l_MJ,NA
C3.ACMPAR.1,ACMPAR,Acmispon parviflorus,Native,Forb,Native,CalFlora,C3,3,C,3,ANGELO,Drought,rgr_l_FM,NA
C3.ACMPAR.1,ACMPAR,Acmispon parviflorus,Native,Forb,Native,CalFlora,C3,3,C,3,ANGELO,Drought,rgr_l_MA,NA
C3.ACMPAR.1,ACMPAR,Acmispon parviflorus,Native,Forb,Native,CalFlora,C3,3,C,3,ANGELO,Drought,rgr_l_AM,0.0273321890447485
C3.ACMPAR.1,ACMPAR,Acmispon parviflorus,Native,Forb,Native,CalFlora,C3,3,C,3,ANGELO,Drought,rgr_l_MJ,NA
G1.AVEBAR.1,AVEBAR,Avena barbata,Non-native,Grass,Moderate,Cal IPC,G1,2,G,1,BORR,Control,rgr_l_FM,NA
G1.AVEBAR.1,AVEBAR,Avena barbata,Non-native,Grass,Moderate,Cal IPC,G1,2,G,1,BORR,Control,rgr_l_MA,0.00831627340267831
G1.AVEBAR.1,AVEBAR,Avena barbata,Non-native,Grass,Moderate,Cal IPC,G1,2,G,1,BORR,Control,rgr_l_AM,-0.01497212502035241
G1.AVEBAR.1,AVEBAR,Avena barbata,Non-native,Grass,Moderate,Cal IPC,G1,2,G,1,BORR,Control,rgr_l_MJ,NA
H7.AVEBAR.1,AVEBAR,Avena barbata,Non-native,Grass,Moderate,Cal IPC,H7,3,H,7,MCL,Control,rgr_l_FM,NA
H7.AVEBAR.1,AVEBAR,Avena barbata,Non-native,Grass,Moderate,Cal IPC,H7,3,H,7,MCL,Control,rgr_l_MA,0.00838882123928275
H7.AVEBAR.1,AVEBAR,Avena barbata,Non-native,Grass,Moderate,Cal IPC,H7,3,H,7,MCL,Control,rgr_l_AM,-0.01801294414804822
H7.AVEBAR.1,AVEBAR,Avena barbata,Non-native,Grass,Moderate,Cal IPC,H7,3,H,7,MCL,Control,rgr_l_MJ,NA
I7.BROHOR.1,BROHOR,Bromus hordeaceaus,Non-native,Grass,Limited,Cal IPC,I7,4,I,7,MCL,Drought,rgr_l_FM,NA
I7.BROHOR.1,BROHOR,Bromus hordeaceaus,Non-native,Grass,Limited,Cal IPC,I7,4,I,7,MCL,Drought,rgr_l_MA,0.00417285601951633
I7.BROHOR.1,BROHOR,Bromus hordeaceaus,Non-native,Grass,Limited,Cal IPC,I7,4,I,7,MCL,Drought,rgr_l_AM,NA
I7.BROHOR.1,BROHOR,Bromus hordeaceaus,Non-native,Grass,Limited,Cal IPC,I7,4,I,7,MCL,Drought,rgr_l_MJ,NA
G1.BRODIA.1,BRODIA,Bromus diandrus,Non-native,Grass,Moderate,Cal IPC,G1,2,G,1,BORR,Control,rgr_l_FM,NA
G1.BRODIA.1,BRODIA,Bromus diandrus,Non-native,Grass,Moderate,Cal IPC,G1,2,G,1,BORR,Control,rgr_l_MA,0.00384936379065318
G1.BRODIA.1,BRODIA,Bromus diandrus,Non-native,Grass,Moderate,Cal IPC,G1,2,G,1,BORR,Control,rgr_l_AM,NA
G1.BRODIA.1,BRODIA,Bromus diandrus,Non-native,Grass,Moderate,Cal IPC,G1,2,G,1,BORR,Control,rgr_l_MJ,NA
F2.LUPMIC.1,LUPMIC,Lupinus microcarpus,Native,Forb,Native,CalFlora,F2,1,F,2,WWP,Control,rgr_l_FM,NA
F2.LUPMIC.1,LUPMIC,Lupinus microcarpus,Native,Forb,Native,CalFlora,F2,1,F,2,WWP,Control,rgr_l_MA,Inf
F2.LUPMIC.1,LUPMIC,Lupinus microcarpus,Native,Forb,Native,CalFlora,F2,1,F,2,WWP,Control,rgr_l_AM,NA
F2.LUPMIC.1,LUPMIC,Lupinus microcarpus,Native,Forb,Native,CalFlora,F2,1,F,2,WWP,Control,rgr_l_MJ,NA
E2.BROARE.1,BROARE,Bromus arenarius,Non-native,Grass,Non-native,CalFlora,E2,5,E,2,WWP,Control,rgr_l_FM,NA
E2.BROARE.1,BROARE,Bromus arenarius,Non-native,Grass,Non-native,CalFlora,E2,5,E,2,WWP,Control,rgr_l_MA,0.00866601476830711
E2.BROARE.1,BROARE,Bromus arenarius,Non-native,Grass,Non-native,CalFlora,E2,5,E,2,WWP,Control,rgr_l_AM,0.00799116867921613
E2.BROARE.1,BROARE,Bromus arenarius,Non-native,Grass,Non-native,CalFlora,E2,5,E,2,WWP,Control,rgr_l_MJ,NA
I1.GERDIS.1,GERDIS,Geranium dissectum,Non-native,Forb,Limited,Cal IPC,I1,4,I,1,BORR,Drought,rgr_l_FM,0.01740754182391613
I1.GERDIS.1,GERDIS,Geranium dissectum,Non-native,Forb,Limited,Cal IPC,I1,4,I,1,BORR,Drought,rgr_l_MA,0.01748799337298195
I1.GERDIS.1,GERDIS,Geranium dissectum,Non-native,Forb,Limited,Cal IPC,I1,4,I,1,BORR,Drought,rgr_l_AM,NA
I1.GERDIS.1,GERDIS,Geranium dissectum,Non-native,Forb,Limited,Cal IPC,I1,4,I,1,BORR,Drought,rgr_l_MJ,NA
B7.BRODIA.1,BRODIA,Bromus diandrus,Non-native,Grass,Moderate,Cal IPC,B7,2,B,7,BORR,Drought,rgr_l_FM,NA
B7.BRODIA.1,BRODIA,Bromus diandrus,Non-native,Grass,Moderate,Cal IPC,B7,2,B,7,BORR,Drought,rgr_l_MA,4.861559397414982e-4
B7.BRODIA.1,BRODIA,Bromus diandrus,Non-native,Grass,Moderate,Cal IPC,B7,2,B,7,BORR,Drought,rgr_l_AM,NA
B7.BRODIA.1,BRODIA,Bromus diandrus,Non-native,Grass,Moderate,Cal IPC,B7,2,B,7,BORR,Drought,rgr_l_MJ,NA
B7.TORARV.1,TORARV,Torilis arvensis,Non-native,Forb,Moderate,Cal IPC,B7,2,B,7,BORR,Drought,rgr_l_FM,0
B7.TORARV.1,TORARV,Torilis arvensis,Non-native,Forb,Moderate,Cal IPC,B7,2,B,7,BORR,Drought,rgr_l_MA,-0.00846123742505237
B7.TORARV.1,TORARV,Torilis arvensis,Non-native,Forb,Moderate,Cal IPC,B7,2,B,7,BORR,Drought,rgr_l_AM,0.0402359478108525
B7.TORARV.1,TORARV,Torilis arvensis,Non-native,Forb,Moderate,Cal IPC,B7,2,B,7,BORR,Drought,rgr_l_MJ,NA
B7.GERDIS.1,GERDIS,Geranium dissectum,Non-native,Forb,Limited,Cal IPC,B7,2,B,7,BORR,Drought,rgr_l_FM,0.01620702169812881
B7.GERDIS.1,GERDIS,Geranium dissectum,Non-native,Forb,Limited,Cal IPC,B7,2,B,7,BORR,Drought,rgr_l_MA,0.03577633306836745
B7.GERDIS.1,GERDIS,Geranium dissectum,Non-native,Forb,Limited,Cal IPC,B7,2,B,7,BORR,Drought,rgr_l_AM,NA
B7.GERDIS.1,GERDIS,Geranium dissectum,Non-native,Forb,Limited,Cal IPC,B7,2,B,7,BORR,Drought,rgr_l_MJ,NA
A1.MADGRA.1,MADGRA,Madia gracilis,Native,Forb,Native,CalFlora,A1,1,A,1,ANGELO,Drought,rgr_l_FM,0.04151630359744606
A1.MADGRA.1,MADGRA,Madia gracilis,Native,Forb,Native,CalFlora,A1,1,A,1,ANGELO,Drought,rgr_l_MA,0.06624397808297255
A1.MADGRA.1,MADGRA,Madia gracilis,Native,Forb,Native,CalFlora,A1,1,A,1,ANGELO,Drought,rgr_l_AM,0.04446581559562864
A1.MADGRA.1,MADGRA,Madia gracilis,Native,Forb,Native,CalFlora,A1,1,A,1,ANGELO,Drought,rgr_l_MJ,NA
A3.CLAPUR.1,CLAPUR,Clarkia purpurea,Native,Forb,Native,CalFlora,A3,1,A,3,BORR,Drought,rgr_l_FM,0.03956560182198419
A3.CLAPUR.1,CLAPUR,Clarkia purpurea,Native,Forb,Native,CalFlora,A3,1,A,3,BORR,Drought,rgr_l_MA,0.02309515309233021
A3.CLAPUR.1,CLAPUR,Clarkia purpurea,Native,Forb,Native,CalFlora,A3,1,A,3,BORR,Drought,rgr_l_AM,-0.10288276999379242
A3.CLAPUR.1,CLAPUR,Clarkia purpurea,Native,Forb,Native,CalFlora,A3,1,A,3,BORR,Drought,rgr_l_MJ,NA
B1.CLAPUR.1,CLAPUR,Clarkia purpurea,Native,Forb,Native,CalFlora,B1,2,B,1,BORR,Drought,rgr_l_FM,0.03956560182198419
B1.CLAPUR.1,CLAPUR,Clarkia purpurea,Native,Forb,Native,CalFlora,B1,2,B,1,BORR,Drought,rgr_l_MA,0.03594711760116932
B1.CLAPUR.1,CLAPUR,Clarkia purpurea,Native,Forb,Native,CalFlora,B1,2,B,1,BORR,Drought,rgr_l_AM,-0.05029893605188339
B1.CLAPUR.1,CLAPUR,Clarkia purpurea,Native,Forb,Native,CalFlora,B1,2,B,1,BORR,Drought,rgr_l_MJ,NA
B1.TORARV.1,TORARV,Torilis arvensis,Non-native,Forb,Moderate,Cal IPC,B1,2,B,1,BORR,Drought,rgr_l_FM,0.01761467668158588
B1.TORARV.1,TORARV,Torilis arvensis,Non-native,Forb,Moderate,Cal IPC,B1,2,B,1,BORR,Drought,rgr_l_MA,-0.00719817907465192
B1.TORARV.1,TORARV,Torilis arvensis,Non-native,Forb,Moderate,Cal IPC,B1,2,B,1,BORR,Drought,rgr_l_AM,0.00942942111879452
B1.TORARV.1,TORARV,Torilis arvensis,Non-native,Forb,Moderate,Cal IPC,B1,2,B,1,BORR,Drought,rgr_l_MJ,NA
F1.DAUPUS.1,DAUPUS,Daucus pusillus,Native,Forb,Native,CalFlora,F1,1,F,1,ANGELO,Control,rgr_l_FM,0.0159633007426872
F1.DAUPUS.1,DAUPUS,Daucus pusillus,Native,Forb,Native,CalFlora,F1,1,F,1,ANGELO,Control,rgr_l_MA,0
F1.DAUPUS.1,DAUPUS,Daucus pusillus,Native,Forb,Native,CalFlora,F1,1,F,1,ANGELO,Control,rgr_l_AM,0.01896086015813288
F1.DAUPUS.1,DAUPUS,Daucus pusillus,Native,Forb,Native,CalFlora,F1,1,F,1,ANGELO,Control,rgr_l_MJ,NA
F3.DAUPUS.1,DAUPUS,Daucus pusillus,Native,Forb,Native,CalFlora,F3,1,F,3,BORR,Control,rgr_l_FM,0.00899006476411815
F3.DAUPUS.1,DAUPUS,Daucus pusillus,Native,Forb,Native,CalFlora,F3,1,F,3,BORR,Control,rgr_l_MA,-0.00992007146385451
F3.DAUPUS.1,DAUPUS,Daucus pusillus,Native,Forb,Native,CalFlora,F3,1,F,3,BORR,Control,rgr_l_AM,0.0316396533229589
F3.DAUPUS.1,DAUPUS,Daucus pusillus,Native,Forb,Native,CalFlora,F3,1,F,3,BORR,Control,rgr_l_MJ,NA
F8.DAUPUS.1,DAUPUS,Daucus pusillus,Native,Forb,Native,CalFlora,F8,1,F,8,BORR,Control,rgr_l_FM,0.00899006476411815
F8.DAUPUS.1,DAUPUS,Daucus pusillus,Native,Forb,Native,CalFlora,F8,1,F,8,BORR,Control,rgr_l_MA,-0.00928006685328325
F8.DAUPUS.1,DAUPUS,Daucus pusillus,Native,Forb,Native,CalFlora,F8,1,F,8,BORR,Control,rgr_l_AM,0.02921716759955873
F8.DAUPUS.1,DAUPUS,Daucus pusillus,Native,Forb,Native,CalFlora,F8,1,F,8,BORR,Control,rgr_l_MJ,NA
H2.CLAPUR.1,CLAPUR,Clarkia purpurea,Native,Forb,Native,CalFlora,H2,3,H,2,ANGELO,Control,rgr_l_FM,0.03883783239761083
H2.CLAPUR.1,CLAPUR,Clarkia purpurea,Native,Forb,Native,CalFlora,H2,3,H,2,ANGELO,Control,rgr_l_MA,0.01621860432432658
H2.CLAPUR.1,CLAPUR,Clarkia purpurea,Native,Forb,Native,CalFlora,H2,3,H,2,ANGELO,Control,rgr_l_AM,-0.00544252564180999
H2.CLAPUR.1,CLAPUR,Clarkia purpurea,Native,Forb,Native,CalFlora,H2,3,H,2,ANGELO,Control,rgr_l_MJ,NA
B7.BROHOR.1,BROHOR,Bromus hordeaceaus,Non-native,Grass,Limited,Cal IPC,B7,2,B,7,BORR,Drought,rgr_l_FM,NA
B7.BROHOR.1,BROHOR,Bromus hordeaceaus,Non-native,Grass,Limited,Cal IPC,B7,2,B,7,BORR,Drought,rgr_l_MA,-0.0012517533652587
B7.BROHOR.1,BROHOR,Bromus hordeaceaus,Non-native,Grass,Limited,Cal IPC,B7,2,B,7,BORR,Drought,rgr_l_AM,NA
B7.BROHOR.1,BROHOR,Bromus hordeaceaus,Non-native,Grass,Limited,Cal IPC,B7,2,B,7,BORR,Drought,rgr_l_MJ,NA
B7.DAUPUS.1,DAUPUS,Daucus pusillus,Native,Forb,Native,CalFlora,B7,2,B,7,BORR,Drought,rgr_l_FM,0.00769460521773137
B7.DAUPUS.1,DAUPUS,Daucus pusillus,Native,Forb,Native,CalFlora,B7,2,B,7,BORR,Drought,rgr_l_MA,0
B7.DAUPUS.1,DAUPUS,Daucus pusillus,Native,Forb,Native,CalFlora,B7,2,B,7,BORR,Drought,rgr_l_AM,-0.00769460521773137
B7.DAUPUS.1,DAUPUS,Daucus pusillus,Native,Forb,Native,CalFlora,B7,2,B,7,BORR,Drought,rgr_l_MJ,NA
B4.BRODIA.1,BRODIA,Bromus diandrus,Non-native,Grass,Moderate,Cal IPC,B4,2,B,4,ANGELO,Drought,rgr_l_FM,NA
B4.BRODIA.1,BRODIA,Bromus diandrus,Non-native,Grass,Moderate,Cal IPC,B4,2,B,4,ANGELO,Drought,rgr_l_MA,NA
B4.BRODIA.1,BRODIA,Bromus diandrus,Non-native,Grass,Moderate,Cal IPC,B4,2,B,4,ANGELO,Drought,rgr_l_AM,NA
B4.BRODIA.1,BRODIA,Bromus diandrus,Non-native,Grass,Moderate,Cal IPC,B4,2,B,4,ANGELO,Drought,rgr_l_MJ,NA
B4.MADGRA.1,MADGRA,Madia gracilis,Native,Forb,Native,CalFlora,B4,2,B,4,ANGELO,Drought,rgr_l_FM,0.03327865158770991
B4.MADGRA.1,MADGRA,Madia gracilis,Native,Forb,Native,CalFlora,B4,2,B,4,ANGELO,Drought,rgr_l_MA,0.05129698550020041
B4.MADGRA.1,MADGRA,Madia gracilis,Native,Forb,Native,CalFlora,B4,2,B,4,ANGELO,Drought,rgr_l_AM,0.01460374885291278
B4.MADGRA.1,MADGRA,Madia gracilis,Native,Forb,Native,CalFlora,B4,2,B,4,ANGELO,Drought,rgr_l_MJ,NA
J3.AVEBAR.1,AVEBAR,Avena barbata,Non-native,Grass,Moderate,Cal IPC,J3,5,J,3,MCL,Drought,rgr_l_FM,0.08934368886028375
J3.AVEBAR.1,AVEBAR,Avena barbata,Non-native,Grass,Moderate,Cal IPC,J3,5,J,3,MCL,Drought,rgr_l_MA,-0.0084979286088638
J3.AVEBAR.1,AVEBAR,Avena barbata,Non-native,Grass,Moderate,Cal IPC,J3,5,J,3,MCL,Drought,rgr_l_AM,-0.02848506843913548
J3.AVEBAR.1,AVEBAR,Avena barbata,Non-native,Grass,Moderate,Cal IPC,J3,5,J,3,MCL,Drought,rgr_l_MJ,NA
J2.BRODIA.1,BRODIA,Bromus diandrus,Non-native,Grass,Moderate,Cal IPC,J2,5,J,2,ANGELO,Drought,rgr_l_FM,NA
J2.BRODIA.1,BRODIA,Bromus diandrus,Non-native,Grass,Moderate,Cal IPC,J2,5,J,2,ANGELO,Drought,rgr_l_MA,0.01567124254211728
J2.BRODIA.1,BRODIA,Bromus diandrus,Non-native,Grass,Moderate,Cal IPC,J2,5,J,2,ANGELO,Drought,rgr_l_AM,-0.03920880340414717
J2.BRODIA.1,BRODIA,Bromus diandrus,Non-native,Grass,Moderate,Cal IPC,J2,5,J,2,ANGELO,Drought,rgr_l_MJ,NA
I4.AVEBAR.1,AVEBAR,Avena barbata,Non-native,Grass,Moderate,Cal IPC,I4,4,I,4,BORR,Drought,rgr_l_FM,NA
I4.AVEBAR.1,AVEBAR,Avena barbata,Non-native,Grass,Moderate,Cal IPC,I4,4,I,4,BORR,Drought,rgr_l_MA,-0.00730046409942204
I4.AVEBAR.1,AVEBAR,Avena barbata,Non-native,Grass,Moderate,Cal IPC,I4,4,I,4,BORR,Drought,rgr_l_AM,-0.00159021239030222
I4.AVEBAR.1,AVEBAR,Avena barbata,Non-native,Grass,Moderate,Cal IPC,I4,4,I,4,BORR,Drought,rgr_l_MJ,NA
C2.STIPUL.1,STIPUL,Stipa pulchra,Native,Grass,Native,CalFlora,C2,3,C,2,SEDG,Drought,rgr_l_FM,NA
C2.STIPUL.1,STIPUL,Stipa pulchra,Native,Grass,Native,CalFlora,C2,3,C,2,SEDG,Drought,rgr_l_MA,0.01702752079219968
C2.STIPUL.1,STIPUL,Stipa pulchra,Native,Grass,Native,CalFlora,C2,3,C,2,SEDG,Drought,rgr_l_AM,-0.00921511609336736
C2.STIPUL.1,STIPUL,Stipa pulchra,Native,Grass,Native,CalFlora,C2,3,C,2,SEDG,Drought,rgr_l_MJ,0.02385088871224495
D3.ESCCAL.1,ESCCAL,Eschscholzia californica,Native,Forb,Native,CalFlora,D3,4,D,3,WWP,Control,rgr_l_FM,0.01049457057869963
D3.ESCCAL.1,ESCCAL,Eschscholzia californica,Native,Forb,Native,CalFlora,D3,4,D,3,WWP,Control,rgr_l_MA,-0.06239340589671971
D3.ESCCAL.1,ESCCAL,Eschscholzia californica,Native,Forb,Native,CalFlora,D3,4,D,3,WWP,Control,rgr_l_AM,NA
D3.ESCCAL.1,ESCCAL,Eschscholzia californica,Native,Forb,Native,CalFlora,D3,4,D,3,WWP,Control,rgr_l_MJ,NA
E2.LUPMIC.1,LUPMIC,Lupinus microcarpus,Native,Forb,Native,CalFlora,E2,5,E,2,WWP,Control,rgr_l_FM,0.01106469509429926
E2.LUPMIC.1,LUPMIC,Lupinus microcarpus,Native,Forb,Native,CalFlora,E2,5,E,2,WWP,Control,rgr_l_MA,0.02982749784436567
E2.LUPMIC.1,LUPMIC,Lupinus microcarpus,Native,Forb,Native,CalFlora,E2,5,E,2,WWP,Control,rgr_l_AM,0.04633119402512651
E2.LUPMIC.1,LUPMIC,Lupinus microcarpus,Native,Forb,Native,CalFlora,E2,5,E,2,WWP,Control,rgr_l_MJ,NA
I3.LUPMIC.1,LUPMIC,Lupinus microcarpus,Native,Forb,Native,CalFlora,I3,4,I,3,WWP,Drought,rgr_l_FM,NA
I3.LUPMIC.1,LUPMIC,Lupinus microcarpus,Native,Forb,Native,CalFlora,I3,4,I,3,WWP,Drought,rgr_l_MA,NA
I3.LUPMIC.1,LUPMIC,Lupinus microcarpus,Native,Forb,Native,CalFlora,I3,4,I,3,WWP,Drought,rgr_l_AM,NA
I3.LUPMIC.1,LUPMIC,Lupinus microcarpus,Native,Forb,Native,CalFlora,I3,4,I,3,WWP,Drought,rgr_l_MJ,NA
I6.GALPAR.1,GALPAR,Galium parisiense,Non-native,Forb,Non-native,CalFlora,I6,4,I,6,ANGELO,Drought,rgr_l_FM,0.04860630546912858
I6.GALPAR.1,GALPAR,Galium parisiense,Non-native,Forb,Non-native,CalFlora,I6,4,I,6,ANGELO,Drought,rgr_l_MA,0.03662040962227033
I6.GALPAR.1,GALPAR,Galium parisiense,Non-native,Forb,Non-native,CalFlora,I6,4,I,6,ANGELO,Drought,rgr_l_AM,-0.02943477739776446
I6.GALPAR.1,GALPAR,Galium parisiense,Non-native,Forb,Non-native,CalFlora,I6,4,I,6,ANGELO,Drought,rgr_l_MJ,NA
J4.EROCIC.1,EROCIC,Erodium cicutarium,Non-native,Forb,Non-native,CalFlora,J4,5,J,4,WWP,Drought,rgr_l_FM,0
J4.EROCIC.1,EROCIC,Erodium cicutarium,Non-native,Forb,Non-native,CalFlora,J4,5,J,4,WWP,Drought,rgr_l_MA,-0.03914884276548025
J4.EROCIC.1,EROCIC,Erodium cicutarium,Non-native,Forb,Non-native,CalFlora,J4,5,J,4,WWP,Drought,rgr_l_AM,0.01777300462974218
J4.EROCIC.1,EROCIC,Erodium cicutarium,Non-native,Forb,Non-native,CalFlora,J4,5,J,4,WWP,Drought,rgr_l_MJ,NA
E2.PHATAN.1A,PHATAN,Phacelia tanacetifolia,Native,Forb,Native,CalFlora,E2,5,E,2,WWP,Control,rgr_l_FM,NA
E2.PHATAN.1A,PHATAN,Phacelia tanacetifolia,Native,Forb,Native,CalFlora,E2,5,E,2,WWP,Control,rgr_l_MA,NA
E2.PHATAN.1A,PHATAN,Phacelia tanacetifolia,Native,Forb,Native,CalFlora,E2,5,E,2,WWP,Control,rgr_l_AM,NA
E2.PHATAN.1A,PHATAN,Phacelia tanacetifolia,Native,Forb,Native,CalFlora,E2,5,E,2,WWP,Control,rgr_l_MJ,NA
A4.ESCCAL.1,ESCCAL,Eschscholzia californica,Native,Forb,Native,CalFlora,A4,1,A,4,WWP,Drought,rgr_l_FM,0.00992007146385451
A4.ESCCAL.1,ESCCAL,Eschscholzia californica,Native,Forb,Native,CalFlora,A4,1,A,4,WWP,Drought,rgr_l_MA,NA
A4.ESCCAL.1,ESCCAL,Eschscholzia californica,Native,Forb,Native,CalFlora,A4,1,A,4,WWP,Drought,rgr_l_AM,NA
A4.ESCCAL.1,ESCCAL,Eschscholzia californica,Native,Forb,Native,CalFlora,A4,1,A,4,WWP,Drought,rgr_l_MJ,NA
J8.EROCIC.1,EROCIC,Erodium cicutarium,Non-native,Forb,Non-native,CalFlora,J8,5,J,8,SEDG,Drought,rgr_l_FM,0.01880014516982942
J8.EROCIC.1,EROCIC,Erodium cicutarium,Non-native,Forb,Non-native,CalFlora,J8,5,J,8,SEDG,Drought,rgr_l_MA,0
J8.EROCIC.1,EROCIC,Erodium cicutarium,Non-native,Forb,Non-native,CalFlora,J8,5,J,8,SEDG,Drought,rgr_l_AM,-0.05331901388922656
J8.EROCIC.1,EROCIC,Erodium cicutarium,Non-native,Forb,Non-native,CalFlora,J8,5,J,8,SEDG,Drought,rgr_l_MJ,NA
G7.DAUPUS.1,DAUPUS,Daucus pusillus,Native,Forb,Native,CalFlora,G7,2,G,7,ANGELO,Control,rgr_l_FM,0.0316396533229589
G7.DAUPUS.1,DAUPUS,Daucus pusillus,Native,Forb,Native,CalFlora,G7,2,G,7,ANGELO,Control,rgr_l_MA,0.01867337753006542
G7.DAUPUS.1,DAUPUS,Daucus pusillus,Native,Forb,Native,CalFlora,G7,2,G,7,ANGELO,Control,rgr_l_AM,0.0358944596638366
G7.DAUPUS.1,DAUPUS,Daucus pusillus,Native,Forb,Native,CalFlora,G7,2,G,7,ANGELO,Control,rgr_l_MJ,NA
J4.BROARE.1,BROARE,Bromus arenarius,Non-native,Grass,Non-native,CalFlora,J4,5,J,4,WWP,Drought,rgr_l_FM,NA
J4.BROARE.1,BROARE,Bromus arenarius,Non-native,Grass,Non-native,CalFlora,J4,5,J,4,WWP,Drought,rgr_l_MA,0.02516640508224435
J4.BROARE.1,BROARE,Bromus arenarius,Non-native,Grass,Non-native,CalFlora,J4,5,J,4,WWP,Drought,rgr_l_AM,-0.0352041051797895
J4.BROARE.1,BROARE,Bromus arenarius,Non-native,Grass,Non-native,CalFlora,J4,5,J,4,WWP,Drought,rgr_l_MJ,NA
A3.EROBOT.1,EROBOT,Erodium botrys,Non-native,Forb,Non-native,CalFlora,A3,1,A,3,BORR,Drought,rgr_l_FM,0.01398155545200566
A3.EROBOT.1,EROBOT,Erodium botrys,Non-native,Forb,Non-native,CalFlora,A3,1,A,3,BORR,Drought,rgr_l_MA,0.03587182112146716
A3.EROBOT.1,EROBOT,Erodium botrys,Non-native,Forb,Non-native,CalFlora,A3,1,A,3,BORR,Drought,rgr_l_AM,-0.00395258153403225
A3.EROBOT.1,EROBOT,Erodium botrys,Non-native,Forb,Non-native,CalFlora,A3,1,A,3,BORR,Drought,rgr_l_MJ,NA
E1.ESCCAL.1,ESCCAL,Eschscholzia californica,Native,Forb,Native,CalFlora,E1,5,E,1,ANGELO,Control,rgr_l_FM,0.02260717941931228
E1.ESCCAL.1,ESCCAL,Eschscholzia californica,Native,Forb,Native,CalFlora,E1,5,E,1,ANGELO,Control,rgr_l_MA,-0.00930794178818171
E1.ESCCAL.1,ESCCAL,Eschscholzia californica,Native,Forb,Native,CalFlora,E1,5,E,1,ANGELO,Control,rgr_l_AM,NA
E1.ESCCAL.1,ESCCAL,Eschscholzia californica,Native,Forb,Native,CalFlora,E1,5,E,1,ANGELO,Control,rgr_l_MJ,NA
E8.CLAPUR.1,CLAPUR,Clarkia purpurea,Native,Forb,Native,CalFlora,E8,5,E,8,BORR,Control,rgr_l_FM,0.0476297781170488
E8.CLAPUR.1,CLAPUR,Clarkia purpurea,Native,Forb,Native,CalFlora,E8,5,E,8,BORR,Control,rgr_l_MA,0.0230533350251906
E8.CLAPUR.1,CLAPUR,Clarkia purpurea,Native,Forb,Native,CalFlora,E8,5,E,8,BORR,Control,rgr_l_AM,-0.02801991580946006
E8.CLAPUR.1,CLAPUR,Clarkia purpurea,Native,Forb,Native,CalFlora,E8,5,E,8,BORR,Control,rgr_l_MJ,NA
G6.MADGRA.1,MADGRA,Madia gracilis,Native,Forb,Native,CalFlora,G6,2,G,6,ANGELO,Control,rgr_l_FM,0.04571180708989176
G6.MADGRA.1,MADGRA,Madia gracilis,Native,Forb,Native,CalFlora,G6,2,G,6,ANGELO,Control,rgr_l_MA,0.06047679387514428
G6.MADGRA.1,MADGRA,Madia gracilis,Native,Forb,Native,CalFlora,G6,2,G,6,ANGELO,Control,rgr_l_AM,NA
G6.MADGRA.1,MADGRA,Madia gracilis,Native,Forb,Native,CalFlora,G6,2,G,6,ANGELO,Control,rgr_l_MJ,NA
I5.MADGRA.1,MADGRA,Madia gracilis,Native,Forb,Native,CalFlora,I5,4,I,5,ANGELO,Drought,rgr_l_FM,0.02245030926508479
I5.MADGRA.1,MADGRA,Madia gracilis,Native,Forb,Native,CalFlora,I5,4,I,5,ANGELO,Drought,rgr_l_MA,0.04887790229311422
I5.MADGRA.1,MADGRA,Madia gracilis,Native,Forb,Native,CalFlora,I5,4,I,5,ANGELO,Drought,rgr_l_AM,0.05144445194291482
I5.MADGRA.1,MADGRA,Madia gracilis,Native,Forb,Native,CalFlora,I5,4,I,5,ANGELO,Drought,rgr_l_MJ,NA
I6.MADGRA.1,MADGRA,Madia gracilis,Native,Forb,Native,CalFlora,I6,4,I,6,ANGELO,Drought,rgr_l_FM,0.02475525644856948
I6.MADGRA.1,MADGRA,Madia gracilis,Native,Forb,Native,CalFlora,I6,4,I,6,ANGELO,Drought,rgr_l_MA,0.04620981203732968
I6.MADGRA.1,MADGRA,Madia gracilis,Native,Forb,Native,CalFlora,I6,4,I,6,ANGELO,Drought,rgr_l_AM,0.04870653998116711
I6.MADGRA.1,MADGRA,Madia gracilis,Native,Forb,Native,CalFlora,I6,4,I,6,ANGELO,Drought,rgr_l_MJ,NA
I8.MADGRA.1,MADGRA,Madia gracilis,Native,Forb,Native,CalFlora,I8,4,I,8,ANGELO,Drought,rgr_l_FM,0.03612860398851715
I8.MADGRA.1,MADGRA,Madia gracilis,Native,Forb,Native,CalFlora,I8,4,I,8,ANGELO,Drought,rgr_l_MA,0.03054302439580517
I8.MADGRA.1,MADGRA,Madia gracilis,Native,Forb,Native,CalFlora,I8,4,I,8,ANGELO,Drought,rgr_l_AM,0.0544745908620756
I8.MADGRA.1,MADGRA,Madia gracilis,Native,Forb,Native,CalFlora,I8,4,I,8,ANGELO,Drought,rgr_l_MJ,NA
I2.ESCCAL.1,ESCCAL,Eschscholzia californica,Native,Forb,Native,CalFlora,I2,4,I,2,SEDG,Drought,rgr_l_FM,0.04812159200482448
I2.ESCCAL.1,ESCCAL,Eschscholzia californica,Native,Forb,Native,CalFlora,I2,4,I,2,SEDG,Drought,rgr_l_MA,0.00522044014572394
I2.ESCCAL.1,ESCCAL,Eschscholzia californica,Native,Forb,Native,CalFlora,I2,4,I,2,SEDG,Drought,rgr_l_AM,0.03695254775932534
I2.ESCCAL.1,ESCCAL,Eschscholzia californica,Native,Forb,Native,CalFlora,I2,4,I,2,SEDG,Drought,rgr_l_MJ,0.05225307521521034
B7.VICSAT.1,VICSAT,Vicia sativa,Non-native,Forb,Non-native,CalFlora,B7,2,B,7,BORR,Drought,rgr_l_FM,0.01201057566442123
B7.VICSAT.1,VICSAT,Vicia sativa,Non-native,Forb,Non-native,CalFlora,B7,2,B,7,BORR,Drought,rgr_l_MA,0.02863085722688539
B7.VICSAT.1,VICSAT,Vicia sativa,Non-native,Forb,Non-native,CalFlora,B7,2,B,7,BORR,Drought,rgr_l_AM,NA
B7.VICSAT.1,VICSAT,Vicia sativa,Non-native,Forb,Non-native,CalFlora,B7,2,B,7,BORR,Drought,rgr_l_MJ,NA
I6.BRODIA.1,BRODIA,Bromus diandrus,Non-native,Grass,Moderate,Cal IPC,I6,4,I,6,ANGELO,Drought,rgr_l_FM,NA
I6.BRODIA.1,BRODIA,Bromus diandrus,Non-native,Grass,Moderate,Cal IPC,I6,4,I,6,ANGELO,Drought,rgr_l_MA,0.01901816194892044
I6.BRODIA.1,BRODIA,Bromus diandrus,Non-native,Grass,Moderate,Cal IPC,I6,4,I,6,ANGELO,Drought,rgr_l_AM,-0.03457287096117632
I6.BRODIA.1,BRODIA,Bromus diandrus,Non-native,Grass,Moderate,Cal IPC,I6,4,I,6,ANGELO,Drought,rgr_l_MJ,NA
G5.TRIHIR.1,TRIHIR,Trifolium hirtum,Non-native,Forb,Limited,Cal IPC,G5,2,G,5,MCL,Control,rgr_l_FM,0.03543910608606806
G5.TRIHIR.1,TRIHIR,Trifolium hirtum,Non-native,Forb,Limited,Cal IPC,G5,2,G,5,MCL,Control,rgr_l_MA,0.00771810367162119
G5.TRIHIR.1,TRIHIR,Trifolium hirtum,Non-native,Forb,Limited,Cal IPC,G5,2,G,5,MCL,Control,rgr_l_AM,0.00379668374234468
G5.TRIHIR.1,TRIHIR,Trifolium hirtum,Non-native,Forb,Limited,Cal IPC,G5,2,G,5,MCL,Control,rgr_l_MJ,NA
D2.CLAPUR.1,CLAPUR,Clarkia purpurea,Native,Forb,Native,CalFlora,D2,4,D,2,BORR,Control,rgr_l_FM,0.0574033810115729
D2.CLAPUR.1,CLAPUR,Clarkia purpurea,Native,Forb,Native,CalFlora,D2,4,D,2,BORR,Control,rgr_l_MA,0.05412075158086858
D2.CLAPUR.1,CLAPUR,Clarkia purpurea,Native,Forb,Native,CalFlora,D2,4,D,2,BORR,Control,rgr_l_AM,-0.01925985739000756
D2.CLAPUR.1,CLAPUR,Clarkia purpurea,Native,Forb,Native,CalFlora,D2,4,D,2,BORR,Control,rgr_l_MJ,NA
D6.CLAPUR.1,CLAPUR,Clarkia purpurea,Native,Forb,Native,CalFlora,D6,4,D,6,BORR,Control,rgr_l_FM,0.05287023359929277
D6.CLAPUR.1,CLAPUR,Clarkia purpurea,Native,Forb,Native,CalFlora,D6,4,D,6,BORR,Control,rgr_l_MA,0.02808415272115153
D6.CLAPUR.1,CLAPUR,Clarkia purpurea,Native,Forb,Native,CalFlora,D6,4,D,6,BORR,Control,rgr_l_AM,-0.00312765197144837
D6.CLAPUR.1,CLAPUR,Clarkia purpurea,Native,Forb,Native,CalFlora,D6,4,D,6,BORR,Control,rgr_l_MJ,NA
B5.EROBOT.1,EROBOT,Erodium botrys,Non-native,Forb,Non-native,CalFlora,B5,2,B,5,MCL,Drought,rgr_l_FM,0.01761467668158588
B5.EROBOT.1,EROBOT,Erodium botrys,Non-native,Forb,Non-native,CalFlora,B5,2,B,5,MCL,Drought,rgr_l_MA,0.03279828207703884
B5.EROBOT.1,EROBOT,Erodium botrys,Non-native,Forb,Non-native,CalFlora,B5,2,B,5,MCL,Drought,rgr_l_AM,0.03680301243301753
B5.EROBOT.1,EROBOT,Erodium botrys,Non-native,Forb,Non-native,CalFlora,B5,2,B,5,MCL,Drought,rgr_l_MJ,NA
C5.EROBOT.1,EROBOT,Erodium botrys,Non-native,Forb,Non-native,CalFlora,C5,3,C,5,BORR,Drought,rgr_l_FM,0.01636417601033477
C5.EROBOT.1,EROBOT,Erodium botrys,Non-native,Forb,Non-native,CalFlora,C5,3,C,5,BORR,Drought,rgr_l_MA,0.03788318236786586
C5.EROBOT.1,EROBOT,Erodium botrys,Non-native,Forb,Non-native,CalFlora,C5,3,C,5,BORR,Drought,rgr_l_AM,0.03865767970062041
C5.EROBOT.1,EROBOT,Erodium botrys,Non-native,Forb,Non-native,CalFlora,C5,3,C,5,BORR,Drought,rgr_l_MJ,NA
D1.CLAPUR.1,CLAPUR,Clarkia purpurea,Native,Forb,Native,CalFlora,D1,4,D,1,ANGELO,Control,rgr_l_FM,0.05296208208970677
D1.CLAPUR.1,CLAPUR,Clarkia purpurea,Native,Forb,Native,CalFlora,D1,4,D,1,ANGELO,Control,rgr_l_MA,0.01501052247578389
D1.CLAPUR.1,CLAPUR,Clarkia purpurea,Native,Forb,Native,CalFlora,D1,4,D,1,ANGELO,Control,rgr_l_AM,0.01161661084869689
D1.CLAPUR.1,CLAPUR,Clarkia purpurea,Native,Forb,Native,CalFlora,D1,4,D,1,ANGELO,Control,rgr_l_MJ,NA
E1.CLAPUR.1,CLAPUR,Clarkia purpurea,Native,Forb,Native,CalFlora,E1,5,E,1,ANGELO,Control,rgr_l_FM,0.04797915062560287
E1.CLAPUR.1,CLAPUR,Clarkia purpurea,Native,Forb,Native,CalFlora,E1,5,E,1,ANGELO,Control,rgr_l_MA,0.05699718992986824
E1.CLAPUR.1,CLAPUR,Clarkia purpurea,Native,Forb,Native,CalFlora,E1,5,E,1,ANGELO,Control,rgr_l_AM,-0.01005702408282748
E1.CLAPUR.1,CLAPUR,Clarkia purpurea,Native,Forb,Native,CalFlora,E1,5,E,1,ANGELO,Control,rgr_l_MJ,NA
E3.CLAPUR.1,CLAPUR,Clarkia purpurea,Native,Forb,Native,CalFlora,E3,5,E,3,ANGELO,Control,rgr_l_FM,0.04756779335188181
E3.CLAPUR.1,CLAPUR,Clarkia purpurea,Native,Forb,Native,CalFlora,E3,5,E,3,ANGELO,Control,rgr_l_MA,0.03935397244104441
E3.CLAPUR.1,CLAPUR,Clarkia purpurea,Native,Forb,Native,CalFlora,E3,5,E,3,ANGELO,Control,rgr_l_AM,0.00245869670826289
E3.CLAPUR.1,CLAPUR,Clarkia purpurea,Native,Forb,Native,CalFlora,E3,5,E,3,ANGELO,Control,rgr_l_MJ,NA
F1.CLAPUR.1,CLAPUR,Clarkia purpurea,Native,Forb,Native,CalFlora,F1,1,F,1,ANGELO,Control,rgr_l_FM,0.03964097892073459
F1.CLAPUR.1,CLAPUR,Clarkia purpurea,Native,Forb,Native,CalFlora,F1,1,F,1,ANGELO,Control,rgr_l_MA,0.0354013375532076
F1.CLAPUR.1,CLAPUR,Clarkia purpurea,Native,Forb,Native,CalFlora,F1,1,F,1,ANGELO,Control,rgr_l_AM,0.00103140516180792
F1.CLAPUR.1,CLAPUR,Clarkia purpurea,Native,Forb,Native,CalFlora,F1,1,F,1,ANGELO,Control,rgr_l_MJ,NA
D4.CLAPUR.1,CLAPUR,Clarkia purpurea,Native,Forb,Native,CalFlora,D4,4,D,4,MCL,Control,rgr_l_FM,0.05607194190623423
D4.CLAPUR.1,CLAPUR,Clarkia purpurea,Native,Forb,Native,CalFlora,D4,4,D,4,MCL,Control,rgr_l_MA,0.04595241050086602
D4.CLAPUR.1,CLAPUR,Clarkia purpurea,Native,Forb,Native,CalFlora,D4,4,D,4,MCL,Control,rgr_l_AM,-0.0017477602931016
D4.CLAPUR.1,CLAPUR,Clarkia purpurea,Native,Forb,Native,CalFlora,D4,4,D,4,MCL,Control,rgr_l_MJ,NA
B2.CLAPUR.1,CLAPUR,Clarkia purpurea,Native,Forb,Native,CalFlora,B2,2,B,2,MCL,Drought,rgr_l_FM,0.0362007629137475
B2.CLAPUR.1,CLAPUR,Clarkia purpurea,Native,Forb,Native,CalFlora,B2,2,B,2,MCL,Drought,rgr_l_MA,0.05806639587234678
B2.CLAPUR.1,CLAPUR,Clarkia purpurea,Native,Forb,Native,CalFlora,B2,2,B,2,MCL,Drought,rgr_l_AM,-0.00895449717398174
B2.CLAPUR.1,CLAPUR,Clarkia purpurea,Native,Forb,Native,CalFlora,B2,2,B,2,MCL,Drought,rgr_l_MJ,NA
C3.CLAPUR.1,CLAPUR,Clarkia purpurea,Native,Forb,Native,CalFlora,C3,3,C,3,ANGELO,Drought,rgr_l_FM,0.05331901388922655
C3.CLAPUR.1,CLAPUR,Clarkia purpurea,Native,Forb,Native,CalFlora,C3,3,C,3,ANGELO,Drought,rgr_l_MA,0.05248193978460248
C3.CLAPUR.1,CLAPUR,Clarkia purpurea,Native,Forb,Native,CalFlora,C3,3,C,3,ANGELO,Drought,rgr_l_AM,0.00542673396505085
C3.CLAPUR.1,CLAPUR,Clarkia purpurea,Native,Forb,Native,CalFlora,C3,3,C,3,ANGELO,Drought,rgr_l_MJ,NA
A8.CLAPUR.1,CLAPUR,Clarkia purpurea,Native,Forb,Native,CalFlora,A8,1,A,8,MCL,Drought,rgr_l_FM,0.0370522323134155
A8.CLAPUR.1,CLAPUR,Clarkia purpurea,Native,Forb,Native,CalFlora,A8,1,A,8,MCL,Drought,rgr_l_MA,0.037644090633241
A8.CLAPUR.1,CLAPUR,Clarkia purpurea,Native,Forb,Native,CalFlora,A8,1,A,8,MCL,Drought,rgr_l_AM,0.00857222975574286
A8.CLAPUR.1,CLAPUR,Clarkia purpurea,Native,Forb,Native,CalFlora,A8,1,A,8,MCL,Drought,rgr_l_MJ,NA
B5.CLAPUR.1,CLAPUR,Clarkia purpurea,Native,Forb,Native,CalFlora,B5,2,B,5,MCL,Drought,rgr_l_FM,0.03215092653881998
B5.CLAPUR.1,CLAPUR,Clarkia purpurea,Native,Forb,Native,CalFlora,B5,2,B,5,MCL,Drought,rgr_l_MA,0.04512786650232442
B5.CLAPUR.1,CLAPUR,Clarkia purpurea,Native,Forb,Native,CalFlora,B5,2,B,5,MCL,Drought,rgr_l_AM,-0.00740281251034259
B5.CLAPUR.1,CLAPUR,Clarkia purpurea,Native,Forb,Native,CalFlora,B5,2,B,5,MCL,Drought,rgr_l_MJ,NA
I6.CLAPUR.1,CLAPUR,Clarkia purpurea,Native,Forb,Native,CalFlora,I6,4,I,6,ANGELO,Drought,rgr_l_FM,0.05331800343493388
I6.CLAPUR.1,CLAPUR,Clarkia purpurea,Native,Forb,Native,CalFlora,I6,4,I,6,ANGELO,Drought,rgr_l_MA,0.04181222726924476
I6.CLAPUR.1,CLAPUR,Clarkia purpurea,Native,Forb,Native,CalFlora,I6,4,I,6,ANGELO,Drought,rgr_l_AM,-0.05172589129673922
I6.CLAPUR.1,CLAPUR,Clarkia purpurea,Native,Forb,Native,CalFlora,I6,4,I,6,ANGELO,Drought,rgr_l_MJ,NA
F4.CLAPUR.1,CLAPUR,Clarkia purpurea,Native,Forb,Native,CalFlora,F4,1,F,4,MCL,Control,rgr_l_FM,0.04019409070509087
F4.CLAPUR.1,CLAPUR,Clarkia purpurea,Native,Forb,Native,CalFlora,F4,1,F,4,MCL,Control,rgr_l_MA,0.05063307979911016
F4.CLAPUR.1,CLAPUR,Clarkia purpurea,Native,Forb,Native,CalFlora,F4,1,F,4,MCL,Control,rgr_l_AM,0.00215973676994238
F4.CLAPUR.1,CLAPUR,Clarkia purpurea,Native,Forb,Native,CalFlora,F4,1,F,4,MCL,Control,rgr_l_MJ,NA
H6.CLAPUR.1,CLAPUR,Clarkia purpurea,Native,Forb,Native,CalFlora,H6,3,H,6,ANGELO,Control,rgr_l_FM,0.0567050941145927
H6.CLAPUR.1,CLAPUR,Clarkia purpurea,Native,Forb,Native,CalFlora,H6,3,H,6,ANGELO,Control,rgr_l_MA,0.02840966455676984
H6.CLAPUR.1,CLAPUR,Clarkia purpurea,Native,Forb,Native,CalFlora,H6,3,H,6,ANGELO,Control,rgr_l_AM,0.00268171829355159
H6.CLAPUR.1,CLAPUR,Clarkia purpurea,Native,Forb,Native,CalFlora,H6,3,H,6,ANGELO,Control,rgr_l_MJ,NA
I2.EROCIC.1,EROCIC,Erodium cicutarium,Non-native,Forb,Non-native,CalFlora,I2,4,I,2,SEDG,Drought,rgr_l_FM,0.02747916091590285
I2.EROCIC.1,EROCIC,Erodium cicutarium,Non-native,Forb,Non-native,CalFlora,I2,4,I,2,SEDG,Drought,rgr_l_MA,0.04405702682906513
I2.EROCIC.1,EROCIC,Erodium cicutarium,Non-native,Forb,Non-native,CalFlora,I2,4,I,2,SEDG,Drought,rgr_l_AM,0.04075380292054161
I2.EROCIC.1,EROCIC,Erodium cicutarium,Non-native,Forb,Non-native,CalFlora,I2,4,I,2,SEDG,Drought,rgr_l_MJ,NA
A2.EROCIC.1,EROCIC,Erodium cicutarium,Non-native,Forb,Non-native,CalFlora,A2,1,A,2,WWP,Drought,rgr_l_FM,0.02645707423150576
A2.EROCIC.1,EROCIC,Erodium cicutarium,Non-native,Forb,Non-native,CalFlora,A2,1,A,2,WWP,Drought,rgr_l_MA,0.04460050104721373
A2.EROCIC.1,EROCIC,Erodium cicutarium,Non-native,Forb,Non-native,CalFlora,A2,1,A,2,WWP,Drought,rgr_l_AM,0.04642832193514112
A2.EROCIC.1,EROCIC,Erodium cicutarium,Non-native,Forb,Non-native,CalFlora,A2,1,A,2,WWP,Drought,rgr_l_MJ,NA
B3.ESCCAL.1,ESCCAL,Eschscholzia californica,Native,Forb,Native,CalFlora,B3,2,B,3,SEDG,Drought,rgr_l_FM,0.02213289262663428
B3.ESCCAL.1,ESCCAL,Eschscholzia californica,Native,Forb,Native,CalFlora,B3,2,B,3,SEDG,Drought,rgr_l_MA,0.03917561626429778
B3.ESCCAL.1,ESCCAL,Eschscholzia californica,Native,Forb,Native,CalFlora,B3,2,B,3,SEDG,Drought,rgr_l_AM,0.05508245740812451
B3.ESCCAL.1,ESCCAL,Eschscholzia californica,Native,Forb,Native,CalFlora,B3,2,B,3,SEDG,Drought,rgr_l_MJ,-0.00236815647009796
I7.CLAPUR.1,CLAPUR,Clarkia purpurea,Native,Forb,Native,CalFlora,I7,4,I,7,MCL,Drought,rgr_l_FM,0.0447415345891203
I7.CLAPUR.1,CLAPUR,Clarkia purpurea,Native,Forb,Native,CalFlora,I7,4,I,7,MCL,Drought,rgr_l_MA,0.04064315133893315
I7.CLAPUR.1,CLAPUR,Clarkia purpurea,Native,Forb,Native,CalFlora,I7,4,I,7,MCL,Drought,rgr_l_AM,0.00977623132825154
I7.CLAPUR.1,CLAPUR,Clarkia purpurea,Native,Forb,Native,CalFlora,I7,4,I,7,MCL,Drought,rgr_l_MJ,NA
J8.CENMEL.1,CENMEL,Centaurea melitensis,Non-native,Forb,Moderate,Cal IPC,J8,5,J,8,SEDG,Drought,rgr_l_FM,0.01767331009116155
J8.CENMEL.1,CENMEL,Centaurea melitensis,Non-native,Forb,Moderate,Cal IPC,J8,5,J,8,SEDG,Drought,rgr_l_MA,0.01934497526269449
J8.CENMEL.1,CENMEL,Centaurea melitensis,Non-native,Forb,Moderate,Cal IPC,J8,5,J,8,SEDG,Drought,rgr_l_AM,0.09329902194651514
J8.CENMEL.1,CENMEL,Centaurea melitensis,Non-native,Forb,Moderate,Cal IPC,J8,5,J,8,SEDG,Drought,rgr_l_MJ,NA
J5.CENMEL.1,CENMEL,Centaurea melitensis,Non-native,Forb,Moderate,Cal IPC,J5,5,J,5,SEDG,Drought,rgr_l_FM,0.01942031263126804
J5.CENMEL.1,CENMEL,Centaurea melitensis,Non-native,Forb,Moderate,Cal IPC,J5,5,J,5,SEDG,Drought,rgr_l_MA,0.03004409897358202
J5.CENMEL.1,CENMEL,Centaurea melitensis,Non-native,Forb,Moderate,Cal IPC,J5,5,J,5,SEDG,Drought,rgr_l_AM,0.08998464848624817
J5.CENMEL.1,CENMEL,Centaurea melitensis,Non-native,Forb,Moderate,Cal IPC,J5,5,J,5,SEDG,Drought,rgr_l_MJ,NA
H7.CLAPUR.1,CLAPUR,Clarkia purpurea,Native,Forb,Native,CalFlora,H7,3,H,7,MCL,Control,rgr_l_FM,0.06119741886728648
H7.CLAPUR.1,CLAPUR,Clarkia purpurea,Native,Forb,Native,CalFlora,H7,3,H,7,MCL,Control,rgr_l_MA,0.05206212530659201
H7.CLAPUR.1,CLAPUR,Clarkia purpurea,Native,Forb,Native,CalFlora,H7,3,H,7,MCL,Control,rgr_l_AM,0.02674005219837976
H7.CLAPUR.1,CLAPUR,Clarkia purpurea,Native,Forb,Native,CalFlora,H7,3,H,7,MCL,Control,rgr_l_MJ,NA
F5.CLAPUR.1,CLAPUR,Clarkia purpurea,Native,Forb,Native,CalFlora,F5,1,F,5,MCL,Control,rgr_l_FM,0.03858576446852156
F5.CLAPUR.1,CLAPUR,Clarkia purpurea,Native,Forb,Native,CalFlora,F5,1,F,5,MCL,Control,rgr_l_MA,0.06780953195299276
F5.CLAPUR.1,CLAPUR,Clarkia purpurea,Native,Forb,Native,CalFlora,F5,1,F,5,MCL,Control,rgr_l_AM,0.02133110106532626
F5.CLAPUR.1,CLAPUR,Clarkia purpurea,Native,Forb,Native,CalFlora,F5,1,F,5,MCL,Control,rgr_l_MJ,NA
A5.CLAPUR.1,CLAPUR,Clarkia purpurea,Native,Forb,Native,CalFlora,A5,1,A,5,MCL,Drought,rgr_l_FM,0.04732096962569486
A5.CLAPUR.1,CLAPUR,Clarkia purpurea,Native,Forb,Native,CalFlora,A5,1,A,5,MCL,Drought,rgr_l_MA,0.07709543888942003
A5.CLAPUR.1,CLAPUR,Clarkia purpurea,Native,Forb,Native,CalFlora,A5,1,A,5,MCL,Drought,rgr_l_AM,0.00198796545388726
A5.CLAPUR.1,CLAPUR,Clarkia purpurea,Native,Forb,Native,CalFlora,A5,1,A,5,MCL,Drought,rgr_l_MJ,NA
B7.CLAPUR.1,CLAPUR,Clarkia purpurea,Native,Forb,Native,CalFlora,B7,2,B,7,BORR,Drought,rgr_l_FM,0.05738492455597748
B7.CLAPUR.1,CLAPUR,Clarkia purpurea,Native,Forb,Native,CalFlora,B7,2,B,7,BORR,Drought,rgr_l_MA,0.05264073926248052
B7.CLAPUR.1,CLAPUR,Clarkia purpurea,Native,Forb,Native,CalFlora,B7,2,B,7,BORR,Drought,rgr_l_AM,0.00221496160168194
B7.CLAPUR.1,CLAPUR,Clarkia purpurea,Native,Forb,Native,CalFlora,B7,2,B,7,BORR,Drought,rgr_l_MJ,NA
H4.CLAPUR.1,CLAPUR,Clarkia purpurea,Native,Forb,Native,CalFlora,H4,3,H,4,MCL,Control,rgr_l_FM,0.06530263756441318
H4.CLAPUR.1,CLAPUR,Clarkia purpurea,Native,Forb,Native,CalFlora,H4,3,H,4,MCL,Control,rgr_l_MA,0.03650040036136996
H4.CLAPUR.1,CLAPUR,Clarkia purpurea,Native,Forb,Native,CalFlora,H4,3,H,4,MCL,Control,rgr_l_AM,0.0194480655226999
H4.CLAPUR.1,CLAPUR,Clarkia purpurea,Native,Forb,Native,CalFlora,H4,3,H,4,MCL,Control,rgr_l_MJ,NA
J6.CLAPUR.1,CLAPUR,Clarkia purpurea,Native,Forb,Native,CalFlora,J6,5,J,6,MCL,Drought,rgr_l_FM,0.06539667990940341
J6.CLAPUR.1,CLAPUR,Clarkia purpurea,Native,Forb,Native,CalFlora,J6,5,J,6,MCL,Drought,rgr_l_MA,0.0527508808446038
J6.CLAPUR.1,CLAPUR,Clarkia purpurea,Native,Forb,Native,CalFlora,J6,5,J,6,MCL,Drought,rgr_l_AM,0.01289850785141339
J6.CLAPUR.1,CLAPUR,Clarkia purpurea,Native,Forb,Native,CalFlora,J6,5,J,6,MCL,Drought,rgr_l_MJ,NA
E7.CLAPUR.1,CLAPUR,Clarkia purpurea,Native,Forb,Native,CalFlora,E7,5,E,7,MCL,Control,rgr_l_FM,0.06521598494904433
E7.CLAPUR.1,CLAPUR,Clarkia purpurea,Native,Forb,Native,CalFlora,E7,5,E,7,MCL,Control,rgr_l_MA,0.05804437587978593
E7.CLAPUR.1,CLAPUR,Clarkia purpurea,Native,Forb,Native,CalFlora,E7,5,E,7,MCL,Control,rgr_l_AM,0.02322027487123863
E7.CLAPUR.1,CLAPUR,Clarkia purpurea,Native,Forb,Native,CalFlora,E7,5,E,7,MCL,Control,rgr_l_MJ,NA
G5.CLAPUR.1,CLAPUR,Clarkia purpurea,Native,Forb,Native,CalFlora,G5,2,G,5,MCL,Control,rgr_l_FM,0.077534226139808
G5.CLAPUR.1,CLAPUR,Clarkia purpurea,Native,Forb,Native,CalFlora,G5,2,G,5,MCL,Control,rgr_l_MA,0.06146439053014559
G5.CLAPUR.1,CLAPUR,Clarkia purpurea,Native,Forb,Native,CalFlora,G5,2,G,5,MCL,Control,rgr_l_AM,0.00128090374744231
G5.CLAPUR.1,CLAPUR,Clarkia purpurea,Native,Forb,Native,CalFlora,G5,2,G,5,MCL,Control,rgr_l_MJ,NA
G2.CLAPUR.1,CLAPUR,Clarkia purpurea,Native,Forb,Native,CalFlora,G2,2,G,2,MCL,Control,rgr_l_FM,0.07104072165697342
G2.CLAPUR.1,CLAPUR,Clarkia purpurea,Native,Forb,Native,CalFlora,G2,2,G,2,MCL,Control,rgr_l_MA,0.06455245307697298
G2.CLAPUR.1,CLAPUR,Clarkia purpurea,Native,Forb,Native,CalFlora,G2,2,G,2,MCL,Control,rgr_l_AM,0.02495087446382165
G2.CLAPUR.1,CLAPUR,Clarkia purpurea,Native,Forb,Native,CalFlora,G2,2,G,2,MCL,Control,rgr_l_MJ,NA
J3.CLAPUR.1,CLAPUR,Clarkia purpurea,Native,Forb,Native,CalFlora,J3,5,J,3,MCL,Drought,rgr_l_FM,0.07339726564373056
J3.CLAPUR.1,CLAPUR,Clarkia purpurea,Native,Forb,Native,CalFlora,J3,5,J,3,MCL,Drought,rgr_l_MA,0.06590412406845439
J3.CLAPUR.1,CLAPUR,Clarkia purpurea,Native,Forb,Native,CalFlora,J3,5,J,3,MCL,Drought,rgr_l_AM,0.02280738377042812
J3.CLAPUR.1,CLAPUR,Clarkia purpurea,Native,Forb,Native,CalFlora,J3,5,J,3,MCL,Drought,rgr_l_MJ,NA
A1.ESCCAL.1,ESCCAL,Eschscholzia californica,Native,Forb,Native,CalFlora,A1,1,A,1,ANGELO,Drought,rgr_l_FM,NA
A1.ESCCAL.1,ESCCAL,Eschscholzia californica,Native,Forb,Native,CalFlora,A1,1,A,1,ANGELO,Drought,rgr_l_MA,0.00183710975201318
A1.ESCCAL.1,ESCCAL,Eschscholzia californica,Native,Forb,Native,CalFlora,A1,1,A,1,ANGELO,Drought,rgr_l_AM,0.02795075936313028
A1.ESCCAL.1,ESCCAL,Eschscholzia californica,Native,Forb,Native,CalFlora,A1,1,A,1,ANGELO,Drought,rgr_l_MJ,0.03632924818925912
A1.HYPGLA.1,HYPGLA,Hypochaeris glabra,Non-native,Forb,Limited,Cal IPC,A1,1,A,1,ANGELO,Drought,rgr_l_FM,0.01558569392217439
A1.HYPGLA.1,HYPGLA,Hypochaeris glabra,Non-native,Forb,Limited,Cal IPC,A1,1,A,1,ANGELO,Drought,rgr_l_MA,0.01538989015930605
A1.HYPGLA.1,HYPGLA,Hypochaeris glabra,Non-native,Forb,Limited,Cal IPC,A1,1,A,1,ANGELO,Drought,rgr_l_AM,0.00757058085399424
A1.HYPGLA.1,HYPGLA,Hypochaeris glabra,Non-native,Forb,Limited,Cal IPC,A1,1,A,1,ANGELO,Drought,rgr_l_MJ,NA
A3.BRODIA.1,BRODIA,Bromus diandrus,Non-native,Grass,Moderate,Cal IPC,A3,1,A,3,BORR,Drought,rgr_l_FM,NA
A3.BRODIA.1,BRODIA,Bromus diandrus,Non-native,Grass,Moderate,Cal IPC,A3,1,A,3,BORR,Drought,rgr_l_MA,0.01616718287782003
A3.BRODIA.1,BRODIA,Bromus diandrus,Non-native,Grass,Moderate,Cal IPC,A3,1,A,3,BORR,Drought,rgr_l_AM,NA
A3.BRODIA.1,BRODIA,Bromus diandrus,Non-native,Grass,Moderate,Cal IPC,A3,1,A,3,BORR,Drought,rgr_l_MJ,NA
A3.BROHOR.1,BROHOR,Bromus hordeaceaus,Non-native,Grass,Limited,Cal IPC,A3,1,A,3,BORR,Drought,rgr_l_FM,NA
A3.BROHOR.1,BROHOR,Bromus hordeaceaus,Non-native,Grass,Limited,Cal IPC,A3,1,A,3,BORR,Drought,rgr_l_MA,0
A3.BROHOR.1,BROHOR,Bromus hordeaceaus,Non-native,Grass,Limited,Cal IPC,A3,1,A,3,BORR,Drought,rgr_l_AM,NA
A3.BROHOR.1,BROHOR,Bromus hordeaceaus,Non-native,Grass,Limited,Cal IPC,A3,1,A,3,BORR,Drought,rgr_l_MJ,NA
A3.DAUPUS.1,DAUPUS,Daucus pusillus,Native,Forb,Native,CalFlora,A3,1,A,3,BORR,Drought,rgr_l_FM,0.02390162691586017
A3.DAUPUS.1,DAUPUS,Daucus pusillus,Native,Forb,Native,CalFlora,A3,1,A,3,BORR,Drought,rgr_l_MA,0.02776638581436833
A3.DAUPUS.1,DAUPUS,Daucus pusillus,Native,Forb,Native,CalFlora,A3,1,A,3,BORR,Drought,rgr_l_AM,0.01000348641501127
A3.DAUPUS.1,DAUPUS,Daucus pusillus,Native,Forb,Native,CalFlora,A3,1,A,3,BORR,Drought,rgr_l_MJ,NA
A3.LUPBIC.1,LUPBIC,Lupinus bicolor,Native,Forb,Native,CalFlora,A3,1,A,3,BORR,Drought,rgr_l_FM,0.03018857715013448
A3.LUPBIC.1,LUPBIC,Lupinus bicolor,Native,Forb,Native,CalFlora,A3,1,A,3,BORR,Drought,rgr_l_MA,0.04137093793703206
A3.LUPBIC.1,LUPBIC,Lupinus bicolor,Native,Forb,Native,CalFlora,A3,1,A,3,BORR,Drought,rgr_l_AM,NA
A3.LUPBIC.1,LUPBIC,Lupinus bicolor,Native,Forb,Native,CalFlora,A3,1,A,3,BORR,Drought,rgr_l_MJ,NA
A6.EROCIC.1,EROCIC,Erodium cicutarium,Non-native,Forb,Non-native,CalFlora,A6,1,A,6,SEDG,Drought,rgr_l_FM,0.01967396063681423
A6.EROCIC.1,EROCIC,Erodium cicutarium,Non-native,Forb,Non-native,CalFlora,A6,1,A,6,SEDG,Drought,rgr_l_MA,0.01896078484134583
A6.EROCIC.1,EROCIC,Erodium cicutarium,Non-native,Forb,Non-native,CalFlora,A6,1,A,6,SEDG,Drought,rgr_l_AM,0.0186522116420148
A6.EROCIC.1,EROCIC,Erodium cicutarium,Non-native,Forb,Non-native,CalFlora,A6,1,A,6,SEDG,Drought,rgr_l_MJ,NA
A6.ESCCAL.1,ESCCAL,Eschscholzia californica,Native,Forb,Native,CalFlora,A6,1,A,6,SEDG,Drought,rgr_l_FM,0.0106949975277186
A6.ESCCAL.1,ESCCAL,Eschscholzia californica,Native,Forb,Native,CalFlora,A6,1,A,6,SEDG,Drought,rgr_l_MA,0.00716329630497667
A6.ESCCAL.1,ESCCAL,Eschscholzia californica,Native,Forb,Native,CalFlora,A6,1,A,6,SEDG,Drought,rgr_l_AM,0.04126702177420374
A6.ESCCAL.1,ESCCAL,Eschscholzia californica,Native,Forb,Native,CalFlora,A6,1,A,6,SEDG,Drought,rgr_l_MJ,0.01885300461089454
A7.CALMEN.1,CALMEN,Calandrinia menziesii,Native,Forb,Native,CalFlora,A7,1,A,7,SEDG,Drought,rgr_l_FM,0.02796311090401133
A7.CALMEN.1,CALMEN,Calandrinia menziesii,Native,Forb,Native,CalFlora,A7,1,A,7,SEDG,Drought,rgr_l_MA,0.01986081371445752
A7.CALMEN.1,CALMEN,Calandrinia menziesii,Native,Forb,Native,CalFlora,A7,1,A,7,SEDG,Drought,rgr_l_AM,NA
A7.CALMEN.1,CALMEN,Calandrinia menziesii,Native,Forb,Native,CalFlora,A7,1,A,7,SEDG,Drought,rgr_l_MJ,NA
A8.TRIHIR.1,TRIHIR,Trifolium hirtum,Non-native,Forb,Limited,Cal IPC,A8,1,A,8,MCL,Drought,rgr_l_FM,0.04219915281455572
A8.TRIHIR.1,TRIHIR,Trifolium hirtum,Non-native,Forb,Limited,Cal IPC,A8,1,A,8,MCL,Drought,rgr_l_MA,0.04877084583133638
A8.TRIHIR.1,TRIHIR,Trifolium hirtum,Non-native,Forb,Limited,Cal IPC,A8,1,A,8,MCL,Drought,rgr_l_AM,0.00815408866400497
A8.TRIHIR.1,TRIHIR,Trifolium hirtum,Non-native,Forb,Limited,Cal IPC,A8,1,A,8,MCL,Drought,rgr_l_MJ,NA
B1.LUPBIC.1,LUPBIC,Lupinus bicolor,Native,Forb,Native,CalFlora,B1,2,B,1,BORR,Drought,rgr_l_FM,0.04319872305156441
B1.LUPBIC.1,LUPBIC,Lupinus bicolor,Native,Forb,Native,CalFlora,B1,2,B,1,BORR,Drought,rgr_l_MA,0.01150564335286233
B1.LUPBIC.1,LUPBIC,Lupinus bicolor,Native,Forb,Native,CalFlora,B1,2,B,1,BORR,Drought,rgr_l_AM,NA
B1.LUPBIC.1,LUPBIC,Lupinus bicolor,Native,Forb,Native,CalFlora,B1,2,B,1,BORR,Drought,rgr_l_MJ,NA
B3.CALMEN.1,CALMEN,Calandrinia menziesii,Native,Forb,Native,CalFlora,B3,2,B,3,SEDG,Drought,rgr_l_FM,NA
B3.CALMEN.1,CALMEN,Calandrinia menziesii,Native,Forb,Native,CalFlora,B3,2,B,3,SEDG,Drought,rgr_l_MA,NA
B3.CALMEN.1,CALMEN,Calandrinia menziesii,Native,Forb,Native,CalFlora,B3,2,B,3,SEDG,Drought,rgr_l_AM,NA
B3.CALMEN.1,CALMEN,Calandrinia menziesii,Native,Forb,Native,CalFlora,B3,2,B,3,SEDG,Drought,rgr_l_MJ,NA
B4.GALPAR.1,GALPAR,Galium parisiense,Non-native,Forb,Non-native,CalFlora,B4,2,B,4,ANGELO,Drought,rgr_l_FM,0.05878441697373879
B4.GALPAR.1,GALPAR,Galium parisiense,Non-native,Forb,Non-native,CalFlora,B4,2,B,4,ANGELO,Drought,rgr_l_MA,0.03033045073860155
B4.GALPAR.1,GALPAR,Galium parisiense,Non-native,Forb,Non-native,CalFlora,B4,2,B,4,ANGELO,Drought,rgr_l_AM,0.00150138418969373
B4.GALPAR.1,GALPAR,Galium parisiense,Non-native,Forb,Non-native,CalFlora,B4,2,B,4,ANGELO,Drought,rgr_l_MJ,NA
B4.HYPGLA.1,HYPGLA,Hypochaeris glabra,Non-native,Forb,Limited,Cal IPC,B4,2,B,4,ANGELO,Drought,rgr_l_FM,0.02796311090401133
B4.HYPGLA.1,HYPGLA,Hypochaeris glabra,Non-native,Forb,Limited,Cal IPC,B4,2,B,4,ANGELO,Drought,rgr_l_MA,0.01186208968146185
B4.HYPGLA.1,HYPGLA,Hypochaeris glabra,Non-native,Forb,Limited,Cal IPC,B4,2,B,4,ANGELO,Drought,rgr_l_AM,-0.00547625898200151
B4.HYPGLA.1,HYPGLA,Hypochaeris glabra,Non-native,Forb,Limited,Cal IPC,B4,2,B,4,ANGELO,Drought,rgr_l_MJ,NA
B6.CALMEN.1,CALMEN,Calandrinia menziesii,Native,Forb,Native,CalFlora,B6,2,B,6,SEDG,Drought,rgr_l_FM,0.01398155545200567
B6.CALMEN.1,CALMEN,Calandrinia menziesii,Native,Forb,Native,CalFlora,B6,2,B,6,SEDG,Drought,rgr_l_MA,-0.01192544435612248
B6.CALMEN.1,CALMEN,Calandrinia menziesii,Native,Forb,Native,CalFlora,B6,2,B,6,SEDG,Drought,rgr_l_AM,NA
B6.CALMEN.1,CALMEN,Calandrinia menziesii,Native,Forb,Native,CalFlora,B6,2,B,6,SEDG,Drought,rgr_l_MJ,NA
B6.EROCIC.1,EROCIC,Erodium cicutarium,Non-native,Forb,Non-native,CalFlora,B6,2,B,6,SEDG,Drought,rgr_l_FM,0.03671416334456649
B6.EROCIC.1,EROCIC,Erodium cicutarium,Non-native,Forb,Non-native,CalFlora,B6,2,B,6,SEDG,Drought,rgr_l_MA,0.04297111492105374
B6.EROCIC.1,EROCIC,Erodium cicutarium,Non-native,Forb,Non-native,CalFlora,B6,2,B,6,SEDG,Drought,rgr_l_AM,0.02761636959150887
B6.EROCIC.1,EROCIC,Erodium cicutarium,Non-native,Forb,Non-native,CalFlora,B6,2,B,6,SEDG,Drought,rgr_l_MJ,NA
C2.CALMEN.1,CALMEN,Calandrinia menziesii,Native,Forb,Native,CalFlora,C2,3,C,2,SEDG,Drought,rgr_l_FM,NA
C2.CALMEN.1,CALMEN,Calandrinia menziesii,Native,Forb,Native,CalFlora,C2,3,C,2,SEDG,Drought,rgr_l_MA,0.00743811837714033
C2.CALMEN.1,CALMEN,Calandrinia menziesii,Native,Forb,Native,CalFlora,C2,3,C,2,SEDG,Drought,rgr_l_AM,NA
C2.CALMEN.1,CALMEN,Calandrinia menziesii,Native,Forb,Native,CalFlora,C2,3,C,2,SEDG,Drought,rgr_l_MJ,NA
C3.ESCCAL.1,ESCCAL,Eschscholzia californica,Native,Forb,Native,CalFlora,C3,3,C,3,ANGELO,Drought,rgr_l_FM,0.01106469509429926
C3.ESCCAL.1,ESCCAL,Eschscholzia californica,Native,Forb,Native,CalFlora,C3,3,C,3,ANGELO,Drought,rgr_l_MA,-0.00958940241505936
C3.ESCCAL.1,ESCCAL,Eschscholzia californica,Native,Forb,Native,CalFlora,C3,3,C,3,ANGELO,Drought,rgr_l_AM,0.04561996525635935
C3.ESCCAL.1,ESCCAL,Eschscholzia californica,Native,Forb,Native,CalFlora,C3,3,C,3,ANGELO,Drought,rgr_l_MJ,0.04694795681032154
C7.ESCCAL.1,ESCCAL,Eschscholzia californica,Native,Forb,Native,CalFlora,C7,3,C,7,WWP,Drought,rgr_l_FM,0.02706990772380712
C7.ESCCAL.1,ESCCAL,Eschscholzia californica,Native,Forb,Native,CalFlora,C7,3,C,7,WWP,Drought,rgr_l_MA,NA
C7.ESCCAL.1,ESCCAL,Eschscholzia californica,Native,Forb,Native,CalFlora,C7,3,C,7,WWP,Drought,rgr_l_AM,NA
C7.ESCCAL.1,ESCCAL,Eschscholzia californica,Native,Forb,Native,CalFlora,C7,3,C,7,WWP,Drought,rgr_l_MJ,NA
C7.LUPMIC.1,LUPMIC,Lupinus microcarpus,Native,Forb,Native,CalFlora,C7,3,C,7,WWP,Drought,rgr_l_FM,0.07701635339554948
C7.LUPMIC.1,LUPMIC,Lupinus microcarpus,Native,Forb,Native,CalFlora,C7,3,C,7,WWP,Drought,rgr_l_MA,0.01098116314201844
C7.LUPMIC.1,LUPMIC,Lupinus microcarpus,Native,Forb,Native,CalFlora,C7,3,C,7,WWP,Drought,rgr_l_AM,0.06977647428038093
C7.LUPMIC.1,LUPMIC,Lupinus microcarpus,Native,Forb,Native,CalFlora,C7,3,C,7,WWP,Drought,rgr_l_MJ,NA
C7.PHATAN.1,PHATAN,Phacelia tanacetifolia,Native,Forb,Native,CalFlora,C7,3,C,7,WWP,Drought,rgr_l_FM,NA
C7.PHATAN.1,PHATAN,Phacelia tanacetifolia,Native,Forb,Native,CalFlora,C7,3,C,7,WWP,Drought,rgr_l_MA,0
C7.PHATAN.1,PHATAN,Phacelia tanacetifolia,Native,Forb,Native,CalFlora,C7,3,C,7,WWP,Drought,rgr_l_AM,NA
C7.PHATAN.1,PHATAN,Phacelia tanacetifolia,Native,Forb,Native,CalFlora,C7,3,C,7,WWP,Drought,rgr_l_MJ,NA
E3.HYPGLA.1,HYPGLA,Hypochaeris glabra,Non-native,Forb,Limited,Cal IPC,E3,5,E,3,ANGELO,Control,rgr_l_FM,0.02152368415136241
E3.HYPGLA.1,HYPGLA,Hypochaeris glabra,Non-native,Forb,Limited,Cal IPC,E3,5,E,3,ANGELO,Control,rgr_l_MA,-0.00255544731564557
E3.HYPGLA.1,HYPGLA,Hypochaeris glabra,Non-native,Forb,Limited,Cal IPC,E3,5,E,3,ANGELO,Control,rgr_l_AM,-0.00690432274914449
E3.HYPGLA.1,HYPGLA,Hypochaeris glabra,Non-native,Forb,Limited,Cal IPC,E3,5,E,3,ANGELO,Control,rgr_l_MJ,NA
E6.MICCAL.1,MICCAL,Micropus californicus,Native,Forb,Native,CalFlora,E6,5,E,6,SEDG,Control,rgr_l_FM,0.05456383252392008
E6.MICCAL.1,MICCAL,Micropus californicus,Native,Forb,Native,CalFlora,E6,5,E,6,SEDG,Control,rgr_l_MA,0.02337089388529101
E6.MICCAL.1,MICCAL,Micropus californicus,Native,Forb,Native,CalFlora,E6,5,E,6,SEDG,Control,rgr_l_AM,NA
E6.MICCAL.1,MICCAL,Micropus californicus,Native,Forb,Native,CalFlora,E6,5,E,6,SEDG,Control,rgr_l_MJ,NA
E7.EROBOT.1,EROBOT,Erodium botrys,Non-native,Forb,Non-native,CalFlora,E7,5,E,7,MCL,Control,rgr_l_FM,0.01106469509429926
E7.EROBOT.1,EROBOT,Erodium botrys,Non-native,Forb,Non-native,CalFlora,E7,5,E,7,MCL,Control,rgr_l_MA,-0.0043074642782104
E7.EROBOT.1,EROBOT,Erodium botrys,Non-native,Forb,Non-native,CalFlora,E7,5,E,7,MCL,Control,rgr_l_AM,0.0035139840164348
E7.EROBOT.1,EROBOT,Erodium botrys,Non-native,Forb,Non-native,CalFlora,E7,5,E,7,MCL,Control,rgr_l_MJ,NA
E7.PLAERE.1,PLAERE,Plantago erecta,Native,Forb,Native,CalFlora,E7,5,E,7,MCL,Control,rgr_l_FM,0.01009093324874964
E7.PLAERE.1,PLAERE,Plantago erecta,Native,Forb,Native,CalFlora,E7,5,E,7,MCL,Control,rgr_l_MA,0.01224160070015817
E7.PLAERE.1,PLAERE,Plantago erecta,Native,Forb,Native,CalFlora,E7,5,E,7,MCL,Control,rgr_l_AM,NA
E7.PLAERE.1,PLAERE,Plantago erecta,Native,Forb,Native,CalFlora,E7,5,E,7,MCL,Control,rgr_l_MJ,NA
E7.TRIHIR.1,TRIHIR,Trifolium hirtum,Non-native,Forb,Limited,Cal IPC,E7,5,E,7,MCL,Control,rgr_l_FM,0.02665950694461327
E7.TRIHIR.1,TRIHIR,Trifolium hirtum,Non-native,Forb,Limited,Cal IPC,E7,5,E,7,MCL,Control,rgr_l_MA,0.02790314314472918
E7.TRIHIR.1,TRIHIR,Trifolium hirtum,Non-native,Forb,Limited,Cal IPC,E7,5,E,7,MCL,Control,rgr_l_AM,0.00669358160248195
E7.TRIHIR.1,TRIHIR,Trifolium hirtum,Non-native,Forb,Limited,Cal IPC,E7,5,E,7,MCL,Control,rgr_l_MJ,NA
E8.VICSAT.1,VICSAT,Vicia sativa,Non-native,Forb,Non-native,CalFlora,E8,5,E,8,BORR,Control,rgr_l_FM,0.04225431879492729
E8.VICSAT.1,VICSAT,Vicia sativa,Non-native,Forb,Non-native,CalFlora,E8,5,E,8,BORR,Control,rgr_l_MA,0.01102417076522763
E8.VICSAT.1,VICSAT,Vicia sativa,Non-native,Forb,Non-native,CalFlora,E8,5,E,8,BORR,Control,rgr_l_AM,NA
E8.VICSAT.1,VICSAT,Vicia sativa,Non-native,Forb,Non-native,CalFlora,E8,5,E,8,BORR,Control,rgr_l_MJ,NA
F7.LUPMIC.1,LUPMIC,Lupinus microcarpus,Native,Forb,Native,CalFlora,F7,1,F,7,WWP,Control,rgr_l_FM,0.01748799337298195
F7.LUPMIC.1,LUPMIC,Lupinus microcarpus,Native,Forb,Native,CalFlora,F7,1,F,7,WWP,Control,rgr_l_MA,0.01458016528203411
F7.LUPMIC.1,LUPMIC,Lupinus microcarpus,Native,Forb,Native,CalFlora,F7,1,F,7,WWP,Control,rgr_l_AM,0.05640162693397881
F7.LUPMIC.1,LUPMIC,Lupinus microcarpus,Native,Forb,Native,CalFlora,F7,1,F,7,WWP,Control,rgr_l_MJ,NA
H5.VICSAT.1,VICSAT,Vicia sativa,Non-native,Forb,Non-native,CalFlora,H5,3,H,5,BORR,Control,rgr_l_FM,0.03263228747349935
H5.VICSAT.1,VICSAT,Vicia sativa,Non-native,Forb,Non-native,CalFlora,H5,3,H,5,BORR,Control,rgr_l_MA,0.01662061775846663
H5.VICSAT.1,VICSAT,Vicia sativa,Non-native,Forb,Non-native,CalFlora,H5,3,H,5,BORR,Control,rgr_l_AM,NA
H5.VICSAT.1,VICSAT,Vicia sativa,Non-native,Forb,Non-native,CalFlora,H5,3,H,5,BORR,Control,rgr_l_MJ,NA
H6.HYPGLA.1,HYPGLA,Hypochaeris glabra,Non-native,Forb,Limited,Cal IPC,H6,3,H,6,ANGELO,Control,rgr_l_FM,0.03082294983959472
H6.HYPGLA.1,HYPGLA,Hypochaeris glabra,Non-native,Forb,Limited,Cal IPC,H6,3,H,6,ANGELO,Control,rgr_l_MA,-0.01470899120501268
H6.HYPGLA.1,HYPGLA,Hypochaeris glabra,Non-native,Forb,Limited,Cal IPC,H6,3,H,6,ANGELO,Control,rgr_l_AM,0.00719205181129452
H6.HYPGLA.1,HYPGLA,Hypochaeris glabra,Non-native,Forb,Limited,Cal IPC,H6,3,H,6,ANGELO,Control,rgr_l_MJ,NA
I1.BRODIA.1,BRODIA,Bromus diandrus,Non-native,Grass,Moderate,Cal IPC,I1,4,I,1,BORR,Drought,rgr_l_FM,NA
I1.BRODIA.1,BRODIA,Bromus diandrus,Non-native,Grass,Moderate,Cal IPC,I1,4,I,1,BORR,Drought,rgr_l_MA,0.00436756069922371
I1.BRODIA.1,BRODIA,Bromus diandrus,Non-native,Grass,Moderate,Cal IPC,I1,4,I,1,BORR,Drought,rgr_l_AM,-0.03732596518614152
I1.BRODIA.1,BRODIA,Bromus diandrus,Non-native,Grass,Moderate,Cal IPC,I1,4,I,1,BORR,Drought,rgr_l_MJ,NA
I1.CLAPUR.1,CLAPUR,Clarkia purpurea,Native,Forb,Native,CalFlora,I1,4,I,1,BORR,Drought,rgr_l_FM,0.03829902842705698
I1.CLAPUR.1,CLAPUR,Clarkia purpurea,Native,Forb,Native,CalFlora,I1,4,I,1,BORR,Drought,rgr_l_MA,0.05493305992351169
I1.CLAPUR.1,CLAPUR,Clarkia purpurea,Native,Forb,Native,CalFlora,I1,4,I,1,BORR,Drought,rgr_l_AM,-0.03014946840858146
I1.CLAPUR.1,CLAPUR,Clarkia purpurea,Native,Forb,Native,CalFlora,I1,4,I,1,BORR,Drought,rgr_l_MJ,NA
I1.MADGRA.1,MADGRA,Madia gracilis,Native,Forb,Native,CalFlora,I1,4,I,1,BORR,Drought,rgr_l_FM,0.02328180220082867
I1.MADGRA.1,MADGRA,Madia gracilis,Native,Forb,Native,CalFlora,I1,4,I,1,BORR,Drought,rgr_l_MA,0.0595959473668453
I1.MADGRA.1,MADGRA,Madia gracilis,Native,Forb,Native,CalFlora,I1,4,I,1,BORR,Drought,rgr_l_AM,NA
I1.MADGRA.1,MADGRA,Madia gracilis,Native,Forb,Native,CalFlora,I1,4,I,1,BORR,Drought,rgr_l_MJ,NA
I2.CALMEN.1,CALMEN,Calandrinia menziesii,Native,Forb,Native,CalFlora,I2,4,I,2,SEDG,Drought,rgr_l_FM,0.04186522174009962
I2.CALMEN.1,CALMEN,Calandrinia menziesii,Native,Forb,Native,CalFlora,I2,4,I,2,SEDG,Drought,rgr_l_MA,0.00874496546846109
I2.CALMEN.1,CALMEN,Calandrinia menziesii,Native,Forb,Native,CalFlora,I2,4,I,2,SEDG,Drought,rgr_l_AM,NA
I2.CALMEN.1,CALMEN,Calandrinia menziesii,Native,Forb,Native,CalFlora,I2,4,I,2,SEDG,Drought,rgr_l_MJ,NA
I2.MICCAL.1,MICCAL,Micropus californicus,Native,Forb,Native,CalFlora,I2,4,I,2,SEDG,Drought,rgr_l_FM,0.04841322372448767
I2.MICCAL.1,MICCAL,Micropus californicus,Native,Forb,Native,CalFlora,I2,4,I,2,SEDG,Drought,rgr_l_MA,0.03600187884723507
I2.MICCAL.1,MICCAL,Micropus californicus,Native,Forb,Native,CalFlora,I2,4,I,2,SEDG,Drought,rgr_l_AM,NA
I2.MICCAL.1,MICCAL,Micropus californicus,Native,Forb,Native,CalFlora,I2,4,I,2,SEDG,Drought,rgr_l_MJ,NA
I3.PHATAN.1,PHATAN,Phacelia tanacetifolia,Native,Forb,Native,CalFlora,I3,4,I,3,WWP,Drought,rgr_l_FM,0.02791747416208816
I3.PHATAN.1,PHATAN,Phacelia tanacetifolia,Native,Forb,Native,CalFlora,I3,4,I,3,WWP,Drought,rgr_l_MA,NA
I3.PHATAN.1,PHATAN,Phacelia tanacetifolia,Native,Forb,Native,CalFlora,I3,4,I,3,WWP,Drought,rgr_l_AM,NA
I3.PHATAN.1,PHATAN,Phacelia tanacetifolia,Native,Forb,Native,CalFlora,I3,4,I,3,WWP,Drought,rgr_l_MJ,NA
I4.CLAPUR.1,CLAPUR,Clarkia purpurea,Native,Forb,Native,CalFlora,I4,4,I,4,BORR,Drought,rgr_l_FM,0.04145302132854982
I4.CLAPUR.1,CLAPUR,Clarkia purpurea,Native,Forb,Native,CalFlora,I4,4,I,4,BORR,Drought,rgr_l_MA,0.02824907023394109
I4.CLAPUR.1,CLAPUR,Clarkia purpurea,Native,Forb,Native,CalFlora,I4,4,I,4,BORR,Drought,rgr_l_AM,-0.00475447444093372
I4.CLAPUR.1,CLAPUR,Clarkia purpurea,Native,Forb,Native,CalFlora,I4,4,I,4,BORR,Drought,rgr_l_MJ,NA
I5.CLAPUR.1,CLAPUR,Clarkia purpurea,Native,Forb,Native,CalFlora,I5,4,I,5,ANGELO,Drought,rgr_l_FM,0.04901100425518396
I5.CLAPUR.1,CLAPUR,Clarkia purpurea,Native,Forb,Native,CalFlora,I5,4,I,5,ANGELO,Drought,rgr_l_MA,0.0117480213266648
I5.CLAPUR.1,CLAPUR,Clarkia purpurea,Native,Forb,Native,CalFlora,I5,4,I,5,ANGELO,Drought,rgr_l_AM,NA
I5.CLAPUR.1,CLAPUR,Clarkia purpurea,Native,Forb,Native,CalFlora,I5,4,I,5,ANGELO,Drought,rgr_l_MJ,NA
I6.ACMPAR.1,ACMPAR,Acmispon parviflorus,Native,Forb,Native,CalFlora,I6,4,I,6,ANGELO,Drought,rgr_l_FM,-0.01538510414615907
I6.ACMPAR.1,ACMPAR,Acmispon parviflorus,Native,Forb,Native,CalFlora,I6,4,I,6,ANGELO,Drought,rgr_l_MA,0.01264965405683011
I6.ACMPAR.1,ACMPAR,Acmispon parviflorus,Native,Forb,Native,CalFlora,I6,4,I,6,ANGELO,Drought,rgr_l_AM,-0.05372912476022585
I6.ACMPAR.1,ACMPAR,Acmispon parviflorus,Native,Forb,Native,CalFlora,I6,4,I,6,ANGELO,Drought,rgr_l_MJ,NA
J1.CLAPUR.1,CLAPUR,Clarkia purpurea,Native,Forb,Native,CalFlora,J1,5,J,1,BORR,Drought,rgr_l_FM,0.03822045780109745
J1.CLAPUR.1,CLAPUR,Clarkia purpurea,Native,Forb,Native,CalFlora,J1,5,J,1,BORR,Drought,rgr_l_MA,0.02043520210645824
J1.CLAPUR.1,CLAPUR,Clarkia purpurea,Native,Forb,Native,CalFlora,J1,5,J,1,BORR,Drought,rgr_l_AM,-0.0198370047318973
J1.CLAPUR.1,CLAPUR,Clarkia purpurea,Native,Forb,Native,CalFlora,J1,5,J,1,BORR,Drought,rgr_l_MJ,NA
J2.ESCCAL.1,ESCCAL,Eschscholzia californica,Native,Forb,Native,CalFlora,J2,5,J,2,ANGELO,Drought,rgr_l_FM,0.01942031263126804
J2.ESCCAL.1,ESCCAL,Eschscholzia californica,Native,Forb,Native,CalFlora,J2,5,J,2,ANGELO,Drought,rgr_l_MA,0.03351990007077653
J2.ESCCAL.1,ESCCAL,Eschscholzia californica,Native,Forb,Native,CalFlora,J2,5,J,2,ANGELO,Drought,rgr_l_AM,0.02905380678818665
J2.ESCCAL.1,ESCCAL,Eschscholzia californica,Native,Forb,Native,CalFlora,J2,5,J,2,ANGELO,Drought,rgr_l_MJ,0.03610279860036784
J6.TRIHIR.1,TRIHIR,Trifolium hirtum,Non-native,Forb,Limited,Cal IPC,J6,5,J,6,MCL,Drought,rgr_l_FM,0.01621860432432657
J6.TRIHIR.1,TRIHIR,Trifolium hirtum,Non-native,Forb,Limited,Cal IPC,J6,5,J,6,MCL,Drought,rgr_l_MA,0.04060259325407066
J6.TRIHIR.1,TRIHIR,Trifolium hirtum,Non-native,Forb,Limited,Cal IPC,J6,5,J,6,MCL,Drought,rgr_l_AM,0.00311788710999718
J6.TRIHIR.1,TRIHIR,Trifolium hirtum,Non-native,Forb,Limited,Cal IPC,J6,5,J,6,MCL,Drought,rgr_l_MJ,NA
J8.CALMEN.1,CALMEN,Calandrinia menziesii,Native,Forb,Native,CalFlora,J8,5,J,8,SEDG,Drought,rgr_l_FM,0.03331636491740417
J8.CALMEN.1,CALMEN,Calandrinia menziesii,Native,Forb,Native,CalFlora,J8,5,J,8,SEDG,Drought,rgr_l_MA,0.04804170682914863
J8.CALMEN.1,CALMEN,Calandrinia menziesii,Native,Forb,Native,CalFlora,J8,5,J,8,SEDG,Drought,rgr_l_AM,NA
J8.CALMEN.1,CALMEN,Calandrinia menziesii,Native,Forb,Native,CalFlora,J8,5,J,8,SEDG,Drought,rgr_l_MJ,NA
E5.CALMEN.1,CALMEN,Calandrinia menziesii,Native,Forb,Native,CalFlora,E5,5,E,5,SEDG,Control,rgr_l_FM,0.04455809347112224
E5.CALMEN.1,CALMEN,Calandrinia menziesii,Native,Forb,Native,CalFlora,E5,5,E,5,SEDG,Control,rgr_l_MA,0.03130976520089985
E5.CALMEN.1,CALMEN,Calandrinia menziesii,Native,Forb,Native,CalFlora,E5,5,E,5,SEDG,Control,rgr_l_AM,NA
E5.CALMEN.1,CALMEN,Calandrinia menziesii,Native,Forb,Native,CalFlora,E5,5,E,5,SEDG,Control,rgr_l_MJ,NA
E6.CALMEN.1,CALMEN,Calandrinia menziesii,Native,Forb,Native,CalFlora,E6,5,E,6,SEDG,Control,rgr_l_FM,0.02931307892488064
E6.CALMEN.1,CALMEN,Calandrinia menziesii,Native,Forb,Native,CalFlora,E6,5,E,6,SEDG,Control,rgr_l_MA,0
E6.CALMEN.1,CALMEN,Calandrinia menziesii,Native,Forb,Native,CalFlora,E6,5,E,6,SEDG,Control,rgr_l_AM,NA
E6.CALMEN.1,CALMEN,Calandrinia menziesii,Native,Forb,Native,CalFlora,E6,5,E,6,SEDG,Control,rgr_l_MJ,NA
F2.LUPSUC.1,LUPSUC,NA,NA,NA,NA,NA,F2,1,F,2,WWP,Control,rgr_l_FM,0.02166084939249829
F2.LUPSUC.1,LUPSUC,NA,NA,NA,NA,NA,F2,1,F,2,WWP,Control,rgr_l_MA,0.03159623213359156
F2.LUPSUC.1,LUPSUC,NA,NA,NA,NA,NA,F2,1,F,2,WWP,Control,rgr_l_AM,0.01307951961639239
F2.LUPSUC.1,LUPSUC,NA,NA,NA,NA,NA,F2,1,F,2,WWP,Control,rgr_l_MJ,NA
G4.EROCIC.1,EROCIC,Erodium cicutarium,Non-native,Forb,Non-native,CalFlora,G4,2,G,4,WWP,Control,rgr_l_FM,0
G4.EROCIC.1,EROCIC,Erodium cicutarium,Non-native,Forb,Non-native,CalFlora,G4,2,G,4,WWP,Control,rgr_l_MA,0.02665950694461328
G4.EROCIC.1,EROCIC,Erodium cicutarium,Non-native,Forb,Non-native,CalFlora,G4,2,G,4,WWP,Control,rgr_l_AM,0.05802136739527715
G4.EROCIC.1,EROCIC,Erodium cicutarium,Non-native,Forb,Non-native,CalFlora,G4,2,G,4,WWP,Control,rgr_l_MJ,NA
G4.PHATAN.1,PHATAN,Phacelia tanacetifolia,Native,Forb,Native,CalFlora,G4,2,G,4,WWP,Control,rgr_l_FM,0.00497260257507284
G4.PHATAN.1,PHATAN,Phacelia tanacetifolia,Native,Forb,Native,CalFlora,G4,2,G,4,WWP,Control,rgr_l_MA,0.02073063464356489
G4.PHATAN.1,PHATAN,Phacelia tanacetifolia,Native,Forb,Native,CalFlora,G4,2,G,4,WWP,Control,rgr_l_AM,NA
G4.PHATAN.1,PHATAN,Phacelia tanacetifolia,Native,Forb,Native,CalFlora,G4,2,G,4,WWP,Control,rgr_l_MJ,NA
G5.EROBOT.1,EROBOT,Erodium botrys,Non-native,Forb,Non-native,CalFlora,G5,2,G,5,MCL,Control,rgr_l_FM,NA
G5.EROBOT.1,EROBOT,Erodium botrys,Non-native,Forb,Non-native,CalFlora,G5,2,G,5,MCL,Control,rgr_l_MA,0.02853605172036066
G5.EROBOT.1,EROBOT,Erodium botrys,Non-native,Forb,Non-native,CalFlora,G5,2,G,5,MCL,Control,rgr_l_AM,0.03126378758755781
G5.EROBOT.1,EROBOT,Erodium botrys,Non-native,Forb,Non-native,CalFlora,G5,2,G,5,MCL,Control,rgr_l_MJ,NA
G7.HYPGLA.1,HYPGLA,Hypochaeris glabra,Non-native,Forb,Limited,Cal IPC,G7,2,G,7,ANGELO,Control,rgr_l_FM,0.0261590392327848
G7.HYPGLA.1,HYPGLA,Hypochaeris glabra,Non-native,Forb,Limited,Cal IPC,G7,2,G,7,ANGELO,Control,rgr_l_MA,0.02212939018859854
G7.HYPGLA.1,HYPGLA,Hypochaeris glabra,Non-native,Forb,Limited,Cal IPC,G7,2,G,7,ANGELO,Control,rgr_l_AM,-0.00846773556078402
G7.HYPGLA.1,HYPGLA,Hypochaeris glabra,Non-native,Forb,Limited,Cal IPC,G7,2,G,7,ANGELO,Control,rgr_l_MJ,NA
G8.CLAPUR.1,CLAPUR,Clarkia purpurea,Native,Forb,Native,CalFlora,G8,2,G,8,BORR,Control,rgr_l_FM,0.06390327318924463
G8.CLAPUR.1,CLAPUR,Clarkia purpurea,Native,Forb,Native,CalFlora,G8,2,G,8,BORR,Control,rgr_l_MA,0.02391108525299232
G8.CLAPUR.1,CLAPUR,Clarkia purpurea,Native,Forb,Native,CalFlora,G8,2,G,8,BORR,Control,rgr_l_AM,-0.00628286070702265
G8.CLAPUR.1,CLAPUR,Clarkia purpurea,Native,Forb,Native,CalFlora,G8,2,G,8,BORR,Control,rgr_l_MJ,NA
H1.EROCIC.1,EROCIC,Erodium cicutarium,Non-native,Forb,Non-native,CalFlora,H1,3,H,1,SEDG,Control,rgr_l_FM,0.00928006685328325
H1.EROCIC.1,EROCIC,Erodium cicutarium,Non-native,Forb,Non-native,CalFlora,H1,3,H,1,SEDG,Control,rgr_l_MA,0.02899122316832232
H1.EROCIC.1,EROCIC,Erodium cicutarium,Non-native,Forb,Non-native,CalFlora,H1,3,H,1,SEDG,Control,rgr_l_AM,0.02751835005971567
H1.EROCIC.1,EROCIC,Erodium cicutarium,Non-native,Forb,Non-native,CalFlora,H1,3,H,1,SEDG,Control,rgr_l_MJ,NA
D3.BROMAD.1,BROMAD,Bromus madritensis,Non-native,Grass,High,Cal IPC,D3,4,D,3,WWP,Control,rgr_l_FM,NA
D3.BROMAD.1,BROMAD,Bromus madritensis,Non-native,Grass,High,Cal IPC,D3,4,D,3,WWP,Control,rgr_l_MA,-0.0066890231820717
D3.BROMAD.1,BROMAD,Bromus madritensis,Non-native,Grass,High,Cal IPC,D3,4,D,3,WWP,Control,rgr_l_AM,NA
D3.BROMAD.1,BROMAD,Bromus madritensis,Non-native,Grass,High,Cal IPC,D3,4,D,3,WWP,Control,rgr_l_MJ,NA
E5.AVEFAT.1,AVEFAT,Avena fatua,Non-native,Grass,Moderate,Cal IPC,E5,5,E,5,SEDG,Control,rgr_l_FM,NA
E5.AVEFAT.1,AVEFAT,Avena fatua,Non-native,Grass,Moderate,Cal IPC,E5,5,E,5,SEDG,Control,rgr_l_MA,0.00419526220155477
E5.AVEFAT.1,AVEFAT,Avena fatua,Non-native,Grass,Moderate,Cal IPC,E5,5,E,5,SEDG,Control,rgr_l_AM,NA
E5.AVEFAT.1,AVEFAT,Avena fatua,Non-native,Grass,Moderate,Cal IPC,E5,5,E,5,SEDG,Control,rgr_l_MJ,NA
E5.BROHOR.1,BROHOR,Bromus hordeaceaus,Non-native,Grass,Limited,Cal IPC,E5,5,E,5,SEDG,Control,rgr_l_FM,NA
E5.BROHOR.1,BROHOR,Bromus hordeaceaus,Non-native,Grass,Limited,Cal IPC,E5,5,E,5,SEDG,Control,rgr_l_MA,0.0171170403568442
E5.BROHOR.1,BROHOR,Bromus hordeaceaus,Non-native,Grass,Limited,Cal IPC,E5,5,E,5,SEDG,Control,rgr_l_AM,NA
E5.BROHOR.1,BROHOR,Bromus hordeaceaus,Non-native,Grass,Limited,Cal IPC,E5,5,E,5,SEDG,Control,rgr_l_MJ,NA
J4.PHATAN.1,PHATAN,Phacelia tanacetifolia,Native,Forb,Native,CalFlora,J4,5,J,4,WWP,Drought,rgr_l_FM,0.0053412557049809
J4.PHATAN.1,PHATAN,Phacelia tanacetifolia,Native,Forb,Native,CalFlora,J4,5,J,4,WWP,Drought,rgr_l_MA,-0.00899006476411815
J4.PHATAN.1,PHATAN,Phacelia tanacetifolia,Native,Forb,Native,CalFlora,J4,5,J,4,WWP,Drought,rgr_l_AM,NA
J4.PHATAN.1,PHATAN,Phacelia tanacetifolia,Native,Forb,Native,CalFlora,J4,5,J,4,WWP,Drought,rgr_l_MJ,NA
J8.BROMAD.1,BROMAD,Bromus madritensis,Non-native,Grass,High,Cal IPC,J8,5,J,8,SEDG,Drought,rgr_l_FM,NA
J8.BROMAD.1,BROMAD,Bromus madritensis,Non-native,Grass,High,Cal IPC,J8,5,J,8,SEDG,Drought,rgr_l_MA,0
J8.BROMAD.1,BROMAD,Bromus madritensis,Non-native,Grass,High,Cal IPC,J8,5,J,8,SEDG,Drought,rgr_l_AM,NA
J8.BROMAD.1,BROMAD,Bromus madritensis,Non-native,Grass,High,Cal IPC,J8,5,J,8,SEDG,Drought,rgr_l_MJ,NA
J8.MICCAL.1,MICCAL,Micropus californicus,Native,Forb,Native,CalFlora,J8,5,J,8,SEDG,Drought,rgr_l_FM,0.05070754474848175
J8.MICCAL.1,MICCAL,Micropus californicus,Native,Forb,Native,CalFlora,J8,5,J,8,SEDG,Drought,rgr_l_MA,0.03021384409490582
J8.MICCAL.1,MICCAL,Micropus californicus,Native,Forb,Native,CalFlora,J8,5,J,8,SEDG,Drought,rgr_l_AM,NA
J8.MICCAL.1,MICCAL,Micropus californicus,Native,Forb,Native,CalFlora,J8,5,J,8,SEDG,Drought,rgr_l_MJ,NA
E5.ESCCAL.1,ESCCAL,Eschscholzia californica,Native,Forb,Native,CalFlora,E5,5,E,5,SEDG,Control,rgr_l_FM,0.01009093324874964
E5.ESCCAL.1,ESCCAL,Eschscholzia californica,Native,Forb,Native,CalFlora,E5,5,E,5,SEDG,Control,rgr_l_MA,0.00461615624647333
E5.ESCCAL.1,ESCCAL,Eschscholzia californica,Native,Forb,Native,CalFlora,E5,5,E,5,SEDG,Control,rgr_l_AM,0.02928454873353457
E5.ESCCAL.1,ESCCAL,Eschscholzia californica,Native,Forb,Native,CalFlora,E5,5,E,5,SEDG,Control,rgr_l_MJ,0.05609248903620075
J7.PHATAN.1,PHATAN,Phacelia tanacetifolia,Native,Forb,Native,CalFlora,J7,5,J,7,WWP,Drought,rgr_l_FM,0.00471132142625535
J7.PHATAN.1,PHATAN,Phacelia tanacetifolia,Native,Forb,Native,CalFlora,J7,5,J,7,WWP,Drought,rgr_l_MA,0.00339872631154278
J7.PHATAN.1,PHATAN,Phacelia tanacetifolia,Native,Forb,Native,CalFlora,J7,5,J,7,WWP,Drought,rgr_l_AM,NA
J7.PHATAN.1,PHATAN,Phacelia tanacetifolia,Native,Forb,Native,CalFlora,J7,5,J,7,WWP,Drought,rgr_l_MJ,NA
A3.VICSAT.1,VICSAT,Vicia sativa,Non-native,Forb,Non-native,CalFlora,A3,1,A,3,BORR,Drought,rgr_l_FM,0.01281253642870632
A3.VICSAT.1,VICSAT,Vicia sativa,Non-native,Forb,Non-native,CalFlora,A3,1,A,3,BORR,Drought,rgr_l_MA,0.02838694737023321
A3.VICSAT.1,VICSAT,Vicia sativa,Non-native,Forb,Non-native,CalFlora,A3,1,A,3,BORR,Drought,rgr_l_AM,NA
A3.VICSAT.1,VICSAT,Vicia sativa,Non-native,Forb,Non-native,CalFlora,A3,1,A,3,BORR,Drought,rgr_l_MJ,NA
A4.BRODIA.1,BRODIA,Bromus diandrus,Non-native,Grass,Moderate,Cal IPC,A4,1,A,4,WWP,Drought,rgr_l_FM,NA
A4.BRODIA.1,BRODIA,Bromus diandrus,Non-native,Grass,Moderate,Cal IPC,A4,1,A,4,WWP,Drought,rgr_l_MA,-0.00608093016551974
A4.BRODIA.1,BRODIA,Bromus diandrus,Non-native,Grass,Moderate,Cal IPC,A4,1,A,4,WWP,Drought,rgr_l_AM,NA
A4.BRODIA.1,BRODIA,Bromus diandrus,Non-native,Grass,Moderate,Cal IPC,A4,1,A,4,WWP,Drought,rgr_l_MJ,NA
A6.BROHOR.1,BROHOR,Bromus hordeaceaus,Non-native,Grass,Limited,Cal IPC,A6,1,A,6,SEDG,Drought,rgr_l_FM,NA
A6.BROHOR.1,BROHOR,Bromus hordeaceaus,Non-native,Grass,Limited,Cal IPC,A6,1,A,6,SEDG,Drought,rgr_l_MA,0
A6.BROHOR.1,BROHOR,Bromus hordeaceaus,Non-native,Grass,Limited,Cal IPC,A6,1,A,6,SEDG,Drought,rgr_l_AM,-0.04603451954249448
A6.BROHOR.1,BROHOR,Bromus hordeaceaus,Non-native,Grass,Limited,Cal IPC,A6,1,A,6,SEDG,Drought,rgr_l_MJ,NA
A6.MICCAL.1,MICCAL,Micropus californicus,Native,Forb,Native,CalFlora,A6,1,A,6,SEDG,Drought,rgr_l_FM,0.04948567328583871
A6.MICCAL.1,MICCAL,Micropus californicus,Native,Forb,Native,CalFlora,A6,1,A,6,SEDG,Drought,rgr_l_MA,0.05705246204344793
A6.MICCAL.1,MICCAL,Micropus californicus,Native,Forb,Native,CalFlora,A6,1,A,6,SEDG,Drought,rgr_l_AM,NA
A6.MICCAL.1,MICCAL,Micropus californicus,Native,Forb,Native,CalFlora,A6,1,A,6,SEDG,Drought,rgr_l_MJ,NA
A6.STIPUL.1,STIPUL,Stipa pulchra,Native,Grass,Native,CalFlora,A6,1,A,6,SEDG,Drought,rgr_l_FM,NA
A6.STIPUL.1,STIPUL,Stipa pulchra,Native,Grass,Native,CalFlora,A6,1,A,6,SEDG,Drought,rgr_l_MA,0.02100446001696804
A6.STIPUL.1,STIPUL,Stipa pulchra,Native,Grass,Native,CalFlora,A6,1,A,6,SEDG,Drought,rgr_l_AM,-0.00603090679227595
A6.STIPUL.1,STIPUL,Stipa pulchra,Native,Grass,Native,CalFlora,A6,1,A,6,SEDG,Drought,rgr_l_MJ,0.0151644633865969
A7.BROHOR.1,BROHOR,Bromus hordeaceaus,Non-native,Grass,Limited,Cal IPC,A7,1,A,7,SEDG,Drought,rgr_l_FM,NA
A7.BROHOR.1,BROHOR,Bromus hordeaceaus,Non-native,Grass,Limited,Cal IPC,A7,1,A,7,SEDG,Drought,rgr_l_MA,0.00552489566042287
A7.BROHOR.1,BROHOR,Bromus hordeaceaus,Non-native,Grass,Limited,Cal IPC,A7,1,A,7,SEDG,Drought,rgr_l_AM,-0.04248771314802181
A7.BROHOR.1,BROHOR,Bromus hordeaceaus,Non-native,Grass,Limited,Cal IPC,A7,1,A,7,SEDG,Drought,rgr_l_MJ,NA
A7.MICCAL.1,MICCAL,Micropus californicus,Native,Forb,Native,CalFlora,A7,1,A,7,SEDG,Drought,rgr_l_FM,0.04651803332147099
A7.MICCAL.1,MICCAL,Micropus californicus,Native,Forb,Native,CalFlora,A7,1,A,7,SEDG,Drought,rgr_l_MA,0.02977000851542561
A7.MICCAL.1,MICCAL,Micropus californicus,Native,Forb,Native,CalFlora,A7,1,A,7,SEDG,Drought,rgr_l_AM,NA
A7.MICCAL.1,MICCAL,Micropus californicus,Native,Forb,Native,CalFlora,A7,1,A,7,SEDG,Drought,rgr_l_MJ,NA
A8.LUPBIC.1,LUPBIC,Lupinus bicolor,Native,Forb,Native,CalFlora,A8,1,A,8,MCL,Drought,rgr_l_FM,0.0106949975277186
A8.LUPBIC.1,LUPBIC,Lupinus bicolor,Native,Forb,Native,CalFlora,A8,1,A,8,MCL,Drought,rgr_l_MA,0.0265293556773909
A8.LUPBIC.1,LUPBIC,Lupinus bicolor,Native,Forb,Native,CalFlora,A8,1,A,8,MCL,Drought,rgr_l_AM,NA
A8.LUPBIC.1,LUPBIC,Lupinus bicolor,Native,Forb,Native,CalFlora,A8,1,A,8,MCL,Drought,rgr_l_MJ,NA
A8.MICCAL.1,MICCAL,Micropus californicus,Native,Forb,Native,CalFlora,A8,1,A,8,MCL,Drought,rgr_l_FM,0.03537423911674765
A8.MICCAL.1,MICCAL,Micropus californicus,Native,Forb,Native,CalFlora,A8,1,A,8,MCL,Drought,rgr_l_MA,0.01170960342840817
A8.MICCAL.1,MICCAL,Micropus californicus,Native,Forb,Native,CalFlora,A8,1,A,8,MCL,Drought,rgr_l_AM,NA
A8.MICCAL.1,MICCAL,Micropus californicus,Native,Forb,Native,CalFlora,A8,1,A,8,MCL,Drought,rgr_l_MJ,NA
A8.PLAERE.1,PLAERE,Plantago erecta,Native,Forb,Native,CalFlora,A8,1,A,8,MCL,Drought,rgr_l_FM,0.00669503498072268
A8.PLAERE.1,PLAERE,Plantago erecta,Native,Forb,Native,CalFlora,A8,1,A,8,MCL,Drought,rgr_l_MA,0.00640330586870323
A8.PLAERE.1,PLAERE,Plantago erecta,Native,Forb,Native,CalFlora,A8,1,A,8,MCL,Drought,rgr_l_AM,NA
A8.PLAERE.1,PLAERE,Plantago erecta,Native,Forb,Native,CalFlora,A8,1,A,8,MCL,Drought,rgr_l_MJ,NA
B2.BROMAD.1,BROMAD,Bromus madritensis,Non-native,Grass,High,Cal IPC,B2,2,B,2,MCL,Drought,rgr_l_FM,NA
B2.BROMAD.1,BROMAD,Bromus madritensis,Non-native,Grass,High,Cal IPC,B2,2,B,2,MCL,Drought,rgr_l_MA,-0.00928006685328325
B2.BROMAD.1,BROMAD,Bromus madritensis,Non-native,Grass,High,Cal IPC,B2,2,B,2,MCL,Drought,rgr_l_AM,NA
B2.BROMAD.1,BROMAD,Bromus madritensis,Non-native,Grass,High,Cal IPC,B2,2,B,2,MCL,Drought,rgr_l_MJ,NA
B3.BROHOR.1,BROHOR,Bromus hordeaceaus,Non-native,Grass,Limited,Cal IPC,B3,2,B,3,SEDG,Drought,rgr_l_FM,NA
B3.BROHOR.1,BROHOR,Bromus hordeaceaus,Non-native,Grass,Limited,Cal IPC,B3,2,B,3,SEDG,Drought,rgr_l_MA,-0.01738698389460281
B3.BROHOR.1,BROHOR,Bromus hordeaceaus,Non-native,Grass,Limited,Cal IPC,B3,2,B,3,SEDG,Drought,rgr_l_AM,NA
B3.BROHOR.1,BROHOR,Bromus hordeaceaus,Non-native,Grass,Limited,Cal IPC,B3,2,B,3,SEDG,Drought,rgr_l_MJ,NA
B4.ESCCAL.1,ESCCAL,Eschscholzia californica,Native,Forb,Native,CalFlora,B4,2,B,4,ANGELO,Drought,rgr_l_FM,0.01711851332116866
B4.ESCCAL.1,ESCCAL,Eschscholzia californica,Native,Forb,Native,CalFlora,B4,2,B,4,ANGELO,Drought,rgr_l_MA,0.02870507983245161
B4.ESCCAL.1,ESCCAL,Eschscholzia californica,Native,Forb,Native,CalFlora,B4,2,B,4,ANGELO,Drought,rgr_l_AM,0.01404211490728833
B4.ESCCAL.1,ESCCAL,Eschscholzia californica,Native,Forb,Native,CalFlora,B4,2,B,4,ANGELO,Drought,rgr_l_MJ,-0.00702689706161778
B5.BROHOR.1,BROHOR,Bromus hordeaceaus,Non-native,Grass,Limited,Cal IPC,B5,2,B,5,MCL,Drought,rgr_l_FM,NA
B5.BROHOR.1,BROHOR,Bromus hordeaceaus,Non-native,Grass,Limited,Cal IPC,B5,2,B,5,MCL,Drought,rgr_l_MA,-0.00936628620936867
B5.BROHOR.1,BROHOR,Bromus hordeaceaus,Non-native,Grass,Limited,Cal IPC,B5,2,B,5,MCL,Drought,rgr_l_AM,-0.00381518264641492
B5.BROHOR.1,BROHOR,Bromus hordeaceaus,Non-native,Grass,Limited,Cal IPC,B5,2,B,5,MCL,Drought,rgr_l_MJ,NA
B5.LUPBIC.1,LUPBIC,Lupinus bicolor,Native,Forb,Native,CalFlora,B5,2,B,5,MCL,Drought,rgr_l_FM,0.02796311090401134
B5.LUPBIC.1,LUPBIC,Lupinus bicolor,Native,Forb,Native,CalFlora,B5,2,B,5,MCL,Drought,rgr_l_MA,0.03994480835744688
B5.LUPBIC.1,LUPBIC,Lupinus bicolor,Native,Forb,Native,CalFlora,B5,2,B,5,MCL,Drought,rgr_l_AM,0.02097752732957564
B5.LUPBIC.1,LUPBIC,Lupinus bicolor,Native,Forb,Native,CalFlora,B5,2,B,5,MCL,Drought,rgr_l_MJ,NA
B5.PLAERE.1,PLAERE,Plantago erecta,Native,Forb,Native,CalFlora,B5,2,B,5,MCL,Drought,rgr_l_FM,0.03205296409048881
B5.PLAERE.1,PLAERE,Plantago erecta,Native,Forb,Native,CalFlora,B5,2,B,5,MCL,Drought,rgr_l_MA,0.02469854866917121
B5.PLAERE.1,PLAERE,Plantago erecta,Native,Forb,Native,CalFlora,B5,2,B,5,MCL,Drought,rgr_l_AM,NA
B5.PLAERE.1,PLAERE,Plantago erecta,Native,Forb,Native,CalFlora,B5,2,B,5,MCL,Drought,rgr_l_MJ,NA
B6.BROHOR.1,BROHOR,Bromus hordeaceaus,Non-native,Grass,Limited,Cal IPC,B6,2,B,6,SEDG,Drought,rgr_l_FM,NA
B6.BROHOR.1,BROHOR,Bromus hordeaceaus,Non-native,Grass,Limited,Cal IPC,B6,2,B,6,SEDG,Drought,rgr_l_MA,0.01523362033926043
B6.BROHOR.1,BROHOR,Bromus hordeaceaus,Non-native,Grass,Limited,Cal IPC,B6,2,B,6,SEDG,Drought,rgr_l_AM,NA
B6.BROHOR.1,BROHOR,Bromus hordeaceaus,Non-native,Grass,Limited,Cal IPC,B6,2,B,6,SEDG,Drought,rgr_l_MJ,NA
B6.BROMAD.1,BROMAD,Bromus madritensis,Non-native,Grass,High,Cal IPC,B6,2,B,6,SEDG,Drought,rgr_l_FM,NA
B6.BROMAD.1,BROMAD,Bromus madritensis,Non-native,Grass,High,Cal IPC,B6,2,B,6,SEDG,Drought,rgr_l_MA,-0.00610704014053661
B6.BROMAD.1,BROMAD,Bromus madritensis,Non-native,Grass,High,Cal IPC,B6,2,B,6,SEDG,Drought,rgr_l_AM,NA
B6.BROMAD.1,BROMAD,Bromus madritensis,Non-native,Grass,High,Cal IPC,B6,2,B,6,SEDG,Drought,rgr_l_MJ,NA
B6.ESCCAL.1,ESCCAL,Eschscholzia californica,Native,Forb,Native,CalFlora,B6,2,B,6,SEDG,Drought,rgr_l_FM,0.02193064712827574
B6.ESCCAL.1,ESCCAL,Eschscholzia californica,Native,Forb,Native,CalFlora,B6,2,B,6,SEDG,Drought,rgr_l_MA,-0.00178307711224808
B6.ESCCAL.1,ESCCAL,Eschscholzia californica,Native,Forb,Native,CalFlora,B6,2,B,6,SEDG,Drought,rgr_l_AM,NA
B6.ESCCAL.1,ESCCAL,Eschscholzia californica,Native,Forb,Native,CalFlora,B6,2,B,6,SEDG,Drought,rgr_l_MJ,NA
B6.MICCAL.1,MICCAL,Micropus californicus,Native,Forb,Native,CalFlora,B6,2,B,6,SEDG,Drought,rgr_l_FM,0.05843433519911751
B6.MICCAL.1,MICCAL,Micropus californicus,Native,Forb,Native,CalFlora,B6,2,B,6,SEDG,Drought,rgr_l_MA,0.02835613547719552
B6.MICCAL.1,MICCAL,Micropus californicus,Native,Forb,Native,CalFlora,B6,2,B,6,SEDG,Drought,rgr_l_AM,NA
B6.MICCAL.1,MICCAL,Micropus californicus,Native,Forb,Native,CalFlora,B6,2,B,6,SEDG,Drought,rgr_l_MJ,NA
C4.GERDIS.1,GERDIS,Geranium dissectum,Non-native,Forb,Limited,Cal IPC,C4,3,C,4,BORR,Drought,rgr_l_FM,0.01106469509429926
C4.GERDIS.1,GERDIS,Geranium dissectum,Non-native,Forb,Limited,Cal IPC,C4,3,C,4,BORR,Drought,rgr_l_MA,0
C4.GERDIS.1,GERDIS,Geranium dissectum,Non-native,Forb,Limited,Cal IPC,C4,3,C,4,BORR,Drought,rgr_l_AM,NA
C4.GERDIS.1,GERDIS,Geranium dissectum,Non-native,Forb,Limited,Cal IPC,C4,3,C,4,BORR,Drought,rgr_l_MJ,NA
D2.VICSAT.1,VICSAT,Vicia sativa,Non-native,Forb,Non-native,CalFlora,D2,4,D,2,BORR,Control,rgr_l_FM,0.03389191441548814
D2.VICSAT.1,VICSAT,Vicia sativa,Non-native,Forb,Non-native,CalFlora,D2,4,D,2,BORR,Control,rgr_l_MA,0.01271225188430347
D2.VICSAT.1,VICSAT,Vicia sativa,Non-native,Forb,Non-native,CalFlora,D2,4,D,2,BORR,Control,rgr_l_AM,NA
D2.VICSAT.1,VICSAT,Vicia sativa,Non-native,Forb,Non-native,CalFlora,D2,4,D,2,BORR,Control,rgr_l_MJ,NA
D7.BROMAD.1,BROMAD,Bromus madritensis,Non-native,Grass,High,Cal IPC,D7,4,D,7,SEDG,Control,rgr_l_FM,NA
D7.BROMAD.1,BROMAD,Bromus madritensis,Non-native,Grass,High,Cal IPC,D7,4,D,7,SEDG,Control,rgr_l_MA,0
D7.BROMAD.1,BROMAD,Bromus madritensis,Non-native,Grass,High,Cal IPC,D7,4,D,7,SEDG,Control,rgr_l_AM,NA
D7.BROMAD.1,BROMAD,Bromus madritensis,Non-native,Grass,High,Cal IPC,D7,4,D,7,SEDG,Control,rgr_l_MJ,NA
D8.STIPUL.1,STIPUL,Stipa pulchra,Native,Grass,Native,CalFlora,D8,4,D,8,SEDG,Control,rgr_l_FM,NA
D8.STIPUL.1,STIPUL,Stipa pulchra,Native,Grass,Native,CalFlora,D8,4,D,8,SEDG,Control,rgr_l_MA,0.01351550360360548
D8.STIPUL.1,STIPUL,Stipa pulchra,Native,Grass,Native,CalFlora,D8,4,D,8,SEDG,Control,rgr_l_AM,0.00965393114543249
D8.STIPUL.1,STIPUL,Stipa pulchra,Native,Grass,Native,CalFlora,D8,4,D,8,SEDG,Control,rgr_l_MJ,-0.00692841386214022
E5.STIPUL.1,STIPUL,Stipa pulchra,Native,Grass,Native,CalFlora,E5,5,E,5,SEDG,Control,rgr_l_FM,NA
E5.STIPUL.1,STIPUL,Stipa pulchra,Native,Grass,Native,CalFlora,E5,5,E,5,SEDG,Control,rgr_l_MA,0.00588134054174047
E5.STIPUL.1,STIPUL,Stipa pulchra,Native,Grass,Native,CalFlora,E5,5,E,5,SEDG,Control,rgr_l_AM,0.01013662770270411
E5.STIPUL.1,STIPUL,Stipa pulchra,Native,Grass,Native,CalFlora,E5,5,E,5,SEDG,Control,rgr_l_MJ,-0.03457568617071289
E6.BROHOR.1,BROHOR,Bromus hordeaceaus,Non-native,Grass,Limited,Cal IPC,E6,5,E,6,SEDG,Control,rgr_l_FM,NA
E6.BROHOR.1,BROHOR,Bromus hordeaceaus,Non-native,Grass,Limited,Cal IPC,E6,5,E,6,SEDG,Control,rgr_l_MA,0.00700208081412347
E6.BROHOR.1,BROHOR,Bromus hordeaceaus,Non-native,Grass,Limited,Cal IPC,E6,5,E,6,SEDG,Control,rgr_l_AM,0.0118160662383081
E6.BROHOR.1,BROHOR,Bromus hordeaceaus,Non-native,Grass,Limited,Cal IPC,E6,5,E,6,SEDG,Control,rgr_l_MJ,NA
G8.VICSAT.1,VICSAT,Vicia sativa,Non-native,Forb,Non-native,CalFlora,G8,2,G,8,BORR,Control,rgr_l_FM,0.03204037977452526
G8.VICSAT.1,VICSAT,Vicia sativa,Non-native,Forb,Non-native,CalFlora,G8,2,G,8,BORR,Control,rgr_l_MA,0.00653457833828451
G8.VICSAT.1,VICSAT,Vicia sativa,Non-native,Forb,Non-native,CalFlora,G8,2,G,8,BORR,Control,rgr_l_AM,NA
G8.VICSAT.1,VICSAT,Vicia sativa,Non-native,Forb,Non-native,CalFlora,G8,2,G,8,BORR,Control,rgr_l_MJ,NA
I2.BROHOR.1,BROHOR,Bromus hordeaceaus,Non-native,Grass,Limited,Cal IPC,I2,4,I,2,SEDG,Drought,rgr_l_FM,NA
I2.BROHOR.1,BROHOR,Bromus hordeaceaus,Non-native,Grass,Limited,Cal IPC,I2,4,I,2,SEDG,Drought,rgr_l_MA,0.00899006476411815
I2.BROHOR.1,BROHOR,Bromus hordeaceaus,Non-native,Grass,Limited,Cal IPC,I2,4,I,2,SEDG,Drought,rgr_l_AM,NA
I2.BROHOR.1,BROHOR,Bromus hordeaceaus,Non-native,Grass,Limited,Cal IPC,I2,4,I,2,SEDG,Drought,rgr_l_MJ,NA
I3.BROARE.1,BROARE,Bromus arenarius,Non-native,Grass,Non-native,CalFlora,I3,4,I,3,WWP,Drought,rgr_l_FM,NA
I3.BROARE.1,BROARE,Bromus arenarius,Non-native,Grass,Non-native,CalFlora,I3,4,I,3,WWP,Drought,rgr_l_MA,0.01088458419588174
I3.BROARE.1,BROARE,Bromus arenarius,Non-native,Grass,Non-native,CalFlora,I3,4,I,3,WWP,Drought,rgr_l_AM,-0.00554731469831307
I3.BROARE.1,BROARE,Bromus arenarius,Non-native,Grass,Non-native,CalFlora,I3,4,I,3,WWP,Drought,rgr_l_MJ,NA
I3.EROCIC.1,EROCIC,Erodium cicutarium,Non-native,Forb,Non-native,CalFlora,I3,4,I,3,WWP,Drought,rgr_l_FM,0.01891946754688853
I3.EROCIC.1,EROCIC,Erodium cicutarium,Non-native,Forb,Non-native,CalFlora,I3,4,I,3,WWP,Drought,rgr_l_MA,0.03142255830006556
I3.EROCIC.1,EROCIC,Erodium cicutarium,Non-native,Forb,Non-native,CalFlora,I3,4,I,3,WWP,Drought,rgr_l_AM,0.01993218599531354
I3.EROCIC.1,EROCIC,Erodium cicutarium,Non-native,Forb,Non-native,CalFlora,I3,4,I,3,WWP,Drought,rgr_l_MJ,NA
I7.BROMAD.1,BROMAD,Bromus madritensis,Non-native,Grass,High,Cal IPC,I7,4,I,7,MCL,Drought,rgr_l_FM,NA
I7.BROMAD.1,BROMAD,Bromus madritensis,Non-native,Grass,High,Cal IPC,I7,4,I,7,MCL,Drought,rgr_l_MA,-0.00819888326460908
I7.BROMAD.1,BROMAD,Bromus madritensis,Non-native,Grass,High,Cal IPC,I7,4,I,7,MCL,Drought,rgr_l_AM,NA
I7.BROMAD.1,BROMAD,Bromus madritensis,Non-native,Grass,High,Cal IPC,I7,4,I,7,MCL,Drought,rgr_l_MJ,NA
I7.LUPBIC.1,LUPBIC,Lupinus bicolor,Native,Forb,Native,CalFlora,I7,4,I,7,MCL,Drought,rgr_l_FM,0.01201686559361474
I7.LUPBIC.1,LUPBIC,Lupinus bicolor,Native,Forb,Native,CalFlora,I7,4,I,7,MCL,Drought,rgr_l_MA,0.02755595243948226
I7.LUPBIC.1,LUPBIC,Lupinus bicolor,Native,Forb,Native,CalFlora,I7,4,I,7,MCL,Drought,rgr_l_AM,0.01415969304158792
I7.LUPBIC.1,LUPBIC,Lupinus bicolor,Native,Forb,Native,CalFlora,I7,4,I,7,MCL,Drought,rgr_l_MJ,NA
J3.BROMAD.1,BROMAD,Bromus madritensis,Non-native,Grass,High,Cal IPC,J3,5,J,3,MCL,Drought,rgr_l_FM,NA
J3.BROMAD.1,BROMAD,Bromus madritensis,Non-native,Grass,High,Cal IPC,J3,5,J,3,MCL,Drought,rgr_l_MA,-0.0081988832646091
J3.BROMAD.1,BROMAD,Bromus madritensis,Non-native,Grass,High,Cal IPC,J3,5,J,3,MCL,Drought,rgr_l_AM,NA
J3.BROMAD.1,BROMAD,Bromus madritensis,Non-native,Grass,High,Cal IPC,J3,5,J,3,MCL,Drought,rgr_l_MJ,NA
J5.AVEFAT.1,AVEFAT,Avena fatua,Non-native,Grass,Moderate,Cal IPC,J5,5,J,5,SEDG,Drought,rgr_l_FM,0.0223846315174169
J5.AVEFAT.1,AVEFAT,Avena fatua,Non-native,Grass,Moderate,Cal IPC,J5,5,J,5,SEDG,Drought,rgr_l_MA,0.03433163402087843
J5.AVEFAT.1,AVEFAT,Avena fatua,Non-native,Grass,Moderate,Cal IPC,J5,5,J,5,SEDG,Drought,rgr_l_AM,-0.00640330586870323
J5.AVEFAT.1,AVEFAT,Avena fatua,Non-native,Grass,Moderate,Cal IPC,J5,5,J,5,SEDG,Drought,rgr_l_MJ,NA
J5.BROHOR.1,BROHOR,Bromus hordeaceaus,Non-native,Grass,Limited,Cal IPC,J5,5,J,5,SEDG,Drought,rgr_l_FM,NA
J5.BROHOR.1,BROHOR,Bromus hordeaceaus,Non-native,Grass,Limited,Cal IPC,J5,5,J,5,SEDG,Drought,rgr_l_MA,0.00447190136377104
J5.BROHOR.1,BROHOR,Bromus hordeaceaus,Non-native,Grass,Limited,Cal IPC,J5,5,J,5,SEDG,Drought,rgr_l_AM,NA
J5.BROHOR.1,BROHOR,Bromus hordeaceaus,Non-native,Grass,Limited,Cal IPC,J5,5,J,5,SEDG,Drought,rgr_l_MJ,NA
J6.AVEBAR.1,AVEBAR,Avena barbata,Non-native,Grass,Moderate,Cal IPC,J6,5,J,6,MCL,Drought,rgr_l_FM,0.09094390224483176
J6.AVEBAR.1,AVEBAR,Avena barbata,Non-native,Grass,Moderate,Cal IPC,J6,5,J,6,MCL,Drought,rgr_l_MA,0.01142061792170204
J6.AVEBAR.1,AVEBAR,Avena barbata,Non-native,Grass,Moderate,Cal IPC,J6,5,J,6,MCL,Drought,rgr_l_AM,-0.0115234805842305
J6.AVEBAR.1,AVEBAR,Avena barbata,Non-native,Grass,Moderate,Cal IPC,J6,5,J,6,MCL,Drought,rgr_l_MJ,NA
J6.PLAERE.1,PLAERE,Plantago erecta,Native,Forb,Native,CalFlora,J6,5,J,6,MCL,Drought,rgr_l_FM,0.01621860432432657
J6.PLAERE.1,PLAERE,Plantago erecta,Native,Forb,Native,CalFlora,J6,5,J,6,MCL,Drought,rgr_l_MA,-0.01267078462838013
J6.PLAERE.1,PLAERE,Plantago erecta,Native,Forb,Native,CalFlora,J6,5,J,6,MCL,Drought,rgr_l_AM,NA
J6.PLAERE.1,PLAERE,Plantago erecta,Native,Forb,Native,CalFlora,J6,5,J,6,MCL,Drought,rgr_l_MJ,NA
F3.EROBOT.1,EROBOT,Erodium botrys,Non-native,Forb,Non-native,CalFlora,F3,1,F,3,BORR,Control,rgr_l_FM,0
F3.EROBOT.1,EROBOT,Erodium botrys,Non-native,Forb,Non-native,CalFlora,F3,1,F,3,BORR,Control,rgr_l_MA,0.03443202862452162
F3.EROBOT.1,EROBOT,Erodium botrys,Non-native,Forb,Non-native,CalFlora,F3,1,F,3,BORR,Control,rgr_l_AM,0.05131933236494186
F3.EROBOT.1,EROBOT,Erodium botrys,Non-native,Forb,Non-native,CalFlora,F3,1,F,3,BORR,Control,rgr_l_MJ,NA
F3.VICSAT.1,VICSAT,Vicia sativa,Non-native,Forb,Non-native,CalFlora,F3,1,F,3,BORR,Control,rgr_l_FM,0.03280694139058368
F3.VICSAT.1,VICSAT,Vicia sativa,Non-native,Forb,Non-native,CalFlora,F3,1,F,3,BORR,Control,rgr_l_MA,-8.730278615272397e-4
F3.VICSAT.1,VICSAT,Vicia sativa,Non-native,Forb,Non-native,CalFlora,F3,1,F,3,BORR,Control,rgr_l_AM,NA
F3.VICSAT.1,VICSAT,Vicia sativa,Non-native,Forb,Non-native,CalFlora,F3,1,F,3,BORR,Control,rgr_l_MJ,NA
F4.BROMAD.1,BROMAD,Bromus madritensis,Non-native,Grass,High,Cal IPC,F4,1,F,4,MCL,Control,rgr_l_FM,NA
F4.BROMAD.1,BROMAD,Bromus madritensis,Non-native,Grass,High,Cal IPC,F4,1,F,4,MCL,Control,rgr_l_MA,0.00912732945610628
F4.BROMAD.1,BROMAD,Bromus madritensis,Non-native,Grass,High,Cal IPC,F4,1,F,4,MCL,Control,rgr_l_AM,NA
F4.BROMAD.1,BROMAD,Bromus madritensis,Non-native,Grass,High,Cal IPC,F4,1,F,4,MCL,Control,rgr_l_MJ,NA
G1.VICSAT.1,VICSAT,Vicia sativa,Non-native,Forb,Non-native,CalFlora,G1,2,G,1,BORR,Control,rgr_l_FM,0.03082294983959472
G1.VICSAT.1,VICSAT,Vicia sativa,Non-native,Forb,Non-native,CalFlora,G1,2,G,1,BORR,Control,rgr_l_MA,-0.00882978621709615
G1.VICSAT.1,VICSAT,Vicia sativa,Non-native,Forb,Non-native,CalFlora,G1,2,G,1,BORR,Control,rgr_l_AM,NA
G1.VICSAT.1,VICSAT,Vicia sativa,Non-native,Forb,Non-native,CalFlora,G1,2,G,1,BORR,Control,rgr_l_MJ,NA
G2.LUPBIC.1,LUPBIC,Lupinus bicolor,Native,Forb,Native,CalFlora,G2,2,G,2,MCL,Control,rgr_l_FM,0.01870382242751426
G2.LUPBIC.1,LUPBIC,Lupinus bicolor,Native,Forb,Native,CalFlora,G2,2,G,2,MCL,Control,rgr_l_MA,0.02742114645600481
G2.LUPBIC.1,LUPBIC,Lupinus bicolor,Native,Forb,Native,CalFlora,G2,2,G,2,MCL,Control,rgr_l_AM,0.01589057870039381
G2.LUPBIC.1,LUPBIC,Lupinus bicolor,Native,Forb,Native,CalFlora,G2,2,G,2,MCL,Control,rgr_l_MJ,NA
G4.BROARE.1,BROARE,Bromus arenarius,Non-native,Grass,Non-native,CalFlora,G4,2,G,4,WWP,Control,rgr_l_FM,NA
G4.BROARE.1,BROARE,Bromus arenarius,Non-native,Grass,Non-native,CalFlora,G4,2,G,4,WWP,Control,rgr_l_MA,0.02230071135588239
G4.BROARE.1,BROARE,Bromus arenarius,Non-native,Grass,Non-native,CalFlora,G4,2,G,4,WWP,Control,rgr_l_AM,0.0249799703114414
G4.BROARE.1,BROARE,Bromus arenarius,Non-native,Grass,Non-native,CalFlora,G4,2,G,4,WWP,Control,rgr_l_MJ,NA
H3.BROARE.1,BROARE,Bromus arenarius,Non-native,Grass,Non-native,CalFlora,H3,3,H,3,WWP,Control,rgr_l_FM,NA
H3.BROARE.1,BROARE,Bromus arenarius,Non-native,Grass,Non-native,CalFlora,H3,3,H,3,WWP,Control,rgr_l_MA,0.01301689601738511
H3.BROARE.1,BROARE,Bromus arenarius,Non-native,Grass,Non-native,CalFlora,H3,3,H,3,WWP,Control,rgr_l_AM,0.00864484386768515
H3.BROARE.1,BROARE,Bromus arenarius,Non-native,Grass,Non-native,CalFlora,H3,3,H,3,WWP,Control,rgr_l_MJ,NA
I6.HYPGLA.1,HYPGLA,Hypochaeris glabra,Non-native,Forb,Limited,Cal IPC,I6,4,I,6,ANGELO,Drought,rgr_l_FM,0.01554707397349448
I6.HYPGLA.1,HYPGLA,Hypochaeris glabra,Non-native,Forb,Limited,Cal IPC,I6,4,I,6,ANGELO,Drought,rgr_l_MA,0.02934529075493639
I6.HYPGLA.1,HYPGLA,Hypochaeris glabra,Non-native,Forb,Limited,Cal IPC,I6,4,I,6,ANGELO,Drought,rgr_l_AM,-0.02024034440889125
I6.HYPGLA.1,HYPGLA,Hypochaeris glabra,Non-native,Forb,Limited,Cal IPC,I6,4,I,6,ANGELO,Drought,rgr_l_MJ,NA
D8.CALMEN.1,CALMEN,Calandrinia menziesii,Native,Forb,Native,CalFlora,D8,4,D,8,SEDG,Control,rgr_l_FM,0.04703995809134118
D8.CALMEN.1,CALMEN,Calandrinia menziesii,Native,Forb,Native,CalFlora,D8,4,D,8,SEDG,Control,rgr_l_MA,NA
D8.CALMEN.1,CALMEN,Calandrinia menziesii,Native,Forb,Native,CalFlora,D8,4,D,8,SEDG,Control,rgr_l_AM,NA
D8.CALMEN.1,CALMEN,Calandrinia menziesii,Native,Forb,Native,CalFlora,D8,4,D,8,SEDG,Control,rgr_l_MJ,NA
A5.EROBOT.1,EROBOT,Erodium botrys,Non-native,Forb,Non-native,CalFlora,A5,1,A,5,MCL,Drought,rgr_l_FM,0.01984014292770902
A5.EROBOT.1,EROBOT,Erodium botrys,Non-native,Forb,Non-native,CalFlora,A5,1,A,5,MCL,Drought,rgr_l_MA,0.05397842937456847
A5.EROBOT.1,EROBOT,Erodium botrys,Non-native,Forb,Non-native,CalFlora,A5,1,A,5,MCL,Drought,rgr_l_AM,NA
A5.EROBOT.1,EROBOT,Erodium botrys,Non-native,Forb,Non-native,CalFlora,A5,1,A,5,MCL,Drought,rgr_l_MJ,NA
E5.CORFIL.1,CORFIL,Corethrogyne filaginafolia,Native,Forb,Native,CalFlora,E5,5,E,5,SEDG,Control,rgr_l_FM,0.02665950694461328
E5.CORFIL.1,CORFIL,Corethrogyne filaginafolia,Native,Forb,Native,CalFlora,E5,5,E,5,SEDG,Control,rgr_l_MA,-0.02666705074788606
E5.CORFIL.1,CORFIL,Corethrogyne filaginafolia,Native,Forb,Native,CalFlora,E5,5,E,5,SEDG,Control,rgr_l_AM,0.02952423475658814
E5.CORFIL.1,CORFIL,Corethrogyne filaginafolia,Native,Forb,Native,CalFlora,E5,5,E,5,SEDG,Control,rgr_l_MJ,0.02167616066973704
G4.MIRMUL.1,MIRMUL,Mirabilis multiflora,Native,Forb,Native,CalFlora,G4,2,G,4,WWP,Control,rgr_l_FM,NA
G4.MIRMUL.1,MIRMUL,Mirabilis multiflora,Native,Forb,Native,CalFlora,G4,2,G,4,WWP,Control,rgr_l_MA,NA
G4.MIRMUL.1,MIRMUL,Mirabilis multiflora,Native,Forb,Native,CalFlora,G4,2,G,4,WWP,Control,rgr_l_AM,NA
G4.MIRMUL.1,MIRMUL,Mirabilis multiflora,Native,Forb,Native,CalFlora,G4,2,G,4,WWP,Control,rgr_l_MJ,NA
J1.GERDIS.1,GERDIS,Geranium dissectum,Non-native,Forb,Limited,Cal IPC,J1,5,J,1,BORR,Drought,rgr_l_FM,0.01345888946484851
J1.GERDIS.1,GERDIS,Geranium dissectum,Non-native,Forb,Limited,Cal IPC,J1,5,J,1,BORR,Drought,rgr_l_MA,0.03578538450946884
J1.GERDIS.1,GERDIS,Geranium dissectum,Non-native,Forb,Limited,Cal IPC,J1,5,J,1,BORR,Drought,rgr_l_AM,NA
J1.GERDIS.1,GERDIS,Geranium dissectum,Non-native,Forb,Limited,Cal IPC,J1,5,J,1,BORR,Drought,rgr_l_MJ,NA
I8.ACMPAR.1,ACMPAR,Acmispon parviflorus,Native,Forb,Native,CalFlora,I8,4,I,8,ANGELO,Drought,rgr_l_FM,-0.0209923808893614
I8.ACMPAR.1,ACMPAR,Acmispon parviflorus,Native,Forb,Native,CalFlora,I8,4,I,8,ANGELO,Drought,rgr_l_MA,0.01121574122070709
I8.ACMPAR.1,ACMPAR,Acmispon parviflorus,Native,Forb,Native,CalFlora,I8,4,I,8,ANGELO,Drought,rgr_l_AM,0.01858608623216162
I8.ACMPAR.1,ACMPAR,Acmispon parviflorus,Native,Forb,Native,CalFlora,I8,4,I,8,ANGELO,Drought,rgr_l_MJ,NA
A1.ACMPAR.1,ACMPAR,Acmispon parviflorus,Native,Forb,Native,CalFlora,A1,1,A,1,ANGELO,Drought,rgr_l_FM,-0.00752598503517302
A1.ACMPAR.1,ACMPAR,Acmispon parviflorus,Native,Forb,Native,CalFlora,A1,1,A,1,ANGELO,Drought,rgr_l_MA,0.03125333520178613
A1.ACMPAR.1,ACMPAR,Acmispon parviflorus,Native,Forb,Native,CalFlora,A1,1,A,1,ANGELO,Drought,rgr_l_AM,NA
A1.ACMPAR.1,ACMPAR,Acmispon parviflorus,Native,Forb,Native,CalFlora,A1,1,A,1,ANGELO,Drought,rgr_l_MJ,NA
B4.AIRCAR.1,AIRCAR,Aira caryophyllea,Non-native,Grass,Non-native,CalFlora,B4,2,B,4,ANGELO,Drought,rgr_l_FM,0.01160249091797286
B4.AIRCAR.1,AIRCAR,Aira caryophyllea,Non-native,Grass,Non-native,CalFlora,B4,2,B,4,ANGELO,Drought,rgr_l_MA,-0.01085394311681332
B4.AIRCAR.1,AIRCAR,Aira caryophyllea,Non-native,Grass,Non-native,CalFlora,B4,2,B,4,ANGELO,Drought,rgr_l_AM,-Inf
B4.AIRCAR.1,AIRCAR,Aira caryophyllea,Non-native,Grass,Non-native,CalFlora,B4,2,B,4,ANGELO,Drought,rgr_l_MJ,NA
F2.AMSMEN.1,AMSMEN,Amsinckia menziesii,Native,Forb,Native,CalFlora,F2,1,F,2,WWP,Control,rgr_l_FM,0.00481720874460182
F2.AMSMEN.1,AMSMEN,Amsinckia menziesii,Native,Forb,Native,CalFlora,F2,1,F,2,WWP,Control,rgr_l_MA,NA
F2.AMSMEN.1,AMSMEN,Amsinckia menziesii,Native,Forb,Native,CalFlora,F2,1,F,2,WWP,Control,rgr_l_AM,NA
F2.AMSMEN.1,AMSMEN,Amsinckia menziesii,Native,Forb,Native,CalFlora,F2,1,F,2,WWP,Control,rgr_l_MJ,NA
E7.BRODIA.1,BRODIA,Bromus diandrus,Non-native,Grass,Moderate,Cal IPC,E7,5,E,7,MCL,Control,rgr_l_FM,NA
E7.BRODIA.1,BRODIA,Bromus diandrus,Non-native,Grass,Moderate,Cal IPC,E7,5,E,7,MCL,Control,rgr_l_MA,NA
E7.BRODIA.1,BRODIA,Bromus diandrus,Non-native,Grass,Moderate,Cal IPC,E7,5,E,7,MCL,Control,rgr_l_AM,-0.02844080149808225
E7.BRODIA.1,BRODIA,Bromus diandrus,Non-native,Grass,Moderate,Cal IPC,E7,5,E,7,MCL,Control,rgr_l_MJ,NA
E7.AVEBAR.1,AVEBAR,Avena barbata,Non-native,Grass,Moderate,Cal IPC,E7,5,E,7,MCL,Control,rgr_l_FM,0.08154859754615734
E7.AVEBAR.1,AVEBAR,Avena barbata,Non-native,Grass,Moderate,Cal IPC,E7,5,E,7,MCL,Control,rgr_l_MA,0.01634895491511136
E7.AVEBAR.1,AVEBAR,Avena barbata,Non-native,Grass,Moderate,Cal IPC,E7,5,E,7,MCL,Control,rgr_l_AM,-0.01659513929965779
E7.AVEBAR.1,AVEBAR,Avena barbata,Non-native,Grass,Moderate,Cal IPC,E7,5,E,7,MCL,Control,rgr_l_MJ,NA
I8.BRODIA.1,BRODIA,Bromus diandrus,Non-native,Grass,Moderate,Cal IPC,I8,4,I,8,ANGELO,Drought,rgr_l_FM,NA
I8.BRODIA.1,BRODIA,Bromus diandrus,Non-native,Grass,Moderate,Cal IPC,I8,4,I,8,ANGELO,Drought,rgr_l_MA,0.01285541602706613
I8.BRODIA.1,BRODIA,Bromus diandrus,Non-native,Grass,Moderate,Cal IPC,I8,4,I,8,ANGELO,Drought,rgr_l_AM,-0.04092237115215609
I8.BRODIA.1,BRODIA,Bromus diandrus,Non-native,Grass,Moderate,Cal IPC,I8,4,I,8,ANGELO,Drought,rgr_l_MJ,NA
B2.AVEBAR.1,AVEBAR,Avena barbata,Non-native,Grass,Moderate,Cal IPC,B2,2,B,2,MCL,Drought,rgr_l_FM,NA
B2.AVEBAR.1,AVEBAR,Avena barbata,Non-native,Grass,Moderate,Cal IPC,B2,2,B,2,MCL,Drought,rgr_l_MA,0.02659623169745264
B2.AVEBAR.1,AVEBAR,Avena barbata,Non-native,Grass,Moderate,Cal IPC,B2,2,B,2,MCL,Drought,rgr_l_AM,-0.02194436129305173
B2.AVEBAR.1,AVEBAR,Avena barbata,Non-native,Grass,Moderate,Cal IPC,B2,2,B,2,MCL,Drought,rgr_l_MJ,NA
C1.AVEBAR.1,AVEBAR,Avena barbata,Non-native,Grass,Moderate,Cal IPC,C1,3,C,1,MCL,Drought,rgr_l_FM,NA
C1.AVEBAR.1,AVEBAR,Avena barbata,Non-native,Grass,Moderate,Cal IPC,C1,3,C,1,MCL,Drought,rgr_l_MA,0.05882435989467119
C1.AVEBAR.1,AVEBAR,Avena barbata,Non-native,Grass,Moderate,Cal IPC,C1,3,C,1,MCL,Drought,rgr_l_AM,-0.02737871231351962
C1.AVEBAR.1,AVEBAR,Avena barbata,Non-native,Grass,Moderate,Cal IPC,C1,3,C,1,MCL,Drought,rgr_l_MJ,NA
I1.AVEBAR.1,AVEBAR,Avena barbata,Non-native,Grass,Moderate,Cal IPC,I1,4,I,1,BORR,Drought,rgr_l_FM,0.09499812435042727
I1.AVEBAR.1,AVEBAR,Avena barbata,Non-native,Grass,Moderate,Cal IPC,I1,4,I,1,BORR,Drought,rgr_l_MA,-0.00207029329816252
I1.AVEBAR.1,AVEBAR,Avena barbata,Non-native,Grass,Moderate,Cal IPC,I1,4,I,1,BORR,Drought,rgr_l_AM,-0.00626241168360797
I1.AVEBAR.1,AVEBAR,Avena barbata,Non-native,Grass,Moderate,Cal IPC,I1,4,I,1,BORR,Drought,rgr_l_MJ,NA
E4.AVEBAR.1,AVEBAR,Avena barbata,Non-native,Grass,Moderate,Cal IPC,E4,5,E,4,WWP,Control,rgr_l_FM,NA
E4.AVEBAR.1,AVEBAR,Avena barbata,Non-native,Grass,Moderate,Cal IPC,E4,5,E,4,WWP,Control,rgr_l_MA,0.01514184240925321
E4.AVEBAR.1,AVEBAR,Avena barbata,Non-native,Grass,Moderate,Cal IPC,E4,5,E,4,WWP,Control,rgr_l_AM,0.00181052626468921
E4.AVEBAR.1,AVEBAR,Avena barbata,Non-native,Grass,Moderate,Cal IPC,E4,5,E,4,WWP,Control,rgr_l_MJ,NA
G4.AVEBAR.1,AVEBAR,Avena barbata,Non-native,Grass,Moderate,Cal IPC,G4,2,G,4,WWP,Control,rgr_l_FM,NA
G4.AVEBAR.1,AVEBAR,Avena barbata,Non-native,Grass,Moderate,Cal IPC,G4,2,G,4,WWP,Control,rgr_l_MA,0
G4.AVEBAR.1,AVEBAR,Avena barbata,Non-native,Grass,Moderate,Cal IPC,G4,2,G,4,WWP,Control,rgr_l_AM,0.00298974067201015
G4.AVEBAR.1,AVEBAR,Avena barbata,Non-native,Grass,Moderate,Cal IPC,G4,2,G,4,WWP,Control,rgr_l_MJ,NA
E2.AVEBAR.1,AVEBAR,Avena barbata,Non-native,Grass,Moderate,Cal IPC,E2,5,E,2,WWP,Control,rgr_l_FM,0.08305708651359126
E2.AVEBAR.1,AVEBAR,Avena barbata,Non-native,Grass,Moderate,Cal IPC,E2,5,E,2,WWP,Control,rgr_l_MA,0.01308584902430701
E2.AVEBAR.1,AVEBAR,Avena barbata,Non-native,Grass,Moderate,Cal IPC,E2,5,E,2,WWP,Control,rgr_l_AM,0.00840684208565541
E2.AVEBAR.1,AVEBAR,Avena barbata,Non-native,Grass,Moderate,Cal IPC,E2,5,E,2,WWP,Control,rgr_l_MJ,NA
A8.AVEBAR.1,AVEBAR,Avena barbata,Non-native,Grass,Moderate,Cal IPC,A8,1,A,8,MCL,Drought,rgr_l_FM,NA
A8.AVEBAR.1,AVEBAR,Avena barbata,Non-native,Grass,Moderate,Cal IPC,A8,1,A,8,MCL,Drought,rgr_l_MA,-0.00319274289872199
A8.AVEBAR.1,AVEBAR,Avena barbata,Non-native,Grass,Moderate,Cal IPC,A8,1,A,8,MCL,Drought,rgr_l_AM,-0.03231212613729735
A8.AVEBAR.1,AVEBAR,Avena barbata,Non-native,Grass,Moderate,Cal IPC,A8,1,A,8,MCL,Drought,rgr_l_MJ,NA
J8.AVEFAT.1,AVEFAT,Avena fatua,Non-native,Grass,Moderate,Cal IPC,J8,5,J,8,SEDG,Drought,rgr_l_FM,0.05545177444479561
J8.AVEFAT.1,AVEFAT,Avena fatua,Non-native,Grass,Moderate,Cal IPC,J8,5,J,8,SEDG,Drought,rgr_l_MA,NA
J8.AVEFAT.1,AVEFAT,Avena fatua,Non-native,Grass,Moderate,Cal IPC,J8,5,J,8,SEDG,Drought,rgr_l_AM,NA
J8.AVEFAT.1,AVEFAT,Avena fatua,Non-native,Grass,Moderate,Cal IPC,J8,5,J,8,SEDG,Drought,rgr_l_MJ,NA
D6.AVEBAR.1,AVEBAR,Avena barbata,Non-native,Grass,Moderate,Cal IPC,D6,4,D,6,BORR,Control,rgr_l_FM,0.09129529542706104
D6.AVEBAR.1,AVEBAR,Avena barbata,Non-native,Grass,Moderate,Cal IPC,D6,4,D,6,BORR,Control,rgr_l_MA,-0.00283859361134356
D6.AVEBAR.1,AVEBAR,Avena barbata,Non-native,Grass,Moderate,Cal IPC,D6,4,D,6,BORR,Control,rgr_l_AM,-0.01331414120557107
D6.AVEBAR.1,AVEBAR,Avena barbata,Non-native,Grass,Moderate,Cal IPC,D6,4,D,6,BORR,Control,rgr_l_MJ,NA
J1.AVEBAR.1,AVEBAR,Avena barbata,Non-native,Grass,Moderate,Cal IPC,J1,5,J,1,BORR,Drought,rgr_l_FM,NA
J1.AVEBAR.1,AVEBAR,Avena barbata,Non-native,Grass,Moderate,Cal IPC,J1,5,J,1,BORR,Drought,rgr_l_MA,0
J1.AVEBAR.1,AVEBAR,Avena barbata,Non-native,Grass,Moderate,Cal IPC,J1,5,J,1,BORR,Drought,rgr_l_AM,0.00904524207745444
J1.AVEBAR.1,AVEBAR,Avena barbata,Non-native,Grass,Moderate,Cal IPC,J1,5,J,1,BORR,Drought,rgr_l_MJ,NA
C5.LUPBIC.1,LUPBIC,Lupinus bicolor,Native,Forb,Native,CalFlora,C5,3,C,5,BORR,Drought,rgr_l_FM,NA
C5.LUPBIC.1,LUPBIC,Lupinus bicolor,Native,Forb,Native,CalFlora,C5,3,C,5,BORR,Drought,rgr_l_MA,NA
C5.LUPBIC.1,LUPBIC,Lupinus bicolor,Native,Forb,Native,CalFlora,C5,3,C,5,BORR,Drought,rgr_l_AM,NA
C5.LUPBIC.1,LUPBIC,Lupinus bicolor,Native,Forb,Native,CalFlora,C5,3,C,5,BORR,Drought,rgr_l_MJ,NA
F4.LUPBIC.1,LUPBIC,Lupinus bicolor,Native,Forb,Native,CalFlora,F4,1,F,4,MCL,Control,rgr_l_FM,NA
F4.LUPBIC.1,LUPBIC,Lupinus bicolor,Native,Forb,Native,CalFlora,F4,1,F,4,MCL,Control,rgr_l_MA,0.04151630359744606
F4.LUPBIC.1,LUPBIC,Lupinus bicolor,Native,Forb,Native,CalFlora,F4,1,F,4,MCL,Control,rgr_l_AM,0.03581136658991129
F4.LUPBIC.1,LUPBIC,Lupinus bicolor,Native,Forb,Native,CalFlora,F4,1,F,4,MCL,Control,rgr_l_MJ,NA
C1.LUPBIC.1,LUPBIC,Lupinus bicolor,Native,Forb,Native,CalFlora,C1,3,C,1,MCL,Drought,rgr_l_FM,0.02390162691586017
C1.LUPBIC.1,LUPBIC,Lupinus bicolor,Native,Forb,Native,CalFlora,C1,3,C,1,MCL,Drought,rgr_l_MA,0.00513835599424194
C1.LUPBIC.1,LUPBIC,Lupinus bicolor,Native,Forb,Native,CalFlora,C1,3,C,1,MCL,Drought,rgr_l_AM,NA
C1.LUPBIC.1,LUPBIC,Lupinus bicolor,Native,Forb,Native,CalFlora,C1,3,C,1,MCL,Drought,rgr_l_MJ,NA
D2.TRIHIR.1,TRIHIR,Trifolium hirtum,Non-native,Forb,Limited,Cal IPC,D2,4,D,2,BORR,Control,rgr_l_FM,0.03048560208187587
D2.TRIHIR.1,TRIHIR,Trifolium hirtum,Non-native,Forb,Limited,Cal IPC,D2,4,D,2,BORR,Control,rgr_l_MA,0.01959288883007063
D2.TRIHIR.1,TRIHIR,Trifolium hirtum,Non-native,Forb,Limited,Cal IPC,D2,4,D,2,BORR,Control,rgr_l_AM,0.01386007981642552
D2.TRIHIR.1,TRIHIR,Trifolium hirtum,Non-native,Forb,Limited,Cal IPC,D2,4,D,2,BORR,Control,rgr_l_MJ,NA
F8.LUPBIC.1,LUPBIC,Lupinus bicolor,Native,Forb,Native,CalFlora,F8,1,F,8,BORR,Control,rgr_l_FM,0
F8.LUPBIC.1,LUPBIC,Lupinus bicolor,Native,Forb,Native,CalFlora,F8,1,F,8,BORR,Control,rgr_l_MA,0.04471917293935131
F8.LUPBIC.1,LUPBIC,Lupinus bicolor,Native,Forb,Native,CalFlora,F8,1,F,8,BORR,Control,rgr_l_AM,NA
F8.LUPBIC.1,LUPBIC,Lupinus bicolor,Native,Forb,Native,CalFlora,F8,1,F,8,BORR,Control,rgr_l_MJ,NA
A5.BRODIA.1,BRODIA,Bromus diandrus,Non-native,Grass,Moderate,Cal IPC,A5,1,A,5,MCL,Drought,rgr_l_FM,NA
A5.BRODIA.1,BRODIA,Bromus diandrus,Non-native,Grass,Moderate,Cal IPC,A5,1,A,5,MCL,Drought,rgr_l_MA,-0.00365539356935196
A5.BRODIA.1,BRODIA,Bromus diandrus,Non-native,Grass,Moderate,Cal IPC,A5,1,A,5,MCL,Drought,rgr_l_AM,-0.02730032700078389
A5.BRODIA.1,BRODIA,Bromus diandrus,Non-native,Grass,Moderate,Cal IPC,A5,1,A,5,MCL,Drought,rgr_l_MJ,NA
B2.EROBOT.1,EROBOT,Erodium botrys,Non-native,Forb,Non-native,CalFlora,B2,2,B,2,MCL,Drought,rgr_l_FM,0.02796311090401133
B2.EROBOT.1,EROBOT,Erodium botrys,Non-native,Forb,Non-native,CalFlora,B2,2,B,2,MCL,Drought,rgr_l_MA,0.01753598214803167
B2.EROBOT.1,EROBOT,Erodium botrys,Non-native,Forb,Non-native,CalFlora,B2,2,B,2,MCL,Drought,rgr_l_AM,NA
B2.EROBOT.1,EROBOT,Erodium botrys,Non-native,Forb,Non-native,CalFlora,B2,2,B,2,MCL,Drought,rgr_l_MJ,NA
F5.LUPBIC.1,LUPBIC,Lupinus bicolor,Native,Forb,Native,CalFlora,F5,1,F,5,MCL,Control,rgr_l_FM,0
F5.LUPBIC.1,LUPBIC,Lupinus bicolor,Native,Forb,Native,CalFlora,F5,1,F,5,MCL,Control,rgr_l_MA,-0.01398155545200566
F5.LUPBIC.1,LUPBIC,Lupinus bicolor,Native,Forb,Native,CalFlora,F5,1,F,5,MCL,Control,rgr_l_AM,NA
F5.LUPBIC.1,LUPBIC,Lupinus bicolor,Native,Forb,Native,CalFlora,F5,1,F,5,MCL,Control,rgr_l_MJ,NA
H2.HYPGLA.1,HYPGLA,Hypochaeris glabra,Non-native,Forb,Limited,Cal IPC,H2,3,H,2,ANGELO,Control,rgr_l_FM,0.00339872631154278
H2.HYPGLA.1,HYPGLA,Hypochaeris glabra,Non-native,Forb,Limited,Cal IPC,H2,3,H,2,ANGELO,Control,rgr_l_MA,0
H2.HYPGLA.1,HYPGLA,Hypochaeris glabra,Non-native,Forb,Limited,Cal IPC,H2,3,H,2,ANGELO,Control,rgr_l_AM,-0.00263401289144565
H2.HYPGLA.1,HYPGLA,Hypochaeris glabra,Non-native,Forb,Limited,Cal IPC,H2,3,H,2,ANGELO,Control,rgr_l_MJ,NA
G1.MADGRA.1,MADGRA,Madia gracilis,Native,Forb,Native,CalFlora,G1,2,G,1,BORR,Control,rgr_l_FM,0.0273321890447485
G1.MADGRA.1,MADGRA,Madia gracilis,Native,Forb,Native,CalFlora,G1,2,G,1,BORR,Control,rgr_l_MA,0.02931307892488065
G1.MADGRA.1,MADGRA,Madia gracilis,Native,Forb,Native,CalFlora,G1,2,G,1,BORR,Control,rgr_l_AM,0.05276008235624103
G1.MADGRA.1,MADGRA,Madia gracilis,Native,Forb,Native,CalFlora,G1,2,G,1,BORR,Control,rgr_l_MJ,NA
B2.LUPBIC.1,LUPBIC,Lupinus bicolor,Native,Forb,Native,CalFlora,B2,2,B,2,MCL,Drought,rgr_l_FM,0.08108190541943026
B2.LUPBIC.1,LUPBIC,Lupinus bicolor,Native,Forb,Native,CalFlora,B2,2,B,2,MCL,Drought,rgr_l_MA,0.04800248565902688
B2.LUPBIC.1,LUPBIC,Lupinus bicolor,Native,Forb,Native,CalFlora,B2,2,B,2,MCL,Drought,rgr_l_AM,0.01347414640007645
B2.LUPBIC.1,LUPBIC,Lupinus bicolor,Native,Forb,Native,CalFlora,B2,2,B,2,MCL,Drought,rgr_l_MJ,NA
H4.LUPBIC.1,LUPBIC,Lupinus bicolor,Native,Forb,Native,CalFlora,H4,3,H,4,MCL,Control,rgr_l_FM,0.02955776554432759
H4.LUPBIC.1,LUPBIC,Lupinus bicolor,Native,Forb,Native,CalFlora,H4,3,H,4,MCL,Control,rgr_l_MA,0.00381240719217299
H4.LUPBIC.1,LUPBIC,Lupinus bicolor,Native,Forb,Native,CalFlora,H4,3,H,4,MCL,Control,rgr_l_AM,NA
H4.LUPBIC.1,LUPBIC,Lupinus bicolor,Native,Forb,Native,CalFlora,H4,3,H,4,MCL,Control,rgr_l_MJ,NA
F7.EROCIC.1,EROCIC,Erodium cicutarium,Non-native,Forb,Non-native,CalFlora,F7,1,F,7,WWP,Control,rgr_l_FM,NA
F7.EROCIC.1,EROCIC,Erodium cicutarium,Non-native,Forb,Non-native,CalFlora,F7,1,F,7,WWP,Control,rgr_l_MA,NA
F7.EROCIC.1,EROCIC,Erodium cicutarium,Non-native,Forb,Non-native,CalFlora,F7,1,F,7,WWP,Control,rgr_l_AM,0.016906028794145
F7.EROCIC.1,EROCIC,Erodium cicutarium,Non-native,Forb,Non-native,CalFlora,F7,1,F,7,WWP,Control,rgr_l_MJ,NA
C4.LUPBIC.1,LUPBIC,Lupinus bicolor,Native,Forb,Native,CalFlora,C4,3,C,4,BORR,Drought,rgr_l_FM,0.00701236756899825
C4.LUPBIC.1,LUPBIC,Lupinus bicolor,Native,Forb,Native,CalFlora,C4,3,C,4,BORR,Drought,rgr_l_MA,0.01351550360360548
C4.LUPBIC.1,LUPBIC,Lupinus bicolor,Native,Forb,Native,CalFlora,C4,3,C,4,BORR,Drought,rgr_l_AM,0.01004165346088724
C4.LUPBIC.1,LUPBIC,Lupinus bicolor,Native,Forb,Native,CalFlora,C4,3,C,4,BORR,Drought,rgr_l_MJ,NA
A2.CAUCOU.1,CAUCOU,Caulanthus coulteri,Native,Forb,Native,CalFlora,A2,1,A,2,WWP,Drought,rgr_l_FM,NA
A2.CAUCOU.1,CAUCOU,Caulanthus coulteri,Native,Forb,Native,CalFlora,A2,1,A,2,WWP,Drought,rgr_l_MA,-0.01695805417986129
A2.CAUCOU.1,CAUCOU,Caulanthus coulteri,Native,Forb,Native,CalFlora,A2,1,A,2,WWP,Drought,rgr_l_AM,NA
A2.CAUCOU.1,CAUCOU,Caulanthus coulteri,Native,Forb,Native,CalFlora,A2,1,A,2,WWP,Drought,rgr_l_MJ,NA
A3.TRIHIR.1,TRIHIR,Trifolium hirtum,Non-native,Forb,Limited,Cal IPC,A3,1,A,3,BORR,Drought,rgr_l_FM,0.03788318236786585
A3.TRIHIR.1,TRIHIR,Trifolium hirtum,Non-native,Forb,Limited,Cal IPC,A3,1,A,3,BORR,Drought,rgr_l_MA,-0.02100446001696803
A3.TRIHIR.1,TRIHIR,Trifolium hirtum,Non-native,Forb,Limited,Cal IPC,A3,1,A,3,BORR,Drought,rgr_l_AM,NA
A3.TRIHIR.1,TRIHIR,Trifolium hirtum,Non-native,Forb,Limited,Cal IPC,A3,1,A,3,BORR,Drought,rgr_l_MJ,NA
C5.CLAPUR.1,CLAPUR,Clarkia purpurea,Native,Forb,Native,CalFlora,C5,3,C,5,BORR,Drought,rgr_l_FM,0.05040653900502224
C5.CLAPUR.1,CLAPUR,Clarkia purpurea,Native,Forb,Native,CalFlora,C5,3,C,5,BORR,Drought,rgr_l_MA,0.03637714569536027
C5.CLAPUR.1,CLAPUR,Clarkia purpurea,Native,Forb,Native,CalFlora,C5,3,C,5,BORR,Drought,rgr_l_AM,-0.02066580147285861
C5.CLAPUR.1,CLAPUR,Clarkia purpurea,Native,Forb,Native,CalFlora,C5,3,C,5,BORR,Drought,rgr_l_MJ,NA
E4.PHATAN.1-E2,PHATAN,Phacelia tanacetifolia,Native,Forb,Native,CalFlora,E4,5,E,4,WWP,Control,rgr_l_FM,NA
E4.PHATAN.1-E2,PHATAN,Phacelia tanacetifolia,Native,Forb,Native,CalFlora,E4,5,E,4,WWP,Control,rgr_l_MA,-Inf
E4.PHATAN.1-E2,PHATAN,Phacelia tanacetifolia,Native,Forb,Native,CalFlora,E4,5,E,4,WWP,Control,rgr_l_AM,NA
E4.PHATAN.1-E2,PHATAN,Phacelia tanacetifolia,Native,Forb,Native,CalFlora,E4,5,E,4,WWP,Control,rgr_l_MJ,NA
G6.ESCCAL.1,ESCCAL,Eschscholzia californica,Native,Forb,Native,CalFlora,G6,2,G,6,ANGELO,Control,rgr_l_FM,0.02235958646967564
G6.ESCCAL.1,ESCCAL,Eschscholzia californica,Native,Forb,Native,CalFlora,G6,2,G,6,ANGELO,Control,rgr_l_MA,0.00405232752530101
G6.ESCCAL.1,ESCCAL,Eschscholzia californica,Native,Forb,Native,CalFlora,G6,2,G,6,ANGELO,Control,rgr_l_AM,0.01043464121264655
G6.ESCCAL.1,ESCCAL,Eschscholzia californica,Native,Forb,Native,CalFlora,G6,2,G,6,ANGELO,Control,rgr_l_MJ,-0.19077706691584145
H6.DAUPUS.1,DAUPUS,Daucus pusillus,Native,Forb,Native,CalFlora,H6,3,H,6,ANGELO,Control,rgr_l_FM,0.0273321890447485
H6.DAUPUS.1,DAUPUS,Daucus pusillus,Native,Forb,Native,CalFlora,H6,3,H,6,ANGELO,Control,rgr_l_MA,0
H6.DAUPUS.1,DAUPUS,Daucus pusillus,Native,Forb,Native,CalFlora,H6,3,H,6,ANGELO,Control,rgr_l_AM,-0.02982768972608019
H6.DAUPUS.1,DAUPUS,Daucus pusillus,Native,Forb,Native,CalFlora,H6,3,H,6,ANGELO,Control,rgr_l_MJ,NA
J3.PLAERE.1,PLAERE,Plantago erecta,Native,Forb,Native,CalFlora,J3,5,J,3,MCL,Drought,rgr_l_FM,0.02043302495063962
J3.PLAERE.1,PLAERE,Plantago erecta,Native,Forb,Native,CalFlora,J3,5,J,3,MCL,Drought,rgr_l_MA,-0.01346196612788919
J3.PLAERE.1,PLAERE,Plantago erecta,Native,Forb,Native,CalFlora,J3,5,J,3,MCL,Drought,rgr_l_AM,NA
J3.PLAERE.1,PLAERE,Plantago erecta,Native,Forb,Native,CalFlora,J3,5,J,3,MCL,Drought,rgr_l_MJ,NA
A7.AVEFAT.1,AVEFAT,Avena fatua,Non-native,Grass,Moderate,Cal IPC,A7,1,A,7,SEDG,Drought,rgr_l_FM,NA
A7.AVEFAT.1,AVEFAT,Avena fatua,Non-native,Grass,Moderate,Cal IPC,A7,1,A,7,SEDG,Drought,rgr_l_MA,0.00520758354323209
A7.AVEFAT.1,AVEFAT,Avena fatua,Non-native,Grass,Moderate,Cal IPC,A7,1,A,7,SEDG,Drought,rgr_l_AM,-0.00898181322209358
A7.AVEFAT.1,AVEFAT,Avena fatua,Non-native,Grass,Moderate,Cal IPC,A7,1,A,7,SEDG,Drought,rgr_l_MJ,NA
C2.AVEFAT.1,AVEFAT,Avena fatua,Non-native,Grass,Moderate,Cal IPC,C2,3,C,2,SEDG,Drought,rgr_l_FM,NA
C2.AVEFAT.1,AVEFAT,Avena fatua,Non-native,Grass,Moderate,Cal IPC,C2,3,C,2,SEDG,Drought,rgr_l_MA,-0.00404536190014224
C2.AVEFAT.1,AVEFAT,Avena fatua,Non-native,Grass,Moderate,Cal IPC,C2,3,C,2,SEDG,Drought,rgr_l_AM,-0.01252156945517586
C2.AVEFAT.1,AVEFAT,Avena fatua,Non-native,Grass,Moderate,Cal IPC,C2,3,C,2,SEDG,Drought,rgr_l_MJ,NA
I5.BRODIA.1,BRODIA,Bromus diandrus,Non-native,Grass,Moderate,Cal IPC,I5,4,I,5,ANGELO,Drought,rgr_l_FM,NA
I5.BRODIA.1,BRODIA,Bromus diandrus,Non-native,Grass,Moderate,Cal IPC,I5,4,I,5,ANGELO,Drought,rgr_l_MA,-0.00596264042009938
I5.BRODIA.1,BRODIA,Bromus diandrus,Non-native,Grass,Moderate,Cal IPC,I5,4,I,5,ANGELO,Drought,rgr_l_AM,-0.00731475365673547
I5.BRODIA.1,BRODIA,Bromus diandrus,Non-native,Grass,Moderate,Cal IPC,I5,4,I,5,ANGELO,Drought,rgr_l_MJ,NA
C4.CLAPUR.1,CLAPUR,Clarkia purpurea,Native,Forb,Native,CalFlora,C4,3,C,4,BORR,Drought,rgr_l_FM,0.04080276771866396
C4.CLAPUR.1,CLAPUR,Clarkia purpurea,Native,Forb,Native,CalFlora,C4,3,C,4,BORR,Drought,rgr_l_MA,0.02976477892923879
C4.CLAPUR.1,CLAPUR,Clarkia purpurea,Native,Forb,Native,CalFlora,C4,3,C,4,BORR,Drought,rgr_l_AM,-0.01633658089177937
C4.CLAPUR.1,CLAPUR,Clarkia purpurea,Native,Forb,Native,CalFlora,C4,3,C,4,BORR,Drought,rgr_l_MJ,NA
A1.DAUPUS.1,DAUPUS,Daucus pusillus,Native,Forb,Native,CalFlora,A1,1,A,1,ANGELO,Drought,rgr_l_FM,5.5549418419304514e-5
A1.DAUPUS.1,DAUPUS,Daucus pusillus,Native,Forb,Native,CalFlora,A1,1,A,1,ANGELO,Drought,rgr_l_MA,-0.01468761341392923
A1.DAUPUS.1,DAUPUS,Daucus pusillus,Native,Forb,Native,CalFlora,A1,1,A,1,ANGELO,Drought,rgr_l_AM,0.01085394311681332
A1.DAUPUS.1,DAUPUS,Daucus pusillus,Native,Forb,Native,CalFlora,A1,1,A,1,ANGELO,Drought,rgr_l_MJ,NA
A3.AVEBAR.1,AVEBAR,Avena barbata,Non-native,Grass,Moderate,Cal IPC,A3,1,A,3,BORR,Drought,rgr_l_FM,NA
A3.AVEBAR.1,AVEBAR,Avena barbata,Non-native,Grass,Moderate,Cal IPC,A3,1,A,3,BORR,Drought,rgr_l_MA,0.00795043225659064
A3.AVEBAR.1,AVEBAR,Avena barbata,Non-native,Grass,Moderate,Cal IPC,A3,1,A,3,BORR,Drought,rgr_l_AM,-0.00974579811630714
A3.AVEBAR.1,AVEBAR,Avena barbata,Non-native,Grass,Moderate,Cal IPC,A3,1,A,3,BORR,Drought,rgr_l_MJ,NA
A4.BROARE.1,BROARE,Bromus arenarius,Non-native,Grass,Non-native,CalFlora,A4,1,A,4,WWP,Drought,rgr_l_FM,NA
A4.BROARE.1,BROARE,Bromus arenarius,Non-native,Grass,Non-native,CalFlora,A4,1,A,4,WWP,Drought,rgr_l_MA,0.00506224498979291
A4.BROARE.1,BROARE,Bromus arenarius,Non-native,Grass,Non-native,CalFlora,A4,1,A,4,WWP,Drought,rgr_l_AM,-0.00228693450495818
A4.BROARE.1,BROARE,Bromus arenarius,Non-native,Grass,Non-native,CalFlora,A4,1,A,4,WWP,Drought,rgr_l_MJ,NA
G2.HOLVIR.1,HOLVIR,Holocarpha virgata,Native,Forb,Native,CalFlora,G2,2,G,2,MCL,Control,rgr_l_FM,0.01647824592793519
G2.HOLVIR.1,HOLVIR,Holocarpha virgata,Native,Forb,Native,CalFlora,G2,2,G,2,MCL,Control,rgr_l_MA,0.02853605172036066
G2.HOLVIR.1,HOLVIR,Holocarpha virgata,Native,Forb,Native,CalFlora,G2,2,G,2,MCL,Control,rgr_l_AM,0.121918019549563
G2.HOLVIR.1,HOLVIR,Holocarpha virgata,Native,Forb,Native,CalFlora,G2,2,G,2,MCL,Control,rgr_l_MJ,0.03907411254816316
D7.STIPUL.1,STIPUL,Stipa pulchra,Native,Grass,Native,CalFlora,D7,4,D,7,SEDG,Control,rgr_l_FM,NA
D7.STIPUL.1,STIPUL,Stipa pulchra,Native,Grass,Native,CalFlora,D7,4,D,7,SEDG,Control,rgr_l_MA,NA
D7.STIPUL.1,STIPUL,Stipa pulchra,Native,Grass,Native,CalFlora,D7,4,D,7,SEDG,Control,rgr_l_AM,0.01051982743521521
D7.STIPUL.1,STIPUL,Stipa pulchra,Native,Grass,Native,CalFlora,D7,4,D,7,SEDG,Control,rgr_l_MJ,-0.00435929247963068
A1.AIRCAR.1,AIRCAR,Aira caryophyllea,Non-native,Grass,Non-native,CalFlora,A1,1,A,1,ANGELO,Drought,rgr_l_FM,0.03159623213359156
A1.AIRCAR.1,AIRCAR,Aira caryophyllea,Non-native,Grass,Non-native,CalFlora,A1,1,A,1,ANGELO,Drought,rgr_l_MA,-0.00697323597856906
A1.AIRCAR.1,AIRCAR,Aira caryophyllea,Non-native,Grass,Non-native,CalFlora,A1,1,A,1,ANGELO,Drought,rgr_l_AM,-Inf
A1.AIRCAR.1,AIRCAR,Aira caryophyllea,Non-native,Grass,Non-native,CalFlora,A1,1,A,1,ANGELO,Drought,rgr_l_MJ,NA
A1.BRODIA.1,BRODIA,Bromus diandrus,Non-native,Grass,Moderate,Cal IPC,A1,1,A,1,ANGELO,Drought,rgr_l_FM,NA
A1.BRODIA.1,BRODIA,Bromus diandrus,Non-native,Grass,Moderate,Cal IPC,A1,1,A,1,ANGELO,Drought,rgr_l_MA,0.00451622967152991
A1.BRODIA.1,BRODIA,Bromus diandrus,Non-native,Grass,Moderate,Cal IPC,A1,1,A,1,ANGELO,Drought,rgr_l_AM,-0.03228185234777753
A1.BRODIA.1,BRODIA,Bromus diandrus,Non-native,Grass,Moderate,Cal IPC,A1,1,A,1,ANGELO,Drought,rgr_l_MJ,NA
A1.BROHOR.1,BROHOR,Bromus hordeaceaus,Non-native,Grass,Limited,Cal IPC,A1,1,A,1,ANGELO,Drought,rgr_l_FM,NA
A1.BROHOR.1,BROHOR,Bromus hordeaceaus,Non-native,Grass,Limited,Cal IPC,A1,1,A,1,ANGELO,Drought,rgr_l_MA,0.01519635640447736
A1.BROHOR.1,BROHOR,Bromus hordeaceaus,Non-native,Grass,Limited,Cal IPC,A1,1,A,1,ANGELO,Drought,rgr_l_AM,-0.01496684415697311
A1.BROHOR.1,BROHOR,Bromus hordeaceaus,Non-native,Grass,Limited,Cal IPC,A1,1,A,1,ANGELO,Drought,rgr_l_MJ,NA
A1.CLAPUR.1,CLAPUR,Clarkia purpurea,Native,Forb,Native,CalFlora,A1,1,A,1,ANGELO,Drought,rgr_l_FM,0.01257390046854859
A1.CLAPUR.1,CLAPUR,Clarkia purpurea,Native,Forb,Native,CalFlora,A1,1,A,1,ANGELO,Drought,rgr_l_MA,0.03747765536814931
A1.CLAPUR.1,CLAPUR,Clarkia purpurea,Native,Forb,Native,CalFlora,A1,1,A,1,ANGELO,Drought,rgr_l_AM,-0.0135890122180737
A1.CLAPUR.1,CLAPUR,Clarkia purpurea,Native,Forb,Native,CalFlora,A1,1,A,1,ANGELO,Drought,rgr_l_MJ,NA
A1.GALPAR.1,GALPAR,Galium parisiense,Non-native,Forb,Non-native,CalFlora,A1,1,A,1,ANGELO,Drought,rgr_l_FM,NA
A1.GALPAR.1,GALPAR,Galium parisiense,Non-native,Forb,Non-native,CalFlora,A1,1,A,1,ANGELO,Drought,rgr_l_MA,0.0394822046115406
A1.GALPAR.1,GALPAR,Galium parisiense,Non-native,Forb,Non-native,CalFlora,A1,1,A,1,ANGELO,Drought,rgr_l_AM,0.00958715503473472
A1.GALPAR.1,GALPAR,Galium parisiense,Non-native,Forb,Non-native,CalFlora,A1,1,A,1,ANGELO,Drought,rgr_l_MJ,NA
A2.AMSMEN.1,AMSMEN,Amsinckia menziesii,Native,Forb,Native,CalFlora,A2,1,A,2,WWP,Drought,rgr_l_FM,0.02543444631485444
A2.AMSMEN.1,AMSMEN,Amsinckia menziesii,Native,Forb,Native,CalFlora,A2,1,A,2,WWP,Drought,rgr_l_MA,0.04134289255760955
A2.AMSMEN.1,AMSMEN,Amsinckia menziesii,Native,Forb,Native,CalFlora,A2,1,A,2,WWP,Drought,rgr_l_AM,NA
A2.AMSMEN.1,AMSMEN,Amsinckia menziesii,Native,Forb,Native,CalFlora,A2,1,A,2,WWP,Drought,rgr_l_MJ,NA
A2.AVEBAR.1,AVEBAR,Avena barbata,Non-native,Grass,Moderate,Cal IPC,A2,1,A,2,WWP,Drought,rgr_l_FM,NA
A2.AVEBAR.1,AVEBAR,Avena barbata,Non-native,Grass,Moderate,Cal IPC,A2,1,A,2,WWP,Drought,rgr_l_MA,-0.00871763855914487
A2.AVEBAR.1,AVEBAR,Avena barbata,Non-native,Grass,Moderate,Cal IPC,A2,1,A,2,WWP,Drought,rgr_l_AM,NA
A2.AVEBAR.1,AVEBAR,Avena barbata,Non-native,Grass,Moderate,Cal IPC,A2,1,A,2,WWP,Drought,rgr_l_MJ,NA
A2.BROARE.1,BROARE,Bromus arenarius,Non-native,Grass,Non-native,CalFlora,A2,1,A,2,WWP,Drought,rgr_l_FM,NA
A2.BROARE.1,BROARE,Bromus arenarius,Non-native,Grass,Non-native,CalFlora,A2,1,A,2,WWP,Drought,rgr_l_MA,0
A2.BROARE.1,BROARE,Bromus arenarius,Non-native,Grass,Non-native,CalFlora,A2,1,A,2,WWP,Drought,rgr_l_AM,NA
A2.BROARE.1,BROARE,Bromus arenarius,Non-native,Grass,Non-native,CalFlora,A2,1,A,2,WWP,Drought,rgr_l_MJ,NA
A2.BRODIA.1,BRODIA,Bromus diandrus,Non-native,Grass,Moderate,Cal IPC,A2,1,A,2,WWP,Drought,rgr_l_FM,NA
A2.BRODIA.1,BRODIA,Bromus diandrus,Non-native,Grass,Moderate,Cal IPC,A2,1,A,2,WWP,Drought,rgr_l_MA,NA
A2.BRODIA.1,BRODIA,Bromus diandrus,Non-native,Grass,Moderate,Cal IPC,A2,1,A,2,WWP,Drought,rgr_l_AM,NA
A2.BRODIA.1,BRODIA,Bromus diandrus,Non-native,Grass,Moderate,Cal IPC,A2,1,A,2,WWP,Drought,rgr_l_MJ,NA
A2.BROMAD.1,BROMAD,Bromus madritensis,Non-native,Grass,High,Cal IPC,A2,1,A,2,WWP,Drought,rgr_l_FM,NA
A2.BROMAD.1,BROMAD,Bromus madritensis,Non-native,Grass,High,Cal IPC,A2,1,A,2,WWP,Drought,rgr_l_MA,-0.01019612838246099
A2.BROMAD.1,BROMAD,Bromus madritensis,Non-native,Grass,High,Cal IPC,A2,1,A,2,WWP,Drought,rgr_l_AM,NA
A2.BROMAD.1,BROMAD,Bromus madritensis,Non-native,Grass,High,Cal IPC,A2,1,A,2,WWP,Drought,rgr_l_MJ,NA
A2.ESCCAL.1,ESCCAL,Eschscholzia californica,Native,Forb,Native,CalFlora,A2,1,A,2,WWP,Drought,rgr_l_FM,0.00769460521773138
A2.ESCCAL.1,ESCCAL,Eschscholzia californica,Native,Forb,Native,CalFlora,A2,1,A,2,WWP,Drought,rgr_l_MA,0.01019612838246098
A2.ESCCAL.1,ESCCAL,Eschscholzia californica,Native,Forb,Native,CalFlora,A2,1,A,2,WWP,Drought,rgr_l_AM,0.04094021973501992
A2.ESCCAL.1,ESCCAL,Eschscholzia californica,Native,Forb,Native,CalFlora,A2,1,A,2,WWP,Drought,rgr_l_MJ,7.662956740186466e-4
A3.GERDIS.1,GERDIS,Geranium dissectum,Non-native,Forb,Limited,Cal IPC,A3,1,A,3,BORR,Drought,rgr_l_FM,0.01761467668158588
A3.GERDIS.1,GERDIS,Geranium dissectum,Non-native,Forb,Limited,Cal IPC,A3,1,A,3,BORR,Drought,rgr_l_MA,0.00552489566042286
A3.GERDIS.1,GERDIS,Geranium dissectum,Non-native,Forb,Limited,Cal IPC,A3,1,A,3,BORR,Drought,rgr_l_AM,NA
A3.GERDIS.1,GERDIS,Geranium dissectum,Non-native,Forb,Limited,Cal IPC,A3,1,A,3,BORR,Drought,rgr_l_MJ,NA
A3.MADGRA.1,MADGRA,Madia gracilis,Native,Forb,Native,CalFlora,A3,1,A,3,BORR,Drought,rgr_l_FM,0.03550411783383303
A3.MADGRA.1,MADGRA,Madia gracilis,Native,Forb,Native,CalFlora,A3,1,A,3,BORR,Drought,rgr_l_MA,0.04384602978594926
A3.MADGRA.1,MADGRA,Madia gracilis,Native,Forb,Native,CalFlora,A3,1,A,3,BORR,Drought,rgr_l_AM,0.03116245171017305
A3.MADGRA.1,MADGRA,Madia gracilis,Native,Forb,Native,CalFlora,A3,1,A,3,BORR,Drought,rgr_l_MJ,NA
A3.TORARV.1,TORARV,Torilis arvensis,Non-native,Forb,Moderate,Cal IPC,A3,1,A,3,BORR,Drought,rgr_l_FM,0.00992007146385451
A3.TORARV.1,TORARV,Torilis arvensis,Non-native,Forb,Moderate,Cal IPC,A3,1,A,3,BORR,Drought,rgr_l_MA,0
A3.TORARV.1,TORARV,Torilis arvensis,Non-native,Forb,Moderate,Cal IPC,A3,1,A,3,BORR,Drought,rgr_l_AM,0.03914884276548024
A3.TORARV.1,TORARV,Torilis arvensis,Non-native,Forb,Moderate,Cal IPC,A3,1,A,3,BORR,Drought,rgr_l_MJ,NA
A4.AMSMEN.1,AMSMEN,Amsinckia menziesii,Native,Forb,Native,CalFlora,A4,1,A,4,WWP,Drought,rgr_l_FM,0.00345115374334423
A4.AMSMEN.1,AMSMEN,Amsinckia menziesii,Native,Forb,Native,CalFlora,A4,1,A,4,WWP,Drought,rgr_l_MA,0.03515667217174371
A4.AMSMEN.1,AMSMEN,Amsinckia menziesii,Native,Forb,Native,CalFlora,A4,1,A,4,WWP,Drought,rgr_l_AM,NA
A4.AMSMEN.1,AMSMEN,Amsinckia menziesii,Native,Forb,Native,CalFlora,A4,1,A,4,WWP,Drought,rgr_l_MJ,NA
A4.AVEBAR.1,AVEBAR,Avena barbata,Non-native,Grass,Moderate,Cal IPC,A4,1,A,4,WWP,Drought,rgr_l_FM,NA
A4.AVEBAR.1,AVEBAR,Avena barbata,Non-native,Grass,Moderate,Cal IPC,A4,1,A,4,WWP,Drought,rgr_l_MA,-0.01386135900117804
A4.AVEBAR.1,AVEBAR,Avena barbata,Non-native,Grass,Moderate,Cal IPC,A4,1,A,4,WWP,Drought,rgr_l_AM,-0.03541096483311576
A4.AVEBAR.1,AVEBAR,Avena barbata,Non-native,Grass,Moderate,Cal IPC,A4,1,A,4,WWP,Drought,rgr_l_MJ,NA
A4.BROMAD.1,BROMAD,Bromus madritensis,Non-native,Grass,High,Cal IPC,A4,1,A,4,WWP,Drought,rgr_l_FM,NA
A4.BROMAD.1,BROMAD,Bromus madritensis,Non-native,Grass,High,Cal IPC,A4,1,A,4,WWP,Drought,rgr_l_MA,-0.00812921171499028
A4.BROMAD.1,BROMAD,Bromus madritensis,Non-native,Grass,High,Cal IPC,A4,1,A,4,WWP,Drought,rgr_l_AM,NA
A4.BROMAD.1,BROMAD,Bromus madritensis,Non-native,Grass,High,Cal IPC,A4,1,A,4,WWP,Drought,rgr_l_MJ,NA
A4.CAUCOU.1,CAUCOU,Caulanthus coulteri,Native,Forb,Native,CalFlora,A4,1,A,4,WWP,Drought,rgr_l_FM,NA
A4.CAUCOU.1,CAUCOU,Caulanthus coulteri,Native,Forb,Native,CalFlora,A4,1,A,4,WWP,Drought,rgr_l_MA,0.03419591672175124
A4.CAUCOU.1,CAUCOU,Caulanthus coulteri,Native,Forb,Native,CalFlora,A4,1,A,4,WWP,Drought,rgr_l_AM,NA
A4.CAUCOU.1,CAUCOU,Caulanthus coulteri,Native,Forb,Native,CalFlora,A4,1,A,4,WWP,Drought,rgr_l_MJ,NA
A4.EROCIC.1,EROCIC,Erodium cicutarium,Non-native,Forb,Non-native,CalFlora,A4,1,A,4,WWP,Drought,rgr_l_FM,0.00531554068369856
A4.EROCIC.1,EROCIC,Erodium cicutarium,Non-native,Forb,Non-native,CalFlora,A4,1,A,4,WWP,Drought,rgr_l_MA,0
A4.EROCIC.1,EROCIC,Erodium cicutarium,Non-native,Forb,Non-native,CalFlora,A4,1,A,4,WWP,Drought,rgr_l_AM,-0.00395258153403226
A4.EROCIC.1,EROCIC,Erodium cicutarium,Non-native,Forb,Non-native,CalFlora,A4,1,A,4,WWP,Drought,rgr_l_MJ,NA
A4.LUPMIC.1,LUPMIC,Lupinus microcarpus,Native,Forb,Native,CalFlora,A4,1,A,4,WWP,Drought,rgr_l_FM,NA
A4.LUPMIC.1,LUPMIC,Lupinus microcarpus,Native,Forb,Native,CalFlora,A4,1,A,4,WWP,Drought,rgr_l_MA,NA
A4.LUPMIC.1,LUPMIC,Lupinus microcarpus,Native,Forb,Native,CalFlora,A4,1,A,4,WWP,Drought,rgr_l_AM,NA
A4.LUPMIC.1,LUPMIC,Lupinus microcarpus,Native,Forb,Native,CalFlora,A4,1,A,4,WWP,Drought,rgr_l_MJ,NA
A4.PHATAN.1,PHATAN,Phacelia tanacetifolia,Native,Forb,Native,CalFlora,A4,1,A,4,WWP,Drought,rgr_l_FM,0.03159623213359155
A4.PHATAN.1,PHATAN,Phacelia tanacetifolia,Native,Forb,Native,CalFlora,A4,1,A,4,WWP,Drought,rgr_l_MA,0.03120058839942904
A4.PHATAN.1,PHATAN,Phacelia tanacetifolia,Native,Forb,Native,CalFlora,A4,1,A,4,WWP,Drought,rgr_l_AM,NA
A4.PHATAN.1,PHATAN,Phacelia tanacetifolia,Native,Forb,Native,CalFlora,A4,1,A,4,WWP,Drought,rgr_l_MJ,NA
A5.AVEBAR.1,AVEBAR,Avena barbata,Non-native,Grass,Moderate,Cal IPC,A5,1,A,5,MCL,Drought,rgr_l_FM,NA
A5.AVEBAR.1,AVEBAR,Avena barbata,Non-native,Grass,Moderate,Cal IPC,A5,1,A,5,MCL,Drought,rgr_l_MA,NA
A5.AVEBAR.1,AVEBAR,Avena barbata,Non-native,Grass,Moderate,Cal IPC,A5,1,A,5,MCL,Drought,rgr_l_AM,-0.02796989087829543
A5.AVEBAR.1,AVEBAR,Avena barbata,Non-native,Grass,Moderate,Cal IPC,A5,1,A,5,MCL,Drought,rgr_l_MJ,NA
A5.BROHOR.1,BROHOR,Bromus hordeaceaus,Non-native,Grass,Limited,Cal IPC,A5,1,A,5,MCL,Drought,rgr_l_FM,NA
A5.BROHOR.1,BROHOR,Bromus hordeaceaus,Non-native,Grass,Limited,Cal IPC,A5,1,A,5,MCL,Drought,rgr_l_MA,0.01295284893414968
A5.BROHOR.1,BROHOR,Bromus hordeaceaus,Non-native,Grass,Limited,Cal IPC,A5,1,A,5,MCL,Drought,rgr_l_AM,-0.06031723637273307
A5.BROHOR.1,BROHOR,Bromus hordeaceaus,Non-native,Grass,Limited,Cal IPC,A5,1,A,5,MCL,Drought,rgr_l_MJ,NA
A5.BROMAD.1,BROMAD,Bromus madritensis,Non-native,Grass,High,Cal IPC,A5,1,A,5,MCL,Drought,rgr_l_FM,NA
A5.BROMAD.1,BROMAD,Bromus madritensis,Non-native,Grass,High,Cal IPC,A5,1,A,5,MCL,Drought,rgr_l_MA,-0.00552489566042286
A5.BROMAD.1,BROMAD,Bromus madritensis,Non-native,Grass,High,Cal IPC,A5,1,A,5,MCL,Drought,rgr_l_AM,NA
A5.BROMAD.1,BROMAD,Bromus madritensis,Non-native,Grass,High,Cal IPC,A5,1,A,5,MCL,Drought,rgr_l_MJ,NA
A5.ELYCAP.1,ELYCAP,Elymus caput-medusae,Non-native,Grass,High,Cal IPC,A5,1,A,5,MCL,Drought,rgr_l_FM,0.01620702169812881
A5.ELYCAP.1,ELYCAP,Elymus caput-medusae,Non-native,Grass,High,Cal IPC,A5,1,A,5,MCL,Drought,rgr_l_MA,0.00356918289867828
A5.ELYCAP.1,ELYCAP,Elymus caput-medusae,Non-native,Grass,High,Cal IPC,A5,1,A,5,MCL,Drought,rgr_l_AM,-0.06673563296011241
A5.ELYCAP.1,ELYCAP,Elymus caput-medusae,Non-native,Grass,High,Cal IPC,A5,1,A,5,MCL,Drought,rgr_l_MJ,NA
A5.HOLVIR.1,HOLVIR,Holocarpha virgata,Native,Forb,Native,CalFlora,A5,1,A,5,MCL,Drought,rgr_l_FM,0.03788318236786585
A5.HOLVIR.1,HOLVIR,Holocarpha virgata,Native,Forb,Native,CalFlora,A5,1,A,5,MCL,Drought,rgr_l_MA,0.02100446001696804
A5.HOLVIR.1,HOLVIR,Holocarpha virgata,Native,Forb,Native,CalFlora,A5,1,A,5,MCL,Drought,rgr_l_AM,0.1190187104451634
A5.HOLVIR.1,HOLVIR,Holocarpha virgata,Native,Forb,Native,CalFlora,A5,1,A,5,MCL,Drought,rgr_l_MJ,0.10145070302876154
A5.LUPBIC.1,LUPBIC,Lupinus bicolor,Native,Forb,Native,CalFlora,A5,1,A,5,MCL,Drought,rgr_l_FM,-0.00769460521773138
A5.LUPBIC.1,LUPBIC,Lupinus bicolor,Native,Forb,Native,CalFlora,A5,1,A,5,MCL,Drought,rgr_l_MA,-0.02100446001696803
A5.LUPBIC.1,LUPBIC,Lupinus bicolor,Native,Forb,Native,CalFlora,A5,1,A,5,MCL,Drought,rgr_l_AM,NA
A5.LUPBIC.1,LUPBIC,Lupinus bicolor,Native,Forb,Native,CalFlora,A5,1,A,5,MCL,Drought,rgr_l_MJ,NA
A5.MICCAL.1,MICCAL,Micropus californicus,Native,Forb,Native,CalFlora,A5,1,A,5,MCL,Drought,rgr_l_FM,0.02713216084956094
A5.MICCAL.1,MICCAL,Micropus californicus,Native,Forb,Native,CalFlora,A5,1,A,5,MCL,Drought,rgr_l_MA,0.02124983002401713
A5.MICCAL.1,MICCAL,Micropus californicus,Native,Forb,Native,CalFlora,A5,1,A,5,MCL,Drought,rgr_l_AM,NA
A5.MICCAL.1,MICCAL,Micropus californicus,Native,Forb,Native,CalFlora,A5,1,A,5,MCL,Drought,rgr_l_MJ,NA
A5.PLAERE.1,PLAERE,Plantago erecta,Native,Forb,Native,CalFlora,A5,1,A,5,MCL,Drought,rgr_l_FM,0.00925048229636825
A5.PLAERE.1,PLAERE,Plantago erecta,Native,Forb,Native,CalFlora,A5,1,A,5,MCL,Drought,rgr_l_MA,0.0017320731466651
A5.PLAERE.1,PLAERE,Plantago erecta,Native,Forb,Native,CalFlora,A5,1,A,5,MCL,Drought,rgr_l_AM,NA
A5.PLAERE.1,PLAERE,Plantago erecta,Native,Forb,Native,CalFlora,A5,1,A,5,MCL,Drought,rgr_l_MJ,NA
A5.TRIHIR.1,TRIHIR,Trifolium hirtum,Non-native,Forb,Limited,Cal IPC,A5,1,A,5,MCL,Drought,rgr_l_FM,NA
A5.TRIHIR.1,TRIHIR,Trifolium hirtum,Non-native,Forb,Limited,Cal IPC,A5,1,A,5,MCL,Drought,rgr_l_MA,0.02652935567739091
A5.TRIHIR.1,TRIHIR,Trifolium hirtum,Non-native,Forb,Limited,Cal IPC,A5,1,A,5,MCL,Drought,rgr_l_AM,0.0412607017712256
A5.TRIHIR.1,TRIHIR,Trifolium hirtum,Non-native,Forb,Limited,Cal IPC,A5,1,A,5,MCL,Drought,rgr_l_MJ,NA
A6.BRODIA.1,BRODIA,Bromus diandrus,Non-native,Grass,Moderate,Cal IPC,A6,1,A,6,SEDG,Drought,rgr_l_FM,NA
A6.BRODIA.1,BRODIA,Bromus diandrus,Non-native,Grass,Moderate,Cal IPC,A6,1,A,6,SEDG,Drought,rgr_l_MA,-0.00233215276170086
A6.BRODIA.1,BRODIA,Bromus diandrus,Non-native,Grass,Moderate,Cal IPC,A6,1,A,6,SEDG,Drought,rgr_l_AM,-0.02097054785943429
A6.BRODIA.1,BRODIA,Bromus diandrus,Non-native,Grass,Moderate,Cal IPC,A6,1,A,6,SEDG,Drought,rgr_l_MJ,NA
A6.BROMAD.1,BROMAD,Bromus madritensis,Non-native,Grass,High,Cal IPC,A6,1,A,6,SEDG,Drought,rgr_l_FM,NA
A6.BROMAD.1,BROMAD,Bromus madritensis,Non-native,Grass,High,Cal IPC,A6,1,A,6,SEDG,Drought,rgr_l_MA,-0.01175047063662919
A6.BROMAD.1,BROMAD,Bromus madritensis,Non-native,Grass,High,Cal IPC,A6,1,A,6,SEDG,Drought,rgr_l_AM,NA
A6.BROMAD.1,BROMAD,Bromus madritensis,Non-native,Grass,High,Cal IPC,A6,1,A,6,SEDG,Drought,rgr_l_MJ,NA
A6.CENMEL.1,CENMEL,Centaurea melitensis,Non-native,Forb,Moderate,Cal IPC,A6,1,A,6,SEDG,Drought,rgr_l_FM,0.02390162691586017
A6.CENMEL.1,CENMEL,Centaurea melitensis,Non-native,Forb,Moderate,Cal IPC,A6,1,A,6,SEDG,Drought,rgr_l_MA,0.01633322729492992
A6.CENMEL.1,CENMEL,Centaurea melitensis,Non-native,Forb,Moderate,Cal IPC,A6,1,A,6,SEDG,Drought,rgr_l_AM,0.08236401359377535
A6.CENMEL.1,CENMEL,Centaurea melitensis,Non-native,Forb,Moderate,Cal IPC,A6,1,A,6,SEDG,Drought,rgr_l_MJ,NA
A6.CORFIL.1,CORFIL,Corethrogyne filaginafolia,Native,Forb,Native,CalFlora,A6,1,A,6,SEDG,Drought,rgr_l_FM,0.00992007146385451
A6.CORFIL.1,CORFIL,Corethrogyne filaginafolia,Native,Forb,Native,CalFlora,A6,1,A,6,SEDG,Drought,rgr_l_MA,0
A6.CORFIL.1,CORFIL,Corethrogyne filaginafolia,Native,Forb,Native,CalFlora,A6,1,A,6,SEDG,Drought,rgr_l_AM,0.01067013442389906
A6.CORFIL.1,CORFIL,Corethrogyne filaginafolia,Native,Forb,Native,CalFlora,A6,1,A,6,SEDG,Drought,rgr_l_MJ,0.0077075339913629
A7.BRODIA.1,BRODIA,Bromus diandrus,Non-native,Grass,Moderate,Cal IPC,A7,1,A,7,SEDG,Drought,rgr_l_FM,NA
A7.BRODIA.1,BRODIA,Bromus diandrus,Non-native,Grass,Moderate,Cal IPC,A7,1,A,7,SEDG,Drought,rgr_l_MA,0.00538427809810462
A7.BRODIA.1,BRODIA,Bromus diandrus,Non-native,Grass,Moderate,Cal IPC,A7,1,A,7,SEDG,Drought,rgr_l_AM,-0.01914736178100704
A7.BRODIA.1,BRODIA,Bromus diandrus,Non-native,Grass,Moderate,Cal IPC,A7,1,A,7,SEDG,Drought,rgr_l_MJ,NA
A7.BROMAD.1,BROMAD,Bromus madritensis,Non-native,Grass,High,Cal IPC,A7,1,A,7,SEDG,Drought,rgr_l_FM,NA
A7.BROMAD.1,BROMAD,Bromus madritensis,Non-native,Grass,High,Cal IPC,A7,1,A,7,SEDG,Drought,rgr_l_MA,-0.02342999661313581
A7.BROMAD.1,BROMAD,Bromus madritensis,Non-native,Grass,High,Cal IPC,A7,1,A,7,SEDG,Drought,rgr_l_AM,NA
A7.BROMAD.1,BROMAD,Bromus madritensis,Non-native,Grass,High,Cal IPC,A7,1,A,7,SEDG,Drought,rgr_l_MJ,NA
A7.CENMEL.1,CENMEL,Centaurea melitensis,Non-native,Forb,Moderate,Cal IPC,A7,1,A,7,SEDG,Drought,rgr_l_FM,0.01761467668158589
A7.CENMEL.1,CENMEL,Centaurea melitensis,Non-native,Forb,Moderate,Cal IPC,A7,1,A,7,SEDG,Drought,rgr_l_MA,0.03708410398854896
A7.CENMEL.1,CENMEL,Centaurea melitensis,Non-native,Forb,Moderate,Cal IPC,A7,1,A,7,SEDG,Drought,rgr_l_AM,0.10240495013327844
A7.CENMEL.1,CENMEL,Centaurea melitensis,Non-native,Forb,Moderate,Cal IPC,A7,1,A,7,SEDG,Drought,rgr_l_MJ,NA
A7.CORFIL.1,CORFIL,Corethrogyne filaginafolia,Native,Forb,Native,CalFlora,A7,1,A,7,SEDG,Drought,rgr_l_FM,0
A7.CORFIL.1,CORFIL,Corethrogyne filaginafolia,Native,Forb,Native,CalFlora,A7,1,A,7,SEDG,Drought,rgr_l_MA,0.01424253421956774
A7.CORFIL.1,CORFIL,Corethrogyne filaginafolia,Native,Forb,Native,CalFlora,A7,1,A,7,SEDG,Drought,rgr_l_AM,0.01067013442389906
A7.CORFIL.1,CORFIL,Corethrogyne filaginafolia,Native,Forb,Native,CalFlora,A7,1,A,7,SEDG,Drought,rgr_l_MJ,0.01438410362258904
A7.ESCCAL.1,ESCCAL,Eschscholzia californica,Native,Forb,Native,CalFlora,A7,1,A,7,SEDG,Drought,rgr_l_FM,0.01098116314201844
A7.ESCCAL.1,ESCCAL,Eschscholzia californica,Native,Forb,Native,CalFlora,A7,1,A,7,SEDG,Drought,rgr_l_MA,-0.00288818726679772
A7.ESCCAL.1,ESCCAL,Eschscholzia californica,Native,Forb,Native,CalFlora,A7,1,A,7,SEDG,Drought,rgr_l_AM,-0.01732867951399864
A7.ESCCAL.1,ESCCAL,Eschscholzia californica,Native,Forb,Native,CalFlora,A7,1,A,7,SEDG,Drought,rgr_l_MJ,NA
A7.STIPUL.1,STIPUL,Stipa pulchra,Native,Grass,Native,CalFlora,A7,1,A,7,SEDG,Drought,rgr_l_FM,NA
A7.STIPUL.1,STIPUL,Stipa pulchra,Native,Grass,Native,CalFlora,A7,1,A,7,SEDG,Drought,rgr_l_MA,0.00965011306419802
A7.STIPUL.1,STIPUL,Stipa pulchra,Native,Grass,Native,CalFlora,A7,1,A,7,SEDG,Drought,rgr_l_AM,0.01012684998490298
A7.STIPUL.1,STIPUL,Stipa pulchra,Native,Grass,Native,CalFlora,A7,1,A,7,SEDG,Drought,rgr_l_MJ,0
A8.BRODIA.1,BRODIA,Bromus diandrus,Non-native,Grass,Moderate,Cal IPC,A8,1,A,8,MCL,Drought,rgr_l_FM,NA
A8.BRODIA.1,BRODIA,Bromus diandrus,Non-native,Grass,Moderate,Cal IPC,A8,1,A,8,MCL,Drought,rgr_l_MA,0.01049321929447981
A8.BRODIA.1,BRODIA,Bromus diandrus,Non-native,Grass,Moderate,Cal IPC,A8,1,A,8,MCL,Drought,rgr_l_AM,-0.02688523841327219
A8.BRODIA.1,BRODIA,Bromus diandrus,Non-native,Grass,Moderate,Cal IPC,A8,1,A,8,MCL,Drought,rgr_l_MJ,NA
A8.BROHOR.1,BROHOR,Bromus hordeaceaus,Non-native,Grass,Limited,Cal IPC,A8,1,A,8,MCL,Drought,rgr_l_FM,NA
A8.BROHOR.1,BROHOR,Bromus hordeaceaus,Non-native,Grass,Limited,Cal IPC,A8,1,A,8,MCL,Drought,rgr_l_MA,0.01228682145782315
A8.BROHOR.1,BROHOR,Bromus hordeaceaus,Non-native,Grass,Limited,Cal IPC,A8,1,A,8,MCL,Drought,rgr_l_AM,-0.0546248311879245
A8.BROHOR.1,BROHOR,Bromus hordeaceaus,Non-native,Grass,Limited,Cal IPC,A8,1,A,8,MCL,Drought,rgr_l_MJ,NA
A8.BROMAD.1,BROMAD,Bromus madritensis,Non-native,Grass,High,Cal IPC,A8,1,A,8,MCL,Drought,rgr_l_FM,NA
A8.BROMAD.1,BROMAD,Bromus madritensis,Non-native,Grass,High,Cal IPC,A8,1,A,8,MCL,Drought,rgr_l_MA,-0.00319274289872201
A8.BROMAD.1,BROMAD,Bromus madritensis,Non-native,Grass,High,Cal IPC,A8,1,A,8,MCL,Drought,rgr_l_AM,NA
A8.BROMAD.1,BROMAD,Bromus madritensis,Non-native,Grass,High,Cal IPC,A8,1,A,8,MCL,Drought,rgr_l_MJ,NA
A8.ELYCAP.1,ELYCAP,Elymus caput-medusae,Non-native,Grass,High,Cal IPC,A8,1,A,8,MCL,Drought,rgr_l_FM,0.02061506899157311
A8.ELYCAP.1,ELYCAP,Elymus caput-medusae,Non-native,Grass,High,Cal IPC,A8,1,A,8,MCL,Drought,rgr_l_MA,0.00909407855910116
A8.ELYCAP.1,ELYCAP,Elymus caput-medusae,Non-native,Grass,High,Cal IPC,A8,1,A,8,MCL,Drought,rgr_l_AM,-Inf
A8.ELYCAP.1,ELYCAP,Elymus caput-medusae,Non-native,Grass,High,Cal IPC,A8,1,A,8,MCL,Drought,rgr_l_MJ,NA
A8.EROBOT.1,EROBOT,Erodium botrys,Non-native,Forb,Non-native,CalFlora,A8,1,A,8,MCL,Drought,rgr_l_FM,NA
A8.EROBOT.1,EROBOT,Erodium botrys,Non-native,Forb,Non-native,CalFlora,A8,1,A,8,MCL,Drought,rgr_l_MA,NA
A8.EROBOT.1,EROBOT,Erodium botrys,Non-native,Forb,Non-native,CalFlora,A8,1,A,8,MCL,Drought,rgr_l_AM,0.00467491171266549
A8.EROBOT.1,EROBOT,Erodium botrys,Non-native,Forb,Non-native,CalFlora,A8,1,A,8,MCL,Drought,rgr_l_MJ,NA
A8.HOLVIR.1,HOLVIR,Holocarpha virgata,Native,Forb,Native,CalFlora,A8,1,A,8,MCL,Drought,rgr_l_FM,0.03788318236786585
A8.HOLVIR.1,HOLVIR,Holocarpha virgata,Native,Forb,Native,CalFlora,A8,1,A,8,MCL,Drought,rgr_l_MA,0.01228682145782317
A8.HOLVIR.1,HOLVIR,Holocarpha virgata,Native,Forb,Native,CalFlora,A8,1,A,8,MCL,Drought,rgr_l_AM,0.1126797444406972
A8.HOLVIR.1,HOLVIR,Holocarpha virgata,Native,Forb,Native,CalFlora,A8,1,A,8,MCL,Drought,rgr_l_MJ,0.06666224928449936
B1.AVEBAR.1,AVEBAR,Avena barbata,Non-native,Grass,Moderate,Cal IPC,B1,2,B,1,BORR,Drought,rgr_l_FM,NA
B1.AVEBAR.1,AVEBAR,Avena barbata,Non-native,Grass,Moderate,Cal IPC,B1,2,B,1,BORR,Drought,rgr_l_MA,-0.0036557640421614
B1.AVEBAR.1,AVEBAR,Avena barbata,Non-native,Grass,Moderate,Cal IPC,B1,2,B,1,BORR,Drought,rgr_l_AM,-0.00690170442495832
B1.AVEBAR.1,AVEBAR,Avena barbata,Non-native,Grass,Moderate,Cal IPC,B1,2,B,1,BORR,Drought,rgr_l_MJ,NA
B1.BRODIA.1,BRODIA,Bromus diandrus,Non-native,Grass,Moderate,Cal IPC,B1,2,B,1,BORR,Drought,rgr_l_FM,NA
B1.BRODIA.1,BRODIA,Bromus diandrus,Non-native,Grass,Moderate,Cal IPC,B1,2,B,1,BORR,Drought,rgr_l_MA,-0.00685682070915073
B1.BRODIA.1,BRODIA,Bromus diandrus,Non-native,Grass,Moderate,Cal IPC,B1,2,B,1,BORR,Drought,rgr_l_AM,NA
B1.BRODIA.1,BRODIA,Bromus diandrus,Non-native,Grass,Moderate,Cal IPC,B1,2,B,1,BORR,Drought,rgr_l_MJ,NA
B1.BROHOR.1,BROHOR,Bromus hordeaceaus,Non-native,Grass,Limited,Cal IPC,B1,2,B,1,BORR,Drought,rgr_l_FM,NA
B1.BROHOR.1,BROHOR,Bromus hordeaceaus,Non-native,Grass,Limited,Cal IPC,B1,2,B,1,BORR,Drought,rgr_l_MA,-0.01273078038722415
B1.BROHOR.1,BROHOR,Bromus hordeaceaus,Non-native,Grass,Limited,Cal IPC,B1,2,B,1,BORR,Drought,rgr_l_AM,-0.0513196167267841
B1.BROHOR.1,BROHOR,Bromus hordeaceaus,Non-native,Grass,Limited,Cal IPC,B1,2,B,1,BORR,Drought,rgr_l_MJ,NA
B1.DAUPUS.1,DAUPUS,Daucus pusillus,Native,Forb,Native,CalFlora,B1,2,B,1,BORR,Drought,rgr_l_FM,0.01761467668158588
B1.DAUPUS.1,DAUPUS,Daucus pusillus,Native,Forb,Native,CalFlora,B1,2,B,1,BORR,Drought,rgr_l_MA,0
B1.DAUPUS.1,DAUPUS,Daucus pusillus,Native,Forb,Native,CalFlora,B1,2,B,1,BORR,Drought,rgr_l_AM,-0.0159633007426872
B1.DAUPUS.1,DAUPUS,Daucus pusillus,Native,Forb,Native,CalFlora,B1,2,B,1,BORR,Drought,rgr_l_MJ,NA
B1.EROBOT.1,EROBOT,Erodium botrys,Non-native,Forb,Non-native,CalFlora,B1,2,B,1,BORR,Drought,rgr_l_FM,NA
B1.EROBOT.1,EROBOT,Erodium botrys,Non-native,Forb,Non-native,CalFlora,B1,2,B,1,BORR,Drought,rgr_l_MA,0.00810691704131955
B1.EROBOT.1,EROBOT,Erodium botrys,Non-native,Forb,Non-native,CalFlora,B1,2,B,1,BORR,Drought,rgr_l_AM,NA
B1.EROBOT.1,EROBOT,Erodium botrys,Non-native,Forb,Non-native,CalFlora,B1,2,B,1,BORR,Drought,rgr_l_MJ,NA
B1.GERDIS.1,GERDIS,Geranium dissectum,Non-native,Forb,Limited,Cal IPC,B1,2,B,1,BORR,Drought,rgr_l_FM,0.01620702169812881
B1.GERDIS.1,GERDIS,Geranium dissectum,Non-native,Forb,Limited,Cal IPC,B1,2,B,1,BORR,Drought,rgr_l_MA,0.01805212219146524
B1.GERDIS.1,GERDIS,Geranium dissectum,Non-native,Forb,Limited,Cal IPC,B1,2,B,1,BORR,Drought,rgr_l_AM,NA
B1.GERDIS.1,GERDIS,Geranium dissectum,Non-native,Forb,Limited,Cal IPC,B1,2,B,1,BORR,Drought,rgr_l_MJ,NA
B1.MADGRA.1,MADGRA,Madia gracilis,Native,Forb,Native,CalFlora,B1,2,B,1,BORR,Drought,rgr_l_FM,0.05549785904945172
B1.MADGRA.1,MADGRA,Madia gracilis,Native,Forb,Native,CalFlora,B1,2,B,1,BORR,Drought,rgr_l_MA,0.06667299224106374
B1.MADGRA.1,MADGRA,Madia gracilis,Native,Forb,Native,CalFlora,B1,2,B,1,BORR,Drought,rgr_l_AM,0.03432172522006694
B1.MADGRA.1,MADGRA,Madia gracilis,Native,Forb,Native,CalFlora,B1,2,B,1,BORR,Drought,rgr_l_MJ,NA
B1.TRIHIR.1,TRIHIR,Trifolium hirtum,Non-native,Forb,Limited,Cal IPC,B1,2,B,1,BORR,Drought,rgr_l_FM,NA
B1.TRIHIR.1,TRIHIR,Trifolium hirtum,Non-native,Forb,Limited,Cal IPC,B1,2,B,1,BORR,Drought,rgr_l_MA,NA
B1.TRIHIR.1,TRIHIR,Trifolium hirtum,Non-native,Forb,Limited,Cal IPC,B1,2,B,1,BORR,Drought,rgr_l_AM,NA
B1.TRIHIR.1,TRIHIR,Trifolium hirtum,Non-native,Forb,Limited,Cal IPC,B1,2,B,1,BORR,Drought,rgr_l_MJ,NA
B1.VICSAT.1,VICSAT,Vicia sativa,Non-native,Forb,Non-native,CalFlora,B1,2,B,1,BORR,Drought,rgr_l_FM,0.03018857715013448
B1.VICSAT.1,VICSAT,Vicia sativa,Non-native,Forb,Non-native,CalFlora,B1,2,B,1,BORR,Drought,rgr_l_MA,0.01123569981510373
B1.VICSAT.1,VICSAT,Vicia sativa,Non-native,Forb,Non-native,CalFlora,B1,2,B,1,BORR,Drought,rgr_l_AM,NA
B1.VICSAT.1,VICSAT,Vicia sativa,Non-native,Forb,Non-native,CalFlora,B1,2,B,1,BORR,Drought,rgr_l_MJ,NA
B2.BRODIA.1,BRODIA,Bromus diandrus,Non-native,Grass,Moderate,Cal IPC,B2,2,B,2,MCL,Drought,rgr_l_FM,NA
B2.BRODIA.1,BRODIA,Bromus diandrus,Non-native,Grass,Moderate,Cal IPC,B2,2,B,2,MCL,Drought,rgr_l_MA,0.00218782568834713
B2.BRODIA.1,BRODIA,Bromus diandrus,Non-native,Grass,Moderate,Cal IPC,B2,2,B,2,MCL,Drought,rgr_l_AM,NA
B2.BRODIA.1,BRODIA,Bromus diandrus,Non-native,Grass,Moderate,Cal IPC,B2,2,B,2,MCL,Drought,rgr_l_MJ,NA
B2.BROHOR.1,BROHOR,Bromus hordeaceaus,Non-native,Grass,Limited,Cal IPC,B2,2,B,2,MCL,Drought,rgr_l_FM,NA
B2.BROHOR.1,BROHOR,Bromus hordeaceaus,Non-native,Grass,Limited,Cal IPC,B2,2,B,2,MCL,Drought,rgr_l_MA,0.02814477771663748
B2.BROHOR.1,BROHOR,Bromus hordeaceaus,Non-native,Grass,Limited,Cal IPC,B2,2,B,2,MCL,Drought,rgr_l_AM,-0.02284467928788662
B2.BROHOR.1,BROHOR,Bromus hordeaceaus,Non-native,Grass,Limited,Cal IPC,B2,2,B,2,MCL,Drought,rgr_l_MJ,NA
B2.ELYCAP.1,ELYCAP,Elymus caput-medusae,Non-native,Grass,High,Cal IPC,B2,2,B,2,MCL,Drought,rgr_l_FM,0.04185941845445187
B2.ELYCAP.1,ELYCAP,Elymus caput-medusae,Non-native,Grass,High,Cal IPC,B2,2,B,2,MCL,Drought,rgr_l_MA,0.01809771663653448
B2.ELYCAP.1,ELYCAP,Elymus caput-medusae,Non-native,Grass,High,Cal IPC,B2,2,B,2,MCL,Drought,rgr_l_AM,-0.0924354968647302
B2.ELYCAP.1,ELYCAP,Elymus caput-medusae,Non-native,Grass,High,Cal IPC,B2,2,B,2,MCL,Drought,rgr_l_MJ,NA
B2.HOLVIR.1,HOLVIR,Holocarpha virgata,Native,Forb,Native,CalFlora,B2,2,B,2,MCL,Drought,rgr_l_FM,0.06178480928372603
B2.HOLVIR.1,HOLVIR,Holocarpha virgata,Native,Forb,Native,CalFlora,B2,2,B,2,MCL,Drought,rgr_l_MA,0.03883783239761083
B2.HOLVIR.1,HOLVIR,Holocarpha virgata,Native,Forb,Native,CalFlora,B2,2,B,2,MCL,Drought,rgr_l_AM,0.13098233834630305
B2.HOLVIR.1,HOLVIR,Holocarpha virgata,Native,Forb,Native,CalFlora,B2,2,B,2,MCL,Drought,rgr_l_MJ,0.06173815164249093
B2.MICCAL.1,MICCAL,Micropus californicus,Native,Forb,Native,CalFlora,B2,2,B,2,MCL,Drought,rgr_l_FM,0.04797187401427871
B2.MICCAL.1,MICCAL,Micropus californicus,Native,Forb,Native,CalFlora,B2,2,B,2,MCL,Drought,rgr_l_MA,0.03326967940835297
B2.MICCAL.1,MICCAL,Micropus californicus,Native,Forb,Native,CalFlora,B2,2,B,2,MCL,Drought,rgr_l_AM,NA
B2.MICCAL.1,MICCAL,Micropus californicus,Native,Forb,Native,CalFlora,B2,2,B,2,MCL,Drought,rgr_l_MJ,NA
B2.PLAERE.1,PLAERE,Plantago erecta,Native,Forb,Native,CalFlora,B2,2,B,2,MCL,Drought,rgr_l_FM,0.01268016483190748
B2.PLAERE.1,PLAERE,Plantago erecta,Native,Forb,Native,CalFlora,B2,2,B,2,MCL,Drought,rgr_l_MA,0.00669804402510465
B2.PLAERE.1,PLAERE,Plantago erecta,Native,Forb,Native,CalFlora,B2,2,B,2,MCL,Drought,rgr_l_AM,NA
B2.PLAERE.1,PLAERE,Plantago erecta,Native,Forb,Native,CalFlora,B2,2,B,2,MCL,Drought,rgr_l_MJ,NA
B2.TRIHIR.1,TRIHIR,Trifolium hirtum,Non-native,Forb,Limited,Cal IPC,B2,2,B,2,MCL,Drought,rgr_l_FM,0.04219915281455572
B2.TRIHIR.1,TRIHIR,Trifolium hirtum,Non-native,Forb,Limited,Cal IPC,B2,2,B,2,MCL,Drought,rgr_l_MA,0.0537611718152919
B2.TRIHIR.1,TRIHIR,Trifolium hirtum,Non-native,Forb,Limited,Cal IPC,B2,2,B,2,MCL,Drought,rgr_l_AM,0.01379133817147398
B2.TRIHIR.1,TRIHIR,Trifolium hirtum,Non-native,Forb,Limited,Cal IPC,B2,2,B,2,MCL,Drought,rgr_l_MJ,NA
B3.BRODIA.1,BRODIA,Bromus diandrus,Non-native,Grass,Moderate,Cal IPC,B3,2,B,3,SEDG,Drought,rgr_l_FM,NA
B3.BRODIA.1,BRODIA,Bromus diandrus,Non-native,Grass,Moderate,Cal IPC,B3,2,B,3,SEDG,Drought,rgr_l_MA,0.00757547067991615
B3.BRODIA.1,BRODIA,Bromus diandrus,Non-native,Grass,Moderate,Cal IPC,B3,2,B,3,SEDG,Drought,rgr_l_AM,-0.05322812558014885
B3.BRODIA.1,BRODIA,Bromus diandrus,Non-native,Grass,Moderate,Cal IPC,B3,2,B,3,SEDG,Drought,rgr_l_MJ,NA
B3.BROMAD.1,BROMAD,Bromus madritensis,Non-native,Grass,High,Cal IPC,B3,2,B,3,SEDG,Drought,rgr_l_FM,NA
B3.BROMAD.1,BROMAD,Bromus madritensis,Non-native,Grass,High,Cal IPC,B3,2,B,3,SEDG,Drought,rgr_l_MA,-0.00497260257507284
B3.BROMAD.1,BROMAD,Bromus madritensis,Non-native,Grass,High,Cal IPC,B3,2,B,3,SEDG,Drought,rgr_l_AM,NA
B3.BROMAD.1,BROMAD,Bromus madritensis,Non-native,Grass,High,Cal IPC,B3,2,B,3,SEDG,Drought,rgr_l_MJ,NA
B3.CENMEL.1,CENMEL,Centaurea melitensis,Non-native,Forb,Moderate,Cal IPC,B3,2,B,3,SEDG,Drought,rgr_l_FM,0.02390162691586018
B3.CENMEL.1,CENMEL,Centaurea melitensis,Non-native,Forb,Moderate,Cal IPC,B3,2,B,3,SEDG,Drought,rgr_l_MA,0.015661542444571
B3.CENMEL.1,CENMEL,Centaurea melitensis,Non-native,Forb,Moderate,Cal IPC,B3,2,B,3,SEDG,Drought,rgr_l_AM,0.06601692156581813
B3.CENMEL.1,CENMEL,Centaurea melitensis,Non-native,Forb,Moderate,Cal IPC,B3,2,B,3,SEDG,Drought,rgr_l_MJ,NA
B3.CORFIL.1,CORFIL,Corethrogyne filaginafolia,Native,Forb,Native,CalFlora,B3,2,B,3,SEDG,Drought,rgr_l_FM,0.02026850568627997
B3.CORFIL.1,CORFIL,Corethrogyne filaginafolia,Native,Forb,Native,CalFlora,B3,2,B,3,SEDG,Drought,rgr_l_MA,0.00339872631154278
B3.CORFIL.1,CORFIL,Corethrogyne filaginafolia,Native,Forb,Native,CalFlora,B3,2,B,3,SEDG,Drought,rgr_l_AM,0.01604634715430986
B3.CORFIL.1,CORFIL,Corethrogyne filaginafolia,Native,Forb,Native,CalFlora,B3,2,B,3,SEDG,Drought,rgr_l_MJ,0.02283792012478576
B3.EROCIC.1,EROCIC,Erodium cicutarium,Non-native,Forb,Non-native,CalFlora,B3,2,B,3,SEDG,Drought,rgr_l_FM,0.0213461796002146
B3.EROCIC.1,EROCIC,Erodium cicutarium,Non-native,Forb,Non-native,CalFlora,B3,2,B,3,SEDG,Drought,rgr_l_MA,0.00461615624647333
B3.EROCIC.1,EROCIC,Erodium cicutarium,Non-native,Forb,Non-native,CalFlora,B3,2,B,3,SEDG,Drought,rgr_l_AM,-0.00349026447904081
B3.EROCIC.1,EROCIC,Erodium cicutarium,Non-native,Forb,Non-native,CalFlora,B3,2,B,3,SEDG,Drought,rgr_l_MJ,NA
B3.MICCAL.1,MICCAL,Micropus californicus,Native,Forb,Native,CalFlora,B3,2,B,3,SEDG,Drought,rgr_l_FM,0.05323057016797655
B3.MICCAL.1,MICCAL,Micropus californicus,Native,Forb,Native,CalFlora,B3,2,B,3,SEDG,Drought,rgr_l_MA,0.03248961557124123
B3.MICCAL.1,MICCAL,Micropus californicus,Native,Forb,Native,CalFlora,B3,2,B,3,SEDG,Drought,rgr_l_AM,NA
B3.MICCAL.1,MICCAL,Micropus californicus,Native,Forb,Native,CalFlora,B3,2,B,3,SEDG,Drought,rgr_l_MJ,NA
B3.STIPUL.1,STIPUL,Stipa pulchra,Native,Grass,Native,CalFlora,B3,2,B,3,SEDG,Drought,rgr_l_FM,NA
B3.STIPUL.1,STIPUL,Stipa pulchra,Native,Grass,Native,CalFlora,B3,2,B,3,SEDG,Drought,rgr_l_MA,0.01000499768722062
B3.STIPUL.1,STIPUL,Stipa pulchra,Native,Grass,Native,CalFlora,B3,2,B,3,SEDG,Drought,rgr_l_AM,NA
B3.STIPUL.1,STIPUL,Stipa pulchra,Native,Grass,Native,CalFlora,B3,2,B,3,SEDG,Drought,rgr_l_MJ,NA
B4.BROHOR.1,BROHOR,Bromus hordeaceaus,Non-native,Grass,Limited,Cal IPC,B4,2,B,4,ANGELO,Drought,rgr_l_FM,NA
B4.BROHOR.1,BROHOR,Bromus hordeaceaus,Non-native,Grass,Limited,Cal IPC,B4,2,B,4,ANGELO,Drought,rgr_l_MA,NA
B4.BROHOR.1,BROHOR,Bromus hordeaceaus,Non-native,Grass,Limited,Cal IPC,B4,2,B,4,ANGELO,Drought,rgr_l_AM,NA
B4.BROHOR.1,BROHOR,Bromus hordeaceaus,Non-native,Grass,Limited,Cal IPC,B4,2,B,4,ANGELO,Drought,rgr_l_MJ,NA
B4.CLAPUR.1,CLAPUR,Clarkia purpurea,Native,Forb,Native,CalFlora,B4,2,B,4,ANGELO,Drought,rgr_l_FM,0.03562120710973437
B4.CLAPUR.1,CLAPUR,Clarkia purpurea,Native,Forb,Native,CalFlora,B4,2,B,4,ANGELO,Drought,rgr_l_MA,0.03177605126197572
B4.CLAPUR.1,CLAPUR,Clarkia purpurea,Native,Forb,Native,CalFlora,B4,2,B,4,ANGELO,Drought,rgr_l_AM,NA
B4.CLAPUR.1,CLAPUR,Clarkia purpurea,Native,Forb,Native,CalFlora,B4,2,B,4,ANGELO,Drought,rgr_l_MJ,NA
B4.DAUPUS.1,DAUPUS,Daucus pusillus,Native,Forb,Native,CalFlora,B4,2,B,4,ANGELO,Drought,rgr_l_FM,0.02921716759955873
B4.DAUPUS.1,DAUPUS,Daucus pusillus,Native,Forb,Native,CalFlora,B4,2,B,4,ANGELO,Drought,rgr_l_MA,-0.01805212219146524
B4.DAUPUS.1,DAUPUS,Daucus pusillus,Native,Forb,Native,CalFlora,B4,2,B,4,ANGELO,Drought,rgr_l_AM,0.01748799337298195
B4.DAUPUS.1,DAUPUS,Daucus pusillus,Native,Forb,Native,CalFlora,B4,2,B,4,ANGELO,Drought,rgr_l_MJ,NA
B5.AVEBAR.1,AVEBAR,Avena barbata,Non-native,Grass,Moderate,Cal IPC,B5,2,B,5,MCL,Drought,rgr_l_FM,NA
B5.AVEBAR.1,AVEBAR,Avena barbata,Non-native,Grass,Moderate,Cal IPC,B5,2,B,5,MCL,Drought,rgr_l_MA,0.00641922253000051
B5.AVEBAR.1,AVEBAR,Avena barbata,Non-native,Grass,Moderate,Cal IPC,B5,2,B,5,MCL,Drought,rgr_l_AM,-0.04989375803228706
B5.AVEBAR.1,AVEBAR,Avena barbata,Non-native,Grass,Moderate,Cal IPC,B5,2,B,5,MCL,Drought,rgr_l_MJ,NA
B5.BRODIA.1,BRODIA,Bromus diandrus,Non-native,Grass,Moderate,Cal IPC,B5,2,B,5,MCL,Drought,rgr_l_FM,NA
B5.BRODIA.1,BRODIA,Bromus diandrus,Non-native,Grass,Moderate,Cal IPC,B5,2,B,5,MCL,Drought,rgr_l_MA,-0.01042779463767374
B5.BRODIA.1,BRODIA,Bromus diandrus,Non-native,Grass,Moderate,Cal IPC,B5,2,B,5,MCL,Drought,rgr_l_AM,-0.03359110001787789
B5.BRODIA.1,BRODIA,Bromus diandrus,Non-native,Grass,Moderate,Cal IPC,B5,2,B,5,MCL,Drought,rgr_l_MJ,NA
B5.ELYCAP.1,ELYCAP,Elymus caput-medusae,Non-native,Grass,High,Cal IPC,B5,2,B,5,MCL,Drought,rgr_l_FM,0.03875621022939307
B5.ELYCAP.1,ELYCAP,Elymus caput-medusae,Non-native,Grass,High,Cal IPC,B5,2,B,5,MCL,Drought,rgr_l_MA,0.01560671326653444
B5.ELYCAP.1,ELYCAP,Elymus caput-medusae,Non-native,Grass,High,Cal IPC,B5,2,B,5,MCL,Drought,rgr_l_AM,-0.1110396764520028
B5.ELYCAP.1,ELYCAP,Elymus caput-medusae,Non-native,Grass,High,Cal IPC,B5,2,B,5,MCL,Drought,rgr_l_MJ,NA
B5.HOLVIR.1,HOLVIR,Holocarpha virgata,Native,Forb,Native,CalFlora,B5,2,B,5,MCL,Drought,rgr_l_FM,NA
B5.HOLVIR.1,HOLVIR,Holocarpha virgata,Native,Forb,Native,CalFlora,B5,2,B,5,MCL,Drought,rgr_l_MA,NA
B5.HOLVIR.1,HOLVIR,Holocarpha virgata,Native,Forb,Native,CalFlora,B5,2,B,5,MCL,Drought,rgr_l_AM,0.10246362329320606
B5.HOLVIR.1,HOLVIR,Holocarpha virgata,Native,Forb,Native,CalFlora,B5,2,B,5,MCL,Drought,rgr_l_MJ,0.08040749468979705
B5.MICCAL.1,MICCAL,Micropus californicus,Native,Forb,Native,CalFlora,B5,2,B,5,MCL,Drought,rgr_l_FM,0.02608020973039573
B5.MICCAL.1,MICCAL,Micropus californicus,Native,Forb,Native,CalFlora,B5,2,B,5,MCL,Drought,rgr_l_MA,0.0358872791248799
B5.MICCAL.1,MICCAL,Micropus californicus,Native,Forb,Native,CalFlora,B5,2,B,5,MCL,Drought,rgr_l_AM,NA
B5.MICCAL.1,MICCAL,Micropus californicus,Native,Forb,Native,CalFlora,B5,2,B,5,MCL,Drought,rgr_l_MJ,NA
B5.TRIHIR.1,TRIHIR,Trifolium hirtum,Non-native,Forb,Limited,Cal IPC,B5,2,B,5,MCL,Drought,rgr_l_FM,0.03788318236786586
B5.TRIHIR.1,TRIHIR,Trifolium hirtum,Non-native,Forb,Limited,Cal IPC,B5,2,B,5,MCL,Drought,rgr_l_MA,0.03390233852759956
B5.TRIHIR.1,TRIHIR,Trifolium hirtum,Non-native,Forb,Limited,Cal IPC,B5,2,B,5,MCL,Drought,rgr_l_AM,-0.01446496882934055
B5.TRIHIR.1,TRIHIR,Trifolium hirtum,Non-native,Forb,Limited,Cal IPC,B5,2,B,5,MCL,Drought,rgr_l_MJ,NA
B6.BRODIA.1,BRODIA,Bromus diandrus,Non-native,Grass,Moderate,Cal IPC,B6,2,B,6,SEDG,Drought,rgr_l_FM,NA
B6.BRODIA.1,BRODIA,Bromus diandrus,Non-native,Grass,Moderate,Cal IPC,B6,2,B,6,SEDG,Drought,rgr_l_MA,0.00159021239030222
B6.BRODIA.1,BRODIA,Bromus diandrus,Non-native,Grass,Moderate,Cal IPC,B6,2,B,6,SEDG,Drought,rgr_l_AM,-0.05428902030877442
B6.BRODIA.1,BRODIA,Bromus diandrus,Non-native,Grass,Moderate,Cal IPC,B6,2,B,6,SEDG,Drought,rgr_l_MJ,NA
B6.CENMEL.1,CENMEL,Centaurea melitensis,Non-native,Forb,Moderate,Cal IPC,B6,2,B,6,SEDG,Drought,rgr_l_FM,0.02666172028391316
B6.CENMEL.1,CENMEL,Centaurea melitensis,Non-native,Forb,Moderate,Cal IPC,B6,2,B,6,SEDG,Drought,rgr_l_MA,0.02038668178117486
B6.CENMEL.1,CENMEL,Centaurea melitensis,Non-native,Forb,Moderate,Cal IPC,B6,2,B,6,SEDG,Drought,rgr_l_AM,0.08974792018773735
B6.CENMEL.1,CENMEL,Centaurea melitensis,Non-native,Forb,Moderate,Cal IPC,B6,2,B,6,SEDG,Drought,rgr_l_MJ,NA
B6.CORFIL.1,CORFIL,Corethrogyne filaginafolia,Native,Forb,Native,CalFlora,B6,2,B,6,SEDG,Drought,rgr_l_FM,0.01761467668158588
B6.CORFIL.1,CORFIL,Corethrogyne filaginafolia,Native,Forb,Native,CalFlora,B6,2,B,6,SEDG,Drought,rgr_l_MA,0.00536239872923396
B6.CORFIL.1,CORFIL,Corethrogyne filaginafolia,Native,Forb,Native,CalFlora,B6,2,B,6,SEDG,Drought,rgr_l_AM,0.01873370758270122
B6.CORFIL.1,CORFIL,Corethrogyne filaginafolia,Native,Forb,Native,CalFlora,B6,2,B,6,SEDG,Drought,rgr_l_MJ,0.01741533471341079
B6.STIPUL.1,STIPUL,Stipa pulchra,Native,Grass,Native,CalFlora,B6,2,B,6,SEDG,Drought,rgr_l_FM,NA
B6.STIPUL.1,STIPUL,Stipa pulchra,Native,Grass,Native,CalFlora,B6,2,B,6,SEDG,Drought,rgr_l_MA,0
B6.STIPUL.1,STIPUL,Stipa pulchra,Native,Grass,Native,CalFlora,B6,2,B,6,SEDG,Drought,rgr_l_AM,-0.0101366277027041
B6.STIPUL.1,STIPUL,Stipa pulchra,Native,Grass,Native,CalFlora,B6,2,B,6,SEDG,Drought,rgr_l_MJ,0.02385088871224496
B7.MADGRA.1,MADGRA,Madia gracilis,Native,Forb,Native,CalFlora,B7,2,B,7,BORR,Drought,rgr_l_FM,0.02599213111642691
B7.MADGRA.1,MADGRA,Madia gracilis,Native,Forb,Native,CalFlora,B7,2,B,7,BORR,Drought,rgr_l_MA,0.05867942333076721
B7.MADGRA.1,MADGRA,Madia gracilis,Native,Forb,Native,CalFlora,B7,2,B,7,BORR,Drought,rgr_l_AM,0.02419360033657676
B7.MADGRA.1,MADGRA,Madia gracilis,Native,Forb,Native,CalFlora,B7,2,B,7,BORR,Drought,rgr_l_MJ,NA
B7.TRIHIR.1,TRIHIR,Trifolium hirtum,Non-native,Forb,Limited,Cal IPC,B7,2,B,7,BORR,Drought,rgr_l_FM,Inf
B7.TRIHIR.1,TRIHIR,Trifolium hirtum,Non-native,Forb,Limited,Cal IPC,B7,2,B,7,BORR,Drought,rgr_l_MA,0.0526988079184722
B7.TRIHIR.1,TRIHIR,Trifolium hirtum,Non-native,Forb,Limited,Cal IPC,B7,2,B,7,BORR,Drought,rgr_l_AM,NA
B7.TRIHIR.1,TRIHIR,Trifolium hirtum,Non-native,Forb,Limited,Cal IPC,B7,2,B,7,BORR,Drought,rgr_l_MJ,NA
B8.AMSMEN.1,AMSMEN,Amsinckia menziesii,Native,Forb,Native,CalFlora,B8,2,B,8,WWP,Drought,rgr_l_FM,-0.00209050420056672
B8.AMSMEN.1,AMSMEN,Amsinckia menziesii,Native,Forb,Native,CalFlora,B8,2,B,8,WWP,Drought,rgr_l_MA,NA
B8.AMSMEN.1,AMSMEN,Amsinckia menziesii,Native,Forb,Native,CalFlora,B8,2,B,8,WWP,Drought,rgr_l_AM,NA
B8.AMSMEN.1,AMSMEN,Amsinckia menziesii,Native,Forb,Native,CalFlora,B8,2,B,8,WWP,Drought,rgr_l_MJ,NA
B8.AVEBAR.1,AVEBAR,Avena barbata,Non-native,Grass,Moderate,Cal IPC,B8,2,B,8,WWP,Drought,rgr_l_FM,NA
B8.AVEBAR.1,AVEBAR,Avena barbata,Non-native,Grass,Moderate,Cal IPC,B8,2,B,8,WWP,Drought,rgr_l_MA,-0.00438124935791236
B8.AVEBAR.1,AVEBAR,Avena barbata,Non-native,Grass,Moderate,Cal IPC,B8,2,B,8,WWP,Drought,rgr_l_AM,-0.00563587766813113
B8.AVEBAR.1,AVEBAR,Avena barbata,Non-native,Grass,Moderate,Cal IPC,B8,2,B,8,WWP,Drought,rgr_l_MJ,NA
B8.BROARE.1,BROARE,Bromus arenarius,Non-native,Grass,Non-native,CalFlora,B8,2,B,8,WWP,Drought,rgr_l_FM,NA
B8.BROARE.1,BROARE,Bromus arenarius,Non-native,Grass,Non-native,CalFlora,B8,2,B,8,WWP,Drought,rgr_l_MA,0.00319274289872201
B8.BROARE.1,BROARE,Bromus arenarius,Non-native,Grass,Non-native,CalFlora,B8,2,B,8,WWP,Drought,rgr_l_AM,-0.01459501782188545
B8.BROARE.1,BROARE,Bromus arenarius,Non-native,Grass,Non-native,CalFlora,B8,2,B,8,WWP,Drought,rgr_l_MJ,NA
B8.BRODIA.1,BRODIA,Bromus diandrus,Non-native,Grass,Moderate,Cal IPC,B8,2,B,8,WWP,Drought,rgr_l_FM,NA
B8.BRODIA.1,BRODIA,Bromus diandrus,Non-native,Grass,Moderate,Cal IPC,B8,2,B,8,WWP,Drought,rgr_l_MA,0.00520758354323209
B8.BRODIA.1,BRODIA,Bromus diandrus,Non-native,Grass,Moderate,Cal IPC,B8,2,B,8,WWP,Drought,rgr_l_AM,-0.04115318806829046
B8.BRODIA.1,BRODIA,Bromus diandrus,Non-native,Grass,Moderate,Cal IPC,B8,2,B,8,WWP,Drought,rgr_l_MJ,NA
B8.BROMAD.1,BROMAD,Bromus madritensis,Non-native,Grass,High,Cal IPC,B8,2,B,8,WWP,Drought,rgr_l_FM,NA
B8.BROMAD.1,BROMAD,Bromus madritensis,Non-native,Grass,High,Cal IPC,B8,2,B,8,WWP,Drought,rgr_l_MA,0.00986128486165538
B8.BROMAD.1,BROMAD,Bromus madritensis,Non-native,Grass,High,Cal IPC,B8,2,B,8,WWP,Drought,rgr_l_AM,NA
B8.BROMAD.1,BROMAD,Bromus madritensis,Non-native,Grass,High,Cal IPC,B8,2,B,8,WWP,Drought,rgr_l_MJ,NA
B8.CAUCOU.1,CAUCOU,Caulanthus coulteri,Native,Forb,Native,CalFlora,B8,2,B,8,WWP,Drought,rgr_l_FM,NA
B8.CAUCOU.1,CAUCOU,Caulanthus coulteri,Native,Forb,Native,CalFlora,B8,2,B,8,WWP,Drought,rgr_l_MA,NA
B8.CAUCOU.1,CAUCOU,Caulanthus coulteri,Native,Forb,Native,CalFlora,B8,2,B,8,WWP,Drought,rgr_l_AM,NA
B8.CAUCOU.1,CAUCOU,Caulanthus coulteri,Native,Forb,Native,CalFlora,B8,2,B,8,WWP,Drought,rgr_l_MJ,NA
B8.EROCIC.1,EROCIC,Erodium cicutarium,Non-native,Forb,Non-native,CalFlora,B8,2,B,8,WWP,Drought,rgr_l_FM,0.00992007146385451
B8.EROCIC.1,EROCIC,Erodium cicutarium,Non-native,Forb,Non-native,CalFlora,B8,2,B,8,WWP,Drought,rgr_l_MA,0.04721650357716818
B8.EROCIC.1,EROCIC,Erodium cicutarium,Non-native,Forb,Non-native,CalFlora,B8,2,B,8,WWP,Drought,rgr_l_AM,0.01113552683701683
B8.EROCIC.1,EROCIC,Erodium cicutarium,Non-native,Forb,Non-native,CalFlora,B8,2,B,8,WWP,Drought,rgr_l_MJ,NA
B8.ESCCAL.1,ESCCAL,Eschscholzia californica,Native,Forb,Native,CalFlora,B8,2,B,8,WWP,Drought,rgr_l_FM,0.00831593299368578
B8.ESCCAL.1,ESCCAL,Eschscholzia californica,Native,Forb,Native,CalFlora,B8,2,B,8,WWP,Drought,rgr_l_MA,-0.04530720708668084
B8.ESCCAL.1,ESCCAL,Eschscholzia californica,Native,Forb,Native,CalFlora,B8,2,B,8,WWP,Drought,rgr_l_AM,NA
B8.ESCCAL.1,ESCCAL,Eschscholzia californica,Native,Forb,Native,CalFlora,B8,2,B,8,WWP,Drought,rgr_l_MJ,NA
C1.BRODIA.1,BRODIA,Bromus diandrus,Non-native,Grass,Moderate,Cal IPC,C1,3,C,1,MCL,Drought,rgr_l_FM,NA
C1.BRODIA.1,BRODIA,Bromus diandrus,Non-native,Grass,Moderate,Cal IPC,C1,3,C,1,MCL,Drought,rgr_l_MA,0.02554928178818315
C1.BRODIA.1,BRODIA,Bromus diandrus,Non-native,Grass,Moderate,Cal IPC,C1,3,C,1,MCL,Drought,rgr_l_AM,-0.03323461420945752
C1.BRODIA.1,BRODIA,Bromus diandrus,Non-native,Grass,Moderate,Cal IPC,C1,3,C,1,MCL,Drought,rgr_l_MJ,NA
C1.BROHOR.1,BROHOR,Bromus hordeaceaus,Non-native,Grass,Limited,Cal IPC,C1,3,C,1,MCL,Drought,rgr_l_FM,NA
C1.BROHOR.1,BROHOR,Bromus hordeaceaus,Non-native,Grass,Limited,Cal IPC,C1,3,C,1,MCL,Drought,rgr_l_MA,0.0043070577160002
C1.BROHOR.1,BROHOR,Bromus hordeaceaus,Non-native,Grass,Limited,Cal IPC,C1,3,C,1,MCL,Drought,rgr_l_AM,NA
C1.BROHOR.1,BROHOR,Bromus hordeaceaus,Non-native,Grass,Limited,Cal IPC,C1,3,C,1,MCL,Drought,rgr_l_MJ,NA
C1.BROMAD.1,BROMAD,Bromus madritensis,Non-native,Grass,High,Cal IPC,C1,3,C,1,MCL,Drought,rgr_l_FM,NA
C1.BROMAD.1,BROMAD,Bromus madritensis,Non-native,Grass,High,Cal IPC,C1,3,C,1,MCL,Drought,rgr_l_MA,0.01104523786514808
C1.BROMAD.1,BROMAD,Bromus madritensis,Non-native,Grass,High,Cal IPC,C1,3,C,1,MCL,Drought,rgr_l_AM,NA
C1.BROMAD.1,BROMAD,Bromus madritensis,Non-native,Grass,High,Cal IPC,C1,3,C,1,MCL,Drought,rgr_l_MJ,NA
C1.CLAPUR.1,CLAPUR,Clarkia purpurea,Native,Forb,Native,CalFlora,C1,3,C,1,MCL,Drought,rgr_l_FM,0.05147250545898193
C1.CLAPUR.1,CLAPUR,Clarkia purpurea,Native,Forb,Native,CalFlora,C1,3,C,1,MCL,Drought,rgr_l_MA,0.04927485673875832
C1.CLAPUR.1,CLAPUR,Clarkia purpurea,Native,Forb,Native,CalFlora,C1,3,C,1,MCL,Drought,rgr_l_AM,0.02685032824136855
C1.CLAPUR.1,CLAPUR,Clarkia purpurea,Native,Forb,Native,CalFlora,C1,3,C,1,MCL,Drought,rgr_l_MJ,NA
C1.ELYCAP.1,ELYCAP,Elymus caput-medusae,Non-native,Grass,High,Cal IPC,C1,3,C,1,MCL,Drought,rgr_l_FM,0.03675044019336293
C1.ELYCAP.1,ELYCAP,Elymus caput-medusae,Non-native,Grass,High,Cal IPC,C1,3,C,1,MCL,Drought,rgr_l_MA,0.02179754891355546
C1.ELYCAP.1,ELYCAP,Elymus caput-medusae,Non-native,Grass,High,Cal IPC,C1,3,C,1,MCL,Drought,rgr_l_AM,-0.0766399005921
C1.ELYCAP.1,ELYCAP,Elymus caput-medusae,Non-native,Grass,High,Cal IPC,C1,3,C,1,MCL,Drought,rgr_l_MJ,NA
C1.HOLVIR.1,HOLVIR,Holocarpha virgata,Native,Forb,Native,CalFlora,C1,3,C,1,MCL,Drought,rgr_l_FM,0.05331901388922655
C1.HOLVIR.1,HOLVIR,Holocarpha virgata,Native,Forb,Native,CalFlora,C1,3,C,1,MCL,Drought,rgr_l_MA,0.02883324791622015
C1.HOLVIR.1,HOLVIR,Holocarpha virgata,Native,Forb,Native,CalFlora,C1,3,C,1,MCL,Drought,rgr_l_AM,0.1339124984274728
C1.HOLVIR.1,HOLVIR,Holocarpha virgata,Native,Forb,Native,CalFlora,C1,3,C,1,MCL,Drought,rgr_l_MJ,0.06645558491281525
C1.MICCAL.1,MICCAL,Micropus californicus,Native,Forb,Native,CalFlora,C1,3,C,1,MCL,Drought,rgr_l_FM,0.02924178782298362
C1.MICCAL.1,MICCAL,Micropus californicus,Native,Forb,Native,CalFlora,C1,3,C,1,MCL,Drought,rgr_l_MA,-0.02926898396846525
C1.MICCAL.1,MICCAL,Micropus californicus,Native,Forb,Native,CalFlora,C1,3,C,1,MCL,Drought,rgr_l_AM,NA
C1.MICCAL.1,MICCAL,Micropus californicus,Native,Forb,Native,CalFlora,C1,3,C,1,MCL,Drought,rgr_l_MJ,NA
C1.PLAERE.1,PLAERE,Plantago erecta,Native,Forb,Native,CalFlora,C1,3,C,1,MCL,Drought,rgr_l_FM,0.00909187607939347
C1.PLAERE.1,PLAERE,Plantago erecta,Native,Forb,Native,CalFlora,C1,3,C,1,MCL,Drought,rgr_l_MA,0.00170977647958501
C1.PLAERE.1,PLAERE,Plantago erecta,Native,Forb,Native,CalFlora,C1,3,C,1,MCL,Drought,rgr_l_AM,NA
C1.PLAERE.1,PLAERE,Plantago erecta,Native,Forb,Native,CalFlora,C1,3,C,1,MCL,Drought,rgr_l_MJ,NA
C1.TRIHIR.1,TRIHIR,Trifolium hirtum,Non-native,Forb,Limited,Cal IPC,C1,3,C,1,MCL,Drought,rgr_l_FM,0.01559481185031401
C1.TRIHIR.1,TRIHIR,Trifolium hirtum,Non-native,Forb,Limited,Cal IPC,C1,3,C,1,MCL,Drought,rgr_l_MA,0.02020452678567719
C1.TRIHIR.1,TRIHIR,Trifolium hirtum,Non-native,Forb,Limited,Cal IPC,C1,3,C,1,MCL,Drought,rgr_l_AM,-0.00707674958041188
C1.TRIHIR.1,TRIHIR,Trifolium hirtum,Non-native,Forb,Limited,Cal IPC,C1,3,C,1,MCL,Drought,rgr_l_MJ,NA
C2.BRODIA.1,BRODIA,Bromus diandrus,Non-native,Grass,Moderate,Cal IPC,C2,3,C,2,SEDG,Drought,rgr_l_FM,NA
C2.BRODIA.1,BRODIA,Bromus diandrus,Non-native,Grass,Moderate,Cal IPC,C2,3,C,2,SEDG,Drought,rgr_l_MA,0.00333611528523274
C2.BRODIA.1,BRODIA,Bromus diandrus,Non-native,Grass,Moderate,Cal IPC,C2,3,C,2,SEDG,Drought,rgr_l_AM,-0.03606700010925662
C2.BRODIA.1,BRODIA,Bromus diandrus,Non-native,Grass,Moderate,Cal IPC,C2,3,C,2,SEDG,Drought,rgr_l_MJ,NA
C2.BROHOR.1,BROHOR,Bromus hordeaceaus,Non-native,Grass,Limited,Cal IPC,C2,3,C,2,SEDG,Drought,rgr_l_FM,NA
C2.BROHOR.1,BROHOR,Bromus hordeaceaus,Non-native,Grass,Limited,Cal IPC,C2,3,C,2,SEDG,Drought,rgr_l_MA,-0.00317700599347749
C2.BROHOR.1,BROHOR,Bromus hordeaceaus,Non-native,Grass,Limited,Cal IPC,C2,3,C,2,SEDG,Drought,rgr_l_AM,-0.00572162952087718
C2.BROHOR.1,BROHOR,Bromus hordeaceaus,Non-native,Grass,Limited,Cal IPC,C2,3,C,2,SEDG,Drought,rgr_l_MJ,NA
C2.BROMAD.1,BROMAD,Bromus madritensis,Non-native,Grass,High,Cal IPC,C2,3,C,2,SEDG,Drought,rgr_l_FM,NA
C2.BROMAD.1,BROMAD,Bromus madritensis,Non-native,Grass,High,Cal IPC,C2,3,C,2,SEDG,Drought,rgr_l_MA,-0.01188916479795775
C2.BROMAD.1,BROMAD,Bromus madritensis,Non-native,Grass,High,Cal IPC,C2,3,C,2,SEDG,Drought,rgr_l_AM,NA
C2.BROMAD.1,BROMAD,Bromus madritensis,Non-native,Grass,High,Cal IPC,C2,3,C,2,SEDG,Drought,rgr_l_MJ,NA
C2.CENMEL.1,CENMEL,Centaurea melitensis,Non-native,Forb,Moderate,Cal IPC,C2,3,C,2,SEDG,Drought,rgr_l_FM,0.01224822042763595
C2.CENMEL.1,CENMEL,Centaurea melitensis,Non-native,Forb,Moderate,Cal IPC,C2,3,C,2,SEDG,Drought,rgr_l_MA,0.03761550839392636
C2.CENMEL.1,CENMEL,Centaurea melitensis,Non-native,Forb,Moderate,Cal IPC,C2,3,C,2,SEDG,Drought,rgr_l_AM,0.0959310066027414
C2.CENMEL.1,CENMEL,Centaurea melitensis,Non-native,Forb,Moderate,Cal IPC,C2,3,C,2,SEDG,Drought,rgr_l_MJ,NA
C2.CORFIL.1,CORFIL,Corethrogyne filaginafolia,Native,Forb,Native,CalFlora,C2,3,C,2,SEDG,Drought,rgr_l_FM,0.00858244428131577
C2.CORFIL.1,CORFIL,Corethrogyne filaginafolia,Native,Forb,Native,CalFlora,C2,3,C,2,SEDG,Drought,rgr_l_MA,0.00874547548224969
C2.CORFIL.1,CORFIL,Corethrogyne filaginafolia,Native,Forb,Native,CalFlora,C2,3,C,2,SEDG,Drought,rgr_l_AM,0.04271488360196215
C2.CORFIL.1,CORFIL,Corethrogyne filaginafolia,Native,Forb,Native,CalFlora,C2,3,C,2,SEDG,Drought,rgr_l_MJ,0.02712666339899201
C2.ESCCAL.1,ESCCAL,Eschscholzia californica,Native,Forb,Native,CalFlora,C2,3,C,2,SEDG,Drought,rgr_l_FM,0.015594811850314
C2.ESCCAL.1,ESCCAL,Eschscholzia californica,Native,Forb,Native,CalFlora,C2,3,C,2,SEDG,Drought,rgr_l_MA,-0.00229976238289838
C2.ESCCAL.1,ESCCAL,Eschscholzia californica,Native,Forb,Native,CalFlora,C2,3,C,2,SEDG,Drought,rgr_l_AM,0.01051128194751296
C2.ESCCAL.1,ESCCAL,Eschscholzia californica,Native,Forb,Native,CalFlora,C2,3,C,2,SEDG,Drought,rgr_l_MJ,0.04778895917906175
C2.MICCAL.1,MICCAL,Micropus californicus,Native,Forb,Native,CalFlora,C2,3,C,2,SEDG,Drought,rgr_l_FM,0.01395790360343725
C2.MICCAL.1,MICCAL,Micropus californicus,Native,Forb,Native,CalFlora,C2,3,C,2,SEDG,Drought,rgr_l_MA,-0.00148172541902778
C2.MICCAL.1,MICCAL,Micropus californicus,Native,Forb,Native,CalFlora,C2,3,C,2,SEDG,Drought,rgr_l_AM,NA
C2.MICCAL.1,MICCAL,Micropus californicus,Native,Forb,Native,CalFlora,C2,3,C,2,SEDG,Drought,rgr_l_MJ,NA
C3.AIRCAR.1,AIRCAR,Aira caryophyllea,Non-native,Grass,Non-native,CalFlora,C3,3,C,3,ANGELO,Drought,rgr_l_FM,0
C3.AIRCAR.1,AIRCAR,Aira caryophyllea,Non-native,Grass,Non-native,CalFlora,C3,3,C,3,ANGELO,Drought,rgr_l_MA,0.00743811837714032
C3.AIRCAR.1,AIRCAR,Aira caryophyllea,Non-native,Grass,Non-native,CalFlora,C3,3,C,3,ANGELO,Drought,rgr_l_AM,-Inf
C3.AIRCAR.1,AIRCAR,Aira caryophyllea,Non-native,Grass,Non-native,CalFlora,C3,3,C,3,ANGELO,Drought,rgr_l_MJ,NA
C3.BRODIA.1,BRODIA,Bromus diandrus,Non-native,Grass,Moderate,Cal IPC,C3,3,C,3,ANGELO,Drought,rgr_l_FM,NA
C3.BRODIA.1,BRODIA,Bromus diandrus,Non-native,Grass,Moderate,Cal IPC,C3,3,C,3,ANGELO,Drought,rgr_l_MA,0.01351550360360545
C3.BRODIA.1,BRODIA,Bromus diandrus,Non-native,Grass,Moderate,Cal IPC,C3,3,C,3,ANGELO,Drought,rgr_l_AM,-0.04363758096325085
C3.BRODIA.1,BRODIA,Bromus diandrus,Non-native,Grass,Moderate,Cal IPC,C3,3,C,3,ANGELO,Drought,rgr_l_MJ,NA
C3.BROHOR.1,BROHOR,Bromus hordeaceaus,Non-native,Grass,Limited,Cal IPC,C3,3,C,3,ANGELO,Drought,rgr_l_FM,NA
C3.BROHOR.1,BROHOR,Bromus hordeaceaus,Non-native,Grass,Limited,Cal IPC,C3,3,C,3,ANGELO,Drought,rgr_l_MA,-8.032517193020154e-4
C3.BROHOR.1,BROHOR,Bromus hordeaceaus,Non-native,Grass,Limited,Cal IPC,C3,3,C,3,ANGELO,Drought,rgr_l_AM,NA
C3.BROHOR.1,BROHOR,Bromus hordeaceaus,Non-native,Grass,Limited,Cal IPC,C3,3,C,3,ANGELO,Drought,rgr_l_MJ,NA
C3.DAUPUS.1-C8,DAUPUS,Daucus pusillus,Native,Forb,Native,CalFlora,C3,3,C,3,ANGELO,Drought,rgr_l_FM,NA
C3.DAUPUS.1-C8,DAUPUS,Daucus pusillus,Native,Forb,Native,CalFlora,C3,3,C,3,ANGELO,Drought,rgr_l_MA,0.01351550360360548
C3.DAUPUS.1-C8,DAUPUS,Daucus pusillus,Native,Forb,Native,CalFlora,C3,3,C,3,ANGELO,Drought,rgr_l_AM,NA
C3.DAUPUS.1-C8,DAUPUS,Daucus pusillus,Native,Forb,Native,CalFlora,C3,3,C,3,ANGELO,Drought,rgr_l_MJ,NA
C3.GALPAR.1,GALPAR,Galium parisiense,Non-native,Forb,Non-native,CalFlora,C3,3,C,3,ANGELO,Drought,rgr_l_FM,0.06556723431686251
C3.GALPAR.1,GALPAR,Galium parisiense,Non-native,Forb,Non-native,CalFlora,C3,3,C,3,ANGELO,Drought,rgr_l_MA,0.05934435911348109
C3.GALPAR.1,GALPAR,Galium parisiense,Non-native,Forb,Non-native,CalFlora,C3,3,C,3,ANGELO,Drought,rgr_l_AM,0.02327312936541087
C3.GALPAR.1,GALPAR,Galium parisiense,Non-native,Forb,Non-native,CalFlora,C3,3,C,3,ANGELO,Drought,rgr_l_MJ,NA
C3.HYPGLA.1,HYPGLA,Hypochaeris glabra,Non-native,Forb,Limited,Cal IPC,C3,3,C,3,ANGELO,Drought,rgr_l_FM,0.02260717941931228
C3.HYPGLA.1,HYPGLA,Hypochaeris glabra,Non-native,Forb,Limited,Cal IPC,C3,3,C,3,ANGELO,Drought,rgr_l_MA,0.0066890231820717
C3.HYPGLA.1,HYPGLA,Hypochaeris glabra,Non-native,Forb,Limited,Cal IPC,C3,3,C,3,ANGELO,Drought,rgr_l_AM,-0.00238275449510811
C3.HYPGLA.1,HYPGLA,Hypochaeris glabra,Non-native,Forb,Limited,Cal IPC,C3,3,C,3,ANGELO,Drought,rgr_l_MJ,NA
C3.MADGRA.1,MADGRA,Madia gracilis,Native,Forb,Native,CalFlora,C3,3,C,3,ANGELO,Drought,rgr_l_FM,0.03118962370062803
C3.MADGRA.1,MADGRA,Madia gracilis,Native,Forb,Native,CalFlora,C3,3,C,3,ANGELO,Drought,rgr_l_MA,0.06093757044663098
C3.MADGRA.1,MADGRA,Madia gracilis,Native,Forb,Native,CalFlora,C3,3,C,3,ANGELO,Drought,rgr_l_AM,0.04619551358276513
C3.MADGRA.1,MADGRA,Madia gracilis,Native,Forb,Native,CalFlora,C3,3,C,3,ANGELO,Drought,rgr_l_MJ,NA
C4.AVEBAR.1,AVEBAR,Avena barbata,Non-native,Grass,Moderate,Cal IPC,C4,3,C,4,BORR,Drought,rgr_l_FM,NA
C4.AVEBAR.1,AVEBAR,Avena barbata,Non-native,Grass,Moderate,Cal IPC,C4,3,C,4,BORR,Drought,rgr_l_MA,-0.00556846948877221
C4.AVEBAR.1,AVEBAR,Avena barbata,Non-native,Grass,Moderate,Cal IPC,C4,3,C,4,BORR,Drought,rgr_l_AM,-0.03138892253337454
C4.AVEBAR.1,AVEBAR,Avena barbata,Non-native,Grass,Moderate,Cal IPC,C4,3,C,4,BORR,Drought,rgr_l_MJ,NA
C4.BRODIA.1,BRODIA,Bromus diandrus,Non-native,Grass,Moderate,Cal IPC,C4,3,C,4,BORR,Drought,rgr_l_FM,NA
C4.BRODIA.1,BRODIA,Bromus diandrus,Non-native,Grass,Moderate,Cal IPC,C4,3,C,4,BORR,Drought,rgr_l_MA,0.01654789621046303
C4.BRODIA.1,BRODIA,Bromus diandrus,Non-native,Grass,Moderate,Cal IPC,C4,3,C,4,BORR,Drought,rgr_l_AM,-0.09008358653634028
C4.BRODIA.1,BRODIA,Bromus diandrus,Non-native,Grass,Moderate,Cal IPC,C4,3,C,4,BORR,Drought,rgr_l_MJ,NA
C4.BROHOR.1,BROHOR,Bromus hordeaceaus,Non-native,Grass,Limited,Cal IPC,C4,3,C,4,BORR,Drought,rgr_l_FM,NA
C4.BROHOR.1,BROHOR,Bromus hordeaceaus,Non-native,Grass,Limited,Cal IPC,C4,3,C,4,BORR,Drought,rgr_l_MA,-0.00113005172252271
C4.BROHOR.1,BROHOR,Bromus hordeaceaus,Non-native,Grass,Limited,Cal IPC,C4,3,C,4,BORR,Drought,rgr_l_AM,NA
C4.BROHOR.1,BROHOR,Bromus hordeaceaus,Non-native,Grass,Limited,Cal IPC,C4,3,C,4,BORR,Drought,rgr_l_MJ,NA
C4.DAUPUS.1,DAUPUS,Daucus pusillus,Native,Forb,Native,CalFlora,C4,3,C,4,BORR,Drought,rgr_l_FM,0.02665950694461327
C4.DAUPUS.1,DAUPUS,Daucus pusillus,Native,Forb,Native,CalFlora,C4,3,C,4,BORR,Drought,rgr_l_MA,0
C4.DAUPUS.1,DAUPUS,Daucus pusillus,Native,Forb,Native,CalFlora,C4,3,C,4,BORR,Drought,rgr_l_AM,0.00871763855914487
C4.DAUPUS.1,DAUPUS,Daucus pusillus,Native,Forb,Native,CalFlora,C4,3,C,4,BORR,Drought,rgr_l_MJ,NA
C4.MADGRA.1,MADGRA,Madia gracilis,Native,Forb,Native,CalFlora,C4,3,C,4,BORR,Drought,rgr_l_FM,0.03890772737224923
C4.MADGRA.1,MADGRA,Madia gracilis,Native,Forb,Native,CalFlora,C4,3,C,4,BORR,Drought,rgr_l_MA,0.08341430001600675
C4.MADGRA.1,MADGRA,Madia gracilis,Native,Forb,Native,CalFlora,C4,3,C,4,BORR,Drought,rgr_l_AM,0.02680929367765948
C4.MADGRA.1,MADGRA,Madia gracilis,Native,Forb,Native,CalFlora,C4,3,C,4,BORR,Drought,rgr_l_MJ,NA
C4.TORARV.1,TORARV,Torilis arvensis,Non-native,Forb,Moderate,Cal IPC,C4,3,C,4,BORR,Drought,rgr_l_FM,0.02152368415136241
C4.TORARV.1,TORARV,Torilis arvensis,Non-native,Forb,Moderate,Cal IPC,C4,3,C,4,BORR,Drought,rgr_l_MA,-0.00513835599424194
C4.TORARV.1,TORARV,Torilis arvensis,Non-native,Forb,Moderate,Cal IPC,C4,3,C,4,BORR,Drought,rgr_l_AM,0.04254095856594526
C4.TORARV.1,TORARV,Torilis arvensis,Non-native,Forb,Moderate,Cal IPC,C4,3,C,4,BORR,Drought,rgr_l_MJ,NA
C4.TRIHIR.1,TRIHIR,Trifolium hirtum,Non-native,Forb,Limited,Cal IPC,C4,3,C,4,BORR,Drought,rgr_l_FM,0.02665950694461327
C4.TRIHIR.1,TRIHIR,Trifolium hirtum,Non-native,Forb,Limited,Cal IPC,C4,3,C,4,BORR,Drought,rgr_l_MA,0.01618359385939003
C4.TRIHIR.1,TRIHIR,Trifolium hirtum,Non-native,Forb,Limited,Cal IPC,C4,3,C,4,BORR,Drought,rgr_l_AM,0
C4.TRIHIR.1,TRIHIR,Trifolium hirtum,Non-native,Forb,Limited,Cal IPC,C4,3,C,4,BORR,Drought,rgr_l_MJ,NA
C4.VICSAT.1,VICSAT,Vicia sativa,Non-native,Forb,Non-native,CalFlora,C4,3,C,4,BORR,Drought,rgr_l_FM,0.03524195122592904
C4.VICSAT.1,VICSAT,Vicia sativa,Non-native,Forb,Non-native,CalFlora,C4,3,C,4,BORR,Drought,rgr_l_MA,0.01768760836873901
C4.VICSAT.1,VICSAT,Vicia sativa,Non-native,Forb,Non-native,CalFlora,C4,3,C,4,BORR,Drought,rgr_l_AM,NA
C4.VICSAT.1,VICSAT,Vicia sativa,Non-native,Forb,Non-native,CalFlora,C4,3,C,4,BORR,Drought,rgr_l_MJ,NA
C5.BRODIA.1,BRODIA,Bromus diandrus,Non-native,Grass,Moderate,Cal IPC,C5,3,C,5,BORR,Drought,rgr_l_FM,NA
C5.BRODIA.1,BRODIA,Bromus diandrus,Non-native,Grass,Moderate,Cal IPC,C5,3,C,5,BORR,Drought,rgr_l_MA,0.00500627620153443
C5.BRODIA.1,BRODIA,Bromus diandrus,Non-native,Grass,Moderate,Cal IPC,C5,3,C,5,BORR,Drought,rgr_l_AM,-0.04787259061621499
C5.BRODIA.1,BRODIA,Bromus diandrus,Non-native,Grass,Moderate,Cal IPC,C5,3,C,5,BORR,Drought,rgr_l_MJ,NA
C5.BROHOR.1,BROHOR,Bromus hordeaceaus,Non-native,Grass,Limited,Cal IPC,C5,3,C,5,BORR,Drought,rgr_l_FM,NA
C5.BROHOR.1,BROHOR,Bromus hordeaceaus,Non-native,Grass,Limited,Cal IPC,C5,3,C,5,BORR,Drought,rgr_l_MA,0.01953087844554487
C5.BROHOR.1,BROHOR,Bromus hordeaceaus,Non-native,Grass,Limited,Cal IPC,C5,3,C,5,BORR,Drought,rgr_l_AM,NA
C5.BROHOR.1,BROHOR,Bromus hordeaceaus,Non-native,Grass,Limited,Cal IPC,C5,3,C,5,BORR,Drought,rgr_l_MJ,NA
C5.DAUPUS.1,DAUPUS,Daucus pusillus,Native,Forb,Native,CalFlora,C5,3,C,5,BORR,Drought,rgr_l_FM,0.03393669377311685
C5.DAUPUS.1,DAUPUS,Daucus pusillus,Native,Forb,Native,CalFlora,C5,3,C,5,BORR,Drought,rgr_l_MA,-0.00769460521773137
C5.DAUPUS.1,DAUPUS,Daucus pusillus,Native,Forb,Native,CalFlora,C5,3,C,5,BORR,Drought,rgr_l_AM,0
C5.DAUPUS.1,DAUPUS,Daucus pusillus,Native,Forb,Native,CalFlora,C5,3,C,5,BORR,Drought,rgr_l_MJ,NA
C5.GERDIS.1,GERDIS,Geranium dissectum,Non-native,Forb,Limited,Cal IPC,C5,3,C,5,BORR,Drought,rgr_l_FM,0.02244947420630799
C5.GERDIS.1,GERDIS,Geranium dissectum,Non-native,Forb,Limited,Cal IPC,C5,3,C,5,BORR,Drought,rgr_l_MA,0.04364366804590605
C5.GERDIS.1,GERDIS,Geranium dissectum,Non-native,Forb,Limited,Cal IPC,C5,3,C,5,BORR,Drought,rgr_l_AM,NA
C5.GERDIS.1,GERDIS,Geranium dissectum,Non-native,Forb,Limited,Cal IPC,C5,3,C,5,BORR,Drought,rgr_l_MJ,NA
C5.MADGRA.1,MADGRA,Madia gracilis,Native,Forb,Native,CalFlora,C5,3,C,5,BORR,Drought,rgr_l_FM,0.052107912900838
C5.MADGRA.1,MADGRA,Madia gracilis,Native,Forb,Native,CalFlora,C5,3,C,5,BORR,Drought,rgr_l_MA,0.06618347223676119
C5.MADGRA.1,MADGRA,Madia gracilis,Native,Forb,Native,CalFlora,C5,3,C,5,BORR,Drought,rgr_l_AM,0.03783556764524309
C5.MADGRA.1,MADGRA,Madia gracilis,Native,Forb,Native,CalFlora,C5,3,C,5,BORR,Drought,rgr_l_MJ,NA
C5.TORARV.1,TORARV,Torilis arvensis,Non-native,Forb,Moderate,Cal IPC,C5,3,C,5,BORR,Drought,rgr_l_FM,0.01065489157228817
C5.TORARV.1,TORARV,Torilis arvensis,Non-native,Forb,Moderate,Cal IPC,C5,3,C,5,BORR,Drought,rgr_l_MA,0
C5.TORARV.1,TORARV,Torilis arvensis,Non-native,Forb,Moderate,Cal IPC,C5,3,C,5,BORR,Drought,rgr_l_AM,NA
C5.TORARV.1,TORARV,Torilis arvensis,Non-native,Forb,Moderate,Cal IPC,C5,3,C,5,BORR,Drought,rgr_l_MJ,NA
C5.TRIHIR.1,TRIHIR,Trifolium hirtum,Non-native,Forb,Limited,Cal IPC,C5,3,C,5,BORR,Drought,rgr_l_FM,0.01501722622622831
C5.TRIHIR.1,TRIHIR,Trifolium hirtum,Non-native,Forb,Limited,Cal IPC,C5,3,C,5,BORR,Drought,rgr_l_MA,0.02921716759955873
C5.TRIHIR.1,TRIHIR,Trifolium hirtum,Non-native,Forb,Limited,Cal IPC,C5,3,C,5,BORR,Drought,rgr_l_AM,0.01197770001628193
C5.TRIHIR.1,TRIHIR,Trifolium hirtum,Non-native,Forb,Limited,Cal IPC,C5,3,C,5,BORR,Drought,rgr_l_MJ,NA
C5.VICSAT.1,VICSAT,Vicia sativa,Non-native,Forb,Non-native,CalFlora,C5,3,C,5,BORR,Drought,rgr_l_FM,0.04505167867868494
C5.VICSAT.1,VICSAT,Vicia sativa,Non-native,Forb,Non-native,CalFlora,C5,3,C,5,BORR,Drought,rgr_l_MA,0.00794909167627008
C5.VICSAT.1,VICSAT,Vicia sativa,Non-native,Forb,Non-native,CalFlora,C5,3,C,5,BORR,Drought,rgr_l_AM,NA
C5.VICSAT.1,VICSAT,Vicia sativa,Non-native,Forb,Non-native,CalFlora,C5,3,C,5,BORR,Drought,rgr_l_MJ,NA
C6.AMSMEN.1,AMSMEN,Amsinckia menziesii,Native,Forb,Native,CalFlora,C6,3,C,6,WWP,Drought,rgr_l_FM,0.01823986981843681
C6.AMSMEN.1,AMSMEN,Amsinckia menziesii,Native,Forb,Native,CalFlora,C6,3,C,6,WWP,Drought,rgr_l_MA,NA
C6.AMSMEN.1,AMSMEN,Amsinckia menziesii,Native,Forb,Native,CalFlora,C6,3,C,6,WWP,Drought,rgr_l_AM,NA
C6.AMSMEN.1,AMSMEN,Amsinckia menziesii,Native,Forb,Native,CalFlora,C6,3,C,6,WWP,Drought,rgr_l_MJ,NA
C6.AVEBAR.1,AVEBAR,Avena barbata,Non-native,Grass,Moderate,Cal IPC,C6,3,C,6,WWP,Drought,rgr_l_FM,NA
C6.AVEBAR.1,AVEBAR,Avena barbata,Non-native,Grass,Moderate,Cal IPC,C6,3,C,6,WWP,Drought,rgr_l_MA,0.00138875514268758
C6.AVEBAR.1,AVEBAR,Avena barbata,Non-native,Grass,Moderate,Cal IPC,C6,3,C,6,WWP,Drought,rgr_l_AM,-0.00723416846801746
C6.AVEBAR.1,AVEBAR,Avena barbata,Non-native,Grass,Moderate,Cal IPC,C6,3,C,6,WWP,Drought,rgr_l_MJ,NA
C6.BROARE.1,BROARE,Bromus arenarius,Non-native,Grass,Non-native,CalFlora,C6,3,C,6,WWP,Drought,rgr_l_FM,NA
C6.BROARE.1,BROARE,Bromus arenarius,Non-native,Grass,Non-native,CalFlora,C6,3,C,6,WWP,Drought,rgr_l_MA,0.03382169837971469
C6.BROARE.1,BROARE,Bromus arenarius,Non-native,Grass,Non-native,CalFlora,C6,3,C,6,WWP,Drought,rgr_l_AM,-0.00869057070712044
C6.BROARE.1,BROARE,Bromus arenarius,Non-native,Grass,Non-native,CalFlora,C6,3,C,6,WWP,Drought,rgr_l_MJ,NA
C6.BRODIA.1,BRODIA,Bromus diandrus,Non-native,Grass,Moderate,Cal IPC,C6,3,C,6,WWP,Drought,rgr_l_FM,NA
C6.BRODIA.1,BRODIA,Bromus diandrus,Non-native,Grass,Moderate,Cal IPC,C6,3,C,6,WWP,Drought,rgr_l_MA,0.01598526685915328
C6.BRODIA.1,BRODIA,Bromus diandrus,Non-native,Grass,Moderate,Cal IPC,C6,3,C,6,WWP,Drought,rgr_l_AM,-0.00728912587723771
C6.BRODIA.1,BRODIA,Bromus diandrus,Non-native,Grass,Moderate,Cal IPC,C6,3,C,6,WWP,Drought,rgr_l_MJ,NA
C6.BROMAD.1,BROMAD,Bromus madritensis,Non-native,Grass,High,Cal IPC,C6,3,C,6,WWP,Drought,rgr_l_FM,NA
C6.BROMAD.1,BROMAD,Bromus madritensis,Non-native,Grass,High,Cal IPC,C6,3,C,6,WWP,Drought,rgr_l_MA,-0.00176873428922588
C6.BROMAD.1,BROMAD,Bromus madritensis,Non-native,Grass,High,Cal IPC,C6,3,C,6,WWP,Drought,rgr_l_AM,NA
C6.BROMAD.1,BROMAD,Bromus madritensis,Non-native,Grass,High,Cal IPC,C6,3,C,6,WWP,Drought,rgr_l_MJ,NA
C6.PHATAN.1,PHATAN,Phacelia tanacetifolia,Native,Forb,Native,CalFlora,C6,3,C,6,WWP,Drought,rgr_l_FM,-0.01065489157228817
C6.PHATAN.1,PHATAN,Phacelia tanacetifolia,Native,Forb,Native,CalFlora,C6,3,C,6,WWP,Drought,rgr_l_MA,NA
C6.PHATAN.1,PHATAN,Phacelia tanacetifolia,Native,Forb,Native,CalFlora,C6,3,C,6,WWP,Drought,rgr_l_AM,NA
C6.PHATAN.1,PHATAN,Phacelia tanacetifolia,Native,Forb,Native,CalFlora,C6,3,C,6,WWP,Drought,rgr_l_MJ,NA
C7.AMSMEN.1,AMSMEN,Amsinckia menziesii,Native,Forb,Native,CalFlora,C7,3,C,7,WWP,Drought,rgr_l_FM,0.0032226435922085
C7.AMSMEN.1,AMSMEN,Amsinckia menziesii,Native,Forb,Native,CalFlora,C7,3,C,7,WWP,Drought,rgr_l_MA,NA
C7.AMSMEN.1,AMSMEN,Amsinckia menziesii,Native,Forb,Native,CalFlora,C7,3,C,7,WWP,Drought,rgr_l_AM,NA
C7.AMSMEN.1,AMSMEN,Amsinckia menziesii,Native,Forb,Native,CalFlora,C7,3,C,7,WWP,Drought,rgr_l_MJ,NA
C7.AVEBAR.1,AVEBAR,Avena barbata,Non-native,Grass,Moderate,Cal IPC,C7,3,C,7,WWP,Drought,rgr_l_FM,NA
C7.AVEBAR.1,AVEBAR,Avena barbata,Non-native,Grass,Moderate,Cal IPC,C7,3,C,7,WWP,Drought,rgr_l_MA,0.01205771546481893
C7.AVEBAR.1,AVEBAR,Avena barbata,Non-native,Grass,Moderate,Cal IPC,C7,3,C,7,WWP,Drought,rgr_l_AM,-0.02665200096643901
C7.AVEBAR.1,AVEBAR,Avena barbata,Non-native,Grass,Moderate,Cal IPC,C7,3,C,7,WWP,Drought,rgr_l_MJ,NA
C7.BROARE.1,BROARE,Bromus arenarius,Non-native,Grass,Non-native,CalFlora,C7,3,C,7,WWP,Drought,rgr_l_FM,NA
C7.BROARE.1,BROARE,Bromus arenarius,Non-native,Grass,Non-native,CalFlora,C7,3,C,7,WWP,Drought,rgr_l_MA,0.01501096797440846
C7.BROARE.1,BROARE,Bromus arenarius,Non-native,Grass,Non-native,CalFlora,C7,3,C,7,WWP,Drought,rgr_l_AM,0.02116770567553077
C7.BROARE.1,BROARE,Bromus arenarius,Non-native,Grass,Non-native,CalFlora,C7,3,C,7,WWP,Drought,rgr_l_MJ,NA
C7.BRODIA.1,BRODIA,Bromus diandrus,Non-native,Grass,Moderate,Cal IPC,C7,3,C,7,WWP,Drought,rgr_l_FM,NA
C7.BRODIA.1,BRODIA,Bromus diandrus,Non-native,Grass,Moderate,Cal IPC,C7,3,C,7,WWP,Drought,rgr_l_MA,0.01173537261852424
C7.BRODIA.1,BRODIA,Bromus diandrus,Non-native,Grass,Moderate,Cal IPC,C7,3,C,7,WWP,Drought,rgr_l_AM,NA
C7.BRODIA.1,BRODIA,Bromus diandrus,Non-native,Grass,Moderate,Cal IPC,C7,3,C,7,WWP,Drought,rgr_l_MJ,NA
C7.BROMAD.1,BROMAD,Bromus madritensis,Non-native,Grass,High,Cal IPC,C7,3,C,7,WWP,Drought,rgr_l_FM,NA
C7.BROMAD.1,BROMAD,Bromus madritensis,Non-native,Grass,High,Cal IPC,C7,3,C,7,WWP,Drought,rgr_l_MA,-0.01098116314201844
C7.BROMAD.1,BROMAD,Bromus madritensis,Non-native,Grass,High,Cal IPC,C7,3,C,7,WWP,Drought,rgr_l_AM,NA
C7.BROMAD.1,BROMAD,Bromus madritensis,Non-native,Grass,High,Cal IPC,C7,3,C,7,WWP,Drought,rgr_l_MJ,NA
C7.EROCIC.1,EROCIC,Erodium cicutarium,Non-native,Forb,Non-native,CalFlora,C7,3,C,7,WWP,Drought,rgr_l_FM,0.02567211779851648
C7.EROCIC.1,EROCIC,Erodium cicutarium,Non-native,Forb,Non-native,CalFlora,C7,3,C,7,WWP,Drought,rgr_l_MA,NA
C7.EROCIC.1,EROCIC,Erodium cicutarium,Non-native,Forb,Non-native,CalFlora,C7,3,C,7,WWP,Drought,rgr_l_AM,NA
C7.EROCIC.1,EROCIC,Erodium cicutarium,Non-native,Forb,Non-native,CalFlora,C7,3,C,7,WWP,Drought,rgr_l_MJ,NA
C8.AIRCAR.1,AIRCAR,Aira caryophyllea,Non-native,Grass,Non-native,CalFlora,C8,3,C,8,ANGELO,Drought,rgr_l_FM,0.01674018976826138
C8.AIRCAR.1,AIRCAR,Aira caryophyllea,Non-native,Grass,Non-native,CalFlora,C8,3,C,8,ANGELO,Drought,rgr_l_MA,0.02543444631485444
C8.AIRCAR.1,AIRCAR,Aira caryophyllea,Non-native,Grass,Non-native,CalFlora,C8,3,C,8,ANGELO,Drought,rgr_l_AM,-Inf
C8.AIRCAR.1,AIRCAR,Aira caryophyllea,Non-native,Grass,Non-native,CalFlora,C8,3,C,8,ANGELO,Drought,rgr_l_MJ,NA
C8.BRODIA.1,BRODIA,Bromus diandrus,Non-native,Grass,Moderate,Cal IPC,C8,3,C,8,ANGELO,Drought,rgr_l_FM,NA
C8.BRODIA.1,BRODIA,Bromus diandrus,Non-native,Grass,Moderate,Cal IPC,C8,3,C,8,ANGELO,Drought,rgr_l_MA,0.0046739824826284
C8.BRODIA.1,BRODIA,Bromus diandrus,Non-native,Grass,Moderate,Cal IPC,C8,3,C,8,ANGELO,Drought,rgr_l_AM,-0.06096762442068426
C8.BRODIA.1,BRODIA,Bromus diandrus,Non-native,Grass,Moderate,Cal IPC,C8,3,C,8,ANGELO,Drought,rgr_l_MJ,NA
C8.BROHOR.1,BROHOR,Bromus hordeaceaus,Non-native,Grass,Limited,Cal IPC,C8,3,C,8,ANGELO,Drought,rgr_l_FM,NA
C8.BROHOR.1,BROHOR,Bromus hordeaceaus,Non-native,Grass,Limited,Cal IPC,C8,3,C,8,ANGELO,Drought,rgr_l_MA,-0.00531554068369855
C8.BROHOR.1,BROHOR,Bromus hordeaceaus,Non-native,Grass,Limited,Cal IPC,C8,3,C,8,ANGELO,Drought,rgr_l_AM,-0.01205137510886501
C8.BROHOR.1,BROHOR,Bromus hordeaceaus,Non-native,Grass,Limited,Cal IPC,C8,3,C,8,ANGELO,Drought,rgr_l_MJ,NA
C8.CLAPUR.1,CLAPUR,Clarkia purpurea,Native,Forb,Native,CalFlora,C8,3,C,8,ANGELO,Drought,rgr_l_FM,0.03358226966140757
C8.CLAPUR.1,CLAPUR,Clarkia purpurea,Native,Forb,Native,CalFlora,C8,3,C,8,ANGELO,Drought,rgr_l_MA,0.01442083220295151
C8.CLAPUR.1,CLAPUR,Clarkia purpurea,Native,Forb,Native,CalFlora,C8,3,C,8,ANGELO,Drought,rgr_l_AM,-0.00973551070524145
C8.CLAPUR.1,CLAPUR,Clarkia purpurea,Native,Forb,Native,CalFlora,C8,3,C,8,ANGELO,Drought,rgr_l_MJ,NA
C8.DANCAL.1,DANCAL,Danthonia californica,Native,Grass,Native,CalFlora,C8,3,C,8,ANGELO,Drought,rgr_l_FM,NA
C8.DANCAL.1,DANCAL,Danthonia californica,Native,Grass,Native,CalFlora,C8,3,C,8,ANGELO,Drought,rgr_l_MA,NA
C8.DANCAL.1,DANCAL,Danthonia californica,Native,Grass,Native,CalFlora,C8,3,C,8,ANGELO,Drought,rgr_l_AM,NA
C8.DANCAL.1,DANCAL,Danthonia californica,Native,Grass,Native,CalFlora,C8,3,C,8,ANGELO,Drought,rgr_l_MJ,-0.03648143055578659
C8.DAUPUS.1,DAUPUS,Daucus pusillus,Native,Forb,Native,CalFlora,C8,3,C,8,ANGELO,Drought,rgr_l_FM,0.02176987647785627
C8.DAUPUS.1,DAUPUS,Daucus pusillus,Native,Forb,Native,CalFlora,C8,3,C,8,ANGELO,Drought,rgr_l_MA,0.02193064712827574
C8.DAUPUS.1,DAUPUS,Daucus pusillus,Native,Forb,Native,CalFlora,C8,3,C,8,ANGELO,Drought,rgr_l_AM,0.01916735026495486
C8.DAUPUS.1,DAUPUS,Daucus pusillus,Native,Forb,Native,CalFlora,C8,3,C,8,ANGELO,Drought,rgr_l_MJ,NA
C8.ESCCAL.1,ESCCAL,Eschscholzia californica,Native,Forb,Native,CalFlora,C8,3,C,8,ANGELO,Drought,rgr_l_FM,0.01891946754688855
C8.ESCCAL.1,ESCCAL,Eschscholzia californica,Native,Forb,Native,CalFlora,C8,3,C,8,ANGELO,Drought,rgr_l_MA,-0.01229913599788733
C8.ESCCAL.1,ESCCAL,Eschscholzia californica,Native,Forb,Native,CalFlora,C8,3,C,8,ANGELO,Drought,rgr_l_AM,0.0031053812238261
C8.ESCCAL.1,ESCCAL,Eschscholzia californica,Native,Forb,Native,CalFlora,C8,3,C,8,ANGELO,Drought,rgr_l_MJ,0.06103401603711722
C8.GALPAR.1,GALPAR,Galium parisiense,Non-native,Forb,Non-native,CalFlora,C8,3,C,8,ANGELO,Drought,rgr_l_FM,0.02567211779851649
C8.GALPAR.1,GALPAR,Galium parisiense,Non-native,Forb,Non-native,CalFlora,C8,3,C,8,ANGELO,Drought,rgr_l_MA,0.03159623213359155
C8.GALPAR.1,GALPAR,Galium parisiense,Non-native,Forb,Non-native,CalFlora,C8,3,C,8,ANGELO,Drought,rgr_l_AM,NA
C8.GALPAR.1,GALPAR,Galium parisiense,Non-native,Forb,Non-native,CalFlora,C8,3,C,8,ANGELO,Drought,rgr_l_MJ,NA
C8.HYPGLA.1,HYPGLA,Hypochaeris glabra,Non-native,Forb,Limited,Cal IPC,C8,3,C,8,ANGELO,Drought,rgr_l_FM,0.01636417601033477
C8.HYPGLA.1,HYPGLA,Hypochaeris glabra,Non-native,Forb,Limited,Cal IPC,C8,3,C,8,ANGELO,Drought,rgr_l_MA,0.00669503498072268
C8.HYPGLA.1,HYPGLA,Hypochaeris glabra,Non-native,Forb,Limited,Cal IPC,C8,3,C,8,ANGELO,Drought,rgr_l_AM,-0.00670659966486698
C8.HYPGLA.1,HYPGLA,Hypochaeris glabra,Non-native,Forb,Limited,Cal IPC,C8,3,C,8,ANGELO,Drought,rgr_l_MJ,NA
C8.MADGRA.1,MADGRA,Madia gracilis,Native,Forb,Native,CalFlora,C8,3,C,8,ANGELO,Drought,rgr_l_FM,0.0150172262262283
C8.MADGRA.1,MADGRA,Madia gracilis,Native,Forb,Native,CalFlora,C8,3,C,8,ANGELO,Drought,rgr_l_MA,0.05211922427841024
C8.MADGRA.1,MADGRA,Madia gracilis,Native,Forb,Native,CalFlora,C8,3,C,8,ANGELO,Drought,rgr_l_AM,NA
C8.MADGRA.1,MADGRA,Madia gracilis,Native,Forb,Native,CalFlora,C8,3,C,8,ANGELO,Drought,rgr_l_MJ,NA
D1.AIRCAR.1,AIRCAR,Aira caryophyllea,Non-native,Grass,Non-native,CalFlora,D1,4,D,1,ANGELO,Control,rgr_l_FM,0.04394449154672438
D1.AIRCAR.1,AIRCAR,Aira caryophyllea,Non-native,Grass,Non-native,CalFlora,D1,4,D,1,ANGELO,Control,rgr_l_MA,0
D1.AIRCAR.1,AIRCAR,Aira caryophyllea,Non-native,Grass,Non-native,CalFlora,D1,4,D,1,ANGELO,Control,rgr_l_AM,-0.05364793041447002
D1.AIRCAR.1,AIRCAR,Aira caryophyllea,Non-native,Grass,Non-native,CalFlora,D1,4,D,1,ANGELO,Control,rgr_l_MJ,NA
D1.BRODIA.1,BRODIA,Bromus diandrus,Non-native,Grass,Moderate,Cal IPC,D1,4,D,1,ANGELO,Control,rgr_l_FM,NA
D1.BRODIA.1,BRODIA,Bromus diandrus,Non-native,Grass,Moderate,Cal IPC,D1,4,D,1,ANGELO,Control,rgr_l_MA,0.01669250959708297
D1.BRODIA.1,BRODIA,Bromus diandrus,Non-native,Grass,Moderate,Cal IPC,D1,4,D,1,ANGELO,Control,rgr_l_AM,-0.02968775904217856
D1.BRODIA.1,BRODIA,Bromus diandrus,Non-native,Grass,Moderate,Cal IPC,D1,4,D,1,ANGELO,Control,rgr_l_MJ,NA
D1.BROHOR.1,BROHOR,Bromus hordeaceaus,Non-native,Grass,Limited,Cal IPC,D1,4,D,1,ANGELO,Control,rgr_l_FM,NA
D1.BROHOR.1,BROHOR,Bromus hordeaceaus,Non-native,Grass,Limited,Cal IPC,D1,4,D,1,ANGELO,Control,rgr_l_MA,0.0317336271492078
D1.BROHOR.1,BROHOR,Bromus hordeaceaus,Non-native,Grass,Limited,Cal IPC,D1,4,D,1,ANGELO,Control,rgr_l_AM,-0.03994870028035172
D1.BROHOR.1,BROHOR,Bromus hordeaceaus,Non-native,Grass,Limited,Cal IPC,D1,4,D,1,ANGELO,Control,rgr_l_MJ,NA
D1.ESCCAL.1,ESCCAL,Eschscholzia californica,Native,Forb,Native,CalFlora,D1,4,D,1,ANGELO,Control,rgr_l_FM,0.03822045780109746
D1.ESCCAL.1,ESCCAL,Eschscholzia californica,Native,Forb,Native,CalFlora,D1,4,D,1,ANGELO,Control,rgr_l_MA,0.00894213288648931
D1.ESCCAL.1,ESCCAL,Eschscholzia californica,Native,Forb,Native,CalFlora,D1,4,D,1,ANGELO,Control,rgr_l_AM,0.02263382369847185
D1.ESCCAL.1,ESCCAL,Eschscholzia californica,Native,Forb,Native,CalFlora,D1,4,D,1,ANGELO,Control,rgr_l_MJ,0.03090488876904154
D1.GALPAR.1,GALPAR,Galium parisiense,Non-native,Forb,Non-native,CalFlora,D1,4,D,1,ANGELO,Control,rgr_l_FM,0.04495720386609598
D1.GALPAR.1,GALPAR,Galium parisiense,Non-native,Forb,Non-native,CalFlora,D1,4,D,1,ANGELO,Control,rgr_l_MA,0.03152831780385665
D1.GALPAR.1,GALPAR,Galium parisiense,Non-native,Forb,Non-native,CalFlora,D1,4,D,1,ANGELO,Control,rgr_l_AM,0.02277111013491367
D1.GALPAR.1,GALPAR,Galium parisiense,Non-native,Forb,Non-native,CalFlora,D1,4,D,1,ANGELO,Control,rgr_l_MJ,NA
D1.HYPGLA.1,HYPGLA,Hypochaeris glabra,Non-native,Forb,Limited,Cal IPC,D1,4,D,1,ANGELO,Control,rgr_l_FM,0.02514434637689497
D1.HYPGLA.1,HYPGLA,Hypochaeris glabra,Non-native,Forb,Limited,Cal IPC,D1,4,D,1,ANGELO,Control,rgr_l_MA,-0.01702752079219968
D1.HYPGLA.1,HYPGLA,Hypochaeris glabra,Non-native,Forb,Limited,Cal IPC,D1,4,D,1,ANGELO,Control,rgr_l_AM,0.00967696789803466
D1.HYPGLA.1,HYPGLA,Hypochaeris glabra,Non-native,Forb,Limited,Cal IPC,D1,4,D,1,ANGELO,Control,rgr_l_MJ,NA
D1.MADGRA.1,MADGRA,Madia gracilis,Native,Forb,Native,CalFlora,D1,4,D,1,ANGELO,Control,rgr_l_FM,0.05287023359929279
D1.MADGRA.1,MADGRA,Madia gracilis,Native,Forb,Native,CalFlora,D1,4,D,1,ANGELO,Control,rgr_l_MA,0.03842265033127951
D1.MADGRA.1,MADGRA,Madia gracilis,Native,Forb,Native,CalFlora,D1,4,D,1,ANGELO,Control,rgr_l_AM,0.05379923114072273
D1.MADGRA.1,MADGRA,Madia gracilis,Native,Forb,Native,CalFlora,D1,4,D,1,ANGELO,Control,rgr_l_MJ,NA
D2.AVEBAR.1,AVEBAR,Avena barbata,Non-native,Grass,Moderate,Cal IPC,D2,4,D,2,BORR,Control,rgr_l_FM,NA
D2.AVEBAR.1,AVEBAR,Avena barbata,Non-native,Grass,Moderate,Cal IPC,D2,4,D,2,BORR,Control,rgr_l_MA,0.00717037932056485
D2.AVEBAR.1,AVEBAR,Avena barbata,Non-native,Grass,Moderate,Cal IPC,D2,4,D,2,BORR,Control,rgr_l_AM,-0.01820526849784637
D2.AVEBAR.1,AVEBAR,Avena barbata,Non-native,Grass,Moderate,Cal IPC,D2,4,D,2,BORR,Control,rgr_l_MJ,NA
D2.BRODIA.1,BRODIA,Bromus diandrus,Non-native,Grass,Moderate,Cal IPC,D2,4,D,2,BORR,Control,rgr_l_FM,NA
D2.BRODIA.1,BRODIA,Bromus diandrus,Non-native,Grass,Moderate,Cal IPC,D2,4,D,2,BORR,Control,rgr_l_MA,0.01518251762276086
D2.BRODIA.1,BRODIA,Bromus diandrus,Non-native,Grass,Moderate,Cal IPC,D2,4,D,2,BORR,Control,rgr_l_AM,NA
D2.BRODIA.1,BRODIA,Bromus diandrus,Non-native,Grass,Moderate,Cal IPC,D2,4,D,2,BORR,Control,rgr_l_MJ,NA
D2.BROHOR.1,BROHOR,Bromus hordeaceaus,Non-native,Grass,Limited,Cal IPC,D2,4,D,2,BORR,Control,rgr_l_FM,NA
D2.BROHOR.1,BROHOR,Bromus hordeaceaus,Non-native,Grass,Limited,Cal IPC,D2,4,D,2,BORR,Control,rgr_l_MA,-0.01276640840853686
D2.BROHOR.1,BROHOR,Bromus hordeaceaus,Non-native,Grass,Limited,Cal IPC,D2,4,D,2,BORR,Control,rgr_l_AM,NA
D2.BROHOR.1,BROHOR,Bromus hordeaceaus,Non-native,Grass,Limited,Cal IPC,D2,4,D,2,BORR,Control,rgr_l_MJ,NA
D2.DAUPUS.1,DAUPUS,Daucus pusillus,Native,Forb,Native,CalFlora,D2,4,D,2,BORR,Control,rgr_l_FM,0.01150728289807123
D2.DAUPUS.1,DAUPUS,Daucus pusillus,Native,Forb,Native,CalFlora,D2,4,D,2,BORR,Control,rgr_l_MA,0.00743811837714032
D2.DAUPUS.1,DAUPUS,Daucus pusillus,Native,Forb,Native,CalFlora,D2,4,D,2,BORR,Control,rgr_l_AM,0.01085394311681332
D2.DAUPUS.1,DAUPUS,Daucus pusillus,Native,Forb,Native,CalFlora,D2,4,D,2,BORR,Control,rgr_l_MJ,NA
D2.GERDIS.1,GERDIS,Geranium dissectum,Non-native,Forb,Limited,Cal IPC,D2,4,D,2,BORR,Control,rgr_l_FM,0.00616602719309033
D2.GERDIS.1,GERDIS,Geranium dissectum,Non-native,Forb,Limited,Cal IPC,D2,4,D,2,BORR,Control,rgr_l_MA,0.02755595243948226
D2.GERDIS.1,GERDIS,Geranium dissectum,Non-native,Forb,Limited,Cal IPC,D2,4,D,2,BORR,Control,rgr_l_AM,NA
D2.GERDIS.1,GERDIS,Geranium dissectum,Non-native,Forb,Limited,Cal IPC,D2,4,D,2,BORR,Control,rgr_l_MJ,NA
D2.LUPBIC.1,LUPBIC,Lupinus bicolor,Native,Forb,Native,CalFlora,D2,4,D,2,BORR,Control,rgr_l_FM,NA
D2.LUPBIC.1,LUPBIC,Lupinus bicolor,Native,Forb,Native,CalFlora,D2,4,D,2,BORR,Control,rgr_l_MA,0.01351550360360548
D2.LUPBIC.1,LUPBIC,Lupinus bicolor,Native,Forb,Native,CalFlora,D2,4,D,2,BORR,Control,rgr_l_AM,NA
D2.LUPBIC.1,LUPBIC,Lupinus bicolor,Native,Forb,Native,CalFlora,D2,4,D,2,BORR,Control,rgr_l_MJ,NA
D2.MADGRA.1,MADGRA,Madia gracilis,Native,Forb,Native,CalFlora,D2,4,D,2,BORR,Control,rgr_l_FM,0.0277258872223978
D2.MADGRA.1,MADGRA,Madia gracilis,Native,Forb,Native,CalFlora,D2,4,D,2,BORR,Control,rgr_l_MA,0.07013780514234026
D2.MADGRA.1,MADGRA,Madia gracilis,Native,Forb,Native,CalFlora,D2,4,D,2,BORR,Control,rgr_l_AM,0.03455271207664775
D2.MADGRA.1,MADGRA,Madia gracilis,Native,Forb,Native,CalFlora,D2,4,D,2,BORR,Control,rgr_l_MJ,NA
D2.TORARV.1,TORARV,Torilis arvensis,Non-native,Forb,Moderate,Cal IPC,D2,4,D,2,BORR,Control,rgr_l_FM,0.01150728289807123
D2.TORARV.1,TORARV,Torilis arvensis,Non-native,Forb,Moderate,Cal IPC,D2,4,D,2,BORR,Control,rgr_l_MA,0
D2.TORARV.1,TORARV,Torilis arvensis,Non-native,Forb,Moderate,Cal IPC,D2,4,D,2,BORR,Control,rgr_l_AM,0.01930786229086497
D2.TORARV.1,TORARV,Torilis arvensis,Non-native,Forb,Moderate,Cal IPC,D2,4,D,2,BORR,Control,rgr_l_MJ,NA
D3.AMSMEN.1,AMSMEN,Amsinckia menziesii,Native,Forb,Native,CalFlora,D3,4,D,3,WWP,Control,rgr_l_FM,-0.00668216338652664
D3.AMSMEN.1,AMSMEN,Amsinckia menziesii,Native,Forb,Native,CalFlora,D3,4,D,3,WWP,Control,rgr_l_MA,NA
D3.AMSMEN.1,AMSMEN,Amsinckia menziesii,Native,Forb,Native,CalFlora,D3,4,D,3,WWP,Control,rgr_l_AM,NA
D3.AMSMEN.1,AMSMEN,Amsinckia menziesii,Native,Forb,Native,CalFlora,D3,4,D,3,WWP,Control,rgr_l_MJ,NA
D3.BRODIA.1,BRODIA,Bromus diandrus,Non-native,Grass,Moderate,Cal IPC,D3,4,D,3,WWP,Control,rgr_l_FM,NA
D3.BRODIA.1,BRODIA,Bromus diandrus,Non-native,Grass,Moderate,Cal IPC,D3,4,D,3,WWP,Control,rgr_l_MA,0.00641239642158186
D3.BRODIA.1,BRODIA,Bromus diandrus,Non-native,Grass,Moderate,Cal IPC,D3,4,D,3,WWP,Control,rgr_l_AM,-0.00708034026746638
D3.BRODIA.1,BRODIA,Bromus diandrus,Non-native,Grass,Moderate,Cal IPC,D3,4,D,3,WWP,Control,rgr_l_MJ,NA
D3.EROCIC.1,EROCIC,Erodium cicutarium,Non-native,Forb,Non-native,CalFlora,D3,4,D,3,WWP,Control,rgr_l_FM,0.00729286227175818
D3.EROCIC.1,EROCIC,Erodium cicutarium,Non-native,Forb,Non-native,CalFlora,D3,4,D,3,WWP,Control,rgr_l_MA,0.00513835599424194
D3.EROCIC.1,EROCIC,Erodium cicutarium,Non-native,Forb,Non-native,CalFlora,D3,4,D,3,WWP,Control,rgr_l_AM,NA
D3.EROCIC.1,EROCIC,Erodium cicutarium,Non-native,Forb,Non-native,CalFlora,D3,4,D,3,WWP,Control,rgr_l_MJ,NA
D3.PHATAN.1,PHATAN,Phacelia tanacetifolia,Native,Forb,Native,CalFlora,D3,4,D,3,WWP,Control,rgr_l_FM,0
D3.PHATAN.1,PHATAN,Phacelia tanacetifolia,Native,Forb,Native,CalFlora,D3,4,D,3,WWP,Control,rgr_l_MA,-0.01351550360360548
D3.PHATAN.1,PHATAN,Phacelia tanacetifolia,Native,Forb,Native,CalFlora,D3,4,D,3,WWP,Control,rgr_l_AM,NA
D3.PHATAN.1,PHATAN,Phacelia tanacetifolia,Native,Forb,Native,CalFlora,D3,4,D,3,WWP,Control,rgr_l_MJ,NA
D4.BRODIA.1,BRODIA,Bromus diandrus,Non-native,Grass,Moderate,Cal IPC,D4,4,D,4,MCL,Control,rgr_l_FM,NA
D4.BRODIA.1,BRODIA,Bromus diandrus,Non-native,Grass,Moderate,Cal IPC,D4,4,D,4,MCL,Control,rgr_l_MA,0.01285541602706614
D4.BRODIA.1,BRODIA,Bromus diandrus,Non-native,Grass,Moderate,Cal IPC,D4,4,D,4,MCL,Control,rgr_l_AM,NA
D4.BRODIA.1,BRODIA,Bromus diandrus,Non-native,Grass,Moderate,Cal IPC,D4,4,D,4,MCL,Control,rgr_l_MJ,NA
D4.BROHOR.1,BROHOR,Bromus hordeaceaus,Non-native,Grass,Limited,Cal IPC,D4,4,D,4,MCL,Control,rgr_l_FM,NA
D4.BROHOR.1,BROHOR,Bromus hordeaceaus,Non-native,Grass,Limited,Cal IPC,D4,4,D,4,MCL,Control,rgr_l_MA,0.01702752079219968
D4.BROHOR.1,BROHOR,Bromus hordeaceaus,Non-native,Grass,Limited,Cal IPC,D4,4,D,4,MCL,Control,rgr_l_AM,NA
D4.BROHOR.1,BROHOR,Bromus hordeaceaus,Non-native,Grass,Limited,Cal IPC,D4,4,D,4,MCL,Control,rgr_l_MJ,NA
D4.BROMAD.1,BROMAD,Bromus madritensis,Non-native,Grass,High,Cal IPC,D4,4,D,4,MCL,Control,rgr_l_FM,NA
D4.BROMAD.1,BROMAD,Bromus madritensis,Non-native,Grass,High,Cal IPC,D4,4,D,4,MCL,Control,rgr_l_MA,0
D4.BROMAD.1,BROMAD,Bromus madritensis,Non-native,Grass,High,Cal IPC,D4,4,D,4,MCL,Control,rgr_l_AM,NA
D4.BROMAD.1,BROMAD,Bromus madritensis,Non-native,Grass,High,Cal IPC,D4,4,D,4,MCL,Control,rgr_l_MJ,NA
D4.ELYCAP.1,ELYCAP,Elymus caput-medusae,Non-native,Grass,High,Cal IPC,D4,4,D,4,MCL,Control,rgr_l_FM,0.01827033609982861
D4.ELYCAP.1,ELYCAP,Elymus caput-medusae,Non-native,Grass,High,Cal IPC,D4,4,D,4,MCL,Control,rgr_l_MA,0.02197485429614212
D4.ELYCAP.1,ELYCAP,Elymus caput-medusae,Non-native,Grass,High,Cal IPC,D4,4,D,4,MCL,Control,rgr_l_AM,-0.08418239574966184
D4.ELYCAP.1,ELYCAP,Elymus caput-medusae,Non-native,Grass,High,Cal IPC,D4,4,D,4,MCL,Control,rgr_l_MJ,NA
D4.HOLVIR.1,HOLVIR,Holocarpha virgata,Native,Forb,Native,CalFlora,D4,4,D,4,MCL,Control,rgr_l_FM,0.03243720864865315
D4.HOLVIR.1,HOLVIR,Holocarpha virgata,Native,Forb,Native,CalFlora,D4,4,D,4,MCL,Control,rgr_l_MA,0.07656713493148634
D4.HOLVIR.1,HOLVIR,Holocarpha virgata,Native,Forb,Native,CalFlora,D4,4,D,4,MCL,Control,rgr_l_AM,0.1231899188473778
D4.HOLVIR.1,HOLVIR,Holocarpha virgata,Native,Forb,Native,CalFlora,D4,4,D,4,MCL,Control,rgr_l_MJ,0.05483505072973226
D4.LUPBIC.1,LUPBIC,Lupinus bicolor,Native,Forb,Native,CalFlora,D4,4,D,4,MCL,Control,rgr_l_FM,NA
D4.LUPBIC.1,LUPBIC,Lupinus bicolor,Native,Forb,Native,CalFlora,D4,4,D,4,MCL,Control,rgr_l_MA,NA
D4.LUPBIC.1,LUPBIC,Lupinus bicolor,Native,Forb,Native,CalFlora,D4,4,D,4,MCL,Control,rgr_l_AM,NA
D4.LUPBIC.1,LUPBIC,Lupinus bicolor,Native,Forb,Native,CalFlora,D4,4,D,4,MCL,Control,rgr_l_MJ,NA
D4.MICCAL.1,MICCAL,Micropus californicus,Native,Forb,Native,CalFlora,D4,4,D,4,MCL,Control,rgr_l_FM,0.0466421427785457
D4.MICCAL.1,MICCAL,Micropus californicus,Native,Forb,Native,CalFlora,D4,4,D,4,MCL,Control,rgr_l_MA,0.02588429298329986
D4.MICCAL.1,MICCAL,Micropus californicus,Native,Forb,Native,CalFlora,D4,4,D,4,MCL,Control,rgr_l_AM,NA
D4.MICCAL.1,MICCAL,Micropus californicus,Native,Forb,Native,CalFlora,D4,4,D,4,MCL,Control,rgr_l_MJ,NA
D4.PLAERE.1,PLAERE,Plantago erecta,Native,Forb,Native,CalFlora,D4,4,D,4,MCL,Control,rgr_l_FM,0.02186174825472278
D4.PLAERE.1,PLAERE,Plantago erecta,Native,Forb,Native,CalFlora,D4,4,D,4,MCL,Control,rgr_l_MA,0.00488678247306252
D4.PLAERE.1,PLAERE,Plantago erecta,Native,Forb,Native,CalFlora,D4,4,D,4,MCL,Control,rgr_l_AM,NA
D4.PLAERE.1,PLAERE,Plantago erecta,Native,Forb,Native,CalFlora,D4,4,D,4,MCL,Control,rgr_l_MJ,NA
D4.TRIHIR.1,TRIHIR,Trifolium hirtum,Non-native,Forb,Limited,Cal IPC,D4,4,D,4,MCL,Control,rgr_l_FM,0.05287023359929278
D4.TRIHIR.1,TRIHIR,Trifolium hirtum,Non-native,Forb,Limited,Cal IPC,D4,4,D,4,MCL,Control,rgr_l_MA,0.04013242681086453
D4.TRIHIR.1,TRIHIR,Trifolium hirtum,Non-native,Forb,Limited,Cal IPC,D4,4,D,4,MCL,Control,rgr_l_AM,0.00680627009215859
D4.TRIHIR.1,TRIHIR,Trifolium hirtum,Non-native,Forb,Limited,Cal IPC,D4,4,D,4,MCL,Control,rgr_l_MJ,NA
D5.AMSMEN.1,AMSMEN,Amsinckia menziesii,Native,Forb,Native,CalFlora,D5,4,D,5,WWP,Control,rgr_l_FM,0.01240619713215357
D5.AMSMEN.1,AMSMEN,Amsinckia menziesii,Native,Forb,Native,CalFlora,D5,4,D,5,WWP,Control,rgr_l_MA,NA
D5.AMSMEN.1,AMSMEN,Amsinckia menziesii,Native,Forb,Native,CalFlora,D5,4,D,5,WWP,Control,rgr_l_AM,NA
D5.AMSMEN.1,AMSMEN,Amsinckia menziesii,Native,Forb,Native,CalFlora,D5,4,D,5,WWP,Control,rgr_l_MJ,NA
D5.AVEBAR.1,AVEBAR,Avena barbata,Non-native,Grass,Moderate,Cal IPC,D5,4,D,5,WWP,Control,rgr_l_FM,NA
D5.AVEBAR.1,AVEBAR,Avena barbata,Non-native,Grass,Moderate,Cal IPC,D5,4,D,5,WWP,Control,rgr_l_MA,NA
D5.AVEBAR.1,AVEBAR,Avena barbata,Non-native,Grass,Moderate,Cal IPC,D5,4,D,5,WWP,Control,rgr_l_AM,-0.03001208194023869
D5.AVEBAR.1,AVEBAR,Avena barbata,Non-native,Grass,Moderate,Cal IPC,D5,4,D,5,WWP,Control,rgr_l_MJ,NA
D5.BRODIA.1,BRODIA,Bromus diandrus,Non-native,Grass,Moderate,Cal IPC,D5,4,D,5,WWP,Control,rgr_l_FM,NA
D5.BRODIA.1,BRODIA,Bromus diandrus,Non-native,Grass,Moderate,Cal IPC,D5,4,D,5,WWP,Control,rgr_l_MA,0.01702752079219968
D5.BRODIA.1,BRODIA,Bromus diandrus,Non-native,Grass,Moderate,Cal IPC,D5,4,D,5,WWP,Control,rgr_l_AM,0
D5.BRODIA.1,BRODIA,Bromus diandrus,Non-native,Grass,Moderate,Cal IPC,D5,4,D,5,WWP,Control,rgr_l_MJ,NA
D5.BROMAD.1,BROMAD,Bromus madritensis,Non-native,Grass,High,Cal IPC,D5,4,D,5,WWP,Control,rgr_l_FM,NA
D5.BROMAD.1,BROMAD,Bromus madritensis,Non-native,Grass,High,Cal IPC,D5,4,D,5,WWP,Control,rgr_l_MA,-0.0179665500244229
D5.BROMAD.1,BROMAD,Bromus madritensis,Non-native,Grass,High,Cal IPC,D5,4,D,5,WWP,Control,rgr_l_AM,NA
D5.BROMAD.1,BROMAD,Bromus madritensis,Non-native,Grass,High,Cal IPC,D5,4,D,5,WWP,Control,rgr_l_MJ,NA
D5.LUPMIC.1,LUPMIC,Lupinus microcarpus,Native,Forb,Native,CalFlora,D5,4,D,5,WWP,Control,rgr_l_FM,0.00616602719309033
D5.LUPMIC.1,LUPMIC,Lupinus microcarpus,Native,Forb,Native,CalFlora,D5,4,D,5,WWP,Control,rgr_l_MA,0.03328429433703757
D5.LUPMIC.1,LUPMIC,Lupinus microcarpus,Native,Forb,Native,CalFlora,D5,4,D,5,WWP,Control,rgr_l_AM,0.05431684987016098
D5.LUPMIC.1,LUPMIC,Lupinus microcarpus,Native,Forb,Native,CalFlora,D5,4,D,5,WWP,Control,rgr_l_MJ,NA
D5.PHATAN.1,PHATAN,Phacelia tanacetifolia,Native,Forb,Native,CalFlora,D5,4,D,5,WWP,Control,rgr_l_FM,0.00892574205256838
D5.PHATAN.1,PHATAN,Phacelia tanacetifolia,Native,Forb,Native,CalFlora,D5,4,D,5,WWP,Control,rgr_l_MA,-0.00743811837714032
D5.PHATAN.1,PHATAN,Phacelia tanacetifolia,Native,Forb,Native,CalFlora,D5,4,D,5,WWP,Control,rgr_l_AM,NA
D5.PHATAN.1,PHATAN,Phacelia tanacetifolia,Native,Forb,Native,CalFlora,D5,4,D,5,WWP,Control,rgr_l_MJ,NA
D6.BRODIA.1,BRODIA,Bromus diandrus,Non-native,Grass,Moderate,Cal IPC,D6,4,D,6,BORR,Control,rgr_l_FM,NA
D6.BRODIA.1,BRODIA,Bromus diandrus,Non-native,Grass,Moderate,Cal IPC,D6,4,D,6,BORR,Control,rgr_l_MA,0.0080387352272296
D6.BRODIA.1,BRODIA,Bromus diandrus,Non-native,Grass,Moderate,Cal IPC,D6,4,D,6,BORR,Control,rgr_l_AM,-0.01402145387608561
D6.BRODIA.1,BRODIA,Bromus diandrus,Non-native,Grass,Moderate,Cal IPC,D6,4,D,6,BORR,Control,rgr_l_MJ,NA
D6.BROHOR.1,BROHOR,Bromus hordeaceaus,Non-native,Grass,Limited,Cal IPC,D6,4,D,6,BORR,Control,rgr_l_FM,NA
D6.BROHOR.1,BROHOR,Bromus hordeaceaus,Non-native,Grass,Limited,Cal IPC,D6,4,D,6,BORR,Control,rgr_l_MA,0.00351201718859421
D6.BROHOR.1,BROHOR,Bromus hordeaceaus,Non-native,Grass,Limited,Cal IPC,D6,4,D,6,BORR,Control,rgr_l_AM,NA
D6.BROHOR.1,BROHOR,Bromus hordeaceaus,Non-native,Grass,Limited,Cal IPC,D6,4,D,6,BORR,Control,rgr_l_MJ,NA
D6.DAUPUS.1,DAUPUS,Daucus pusillus,Native,Forb,Native,CalFlora,D6,4,D,6,BORR,Control,rgr_l_FM,0
D6.DAUPUS.1,DAUPUS,Daucus pusillus,Native,Forb,Native,CalFlora,D6,4,D,6,BORR,Control,rgr_l_MA,0
D6.DAUPUS.1,DAUPUS,Daucus pusillus,Native,Forb,Native,CalFlora,D6,4,D,6,BORR,Control,rgr_l_AM,0.02235958646967565
D6.DAUPUS.1,DAUPUS,Daucus pusillus,Native,Forb,Native,CalFlora,D6,4,D,6,BORR,Control,rgr_l_MJ,NA
D6.EROBOT.1,EROBOT,Erodium botrys,Non-native,Forb,Non-native,CalFlora,D6,4,D,6,BORR,Control,rgr_l_FM,0.02351146659608474
D6.EROBOT.1,EROBOT,Erodium botrys,Non-native,Forb,Non-native,CalFlora,D6,4,D,6,BORR,Control,rgr_l_MA,0.03783266442796617
D6.EROBOT.1,EROBOT,Erodium botrys,Non-native,Forb,Non-native,CalFlora,D6,4,D,6,BORR,Control,rgr_l_AM,NA
D6.EROBOT.1,EROBOT,Erodium botrys,Non-native,Forb,Non-native,CalFlora,D6,4,D,6,BORR,Control,rgr_l_MJ,NA
D6.GERDIS.1,GERDIS,Geranium dissectum,Non-native,Forb,Limited,Cal IPC,D6,4,D,6,BORR,Control,rgr_l_FM,0.01150728289807123
D6.GERDIS.1,GERDIS,Geranium dissectum,Non-native,Forb,Limited,Cal IPC,D6,4,D,6,BORR,Control,rgr_l_MA,0.01618359385939003
D6.GERDIS.1,GERDIS,Geranium dissectum,Non-native,Forb,Limited,Cal IPC,D6,4,D,6,BORR,Control,rgr_l_AM,NA
D6.GERDIS.1,GERDIS,Geranium dissectum,Non-native,Forb,Limited,Cal IPC,D6,4,D,6,BORR,Control,rgr_l_MJ,NA
D6.LUPBIC.1,LUPBIC,Lupinus bicolor,Native,Forb,Native,CalFlora,D6,4,D,6,BORR,Control,rgr_l_FM,0.064377516497364
D6.LUPBIC.1,LUPBIC,Lupinus bicolor,Native,Forb,Native,CalFlora,D6,4,D,6,BORR,Control,rgr_l_MA,0.01566678764152451
D6.LUPBIC.1,LUPBIC,Lupinus bicolor,Native,Forb,Native,CalFlora,D6,4,D,6,BORR,Control,rgr_l_AM,-0.01119056260108894
D6.LUPBIC.1,LUPBIC,Lupinus bicolor,Native,Forb,Native,CalFlora,D6,4,D,6,BORR,Control,rgr_l_MJ,NA
D6.MADGRA.1,MADGRA,Madia gracilis,Native,Forb,Native,CalFlora,D6,4,D,6,BORR,Control,rgr_l_FM,0.05545177444479563
D6.MADGRA.1,MADGRA,Madia gracilis,Native,Forb,Native,CalFlora,D6,4,D,6,BORR,Control,rgr_l_MA,0.06878977282372323
D6.MADGRA.1,MADGRA,Madia gracilis,Native,Forb,Native,CalFlora,D6,4,D,6,BORR,Control,rgr_l_AM,0.0547856316740216
D6.MADGRA.1,MADGRA,Madia gracilis,Native,Forb,Native,CalFlora,D6,4,D,6,BORR,Control,rgr_l_MJ,NA
D6.TORARV.1,TORARV,Torilis arvensis,Non-native,Forb,Moderate,Cal IPC,D6,4,D,6,BORR,Control,rgr_l_FM,0.02043302495063962
D6.TORARV.1,TORARV,Torilis arvensis,Non-native,Forb,Moderate,Cal IPC,D6,4,D,6,BORR,Control,rgr_l_MA,-0.01702752079219968
D6.TORARV.1,TORARV,Torilis arvensis,Non-native,Forb,Moderate,Cal IPC,D6,4,D,6,BORR,Control,rgr_l_AM,0.02335307745266014
D6.TORARV.1,TORARV,Torilis arvensis,Non-native,Forb,Moderate,Cal IPC,D6,4,D,6,BORR,Control,rgr_l_MJ,NA
D6.TRIHIR.1,TRIHIR,Trifolium hirtum,Non-native,Forb,Limited,Cal IPC,D6,4,D,6,BORR,Control,rgr_l_FM,0.01150728289807123
D6.TRIHIR.1,TRIHIR,Trifolium hirtum,Non-native,Forb,Limited,Cal IPC,D6,4,D,6,BORR,Control,rgr_l_MA,0.01865385959784742
D6.TRIHIR.1,TRIHIR,Trifolium hirtum,Non-native,Forb,Limited,Cal IPC,D6,4,D,6,BORR,Control,rgr_l_AM,0
D6.TRIHIR.1,TRIHIR,Trifolium hirtum,Non-native,Forb,Limited,Cal IPC,D6,4,D,6,BORR,Control,rgr_l_MJ,NA
D6.VICSAT.1,VICSAT,Vicia sativa,Non-native,Forb,Non-native,CalFlora,D6,4,D,6,BORR,Control,rgr_l_FM,0.02424543214281262
D6.VICSAT.1,VICSAT,Vicia sativa,Non-native,Forb,Non-native,CalFlora,D6,4,D,6,BORR,Control,rgr_l_MA,0.0055684694887722
D6.VICSAT.1,VICSAT,Vicia sativa,Non-native,Forb,Non-native,CalFlora,D6,4,D,6,BORR,Control,rgr_l_AM,NA
D6.VICSAT.1,VICSAT,Vicia sativa,Non-native,Forb,Non-native,CalFlora,D6,4,D,6,BORR,Control,rgr_l_MJ,NA
D7.BRODIA.1,BRODIA,Bromus diandrus,Non-native,Grass,Moderate,Cal IPC,D7,4,D,7,SEDG,Control,rgr_l_FM,NA
D7.BRODIA.1,BRODIA,Bromus diandrus,Non-native,Grass,Moderate,Cal IPC,D7,4,D,7,SEDG,Control,rgr_l_MA,NA
D7.BRODIA.1,BRODIA,Bromus diandrus,Non-native,Grass,Moderate,Cal IPC,D7,4,D,7,SEDG,Control,rgr_l_AM,NA
D7.BRODIA.1,BRODIA,Bromus diandrus,Non-native,Grass,Moderate,Cal IPC,D7,4,D,7,SEDG,Control,rgr_l_MJ,NA
D7.BROHOR.1,BROHOR,Bromus hordeaceaus,Non-native,Grass,Limited,Cal IPC,D7,4,D,7,SEDG,Control,rgr_l_FM,NA
D7.BROHOR.1,BROHOR,Bromus hordeaceaus,Non-native,Grass,Limited,Cal IPC,D7,4,D,7,SEDG,Control,rgr_l_MA,0.02197485429614213
D7.BROHOR.1,BROHOR,Bromus hordeaceaus,Non-native,Grass,Limited,Cal IPC,D7,4,D,7,SEDG,Control,rgr_l_AM,NA
D7.BROHOR.1,BROHOR,Bromus hordeaceaus,Non-native,Grass,Limited,Cal IPC,D7,4,D,7,SEDG,Control,rgr_l_MJ,NA
D7.CENMEL.1,CENMEL,Centaurea melitensis,Non-native,Forb,Moderate,Cal IPC,D7,4,D,7,SEDG,Control,rgr_l_FM,0.02424543214281262
D7.CENMEL.1,CENMEL,Centaurea melitensis,Non-native,Forb,Moderate,Cal IPC,D7,4,D,7,SEDG,Control,rgr_l_MA,0.01451060237526151
D7.CENMEL.1,CENMEL,Centaurea melitensis,Non-native,Forb,Moderate,Cal IPC,D7,4,D,7,SEDG,Control,rgr_l_AM,0.07951948459651033
D7.CENMEL.1,CENMEL,Centaurea melitensis,Non-native,Forb,Moderate,Cal IPC,D7,4,D,7,SEDG,Control,rgr_l_MJ,NA
D7.CORFIL.1,CORFIL,Corethrogyne filaginafolia,Native,Forb,Native,CalFlora,D7,4,D,7,SEDG,Control,rgr_l_FM,0.01621860432432657
D7.CORFIL.1,CORFIL,Corethrogyne filaginafolia,Native,Forb,Native,CalFlora,D7,4,D,7,SEDG,Control,rgr_l_MA,0.00513835599424194
D7.CORFIL.1,CORFIL,Corethrogyne filaginafolia,Native,Forb,Native,CalFlora,D7,4,D,7,SEDG,Control,rgr_l_AM,0.02755595243948226
D7.CORFIL.1,CORFIL,Corethrogyne filaginafolia,Native,Forb,Native,CalFlora,D7,4,D,7,SEDG,Control,rgr_l_MJ,0.02390162691586018
D7.ESCCAL.1,ESCCAL,Eschscholzia californica,Native,Forb,Native,CalFlora,D7,4,D,7,SEDG,Control,rgr_l_FM,0.02476156833624894
D7.ESCCAL.1,ESCCAL,Eschscholzia californica,Native,Forb,Native,CalFlora,D7,4,D,7,SEDG,Control,rgr_l_MA,0.00477002812135577
D7.ESCCAL.1,ESCCAL,Eschscholzia californica,Native,Forb,Native,CalFlora,D7,4,D,7,SEDG,Control,rgr_l_AM,0.02568658328271591
D7.ESCCAL.1,ESCCAL,Eschscholzia californica,Native,Forb,Native,CalFlora,D7,4,D,7,SEDG,Control,rgr_l_MJ,-0.03981542655389663
D7.MICCAL.1,MICCAL,Micropus californicus,Native,Forb,Native,CalFlora,D7,4,D,7,SEDG,Control,rgr_l_FM,0.06516962158921119
D7.MICCAL.1,MICCAL,Micropus californicus,Native,Forb,Native,CalFlora,D7,4,D,7,SEDG,Control,rgr_l_MA,0.04100330363060521
D7.MICCAL.1,MICCAL,Micropus californicus,Native,Forb,Native,CalFlora,D7,4,D,7,SEDG,Control,rgr_l_AM,NA
D7.MICCAL.1,MICCAL,Micropus californicus,Native,Forb,Native,CalFlora,D7,4,D,7,SEDG,Control,rgr_l_MJ,NA
D8.BRODIA.1,BRODIA,Bromus diandrus,Non-native,Grass,Moderate,Cal IPC,D8,4,D,8,SEDG,Control,rgr_l_FM,NA
D8.BRODIA.1,BRODIA,Bromus diandrus,Non-native,Grass,Moderate,Cal IPC,D8,4,D,8,SEDG,Control,rgr_l_MA,0.00426111238366281
D8.BRODIA.1,BRODIA,Bromus diandrus,Non-native,Grass,Moderate,Cal IPC,D8,4,D,8,SEDG,Control,rgr_l_AM,-0.0198370047318973
D8.BRODIA.1,BRODIA,Bromus diandrus,Non-native,Grass,Moderate,Cal IPC,D8,4,D,8,SEDG,Control,rgr_l_MJ,NA
D8.BROHOR.1,BROHOR,Bromus hordeaceaus,Non-native,Grass,Limited,Cal IPC,D8,4,D,8,SEDG,Control,rgr_l_FM,NA
D8.BROHOR.1,BROHOR,Bromus hordeaceaus,Non-native,Grass,Limited,Cal IPC,D8,4,D,8,SEDG,Control,rgr_l_MA,0.02310490601866483
D8.BROHOR.1,BROHOR,Bromus hordeaceaus,Non-native,Grass,Limited,Cal IPC,D8,4,D,8,SEDG,Control,rgr_l_AM,NA
D8.BROHOR.1,BROHOR,Bromus hordeaceaus,Non-native,Grass,Limited,Cal IPC,D8,4,D,8,SEDG,Control,rgr_l_MJ,NA
D8.BROMAD.1,BROMAD,Bromus madritensis,Non-native,Grass,High,Cal IPC,D8,4,D,8,SEDG,Control,rgr_l_FM,NA
D8.BROMAD.1,BROMAD,Bromus madritensis,Non-native,Grass,High,Cal IPC,D8,4,D,8,SEDG,Control,rgr_l_MA,0.01351550360360548
D8.BROMAD.1,BROMAD,Bromus madritensis,Non-native,Grass,High,Cal IPC,D8,4,D,8,SEDG,Control,rgr_l_AM,NA
D8.BROMAD.1,BROMAD,Bromus madritensis,Non-native,Grass,High,Cal IPC,D8,4,D,8,SEDG,Control,rgr_l_MJ,NA
D8.CENMEL.1,CENMEL,Centaurea melitensis,Non-native,Forb,Moderate,Cal IPC,D8,4,D,8,SEDG,Control,rgr_l_FM,0.03389191441548814
D8.CENMEL.1,CENMEL,Centaurea melitensis,Non-native,Forb,Moderate,Cal IPC,D8,4,D,8,SEDG,Control,rgr_l_MA,0.01506617079143524
D8.CENMEL.1,CENMEL,Centaurea melitensis,Non-native,Forb,Moderate,Cal IPC,D8,4,D,8,SEDG,Control,rgr_l_AM,0.07599015865509658
D8.CENMEL.1,CENMEL,Centaurea melitensis,Non-native,Forb,Moderate,Cal IPC,D8,4,D,8,SEDG,Control,rgr_l_MJ,NA
D8.CORFIL.1,CORFIL,Corethrogyne filaginafolia,Native,Forb,Native,CalFlora,D8,4,D,8,SEDG,Control,rgr_l_FM,0.00892574205256838
D8.CORFIL.1,CORFIL,Corethrogyne filaginafolia,Native,Forb,Native,CalFlora,D8,4,D,8,SEDG,Control,rgr_l_MA,0.00607738522646515
D8.CORFIL.1,CORFIL,Corethrogyne filaginafolia,Native,Forb,Native,CalFlora,D8,4,D,8,SEDG,Control,rgr_l_AM,0.02020452678567719
D8.CORFIL.1,CORFIL,Corethrogyne filaginafolia,Native,Forb,Native,CalFlora,D8,4,D,8,SEDG,Control,rgr_l_MJ,0.01501096797440846
D8.MICCAL.1,MICCAL,Micropus californicus,Native,Forb,Native,CalFlora,D8,4,D,8,SEDG,Control,rgr_l_FM,0.03771835915825265
D8.MICCAL.1,MICCAL,Micropus californicus,Native,Forb,Native,CalFlora,D8,4,D,8,SEDG,Control,rgr_l_MA,NA
D8.MICCAL.1,MICCAL,Micropus californicus,Native,Forb,Native,CalFlora,D8,4,D,8,SEDG,Control,rgr_l_AM,NA
D8.MICCAL.1,MICCAL,Micropus californicus,Native,Forb,Native,CalFlora,D8,4,D,8,SEDG,Control,rgr_l_MJ,NA
E1.AIRCAR.1,AIRCAR,Aira caryophyllea,Non-native,Grass,Non-native,CalFlora,E1,5,E,1,ANGELO,Control,rgr_l_FM,0.03032528309093347
E1.AIRCAR.1,AIRCAR,Aira caryophyllea,Non-native,Grass,Non-native,CalFlora,E1,5,E,1,ANGELO,Control,rgr_l_MA,0.02394915425648342
E1.AIRCAR.1,AIRCAR,Aira caryophyllea,Non-native,Grass,Non-native,CalFlora,E1,5,E,1,ANGELO,Control,rgr_l_AM,-0.07348047678635868
E1.AIRCAR.1,AIRCAR,Aira caryophyllea,Non-native,Grass,Non-native,CalFlora,E1,5,E,1,ANGELO,Control,rgr_l_MJ,NA
E1.BRODIA.1,BRODIA,Bromus diandrus,Non-native,Grass,Moderate,Cal IPC,E1,5,E,1,ANGELO,Control,rgr_l_FM,NA
E1.BRODIA.1,BRODIA,Bromus diandrus,Non-native,Grass,Moderate,Cal IPC,E1,5,E,1,ANGELO,Control,rgr_l_MA,0.00167112723261
E1.BRODIA.1,BRODIA,Bromus diandrus,Non-native,Grass,Moderate,Cal IPC,E1,5,E,1,ANGELO,Control,rgr_l_AM,-0.0089309408786722
E1.BRODIA.1,BRODIA,Bromus diandrus,Non-native,Grass,Moderate,Cal IPC,E1,5,E,1,ANGELO,Control,rgr_l_MJ,NA
E1.BROHOR.1,BROHOR,Bromus hordeaceaus,Non-native,Grass,Limited,Cal IPC,E1,5,E,1,ANGELO,Control,rgr_l_FM,NA
E1.BROHOR.1,BROHOR,Bromus hordeaceaus,Non-native,Grass,Limited,Cal IPC,E1,5,E,1,ANGELO,Control,rgr_l_MA,0.01975179554140922
E1.BROHOR.1,BROHOR,Bromus hordeaceaus,Non-native,Grass,Limited,Cal IPC,E1,5,E,1,ANGELO,Control,rgr_l_AM,-0.01954205261658709
E1.BROHOR.1,BROHOR,Bromus hordeaceaus,Non-native,Grass,Limited,Cal IPC,E1,5,E,1,ANGELO,Control,rgr_l_MJ,NA
E1.DAUPUS.1,DAUPUS,Daucus pusillus,Native,Forb,Native,CalFlora,E1,5,E,1,ANGELO,Control,rgr_l_FM,0.02152368415136241
E1.DAUPUS.1,DAUPUS,Daucus pusillus,Native,Forb,Native,CalFlora,E1,5,E,1,ANGELO,Control,rgr_l_MA,0.00494560713424157
E1.DAUPUS.1,DAUPUS,Daucus pusillus,Native,Forb,Native,CalFlora,E1,5,E,1,ANGELO,Control,rgr_l_AM,0
E1.DAUPUS.1,DAUPUS,Daucus pusillus,Native,Forb,Native,CalFlora,E1,5,E,1,ANGELO,Control,rgr_l_MJ,NA
E1.GALPAR.1,GALPAR,Galium parisiense,Non-native,Forb,Non-native,CalFlora,E1,5,E,1,ANGELO,Control,rgr_l_FM,0.05845483668247742
E1.GALPAR.1,GALPAR,Galium parisiense,Non-native,Forb,Non-native,CalFlora,E1,5,E,1,ANGELO,Control,rgr_l_MA,0.04238599350738534
E1.GALPAR.1,GALPAR,Galium parisiense,Non-native,Forb,Non-native,CalFlora,E1,5,E,1,ANGELO,Control,rgr_l_AM,0.0150543638262477
E1.GALPAR.1,GALPAR,Galium parisiense,Non-native,Forb,Non-native,CalFlora,E1,5,E,1,ANGELO,Control,rgr_l_MJ,NA
E1.HYPGLA.1,HYPGLA,Hypochaeris glabra,Non-native,Forb,Limited,Cal IPC,E1,5,E,1,ANGELO,Control,rgr_l_FM,0.01807706266329752
E1.HYPGLA.1,HYPGLA,Hypochaeris glabra,Non-native,Forb,Limited,Cal IPC,E1,5,E,1,ANGELO,Control,rgr_l_MA,0.00436233465394014
E1.HYPGLA.1,HYPGLA,Hypochaeris glabra,Non-native,Forb,Limited,Cal IPC,E1,5,E,1,ANGELO,Control,rgr_l_AM,0.00719205181129452
E1.HYPGLA.1,HYPGLA,Hypochaeris glabra,Non-native,Forb,Limited,Cal IPC,E1,5,E,1,ANGELO,Control,rgr_l_MJ,NA
E1.MADGRA.1,MADGRA,Madia gracilis,Native,Forb,Native,CalFlora,E1,5,E,1,ANGELO,Control,rgr_l_FM,0.01224822042763595
E1.MADGRA.1,MADGRA,Madia gracilis,Native,Forb,Native,CalFlora,E1,5,E,1,ANGELO,Control,rgr_l_MA,0.006187188320858
E1.MADGRA.1,MADGRA,Madia gracilis,Native,Forb,Native,CalFlora,E1,5,E,1,ANGELO,Control,rgr_l_AM,0.06154659547959568
E1.MADGRA.1,MADGRA,Madia gracilis,Native,Forb,Native,CalFlora,E1,5,E,1,ANGELO,Control,rgr_l_MJ,NA
E2.AMSMEN.1,AMSMEN,Amsinckia menziesii,Native,Forb,Native,CalFlora,E2,5,E,2,WWP,Control,rgr_l_FM,0.011929035703993821
E2.AMSMEN.1,AMSMEN,Amsinckia menziesii,Native,Forb,Native,CalFlora,E2,5,E,2,WWP,Control,rgr_l_MA,NA
E2.AMSMEN.1,AMSMEN,Amsinckia menziesii,Native,Forb,Native,CalFlora,E2,5,E,2,WWP,Control,rgr_l_AM,NA
E2.AMSMEN.1,AMSMEN,Amsinckia menziesii,Native,Forb,Native,CalFlora,E2,5,E,2,WWP,Control,rgr_l_MJ,NA
E2.BRODIA.1,BRODIA,Bromus diandrus,Non-native,Grass,Moderate,Cal IPC,E2,5,E,2,WWP,Control,rgr_l_FM,NA
E2.BRODIA.1,BRODIA,Bromus diandrus,Non-native,Grass,Moderate,Cal IPC,E2,5,E,2,WWP,Control,rgr_l_MA,0.01786010660465016
E2.BRODIA.1,BRODIA,Bromus diandrus,Non-native,Grass,Moderate,Cal IPC,E2,5,E,2,WWP,Control,rgr_l_AM,-0.02177365308071987
E2.BRODIA.1,BRODIA,Bromus diandrus,Non-native,Grass,Moderate,Cal IPC,E2,5,E,2,WWP,Control,rgr_l_MJ,NA
E2.CAUCOU.1,CAUCOU,Caulanthus coulteri,Native,Forb,Native,CalFlora,E2,5,E,2,WWP,Control,rgr_l_FM,NA
E2.CAUCOU.1,CAUCOU,Caulanthus coulteri,Native,Forb,Native,CalFlora,E2,5,E,2,WWP,Control,rgr_l_MA,NA
E2.CAUCOU.1,CAUCOU,Caulanthus coulteri,Native,Forb,Native,CalFlora,E2,5,E,2,WWP,Control,rgr_l_AM,NA
E2.CAUCOU.1,CAUCOU,Caulanthus coulteri,Native,Forb,Native,CalFlora,E2,5,E,2,WWP,Control,rgr_l_MJ,NA
E2.EROCIC.1,EROCIC,Erodium cicutarium,Non-native,Forb,Non-native,CalFlora,E2,5,E,2,WWP,Control,rgr_l_FM,0.01964713937561502
E2.EROCIC.1,EROCIC,Erodium cicutarium,Non-native,Forb,Non-native,CalFlora,E2,5,E,2,WWP,Control,rgr_l_MA,0.02026850568627997
E2.EROCIC.1,EROCIC,Erodium cicutarium,Non-native,Forb,Non-native,CalFlora,E2,5,E,2,WWP,Control,rgr_l_AM,0.03513077030219917
E2.EROCIC.1,EROCIC,Erodium cicutarium,Non-native,Forb,Non-native,CalFlora,E2,5,E,2,WWP,Control,rgr_l_MJ,NA
E3.AIRCAR.1,AIRCAR,Aira caryophyllea,Non-native,Grass,Non-native,CalFlora,E3,5,E,3,ANGELO,Control,rgr_l_FM,0.0447365696079108
E3.AIRCAR.1,AIRCAR,Aira caryophyllea,Non-native,Grass,Non-native,CalFlora,E3,5,E,3,ANGELO,Control,rgr_l_MA,0.01804303944015682
E3.AIRCAR.1,AIRCAR,Aira caryophyllea,Non-native,Grass,Non-native,CalFlora,E3,5,E,3,ANGELO,Control,rgr_l_AM,-0.08675632284814612
E3.AIRCAR.1,AIRCAR,Aira caryophyllea,Non-native,Grass,Non-native,CalFlora,E3,5,E,3,ANGELO,Control,rgr_l_MJ,NA
E3.BRODIA.1,BRODIA,Bromus diandrus,Non-native,Grass,Moderate,Cal IPC,E3,5,E,3,ANGELO,Control,rgr_l_FM,NA
E3.BRODIA.1,BRODIA,Bromus diandrus,Non-native,Grass,Moderate,Cal IPC,E3,5,E,3,ANGELO,Control,rgr_l_MA,0.02641046735300476
E3.BRODIA.1,BRODIA,Bromus diandrus,Non-native,Grass,Moderate,Cal IPC,E3,5,E,3,ANGELO,Control,rgr_l_AM,-0.01927671764914885
E3.BRODIA.1,BRODIA,Bromus diandrus,Non-native,Grass,Moderate,Cal IPC,E3,5,E,3,ANGELO,Control,rgr_l_MJ,NA
E3.BROHOR.1,BROHOR,Bromus hordeaceaus,Non-native,Grass,Limited,Cal IPC,E3,5,E,3,ANGELO,Control,rgr_l_FM,NA
E3.BROHOR.1,BROHOR,Bromus hordeaceaus,Non-native,Grass,Limited,Cal IPC,E3,5,E,3,ANGELO,Control,rgr_l_MA,0.02292061042812303
E3.BROHOR.1,BROHOR,Bromus hordeaceaus,Non-native,Grass,Limited,Cal IPC,E3,5,E,3,ANGELO,Control,rgr_l_AM,-0.03960841031771115
E3.BROHOR.1,BROHOR,Bromus hordeaceaus,Non-native,Grass,Limited,Cal IPC,E3,5,E,3,ANGELO,Control,rgr_l_MJ,NA
E3.DAUPUS.1,DAUPUS,Daucus pusillus,Native,Forb,Native,CalFlora,E3,5,E,3,ANGELO,Control,rgr_l_FM,0.02665950694461327
E3.DAUPUS.1,DAUPUS,Daucus pusillus,Native,Forb,Native,CalFlora,E3,5,E,3,ANGELO,Control,rgr_l_MA,-0.00588134054174047
E3.DAUPUS.1,DAUPUS,Daucus pusillus,Native,Forb,Native,CalFlora,E3,5,E,3,ANGELO,Control,rgr_l_AM,0.00628695023427429
E3.DAUPUS.1,DAUPUS,Daucus pusillus,Native,Forb,Native,CalFlora,E3,5,E,3,ANGELO,Control,rgr_l_MJ,NA
E3.ESCCAL.1,ESCCAL,Eschscholzia californica,Native,Forb,Native,CalFlora,E3,5,E,3,ANGELO,Control,rgr_l_FM,0.01106469509429926
E3.ESCCAL.1,ESCCAL,Eschscholzia californica,Native,Forb,Native,CalFlora,E3,5,E,3,ANGELO,Control,rgr_l_MA,-0.0043074642782104
E3.ESCCAL.1,ESCCAL,Eschscholzia californica,Native,Forb,Native,CalFlora,E3,5,E,3,ANGELO,Control,rgr_l_AM,-0.00395258153403226
E3.ESCCAL.1,ESCCAL,Eschscholzia californica,Native,Forb,Native,CalFlora,E3,5,E,3,ANGELO,Control,rgr_l_MJ,0.05090504065967528
E3.GALPAR.1,GALPAR,Galium parisiense,Non-native,Forb,Non-native,CalFlora,E3,5,E,3,ANGELO,Control,rgr_l_FM,0.08556244428939747
E3.GALPAR.1,GALPAR,Galium parisiense,Non-native,Forb,Non-native,CalFlora,E3,5,E,3,ANGELO,Control,rgr_l_MA,0.0240577714208183
E3.GALPAR.1,GALPAR,Galium parisiense,Non-native,Forb,Non-native,CalFlora,E3,5,E,3,ANGELO,Control,rgr_l_AM,NA
E3.GALPAR.1,GALPAR,Galium parisiense,Non-native,Forb,Non-native,CalFlora,E3,5,E,3,ANGELO,Control,rgr_l_MJ,NA
E3.MADGRA.1,MADGRA,Madia gracilis,Native,Forb,Native,CalFlora,E3,5,E,3,ANGELO,Control,rgr_l_FM,0.02665950694461328
E3.MADGRA.1,MADGRA,Madia gracilis,Native,Forb,Native,CalFlora,E3,5,E,3,ANGELO,Control,rgr_l_MA,0.0273321890447485
E3.MADGRA.1,MADGRA,Madia gracilis,Native,Forb,Native,CalFlora,E3,5,E,3,ANGELO,Control,rgr_l_AM,0.06942607681472904
E3.MADGRA.1,MADGRA,Madia gracilis,Native,Forb,Native,CalFlora,E3,5,E,3,ANGELO,Control,rgr_l_MJ,NA
E4.AMSMEN.1,AMSMEN,Amsinckia menziesii,Native,Forb,Native,CalFlora,E4,5,E,4,WWP,Control,rgr_l_FM,0.00927546372372645
E4.AMSMEN.1,AMSMEN,Amsinckia menziesii,Native,Forb,Native,CalFlora,E4,5,E,4,WWP,Control,rgr_l_MA,NA
E4.AMSMEN.1,AMSMEN,Amsinckia menziesii,Native,Forb,Native,CalFlora,E4,5,E,4,WWP,Control,rgr_l_AM,NA
E4.AMSMEN.1,AMSMEN,Amsinckia menziesii,Native,Forb,Native,CalFlora,E4,5,E,4,WWP,Control,rgr_l_MJ,NA
E4.BRODIA.1,BRODIA,Bromus diandrus,Non-native,Grass,Moderate,Cal IPC,E4,5,E,4,WWP,Control,rgr_l_FM,NA
E4.BRODIA.1,BRODIA,Bromus diandrus,Non-native,Grass,Moderate,Cal IPC,E4,5,E,4,WWP,Control,rgr_l_MA,0.0031770059934775
E4.BRODIA.1,BRODIA,Bromus diandrus,Non-native,Grass,Moderate,Cal IPC,E4,5,E,4,WWP,Control,rgr_l_AM,-0.01063867367378072
E4.BRODIA.1,BRODIA,Bromus diandrus,Non-native,Grass,Moderate,Cal IPC,E4,5,E,4,WWP,Control,rgr_l_MJ,NA
E4.BROMAD.1,BROMAD,Bromus madritensis,Non-native,Grass,High,Cal IPC,E4,5,E,4,WWP,Control,rgr_l_FM,NA
E4.BROMAD.1,BROMAD,Bromus madritensis,Non-native,Grass,High,Cal IPC,E4,5,E,4,WWP,Control,rgr_l_MA,0.00803873522722959
E4.BROMAD.1,BROMAD,Bromus madritensis,Non-native,Grass,High,Cal IPC,E4,5,E,4,WWP,Control,rgr_l_AM,NA
E4.BROMAD.1,BROMAD,Bromus madritensis,Non-native,Grass,High,Cal IPC,E4,5,E,4,WWP,Control,rgr_l_MJ,NA
E4.EROCIC.1,EROCIC,Erodium cicutarium,Non-native,Forb,Non-native,CalFlora,E4,5,E,4,WWP,Control,rgr_l_FM,NA
E4.EROCIC.1,EROCIC,Erodium cicutarium,Non-native,Forb,Non-native,CalFlora,E4,5,E,4,WWP,Control,rgr_l_MA,NA
E4.EROCIC.1,EROCIC,Erodium cicutarium,Non-native,Forb,Non-native,CalFlora,E4,5,E,4,WWP,Control,rgr_l_AM,NA
E4.EROCIC.1,EROCIC,Erodium cicutarium,Non-native,Forb,Non-native,CalFlora,E4,5,E,4,WWP,Control,rgr_l_MJ,NA
E4.LUPMIC.1,LUPMIC,Lupinus microcarpus,Native,Forb,Native,CalFlora,E4,5,E,4,WWP,Control,rgr_l_FM,0.06190145817054231
E4.LUPMIC.1,LUPMIC,Lupinus microcarpus,Native,Forb,Native,CalFlora,E4,5,E,4,WWP,Control,rgr_l_MA,0.00607738522646515
E4.LUPMIC.1,LUPMIC,Lupinus microcarpus,Native,Forb,Native,CalFlora,E4,5,E,4,WWP,Control,rgr_l_AM,0.05575068230921133
E4.LUPMIC.1,LUPMIC,Lupinus microcarpus,Native,Forb,Native,CalFlora,E4,5,E,4,WWP,Control,rgr_l_MJ,NA
E5.AVEBAR.1,AVEBAR,Avena barbata,Non-native,Grass,Moderate,Cal IPC,E5,5,E,5,SEDG,Control,rgr_l_FM,NA
E5.AVEBAR.1,AVEBAR,Avena barbata,Non-native,Grass,Moderate,Cal IPC,E5,5,E,5,SEDG,Control,rgr_l_MA,NA
E5.AVEBAR.1,AVEBAR,Avena barbata,Non-native,Grass,Moderate,Cal IPC,E5,5,E,5,SEDG,Control,rgr_l_AM,NA
E5.AVEBAR.1,AVEBAR,Avena barbata,Non-native,Grass,Moderate,Cal IPC,E5,5,E,5,SEDG,Control,rgr_l_MJ,NA
E5.BRODIA.1,BRODIA,Bromus diandrus,Non-native,Grass,Moderate,Cal IPC,E5,5,E,5,SEDG,Control,rgr_l_FM,NA
E5.BRODIA.1,BRODIA,Bromus diandrus,Non-native,Grass,Moderate,Cal IPC,E5,5,E,5,SEDG,Control,rgr_l_MA,0.00928006685328325
E5.BRODIA.1,BRODIA,Bromus diandrus,Non-native,Grass,Moderate,Cal IPC,E5,5,E,5,SEDG,Control,rgr_l_AM,-0.01598902251244064
E5.BRODIA.1,BRODIA,Bromus diandrus,Non-native,Grass,Moderate,Cal IPC,E5,5,E,5,SEDG,Control,rgr_l_MJ,NA
E5.BROMAD.1,BROMAD,Bromus madritensis,Non-native,Grass,High,Cal IPC,E5,5,E,5,SEDG,Control,rgr_l_FM,NA
E5.BROMAD.1,BROMAD,Bromus madritensis,Non-native,Grass,High,Cal IPC,E5,5,E,5,SEDG,Control,rgr_l_MA,0.01473414201599081
E5.BROMAD.1,BROMAD,Bromus madritensis,Non-native,Grass,High,Cal IPC,E5,5,E,5,SEDG,Control,rgr_l_AM,-0.00191646865241532
E5.BROMAD.1,BROMAD,Bromus madritensis,Non-native,Grass,High,Cal IPC,E5,5,E,5,SEDG,Control,rgr_l_MJ,NA
E5.CENMEL.1,CENMEL,Centaurea melitensis,Non-native,Forb,Moderate,Cal IPC,E5,5,E,5,SEDG,Control,rgr_l_FM,0.01371826707456664
E5.CENMEL.1,CENMEL,Centaurea melitensis,Non-native,Forb,Moderate,Cal IPC,E5,5,E,5,SEDG,Control,rgr_l_MA,0.0171170403568442
E5.CENMEL.1,CENMEL,Centaurea melitensis,Non-native,Forb,Moderate,Cal IPC,E5,5,E,5,SEDG,Control,rgr_l_AM,0.07294988090765353
E5.CENMEL.1,CENMEL,Centaurea melitensis,Non-native,Forb,Moderate,Cal IPC,E5,5,E,5,SEDG,Control,rgr_l_MJ,NA
E5.EROCIC.1,EROCIC,Erodium cicutarium,Non-native,Forb,Non-native,CalFlora,E5,5,E,5,SEDG,Control,rgr_l_FM,0.01106469509429926
E5.EROCIC.1,EROCIC,Erodium cicutarium,Non-native,Forb,Non-native,CalFlora,E5,5,E,5,SEDG,Control,rgr_l_MA,0.02235958646967565
E5.EROCIC.1,EROCIC,Erodium cicutarium,Non-native,Forb,Non-native,CalFlora,E5,5,E,5,SEDG,Control,rgr_l_AM,0.04126763878036154
E5.EROCIC.1,EROCIC,Erodium cicutarium,Non-native,Forb,Non-native,CalFlora,E5,5,E,5,SEDG,Control,rgr_l_MJ,NA
E5.MICCAL.1,MICCAL,Micropus californicus,Native,Forb,Native,CalFlora,E5,5,E,5,SEDG,Control,rgr_l_FM,0.03772420203891254
E5.MICCAL.1,MICCAL,Micropus californicus,Native,Forb,Native,CalFlora,E5,5,E,5,SEDG,Control,rgr_l_MA,0.01747088007847563
E5.MICCAL.1,MICCAL,Micropus californicus,Native,Forb,Native,CalFlora,E5,5,E,5,SEDG,Control,rgr_l_AM,NA
E5.MICCAL.1,MICCAL,Micropus californicus,Native,Forb,Native,CalFlora,E5,5,E,5,SEDG,Control,rgr_l_MJ,NA
E6.BRODIA.1,BRODIA,Bromus diandrus,Non-native,Grass,Moderate,Cal IPC,E6,5,E,6,SEDG,Control,rgr_l_FM,NA
E6.BRODIA.1,BRODIA,Bromus diandrus,Non-native,Grass,Moderate,Cal IPC,E6,5,E,6,SEDG,Control,rgr_l_MA,0.00208188777863132
E6.BRODIA.1,BRODIA,Bromus diandrus,Non-native,Grass,Moderate,Cal IPC,E6,5,E,6,SEDG,Control,rgr_l_AM,0.01158471737451898
E6.BRODIA.1,BRODIA,Bromus diandrus,Non-native,Grass,Moderate,Cal IPC,E6,5,E,6,SEDG,Control,rgr_l_MJ,NA
E6.BROMAD.1,BROMAD,Bromus madritensis,Non-native,Grass,High,Cal IPC,E6,5,E,6,SEDG,Control,rgr_l_FM,NA
E6.BROMAD.1,BROMAD,Bromus madritensis,Non-native,Grass,High,Cal IPC,E6,5,E,6,SEDG,Control,rgr_l_MA,0
E6.BROMAD.1,BROMAD,Bromus madritensis,Non-native,Grass,High,Cal IPC,E6,5,E,6,SEDG,Control,rgr_l_AM,NA
E6.BROMAD.1,BROMAD,Bromus madritensis,Non-native,Grass,High,Cal IPC,E6,5,E,6,SEDG,Control,rgr_l_MJ,NA
E6.CENMEL.1,CENMEL,Centaurea melitensis,Non-native,Forb,Moderate,Cal IPC,E6,5,E,6,SEDG,Control,rgr_l_FM,0.00966593954926562
E6.CENMEL.1,CENMEL,Centaurea melitensis,Non-native,Forb,Moderate,Cal IPC,E6,5,E,6,SEDG,Control,rgr_l_MA,0.0185601337065665
E6.CENMEL.1,CENMEL,Centaurea melitensis,Non-native,Forb,Moderate,Cal IPC,E6,5,E,6,SEDG,Control,rgr_l_AM,0.07896573485473055
E6.CENMEL.1,CENMEL,Centaurea melitensis,Non-native,Forb,Moderate,Cal IPC,E6,5,E,6,SEDG,Control,rgr_l_MJ,NA
E6.CORFIL.1,CORFIL,Corethrogyne filaginafolia,Native,Forb,Native,CalFlora,E6,5,E,6,SEDG,Control,rgr_l_FM,0.02260717941931228
E6.CORFIL.1,CORFIL,Corethrogyne filaginafolia,Native,Forb,Native,CalFlora,E6,5,E,6,SEDG,Control,rgr_l_MA,0
E6.CORFIL.1,CORFIL,Corethrogyne filaginafolia,Native,Forb,Native,CalFlora,E6,5,E,6,SEDG,Control,rgr_l_AM,0.0364875445547136
E6.CORFIL.1,CORFIL,Corethrogyne filaginafolia,Native,Forb,Native,CalFlora,E6,5,E,6,SEDG,Control,rgr_l_MJ,0.02780951261610169
E6.EROCIC.1,EROCIC,Erodium cicutarium,Non-native,Forb,Non-native,CalFlora,E6,5,E,6,SEDG,Control,rgr_l_FM,0.01807706266329752
E6.EROCIC.1,EROCIC,Erodium cicutarium,Non-native,Forb,Non-native,CalFlora,E6,5,E,6,SEDG,Control,rgr_l_MA,-0.0043074642782104
E6.EROCIC.1,EROCIC,Erodium cicutarium,Non-native,Forb,Non-native,CalFlora,E6,5,E,6,SEDG,Control,rgr_l_AM,-0.04989513202705931
E6.EROCIC.1,EROCIC,Erodium cicutarium,Non-native,Forb,Non-native,CalFlora,E6,5,E,6,SEDG,Control,rgr_l_MJ,NA
E6.STIPUL.1,STIPUL,Stipa pulchra,Native,Grass,Native,CalFlora,E6,5,E,6,SEDG,Control,rgr_l_FM,NA
E6.STIPUL.1,STIPUL,Stipa pulchra,Native,Grass,Native,CalFlora,E6,5,E,6,SEDG,Control,rgr_l_MA,0
E6.STIPUL.1,STIPUL,Stipa pulchra,Native,Grass,Native,CalFlora,E6,5,E,6,SEDG,Control,rgr_l_AM,0.01277064059414977
E6.STIPUL.1,STIPUL,Stipa pulchra,Native,Grass,Native,CalFlora,E6,5,E,6,SEDG,Control,rgr_l_MJ,0
E7.BROHOR.1,BROHOR,Bromus hordeaceaus,Non-native,Grass,Limited,Cal IPC,E7,5,E,7,MCL,Control,rgr_l_FM,NA
E7.BROHOR.1,BROHOR,Bromus hordeaceaus,Non-native,Grass,Limited,Cal IPC,E7,5,E,7,MCL,Control,rgr_l_MA,0.01870382242751426
E7.BROHOR.1,BROHOR,Bromus hordeaceaus,Non-native,Grass,Limited,Cal IPC,E7,5,E,7,MCL,Control,rgr_l_AM,NA
E7.BROHOR.1,BROHOR,Bromus hordeaceaus,Non-native,Grass,Limited,Cal IPC,E7,5,E,7,MCL,Control,rgr_l_MJ,NA
E7.BROMAD.1,BROMAD,Bromus madritensis,Non-native,Grass,High,Cal IPC,E7,5,E,7,MCL,Control,rgr_l_FM,NA
E7.BROMAD.1,BROMAD,Bromus madritensis,Non-native,Grass,High,Cal IPC,E7,5,E,7,MCL,Control,rgr_l_MA,0
E7.BROMAD.1,BROMAD,Bromus madritensis,Non-native,Grass,High,Cal IPC,E7,5,E,7,MCL,Control,rgr_l_AM,NA
E7.BROMAD.1,BROMAD,Bromus madritensis,Non-native,Grass,High,Cal IPC,E7,5,E,7,MCL,Control,rgr_l_MJ,NA
E7.ELYCAP.1,ELYCAP,Elymus caput-medusae,Non-native,Grass,High,Cal IPC,E7,5,E,7,MCL,Control,rgr_l_FM,0.03917575311517589
E7.ELYCAP.1,ELYCAP,Elymus caput-medusae,Non-native,Grass,High,Cal IPC,E7,5,E,7,MCL,Control,rgr_l_MA,0.0130795196163924
E7.ELYCAP.1,ELYCAP,Elymus caput-medusae,Non-native,Grass,High,Cal IPC,E7,5,E,7,MCL,Control,rgr_l_AM,-0.05782169940358472
E7.ELYCAP.1,ELYCAP,Elymus caput-medusae,Non-native,Grass,High,Cal IPC,E7,5,E,7,MCL,Control,rgr_l_MJ,NA
E7.MICCAL.1,MICCAL,Micropus californicus,Native,Forb,Native,CalFlora,E7,5,E,7,MCL,Control,rgr_l_FM,0.04067503084116678
E7.MICCAL.1,MICCAL,Micropus californicus,Native,Forb,Native,CalFlora,E7,5,E,7,MCL,Control,rgr_l_MA,0.02036771527391927
E7.MICCAL.1,MICCAL,Micropus californicus,Native,Forb,Native,CalFlora,E7,5,E,7,MCL,Control,rgr_l_AM,NA
E7.MICCAL.1,MICCAL,Micropus californicus,Native,Forb,Native,CalFlora,E7,5,E,7,MCL,Control,rgr_l_MJ,NA
E8.AVEBAR.1,AVEBAR,Avena barbata,Non-native,Grass,Moderate,Cal IPC,E8,5,E,8,BORR,Control,rgr_l_FM,0.08951068098401604
E8.AVEBAR.1,AVEBAR,Avena barbata,Non-native,Grass,Moderate,Cal IPC,E8,5,E,8,BORR,Control,rgr_l_MA,0.01436487150501172
E8.AVEBAR.1,AVEBAR,Avena barbata,Non-native,Grass,Moderate,Cal IPC,E8,5,E,8,BORR,Control,rgr_l_AM,0.00439945484377268
E8.AVEBAR.1,AVEBAR,Avena barbata,Non-native,Grass,Moderate,Cal IPC,E8,5,E,8,BORR,Control,rgr_l_MJ,NA
E8.BRODIA.1,BRODIA,Bromus diandrus,Non-native,Grass,Moderate,Cal IPC,E8,5,E,8,BORR,Control,rgr_l_FM,NA
E8.BRODIA.1,BRODIA,Bromus diandrus,Non-native,Grass,Moderate,Cal IPC,E8,5,E,8,BORR,Control,rgr_l_MA,0.01164559179152679
E8.BRODIA.1,BRODIA,Bromus diandrus,Non-native,Grass,Moderate,Cal IPC,E8,5,E,8,BORR,Control,rgr_l_AM,-0.00681174352699994
E8.BRODIA.1,BRODIA,Bromus diandrus,Non-native,Grass,Moderate,Cal IPC,E8,5,E,8,BORR,Control,rgr_l_MJ,NA
E8.BROHOR.1,BROHOR,Bromus hordeaceaus,Non-native,Grass,Limited,Cal IPC,E8,5,E,8,BORR,Control,rgr_l_FM,NA
E8.BROHOR.1,BROHOR,Bromus hordeaceaus,Non-native,Grass,Limited,Cal IPC,E8,5,E,8,BORR,Control,rgr_l_MA,0.00538884144074729
E8.BROHOR.1,BROHOR,Bromus hordeaceaus,Non-native,Grass,Limited,Cal IPC,E8,5,E,8,BORR,Control,rgr_l_AM,NA
E8.BROHOR.1,BROHOR,Bromus hordeaceaus,Non-native,Grass,Limited,Cal IPC,E8,5,E,8,BORR,Control,rgr_l_MJ,NA
E8.DAUPUS.1,DAUPUS,Daucus pusillus,Native,Forb,Native,CalFlora,E8,5,E,8,BORR,Control,rgr_l_FM,0.02665950694461328
E8.DAUPUS.1,DAUPUS,Daucus pusillus,Native,Forb,Native,CalFlora,E8,5,E,8,BORR,Control,rgr_l_MA,-0.00928006685328325
E8.DAUPUS.1,DAUPUS,Daucus pusillus,Native,Forb,Native,CalFlora,E8,5,E,8,BORR,Control,rgr_l_AM,0.02390162691586017
E8.DAUPUS.1,DAUPUS,Daucus pusillus,Native,Forb,Native,CalFlora,E8,5,E,8,BORR,Control,rgr_l_MJ,NA
E8.EROBOT.1,EROBOT,Erodium botrys,Non-native,Forb,Non-native,CalFlora,E8,5,E,8,BORR,Control,rgr_l_FM,0.00701236756899824
E8.EROBOT.1,EROBOT,Erodium botrys,Non-native,Forb,Non-native,CalFlora,E8,5,E,8,BORR,Control,rgr_l_MA,0.03453036811940042
E8.EROBOT.1,EROBOT,Erodium botrys,Non-native,Forb,Non-native,CalFlora,E8,5,E,8,BORR,Control,rgr_l_AM,0.03307463931271062
E8.EROBOT.1,EROBOT,Erodium botrys,Non-native,Forb,Non-native,CalFlora,E8,5,E,8,BORR,Control,rgr_l_MJ,NA
E8.GERDIS.1,GERDIS,Geranium dissectum,Non-native,Forb,Limited,Cal IPC,E8,5,E,8,BORR,Control,rgr_l_FM,0.01559481185031401
E8.GERDIS.1,GERDIS,Geranium dissectum,Non-native,Forb,Limited,Cal IPC,E8,5,E,8,BORR,Control,rgr_l_MA,0.01955276785710695
E8.GERDIS.1,GERDIS,Geranium dissectum,Non-native,Forb,Limited,Cal IPC,E8,5,E,8,BORR,Control,rgr_l_AM,NA
E8.GERDIS.1,GERDIS,Geranium dissectum,Non-native,Forb,Limited,Cal IPC,E8,5,E,8,BORR,Control,rgr_l_MJ,NA
E8.MADGRA.1,MADGRA,Madia gracilis,Native,Forb,Native,CalFlora,E8,5,E,8,BORR,Control,rgr_l_FM,0.02152368415136241
E8.MADGRA.1,MADGRA,Madia gracilis,Native,Forb,Native,CalFlora,E8,5,E,8,BORR,Control,rgr_l_MA,0.05966384000377036
E8.MADGRA.1,MADGRA,Madia gracilis,Native,Forb,Native,CalFlora,E8,5,E,8,BORR,Control,rgr_l_AM,0.05005217911925919
E8.MADGRA.1,MADGRA,Madia gracilis,Native,Forb,Native,CalFlora,E8,5,E,8,BORR,Control,rgr_l_MJ,NA
E8.TORARV.1,TORARV,Torilis arvensis,Non-native,Forb,Moderate,Cal IPC,E8,5,E,8,BORR,Control,rgr_l_FM,0.03524195122592904
E8.TORARV.1,TORARV,Torilis arvensis,Non-native,Forb,Moderate,Cal IPC,E8,5,E,8,BORR,Control,rgr_l_MA,-0.01647824592793518
E8.TORARV.1,TORARV,Torilis arvensis,Non-native,Forb,Moderate,Cal IPC,E8,5,E,8,BORR,Control,rgr_l_AM,0.01277064059414976
E8.TORARV.1,TORARV,Torilis arvensis,Non-native,Forb,Moderate,Cal IPC,E8,5,E,8,BORR,Control,rgr_l_MJ,NA
E8.TRIHIR.1,TRIHIR,Trifolium hirtum,Non-native,Forb,Limited,Cal IPC,E8,5,E,8,BORR,Control,rgr_l_FM,0.02152368415136241
E8.TRIHIR.1,TRIHIR,Trifolium hirtum,Non-native,Forb,Limited,Cal IPC,E8,5,E,8,BORR,Control,rgr_l_MA,0.03693975175170977
E8.TRIHIR.1,TRIHIR,Trifolium hirtum,Non-native,Forb,Limited,Cal IPC,E8,5,E,8,BORR,Control,rgr_l_AM,NA
E8.TRIHIR.1,TRIHIR,Trifolium hirtum,Non-native,Forb,Limited,Cal IPC,E8,5,E,8,BORR,Control,rgr_l_MJ,NA
F1.ACMPAR.1,ACMPAR,Acmispon parviflorus,Native,Forb,Native,CalFlora,F1,1,F,1,ANGELO,Control,rgr_l_FM,NA
F1.ACMPAR.1,ACMPAR,Acmispon parviflorus,Native,Forb,Native,CalFlora,F1,1,F,1,ANGELO,Control,rgr_l_MA,0.06710034996742459
F1.ACMPAR.1,ACMPAR,Acmispon parviflorus,Native,Forb,Native,CalFlora,F1,1,F,1,ANGELO,Control,rgr_l_AM,NA
F1.ACMPAR.1,ACMPAR,Acmispon parviflorus,Native,Forb,Native,CalFlora,F1,1,F,1,ANGELO,Control,rgr_l_MJ,NA
F1.AIRCAR.1,AIRCAR,Aira caryophyllea,Non-native,Grass,Non-native,CalFlora,F1,1,F,1,ANGELO,Control,rgr_l_FM,0.04060259325407064
F1.AIRCAR.1,AIRCAR,Aira caryophyllea,Non-native,Grass,Non-native,CalFlora,F1,1,F,1,ANGELO,Control,rgr_l_MA,0.0083159329936858
F1.AIRCAR.1,AIRCAR,Aira caryophyllea,Non-native,Grass,Non-native,CalFlora,F1,1,F,1,ANGELO,Control,rgr_l_AM,-0.04175876561651227
F1.AIRCAR.1,AIRCAR,Aira caryophyllea,Non-native,Grass,Non-native,CalFlora,F1,1,F,1,ANGELO,Control,rgr_l_MJ,NA
F1.BRODIA.1,BRODIA,Bromus diandrus,Non-native,Grass,Moderate,Cal IPC,F1,1,F,1,ANGELO,Control,rgr_l_FM,NA
F1.BRODIA.1,BRODIA,Bromus diandrus,Non-native,Grass,Moderate,Cal IPC,F1,1,F,1,ANGELO,Control,rgr_l_MA,0.02122720504186452
F1.BRODIA.1,BRODIA,Bromus diandrus,Non-native,Grass,Moderate,Cal IPC,F1,1,F,1,ANGELO,Control,rgr_l_AM,-0.0402182987954009
F1.BRODIA.1,BRODIA,Bromus diandrus,Non-native,Grass,Moderate,Cal IPC,F1,1,F,1,ANGELO,Control,rgr_l_MJ,NA
F1.BROHOR.1,BROHOR,Bromus hordeaceaus,Non-native,Grass,Limited,Cal IPC,F1,1,F,1,ANGELO,Control,rgr_l_FM,NA
F1.BROHOR.1,BROHOR,Bromus hordeaceaus,Non-native,Grass,Limited,Cal IPC,F1,1,F,1,ANGELO,Control,rgr_l_MA,0.01437564841144092
F1.BROHOR.1,BROHOR,Bromus hordeaceaus,Non-native,Grass,Limited,Cal IPC,F1,1,F,1,ANGELO,Control,rgr_l_AM,-0.0066890231820717
F1.BROHOR.1,BROHOR,Bromus hordeaceaus,Non-native,Grass,Limited,Cal IPC,F1,1,F,1,ANGELO,Control,rgr_l_MJ,NA
F1.DANCAL.1,DANCAL,Danthonia californica,Native,Grass,Native,CalFlora,F1,1,F,1,ANGELO,Control,rgr_l_FM,NA
F1.DANCAL.1,DANCAL,Danthonia californica,Native,Grass,Native,CalFlora,F1,1,F,1,ANGELO,Control,rgr_l_MA,NA
F1.DANCAL.1,DANCAL,Danthonia californica,Native,Grass,Native,CalFlora,F1,1,F,1,ANGELO,Control,rgr_l_AM,NA
F1.DANCAL.1,DANCAL,Danthonia californica,Native,Grass,Native,CalFlora,F1,1,F,1,ANGELO,Control,rgr_l_MJ,-0.01514116170798846
F1.ESCCAL.1,ESCCAL,Eschscholzia californica,Native,Forb,Native,CalFlora,F1,1,F,1,ANGELO,Control,rgr_l_FM,0.00753631427552774
F1.ESCCAL.1,ESCCAL,Eschscholzia californica,Native,Forb,Native,CalFlora,F1,1,F,1,ANGELO,Control,rgr_l_MA,-0.00255544731564557
F1.ESCCAL.1,ESCCAL,Eschscholzia californica,Native,Forb,Native,CalFlora,F1,1,F,1,ANGELO,Control,rgr_l_AM,-0.00896889707622724
F1.ESCCAL.1,ESCCAL,Eschscholzia californica,Native,Forb,Native,CalFlora,F1,1,F,1,ANGELO,Control,rgr_l_MJ,0.04707210335484464
F1.GALPAR.1,GALPAR,Galium parisiense,Non-native,Forb,Non-native,CalFlora,F1,1,F,1,ANGELO,Control,rgr_l_FM,0.05788700284514031
F1.GALPAR.1,GALPAR,Galium parisiense,Non-native,Forb,Non-native,CalFlora,F1,1,F,1,ANGELO,Control,rgr_l_MA,0.02252213261883609
F1.GALPAR.1,GALPAR,Galium parisiense,Non-native,Forb,Non-native,CalFlora,F1,1,F,1,ANGELO,Control,rgr_l_AM,0.00972290592775034
F1.GALPAR.1,GALPAR,Galium parisiense,Non-native,Forb,Non-native,CalFlora,F1,1,F,1,ANGELO,Control,rgr_l_MJ,NA
F1.HYPGLA.1,HYPGLA,Hypochaeris glabra,Non-native,Forb,Limited,Cal IPC,F1,1,F,1,ANGELO,Control,rgr_l_FM,0.02166084939249829
F1.HYPGLA.1,HYPGLA,Hypochaeris glabra,Non-native,Forb,Limited,Cal IPC,F1,1,F,1,ANGELO,Control,rgr_l_MA,0.01398155545200567
F1.HYPGLA.1,HYPGLA,Hypochaeris glabra,Non-native,Forb,Limited,Cal IPC,F1,1,F,1,ANGELO,Control,rgr_l_AM,0.01139116006042838
F1.HYPGLA.1,HYPGLA,Hypochaeris glabra,Non-native,Forb,Limited,Cal IPC,F1,1,F,1,ANGELO,Control,rgr_l_MJ,NA
F1.MADGRA.1,MADGRA,Madia gracilis,Native,Forb,Native,CalFlora,F1,1,F,1,ANGELO,Control,rgr_l_FM,0.02166084939249829
F1.MADGRA.1,MADGRA,Madia gracilis,Native,Forb,Native,CalFlora,F1,1,F,1,ANGELO,Control,rgr_l_MA,0.04480286152173313
F1.MADGRA.1,MADGRA,Madia gracilis,Native,Forb,Native,CalFlora,F1,1,F,1,ANGELO,Control,rgr_l_AM,0.06999149540245113
F1.MADGRA.1,MADGRA,Madia gracilis,Native,Forb,Native,CalFlora,F1,1,F,1,ANGELO,Control,rgr_l_MJ,NA
F2.AVEBAR.1,AVEBAR,Avena barbata,Non-native,Grass,Moderate,Cal IPC,F2,1,F,2,WWP,Control,rgr_l_FM,NA
F2.AVEBAR.1,AVEBAR,Avena barbata,Non-native,Grass,Moderate,Cal IPC,F2,1,F,2,WWP,Control,rgr_l_MA,0.00769460521773138
F2.AVEBAR.1,AVEBAR,Avena barbata,Non-native,Grass,Moderate,Cal IPC,F2,1,F,2,WWP,Control,rgr_l_AM,0.04132044662780852
F2.AVEBAR.1,AVEBAR,Avena barbata,Non-native,Grass,Moderate,Cal IPC,F2,1,F,2,WWP,Control,rgr_l_MJ,NA
F2.BROARE.1,BROARE,Bromus arenarius,Non-native,Grass,Non-native,CalFlora,F2,1,F,2,WWP,Control,rgr_l_FM,NA
F2.BROARE.1,BROARE,Bromus arenarius,Non-native,Grass,Non-native,CalFlora,F2,1,F,2,WWP,Control,rgr_l_MA,0
F2.BROARE.1,BROARE,Bromus arenarius,Non-native,Grass,Non-native,CalFlora,F2,1,F,2,WWP,Control,rgr_l_AM,0.01518176962133526
F2.BROARE.1,BROARE,Bromus arenarius,Non-native,Grass,Non-native,CalFlora,F2,1,F,2,WWP,Control,rgr_l_MJ,NA
F2.BRODIA.1,BRODIA,Bromus diandrus,Non-native,Grass,Moderate,Cal IPC,F2,1,F,2,WWP,Control,rgr_l_FM,NA
F2.BRODIA.1,BRODIA,Bromus diandrus,Non-native,Grass,Moderate,Cal IPC,F2,1,F,2,WWP,Control,rgr_l_MA,0.01171958019387418
F2.BRODIA.1,BRODIA,Bromus diandrus,Non-native,Grass,Moderate,Cal IPC,F2,1,F,2,WWP,Control,rgr_l_AM,-0.03062428283079133
F2.BRODIA.1,BRODIA,Bromus diandrus,Non-native,Grass,Moderate,Cal IPC,F2,1,F,2,WWP,Control,rgr_l_MJ,NA
F2.BROMAD.1,BROMAD,Bromus madritensis,Non-native,Grass,High,Cal IPC,F2,1,F,2,WWP,Control,rgr_l_FM,NA
F2.BROMAD.1,BROMAD,Bromus madritensis,Non-native,Grass,High,Cal IPC,F2,1,F,2,WWP,Control,rgr_l_MA,0.00628695023427429
F2.BROMAD.1,BROMAD,Bromus madritensis,Non-native,Grass,High,Cal IPC,F2,1,F,2,WWP,Control,rgr_l_AM,NA
F2.BROMAD.1,BROMAD,Bromus madritensis,Non-native,Grass,High,Cal IPC,F2,1,F,2,WWP,Control,rgr_l_MJ,NA
F2.EROCIC.1,EROCIC,Erodium cicutarium,Non-native,Forb,Non-native,CalFlora,F2,1,F,2,WWP,Control,rgr_l_FM,0.01114609199808539
F2.EROCIC.1,EROCIC,Erodium cicutarium,Non-native,Forb,Non-native,CalFlora,F2,1,F,2,WWP,Control,rgr_l_MA,0.01398155545200566
F2.EROCIC.1,EROCIC,Erodium cicutarium,Non-native,Forb,Non-native,CalFlora,F2,1,F,2,WWP,Control,rgr_l_AM,0.03168982888122588
F2.EROCIC.1,EROCIC,Erodium cicutarium,Non-native,Forb,Non-native,CalFlora,F2,1,F,2,WWP,Control,rgr_l_MJ,NA
F2.ESCCAL.1,ESCCAL,Eschscholzia californica,Native,Forb,Native,CalFlora,F2,1,F,2,WWP,Control,rgr_l_FM,0.00368071986426199
F2.ESCCAL.1,ESCCAL,Eschscholzia californica,Native,Forb,Native,CalFlora,F2,1,F,2,WWP,Control,rgr_l_MA,-0.02796311090401134
F2.ESCCAL.1,ESCCAL,Eschscholzia californica,Native,Forb,Native,CalFlora,F2,1,F,2,WWP,Control,rgr_l_AM,0.022348554435955
F2.ESCCAL.1,ESCCAL,Eschscholzia californica,Native,Forb,Native,CalFlora,F2,1,F,2,WWP,Control,rgr_l_MJ,0.04380318668690389
F2.MIRMUL.1,MIRMUL,Mirabilis multiflora,Native,Forb,Native,CalFlora,F2,1,F,2,WWP,Control,rgr_l_FM,NA
F2.MIRMUL.1,MIRMUL,Mirabilis multiflora,Native,Forb,Native,CalFlora,F2,1,F,2,WWP,Control,rgr_l_MA,NA
F2.MIRMUL.1,MIRMUL,Mirabilis multiflora,Native,Forb,Native,CalFlora,F2,1,F,2,WWP,Control,rgr_l_AM,Inf
F2.MIRMUL.1,MIRMUL,Mirabilis multiflora,Native,Forb,Native,CalFlora,F2,1,F,2,WWP,Control,rgr_l_MJ,NA
F3.AVEBAR.1,AVEBAR,Avena barbata,Non-native,Grass,Moderate,Cal IPC,F3,1,F,3,BORR,Control,rgr_l_FM,NA
F3.AVEBAR.1,AVEBAR,Avena barbata,Non-native,Grass,Moderate,Cal IPC,F3,1,F,3,BORR,Control,rgr_l_MA,0
F3.AVEBAR.1,AVEBAR,Avena barbata,Non-native,Grass,Moderate,Cal IPC,F3,1,F,3,BORR,Control,rgr_l_AM,NA
F3.AVEBAR.1,AVEBAR,Avena barbata,Non-native,Grass,Moderate,Cal IPC,F3,1,F,3,BORR,Control,rgr_l_MJ,NA
F3.BRODIA.1,BRODIA,Bromus diandrus,Non-native,Grass,Moderate,Cal IPC,F3,1,F,3,BORR,Control,rgr_l_FM,NA
F3.BRODIA.1,BRODIA,Bromus diandrus,Non-native,Grass,Moderate,Cal IPC,F3,1,F,3,BORR,Control,rgr_l_MA,0.0273527806592044
F3.BRODIA.1,BRODIA,Bromus diandrus,Non-native,Grass,Moderate,Cal IPC,F3,1,F,3,BORR,Control,rgr_l_AM,-0.03067513331997255
F3.BRODIA.1,BRODIA,Bromus diandrus,Non-native,Grass,Moderate,Cal IPC,F3,1,F,3,BORR,Control,rgr_l_MJ,NA
F3.BROHOR.1,BROHOR,Bromus hordeaceaus,Non-native,Grass,Limited,Cal IPC,F3,1,F,3,BORR,Control,rgr_l_FM,NA
F3.BROHOR.1,BROHOR,Bromus hordeaceaus,Non-native,Grass,Limited,Cal IPC,F3,1,F,3,BORR,Control,rgr_l_MA,0
F3.BROHOR.1,BROHOR,Bromus hordeaceaus,Non-native,Grass,Limited,Cal IPC,F3,1,F,3,BORR,Control,rgr_l_AM,-0.03321352958648897
F3.BROHOR.1,BROHOR,Bromus hordeaceaus,Non-native,Grass,Limited,Cal IPC,F3,1,F,3,BORR,Control,rgr_l_MJ,NA
F3.CLAPUR.1,CLAPUR,Clarkia purpurea,Native,Forb,Native,CalFlora,F3,1,F,3,BORR,Control,rgr_l_FM,0.0580093121989258
F3.CLAPUR.1,CLAPUR,Clarkia purpurea,Native,Forb,Native,CalFlora,F3,1,F,3,BORR,Control,rgr_l_MA,0.02937076588746841
F3.CLAPUR.1,CLAPUR,Clarkia purpurea,Native,Forb,Native,CalFlora,F3,1,F,3,BORR,Control,rgr_l_AM,0.00290586372582059
F3.CLAPUR.1,CLAPUR,Clarkia purpurea,Native,Forb,Native,CalFlora,F3,1,F,3,BORR,Control,rgr_l_MJ,NA
F3.GERDIS.1,GERDIS,Geranium dissectum,Non-native,Forb,Limited,Cal IPC,F3,1,F,3,BORR,Control,rgr_l_FM,0.01468761341392923
F3.GERDIS.1,GERDIS,Geranium dissectum,Non-native,Forb,Limited,Cal IPC,F3,1,F,3,BORR,Control,rgr_l_MA,0.01398155545200567
F3.GERDIS.1,GERDIS,Geranium dissectum,Non-native,Forb,Limited,Cal IPC,F3,1,F,3,BORR,Control,rgr_l_AM,NA
F3.GERDIS.1,GERDIS,Geranium dissectum,Non-native,Forb,Limited,Cal IPC,F3,1,F,3,BORR,Control,rgr_l_MJ,NA
F3.MADGRA.1,MADGRA,Madia gracilis,Native,Forb,Native,CalFlora,F3,1,F,3,BORR,Control,rgr_l_FM,0.02166084939249829
F3.MADGRA.1,MADGRA,Madia gracilis,Native,Forb,Native,CalFlora,F3,1,F,3,BORR,Control,rgr_l_MA,0.0700493904308095
F3.MADGRA.1,MADGRA,Madia gracilis,Native,Forb,Native,CalFlora,F3,1,F,3,BORR,Control,rgr_l_AM,0.06126458733573089
F3.MADGRA.1,MADGRA,Madia gracilis,Native,Forb,Native,CalFlora,F3,1,F,3,BORR,Control,rgr_l_MJ,NA
F3.TORARV.1,TORARV,Torilis arvensis,Non-native,Forb,Moderate,Cal IPC,F3,1,F,3,BORR,Control,rgr_l_FM,0.0159633007426872
F3.TORARV.1,TORARV,Torilis arvensis,Non-native,Forb,Moderate,Cal IPC,F3,1,F,3,BORR,Control,rgr_l_MA,0
F3.TORARV.1,TORARV,Torilis arvensis,Non-native,Forb,Moderate,Cal IPC,F3,1,F,3,BORR,Control,rgr_l_AM,0.02084449374652143
F3.TORARV.1,TORARV,Torilis arvensis,Non-native,Forb,Moderate,Cal IPC,F3,1,F,3,BORR,Control,rgr_l_MJ,NA
F3.TRIHIR.1,TRIHIR,Trifolium hirtum,Non-native,Forb,Limited,Cal IPC,F3,1,F,3,BORR,Control,rgr_l_FM,NA
F3.TRIHIR.1,TRIHIR,Trifolium hirtum,Non-native,Forb,Limited,Cal IPC,F3,1,F,3,BORR,Control,rgr_l_MA,0.01398155545200567
F3.TRIHIR.1,TRIHIR,Trifolium hirtum,Non-native,Forb,Limited,Cal IPC,F3,1,F,3,BORR,Control,rgr_l_AM,0
F3.TRIHIR.1,TRIHIR,Trifolium hirtum,Non-native,Forb,Limited,Cal IPC,F3,1,F,3,BORR,Control,rgr_l_MJ,NA
F4.AVEBAR.1,AVEBAR,Avena barbata,Non-native,Grass,Moderate,Cal IPC,F4,1,F,4,MCL,Control,rgr_l_FM,NA
F4.AVEBAR.1,AVEBAR,Avena barbata,Non-native,Grass,Moderate,Cal IPC,F4,1,F,4,MCL,Control,rgr_l_MA,0.00398320300420154
F4.AVEBAR.1,AVEBAR,Avena barbata,Non-native,Grass,Moderate,Cal IPC,F4,1,F,4,MCL,Control,rgr_l_AM,-0.02416892410358029
F4.AVEBAR.1,AVEBAR,Avena barbata,Non-native,Grass,Moderate,Cal IPC,F4,1,F,4,MCL,Control,rgr_l_MJ,NA
F4.BRODIA.1,BRODIA,Bromus diandrus,Non-native,Grass,Moderate,Cal IPC,F4,1,F,4,MCL,Control,rgr_l_FM,NA
F4.BRODIA.1,BRODIA,Bromus diandrus,Non-native,Grass,Moderate,Cal IPC,F4,1,F,4,MCL,Control,rgr_l_MA,0.01653700276765125
F4.BRODIA.1,BRODIA,Bromus diandrus,Non-native,Grass,Moderate,Cal IPC,F4,1,F,4,MCL,Control,rgr_l_AM,-0.0347747167613797
F4.BRODIA.1,BRODIA,Bromus diandrus,Non-native,Grass,Moderate,Cal IPC,F4,1,F,4,MCL,Control,rgr_l_MJ,NA
F4.BROHOR.1,BROHOR,Bromus hordeaceaus,Non-native,Grass,Limited,Cal IPC,F4,1,F,4,MCL,Control,rgr_l_FM,NA
F4.BROHOR.1,BROHOR,Bromus hordeaceaus,Non-native,Grass,Limited,Cal IPC,F4,1,F,4,MCL,Control,rgr_l_MA,0.01929709613570424
F4.BROHOR.1,BROHOR,Bromus hordeaceaus,Non-native,Grass,Limited,Cal IPC,F4,1,F,4,MCL,Control,rgr_l_AM,-0.08796857765384196
F4.BROHOR.1,BROHOR,Bromus hordeaceaus,Non-native,Grass,Limited,Cal IPC,F4,1,F,4,MCL,Control,rgr_l_MJ,NA
F4.ELYCAP.1,ELYCAP,Elymus caput-medusae,Non-native,Grass,High,Cal IPC,F4,1,F,4,MCL,Control,rgr_l_FM,0.03683296863567645
F4.ELYCAP.1,ELYCAP,Elymus caput-medusae,Non-native,Grass,High,Cal IPC,F4,1,F,4,MCL,Control,rgr_l_MA,0.03289762275368973
F4.ELYCAP.1,ELYCAP,Elymus caput-medusae,Non-native,Grass,High,Cal IPC,F4,1,F,4,MCL,Control,rgr_l_AM,-0.02585184418826346
F4.ELYCAP.1,ELYCAP,Elymus caput-medusae,Non-native,Grass,High,Cal IPC,F4,1,F,4,MCL,Control,rgr_l_MJ,NA
F4.MICCAL.1,MICCAL,Micropus californicus,Native,Forb,Native,CalFlora,F4,1,F,4,MCL,Control,rgr_l_FM,0.05912009149328243
F4.MICCAL.1,MICCAL,Micropus californicus,Native,Forb,Native,CalFlora,F4,1,F,4,MCL,Control,rgr_l_MA,NA
F4.MICCAL.1,MICCAL,Micropus californicus,Native,Forb,Native,CalFlora,F4,1,F,4,MCL,Control,rgr_l_AM,NA
F4.MICCAL.1,MICCAL,Micropus californicus,Native,Forb,Native,CalFlora,F4,1,F,4,MCL,Control,rgr_l_MJ,NA
F4.PLAERE.1,PLAERE,Plantago erecta,Native,Forb,Native,CalFlora,F4,1,F,4,MCL,Control,rgr_l_FM,0.01051475739441289
F4.PLAERE.1,PLAERE,Plantago erecta,Native,Forb,Native,CalFlora,F4,1,F,4,MCL,Control,rgr_l_MA,0.01858608623216163
F4.PLAERE.1,PLAERE,Plantago erecta,Native,Forb,Native,CalFlora,F4,1,F,4,MCL,Control,rgr_l_AM,NA
F4.PLAERE.1,PLAERE,Plantago erecta,Native,Forb,Native,CalFlora,F4,1,F,4,MCL,Control,rgr_l_MJ,NA
F4.TRIHIR.1,TRIHIR,Trifolium hirtum,Non-native,Forb,Limited,Cal IPC,F4,1,F,4,MCL,Control,rgr_l_FM,0.01748799337298195
F4.TRIHIR.1,TRIHIR,Trifolium hirtum,Non-native,Forb,Limited,Cal IPC,F4,1,F,4,MCL,Control,rgr_l_MA,0.00460453078015594
F4.TRIHIR.1,TRIHIR,Trifolium hirtum,Non-native,Forb,Limited,Cal IPC,F4,1,F,4,MCL,Control,rgr_l_AM,0.01752957679945071
F4.TRIHIR.1,TRIHIR,Trifolium hirtum,Non-native,Forb,Limited,Cal IPC,F4,1,F,4,MCL,Control,rgr_l_MJ,NA
F5.AVEBAR.1,AVEBAR,Avena barbata,Non-native,Grass,Moderate,Cal IPC,F5,1,F,5,MCL,Control,rgr_l_FM,NA
F5.AVEBAR.1,AVEBAR,Avena barbata,Non-native,Grass,Moderate,Cal IPC,F5,1,F,5,MCL,Control,rgr_l_MA,0
F5.AVEBAR.1,AVEBAR,Avena barbata,Non-native,Grass,Moderate,Cal IPC,F5,1,F,5,MCL,Control,rgr_l_AM,-0.05026272961440484
F5.AVEBAR.1,AVEBAR,Avena barbata,Non-native,Grass,Moderate,Cal IPC,F5,1,F,5,MCL,Control,rgr_l_MJ,NA
F5.BRODIA.1,BRODIA,Bromus diandrus,Non-native,Grass,Moderate,Cal IPC,F5,1,F,5,MCL,Control,rgr_l_FM,NA
F5.BRODIA.1,BRODIA,Bromus diandrus,Non-native,Grass,Moderate,Cal IPC,F5,1,F,5,MCL,Control,rgr_l_MA,0.0229020566788515
F5.BRODIA.1,BRODIA,Bromus diandrus,Non-native,Grass,Moderate,Cal IPC,F5,1,F,5,MCL,Control,rgr_l_AM,-0.03446131691918018
F5.BRODIA.1,BRODIA,Bromus diandrus,Non-native,Grass,Moderate,Cal IPC,F5,1,F,5,MCL,Control,rgr_l_MJ,NA
F5.BROHOR.1,BROHOR,Bromus hordeaceaus,Non-native,Grass,Limited,Cal IPC,F5,1,F,5,MCL,Control,rgr_l_FM,NA
F5.BROHOR.1,BROHOR,Bromus hordeaceaus,Non-native,Grass,Limited,Cal IPC,F5,1,F,5,MCL,Control,rgr_l_MA,0.02307067686140982
F5.BROHOR.1,BROHOR,Bromus hordeaceaus,Non-native,Grass,Limited,Cal IPC,F5,1,F,5,MCL,Control,rgr_l_AM,-0.00624038473627154
F5.BROHOR.1,BROHOR,Bromus hordeaceaus,Non-native,Grass,Limited,Cal IPC,F5,1,F,5,MCL,Control,rgr_l_MJ,NA
F5.BROMAD.1,BROMAD,Bromus madritensis,Non-native,Grass,High,Cal IPC,F5,1,F,5,MCL,Control,rgr_l_FM,NA
F5.BROMAD.1,BROMAD,Bromus madritensis,Non-native,Grass,High,Cal IPC,F5,1,F,5,MCL,Control,rgr_l_MA,0.00168241945411835
F5.BROMAD.1,BROMAD,Bromus madritensis,Non-native,Grass,High,Cal IPC,F5,1,F,5,MCL,Control,rgr_l_AM,NA
F5.BROMAD.1,BROMAD,Bromus madritensis,Non-native,Grass,High,Cal IPC,F5,1,F,5,MCL,Control,rgr_l_MJ,NA
F5.ELYCAP.1,ELYCAP,Elymus caput-medusae,Non-native,Grass,High,Cal IPC,F5,1,F,5,MCL,Control,rgr_l_FM,0.02166084939249829
F5.ELYCAP.1,ELYCAP,Elymus caput-medusae,Non-native,Grass,High,Cal IPC,F5,1,F,5,MCL,Control,rgr_l_MA,0.02628069144989298
F5.ELYCAP.1,ELYCAP,Elymus caput-medusae,Non-native,Grass,High,Cal IPC,F5,1,F,5,MCL,Control,rgr_l_AM,-0.0300993201081484
F5.ELYCAP.1,ELYCAP,Elymus caput-medusae,Non-native,Grass,High,Cal IPC,F5,1,F,5,MCL,Control,rgr_l_MJ,NA
F5.HOLVIR.1,HOLVIR,Holocarpha virgata,Native,Forb,Native,CalFlora,F5,1,F,5,MCL,Control,rgr_l_FM,0.03433163402087842
F5.HOLVIR.1,HOLVIR,Holocarpha virgata,Native,Forb,Native,CalFlora,F5,1,F,5,MCL,Control,rgr_l_MA,0.01761467668158589
F5.HOLVIR.1,HOLVIR,Holocarpha virgata,Native,Forb,Native,CalFlora,F5,1,F,5,MCL,Control,rgr_l_AM,0.1350088737324692
F5.HOLVIR.1,HOLVIR,Holocarpha virgata,Native,Forb,Native,CalFlora,F5,1,F,5,MCL,Control,rgr_l_MJ,0.05388731700159423
F5.MICCAL.1,MICCAL,Micropus californicus,Native,Forb,Native,CalFlora,F5,1,F,5,MCL,Control,rgr_l_FM,0.06912283514768484
F5.MICCAL.1,MICCAL,Micropus californicus,Native,Forb,Native,CalFlora,F5,1,F,5,MCL,Control,rgr_l_MA,0.03164653521854532
F5.MICCAL.1,MICCAL,Micropus californicus,Native,Forb,Native,CalFlora,F5,1,F,5,MCL,Control,rgr_l_AM,NA
F5.MICCAL.1,MICCAL,Micropus californicus,Native,Forb,Native,CalFlora,F5,1,F,5,MCL,Control,rgr_l_MJ,NA
F5.PLAERE.1,PLAERE,Plantago erecta,Native,Forb,Native,CalFlora,F5,1,F,5,MCL,Control,rgr_l_FM,0.03135319090199327
F5.PLAERE.1,PLAERE,Plantago erecta,Native,Forb,Native,CalFlora,F5,1,F,5,MCL,Control,rgr_l_MA,0.0221328926266343
F5.PLAERE.1,PLAERE,Plantago erecta,Native,Forb,Native,CalFlora,F5,1,F,5,MCL,Control,rgr_l_AM,NA
F5.PLAERE.1,PLAERE,Plantago erecta,Native,Forb,Native,CalFlora,F5,1,F,5,MCL,Control,rgr_l_MJ,NA
F5.TRIHIR.1,TRIHIR,Trifolium hirtum,Non-native,Forb,Limited,Cal IPC,F5,1,F,5,MCL,Control,rgr_l_FM,0.02863408537106735
F5.TRIHIR.1,TRIHIR,Trifolium hirtum,Non-native,Forb,Limited,Cal IPC,F5,1,F,5,MCL,Control,rgr_l_MA,0.03018857715013448
F5.TRIHIR.1,TRIHIR,Trifolium hirtum,Non-native,Forb,Limited,Cal IPC,F5,1,F,5,MCL,Control,rgr_l_AM,0.00358489953086646
F5.TRIHIR.1,TRIHIR,Trifolium hirtum,Non-native,Forb,Limited,Cal IPC,F5,1,F,5,MCL,Control,rgr_l_MJ,NA
F6.AVEBAR.1,AVEBAR,Avena barbata,Non-native,Grass,Moderate,Cal IPC,F6,1,F,6,SEDG,Control,rgr_l_FM,NA
F6.AVEBAR.1,AVEBAR,Avena barbata,Non-native,Grass,Moderate,Cal IPC,F6,1,F,6,SEDG,Control,rgr_l_MA,NA
F6.AVEBAR.1,AVEBAR,Avena barbata,Non-native,Grass,Moderate,Cal IPC,F6,1,F,6,SEDG,Control,rgr_l_AM,NA
F6.AVEBAR.1,AVEBAR,Avena barbata,Non-native,Grass,Moderate,Cal IPC,F6,1,F,6,SEDG,Control,rgr_l_MJ,NA
F6.AVEFAT.1,AVEFAT,Avena fatua,Non-native,Grass,Moderate,Cal IPC,F6,1,F,6,SEDG,Control,rgr_l_FM,NA
F6.AVEFAT.1,AVEFAT,Avena fatua,Non-native,Grass,Moderate,Cal IPC,F6,1,F,6,SEDG,Control,rgr_l_MA,0.0062869502342743
F6.AVEFAT.1,AVEFAT,Avena fatua,Non-native,Grass,Moderate,Cal IPC,F6,1,F,6,SEDG,Control,rgr_l_AM,NA
F6.AVEFAT.1,AVEFAT,Avena fatua,Non-native,Grass,Moderate,Cal IPC,F6,1,F,6,SEDG,Control,rgr_l_MJ,NA
F6.BRODIA.1,BRODIA,Bromus diandrus,Non-native,Grass,Moderate,Cal IPC,F6,1,F,6,SEDG,Control,rgr_l_FM,NA
F6.BRODIA.1,BRODIA,Bromus diandrus,Non-native,Grass,Moderate,Cal IPC,F6,1,F,6,SEDG,Control,rgr_l_MA,0.00691967915386728
F6.BRODIA.1,BRODIA,Bromus diandrus,Non-native,Grass,Moderate,Cal IPC,F6,1,F,6,SEDG,Control,rgr_l_AM,-0.02908484953556894
F6.BRODIA.1,BRODIA,Bromus diandrus,Non-native,Grass,Moderate,Cal IPC,F6,1,F,6,SEDG,Control,rgr_l_MJ,NA
F6.BROHOR.1,BROHOR,Bromus hordeaceaus,Non-native,Grass,Limited,Cal IPC,F6,1,F,6,SEDG,Control,rgr_l_FM,NA
F6.BROHOR.1,BROHOR,Bromus hordeaceaus,Non-native,Grass,Limited,Cal IPC,F6,1,F,6,SEDG,Control,rgr_l_MA,0.02213289262663428
F6.BROHOR.1,BROHOR,Bromus hordeaceaus,Non-native,Grass,Limited,Cal IPC,F6,1,F,6,SEDG,Control,rgr_l_AM,-0.06152755634994435
F6.BROHOR.1,BROHOR,Bromus hordeaceaus,Non-native,Grass,Limited,Cal IPC,F6,1,F,6,SEDG,Control,rgr_l_MJ,NA
F6.BROMAD.1,BROMAD,Bromus madritensis,Non-native,Grass,High,Cal IPC,F6,1,F,6,SEDG,Control,rgr_l_FM,NA
F6.BROMAD.1,BROMAD,Bromus madritensis,Non-native,Grass,High,Cal IPC,F6,1,F,6,SEDG,Control,rgr_l_MA,0.00493451184967839
F6.BROMAD.1,BROMAD,Bromus madritensis,Non-native,Grass,High,Cal IPC,F6,1,F,6,SEDG,Control,rgr_l_AM,NA
F6.BROMAD.1,BROMAD,Bromus madritensis,Non-native,Grass,High,Cal IPC,F6,1,F,6,SEDG,Control,rgr_l_MJ,NA
F6.CENMEL.1,CENMEL,Centaurea melitensis,Non-native,Forb,Moderate,Cal IPC,F6,1,F,6,SEDG,Control,rgr_l_FM,0.0216608493924983
F6.CENMEL.1,CENMEL,Centaurea melitensis,Non-native,Forb,Moderate,Cal IPC,F6,1,F,6,SEDG,Control,rgr_l_MA,0.02558404636997852
F6.CENMEL.1,CENMEL,Centaurea melitensis,Non-native,Forb,Moderate,Cal IPC,F6,1,F,6,SEDG,Control,rgr_l_AM,0.07270306222014881
F6.CENMEL.1,CENMEL,Centaurea melitensis,Non-native,Forb,Moderate,Cal IPC,F6,1,F,6,SEDG,Control,rgr_l_MJ,NA
F6.CORFIL.1,CORFIL,Corethrogyne filaginafolia,Native,Forb,Native,CalFlora,F6,1,F,6,SEDG,Control,rgr_l_FM,0.00569754864981108
F6.CORFIL.1,CORFIL,Corethrogyne filaginafolia,Native,Forb,Native,CalFlora,F6,1,F,6,SEDG,Control,rgr_l_MA,0.00531554068369856
F6.CORFIL.1,CORFIL,Corethrogyne filaginafolia,Native,Forb,Native,CalFlora,F6,1,F,6,SEDG,Control,rgr_l_AM,0.02957677316669676
F6.CORFIL.1,CORFIL,Corethrogyne filaginafolia,Native,Forb,Native,CalFlora,F6,1,F,6,SEDG,Control,rgr_l_MJ,0.02287221439345738
F6.EROCIC.1,EROCIC,Erodium cicutarium,Non-native,Forb,Non-native,CalFlora,F6,1,F,6,SEDG,Control,rgr_l_FM,0.00785357588377832
F6.EROCIC.1,EROCIC,Erodium cicutarium,Non-native,Forb,Non-native,CalFlora,F6,1,F,6,SEDG,Control,rgr_l_MA,0.02753474814544039
F6.EROCIC.1,EROCIC,Erodium cicutarium,Non-native,Forb,Non-native,CalFlora,F6,1,F,6,SEDG,Control,rgr_l_AM,0.05711721478408115
F6.EROCIC.1,EROCIC,Erodium cicutarium,Non-native,Forb,Non-native,CalFlora,F6,1,F,6,SEDG,Control,rgr_l_MJ,NA
F6.ESCCAL.1,ESCCAL,Eschscholzia californica,Native,Forb,Native,CalFlora,F6,1,F,6,SEDG,Control,rgr_l_FM,0.02335045005719439
F6.ESCCAL.1,ESCCAL,Eschscholzia californica,Native,Forb,Native,CalFlora,F6,1,F,6,SEDG,Control,rgr_l_MA,0.0145812707179322
F6.ESCCAL.1,ESCCAL,Eschscholzia californica,Native,Forb,Native,CalFlora,F6,1,F,6,SEDG,Control,rgr_l_AM,0.02149266858689964
F6.ESCCAL.1,ESCCAL,Eschscholzia californica,Native,Forb,Native,CalFlora,F6,1,F,6,SEDG,Control,rgr_l_MJ,0.02853770515268872
F6.MICCAL.1,MICCAL,Micropus californicus,Native,Forb,Native,CalFlora,F6,1,F,6,SEDG,Control,rgr_l_FM,0.06532038930575162
F6.MICCAL.1,MICCAL,Micropus californicus,Native,Forb,Native,CalFlora,F6,1,F,6,SEDG,Control,rgr_l_MA,0.03189158947355439
F6.MICCAL.1,MICCAL,Micropus californicus,Native,Forb,Native,CalFlora,F6,1,F,6,SEDG,Control,rgr_l_AM,NA
F6.MICCAL.1,MICCAL,Micropus californicus,Native,Forb,Native,CalFlora,F6,1,F,6,SEDG,Control,rgr_l_MJ,NA
F6.STIPUL.1,STIPUL,Stipa pulchra,Native,Grass,Native,CalFlora,F6,1,F,6,SEDG,Control,rgr_l_FM,NA
F6.STIPUL.1,STIPUL,Stipa pulchra,Native,Grass,Native,CalFlora,F6,1,F,6,SEDG,Control,rgr_l_MA,0
F6.STIPUL.1,STIPUL,Stipa pulchra,Native,Grass,Native,CalFlora,F6,1,F,6,SEDG,Control,rgr_l_AM,-0.00434098944747511
F6.STIPUL.1,STIPUL,Stipa pulchra,Native,Grass,Native,CalFlora,F6,1,F,6,SEDG,Control,rgr_l_MJ,0.01072479745846792
F7.AMSMEN.1,AMSMEN,Amsinckia menziesii,Native,Forb,Native,CalFlora,F7,1,F,7,WWP,Control,rgr_l_FM,0.00569754864981107
F7.AMSMEN.1,AMSMEN,Amsinckia menziesii,Native,Forb,Native,CalFlora,F7,1,F,7,WWP,Control,rgr_l_MA,NA
F7.AMSMEN.1,AMSMEN,Amsinckia menziesii,Native,Forb,Native,CalFlora,F7,1,F,7,WWP,Control,rgr_l_AM,NA
F7.AMSMEN.1,AMSMEN,Amsinckia menziesii,Native,Forb,Native,CalFlora,F7,1,F,7,WWP,Control,rgr_l_MJ,NA
F7.AVEBAR.1,AVEBAR,Avena barbata,Non-native,Grass,Moderate,Cal IPC,F7,1,F,7,WWP,Control,rgr_l_FM,NA
F7.AVEBAR.1,AVEBAR,Avena barbata,Non-native,Grass,Moderate,Cal IPC,F7,1,F,7,WWP,Control,rgr_l_MA,0.02503231046148055
F7.AVEBAR.1,AVEBAR,Avena barbata,Non-native,Grass,Moderate,Cal IPC,F7,1,F,7,WWP,Control,rgr_l_AM,-0.03815146470576295
F7.AVEBAR.1,AVEBAR,Avena barbata,Non-native,Grass,Moderate,Cal IPC,F7,1,F,7,WWP,Control,rgr_l_MJ,NA
F7.BROARE.1,BROARE,Bromus arenarius,Non-native,Grass,Non-native,CalFlora,F7,1,F,7,WWP,Control,rgr_l_FM,NA
F7.BROARE.1,BROARE,Bromus arenarius,Non-native,Grass,Non-native,CalFlora,F7,1,F,7,WWP,Control,rgr_l_MA,0.01620702169812881
F7.BROARE.1,BROARE,Bromus arenarius,Non-native,Grass,Non-native,CalFlora,F7,1,F,7,WWP,Control,rgr_l_AM,NA
F7.BROARE.1,BROARE,Bromus arenarius,Non-native,Grass,Non-native,CalFlora,F7,1,F,7,WWP,Control,rgr_l_MJ,NA
F7.BRODIA.1,BRODIA,Bromus diandrus,Non-native,Grass,Moderate,Cal IPC,F7,1,F,7,WWP,Control,rgr_l_FM,NA
F7.BRODIA.1,BRODIA,Bromus diandrus,Non-native,Grass,Moderate,Cal IPC,F7,1,F,7,WWP,Control,rgr_l_MA,-0.03205296409048881
F7.BRODIA.1,BRODIA,Bromus diandrus,Non-native,Grass,Moderate,Cal IPC,F7,1,F,7,WWP,Control,rgr_l_AM,-0.00386759036866684
F7.BRODIA.1,BRODIA,Bromus diandrus,Non-native,Grass,Moderate,Cal IPC,F7,1,F,7,WWP,Control,rgr_l_MJ,NA
F7.BROMAD.1,BROMAD,Bromus madritensis,Non-native,Grass,High,Cal IPC,F7,1,F,7,WWP,Control,rgr_l_FM,NA
F7.BROMAD.1,BROMAD,Bromus madritensis,Non-native,Grass,High,Cal IPC,F7,1,F,7,WWP,Control,rgr_l_MA,0.00769460521773137
F7.BROMAD.1,BROMAD,Bromus madritensis,Non-native,Grass,High,Cal IPC,F7,1,F,7,WWP,Control,rgr_l_AM,NA
F7.BROMAD.1,BROMAD,Bromus madritensis,Non-native,Grass,High,Cal IPC,F7,1,F,7,WWP,Control,rgr_l_MJ,NA
F7.PHATAN.1,PHATAN,Phacelia tanacetifolia,Native,Forb,Native,CalFlora,F7,1,F,7,WWP,Control,rgr_l_FM,0
F7.PHATAN.1,PHATAN,Phacelia tanacetifolia,Native,Forb,Native,CalFlora,F7,1,F,7,WWP,Control,rgr_l_MA,NA
F7.PHATAN.1,PHATAN,Phacelia tanacetifolia,Native,Forb,Native,CalFlora,F7,1,F,7,WWP,Control,rgr_l_AM,NA
F7.PHATAN.1,PHATAN,Phacelia tanacetifolia,Native,Forb,Native,CalFlora,F7,1,F,7,WWP,Control,rgr_l_MJ,NA
F8.AVEBAR.1,AVEBAR,Avena barbata,Non-native,Grass,Moderate,Cal IPC,F8,1,F,8,BORR,Control,rgr_l_FM,NA
F8.AVEBAR.1,AVEBAR,Avena barbata,Non-native,Grass,Moderate,Cal IPC,F8,1,F,8,BORR,Control,rgr_l_MA,0.00526855019688062
F8.AVEBAR.1,AVEBAR,Avena barbata,Non-native,Grass,Moderate,Cal IPC,F8,1,F,8,BORR,Control,rgr_l_AM,-0.03066420894780122
F8.AVEBAR.1,AVEBAR,Avena barbata,Non-native,Grass,Moderate,Cal IPC,F8,1,F,8,BORR,Control,rgr_l_MJ,NA
F8.BRODIA.1,BRODIA,Bromus diandrus,Non-native,Grass,Moderate,Cal IPC,F8,1,F,8,BORR,Control,rgr_l_FM,NA
F8.BRODIA.1,BRODIA,Bromus diandrus,Non-native,Grass,Moderate,Cal IPC,F8,1,F,8,BORR,Control,rgr_l_MA,0.01364054357483978
F8.BRODIA.1,BRODIA,Bromus diandrus,Non-native,Grass,Moderate,Cal IPC,F8,1,F,8,BORR,Control,rgr_l_AM,-0.02902630208065703
F8.BRODIA.1,BRODIA,Bromus diandrus,Non-native,Grass,Moderate,Cal IPC,F8,1,F,8,BORR,Control,rgr_l_MJ,NA
F8.BROHOR.1,BROHOR,Bromus hordeaceaus,Non-native,Grass,Limited,Cal IPC,F8,1,F,8,BORR,Control,rgr_l_FM,NA
F8.BROHOR.1,BROHOR,Bromus hordeaceaus,Non-native,Grass,Limited,Cal IPC,F8,1,F,8,BORR,Control,rgr_l_MA,0.0216804442374875
F8.BROHOR.1,BROHOR,Bromus hordeaceaus,Non-native,Grass,Limited,Cal IPC,F8,1,F,8,BORR,Control,rgr_l_AM,-0.02041555392029573
F8.BROHOR.1,BROHOR,Bromus hordeaceaus,Non-native,Grass,Limited,Cal IPC,F8,1,F,8,BORR,Control,rgr_l_MJ,NA
F8.CLAPUR.1,CLAPUR,Clarkia purpurea,Native,Forb,Native,CalFlora,F8,1,F,8,BORR,Control,rgr_l_FM,0.06080969215797854
F8.CLAPUR.1,CLAPUR,Clarkia purpurea,Native,Forb,Native,CalFlora,F8,1,F,8,BORR,Control,rgr_l_MA,0.03354102544016696
F8.CLAPUR.1,CLAPUR,Clarkia purpurea,Native,Forb,Native,CalFlora,F8,1,F,8,BORR,Control,rgr_l_AM,-0.05384946391054611
F8.CLAPUR.1,CLAPUR,Clarkia purpurea,Native,Forb,Native,CalFlora,F8,1,F,8,BORR,Control,rgr_l_MJ,NA
F8.EROBOT.1,EROBOT,Erodium botrys,Non-native,Forb,Non-native,CalFlora,F8,1,F,8,BORR,Control,rgr_l_FM,0.00969234150949498
F8.EROBOT.1,EROBOT,Erodium botrys,Non-native,Forb,Non-native,CalFlora,F8,1,F,8,BORR,Control,rgr_l_MA,0.01774343022320232
F8.EROBOT.1,EROBOT,Erodium botrys,Non-native,Forb,Non-native,CalFlora,F8,1,F,8,BORR,Control,rgr_l_AM,0.03722979727474799
F8.EROBOT.1,EROBOT,Erodium botrys,Non-native,Forb,Non-native,CalFlora,F8,1,F,8,BORR,Control,rgr_l_MJ,NA
F8.GERDIS.1,GERDIS,Geranium dissectum,Non-native,Forb,Limited,Cal IPC,F8,1,F,8,BORR,Control,rgr_l_FM,0.01748799337298195
F8.GERDIS.1,GERDIS,Geranium dissectum,Non-native,Forb,Limited,Cal IPC,F8,1,F,8,BORR,Control,rgr_l_MA,0.01738698389460281
F8.GERDIS.1,GERDIS,Geranium dissectum,Non-native,Forb,Limited,Cal IPC,F8,1,F,8,BORR,Control,rgr_l_AM,NA
F8.GERDIS.1,GERDIS,Geranium dissectum,Non-native,Forb,Limited,Cal IPC,F8,1,F,8,BORR,Control,rgr_l_MJ,NA
F8.MADGRA.1,MADGRA,Madia gracilis,Native,Forb,Native,CalFlora,F8,1,F,8,BORR,Control,rgr_l_FM,0.01267078462838013
F8.MADGRA.1,MADGRA,Madia gracilis,Native,Forb,Native,CalFlora,F8,1,F,8,BORR,Control,rgr_l_MA,0.035439106086068053
F8.MADGRA.1,MADGRA,Madia gracilis,Native,Forb,Native,CalFlora,F8,1,F,8,BORR,Control,rgr_l_AM,0.05636986072894243
F8.MADGRA.1,MADGRA,Madia gracilis,Native,Forb,Native,CalFlora,F8,1,F,8,BORR,Control,rgr_l_MJ,NA
F8.TORARV.1,TORARV,Torilis arvensis,Non-native,Forb,Moderate,Cal IPC,F8,1,F,8,BORR,Control,rgr_l_FM,0.00899006476411815
F8.TORARV.1,TORARV,Torilis arvensis,Non-native,Forb,Moderate,Cal IPC,F8,1,F,8,BORR,Control,rgr_l_MA,-0.00928006685328325
F8.TORARV.1,TORARV,Torilis arvensis,Non-native,Forb,Moderate,Cal IPC,F8,1,F,8,BORR,Control,rgr_l_AM,0.04471917293935131
F8.TORARV.1,TORARV,Torilis arvensis,Non-native,Forb,Moderate,Cal IPC,F8,1,F,8,BORR,Control,rgr_l_MJ,NA
F8.TRIHIR.1,TRIHIR,Trifolium hirtum,Non-native,Forb,Limited,Cal IPC,F8,1,F,8,BORR,Control,rgr_l_FM,0.00899006476411815
F8.TRIHIR.1,TRIHIR,Trifolium hirtum,Non-native,Forb,Limited,Cal IPC,F8,1,F,8,BORR,Control,rgr_l_MA,0.00719817907465192
F8.TRIHIR.1,TRIHIR,Trifolium hirtum,Non-native,Forb,Limited,Cal IPC,F8,1,F,8,BORR,Control,rgr_l_AM,0.01433626011956388
F8.TRIHIR.1,TRIHIR,Trifolium hirtum,Non-native,Forb,Limited,Cal IPC,F8,1,F,8,BORR,Control,rgr_l_MJ,NA
F8.VICSAT.1,VICSAT,Vicia sativa,Non-native,Forb,Non-native,CalFlora,F8,1,F,8,BORR,Control,rgr_l_FM,0.01964402060694919
F8.VICSAT.1,VICSAT,Vicia sativa,Non-native,Forb,Non-native,CalFlora,F8,1,F,8,BORR,Control,rgr_l_MA,0.00307452192917176
F8.VICSAT.1,VICSAT,Vicia sativa,Non-native,Forb,Non-native,CalFlora,F8,1,F,8,BORR,Control,rgr_l_AM,NA
F8.VICSAT.1,VICSAT,Vicia sativa,Non-native,Forb,Non-native,CalFlora,F8,1,F,8,BORR,Control,rgr_l_MJ,NA
G1.BROHOR.1,BROHOR,Bromus hordeaceaus,Non-native,Grass,Limited,Cal IPC,G1,2,G,1,BORR,Control,rgr_l_FM,NA
G1.BROHOR.1,BROHOR,Bromus hordeaceaus,Non-native,Grass,Limited,Cal IPC,G1,2,G,1,BORR,Control,rgr_l_MA,-0.00274842169162096
G1.BROHOR.1,BROHOR,Bromus hordeaceaus,Non-native,Grass,Limited,Cal IPC,G1,2,G,1,BORR,Control,rgr_l_AM,NA
G1.BROHOR.1,BROHOR,Bromus hordeaceaus,Non-native,Grass,Limited,Cal IPC,G1,2,G,1,BORR,Control,rgr_l_MJ,NA
G1.DAUPUS.1,DAUPUS,Daucus pusillus,Native,Forb,Native,CalFlora,G1,2,G,1,BORR,Control,rgr_l_FM,0.01647824592793518
G1.DAUPUS.1,DAUPUS,Daucus pusillus,Native,Forb,Native,CalFlora,G1,2,G,1,BORR,Control,rgr_l_MA,-0.00858244428131575
G1.DAUPUS.1,DAUPUS,Daucus pusillus,Native,Forb,Native,CalFlora,G1,2,G,1,BORR,Control,rgr_l_AM,0.01748799337298195
G1.DAUPUS.1,DAUPUS,Daucus pusillus,Native,Forb,Native,CalFlora,G1,2,G,1,BORR,Control,rgr_l_MJ,NA
G1.EROBOT.1,EROBOT,Erodium botrys,Non-native,Forb,Non-native,CalFlora,G1,2,G,1,BORR,Control,rgr_l_FM,0
G1.EROBOT.1,EROBOT,Erodium botrys,Non-native,Forb,Non-native,CalFlora,G1,2,G,1,BORR,Control,rgr_l_MA,0.01807706266329751
G1.EROBOT.1,EROBOT,Erodium botrys,Non-native,Forb,Non-native,CalFlora,G1,2,G,1,BORR,Control,rgr_l_AM,NA
G1.EROBOT.1,EROBOT,Erodium botrys,Non-native,Forb,Non-native,CalFlora,G1,2,G,1,BORR,Control,rgr_l_MJ,NA
G1.GERDIS.1,GERDIS,Geranium dissectum,Non-native,Forb,Limited,Cal IPC,G1,2,G,1,BORR,Control,rgr_l_FM,0.01805212219146524
G1.GERDIS.1,GERDIS,Geranium dissectum,Non-native,Forb,Limited,Cal IPC,G1,2,G,1,BORR,Control,rgr_l_MA,-0.00592887230104839
G1.GERDIS.1,GERDIS,Geranium dissectum,Non-native,Forb,Limited,Cal IPC,G1,2,G,1,BORR,Control,rgr_l_AM,NA
G1.GERDIS.1,GERDIS,Geranium dissectum,Non-native,Forb,Limited,Cal IPC,G1,2,G,1,BORR,Control,rgr_l_MJ,NA
G1.LUPBIC.1,LUPBIC,Lupinus bicolor,Native,Forb,Native,CalFlora,G1,2,G,1,BORR,Control,rgr_l_FM,Inf
G1.LUPBIC.1,LUPBIC,Lupinus bicolor,Native,Forb,Native,CalFlora,G1,2,G,1,BORR,Control,rgr_l_MA,-0.00592887230104839
G1.LUPBIC.1,LUPBIC,Lupinus bicolor,Native,Forb,Native,CalFlora,G1,2,G,1,BORR,Control,rgr_l_AM,NA
G1.LUPBIC.1,LUPBIC,Lupinus bicolor,Native,Forb,Native,CalFlora,G1,2,G,1,BORR,Control,rgr_l_MJ,NA
G1.TORARV.1,TORARV,Torilis arvensis,Non-native,Forb,Moderate,Cal IPC,G1,2,G,1,BORR,Control,rgr_l_FM,0.02235958646967565
G1.TORARV.1,TORARV,Torilis arvensis,Non-native,Forb,Moderate,Cal IPC,G1,2,G,1,BORR,Control,rgr_l_MA,0.00592887230104839
G1.TORARV.1,TORARV,Torilis arvensis,Non-native,Forb,Moderate,Cal IPC,G1,2,G,1,BORR,Control,rgr_l_AM,0.05199005640144102
G1.TORARV.1,TORARV,Torilis arvensis,Non-native,Forb,Moderate,Cal IPC,G1,2,G,1,BORR,Control,rgr_l_MJ,NA
G1.TRIHIR.1,TRIHIR,Trifolium hirtum,Non-native,Forb,Limited,Cal IPC,G1,2,G,1,BORR,Control,rgr_l_FM,0.02235958646967565
G1.TRIHIR.1,TRIHIR,Trifolium hirtum,Non-native,Forb,Limited,Cal IPC,G1,2,G,1,BORR,Control,rgr_l_MA,0.04225431879492729
G1.TRIHIR.1,TRIHIR,Trifolium hirtum,Non-native,Forb,Limited,Cal IPC,G1,2,G,1,BORR,Control,rgr_l_AM,NA
G1.TRIHIR.1,TRIHIR,Trifolium hirtum,Non-native,Forb,Limited,Cal IPC,G1,2,G,1,BORR,Control,rgr_l_MJ,NA
G2.AVEBAR.1,AVEBAR,Avena barbata,Non-native,Grass,Moderate,Cal IPC,G2,2,G,2,MCL,Control,rgr_l_FM,NA
G2.AVEBAR.1,AVEBAR,Avena barbata,Non-native,Grass,Moderate,Cal IPC,G2,2,G,2,MCL,Control,rgr_l_MA,0.01051128211537235
G2.AVEBAR.1,AVEBAR,Avena barbata,Non-native,Grass,Moderate,Cal IPC,G2,2,G,2,MCL,Control,rgr_l_AM,-0.02765077923424663
G2.AVEBAR.1,AVEBAR,Avena barbata,Non-native,Grass,Moderate,Cal IPC,G2,2,G,2,MCL,Control,rgr_l_MJ,NA
G2.BRODIA.1,BRODIA,Bromus diandrus,Non-native,Grass,Moderate,Cal IPC,G2,2,G,2,MCL,Control,rgr_l_FM,NA
G2.BRODIA.1,BRODIA,Bromus diandrus,Non-native,Grass,Moderate,Cal IPC,G2,2,G,2,MCL,Control,rgr_l_MA,0.02437399077265941
G2.BRODIA.1,BRODIA,Bromus diandrus,Non-native,Grass,Moderate,Cal IPC,G2,2,G,2,MCL,Control,rgr_l_AM,NA
G2.BRODIA.1,BRODIA,Bromus diandrus,Non-native,Grass,Moderate,Cal IPC,G2,2,G,2,MCL,Control,rgr_l_MJ,NA
G2.BROHOR.1,BROHOR,Bromus hordeaceaus,Non-native,Grass,Limited,Cal IPC,G2,2,G,2,MCL,Control,rgr_l_FM,NA
G2.BROHOR.1,BROHOR,Bromus hordeaceaus,Non-native,Grass,Limited,Cal IPC,G2,2,G,2,MCL,Control,rgr_l_MA,0.00592887230104838
G2.BROHOR.1,BROHOR,Bromus hordeaceaus,Non-native,Grass,Limited,Cal IPC,G2,2,G,2,MCL,Control,rgr_l_AM,NA
G2.BROHOR.1,BROHOR,Bromus hordeaceaus,Non-native,Grass,Limited,Cal IPC,G2,2,G,2,MCL,Control,rgr_l_MJ,NA
G2.BROMAD.1,BROMAD,Bromus madritensis,Non-native,Grass,High,Cal IPC,G2,2,G,2,MCL,Control,rgr_l_FM,NA
G2.BROMAD.1,BROMAD,Bromus madritensis,Non-native,Grass,High,Cal IPC,G2,2,G,2,MCL,Control,rgr_l_MA,0
G2.BROMAD.1,BROMAD,Bromus madritensis,Non-native,Grass,High,Cal IPC,G2,2,G,2,MCL,Control,rgr_l_AM,NA
G2.BROMAD.1,BROMAD,Bromus madritensis,Non-native,Grass,High,Cal IPC,G2,2,G,2,MCL,Control,rgr_l_MJ,NA
G2.ELYCAP.1,ELYCAP,Elymus caput-medusae,Non-native,Grass,High,Cal IPC,G2,2,G,2,MCL,Control,rgr_l_FM,0.04914501556881857
G2.ELYCAP.1,ELYCAP,Elymus caput-medusae,Non-native,Grass,High,Cal IPC,G2,2,G,2,MCL,Control,rgr_l_MA,0.03300872811228439
G2.ELYCAP.1,ELYCAP,Elymus caput-medusae,Non-native,Grass,High,Cal IPC,G2,2,G,2,MCL,Control,rgr_l_AM,-0.04266341109290876
G2.ELYCAP.1,ELYCAP,Elymus caput-medusae,Non-native,Grass,High,Cal IPC,G2,2,G,2,MCL,Control,rgr_l_MJ,NA
G2.MICCAL.1,MICCAL,Micropus californicus,Native,Forb,Native,CalFlora,G2,2,G,2,MCL,Control,rgr_l_FM,0.04499139450857275
G2.MICCAL.1,MICCAL,Micropus californicus,Native,Forb,Native,CalFlora,G2,2,G,2,MCL,Control,rgr_l_MA,0.02714128616842789
G2.MICCAL.1,MICCAL,Micropus californicus,Native,Forb,Native,CalFlora,G2,2,G,2,MCL,Control,rgr_l_AM,NA
G2.MICCAL.1,MICCAL,Micropus californicus,Native,Forb,Native,CalFlora,G2,2,G,2,MCL,Control,rgr_l_MJ,NA
G2.PLAERE.1,PLAERE,Plantago erecta,Native,Forb,Native,CalFlora,G2,2,G,2,MCL,Control,rgr_l_FM,0.03335721830743672
G2.PLAERE.1,PLAERE,Plantago erecta,Native,Forb,Native,CalFlora,G2,2,G,2,MCL,Control,rgr_l_MA,0.02665950694461328
G2.PLAERE.1,PLAERE,Plantago erecta,Native,Forb,Native,CalFlora,G2,2,G,2,MCL,Control,rgr_l_AM,NA
G2.PLAERE.1,PLAERE,Plantago erecta,Native,Forb,Native,CalFlora,G2,2,G,2,MCL,Control,rgr_l_MJ,NA
G2.TRIHIR.1,TRIHIR,Trifolium hirtum,Non-native,Forb,Limited,Cal IPC,G2,2,G,2,MCL,Control,rgr_l_FM,0.03802112891424665
G2.TRIHIR.1,TRIHIR,Trifolium hirtum,Non-native,Forb,Limited,Cal IPC,G2,2,G,2,MCL,Control,rgr_l_MA,0.02811105802087663
G2.TRIHIR.1,TRIHIR,Trifolium hirtum,Non-native,Forb,Limited,Cal IPC,G2,2,G,2,MCL,Control,rgr_l_AM,0.00716093287817943
G2.TRIHIR.1,TRIHIR,Trifolium hirtum,Non-native,Forb,Limited,Cal IPC,G2,2,G,2,MCL,Control,rgr_l_MJ,NA
G3.AVEBAR.1,AVEBAR,Avena barbata,Non-native,Grass,Moderate,Cal IPC,G3,2,G,3,SEDG,Control,rgr_l_FM,NA
G3.AVEBAR.1,AVEBAR,Avena barbata,Non-native,Grass,Moderate,Cal IPC,G3,2,G,3,SEDG,Control,rgr_l_MA,NA
G3.AVEBAR.1,AVEBAR,Avena barbata,Non-native,Grass,Moderate,Cal IPC,G3,2,G,3,SEDG,Control,rgr_l_AM,NA
G3.AVEBAR.1,AVEBAR,Avena barbata,Non-native,Grass,Moderate,Cal IPC,G3,2,G,3,SEDG,Control,rgr_l_MJ,NA
G3.AVEFAT.1,AVEFAT,Avena fatua,Non-native,Grass,Moderate,Cal IPC,G3,2,G,3,SEDG,Control,rgr_l_FM,NA
G3.AVEFAT.1,AVEFAT,Avena fatua,Non-native,Grass,Moderate,Cal IPC,G3,2,G,3,SEDG,Control,rgr_l_MA,0.01738404322088681
G3.AVEFAT.1,AVEFAT,Avena fatua,Non-native,Grass,Moderate,Cal IPC,G3,2,G,3,SEDG,Control,rgr_l_AM,NA
G3.AVEFAT.1,AVEFAT,Avena fatua,Non-native,Grass,Moderate,Cal IPC,G3,2,G,3,SEDG,Control,rgr_l_MJ,NA
G3.BRODIA.1,BRODIA,Bromus diandrus,Non-native,Grass,Moderate,Cal IPC,G3,2,G,3,SEDG,Control,rgr_l_FM,NA
G3.BRODIA.1,BRODIA,Bromus diandrus,Non-native,Grass,Moderate,Cal IPC,G3,2,G,3,SEDG,Control,rgr_l_MA,0.01649983098147533
G3.BRODIA.1,BRODIA,Bromus diandrus,Non-native,Grass,Moderate,Cal IPC,G3,2,G,3,SEDG,Control,rgr_l_AM,-0.0314802831113691
G3.BRODIA.1,BRODIA,Bromus diandrus,Non-native,Grass,Moderate,Cal IPC,G3,2,G,3,SEDG,Control,rgr_l_MJ,NA
G3.BROHOR.1,BROHOR,Bromus hordeaceaus,Non-native,Grass,Limited,Cal IPC,G3,2,G,3,SEDG,Control,rgr_l_FM,NA
G3.BROHOR.1,BROHOR,Bromus hordeaceaus,Non-native,Grass,Limited,Cal IPC,G3,2,G,3,SEDG,Control,rgr_l_MA,0.015594811850314
G3.BROHOR.1,BROHOR,Bromus hordeaceaus,Non-native,Grass,Limited,Cal IPC,G3,2,G,3,SEDG,Control,rgr_l_AM,NA
G3.BROHOR.1,BROHOR,Bromus hordeaceaus,Non-native,Grass,Limited,Cal IPC,G3,2,G,3,SEDG,Control,rgr_l_MJ,NA
G3.BROMAD.1,BROMAD,Bromus madritensis,Non-native,Grass,High,Cal IPC,G3,2,G,3,SEDG,Control,rgr_l_FM,NA
G3.BROMAD.1,BROMAD,Bromus madritensis,Non-native,Grass,High,Cal IPC,G3,2,G,3,SEDG,Control,rgr_l_MA,0.00207950851039522
G3.BROMAD.1,BROMAD,Bromus madritensis,Non-native,Grass,High,Cal IPC,G3,2,G,3,SEDG,Control,rgr_l_AM,NA
G3.BROMAD.1,BROMAD,Bromus madritensis,Non-native,Grass,High,Cal IPC,G3,2,G,3,SEDG,Control,rgr_l_MJ,NA
G3.CENMEL.1,CENMEL,Centaurea melitensis,Non-native,Forb,Moderate,Cal IPC,G3,2,G,3,SEDG,Control,rgr_l_FM,0.01516140739502372
G3.CENMEL.1,CENMEL,Centaurea melitensis,Non-native,Forb,Moderate,Cal IPC,G3,2,G,3,SEDG,Control,rgr_l_MA,0.00453011675601476
G3.CENMEL.1,CENMEL,Centaurea melitensis,Non-native,Forb,Moderate,Cal IPC,G3,2,G,3,SEDG,Control,rgr_l_AM,0.05712897229371656
G3.CENMEL.1,CENMEL,Centaurea melitensis,Non-native,Forb,Moderate,Cal IPC,G3,2,G,3,SEDG,Control,rgr_l_MJ,NA
G3.CORFIL.1,CORFIL,Corethrogyne filaginafolia,Native,Forb,Native,CalFlora,G3,2,G,3,SEDG,Control,rgr_l_FM,0.0130795196163924
G3.CORFIL.1,CORFIL,Corethrogyne filaginafolia,Native,Forb,Native,CalFlora,G3,2,G,3,SEDG,Control,rgr_l_MA,0.01559481185031402
G3.CORFIL.1,CORFIL,Corethrogyne filaginafolia,Native,Forb,Native,CalFlora,G3,2,G,3,SEDG,Control,rgr_l_AM,0.0185601337065665
G3.CORFIL.1,CORFIL,Corethrogyne filaginafolia,Native,Forb,Native,CalFlora,G3,2,G,3,SEDG,Control,rgr_l_MJ,0.01538921043546274
G3.EROCIC.1,EROCIC,Erodium cicutarium,Non-native,Forb,Non-native,CalFlora,G3,2,G,3,SEDG,Control,rgr_l_FM,0.02393346273320571
G3.EROCIC.1,EROCIC,Erodium cicutarium,Non-native,Forb,Non-native,CalFlora,G3,2,G,3,SEDG,Control,rgr_l_MA,0.0228101431539601
G3.EROCIC.1,EROCIC,Erodium cicutarium,Non-native,Forb,Non-native,CalFlora,G3,2,G,3,SEDG,Control,rgr_l_AM,0.01802054749871556
G3.EROCIC.1,EROCIC,Erodium cicutarium,Non-native,Forb,Non-native,CalFlora,G3,2,G,3,SEDG,Control,rgr_l_MJ,NA
G3.MICCAL.1,MICCAL,Micropus californicus,Native,Forb,Native,CalFlora,G3,2,G,3,SEDG,Control,rgr_l_FM,0.07765868239708472
G3.MICCAL.1,MICCAL,Micropus californicus,Native,Forb,Native,CalFlora,G3,2,G,3,SEDG,Control,rgr_l_MA,0.04968967691044637
G3.MICCAL.1,MICCAL,Micropus californicus,Native,Forb,Native,CalFlora,G3,2,G,3,SEDG,Control,rgr_l_AM,NA
G3.MICCAL.1,MICCAL,Micropus californicus,Native,Forb,Native,CalFlora,G3,2,G,3,SEDG,Control,rgr_l_MJ,NA
G3.STIPUL.1,STIPUL,Stipa pulchra,Native,Grass,Native,CalFlora,G3,2,G,3,SEDG,Control,rgr_l_FM,NA
G3.STIPUL.1,STIPUL,Stipa pulchra,Native,Grass,Native,CalFlora,G3,2,G,3,SEDG,Control,rgr_l_MA,-0.00701236756899825
G3.STIPUL.1,STIPUL,Stipa pulchra,Native,Grass,Native,CalFlora,G3,2,G,3,SEDG,Control,rgr_l_AM,0.00782493573537704
G3.STIPUL.1,STIPUL,Stipa pulchra,Native,Grass,Native,CalFlora,G3,2,G,3,SEDG,Control,rgr_l_MJ,-0.00906768704866225
G4.AMSMEN.1,AMSMEN,Amsinckia menziesii,Native,Forb,Native,CalFlora,G4,2,G,4,WWP,Control,rgr_l_FM,0.01208688546585195
G4.AMSMEN.1,AMSMEN,Amsinckia menziesii,Native,Forb,Native,CalFlora,G4,2,G,4,WWP,Control,rgr_l_MA,0.03118962370062803
G4.AMSMEN.1,AMSMEN,Amsinckia menziesii,Native,Forb,Native,CalFlora,G4,2,G,4,WWP,Control,rgr_l_AM,NA
G4.AMSMEN.1,AMSMEN,Amsinckia menziesii,Native,Forb,Native,CalFlora,G4,2,G,4,WWP,Control,rgr_l_MJ,NA
G4.BRODIA.1,BRODIA,Bromus diandrus,Non-native,Grass,Moderate,Cal IPC,G4,2,G,4,WWP,Control,rgr_l_FM,NA
G4.BRODIA.1,BRODIA,Bromus diandrus,Non-native,Grass,Moderate,Cal IPC,G4,2,G,4,WWP,Control,rgr_l_MA,0.01455524752770173
G4.BRODIA.1,BRODIA,Bromus diandrus,Non-native,Grass,Moderate,Cal IPC,G4,2,G,4,WWP,Control,rgr_l_AM,-0.01934503630681519
G4.BRODIA.1,BRODIA,Bromus diandrus,Non-native,Grass,Moderate,Cal IPC,G4,2,G,4,WWP,Control,rgr_l_MJ,NA
G4.BROMAD.1,BROMAD,Bromus madritensis,Non-native,Grass,High,Cal IPC,G4,2,G,4,WWP,Control,rgr_l_FM,NA
G4.BROMAD.1,BROMAD,Bromus madritensis,Non-native,Grass,High,Cal IPC,G4,2,G,4,WWP,Control,rgr_l_MA,0.01106469509429926
G4.BROMAD.1,BROMAD,Bromus madritensis,Non-native,Grass,High,Cal IPC,G4,2,G,4,WWP,Control,rgr_l_AM,NA
G4.BROMAD.1,BROMAD,Bromus madritensis,Non-native,Grass,High,Cal IPC,G4,2,G,4,WWP,Control,rgr_l_MJ,NA
G5.AVEBAR.1,AVEBAR,Avena barbata,Non-native,Grass,Moderate,Cal IPC,G5,2,G,5,MCL,Control,rgr_l_FM,NA
G5.AVEBAR.1,AVEBAR,Avena barbata,Non-native,Grass,Moderate,Cal IPC,G5,2,G,5,MCL,Control,rgr_l_MA,-0.00600016340294541
G5.AVEBAR.1,AVEBAR,Avena barbata,Non-native,Grass,Moderate,Cal IPC,G5,2,G,5,MCL,Control,rgr_l_AM,-0.0261835566719869
G5.AVEBAR.1,AVEBAR,Avena barbata,Non-native,Grass,Moderate,Cal IPC,G5,2,G,5,MCL,Control,rgr_l_MJ,NA
G5.BRODIA.1,BRODIA,Bromus diandrus,Non-native,Grass,Moderate,Cal IPC,G5,2,G,5,MCL,Control,rgr_l_FM,NA
G5.BRODIA.1,BRODIA,Bromus diandrus,Non-native,Grass,Moderate,Cal IPC,G5,2,G,5,MCL,Control,rgr_l_MA,0.00951569897360925
G5.BRODIA.1,BRODIA,Bromus diandrus,Non-native,Grass,Moderate,Cal IPC,G5,2,G,5,MCL,Control,rgr_l_AM,-0.03994396628706868
G5.BRODIA.1,BRODIA,Bromus diandrus,Non-native,Grass,Moderate,Cal IPC,G5,2,G,5,MCL,Control,rgr_l_MJ,NA
G5.BROHOR.1,BROHOR,Bromus hordeaceaus,Non-native,Grass,Limited,Cal IPC,G5,2,G,5,MCL,Control,rgr_l_FM,NA
G5.BROHOR.1,BROHOR,Bromus hordeaceaus,Non-native,Grass,Limited,Cal IPC,G5,2,G,5,MCL,Control,rgr_l_MA,0
G5.BROHOR.1,BROHOR,Bromus hordeaceaus,Non-native,Grass,Limited,Cal IPC,G5,2,G,5,MCL,Control,rgr_l_AM,NA
G5.BROHOR.1,BROHOR,Bromus hordeaceaus,Non-native,Grass,Limited,Cal IPC,G5,2,G,5,MCL,Control,rgr_l_MJ,NA
G5.BROMAD.1,BROMAD,Bromus madritensis,Non-native,Grass,High,Cal IPC,G5,2,G,5,MCL,Control,rgr_l_FM,NA
G5.BROMAD.1,BROMAD,Bromus madritensis,Non-native,Grass,High,Cal IPC,G5,2,G,5,MCL,Control,rgr_l_MA,0
G5.BROMAD.1,BROMAD,Bromus madritensis,Non-native,Grass,High,Cal IPC,G5,2,G,5,MCL,Control,rgr_l_AM,NA
G5.BROMAD.1,BROMAD,Bromus madritensis,Non-native,Grass,High,Cal IPC,G5,2,G,5,MCL,Control,rgr_l_MJ,NA
G5.ELYCAP.1,ELYCAP,Elymus caput-medusae,Non-native,Grass,High,Cal IPC,G5,2,G,5,MCL,Control,rgr_l_FM,0.05072247228237907
G5.ELYCAP.1,ELYCAP,Elymus caput-medusae,Non-native,Grass,High,Cal IPC,G5,2,G,5,MCL,Control,rgr_l_MA,0.01631374004308912
G5.ELYCAP.1,ELYCAP,Elymus caput-medusae,Non-native,Grass,High,Cal IPC,G5,2,G,5,MCL,Control,rgr_l_AM,-0.03807892221015178
G5.ELYCAP.1,ELYCAP,Elymus caput-medusae,Non-native,Grass,High,Cal IPC,G5,2,G,5,MCL,Control,rgr_l_MJ,NA
G5.EROCIC.1,EROCIC,Erodium cicutarium,Non-native,Forb,Non-native,CalFlora,G5,2,G,5,MCL,Control,rgr_l_FM,NA
G5.EROCIC.1,EROCIC,Erodium cicutarium,Non-native,Forb,Non-native,CalFlora,G5,2,G,5,MCL,Control,rgr_l_MA,NA
G5.EROCIC.1,EROCIC,Erodium cicutarium,Non-native,Forb,Non-native,CalFlora,G5,2,G,5,MCL,Control,rgr_l_AM,NA
G5.EROCIC.1,EROCIC,Erodium cicutarium,Non-native,Forb,Non-native,CalFlora,G5,2,G,5,MCL,Control,rgr_l_MJ,NA
G5.HOLVIR.1,HOLVIR,Holocarpha virgata,Native,Forb,Native,CalFlora,G5,2,G,5,MCL,Control,rgr_l_FM,0.035439106086068053
G5.HOLVIR.1,HOLVIR,Holocarpha virgata,Native,Forb,Native,CalFlora,G5,2,G,5,MCL,Control,rgr_l_MA,0.01106469509429926
G5.HOLVIR.1,HOLVIR,Holocarpha virgata,Native,Forb,Native,CalFlora,G5,2,G,5,MCL,Control,rgr_l_AM,0.10028875233044011
G5.HOLVIR.1,HOLVIR,Holocarpha virgata,Native,Forb,Native,CalFlora,G5,2,G,5,MCL,Control,rgr_l_MJ,0.0721823880072367
G5.MICCAL.1,MICCAL,Micropus californicus,Native,Forb,Native,CalFlora,G5,2,G,5,MCL,Control,rgr_l_FM,0.04177240588811816
G5.MICCAL.1,MICCAL,Micropus californicus,Native,Forb,Native,CalFlora,G5,2,G,5,MCL,Control,rgr_l_MA,0.02433301611843439
G5.MICCAL.1,MICCAL,Micropus californicus,Native,Forb,Native,CalFlora,G5,2,G,5,MCL,Control,rgr_l_AM,NA
G5.MICCAL.1,MICCAL,Micropus californicus,Native,Forb,Native,CalFlora,G5,2,G,5,MCL,Control,rgr_l_MJ,NA
G5.PLAERE.1,PLAERE,Plantago erecta,Native,Forb,Native,CalFlora,G5,2,G,5,MCL,Control,rgr_l_FM,0.01928506454050387
G5.PLAERE.1,PLAERE,Plantago erecta,Native,Forb,Native,CalFlora,G5,2,G,5,MCL,Control,rgr_l_MA,0.00701236756899826
G5.PLAERE.1,PLAERE,Plantago erecta,Native,Forb,Native,CalFlora,G5,2,G,5,MCL,Control,rgr_l_AM,NA
G5.PLAERE.1,PLAERE,Plantago erecta,Native,Forb,Native,CalFlora,G5,2,G,5,MCL,Control,rgr_l_MJ,NA
G6.ACMPAR.1,ACMPAR,Acmispon parviflorus,Native,Forb,Native,CalFlora,G6,2,G,6,ANGELO,Control,rgr_l_FM,Inf
G6.ACMPAR.1,ACMPAR,Acmispon parviflorus,Native,Forb,Native,CalFlora,G6,2,G,6,ANGELO,Control,rgr_l_MA,0.04225431879492729
G6.ACMPAR.1,ACMPAR,Acmispon parviflorus,Native,Forb,Native,CalFlora,G6,2,G,6,ANGELO,Control,rgr_l_AM,-0.00607738522646515
G6.ACMPAR.1,ACMPAR,Acmispon parviflorus,Native,Forb,Native,CalFlora,G6,2,G,6,ANGELO,Control,rgr_l_MJ,NA
G6.AIRCAR.1,AIRCAR,Aira caryophyllea,Non-native,Grass,Non-native,CalFlora,G6,2,G,6,ANGELO,Control,rgr_l_FM,0.02235958646967565
G6.AIRCAR.1,AIRCAR,Aira caryophyllea,Non-native,Grass,Non-native,CalFlora,G6,2,G,6,ANGELO,Control,rgr_l_MA,-0.00701236756899825
G6.AIRCAR.1,AIRCAR,Aira caryophyllea,Non-native,Grass,Non-native,CalFlora,G6,2,G,6,ANGELO,Control,rgr_l_AM,-0.05191735201400323
G6.AIRCAR.1,AIRCAR,Aira caryophyllea,Non-native,Grass,Non-native,CalFlora,G6,2,G,6,ANGELO,Control,rgr_l_MJ,NA
G6.BRODIA.1,BRODIA,Bromus diandrus,Non-native,Grass,Moderate,Cal IPC,G6,2,G,6,ANGELO,Control,rgr_l_FM,NA
G6.BRODIA.1,BRODIA,Bromus diandrus,Non-native,Grass,Moderate,Cal IPC,G6,2,G,6,ANGELO,Control,rgr_l_MA,0.02950981356591027
G6.BRODIA.1,BRODIA,Bromus diandrus,Non-native,Grass,Moderate,Cal IPC,G6,2,G,6,ANGELO,Control,rgr_l_AM,-0.01701650434013295
G6.BRODIA.1,BRODIA,Bromus diandrus,Non-native,Grass,Moderate,Cal IPC,G6,2,G,6,ANGELO,Control,rgr_l_MJ,NA
G6.BROHOR.1,BROHOR,Bromus hordeaceaus,Non-native,Grass,Limited,Cal IPC,G6,2,G,6,ANGELO,Control,rgr_l_FM,NA
G6.BROHOR.1,BROHOR,Bromus hordeaceaus,Non-native,Grass,Limited,Cal IPC,G6,2,G,6,ANGELO,Control,rgr_l_MA,0.03721477024083483
G6.BROHOR.1,BROHOR,Bromus hordeaceaus,Non-native,Grass,Limited,Cal IPC,G6,2,G,6,ANGELO,Control,rgr_l_AM,-0.02160475137025868
G6.BROHOR.1,BROHOR,Bromus hordeaceaus,Non-native,Grass,Limited,Cal IPC,G6,2,G,6,ANGELO,Control,rgr_l_MJ,NA
G6.CLAPUR.1,CLAPUR,Clarkia purpurea,Native,Forb,Native,CalFlora,G6,2,G,6,ANGELO,Control,rgr_l_FM,0.07318334004252787
G6.CLAPUR.1,CLAPUR,Clarkia purpurea,Native,Forb,Native,CalFlora,G6,2,G,6,ANGELO,Control,rgr_l_MA,0.04044402991577402
G6.CLAPUR.1,CLAPUR,Clarkia purpurea,Native,Forb,Native,CalFlora,G6,2,G,6,ANGELO,Control,rgr_l_AM,NA
G6.CLAPUR.1,CLAPUR,Clarkia purpurea,Native,Forb,Native,CalFlora,G6,2,G,6,ANGELO,Control,rgr_l_MJ,NA
G6.DANCAL.1,DANCAL,Danthonia californica,Native,Grass,Native,CalFlora,G6,2,G,6,ANGELO,Control,rgr_l_FM,NA
G6.DANCAL.1,DANCAL,Danthonia californica,Native,Grass,Native,CalFlora,G6,2,G,6,ANGELO,Control,rgr_l_MA,NA
G6.DANCAL.1,DANCAL,Danthonia californica,Native,Grass,Native,CalFlora,G6,2,G,6,ANGELO,Control,rgr_l_AM,0.00701663591345806
G6.DANCAL.1,DANCAL,Danthonia californica,Native,Grass,Native,CalFlora,G6,2,G,6,ANGELO,Control,rgr_l_MJ,0.00619910713980965
G6.GALPAR.1,GALPAR,Galium parisiense,Non-native,Forb,Non-native,CalFlora,G6,2,G,6,ANGELO,Control,rgr_l_FM,0.06277129513081657
G6.GALPAR.1,GALPAR,Galium parisiense,Non-native,Forb,Non-native,CalFlora,G6,2,G,6,ANGELO,Control,rgr_l_MA,0.04798645645494604
G6.GALPAR.1,GALPAR,Galium parisiense,Non-native,Forb,Non-native,CalFlora,G6,2,G,6,ANGELO,Control,rgr_l_AM,0.01959107152067804
G6.GALPAR.1,GALPAR,Galium parisiense,Non-native,Forb,Non-native,CalFlora,G6,2,G,6,ANGELO,Control,rgr_l_MJ,NA
G6.HYPGLA.1,HYPGLA,Hypochaeris glabra,Non-native,Forb,Limited,Cal IPC,G6,2,G,6,ANGELO,Control,rgr_l_FM,0.03221060742293958
G6.HYPGLA.1,HYPGLA,Hypochaeris glabra,Non-native,Forb,Limited,Cal IPC,G6,2,G,6,ANGELO,Control,rgr_l_MA,0.00563859516122599
G6.HYPGLA.1,HYPGLA,Hypochaeris glabra,Non-native,Forb,Limited,Cal IPC,G6,2,G,6,ANGELO,Control,rgr_l_AM,0.01262760218199471
G6.HYPGLA.1,HYPGLA,Hypochaeris glabra,Non-native,Forb,Limited,Cal IPC,G6,2,G,6,ANGELO,Control,rgr_l_MJ,NA
G7.AIRCAR.1,AIRCAR,Aira caryophyllea,Non-native,Grass,Non-native,CalFlora,G7,2,G,7,ANGELO,Control,rgr_l_FM,0.05026272961440483
G7.AIRCAR.1,AIRCAR,Aira caryophyllea,Non-native,Grass,Non-native,CalFlora,G7,2,G,7,ANGELO,Control,rgr_l_MA,0.0135153033399188
G7.AIRCAR.1,AIRCAR,Aira caryophyllea,Non-native,Grass,Non-native,CalFlora,G7,2,G,7,ANGELO,Control,rgr_l_AM,-0.04851862570246045
G7.AIRCAR.1,AIRCAR,Aira caryophyllea,Non-native,Grass,Non-native,CalFlora,G7,2,G,7,ANGELO,Control,rgr_l_MJ,NA
G7.BRODIA.1,BRODIA,Bromus diandrus,Non-native,Grass,Moderate,Cal IPC,G7,2,G,7,ANGELO,Control,rgr_l_FM,NA
G7.BRODIA.1,BRODIA,Bromus diandrus,Non-native,Grass,Moderate,Cal IPC,G7,2,G,7,ANGELO,Control,rgr_l_MA,0.02693325570495419
G7.BRODIA.1,BRODIA,Bromus diandrus,Non-native,Grass,Moderate,Cal IPC,G7,2,G,7,ANGELO,Control,rgr_l_AM,-0.02120066221017462
G7.BRODIA.1,BRODIA,Bromus diandrus,Non-native,Grass,Moderate,Cal IPC,G7,2,G,7,ANGELO,Control,rgr_l_MJ,NA
G7.BROHOR.1,BROHOR,Bromus hordeaceaus,Non-native,Grass,Limited,Cal IPC,G7,2,G,7,ANGELO,Control,rgr_l_FM,NA
G7.BROHOR.1,BROHOR,Bromus hordeaceaus,Non-native,Grass,Limited,Cal IPC,G7,2,G,7,ANGELO,Control,rgr_l_MA,0.03851725154671007
G7.BROHOR.1,BROHOR,Bromus hordeaceaus,Non-native,Grass,Limited,Cal IPC,G7,2,G,7,ANGELO,Control,rgr_l_AM,NA
G7.BROHOR.1,BROHOR,Bromus hordeaceaus,Non-native,Grass,Limited,Cal IPC,G7,2,G,7,ANGELO,Control,rgr_l_MJ,NA
G7.ESCCAL.1,ESCCAL,Eschscholzia californica,Native,Forb,Native,CalFlora,G7,2,G,7,ANGELO,Control,rgr_l_FM,0.02235958646967565
G7.ESCCAL.1,ESCCAL,Eschscholzia californica,Native,Forb,Native,CalFlora,G7,2,G,7,ANGELO,Control,rgr_l_MA,-0.01559481185031401
G7.ESCCAL.1,ESCCAL,Eschscholzia californica,Native,Forb,Native,CalFlora,G7,2,G,7,ANGELO,Control,rgr_l_AM,-0.01650350429904631
G7.ESCCAL.1,ESCCAL,Eschscholzia californica,Native,Forb,Native,CalFlora,G7,2,G,7,ANGELO,Control,rgr_l_MJ,0
G7.GALPAR.1,GALPAR,Galium parisiense,Non-native,Forb,Non-native,CalFlora,G7,2,G,7,ANGELO,Control,rgr_l_FM,0.05271388790401523
G7.GALPAR.1,GALPAR,Galium parisiense,Non-native,Forb,Non-native,CalFlora,G7,2,G,7,ANGELO,Control,rgr_l_MA,0.04194034530880572
G7.GALPAR.1,GALPAR,Galium parisiense,Non-native,Forb,Non-native,CalFlora,G7,2,G,7,ANGELO,Control,rgr_l_AM,0.01104374081738265
G7.GALPAR.1,GALPAR,Galium parisiense,Non-native,Forb,Non-native,CalFlora,G7,2,G,7,ANGELO,Control,rgr_l_MJ,NA
G7.MADGRA.1,MADGRA,Madia gracilis,Native,Forb,Native,CalFlora,G7,2,G,7,ANGELO,Control,rgr_l_FM,0.02235958646967565
G7.MADGRA.1,MADGRA,Madia gracilis,Native,Forb,Native,CalFlora,G7,2,G,7,ANGELO,Control,rgr_l_MA,0.00858244428131577
G7.MADGRA.1,MADGRA,Madia gracilis,Native,Forb,Native,CalFlora,G7,2,G,7,ANGELO,Control,rgr_l_AM,0.0310465364356358
G7.MADGRA.1,MADGRA,Madia gracilis,Native,Forb,Native,CalFlora,G7,2,G,7,ANGELO,Control,rgr_l_MJ,NA
G8.AVEBAR.1,AVEBAR,Avena barbata,Non-native,Grass,Moderate,Cal IPC,G8,2,G,8,BORR,Control,rgr_l_FM,NA
G8.AVEBAR.1,AVEBAR,Avena barbata,Non-native,Grass,Moderate,Cal IPC,G8,2,G,8,BORR,Control,rgr_l_MA,9.268289068869409e-4
G8.AVEBAR.1,AVEBAR,Avena barbata,Non-native,Grass,Moderate,Cal IPC,G8,2,G,8,BORR,Control,rgr_l_AM,-0.01796186569236256
G8.AVEBAR.1,AVEBAR,Avena barbata,Non-native,Grass,Moderate,Cal IPC,G8,2,G,8,BORR,Control,rgr_l_MJ,NA
G8.BRODIA.1,BRODIA,Bromus diandrus,Non-native,Grass,Moderate,Cal IPC,G8,2,G,8,BORR,Control,rgr_l_FM,NA
G8.BRODIA.1,BRODIA,Bromus diandrus,Non-native,Grass,Moderate,Cal IPC,G8,2,G,8,BORR,Control,rgr_l_MA,0.02152368415136241
G8.BRODIA.1,BRODIA,Bromus diandrus,Non-native,Grass,Moderate,Cal IPC,G8,2,G,8,BORR,Control,rgr_l_AM,-0.02709524782055679
G8.BRODIA.1,BRODIA,Bromus diandrus,Non-native,Grass,Moderate,Cal IPC,G8,2,G,8,BORR,Control,rgr_l_MJ,NA
G8.BROHOR.1,BROHOR,Bromus hordeaceaus,Non-native,Grass,Limited,Cal IPC,G8,2,G,8,BORR,Control,rgr_l_FM,NA
G8.BROHOR.1,BROHOR,Bromus hordeaceaus,Non-native,Grass,Limited,Cal IPC,G8,2,G,8,BORR,Control,rgr_l_MA,-0.0094277868474225
G8.BROHOR.1,BROHOR,Bromus hordeaceaus,Non-native,Grass,Limited,Cal IPC,G8,2,G,8,BORR,Control,rgr_l_AM,NA
G8.BROHOR.1,BROHOR,Bromus hordeaceaus,Non-native,Grass,Limited,Cal IPC,G8,2,G,8,BORR,Control,rgr_l_MJ,NA
G8.DAUPUS.1,DAUPUS,Daucus pusillus,Native,Forb,Native,CalFlora,G8,2,G,8,BORR,Control,rgr_l_FM,0
G8.DAUPUS.1,DAUPUS,Daucus pusillus,Native,Forb,Native,CalFlora,G8,2,G,8,BORR,Control,rgr_l_MA,0.01106469509429926
G8.DAUPUS.1,DAUPUS,Daucus pusillus,Native,Forb,Native,CalFlora,G8,2,G,8,BORR,Control,rgr_l_AM,0.02166084939249828
G8.DAUPUS.1,DAUPUS,Daucus pusillus,Native,Forb,Native,CalFlora,G8,2,G,8,BORR,Control,rgr_l_MJ,NA
G8.EROBOT.1,EROBOT,Erodium botrys,Non-native,Forb,Non-native,CalFlora,G8,2,G,8,BORR,Control,rgr_l_FM,0
G8.EROBOT.1,EROBOT,Erodium botrys,Non-native,Forb,Non-native,CalFlora,G8,2,G,8,BORR,Control,rgr_l_MA,0.01738404322088682
G8.EROBOT.1,EROBOT,Erodium botrys,Non-native,Forb,Non-native,CalFlora,G8,2,G,8,BORR,Control,rgr_l_AM,0.02002391590414219
G8.EROBOT.1,EROBOT,Erodium botrys,Non-native,Forb,Non-native,CalFlora,G8,2,G,8,BORR,Control,rgr_l_MJ,NA
G8.GERDIS.1,GERDIS,Geranium dissectum,Non-native,Forb,Limited,Cal IPC,G8,2,G,8,BORR,Control,rgr_l_FM,0.0130795196163924
G8.GERDIS.1,GERDIS,Geranium dissectum,Non-native,Forb,Limited,Cal IPC,G8,2,G,8,BORR,Control,rgr_l_MA,0.01964713937561503
G8.GERDIS.1,GERDIS,Geranium dissectum,Non-native,Forb,Limited,Cal IPC,G8,2,G,8,BORR,Control,rgr_l_AM,NA
G8.GERDIS.1,GERDIS,Geranium dissectum,Non-native,Forb,Limited,Cal IPC,G8,2,G,8,BORR,Control,rgr_l_MJ,NA
G8.LUPBIC.1,LUPBIC,Lupinus bicolor,Native,Forb,Native,CalFlora,G8,2,G,8,BORR,Control,rgr_l_FM,Inf
G8.LUPBIC.1,LUPBIC,Lupinus bicolor,Native,Forb,Native,CalFlora,G8,2,G,8,BORR,Control,rgr_l_MA,0.01964713937561503
G8.LUPBIC.1,LUPBIC,Lupinus bicolor,Native,Forb,Native,CalFlora,G8,2,G,8,BORR,Control,rgr_l_AM,0.02130908678777103
G8.LUPBIC.1,LUPBIC,Lupinus bicolor,Native,Forb,Native,CalFlora,G8,2,G,8,BORR,Control,rgr_l_MJ,NA
G8.MADGRA.1,MADGRA,Madia gracilis,Native,Forb,Native,CalFlora,G8,2,G,8,BORR,Control,rgr_l_FM,0.0261590392327848
G8.MADGRA.1,MADGRA,Madia gracilis,Native,Forb,Native,CalFlora,G8,2,G,8,BORR,Control,rgr_l_MA,0.01106469509429926
G8.MADGRA.1,MADGRA,Madia gracilis,Native,Forb,Native,CalFlora,G8,2,G,8,BORR,Control,rgr_l_AM,0.01187966566897652
G8.MADGRA.1,MADGRA,Madia gracilis,Native,Forb,Native,CalFlora,G8,2,G,8,BORR,Control,rgr_l_MJ,NA
G8.TORARV.1,TORARV,Torilis arvensis,Non-native,Forb,Moderate,Cal IPC,G8,2,G,8,BORR,Control,rgr_l_FM,0.02235958646967565
G8.TORARV.1,TORARV,Torilis arvensis,Non-native,Forb,Moderate,Cal IPC,G8,2,G,8,BORR,Control,rgr_l_MA,0
G8.TORARV.1,TORARV,Torilis arvensis,Non-native,Forb,Moderate,Cal IPC,G8,2,G,8,BORR,Control,rgr_l_AM,NA
G8.TORARV.1,TORARV,Torilis arvensis,Non-native,Forb,Moderate,Cal IPC,G8,2,G,8,BORR,Control,rgr_l_MJ,NA
G8.TRIHIR.1,TRIHIR,Trifolium hirtum,Non-native,Forb,Limited,Cal IPC,G8,2,G,8,BORR,Control,rgr_l_FM,0.00719817907465192
G8.TRIHIR.1,TRIHIR,Trifolium hirtum,Non-native,Forb,Limited,Cal IPC,G8,2,G,8,BORR,Control,rgr_l_MA,0.02260717941931228
G8.TRIHIR.1,TRIHIR,Trifolium hirtum,Non-native,Forb,Limited,Cal IPC,G8,2,G,8,BORR,Control,rgr_l_AM,0.02659252846932397
G8.TRIHIR.1,TRIHIR,Trifolium hirtum,Non-native,Forb,Limited,Cal IPC,G8,2,G,8,BORR,Control,rgr_l_MJ,NA
H1.AVEFAT.1,AVEFAT,Avena fatua,Non-native,Grass,Moderate,Cal IPC,H1,3,H,1,SEDG,Control,rgr_l_FM,NA
H1.AVEFAT.1,AVEFAT,Avena fatua,Non-native,Grass,Moderate,Cal IPC,H1,3,H,1,SEDG,Control,rgr_l_MA,0.00664780049382348
H1.AVEFAT.1,AVEFAT,Avena fatua,Non-native,Grass,Moderate,Cal IPC,H1,3,H,1,SEDG,Control,rgr_l_AM,-0.01632740735839219
H1.AVEFAT.1,AVEFAT,Avena fatua,Non-native,Grass,Moderate,Cal IPC,H1,3,H,1,SEDG,Control,rgr_l_MJ,NA
H1.BRODIA.1,BRODIA,Bromus diandrus,Non-native,Grass,Moderate,Cal IPC,H1,3,H,1,SEDG,Control,rgr_l_FM,NA
H1.BRODIA.1,BRODIA,Bromus diandrus,Non-native,Grass,Moderate,Cal IPC,H1,3,H,1,SEDG,Control,rgr_l_MA,0.01045898905706313
H1.BRODIA.1,BRODIA,Bromus diandrus,Non-native,Grass,Moderate,Cal IPC,H1,3,H,1,SEDG,Control,rgr_l_AM,-0.04363758096325085
H1.BRODIA.1,BRODIA,Bromus diandrus,Non-native,Grass,Moderate,Cal IPC,H1,3,H,1,SEDG,Control,rgr_l_MJ,NA
H1.BROHOR.1,BROHOR,Bromus hordeaceaus,Non-native,Grass,Limited,Cal IPC,H1,3,H,1,SEDG,Control,rgr_l_FM,NA
H1.BROHOR.1,BROHOR,Bromus hordeaceaus,Non-native,Grass,Limited,Cal IPC,H1,3,H,1,SEDG,Control,rgr_l_MA,0.02636982515537056
H1.BROHOR.1,BROHOR,Bromus hordeaceaus,Non-native,Grass,Limited,Cal IPC,H1,3,H,1,SEDG,Control,rgr_l_AM,NA
H1.BROHOR.1,BROHOR,Bromus hordeaceaus,Non-native,Grass,Limited,Cal IPC,H1,3,H,1,SEDG,Control,rgr_l_MJ,NA
H1.BROMAD.1,BROMAD,Bromus madritensis,Non-native,Grass,High,Cal IPC,H1,3,H,1,SEDG,Control,rgr_l_FM,NA
H1.BROMAD.1,BROMAD,Bromus madritensis,Non-native,Grass,High,Cal IPC,H1,3,H,1,SEDG,Control,rgr_l_MA,-0.01005257713123625
H1.BROMAD.1,BROMAD,Bromus madritensis,Non-native,Grass,High,Cal IPC,H1,3,H,1,SEDG,Control,rgr_l_AM,NA
H1.BROMAD.1,BROMAD,Bromus madritensis,Non-native,Grass,High,Cal IPC,H1,3,H,1,SEDG,Control,rgr_l_MJ,NA
H1.CENMEL.1,CENMEL,Centaurea melitensis,Non-native,Forb,Moderate,Cal IPC,H1,3,H,1,SEDG,Control,rgr_l_FM,0.02235958646967565
H1.CENMEL.1,CENMEL,Centaurea melitensis,Non-native,Forb,Moderate,Cal IPC,H1,3,H,1,SEDG,Control,rgr_l_MA,0.02331291552193522
H1.CENMEL.1,CENMEL,Centaurea melitensis,Non-native,Forb,Moderate,Cal IPC,H1,3,H,1,SEDG,Control,rgr_l_AM,0.07741568907508689
H1.CENMEL.1,CENMEL,Centaurea melitensis,Non-native,Forb,Moderate,Cal IPC,H1,3,H,1,SEDG,Control,rgr_l_MJ,NA
H1.CORFIL.1,CORFIL,Corethrogyne filaginafolia,Native,Forb,Native,CalFlora,H1,3,H,1,SEDG,Control,rgr_l_FM,0.00719817907465192
H1.CORFIL.1,CORFIL,Corethrogyne filaginafolia,Native,Forb,Native,CalFlora,H1,3,H,1,SEDG,Control,rgr_l_MA,0.01345888946484851
H1.CORFIL.1,CORFIL,Corethrogyne filaginafolia,Native,Forb,Native,CalFlora,H1,3,H,1,SEDG,Control,rgr_l_AM,0.01412453511697054
H1.CORFIL.1,CORFIL,Corethrogyne filaginafolia,Native,Forb,Native,CalFlora,H1,3,H,1,SEDG,Control,rgr_l_MJ,0.00300039230998723
H1.MICCAL.1,MICCAL,Micropus californicus,Native,Forb,Native,CalFlora,H1,3,H,1,SEDG,Control,rgr_l_FM,0.05666671449731563
H1.MICCAL.1,MICCAL,Micropus californicus,Native,Forb,Native,CalFlora,H1,3,H,1,SEDG,Control,rgr_l_MA,0.02028991209672426
H1.MICCAL.1,MICCAL,Micropus californicus,Native,Forb,Native,CalFlora,H1,3,H,1,SEDG,Control,rgr_l_AM,NA
H1.MICCAL.1,MICCAL,Micropus californicus,Native,Forb,Native,CalFlora,H1,3,H,1,SEDG,Control,rgr_l_MJ,NA
H1.STIPUL.1,STIPUL,Stipa pulchra,Native,Grass,Native,CalFlora,H1,3,H,1,SEDG,Control,rgr_l_FM,NA
H1.STIPUL.1,STIPUL,Stipa pulchra,Native,Grass,Native,CalFlora,H1,3,H,1,SEDG,Control,rgr_l_MA,0.01106469509429926
H1.STIPUL.1,STIPUL,Stipa pulchra,Native,Grass,Native,CalFlora,H1,3,H,1,SEDG,Control,rgr_l_AM,0.01301432064966099
H1.STIPUL.1,STIPUL,Stipa pulchra,Native,Grass,Native,CalFlora,H1,3,H,1,SEDG,Control,rgr_l_MJ,0
H2.AIRCAR.1,AIRCAR,Aira caryophyllea,Non-native,Grass,Non-native,CalFlora,H2,3,H,2,ANGELO,Control,rgr_l_FM,NA
H2.AIRCAR.1,AIRCAR,Aira caryophyllea,Non-native,Grass,Non-native,CalFlora,H2,3,H,2,ANGELO,Control,rgr_l_MA,0.00964648227267551
H2.AIRCAR.1,AIRCAR,Aira caryophyllea,Non-native,Grass,Non-native,CalFlora,H2,3,H,2,ANGELO,Control,rgr_l_AM,-0.03217560678691119
H2.AIRCAR.1,AIRCAR,Aira caryophyllea,Non-native,Grass,Non-native,CalFlora,H2,3,H,2,ANGELO,Control,rgr_l_MJ,NA
H2.BRODIA.1,BRODIA,Bromus diandrus,Non-native,Grass,Moderate,Cal IPC,H2,3,H,2,ANGELO,Control,rgr_l_FM,NA
H2.BRODIA.1,BRODIA,Bromus diandrus,Non-native,Grass,Moderate,Cal IPC,H2,3,H,2,ANGELO,Control,rgr_l_MA,0.01355901467357323
H2.BRODIA.1,BRODIA,Bromus diandrus,Non-native,Grass,Moderate,Cal IPC,H2,3,H,2,ANGELO,Control,rgr_l_AM,-0.04292247265568388
H2.BRODIA.1,BRODIA,Bromus diandrus,Non-native,Grass,Moderate,Cal IPC,H2,3,H,2,ANGELO,Control,rgr_l_MJ,NA
H2.BROHOR.1,BROHOR,Bromus hordeaceaus,Non-native,Grass,Limited,Cal IPC,H2,3,H,2,ANGELO,Control,rgr_l_FM,NA
H2.BROHOR.1,BROHOR,Bromus hordeaceaus,Non-native,Grass,Limited,Cal IPC,H2,3,H,2,ANGELO,Control,rgr_l_MA,-0.01150728289807123
H2.BROHOR.1,BROHOR,Bromus hordeaceaus,Non-native,Grass,Limited,Cal IPC,H2,3,H,2,ANGELO,Control,rgr_l_AM,-0.01902403448024044
H2.BROHOR.1,BROHOR,Bromus hordeaceaus,Non-native,Grass,Limited,Cal IPC,H2,3,H,2,ANGELO,Control,rgr_l_MJ,NA
H2.DANCAL.1,DANCAL,Danthonia californica,Native,Grass,Native,CalFlora,H2,3,H,2,ANGELO,Control,rgr_l_FM,NA
H2.DANCAL.1,DANCAL,Danthonia californica,Native,Grass,Native,CalFlora,H2,3,H,2,ANGELO,Control,rgr_l_MA,NA
H2.DANCAL.1,DANCAL,Danthonia californica,Native,Grass,Native,CalFlora,H2,3,H,2,ANGELO,Control,rgr_l_AM,NA
H2.DANCAL.1,DANCAL,Danthonia californica,Native,Grass,Native,CalFlora,H2,3,H,2,ANGELO,Control,rgr_l_MJ,NA
H2.DAUPUS.1,DAUPUS,Daucus pusillus,Native,Forb,Native,CalFlora,H2,3,H,2,ANGELO,Control,rgr_l_FM,0.0261590392327848
H2.DAUPUS.1,DAUPUS,Daucus pusillus,Native,Forb,Native,CalFlora,H2,3,H,2,ANGELO,Control,rgr_l_MA,-0.00471132142625535
H2.DAUPUS.1,DAUPUS,Daucus pusillus,Native,Forb,Native,CalFlora,H2,3,H,2,ANGELO,Control,rgr_l_AM,0.04721650357716818
H2.DAUPUS.1,DAUPUS,Daucus pusillus,Native,Forb,Native,CalFlora,H2,3,H,2,ANGELO,Control,rgr_l_MJ,NA
H2.ESCCAL.1,ESCCAL,Eschscholzia californica,Native,Forb,Native,CalFlora,H2,3,H,2,ANGELO,Control,rgr_l_FM,0.0102727010038237
H2.ESCCAL.1,ESCCAL,Eschscholzia californica,Native,Forb,Native,CalFlora,H2,3,H,2,ANGELO,Control,rgr_l_MA,0
H2.ESCCAL.1,ESCCAL,Eschscholzia californica,Native,Forb,Native,CalFlora,H2,3,H,2,ANGELO,Control,rgr_l_AM,0.0288300206262329
H2.ESCCAL.1,ESCCAL,Eschscholzia californica,Native,Forb,Native,CalFlora,H2,3,H,2,ANGELO,Control,rgr_l_MJ,0.02252583933934247
H2.GALPAR.1,GALPAR,Galium parisiense,Non-native,Forb,Non-native,CalFlora,H2,3,H,2,ANGELO,Control,rgr_l_FM,0.04940246357949641
H2.GALPAR.1,GALPAR,Galium parisiense,Non-native,Forb,Non-native,CalFlora,H2,3,H,2,ANGELO,Control,rgr_l_MA,0.03729507478503117
H2.GALPAR.1,GALPAR,Galium parisiense,Non-native,Forb,Non-native,CalFlora,H2,3,H,2,ANGELO,Control,rgr_l_AM,0.0193484564049805
H2.GALPAR.1,GALPAR,Galium parisiense,Non-native,Forb,Non-native,CalFlora,H2,3,H,2,ANGELO,Control,rgr_l_MJ,NA
H2.MADGRA.1,MADGRA,Madia gracilis,Native,Forb,Native,CalFlora,H2,3,H,2,ANGELO,Control,rgr_l_FM,0.02235958646967565
H2.MADGRA.1,MADGRA,Madia gracilis,Native,Forb,Native,CalFlora,H2,3,H,2,ANGELO,Control,rgr_l_MA,0.02424543214281262
H2.MADGRA.1,MADGRA,Madia gracilis,Native,Forb,Native,CalFlora,H2,3,H,2,ANGELO,Control,rgr_l_AM,0.06352412677481455
H2.MADGRA.1,MADGRA,Madia gracilis,Native,Forb,Native,CalFlora,H2,3,H,2,ANGELO,Control,rgr_l_MJ,NA
H3.AMSMEN.1,AMSMEN,Amsinckia menziesii,Native,Forb,Native,CalFlora,H3,3,H,3,WWP,Control,rgr_l_FM,0.00588134054174046
H3.AMSMEN.1,AMSMEN,Amsinckia menziesii,Native,Forb,Native,CalFlora,H3,3,H,3,WWP,Control,rgr_l_MA,NA
H3.AMSMEN.1,AMSMEN,Amsinckia menziesii,Native,Forb,Native,CalFlora,H3,3,H,3,WWP,Control,rgr_l_AM,NA
H3.AMSMEN.1,AMSMEN,Amsinckia menziesii,Native,Forb,Native,CalFlora,H3,3,H,3,WWP,Control,rgr_l_MJ,NA
H3.AVEBAR.1,AVEBAR,Avena barbata,Non-native,Grass,Moderate,Cal IPC,H3,3,H,3,WWP,Control,rgr_l_FM,NA
H3.AVEBAR.1,AVEBAR,Avena barbata,Non-native,Grass,Moderate,Cal IPC,H3,3,H,3,WWP,Control,rgr_l_MA,0.00814395820964957
H3.AVEBAR.1,AVEBAR,Avena barbata,Non-native,Grass,Moderate,Cal IPC,H3,3,H,3,WWP,Control,rgr_l_AM,-0.00638888589362784
H3.AVEBAR.1,AVEBAR,Avena barbata,Non-native,Grass,Moderate,Cal IPC,H3,3,H,3,WWP,Control,rgr_l_MJ,NA
H3.BRODIA.1,BRODIA,Bromus diandrus,Non-native,Grass,Moderate,Cal IPC,H3,3,H,3,WWP,Control,rgr_l_FM,NA
H3.BRODIA.1,BRODIA,Bromus diandrus,Non-native,Grass,Moderate,Cal IPC,H3,3,H,3,WWP,Control,rgr_l_MA,0.01713818505331451
H3.BRODIA.1,BRODIA,Bromus diandrus,Non-native,Grass,Moderate,Cal IPC,H3,3,H,3,WWP,Control,rgr_l_AM,-0.04165911242474073
H3.BRODIA.1,BRODIA,Bromus diandrus,Non-native,Grass,Moderate,Cal IPC,H3,3,H,3,WWP,Control,rgr_l_MJ,NA
H3.BROMAD.1,BROMAD,Bromus madritensis,Non-native,Grass,High,Cal IPC,H3,3,H,3,WWP,Control,rgr_l_FM,NA
H3.BROMAD.1,BROMAD,Bromus madritensis,Non-native,Grass,High,Cal IPC,H3,3,H,3,WWP,Control,rgr_l_MA,-0.01880014516982942
H3.BROMAD.1,BROMAD,Bromus madritensis,Non-native,Grass,High,Cal IPC,H3,3,H,3,WWP,Control,rgr_l_AM,NA
H3.BROMAD.1,BROMAD,Bromus madritensis,Non-native,Grass,High,Cal IPC,H3,3,H,3,WWP,Control,rgr_l_MJ,NA
H3.EROCIC.1,EROCIC,Erodium cicutarium,Non-native,Forb,Non-native,CalFlora,H3,3,H,3,WWP,Control,rgr_l_FM,0.02235958646967565
H3.EROCIC.1,EROCIC,Erodium cicutarium,Non-native,Forb,Non-native,CalFlora,H3,3,H,3,WWP,Control,rgr_l_MA,0.03459989749946418
H3.EROCIC.1,EROCIC,Erodium cicutarium,Non-native,Forb,Non-native,CalFlora,H3,3,H,3,WWP,Control,rgr_l_AM,0.0442715671030707
H3.EROCIC.1,EROCIC,Erodium cicutarium,Non-native,Forb,Non-native,CalFlora,H3,3,H,3,WWP,Control,rgr_l_MJ,NA
H3.PHATAN.1,PHATAN,Phacelia tanacetifolia,Native,Forb,Native,CalFlora,H3,3,H,3,WWP,Control,rgr_l_FM,0.00810691704131955
H3.PHATAN.1,PHATAN,Phacelia tanacetifolia,Native,Forb,Native,CalFlora,H3,3,H,3,WWP,Control,rgr_l_MA,NA
H3.PHATAN.1,PHATAN,Phacelia tanacetifolia,Native,Forb,Native,CalFlora,H3,3,H,3,WWP,Control,rgr_l_AM,NA
H3.PHATAN.1,PHATAN,Phacelia tanacetifolia,Native,Forb,Native,CalFlora,H3,3,H,3,WWP,Control,rgr_l_MJ,NA
H4.BRODIA.1,BRODIA,Bromus diandrus,Non-native,Grass,Moderate,Cal IPC,H4,3,H,4,MCL,Control,rgr_l_FM,NA
H4.BRODIA.1,BRODIA,Bromus diandrus,Non-native,Grass,Moderate,Cal IPC,H4,3,H,4,MCL,Control,rgr_l_MA,0.01991353712956716
H4.BRODIA.1,BRODIA,Bromus diandrus,Non-native,Grass,Moderate,Cal IPC,H4,3,H,4,MCL,Control,rgr_l_AM,-0.02742627568704762
H4.BRODIA.1,BRODIA,Bromus diandrus,Non-native,Grass,Moderate,Cal IPC,H4,3,H,4,MCL,Control,rgr_l_MJ,NA
H4.BROHOR.1,BROHOR,Bromus hordeaceaus,Non-native,Grass,Limited,Cal IPC,H4,3,H,4,MCL,Control,rgr_l_FM,NA
H4.BROHOR.1,BROHOR,Bromus hordeaceaus,Non-native,Grass,Limited,Cal IPC,H4,3,H,4,MCL,Control,rgr_l_MA,0.01581250946576585
H4.BROHOR.1,BROHOR,Bromus hordeaceaus,Non-native,Grass,Limited,Cal IPC,H4,3,H,4,MCL,Control,rgr_l_AM,NA
H4.BROHOR.1,BROHOR,Bromus hordeaceaus,Non-native,Grass,Limited,Cal IPC,H4,3,H,4,MCL,Control,rgr_l_MJ,NA
H4.BROMAD.1,BROMAD,Bromus madritensis,Non-native,Grass,High,Cal IPC,H4,3,H,4,MCL,Control,rgr_l_FM,NA
H4.BROMAD.1,BROMAD,Bromus madritensis,Non-native,Grass,High,Cal IPC,H4,3,H,4,MCL,Control,rgr_l_MA,0.01621860432432658
H4.BROMAD.1,BROMAD,Bromus madritensis,Non-native,Grass,High,Cal IPC,H4,3,H,4,MCL,Control,rgr_l_AM,NA
H4.BROMAD.1,BROMAD,Bromus madritensis,Non-native,Grass,High,Cal IPC,H4,3,H,4,MCL,Control,rgr_l_MJ,NA
H4.ELYCAP.1,ELYCAP,Elymus caput-medusae,Non-native,Grass,High,Cal IPC,H4,3,H,4,MCL,Control,rgr_l_FM,0.00928006685328325
H4.ELYCAP.1,ELYCAP,Elymus caput-medusae,Non-native,Grass,High,Cal IPC,H4,3,H,4,MCL,Control,rgr_l_MA,0.02567415544689579
H4.ELYCAP.1,ELYCAP,Elymus caput-medusae,Non-native,Grass,High,Cal IPC,H4,3,H,4,MCL,Control,rgr_l_AM,-0.05360218568110702
H4.ELYCAP.1,ELYCAP,Elymus caput-medusae,Non-native,Grass,High,Cal IPC,H4,3,H,4,MCL,Control,rgr_l_MJ,NA
H4.HOLVIR.1,HOLVIR,Holocarpha virgata,Native,Forb,Native,CalFlora,H4,3,H,4,MCL,Control,rgr_l_FM,0.015661542444571
H4.HOLVIR.1,HOLVIR,Holocarpha virgata,Native,Forb,Native,CalFlora,H4,3,H,4,MCL,Control,rgr_l_MA,0.04690881043287327
H4.HOLVIR.1,HOLVIR,Holocarpha virgata,Native,Forb,Native,CalFlora,H4,3,H,4,MCL,Control,rgr_l_AM,0.12702828594858037
H4.HOLVIR.1,HOLVIR,Holocarpha virgata,Native,Forb,Native,CalFlora,H4,3,H,4,MCL,Control,rgr_l_MJ,0.05797005497077635
H4.MICCAL.1,MICCAL,Micropus californicus,Native,Forb,Native,CalFlora,H4,3,H,4,MCL,Control,rgr_l_FM,0.0492276226933887
H4.MICCAL.1,MICCAL,Micropus californicus,Native,Forb,Native,CalFlora,H4,3,H,4,MCL,Control,rgr_l_MA,0.0326299801060911
H4.MICCAL.1,MICCAL,Micropus californicus,Native,Forb,Native,CalFlora,H4,3,H,4,MCL,Control,rgr_l_AM,NA
H4.MICCAL.1,MICCAL,Micropus californicus,Native,Forb,Native,CalFlora,H4,3,H,4,MCL,Control,rgr_l_MJ,NA
H4.PLAERE.1,PLAERE,Plantago erecta,Native,Forb,Native,CalFlora,H4,3,H,4,MCL,Control,rgr_l_FM,0.02803347893624546
H4.PLAERE.1,PLAERE,Plantago erecta,Native,Forb,Native,CalFlora,H4,3,H,4,MCL,Control,rgr_l_MA,0.01308851644833664
H4.PLAERE.1,PLAERE,Plantago erecta,Native,Forb,Native,CalFlora,H4,3,H,4,MCL,Control,rgr_l_AM,NA
H4.PLAERE.1,PLAERE,Plantago erecta,Native,Forb,Native,CalFlora,H4,3,H,4,MCL,Control,rgr_l_MJ,NA
H4.TRIHIR.1,TRIHIR,Trifolium hirtum,Non-native,Forb,Limited,Cal IPC,H4,3,H,4,MCL,Control,rgr_l_FM,0.03359528628477939
H4.TRIHIR.1,TRIHIR,Trifolium hirtum,Non-native,Forb,Limited,Cal IPC,H4,3,H,4,MCL,Control,rgr_l_MA,0.03893796582856414
H4.TRIHIR.1,TRIHIR,Trifolium hirtum,Non-native,Forb,Limited,Cal IPC,H4,3,H,4,MCL,Control,rgr_l_AM,0.0081716617805625991
H4.TRIHIR.1,TRIHIR,Trifolium hirtum,Non-native,Forb,Limited,Cal IPC,H4,3,H,4,MCL,Control,rgr_l_MJ,NA
H5.AVEBAR.1,AVEBAR,Avena barbata,Non-native,Grass,Moderate,Cal IPC,H5,3,H,5,BORR,Control,rgr_l_FM,NA
H5.AVEBAR.1,AVEBAR,Avena barbata,Non-native,Grass,Moderate,Cal IPC,H5,3,H,5,BORR,Control,rgr_l_MA,0.02718166114016666
H5.AVEBAR.1,AVEBAR,Avena barbata,Non-native,Grass,Moderate,Cal IPC,H5,3,H,5,BORR,Control,rgr_l_AM,-0.00814798363740855
H5.AVEBAR.1,AVEBAR,Avena barbata,Non-native,Grass,Moderate,Cal IPC,H5,3,H,5,BORR,Control,rgr_l_MJ,NA
H5.BRODIA.1,BRODIA,Bromus diandrus,Non-native,Grass,Moderate,Cal IPC,H5,3,H,5,BORR,Control,rgr_l_FM,NA
H5.BRODIA.1,BRODIA,Bromus diandrus,Non-native,Grass,Moderate,Cal IPC,H5,3,H,5,BORR,Control,rgr_l_MA,0
H5.BRODIA.1,BRODIA,Bromus diandrus,Non-native,Grass,Moderate,Cal IPC,H5,3,H,5,BORR,Control,rgr_l_AM,-0.03554600925948437
H5.BRODIA.1,BRODIA,Bromus diandrus,Non-native,Grass,Moderate,Cal IPC,H5,3,H,5,BORR,Control,rgr_l_MJ,NA
H5.BROHOR.1,BROHOR,Bromus hordeaceaus,Non-native,Grass,Limited,Cal IPC,H5,3,H,5,BORR,Control,rgr_l_FM,NA
H5.BROHOR.1,BROHOR,Bromus hordeaceaus,Non-native,Grass,Limited,Cal IPC,H5,3,H,5,BORR,Control,rgr_l_MA,0.00421442062631305
H5.BROHOR.1,BROHOR,Bromus hordeaceaus,Non-native,Grass,Limited,Cal IPC,H5,3,H,5,BORR,Control,rgr_l_AM,NA
H5.BROHOR.1,BROHOR,Bromus hordeaceaus,Non-native,Grass,Limited,Cal IPC,H5,3,H,5,BORR,Control,rgr_l_MJ,NA
H5.CLAPUR.1,CLAPUR,Clarkia purpurea,Native,Forb,Native,CalFlora,H5,3,H,5,BORR,Control,rgr_l_FM,0.05911553108865516
H5.CLAPUR.1,CLAPUR,Clarkia purpurea,Native,Forb,Native,CalFlora,H5,3,H,5,BORR,Control,rgr_l_MA,0.00987440311726104
H5.CLAPUR.1,CLAPUR,Clarkia purpurea,Native,Forb,Native,CalFlora,H5,3,H,5,BORR,Control,rgr_l_AM,0.00147864931259597
H5.CLAPUR.1,CLAPUR,Clarkia purpurea,Native,Forb,Native,CalFlora,H5,3,H,5,BORR,Control,rgr_l_MJ,NA
H5.DAUPUS.1,DAUPUS,Daucus pusillus,Native,Forb,Native,CalFlora,H5,3,H,5,BORR,Control,rgr_l_FM,0.02235958646967565
H5.DAUPUS.1,DAUPUS,Daucus pusillus,Native,Forb,Native,CalFlora,H5,3,H,5,BORR,Control,rgr_l_MA,0
H5.DAUPUS.1,DAUPUS,Daucus pusillus,Native,Forb,Native,CalFlora,H5,3,H,5,BORR,Control,rgr_l_AM,0
H5.DAUPUS.1,DAUPUS,Daucus pusillus,Native,Forb,Native,CalFlora,H5,3,H,5,BORR,Control,rgr_l_MJ,NA
H5.GERDIS.1,GERDIS,Geranium dissectum,Non-native,Forb,Limited,Cal IPC,H5,3,H,5,BORR,Control,rgr_l_FM,0.01516140739502372
H5.GERDIS.1,GERDIS,Geranium dissectum,Non-native,Forb,Limited,Cal IPC,H5,3,H,5,BORR,Control,rgr_l_MA,0.00471132142625535
H5.GERDIS.1,GERDIS,Geranium dissectum,Non-native,Forb,Limited,Cal IPC,H5,3,H,5,BORR,Control,rgr_l_AM,NA
H5.GERDIS.1,GERDIS,Geranium dissectum,Non-native,Forb,Limited,Cal IPC,H5,3,H,5,BORR,Control,rgr_l_MJ,NA
H5.MADGRA.1,MADGRA,Madia gracilis,Native,Forb,Native,CalFlora,H5,3,H,5,BORR,Control,rgr_l_FM,0.02235958646967565
H5.MADGRA.1,MADGRA,Madia gracilis,Native,Forb,Native,CalFlora,H5,3,H,5,BORR,Control,rgr_l_MA,0.06818992368953702
H5.MADGRA.1,MADGRA,Madia gracilis,Native,Forb,Native,CalFlora,H5,3,H,5,BORR,Control,rgr_l_AM,0.04002245024002957
H5.MADGRA.1,MADGRA,Madia gracilis,Native,Forb,Native,CalFlora,H5,3,H,5,BORR,Control,rgr_l_MJ,NA
H5.TORARV.1,TORARV,Torilis arvensis,Non-native,Forb,Moderate,Cal IPC,H5,3,H,5,BORR,Control,rgr_l_FM,0.02955776554432758
H5.TORARV.1,TORARV,Torilis arvensis,Non-native,Forb,Moderate,Cal IPC,H5,3,H,5,BORR,Control,rgr_l_MA,0
H5.TORARV.1,TORARV,Torilis arvensis,Non-native,Forb,Moderate,Cal IPC,H5,3,H,5,BORR,Control,rgr_l_AM,0.02640049787643995
H5.TORARV.1,TORARV,Torilis arvensis,Non-native,Forb,Moderate,Cal IPC,H5,3,H,5,BORR,Control,rgr_l_MJ,NA
H6.AIRCAR.1,AIRCAR,Aira caryophyllea,Non-native,Grass,Non-native,CalFlora,H6,3,H,6,ANGELO,Control,rgr_l_FM,0.03342232037699276
H6.AIRCAR.1,AIRCAR,Aira caryophyllea,Non-native,Grass,Non-native,CalFlora,H6,3,H,6,ANGELO,Control,rgr_l_MA,-0.00266765497994688
H6.AIRCAR.1,AIRCAR,Aira caryophyllea,Non-native,Grass,Non-native,CalFlora,H6,3,H,6,ANGELO,Control,rgr_l_AM,-0.0492355112737006
H6.AIRCAR.1,AIRCAR,Aira caryophyllea,Non-native,Grass,Non-native,CalFlora,H6,3,H,6,ANGELO,Control,rgr_l_MJ,NA
H6.BRODIA.1,BRODIA,Bromus diandrus,Non-native,Grass,Moderate,Cal IPC,H6,3,H,6,ANGELO,Control,rgr_l_FM,NA
H6.BRODIA.1,BRODIA,Bromus diandrus,Non-native,Grass,Moderate,Cal IPC,H6,3,H,6,ANGELO,Control,rgr_l_MA,0.02122513004248684
H6.BRODIA.1,BRODIA,Bromus diandrus,Non-native,Grass,Moderate,Cal IPC,H6,3,H,6,ANGELO,Control,rgr_l_AM,-0.02835877938373673
H6.BRODIA.1,BRODIA,Bromus diandrus,Non-native,Grass,Moderate,Cal IPC,H6,3,H,6,ANGELO,Control,rgr_l_MJ,NA
H6.BROHOR.1,BROHOR,Bromus hordeaceaus,Non-native,Grass,Limited,Cal IPC,H6,3,H,6,ANGELO,Control,rgr_l_FM,NA
H6.BROHOR.1,BROHOR,Bromus hordeaceaus,Non-native,Grass,Limited,Cal IPC,H6,3,H,6,ANGELO,Control,rgr_l_MA,0.01031316437208397
H6.BROHOR.1,BROHOR,Bromus hordeaceaus,Non-native,Grass,Limited,Cal IPC,H6,3,H,6,ANGELO,Control,rgr_l_AM,-0.05436879303710403
H6.BROHOR.1,BROHOR,Bromus hordeaceaus,Non-native,Grass,Limited,Cal IPC,H6,3,H,6,ANGELO,Control,rgr_l_MJ,NA
H6.ESCCAL.1,ESCCAL,Eschscholzia californica,Native,Forb,Native,CalFlora,H6,3,H,6,ANGELO,Control,rgr_l_FM,0.00719817907465194
H6.ESCCAL.1,ESCCAL,Eschscholzia californica,Native,Forb,Native,CalFlora,H6,3,H,6,ANGELO,Control,rgr_l_MA,0
H6.ESCCAL.1,ESCCAL,Eschscholzia californica,Native,Forb,Native,CalFlora,H6,3,H,6,ANGELO,Control,rgr_l_AM,-0.02130908678777105
H6.ESCCAL.1,ESCCAL,Eschscholzia californica,Native,Forb,Native,CalFlora,H6,3,H,6,ANGELO,Control,rgr_l_MJ,-0.03850817669777474
H6.GALPAR.1,GALPAR,Galium parisiense,Non-native,Forb,Non-native,CalFlora,H6,3,H,6,ANGELO,Control,rgr_l_FM,0.04851862570246045
H6.GALPAR.1,GALPAR,Galium parisiense,Non-native,Forb,Non-native,CalFlora,H6,3,H,6,ANGELO,Control,rgr_l_MA,0.02543955066879986
H6.GALPAR.1,GALPAR,Galium parisiense,Non-native,Forb,Non-native,CalFlora,H6,3,H,6,ANGELO,Control,rgr_l_AM,0.01104403754744017
H6.GALPAR.1,GALPAR,Galium parisiense,Non-native,Forb,Non-native,CalFlora,H6,3,H,6,ANGELO,Control,rgr_l_MJ,NA
H6.MADGRA.1,MADGRA,Madia gracilis,Native,Forb,Native,CalFlora,H6,3,H,6,ANGELO,Control,rgr_l_FM,0.03802112891424666
H6.MADGRA.1,MADGRA,Madia gracilis,Native,Forb,Native,CalFlora,H6,3,H,6,ANGELO,Control,rgr_l_MA,0.04394449154672438
H6.MADGRA.1,MADGRA,Madia gracilis,Native,Forb,Native,CalFlora,H6,3,H,6,ANGELO,Control,rgr_l_AM,0.04980705172892683
H6.MADGRA.1,MADGRA,Madia gracilis,Native,Forb,Native,CalFlora,H6,3,H,6,ANGELO,Control,rgr_l_MJ,NA
H7.BRODIA.1,BRODIA,Bromus diandrus,Non-native,Grass,Moderate,Cal IPC,H7,3,H,7,MCL,Control,rgr_l_FM,NA
H7.BRODIA.1,BRODIA,Bromus diandrus,Non-native,Grass,Moderate,Cal IPC,H7,3,H,7,MCL,Control,rgr_l_MA,0.02912954001484861
H7.BRODIA.1,BRODIA,Bromus diandrus,Non-native,Grass,Moderate,Cal IPC,H7,3,H,7,MCL,Control,rgr_l_AM,-0.03834599110474057
H7.BRODIA.1,BRODIA,Bromus diandrus,Non-native,Grass,Moderate,Cal IPC,H7,3,H,7,MCL,Control,rgr_l_MJ,NA
H7.BROHOR.1,BROHOR,Bromus hordeaceaus,Non-native,Grass,Limited,Cal IPC,H7,3,H,7,MCL,Control,rgr_l_FM,NA
H7.BROHOR.1,BROHOR,Bromus hordeaceaus,Non-native,Grass,Limited,Cal IPC,H7,3,H,7,MCL,Control,rgr_l_MA,0.00572403374562693
H7.BROHOR.1,BROHOR,Bromus hordeaceaus,Non-native,Grass,Limited,Cal IPC,H7,3,H,7,MCL,Control,rgr_l_AM,NA
H7.BROHOR.1,BROHOR,Bromus hordeaceaus,Non-native,Grass,Limited,Cal IPC,H7,3,H,7,MCL,Control,rgr_l_MJ,NA
H7.BROMAD.1,BROMAD,Bromus madritensis,Non-native,Grass,High,Cal IPC,H7,3,H,7,MCL,Control,rgr_l_FM,NA
H7.BROMAD.1,BROMAD,Bromus madritensis,Non-native,Grass,High,Cal IPC,H7,3,H,7,MCL,Control,rgr_l_MA,0.03092759552933927
H7.BROMAD.1,BROMAD,Bromus madritensis,Non-native,Grass,High,Cal IPC,H7,3,H,7,MCL,Control,rgr_l_AM,NA
H7.BROMAD.1,BROMAD,Bromus madritensis,Non-native,Grass,High,Cal IPC,H7,3,H,7,MCL,Control,rgr_l_MJ,NA
H7.ELYCAP.1,ELYCAP,Elymus caput-medusae,Non-native,Grass,High,Cal IPC,H7,3,H,7,MCL,Control,rgr_l_FM,0.03211058233654448
H7.ELYCAP.1,ELYCAP,Elymus caput-medusae,Non-native,Grass,High,Cal IPC,H7,3,H,7,MCL,Control,rgr_l_MA,0.01679415382241057
H7.ELYCAP.1,ELYCAP,Elymus caput-medusae,Non-native,Grass,High,Cal IPC,H7,3,H,7,MCL,Control,rgr_l_AM,-0.04633119402512651
H7.ELYCAP.1,ELYCAP,Elymus caput-medusae,Non-native,Grass,High,Cal IPC,H7,3,H,7,MCL,Control,rgr_l_MJ,NA
H7.EROBOT.1,EROBOT,Erodium botrys,Non-native,Forb,Non-native,CalFlora,H7,3,H,7,MCL,Control,rgr_l_FM,0.0130795196163924
H7.EROBOT.1,EROBOT,Erodium botrys,Non-native,Forb,Non-native,CalFlora,H7,3,H,7,MCL,Control,rgr_l_MA,0.02772588722239781
H7.EROBOT.1,EROBOT,Erodium botrys,Non-native,Forb,Non-native,CalFlora,H7,3,H,7,MCL,Control,rgr_l_AM,0.03890786964343979
H7.EROBOT.1,EROBOT,Erodium botrys,Non-native,Forb,Non-native,CalFlora,H7,3,H,7,MCL,Control,rgr_l_MJ,NA
H7.HOLVIR.1,HOLVIR,Holocarpha virgata,Native,Forb,Native,CalFlora,H7,3,H,7,MCL,Control,rgr_l_FM,Inf
H7.HOLVIR.1,HOLVIR,Holocarpha virgata,Native,Forb,Native,CalFlora,H7,3,H,7,MCL,Control,rgr_l_MA,0.01621860432432657
H7.HOLVIR.1,HOLVIR,Holocarpha virgata,Native,Forb,Native,CalFlora,H7,3,H,7,MCL,Control,rgr_l_AM,0.04786949145306984
H7.HOLVIR.1,HOLVIR,Holocarpha virgata,Native,Forb,Native,CalFlora,H7,3,H,7,MCL,Control,rgr_l_MJ,0.08773322373579903
H7.MICCAL.1,MICCAL,Micropus californicus,Native,Forb,Native,CalFlora,H7,3,H,7,MCL,Control,rgr_l_FM,0.05144179453860958
H7.MICCAL.1,MICCAL,Micropus californicus,Native,Forb,Native,CalFlora,H7,3,H,7,MCL,Control,rgr_l_MA,0.02682472269999667
H7.MICCAL.1,MICCAL,Micropus californicus,Native,Forb,Native,CalFlora,H7,3,H,7,MCL,Control,rgr_l_AM,NA
H7.MICCAL.1,MICCAL,Micropus californicus,Native,Forb,Native,CalFlora,H7,3,H,7,MCL,Control,rgr_l_MJ,NA
H7.PLAERE.1,PLAERE,Plantago erecta,Native,Forb,Native,CalFlora,H7,3,H,7,MCL,Control,rgr_l_FM,0.03386522982253798
H7.PLAERE.1,PLAERE,Plantago erecta,Native,Forb,Native,CalFlora,H7,3,H,7,MCL,Control,rgr_l_MA,0
H7.PLAERE.1,PLAERE,Plantago erecta,Native,Forb,Native,CalFlora,H7,3,H,7,MCL,Control,rgr_l_AM,NA
H7.PLAERE.1,PLAERE,Plantago erecta,Native,Forb,Native,CalFlora,H7,3,H,7,MCL,Control,rgr_l_MJ,NA
H7.TRIHIR.1,TRIHIR,Trifolium hirtum,Non-native,Forb,Limited,Cal IPC,H7,3,H,7,MCL,Control,rgr_l_FM,0.0404117086611409
H7.TRIHIR.1,TRIHIR,Trifolium hirtum,Non-native,Forb,Limited,Cal IPC,H7,3,H,7,MCL,Control,rgr_l_MA,0.03048560208187588
H7.TRIHIR.1,TRIHIR,Trifolium hirtum,Non-native,Forb,Limited,Cal IPC,H7,3,H,7,MCL,Control,rgr_l_AM,0.00278140317675569
H7.TRIHIR.1,TRIHIR,Trifolium hirtum,Non-native,Forb,Limited,Cal IPC,H7,3,H,7,MCL,Control,rgr_l_MJ,NA
H8.AVEFAT.1,AVEFAT,Avena fatua,Non-native,Grass,Moderate,Cal IPC,H8,3,H,8,SEDG,Control,rgr_l_FM,NA
H8.AVEFAT.1,AVEFAT,Avena fatua,Non-native,Grass,Moderate,Cal IPC,H8,3,H,8,SEDG,Control,rgr_l_MA,0.00228633655359793
H8.AVEFAT.1,AVEFAT,Avena fatua,Non-native,Grass,Moderate,Cal IPC,H8,3,H,8,SEDG,Control,rgr_l_AM,0.00887848829654151
H8.AVEFAT.1,AVEFAT,Avena fatua,Non-native,Grass,Moderate,Cal IPC,H8,3,H,8,SEDG,Control,rgr_l_MJ,NA
H8.BRODIA.1,BRODIA,Bromus diandrus,Non-native,Grass,Moderate,Cal IPC,H8,3,H,8,SEDG,Control,rgr_l_FM,NA
H8.BRODIA.1,BRODIA,Bromus diandrus,Non-native,Grass,Moderate,Cal IPC,H8,3,H,8,SEDG,Control,rgr_l_MA,0
H8.BRODIA.1,BRODIA,Bromus diandrus,Non-native,Grass,Moderate,Cal IPC,H8,3,H,8,SEDG,Control,rgr_l_AM,-0.02750350775038074
H8.BRODIA.1,BRODIA,Bromus diandrus,Non-native,Grass,Moderate,Cal IPC,H8,3,H,8,SEDG,Control,rgr_l_MJ,NA
H8.BROHOR.1,BROHOR,Bromus hordeaceaus,Non-native,Grass,Limited,Cal IPC,H8,3,H,8,SEDG,Control,rgr_l_FM,NA
H8.BROHOR.1,BROHOR,Bromus hordeaceaus,Non-native,Grass,Limited,Cal IPC,H8,3,H,8,SEDG,Control,rgr_l_MA,0.02112269720801986
H8.BROHOR.1,BROHOR,Bromus hordeaceaus,Non-native,Grass,Limited,Cal IPC,H8,3,H,8,SEDG,Control,rgr_l_AM,NA
H8.BROHOR.1,BROHOR,Bromus hordeaceaus,Non-native,Grass,Limited,Cal IPC,H8,3,H,8,SEDG,Control,rgr_l_MJ,NA
H8.BROMAD.1,BROMAD,Bromus madritensis,Non-native,Grass,High,Cal IPC,H8,3,H,8,SEDG,Control,rgr_l_FM,NA
H8.BROMAD.1,BROMAD,Bromus madritensis,Non-native,Grass,High,Cal IPC,H8,3,H,8,SEDG,Control,rgr_l_MA,0.00511333486039538
H8.BROMAD.1,BROMAD,Bromus madritensis,Non-native,Grass,High,Cal IPC,H8,3,H,8,SEDG,Control,rgr_l_AM,NA
H8.BROMAD.1,BROMAD,Bromus madritensis,Non-native,Grass,High,Cal IPC,H8,3,H,8,SEDG,Control,rgr_l_MJ,NA
H8.CENMEL.1,CENMEL,Centaurea melitensis,Non-native,Forb,Moderate,Cal IPC,H8,3,H,8,SEDG,Control,rgr_l_FM,0.0199690067227814
H8.CENMEL.1,CENMEL,Centaurea melitensis,Non-native,Forb,Moderate,Cal IPC,H8,3,H,8,SEDG,Control,rgr_l_MA,0.02615705869626655
H8.CENMEL.1,CENMEL,Centaurea melitensis,Non-native,Forb,Moderate,Cal IPC,H8,3,H,8,SEDG,Control,rgr_l_AM,0.08838451715798601
H8.CENMEL.1,CENMEL,Centaurea melitensis,Non-native,Forb,Moderate,Cal IPC,H8,3,H,8,SEDG,Control,rgr_l_MJ,NA
H8.CORFIL.1,CORFIL,Corethrogyne filaginafolia,Native,Forb,Native,CalFlora,H8,3,H,8,SEDG,Control,rgr_l_FM,0.02235958646967565
H8.CORFIL.1,CORFIL,Corethrogyne filaginafolia,Native,Forb,Native,CalFlora,H8,3,H,8,SEDG,Control,rgr_l_MA,-0.0277258872223978
H8.CORFIL.1,CORFIL,Corethrogyne filaginafolia,Native,Forb,Native,CalFlora,H8,3,H,8,SEDG,Control,rgr_l_AM,0.03065091415661643
H8.CORFIL.1,CORFIL,Corethrogyne filaginafolia,Native,Forb,Native,CalFlora,H8,3,H,8,SEDG,Control,rgr_l_MJ,0.01674164882005865
H8.EROCIC.1,EROCIC,Erodium cicutarium,Non-native,Forb,Non-native,CalFlora,H8,3,H,8,SEDG,Control,rgr_l_FM,NA
H8.EROCIC.1,EROCIC,Erodium cicutarium,Non-native,Forb,Non-native,CalFlora,H8,3,H,8,SEDG,Control,rgr_l_MA,0
H8.EROCIC.1,EROCIC,Erodium cicutarium,Non-native,Forb,Non-native,CalFlora,H8,3,H,8,SEDG,Control,rgr_l_AM,NA
H8.EROCIC.1,EROCIC,Erodium cicutarium,Non-native,Forb,Non-native,CalFlora,H8,3,H,8,SEDG,Control,rgr_l_MJ,NA
H8.ESCCAL.1,ESCCAL,Eschscholzia californica,Native,Forb,Native,CalFlora,H8,3,H,8,SEDG,Control,rgr_l_FM,0.0273321890447485
H8.ESCCAL.1,ESCCAL,Eschscholzia californica,Native,Forb,Native,CalFlora,H8,3,H,8,SEDG,Control,rgr_l_MA,0.02155986002930749
H8.ESCCAL.1,ESCCAL,Eschscholzia californica,Native,Forb,Native,CalFlora,H8,3,H,8,SEDG,Control,rgr_l_AM,0.02913402252314808
H8.ESCCAL.1,ESCCAL,Eschscholzia californica,Native,Forb,Native,CalFlora,H8,3,H,8,SEDG,Control,rgr_l_MJ,0.0557169558172737
H8.MICCAL.1,MICCAL,Micropus californicus,Native,Forb,Native,CalFlora,H8,3,H,8,SEDG,Control,rgr_l_FM,0.03818613216156182
H8.MICCAL.1,MICCAL,Micropus californicus,Native,Forb,Native,CalFlora,H8,3,H,8,SEDG,Control,rgr_l_MA,0.01859554114315861
H8.MICCAL.1,MICCAL,Micropus californicus,Native,Forb,Native,CalFlora,H8,3,H,8,SEDG,Control,rgr_l_AM,NA
H8.MICCAL.1,MICCAL,Micropus californicus,Native,Forb,Native,CalFlora,H8,3,H,8,SEDG,Control,rgr_l_MJ,NA
H8.STIPUL.1,STIPUL,Stipa pulchra,Native,Grass,Native,CalFlora,H8,3,H,8,SEDG,Control,rgr_l_FM,NA
H8.STIPUL.1,STIPUL,Stipa pulchra,Native,Grass,Native,CalFlora,H8,3,H,8,SEDG,Control,rgr_l_MA,0.00320170830694145
H8.STIPUL.1,STIPUL,Stipa pulchra,Native,Grass,Native,CalFlora,H8,3,H,8,SEDG,Control,rgr_l_AM,0.00168427209440276
H8.STIPUL.1,STIPUL,Stipa pulchra,Native,Grass,Native,CalFlora,H8,3,H,8,SEDG,Control,rgr_l_MJ,0.02385088871224497
I1.BROHOR.1,BROHOR,Bromus hordeaceaus,Non-native,Grass,Limited,Cal IPC,I1,4,I,1,BORR,Drought,rgr_l_FM,NA
I1.BROHOR.1,BROHOR,Bromus hordeaceaus,Non-native,Grass,Limited,Cal IPC,I1,4,I,1,BORR,Drought,rgr_l_MA,0.01380727350871997
I1.BROHOR.1,BROHOR,Bromus hordeaceaus,Non-native,Grass,Limited,Cal IPC,I1,4,I,1,BORR,Drought,rgr_l_AM,NA
I1.BROHOR.1,BROHOR,Bromus hordeaceaus,Non-native,Grass,Limited,Cal IPC,I1,4,I,1,BORR,Drought,rgr_l_MJ,NA
I1.DAUPUS.1,DAUPUS,Daucus pusillus,Native,Forb,Native,CalFlora,I1,4,I,1,BORR,Drought,rgr_l_FM,0.01891946754688853
I1.DAUPUS.1,DAUPUS,Daucus pusillus,Native,Forb,Native,CalFlora,I1,4,I,1,BORR,Drought,rgr_l_MA,-0.00697323597856905
I1.DAUPUS.1,DAUPUS,Daucus pusillus,Native,Forb,Native,CalFlora,I1,4,I,1,BORR,Drought,rgr_l_AM,-0.03554600925948437
I1.DAUPUS.1,DAUPUS,Daucus pusillus,Native,Forb,Native,CalFlora,I1,4,I,1,BORR,Drought,rgr_l_MJ,NA
I1.LUPBIC.1,LUPBIC,Lupinus bicolor,Native,Forb,Native,CalFlora,I1,4,I,1,BORR,Drought,rgr_l_FM,Inf
I1.LUPBIC.1,LUPBIC,Lupinus bicolor,Native,Forb,Native,CalFlora,I1,4,I,1,BORR,Drought,rgr_l_MA,0.02534156925676028
I1.LUPBIC.1,LUPBIC,Lupinus bicolor,Native,Forb,Native,CalFlora,I1,4,I,1,BORR,Drought,rgr_l_AM,NA
I1.LUPBIC.1,LUPBIC,Lupinus bicolor,Native,Forb,Native,CalFlora,I1,4,I,1,BORR,Drought,rgr_l_MJ,NA
I1.TORARV.1,TORARV,Torilis arvensis,Non-native,Forb,Moderate,Cal IPC,I1,4,I,1,BORR,Drought,rgr_l_FM,0.02567211779851648
I1.TORARV.1,TORARV,Torilis arvensis,Non-native,Forb,Moderate,Cal IPC,I1,4,I,1,BORR,Drought,rgr_l_MA,0
I1.TORARV.1,TORARV,Torilis arvensis,Non-native,Forb,Moderate,Cal IPC,I1,4,I,1,BORR,Drought,rgr_l_AM,0.04735411367328959
I1.TORARV.1,TORARV,Torilis arvensis,Non-native,Forb,Moderate,Cal IPC,I1,4,I,1,BORR,Drought,rgr_l_MJ,NA
I1.TRIHIR.1,TRIHIR,Trifolium hirtum,Non-native,Forb,Limited,Cal IPC,I1,4,I,1,BORR,Drought,rgr_l_FM,NA
I1.TRIHIR.1,TRIHIR,Trifolium hirtum,Non-native,Forb,Limited,Cal IPC,I1,4,I,1,BORR,Drought,rgr_l_MA,NA
I1.TRIHIR.1,TRIHIR,Trifolium hirtum,Non-native,Forb,Limited,Cal IPC,I1,4,I,1,BORR,Drought,rgr_l_AM,NA
I1.TRIHIR.1,TRIHIR,Trifolium hirtum,Non-native,Forb,Limited,Cal IPC,I1,4,I,1,BORR,Drought,rgr_l_MJ,NA
I1.VICSAT.1,VICSAT,Vicia sativa,Non-native,Forb,Non-native,CalFlora,I1,4,I,1,BORR,Drought,rgr_l_FM,0.02863666252716599
I1.VICSAT.1,VICSAT,Vicia sativa,Non-native,Forb,Non-native,CalFlora,I1,4,I,1,BORR,Drought,rgr_l_MA,0.02105403420946386
I1.VICSAT.1,VICSAT,Vicia sativa,Non-native,Forb,Non-native,CalFlora,I1,4,I,1,BORR,Drought,rgr_l_AM,NA
I1.VICSAT.1,VICSAT,Vicia sativa,Non-native,Forb,Non-native,CalFlora,I1,4,I,1,BORR,Drought,rgr_l_MJ,NA
I2.AVEFAT.1,AVEFAT,Avena fatua,Non-native,Grass,Moderate,Cal IPC,I2,4,I,2,SEDG,Drought,rgr_l_FM,NA
I2.AVEFAT.1,AVEFAT,Avena fatua,Non-native,Grass,Moderate,Cal IPC,I2,4,I,2,SEDG,Drought,rgr_l_MA,-0.00120207127586863
I2.AVEFAT.1,AVEFAT,Avena fatua,Non-native,Grass,Moderate,Cal IPC,I2,4,I,2,SEDG,Drought,rgr_l_AM,-0.01464230671291704
I2.AVEFAT.1,AVEFAT,Avena fatua,Non-native,Grass,Moderate,Cal IPC,I2,4,I,2,SEDG,Drought,rgr_l_MJ,NA
I2.BRODIA.1,BRODIA,Bromus diandrus,Non-native,Grass,Moderate,Cal IPC,I2,4,I,2,SEDG,Drought,rgr_l_FM,NA
I2.BRODIA.1,BRODIA,Bromus diandrus,Non-native,Grass,Moderate,Cal IPC,I2,4,I,2,SEDG,Drought,rgr_l_MA,0.03174751790071863
I2.BRODIA.1,BRODIA,Bromus diandrus,Non-native,Grass,Moderate,Cal IPC,I2,4,I,2,SEDG,Drought,rgr_l_AM,-0.04154149036346896
I2.BRODIA.1,BRODIA,Bromus diandrus,Non-native,Grass,Moderate,Cal IPC,I2,4,I,2,SEDG,Drought,rgr_l_MJ,NA
I2.BROMAD.1,BROMAD,Bromus madritensis,Non-native,Grass,High,Cal IPC,I2,4,I,2,SEDG,Drought,rgr_l_FM,NA
I2.BROMAD.1,BROMAD,Bromus madritensis,Non-native,Grass,High,Cal IPC,I2,4,I,2,SEDG,Drought,rgr_l_MA,0.00117938524946396
I2.BROMAD.1,BROMAD,Bromus madritensis,Non-native,Grass,High,Cal IPC,I2,4,I,2,SEDG,Drought,rgr_l_AM,NA
I2.BROMAD.1,BROMAD,Bromus madritensis,Non-native,Grass,High,Cal IPC,I2,4,I,2,SEDG,Drought,rgr_l_MJ,NA
I2.CENMEL.1,CENMEL,Centaurea melitensis,Non-native,Forb,Moderate,Cal IPC,I2,4,I,2,SEDG,Drought,rgr_l_FM,0.01501722622622831
I2.CENMEL.1,CENMEL,Centaurea melitensis,Non-native,Forb,Moderate,Cal IPC,I2,4,I,2,SEDG,Drought,rgr_l_MA,-0.06866326804175686
I2.CENMEL.1,CENMEL,Centaurea melitensis,Non-native,Forb,Moderate,Cal IPC,I2,4,I,2,SEDG,Drought,rgr_l_AM,0.12211872153765488
I2.CENMEL.1,CENMEL,Centaurea melitensis,Non-native,Forb,Moderate,Cal IPC,I2,4,I,2,SEDG,Drought,rgr_l_MJ,NA
I2.CORFIL.1,CORFIL,Corethrogyne filaginafolia,Native,Forb,Native,CalFlora,I2,4,I,2,SEDG,Drought,rgr_l_FM,0.00675265025162795
I2.CORFIL.1,CORFIL,Corethrogyne filaginafolia,Native,Forb,Native,CalFlora,I2,4,I,2,SEDG,Drought,rgr_l_MA,NA
I2.CORFIL.1,CORFIL,Corethrogyne filaginafolia,Native,Forb,Native,CalFlora,I2,4,I,2,SEDG,Drought,rgr_l_AM,NA
I2.CORFIL.1,CORFIL,Corethrogyne filaginafolia,Native,Forb,Native,CalFlora,I2,4,I,2,SEDG,Drought,rgr_l_MJ,NA
I2.STIPUL.1,STIPUL,Stipa pulchra,Native,Grass,Native,CalFlora,I2,4,I,2,SEDG,Drought,rgr_l_FM,NA
I2.STIPUL.1,STIPUL,Stipa pulchra,Native,Grass,Native,CalFlora,I2,4,I,2,SEDG,Drought,rgr_l_MA,0
I2.STIPUL.1,STIPUL,Stipa pulchra,Native,Grass,Native,CalFlora,I2,4,I,2,SEDG,Drought,rgr_l_AM,0.00988939288068694
I2.STIPUL.1,STIPUL,Stipa pulchra,Native,Grass,Native,CalFlora,I2,4,I,2,SEDG,Drought,rgr_l_MJ,-0.00692841386214022
I3.AMSMEN.1,AMSMEN,Amsinckia menziesii,Native,Forb,Native,CalFlora,I3,4,I,3,WWP,Drought,rgr_l_FM,0.00971719498027744
I3.AMSMEN.1,AMSMEN,Amsinckia menziesii,Native,Forb,Native,CalFlora,I3,4,I,3,WWP,Drought,rgr_l_MA,0.02043520210645824
I3.AMSMEN.1,AMSMEN,Amsinckia menziesii,Native,Forb,Native,CalFlora,I3,4,I,3,WWP,Drought,rgr_l_AM,NA
I3.AMSMEN.1,AMSMEN,Amsinckia menziesii,Native,Forb,Native,CalFlora,I3,4,I,3,WWP,Drought,rgr_l_MJ,NA
I3.AVEBAR.1,AVEBAR,Avena barbata,Non-native,Grass,Moderate,Cal IPC,I3,4,I,3,WWP,Drought,rgr_l_FM,NA
I3.AVEBAR.1,AVEBAR,Avena barbata,Non-native,Grass,Moderate,Cal IPC,I3,4,I,3,WWP,Drought,rgr_l_MA,0
I3.AVEBAR.1,AVEBAR,Avena barbata,Non-native,Grass,Moderate,Cal IPC,I3,4,I,3,WWP,Drought,rgr_l_AM,-0.02038668178117486
I3.AVEBAR.1,AVEBAR,Avena barbata,Non-native,Grass,Moderate,Cal IPC,I3,4,I,3,WWP,Drought,rgr_l_MJ,NA
I3.BRODIA.1,BRODIA,Bromus diandrus,Non-native,Grass,Moderate,Cal IPC,I3,4,I,3,WWP,Drought,rgr_l_FM,NA
I3.BRODIA.1,BRODIA,Bromus diandrus,Non-native,Grass,Moderate,Cal IPC,I3,4,I,3,WWP,Drought,rgr_l_MA,0.00610339851002393
I3.BRODIA.1,BRODIA,Bromus diandrus,Non-native,Grass,Moderate,Cal IPC,I3,4,I,3,WWP,Drought,rgr_l_AM,-0.01287702052542903
I3.BRODIA.1,BRODIA,Bromus diandrus,Non-native,Grass,Moderate,Cal IPC,I3,4,I,3,WWP,Drought,rgr_l_MJ,NA
I3.BROMAD.1,BROMAD,Bromus madritensis,Non-native,Grass,High,Cal IPC,I3,4,I,3,WWP,Drought,rgr_l_FM,NA
I3.BROMAD.1,BROMAD,Bromus madritensis,Non-native,Grass,High,Cal IPC,I3,4,I,3,WWP,Drought,rgr_l_MA,-0.00312760807990571
I3.BROMAD.1,BROMAD,Bromus madritensis,Non-native,Grass,High,Cal IPC,I3,4,I,3,WWP,Drought,rgr_l_AM,NA
I3.BROMAD.1,BROMAD,Bromus madritensis,Non-native,Grass,High,Cal IPC,I3,4,I,3,WWP,Drought,rgr_l_MJ,NA
I3.LUPSUC.1,LUPSUC,NA,NA,NA,NA,NA,I3,4,I,3,WWP,Drought,rgr_l_FM,NA
I3.LUPSUC.1,LUPSUC,NA,NA,NA,NA,NA,I3,4,I,3,WWP,Drought,rgr_l_MA,NA
I3.LUPSUC.1,LUPSUC,NA,NA,NA,NA,NA,I3,4,I,3,WWP,Drought,rgr_l_AM,NA
I3.LUPSUC.1,LUPSUC,NA,NA,NA,NA,NA,I3,4,I,3,WWP,Drought,rgr_l_MJ,NA
I4.BROHOR.1,BROHOR,Bromus hordeaceaus,Non-native,Grass,Limited,Cal IPC,I4,4,I,4,BORR,Drought,rgr_l_FM,NA
I4.BROHOR.1,BROHOR,Bromus hordeaceaus,Non-native,Grass,Limited,Cal IPC,I4,4,I,4,BORR,Drought,rgr_l_MA,-0.00231587412980381
I4.BROHOR.1,BROHOR,Bromus hordeaceaus,Non-native,Grass,Limited,Cal IPC,I4,4,I,4,BORR,Drought,rgr_l_AM,NA
I4.BROHOR.1,BROHOR,Bromus hordeaceaus,Non-native,Grass,Limited,Cal IPC,I4,4,I,4,BORR,Drought,rgr_l_MJ,NA
I4.DAUPUS.1,DAUPUS,Daucus pusillus,Native,Forb,Native,CalFlora,I4,4,I,4,BORR,Drought,rgr_l_FM,0.01891946754688853
I4.DAUPUS.1,DAUPUS,Daucus pusillus,Native,Forb,Native,CalFlora,I4,4,I,4,BORR,Drought,rgr_l_MA,-0.00697323597856905
I4.DAUPUS.1,DAUPUS,Daucus pusillus,Native,Forb,Native,CalFlora,I4,4,I,4,BORR,Drought,rgr_l_AM,0
I4.DAUPUS.1,DAUPUS,Daucus pusillus,Native,Forb,Native,CalFlora,I4,4,I,4,BORR,Drought,rgr_l_MJ,NA
I4.EROBOT.1,EROBOT,Erodium botrys,Non-native,Forb,Non-native,CalFlora,I4,4,I,4,BORR,Drought,rgr_l_FM,0.01387753516449668
I4.EROBOT.1,EROBOT,Erodium botrys,Non-native,Forb,Non-native,CalFlora,I4,4,I,4,BORR,Drought,rgr_l_MA,0.03089410604543066
I4.EROBOT.1,EROBOT,Erodium botrys,Non-native,Forb,Non-native,CalFlora,I4,4,I,4,BORR,Drought,rgr_l_AM,NA
I4.EROBOT.1,EROBOT,Erodium botrys,Non-native,Forb,Non-native,CalFlora,I4,4,I,4,BORR,Drought,rgr_l_MJ,NA
I4.GERDIS.1,GERDIS,Geranium dissectum,Non-native,Forb,Limited,Cal IPC,I4,4,I,4,BORR,Drought,rgr_l_FM,NA
I4.GERDIS.1,GERDIS,Geranium dissectum,Non-native,Forb,Limited,Cal IPC,I4,4,I,4,BORR,Drought,rgr_l_MA,NA
I4.GERDIS.1,GERDIS,Geranium dissectum,Non-native,Forb,Limited,Cal IPC,I4,4,I,4,BORR,Drought,rgr_l_AM,NA
I4.GERDIS.1,GERDIS,Geranium dissectum,Non-native,Forb,Limited,Cal IPC,I4,4,I,4,BORR,Drought,rgr_l_MJ,NA
I4.MADGRA.1,MADGRA,Madia gracilis,Native,Forb,Native,CalFlora,I4,4,I,4,BORR,Drought,rgr_l_FM,0.01965289818748778
I4.MADGRA.1,MADGRA,Madia gracilis,Native,Forb,Native,CalFlora,I4,4,I,4,BORR,Drought,rgr_l_MA,0.06521148693037215
I4.MADGRA.1,MADGRA,Madia gracilis,Native,Forb,Native,CalFlora,I4,4,I,4,BORR,Drought,rgr_l_AM,0.03932569186327375
I4.MADGRA.1,MADGRA,Madia gracilis,Native,Forb,Native,CalFlora,I4,4,I,4,BORR,Drought,rgr_l_MJ,NA
I4.TORARV.1,TORARV,Torilis arvensis,Non-native,Forb,Moderate,Cal IPC,I4,4,I,4,BORR,Drought,rgr_l_FM,0.01891946754688853
I4.TORARV.1,TORARV,Torilis arvensis,Non-native,Forb,Moderate,Cal IPC,I4,4,I,4,BORR,Drought,rgr_l_MA,-0.00697323597856905
I4.TORARV.1,TORARV,Torilis arvensis,Non-native,Forb,Moderate,Cal IPC,I4,4,I,4,BORR,Drought,rgr_l_AM,0.01925408834888736
I4.TORARV.1,TORARV,Torilis arvensis,Non-native,Forb,Moderate,Cal IPC,I4,4,I,4,BORR,Drought,rgr_l_MJ,NA
I4.TRIHIR.1,TRIHIR,Trifolium hirtum,Non-native,Forb,Limited,Cal IPC,I4,4,I,4,BORR,Drought,rgr_l_FM,NA
I4.TRIHIR.1,TRIHIR,Trifolium hirtum,Non-native,Forb,Limited,Cal IPC,I4,4,I,4,BORR,Drought,rgr_l_MA,0.03433163402087843
I4.TRIHIR.1,TRIHIR,Trifolium hirtum,Non-native,Forb,Limited,Cal IPC,I4,4,I,4,BORR,Drought,rgr_l_AM,NA
I4.TRIHIR.1,TRIHIR,Trifolium hirtum,Non-native,Forb,Limited,Cal IPC,I4,4,I,4,BORR,Drought,rgr_l_MJ,NA
I4.VICSAT.1,VICSAT,Vicia sativa,Non-native,Forb,Non-native,CalFlora,I4,4,I,4,BORR,Drought,rgr_l_FM,0.02409583578300553
I4.VICSAT.1,VICSAT,Vicia sativa,Non-native,Forb,Non-native,CalFlora,I4,4,I,4,BORR,Drought,rgr_l_MA,0.02608742805071788
I4.VICSAT.1,VICSAT,Vicia sativa,Non-native,Forb,Non-native,CalFlora,I4,4,I,4,BORR,Drought,rgr_l_AM,NA
I4.VICSAT.1,VICSAT,Vicia sativa,Non-native,Forb,Non-native,CalFlora,I4,4,I,4,BORR,Drought,rgr_l_MJ,NA
I5.ACMPAR.1,ACMPAR,Acmispon parviflorus,Native,Forb,Native,CalFlora,I5,4,I,5,ANGELO,Drought,rgr_l_FM,NA
I5.ACMPAR.1,ACMPAR,Acmispon parviflorus,Native,Forb,Native,CalFlora,I5,4,I,5,ANGELO,Drought,rgr_l_MA,NA
I5.ACMPAR.1,ACMPAR,Acmispon parviflorus,Native,Forb,Native,CalFlora,I5,4,I,5,ANGELO,Drought,rgr_l_AM,0.03159623213359155
I5.ACMPAR.1,ACMPAR,Acmispon parviflorus,Native,Forb,Native,CalFlora,I5,4,I,5,ANGELO,Drought,rgr_l_MJ,NA
I5.AIRCAR.1,AIRCAR,Aira caryophyllea,Non-native,Grass,Non-native,CalFlora,I5,4,I,5,ANGELO,Drought,rgr_l_FM,0.02245030926508479
I5.AIRCAR.1,AIRCAR,Aira caryophyllea,Non-native,Grass,Non-native,CalFlora,I5,4,I,5,ANGELO,Drought,rgr_l_MA,0.01566678764152452
I5.AIRCAR.1,AIRCAR,Aira caryophyllea,Non-native,Grass,Non-native,CalFlora,I5,4,I,5,ANGELO,Drought,rgr_l_AM,-0.08283022165960001
I5.AIRCAR.1,AIRCAR,Aira caryophyllea,Non-native,Grass,Non-native,CalFlora,I5,4,I,5,ANGELO,Drought,rgr_l_MJ,NA
I5.BROHOR.1,BROHOR,Bromus hordeaceaus,Non-native,Grass,Limited,Cal IPC,I5,4,I,5,ANGELO,Drought,rgr_l_FM,NA
I5.BROHOR.1,BROHOR,Bromus hordeaceaus,Non-native,Grass,Limited,Cal IPC,I5,4,I,5,ANGELO,Drought,rgr_l_MA,0.00859430364340333
I5.BROHOR.1,BROHOR,Bromus hordeaceaus,Non-native,Grass,Limited,Cal IPC,I5,4,I,5,ANGELO,Drought,rgr_l_AM,NA
I5.BROHOR.1,BROHOR,Bromus hordeaceaus,Non-native,Grass,Limited,Cal IPC,I5,4,I,5,ANGELO,Drought,rgr_l_MJ,NA
I5.DAUPUS.1,DAUPUS,Daucus pusillus,Native,Forb,Native,CalFlora,I5,4,I,5,ANGELO,Drought,rgr_l_FM,0.01201686559361474
I5.DAUPUS.1,DAUPUS,Daucus pusillus,Native,Forb,Native,CalFlora,I5,4,I,5,ANGELO,Drought,rgr_l_MA,-0.02824326201290678
I5.DAUPUS.1,DAUPUS,Daucus pusillus,Native,Forb,Native,CalFlora,I5,4,I,5,ANGELO,Drought,rgr_l_AM,NA
I5.DAUPUS.1,DAUPUS,Daucus pusillus,Native,Forb,Native,CalFlora,I5,4,I,5,ANGELO,Drought,rgr_l_MJ,NA
I5.ESCCAL.1,ESCCAL,Eschscholzia californica,Native,Forb,Native,CalFlora,I5,4,I,5,ANGELO,Drought,rgr_l_FM,0.01201686559361473
I5.ESCCAL.1,ESCCAL,Eschscholzia californica,Native,Forb,Native,CalFlora,I5,4,I,5,ANGELO,Drought,rgr_l_MA,0
I5.ESCCAL.1,ESCCAL,Eschscholzia californica,Native,Forb,Native,CalFlora,I5,4,I,5,ANGELO,Drought,rgr_l_AM,NA
I5.ESCCAL.1,ESCCAL,Eschscholzia californica,Native,Forb,Native,CalFlora,I5,4,I,5,ANGELO,Drought,rgr_l_MJ,NA
I5.GALPAR.1,GALPAR,Galium parisiense,Non-native,Forb,Non-native,CalFlora,I5,4,I,5,ANGELO,Drought,rgr_l_FM,0.04951051289713894
I5.GALPAR.1,GALPAR,Galium parisiense,Non-native,Forb,Non-native,CalFlora,I5,4,I,5,ANGELO,Drought,rgr_l_MA,0.02771831678063548
I5.GALPAR.1,GALPAR,Galium parisiense,Non-native,Forb,Non-native,CalFlora,I5,4,I,5,ANGELO,Drought,rgr_l_AM,-0.00189701709860204
I5.GALPAR.1,GALPAR,Galium parisiense,Non-native,Forb,Non-native,CalFlora,I5,4,I,5,ANGELO,Drought,rgr_l_MJ,NA
I5.HYPGLA.1,HYPGLA,Hypochaeris glabra,Non-native,Forb,Limited,Cal IPC,I5,4,I,5,ANGELO,Drought,rgr_l_FM,0.01758844589634978
I5.HYPGLA.1,HYPGLA,Hypochaeris glabra,Non-native,Forb,Limited,Cal IPC,I5,4,I,5,ANGELO,Drought,rgr_l_MA,0.01095013556573453
I5.HYPGLA.1,HYPGLA,Hypochaeris glabra,Non-native,Forb,Limited,Cal IPC,I5,4,I,5,ANGELO,Drought,rgr_l_AM,NA
I5.HYPGLA.1,HYPGLA,Hypochaeris glabra,Non-native,Forb,Limited,Cal IPC,I5,4,I,5,ANGELO,Drought,rgr_l_MJ,NA
I6.AIRCAR.1,AIRCAR,Aira caryophyllea,Non-native,Grass,Non-native,CalFlora,I6,4,I,6,ANGELO,Drought,rgr_l_FM,0.02245030926508479
I6.AIRCAR.1,AIRCAR,Aira caryophyllea,Non-native,Grass,Non-native,CalFlora,I6,4,I,6,ANGELO,Drought,rgr_l_MA,-0.03054302439580517
I6.AIRCAR.1,AIRCAR,Aira caryophyllea,Non-native,Grass,Non-native,CalFlora,I6,4,I,6,ANGELO,Drought,rgr_l_AM,-Inf
I6.AIRCAR.1,AIRCAR,Aira caryophyllea,Non-native,Grass,Non-native,CalFlora,I6,4,I,6,ANGELO,Drought,rgr_l_MJ,NA
I6.BROHOR.1,BROHOR,Bromus hordeaceaus,Non-native,Grass,Limited,Cal IPC,I6,4,I,6,ANGELO,Drought,rgr_l_FM,NA
I6.BROHOR.1,BROHOR,Bromus hordeaceaus,Non-native,Grass,Limited,Cal IPC,I6,4,I,6,ANGELO,Drought,rgr_l_MA,0.01102212983418218
I6.BROHOR.1,BROHOR,Bromus hordeaceaus,Non-native,Grass,Limited,Cal IPC,I6,4,I,6,ANGELO,Drought,rgr_l_AM,-0.03076297593236603
I6.BROHOR.1,BROHOR,Bromus hordeaceaus,Non-native,Grass,Limited,Cal IPC,I6,4,I,6,ANGELO,Drought,rgr_l_MJ,NA
I6.DAUPUS.1,DAUPUS,Daucus pusillus,Native,Forb,Native,CalFlora,I6,4,I,6,ANGELO,Drought,rgr_l_FM,0.04474153458912029
I6.DAUPUS.1,DAUPUS,Daucus pusillus,Native,Forb,Native,CalFlora,I6,4,I,6,ANGELO,Drought,rgr_l_MA,0
I6.DAUPUS.1,DAUPUS,Daucus pusillus,Native,Forb,Native,CalFlora,I6,4,I,6,ANGELO,Drought,rgr_l_AM,NA
I6.DAUPUS.1,DAUPUS,Daucus pusillus,Native,Forb,Native,CalFlora,I6,4,I,6,ANGELO,Drought,rgr_l_MJ,NA
I6.ESCCAL.1-I5,ESCCAL,Eschscholzia californica,Native,Forb,Native,CalFlora,I6,4,I,6,ANGELO,Drought,rgr_l_FM,NA
I6.ESCCAL.1-I5,ESCCAL,Eschscholzia californica,Native,Forb,Native,CalFlora,I6,4,I,6,ANGELO,Drought,rgr_l_MA,0.03054302439580516
I6.ESCCAL.1-I5,ESCCAL,Eschscholzia californica,Native,Forb,Native,CalFlora,I6,4,I,6,ANGELO,Drought,rgr_l_AM,NA
I6.ESCCAL.1-I5,ESCCAL,Eschscholzia californica,Native,Forb,Native,CalFlora,I6,4,I,6,ANGELO,Drought,rgr_l_MJ,NA
I7.AVEBAR.1,AVEBAR,Avena barbata,Non-native,Grass,Moderate,Cal IPC,I7,4,I,7,MCL,Drought,rgr_l_FM,NA
I7.AVEBAR.1,AVEBAR,Avena barbata,Non-native,Grass,Moderate,Cal IPC,I7,4,I,7,MCL,Drought,rgr_l_MA,-0.00193360636619023
I7.AVEBAR.1,AVEBAR,Avena barbata,Non-native,Grass,Moderate,Cal IPC,I7,4,I,7,MCL,Drought,rgr_l_AM,-0.00269537836413624
I7.AVEBAR.1,AVEBAR,Avena barbata,Non-native,Grass,Moderate,Cal IPC,I7,4,I,7,MCL,Drought,rgr_l_MJ,NA
I7.BRODIA.1,BRODIA,Bromus diandrus,Non-native,Grass,Moderate,Cal IPC,I7,4,I,7,MCL,Drought,rgr_l_FM,NA
I7.BRODIA.1,BRODIA,Bromus diandrus,Non-native,Grass,Moderate,Cal IPC,I7,4,I,7,MCL,Drought,rgr_l_MA,0.01763167178700161
I7.BRODIA.1,BRODIA,Bromus diandrus,Non-native,Grass,Moderate,Cal IPC,I7,4,I,7,MCL,Drought,rgr_l_AM,-0.04095003840593318
I7.BRODIA.1,BRODIA,Bromus diandrus,Non-native,Grass,Moderate,Cal IPC,I7,4,I,7,MCL,Drought,rgr_l_MJ,NA
I7.ELYCAP.1,ELYCAP,Elymus caput-medusae,Non-native,Grass,High,Cal IPC,I7,4,I,7,MCL,Drought,rgr_l_FM,0.0347093065367488
I7.ELYCAP.1,ELYCAP,Elymus caput-medusae,Non-native,Grass,High,Cal IPC,I7,4,I,7,MCL,Drought,rgr_l_MA,0.02580730067871572
I7.ELYCAP.1,ELYCAP,Elymus caput-medusae,Non-native,Grass,High,Cal IPC,I7,4,I,7,MCL,Drought,rgr_l_AM,-0.03482200592507247
I7.ELYCAP.1,ELYCAP,Elymus caput-medusae,Non-native,Grass,High,Cal IPC,I7,4,I,7,MCL,Drought,rgr_l_MJ,NA
I7.HOLVIR.1,HOLVIR,Holocarpha virgata,Native,Forb,Native,CalFlora,I7,4,I,7,MCL,Drought,rgr_l_FM,0.0392361531667182
I7.HOLVIR.1,HOLVIR,Holocarpha virgata,Native,Forb,Native,CalFlora,I7,4,I,7,MCL,Drought,rgr_l_MA,0.01596330074268721
I7.HOLVIR.1,HOLVIR,Holocarpha virgata,Native,Forb,Native,CalFlora,I7,4,I,7,MCL,Drought,rgr_l_AM,0.14374793963562052
I7.HOLVIR.1,HOLVIR,Holocarpha virgata,Native,Forb,Native,CalFlora,I7,4,I,7,MCL,Drought,rgr_l_MJ,0.08432363378835284
I7.MICCAL.1,MICCAL,Micropus californicus,Native,Forb,Native,CalFlora,I7,4,I,7,MCL,Drought,rgr_l_FM,0.04917198632733381
I7.MICCAL.1,MICCAL,Micropus californicus,Native,Forb,Native,CalFlora,I7,4,I,7,MCL,Drought,rgr_l_MA,0.02504252391250558
I7.MICCAL.1,MICCAL,Micropus californicus,Native,Forb,Native,CalFlora,I7,4,I,7,MCL,Drought,rgr_l_AM,NA
I7.MICCAL.1,MICCAL,Micropus californicus,Native,Forb,Native,CalFlora,I7,4,I,7,MCL,Drought,rgr_l_MJ,NA
I7.PLAERE.1,PLAERE,Plantago erecta,Native,Forb,Native,CalFlora,I7,4,I,7,MCL,Drought,rgr_l_FM,-0.01027435973042074
I7.PLAERE.1,PLAERE,Plantago erecta,Native,Forb,Native,CalFlora,I7,4,I,7,MCL,Drought,rgr_l_MA,0.0179801295282363
I7.PLAERE.1,PLAERE,Plantago erecta,Native,Forb,Native,CalFlora,I7,4,I,7,MCL,Drought,rgr_l_AM,NA
I7.PLAERE.1,PLAERE,Plantago erecta,Native,Forb,Native,CalFlora,I7,4,I,7,MCL,Drought,rgr_l_MJ,NA
I8.AIRCAR.1,AIRCAR,Aira caryophyllea,Non-native,Grass,Non-native,CalFlora,I8,4,I,8,ANGELO,Drought,rgr_l_FM,0.03462144847100369
I8.AIRCAR.1,AIRCAR,Aira caryophyllea,Non-native,Grass,Non-native,CalFlora,I8,4,I,8,ANGELO,Drought,rgr_l_MA,0.00113005172252271
I8.AIRCAR.1,AIRCAR,Aira caryophyllea,Non-native,Grass,Non-native,CalFlora,I8,4,I,8,ANGELO,Drought,rgr_l_AM,-0.06716343401807551
I8.AIRCAR.1,AIRCAR,Aira caryophyllea,Non-native,Grass,Non-native,CalFlora,I8,4,I,8,ANGELO,Drought,rgr_l_MJ,NA
I8.BROHOR.1,BROHOR,Bromus hordeaceaus,Non-native,Grass,Limited,Cal IPC,I8,4,I,8,ANGELO,Drought,rgr_l_FM,NA
I8.BROHOR.1,BROHOR,Bromus hordeaceaus,Non-native,Grass,Limited,Cal IPC,I8,4,I,8,ANGELO,Drought,rgr_l_MA,0.00973788076003868
I8.BROHOR.1,BROHOR,Bromus hordeaceaus,Non-native,Grass,Limited,Cal IPC,I8,4,I,8,ANGELO,Drought,rgr_l_AM,NA
I8.BROHOR.1,BROHOR,Bromus hordeaceaus,Non-native,Grass,Limited,Cal IPC,I8,4,I,8,ANGELO,Drought,rgr_l_MJ,NA
I8.CLAPUR.1,CLAPUR,Clarkia purpurea,Native,Forb,Native,CalFlora,I8,4,I,8,ANGELO,Drought,rgr_l_FM,0.05626915574137211
I8.CLAPUR.1,CLAPUR,Clarkia purpurea,Native,Forb,Native,CalFlora,I8,4,I,8,ANGELO,Drought,rgr_l_MA,0.01815757251472239
I8.CLAPUR.1,CLAPUR,Clarkia purpurea,Native,Forb,Native,CalFlora,I8,4,I,8,ANGELO,Drought,rgr_l_AM,0.00788422307046053
I8.CLAPUR.1,CLAPUR,Clarkia purpurea,Native,Forb,Native,CalFlora,I8,4,I,8,ANGELO,Drought,rgr_l_MJ,NA
I8.DANCAL.1,DANCAL,Danthonia californica,Native,Grass,Native,CalFlora,I8,4,I,8,ANGELO,Drought,rgr_l_FM,NA
I8.DANCAL.1,DANCAL,Danthonia californica,Native,Grass,Native,CalFlora,I8,4,I,8,ANGELO,Drought,rgr_l_MA,NA
I8.DANCAL.1,DANCAL,Danthonia californica,Native,Grass,Native,CalFlora,I8,4,I,8,ANGELO,Drought,rgr_l_AM,NA
I8.DANCAL.1,DANCAL,Danthonia californica,Native,Grass,Native,CalFlora,I8,4,I,8,ANGELO,Drought,rgr_l_MJ,0
I8.DAUPUS.1,DAUPUS,Daucus pusillus,Native,Forb,Native,CalFlora,I8,4,I,8,ANGELO,Drought,rgr_l_FM,0.01998627814055081
I8.DAUPUS.1,DAUPUS,Daucus pusillus,Native,Forb,Native,CalFlora,I8,4,I,8,ANGELO,Drought,rgr_l_MA,-0.01865385959784742
I8.DAUPUS.1,DAUPUS,Daucus pusillus,Native,Forb,Native,CalFlora,I8,4,I,8,ANGELO,Drought,rgr_l_AM,0.01399039469838556
I8.DAUPUS.1,DAUPUS,Daucus pusillus,Native,Forb,Native,CalFlora,I8,4,I,8,ANGELO,Drought,rgr_l_MJ,NA
I8.GALPAR.1,GALPAR,Galium parisiense,Non-native,Forb,Non-native,CalFlora,I8,4,I,8,ANGELO,Drought,rgr_l_FM,0.0508583817536692
I8.GALPAR.1,GALPAR,Galium parisiense,Non-native,Forb,Non-native,CalFlora,I8,4,I,8,ANGELO,Drought,rgr_l_MA,0.03338161800714871
I8.GALPAR.1,GALPAR,Galium parisiense,Non-native,Forb,Non-native,CalFlora,I8,4,I,8,ANGELO,Drought,rgr_l_AM,-0.00577664379688711
I8.GALPAR.1,GALPAR,Galium parisiense,Non-native,Forb,Non-native,CalFlora,I8,4,I,8,ANGELO,Drought,rgr_l_MJ,NA
I8.HYPGLA.1,HYPGLA,Hypochaeris glabra,Non-native,Forb,Limited,Cal IPC,I8,4,I,8,ANGELO,Drought,rgr_l_FM,0.00596621730939878
I8.HYPGLA.1,HYPGLA,Hypochaeris glabra,Non-native,Forb,Limited,Cal IPC,I8,4,I,8,ANGELO,Drought,rgr_l_MA,0.00838324958108373
I8.HYPGLA.1,HYPGLA,Hypochaeris glabra,Non-native,Forb,Limited,Cal IPC,I8,4,I,8,ANGELO,Drought,rgr_l_AM,0.00451441470827151
I8.HYPGLA.1,HYPGLA,Hypochaeris glabra,Non-native,Forb,Limited,Cal IPC,I8,4,I,8,ANGELO,Drought,rgr_l_MJ,NA
J1.BRODIA.1,BRODIA,Bromus diandrus,Non-native,Grass,Moderate,Cal IPC,J1,5,J,1,BORR,Drought,rgr_l_FM,NA
J1.BRODIA.1,BRODIA,Bromus diandrus,Non-native,Grass,Moderate,Cal IPC,J1,5,J,1,BORR,Drought,rgr_l_MA,-0.00117938524946396
J1.BRODIA.1,BRODIA,Bromus diandrus,Non-native,Grass,Moderate,Cal IPC,J1,5,J,1,BORR,Drought,rgr_l_AM,-0.01571560962626491
J1.BRODIA.1,BRODIA,Bromus diandrus,Non-native,Grass,Moderate,Cal IPC,J1,5,J,1,BORR,Drought,rgr_l_MJ,NA
J1.BROHOR.1,BROHOR,Bromus hordeaceaus,Non-native,Grass,Limited,Cal IPC,J1,5,J,1,BORR,Drought,rgr_l_FM,NA
J1.BROHOR.1,BROHOR,Bromus hordeaceaus,Non-native,Grass,Limited,Cal IPC,J1,5,J,1,BORR,Drought,rgr_l_MA,0.00201682878554909
J1.BROHOR.1,BROHOR,Bromus hordeaceaus,Non-native,Grass,Limited,Cal IPC,J1,5,J,1,BORR,Drought,rgr_l_AM,NA
J1.BROHOR.1,BROHOR,Bromus hordeaceaus,Non-native,Grass,Limited,Cal IPC,J1,5,J,1,BORR,Drought,rgr_l_MJ,NA
J1.DAUPUS.1,DAUPUS,Daucus pusillus,Native,Forb,Native,CalFlora,J1,5,J,1,BORR,Drought,rgr_l_FM,0.02043302495063962
J1.DAUPUS.1,DAUPUS,Daucus pusillus,Native,Forb,Native,CalFlora,J1,5,J,1,BORR,Drought,rgr_l_MA,0
J1.DAUPUS.1,DAUPUS,Daucus pusillus,Native,Forb,Native,CalFlora,J1,5,J,1,BORR,Drought,rgr_l_AM,0.0088545325426635
J1.DAUPUS.1,DAUPUS,Daucus pusillus,Native,Forb,Native,CalFlora,J1,5,J,1,BORR,Drought,rgr_l_MJ,NA
J1.EROBOT.1,EROBOT,Erodium botrys,Non-native,Forb,Non-native,CalFlora,J1,5,J,1,BORR,Drought,rgr_l_FM,0.0223846315174169
J1.EROBOT.1,EROBOT,Erodium botrys,Non-native,Forb,Non-native,CalFlora,J1,5,J,1,BORR,Drought,rgr_l_MA,0.03065091415661645
J1.EROBOT.1,EROBOT,Erodium botrys,Non-native,Forb,Non-native,CalFlora,J1,5,J,1,BORR,Drought,rgr_l_AM,0.03376094754384357
J1.EROBOT.1,EROBOT,Erodium botrys,Non-native,Forb,Non-native,CalFlora,J1,5,J,1,BORR,Drought,rgr_l_MJ,NA
J1.MADGRA.1,MADGRA,Madia gracilis,Native,Forb,Native,CalFlora,J1,5,J,1,BORR,Drought,rgr_l_FM,0.02567415544689577
J1.MADGRA.1,MADGRA,Madia gracilis,Native,Forb,Native,CalFlora,J1,5,J,1,BORR,Drought,rgr_l_MA,0.04860533409886952
J1.MADGRA.1,MADGRA,Madia gracilis,Native,Forb,Native,CalFlora,J1,5,J,1,BORR,Drought,rgr_l_AM,0.05430558187827006
J1.MADGRA.1,MADGRA,Madia gracilis,Native,Forb,Native,CalFlora,J1,5,J,1,BORR,Drought,rgr_l_MJ,NA
J1.TORARV.1,TORARV,Torilis arvensis,Non-native,Forb,Moderate,Cal IPC,J1,5,J,1,BORR,Drought,rgr_l_FM,0.0277258872223978
J1.TORARV.1,TORARV,Torilis arvensis,Non-native,Forb,Moderate,Cal IPC,J1,5,J,1,BORR,Drought,rgr_l_MA,-0.02166084939249828
J1.TORARV.1,TORARV,Torilis arvensis,Non-native,Forb,Moderate,Cal IPC,J1,5,J,1,BORR,Drought,rgr_l_AM,0.02802369294319217
J1.TORARV.1,TORARV,Torilis arvensis,Non-native,Forb,Moderate,Cal IPC,J1,5,J,1,BORR,Drought,rgr_l_MJ,NA
J1.TRIHIR.1,TRIHIR,Trifolium hirtum,Non-native,Forb,Limited,Cal IPC,J1,5,J,1,BORR,Drought,rgr_l_FM,0.02772588722239781
J1.TRIHIR.1,TRIHIR,Trifolium hirtum,Non-native,Forb,Limited,Cal IPC,J1,5,J,1,BORR,Drought,rgr_l_MA,0.03433163402087842
J1.TRIHIR.1,TRIHIR,Trifolium hirtum,Non-native,Forb,Limited,Cal IPC,J1,5,J,1,BORR,Drought,rgr_l_AM,NA
J1.TRIHIR.1,TRIHIR,Trifolium hirtum,Non-native,Forb,Limited,Cal IPC,J1,5,J,1,BORR,Drought,rgr_l_MJ,NA
J1.VICSAT.1,VICSAT,Vicia sativa,Non-native,Forb,Non-native,CalFlora,J1,5,J,1,BORR,Drought,rgr_l_FM,0.03306714292737871
J1.VICSAT.1,VICSAT,Vicia sativa,Non-native,Forb,Non-native,CalFlora,J1,5,J,1,BORR,Drought,rgr_l_MA,0.02262246372583434
J1.VICSAT.1,VICSAT,Vicia sativa,Non-native,Forb,Non-native,CalFlora,J1,5,J,1,BORR,Drought,rgr_l_AM,NA
J1.VICSAT.1,VICSAT,Vicia sativa,Non-native,Forb,Non-native,CalFlora,J1,5,J,1,BORR,Drought,rgr_l_MJ,NA
J2.ACMPAR.1,ACMPAR,Acmispon parviflorus,Native,Forb,Native,CalFlora,J2,5,J,2,ANGELO,Drought,rgr_l_FM,-0.0053412557049809
J2.ACMPAR.1,ACMPAR,Acmispon parviflorus,Native,Forb,Native,CalFlora,J2,5,J,2,ANGELO,Drought,rgr_l_MA,0.02583370541201462
J2.ACMPAR.1,ACMPAR,Acmispon parviflorus,Native,Forb,Native,CalFlora,J2,5,J,2,ANGELO,Drought,rgr_l_AM,0.01179458263401981
J2.ACMPAR.1,ACMPAR,Acmispon parviflorus,Native,Forb,Native,CalFlora,J2,5,J,2,ANGELO,Drought,rgr_l_MJ,NA
J2.AIRCAR.1,AIRCAR,Aira caryophyllea,Non-native,Grass,Non-native,CalFlora,J2,5,J,2,ANGELO,Drought,rgr_l_FM,0.02567415544689577
J2.AIRCAR.1,AIRCAR,Aira caryophyllea,Non-native,Grass,Non-native,CalFlora,J2,5,J,2,ANGELO,Drought,rgr_l_MA,0.00312760807990571
J2.AIRCAR.1,AIRCAR,Aira caryophyllea,Non-native,Grass,Non-native,CalFlora,J2,5,J,2,ANGELO,Drought,rgr_l_AM,-0.10873294420440796
J2.AIRCAR.1,AIRCAR,Aira caryophyllea,Non-native,Grass,Non-native,CalFlora,J2,5,J,2,ANGELO,Drought,rgr_l_MJ,NA
J2.BROHOR.1,BROHOR,Bromus hordeaceaus,Non-native,Grass,Limited,Cal IPC,J2,5,J,2,ANGELO,Drought,rgr_l_FM,NA
J2.BROHOR.1,BROHOR,Bromus hordeaceaus,Non-native,Grass,Limited,Cal IPC,J2,5,J,2,ANGELO,Drought,rgr_l_MA,0.00766007681353078
J2.BROHOR.1,BROHOR,Bromus hordeaceaus,Non-native,Grass,Limited,Cal IPC,J2,5,J,2,ANGELO,Drought,rgr_l_AM,NA
J2.BROHOR.1,BROHOR,Bromus hordeaceaus,Non-native,Grass,Limited,Cal IPC,J2,5,J,2,ANGELO,Drought,rgr_l_MJ,NA
J2.CLAPUR.1,CLAPUR,Clarkia purpurea,Native,Forb,Native,CalFlora,J2,5,J,2,ANGELO,Drought,rgr_l_FM,0.03353316761617773
J2.CLAPUR.1,CLAPUR,Clarkia purpurea,Native,Forb,Native,CalFlora,J2,5,J,2,ANGELO,Drought,rgr_l_MA,0.03753957633525602
J2.CLAPUR.1,CLAPUR,Clarkia purpurea,Native,Forb,Native,CalFlora,J2,5,J,2,ANGELO,Drought,rgr_l_AM,-0.01895433759997583
J2.CLAPUR.1,CLAPUR,Clarkia purpurea,Native,Forb,Native,CalFlora,J2,5,J,2,ANGELO,Drought,rgr_l_MJ,NA
J2.DAUPUS.1,DAUPUS,Daucus pusillus,Native,Forb,Native,CalFlora,J2,5,J,2,ANGELO,Drought,rgr_l_FM,0.01345888946484851
J2.DAUPUS.1,DAUPUS,Daucus pusillus,Native,Forb,Native,CalFlora,J2,5,J,2,ANGELO,Drought,rgr_l_MA,0
J2.DAUPUS.1,DAUPUS,Daucus pusillus,Native,Forb,Native,CalFlora,J2,5,J,2,ANGELO,Drought,rgr_l_AM,0
J2.DAUPUS.1,DAUPUS,Daucus pusillus,Native,Forb,Native,CalFlora,J2,5,J,2,ANGELO,Drought,rgr_l_MJ,NA
J2.GALPAR.1,GALPAR,Galium parisiense,Non-native,Forb,Non-native,CalFlora,J2,5,J,2,ANGELO,Drought,rgr_l_FM,0.03860323584174349
J2.GALPAR.1,GALPAR,Galium parisiense,Non-native,Forb,Non-native,CalFlora,J2,5,J,2,ANGELO,Drought,rgr_l_MA,0.03174751790071863
J2.GALPAR.1,GALPAR,Galium parisiense,Non-native,Forb,Non-native,CalFlora,J2,5,J,2,ANGELO,Drought,rgr_l_AM,0.01664326130169012
J2.GALPAR.1,GALPAR,Galium parisiense,Non-native,Forb,Non-native,CalFlora,J2,5,J,2,ANGELO,Drought,rgr_l_MJ,NA
J2.HYPGLA.1,HYPGLA,Hypochaeris glabra,Non-native,Forb,Limited,Cal IPC,J2,5,J,2,ANGELO,Drought,rgr_l_FM,0.02476156833624894
J2.HYPGLA.1,HYPGLA,Hypochaeris glabra,Non-native,Forb,Limited,Cal IPC,J2,5,J,2,ANGELO,Drought,rgr_l_MA,0.00838324958108373
J2.HYPGLA.1,HYPGLA,Hypochaeris glabra,Non-native,Forb,Limited,Cal IPC,J2,5,J,2,ANGELO,Drought,rgr_l_AM,0.01540445795971615
J2.HYPGLA.1,HYPGLA,Hypochaeris glabra,Non-native,Forb,Limited,Cal IPC,J2,5,J,2,ANGELO,Drought,rgr_l_MJ,NA
J2.MADGRA.1,MADGRA,Madia gracilis,Native,Forb,Native,CalFlora,J2,5,J,2,ANGELO,Drought,rgr_l_FM,0.02514434637689497
J2.MADGRA.1,MADGRA,Madia gracilis,Native,Forb,Native,CalFlora,J2,5,J,2,ANGELO,Drought,rgr_l_MA,0.06051064681372382
J2.MADGRA.1,MADGRA,Madia gracilis,Native,Forb,Native,CalFlora,J2,5,J,2,ANGELO,Drought,rgr_l_AM,0.05857748369649045
J2.MADGRA.1,MADGRA,Madia gracilis,Native,Forb,Native,CalFlora,J2,5,J,2,ANGELO,Drought,rgr_l_MJ,NA
J3.BRODIA.1,BRODIA,Bromus diandrus,Non-native,Grass,Moderate,Cal IPC,J3,5,J,3,MCL,Drought,rgr_l_FM,NA
J3.BRODIA.1,BRODIA,Bromus diandrus,Non-native,Grass,Moderate,Cal IPC,J3,5,J,3,MCL,Drought,rgr_l_MA,0.00507871654680545
J3.BRODIA.1,BRODIA,Bromus diandrus,Non-native,Grass,Moderate,Cal IPC,J3,5,J,3,MCL,Drought,rgr_l_AM,NA
J3.BRODIA.1,BRODIA,Bromus diandrus,Non-native,Grass,Moderate,Cal IPC,J3,5,J,3,MCL,Drought,rgr_l_MJ,NA
J3.BROHOR.1,BROHOR,Bromus hordeaceaus,Non-native,Grass,Limited,Cal IPC,J3,5,J,3,MCL,Drought,rgr_l_FM,NA
J3.BROHOR.1,BROHOR,Bromus hordeaceaus,Non-native,Grass,Limited,Cal IPC,J3,5,J,3,MCL,Drought,rgr_l_MA,0
J3.BROHOR.1,BROHOR,Bromus hordeaceaus,Non-native,Grass,Limited,Cal IPC,J3,5,J,3,MCL,Drought,rgr_l_AM,NA
J3.BROHOR.1,BROHOR,Bromus hordeaceaus,Non-native,Grass,Limited,Cal IPC,J3,5,J,3,MCL,Drought,rgr_l_MJ,NA
J3.ELYCAP.1,ELYCAP,Elymus caput-medusae,Non-native,Grass,High,Cal IPC,J3,5,J,3,MCL,Drought,rgr_l_FM,0.02888538869732789
J3.ELYCAP.1,ELYCAP,Elymus caput-medusae,Non-native,Grass,High,Cal IPC,J3,5,J,3,MCL,Drought,rgr_l_MA,0.00921248563189515
J3.ELYCAP.1,ELYCAP,Elymus caput-medusae,Non-native,Grass,High,Cal IPC,J3,5,J,3,MCL,Drought,rgr_l_AM,-0.05011151191196698
J3.ELYCAP.1,ELYCAP,Elymus caput-medusae,Non-native,Grass,High,Cal IPC,J3,5,J,3,MCL,Drought,rgr_l_MJ,NA
J3.HOLVIR.1,HOLVIR,Holocarpha virgata,Native,Forb,Native,CalFlora,J3,5,J,3,MCL,Drought,rgr_l_FM,0.02772588722239781
J3.HOLVIR.1,HOLVIR,Holocarpha virgata,Native,Forb,Native,CalFlora,J3,5,J,3,MCL,Drought,rgr_l_MA,0.01748799337298195
J3.HOLVIR.1,HOLVIR,Holocarpha virgata,Native,Forb,Native,CalFlora,J3,5,J,3,MCL,Drought,rgr_l_AM,0.10241695137602869
J3.HOLVIR.1,HOLVIR,Holocarpha virgata,Native,Forb,Native,CalFlora,J3,5,J,3,MCL,Drought,rgr_l_MJ,0.09715233800802024
J3.MICCAL.1,MICCAL,Micropus californicus,Native,Forb,Native,CalFlora,J3,5,J,3,MCL,Drought,rgr_l_FM,0.03194030784871085
J3.MICCAL.1,MICCAL,Micropus californicus,Native,Forb,Native,CalFlora,J3,5,J,3,MCL,Drought,rgr_l_MA,0.04292861184103222
J3.MICCAL.1,MICCAL,Micropus californicus,Native,Forb,Native,CalFlora,J3,5,J,3,MCL,Drought,rgr_l_AM,NA
J3.MICCAL.1,MICCAL,Micropus californicus,Native,Forb,Native,CalFlora,J3,5,J,3,MCL,Drought,rgr_l_MJ,NA
J4.AMSMEN.1,AMSMEN,Amsinckia menziesii,Native,Forb,Native,CalFlora,J4,5,J,4,WWP,Drought,rgr_l_FM,-0.00320170830694145
J4.AMSMEN.1,AMSMEN,Amsinckia menziesii,Native,Forb,Native,CalFlora,J4,5,J,4,WWP,Drought,rgr_l_MA,NA
J4.AMSMEN.1,AMSMEN,Amsinckia menziesii,Native,Forb,Native,CalFlora,J4,5,J,4,WWP,Drought,rgr_l_AM,NA
J4.AMSMEN.1,AMSMEN,Amsinckia menziesii,Native,Forb,Native,CalFlora,J4,5,J,4,WWP,Drought,rgr_l_MJ,NA
J4.AVEBAR.1,AVEBAR,Avena barbata,Non-native,Grass,Moderate,Cal IPC,J4,5,J,4,WWP,Drought,rgr_l_FM,0.05545177444479563
J4.AVEBAR.1,AVEBAR,Avena barbata,Non-native,Grass,Moderate,Cal IPC,J4,5,J,4,WWP,Drought,rgr_l_MA,0.00289071479644151
J4.AVEBAR.1,AVEBAR,Avena barbata,Non-native,Grass,Moderate,Cal IPC,J4,5,J,4,WWP,Drought,rgr_l_AM,0
J4.AVEBAR.1,AVEBAR,Avena barbata,Non-native,Grass,Moderate,Cal IPC,J4,5,J,4,WWP,Drought,rgr_l_MJ,NA
J4.BRODIA.1,BRODIA,Bromus diandrus,Non-native,Grass,Moderate,Cal IPC,J4,5,J,4,WWP,Drought,rgr_l_FM,NA
J4.BRODIA.1,BRODIA,Bromus diandrus,Non-native,Grass,Moderate,Cal IPC,J4,5,J,4,WWP,Drought,rgr_l_MA,0.01307951961639239
J4.BRODIA.1,BRODIA,Bromus diandrus,Non-native,Grass,Moderate,Cal IPC,J4,5,J,4,WWP,Drought,rgr_l_AM,-0.02252583933934246
J4.BRODIA.1,BRODIA,Bromus diandrus,Non-native,Grass,Moderate,Cal IPC,J4,5,J,4,WWP,Drought,rgr_l_MJ,NA
J4.BROMAD.1,BROMAD,Bromus madritensis,Non-native,Grass,High,Cal IPC,J4,5,J,4,WWP,Drought,rgr_l_FM,NA
J4.BROMAD.1,BROMAD,Bromus madritensis,Non-native,Grass,High,Cal IPC,J4,5,J,4,WWP,Drought,rgr_l_MA,-0.01085394311681332
J4.BROMAD.1,BROMAD,Bromus madritensis,Non-native,Grass,High,Cal IPC,J4,5,J,4,WWP,Drought,rgr_l_AM,NA
J4.BROMAD.1,BROMAD,Bromus madritensis,Non-native,Grass,High,Cal IPC,J4,5,J,4,WWP,Drought,rgr_l_MJ,NA
J5.BRODIA.1,BRODIA,Bromus diandrus,Non-native,Grass,Moderate,Cal IPC,J5,5,J,5,SEDG,Drought,rgr_l_FM,NA
J5.BRODIA.1,BRODIA,Bromus diandrus,Non-native,Grass,Moderate,Cal IPC,J5,5,J,5,SEDG,Drought,rgr_l_MA,-0.0081988832646091
J5.BRODIA.1,BRODIA,Bromus diandrus,Non-native,Grass,Moderate,Cal IPC,J5,5,J,5,SEDG,Drought,rgr_l_AM,NA
J5.BRODIA.1,BRODIA,Bromus diandrus,Non-native,Grass,Moderate,Cal IPC,J5,5,J,5,SEDG,Drought,rgr_l_MJ,NA
J5.BROMAD.1,BROMAD,Bromus madritensis,Non-native,Grass,High,Cal IPC,J5,5,J,5,SEDG,Drought,rgr_l_FM,NA
J5.BROMAD.1,BROMAD,Bromus madritensis,Non-native,Grass,High,Cal IPC,J5,5,J,5,SEDG,Drought,rgr_l_MA,-0.00819888326460908
J5.BROMAD.1,BROMAD,Bromus madritensis,Non-native,Grass,High,Cal IPC,J5,5,J,5,SEDG,Drought,rgr_l_AM,NA
J5.BROMAD.1,BROMAD,Bromus madritensis,Non-native,Grass,High,Cal IPC,J5,5,J,5,SEDG,Drought,rgr_l_MJ,NA
J5.CORFIL.1,CORFIL,Corethrogyne filaginafolia,Native,Forb,Native,CalFlora,J5,5,J,5,SEDG,Drought,rgr_l_FM,0.00892574205256838
J5.CORFIL.1,CORFIL,Corethrogyne filaginafolia,Native,Forb,Native,CalFlora,J5,5,J,5,SEDG,Drought,rgr_l_MA,0.00569754864981108
J5.CORFIL.1,CORFIL,Corethrogyne filaginafolia,Native,Forb,Native,CalFlora,J5,5,J,5,SEDG,Drought,rgr_l_AM,0.01824377227735682
J5.CORFIL.1,CORFIL,Corethrogyne filaginafolia,Native,Forb,Native,CalFlora,J5,5,J,5,SEDG,Drought,rgr_l_MJ,0.02026850568627995
J5.MICCAL.1,MICCAL,Micropus californicus,Native,Forb,Native,CalFlora,J5,5,J,5,SEDG,Drought,rgr_l_FM,0.03898238559992524
J5.MICCAL.1,MICCAL,Micropus californicus,Native,Forb,Native,CalFlora,J5,5,J,5,SEDG,Drought,rgr_l_MA,0.03452755942755327
J5.MICCAL.1,MICCAL,Micropus californicus,Native,Forb,Native,CalFlora,J5,5,J,5,SEDG,Drought,rgr_l_AM,NA
J5.MICCAL.1,MICCAL,Micropus californicus,Native,Forb,Native,CalFlora,J5,5,J,5,SEDG,Drought,rgr_l_MJ,NA
J5.STIPUL.1,STIPUL,Stipa pulchra,Native,Grass,Native,CalFlora,J5,5,J,5,SEDG,Drought,rgr_l_FM,NA
J5.STIPUL.1,STIPUL,Stipa pulchra,Native,Grass,Native,CalFlora,J5,5,J,5,SEDG,Drought,rgr_l_MA,0.0159633007426872
J5.STIPUL.1,STIPUL,Stipa pulchra,Native,Grass,Native,CalFlora,J5,5,J,5,SEDG,Drought,rgr_l_AM,-0.01277064059414976
J5.STIPUL.1,STIPUL,Stipa pulchra,Native,Grass,Native,CalFlora,J5,5,J,5,SEDG,Drought,rgr_l_MJ,0
J6.BROHOR.1,BROHOR,Bromus hordeaceaus,Non-native,Grass,Limited,Cal IPC,J6,5,J,6,MCL,Drought,rgr_l_FM,NA
J6.BROHOR.1,BROHOR,Bromus hordeaceaus,Non-native,Grass,Limited,Cal IPC,J6,5,J,6,MCL,Drought,rgr_l_MA,0.01114609199808538
J6.BROHOR.1,BROHOR,Bromus hordeaceaus,Non-native,Grass,Limited,Cal IPC,J6,5,J,6,MCL,Drought,rgr_l_AM,NA
J6.BROHOR.1,BROHOR,Bromus hordeaceaus,Non-native,Grass,Limited,Cal IPC,J6,5,J,6,MCL,Drought,rgr_l_MJ,NA
J6.BROMAD.1,BROMAD,Bromus madritensis,Non-native,Grass,High,Cal IPC,J6,5,J,6,MCL,Drought,rgr_l_FM,NA
J6.BROMAD.1,BROMAD,Bromus madritensis,Non-native,Grass,High,Cal IPC,J6,5,J,6,MCL,Drought,rgr_l_MA,-0.00403786660875019
J6.BROMAD.1,BROMAD,Bromus madritensis,Non-native,Grass,High,Cal IPC,J6,5,J,6,MCL,Drought,rgr_l_AM,NA
J6.BROMAD.1,BROMAD,Bromus madritensis,Non-native,Grass,High,Cal IPC,J6,5,J,6,MCL,Drought,rgr_l_MJ,NA
J6.ELYCAP.1,ELYCAP,Elymus caput-medusae,Non-native,Grass,High,Cal IPC,J6,5,J,6,MCL,Drought,rgr_l_FM,0.03368731038881732
J6.ELYCAP.1,ELYCAP,Elymus caput-medusae,Non-native,Grass,High,Cal IPC,J6,5,J,6,MCL,Drought,rgr_l_MA,0.02507332726640429
J6.ELYCAP.1,ELYCAP,Elymus caput-medusae,Non-native,Grass,High,Cal IPC,J6,5,J,6,MCL,Drought,rgr_l_AM,0.00524778921455933
J6.ELYCAP.1,ELYCAP,Elymus caput-medusae,Non-native,Grass,High,Cal IPC,J6,5,J,6,MCL,Drought,rgr_l_MJ,NA
J6.LUPBIC.1,LUPBIC,Lupinus bicolor,Native,Forb,Native,CalFlora,J6,5,J,6,MCL,Drought,rgr_l_FM,0.02772588722239781
J6.LUPBIC.1,LUPBIC,Lupinus bicolor,Native,Forb,Native,CalFlora,J6,5,J,6,MCL,Drought,rgr_l_MA,NA
J6.LUPBIC.1,LUPBIC,Lupinus bicolor,Native,Forb,Native,CalFlora,J6,5,J,6,MCL,Drought,rgr_l_AM,NA
J6.LUPBIC.1,LUPBIC,Lupinus bicolor,Native,Forb,Native,CalFlora,J6,5,J,6,MCL,Drought,rgr_l_MJ,NA
J6.MICCAL.1,MICCAL,Micropus californicus,Native,Forb,Native,CalFlora,J6,5,J,6,MCL,Drought,rgr_l_FM,0.03923317012046905
J6.MICCAL.1,MICCAL,Micropus californicus,Native,Forb,Native,CalFlora,J6,5,J,6,MCL,Drought,rgr_l_MA,0.0301587780013621
J6.MICCAL.1,MICCAL,Micropus californicus,Native,Forb,Native,CalFlora,J6,5,J,6,MCL,Drought,rgr_l_AM,NA
J6.MICCAL.1,MICCAL,Micropus californicus,Native,Forb,Native,CalFlora,J6,5,J,6,MCL,Drought,rgr_l_MJ,NA
J7.AMSMEN.1,AMSMEN,Amsinckia menziesii,Native,Forb,Native,CalFlora,J7,5,J,7,WWP,Drought,rgr_l_FM,0.03529556720793895
J7.AMSMEN.1,AMSMEN,Amsinckia menziesii,Native,Forb,Native,CalFlora,J7,5,J,7,WWP,Drought,rgr_l_MA,-0.01722846728807283
J7.AMSMEN.1,AMSMEN,Amsinckia menziesii,Native,Forb,Native,CalFlora,J7,5,J,7,WWP,Drought,rgr_l_AM,NA
J7.AMSMEN.1,AMSMEN,Amsinckia menziesii,Native,Forb,Native,CalFlora,J7,5,J,7,WWP,Drought,rgr_l_MJ,NA
J7.AVEBAR.1,AVEBAR,Avena barbata,Non-native,Grass,Moderate,Cal IPC,J7,5,J,7,WWP,Drought,rgr_l_FM,0.08898494206097336
J7.AVEBAR.1,AVEBAR,Avena barbata,Non-native,Grass,Moderate,Cal IPC,J7,5,J,7,WWP,Drought,rgr_l_MA,0.01336883155132017
J7.AVEBAR.1,AVEBAR,Avena barbata,Non-native,Grass,Moderate,Cal IPC,J7,5,J,7,WWP,Drought,rgr_l_AM,-0.00275076641208305
J7.AVEBAR.1,AVEBAR,Avena barbata,Non-native,Grass,Moderate,Cal IPC,J7,5,J,7,WWP,Drought,rgr_l_MJ,NA
J7.BROARE.1,BROARE,Bromus arenarius,Non-native,Grass,Non-native,CalFlora,J7,5,J,7,WWP,Drought,rgr_l_FM,NA
J7.BROARE.1,BROARE,Bromus arenarius,Non-native,Grass,Non-native,CalFlora,J7,5,J,7,WWP,Drought,rgr_l_MA,0.0117066288286893
J7.BROARE.1,BROARE,Bromus arenarius,Non-native,Grass,Non-native,CalFlora,J7,5,J,7,WWP,Drought,rgr_l_AM,-0.02379740351243153
J7.BROARE.1,BROARE,Bromus arenarius,Non-native,Grass,Non-native,CalFlora,J7,5,J,7,WWP,Drought,rgr_l_MJ,NA
J7.BRODIA.1,BRODIA,Bromus diandrus,Non-native,Grass,Moderate,Cal IPC,J7,5,J,7,WWP,Drought,rgr_l_FM,NA
J7.BRODIA.1,BRODIA,Bromus diandrus,Non-native,Grass,Moderate,Cal IPC,J7,5,J,7,WWP,Drought,rgr_l_MA,-0.00105773622009647
J7.BRODIA.1,BRODIA,Bromus diandrus,Non-native,Grass,Moderate,Cal IPC,J7,5,J,7,WWP,Drought,rgr_l_AM,-0.05596952834839625
J7.BRODIA.1,BRODIA,Bromus diandrus,Non-native,Grass,Moderate,Cal IPC,J7,5,J,7,WWP,Drought,rgr_l_MJ,NA
J7.BROMAD.1,BROMAD,Bromus madritensis,Non-native,Grass,High,Cal IPC,J7,5,J,7,WWP,Drought,rgr_l_FM,NA
J7.BROMAD.1,BROMAD,Bromus madritensis,Non-native,Grass,High,Cal IPC,J7,5,J,7,WWP,Drought,rgr_l_MA,0.00949159590315935
J7.BROMAD.1,BROMAD,Bromus madritensis,Non-native,Grass,High,Cal IPC,J7,5,J,7,WWP,Drought,rgr_l_AM,NA
J7.BROMAD.1,BROMAD,Bromus madritensis,Non-native,Grass,High,Cal IPC,J7,5,J,7,WWP,Drought,rgr_l_MJ,NA
J7.EROCIC.1,EROCIC,Erodium cicutarium,Non-native,Forb,Non-native,CalFlora,J7,5,J,7,WWP,Drought,rgr_l_FM,NA
J7.EROCIC.1,EROCIC,Erodium cicutarium,Non-native,Forb,Non-native,CalFlora,J7,5,J,7,WWP,Drought,rgr_l_MA,0.01647824592793518
J7.EROCIC.1,EROCIC,Erodium cicutarium,Non-native,Forb,Non-native,CalFlora,J7,5,J,7,WWP,Drought,rgr_l_AM,0.01175009073114338
J7.EROCIC.1,EROCIC,Erodium cicutarium,Non-native,Forb,Non-native,CalFlora,J7,5,J,7,WWP,Drought,rgr_l_MJ,NA
J7.LUPMIC.1,LUPMIC,Lupinus microcarpus,Native,Forb,Native,CalFlora,J7,5,J,7,WWP,Drought,rgr_l_FM,Inf
J7.LUPMIC.1,LUPMIC,Lupinus microcarpus,Native,Forb,Native,CalFlora,J7,5,J,7,WWP,Drought,rgr_l_MA,0.05191735201400323
J7.LUPMIC.1,LUPMIC,Lupinus microcarpus,Native,Forb,Native,CalFlora,J7,5,J,7,WWP,Drought,rgr_l_AM,NA
J7.LUPMIC.1,LUPMIC,Lupinus microcarpus,Native,Forb,Native,CalFlora,J7,5,J,7,WWP,Drought,rgr_l_MJ,NA
J8.BRODIA.1,BRODIA,Bromus diandrus,Non-native,Grass,Moderate,Cal IPC,J8,5,J,8,SEDG,Drought,rgr_l_FM,NA
J8.BRODIA.1,BRODIA,Bromus diandrus,Non-native,Grass,Moderate,Cal IPC,J8,5,J,8,SEDG,Drought,rgr_l_MA,-0.00127568732875796
J8.BRODIA.1,BRODIA,Bromus diandrus,Non-native,Grass,Moderate,Cal IPC,J8,5,J,8,SEDG,Drought,rgr_l_AM,-0.05941261547656674
J8.BRODIA.1,BRODIA,Bromus diandrus,Non-native,Grass,Moderate,Cal IPC,J8,5,J,8,SEDG,Drought,rgr_l_MJ,NA
J8.BROHOR.1,BROHOR,Bromus hordeaceaus,Non-native,Grass,Limited,Cal IPC,J8,5,J,8,SEDG,Drought,rgr_l_FM,NA
J8.BROHOR.1,BROHOR,Bromus hordeaceaus,Non-native,Grass,Limited,Cal IPC,J8,5,J,8,SEDG,Drought,rgr_l_MA,0.00738714931450719
J8.BROHOR.1,BROHOR,Bromus hordeaceaus,Non-native,Grass,Limited,Cal IPC,J8,5,J,8,SEDG,Drought,rgr_l_AM,NA
J8.BROHOR.1,BROHOR,Bromus hordeaceaus,Non-native,Grass,Limited,Cal IPC,J8,5,J,8,SEDG,Drought,rgr_l_MJ,NA
J8.CORFIL.1,CORFIL,Corethrogyne filaginafolia,Native,Forb,Native,CalFlora,J8,5,J,8,SEDG,Drought,rgr_l_FM,0.0053412557049809
J8.CORFIL.1,CORFIL,Corethrogyne filaginafolia,Native,Forb,Native,CalFlora,J8,5,J,8,SEDG,Drought,rgr_l_MA,0
J8.CORFIL.1,CORFIL,Corethrogyne filaginafolia,Native,Forb,Native,CalFlora,J8,5,J,8,SEDG,Drought,rgr_l_AM,NA
J8.CORFIL.1,CORFIL,Corethrogyne filaginafolia,Native,Forb,Native,CalFlora,J8,5,J,8,SEDG,Drought,rgr_l_MJ,NA
J8.STIPUL.1,STIPUL,Stipa pulchra,Native,Grass,Native,CalFlora,J8,5,J,8,SEDG,Drought,rgr_l_FM,NA
J8.STIPUL.1,STIPUL,Stipa pulchra,Native,Grass,Native,CalFlora,J8,5,J,8,SEDG,Drought,rgr_l_MA,0.0159633007426872
J8.STIPUL.1,STIPUL,Stipa pulchra,Native,Grass,Native,CalFlora,J8,5,J,8,SEDG,Drought,rgr_l_AM,NA
J8.STIPUL.1,STIPUL,Stipa pulchra,Native,Grass,Native,CalFlora,J8,5,J,8,SEDG,Drought,rgr_l_MJ,NA
