Plant_ID,Sp_Code,Scientific_Name,Native_Status,Growth_Habit,Rating,Source,Plot,Block,Shelter,Plot_number,Population,Treatment,var_mo,rate
D3.BROARE.1,BROARE,Bromus arenarius,Non-native,Grass,Non-native,CalFlora,D3,4,D,3,WWP,Control,rgr_h_FM,NA
D3.BROARE.1,BROARE,Bromus arenarius,Non-native,Grass,Non-native,CalFlora,D3,4,D,3,WWP,Control,rgr_h_MA,0.01121574122070709
D3.BROARE.1,BROARE,Bromus arenarius,Non-native,Grass,Non-native,CalFlora,D3,4,D,3,WWP,Control,rgr_h_AM,0.00191646865241532
D3.BROARE.1,BROARE,Bromus arenarius,Non-native,Grass,Non-native,CalFlora,D3,4,D,3,WWP,Control,rgr_h_MJ,NA
E4.BROARE.1,BROARE,Bromus arenarius,Non-native,Grass,Non-native,CalFlora,E4,5,E,4,WWP,Control,rgr_h_FM,NA
E4.BROARE.1,BROARE,Bromus arenarius,Non-native,Grass,Non-native,CalFlora,E4,5,E,4,WWP,Control,rgr_h_MA,0.00863695666692416
E4.BROARE.1,BROARE,Bromus arenarius,Non-native,Grass,Non-native,CalFlora,E4,5,E,4,WWP,Control,rgr_h_AM,-6.279687633935843e-4
E4.BROARE.1,BROARE,Bromus arenarius,Non-native,Grass,Non-native,CalFlora,E4,5,E,4,WWP,Control,rgr_h_MJ,NA
E8.LUPBIC.1,LUPBIC,Lupinus bicolor,Native,Forb,Native,CalFlora,E8,5,E,8,BORR,Control,rgr_h_FM,0.02260717941931227
E8.LUPBIC.1,LUPBIC,Lupinus bicolor,Native,Forb,Native,CalFlora,E8,5,E,8,BORR,Control,rgr_h_MA,0.03883783239761083
E8.LUPBIC.1,LUPBIC,Lupinus bicolor,Native,Forb,Native,CalFlora,E8,5,E,8,BORR,Control,rgr_h_AM,NA
E8.LUPBIC.1,LUPBIC,Lupinus bicolor,Native,Forb,Native,CalFlora,E8,5,E,8,BORR,Control,rgr_h_MJ,NA
E7.LUPBIC.1,LUPBIC,Lupinus bicolor,Native,Forb,Native,CalFlora,E7,5,E,7,MCL,Control,rgr_h_FM,0.04225431879492729
E7.LUPBIC.1,LUPBIC,Lupinus bicolor,Native,Forb,Native,CalFlora,E7,5,E,7,MCL,Control,rgr_h_MA,0.05262634900493147
E7.LUPBIC.1,LUPBIC,Lupinus bicolor,Native,Forb,Native,CalFlora,E7,5,E,7,MCL,Control,rgr_h_AM,0.00400856625187948
E7.LUPBIC.1,LUPBIC,Lupinus bicolor,Native,Forb,Native,CalFlora,E7,5,E,7,MCL,Control,rgr_h_MJ,NA
H1.ESCCAL.1,ESCCAL,Eschscholzia californica,Native,Forb,Native,CalFlora,H1,3,H,1,SEDG,Control,rgr_h_FM,0.04969177551442416
H1.ESCCAL.1,ESCCAL,Eschscholzia californica,Native,Forb,Native,CalFlora,H1,3,H,1,SEDG,Control,rgr_h_MA,0.04739014158817816
H1.ESCCAL.1,ESCCAL,Eschscholzia californica,Native,Forb,Native,CalFlora,H1,3,H,1,SEDG,Control,rgr_h_AM,0.02896179343629745
H1.ESCCAL.1,ESCCAL,Eschscholzia californica,Native,Forb,Native,CalFlora,H1,3,H,1,SEDG,Control,rgr_h_MJ,-0.01855589689588995
D8.ESCCAL.1,ESCCAL,Eschscholzia californica,Native,Forb,Native,CalFlora,D8,4,D,8,SEDG,Control,rgr_h_FM,0.06016309587105097
D8.ESCCAL.1,ESCCAL,Eschscholzia californica,Native,Forb,Native,CalFlora,D8,4,D,8,SEDG,Control,rgr_h_MA,0.03662040962227032
D8.ESCCAL.1,ESCCAL,Eschscholzia californica,Native,Forb,Native,CalFlora,D8,4,D,8,SEDG,Control,rgr_h_AM,0.02252855705297019
D8.ESCCAL.1,ESCCAL,Eschscholzia californica,Native,Forb,Native,CalFlora,D8,4,D,8,SEDG,Control,rgr_h_MJ,0.00161041871518066
J1.LUPBIC.1,LUPBIC,Lupinus bicolor,Native,Forb,Native,CalFlora,J1,5,J,1,BORR,Drought,rgr_h_FM,0.01150728289807123
J1.LUPBIC.1,LUPBIC,Lupinus bicolor,Native,Forb,Native,CalFlora,J1,5,J,1,BORR,Drought,rgr_h_MA,0.05327337788245079
J1.LUPBIC.1,LUPBIC,Lupinus bicolor,Native,Forb,Native,CalFlora,J1,5,J,1,BORR,Drought,rgr_h_AM,NA
J1.LUPBIC.1,LUPBIC,Lupinus bicolor,Native,Forb,Native,CalFlora,J1,5,J,1,BORR,Drought,rgr_h_MJ,NA
E6.ESCCAL.1,ESCCAL,Eschscholzia californica,Native,Forb,Native,CalFlora,E6,5,E,6,SEDG,Control,rgr_h_FM,0.0422543187949273
E6.ESCCAL.1,ESCCAL,Eschscholzia californica,Native,Forb,Native,CalFlora,E6,5,E,6,SEDG,Control,rgr_h_MA,0.05954279646768808
E6.ESCCAL.1,ESCCAL,Eschscholzia californica,Native,Forb,Native,CalFlora,E6,5,E,6,SEDG,Control,rgr_h_AM,0.00526779421063611
E6.ESCCAL.1,ESCCAL,Eschscholzia californica,Native,Forb,Native,CalFlora,E6,5,E,6,SEDG,Control,rgr_h_MJ,0
I3.ESCCAL.1,ESCCAL,Eschscholzia californica,Native,Forb,Native,CalFlora,I3,4,I,3,WWP,Drought,rgr_h_FM,0.06636146182326129
I3.ESCCAL.1,ESCCAL,Eschscholzia californica,Native,Forb,Native,CalFlora,I3,4,I,3,WWP,Drought,rgr_h_MA,0.05383645617940949
I3.ESCCAL.1,ESCCAL,Eschscholzia californica,Native,Forb,Native,CalFlora,I3,4,I,3,WWP,Drought,rgr_h_AM,0.00485390036102393
I3.ESCCAL.1,ESCCAL,Eschscholzia californica,Native,Forb,Native,CalFlora,I3,4,I,3,WWP,Drought,rgr_h_MJ,-0.01745409377215318
I8.ESCCAL.1,ESCCAL,Eschscholzia californica,Native,Forb,Native,CalFlora,I8,4,I,8,ANGELO,Drought,rgr_h_FM,0.05747992544407502
I8.ESCCAL.1,ESCCAL,Eschscholzia californica,Native,Forb,Native,CalFlora,I8,4,I,8,ANGELO,Drought,rgr_h_MA,0.03877169366018936
I8.ESCCAL.1,ESCCAL,Eschscholzia californica,Native,Forb,Native,CalFlora,I8,4,I,8,ANGELO,Drought,rgr_h_AM,0.01977878576137387
I8.ESCCAL.1,ESCCAL,Eschscholzia californica,Native,Forb,Native,CalFlora,I8,4,I,8,ANGELO,Drought,rgr_h_MJ,0.00585336198099035
J3.LUPBIC.1,LUPBIC,Lupinus bicolor,Native,Forb,Native,CalFlora,J3,5,J,3,MCL,Drought,rgr_h_FM,0.02772588722239781
J3.LUPBIC.1,LUPBIC,Lupinus bicolor,Native,Forb,Native,CalFlora,J3,5,J,3,MCL,Drought,rgr_h_MA,0.06136280394233481
J3.LUPBIC.1,LUPBIC,Lupinus bicolor,Native,Forb,Native,CalFlora,J3,5,J,3,MCL,Drought,rgr_h_AM,0.01597699898224174
J3.LUPBIC.1,LUPBIC,Lupinus bicolor,Native,Forb,Native,CalFlora,J3,5,J,3,MCL,Drought,rgr_h_MJ,NA
J7.ESCCAL.1,ESCCAL,Eschscholzia californica,Native,Forb,Native,CalFlora,J7,5,J,7,WWP,Drought,rgr_h_FM,0.04714619985366584
J7.ESCCAL.1,ESCCAL,Eschscholzia californica,Native,Forb,Native,CalFlora,J7,5,J,7,WWP,Drought,rgr_h_MA,0.05696077363950948
J7.ESCCAL.1,ESCCAL,Eschscholzia californica,Native,Forb,Native,CalFlora,J7,5,J,7,WWP,Drought,rgr_h_AM,0.01057142127050084
J7.ESCCAL.1,ESCCAL,Eschscholzia californica,Native,Forb,Native,CalFlora,J7,5,J,7,WWP,Drought,rgr_h_MJ,0.00188341953753785
J5.ESCCAL.1,ESCCAL,Eschscholzia californica,Native,Forb,Native,CalFlora,J5,5,J,5,SEDG,Drought,rgr_h_FM,0.04928574725170529
J5.ESCCAL.1,ESCCAL,Eschscholzia californica,Native,Forb,Native,CalFlora,J5,5,J,5,SEDG,Drought,rgr_h_MA,0.0275746618812023
J5.ESCCAL.1,ESCCAL,Eschscholzia californica,Native,Forb,Native,CalFlora,J5,5,J,5,SEDG,Drought,rgr_h_AM,0.02331718689819439
J5.ESCCAL.1,ESCCAL,Eschscholzia californica,Native,Forb,Native,CalFlora,J5,5,J,5,SEDG,Drought,rgr_h_MJ,-0.01496294076575467
J8.ESCCAL.1,ESCCAL,Eschscholzia californica,Native,Forb,Native,CalFlora,J8,5,J,8,SEDG,Drought,rgr_h_FM,0.05821148930427368
J8.ESCCAL.1,ESCCAL,Eschscholzia californica,Native,Forb,Native,CalFlora,J8,5,J,8,SEDG,Drought,rgr_h_MA,0.04171878333538563
J8.ESCCAL.1,ESCCAL,Eschscholzia californica,Native,Forb,Native,CalFlora,J8,5,J,8,SEDG,Drought,rgr_h_AM,0.0105460520107425
J8.ESCCAL.1,ESCCAL,Eschscholzia californica,Native,Forb,Native,CalFlora,J8,5,J,8,SEDG,Drought,rgr_h_MJ,-0.02000015189063371
G1.CLAPUR.1,CLAPUR,Clarkia purpurea,Native,Forb,Native,CalFlora,G1,2,G,1,BORR,Control,rgr_h_FM,0.0473011957675299
G1.CLAPUR.1,CLAPUR,Clarkia purpurea,Native,Forb,Native,CalFlora,G1,2,G,1,BORR,Control,rgr_h_MA,0.04775819739649165
G1.CLAPUR.1,CLAPUR,Clarkia purpurea,Native,Forb,Native,CalFlora,G1,2,G,1,BORR,Control,rgr_h_AM,0.00361453072027769
G1.CLAPUR.1,CLAPUR,Clarkia purpurea,Native,Forb,Native,CalFlora,G1,2,G,1,BORR,Control,rgr_h_MJ,NA
D3.AVEBAR.1,AVEBAR,Avena barbata,Non-native,Grass,Moderate,Cal IPC,D3,4,D,3,WWP,Control,rgr_h_FM,0.02200185347677087
D3.AVEBAR.1,AVEBAR,Avena barbata,Non-native,Grass,Moderate,Cal IPC,D3,4,D,3,WWP,Control,rgr_h_MA,0.06056924257374483
D3.AVEBAR.1,AVEBAR,Avena barbata,Non-native,Grass,Moderate,Cal IPC,D3,4,D,3,WWP,Control,rgr_h_AM,0.03730610520346027
D3.AVEBAR.1,AVEBAR,Avena barbata,Non-native,Grass,Moderate,Cal IPC,D3,4,D,3,WWP,Control,rgr_h_MJ,NA
G7.DANCAL.1,DANCAL,Danthonia californica,Native,Grass,Native,CalFlora,G7,2,G,7,ANGELO,Control,rgr_h_FM,NA
G7.DANCAL.1,DANCAL,Danthonia californica,Native,Grass,Native,CalFlora,G7,2,G,7,ANGELO,Control,rgr_h_MA,NA
G7.DANCAL.1,DANCAL,Danthonia californica,Native,Grass,Native,CalFlora,G7,2,G,7,ANGELO,Control,rgr_h_AM,NA
G7.DANCAL.1,DANCAL,Danthonia californica,Native,Grass,Native,CalFlora,G7,2,G,7,ANGELO,Control,rgr_h_MJ,0.00959587141020814
H6.DANCAL.1,DANCAL,Danthonia californica,Native,Grass,Native,CalFlora,H6,3,H,6,ANGELO,Control,rgr_h_FM,NA
H6.DANCAL.1,DANCAL,Danthonia californica,Native,Grass,Native,CalFlora,H6,3,H,6,ANGELO,Control,rgr_h_MA,NA
H6.DANCAL.1,DANCAL,Danthonia californica,Native,Grass,Native,CalFlora,H6,3,H,6,ANGELO,Control,rgr_h_AM,NA
H6.DANCAL.1,DANCAL,Danthonia californica,Native,Grass,Native,CalFlora,H6,3,H,6,ANGELO,Control,rgr_h_MJ,0
E3.DANCAL.1,DANCAL,Danthonia californica,Native,Grass,Native,CalFlora,E3,5,E,3,ANGELO,Control,rgr_h_FM,NA
E3.DANCAL.1,DANCAL,Danthonia californica,Native,Grass,Native,CalFlora,E3,5,E,3,ANGELO,Control,rgr_h_MA,NA
E3.DANCAL.1,DANCAL,Danthonia californica,Native,Grass,Native,CalFlora,E3,5,E,3,ANGELO,Control,rgr_h_AM,NA
E3.DANCAL.1,DANCAL,Danthonia californica,Native,Grass,Native,CalFlora,E3,5,E,3,ANGELO,Control,rgr_h_MJ,0.01269273983246778
J2.DANCAL.1,DANCAL,Danthonia californica,Native,Grass,Native,CalFlora,J2,5,J,2,ANGELO,Drought,rgr_h_FM,NA
J2.DANCAL.1,DANCAL,Danthonia californica,Native,Grass,Native,CalFlora,J2,5,J,2,ANGELO,Drought,rgr_h_MA,NA
J2.DANCAL.1,DANCAL,Danthonia californica,Native,Grass,Native,CalFlora,J2,5,J,2,ANGELO,Drought,rgr_h_AM,NA
J2.DANCAL.1,DANCAL,Danthonia californica,Native,Grass,Native,CalFlora,J2,5,J,2,ANGELO,Drought,rgr_h_MJ,-0.0124415146349595
E1.DANCAL.1,DANCAL,Danthonia californica,Native,Grass,Native,CalFlora,E1,5,E,1,ANGELO,Control,rgr_h_FM,NA
E1.DANCAL.1,DANCAL,Danthonia californica,Native,Grass,Native,CalFlora,E1,5,E,1,ANGELO,Control,rgr_h_MA,NA
E1.DANCAL.1,DANCAL,Danthonia californica,Native,Grass,Native,CalFlora,E1,5,E,1,ANGELO,Control,rgr_h_AM,NA
E1.DANCAL.1,DANCAL,Danthonia californica,Native,Grass,Native,CalFlora,E1,5,E,1,ANGELO,Control,rgr_h_MJ,-0.03190188439843765
J5.EROCIC.1,EROCIC,Erodium cicutarium,Non-native,Forb,Non-native,CalFlora,J5,5,J,5,SEDG,Drought,rgr_h_FM,0.08059612082169058
J5.EROCIC.1,EROCIC,Erodium cicutarium,Non-native,Forb,Non-native,CalFlora,J5,5,J,5,SEDG,Drought,rgr_h_MA,0.0321756067869112
J5.EROCIC.1,EROCIC,Erodium cicutarium,Non-native,Forb,Non-native,CalFlora,J5,5,J,5,SEDG,Drought,rgr_h_AM,-0.00504385369861677
J5.EROCIC.1,EROCIC,Erodium cicutarium,Non-native,Forb,Non-native,CalFlora,J5,5,J,5,SEDG,Drought,rgr_h_MJ,NA
G3.ESCCAL.1,ESCCAL,Eschscholzia californica,Native,Forb,Native,CalFlora,G3,2,G,3,SEDG,Control,rgr_h_FM,0.05988058033437503
G3.ESCCAL.1,ESCCAL,Eschscholzia californica,Native,Forb,Native,CalFlora,G3,2,G,3,SEDG,Control,rgr_h_MA,0.03711849600167643
G3.ESCCAL.1,ESCCAL,Eschscholzia californica,Native,Forb,Native,CalFlora,G3,2,G,3,SEDG,Control,rgr_h_AM,0.01706375423738427
G3.ESCCAL.1,ESCCAL,Eschscholzia californica,Native,Forb,Native,CalFlora,G3,2,G,3,SEDG,Control,rgr_h_MJ,-0.00614121524443464
E2.BROMAD.1,BROMAD,Bromus madritensis,Non-native,Grass,High,Cal IPC,E2,5,E,2,WWP,Control,rgr_h_FM,NA
E2.BROMAD.1,BROMAD,Bromus madritensis,Non-native,Grass,High,Cal IPC,E2,5,E,2,WWP,Control,rgr_h_MA,0.06328429590233772
E2.BROMAD.1,BROMAD,Bromus madritensis,Non-native,Grass,High,Cal IPC,E2,5,E,2,WWP,Control,rgr_h_AM,NA
E2.BROMAD.1,BROMAD,Bromus madritensis,Non-native,Grass,High,Cal IPC,E2,5,E,2,WWP,Control,rgr_h_MJ,NA
F3.LUPBIC.1,LUPBIC,Lupinus bicolor,Native,Forb,Native,CalFlora,F3,1,F,3,BORR,Control,rgr_h_FM,0.01748799337298195
F3.LUPBIC.1,LUPBIC,Lupinus bicolor,Native,Forb,Native,CalFlora,F3,1,F,3,BORR,Control,rgr_h_MA,0.03443202862452163
F3.LUPBIC.1,LUPBIC,Lupinus bicolor,Native,Forb,Native,CalFlora,F3,1,F,3,BORR,Control,rgr_h_AM,NA
F3.LUPBIC.1,LUPBIC,Lupinus bicolor,Native,Forb,Native,CalFlora,F3,1,F,3,BORR,Control,rgr_h_MJ,NA
J6.BRODIA.1,BRODIA,Bromus diandrus,Non-native,Grass,Moderate,Cal IPC,J6,5,J,6,MCL,Drought,rgr_h_FM,NA
J6.BRODIA.1,BRODIA,Bromus diandrus,Non-native,Grass,Moderate,Cal IPC,J6,5,J,6,MCL,Drought,rgr_h_MA,0.04300762578957466
J6.BRODIA.1,BRODIA,Bromus diandrus,Non-native,Grass,Moderate,Cal IPC,J6,5,J,6,MCL,Drought,rgr_h_AM,0.01510983226481911
J6.BRODIA.1,BRODIA,Bromus diandrus,Non-native,Grass,Moderate,Cal IPC,J6,5,J,6,MCL,Drought,rgr_h_MJ,NA
F5.EROBOT.1,EROBOT,Erodium botrys,Non-native,Forb,Non-native,CalFlora,F5,1,F,5,MCL,Control,rgr_h_FM,NA
F5.EROBOT.1,EROBOT,Erodium botrys,Non-native,Forb,Non-native,CalFlora,F5,1,F,5,MCL,Control,rgr_h_MA,0.03018857715013448
F5.EROBOT.1,EROBOT,Erodium botrys,Non-native,Forb,Non-native,CalFlora,F5,1,F,5,MCL,Control,rgr_h_AM,NA
F5.EROBOT.1,EROBOT,Erodium botrys,Non-native,Forb,Non-native,CalFlora,F5,1,F,5,MCL,Control,rgr_h_MJ,NA
C3.DANCAL.1,DANCAL,Danthonia californica,Native,Grass,Native,CalFlora,C3,3,C,3,ANGELO,Drought,rgr_h_FM,NA
C3.DANCAL.1,DANCAL,Danthonia californica,Native,Grass,Native,CalFlora,C3,3,C,3,ANGELO,Drought,rgr_h_MA,NA
C3.DANCAL.1,DANCAL,Danthonia californica,Native,Grass,Native,CalFlora,C3,3,C,3,ANGELO,Drought,rgr_h_AM,NA
C3.DANCAL.1,DANCAL,Danthonia californica,Native,Grass,Native,CalFlora,C3,3,C,3,ANGELO,Drought,rgr_h_MJ,-0.017709065085327
J3.EROBOT.1,EROBOT,Erodium botrys,Non-native,Forb,Non-native,CalFlora,J3,5,J,3,MCL,Drought,rgr_h_FM,NA
J3.EROBOT.1,EROBOT,Erodium botrys,Non-native,Forb,Non-native,CalFlora,J3,5,J,3,MCL,Drought,rgr_h_MA,NA
J3.EROBOT.1,EROBOT,Erodium botrys,Non-native,Forb,Non-native,CalFlora,J3,5,J,3,MCL,Drought,rgr_h_AM,0.04381599377865555
J3.EROBOT.1,EROBOT,Erodium botrys,Non-native,Forb,Non-native,CalFlora,J3,5,J,3,MCL,Drought,rgr_h_MJ,NA
D3.LUPMIC.1,LUPMIC,Lupinus microcarpus,Native,Forb,Native,CalFlora,D3,4,D,3,WWP,Control,rgr_h_FM,NA
D3.LUPMIC.1,LUPMIC,Lupinus microcarpus,Native,Forb,Native,CalFlora,D3,4,D,3,WWP,Control,rgr_h_MA,NA
D3.LUPMIC.1,LUPMIC,Lupinus microcarpus,Native,Forb,Native,CalFlora,D3,4,D,3,WWP,Control,rgr_h_AM,NA
D3.LUPMIC.1,LUPMIC,Lupinus microcarpus,Native,Forb,Native,CalFlora,D3,4,D,3,WWP,Control,rgr_h_MJ,NA
D5.BROARE.1,BROARE,Bromus arenarius,Non-native,Grass,Non-native,CalFlora,D5,4,D,5,WWP,Control,rgr_h_FM,NA
D5.BROARE.1,BROARE,Bromus arenarius,Non-native,Grass,Non-native,CalFlora,D5,4,D,5,WWP,Control,rgr_h_MA,0.01879784830266464
D5.BROARE.1,BROARE,Bromus arenarius,Non-native,Grass,Non-native,CalFlora,D5,4,D,5,WWP,Control,rgr_h_AM,0.00229699210680869
D5.BROARE.1,BROARE,Bromus arenarius,Non-native,Grass,Non-native,CalFlora,D5,4,D,5,WWP,Control,rgr_h_MJ,NA
C3.ACMPAR.1,ACMPAR,Acmispon parviflorus,Native,Forb,Native,CalFlora,C3,3,C,3,ANGELO,Drought,rgr_h_FM,NA
C3.ACMPAR.1,ACMPAR,Acmispon parviflorus,Native,Forb,Native,CalFlora,C3,3,C,3,ANGELO,Drought,rgr_h_MA,NA
C3.ACMPAR.1,ACMPAR,Acmispon parviflorus,Native,Forb,Native,CalFlora,C3,3,C,3,ANGELO,Drought,rgr_h_AM,0.02666705074788605
C3.ACMPAR.1,ACMPAR,Acmispon parviflorus,Native,Forb,Native,CalFlora,C3,3,C,3,ANGELO,Drought,rgr_h_MJ,NA
G1.AVEBAR.1,AVEBAR,Avena barbata,Non-native,Grass,Moderate,Cal IPC,G1,2,G,1,BORR,Control,rgr_h_FM,NA
G1.AVEBAR.1,AVEBAR,Avena barbata,Non-native,Grass,Moderate,Cal IPC,G1,2,G,1,BORR,Control,rgr_h_MA,0.04330812549447015
G1.AVEBAR.1,AVEBAR,Avena barbata,Non-native,Grass,Moderate,Cal IPC,G1,2,G,1,BORR,Control,rgr_h_AM,0.04875161395493407
G1.AVEBAR.1,AVEBAR,Avena barbata,Non-native,Grass,Moderate,Cal IPC,G1,2,G,1,BORR,Control,rgr_h_MJ,NA
H7.AVEBAR.1,AVEBAR,Avena barbata,Non-native,Grass,Moderate,Cal IPC,H7,3,H,7,MCL,Control,rgr_h_FM,NA
H7.AVEBAR.1,AVEBAR,Avena barbata,Non-native,Grass,Moderate,Cal IPC,H7,3,H,7,MCL,Control,rgr_h_MA,0.02977761899789983
H7.AVEBAR.1,AVEBAR,Avena barbata,Non-native,Grass,Moderate,Cal IPC,H7,3,H,7,MCL,Control,rgr_h_AM,0.06303091608744837
H7.AVEBAR.1,AVEBAR,Avena barbata,Non-native,Grass,Moderate,Cal IPC,H7,3,H,7,MCL,Control,rgr_h_MJ,NA
I7.BROHOR.1,BROHOR,Bromus hordeaceaus,Non-native,Grass,Limited,Cal IPC,I7,4,I,7,MCL,Drought,rgr_h_FM,NA
I7.BROHOR.1,BROHOR,Bromus hordeaceaus,Non-native,Grass,Limited,Cal IPC,I7,4,I,7,MCL,Drought,rgr_h_MA,0.04929217493383124
I7.BROHOR.1,BROHOR,Bromus hordeaceaus,Non-native,Grass,Limited,Cal IPC,I7,4,I,7,MCL,Drought,rgr_h_AM,NA
I7.BROHOR.1,BROHOR,Bromus hordeaceaus,Non-native,Grass,Limited,Cal IPC,I7,4,I,7,MCL,Drought,rgr_h_MJ,NA
G1.BRODIA.1,BRODIA,Bromus diandrus,Non-native,Grass,Moderate,Cal IPC,G1,2,G,1,BORR,Control,rgr_h_FM,NA
G1.BRODIA.1,BRODIA,Bromus diandrus,Non-native,Grass,Moderate,Cal IPC,G1,2,G,1,BORR,Control,rgr_h_MA,0.05544450153057462
G1.BRODIA.1,BRODIA,Bromus diandrus,Non-native,Grass,Moderate,Cal IPC,G1,2,G,1,BORR,Control,rgr_h_AM,NA
G1.BRODIA.1,BRODIA,Bromus diandrus,Non-native,Grass,Moderate,Cal IPC,G1,2,G,1,BORR,Control,rgr_h_MJ,NA
F2.LUPMIC.1,LUPMIC,Lupinus microcarpus,Native,Forb,Native,CalFlora,F2,1,F,2,WWP,Control,rgr_h_FM,NA
F2.LUPMIC.1,LUPMIC,Lupinus microcarpus,Native,Forb,Native,CalFlora,F2,1,F,2,WWP,Control,rgr_h_MA,0.06454490265177901
F2.LUPMIC.1,LUPMIC,Lupinus microcarpus,Native,Forb,Native,CalFlora,F2,1,F,2,WWP,Control,rgr_h_AM,NA
F2.LUPMIC.1,LUPMIC,Lupinus microcarpus,Native,Forb,Native,CalFlora,F2,1,F,2,WWP,Control,rgr_h_MJ,NA
E2.BROARE.1,BROARE,Bromus arenarius,Non-native,Grass,Non-native,CalFlora,E2,5,E,2,WWP,Control,rgr_h_FM,NA
E2.BROARE.1,BROARE,Bromus arenarius,Non-native,Grass,Non-native,CalFlora,E2,5,E,2,WWP,Control,rgr_h_MA,0.01469256535554828
E2.BROARE.1,BROARE,Bromus arenarius,Non-native,Grass,Non-native,CalFlora,E2,5,E,2,WWP,Control,rgr_h_AM,-0.00236549467611964
E2.BROARE.1,BROARE,Bromus arenarius,Non-native,Grass,Non-native,CalFlora,E2,5,E,2,WWP,Control,rgr_h_MJ,NA
I1.GERDIS.1,GERDIS,Geranium dissectum,Non-native,Forb,Limited,Cal IPC,I1,4,I,1,BORR,Drought,rgr_h_FM,0.05960881157163335
I1.GERDIS.1,GERDIS,Geranium dissectum,Non-native,Forb,Limited,Cal IPC,I1,4,I,1,BORR,Drought,rgr_h_MA,0.04987546537818623
I1.GERDIS.1,GERDIS,Geranium dissectum,Non-native,Forb,Limited,Cal IPC,I1,4,I,1,BORR,Drought,rgr_h_AM,NA
I1.GERDIS.1,GERDIS,Geranium dissectum,Non-native,Forb,Limited,Cal IPC,I1,4,I,1,BORR,Drought,rgr_h_MJ,NA
B7.BRODIA.1,BRODIA,Bromus diandrus,Non-native,Grass,Moderate,Cal IPC,B7,2,B,7,BORR,Drought,rgr_h_FM,NA
B7.BRODIA.1,BRODIA,Bromus diandrus,Non-native,Grass,Moderate,Cal IPC,B7,2,B,7,BORR,Drought,rgr_h_MA,0.05214903930046771
B7.BRODIA.1,BRODIA,Bromus diandrus,Non-native,Grass,Moderate,Cal IPC,B7,2,B,7,BORR,Drought,rgr_h_AM,NA
B7.BRODIA.1,BRODIA,Bromus diandrus,Non-native,Grass,Moderate,Cal IPC,B7,2,B,7,BORR,Drought,rgr_h_MJ,NA
B7.TORARV.1,TORARV,Torilis arvensis,Non-native,Forb,Moderate,Cal IPC,B7,2,B,7,BORR,Drought,rgr_h_FM,0.02390162691586018
B7.TORARV.1,TORARV,Torilis arvensis,Non-native,Forb,Moderate,Cal IPC,B7,2,B,7,BORR,Drought,rgr_h_MA,0.04077336356234972
B7.TORARV.1,TORARV,Torilis arvensis,Non-native,Forb,Moderate,Cal IPC,B7,2,B,7,BORR,Drought,rgr_h_AM,0.03794676797271525
B7.TORARV.1,TORARV,Torilis arvensis,Non-native,Forb,Moderate,Cal IPC,B7,2,B,7,BORR,Drought,rgr_h_MJ,NA
B7.GERDIS.1,GERDIS,Geranium dissectum,Non-native,Forb,Limited,Cal IPC,B7,2,B,7,BORR,Drought,rgr_h_FM,0.05056334719977334
B7.GERDIS.1,GERDIS,Geranium dissectum,Non-native,Forb,Limited,Cal IPC,B7,2,B,7,BORR,Drought,rgr_h_MA,0.01116145946190894
B7.GERDIS.1,GERDIS,Geranium dissectum,Non-native,Forb,Limited,Cal IPC,B7,2,B,7,BORR,Drought,rgr_h_AM,NA
B7.GERDIS.1,GERDIS,Geranium dissectum,Non-native,Forb,Limited,Cal IPC,B7,2,B,7,BORR,Drought,rgr_h_MJ,NA
A1.MADGRA.1,MADGRA,Madia gracilis,Native,Forb,Native,CalFlora,A1,1,A,1,ANGELO,Drought,rgr_h_FM,0.04780325383172036
A1.MADGRA.1,MADGRA,Madia gracilis,Native,Forb,Native,CalFlora,A1,1,A,1,ANGELO,Drought,rgr_h_MA,0.03155920832812609
A1.MADGRA.1,MADGRA,Madia gracilis,Native,Forb,Native,CalFlora,A1,1,A,1,ANGELO,Drought,rgr_h_AM,0.04321845955931404
A1.MADGRA.1,MADGRA,Madia gracilis,Native,Forb,Native,CalFlora,A1,1,A,1,ANGELO,Drought,rgr_h_MJ,NA
A3.CLAPUR.1,CLAPUR,Clarkia purpurea,Native,Forb,Native,CalFlora,A3,1,A,3,BORR,Drought,rgr_h_FM,0.02390162691586017
A3.CLAPUR.1,CLAPUR,Clarkia purpurea,Native,Forb,Native,CalFlora,A3,1,A,3,BORR,Drought,rgr_h_MA,0.04605532587104283
A3.CLAPUR.1,CLAPUR,Clarkia purpurea,Native,Forb,Native,CalFlora,A3,1,A,3,BORR,Drought,rgr_h_AM,-0.01012684998490298
A3.CLAPUR.1,CLAPUR,Clarkia purpurea,Native,Forb,Native,CalFlora,A3,1,A,3,BORR,Drought,rgr_h_MJ,NA
B1.CLAPUR.1,CLAPUR,Clarkia purpurea,Native,Forb,Native,CalFlora,B1,2,B,1,BORR,Drought,rgr_h_FM,0.03294867051818746
B1.CLAPUR.1,CLAPUR,Clarkia purpurea,Native,Forb,Native,CalFlora,B1,2,B,1,BORR,Drought,rgr_h_MA,0.0509092054493547
B1.CLAPUR.1,CLAPUR,Clarkia purpurea,Native,Forb,Native,CalFlora,B1,2,B,1,BORR,Drought,rgr_h_AM,-0.00697265937137542
B1.CLAPUR.1,CLAPUR,Clarkia purpurea,Native,Forb,Native,CalFlora,B1,2,B,1,BORR,Drought,rgr_h_MJ,NA
B1.TORARV.1,TORARV,Torilis arvensis,Non-native,Forb,Moderate,Cal IPC,B1,2,B,1,BORR,Drought,rgr_h_FM,0.05186473781987152
B1.TORARV.1,TORARV,Torilis arvensis,Non-native,Forb,Moderate,Cal IPC,B1,2,B,1,BORR,Drought,rgr_h_MA,0.05191735201400323
B1.TORARV.1,TORARV,Torilis arvensis,Non-native,Forb,Moderate,Cal IPC,B1,2,B,1,BORR,Drought,rgr_h_AM,-0.01187966566897652
B1.TORARV.1,TORARV,Torilis arvensis,Non-native,Forb,Moderate,Cal IPC,B1,2,B,1,BORR,Drought,rgr_h_MJ,NA
F1.DAUPUS.1,DAUPUS,Daucus pusillus,Native,Forb,Native,CalFlora,F1,1,F,1,ANGELO,Control,rgr_h_FM,0.02166084939249829
F1.DAUPUS.1,DAUPUS,Daucus pusillus,Native,Forb,Native,CalFlora,F1,1,F,1,ANGELO,Control,rgr_h_MA,0.04319872305156441
F1.DAUPUS.1,DAUPUS,Daucus pusillus,Native,Forb,Native,CalFlora,F1,1,F,1,ANGELO,Control,rgr_h_AM,0.04851862570246045
F1.DAUPUS.1,DAUPUS,Daucus pusillus,Native,Forb,Native,CalFlora,F1,1,F,1,ANGELO,Control,rgr_h_MJ,NA
F3.DAUPUS.1,DAUPUS,Daucus pusillus,Native,Forb,Native,CalFlora,F3,1,F,3,BORR,Control,rgr_h_FM,0.04332169878499658
F3.DAUPUS.1,DAUPUS,Daucus pusillus,Native,Forb,Native,CalFlora,F3,1,F,3,BORR,Control,rgr_h_MA,0.05718027850357007
F3.DAUPUS.1,DAUPUS,Daucus pusillus,Native,Forb,Native,CalFlora,F3,1,F,3,BORR,Control,rgr_h_AM,0.02564289918935122
F3.DAUPUS.1,DAUPUS,Daucus pusillus,Native,Forb,Native,CalFlora,F3,1,F,3,BORR,Control,rgr_h_MJ,NA
F8.DAUPUS.1,DAUPUS,Daucus pusillus,Native,Forb,Native,CalFlora,F8,1,F,8,BORR,Control,rgr_h_FM,0.02863408537106734
F8.DAUPUS.1,DAUPUS,Daucus pusillus,Native,Forb,Native,CalFlora,F8,1,F,8,BORR,Control,rgr_h_MA,0.03851362801523982
F8.DAUPUS.1,DAUPUS,Daucus pusillus,Native,Forb,Native,CalFlora,F8,1,F,8,BORR,Control,rgr_h_AM,0.0424441468015814
F8.DAUPUS.1,DAUPUS,Daucus pusillus,Native,Forb,Native,CalFlora,F8,1,F,8,BORR,Control,rgr_h_MJ,NA
H2.CLAPUR.1,CLAPUR,Clarkia purpurea,Native,Forb,Native,CalFlora,H2,3,H,2,ANGELO,Control,rgr_h_FM,0.02235958646967565
H2.CLAPUR.1,CLAPUR,Clarkia purpurea,Native,Forb,Native,CalFlora,H2,3,H,2,ANGELO,Control,rgr_h_MA,0.05011051873981472
H2.CLAPUR.1,CLAPUR,Clarkia purpurea,Native,Forb,Native,CalFlora,H2,3,H,2,ANGELO,Control,rgr_h_AM,0.03200454607234557
H2.CLAPUR.1,CLAPUR,Clarkia purpurea,Native,Forb,Native,CalFlora,H2,3,H,2,ANGELO,Control,rgr_h_MJ,NA
B7.BROHOR.1,BROHOR,Bromus hordeaceaus,Non-native,Grass,Limited,Cal IPC,B7,2,B,7,BORR,Drought,rgr_h_FM,NA
B7.BROHOR.1,BROHOR,Bromus hordeaceaus,Non-native,Grass,Limited,Cal IPC,B7,2,B,7,BORR,Drought,rgr_h_MA,0.06116004534352458
B7.BROHOR.1,BROHOR,Bromus hordeaceaus,Non-native,Grass,Limited,Cal IPC,B7,2,B,7,BORR,Drought,rgr_h_AM,NA
B7.BROHOR.1,BROHOR,Bromus hordeaceaus,Non-native,Grass,Limited,Cal IPC,B7,2,B,7,BORR,Drought,rgr_h_MJ,NA
B7.DAUPUS.1,DAUPUS,Daucus pusillus,Native,Forb,Native,CalFlora,B7,2,B,7,BORR,Drought,rgr_h_FM,0.07170488074758054
B7.DAUPUS.1,DAUPUS,Daucus pusillus,Native,Forb,Native,CalFlora,B7,2,B,7,BORR,Drought,rgr_h_MA,0.04255644067459781
B7.DAUPUS.1,DAUPUS,Daucus pusillus,Native,Forb,Native,CalFlora,B7,2,B,7,BORR,Drought,rgr_h_AM,0.02043712586883829
B7.DAUPUS.1,DAUPUS,Daucus pusillus,Native,Forb,Native,CalFlora,B7,2,B,7,BORR,Drought,rgr_h_MJ,NA
B4.BRODIA.1,BRODIA,Bromus diandrus,Non-native,Grass,Moderate,Cal IPC,B4,2,B,4,ANGELO,Drought,rgr_h_FM,NA
B4.BRODIA.1,BRODIA,Bromus diandrus,Non-native,Grass,Moderate,Cal IPC,B4,2,B,4,ANGELO,Drought,rgr_h_MA,NA
B4.BRODIA.1,BRODIA,Bromus diandrus,Non-native,Grass,Moderate,Cal IPC,B4,2,B,4,ANGELO,Drought,rgr_h_AM,NA
B4.BRODIA.1,BRODIA,Bromus diandrus,Non-native,Grass,Moderate,Cal IPC,B4,2,B,4,ANGELO,Drought,rgr_h_MJ,NA
B4.MADGRA.1,MADGRA,Madia gracilis,Native,Forb,Native,CalFlora,B4,2,B,4,ANGELO,Drought,rgr_h_FM,0.03788318236786586
B4.MADGRA.1,MADGRA,Madia gracilis,Native,Forb,Native,CalFlora,B4,2,B,4,ANGELO,Drought,rgr_h_MA,0.06639961717683883
B4.MADGRA.1,MADGRA,Madia gracilis,Native,Forb,Native,CalFlora,B4,2,B,4,ANGELO,Drought,rgr_h_AM,0.02848898170985506
B4.MADGRA.1,MADGRA,Madia gracilis,Native,Forb,Native,CalFlora,B4,2,B,4,ANGELO,Drought,rgr_h_MJ,NA
J3.AVEBAR.1,AVEBAR,Avena barbata,Non-native,Grass,Moderate,Cal IPC,J3,5,J,3,MCL,Drought,rgr_h_FM,0.01621860432432658
J3.AVEBAR.1,AVEBAR,Avena barbata,Non-native,Grass,Moderate,Cal IPC,J3,5,J,3,MCL,Drought,rgr_h_MA,0.01748799337298195
J3.AVEBAR.1,AVEBAR,Avena barbata,Non-native,Grass,Moderate,Cal IPC,J3,5,J,3,MCL,Drought,rgr_h_AM,0.06510407312626629
J3.AVEBAR.1,AVEBAR,Avena barbata,Non-native,Grass,Moderate,Cal IPC,J3,5,J,3,MCL,Drought,rgr_h_MJ,NA
J2.BRODIA.1,BRODIA,Bromus diandrus,Non-native,Grass,Moderate,Cal IPC,J2,5,J,2,ANGELO,Drought,rgr_h_FM,NA
J2.BRODIA.1,BRODIA,Bromus diandrus,Non-native,Grass,Moderate,Cal IPC,J2,5,J,2,ANGELO,Drought,rgr_h_MA,0.03300164607029105
J2.BRODIA.1,BRODIA,Bromus diandrus,Non-native,Grass,Moderate,Cal IPC,J2,5,J,2,ANGELO,Drought,rgr_h_AM,0.03991729363497446
J2.BRODIA.1,BRODIA,Bromus diandrus,Non-native,Grass,Moderate,Cal IPC,J2,5,J,2,ANGELO,Drought,rgr_h_MJ,NA
I4.AVEBAR.1,AVEBAR,Avena barbata,Non-native,Grass,Moderate,Cal IPC,I4,4,I,4,BORR,Drought,rgr_h_FM,NA
I4.AVEBAR.1,AVEBAR,Avena barbata,Non-native,Grass,Moderate,Cal IPC,I4,4,I,4,BORR,Drought,rgr_h_MA,0.0481389075295984
I4.AVEBAR.1,AVEBAR,Avena barbata,Non-native,Grass,Moderate,Cal IPC,I4,4,I,4,BORR,Drought,rgr_h_AM,0.03323131859330042
I4.AVEBAR.1,AVEBAR,Avena barbata,Non-native,Grass,Moderate,Cal IPC,I4,4,I,4,BORR,Drought,rgr_h_MJ,NA
C2.STIPUL.1,STIPUL,Stipa pulchra,Native,Grass,Native,CalFlora,C2,3,C,2,SEDG,Drought,rgr_h_FM,NA
C2.STIPUL.1,STIPUL,Stipa pulchra,Native,Grass,Native,CalFlora,C2,3,C,2,SEDG,Drought,rgr_h_MA,0.01901816194892043
C2.STIPUL.1,STIPUL,Stipa pulchra,Native,Grass,Native,CalFlora,C2,3,C,2,SEDG,Drought,rgr_h_AM,0.03100716941820716
C2.STIPUL.1,STIPUL,Stipa pulchra,Native,Grass,Native,CalFlora,C2,3,C,2,SEDG,Drought,rgr_h_MJ,-0.05071903003552231
D3.ESCCAL.1,ESCCAL,Eschscholzia californica,Native,Forb,Native,CalFlora,D3,4,D,3,WWP,Control,rgr_h_FM,0.06818992368953701
D3.ESCCAL.1,ESCCAL,Eschscholzia californica,Native,Forb,Native,CalFlora,D3,4,D,3,WWP,Control,rgr_h_MA,-0.01061512437061782
D3.ESCCAL.1,ESCCAL,Eschscholzia californica,Native,Forb,Native,CalFlora,D3,4,D,3,WWP,Control,rgr_h_AM,NA
D3.ESCCAL.1,ESCCAL,Eschscholzia californica,Native,Forb,Native,CalFlora,D3,4,D,3,WWP,Control,rgr_h_MJ,NA
E2.LUPMIC.1,LUPMIC,Lupinus microcarpus,Native,Forb,Native,CalFlora,E2,5,E,2,WWP,Control,rgr_h_FM,0.02665950694461327
E2.LUPMIC.1,LUPMIC,Lupinus microcarpus,Native,Forb,Native,CalFlora,E2,5,E,2,WWP,Control,rgr_h_MA,0.04102014023702884
E2.LUPMIC.1,LUPMIC,Lupinus microcarpus,Native,Forb,Native,CalFlora,E2,5,E,2,WWP,Control,rgr_h_AM,0.0167609070634324
E2.LUPMIC.1,LUPMIC,Lupinus microcarpus,Native,Forb,Native,CalFlora,E2,5,E,2,WWP,Control,rgr_h_MJ,NA
I3.LUPMIC.1,LUPMIC,Lupinus microcarpus,Native,Forb,Native,CalFlora,I3,4,I,3,WWP,Drought,rgr_h_FM,NA
I3.LUPMIC.1,LUPMIC,Lupinus microcarpus,Native,Forb,Native,CalFlora,I3,4,I,3,WWP,Drought,rgr_h_MA,NA
I3.LUPMIC.1,LUPMIC,Lupinus microcarpus,Native,Forb,Native,CalFlora,I3,4,I,3,WWP,Drought,rgr_h_AM,NA
I3.LUPMIC.1,LUPMIC,Lupinus microcarpus,Native,Forb,Native,CalFlora,I3,4,I,3,WWP,Drought,rgr_h_MJ,NA
I6.GALPAR.1,GALPAR,Galium parisiense,Non-native,Forb,Non-native,CalFlora,I6,4,I,6,ANGELO,Drought,rgr_h_FM,0.05371704988486693
I6.GALPAR.1,GALPAR,Galium parisiense,Non-native,Forb,Non-native,CalFlora,I6,4,I,6,ANGELO,Drought,rgr_h_MA,0.05579921445238905
I6.GALPAR.1,GALPAR,Galium parisiense,Non-native,Forb,Non-native,CalFlora,I6,4,I,6,ANGELO,Drought,rgr_h_AM,-0.00988939288068694
I6.GALPAR.1,GALPAR,Galium parisiense,Non-native,Forb,Non-native,CalFlora,I6,4,I,6,ANGELO,Drought,rgr_h_MJ,NA
J4.EROCIC.1,EROCIC,Erodium cicutarium,Non-native,Forb,Non-native,CalFlora,J4,5,J,4,WWP,Drought,rgr_h_FM,0.05197131936521043
J4.EROCIC.1,EROCIC,Erodium cicutarium,Non-native,Forb,Non-native,CalFlora,J4,5,J,4,WWP,Drought,rgr_h_MA,-0.02166084939249829
J4.EROCIC.1,EROCIC,Erodium cicutarium,Non-native,Forb,Non-native,CalFlora,J4,5,J,4,WWP,Drought,rgr_h_AM,0.03040060681173691
J4.EROCIC.1,EROCIC,Erodium cicutarium,Non-native,Forb,Non-native,CalFlora,J4,5,J,4,WWP,Drought,rgr_h_MJ,NA
E2.PHATAN.1A,PHATAN,Phacelia tanacetifolia,Native,Forb,Native,CalFlora,E2,5,E,2,WWP,Control,rgr_h_FM,NA
E2.PHATAN.1A,PHATAN,Phacelia tanacetifolia,Native,Forb,Native,CalFlora,E2,5,E,2,WWP,Control,rgr_h_MA,NA
E2.PHATAN.1A,PHATAN,Phacelia tanacetifolia,Native,Forb,Native,CalFlora,E2,5,E,2,WWP,Control,rgr_h_AM,NA
E2.PHATAN.1A,PHATAN,Phacelia tanacetifolia,Native,Forb,Native,CalFlora,E2,5,E,2,WWP,Control,rgr_h_MJ,NA
A4.ESCCAL.1,ESCCAL,Eschscholzia californica,Native,Forb,Native,CalFlora,A4,1,A,4,WWP,Drought,rgr_h_FM,0.03221755990954598
A4.ESCCAL.1,ESCCAL,Eschscholzia californica,Native,Forb,Native,CalFlora,A4,1,A,4,WWP,Drought,rgr_h_MA,NA
A4.ESCCAL.1,ESCCAL,Eschscholzia californica,Native,Forb,Native,CalFlora,A4,1,A,4,WWP,Drought,rgr_h_AM,NA
A4.ESCCAL.1,ESCCAL,Eschscholzia californica,Native,Forb,Native,CalFlora,A4,1,A,4,WWP,Drought,rgr_h_MJ,NA
J8.EROCIC.1,EROCIC,Erodium cicutarium,Non-native,Forb,Non-native,CalFlora,J8,5,J,8,SEDG,Drought,rgr_h_FM,0.04815891217303744
J8.EROCIC.1,EROCIC,Erodium cicutarium,Non-native,Forb,Non-native,CalFlora,J8,5,J,8,SEDG,Drought,rgr_h_MA,0.04409334292844569
J8.EROCIC.1,EROCIC,Erodium cicutarium,Non-native,Forb,Non-native,CalFlora,J8,5,J,8,SEDG,Drought,rgr_h_AM,-0.00333469559610763
J8.EROCIC.1,EROCIC,Erodium cicutarium,Non-native,Forb,Non-native,CalFlora,J8,5,J,8,SEDG,Drought,rgr_h_MJ,NA
G7.DAUPUS.1,DAUPUS,Daucus pusillus,Native,Forb,Native,CalFlora,G7,2,G,7,ANGELO,Control,rgr_h_FM,0.04471917293935131
G7.DAUPUS.1,DAUPUS,Daucus pusillus,Native,Forb,Native,CalFlora,G7,2,G,7,ANGELO,Control,rgr_h_MA,0.06190145817054231
G7.DAUPUS.1,DAUPUS,Daucus pusillus,Native,Forb,Native,CalFlora,G7,2,G,7,ANGELO,Control,rgr_h_AM,0.06669270129278382
G7.DAUPUS.1,DAUPUS,Daucus pusillus,Native,Forb,Native,CalFlora,G7,2,G,7,ANGELO,Control,rgr_h_MJ,NA
J4.BROARE.1,BROARE,Bromus arenarius,Non-native,Grass,Non-native,CalFlora,J4,5,J,4,WWP,Drought,rgr_h_FM,NA
J4.BROARE.1,BROARE,Bromus arenarius,Non-native,Grass,Non-native,CalFlora,J4,5,J,4,WWP,Drought,rgr_h_MA,-0.00157387626353006
J4.BROARE.1,BROARE,Bromus arenarius,Non-native,Grass,Non-native,CalFlora,J4,5,J,4,WWP,Drought,rgr_h_AM,0.00749612184192832
J4.BROARE.1,BROARE,Bromus arenarius,Non-native,Grass,Non-native,CalFlora,J4,5,J,4,WWP,Drought,rgr_h_MJ,NA
A3.EROBOT.1,EROBOT,Erodium botrys,Non-native,Forb,Non-native,CalFlora,A3,1,A,3,BORR,Drought,rgr_h_FM,0.04557778758559722
A3.EROBOT.1,EROBOT,Erodium botrys,Non-native,Forb,Non-native,CalFlora,A3,1,A,3,BORR,Drought,rgr_h_MA,0.03492968211934501
A3.EROBOT.1,EROBOT,Erodium botrys,Non-native,Forb,Non-native,CalFlora,A3,1,A,3,BORR,Drought,rgr_h_AM,0.01238655668751509
A3.EROBOT.1,EROBOT,Erodium botrys,Non-native,Forb,Non-native,CalFlora,A3,1,A,3,BORR,Drought,rgr_h_MJ,NA
E1.ESCCAL.1,ESCCAL,Eschscholzia californica,Native,Forb,Native,CalFlora,E1,5,E,1,ANGELO,Control,rgr_h_FM,0.06190145817054233
E1.ESCCAL.1,ESCCAL,Eschscholzia californica,Native,Forb,Native,CalFlora,E1,5,E,1,ANGELO,Control,rgr_h_MA,0.03242476805014444
E1.ESCCAL.1,ESCCAL,Eschscholzia californica,Native,Forb,Native,CalFlora,E1,5,E,1,ANGELO,Control,rgr_h_AM,NA
E1.ESCCAL.1,ESCCAL,Eschscholzia californica,Native,Forb,Native,CalFlora,E1,5,E,1,ANGELO,Control,rgr_h_MJ,NA
E8.CLAPUR.1,CLAPUR,Clarkia purpurea,Native,Forb,Native,CalFlora,E8,5,E,8,BORR,Control,rgr_h_FM,0.02665950694461328
E8.CLAPUR.1,CLAPUR,Clarkia purpurea,Native,Forb,Native,CalFlora,E8,5,E,8,BORR,Control,rgr_h_MA,0.05499187394317501
E8.CLAPUR.1,CLAPUR,Clarkia purpurea,Native,Forb,Native,CalFlora,E8,5,E,8,BORR,Control,rgr_h_AM,0.00882930352040675
E8.CLAPUR.1,CLAPUR,Clarkia purpurea,Native,Forb,Native,CalFlora,E8,5,E,8,BORR,Control,rgr_h_MJ,NA
G6.MADGRA.1,MADGRA,Madia gracilis,Native,Forb,Native,CalFlora,G6,2,G,6,ANGELO,Control,rgr_h_FM,0.03543910608606806
G6.MADGRA.1,MADGRA,Madia gracilis,Native,Forb,Native,CalFlora,G6,2,G,6,ANGELO,Control,rgr_h_MA,0.04630664632022831
G6.MADGRA.1,MADGRA,Madia gracilis,Native,Forb,Native,CalFlora,G6,2,G,6,ANGELO,Control,rgr_h_AM,NA
G6.MADGRA.1,MADGRA,Madia gracilis,Native,Forb,Native,CalFlora,G6,2,G,6,ANGELO,Control,rgr_h_MJ,NA
I5.MADGRA.1,MADGRA,Madia gracilis,Native,Forb,Native,CalFlora,I5,4,I,5,ANGELO,Drought,rgr_h_FM,0.04474153458912029
I5.MADGRA.1,MADGRA,Madia gracilis,Native,Forb,Native,CalFlora,I5,4,I,5,ANGELO,Drought,rgr_h_MA,0.04620981203732968
I5.MADGRA.1,MADGRA,Madia gracilis,Native,Forb,Native,CalFlora,I5,4,I,5,ANGELO,Drought,rgr_h_AM,0.04842313106777732
I5.MADGRA.1,MADGRA,Madia gracilis,Native,Forb,Native,CalFlora,I5,4,I,5,ANGELO,Drought,rgr_h_MJ,NA
I6.MADGRA.1,MADGRA,Madia gracilis,Native,Forb,Native,CalFlora,I6,4,I,6,ANGELO,Drought,rgr_h_FM,0.04951051289713894
I6.MADGRA.1,MADGRA,Madia gracilis,Native,Forb,Native,CalFlora,I6,4,I,6,ANGELO,Drought,rgr_h_MA,0.03928849987805487
I6.MADGRA.1,MADGRA,Madia gracilis,Native,Forb,Native,CalFlora,I6,4,I,6,ANGELO,Drought,rgr_h_AM,0.05018760659524688
I6.MADGRA.1,MADGRA,Madia gracilis,Native,Forb,Native,CalFlora,I6,4,I,6,ANGELO,Drought,rgr_h_MJ,NA
I8.MADGRA.1,MADGRA,Madia gracilis,Native,Forb,Native,CalFlora,I8,4,I,8,ANGELO,Drought,rgr_h_FM,0.04574763733793087
I8.MADGRA.1,MADGRA,Madia gracilis,Native,Forb,Native,CalFlora,I8,4,I,8,ANGELO,Drought,rgr_h_MA,0.04430453157599807
I8.MADGRA.1,MADGRA,Madia gracilis,Native,Forb,Native,CalFlora,I8,4,I,8,ANGELO,Drought,rgr_h_AM,0.04335111919288826
I8.MADGRA.1,MADGRA,Madia gracilis,Native,Forb,Native,CalFlora,I8,4,I,8,ANGELO,Drought,rgr_h_MJ,NA
I2.ESCCAL.1,ESCCAL,Eschscholzia californica,Native,Forb,Native,CalFlora,I2,4,I,2,SEDG,Drought,rgr_h_FM,0.02244947420630798
I2.ESCCAL.1,ESCCAL,Eschscholzia californica,Native,Forb,Native,CalFlora,I2,4,I,2,SEDG,Drought,rgr_h_MA,0.05599248341337672
I2.ESCCAL.1,ESCCAL,Eschscholzia californica,Native,Forb,Native,CalFlora,I2,4,I,2,SEDG,Drought,rgr_h_AM,0.01452574706098098
I2.ESCCAL.1,ESCCAL,Eschscholzia californica,Native,Forb,Native,CalFlora,I2,4,I,2,SEDG,Drought,rgr_h_MJ,-0.01382755818981248
B7.VICSAT.1,VICSAT,Vicia sativa,Non-native,Forb,Non-native,CalFlora,B7,2,B,7,BORR,Drought,rgr_h_FM,-0.00669503498072267
B7.VICSAT.1,VICSAT,Vicia sativa,Non-native,Forb,Non-native,CalFlora,B7,2,B,7,BORR,Drought,rgr_h_MA,0.06508743924424583
B7.VICSAT.1,VICSAT,Vicia sativa,Non-native,Forb,Non-native,CalFlora,B7,2,B,7,BORR,Drought,rgr_h_AM,NA
B7.VICSAT.1,VICSAT,Vicia sativa,Non-native,Forb,Non-native,CalFlora,B7,2,B,7,BORR,Drought,rgr_h_MJ,NA
I6.BRODIA.1,BRODIA,Bromus diandrus,Non-native,Grass,Moderate,Cal IPC,I6,4,I,6,ANGELO,Drought,rgr_h_FM,NA
I6.BRODIA.1,BRODIA,Bromus diandrus,Non-native,Grass,Moderate,Cal IPC,I6,4,I,6,ANGELO,Drought,rgr_h_MA,0.01506617079143523
I6.BRODIA.1,BRODIA,Bromus diandrus,Non-native,Grass,Moderate,Cal IPC,I6,4,I,6,ANGELO,Drought,rgr_h_AM,0.05176049974023136
I6.BRODIA.1,BRODIA,Bromus diandrus,Non-native,Grass,Moderate,Cal IPC,I6,4,I,6,ANGELO,Drought,rgr_h_MJ,NA
G5.TRIHIR.1,TRIHIR,Trifolium hirtum,Non-native,Forb,Limited,Cal IPC,G5,2,G,5,MCL,Control,rgr_h_FM,0.06119741886728649
G5.TRIHIR.1,TRIHIR,Trifolium hirtum,Non-native,Forb,Limited,Cal IPC,G5,2,G,5,MCL,Control,rgr_h_MA,0.0246866879297075
G5.TRIHIR.1,TRIHIR,Trifolium hirtum,Non-native,Forb,Limited,Cal IPC,G5,2,G,5,MCL,Control,rgr_h_AM,0.02613421779671955
G5.TRIHIR.1,TRIHIR,Trifolium hirtum,Non-native,Forb,Limited,Cal IPC,G5,2,G,5,MCL,Control,rgr_h_MJ,NA
D2.CLAPUR.1,CLAPUR,Clarkia purpurea,Native,Forb,Native,CalFlora,D2,4,D,2,BORR,Control,rgr_h_FM,0.03243720864865315
D2.CLAPUR.1,CLAPUR,Clarkia purpurea,Native,Forb,Native,CalFlora,D2,4,D,2,BORR,Control,rgr_h_MA,0.05213251794524476
D2.CLAPUR.1,CLAPUR,Clarkia purpurea,Native,Forb,Native,CalFlora,D2,4,D,2,BORR,Control,rgr_h_AM,0.01285845541917315
D2.CLAPUR.1,CLAPUR,Clarkia purpurea,Native,Forb,Native,CalFlora,D2,4,D,2,BORR,Control,rgr_h_MJ,NA
D6.CLAPUR.1,CLAPUR,Clarkia purpurea,Native,Forb,Native,CalFlora,D6,4,D,6,BORR,Control,rgr_h_FM,0.05011051873981472
D6.CLAPUR.1,CLAPUR,Clarkia purpurea,Native,Forb,Native,CalFlora,D6,4,D,6,BORR,Control,rgr_h_MA,0.0506608584581471
D6.CLAPUR.1,CLAPUR,Clarkia purpurea,Native,Forb,Native,CalFlora,D6,4,D,6,BORR,Control,rgr_h_AM,0.02651471198796252
D6.CLAPUR.1,CLAPUR,Clarkia purpurea,Native,Forb,Native,CalFlora,D6,4,D,6,BORR,Control,rgr_h_MJ,NA
B5.EROBOT.1,EROBOT,Erodium botrys,Non-native,Forb,Non-native,CalFlora,B5,2,B,5,MCL,Drought,rgr_h_FM,0.09100197688328478
B5.EROBOT.1,EROBOT,Erodium botrys,Non-native,Forb,Non-native,CalFlora,B5,2,B,5,MCL,Drought,rgr_h_MA,0.0437669722185245
B5.EROBOT.1,EROBOT,Erodium botrys,Non-native,Forb,Non-native,CalFlora,B5,2,B,5,MCL,Drought,rgr_h_AM,0.0239425846675931
B5.EROBOT.1,EROBOT,Erodium botrys,Non-native,Forb,Non-native,CalFlora,B5,2,B,5,MCL,Drought,rgr_h_MJ,NA
C5.EROBOT.1,EROBOT,Erodium botrys,Non-native,Forb,Non-native,CalFlora,C5,3,C,5,BORR,Drought,rgr_h_FM,0.0406893440247448
C5.EROBOT.1,EROBOT,Erodium botrys,Non-native,Forb,Non-native,CalFlora,C5,3,C,5,BORR,Drought,rgr_h_MA,0.06303886597927344
C5.EROBOT.1,EROBOT,Erodium botrys,Non-native,Forb,Non-native,CalFlora,C5,3,C,5,BORR,Drought,rgr_h_AM,0.02077352640989909
C5.EROBOT.1,EROBOT,Erodium botrys,Non-native,Forb,Non-native,CalFlora,C5,3,C,5,BORR,Drought,rgr_h_MJ,NA
D1.CLAPUR.1,CLAPUR,Clarkia purpurea,Native,Forb,Native,CalFlora,D1,4,D,1,ANGELO,Control,rgr_h_FM,0.04394449154672439
D1.CLAPUR.1,CLAPUR,Clarkia purpurea,Native,Forb,Native,CalFlora,D1,4,D,1,ANGELO,Control,rgr_h_MA,0.01531774431261467
D1.CLAPUR.1,CLAPUR,Clarkia purpurea,Native,Forb,Native,CalFlora,D1,4,D,1,ANGELO,Control,rgr_h_AM,0.03113959241521105
D1.CLAPUR.1,CLAPUR,Clarkia purpurea,Native,Forb,Native,CalFlora,D1,4,D,1,ANGELO,Control,rgr_h_MJ,NA
E1.CLAPUR.1,CLAPUR,Clarkia purpurea,Native,Forb,Native,CalFlora,E1,5,E,1,ANGELO,Control,rgr_h_FM,0.04225431879492729
E1.CLAPUR.1,CLAPUR,Clarkia purpurea,Native,Forb,Native,CalFlora,E1,5,E,1,ANGELO,Control,rgr_h_MA,0.01636417601033479
E1.CLAPUR.1,CLAPUR,Clarkia purpurea,Native,Forb,Native,CalFlora,E1,5,E,1,ANGELO,Control,rgr_h_AM,0.03706892082303446
E1.CLAPUR.1,CLAPUR,Clarkia purpurea,Native,Forb,Native,CalFlora,E1,5,E,1,ANGELO,Control,rgr_h_MJ,NA
E3.CLAPUR.1,CLAPUR,Clarkia purpurea,Native,Forb,Native,CalFlora,E3,5,E,3,ANGELO,Control,rgr_h_FM,0.02665950694461328
E3.CLAPUR.1,CLAPUR,Clarkia purpurea,Native,Forb,Native,CalFlora,E3,5,E,3,ANGELO,Control,rgr_h_MA,0.03263228747349935
E3.CLAPUR.1,CLAPUR,Clarkia purpurea,Native,Forb,Native,CalFlora,E3,5,E,3,ANGELO,Control,rgr_h_AM,0.05328520485590948
E3.CLAPUR.1,CLAPUR,Clarkia purpurea,Native,Forb,Native,CalFlora,E3,5,E,3,ANGELO,Control,rgr_h_MJ,NA
F1.CLAPUR.1,CLAPUR,Clarkia purpurea,Native,Forb,Native,CalFlora,F1,1,F,1,ANGELO,Control,rgr_h_FM,0.02166084939249829
F1.CLAPUR.1,CLAPUR,Clarkia purpurea,Native,Forb,Native,CalFlora,F1,1,F,1,ANGELO,Control,rgr_h_MA,0.05056334719977334
F1.CLAPUR.1,CLAPUR,Clarkia purpurea,Native,Forb,Native,CalFlora,F1,1,F,1,ANGELO,Control,rgr_h_AM,0.02816954586328486
F1.CLAPUR.1,CLAPUR,Clarkia purpurea,Native,Forb,Native,CalFlora,F1,1,F,1,ANGELO,Control,rgr_h_MJ,NA
D4.CLAPUR.1,CLAPUR,Clarkia purpurea,Native,Forb,Native,CalFlora,D4,4,D,4,MCL,Control,rgr_h_FM,0.02772588722239781
D4.CLAPUR.1,CLAPUR,Clarkia purpurea,Native,Forb,Native,CalFlora,D4,4,D,4,MCL,Control,rgr_h_MA,0.05438056063842918
D4.CLAPUR.1,CLAPUR,Clarkia purpurea,Native,Forb,Native,CalFlora,D4,4,D,4,MCL,Control,rgr_h_AM,0.02188435463166986
D4.CLAPUR.1,CLAPUR,Clarkia purpurea,Native,Forb,Native,CalFlora,D4,4,D,4,MCL,Control,rgr_h_MJ,NA
B2.CLAPUR.1,CLAPUR,Clarkia purpurea,Native,Forb,Native,CalFlora,B2,2,B,2,MCL,Drought,rgr_h_FM,0.05772332529557488
B2.CLAPUR.1,CLAPUR,Clarkia purpurea,Native,Forb,Native,CalFlora,B2,2,B,2,MCL,Drought,rgr_h_MA,0.0419123543267826
B2.CLAPUR.1,CLAPUR,Clarkia purpurea,Native,Forb,Native,CalFlora,B2,2,B,2,MCL,Drought,rgr_h_AM,0.01500662098842975
B2.CLAPUR.1,CLAPUR,Clarkia purpurea,Native,Forb,Native,CalFlora,B2,2,B,2,MCL,Drought,rgr_h_MJ,NA
C3.CLAPUR.1,CLAPUR,Clarkia purpurea,Native,Forb,Native,CalFlora,C3,3,C,3,ANGELO,Drought,rgr_h_FM,0.04225431879492729
C3.CLAPUR.1,CLAPUR,Clarkia purpurea,Native,Forb,Native,CalFlora,C3,3,C,3,ANGELO,Drought,rgr_h_MA,0.02310490601866484
C3.CLAPUR.1,CLAPUR,Clarkia purpurea,Native,Forb,Native,CalFlora,C3,3,C,3,ANGELO,Drought,rgr_h_AM,0.04469710887191
C3.CLAPUR.1,CLAPUR,Clarkia purpurea,Native,Forb,Native,CalFlora,C3,3,C,3,ANGELO,Drought,rgr_h_MJ,NA
A8.CLAPUR.1,CLAPUR,Clarkia purpurea,Native,Forb,Native,CalFlora,A8,1,A,8,MCL,Drought,rgr_h_FM,0.02390162691586018
A8.CLAPUR.1,CLAPUR,Clarkia purpurea,Native,Forb,Native,CalFlora,A8,1,A,8,MCL,Drought,rgr_h_MA,0.06003034754141162
A8.CLAPUR.1,CLAPUR,Clarkia purpurea,Native,Forb,Native,CalFlora,A8,1,A,8,MCL,Drought,rgr_h_AM,0.02708518979677155
A8.CLAPUR.1,CLAPUR,Clarkia purpurea,Native,Forb,Native,CalFlora,A8,1,A,8,MCL,Drought,rgr_h_MJ,NA
B5.CLAPUR.1,CLAPUR,Clarkia purpurea,Native,Forb,Native,CalFlora,B5,2,B,5,MCL,Drought,rgr_h_FM,0.0694794145014574
B5.CLAPUR.1,CLAPUR,Clarkia purpurea,Native,Forb,Native,CalFlora,B5,2,B,5,MCL,Drought,rgr_h_MA,0.04290044184410342
B5.CLAPUR.1,CLAPUR,Clarkia purpurea,Native,Forb,Native,CalFlora,B5,2,B,5,MCL,Drought,rgr_h_AM,0.00862976640768
B5.CLAPUR.1,CLAPUR,Clarkia purpurea,Native,Forb,Native,CalFlora,B5,2,B,5,MCL,Drought,rgr_h_MJ,NA
I6.CLAPUR.1,CLAPUR,Clarkia purpurea,Native,Forb,Native,CalFlora,I6,4,I,6,ANGELO,Drought,rgr_h_FM,0.04951051289713894
I6.CLAPUR.1,CLAPUR,Clarkia purpurea,Native,Forb,Native,CalFlora,I6,4,I,6,ANGELO,Drought,rgr_h_MA,0.05013591322587581
I6.CLAPUR.1,CLAPUR,Clarkia purpurea,Native,Forb,Native,CalFlora,I6,4,I,6,ANGELO,Drought,rgr_h_AM,0.002701551683534
I6.CLAPUR.1,CLAPUR,Clarkia purpurea,Native,Forb,Native,CalFlora,I6,4,I,6,ANGELO,Drought,rgr_h_MJ,NA
F4.CLAPUR.1,CLAPUR,Clarkia purpurea,Native,Forb,Native,CalFlora,F4,1,F,4,MCL,Control,rgr_h_FM,0.02166084939249829
F4.CLAPUR.1,CLAPUR,Clarkia purpurea,Native,Forb,Native,CalFlora,F4,1,F,4,MCL,Control,rgr_h_MA,0.06364919622408036
F4.CLAPUR.1,CLAPUR,Clarkia purpurea,Native,Forb,Native,CalFlora,F4,1,F,4,MCL,Control,rgr_h_AM,0.00901020222661253
F4.CLAPUR.1,CLAPUR,Clarkia purpurea,Native,Forb,Native,CalFlora,F4,1,F,4,MCL,Control,rgr_h_MJ,NA
H6.CLAPUR.1,CLAPUR,Clarkia purpurea,Native,Forb,Native,CalFlora,H6,3,H,6,ANGELO,Control,rgr_h_FM,0.04851862570246045
H6.CLAPUR.1,CLAPUR,Clarkia purpurea,Native,Forb,Native,CalFlora,H6,3,H,6,ANGELO,Control,rgr_h_MA,0.02772588722239781
H6.CLAPUR.1,CLAPUR,Clarkia purpurea,Native,Forb,Native,CalFlora,H6,3,H,6,ANGELO,Control,rgr_h_AM,0.04859585767537087
H6.CLAPUR.1,CLAPUR,Clarkia purpurea,Native,Forb,Native,CalFlora,H6,3,H,6,ANGELO,Control,rgr_h_MJ,NA
I2.EROCIC.1,EROCIC,Erodium cicutarium,Non-native,Forb,Non-native,CalFlora,I2,4,I,2,SEDG,Drought,rgr_h_FM,0.08528092937014983
I2.EROCIC.1,EROCIC,Erodium cicutarium,Non-native,Forb,Non-native,CalFlora,I2,4,I,2,SEDG,Drought,rgr_h_MA,0.05599248341337672
I2.EROCIC.1,EROCIC,Erodium cicutarium,Non-native,Forb,Non-native,CalFlora,I2,4,I,2,SEDG,Drought,rgr_h_AM,0.00238275449510811
I2.EROCIC.1,EROCIC,Erodium cicutarium,Non-native,Forb,Non-native,CalFlora,I2,4,I,2,SEDG,Drought,rgr_h_MJ,NA
A2.EROCIC.1,EROCIC,Erodium cicutarium,Non-native,Forb,Non-native,CalFlora,A2,1,A,2,WWP,Drought,rgr_h_FM,0.0332786515877099
A2.EROCIC.1,EROCIC,Erodium cicutarium,Non-native,Forb,Non-native,CalFlora,A2,1,A,2,WWP,Drought,rgr_h_MA,0.05524278826461088
A2.EROCIC.1,EROCIC,Erodium cicutarium,Non-native,Forb,Non-native,CalFlora,A2,1,A,2,WWP,Drought,rgr_h_AM,0.00332507239252649
A2.EROCIC.1,EROCIC,Erodium cicutarium,Non-native,Forb,Non-native,CalFlora,A2,1,A,2,WWP,Drought,rgr_h_MJ,NA
B3.ESCCAL.1,ESCCAL,Eschscholzia californica,Native,Forb,Native,CalFlora,B3,2,B,3,SEDG,Drought,rgr_h_FM,0.02390162691586019
B3.ESCCAL.1,ESCCAL,Eschscholzia californica,Native,Forb,Native,CalFlora,B3,2,B,3,SEDG,Drought,rgr_h_MA,0.04779369486852307
B3.ESCCAL.1,ESCCAL,Eschscholzia californica,Native,Forb,Native,CalFlora,B3,2,B,3,SEDG,Drought,rgr_h_AM,0.00397747820626586
B3.ESCCAL.1,ESCCAL,Eschscholzia californica,Native,Forb,Native,CalFlora,B3,2,B,3,SEDG,Drought,rgr_h_MJ,-0.01742541993639121
I7.CLAPUR.1,CLAPUR,Clarkia purpurea,Native,Forb,Native,CalFlora,I7,4,I,7,MCL,Drought,rgr_h_FM,0.01355320077517513
I7.CLAPUR.1,CLAPUR,Clarkia purpurea,Native,Forb,Native,CalFlora,I7,4,I,7,MCL,Drought,rgr_h_MA,0.06579428212759676
I7.CLAPUR.1,CLAPUR,Clarkia purpurea,Native,Forb,Native,CalFlora,I7,4,I,7,MCL,Drought,rgr_h_AM,0.01975371644710251
I7.CLAPUR.1,CLAPUR,Clarkia purpurea,Native,Forb,Native,CalFlora,I7,4,I,7,MCL,Drought,rgr_h_MJ,NA
J8.CENMEL.1,CENMEL,Centaurea melitensis,Non-native,Forb,Moderate,Cal IPC,J8,5,J,8,SEDG,Drought,rgr_h_FM,0.05545177444479562
J8.CENMEL.1,CENMEL,Centaurea melitensis,Non-native,Forb,Moderate,Cal IPC,J8,5,J,8,SEDG,Drought,rgr_h_MA,0.03065091415661644
J8.CENMEL.1,CENMEL,Centaurea melitensis,Non-native,Forb,Moderate,Cal IPC,J8,5,J,8,SEDG,Drought,rgr_h_AM,0.04633886949807594
J8.CENMEL.1,CENMEL,Centaurea melitensis,Non-native,Forb,Moderate,Cal IPC,J8,5,J,8,SEDG,Drought,rgr_h_MJ,NA
J5.CENMEL.1,CENMEL,Centaurea melitensis,Non-native,Forb,Moderate,Cal IPC,J5,5,J,5,SEDG,Drought,rgr_h_FM,0.07783640596221253
J5.CENMEL.1,CENMEL,Centaurea melitensis,Non-native,Forb,Moderate,Cal IPC,J5,5,J,5,SEDG,Drought,rgr_h_MA,0.00417285601951633
J5.CENMEL.1,CENMEL,Centaurea melitensis,Non-native,Forb,Moderate,Cal IPC,J5,5,J,5,SEDG,Drought,rgr_h_AM,0.05542685663053742
J5.CENMEL.1,CENMEL,Centaurea melitensis,Non-native,Forb,Moderate,Cal IPC,J5,5,J,5,SEDG,Drought,rgr_h_MJ,NA
H7.CLAPUR.1,CLAPUR,Clarkia purpurea,Native,Forb,Native,CalFlora,H7,3,H,7,MCL,Control,rgr_h_FM,0.04667480590117178
H7.CLAPUR.1,CLAPUR,Clarkia purpurea,Native,Forb,Native,CalFlora,H7,3,H,7,MCL,Control,rgr_h_MA,0.05175684163955502
H7.CLAPUR.1,CLAPUR,Clarkia purpurea,Native,Forb,Native,CalFlora,H7,3,H,7,MCL,Control,rgr_h_AM,0.02372517177510017
H7.CLAPUR.1,CLAPUR,Clarkia purpurea,Native,Forb,Native,CalFlora,H7,3,H,7,MCL,Control,rgr_h_MJ,NA
F5.CLAPUR.1,CLAPUR,Clarkia purpurea,Native,Forb,Native,CalFlora,F5,1,F,5,MCL,Control,rgr_h_FM,0.03578538450946883
F5.CLAPUR.1,CLAPUR,Clarkia purpurea,Native,Forb,Native,CalFlora,F5,1,F,5,MCL,Control,rgr_h_MA,0.05611918682540615
F5.CLAPUR.1,CLAPUR,Clarkia purpurea,Native,Forb,Native,CalFlora,F5,1,F,5,MCL,Control,rgr_h_AM,0.02659598313568763
F5.CLAPUR.1,CLAPUR,Clarkia purpurea,Native,Forb,Native,CalFlora,F5,1,F,5,MCL,Control,rgr_h_MJ,NA
A5.CLAPUR.1,CLAPUR,Clarkia purpurea,Native,Forb,Native,CalFlora,A5,1,A,5,MCL,Drought,rgr_h_FM,0.05634932844911972
A5.CLAPUR.1,CLAPUR,Clarkia purpurea,Native,Forb,Native,CalFlora,A5,1,A,5,MCL,Drought,rgr_h_MA,0.05035473760545022
A5.CLAPUR.1,CLAPUR,Clarkia purpurea,Native,Forb,Native,CalFlora,A5,1,A,5,MCL,Drought,rgr_h_AM,0.00623036915167114
A5.CLAPUR.1,CLAPUR,Clarkia purpurea,Native,Forb,Native,CalFlora,A5,1,A,5,MCL,Drought,rgr_h_MJ,NA
B7.CLAPUR.1,CLAPUR,Clarkia purpurea,Native,Forb,Native,CalFlora,B7,2,B,7,BORR,Drought,rgr_h_FM,0.02982749784436567
B7.CLAPUR.1,CLAPUR,Clarkia purpurea,Native,Forb,Native,CalFlora,B7,2,B,7,BORR,Drought,rgr_h_MA,0.05420743422398839
B7.CLAPUR.1,CLAPUR,Clarkia purpurea,Native,Forb,Native,CalFlora,B7,2,B,7,BORR,Drought,rgr_h_AM,0.01247083944577508
B7.CLAPUR.1,CLAPUR,Clarkia purpurea,Native,Forb,Native,CalFlora,B7,2,B,7,BORR,Drought,rgr_h_MJ,NA
H4.CLAPUR.1,CLAPUR,Clarkia purpurea,Native,Forb,Native,CalFlora,H4,3,H,4,MCL,Control,rgr_h_FM,0.05540811280884946
H4.CLAPUR.1,CLAPUR,Clarkia purpurea,Native,Forb,Native,CalFlora,H4,3,H,4,MCL,Control,rgr_h_MA,0.04290547209059395
H4.CLAPUR.1,CLAPUR,Clarkia purpurea,Native,Forb,Native,CalFlora,H4,3,H,4,MCL,Control,rgr_h_AM,0.01774715503978329
H4.CLAPUR.1,CLAPUR,Clarkia purpurea,Native,Forb,Native,CalFlora,H4,3,H,4,MCL,Control,rgr_h_MJ,NA
J6.CLAPUR.1,CLAPUR,Clarkia purpurea,Native,Forb,Native,CalFlora,J6,5,J,6,MCL,Drought,rgr_h_FM,0.05054768156110232
J6.CLAPUR.1,CLAPUR,Clarkia purpurea,Native,Forb,Native,CalFlora,J6,5,J,6,MCL,Drought,rgr_h_MA,0.04047883071606763
J6.CLAPUR.1,CLAPUR,Clarkia purpurea,Native,Forb,Native,CalFlora,J6,5,J,6,MCL,Drought,rgr_h_AM,0.01418946645291748
J6.CLAPUR.1,CLAPUR,Clarkia purpurea,Native,Forb,Native,CalFlora,J6,5,J,6,MCL,Drought,rgr_h_MJ,NA
E7.CLAPUR.1,CLAPUR,Clarkia purpurea,Native,Forb,Native,CalFlora,E7,5,E,7,MCL,Control,rgr_h_FM,0.0440435501655001
E7.CLAPUR.1,CLAPUR,Clarkia purpurea,Native,Forb,Native,CalFlora,E7,5,E,7,MCL,Control,rgr_h_MA,0.05363057218542093
E7.CLAPUR.1,CLAPUR,Clarkia purpurea,Native,Forb,Native,CalFlora,E7,5,E,7,MCL,Control,rgr_h_AM,0.02937976935856846
E7.CLAPUR.1,CLAPUR,Clarkia purpurea,Native,Forb,Native,CalFlora,E7,5,E,7,MCL,Control,rgr_h_MJ,NA
G5.CLAPUR.1,CLAPUR,Clarkia purpurea,Native,Forb,Native,CalFlora,G5,2,G,5,MCL,Control,rgr_h_FM,0.05262634900493147
G5.CLAPUR.1,CLAPUR,Clarkia purpurea,Native,Forb,Native,CalFlora,G5,2,G,5,MCL,Control,rgr_h_MA,0.04253202064006142
G5.CLAPUR.1,CLAPUR,Clarkia purpurea,Native,Forb,Native,CalFlora,G5,2,G,5,MCL,Control,rgr_h_AM,0.01192930296810871
G5.CLAPUR.1,CLAPUR,Clarkia purpurea,Native,Forb,Native,CalFlora,G5,2,G,5,MCL,Control,rgr_h_MJ,NA
G2.CLAPUR.1,CLAPUR,Clarkia purpurea,Native,Forb,Native,CalFlora,G2,2,G,2,MCL,Control,rgr_h_FM,0.05306954822697354
G2.CLAPUR.1,CLAPUR,Clarkia purpurea,Native,Forb,Native,CalFlora,G2,2,G,2,MCL,Control,rgr_h_MA,0.04465213150931713
G2.CLAPUR.1,CLAPUR,Clarkia purpurea,Native,Forb,Native,CalFlora,G2,2,G,2,MCL,Control,rgr_h_AM,0.017052433609334
G2.CLAPUR.1,CLAPUR,Clarkia purpurea,Native,Forb,Native,CalFlora,G2,2,G,2,MCL,Control,rgr_h_MJ,NA
J3.CLAPUR.1,CLAPUR,Clarkia purpurea,Native,Forb,Native,CalFlora,J3,5,J,3,MCL,Drought,rgr_h_FM,0.05865348275173707
J3.CLAPUR.1,CLAPUR,Clarkia purpurea,Native,Forb,Native,CalFlora,J3,5,J,3,MCL,Drought,rgr_h_MA,0.0534911487985787
J3.CLAPUR.1,CLAPUR,Clarkia purpurea,Native,Forb,Native,CalFlora,J3,5,J,3,MCL,Drought,rgr_h_AM,0.0219170328707116
J3.CLAPUR.1,CLAPUR,Clarkia purpurea,Native,Forb,Native,CalFlora,J3,5,J,3,MCL,Drought,rgr_h_MJ,NA
A1.ESCCAL.1,ESCCAL,Eschscholzia californica,Native,Forb,Native,CalFlora,A1,1,A,1,ANGELO,Drought,rgr_h_FM,NA
A1.ESCCAL.1,ESCCAL,Eschscholzia californica,Native,Forb,Native,CalFlora,A1,1,A,1,ANGELO,Drought,rgr_h_MA,0.04104683826682758
A1.ESCCAL.1,ESCCAL,Eschscholzia californica,Native,Forb,Native,CalFlora,A1,1,A,1,ANGELO,Drought,rgr_h_AM,0.02306804055511113
A1.ESCCAL.1,ESCCAL,Eschscholzia californica,Native,Forb,Native,CalFlora,A1,1,A,1,ANGELO,Drought,rgr_h_MJ,-0.00444681709297424
A1.HYPGLA.1,HYPGLA,Hypochaeris glabra,Non-native,Forb,Limited,Cal IPC,A1,1,A,1,ANGELO,Drought,rgr_h_FM,0.07939948596531193
A1.HYPGLA.1,HYPGLA,Hypochaeris glabra,Non-native,Forb,Limited,Cal IPC,A1,1,A,1,ANGELO,Drought,rgr_h_MA,0.02318554202279304
A1.HYPGLA.1,HYPGLA,Hypochaeris glabra,Non-native,Forb,Limited,Cal IPC,A1,1,A,1,ANGELO,Drought,rgr_h_AM,0.0547221458336799
A1.HYPGLA.1,HYPGLA,Hypochaeris glabra,Non-native,Forb,Limited,Cal IPC,A1,1,A,1,ANGELO,Drought,rgr_h_MJ,NA
A3.BRODIA.1,BRODIA,Bromus diandrus,Non-native,Grass,Moderate,Cal IPC,A3,1,A,3,BORR,Drought,rgr_h_FM,NA
A3.BRODIA.1,BRODIA,Bromus diandrus,Non-native,Grass,Moderate,Cal IPC,A3,1,A,3,BORR,Drought,rgr_h_MA,0.03452831161176863
A3.BRODIA.1,BRODIA,Bromus diandrus,Non-native,Grass,Moderate,Cal IPC,A3,1,A,3,BORR,Drought,rgr_h_AM,NA
A3.BRODIA.1,BRODIA,Bromus diandrus,Non-native,Grass,Moderate,Cal IPC,A3,1,A,3,BORR,Drought,rgr_h_MJ,NA
A3.BROHOR.1,BROHOR,Bromus hordeaceaus,Non-native,Grass,Limited,Cal IPC,A3,1,A,3,BORR,Drought,rgr_h_FM,NA
A3.BROHOR.1,BROHOR,Bromus hordeaceaus,Non-native,Grass,Limited,Cal IPC,A3,1,A,3,BORR,Drought,rgr_h_MA,0.05281725166844312
A3.BROHOR.1,BROHOR,Bromus hordeaceaus,Non-native,Grass,Limited,Cal IPC,A3,1,A,3,BORR,Drought,rgr_h_AM,NA
A3.BROHOR.1,BROHOR,Bromus hordeaceaus,Non-native,Grass,Limited,Cal IPC,A3,1,A,3,BORR,Drought,rgr_h_MJ,NA
A3.DAUPUS.1,DAUPUS,Daucus pusillus,Native,Forb,Native,CalFlora,A3,1,A,3,BORR,Drought,rgr_h_FM,0.04780325383172037
A3.DAUPUS.1,DAUPUS,Daucus pusillus,Native,Forb,Native,CalFlora,A3,1,A,3,BORR,Drought,rgr_h_MA,0.06071908242254969
A3.DAUPUS.1,DAUPUS,Daucus pusillus,Native,Forb,Native,CalFlora,A3,1,A,3,BORR,Drought,rgr_h_AM,0.02474907490408156
A3.DAUPUS.1,DAUPUS,Daucus pusillus,Native,Forb,Native,CalFlora,A3,1,A,3,BORR,Drought,rgr_h_MJ,NA
A3.LUPBIC.1,LUPBIC,Lupinus bicolor,Native,Forb,Native,CalFlora,A3,1,A,3,BORR,Drought,rgr_h_FM,0.02026850568627996
A3.LUPBIC.1,LUPBIC,Lupinus bicolor,Native,Forb,Native,CalFlora,A3,1,A,3,BORR,Drought,rgr_h_MA,0.04443445663010384
A3.LUPBIC.1,LUPBIC,Lupinus bicolor,Native,Forb,Native,CalFlora,A3,1,A,3,BORR,Drought,rgr_h_AM,NA
A3.LUPBIC.1,LUPBIC,Lupinus bicolor,Native,Forb,Native,CalFlora,A3,1,A,3,BORR,Drought,rgr_h_MJ,NA
A6.EROCIC.1,EROCIC,Erodium cicutarium,Non-native,Forb,Non-native,CalFlora,A6,1,A,6,SEDG,Drought,rgr_h_FM,0.05549785904945173
A6.EROCIC.1,EROCIC,Erodium cicutarium,Non-native,Forb,Non-native,CalFlora,A6,1,A,6,SEDG,Drought,rgr_h_MA,0.03796251419682934
A6.EROCIC.1,EROCIC,Erodium cicutarium,Non-native,Forb,Non-native,CalFlora,A6,1,A,6,SEDG,Drought,rgr_h_AM,0.01919787260807066
A6.EROCIC.1,EROCIC,Erodium cicutarium,Non-native,Forb,Non-native,CalFlora,A6,1,A,6,SEDG,Drought,rgr_h_MJ,NA
A6.ESCCAL.1,ESCCAL,Eschscholzia californica,Native,Forb,Native,CalFlora,A6,1,A,6,SEDG,Drought,rgr_h_FM,0.02796311090401134
A6.ESCCAL.1,ESCCAL,Eschscholzia californica,Native,Forb,Native,CalFlora,A6,1,A,6,SEDG,Drought,rgr_h_MA,0.04668015275597421
A6.ESCCAL.1,ESCCAL,Eschscholzia californica,Native,Forb,Native,CalFlora,A6,1,A,6,SEDG,Drought,rgr_h_AM,0.01791694194925348
A6.ESCCAL.1,ESCCAL,Eschscholzia californica,Native,Forb,Native,CalFlora,A6,1,A,6,SEDG,Drought,rgr_h_MJ,-0.01908185733778869
A7.CALMEN.1,CALMEN,Calandrinia menziesii,Native,Forb,Native,CalFlora,A7,1,A,7,SEDG,Drought,rgr_h_FM,0.02390162691586018
A7.CALMEN.1,CALMEN,Calandrinia menziesii,Native,Forb,Native,CalFlora,A7,1,A,7,SEDG,Drought,rgr_h_MA,0.02100446001696803
A7.CALMEN.1,CALMEN,Calandrinia menziesii,Native,Forb,Native,CalFlora,A7,1,A,7,SEDG,Drought,rgr_h_AM,NA
A7.CALMEN.1,CALMEN,Calandrinia menziesii,Native,Forb,Native,CalFlora,A7,1,A,7,SEDG,Drought,rgr_h_MJ,NA
A8.TRIHIR.1,TRIHIR,Trifolium hirtum,Non-native,Forb,Limited,Cal IPC,A8,1,A,8,MCL,Drought,rgr_h_FM,0.03788318236786586
A8.TRIHIR.1,TRIHIR,Trifolium hirtum,Non-native,Forb,Limited,Cal IPC,A8,1,A,8,MCL,Drought,rgr_h_MA,0.04324595017091351
A8.TRIHIR.1,TRIHIR,Trifolium hirtum,Non-native,Forb,Limited,Cal IPC,A8,1,A,8,MCL,Drought,rgr_h_AM,0.02611131273587419
A8.TRIHIR.1,TRIHIR,Trifolium hirtum,Non-native,Forb,Limited,Cal IPC,A8,1,A,8,MCL,Drought,rgr_h_MJ,NA
B1.LUPBIC.1,LUPBIC,Lupinus bicolor,Native,Forb,Native,CalFlora,B1,2,B,1,BORR,Drought,rgr_h_FM,0.03591220258028141
B1.LUPBIC.1,LUPBIC,Lupinus bicolor,Native,Forb,Native,CalFlora,B1,2,B,1,BORR,Drought,rgr_h_MA,0.04996171905218276
B1.LUPBIC.1,LUPBIC,Lupinus bicolor,Native,Forb,Native,CalFlora,B1,2,B,1,BORR,Drought,rgr_h_AM,NA
B1.LUPBIC.1,LUPBIC,Lupinus bicolor,Native,Forb,Native,CalFlora,B1,2,B,1,BORR,Drought,rgr_h_MJ,NA
B3.CALMEN.1,CALMEN,Calandrinia menziesii,Native,Forb,Native,CalFlora,B3,2,B,3,SEDG,Drought,rgr_h_FM,NA
B3.CALMEN.1,CALMEN,Calandrinia menziesii,Native,Forb,Native,CalFlora,B3,2,B,3,SEDG,Drought,rgr_h_MA,NA
B3.CALMEN.1,CALMEN,Calandrinia menziesii,Native,Forb,Native,CalFlora,B3,2,B,3,SEDG,Drought,rgr_h_AM,NA
B3.CALMEN.1,CALMEN,Calandrinia menziesii,Native,Forb,Native,CalFlora,B3,2,B,3,SEDG,Drought,rgr_h_MJ,NA
B4.GALPAR.1,GALPAR,Galium parisiense,Non-native,Forb,Non-native,CalFlora,B4,2,B,4,ANGELO,Drought,rgr_h_FM,0.05186473781987152
B4.GALPAR.1,GALPAR,Galium parisiense,Non-native,Forb,Non-native,CalFlora,B4,2,B,4,ANGELO,Drought,rgr_h_MA,0.05119242118006587
B4.GALPAR.1,GALPAR,Galium parisiense,Non-native,Forb,Non-native,CalFlora,B4,2,B,4,ANGELO,Drought,rgr_h_AM,0.00574195373373542
B4.GALPAR.1,GALPAR,Galium parisiense,Non-native,Forb,Non-native,CalFlora,B4,2,B,4,ANGELO,Drought,rgr_h_MJ,NA
B4.HYPGLA.1,HYPGLA,Hypochaeris glabra,Non-native,Forb,Limited,Cal IPC,B4,2,B,4,ANGELO,Drought,rgr_h_FM,0.05549785904945173
B4.HYPGLA.1,HYPGLA,Hypochaeris glabra,Non-native,Forb,Limited,Cal IPC,B4,2,B,4,ANGELO,Drought,rgr_h_MA,0.07158720916306434
B4.HYPGLA.1,HYPGLA,Hypochaeris glabra,Non-native,Forb,Limited,Cal IPC,B4,2,B,4,ANGELO,Drought,rgr_h_AM,0.03259551362397701
B4.HYPGLA.1,HYPGLA,Hypochaeris glabra,Non-native,Forb,Limited,Cal IPC,B4,2,B,4,ANGELO,Drought,rgr_h_MJ,NA
B6.CALMEN.1,CALMEN,Calandrinia menziesii,Native,Forb,Native,CalFlora,B6,2,B,6,SEDG,Drought,rgr_h_FM,0.00992007146385451
B6.CALMEN.1,CALMEN,Calandrinia menziesii,Native,Forb,Native,CalFlora,B6,2,B,6,SEDG,Drought,rgr_h_MA,0.04077336356234972
B6.CALMEN.1,CALMEN,Calandrinia menziesii,Native,Forb,Native,CalFlora,B6,2,B,6,SEDG,Drought,rgr_h_AM,NA
B6.CALMEN.1,CALMEN,Calandrinia menziesii,Native,Forb,Native,CalFlora,B6,2,B,6,SEDG,Drought,rgr_h_MJ,NA
B6.EROCIC.1,EROCIC,Erodium cicutarium,Non-native,Forb,Non-native,CalFlora,B6,2,B,6,SEDG,Drought,rgr_h_FM,0.05981382949614159
B6.EROCIC.1,EROCIC,Erodium cicutarium,Non-native,Forb,Non-native,CalFlora,B6,2,B,6,SEDG,Drought,rgr_h_MA,0.05211637770387868
B6.EROCIC.1,EROCIC,Erodium cicutarium,Non-native,Forb,Non-native,CalFlora,B6,2,B,6,SEDG,Drought,rgr_h_AM,0.01546807012900313
B6.EROCIC.1,EROCIC,Erodium cicutarium,Non-native,Forb,Non-native,CalFlora,B6,2,B,6,SEDG,Drought,rgr_h_MJ,NA
C2.CALMEN.1,CALMEN,Calandrinia menziesii,Native,Forb,Native,CalFlora,C2,3,C,2,SEDG,Drought,rgr_h_FM,NA
C2.CALMEN.1,CALMEN,Calandrinia menziesii,Native,Forb,Native,CalFlora,C2,3,C,2,SEDG,Drought,rgr_h_MA,0.02310490601866484
C2.CALMEN.1,CALMEN,Calandrinia menziesii,Native,Forb,Native,CalFlora,C2,3,C,2,SEDG,Drought,rgr_h_AM,NA
C2.CALMEN.1,CALMEN,Calandrinia menziesii,Native,Forb,Native,CalFlora,C2,3,C,2,SEDG,Drought,rgr_h_MJ,NA
C3.ESCCAL.1,ESCCAL,Eschscholzia californica,Native,Forb,Native,CalFlora,C3,3,C,3,ANGELO,Drought,rgr_h_FM,0.06190145817054231
C3.ESCCAL.1,ESCCAL,Eschscholzia californica,Native,Forb,Native,CalFlora,C3,3,C,3,ANGELO,Drought,rgr_h_MA,0.02139512953907983
C3.ESCCAL.1,ESCCAL,Eschscholzia californica,Native,Forb,Native,CalFlora,C3,3,C,3,ANGELO,Drought,rgr_h_AM,0.02056284691448033
C3.ESCCAL.1,ESCCAL,Eschscholzia californica,Native,Forb,Native,CalFlora,C3,3,C,3,ANGELO,Drought,rgr_h_MJ,0.09492738169608007
C7.ESCCAL.1,ESCCAL,Eschscholzia californica,Native,Forb,Native,CalFlora,C7,3,C,7,WWP,Drought,rgr_h_FM,0.06313881823105279
C7.ESCCAL.1,ESCCAL,Eschscholzia californica,Native,Forb,Native,CalFlora,C7,3,C,7,WWP,Drought,rgr_h_MA,NA
C7.ESCCAL.1,ESCCAL,Eschscholzia californica,Native,Forb,Native,CalFlora,C7,3,C,7,WWP,Drought,rgr_h_AM,NA
C7.ESCCAL.1,ESCCAL,Eschscholzia californica,Native,Forb,Native,CalFlora,C7,3,C,7,WWP,Drought,rgr_h_MJ,NA
C7.LUPMIC.1,LUPMIC,Lupinus microcarpus,Native,Forb,Native,CalFlora,C7,3,C,7,WWP,Drought,rgr_h_FM,0.02292737808911938
C7.LUPMIC.1,LUPMIC,Lupinus microcarpus,Native,Forb,Native,CalFlora,C7,3,C,7,WWP,Drought,rgr_h_MA,0.04846008814105466
C7.LUPMIC.1,LUPMIC,Lupinus microcarpus,Native,Forb,Native,CalFlora,C7,3,C,7,WWP,Drought,rgr_h_AM,0.020391875838715
C7.LUPMIC.1,LUPMIC,Lupinus microcarpus,Native,Forb,Native,CalFlora,C7,3,C,7,WWP,Drought,rgr_h_MJ,NA
C7.PHATAN.1,PHATAN,Phacelia tanacetifolia,Native,Forb,Native,CalFlora,C7,3,C,7,WWP,Drought,rgr_h_FM,NA
C7.PHATAN.1,PHATAN,Phacelia tanacetifolia,Native,Forb,Native,CalFlora,C7,3,C,7,WWP,Drought,rgr_h_MA,0.04557778758559722
C7.PHATAN.1,PHATAN,Phacelia tanacetifolia,Native,Forb,Native,CalFlora,C7,3,C,7,WWP,Drought,rgr_h_AM,NA
C7.PHATAN.1,PHATAN,Phacelia tanacetifolia,Native,Forb,Native,CalFlora,C7,3,C,7,WWP,Drought,rgr_h_MJ,NA
E3.HYPGLA.1,HYPGLA,Hypochaeris glabra,Non-native,Forb,Limited,Cal IPC,E3,5,E,3,ANGELO,Control,rgr_h_FM,0.06891382573954058
E3.HYPGLA.1,HYPGLA,Hypochaeris glabra,Non-native,Forb,Limited,Cal IPC,E3,5,E,3,ANGELO,Control,rgr_h_MA,-0.01398155545200566
E3.HYPGLA.1,HYPGLA,Hypochaeris glabra,Non-native,Forb,Limited,Cal IPC,E3,5,E,3,ANGELO,Control,rgr_h_AM,0.095725951571747
E3.HYPGLA.1,HYPGLA,Hypochaeris glabra,Non-native,Forb,Limited,Cal IPC,E3,5,E,3,ANGELO,Control,rgr_h_MJ,NA
E6.MICCAL.1,MICCAL,Micropus californicus,Native,Forb,Native,CalFlora,E6,5,E,6,SEDG,Control,rgr_h_FM,0.03071183446991429
E6.MICCAL.1,MICCAL,Micropus californicus,Native,Forb,Native,CalFlora,E6,5,E,6,SEDG,Control,rgr_h_MA,0.05318253630927038
E6.MICCAL.1,MICCAL,Micropus californicus,Native,Forb,Native,CalFlora,E6,5,E,6,SEDG,Control,rgr_h_AM,NA
E6.MICCAL.1,MICCAL,Micropus californicus,Native,Forb,Native,CalFlora,E6,5,E,6,SEDG,Control,rgr_h_MJ,NA
E7.EROBOT.1,EROBOT,Erodium botrys,Non-native,Forb,Non-native,CalFlora,E7,5,E,7,MCL,Control,rgr_h_FM,0.0422543187949273
E7.EROBOT.1,EROBOT,Erodium botrys,Non-native,Forb,Non-native,CalFlora,E7,5,E,7,MCL,Control,rgr_h_MA,0.02098669568197255
E7.EROBOT.1,EROBOT,Erodium botrys,Non-native,Forb,Non-native,CalFlora,E7,5,E,7,MCL,Control,rgr_h_AM,0.034087436392478
E7.EROBOT.1,EROBOT,Erodium botrys,Non-native,Forb,Non-native,CalFlora,E7,5,E,7,MCL,Control,rgr_h_MJ,NA
E7.PLAERE.1,PLAERE,Plantago erecta,Native,Forb,Native,CalFlora,E7,5,E,7,MCL,Control,rgr_h_FM,0.02260717941931227
E7.PLAERE.1,PLAERE,Plantago erecta,Native,Forb,Native,CalFlora,E7,5,E,7,MCL,Control,rgr_h_MA,0.0316396533229589
E7.PLAERE.1,PLAERE,Plantago erecta,Native,Forb,Native,CalFlora,E7,5,E,7,MCL,Control,rgr_h_AM,NA
E7.PLAERE.1,PLAERE,Plantago erecta,Native,Forb,Native,CalFlora,E7,5,E,7,MCL,Control,rgr_h_MJ,NA
E7.TRIHIR.1,TRIHIR,Trifolium hirtum,Non-native,Forb,Limited,Cal IPC,E7,5,E,7,MCL,Control,rgr_h_FM,0.03118962370062803
E7.TRIHIR.1,TRIHIR,Trifolium hirtum,Non-native,Forb,Limited,Cal IPC,E7,5,E,7,MCL,Control,rgr_h_MA,0.04471917293935131
E7.TRIHIR.1,TRIHIR,Trifolium hirtum,Non-native,Forb,Limited,Cal IPC,E7,5,E,7,MCL,Control,rgr_h_AM,0.00489440720639393
E7.TRIHIR.1,TRIHIR,Trifolium hirtum,Non-native,Forb,Limited,Cal IPC,E7,5,E,7,MCL,Control,rgr_h_MJ,NA
E8.VICSAT.1,VICSAT,Vicia sativa,Non-native,Forb,Non-native,CalFlora,E8,5,E,8,BORR,Control,rgr_h_FM,0.01909372639668811
E8.VICSAT.1,VICSAT,Vicia sativa,Non-native,Forb,Non-native,CalFlora,E8,5,E,8,BORR,Control,rgr_h_MA,0.041784599448844
E8.VICSAT.1,VICSAT,Vicia sativa,Non-native,Forb,Non-native,CalFlora,E8,5,E,8,BORR,Control,rgr_h_AM,NA
E8.VICSAT.1,VICSAT,Vicia sativa,Non-native,Forb,Non-native,CalFlora,E8,5,E,8,BORR,Control,rgr_h_MJ,NA
F7.LUPMIC.1,LUPMIC,Lupinus microcarpus,Native,Forb,Native,CalFlora,F7,1,F,7,WWP,Control,rgr_h_FM,0.02735839804230937
F7.LUPMIC.1,LUPMIC,Lupinus microcarpus,Native,Forb,Native,CalFlora,F7,1,F,7,WWP,Control,rgr_h_MA,0.035439106086068053
F7.LUPMIC.1,LUPMIC,Lupinus microcarpus,Native,Forb,Native,CalFlora,F7,1,F,7,WWP,Control,rgr_h_AM,0.02118244650968009
F7.LUPMIC.1,LUPMIC,Lupinus microcarpus,Native,Forb,Native,CalFlora,F7,1,F,7,WWP,Control,rgr_h_MJ,NA
H5.VICSAT.1,VICSAT,Vicia sativa,Non-native,Forb,Non-native,CalFlora,H5,3,H,5,BORR,Control,rgr_h_FM,0.00719817907465192
H5.VICSAT.1,VICSAT,Vicia sativa,Non-native,Forb,Non-native,CalFlora,H5,3,H,5,BORR,Control,rgr_h_MA,0.06437751649736402
H5.VICSAT.1,VICSAT,Vicia sativa,Non-native,Forb,Non-native,CalFlora,H5,3,H,5,BORR,Control,rgr_h_AM,NA
H5.VICSAT.1,VICSAT,Vicia sativa,Non-native,Forb,Non-native,CalFlora,H5,3,H,5,BORR,Control,rgr_h_MJ,NA
H6.HYPGLA.1,HYPGLA,Hypochaeris glabra,Non-native,Forb,Limited,Cal IPC,H6,3,H,6,ANGELO,Control,rgr_h_FM,0.035439106086068053
H6.HYPGLA.1,HYPGLA,Hypochaeris glabra,Non-native,Forb,Limited,Cal IPC,H6,3,H,6,ANGELO,Control,rgr_h_MA,0.06695905734286686
H6.HYPGLA.1,HYPGLA,Hypochaeris glabra,Non-native,Forb,Limited,Cal IPC,H6,3,H,6,ANGELO,Control,rgr_h_AM,0.05693168212524389
H6.HYPGLA.1,HYPGLA,Hypochaeris glabra,Non-native,Forb,Limited,Cal IPC,H6,3,H,6,ANGELO,Control,rgr_h_MJ,NA
I1.BRODIA.1,BRODIA,Bromus diandrus,Non-native,Grass,Moderate,Cal IPC,I1,4,I,1,BORR,Drought,rgr_h_FM,NA
I1.BRODIA.1,BRODIA,Bromus diandrus,Non-native,Grass,Moderate,Cal IPC,I1,4,I,1,BORR,Drought,rgr_h_MA,0.03664750815068224
I1.BRODIA.1,BRODIA,Bromus diandrus,Non-native,Grass,Moderate,Cal IPC,I1,4,I,1,BORR,Drought,rgr_h_AM,0.00990763733163145
I1.BRODIA.1,BRODIA,Bromus diandrus,Non-native,Grass,Moderate,Cal IPC,I1,4,I,1,BORR,Drought,rgr_h_MJ,NA
I1.CLAPUR.1,CLAPUR,Clarkia purpurea,Native,Forb,Native,CalFlora,I1,4,I,1,BORR,Drought,rgr_h_FM,0.03857236573437633
I1.CLAPUR.1,CLAPUR,Clarkia purpurea,Native,Forb,Native,CalFlora,I1,4,I,1,BORR,Drought,rgr_h_MA,0.05208113519606403
I1.CLAPUR.1,CLAPUR,Clarkia purpurea,Native,Forb,Native,CalFlora,I1,4,I,1,BORR,Drought,rgr_h_AM,5.783922820730382e-4
I1.CLAPUR.1,CLAPUR,Clarkia purpurea,Native,Forb,Native,CalFlora,I1,4,I,1,BORR,Drought,rgr_h_MJ,NA
I1.MADGRA.1,MADGRA,Madia gracilis,Native,Forb,Native,CalFlora,I1,4,I,1,BORR,Drought,rgr_h_FM,0.05299059717373053
I1.MADGRA.1,MADGRA,Madia gracilis,Native,Forb,Native,CalFlora,I1,4,I,1,BORR,Drought,rgr_h_MA,0.03693730930022378
I1.MADGRA.1,MADGRA,Madia gracilis,Native,Forb,Native,CalFlora,I1,4,I,1,BORR,Drought,rgr_h_AM,NA
I1.MADGRA.1,MADGRA,Madia gracilis,Native,Forb,Native,CalFlora,I1,4,I,1,BORR,Drought,rgr_h_MJ,NA
I2.CALMEN.1,CALMEN,Calandrinia menziesii,Native,Forb,Native,CalFlora,I2,4,I,2,SEDG,Drought,rgr_h_FM,0.04639862846279141
I2.CALMEN.1,CALMEN,Calandrinia menziesii,Native,Forb,Native,CalFlora,I2,4,I,2,SEDG,Drought,rgr_h_MA,0.03717450208980738
I2.CALMEN.1,CALMEN,Calandrinia menziesii,Native,Forb,Native,CalFlora,I2,4,I,2,SEDG,Drought,rgr_h_AM,NA
I2.CALMEN.1,CALMEN,Calandrinia menziesii,Native,Forb,Native,CalFlora,I2,4,I,2,SEDG,Drought,rgr_h_MJ,NA
I2.MICCAL.1,MICCAL,Micropus californicus,Native,Forb,Native,CalFlora,I2,4,I,2,SEDG,Drought,rgr_h_FM,0.0349800595866982
I2.MICCAL.1,MICCAL,Micropus californicus,Native,Forb,Native,CalFlora,I2,4,I,2,SEDG,Drought,rgr_h_MA,0.04417791672837515
I2.MICCAL.1,MICCAL,Micropus californicus,Native,Forb,Native,CalFlora,I2,4,I,2,SEDG,Drought,rgr_h_AM,NA
I2.MICCAL.1,MICCAL,Micropus californicus,Native,Forb,Native,CalFlora,I2,4,I,2,SEDG,Drought,rgr_h_MJ,NA
I3.PHATAN.1,PHATAN,Phacelia tanacetifolia,Native,Forb,Native,CalFlora,I3,4,I,3,WWP,Drought,rgr_h_FM,0.04639862846279141
I3.PHATAN.1,PHATAN,Phacelia tanacetifolia,Native,Forb,Native,CalFlora,I3,4,I,3,WWP,Drought,rgr_h_MA,NA
I3.PHATAN.1,PHATAN,Phacelia tanacetifolia,Native,Forb,Native,CalFlora,I3,4,I,3,WWP,Drought,rgr_h_AM,NA
I3.PHATAN.1,PHATAN,Phacelia tanacetifolia,Native,Forb,Native,CalFlora,I3,4,I,3,WWP,Drought,rgr_h_MJ,NA
I4.CLAPUR.1,CLAPUR,Clarkia purpurea,Native,Forb,Native,CalFlora,I4,4,I,4,BORR,Drought,rgr_h_FM,0.05960881157163334
I4.CLAPUR.1,CLAPUR,Clarkia purpurea,Native,Forb,Native,CalFlora,I4,4,I,4,BORR,Drought,rgr_h_MA,0.04088540061406808
I4.CLAPUR.1,CLAPUR,Clarkia purpurea,Native,Forb,Native,CalFlora,I4,4,I,4,BORR,Drought,rgr_h_AM,-0.00382057920643415
I4.CLAPUR.1,CLAPUR,Clarkia purpurea,Native,Forb,Native,CalFlora,I4,4,I,4,BORR,Drought,rgr_h_MJ,NA
I5.CLAPUR.1,CLAPUR,Clarkia purpurea,Native,Forb,Native,CalFlora,I5,4,I,5,ANGELO,Drought,rgr_h_FM,0.04720556571365426
I5.CLAPUR.1,CLAPUR,Clarkia purpurea,Native,Forb,Native,CalFlora,I5,4,I,5,ANGELO,Drought,rgr_h_MA,0.03269430843372421
I5.CLAPUR.1,CLAPUR,Clarkia purpurea,Native,Forb,Native,CalFlora,I5,4,I,5,ANGELO,Drought,rgr_h_AM,NA
I5.CLAPUR.1,CLAPUR,Clarkia purpurea,Native,Forb,Native,CalFlora,I5,4,I,5,ANGELO,Drought,rgr_h_MJ,NA
I6.ACMPAR.1,ACMPAR,Acmispon parviflorus,Native,Forb,Native,CalFlora,I6,4,I,6,ANGELO,Drought,rgr_h_FM,0.03272466899550554
I6.ACMPAR.1,ACMPAR,Acmispon parviflorus,Native,Forb,Native,CalFlora,I6,4,I,6,ANGELO,Drought,rgr_h_MA,0.03877169366018936
I6.ACMPAR.1,ACMPAR,Acmispon parviflorus,Native,Forb,Native,CalFlora,I6,4,I,6,ANGELO,Drought,rgr_h_AM,0.01538921043546274
I6.ACMPAR.1,ACMPAR,Acmispon parviflorus,Native,Forb,Native,CalFlora,I6,4,I,6,ANGELO,Drought,rgr_h_MJ,NA
J1.CLAPUR.1,CLAPUR,Clarkia purpurea,Native,Forb,Native,CalFlora,J1,5,J,1,BORR,Drought,rgr_h_FM,0.02772588722239781
J1.CLAPUR.1,CLAPUR,Clarkia purpurea,Native,Forb,Native,CalFlora,J1,5,J,1,BORR,Drought,rgr_h_MA,0.04582303339979458
J1.CLAPUR.1,CLAPUR,Clarkia purpurea,Native,Forb,Native,CalFlora,J1,5,J,1,BORR,Drought,rgr_h_AM,0.01731090397498712
J1.CLAPUR.1,CLAPUR,Clarkia purpurea,Native,Forb,Native,CalFlora,J1,5,J,1,BORR,Drought,rgr_h_MJ,NA
J2.ESCCAL.1,ESCCAL,Eschscholzia californica,Native,Forb,Native,CalFlora,J2,5,J,2,ANGELO,Drought,rgr_h_FM,0.03665162927496621
J2.ESCCAL.1,ESCCAL,Eschscholzia californica,Native,Forb,Native,CalFlora,J2,5,J,2,ANGELO,Drought,rgr_h_MA,0.03217560678691119
J2.ESCCAL.1,ESCCAL,Eschscholzia californica,Native,Forb,Native,CalFlora,J2,5,J,2,ANGELO,Drought,rgr_h_AM,0.03105359672037949
J2.ESCCAL.1,ESCCAL,Eschscholzia californica,Native,Forb,Native,CalFlora,J2,5,J,2,ANGELO,Drought,rgr_h_MJ,0.02446176885768514
J6.TRIHIR.1,TRIHIR,Trifolium hirtum,Non-native,Forb,Limited,Cal IPC,J6,5,J,6,MCL,Drought,rgr_h_FM,0.03923317012046905
J6.TRIHIR.1,TRIHIR,Trifolium hirtum,Non-native,Forb,Limited,Cal IPC,J6,5,J,6,MCL,Drought,rgr_h_MA,0.03914884276548024
J6.TRIHIR.1,TRIHIR,Trifolium hirtum,Non-native,Forb,Limited,Cal IPC,J6,5,J,6,MCL,Drought,rgr_h_AM,0.01899193546336847
J6.TRIHIR.1,TRIHIR,Trifolium hirtum,Non-native,Forb,Limited,Cal IPC,J6,5,J,6,MCL,Drought,rgr_h_MJ,NA
J8.CALMEN.1,CALMEN,Calandrinia menziesii,Native,Forb,Native,CalFlora,J8,5,J,8,SEDG,Drought,rgr_h_FM,0.04580529217212011
J8.CALMEN.1,CALMEN,Calandrinia menziesii,Native,Forb,Native,CalFlora,J8,5,J,8,SEDG,Drought,rgr_h_MA,0.04034325566611142
J8.CALMEN.1,CALMEN,Calandrinia menziesii,Native,Forb,Native,CalFlora,J8,5,J,8,SEDG,Drought,rgr_h_AM,NA
J8.CALMEN.1,CALMEN,Calandrinia menziesii,Native,Forb,Native,CalFlora,J8,5,J,8,SEDG,Drought,rgr_h_MJ,NA
E5.CALMEN.1,CALMEN,Calandrinia menziesii,Native,Forb,Native,CalFlora,E5,5,E,5,SEDG,Control,rgr_h_FM,0.03840495500427413
E5.CALMEN.1,CALMEN,Calandrinia menziesii,Native,Forb,Native,CalFlora,E5,5,E,5,SEDG,Control,rgr_h_MA,0.04206633106073931
E5.CALMEN.1,CALMEN,Calandrinia menziesii,Native,Forb,Native,CalFlora,E5,5,E,5,SEDG,Control,rgr_h_AM,NA
E5.CALMEN.1,CALMEN,Calandrinia menziesii,Native,Forb,Native,CalFlora,E5,5,E,5,SEDG,Control,rgr_h_MJ,NA
E6.CALMEN.1,CALMEN,Calandrinia menziesii,Native,Forb,Native,CalFlora,E6,5,E,6,SEDG,Control,rgr_h_FM,0.05331901388922656
E6.CALMEN.1,CALMEN,Calandrinia menziesii,Native,Forb,Native,CalFlora,E6,5,E,6,SEDG,Control,rgr_h_MA,0.01805212219146525
E6.CALMEN.1,CALMEN,Calandrinia menziesii,Native,Forb,Native,CalFlora,E6,5,E,6,SEDG,Control,rgr_h_AM,NA
E6.CALMEN.1,CALMEN,Calandrinia menziesii,Native,Forb,Native,CalFlora,E6,5,E,6,SEDG,Control,rgr_h_MJ,NA
F2.LUPSUC.1,LUPSUC,NA,NA,NA,NA,NA,F2,1,F,2,WWP,Control,rgr_h_FM,0.02166084939249829
F2.LUPSUC.1,LUPSUC,NA,NA,NA,NA,NA,F2,1,F,2,WWP,Control,rgr_h_MA,0.03443202862452163
F2.LUPSUC.1,LUPSUC,NA,NA,NA,NA,NA,F2,1,F,2,WWP,Control,rgr_h_AM,0.03247757223919313
F2.LUPSUC.1,LUPSUC,NA,NA,NA,NA,NA,F2,1,F,2,WWP,Control,rgr_h_MJ,NA
G4.EROCIC.1,EROCIC,Erodium cicutarium,Non-native,Forb,Non-native,CalFlora,G4,2,G,4,WWP,Control,rgr_h_FM,0.04263728516071998
G4.EROCIC.1,EROCIC,Erodium cicutarium,Non-native,Forb,Non-native,CalFlora,G4,2,G,4,WWP,Control,rgr_h_MA,0.03675044019336294
G4.EROCIC.1,EROCIC,Erodium cicutarium,Non-native,Forb,Non-native,CalFlora,G4,2,G,4,WWP,Control,rgr_h_AM,0.01991066724287186
G4.EROCIC.1,EROCIC,Erodium cicutarium,Non-native,Forb,Non-native,CalFlora,G4,2,G,4,WWP,Control,rgr_h_MJ,NA
G4.PHATAN.1,PHATAN,Phacelia tanacetifolia,Native,Forb,Native,CalFlora,G4,2,G,4,WWP,Control,rgr_h_FM,0.04851862570246045
G4.PHATAN.1,PHATAN,Phacelia tanacetifolia,Native,Forb,Native,CalFlora,G4,2,G,4,WWP,Control,rgr_h_MA,0.079440588450196
G4.PHATAN.1,PHATAN,Phacelia tanacetifolia,Native,Forb,Native,CalFlora,G4,2,G,4,WWP,Control,rgr_h_AM,NA
G4.PHATAN.1,PHATAN,Phacelia tanacetifolia,Native,Forb,Native,CalFlora,G4,2,G,4,WWP,Control,rgr_h_MJ,NA
G5.EROBOT.1,EROBOT,Erodium botrys,Non-native,Forb,Non-native,CalFlora,G5,2,G,5,MCL,Control,rgr_h_FM,NA
G5.EROBOT.1,EROBOT,Erodium botrys,Non-native,Forb,Non-native,CalFlora,G5,2,G,5,MCL,Control,rgr_h_MA,0.06475176479183932
G5.EROBOT.1,EROBOT,Erodium botrys,Non-native,Forb,Non-native,CalFlora,G5,2,G,5,MCL,Control,rgr_h_AM,0.03200454607234557
G5.EROBOT.1,EROBOT,Erodium botrys,Non-native,Forb,Non-native,CalFlora,G5,2,G,5,MCL,Control,rgr_h_MJ,NA
G7.HYPGLA.1,HYPGLA,Hypochaeris glabra,Non-native,Forb,Limited,Cal IPC,G7,2,G,7,ANGELO,Control,rgr_h_FM,0.0130795196163924
G7.HYPGLA.1,HYPGLA,Hypochaeris glabra,Non-native,Forb,Limited,Cal IPC,G7,2,G,7,ANGELO,Control,rgr_h_MA,0.09337493215184814
G7.HYPGLA.1,HYPGLA,Hypochaeris glabra,Non-native,Forb,Limited,Cal IPC,G7,2,G,7,ANGELO,Control,rgr_h_AM,0.03805832742256652
G7.HYPGLA.1,HYPGLA,Hypochaeris glabra,Non-native,Forb,Limited,Cal IPC,G7,2,G,7,ANGELO,Control,rgr_h_MJ,NA
G8.CLAPUR.1,CLAPUR,Clarkia purpurea,Native,Forb,Native,CalFlora,G8,2,G,8,BORR,Control,rgr_h_FM,0.03543910608606806
G8.CLAPUR.1,CLAPUR,Clarkia purpurea,Native,Forb,Native,CalFlora,G8,2,G,8,BORR,Control,rgr_h_MA,0.0522355186212767
G8.CLAPUR.1,CLAPUR,Clarkia purpurea,Native,Forb,Native,CalFlora,G8,2,G,8,BORR,Control,rgr_h_AM,0.02218257987502257
G8.CLAPUR.1,CLAPUR,Clarkia purpurea,Native,Forb,Native,CalFlora,G8,2,G,8,BORR,Control,rgr_h_MJ,NA
H1.EROCIC.1,EROCIC,Erodium cicutarium,Non-native,Forb,Non-native,CalFlora,H1,3,H,1,SEDG,Control,rgr_h_FM,0.06277129513081656
H1.EROCIC.1,EROCIC,Erodium cicutarium,Non-native,Forb,Non-native,CalFlora,H1,3,H,1,SEDG,Control,rgr_h_MA,0.06244702105484833
H1.EROCIC.1,EROCIC,Erodium cicutarium,Non-native,Forb,Non-native,CalFlora,H1,3,H,1,SEDG,Control,rgr_h_AM,0.0136571911883372
H1.EROCIC.1,EROCIC,Erodium cicutarium,Non-native,Forb,Non-native,CalFlora,H1,3,H,1,SEDG,Control,rgr_h_MJ,NA
D3.BROMAD.1,BROMAD,Bromus madritensis,Non-native,Grass,High,Cal IPC,D3,4,D,3,WWP,Control,rgr_h_FM,NA
D3.BROMAD.1,BROMAD,Bromus madritensis,Non-native,Grass,High,Cal IPC,D3,4,D,3,WWP,Control,rgr_h_MA,0.0347151291609387
D3.BROMAD.1,BROMAD,Bromus madritensis,Non-native,Grass,High,Cal IPC,D3,4,D,3,WWP,Control,rgr_h_AM,NA
D3.BROMAD.1,BROMAD,Bromus madritensis,Non-native,Grass,High,Cal IPC,D3,4,D,3,WWP,Control,rgr_h_MJ,NA
E5.AVEFAT.1,AVEFAT,Avena fatua,Non-native,Grass,Moderate,Cal IPC,E5,5,E,5,SEDG,Control,rgr_h_FM,NA
E5.AVEFAT.1,AVEFAT,Avena fatua,Non-native,Grass,Moderate,Cal IPC,E5,5,E,5,SEDG,Control,rgr_h_MA,0.04771213208293085
E5.AVEFAT.1,AVEFAT,Avena fatua,Non-native,Grass,Moderate,Cal IPC,E5,5,E,5,SEDG,Control,rgr_h_AM,NA
E5.AVEFAT.1,AVEFAT,Avena fatua,Non-native,Grass,Moderate,Cal IPC,E5,5,E,5,SEDG,Control,rgr_h_MJ,NA
E5.BROHOR.1,BROHOR,Bromus hordeaceaus,Non-native,Grass,Limited,Cal IPC,E5,5,E,5,SEDG,Control,rgr_h_FM,NA
E5.BROHOR.1,BROHOR,Bromus hordeaceaus,Non-native,Grass,Limited,Cal IPC,E5,5,E,5,SEDG,Control,rgr_h_MA,0
E5.BROHOR.1,BROHOR,Bromus hordeaceaus,Non-native,Grass,Limited,Cal IPC,E5,5,E,5,SEDG,Control,rgr_h_AM,NA
E5.BROHOR.1,BROHOR,Bromus hordeaceaus,Non-native,Grass,Limited,Cal IPC,E5,5,E,5,SEDG,Control,rgr_h_MJ,NA
J4.PHATAN.1,PHATAN,Phacelia tanacetifolia,Native,Forb,Native,CalFlora,J4,5,J,4,WWP,Drought,rgr_h_FM,0.05865348275173707
J4.PHATAN.1,PHATAN,Phacelia tanacetifolia,Native,Forb,Native,CalFlora,J4,5,J,4,WWP,Drought,rgr_h_MA,0.0534911487985787
J4.PHATAN.1,PHATAN,Phacelia tanacetifolia,Native,Forb,Native,CalFlora,J4,5,J,4,WWP,Drought,rgr_h_AM,NA
J4.PHATAN.1,PHATAN,Phacelia tanacetifolia,Native,Forb,Native,CalFlora,J4,5,J,4,WWP,Drought,rgr_h_MJ,NA
J8.BROMAD.1,BROMAD,Bromus madritensis,Non-native,Grass,High,Cal IPC,J8,5,J,8,SEDG,Drought,rgr_h_FM,NA
J8.BROMAD.1,BROMAD,Bromus madritensis,Non-native,Grass,High,Cal IPC,J8,5,J,8,SEDG,Drought,rgr_h_MA,0.04779360014876763
J8.BROMAD.1,BROMAD,Bromus madritensis,Non-native,Grass,High,Cal IPC,J8,5,J,8,SEDG,Drought,rgr_h_AM,NA
J8.BROMAD.1,BROMAD,Bromus madritensis,Non-native,Grass,High,Cal IPC,J8,5,J,8,SEDG,Drought,rgr_h_MJ,NA
J8.MICCAL.1,MICCAL,Micropus californicus,Native,Forb,Native,CalFlora,J8,5,J,8,SEDG,Drought,rgr_h_FM,0.03440805060892446
J8.MICCAL.1,MICCAL,Micropus californicus,Native,Forb,Native,CalFlora,J8,5,J,8,SEDG,Drought,rgr_h_MA,0.04391695487783079
J8.MICCAL.1,MICCAL,Micropus californicus,Native,Forb,Native,CalFlora,J8,5,J,8,SEDG,Drought,rgr_h_AM,NA
J8.MICCAL.1,MICCAL,Micropus californicus,Native,Forb,Native,CalFlora,J8,5,J,8,SEDG,Drought,rgr_h_MJ,NA
E5.ESCCAL.1,ESCCAL,Eschscholzia californica,Native,Forb,Native,CalFlora,E5,5,E,5,SEDG,Control,rgr_h_FM,0.03960074681465993
E5.ESCCAL.1,ESCCAL,Eschscholzia californica,Native,Forb,Native,CalFlora,E5,5,E,5,SEDG,Control,rgr_h_MA,0.02955776554432758
E5.ESCCAL.1,ESCCAL,Eschscholzia californica,Native,Forb,Native,CalFlora,E5,5,E,5,SEDG,Control,rgr_h_AM,0.03626833943811761
E5.ESCCAL.1,ESCCAL,Eschscholzia californica,Native,Forb,Native,CalFlora,E5,5,E,5,SEDG,Control,rgr_h_MJ,0.00372996126875715
J7.PHATAN.1,PHATAN,Phacelia tanacetifolia,Native,Forb,Native,CalFlora,J7,5,J,7,WWP,Drought,rgr_h_FM,0.00650075717991099
J7.PHATAN.1,PHATAN,Phacelia tanacetifolia,Native,Forb,Native,CalFlora,J7,5,J,7,WWP,Drought,rgr_h_MA,0.06456387097452014
J7.PHATAN.1,PHATAN,Phacelia tanacetifolia,Native,Forb,Native,CalFlora,J7,5,J,7,WWP,Drought,rgr_h_AM,NA
J7.PHATAN.1,PHATAN,Phacelia tanacetifolia,Native,Forb,Native,CalFlora,J7,5,J,7,WWP,Drought,rgr_h_MJ,NA
A3.VICSAT.1,VICSAT,Vicia sativa,Non-native,Forb,Non-native,CalFlora,A3,1,A,3,BORR,Drought,rgr_h_FM,0.00769460521773138
A3.VICSAT.1,VICSAT,Vicia sativa,Non-native,Forb,Non-native,CalFlora,A3,1,A,3,BORR,Drought,rgr_h_MA,0.06105766728915952
A3.VICSAT.1,VICSAT,Vicia sativa,Non-native,Forb,Non-native,CalFlora,A3,1,A,3,BORR,Drought,rgr_h_AM,NA
A3.VICSAT.1,VICSAT,Vicia sativa,Non-native,Forb,Non-native,CalFlora,A3,1,A,3,BORR,Drought,rgr_h_MJ,NA
A4.BRODIA.1,BRODIA,Bromus diandrus,Non-native,Grass,Moderate,Cal IPC,A4,1,A,4,WWP,Drought,rgr_h_FM,NA
A4.BRODIA.1,BRODIA,Bromus diandrus,Non-native,Grass,Moderate,Cal IPC,A4,1,A,4,WWP,Drought,rgr_h_MA,0.04235133079920679
A4.BRODIA.1,BRODIA,Bromus diandrus,Non-native,Grass,Moderate,Cal IPC,A4,1,A,4,WWP,Drought,rgr_h_AM,NA
A4.BRODIA.1,BRODIA,Bromus diandrus,Non-native,Grass,Moderate,Cal IPC,A4,1,A,4,WWP,Drought,rgr_h_MJ,NA
A6.BROHOR.1,BROHOR,Bromus hordeaceaus,Non-native,Grass,Limited,Cal IPC,A6,1,A,6,SEDG,Drought,rgr_h_FM,NA
A6.BROHOR.1,BROHOR,Bromus hordeaceaus,Non-native,Grass,Limited,Cal IPC,A6,1,A,6,SEDG,Drought,rgr_h_MA,0.04709357022275562
A6.BROHOR.1,BROHOR,Bromus hordeaceaus,Non-native,Grass,Limited,Cal IPC,A6,1,A,6,SEDG,Drought,rgr_h_AM,0.03253647786946533
A6.BROHOR.1,BROHOR,Bromus hordeaceaus,Non-native,Grass,Limited,Cal IPC,A6,1,A,6,SEDG,Drought,rgr_h_MJ,NA
A6.MICCAL.1,MICCAL,Micropus californicus,Native,Forb,Native,CalFlora,A6,1,A,6,SEDG,Drought,rgr_h_FM,0.02390162691586018
A6.MICCAL.1,MICCAL,Micropus californicus,Native,Forb,Native,CalFlora,A6,1,A,6,SEDG,Drought,rgr_h_MA,0.0584209588955344
A6.MICCAL.1,MICCAL,Micropus californicus,Native,Forb,Native,CalFlora,A6,1,A,6,SEDG,Drought,rgr_h_AM,NA
A6.MICCAL.1,MICCAL,Micropus californicus,Native,Forb,Native,CalFlora,A6,1,A,6,SEDG,Drought,rgr_h_MJ,NA
A6.STIPUL.1,STIPUL,Stipa pulchra,Native,Grass,Native,CalFlora,A6,1,A,6,SEDG,Drought,rgr_h_FM,NA
A6.STIPUL.1,STIPUL,Stipa pulchra,Native,Grass,Native,CalFlora,A6,1,A,6,SEDG,Drought,rgr_h_MA,0.0332912814747912
A6.STIPUL.1,STIPUL,Stipa pulchra,Native,Grass,Native,CalFlora,A6,1,A,6,SEDG,Drought,rgr_h_AM,0.01873370758270122
A6.STIPUL.1,STIPUL,Stipa pulchra,Native,Grass,Native,CalFlora,A6,1,A,6,SEDG,Drought,rgr_h_MJ,-0.0056087159836373
A7.BROHOR.1,BROHOR,Bromus hordeaceaus,Non-native,Grass,Limited,Cal IPC,A7,1,A,7,SEDG,Drought,rgr_h_FM,NA
A7.BROHOR.1,BROHOR,Bromus hordeaceaus,Non-native,Grass,Limited,Cal IPC,A7,1,A,7,SEDG,Drought,rgr_h_MA,0.03449155838676229
A7.BROHOR.1,BROHOR,Bromus hordeaceaus,Non-native,Grass,Limited,Cal IPC,A7,1,A,7,SEDG,Drought,rgr_h_AM,0.03593189013926365
A7.BROHOR.1,BROHOR,Bromus hordeaceaus,Non-native,Grass,Limited,Cal IPC,A7,1,A,7,SEDG,Drought,rgr_h_MJ,NA
A7.MICCAL.1,MICCAL,Micropus californicus,Native,Forb,Native,CalFlora,A7,1,A,7,SEDG,Drought,rgr_h_FM,0.02921716759955873
A7.MICCAL.1,MICCAL,Micropus californicus,Native,Forb,Native,CalFlora,A7,1,A,7,SEDG,Drought,rgr_h_MA,0.04280992782388018
A7.MICCAL.1,MICCAL,Micropus californicus,Native,Forb,Native,CalFlora,A7,1,A,7,SEDG,Drought,rgr_h_AM,NA
A7.MICCAL.1,MICCAL,Micropus californicus,Native,Forb,Native,CalFlora,A7,1,A,7,SEDG,Drought,rgr_h_MJ,NA
A8.LUPBIC.1,LUPBIC,Lupinus bicolor,Native,Forb,Native,CalFlora,A8,1,A,8,MCL,Drought,rgr_h_FM,0.01929709613570423
A8.LUPBIC.1,LUPBIC,Lupinus bicolor,Native,Forb,Native,CalFlora,A8,1,A,8,MCL,Drought,rgr_h_MA,0.04090687021057623
A8.LUPBIC.1,LUPBIC,Lupinus bicolor,Native,Forb,Native,CalFlora,A8,1,A,8,MCL,Drought,rgr_h_AM,NA
A8.LUPBIC.1,LUPBIC,Lupinus bicolor,Native,Forb,Native,CalFlora,A8,1,A,8,MCL,Drought,rgr_h_MJ,NA
A8.MICCAL.1,MICCAL,Micropus californicus,Native,Forb,Native,CalFlora,A8,1,A,8,MCL,Drought,rgr_h_FM,0.03488279005787861
A8.MICCAL.1,MICCAL,Micropus californicus,Native,Forb,Native,CalFlora,A8,1,A,8,MCL,Drought,rgr_h_MA,0.04618418374190738
A8.MICCAL.1,MICCAL,Micropus californicus,Native,Forb,Native,CalFlora,A8,1,A,8,MCL,Drought,rgr_h_AM,NA
A8.MICCAL.1,MICCAL,Micropus californicus,Native,Forb,Native,CalFlora,A8,1,A,8,MCL,Drought,rgr_h_MJ,NA
A8.PLAERE.1,PLAERE,Plantago erecta,Native,Forb,Native,CalFlora,A8,1,A,8,MCL,Drought,rgr_h_FM,0.02666172028391315
A8.PLAERE.1,PLAERE,Plantago erecta,Native,Forb,Native,CalFlora,A8,1,A,8,MCL,Drought,rgr_h_MA,0.02729656197994514
A8.PLAERE.1,PLAERE,Plantago erecta,Native,Forb,Native,CalFlora,A8,1,A,8,MCL,Drought,rgr_h_AM,NA
A8.PLAERE.1,PLAERE,Plantago erecta,Native,Forb,Native,CalFlora,A8,1,A,8,MCL,Drought,rgr_h_MJ,NA
B2.BROMAD.1,BROMAD,Bromus madritensis,Non-native,Grass,High,Cal IPC,B2,2,B,2,MCL,Drought,rgr_h_FM,NA
B2.BROMAD.1,BROMAD,Bromus madritensis,Non-native,Grass,High,Cal IPC,B2,2,B,2,MCL,Drought,rgr_h_MA,0.04544410377328867
B2.BROMAD.1,BROMAD,Bromus madritensis,Non-native,Grass,High,Cal IPC,B2,2,B,2,MCL,Drought,rgr_h_AM,NA
B2.BROMAD.1,BROMAD,Bromus madritensis,Non-native,Grass,High,Cal IPC,B2,2,B,2,MCL,Drought,rgr_h_MJ,NA
B3.BROHOR.1,BROHOR,Bromus hordeaceaus,Non-native,Grass,Limited,Cal IPC,B3,2,B,3,SEDG,Drought,rgr_h_FM,NA
B3.BROHOR.1,BROHOR,Bromus hordeaceaus,Non-native,Grass,Limited,Cal IPC,B3,2,B,3,SEDG,Drought,rgr_h_MA,0.04646327685129568
B3.BROHOR.1,BROHOR,Bromus hordeaceaus,Non-native,Grass,Limited,Cal IPC,B3,2,B,3,SEDG,Drought,rgr_h_AM,NA
B3.BROHOR.1,BROHOR,Bromus hordeaceaus,Non-native,Grass,Limited,Cal IPC,B3,2,B,3,SEDG,Drought,rgr_h_MJ,NA
B4.ESCCAL.1,ESCCAL,Eschscholzia californica,Native,Forb,Native,CalFlora,B4,2,B,4,ANGELO,Drought,rgr_h_FM,0.03159623213359155
B4.ESCCAL.1,ESCCAL,Eschscholzia californica,Native,Forb,Native,CalFlora,B4,2,B,4,ANGELO,Drought,rgr_h_MA,0.04969177551442416
B4.ESCCAL.1,ESCCAL,Eschscholzia californica,Native,Forb,Native,CalFlora,B4,2,B,4,ANGELO,Drought,rgr_h_AM,-0.0110548954316928
B4.ESCCAL.1,ESCCAL,Eschscholzia californica,Native,Forb,Native,CalFlora,B4,2,B,4,ANGELO,Drought,rgr_h_MJ,0.04561003067054611
B5.BROHOR.1,BROHOR,Bromus hordeaceaus,Non-native,Grass,Limited,Cal IPC,B5,2,B,5,MCL,Drought,rgr_h_FM,NA
B5.BROHOR.1,BROHOR,Bromus hordeaceaus,Non-native,Grass,Limited,Cal IPC,B5,2,B,5,MCL,Drought,rgr_h_MA,0.05937696823127651
B5.BROHOR.1,BROHOR,Bromus hordeaceaus,Non-native,Grass,Limited,Cal IPC,B5,2,B,5,MCL,Drought,rgr_h_AM,-0.0164389755686732
B5.BROHOR.1,BROHOR,Bromus hordeaceaus,Non-native,Grass,Limited,Cal IPC,B5,2,B,5,MCL,Drought,rgr_h_MJ,NA
B5.LUPBIC.1,LUPBIC,Lupinus bicolor,Native,Forb,Native,CalFlora,B5,2,B,5,MCL,Drought,rgr_h_FM,0.0362007629137475
B5.LUPBIC.1,LUPBIC,Lupinus bicolor,Native,Forb,Native,CalFlora,B5,2,B,5,MCL,Drought,rgr_h_MA,0.05066960581591481
B5.LUPBIC.1,LUPBIC,Lupinus bicolor,Native,Forb,Native,CalFlora,B5,2,B,5,MCL,Drought,rgr_h_AM,0.00796134327796337
B5.LUPBIC.1,LUPBIC,Lupinus bicolor,Native,Forb,Native,CalFlora,B5,2,B,5,MCL,Drought,rgr_h_MJ,NA
B5.PLAERE.1,PLAERE,Plantago erecta,Native,Forb,Native,CalFlora,B5,2,B,5,MCL,Drought,rgr_h_FM,0.02390162691586017
B5.PLAERE.1,PLAERE,Plantago erecta,Native,Forb,Native,CalFlora,B5,2,B,5,MCL,Drought,rgr_h_MA,0.02694972740806338
B5.PLAERE.1,PLAERE,Plantago erecta,Native,Forb,Native,CalFlora,B5,2,B,5,MCL,Drought,rgr_h_AM,NA
B5.PLAERE.1,PLAERE,Plantago erecta,Native,Forb,Native,CalFlora,B5,2,B,5,MCL,Drought,rgr_h_MJ,NA
B6.BROHOR.1,BROHOR,Bromus hordeaceaus,Non-native,Grass,Limited,Cal IPC,B6,2,B,6,SEDG,Drought,rgr_h_FM,NA
B6.BROHOR.1,BROHOR,Bromus hordeaceaus,Non-native,Grass,Limited,Cal IPC,B6,2,B,6,SEDG,Drought,rgr_h_MA,0.04149961687383124
B6.BROHOR.1,BROHOR,Bromus hordeaceaus,Non-native,Grass,Limited,Cal IPC,B6,2,B,6,SEDG,Drought,rgr_h_AM,NA
B6.BROHOR.1,BROHOR,Bromus hordeaceaus,Non-native,Grass,Limited,Cal IPC,B6,2,B,6,SEDG,Drought,rgr_h_MJ,NA
B6.BROMAD.1,BROMAD,Bromus madritensis,Non-native,Grass,High,Cal IPC,B6,2,B,6,SEDG,Drought,rgr_h_FM,NA
B6.BROMAD.1,BROMAD,Bromus madritensis,Non-native,Grass,High,Cal IPC,B6,2,B,6,SEDG,Drought,rgr_h_MA,0.05662620181919346
B6.BROMAD.1,BROMAD,Bromus madritensis,Non-native,Grass,High,Cal IPC,B6,2,B,6,SEDG,Drought,rgr_h_AM,NA
B6.BROMAD.1,BROMAD,Bromus madritensis,Non-native,Grass,High,Cal IPC,B6,2,B,6,SEDG,Drought,rgr_h_MJ,NA
B6.ESCCAL.1,ESCCAL,Eschscholzia californica,Native,Forb,Native,CalFlora,B6,2,B,6,SEDG,Drought,rgr_h_FM,0.02390162691586018
B6.ESCCAL.1,ESCCAL,Eschscholzia californica,Native,Forb,Native,CalFlora,B6,2,B,6,SEDG,Drought,rgr_h_MA,0.03869637629135109
B6.ESCCAL.1,ESCCAL,Eschscholzia californica,Native,Forb,Native,CalFlora,B6,2,B,6,SEDG,Drought,rgr_h_AM,NA
B6.ESCCAL.1,ESCCAL,Eschscholzia californica,Native,Forb,Native,CalFlora,B6,2,B,6,SEDG,Drought,rgr_h_MJ,NA
B6.MICCAL.1,MICCAL,Micropus californicus,Native,Forb,Native,CalFlora,B6,2,B,6,SEDG,Drought,rgr_h_FM,0.03974756930822019
B6.MICCAL.1,MICCAL,Micropus californicus,Native,Forb,Native,CalFlora,B6,2,B,6,SEDG,Drought,rgr_h_MA,0.05164827607723459
B6.MICCAL.1,MICCAL,Micropus californicus,Native,Forb,Native,CalFlora,B6,2,B,6,SEDG,Drought,rgr_h_AM,NA
B6.MICCAL.1,MICCAL,Micropus californicus,Native,Forb,Native,CalFlora,B6,2,B,6,SEDG,Drought,rgr_h_MJ,NA
C4.GERDIS.1,GERDIS,Geranium dissectum,Non-native,Forb,Limited,Cal IPC,C4,3,C,4,BORR,Drought,rgr_h_FM,0.0922267412614758
C4.GERDIS.1,GERDIS,Geranium dissectum,Non-native,Forb,Limited,Cal IPC,C4,3,C,4,BORR,Drought,rgr_h_MA,0.05483853316787265
C4.GERDIS.1,GERDIS,Geranium dissectum,Non-native,Forb,Limited,Cal IPC,C4,3,C,4,BORR,Drought,rgr_h_AM,NA
C4.GERDIS.1,GERDIS,Geranium dissectum,Non-native,Forb,Limited,Cal IPC,C4,3,C,4,BORR,Drought,rgr_h_MJ,NA
D2.VICSAT.1,VICSAT,Vicia sativa,Non-native,Forb,Non-native,CalFlora,D2,4,D,2,BORR,Control,rgr_h_FM,0.01918292321047545
D2.VICSAT.1,VICSAT,Vicia sativa,Non-native,Forb,Non-native,CalFlora,D2,4,D,2,BORR,Control,rgr_h_MA,0.03554504754832961
D2.VICSAT.1,VICSAT,Vicia sativa,Non-native,Forb,Non-native,CalFlora,D2,4,D,2,BORR,Control,rgr_h_AM,NA
D2.VICSAT.1,VICSAT,Vicia sativa,Non-native,Forb,Non-native,CalFlora,D2,4,D,2,BORR,Control,rgr_h_MJ,NA
D7.BROMAD.1,BROMAD,Bromus madritensis,Non-native,Grass,High,Cal IPC,D7,4,D,7,SEDG,Control,rgr_h_FM,NA
D7.BROMAD.1,BROMAD,Bromus madritensis,Non-native,Grass,High,Cal IPC,D7,4,D,7,SEDG,Control,rgr_h_MA,0.04938681803080719
D7.BROMAD.1,BROMAD,Bromus madritensis,Non-native,Grass,High,Cal IPC,D7,4,D,7,SEDG,Control,rgr_h_AM,NA
D7.BROMAD.1,BROMAD,Bromus madritensis,Non-native,Grass,High,Cal IPC,D7,4,D,7,SEDG,Control,rgr_h_MJ,NA
D8.STIPUL.1,STIPUL,Stipa pulchra,Native,Grass,Native,CalFlora,D8,4,D,8,SEDG,Control,rgr_h_FM,NA
D8.STIPUL.1,STIPUL,Stipa pulchra,Native,Grass,Native,CalFlora,D8,4,D,8,SEDG,Control,rgr_h_MA,0.04938681803080718
D8.STIPUL.1,STIPUL,Stipa pulchra,Native,Grass,Native,CalFlora,D8,4,D,8,SEDG,Control,rgr_h_AM,0.02266687653514843
D8.STIPUL.1,STIPUL,Stipa pulchra,Native,Grass,Native,CalFlora,D8,4,D,8,SEDG,Control,rgr_h_MJ,-0.00318042478060445
E5.STIPUL.1,STIPUL,Stipa pulchra,Native,Grass,Native,CalFlora,E5,5,E,5,SEDG,Control,rgr_h_FM,NA
E5.STIPUL.1,STIPUL,Stipa pulchra,Native,Grass,Native,CalFlora,E5,5,E,5,SEDG,Control,rgr_h_MA,0.0435460231273876
E5.STIPUL.1,STIPUL,Stipa pulchra,Native,Grass,Native,CalFlora,E5,5,E,5,SEDG,Control,rgr_h_AM,0.01438410362258905
E5.STIPUL.1,STIPUL,Stipa pulchra,Native,Grass,Native,CalFlora,E5,5,E,5,SEDG,Control,rgr_h_MJ,0.01213743723516638
E6.BROHOR.1,BROHOR,Bromus hordeaceaus,Non-native,Grass,Limited,Cal IPC,E6,5,E,6,SEDG,Control,rgr_h_FM,NA
E6.BROHOR.1,BROHOR,Bromus hordeaceaus,Non-native,Grass,Limited,Cal IPC,E6,5,E,6,SEDG,Control,rgr_h_MA,0.05072247228237907
E6.BROHOR.1,BROHOR,Bromus hordeaceaus,Non-native,Grass,Limited,Cal IPC,E6,5,E,6,SEDG,Control,rgr_h_AM,-0.00224204615547128
E6.BROHOR.1,BROHOR,Bromus hordeaceaus,Non-native,Grass,Limited,Cal IPC,E6,5,E,6,SEDG,Control,rgr_h_MJ,NA
G8.VICSAT.1,VICSAT,Vicia sativa,Non-native,Forb,Non-native,CalFlora,G8,2,G,8,BORR,Control,rgr_h_FM,0.01738698389460281
G8.VICSAT.1,VICSAT,Vicia sativa,Non-native,Forb,Non-native,CalFlora,G8,2,G,8,BORR,Control,rgr_h_MA,0.04225431879492729
G8.VICSAT.1,VICSAT,Vicia sativa,Non-native,Forb,Non-native,CalFlora,G8,2,G,8,BORR,Control,rgr_h_AM,NA
G8.VICSAT.1,VICSAT,Vicia sativa,Non-native,Forb,Non-native,CalFlora,G8,2,G,8,BORR,Control,rgr_h_MJ,NA
I2.BROHOR.1,BROHOR,Bromus hordeaceaus,Non-native,Grass,Limited,Cal IPC,I2,4,I,2,SEDG,Drought,rgr_h_FM,NA
I2.BROHOR.1,BROHOR,Bromus hordeaceaus,Non-native,Grass,Limited,Cal IPC,I2,4,I,2,SEDG,Drought,rgr_h_MA,0.06244049694455887
I2.BROHOR.1,BROHOR,Bromus hordeaceaus,Non-native,Grass,Limited,Cal IPC,I2,4,I,2,SEDG,Drought,rgr_h_AM,NA
I2.BROHOR.1,BROHOR,Bromus hordeaceaus,Non-native,Grass,Limited,Cal IPC,I2,4,I,2,SEDG,Drought,rgr_h_MJ,NA
I3.BROARE.1,BROARE,Bromus arenarius,Non-native,Grass,Non-native,CalFlora,I3,4,I,3,WWP,Drought,rgr_h_FM,NA
I3.BROARE.1,BROARE,Bromus arenarius,Non-native,Grass,Non-native,CalFlora,I3,4,I,3,WWP,Drought,rgr_h_MA,0.01596330074268721
I3.BROARE.1,BROARE,Bromus arenarius,Non-native,Grass,Non-native,CalFlora,I3,4,I,3,WWP,Drought,rgr_h_AM,-0.00354436139057082
I3.BROARE.1,BROARE,Bromus arenarius,Non-native,Grass,Non-native,CalFlora,I3,4,I,3,WWP,Drought,rgr_h_MJ,NA
I3.EROCIC.1,EROCIC,Erodium cicutarium,Non-native,Forb,Non-native,CalFlora,I3,4,I,3,WWP,Drought,rgr_h_FM,0.02957435911917673
I3.EROCIC.1,EROCIC,Erodium cicutarium,Non-native,Forb,Non-native,CalFlora,I3,4,I,3,WWP,Drought,rgr_h_MA,0.04292861184103219
I3.EROCIC.1,EROCIC,Erodium cicutarium,Non-native,Forb,Non-native,CalFlora,I3,4,I,3,WWP,Drought,rgr_h_AM,0.00212248609466215
I3.EROCIC.1,EROCIC,Erodium cicutarium,Non-native,Forb,Non-native,CalFlora,I3,4,I,3,WWP,Drought,rgr_h_MJ,NA
I7.BROMAD.1,BROMAD,Bromus madritensis,Non-native,Grass,High,Cal IPC,I7,4,I,7,MCL,Drought,rgr_h_FM,NA
I7.BROMAD.1,BROMAD,Bromus madritensis,Non-native,Grass,High,Cal IPC,I7,4,I,7,MCL,Drought,rgr_h_MA,0.03433163402087843
I7.BROMAD.1,BROMAD,Bromus madritensis,Non-native,Grass,High,Cal IPC,I7,4,I,7,MCL,Drought,rgr_h_AM,NA
I7.BROMAD.1,BROMAD,Bromus madritensis,Non-native,Grass,High,Cal IPC,I7,4,I,7,MCL,Drought,rgr_h_MJ,NA
I7.LUPBIC.1,LUPBIC,Lupinus bicolor,Native,Forb,Native,CalFlora,I7,4,I,7,MCL,Drought,rgr_h_FM,0.01027435973042074
I7.LUPBIC.1,LUPBIC,Lupinus bicolor,Native,Forb,Native,CalFlora,I7,4,I,7,MCL,Drought,rgr_h_MA,0.06603338229555278
I7.LUPBIC.1,LUPBIC,Lupinus bicolor,Native,Forb,Native,CalFlora,I7,4,I,7,MCL,Drought,rgr_h_AM,0.01046111094723441
I7.LUPBIC.1,LUPBIC,Lupinus bicolor,Native,Forb,Native,CalFlora,I7,4,I,7,MCL,Drought,rgr_h_MJ,NA
J3.BROMAD.1,BROMAD,Bromus madritensis,Non-native,Grass,High,Cal IPC,J3,5,J,3,MCL,Drought,rgr_h_FM,NA
J3.BROMAD.1,BROMAD,Bromus madritensis,Non-native,Grass,High,Cal IPC,J3,5,J,3,MCL,Drought,rgr_h_MA,0.04538288527849025
J3.BROMAD.1,BROMAD,Bromus madritensis,Non-native,Grass,High,Cal IPC,J3,5,J,3,MCL,Drought,rgr_h_AM,NA
J3.BROMAD.1,BROMAD,Bromus madritensis,Non-native,Grass,High,Cal IPC,J3,5,J,3,MCL,Drought,rgr_h_MJ,NA
J5.AVEFAT.1,AVEFAT,Avena fatua,Non-native,Grass,Moderate,Cal IPC,J5,5,J,5,SEDG,Drought,rgr_h_FM,0.02514434637689497
J5.AVEFAT.1,AVEFAT,Avena fatua,Non-native,Grass,Moderate,Cal IPC,J5,5,J,5,SEDG,Drought,rgr_h_MA,0.05481309816391273
J5.AVEFAT.1,AVEFAT,Avena fatua,Non-native,Grass,Moderate,Cal IPC,J5,5,J,5,SEDG,Drought,rgr_h_AM,-0.00397987885033595
J5.AVEFAT.1,AVEFAT,Avena fatua,Non-native,Grass,Moderate,Cal IPC,J5,5,J,5,SEDG,Drought,rgr_h_MJ,NA
J5.BROHOR.1,BROHOR,Bromus hordeaceaus,Non-native,Grass,Limited,Cal IPC,J5,5,J,5,SEDG,Drought,rgr_h_FM,NA
J5.BROHOR.1,BROHOR,Bromus hordeaceaus,Non-native,Grass,Limited,Cal IPC,J5,5,J,5,SEDG,Drought,rgr_h_MA,0.03717450208980739
J5.BROHOR.1,BROHOR,Bromus hordeaceaus,Non-native,Grass,Limited,Cal IPC,J5,5,J,5,SEDG,Drought,rgr_h_AM,NA
J5.BROHOR.1,BROHOR,Bromus hordeaceaus,Non-native,Grass,Limited,Cal IPC,J5,5,J,5,SEDG,Drought,rgr_h_MJ,NA
J6.AVEBAR.1,AVEBAR,Avena barbata,Non-native,Grass,Moderate,Cal IPC,J6,5,J,6,MCL,Drought,rgr_h_FM,0.01621860432432656
J6.AVEBAR.1,AVEBAR,Avena barbata,Non-native,Grass,Moderate,Cal IPC,J6,5,J,6,MCL,Drought,rgr_h_MA,0.0501049645736787
J6.AVEBAR.1,AVEBAR,Avena barbata,Non-native,Grass,Moderate,Cal IPC,J6,5,J,6,MCL,Drought,rgr_h_AM,0.03496855708337194
J6.AVEBAR.1,AVEBAR,Avena barbata,Non-native,Grass,Moderate,Cal IPC,J6,5,J,6,MCL,Drought,rgr_h_MJ,NA
J6.PLAERE.1,PLAERE,Plantago erecta,Native,Forb,Native,CalFlora,J6,5,J,6,MCL,Drought,rgr_h_FM,0.02155986002930748
J6.PLAERE.1,PLAERE,Plantago erecta,Native,Forb,Native,CalFlora,J6,5,J,6,MCL,Drought,rgr_h_MA,0.02863408537106734
J6.PLAERE.1,PLAERE,Plantago erecta,Native,Forb,Native,CalFlora,J6,5,J,6,MCL,Drought,rgr_h_AM,NA
J6.PLAERE.1,PLAERE,Plantago erecta,Native,Forb,Native,CalFlora,J6,5,J,6,MCL,Drought,rgr_h_MJ,NA
F3.EROBOT.1,EROBOT,Erodium botrys,Non-native,Forb,Non-native,CalFlora,F3,1,F,3,BORR,Control,rgr_h_FM,0.04582303339979459
F3.EROBOT.1,EROBOT,Erodium botrys,Non-native,Forb,Non-native,CalFlora,F3,1,F,3,BORR,Control,rgr_h_MA,0.01653700276765125
F3.EROBOT.1,EROBOT,Erodium botrys,Non-native,Forb,Non-native,CalFlora,F3,1,F,3,BORR,Control,rgr_h_AM,0.03610284830021793
F3.EROBOT.1,EROBOT,Erodium botrys,Non-native,Forb,Non-native,CalFlora,F3,1,F,3,BORR,Control,rgr_h_MJ,NA
F3.VICSAT.1,VICSAT,Vicia sativa,Non-native,Forb,Non-native,CalFlora,F3,1,F,3,BORR,Control,rgr_h_FM,0.01748799337298195
F3.VICSAT.1,VICSAT,Vicia sativa,Non-native,Forb,Non-native,CalFlora,F3,1,F,3,BORR,Control,rgr_h_MA,0.04102014023702885
F3.VICSAT.1,VICSAT,Vicia sativa,Non-native,Forb,Non-native,CalFlora,F3,1,F,3,BORR,Control,rgr_h_AM,NA
F3.VICSAT.1,VICSAT,Vicia sativa,Non-native,Forb,Non-native,CalFlora,F3,1,F,3,BORR,Control,rgr_h_MJ,NA
F4.BROMAD.1,BROMAD,Bromus madritensis,Non-native,Grass,High,Cal IPC,F4,1,F,4,MCL,Control,rgr_h_FM,NA
F4.BROMAD.1,BROMAD,Bromus madritensis,Non-native,Grass,High,Cal IPC,F4,1,F,4,MCL,Control,rgr_h_MA,0.03997368656843256
F4.BROMAD.1,BROMAD,Bromus madritensis,Non-native,Grass,High,Cal IPC,F4,1,F,4,MCL,Control,rgr_h_AM,NA
F4.BROMAD.1,BROMAD,Bromus madritensis,Non-native,Grass,High,Cal IPC,F4,1,F,4,MCL,Control,rgr_h_MJ,NA
G1.VICSAT.1,VICSAT,Vicia sativa,Non-native,Forb,Non-native,CalFlora,G1,2,G,1,BORR,Control,rgr_h_FM,0.02168044423748752
G1.VICSAT.1,VICSAT,Vicia sativa,Non-native,Forb,Non-native,CalFlora,G1,2,G,1,BORR,Control,rgr_h_MA,0.02942203519735387
G1.VICSAT.1,VICSAT,Vicia sativa,Non-native,Forb,Non-native,CalFlora,G1,2,G,1,BORR,Control,rgr_h_AM,NA
G1.VICSAT.1,VICSAT,Vicia sativa,Non-native,Forb,Non-native,CalFlora,G1,2,G,1,BORR,Control,rgr_h_MJ,NA
G2.LUPBIC.1,LUPBIC,Lupinus bicolor,Native,Forb,Native,CalFlora,G2,2,G,2,MCL,Control,rgr_h_FM,0.03204037977452527
G2.LUPBIC.1,LUPBIC,Lupinus bicolor,Native,Forb,Native,CalFlora,G2,2,G,2,MCL,Control,rgr_h_MA,0.03772420203891254
G2.LUPBIC.1,LUPBIC,Lupinus bicolor,Native,Forb,Native,CalFlora,G2,2,G,2,MCL,Control,rgr_h_AM,0.01409618147837943
G2.LUPBIC.1,LUPBIC,Lupinus bicolor,Native,Forb,Native,CalFlora,G2,2,G,2,MCL,Control,rgr_h_MJ,NA
G4.BROARE.1,BROARE,Bromus arenarius,Non-native,Grass,Non-native,CalFlora,G4,2,G,4,WWP,Control,rgr_h_FM,NA
G4.BROARE.1,BROARE,Bromus arenarius,Non-native,Grass,Non-native,CalFlora,G4,2,G,4,WWP,Control,rgr_h_MA,0.01245334911899605
G4.BROARE.1,BROARE,Bromus arenarius,Non-native,Grass,Non-native,CalFlora,G4,2,G,4,WWP,Control,rgr_h_AM,0.00568365969828001
G4.BROARE.1,BROARE,Bromus arenarius,Non-native,Grass,Non-native,CalFlora,G4,2,G,4,WWP,Control,rgr_h_MJ,NA
H3.BROARE.1,BROARE,Bromus arenarius,Non-native,Grass,Non-native,CalFlora,H3,3,H,3,WWP,Control,rgr_h_FM,NA
H3.BROARE.1,BROARE,Bromus arenarius,Non-native,Grass,Non-native,CalFlora,H3,3,H,3,WWP,Control,rgr_h_MA,0.0069741354857911
H3.BROARE.1,BROARE,Bromus arenarius,Non-native,Grass,Non-native,CalFlora,H3,3,H,3,WWP,Control,rgr_h_AM,0.00344811216858958
H3.BROARE.1,BROARE,Bromus arenarius,Non-native,Grass,Non-native,CalFlora,H3,3,H,3,WWP,Control,rgr_h_MJ,NA
I6.HYPGLA.1,HYPGLA,Hypochaeris glabra,Non-native,Forb,Limited,Cal IPC,I6,4,I,6,ANGELO,Drought,rgr_h_FM,0.0392361531667182
I6.HYPGLA.1,HYPGLA,Hypochaeris glabra,Non-native,Forb,Limited,Cal IPC,I6,4,I,6,ANGELO,Drought,rgr_h_MA,0.10574942617661633
I6.HYPGLA.1,HYPGLA,Hypochaeris glabra,Non-native,Forb,Limited,Cal IPC,I6,4,I,6,ANGELO,Drought,rgr_h_AM,-0.0180941088292234
I6.HYPGLA.1,HYPGLA,Hypochaeris glabra,Non-native,Forb,Limited,Cal IPC,I6,4,I,6,ANGELO,Drought,rgr_h_MJ,NA
D8.CALMEN.1,CALMEN,Calandrinia menziesii,Native,Forb,Native,CalFlora,D8,4,D,8,SEDG,Control,rgr_h_FM,0.0366516292749662
D8.CALMEN.1,CALMEN,Calandrinia menziesii,Native,Forb,Native,CalFlora,D8,4,D,8,SEDG,Control,rgr_h_MA,NA
D8.CALMEN.1,CALMEN,Calandrinia menziesii,Native,Forb,Native,CalFlora,D8,4,D,8,SEDG,Control,rgr_h_AM,NA
D8.CALMEN.1,CALMEN,Calandrinia menziesii,Native,Forb,Native,CalFlora,D8,4,D,8,SEDG,Control,rgr_h_MJ,NA
A5.EROBOT.1,EROBOT,Erodium botrys,Non-native,Forb,Non-native,CalFlora,A5,1,A,5,MCL,Drought,rgr_h_FM,0.05549785904945173
A5.EROBOT.1,EROBOT,Erodium botrys,Non-native,Forb,Non-native,CalFlora,A5,1,A,5,MCL,Drought,rgr_h_MA,0.04815864257929034
A5.EROBOT.1,EROBOT,Erodium botrys,Non-native,Forb,Non-native,CalFlora,A5,1,A,5,MCL,Drought,rgr_h_AM,NA
A5.EROBOT.1,EROBOT,Erodium botrys,Non-native,Forb,Non-native,CalFlora,A5,1,A,5,MCL,Drought,rgr_h_MJ,NA
E5.CORFIL.1,CORFIL,Corethrogyne filaginafolia,Native,Forb,Native,CalFlora,E5,5,E,5,SEDG,Control,rgr_h_FM,0.05924788619027495
E5.CORFIL.1,CORFIL,Corethrogyne filaginafolia,Native,Forb,Native,CalFlora,E5,5,E,5,SEDG,Control,rgr_h_MA,0.06590560959706326
E5.CORFIL.1,CORFIL,Corethrogyne filaginafolia,Native,Forb,Native,CalFlora,E5,5,E,5,SEDG,Control,rgr_h_AM,-0.02099238088936139
E5.CORFIL.1,CORFIL,Corethrogyne filaginafolia,Native,Forb,Native,CalFlora,E5,5,E,5,SEDG,Control,rgr_h_MJ,0.03113336936351773
G4.MIRMUL.1,MIRMUL,Mirabilis multiflora,Native,Forb,Native,CalFlora,G4,2,G,4,WWP,Control,rgr_h_FM,NA
G4.MIRMUL.1,MIRMUL,Mirabilis multiflora,Native,Forb,Native,CalFlora,G4,2,G,4,WWP,Control,rgr_h_MA,NA
G4.MIRMUL.1,MIRMUL,Mirabilis multiflora,Native,Forb,Native,CalFlora,G4,2,G,4,WWP,Control,rgr_h_AM,NA
G4.MIRMUL.1,MIRMUL,Mirabilis multiflora,Native,Forb,Native,CalFlora,G4,2,G,4,WWP,Control,rgr_h_MJ,NA
J1.GERDIS.1,GERDIS,Geranium dissectum,Non-native,Forb,Limited,Cal IPC,J1,5,J,1,BORR,Drought,rgr_h_FM,0.04652603239222723
J1.GERDIS.1,GERDIS,Geranium dissectum,Non-native,Forb,Limited,Cal IPC,J1,5,J,1,BORR,Drought,rgr_h_MA,0.02446122935155102
J1.GERDIS.1,GERDIS,Geranium dissectum,Non-native,Forb,Limited,Cal IPC,J1,5,J,1,BORR,Drought,rgr_h_AM,NA
J1.GERDIS.1,GERDIS,Geranium dissectum,Non-native,Forb,Limited,Cal IPC,J1,5,J,1,BORR,Drought,rgr_h_MJ,NA
I8.ACMPAR.1,ACMPAR,Acmispon parviflorus,Native,Forb,Native,CalFlora,I8,4,I,8,ANGELO,Drought,rgr_h_FM,0.04951051289713894
I8.ACMPAR.1,ACMPAR,Acmispon parviflorus,Native,Forb,Native,CalFlora,I8,4,I,8,ANGELO,Drought,rgr_h_MA,0.03928849987805486
I8.ACMPAR.1,ACMPAR,Acmispon parviflorus,Native,Forb,Native,CalFlora,I8,4,I,8,ANGELO,Drought,rgr_h_AM,0.02390162691586018
I8.ACMPAR.1,ACMPAR,Acmispon parviflorus,Native,Forb,Native,CalFlora,I8,4,I,8,ANGELO,Drought,rgr_h_MJ,NA
A1.ACMPAR.1,ACMPAR,Acmispon parviflorus,Native,Forb,Native,CalFlora,A1,1,A,1,ANGELO,Drought,rgr_h_FM,0.0671003499674246
A1.ACMPAR.1,ACMPAR,Acmispon parviflorus,Native,Forb,Native,CalFlora,A1,1,A,1,ANGELO,Drought,rgr_h_MA,0.01080833163450703
A1.ACMPAR.1,ACMPAR,Acmispon parviflorus,Native,Forb,Native,CalFlora,A1,1,A,1,ANGELO,Drought,rgr_h_AM,0.04474153458912029
A1.ACMPAR.1,ACMPAR,Acmispon parviflorus,Native,Forb,Native,CalFlora,A1,1,A,1,ANGELO,Drought,rgr_h_MJ,NA
B4.AIRCAR.1,AIRCAR,Aira caryophyllea,Non-native,Grass,Non-native,CalFlora,B4,2,B,4,ANGELO,Drought,rgr_h_FM,0.04064327573591883
B4.AIRCAR.1,AIRCAR,Aira caryophyllea,Non-native,Grass,Non-native,CalFlora,B4,2,B,4,ANGELO,Drought,rgr_h_MA,0.0247501662165699
B4.AIRCAR.1,AIRCAR,Aira caryophyllea,Non-native,Grass,Non-native,CalFlora,B4,2,B,4,ANGELO,Drought,rgr_h_AM,0.02293054056965633
B4.AIRCAR.1,AIRCAR,Aira caryophyllea,Non-native,Grass,Non-native,CalFlora,B4,2,B,4,ANGELO,Drought,rgr_h_MJ,NA
F2.AMSMEN.1,AMSMEN,Amsinckia menziesii,Native,Forb,Native,CalFlora,F2,1,F,2,WWP,Control,rgr_h_FM,0.01596330074268721
F2.AMSMEN.1,AMSMEN,Amsinckia menziesii,Native,Forb,Native,CalFlora,F2,1,F,2,WWP,Control,rgr_h_MA,NA
F2.AMSMEN.1,AMSMEN,Amsinckia menziesii,Native,Forb,Native,CalFlora,F2,1,F,2,WWP,Control,rgr_h_AM,NA
F2.AMSMEN.1,AMSMEN,Amsinckia menziesii,Native,Forb,Native,CalFlora,F2,1,F,2,WWP,Control,rgr_h_MJ,NA
E7.BRODIA.1,BRODIA,Bromus diandrus,Non-native,Grass,Moderate,Cal IPC,E7,5,E,7,MCL,Control,rgr_h_FM,NA
E7.BRODIA.1,BRODIA,Bromus diandrus,Non-native,Grass,Moderate,Cal IPC,E7,5,E,7,MCL,Control,rgr_h_MA,NA
E7.BRODIA.1,BRODIA,Bromus diandrus,Non-native,Grass,Moderate,Cal IPC,E7,5,E,7,MCL,Control,rgr_h_AM,0.03531463308773008
E7.BRODIA.1,BRODIA,Bromus diandrus,Non-native,Grass,Moderate,Cal IPC,E7,5,E,7,MCL,Control,rgr_h_MJ,NA
E7.AVEBAR.1,AVEBAR,Avena barbata,Non-native,Grass,Moderate,Cal IPC,E7,5,E,7,MCL,Control,rgr_h_FM,-0.01045898905706315
E7.AVEBAR.1,AVEBAR,Avena barbata,Non-native,Grass,Moderate,Cal IPC,E7,5,E,7,MCL,Control,rgr_h_MA,0.0361042443829305
E7.AVEBAR.1,AVEBAR,Avena barbata,Non-native,Grass,Moderate,Cal IPC,E7,5,E,7,MCL,Control,rgr_h_AM,0.07062896878668914
E7.AVEBAR.1,AVEBAR,Avena barbata,Non-native,Grass,Moderate,Cal IPC,E7,5,E,7,MCL,Control,rgr_h_MJ,NA
I8.BRODIA.1,BRODIA,Bromus diandrus,Non-native,Grass,Moderate,Cal IPC,I8,4,I,8,ANGELO,Drought,rgr_h_FM,NA
I8.BRODIA.1,BRODIA,Bromus diandrus,Non-native,Grass,Moderate,Cal IPC,I8,4,I,8,ANGELO,Drought,rgr_h_MA,0.02530350494505809
I8.BRODIA.1,BRODIA,Bromus diandrus,Non-native,Grass,Moderate,Cal IPC,I8,4,I,8,ANGELO,Drought,rgr_h_AM,0.04268102776336168
I8.BRODIA.1,BRODIA,Bromus diandrus,Non-native,Grass,Moderate,Cal IPC,I8,4,I,8,ANGELO,Drought,rgr_h_MJ,NA
B2.AVEBAR.1,AVEBAR,Avena barbata,Non-native,Grass,Moderate,Cal IPC,B2,2,B,2,MCL,Drought,rgr_h_FM,NA
B2.AVEBAR.1,AVEBAR,Avena barbata,Non-native,Grass,Moderate,Cal IPC,B2,2,B,2,MCL,Drought,rgr_h_MA,0.01814603219815744
B2.AVEBAR.1,AVEBAR,Avena barbata,Non-native,Grass,Moderate,Cal IPC,B2,2,B,2,MCL,Drought,rgr_h_AM,0.04657997758971203
B2.AVEBAR.1,AVEBAR,Avena barbata,Non-native,Grass,Moderate,Cal IPC,B2,2,B,2,MCL,Drought,rgr_h_MJ,NA
C1.AVEBAR.1,AVEBAR,Avena barbata,Non-native,Grass,Moderate,Cal IPC,C1,3,C,1,MCL,Drought,rgr_h_FM,NA
C1.AVEBAR.1,AVEBAR,Avena barbata,Non-native,Grass,Moderate,Cal IPC,C1,3,C,1,MCL,Drought,rgr_h_MA,0.03842265033127951
C1.AVEBAR.1,AVEBAR,Avena barbata,Non-native,Grass,Moderate,Cal IPC,C1,3,C,1,MCL,Drought,rgr_h_AM,0.04035056707209004
C1.AVEBAR.1,AVEBAR,Avena barbata,Non-native,Grass,Moderate,Cal IPC,C1,3,C,1,MCL,Drought,rgr_h_MJ,NA
I1.AVEBAR.1,AVEBAR,Avena barbata,Non-native,Grass,Moderate,Cal IPC,I1,4,I,1,BORR,Drought,rgr_h_FM,-0.00255529153655375
I1.AVEBAR.1,AVEBAR,Avena barbata,Non-native,Grass,Moderate,Cal IPC,I1,4,I,1,BORR,Drought,rgr_h_MA,0.06048917652775388
I1.AVEBAR.1,AVEBAR,Avena barbata,Non-native,Grass,Moderate,Cal IPC,I1,4,I,1,BORR,Drought,rgr_h_AM,0.0188301405619295
I1.AVEBAR.1,AVEBAR,Avena barbata,Non-native,Grass,Moderate,Cal IPC,I1,4,I,1,BORR,Drought,rgr_h_MJ,NA
E4.AVEBAR.1,AVEBAR,Avena barbata,Non-native,Grass,Moderate,Cal IPC,E4,5,E,4,WWP,Control,rgr_h_FM,NA
E4.AVEBAR.1,AVEBAR,Avena barbata,Non-native,Grass,Moderate,Cal IPC,E4,5,E,4,WWP,Control,rgr_h_MA,0.06931471805599453
E4.AVEBAR.1,AVEBAR,Avena barbata,Non-native,Grass,Moderate,Cal IPC,E4,5,E,4,WWP,Control,rgr_h_AM,0.03516483984280646
E4.AVEBAR.1,AVEBAR,Avena barbata,Non-native,Grass,Moderate,Cal IPC,E4,5,E,4,WWP,Control,rgr_h_MJ,NA
G4.AVEBAR.1,AVEBAR,Avena barbata,Non-native,Grass,Moderate,Cal IPC,G4,2,G,4,WWP,Control,rgr_h_FM,NA
G4.AVEBAR.1,AVEBAR,Avena barbata,Non-native,Grass,Moderate,Cal IPC,G4,2,G,4,WWP,Control,rgr_h_MA,0.02811105802087663
G4.AVEBAR.1,AVEBAR,Avena barbata,Non-native,Grass,Moderate,Cal IPC,G4,2,G,4,WWP,Control,rgr_h_AM,0.05974723626838835
G4.AVEBAR.1,AVEBAR,Avena barbata,Non-native,Grass,Moderate,Cal IPC,G4,2,G,4,WWP,Control,rgr_h_MJ,NA
E2.AVEBAR.1,AVEBAR,Avena barbata,Non-native,Grass,Moderate,Cal IPC,E2,5,E,2,WWP,Control,rgr_h_FM,-0.00858244428131575
E2.AVEBAR.1,AVEBAR,Avena barbata,Non-native,Grass,Moderate,Cal IPC,E2,5,E,2,WWP,Control,rgr_h_MA,0.04921090881517744
E2.AVEBAR.1,AVEBAR,Avena barbata,Non-native,Grass,Moderate,Cal IPC,E2,5,E,2,WWP,Control,rgr_h_AM,0.05356783931253033
E2.AVEBAR.1,AVEBAR,Avena barbata,Non-native,Grass,Moderate,Cal IPC,E2,5,E,2,WWP,Control,rgr_h_MJ,NA
A8.AVEBAR.1,AVEBAR,Avena barbata,Non-native,Grass,Moderate,Cal IPC,A8,1,A,8,MCL,Drought,rgr_h_FM,NA
A8.AVEBAR.1,AVEBAR,Avena barbata,Non-native,Grass,Moderate,Cal IPC,A8,1,A,8,MCL,Drought,rgr_h_MA,0.07640225133208713
A8.AVEBAR.1,AVEBAR,Avena barbata,Non-native,Grass,Moderate,Cal IPC,A8,1,A,8,MCL,Drought,rgr_h_AM,0.01605638069344885
A8.AVEBAR.1,AVEBAR,Avena barbata,Non-native,Grass,Moderate,Cal IPC,A8,1,A,8,MCL,Drought,rgr_h_MJ,NA
J8.AVEFAT.1,AVEFAT,Avena fatua,Non-native,Grass,Moderate,Cal IPC,J8,5,J,8,SEDG,Drought,rgr_h_FM,0.00586413896767501
J8.AVEFAT.1,AVEFAT,Avena fatua,Non-native,Grass,Moderate,Cal IPC,J8,5,J,8,SEDG,Drought,rgr_h_MA,NA
J8.AVEFAT.1,AVEFAT,Avena fatua,Non-native,Grass,Moderate,Cal IPC,J8,5,J,8,SEDG,Drought,rgr_h_AM,NA
J8.AVEFAT.1,AVEFAT,Avena fatua,Non-native,Grass,Moderate,Cal IPC,J8,5,J,8,SEDG,Drought,rgr_h_MJ,NA
D6.AVEBAR.1,AVEBAR,Avena barbata,Non-native,Grass,Moderate,Cal IPC,D6,4,D,6,BORR,Control,rgr_h_FM,-0.01005257713123625
D6.AVEBAR.1,AVEBAR,Avena barbata,Non-native,Grass,Moderate,Cal IPC,D6,4,D,6,BORR,Control,rgr_h_MA,0.04243218919376291
D6.AVEBAR.1,AVEBAR,Avena barbata,Non-native,Grass,Moderate,Cal IPC,D6,4,D,6,BORR,Control,rgr_h_AM,0.02895489227355867
D6.AVEBAR.1,AVEBAR,Avena barbata,Non-native,Grass,Moderate,Cal IPC,D6,4,D,6,BORR,Control,rgr_h_MJ,NA
J1.AVEBAR.1,AVEBAR,Avena barbata,Non-native,Grass,Moderate,Cal IPC,J1,5,J,1,BORR,Drought,rgr_h_FM,NA
J1.AVEBAR.1,AVEBAR,Avena barbata,Non-native,Grass,Moderate,Cal IPC,J1,5,J,1,BORR,Drought,rgr_h_MA,0.04434638074821505
J1.AVEBAR.1,AVEBAR,Avena barbata,Non-native,Grass,Moderate,Cal IPC,J1,5,J,1,BORR,Drought,rgr_h_AM,0.03810183871951506
J1.AVEBAR.1,AVEBAR,Avena barbata,Non-native,Grass,Moderate,Cal IPC,J1,5,J,1,BORR,Drought,rgr_h_MJ,NA
C5.LUPBIC.1,LUPBIC,Lupinus bicolor,Native,Forb,Native,CalFlora,C5,3,C,5,BORR,Drought,rgr_h_FM,NA
C5.LUPBIC.1,LUPBIC,Lupinus bicolor,Native,Forb,Native,CalFlora,C5,3,C,5,BORR,Drought,rgr_h_MA,NA
C5.LUPBIC.1,LUPBIC,Lupinus bicolor,Native,Forb,Native,CalFlora,C5,3,C,5,BORR,Drought,rgr_h_AM,NA
C5.LUPBIC.1,LUPBIC,Lupinus bicolor,Native,Forb,Native,CalFlora,C5,3,C,5,BORR,Drought,rgr_h_MJ,NA
F4.LUPBIC.1,LUPBIC,Lupinus bicolor,Native,Forb,Native,CalFlora,F4,1,F,4,MCL,Control,rgr_h_FM,NA
F4.LUPBIC.1,LUPBIC,Lupinus bicolor,Native,Forb,Native,CalFlora,F4,1,F,4,MCL,Control,rgr_h_MA,0.02850615769601612
F4.LUPBIC.1,LUPBIC,Lupinus bicolor,Native,Forb,Native,CalFlora,F4,1,F,4,MCL,Control,rgr_h_AM,0.01723616283873093
F4.LUPBIC.1,LUPBIC,Lupinus bicolor,Native,Forb,Native,CalFlora,F4,1,F,4,MCL,Control,rgr_h_MJ,NA
C1.LUPBIC.1,LUPBIC,Lupinus bicolor,Native,Forb,Native,CalFlora,C1,3,C,1,MCL,Drought,rgr_h_FM,0.01398155545200566
C1.LUPBIC.1,LUPBIC,Lupinus bicolor,Native,Forb,Native,CalFlora,C1,3,C,1,MCL,Drought,rgr_h_MA,0.03783266442796615
C1.LUPBIC.1,LUPBIC,Lupinus bicolor,Native,Forb,Native,CalFlora,C1,3,C,1,MCL,Drought,rgr_h_AM,NA
C1.LUPBIC.1,LUPBIC,Lupinus bicolor,Native,Forb,Native,CalFlora,C1,3,C,1,MCL,Drought,rgr_h_MJ,NA
D2.TRIHIR.1,TRIHIR,Trifolium hirtum,Non-native,Forb,Limited,Cal IPC,D2,4,D,2,BORR,Control,rgr_h_FM,0.07783640596221254
D2.TRIHIR.1,TRIHIR,Trifolium hirtum,Non-native,Forb,Limited,Cal IPC,D2,4,D,2,BORR,Control,rgr_h_MA,0.03817107681010009
D2.TRIHIR.1,TRIHIR,Trifolium hirtum,Non-native,Forb,Limited,Cal IPC,D2,4,D,2,BORR,Control,rgr_h_AM,0.01079780484025809
D2.TRIHIR.1,TRIHIR,Trifolium hirtum,Non-native,Forb,Limited,Cal IPC,D2,4,D,2,BORR,Control,rgr_h_MJ,NA
F8.LUPBIC.1,LUPBIC,Lupinus bicolor,Native,Forb,Native,CalFlora,F8,1,F,8,BORR,Control,rgr_h_FM,0.04332169878499658
F8.LUPBIC.1,LUPBIC,Lupinus bicolor,Native,Forb,Native,CalFlora,F8,1,F,8,BORR,Control,rgr_h_MA,0.0261590392327848
F8.LUPBIC.1,LUPBIC,Lupinus bicolor,Native,Forb,Native,CalFlora,F8,1,F,8,BORR,Control,rgr_h_AM,NA
F8.LUPBIC.1,LUPBIC,Lupinus bicolor,Native,Forb,Native,CalFlora,F8,1,F,8,BORR,Control,rgr_h_MJ,NA
A5.BRODIA.1,BRODIA,Bromus diandrus,Non-native,Grass,Moderate,Cal IPC,A5,1,A,5,MCL,Drought,rgr_h_FM,NA
A5.BRODIA.1,BRODIA,Bromus diandrus,Non-native,Grass,Moderate,Cal IPC,A5,1,A,5,MCL,Drought,rgr_h_MA,0.04707116502372899
A5.BRODIA.1,BRODIA,Bromus diandrus,Non-native,Grass,Moderate,Cal IPC,A5,1,A,5,MCL,Drought,rgr_h_AM,0.00593255327937841
A5.BRODIA.1,BRODIA,Bromus diandrus,Non-native,Grass,Moderate,Cal IPC,A5,1,A,5,MCL,Drought,rgr_h_MJ,NA
B2.EROBOT.1,EROBOT,Erodium botrys,Non-native,Forb,Non-native,CalFlora,B2,2,B,2,MCL,Drought,rgr_h_FM,0.04151630359744606
B2.EROBOT.1,EROBOT,Erodium botrys,Non-native,Forb,Non-native,CalFlora,B2,2,B,2,MCL,Drought,rgr_h_MA,0.05060051348109179
B2.EROBOT.1,EROBOT,Erodium botrys,Non-native,Forb,Non-native,CalFlora,B2,2,B,2,MCL,Drought,rgr_h_AM,NA
B2.EROBOT.1,EROBOT,Erodium botrys,Non-native,Forb,Non-native,CalFlora,B2,2,B,2,MCL,Drought,rgr_h_MJ,NA
F5.LUPBIC.1,LUPBIC,Lupinus bicolor,Native,Forb,Native,CalFlora,F5,1,F,5,MCL,Control,rgr_h_FM,0.02166084939249829
F5.LUPBIC.1,LUPBIC,Lupinus bicolor,Native,Forb,Native,CalFlora,F5,1,F,5,MCL,Control,rgr_h_MA,0.03788318236786585
F5.LUPBIC.1,LUPBIC,Lupinus bicolor,Native,Forb,Native,CalFlora,F5,1,F,5,MCL,Control,rgr_h_AM,NA
F5.LUPBIC.1,LUPBIC,Lupinus bicolor,Native,Forb,Native,CalFlora,F5,1,F,5,MCL,Control,rgr_h_MJ,NA
H2.HYPGLA.1,HYPGLA,Hypochaeris glabra,Non-native,Forb,Limited,Cal IPC,H2,3,H,2,ANGELO,Control,rgr_h_FM,0.03883783239761083
H2.HYPGLA.1,HYPGLA,Hypochaeris glabra,Non-native,Forb,Limited,Cal IPC,H2,3,H,2,ANGELO,Control,rgr_h_MA,0.02351146659608476
H2.HYPGLA.1,HYPGLA,Hypochaeris glabra,Non-native,Forb,Limited,Cal IPC,H2,3,H,2,ANGELO,Control,rgr_h_AM,0.05917809035329043
H2.HYPGLA.1,HYPGLA,Hypochaeris glabra,Non-native,Forb,Limited,Cal IPC,H2,3,H,2,ANGELO,Control,rgr_h_MJ,NA
G1.MADGRA.1,MADGRA,Madia gracilis,Native,Forb,Native,CalFlora,G1,2,G,1,BORR,Control,rgr_h_FM,0.05191735201400323
G1.MADGRA.1,MADGRA,Madia gracilis,Native,Forb,Native,CalFlora,G1,2,G,1,BORR,Control,rgr_h_MA,0.04706828583161983
G1.MADGRA.1,MADGRA,Madia gracilis,Native,Forb,Native,CalFlora,G1,2,G,1,BORR,Control,rgr_h_AM,0.03399539334018689
G1.MADGRA.1,MADGRA,Madia gracilis,Native,Forb,Native,CalFlora,G1,2,G,1,BORR,Control,rgr_h_MJ,NA
B2.LUPBIC.1,LUPBIC,Lupinus bicolor,Native,Forb,Native,CalFlora,B2,2,B,2,MCL,Drought,rgr_h_FM,0.04780325383172036
B2.LUPBIC.1,LUPBIC,Lupinus bicolor,Native,Forb,Native,CalFlora,B2,2,B,2,MCL,Drought,rgr_h_MA,0.04404003070716317
B2.LUPBIC.1,LUPBIC,Lupinus bicolor,Native,Forb,Native,CalFlora,B2,2,B,2,MCL,Drought,rgr_h_AM,0.01086838399595934
B2.LUPBIC.1,LUPBIC,Lupinus bicolor,Native,Forb,Native,CalFlora,B2,2,B,2,MCL,Drought,rgr_h_MJ,NA
H4.LUPBIC.1,LUPBIC,Lupinus bicolor,Native,Forb,Native,CalFlora,H4,3,H,4,MCL,Control,rgr_h_FM,0.0130795196163924
H4.LUPBIC.1,LUPBIC,Lupinus bicolor,Native,Forb,Native,CalFlora,H4,3,H,4,MCL,Control,rgr_h_MA,0.068189923689537
H4.LUPBIC.1,LUPBIC,Lupinus bicolor,Native,Forb,Native,CalFlora,H4,3,H,4,MCL,Control,rgr_h_AM,NA
H4.LUPBIC.1,LUPBIC,Lupinus bicolor,Native,Forb,Native,CalFlora,H4,3,H,4,MCL,Control,rgr_h_MJ,NA
F7.EROCIC.1,EROCIC,Erodium cicutarium,Non-native,Forb,Non-native,CalFlora,F7,1,F,7,WWP,Control,rgr_h_FM,NA
F7.EROCIC.1,EROCIC,Erodium cicutarium,Non-native,Forb,Non-native,CalFlora,F7,1,F,7,WWP,Control,rgr_h_MA,NA
F7.EROCIC.1,EROCIC,Erodium cicutarium,Non-native,Forb,Non-native,CalFlora,F7,1,F,7,WWP,Control,rgr_h_AM,0.016906028794145
F7.EROCIC.1,EROCIC,Erodium cicutarium,Non-native,Forb,Non-native,CalFlora,F7,1,F,7,WWP,Control,rgr_h_MJ,NA
C4.LUPBIC.1,LUPBIC,Lupinus bicolor,Native,Forb,Native,CalFlora,C4,3,C,4,BORR,Drought,rgr_h_FM,0.01867337753006542
C4.LUPBIC.1,LUPBIC,Lupinus bicolor,Native,Forb,Native,CalFlora,C4,3,C,4,BORR,Drought,rgr_h_MA,0.04620981203732968
C4.LUPBIC.1,LUPBIC,Lupinus bicolor,Native,Forb,Native,CalFlora,C4,3,C,4,BORR,Drought,rgr_h_AM,-0.02678761355321923
C4.LUPBIC.1,LUPBIC,Lupinus bicolor,Native,Forb,Native,CalFlora,C4,3,C,4,BORR,Drought,rgr_h_MJ,NA
A2.CAUCOU.1,CAUCOU,Caulanthus coulteri,Native,Forb,Native,CalFlora,A2,1,A,2,WWP,Drought,rgr_h_FM,NA
A2.CAUCOU.1,CAUCOU,Caulanthus coulteri,Native,Forb,Native,CalFlora,A2,1,A,2,WWP,Drought,rgr_h_MA,0.04923349650196632
A2.CAUCOU.1,CAUCOU,Caulanthus coulteri,Native,Forb,Native,CalFlora,A2,1,A,2,WWP,Drought,rgr_h_AM,NA
A2.CAUCOU.1,CAUCOU,Caulanthus coulteri,Native,Forb,Native,CalFlora,A2,1,A,2,WWP,Drought,rgr_h_MJ,NA
A3.TRIHIR.1,TRIHIR,Trifolium hirtum,Non-native,Forb,Limited,Cal IPC,A3,1,A,3,BORR,Drought,rgr_h_FM,0.05772332529557488
A3.TRIHIR.1,TRIHIR,Trifolium hirtum,Non-native,Forb,Limited,Cal IPC,A3,1,A,3,BORR,Drought,rgr_h_MA,-0.00404640583710674
A3.TRIHIR.1,TRIHIR,Trifolium hirtum,Non-native,Forb,Limited,Cal IPC,A3,1,A,3,BORR,Drought,rgr_h_AM,NA
A3.TRIHIR.1,TRIHIR,Trifolium hirtum,Non-native,Forb,Limited,Cal IPC,A3,1,A,3,BORR,Drought,rgr_h_MJ,NA
C5.CLAPUR.1,CLAPUR,Clarkia purpurea,Native,Forb,Native,CalFlora,C5,3,C,5,BORR,Drought,rgr_h_FM,0.03911306200923385
C5.CLAPUR.1,CLAPUR,Clarkia purpurea,Native,Forb,Native,CalFlora,C5,3,C,5,BORR,Drought,rgr_h_MA,0.02878612750424041
C5.CLAPUR.1,CLAPUR,Clarkia purpurea,Native,Forb,Native,CalFlora,C5,3,C,5,BORR,Drought,rgr_h_AM,0.02633083155359549
C5.CLAPUR.1,CLAPUR,Clarkia purpurea,Native,Forb,Native,CalFlora,C5,3,C,5,BORR,Drought,rgr_h_MJ,NA
E4.PHATAN.1-E2,PHATAN,Phacelia tanacetifolia,Native,Forb,Native,CalFlora,E4,5,E,4,WWP,Control,rgr_h_FM,NA
E4.PHATAN.1-E2,PHATAN,Phacelia tanacetifolia,Native,Forb,Native,CalFlora,E4,5,E,4,WWP,Control,rgr_h_MA,0.02884791920622724
E4.PHATAN.1-E2,PHATAN,Phacelia tanacetifolia,Native,Forb,Native,CalFlora,E4,5,E,4,WWP,Control,rgr_h_AM,NA
E4.PHATAN.1-E2,PHATAN,Phacelia tanacetifolia,Native,Forb,Native,CalFlora,E4,5,E,4,WWP,Control,rgr_h_MJ,NA
G6.ESCCAL.1,ESCCAL,Eschscholzia californica,Native,Forb,Native,CalFlora,G6,2,G,6,ANGELO,Control,rgr_h_FM,0.04471917293935131
G6.ESCCAL.1,ESCCAL,Eschscholzia californica,Native,Forb,Native,CalFlora,G6,2,G,6,ANGELO,Control,rgr_h_MA,0.04818319109597569
G6.ESCCAL.1,ESCCAL,Eschscholzia californica,Native,Forb,Native,CalFlora,G6,2,G,6,ANGELO,Control,rgr_h_AM,0.02933675431649125
G6.ESCCAL.1,ESCCAL,Eschscholzia californica,Native,Forb,Native,CalFlora,G6,2,G,6,ANGELO,Control,rgr_h_MJ,-0.09954219273489195
H6.DAUPUS.1,DAUPUS,Daucus pusillus,Native,Forb,Native,CalFlora,H6,3,H,6,ANGELO,Control,rgr_h_FM,0.035439106086068053
H6.DAUPUS.1,DAUPUS,Daucus pusillus,Native,Forb,Native,CalFlora,H6,3,H,6,ANGELO,Control,rgr_h_MA,0.03665162927496621
H6.DAUPUS.1,DAUPUS,Daucus pusillus,Native,Forb,Native,CalFlora,H6,3,H,6,ANGELO,Control,rgr_h_AM,0.04073310492129495
H6.DAUPUS.1,DAUPUS,Daucus pusillus,Native,Forb,Native,CalFlora,H6,3,H,6,ANGELO,Control,rgr_h_MJ,NA
J3.PLAERE.1,PLAERE,Plantago erecta,Native,Forb,Native,CalFlora,J3,5,J,3,MCL,Drought,rgr_h_FM,0.03194030784871086
J3.PLAERE.1,PLAERE,Plantago erecta,Native,Forb,Native,CalFlora,J3,5,J,3,MCL,Drought,rgr_h_MA,0
J3.PLAERE.1,PLAERE,Plantago erecta,Native,Forb,Native,CalFlora,J3,5,J,3,MCL,Drought,rgr_h_AM,NA
J3.PLAERE.1,PLAERE,Plantago erecta,Native,Forb,Native,CalFlora,J3,5,J,3,MCL,Drought,rgr_h_MJ,NA
A7.AVEFAT.1,AVEFAT,Avena fatua,Non-native,Grass,Moderate,Cal IPC,A7,1,A,7,SEDG,Drought,rgr_h_FM,NA
A7.AVEFAT.1,AVEFAT,Avena fatua,Non-native,Grass,Moderate,Cal IPC,A7,1,A,7,SEDG,Drought,rgr_h_MA,0.05766621528297817
A7.AVEFAT.1,AVEFAT,Avena fatua,Non-native,Grass,Moderate,Cal IPC,A7,1,A,7,SEDG,Drought,rgr_h_AM,0.02447488398137061
A7.AVEFAT.1,AVEFAT,Avena fatua,Non-native,Grass,Moderate,Cal IPC,A7,1,A,7,SEDG,Drought,rgr_h_MJ,NA
C2.AVEFAT.1,AVEFAT,Avena fatua,Non-native,Grass,Moderate,Cal IPC,C2,3,C,2,SEDG,Drought,rgr_h_FM,NA
C2.AVEFAT.1,AVEFAT,Avena fatua,Non-native,Grass,Moderate,Cal IPC,C2,3,C,2,SEDG,Drought,rgr_h_MA,0.04946442768946021
C2.AVEFAT.1,AVEFAT,Avena fatua,Non-native,Grass,Moderate,Cal IPC,C2,3,C,2,SEDG,Drought,rgr_h_AM,0.00805289006117109
C2.AVEFAT.1,AVEFAT,Avena fatua,Non-native,Grass,Moderate,Cal IPC,C2,3,C,2,SEDG,Drought,rgr_h_MJ,NA
I5.BRODIA.1,BRODIA,Bromus diandrus,Non-native,Grass,Moderate,Cal IPC,I5,4,I,5,ANGELO,Drought,rgr_h_FM,NA
I5.BRODIA.1,BRODIA,Bromus diandrus,Non-native,Grass,Moderate,Cal IPC,I5,4,I,5,ANGELO,Drought,rgr_h_MA,0.01271225188430346
I5.BRODIA.1,BRODIA,Bromus diandrus,Non-native,Grass,Moderate,Cal IPC,I5,4,I,5,ANGELO,Drought,rgr_h_AM,0.04228493493314079
I5.BRODIA.1,BRODIA,Bromus diandrus,Non-native,Grass,Moderate,Cal IPC,I5,4,I,5,ANGELO,Drought,rgr_h_MJ,NA
C4.CLAPUR.1,CLAPUR,Clarkia purpurea,Native,Forb,Native,CalFlora,C4,3,C,4,BORR,Drought,rgr_h_FM,0.03675044019336293
C4.CLAPUR.1,CLAPUR,Clarkia purpurea,Native,Forb,Native,CalFlora,C4,3,C,4,BORR,Drought,rgr_h_MA,0.04248343183772581
C4.CLAPUR.1,CLAPUR,Clarkia purpurea,Native,Forb,Native,CalFlora,C4,3,C,4,BORR,Drought,rgr_h_AM,-0.00988939288068694
C4.CLAPUR.1,CLAPUR,Clarkia purpurea,Native,Forb,Native,CalFlora,C4,3,C,4,BORR,Drought,rgr_h_MJ,NA
A1.DAUPUS.1,DAUPUS,Daucus pusillus,Native,Forb,Native,CalFlora,A1,1,A,1,ANGELO,Drought,rgr_h_FM,1.6384521464601e-4
A1.DAUPUS.1,DAUPUS,Daucus pusillus,Native,Forb,Native,CalFlora,A1,1,A,1,ANGELO,Drought,rgr_h_MA,0.0596732032776387
A1.DAUPUS.1,DAUPUS,Daucus pusillus,Native,Forb,Native,CalFlora,A1,1,A,1,ANGELO,Drought,rgr_h_AM,0.03718320999801243
A1.DAUPUS.1,DAUPUS,Daucus pusillus,Native,Forb,Native,CalFlora,A1,1,A,1,ANGELO,Drought,rgr_h_MJ,NA
A3.AVEBAR.1,AVEBAR,Avena barbata,Non-native,Grass,Moderate,Cal IPC,A3,1,A,3,BORR,Drought,rgr_h_FM,NA
A3.AVEBAR.1,AVEBAR,Avena barbata,Non-native,Grass,Moderate,Cal IPC,A3,1,A,3,BORR,Drought,rgr_h_MA,0.03036824310547113
A3.AVEBAR.1,AVEBAR,Avena barbata,Non-native,Grass,Moderate,Cal IPC,A3,1,A,3,BORR,Drought,rgr_h_AM,0.01806349321297985
A3.AVEBAR.1,AVEBAR,Avena barbata,Non-native,Grass,Moderate,Cal IPC,A3,1,A,3,BORR,Drought,rgr_h_MJ,NA
A4.BROARE.1,BROARE,Bromus arenarius,Non-native,Grass,Non-native,CalFlora,A4,1,A,4,WWP,Drought,rgr_h_FM,NA
A4.BROARE.1,BROARE,Bromus arenarius,Non-native,Grass,Non-native,CalFlora,A4,1,A,4,WWP,Drought,rgr_h_MA,0.01547956435654516
A4.BROARE.1,BROARE,Bromus arenarius,Non-native,Grass,Non-native,CalFlora,A4,1,A,4,WWP,Drought,rgr_h_AM,-0.00393203936788707
A4.BROARE.1,BROARE,Bromus arenarius,Non-native,Grass,Non-native,CalFlora,A4,1,A,4,WWP,Drought,rgr_h_MJ,NA
G2.HOLVIR.1,HOLVIR,Holocarpha virgata,Native,Forb,Native,CalFlora,G2,2,G,2,MCL,Control,rgr_h_FM,0.02955776554432758
G2.HOLVIR.1,HOLVIR,Holocarpha virgata,Native,Forb,Native,CalFlora,G2,2,G,2,MCL,Control,rgr_h_MA,0.03748306307685119
G2.HOLVIR.1,HOLVIR,Holocarpha virgata,Native,Forb,Native,CalFlora,G2,2,G,2,MCL,Control,rgr_h_AM,0.03255348014640943
G2.HOLVIR.1,HOLVIR,Holocarpha virgata,Native,Forb,Native,CalFlora,G2,2,G,2,MCL,Control,rgr_h_MJ,0.00701631807357178
D7.STIPUL.1,STIPUL,Stipa pulchra,Native,Grass,Native,CalFlora,D7,4,D,7,SEDG,Control,rgr_h_FM,NA
D7.STIPUL.1,STIPUL,Stipa pulchra,Native,Grass,Native,CalFlora,D7,4,D,7,SEDG,Control,rgr_h_MA,NA
D7.STIPUL.1,STIPUL,Stipa pulchra,Native,Grass,Native,CalFlora,D7,4,D,7,SEDG,Control,rgr_h_AM,0
D7.STIPUL.1,STIPUL,Stipa pulchra,Native,Grass,Native,CalFlora,D7,4,D,7,SEDG,Control,rgr_h_MJ,0.03291857576090722
A1.AIRCAR.1,AIRCAR,Aira caryophyllea,Non-native,Grass,Non-native,CalFlora,A1,1,A,1,ANGELO,Drought,rgr_h_FM,0.00992007146385451
A1.AIRCAR.1,AIRCAR,Aira caryophyllea,Non-native,Grass,Non-native,CalFlora,A1,1,A,1,ANGELO,Drought,rgr_h_MA,0.06594416251083092
A1.AIRCAR.1,AIRCAR,Aira caryophyllea,Non-native,Grass,Non-native,CalFlora,A1,1,A,1,ANGELO,Drought,rgr_h_AM,0.01641588283659314
A1.AIRCAR.1,AIRCAR,Aira caryophyllea,Non-native,Grass,Non-native,CalFlora,A1,1,A,1,ANGELO,Drought,rgr_h_MJ,NA
A1.BRODIA.1,BRODIA,Bromus diandrus,Non-native,Grass,Moderate,Cal IPC,A1,1,A,1,ANGELO,Drought,rgr_h_FM,NA
A1.BRODIA.1,BRODIA,Bromus diandrus,Non-native,Grass,Moderate,Cal IPC,A1,1,A,1,ANGELO,Drought,rgr_h_MA,0.0434874098572522
A1.BRODIA.1,BRODIA,Bromus diandrus,Non-native,Grass,Moderate,Cal IPC,A1,1,A,1,ANGELO,Drought,rgr_h_AM,0.03520410517978949
A1.BRODIA.1,BRODIA,Bromus diandrus,Non-native,Grass,Moderate,Cal IPC,A1,1,A,1,ANGELO,Drought,rgr_h_MJ,NA
A1.BROHOR.1,BROHOR,Bromus hordeaceaus,Non-native,Grass,Limited,Cal IPC,A1,1,A,1,ANGELO,Drought,rgr_h_FM,NA
A1.BROHOR.1,BROHOR,Bromus hordeaceaus,Non-native,Grass,Limited,Cal IPC,A1,1,A,1,ANGELO,Drought,rgr_h_MA,0.01666807081573551
A1.BROHOR.1,BROHOR,Bromus hordeaceaus,Non-native,Grass,Limited,Cal IPC,A1,1,A,1,ANGELO,Drought,rgr_h_AM,0.06821880775201611
A1.BROHOR.1,BROHOR,Bromus hordeaceaus,Non-native,Grass,Limited,Cal IPC,A1,1,A,1,ANGELO,Drought,rgr_h_MJ,NA
A1.CLAPUR.1,CLAPUR,Clarkia purpurea,Native,Forb,Native,CalFlora,A1,1,A,1,ANGELO,Drought,rgr_h_FM,0.03159623213359155
A1.CLAPUR.1,CLAPUR,Clarkia purpurea,Native,Forb,Native,CalFlora,A1,1,A,1,ANGELO,Drought,rgr_h_MA,0.03708410398854896
A1.CLAPUR.1,CLAPUR,Clarkia purpurea,Native,Forb,Native,CalFlora,A1,1,A,1,ANGELO,Drought,rgr_h_AM,0.01443466178189886
A1.CLAPUR.1,CLAPUR,Clarkia purpurea,Native,Forb,Native,CalFlora,A1,1,A,1,ANGELO,Drought,rgr_h_MJ,NA
A1.GALPAR.1,GALPAR,Galium parisiense,Non-native,Forb,Non-native,CalFlora,A1,1,A,1,ANGELO,Drought,rgr_h_FM,NA
A1.GALPAR.1,GALPAR,Galium parisiense,Non-native,Forb,Non-native,CalFlora,A1,1,A,1,ANGELO,Drought,rgr_h_MA,0.03120058839942904
A1.GALPAR.1,GALPAR,Galium parisiense,Non-native,Forb,Non-native,CalFlora,A1,1,A,1,ANGELO,Drought,rgr_h_AM,0.03553464202327901
A1.GALPAR.1,GALPAR,Galium parisiense,Non-native,Forb,Non-native,CalFlora,A1,1,A,1,ANGELO,Drought,rgr_h_MJ,NA
A2.AMSMEN.1,AMSMEN,Amsinckia menziesii,Native,Forb,Native,CalFlora,A2,1,A,2,WWP,Drought,rgr_h_FM,0.03488279005787862
A2.AMSMEN.1,AMSMEN,Amsinckia menziesii,Native,Forb,Native,CalFlora,A2,1,A,2,WWP,Drought,rgr_h_MA,0.05857085052993819
A2.AMSMEN.1,AMSMEN,Amsinckia menziesii,Native,Forb,Native,CalFlora,A2,1,A,2,WWP,Drought,rgr_h_AM,NA
A2.AMSMEN.1,AMSMEN,Amsinckia menziesii,Native,Forb,Native,CalFlora,A2,1,A,2,WWP,Drought,rgr_h_MJ,NA
A2.AVEBAR.1,AVEBAR,Avena barbata,Non-native,Grass,Moderate,Cal IPC,A2,1,A,2,WWP,Drought,rgr_h_FM,NA
A2.AVEBAR.1,AVEBAR,Avena barbata,Non-native,Grass,Moderate,Cal IPC,A2,1,A,2,WWP,Drought,rgr_h_MA,0.04142049318978148
A2.AVEBAR.1,AVEBAR,Avena barbata,Non-native,Grass,Moderate,Cal IPC,A2,1,A,2,WWP,Drought,rgr_h_AM,NA
A2.AVEBAR.1,AVEBAR,Avena barbata,Non-native,Grass,Moderate,Cal IPC,A2,1,A,2,WWP,Drought,rgr_h_MJ,NA
A2.BROARE.1,BROARE,Bromus arenarius,Non-native,Grass,Non-native,CalFlora,A2,1,A,2,WWP,Drought,rgr_h_FM,NA
A2.BROARE.1,BROARE,Bromus arenarius,Non-native,Grass,Non-native,CalFlora,A2,1,A,2,WWP,Drought,rgr_h_MA,0.02380365153608971
A2.BROARE.1,BROARE,Bromus arenarius,Non-native,Grass,Non-native,CalFlora,A2,1,A,2,WWP,Drought,rgr_h_AM,NA
A2.BROARE.1,BROARE,Bromus arenarius,Non-native,Grass,Non-native,CalFlora,A2,1,A,2,WWP,Drought,rgr_h_MJ,NA
A2.BRODIA.1,BRODIA,Bromus diandrus,Non-native,Grass,Moderate,Cal IPC,A2,1,A,2,WWP,Drought,rgr_h_FM,NA
A2.BRODIA.1,BRODIA,Bromus diandrus,Non-native,Grass,Moderate,Cal IPC,A2,1,A,2,WWP,Drought,rgr_h_MA,NA
A2.BRODIA.1,BRODIA,Bromus diandrus,Non-native,Grass,Moderate,Cal IPC,A2,1,A,2,WWP,Drought,rgr_h_AM,NA
A2.BRODIA.1,BRODIA,Bromus diandrus,Non-native,Grass,Moderate,Cal IPC,A2,1,A,2,WWP,Drought,rgr_h_MJ,NA
A2.BROMAD.1,BROMAD,Bromus madritensis,Non-native,Grass,High,Cal IPC,A2,1,A,2,WWP,Drought,rgr_h_FM,NA
A2.BROMAD.1,BROMAD,Bromus madritensis,Non-native,Grass,High,Cal IPC,A2,1,A,2,WWP,Drought,rgr_h_MA,0.04315256633644659
A2.BROMAD.1,BROMAD,Bromus madritensis,Non-native,Grass,High,Cal IPC,A2,1,A,2,WWP,Drought,rgr_h_AM,NA
A2.BROMAD.1,BROMAD,Bromus madritensis,Non-native,Grass,High,Cal IPC,A2,1,A,2,WWP,Drought,rgr_h_MJ,NA
A2.ESCCAL.1,ESCCAL,Eschscholzia californica,Native,Forb,Native,CalFlora,A2,1,A,2,WWP,Drought,rgr_h_FM,0.02796311090401133
A2.ESCCAL.1,ESCCAL,Eschscholzia californica,Native,Forb,Native,CalFlora,A2,1,A,2,WWP,Drought,rgr_h_MA,0.03055237052120728
A2.ESCCAL.1,ESCCAL,Eschscholzia californica,Native,Forb,Native,CalFlora,A2,1,A,2,WWP,Drought,rgr_h_AM,0.00256635385150209
A2.ESCCAL.1,ESCCAL,Eschscholzia californica,Native,Forb,Native,CalFlora,A2,1,A,2,WWP,Drought,rgr_h_MJ,0.00758752972254171
A3.GERDIS.1,GERDIS,Geranium dissectum,Non-native,Forb,Limited,Cal IPC,A3,1,A,3,BORR,Drought,rgr_h_FM,0.06454490265177901
A3.GERDIS.1,GERDIS,Geranium dissectum,Non-native,Forb,Limited,Cal IPC,A3,1,A,3,BORR,Drought,rgr_h_MA,0.02776638581436833
A3.GERDIS.1,GERDIS,Geranium dissectum,Non-native,Forb,Limited,Cal IPC,A3,1,A,3,BORR,Drought,rgr_h_AM,NA
A3.GERDIS.1,GERDIS,Geranium dissectum,Non-native,Forb,Limited,Cal IPC,A3,1,A,3,BORR,Drought,rgr_h_MJ,NA
A3.MADGRA.1,MADGRA,Madia gracilis,Native,Forb,Native,CalFlora,A3,1,A,3,BORR,Drought,rgr_h_FM,0.02850615769601613
A3.MADGRA.1,MADGRA,Madia gracilis,Native,Forb,Native,CalFlora,A3,1,A,3,BORR,Drought,rgr_h_MA,0.04585739551155145
A3.MADGRA.1,MADGRA,Madia gracilis,Native,Forb,Native,CalFlora,A3,1,A,3,BORR,Drought,rgr_h_AM,0.02024665940568544
A3.MADGRA.1,MADGRA,Madia gracilis,Native,Forb,Native,CalFlora,A3,1,A,3,BORR,Drought,rgr_h_MJ,NA
A3.TORARV.1,TORARV,Torilis arvensis,Non-native,Forb,Moderate,Cal IPC,A3,1,A,3,BORR,Drought,rgr_h_FM,0.04010864861398899
A3.TORARV.1,TORARV,Torilis arvensis,Non-native,Forb,Moderate,Cal IPC,A3,1,A,3,BORR,Drought,rgr_h_MA,0.0586951963355319
A3.TORARV.1,TORARV,Torilis arvensis,Non-native,Forb,Moderate,Cal IPC,A3,1,A,3,BORR,Drought,rgr_h_AM,0.02409714756342677
A3.TORARV.1,TORARV,Torilis arvensis,Non-native,Forb,Moderate,Cal IPC,A3,1,A,3,BORR,Drought,rgr_h_MJ,NA
A4.AMSMEN.1,AMSMEN,Amsinckia menziesii,Native,Forb,Native,CalFlora,A4,1,A,4,WWP,Drought,rgr_h_FM,0.08371545641200177
A4.AMSMEN.1,AMSMEN,Amsinckia menziesii,Native,Forb,Native,CalFlora,A4,1,A,4,WWP,Drought,rgr_h_MA,0.03502335462145632
A4.AMSMEN.1,AMSMEN,Amsinckia menziesii,Native,Forb,Native,CalFlora,A4,1,A,4,WWP,Drought,rgr_h_AM,NA
A4.AMSMEN.1,AMSMEN,Amsinckia menziesii,Native,Forb,Native,CalFlora,A4,1,A,4,WWP,Drought,rgr_h_MJ,NA
A4.AVEBAR.1,AVEBAR,Avena barbata,Non-native,Grass,Moderate,Cal IPC,A4,1,A,4,WWP,Drought,rgr_h_FM,NA
A4.AVEBAR.1,AVEBAR,Avena barbata,Non-native,Grass,Moderate,Cal IPC,A4,1,A,4,WWP,Drought,rgr_h_MA,0.03796251419682933
A4.AVEBAR.1,AVEBAR,Avena barbata,Non-native,Grass,Moderate,Cal IPC,A4,1,A,4,WWP,Drought,rgr_h_AM,0.02858413479496957
A4.AVEBAR.1,AVEBAR,Avena barbata,Non-native,Grass,Moderate,Cal IPC,A4,1,A,4,WWP,Drought,rgr_h_MJ,NA
A4.BROMAD.1,BROMAD,Bromus madritensis,Non-native,Grass,High,Cal IPC,A4,1,A,4,WWP,Drought,rgr_h_FM,NA
A4.BROMAD.1,BROMAD,Bromus madritensis,Non-native,Grass,High,Cal IPC,A4,1,A,4,WWP,Drought,rgr_h_MA,0.04126065904634906
A4.BROMAD.1,BROMAD,Bromus madritensis,Non-native,Grass,High,Cal IPC,A4,1,A,4,WWP,Drought,rgr_h_AM,NA
A4.BROMAD.1,BROMAD,Bromus madritensis,Non-native,Grass,High,Cal IPC,A4,1,A,4,WWP,Drought,rgr_h_MJ,NA
A4.CAUCOU.1,CAUCOU,Caulanthus coulteri,Native,Forb,Native,CalFlora,A4,1,A,4,WWP,Drought,rgr_h_FM,NA
A4.CAUCOU.1,CAUCOU,Caulanthus coulteri,Native,Forb,Native,CalFlora,A4,1,A,4,WWP,Drought,rgr_h_MA,0.04464562842756123
A4.CAUCOU.1,CAUCOU,Caulanthus coulteri,Native,Forb,Native,CalFlora,A4,1,A,4,WWP,Drought,rgr_h_AM,NA
A4.CAUCOU.1,CAUCOU,Caulanthus coulteri,Native,Forb,Native,CalFlora,A4,1,A,4,WWP,Drought,rgr_h_MJ,NA
A4.EROCIC.1,EROCIC,Erodium cicutarium,Non-native,Forb,Non-native,CalFlora,A4,1,A,4,WWP,Drought,rgr_h_FM,0.04989375803228708
A4.EROCIC.1,EROCIC,Erodium cicutarium,Non-native,Forb,Non-native,CalFlora,A4,1,A,4,WWP,Drought,rgr_h_MA,0.0401718102819229
A4.EROCIC.1,EROCIC,Erodium cicutarium,Non-native,Forb,Non-native,CalFlora,A4,1,A,4,WWP,Drought,rgr_h_AM,0.01434912276757494
A4.EROCIC.1,EROCIC,Erodium cicutarium,Non-native,Forb,Non-native,CalFlora,A4,1,A,4,WWP,Drought,rgr_h_MJ,NA
A4.LUPMIC.1,LUPMIC,Lupinus microcarpus,Native,Forb,Native,CalFlora,A4,1,A,4,WWP,Drought,rgr_h_FM,NA
A4.LUPMIC.1,LUPMIC,Lupinus microcarpus,Native,Forb,Native,CalFlora,A4,1,A,4,WWP,Drought,rgr_h_MA,NA
A4.LUPMIC.1,LUPMIC,Lupinus microcarpus,Native,Forb,Native,CalFlora,A4,1,A,4,WWP,Drought,rgr_h_AM,NA
A4.LUPMIC.1,LUPMIC,Lupinus microcarpus,Native,Forb,Native,CalFlora,A4,1,A,4,WWP,Drought,rgr_h_MJ,NA
A4.PHATAN.1,PHATAN,Phacelia tanacetifolia,Native,Forb,Native,CalFlora,A4,1,A,4,WWP,Drought,rgr_h_FM,0.04877163206423158
A4.PHATAN.1,PHATAN,Phacelia tanacetifolia,Native,Forb,Native,CalFlora,A4,1,A,4,WWP,Drought,rgr_h_MA,0.02853359211692258
A4.PHATAN.1,PHATAN,Phacelia tanacetifolia,Native,Forb,Native,CalFlora,A4,1,A,4,WWP,Drought,rgr_h_AM,NA
A4.PHATAN.1,PHATAN,Phacelia tanacetifolia,Native,Forb,Native,CalFlora,A4,1,A,4,WWP,Drought,rgr_h_MJ,NA
A5.AVEBAR.1,AVEBAR,Avena barbata,Non-native,Grass,Moderate,Cal IPC,A5,1,A,5,MCL,Drought,rgr_h_FM,NA
A5.AVEBAR.1,AVEBAR,Avena barbata,Non-native,Grass,Moderate,Cal IPC,A5,1,A,5,MCL,Drought,rgr_h_MA,NA
A5.AVEBAR.1,AVEBAR,Avena barbata,Non-native,Grass,Moderate,Cal IPC,A5,1,A,5,MCL,Drought,rgr_h_AM,0.02502806387030335
A5.AVEBAR.1,AVEBAR,Avena barbata,Non-native,Grass,Moderate,Cal IPC,A5,1,A,5,MCL,Drought,rgr_h_MJ,NA
A5.BROHOR.1,BROHOR,Bromus hordeaceaus,Non-native,Grass,Limited,Cal IPC,A5,1,A,5,MCL,Drought,rgr_h_FM,NA
A5.BROHOR.1,BROHOR,Bromus hordeaceaus,Non-native,Grass,Limited,Cal IPC,A5,1,A,5,MCL,Drought,rgr_h_MA,0.04613413743771123
A5.BROHOR.1,BROHOR,Bromus hordeaceaus,Non-native,Grass,Limited,Cal IPC,A5,1,A,5,MCL,Drought,rgr_h_AM,0.03018857715013448
A5.BROHOR.1,BROHOR,Bromus hordeaceaus,Non-native,Grass,Limited,Cal IPC,A5,1,A,5,MCL,Drought,rgr_h_MJ,NA
A5.BROMAD.1,BROMAD,Bromus madritensis,Non-native,Grass,High,Cal IPC,A5,1,A,5,MCL,Drought,rgr_h_FM,NA
A5.BROMAD.1,BROMAD,Bromus madritensis,Non-native,Grass,High,Cal IPC,A5,1,A,5,MCL,Drought,rgr_h_MA,0.05795113506111121
A5.BROMAD.1,BROMAD,Bromus madritensis,Non-native,Grass,High,Cal IPC,A5,1,A,5,MCL,Drought,rgr_h_AM,NA
A5.BROMAD.1,BROMAD,Bromus madritensis,Non-native,Grass,High,Cal IPC,A5,1,A,5,MCL,Drought,rgr_h_MJ,NA
A5.ELYCAP.1,ELYCAP,Elymus caput-medusae,Non-native,Grass,High,Cal IPC,A5,1,A,5,MCL,Drought,rgr_h_FM,0.01398155545200567
A5.ELYCAP.1,ELYCAP,Elymus caput-medusae,Non-native,Grass,High,Cal IPC,A5,1,A,5,MCL,Drought,rgr_h_MA,0.056721278087927
A5.ELYCAP.1,ELYCAP,Elymus caput-medusae,Non-native,Grass,High,Cal IPC,A5,1,A,5,MCL,Drought,rgr_h_AM,0.02255725990103481
A5.ELYCAP.1,ELYCAP,Elymus caput-medusae,Non-native,Grass,High,Cal IPC,A5,1,A,5,MCL,Drought,rgr_h_MJ,NA
A5.HOLVIR.1,HOLVIR,Holocarpha virgata,Native,Forb,Native,CalFlora,A5,1,A,5,MCL,Drought,rgr_h_FM,0.04319872305156441
A5.HOLVIR.1,HOLVIR,Holocarpha virgata,Native,Forb,Native,CalFlora,A5,1,A,5,MCL,Drought,rgr_h_MA,0.0230951530923302
A5.HOLVIR.1,HOLVIR,Holocarpha virgata,Native,Forb,Native,CalFlora,A5,1,A,5,MCL,Drought,rgr_h_AM,0.04666651943502932
A5.HOLVIR.1,HOLVIR,Holocarpha virgata,Native,Forb,Native,CalFlora,A5,1,A,5,MCL,Drought,rgr_h_MJ,0.02309564490418629
A5.LUPBIC.1,LUPBIC,Lupinus bicolor,Native,Forb,Native,CalFlora,A5,1,A,5,MCL,Drought,rgr_h_FM,0.01398155545200566
A5.LUPBIC.1,LUPBIC,Lupinus bicolor,Native,Forb,Native,CalFlora,A5,1,A,5,MCL,Drought,rgr_h_MA,0.0648504898029173
A5.LUPBIC.1,LUPBIC,Lupinus bicolor,Native,Forb,Native,CalFlora,A5,1,A,5,MCL,Drought,rgr_h_AM,NA
A5.LUPBIC.1,LUPBIC,Lupinus bicolor,Native,Forb,Native,CalFlora,A5,1,A,5,MCL,Drought,rgr_h_MJ,NA
A5.MICCAL.1,MICCAL,Micropus californicus,Native,Forb,Native,CalFlora,A5,1,A,5,MCL,Drought,rgr_h_FM,0.02026850568627996
A5.MICCAL.1,MICCAL,Micropus californicus,Native,Forb,Native,CalFlora,A5,1,A,5,MCL,Drought,rgr_h_MA,0.04910568935214197
A5.MICCAL.1,MICCAL,Micropus californicus,Native,Forb,Native,CalFlora,A5,1,A,5,MCL,Drought,rgr_h_AM,NA
A5.MICCAL.1,MICCAL,Micropus californicus,Native,Forb,Native,CalFlora,A5,1,A,5,MCL,Drought,rgr_h_MJ,NA
A5.PLAERE.1,PLAERE,Plantago erecta,Native,Forb,Native,CalFlora,A5,1,A,5,MCL,Drought,rgr_h_FM,0
A5.PLAERE.1,PLAERE,Plantago erecta,Native,Forb,Native,CalFlora,A5,1,A,5,MCL,Drought,rgr_h_MA,0.04200892003393607
A5.PLAERE.1,PLAERE,Plantago erecta,Native,Forb,Native,CalFlora,A5,1,A,5,MCL,Drought,rgr_h_AM,NA
A5.PLAERE.1,PLAERE,Plantago erecta,Native,Forb,Native,CalFlora,A5,1,A,5,MCL,Drought,rgr_h_MJ,NA
A5.TRIHIR.1,TRIHIR,Trifolium hirtum,Non-native,Forb,Limited,Cal IPC,A5,1,A,5,MCL,Drought,rgr_h_FM,NA
A5.TRIHIR.1,TRIHIR,Trifolium hirtum,Non-native,Forb,Limited,Cal IPC,A5,1,A,5,MCL,Drought,rgr_h_MA,0.04294139453898922
A5.TRIHIR.1,TRIHIR,Trifolium hirtum,Non-native,Forb,Limited,Cal IPC,A5,1,A,5,MCL,Drought,rgr_h_AM,0.02243215365938026
A5.TRIHIR.1,TRIHIR,Trifolium hirtum,Non-native,Forb,Limited,Cal IPC,A5,1,A,5,MCL,Drought,rgr_h_MJ,NA
A6.BRODIA.1,BRODIA,Bromus diandrus,Non-native,Grass,Moderate,Cal IPC,A6,1,A,6,SEDG,Drought,rgr_h_FM,NA
A6.BRODIA.1,BRODIA,Bromus diandrus,Non-native,Grass,Moderate,Cal IPC,A6,1,A,6,SEDG,Drought,rgr_h_MA,0.02615291567743463
A6.BRODIA.1,BRODIA,Bromus diandrus,Non-native,Grass,Moderate,Cal IPC,A6,1,A,6,SEDG,Drought,rgr_h_AM,-0.01724385776772165
A6.BRODIA.1,BRODIA,Bromus diandrus,Non-native,Grass,Moderate,Cal IPC,A6,1,A,6,SEDG,Drought,rgr_h_MJ,NA
A6.BROMAD.1,BROMAD,Bromus madritensis,Non-native,Grass,High,Cal IPC,A6,1,A,6,SEDG,Drought,rgr_h_FM,NA
A6.BROMAD.1,BROMAD,Bromus madritensis,Non-native,Grass,High,Cal IPC,A6,1,A,6,SEDG,Drought,rgr_h_MA,0.05798937232839672
A6.BROMAD.1,BROMAD,Bromus madritensis,Non-native,Grass,High,Cal IPC,A6,1,A,6,SEDG,Drought,rgr_h_AM,NA
A6.BROMAD.1,BROMAD,Bromus madritensis,Non-native,Grass,High,Cal IPC,A6,1,A,6,SEDG,Drought,rgr_h_MJ,NA
A6.CENMEL.1,CENMEL,Centaurea melitensis,Non-native,Forb,Moderate,Cal IPC,A6,1,A,6,SEDG,Drought,rgr_h_FM,0.05186473781987152
A6.CENMEL.1,CENMEL,Centaurea melitensis,Non-native,Forb,Moderate,Cal IPC,A6,1,A,6,SEDG,Drought,rgr_h_MA,0.05072655859308096
A6.CENMEL.1,CENMEL,Centaurea melitensis,Non-native,Forb,Moderate,Cal IPC,A6,1,A,6,SEDG,Drought,rgr_h_AM,0.04855583859605634
A6.CENMEL.1,CENMEL,Centaurea melitensis,Non-native,Forb,Moderate,Cal IPC,A6,1,A,6,SEDG,Drought,rgr_h_MJ,NA
A6.CORFIL.1,CORFIL,Corethrogyne filaginafolia,Native,Forb,Native,CalFlora,A6,1,A,6,SEDG,Drought,rgr_h_FM,0.00992007146385451
A6.CORFIL.1,CORFIL,Corethrogyne filaginafolia,Native,Forb,Native,CalFlora,A6,1,A,6,SEDG,Drought,rgr_h_MA,0.039372211640310933
A6.CORFIL.1,CORFIL,Corethrogyne filaginafolia,Native,Forb,Native,CalFlora,A6,1,A,6,SEDG,Drought,rgr_h_AM,0.02107310117769239
A6.CORFIL.1,CORFIL,Corethrogyne filaginafolia,Native,Forb,Native,CalFlora,A6,1,A,6,SEDG,Drought,rgr_h_MJ,0.00712101700208842
A7.BRODIA.1,BRODIA,Bromus diandrus,Non-native,Grass,Moderate,Cal IPC,A7,1,A,7,SEDG,Drought,rgr_h_FM,NA
A7.BRODIA.1,BRODIA,Bromus diandrus,Non-native,Grass,Moderate,Cal IPC,A7,1,A,7,SEDG,Drought,rgr_h_MA,0.03759959931662582
A7.BRODIA.1,BRODIA,Bromus diandrus,Non-native,Grass,Moderate,Cal IPC,A7,1,A,7,SEDG,Drought,rgr_h_AM,-0.00105182780350617
A7.BRODIA.1,BRODIA,Bromus diandrus,Non-native,Grass,Moderate,Cal IPC,A7,1,A,7,SEDG,Drought,rgr_h_MJ,NA
A7.BROMAD.1,BROMAD,Bromus madritensis,Non-native,Grass,High,Cal IPC,A7,1,A,7,SEDG,Drought,rgr_h_FM,NA
A7.BROMAD.1,BROMAD,Bromus madritensis,Non-native,Grass,High,Cal IPC,A7,1,A,7,SEDG,Drought,rgr_h_MA,0.04877084583133638
A7.BROMAD.1,BROMAD,Bromus madritensis,Non-native,Grass,High,Cal IPC,A7,1,A,7,SEDG,Drought,rgr_h_AM,NA
A7.BROMAD.1,BROMAD,Bromus madritensis,Non-native,Grass,High,Cal IPC,A7,1,A,7,SEDG,Drought,rgr_h_MJ,NA
A7.CENMEL.1,CENMEL,Centaurea melitensis,Non-native,Forb,Moderate,Cal IPC,A7,1,A,7,SEDG,Drought,rgr_h_FM,0.0587844169737388
A7.CENMEL.1,CENMEL,Centaurea melitensis,Non-native,Forb,Moderate,Cal IPC,A7,1,A,7,SEDG,Drought,rgr_h_MA,0.00506224498979291
A7.CENMEL.1,CENMEL,Centaurea melitensis,Non-native,Forb,Moderate,Cal IPC,A7,1,A,7,SEDG,Drought,rgr_h_AM,0.05260617896433319
A7.CENMEL.1,CENMEL,Centaurea melitensis,Non-native,Forb,Moderate,Cal IPC,A7,1,A,7,SEDG,Drought,rgr_h_MJ,NA
A7.CORFIL.1,CORFIL,Corethrogyne filaginafolia,Native,Forb,Native,CalFlora,A7,1,A,7,SEDG,Drought,rgr_h_FM,-0.01929709613570423
A7.CORFIL.1,CORFIL,Corethrogyne filaginafolia,Native,Forb,Native,CalFlora,A7,1,A,7,SEDG,Drought,rgr_h_MA,0.05429574149175924
A7.CORFIL.1,CORFIL,Corethrogyne filaginafolia,Native,Forb,Native,CalFlora,A7,1,A,7,SEDG,Drought,rgr_h_AM,0.01344277957278923
A7.CORFIL.1,CORFIL,Corethrogyne filaginafolia,Native,Forb,Native,CalFlora,A7,1,A,7,SEDG,Drought,rgr_h_MJ,0.01500522962251689
A7.ESCCAL.1,ESCCAL,Eschscholzia californica,Native,Forb,Native,CalFlora,A7,1,A,7,SEDG,Drought,rgr_h_FM,0.03929083735132292
A7.ESCCAL.1,ESCCAL,Eschscholzia californica,Native,Forb,Native,CalFlora,A7,1,A,7,SEDG,Drought,rgr_h_MA,0.0324722307963694
A7.ESCCAL.1,ESCCAL,Eschscholzia californica,Native,Forb,Native,CalFlora,A7,1,A,7,SEDG,Drought,rgr_h_AM,0.00884828644982453
A7.ESCCAL.1,ESCCAL,Eschscholzia californica,Native,Forb,Native,CalFlora,A7,1,A,7,SEDG,Drought,rgr_h_MJ,NA
A7.STIPUL.1,STIPUL,Stipa pulchra,Native,Grass,Native,CalFlora,A7,1,A,7,SEDG,Drought,rgr_h_FM,NA
A7.STIPUL.1,STIPUL,Stipa pulchra,Native,Grass,Native,CalFlora,A7,1,A,7,SEDG,Drought,rgr_h_MA,0.01743527711828974
A7.STIPUL.1,STIPUL,Stipa pulchra,Native,Grass,Native,CalFlora,A7,1,A,7,SEDG,Drought,rgr_h_AM,0.01873370758270122
A7.STIPUL.1,STIPUL,Stipa pulchra,Native,Grass,Native,CalFlora,A7,1,A,7,SEDG,Drought,rgr_h_MJ,0.00426724565188987
A8.BRODIA.1,BRODIA,Bromus diandrus,Non-native,Grass,Moderate,Cal IPC,A8,1,A,8,MCL,Drought,rgr_h_FM,NA
A8.BRODIA.1,BRODIA,Bromus diandrus,Non-native,Grass,Moderate,Cal IPC,A8,1,A,8,MCL,Drought,rgr_h_MA,0.0401718102819229
A8.BRODIA.1,BRODIA,Bromus diandrus,Non-native,Grass,Moderate,Cal IPC,A8,1,A,8,MCL,Drought,rgr_h_AM,0.00708103325441661
A8.BRODIA.1,BRODIA,Bromus diandrus,Non-native,Grass,Moderate,Cal IPC,A8,1,A,8,MCL,Drought,rgr_h_MJ,NA
A8.BROHOR.1,BROHOR,Bromus hordeaceaus,Non-native,Grass,Limited,Cal IPC,A8,1,A,8,MCL,Drought,rgr_h_FM,NA
A8.BROHOR.1,BROHOR,Bromus hordeaceaus,Non-native,Grass,Limited,Cal IPC,A8,1,A,8,MCL,Drought,rgr_h_MA,0.03016448643735997
A8.BROHOR.1,BROHOR,Bromus hordeaceaus,Non-native,Grass,Limited,Cal IPC,A8,1,A,8,MCL,Drought,rgr_h_AM,0.04425332385749823
A8.BROHOR.1,BROHOR,Bromus hordeaceaus,Non-native,Grass,Limited,Cal IPC,A8,1,A,8,MCL,Drought,rgr_h_MJ,NA
A8.BROMAD.1,BROMAD,Bromus madritensis,Non-native,Grass,High,Cal IPC,A8,1,A,8,MCL,Drought,rgr_h_FM,NA
A8.BROMAD.1,BROMAD,Bromus madritensis,Non-native,Grass,High,Cal IPC,A8,1,A,8,MCL,Drought,rgr_h_MA,0.04200892003393608
A8.BROMAD.1,BROMAD,Bromus madritensis,Non-native,Grass,High,Cal IPC,A8,1,A,8,MCL,Drought,rgr_h_AM,NA
A8.BROMAD.1,BROMAD,Bromus madritensis,Non-native,Grass,High,Cal IPC,A8,1,A,8,MCL,Drought,rgr_h_MJ,NA
A8.ELYCAP.1,ELYCAP,Elymus caput-medusae,Non-native,Grass,High,Cal IPC,A8,1,A,8,MCL,Drought,rgr_h_FM,0.0086660147683071
A8.ELYCAP.1,ELYCAP,Elymus caput-medusae,Non-native,Grass,High,Cal IPC,A8,1,A,8,MCL,Drought,rgr_h_MA,0.03439333129815104
A8.ELYCAP.1,ELYCAP,Elymus caput-medusae,Non-native,Grass,High,Cal IPC,A8,1,A,8,MCL,Drought,rgr_h_AM,0.01587280021554419
A8.ELYCAP.1,ELYCAP,Elymus caput-medusae,Non-native,Grass,High,Cal IPC,A8,1,A,8,MCL,Drought,rgr_h_MJ,NA
A8.EROBOT.1,EROBOT,Erodium botrys,Non-native,Forb,Non-native,CalFlora,A8,1,A,8,MCL,Drought,rgr_h_FM,NA
A8.EROBOT.1,EROBOT,Erodium botrys,Non-native,Forb,Non-native,CalFlora,A8,1,A,8,MCL,Drought,rgr_h_MA,NA
A8.EROBOT.1,EROBOT,Erodium botrys,Non-native,Forb,Non-native,CalFlora,A8,1,A,8,MCL,Drought,rgr_h_AM,0.0466450882927223
A8.EROBOT.1,EROBOT,Erodium botrys,Non-native,Forb,Non-native,CalFlora,A8,1,A,8,MCL,Drought,rgr_h_MJ,NA
A8.HOLVIR.1,HOLVIR,Holocarpha virgata,Native,Forb,Native,CalFlora,A8,1,A,8,MCL,Drought,rgr_h_FM,0.03788318236786585
A8.HOLVIR.1,HOLVIR,Holocarpha virgata,Native,Forb,Native,CalFlora,A8,1,A,8,MCL,Drought,rgr_h_MA,0.04071923474851802
A8.HOLVIR.1,HOLVIR,Holocarpha virgata,Native,Forb,Native,CalFlora,A8,1,A,8,MCL,Drought,rgr_h_AM,0.03819862195457294
A8.HOLVIR.1,HOLVIR,Holocarpha virgata,Native,Forb,Native,CalFlora,A8,1,A,8,MCL,Drought,rgr_h_MJ,0.01928867777689937
B1.AVEBAR.1,AVEBAR,Avena barbata,Non-native,Grass,Moderate,Cal IPC,B1,2,B,1,BORR,Drought,rgr_h_FM,NA
B1.AVEBAR.1,AVEBAR,Avena barbata,Non-native,Grass,Moderate,Cal IPC,B1,2,B,1,BORR,Drought,rgr_h_MA,0.0415848584731046
B1.AVEBAR.1,AVEBAR,Avena barbata,Non-native,Grass,Moderate,Cal IPC,B1,2,B,1,BORR,Drought,rgr_h_AM,0.02369755084035066
B1.AVEBAR.1,AVEBAR,Avena barbata,Non-native,Grass,Moderate,Cal IPC,B1,2,B,1,BORR,Drought,rgr_h_MJ,NA
B1.BRODIA.1,BRODIA,Bromus diandrus,Non-native,Grass,Moderate,Cal IPC,B1,2,B,1,BORR,Drought,rgr_h_FM,NA
B1.BRODIA.1,BRODIA,Bromus diandrus,Non-native,Grass,Moderate,Cal IPC,B1,2,B,1,BORR,Drought,rgr_h_MA,0.06068940735218524
B1.BRODIA.1,BRODIA,Bromus diandrus,Non-native,Grass,Moderate,Cal IPC,B1,2,B,1,BORR,Drought,rgr_h_AM,NA
B1.BRODIA.1,BRODIA,Bromus diandrus,Non-native,Grass,Moderate,Cal IPC,B1,2,B,1,BORR,Drought,rgr_h_MJ,NA
B1.BROHOR.1,BROHOR,Bromus hordeaceaus,Non-native,Grass,Limited,Cal IPC,B1,2,B,1,BORR,Drought,rgr_h_FM,NA
B1.BROHOR.1,BROHOR,Bromus hordeaceaus,Non-native,Grass,Limited,Cal IPC,B1,2,B,1,BORR,Drought,rgr_h_MA,0.06087321448491548
B1.BROHOR.1,BROHOR,Bromus hordeaceaus,Non-native,Grass,Limited,Cal IPC,B1,2,B,1,BORR,Drought,rgr_h_AM,0.02481099624005971
B1.BROHOR.1,BROHOR,Bromus hordeaceaus,Non-native,Grass,Limited,Cal IPC,B1,2,B,1,BORR,Drought,rgr_h_MJ,NA
B1.DAUPUS.1,DAUPUS,Daucus pusillus,Native,Forb,Native,CalFlora,B1,2,B,1,BORR,Drought,rgr_h_FM,0.01858608623216162
B1.DAUPUS.1,DAUPUS,Daucus pusillus,Native,Forb,Native,CalFlora,B1,2,B,1,BORR,Drought,rgr_h_MA,0.0534912282775333
B1.DAUPUS.1,DAUPUS,Daucus pusillus,Native,Forb,Native,CalFlora,B1,2,B,1,BORR,Drought,rgr_h_AM,0.00707228518985901
B1.DAUPUS.1,DAUPUS,Daucus pusillus,Native,Forb,Native,CalFlora,B1,2,B,1,BORR,Drought,rgr_h_MJ,NA
B1.EROBOT.1,EROBOT,Erodium botrys,Non-native,Forb,Non-native,CalFlora,B1,2,B,1,BORR,Drought,rgr_h_FM,NA
B1.EROBOT.1,EROBOT,Erodium botrys,Non-native,Forb,Non-native,CalFlora,B1,2,B,1,BORR,Drought,rgr_h_MA,0.02319750538590987
B1.EROBOT.1,EROBOT,Erodium botrys,Non-native,Forb,Non-native,CalFlora,B1,2,B,1,BORR,Drought,rgr_h_AM,NA
B1.EROBOT.1,EROBOT,Erodium botrys,Non-native,Forb,Non-native,CalFlora,B1,2,B,1,BORR,Drought,rgr_h_MJ,NA
B1.GERDIS.1,GERDIS,Geranium dissectum,Non-native,Forb,Limited,Cal IPC,B1,2,B,1,BORR,Drought,rgr_h_FM,0.06541793051330626
B1.GERDIS.1,GERDIS,Geranium dissectum,Non-native,Forb,Limited,Cal IPC,B1,2,B,1,BORR,Drought,rgr_h_MA,0.05379699421155085
B1.GERDIS.1,GERDIS,Geranium dissectum,Non-native,Forb,Limited,Cal IPC,B1,2,B,1,BORR,Drought,rgr_h_AM,NA
B1.GERDIS.1,GERDIS,Geranium dissectum,Non-native,Forb,Limited,Cal IPC,B1,2,B,1,BORR,Drought,rgr_h_MJ,NA
B1.MADGRA.1,MADGRA,Madia gracilis,Native,Forb,Native,CalFlora,B1,2,B,1,BORR,Drought,rgr_h_FM,0.04231826436173115
B1.MADGRA.1,MADGRA,Madia gracilis,Native,Forb,Native,CalFlora,B1,2,B,1,BORR,Drought,rgr_h_MA,0.01344818722360604
B1.MADGRA.1,MADGRA,Madia gracilis,Native,Forb,Native,CalFlora,B1,2,B,1,BORR,Drought,rgr_h_AM,0.0294341017053785
B1.MADGRA.1,MADGRA,Madia gracilis,Native,Forb,Native,CalFlora,B1,2,B,1,BORR,Drought,rgr_h_MJ,NA
B1.TRIHIR.1,TRIHIR,Trifolium hirtum,Non-native,Forb,Limited,Cal IPC,B1,2,B,1,BORR,Drought,rgr_h_FM,NA
B1.TRIHIR.1,TRIHIR,Trifolium hirtum,Non-native,Forb,Limited,Cal IPC,B1,2,B,1,BORR,Drought,rgr_h_MA,NA
B1.TRIHIR.1,TRIHIR,Trifolium hirtum,Non-native,Forb,Limited,Cal IPC,B1,2,B,1,BORR,Drought,rgr_h_AM,NA
B1.TRIHIR.1,TRIHIR,Trifolium hirtum,Non-native,Forb,Limited,Cal IPC,B1,2,B,1,BORR,Drought,rgr_h_MJ,NA
B1.VICSAT.1,VICSAT,Vicia sativa,Non-native,Forb,Non-native,CalFlora,B1,2,B,1,BORR,Drought,rgr_h_FM,0.01797575598735468
B1.VICSAT.1,VICSAT,Vicia sativa,Non-native,Forb,Non-native,CalFlora,B1,2,B,1,BORR,Drought,rgr_h_MA,0.06038071538392232
B1.VICSAT.1,VICSAT,Vicia sativa,Non-native,Forb,Non-native,CalFlora,B1,2,B,1,BORR,Drought,rgr_h_AM,NA
B1.VICSAT.1,VICSAT,Vicia sativa,Non-native,Forb,Non-native,CalFlora,B1,2,B,1,BORR,Drought,rgr_h_MJ,NA
B2.BRODIA.1,BRODIA,Bromus diandrus,Non-native,Grass,Moderate,Cal IPC,B2,2,B,2,MCL,Drought,rgr_h_FM,NA
B2.BRODIA.1,BRODIA,Bromus diandrus,Non-native,Grass,Moderate,Cal IPC,B2,2,B,2,MCL,Drought,rgr_h_MA,0.05595487275445505
B2.BRODIA.1,BRODIA,Bromus diandrus,Non-native,Grass,Moderate,Cal IPC,B2,2,B,2,MCL,Drought,rgr_h_AM,NA
B2.BRODIA.1,BRODIA,Bromus diandrus,Non-native,Grass,Moderate,Cal IPC,B2,2,B,2,MCL,Drought,rgr_h_MJ,NA
B2.BROHOR.1,BROHOR,Bromus hordeaceaus,Non-native,Grass,Limited,Cal IPC,B2,2,B,2,MCL,Drought,rgr_h_FM,NA
B2.BROHOR.1,BROHOR,Bromus hordeaceaus,Non-native,Grass,Limited,Cal IPC,B2,2,B,2,MCL,Drought,rgr_h_MA,0.035439106086068053
B2.BROHOR.1,BROHOR,Bromus hordeaceaus,Non-native,Grass,Limited,Cal IPC,B2,2,B,2,MCL,Drought,rgr_h_AM,0.04210726769632981
B2.BROHOR.1,BROHOR,Bromus hordeaceaus,Non-native,Grass,Limited,Cal IPC,B2,2,B,2,MCL,Drought,rgr_h_MJ,NA
B2.ELYCAP.1,ELYCAP,Elymus caput-medusae,Non-native,Grass,High,Cal IPC,B2,2,B,2,MCL,Drought,rgr_h_FM,0.00460453078015594
B2.ELYCAP.1,ELYCAP,Elymus caput-medusae,Non-native,Grass,High,Cal IPC,B2,2,B,2,MCL,Drought,rgr_h_MA,0.035439106086068053
B2.ELYCAP.1,ELYCAP,Elymus caput-medusae,Non-native,Grass,High,Cal IPC,B2,2,B,2,MCL,Drought,rgr_h_AM,0.00544252564180999
B2.ELYCAP.1,ELYCAP,Elymus caput-medusae,Non-native,Grass,High,Cal IPC,B2,2,B,2,MCL,Drought,rgr_h_MJ,NA
B2.HOLVIR.1,HOLVIR,Holocarpha virgata,Native,Forb,Native,CalFlora,B2,2,B,2,MCL,Drought,rgr_h_FM,0.04780325383172037
B2.HOLVIR.1,HOLVIR,Holocarpha virgata,Native,Forb,Native,CalFlora,B2,2,B,2,MCL,Drought,rgr_h_MA,0.0473011957675299
B2.HOLVIR.1,HOLVIR,Holocarpha virgata,Native,Forb,Native,CalFlora,B2,2,B,2,MCL,Drought,rgr_h_AM,0.03368410229620057
B2.HOLVIR.1,HOLVIR,Holocarpha virgata,Native,Forb,Native,CalFlora,B2,2,B,2,MCL,Drought,rgr_h_MJ,0.01081697866631533
B2.MICCAL.1,MICCAL,Micropus californicus,Native,Forb,Native,CalFlora,B2,2,B,2,MCL,Drought,rgr_h_FM,0.01829752589869552
B2.MICCAL.1,MICCAL,Micropus californicus,Native,Forb,Native,CalFlora,B2,2,B,2,MCL,Drought,rgr_h_MA,0.05075825494219475
B2.MICCAL.1,MICCAL,Micropus californicus,Native,Forb,Native,CalFlora,B2,2,B,2,MCL,Drought,rgr_h_AM,NA
B2.MICCAL.1,MICCAL,Micropus californicus,Native,Forb,Native,CalFlora,B2,2,B,2,MCL,Drought,rgr_h_MJ,NA
B2.PLAERE.1,PLAERE,Plantago erecta,Native,Forb,Native,CalFlora,B2,2,B,2,MCL,Drought,rgr_h_FM,0.01584594239236
B2.PLAERE.1,PLAERE,Plantago erecta,Native,Forb,Native,CalFlora,B2,2,B,2,MCL,Drought,rgr_h_MA,0.03709372848566646
B2.PLAERE.1,PLAERE,Plantago erecta,Native,Forb,Native,CalFlora,B2,2,B,2,MCL,Drought,rgr_h_AM,NA
B2.PLAERE.1,PLAERE,Plantago erecta,Native,Forb,Native,CalFlora,B2,2,B,2,MCL,Drought,rgr_h_MJ,NA
B2.TRIHIR.1,TRIHIR,Trifolium hirtum,Non-native,Forb,Limited,Cal IPC,B2,2,B,2,MCL,Drought,rgr_h_FM,0.0587844169737388
B2.TRIHIR.1,TRIHIR,Trifolium hirtum,Non-native,Forb,Limited,Cal IPC,B2,2,B,2,MCL,Drought,rgr_h_MA,0.04544410377328867
B2.TRIHIR.1,TRIHIR,Trifolium hirtum,Non-native,Forb,Limited,Cal IPC,B2,2,B,2,MCL,Drought,rgr_h_AM,0.00575497897275867
B2.TRIHIR.1,TRIHIR,Trifolium hirtum,Non-native,Forb,Limited,Cal IPC,B2,2,B,2,MCL,Drought,rgr_h_MJ,NA
B3.BRODIA.1,BRODIA,Bromus diandrus,Non-native,Grass,Moderate,Cal IPC,B3,2,B,3,SEDG,Drought,rgr_h_FM,NA
B3.BRODIA.1,BRODIA,Bromus diandrus,Non-native,Grass,Moderate,Cal IPC,B3,2,B,3,SEDG,Drought,rgr_h_MA,0.03236458415689627
B3.BRODIA.1,BRODIA,Bromus diandrus,Non-native,Grass,Moderate,Cal IPC,B3,2,B,3,SEDG,Drought,rgr_h_AM,-0.01306558512372638
B3.BRODIA.1,BRODIA,Bromus diandrus,Non-native,Grass,Moderate,Cal IPC,B3,2,B,3,SEDG,Drought,rgr_h_MJ,NA
B3.BROMAD.1,BROMAD,Bromus madritensis,Non-native,Grass,High,Cal IPC,B3,2,B,3,SEDG,Drought,rgr_h_FM,NA
B3.BROMAD.1,BROMAD,Bromus madritensis,Non-native,Grass,High,Cal IPC,B3,2,B,3,SEDG,Drought,rgr_h_MA,0.04471917293935131
B3.BROMAD.1,BROMAD,Bromus madritensis,Non-native,Grass,High,Cal IPC,B3,2,B,3,SEDG,Drought,rgr_h_AM,NA
B3.BROMAD.1,BROMAD,Bromus madritensis,Non-native,Grass,High,Cal IPC,B3,2,B,3,SEDG,Drought,rgr_h_MJ,NA
B3.CENMEL.1,CENMEL,Centaurea melitensis,Non-native,Forb,Moderate,Cal IPC,B3,2,B,3,SEDG,Drought,rgr_h_FM,0.09100197688328478
B3.CENMEL.1,CENMEL,Centaurea melitensis,Non-native,Forb,Moderate,Cal IPC,B3,2,B,3,SEDG,Drought,rgr_h_MA,0.04969177551442416
B3.CENMEL.1,CENMEL,Centaurea melitensis,Non-native,Forb,Moderate,Cal IPC,B3,2,B,3,SEDG,Drought,rgr_h_AM,0.02733181360854959
B3.CENMEL.1,CENMEL,Centaurea melitensis,Non-native,Forb,Moderate,Cal IPC,B3,2,B,3,SEDG,Drought,rgr_h_MJ,NA
B3.CORFIL.1,CORFIL,Corethrogyne filaginafolia,Native,Forb,Native,CalFlora,B3,2,B,3,SEDG,Drought,rgr_h_FM,0.03425006113828564
B3.CORFIL.1,CORFIL,Corethrogyne filaginafolia,Native,Forb,Native,CalFlora,B3,2,B,3,SEDG,Drought,rgr_h_MA,0.03883783239761083
B3.CORFIL.1,CORFIL,Corethrogyne filaginafolia,Native,Forb,Native,CalFlora,B3,2,B,3,SEDG,Drought,rgr_h_AM,0.01560385772682485
B3.CORFIL.1,CORFIL,Corethrogyne filaginafolia,Native,Forb,Native,CalFlora,B3,2,B,3,SEDG,Drought,rgr_h_MJ,0.00175456599056349
B3.EROCIC.1,EROCIC,Erodium cicutarium,Non-native,Forb,Non-native,CalFlora,B3,2,B,3,SEDG,Drought,rgr_h_FM,0.0884465295676392
B3.EROCIC.1,EROCIC,Erodium cicutarium,Non-native,Forb,Non-native,CalFlora,B3,2,B,3,SEDG,Drought,rgr_h_MA,0.05337284992627646
B3.EROCIC.1,EROCIC,Erodium cicutarium,Non-native,Forb,Non-native,CalFlora,B3,2,B,3,SEDG,Drought,rgr_h_AM,-0.04675421005322101
B3.EROCIC.1,EROCIC,Erodium cicutarium,Non-native,Forb,Non-native,CalFlora,B3,2,B,3,SEDG,Drought,rgr_h_MJ,NA
B3.MICCAL.1,MICCAL,Micropus californicus,Native,Forb,Native,CalFlora,B3,2,B,3,SEDG,Drought,rgr_h_FM,0.03788318236786585
B3.MICCAL.1,MICCAL,Micropus californicus,Native,Forb,Native,CalFlora,B3,2,B,3,SEDG,Drought,rgr_h_MA,0.04603601147226276
B3.MICCAL.1,MICCAL,Micropus californicus,Native,Forb,Native,CalFlora,B3,2,B,3,SEDG,Drought,rgr_h_AM,NA
B3.MICCAL.1,MICCAL,Micropus californicus,Native,Forb,Native,CalFlora,B3,2,B,3,SEDG,Drought,rgr_h_MJ,NA
B3.STIPUL.1,STIPUL,Stipa pulchra,Native,Grass,Native,CalFlora,B3,2,B,3,SEDG,Drought,rgr_h_FM,NA
B3.STIPUL.1,STIPUL,Stipa pulchra,Native,Grass,Native,CalFlora,B3,2,B,3,SEDG,Drought,rgr_h_MA,0.02575831278121843
B3.STIPUL.1,STIPUL,Stipa pulchra,Native,Grass,Native,CalFlora,B3,2,B,3,SEDG,Drought,rgr_h_AM,NA
B3.STIPUL.1,STIPUL,Stipa pulchra,Native,Grass,Native,CalFlora,B3,2,B,3,SEDG,Drought,rgr_h_MJ,NA
B4.BROHOR.1,BROHOR,Bromus hordeaceaus,Non-native,Grass,Limited,Cal IPC,B4,2,B,4,ANGELO,Drought,rgr_h_FM,NA
B4.BROHOR.1,BROHOR,Bromus hordeaceaus,Non-native,Grass,Limited,Cal IPC,B4,2,B,4,ANGELO,Drought,rgr_h_MA,NA
B4.BROHOR.1,BROHOR,Bromus hordeaceaus,Non-native,Grass,Limited,Cal IPC,B4,2,B,4,ANGELO,Drought,rgr_h_AM,NA
B4.BROHOR.1,BROHOR,Bromus hordeaceaus,Non-native,Grass,Limited,Cal IPC,B4,2,B,4,ANGELO,Drought,rgr_h_MJ,NA
B4.CLAPUR.1,CLAPUR,Clarkia purpurea,Native,Forb,Native,CalFlora,B4,2,B,4,ANGELO,Drought,rgr_h_FM,0.01398155545200566
B4.CLAPUR.1,CLAPUR,Clarkia purpurea,Native,Forb,Native,CalFlora,B4,2,B,4,ANGELO,Drought,rgr_h_MA,0.0342216761511375
B4.CLAPUR.1,CLAPUR,Clarkia purpurea,Native,Forb,Native,CalFlora,B4,2,B,4,ANGELO,Drought,rgr_h_AM,NA
B4.CLAPUR.1,CLAPUR,Clarkia purpurea,Native,Forb,Native,CalFlora,B4,2,B,4,ANGELO,Drought,rgr_h_MJ,NA
B4.DAUPUS.1,DAUPUS,Daucus pusillus,Native,Forb,Native,CalFlora,B4,2,B,4,ANGELO,Drought,rgr_h_FM,0.03788318236786585
B4.DAUPUS.1,DAUPUS,Daucus pusillus,Native,Forb,Native,CalFlora,B4,2,B,4,ANGELO,Drought,rgr_h_MA,0.05779869255574371
B4.DAUPUS.1,DAUPUS,Daucus pusillus,Native,Forb,Native,CalFlora,B4,2,B,4,ANGELO,Drought,rgr_h_AM,0.0511511527069442
B4.DAUPUS.1,DAUPUS,Daucus pusillus,Native,Forb,Native,CalFlora,B4,2,B,4,ANGELO,Drought,rgr_h_MJ,NA
B5.AVEBAR.1,AVEBAR,Avena barbata,Non-native,Grass,Moderate,Cal IPC,B5,2,B,5,MCL,Drought,rgr_h_FM,NA
B5.AVEBAR.1,AVEBAR,Avena barbata,Non-native,Grass,Moderate,Cal IPC,B5,2,B,5,MCL,Drought,rgr_h_MA,0.0778807728538972
B5.AVEBAR.1,AVEBAR,Avena barbata,Non-native,Grass,Moderate,Cal IPC,B5,2,B,5,MCL,Drought,rgr_h_AM,0.01045000354069291
B5.AVEBAR.1,AVEBAR,Avena barbata,Non-native,Grass,Moderate,Cal IPC,B5,2,B,5,MCL,Drought,rgr_h_MJ,NA
B5.BRODIA.1,BRODIA,Bromus diandrus,Non-native,Grass,Moderate,Cal IPC,B5,2,B,5,MCL,Drought,rgr_h_FM,NA
B5.BRODIA.1,BRODIA,Bromus diandrus,Non-native,Grass,Moderate,Cal IPC,B5,2,B,5,MCL,Drought,rgr_h_MA,0.01810555724159032
B5.BRODIA.1,BRODIA,Bromus diandrus,Non-native,Grass,Moderate,Cal IPC,B5,2,B,5,MCL,Drought,rgr_h_AM,0.02478467395679144
B5.BRODIA.1,BRODIA,Bromus diandrus,Non-native,Grass,Moderate,Cal IPC,B5,2,B,5,MCL,Drought,rgr_h_MJ,NA
B5.ELYCAP.1,ELYCAP,Elymus caput-medusae,Non-native,Grass,High,Cal IPC,B5,2,B,5,MCL,Drought,rgr_h_FM,0.00363312122958021
B5.ELYCAP.1,ELYCAP,Elymus caput-medusae,Non-native,Grass,High,Cal IPC,B5,2,B,5,MCL,Drought,rgr_h_MA,0.0490502006046493
B5.ELYCAP.1,ELYCAP,Elymus caput-medusae,Non-native,Grass,High,Cal IPC,B5,2,B,5,MCL,Drought,rgr_h_AM,0.00913674210484706
B5.ELYCAP.1,ELYCAP,Elymus caput-medusae,Non-native,Grass,High,Cal IPC,B5,2,B,5,MCL,Drought,rgr_h_MJ,NA
B5.HOLVIR.1,HOLVIR,Holocarpha virgata,Native,Forb,Native,CalFlora,B5,2,B,5,MCL,Drought,rgr_h_FM,NA
B5.HOLVIR.1,HOLVIR,Holocarpha virgata,Native,Forb,Native,CalFlora,B5,2,B,5,MCL,Drought,rgr_h_MA,NA
B5.HOLVIR.1,HOLVIR,Holocarpha virgata,Native,Forb,Native,CalFlora,B5,2,B,5,MCL,Drought,rgr_h_AM,0.03229596552514735
B5.HOLVIR.1,HOLVIR,Holocarpha virgata,Native,Forb,Native,CalFlora,B5,2,B,5,MCL,Drought,rgr_h_MJ,0.01087469872922751
B5.MICCAL.1,MICCAL,Micropus californicus,Native,Forb,Native,CalFlora,B5,2,B,5,MCL,Drought,rgr_h_FM,0.02718818484014724
B5.MICCAL.1,MICCAL,Micropus californicus,Native,Forb,Native,CalFlora,B5,2,B,5,MCL,Drought,rgr_h_MA,0.04511559882135162
B5.MICCAL.1,MICCAL,Micropus californicus,Native,Forb,Native,CalFlora,B5,2,B,5,MCL,Drought,rgr_h_AM,NA
B5.MICCAL.1,MICCAL,Micropus californicus,Native,Forb,Native,CalFlora,B5,2,B,5,MCL,Drought,rgr_h_MJ,NA
B5.TRIHIR.1,TRIHIR,Trifolium hirtum,Non-native,Forb,Limited,Cal IPC,B5,2,B,5,MCL,Drought,rgr_h_FM,0.05549785904945173
B5.TRIHIR.1,TRIHIR,Trifolium hirtum,Non-native,Forb,Limited,Cal IPC,B5,2,B,5,MCL,Drought,rgr_h_MA,0.04848995957609946
B5.TRIHIR.1,TRIHIR,Trifolium hirtum,Non-native,Forb,Limited,Cal IPC,B5,2,B,5,MCL,Drought,rgr_h_AM,0.01337965735972774
B5.TRIHIR.1,TRIHIR,Trifolium hirtum,Non-native,Forb,Limited,Cal IPC,B5,2,B,5,MCL,Drought,rgr_h_MJ,NA
B6.BRODIA.1,BRODIA,Bromus diandrus,Non-native,Grass,Moderate,Cal IPC,B6,2,B,6,SEDG,Drought,rgr_h_FM,NA
B6.BRODIA.1,BRODIA,Bromus diandrus,Non-native,Grass,Moderate,Cal IPC,B6,2,B,6,SEDG,Drought,rgr_h_MA,0.02628876105947342
B6.BRODIA.1,BRODIA,Bromus diandrus,Non-native,Grass,Moderate,Cal IPC,B6,2,B,6,SEDG,Drought,rgr_h_AM,-0.02038668178117485
B6.BRODIA.1,BRODIA,Bromus diandrus,Non-native,Grass,Moderate,Cal IPC,B6,2,B,6,SEDG,Drought,rgr_h_MJ,NA
B6.CENMEL.1,CENMEL,Centaurea melitensis,Non-native,Forb,Moderate,Cal IPC,B6,2,B,6,SEDG,Drought,rgr_h_FM,0.0690165517313836
B6.CENMEL.1,CENMEL,Centaurea melitensis,Non-native,Forb,Moderate,Cal IPC,B6,2,B,6,SEDG,Drought,rgr_h_MA,0.02864851664783375
B6.CENMEL.1,CENMEL,Centaurea melitensis,Non-native,Forb,Moderate,Cal IPC,B6,2,B,6,SEDG,Drought,rgr_h_AM,0.04418967511250773
B6.CENMEL.1,CENMEL,Centaurea melitensis,Non-native,Forb,Moderate,Cal IPC,B6,2,B,6,SEDG,Drought,rgr_h_MJ,NA
B6.CORFIL.1,CORFIL,Corethrogyne filaginafolia,Native,Forb,Native,CalFlora,B6,2,B,6,SEDG,Drought,rgr_h_FM,0.03159623213359155
B6.CORFIL.1,CORFIL,Corethrogyne filaginafolia,Native,Forb,Native,CalFlora,B6,2,B,6,SEDG,Drought,rgr_h_MA,0.03327653269091472
B6.CORFIL.1,CORFIL,Corethrogyne filaginafolia,Native,Forb,Native,CalFlora,B6,2,B,6,SEDG,Drought,rgr_h_AM,0.02201373074497873
B6.CORFIL.1,CORFIL,Corethrogyne filaginafolia,Native,Forb,Native,CalFlora,B6,2,B,6,SEDG,Drought,rgr_h_MJ,0.01882387856174559
B6.STIPUL.1,STIPUL,Stipa pulchra,Native,Grass,Native,CalFlora,B6,2,B,6,SEDG,Drought,rgr_h_FM,NA
B6.STIPUL.1,STIPUL,Stipa pulchra,Native,Grass,Native,CalFlora,B6,2,B,6,SEDG,Drought,rgr_h_MA,0.02694972740806339
B6.STIPUL.1,STIPUL,Stipa pulchra,Native,Grass,Native,CalFlora,B6,2,B,6,SEDG,Drought,rgr_h_AM,0.00283321713267507
B6.STIPUL.1,STIPUL,Stipa pulchra,Native,Grass,Native,CalFlora,B6,2,B,6,SEDG,Drought,rgr_h_MJ,0.02098087905521955
B7.MADGRA.1,MADGRA,Madia gracilis,Native,Forb,Native,CalFlora,B7,2,B,7,BORR,Drought,rgr_h_FM,0.04603451954249449
B7.MADGRA.1,MADGRA,Madia gracilis,Native,Forb,Native,CalFlora,B7,2,B,7,BORR,Drought,rgr_h_MA,0.0260059534506663
B7.MADGRA.1,MADGRA,Madia gracilis,Native,Forb,Native,CalFlora,B7,2,B,7,BORR,Drought,rgr_h_AM,0.033260347568135853
B7.MADGRA.1,MADGRA,Madia gracilis,Native,Forb,Native,CalFlora,B7,2,B,7,BORR,Drought,rgr_h_MJ,NA
B7.TRIHIR.1,TRIHIR,Trifolium hirtum,Non-native,Forb,Limited,Cal IPC,B7,2,B,7,BORR,Drought,rgr_h_FM,0.02390162691586018
B7.TRIHIR.1,TRIHIR,Trifolium hirtum,Non-native,Forb,Limited,Cal IPC,B7,2,B,7,BORR,Drought,rgr_h_MA,0.0526988079184722
B7.TRIHIR.1,TRIHIR,Trifolium hirtum,Non-native,Forb,Limited,Cal IPC,B7,2,B,7,BORR,Drought,rgr_h_AM,NA
B7.TRIHIR.1,TRIHIR,Trifolium hirtum,Non-native,Forb,Limited,Cal IPC,B7,2,B,7,BORR,Drought,rgr_h_MJ,NA
B8.AMSMEN.1,AMSMEN,Amsinckia menziesii,Native,Forb,Native,CalFlora,B8,2,B,8,WWP,Drought,rgr_h_FM,0.03159623213359155
B8.AMSMEN.1,AMSMEN,Amsinckia menziesii,Native,Forb,Native,CalFlora,B8,2,B,8,WWP,Drought,rgr_h_MA,NA
B8.AMSMEN.1,AMSMEN,Amsinckia menziesii,Native,Forb,Native,CalFlora,B8,2,B,8,WWP,Drought,rgr_h_AM,NA
B8.AMSMEN.1,AMSMEN,Amsinckia menziesii,Native,Forb,Native,CalFlora,B8,2,B,8,WWP,Drought,rgr_h_MJ,NA
B8.AVEBAR.1,AVEBAR,Avena barbata,Non-native,Grass,Moderate,Cal IPC,B8,2,B,8,WWP,Drought,rgr_h_FM,NA
B8.AVEBAR.1,AVEBAR,Avena barbata,Non-native,Grass,Moderate,Cal IPC,B8,2,B,8,WWP,Drought,rgr_h_MA,0.03773381099575712
B8.AVEBAR.1,AVEBAR,Avena barbata,Non-native,Grass,Moderate,Cal IPC,B8,2,B,8,WWP,Drought,rgr_h_AM,0.05424854726455928
B8.AVEBAR.1,AVEBAR,Avena barbata,Non-native,Grass,Moderate,Cal IPC,B8,2,B,8,WWP,Drought,rgr_h_MJ,NA
B8.BROARE.1,BROARE,Bromus arenarius,Non-native,Grass,Non-native,CalFlora,B8,2,B,8,WWP,Drought,rgr_h_FM,NA
B8.BROARE.1,BROARE,Bromus arenarius,Non-native,Grass,Non-native,CalFlora,B8,2,B,8,WWP,Drought,rgr_h_MA,0.02012604980868766
B8.BROARE.1,BROARE,Bromus arenarius,Non-native,Grass,Non-native,CalFlora,B8,2,B,8,WWP,Drought,rgr_h_AM,-0.00712045118925671
B8.BROARE.1,BROARE,Bromus arenarius,Non-native,Grass,Non-native,CalFlora,B8,2,B,8,WWP,Drought,rgr_h_MJ,NA
B8.BRODIA.1,BRODIA,Bromus diandrus,Non-native,Grass,Moderate,Cal IPC,B8,2,B,8,WWP,Drought,rgr_h_FM,NA
B8.BRODIA.1,BRODIA,Bromus diandrus,Non-native,Grass,Moderate,Cal IPC,B8,2,B,8,WWP,Drought,rgr_h_MA,0.04557810293261437
B8.BRODIA.1,BRODIA,Bromus diandrus,Non-native,Grass,Moderate,Cal IPC,B8,2,B,8,WWP,Drought,rgr_h_AM,0.00507660506392721
B8.BRODIA.1,BRODIA,Bromus diandrus,Non-native,Grass,Moderate,Cal IPC,B8,2,B,8,WWP,Drought,rgr_h_MJ,NA
B8.BROMAD.1,BROMAD,Bromus madritensis,Non-native,Grass,High,Cal IPC,B8,2,B,8,WWP,Drought,rgr_h_FM,NA
B8.BROMAD.1,BROMAD,Bromus madritensis,Non-native,Grass,High,Cal IPC,B8,2,B,8,WWP,Drought,rgr_h_MA,0.0516590330981341
B8.BROMAD.1,BROMAD,Bromus madritensis,Non-native,Grass,High,Cal IPC,B8,2,B,8,WWP,Drought,rgr_h_AM,NA
B8.BROMAD.1,BROMAD,Bromus madritensis,Non-native,Grass,High,Cal IPC,B8,2,B,8,WWP,Drought,rgr_h_MJ,NA
B8.CAUCOU.1,CAUCOU,Caulanthus coulteri,Native,Forb,Native,CalFlora,B8,2,B,8,WWP,Drought,rgr_h_FM,NA
B8.CAUCOU.1,CAUCOU,Caulanthus coulteri,Native,Forb,Native,CalFlora,B8,2,B,8,WWP,Drought,rgr_h_MA,NA
B8.CAUCOU.1,CAUCOU,Caulanthus coulteri,Native,Forb,Native,CalFlora,B8,2,B,8,WWP,Drought,rgr_h_AM,NA
B8.CAUCOU.1,CAUCOU,Caulanthus coulteri,Native,Forb,Native,CalFlora,B8,2,B,8,WWP,Drought,rgr_h_MJ,NA
B8.EROCIC.1,EROCIC,Erodium cicutarium,Non-native,Forb,Non-native,CalFlora,B8,2,B,8,WWP,Drought,rgr_h_FM,0.01292046377384174
B8.EROCIC.1,EROCIC,Erodium cicutarium,Non-native,Forb,Non-native,CalFlora,B8,2,B,8,WWP,Drought,rgr_h_MA,0.04877084583133637
B8.EROCIC.1,EROCIC,Erodium cicutarium,Non-native,Forb,Non-native,CalFlora,B8,2,B,8,WWP,Drought,rgr_h_AM,0.01123730592131167
B8.EROCIC.1,EROCIC,Erodium cicutarium,Non-native,Forb,Non-native,CalFlora,B8,2,B,8,WWP,Drought,rgr_h_MJ,NA
B8.ESCCAL.1,ESCCAL,Eschscholzia californica,Native,Forb,Native,CalFlora,B8,2,B,8,WWP,Drought,rgr_h_FM,0.02718818484014724
B8.ESCCAL.1,ESCCAL,Eschscholzia californica,Native,Forb,Native,CalFlora,B8,2,B,8,WWP,Drought,rgr_h_MA,0.05525796606522602
B8.ESCCAL.1,ESCCAL,Eschscholzia californica,Native,Forb,Native,CalFlora,B8,2,B,8,WWP,Drought,rgr_h_AM,NA
B8.ESCCAL.1,ESCCAL,Eschscholzia californica,Native,Forb,Native,CalFlora,B8,2,B,8,WWP,Drought,rgr_h_MJ,NA
C1.BRODIA.1,BRODIA,Bromus diandrus,Non-native,Grass,Moderate,Cal IPC,C1,3,C,1,MCL,Drought,rgr_h_FM,NA
C1.BRODIA.1,BRODIA,Bromus diandrus,Non-native,Grass,Moderate,Cal IPC,C1,3,C,1,MCL,Drought,rgr_h_MA,0.04036967573649334
C1.BRODIA.1,BRODIA,Bromus diandrus,Non-native,Grass,Moderate,Cal IPC,C1,3,C,1,MCL,Drought,rgr_h_AM,0.00893439842937807
C1.BRODIA.1,BRODIA,Bromus diandrus,Non-native,Grass,Moderate,Cal IPC,C1,3,C,1,MCL,Drought,rgr_h_MJ,NA
C1.BROHOR.1,BROHOR,Bromus hordeaceaus,Non-native,Grass,Limited,Cal IPC,C1,3,C,1,MCL,Drought,rgr_h_FM,NA
C1.BROHOR.1,BROHOR,Bromus hordeaceaus,Non-native,Grass,Limited,Cal IPC,C1,3,C,1,MCL,Drought,rgr_h_MA,0.05364793041447001
C1.BROHOR.1,BROHOR,Bromus hordeaceaus,Non-native,Grass,Limited,Cal IPC,C1,3,C,1,MCL,Drought,rgr_h_AM,NA
C1.BROHOR.1,BROHOR,Bromus hordeaceaus,Non-native,Grass,Limited,Cal IPC,C1,3,C,1,MCL,Drought,rgr_h_MJ,NA
C1.BROMAD.1,BROMAD,Bromus madritensis,Non-native,Grass,High,Cal IPC,C1,3,C,1,MCL,Drought,rgr_h_FM,NA
C1.BROMAD.1,BROMAD,Bromus madritensis,Non-native,Grass,High,Cal IPC,C1,3,C,1,MCL,Drought,rgr_h_MA,0.04013242681086453
C1.BROMAD.1,BROMAD,Bromus madritensis,Non-native,Grass,High,Cal IPC,C1,3,C,1,MCL,Drought,rgr_h_AM,NA
C1.BROMAD.1,BROMAD,Bromus madritensis,Non-native,Grass,High,Cal IPC,C1,3,C,1,MCL,Drought,rgr_h_MJ,NA
C1.CLAPUR.1,CLAPUR,Clarkia purpurea,Native,Forb,Native,CalFlora,C1,3,C,1,MCL,Drought,rgr_h_FM,0.07241274028591468
C1.CLAPUR.1,CLAPUR,Clarkia purpurea,Native,Forb,Native,CalFlora,C1,3,C,1,MCL,Drought,rgr_h_MA,0.03358801701541276
C1.CLAPUR.1,CLAPUR,Clarkia purpurea,Native,Forb,Native,CalFlora,C1,3,C,1,MCL,Drought,rgr_h_AM,0.01960297396914181
C1.CLAPUR.1,CLAPUR,Clarkia purpurea,Native,Forb,Native,CalFlora,C1,3,C,1,MCL,Drought,rgr_h_MJ,NA
C1.ELYCAP.1,ELYCAP,Elymus caput-medusae,Non-native,Grass,High,Cal IPC,C1,3,C,1,MCL,Drought,rgr_h_FM,0.00453011675601475
C1.ELYCAP.1,ELYCAP,Elymus caput-medusae,Non-native,Grass,High,Cal IPC,C1,3,C,1,MCL,Drought,rgr_h_MA,0.0147277584093013
C1.ELYCAP.1,ELYCAP,Elymus caput-medusae,Non-native,Grass,High,Cal IPC,C1,3,C,1,MCL,Drought,rgr_h_AM,0.02883548266892381
C1.ELYCAP.1,ELYCAP,Elymus caput-medusae,Non-native,Grass,High,Cal IPC,C1,3,C,1,MCL,Drought,rgr_h_MJ,NA
C1.HOLVIR.1,HOLVIR,Holocarpha virgata,Native,Forb,Native,CalFlora,C1,3,C,1,MCL,Drought,rgr_h_FM,0.07997852083383984
C1.HOLVIR.1,HOLVIR,Holocarpha virgata,Native,Forb,Native,CalFlora,C1,3,C,1,MCL,Drought,rgr_h_MA,0.02310490601866484
C1.HOLVIR.1,HOLVIR,Holocarpha virgata,Native,Forb,Native,CalFlora,C1,3,C,1,MCL,Drought,rgr_h_AM,0.05729891257186436
C1.HOLVIR.1,HOLVIR,Holocarpha virgata,Native,Forb,Native,CalFlora,C1,3,C,1,MCL,Drought,rgr_h_MJ,0.00973356050139395
C1.MICCAL.1,MICCAL,Micropus californicus,Native,Forb,Native,CalFlora,C1,3,C,1,MCL,Drought,rgr_h_FM,0.02665950694461328
C1.MICCAL.1,MICCAL,Micropus californicus,Native,Forb,Native,CalFlora,C1,3,C,1,MCL,Drought,rgr_h_MA,0.05364793041447002
C1.MICCAL.1,MICCAL,Micropus californicus,Native,Forb,Native,CalFlora,C1,3,C,1,MCL,Drought,rgr_h_AM,NA
C1.MICCAL.1,MICCAL,Micropus californicus,Native,Forb,Native,CalFlora,C1,3,C,1,MCL,Drought,rgr_h_MJ,NA
C1.PLAERE.1,PLAERE,Plantago erecta,Native,Forb,Native,CalFlora,C1,3,C,1,MCL,Drought,rgr_h_FM,0.02973807262436467
C1.PLAERE.1,PLAERE,Plantago erecta,Native,Forb,Native,CalFlora,C1,3,C,1,MCL,Drought,rgr_h_MA,0.02787493414002062
C1.PLAERE.1,PLAERE,Plantago erecta,Native,Forb,Native,CalFlora,C1,3,C,1,MCL,Drought,rgr_h_AM,NA
C1.PLAERE.1,PLAERE,Plantago erecta,Native,Forb,Native,CalFlora,C1,3,C,1,MCL,Drought,rgr_h_MJ,NA
C1.TRIHIR.1,TRIHIR,Trifolium hirtum,Non-native,Forb,Limited,Cal IPC,C1,3,C,1,MCL,Drought,rgr_h_FM,0.06891382573954058
C1.TRIHIR.1,TRIHIR,Trifolium hirtum,Non-native,Forb,Limited,Cal IPC,C1,3,C,1,MCL,Drought,rgr_h_MA,0.0501359132258758
C1.TRIHIR.1,TRIHIR,Trifolium hirtum,Non-native,Forb,Limited,Cal IPC,C1,3,C,1,MCL,Drought,rgr_h_AM,0.01581102931618093
C1.TRIHIR.1,TRIHIR,Trifolium hirtum,Non-native,Forb,Limited,Cal IPC,C1,3,C,1,MCL,Drought,rgr_h_MJ,NA
C2.BRODIA.1,BRODIA,Bromus diandrus,Non-native,Grass,Moderate,Cal IPC,C2,3,C,2,SEDG,Drought,rgr_h_FM,NA
C2.BRODIA.1,BRODIA,Bromus diandrus,Non-native,Grass,Moderate,Cal IPC,C2,3,C,2,SEDG,Drought,rgr_h_MA,0.02551559473798571
C2.BRODIA.1,BRODIA,Bromus diandrus,Non-native,Grass,Moderate,Cal IPC,C2,3,C,2,SEDG,Drought,rgr_h_AM,-0.00125336971024353
C2.BRODIA.1,BRODIA,Bromus diandrus,Non-native,Grass,Moderate,Cal IPC,C2,3,C,2,SEDG,Drought,rgr_h_MJ,NA
C2.BROHOR.1,BROHOR,Bromus hordeaceaus,Non-native,Grass,Limited,Cal IPC,C2,3,C,2,SEDG,Drought,rgr_h_FM,NA
C2.BROHOR.1,BROHOR,Bromus hordeaceaus,Non-native,Grass,Limited,Cal IPC,C2,3,C,2,SEDG,Drought,rgr_h_MA,0.04620981203732969
C2.BROHOR.1,BROHOR,Bromus hordeaceaus,Non-native,Grass,Limited,Cal IPC,C2,3,C,2,SEDG,Drought,rgr_h_AM,-0.00804250150910363
C2.BROHOR.1,BROHOR,Bromus hordeaceaus,Non-native,Grass,Limited,Cal IPC,C2,3,C,2,SEDG,Drought,rgr_h_MJ,NA
C2.BROMAD.1,BROMAD,Bromus madritensis,Non-native,Grass,High,Cal IPC,C2,3,C,2,SEDG,Drought,rgr_h_FM,NA
C2.BROMAD.1,BROMAD,Bromus madritensis,Non-native,Grass,High,Cal IPC,C2,3,C,2,SEDG,Drought,rgr_h_MA,0.03613378297489857
C2.BROMAD.1,BROMAD,Bromus madritensis,Non-native,Grass,High,Cal IPC,C2,3,C,2,SEDG,Drought,rgr_h_AM,NA
C2.BROMAD.1,BROMAD,Bromus madritensis,Non-native,Grass,High,Cal IPC,C2,3,C,2,SEDG,Drought,rgr_h_MJ,NA
C2.CENMEL.1,CENMEL,Centaurea melitensis,Non-native,Forb,Moderate,Cal IPC,C2,3,C,2,SEDG,Drought,rgr_h_FM,0.06595378569584334
C2.CENMEL.1,CENMEL,Centaurea melitensis,Non-native,Forb,Moderate,Cal IPC,C2,3,C,2,SEDG,Drought,rgr_h_MA,0.02918229124512999
C2.CENMEL.1,CENMEL,Centaurea melitensis,Non-native,Forb,Moderate,Cal IPC,C2,3,C,2,SEDG,Drought,rgr_h_AM,0.040587195191883
C2.CENMEL.1,CENMEL,Centaurea melitensis,Non-native,Forb,Moderate,Cal IPC,C2,3,C,2,SEDG,Drought,rgr_h_MJ,NA
C2.CORFIL.1,CORFIL,Corethrogyne filaginafolia,Native,Forb,Native,CalFlora,C2,3,C,2,SEDG,Drought,rgr_h_FM,0.03632544649387891
C2.CORFIL.1,CORFIL,Corethrogyne filaginafolia,Native,Forb,Native,CalFlora,C2,3,C,2,SEDG,Drought,rgr_h_MA,0.02490714672767403
C2.CORFIL.1,CORFIL,Corethrogyne filaginafolia,Native,Forb,Native,CalFlora,C2,3,C,2,SEDG,Drought,rgr_h_AM,0.02830339445448806
C2.CORFIL.1,CORFIL,Corethrogyne filaginafolia,Native,Forb,Native,CalFlora,C2,3,C,2,SEDG,Drought,rgr_h_MJ,0.00842058484524282
C2.ESCCAL.1,ESCCAL,Eschscholzia californica,Native,Forb,Native,CalFlora,C2,3,C,2,SEDG,Drought,rgr_h_FM,0.0422543187949273
C2.ESCCAL.1,ESCCAL,Eschscholzia californica,Native,Forb,Native,CalFlora,C2,3,C,2,SEDG,Drought,rgr_h_MA,0.03662040962227032
C2.ESCCAL.1,ESCCAL,Eschscholzia californica,Native,Forb,Native,CalFlora,C2,3,C,2,SEDG,Drought,rgr_h_AM,-0.0075679628008053
C2.ESCCAL.1,ESCCAL,Eschscholzia californica,Native,Forb,Native,CalFlora,C2,3,C,2,SEDG,Drought,rgr_h_MJ,0.03558352483747352
C2.MICCAL.1,MICCAL,Micropus californicus,Native,Forb,Native,CalFlora,C2,3,C,2,SEDG,Drought,rgr_h_FM,0.0499724224665485
C2.MICCAL.1,MICCAL,Micropus californicus,Native,Forb,Native,CalFlora,C2,3,C,2,SEDG,Drought,rgr_h_MA,0.03952078885525798
C2.MICCAL.1,MICCAL,Micropus californicus,Native,Forb,Native,CalFlora,C2,3,C,2,SEDG,Drought,rgr_h_AM,NA
C2.MICCAL.1,MICCAL,Micropus californicus,Native,Forb,Native,CalFlora,C2,3,C,2,SEDG,Drought,rgr_h_MJ,NA
C3.AIRCAR.1,AIRCAR,Aira caryophyllea,Non-native,Grass,Non-native,CalFlora,C3,3,C,3,ANGELO,Drought,rgr_h_FM,0.03118962370062803
C3.AIRCAR.1,AIRCAR,Aira caryophyllea,Non-native,Grass,Non-native,CalFlora,C3,3,C,3,ANGELO,Drought,rgr_h_MA,0.03405504158439938
C3.AIRCAR.1,AIRCAR,Aira caryophyllea,Non-native,Grass,Non-native,CalFlora,C3,3,C,3,ANGELO,Drought,rgr_h_AM,0.02838308000552783
C3.AIRCAR.1,AIRCAR,Aira caryophyllea,Non-native,Grass,Non-native,CalFlora,C3,3,C,3,ANGELO,Drought,rgr_h_MJ,NA
C3.BRODIA.1,BRODIA,Bromus diandrus,Non-native,Grass,Moderate,Cal IPC,C3,3,C,3,ANGELO,Drought,rgr_h_FM,NA
C3.BRODIA.1,BRODIA,Bromus diandrus,Non-native,Grass,Moderate,Cal IPC,C3,3,C,3,ANGELO,Drought,rgr_h_MA,0.02787493414002062
C3.BRODIA.1,BRODIA,Bromus diandrus,Non-native,Grass,Moderate,Cal IPC,C3,3,C,3,ANGELO,Drought,rgr_h_AM,0.02891084970179235
C3.BRODIA.1,BRODIA,Bromus diandrus,Non-native,Grass,Moderate,Cal IPC,C3,3,C,3,ANGELO,Drought,rgr_h_MJ,NA
C3.BROHOR.1,BROHOR,Bromus hordeaceaus,Non-native,Grass,Limited,Cal IPC,C3,3,C,3,ANGELO,Drought,rgr_h_FM,NA
C3.BROHOR.1,BROHOR,Bromus hordeaceaus,Non-native,Grass,Limited,Cal IPC,C3,3,C,3,ANGELO,Drought,rgr_h_MA,0.05972531564093517
C3.BROHOR.1,BROHOR,Bromus hordeaceaus,Non-native,Grass,Limited,Cal IPC,C3,3,C,3,ANGELO,Drought,rgr_h_AM,NA
C3.BROHOR.1,BROHOR,Bromus hordeaceaus,Non-native,Grass,Limited,Cal IPC,C3,3,C,3,ANGELO,Drought,rgr_h_MJ,NA
C3.DAUPUS.1-C8,DAUPUS,Daucus pusillus,Native,Forb,Native,CalFlora,C3,3,C,3,ANGELO,Drought,rgr_h_FM,NA
C3.DAUPUS.1-C8,DAUPUS,Daucus pusillus,Native,Forb,Native,CalFlora,C3,3,C,3,ANGELO,Drought,rgr_h_MA,0.04013242681086453
C3.DAUPUS.1-C8,DAUPUS,Daucus pusillus,Native,Forb,Native,CalFlora,C3,3,C,3,ANGELO,Drought,rgr_h_AM,NA
C3.DAUPUS.1-C8,DAUPUS,Daucus pusillus,Native,Forb,Native,CalFlora,C3,3,C,3,ANGELO,Drought,rgr_h_MJ,NA
C3.GALPAR.1,GALPAR,Galium parisiense,Non-native,Forb,Non-native,CalFlora,C3,3,C,3,ANGELO,Drought,rgr_h_FM,0.05331901388922656
C3.GALPAR.1,GALPAR,Galium parisiense,Non-native,Forb,Non-native,CalFlora,C3,3,C,3,ANGELO,Drought,rgr_h_MA,0.04175876561651227
C3.GALPAR.1,GALPAR,Galium parisiense,Non-native,Forb,Non-native,CalFlora,C3,3,C,3,ANGELO,Drought,rgr_h_AM,0.04428459192220338
C3.GALPAR.1,GALPAR,Galium parisiense,Non-native,Forb,Non-native,CalFlora,C3,3,C,3,ANGELO,Drought,rgr_h_MJ,NA
C3.HYPGLA.1,HYPGLA,Hypochaeris glabra,Non-native,Forb,Limited,Cal IPC,C3,3,C,3,ANGELO,Drought,rgr_h_FM,0.01559481185031401
C3.HYPGLA.1,HYPGLA,Hypochaeris glabra,Non-native,Forb,Limited,Cal IPC,C3,3,C,3,ANGELO,Drought,rgr_h_MA,0.06323733282952938
C3.HYPGLA.1,HYPGLA,Hypochaeris glabra,Non-native,Forb,Limited,Cal IPC,C3,3,C,3,ANGELO,Drought,rgr_h_AM,0.05436879303710403
C3.HYPGLA.1,HYPGLA,Hypochaeris glabra,Non-native,Forb,Limited,Cal IPC,C3,3,C,3,ANGELO,Drought,rgr_h_MJ,NA
C3.MADGRA.1,MADGRA,Madia gracilis,Native,Forb,Native,CalFlora,C3,3,C,3,ANGELO,Drought,rgr_h_FM,0.01371826707456663
C3.MADGRA.1,MADGRA,Madia gracilis,Native,Forb,Native,CalFlora,C3,3,C,3,ANGELO,Drought,rgr_h_MA,0.04620981203732969
C3.MADGRA.1,MADGRA,Madia gracilis,Native,Forb,Native,CalFlora,C3,3,C,3,ANGELO,Drought,rgr_h_AM,0.04942617548827639
C3.MADGRA.1,MADGRA,Madia gracilis,Native,Forb,Native,CalFlora,C3,3,C,3,ANGELO,Drought,rgr_h_MJ,NA
C4.AVEBAR.1,AVEBAR,Avena barbata,Non-native,Grass,Moderate,Cal IPC,C4,3,C,4,BORR,Drought,rgr_h_FM,NA
C4.AVEBAR.1,AVEBAR,Avena barbata,Non-native,Grass,Moderate,Cal IPC,C4,3,C,4,BORR,Drought,rgr_h_MA,0.05218784299252358
C4.AVEBAR.1,AVEBAR,Avena barbata,Non-native,Grass,Moderate,Cal IPC,C4,3,C,4,BORR,Drought,rgr_h_AM,0.03473835371089485
C4.AVEBAR.1,AVEBAR,Avena barbata,Non-native,Grass,Moderate,Cal IPC,C4,3,C,4,BORR,Drought,rgr_h_MJ,NA
C4.BRODIA.1,BRODIA,Bromus diandrus,Non-native,Grass,Moderate,Cal IPC,C4,3,C,4,BORR,Drought,rgr_h_FM,NA
C4.BRODIA.1,BRODIA,Bromus diandrus,Non-native,Grass,Moderate,Cal IPC,C4,3,C,4,BORR,Drought,rgr_h_MA,0.07469032297586528
C4.BRODIA.1,BRODIA,Bromus diandrus,Non-native,Grass,Moderate,Cal IPC,C4,3,C,4,BORR,Drought,rgr_h_AM,-0.00424389862095059
C4.BRODIA.1,BRODIA,Bromus diandrus,Non-native,Grass,Moderate,Cal IPC,C4,3,C,4,BORR,Drought,rgr_h_MJ,NA
C4.BROHOR.1,BROHOR,Bromus hordeaceaus,Non-native,Grass,Limited,Cal IPC,C4,3,C,4,BORR,Drought,rgr_h_FM,NA
C4.BROHOR.1,BROHOR,Bromus hordeaceaus,Non-native,Grass,Limited,Cal IPC,C4,3,C,4,BORR,Drought,rgr_h_MA,0.06931471805599454
C4.BROHOR.1,BROHOR,Bromus hordeaceaus,Non-native,Grass,Limited,Cal IPC,C4,3,C,4,BORR,Drought,rgr_h_AM,NA
C4.BROHOR.1,BROHOR,Bromus hordeaceaus,Non-native,Grass,Limited,Cal IPC,C4,3,C,4,BORR,Drought,rgr_h_MJ,NA
C4.DAUPUS.1,DAUPUS,Daucus pusillus,Native,Forb,Native,CalFlora,C4,3,C,4,BORR,Drought,rgr_h_FM,0.05331901388922656
C4.DAUPUS.1,DAUPUS,Daucus pusillus,Native,Forb,Native,CalFlora,C4,3,C,4,BORR,Drought,rgr_h_MA,0.05972531564093517
C4.DAUPUS.1,DAUPUS,Daucus pusillus,Native,Forb,Native,CalFlora,C4,3,C,4,BORR,Drought,rgr_h_AM,0.03849886501802329
C4.DAUPUS.1,DAUPUS,Daucus pusillus,Native,Forb,Native,CalFlora,C4,3,C,4,BORR,Drought,rgr_h_MJ,NA
C4.MADGRA.1,MADGRA,Madia gracilis,Native,Forb,Native,CalFlora,C4,3,C,4,BORR,Drought,rgr_h_FM,0.04382439550724481
C4.MADGRA.1,MADGRA,Madia gracilis,Native,Forb,Native,CalFlora,C4,3,C,4,BORR,Drought,rgr_h_MA,0.04877518007520063
C4.MADGRA.1,MADGRA,Madia gracilis,Native,Forb,Native,CalFlora,C4,3,C,4,BORR,Drought,rgr_h_AM,0.01532852380790437
C4.MADGRA.1,MADGRA,Madia gracilis,Native,Forb,Native,CalFlora,C4,3,C,4,BORR,Drought,rgr_h_MJ,NA
C4.TORARV.1,TORARV,Torilis arvensis,Non-native,Forb,Moderate,Cal IPC,C4,3,C,4,BORR,Drought,rgr_h_FM,0.0463066463202283
C4.TORARV.1,TORARV,Torilis arvensis,Non-native,Forb,Moderate,Cal IPC,C4,3,C,4,BORR,Drought,rgr_h_MA,0.05859526391841246
C4.TORARV.1,TORARV,Torilis arvensis,Non-native,Forb,Moderate,Cal IPC,C4,3,C,4,BORR,Drought,rgr_h_AM,0.02696775140031969
C4.TORARV.1,TORARV,Torilis arvensis,Non-native,Forb,Moderate,Cal IPC,C4,3,C,4,BORR,Drought,rgr_h_MJ,NA
C4.TRIHIR.1,TRIHIR,Trifolium hirtum,Non-native,Forb,Limited,Cal IPC,C4,3,C,4,BORR,Drought,rgr_h_FM,0.04818319109597569
C4.TRIHIR.1,TRIHIR,Trifolium hirtum,Non-native,Forb,Limited,Cal IPC,C4,3,C,4,BORR,Drought,rgr_h_MA,0.03817107681010009
C4.TRIHIR.1,TRIHIR,Trifolium hirtum,Non-native,Forb,Limited,Cal IPC,C4,3,C,4,BORR,Drought,rgr_h_AM,-0.0139375380615144
C4.TRIHIR.1,TRIHIR,Trifolium hirtum,Non-native,Forb,Limited,Cal IPC,C4,3,C,4,BORR,Drought,rgr_h_MJ,NA
C4.VICSAT.1,VICSAT,Vicia sativa,Non-native,Forb,Non-native,CalFlora,C4,3,C,4,BORR,Drought,rgr_h_FM,0.02102091178338731
C4.VICSAT.1,VICSAT,Vicia sativa,Non-native,Forb,Non-native,CalFlora,C4,3,C,4,BORR,Drought,rgr_h_MA,0.06609382353302548
C4.VICSAT.1,VICSAT,Vicia sativa,Non-native,Forb,Non-native,CalFlora,C4,3,C,4,BORR,Drought,rgr_h_AM,NA
C4.VICSAT.1,VICSAT,Vicia sativa,Non-native,Forb,Non-native,CalFlora,C4,3,C,4,BORR,Drought,rgr_h_MJ,NA
C5.BRODIA.1,BRODIA,Bromus diandrus,Non-native,Grass,Moderate,Cal IPC,C5,3,C,5,BORR,Drought,rgr_h_FM,NA
C5.BRODIA.1,BRODIA,Bromus diandrus,Non-native,Grass,Moderate,Cal IPC,C5,3,C,5,BORR,Drought,rgr_h_MA,0.04088357467785308
C5.BRODIA.1,BRODIA,Bromus diandrus,Non-native,Grass,Moderate,Cal IPC,C5,3,C,5,BORR,Drought,rgr_h_AM,-0.01681789366551762
C5.BRODIA.1,BRODIA,Bromus diandrus,Non-native,Grass,Moderate,Cal IPC,C5,3,C,5,BORR,Drought,rgr_h_MJ,NA
C5.BROHOR.1,BROHOR,Bromus hordeaceaus,Non-native,Grass,Limited,Cal IPC,C5,3,C,5,BORR,Drought,rgr_h_FM,NA
C5.BROHOR.1,BROHOR,Bromus hordeaceaus,Non-native,Grass,Limited,Cal IPC,C5,3,C,5,BORR,Drought,rgr_h_MA,0.05131300191137354
C5.BROHOR.1,BROHOR,Bromus hordeaceaus,Non-native,Grass,Limited,Cal IPC,C5,3,C,5,BORR,Drought,rgr_h_AM,NA
C5.BROHOR.1,BROHOR,Bromus hordeaceaus,Non-native,Grass,Limited,Cal IPC,C5,3,C,5,BORR,Drought,rgr_h_MJ,NA
C5.DAUPUS.1,DAUPUS,Daucus pusillus,Native,Forb,Native,CalFlora,C5,3,C,5,BORR,Drought,rgr_h_FM,0.03393669377311686
C5.DAUPUS.1,DAUPUS,Daucus pusillus,Native,Forb,Native,CalFlora,C5,3,C,5,BORR,Drought,rgr_h_MA,0.05409020406599466
C5.DAUPUS.1,DAUPUS,Daucus pusillus,Native,Forb,Native,CalFlora,C5,3,C,5,BORR,Drought,rgr_h_AM,0.03243761853640647
C5.DAUPUS.1,DAUPUS,Daucus pusillus,Native,Forb,Native,CalFlora,C5,3,C,5,BORR,Drought,rgr_h_MJ,NA
C5.GERDIS.1,GERDIS,Geranium dissectum,Non-native,Forb,Limited,Cal IPC,C5,3,C,5,BORR,Drought,rgr_h_FM,0.04459158534540503
C5.GERDIS.1,GERDIS,Geranium dissectum,Non-native,Forb,Limited,Cal IPC,C5,3,C,5,BORR,Drought,rgr_h_MA,0.05186473781987151
C5.GERDIS.1,GERDIS,Geranium dissectum,Non-native,Forb,Limited,Cal IPC,C5,3,C,5,BORR,Drought,rgr_h_AM,NA
C5.GERDIS.1,GERDIS,Geranium dissectum,Non-native,Forb,Limited,Cal IPC,C5,3,C,5,BORR,Drought,rgr_h_MJ,NA
C5.MADGRA.1,MADGRA,Madia gracilis,Native,Forb,Native,CalFlora,C5,3,C,5,BORR,Drought,rgr_h_FM,0.04769830697431993
C5.MADGRA.1,MADGRA,Madia gracilis,Native,Forb,Native,CalFlora,C5,3,C,5,BORR,Drought,rgr_h_MA,0.04720353856579384
C5.MADGRA.1,MADGRA,Madia gracilis,Native,Forb,Native,CalFlora,C5,3,C,5,BORR,Drought,rgr_h_AM,0.01535108189683054
C5.MADGRA.1,MADGRA,Madia gracilis,Native,Forb,Native,CalFlora,C5,3,C,5,BORR,Drought,rgr_h_MJ,NA
C5.TORARV.1,TORARV,Torilis arvensis,Non-native,Forb,Moderate,Cal IPC,C5,3,C,5,BORR,Drought,rgr_h_FM,0.0406893440247448
C5.TORARV.1,TORARV,Torilis arvensis,Non-native,Forb,Moderate,Cal IPC,C5,3,C,5,BORR,Drought,rgr_h_MA,0.02821759736255004
C5.TORARV.1,TORARV,Torilis arvensis,Non-native,Forb,Moderate,Cal IPC,C5,3,C,5,BORR,Drought,rgr_h_AM,NA
C5.TORARV.1,TORARV,Torilis arvensis,Non-native,Forb,Moderate,Cal IPC,C5,3,C,5,BORR,Drought,rgr_h_MJ,NA
C5.TRIHIR.1,TRIHIR,Trifolium hirtum,Non-native,Forb,Limited,Cal IPC,C5,3,C,5,BORR,Drought,rgr_h_FM,0.05570657025097311
C5.TRIHIR.1,TRIHIR,Trifolium hirtum,Non-native,Forb,Limited,Cal IPC,C5,3,C,5,BORR,Drought,rgr_h_MA,0.04966764077207471
C5.TRIHIR.1,TRIHIR,Trifolium hirtum,Non-native,Forb,Limited,Cal IPC,C5,3,C,5,BORR,Drought,rgr_h_AM,0.0266376832716687
C5.TRIHIR.1,TRIHIR,Trifolium hirtum,Non-native,Forb,Limited,Cal IPC,C5,3,C,5,BORR,Drought,rgr_h_MJ,NA
C5.VICSAT.1,VICSAT,Vicia sativa,Non-native,Forb,Non-native,CalFlora,C5,3,C,5,BORR,Drought,rgr_h_FM,0.03268108074809161
C5.VICSAT.1,VICSAT,Vicia sativa,Non-native,Forb,Non-native,CalFlora,C5,3,C,5,BORR,Drought,rgr_h_MA,0.03322198311378817
C5.VICSAT.1,VICSAT,Vicia sativa,Non-native,Forb,Non-native,CalFlora,C5,3,C,5,BORR,Drought,rgr_h_AM,NA
C5.VICSAT.1,VICSAT,Vicia sativa,Non-native,Forb,Non-native,CalFlora,C5,3,C,5,BORR,Drought,rgr_h_MJ,NA
C6.AMSMEN.1,AMSMEN,Amsinckia menziesii,Native,Forb,Native,CalFlora,C6,3,C,6,WWP,Drought,rgr_h_FM,0.03336246464215517
C6.AMSMEN.1,AMSMEN,Amsinckia menziesii,Native,Forb,Native,CalFlora,C6,3,C,6,WWP,Drought,rgr_h_MA,NA
C6.AMSMEN.1,AMSMEN,Amsinckia menziesii,Native,Forb,Native,CalFlora,C6,3,C,6,WWP,Drought,rgr_h_AM,NA
C6.AMSMEN.1,AMSMEN,Amsinckia menziesii,Native,Forb,Native,CalFlora,C6,3,C,6,WWP,Drought,rgr_h_MJ,NA
C6.AVEBAR.1,AVEBAR,Avena barbata,Non-native,Grass,Moderate,Cal IPC,C6,3,C,6,WWP,Drought,rgr_h_FM,NA
C6.AVEBAR.1,AVEBAR,Avena barbata,Non-native,Grass,Moderate,Cal IPC,C6,3,C,6,WWP,Drought,rgr_h_MA,0.08755082313994057
C6.AVEBAR.1,AVEBAR,Avena barbata,Non-native,Grass,Moderate,Cal IPC,C6,3,C,6,WWP,Drought,rgr_h_AM,0.02205255568958884
C6.AVEBAR.1,AVEBAR,Avena barbata,Non-native,Grass,Moderate,Cal IPC,C6,3,C,6,WWP,Drought,rgr_h_MJ,NA
C6.BROARE.1,BROARE,Bromus arenarius,Non-native,Grass,Non-native,CalFlora,C6,3,C,6,WWP,Drought,rgr_h_FM,NA
C6.BROARE.1,BROARE,Bromus arenarius,Non-native,Grass,Non-native,CalFlora,C6,3,C,6,WWP,Drought,rgr_h_MA,0.0191560621615137
C6.BROARE.1,BROARE,Bromus arenarius,Non-native,Grass,Non-native,CalFlora,C6,3,C,6,WWP,Drought,rgr_h_AM,-0.00742717020221621
C6.BROARE.1,BROARE,Bromus arenarius,Non-native,Grass,Non-native,CalFlora,C6,3,C,6,WWP,Drought,rgr_h_MJ,NA
C6.BRODIA.1,BRODIA,Bromus diandrus,Non-native,Grass,Moderate,Cal IPC,C6,3,C,6,WWP,Drought,rgr_h_FM,NA
C6.BRODIA.1,BRODIA,Bromus diandrus,Non-native,Grass,Moderate,Cal IPC,C6,3,C,6,WWP,Drought,rgr_h_MA,0.05549785904945174
C6.BRODIA.1,BRODIA,Bromus diandrus,Non-native,Grass,Moderate,Cal IPC,C6,3,C,6,WWP,Drought,rgr_h_AM,-0.01201995796041355
C6.BRODIA.1,BRODIA,Bromus diandrus,Non-native,Grass,Moderate,Cal IPC,C6,3,C,6,WWP,Drought,rgr_h_MJ,NA
C6.BROMAD.1,BROMAD,Bromus madritensis,Non-native,Grass,High,Cal IPC,C6,3,C,6,WWP,Drought,rgr_h_FM,NA
C6.BROMAD.1,BROMAD,Bromus madritensis,Non-native,Grass,High,Cal IPC,C6,3,C,6,WWP,Drought,rgr_h_MA,0.07408394528161336
C6.BROMAD.1,BROMAD,Bromus madritensis,Non-native,Grass,High,Cal IPC,C6,3,C,6,WWP,Drought,rgr_h_AM,NA
C6.BROMAD.1,BROMAD,Bromus madritensis,Non-native,Grass,High,Cal IPC,C6,3,C,6,WWP,Drought,rgr_h_MJ,NA
C6.PHATAN.1,PHATAN,Phacelia tanacetifolia,Native,Forb,Native,CalFlora,C6,3,C,6,WWP,Drought,rgr_h_FM,0.04812159200482448
C6.PHATAN.1,PHATAN,Phacelia tanacetifolia,Native,Forb,Native,CalFlora,C6,3,C,6,WWP,Drought,rgr_h_MA,NA
C6.PHATAN.1,PHATAN,Phacelia tanacetifolia,Native,Forb,Native,CalFlora,C6,3,C,6,WWP,Drought,rgr_h_AM,NA
C6.PHATAN.1,PHATAN,Phacelia tanacetifolia,Native,Forb,Native,CalFlora,C6,3,C,6,WWP,Drought,rgr_h_MJ,NA
C7.AMSMEN.1,AMSMEN,Amsinckia menziesii,Native,Forb,Native,CalFlora,C7,3,C,7,WWP,Drought,rgr_h_FM,0.02244947420630798
C7.AMSMEN.1,AMSMEN,Amsinckia menziesii,Native,Forb,Native,CalFlora,C7,3,C,7,WWP,Drought,rgr_h_MA,NA
C7.AMSMEN.1,AMSMEN,Amsinckia menziesii,Native,Forb,Native,CalFlora,C7,3,C,7,WWP,Drought,rgr_h_AM,NA
C7.AMSMEN.1,AMSMEN,Amsinckia menziesii,Native,Forb,Native,CalFlora,C7,3,C,7,WWP,Drought,rgr_h_MJ,NA
C7.AVEBAR.1,AVEBAR,Avena barbata,Non-native,Grass,Moderate,Cal IPC,C7,3,C,7,WWP,Drought,rgr_h_FM,NA
C7.AVEBAR.1,AVEBAR,Avena barbata,Non-native,Grass,Moderate,Cal IPC,C7,3,C,7,WWP,Drought,rgr_h_MA,0.06764339675942938
C7.AVEBAR.1,AVEBAR,Avena barbata,Non-native,Grass,Moderate,Cal IPC,C7,3,C,7,WWP,Drought,rgr_h_AM,0.01889709949272473
C7.AVEBAR.1,AVEBAR,Avena barbata,Non-native,Grass,Moderate,Cal IPC,C7,3,C,7,WWP,Drought,rgr_h_MJ,NA
C7.BROARE.1,BROARE,Bromus arenarius,Non-native,Grass,Non-native,CalFlora,C7,3,C,7,WWP,Drought,rgr_h_FM,NA
C7.BROARE.1,BROARE,Bromus arenarius,Non-native,Grass,Non-native,CalFlora,C7,3,C,7,WWP,Drought,rgr_h_MA,0.02599213111642689
C7.BROARE.1,BROARE,Bromus arenarius,Non-native,Grass,Non-native,CalFlora,C7,3,C,7,WWP,Drought,rgr_h_AM,-0.00916596563863725
C7.BROARE.1,BROARE,Bromus arenarius,Non-native,Grass,Non-native,CalFlora,C7,3,C,7,WWP,Drought,rgr_h_MJ,NA
C7.BRODIA.1,BRODIA,Bromus diandrus,Non-native,Grass,Moderate,Cal IPC,C7,3,C,7,WWP,Drought,rgr_h_FM,NA
C7.BRODIA.1,BRODIA,Bromus diandrus,Non-native,Grass,Moderate,Cal IPC,C7,3,C,7,WWP,Drought,rgr_h_MA,0.01761467668158588
C7.BRODIA.1,BRODIA,Bromus diandrus,Non-native,Grass,Moderate,Cal IPC,C7,3,C,7,WWP,Drought,rgr_h_AM,NA
C7.BRODIA.1,BRODIA,Bromus diandrus,Non-native,Grass,Moderate,Cal IPC,C7,3,C,7,WWP,Drought,rgr_h_MJ,NA
C7.BROMAD.1,BROMAD,Bromus madritensis,Non-native,Grass,High,Cal IPC,C7,3,C,7,WWP,Drought,rgr_h_FM,NA
C7.BROMAD.1,BROMAD,Bromus madritensis,Non-native,Grass,High,Cal IPC,C7,3,C,7,WWP,Drought,rgr_h_MA,0.0569654319604447
C7.BROMAD.1,BROMAD,Bromus madritensis,Non-native,Grass,High,Cal IPC,C7,3,C,7,WWP,Drought,rgr_h_AM,NA
C7.BROMAD.1,BROMAD,Bromus madritensis,Non-native,Grass,High,Cal IPC,C7,3,C,7,WWP,Drought,rgr_h_MJ,NA
C7.EROCIC.1,EROCIC,Erodium cicutarium,Non-native,Forb,Non-native,CalFlora,C7,3,C,7,WWP,Drought,rgr_h_FM,0.0813786880494896
C7.EROCIC.1,EROCIC,Erodium cicutarium,Non-native,Forb,Non-native,CalFlora,C7,3,C,7,WWP,Drought,rgr_h_MA,NA
C7.EROCIC.1,EROCIC,Erodium cicutarium,Non-native,Forb,Non-native,CalFlora,C7,3,C,7,WWP,Drought,rgr_h_AM,NA
C7.EROCIC.1,EROCIC,Erodium cicutarium,Non-native,Forb,Non-native,CalFlora,C7,3,C,7,WWP,Drought,rgr_h_MJ,NA
C8.AIRCAR.1,AIRCAR,Aira caryophyllea,Non-native,Grass,Non-native,CalFlora,C8,3,C,8,ANGELO,Drought,rgr_h_FM,0.01740754182391613
C8.AIRCAR.1,AIRCAR,Aira caryophyllea,Non-native,Grass,Non-native,CalFlora,C8,3,C,8,ANGELO,Drought,rgr_h_MA,0.04989375803228708
C8.AIRCAR.1,AIRCAR,Aira caryophyllea,Non-native,Grass,Non-native,CalFlora,C8,3,C,8,ANGELO,Drought,rgr_h_AM,0.00660340917710021
C8.AIRCAR.1,AIRCAR,Aira caryophyllea,Non-native,Grass,Non-native,CalFlora,C8,3,C,8,ANGELO,Drought,rgr_h_MJ,NA
C8.BRODIA.1,BRODIA,Bromus diandrus,Non-native,Grass,Moderate,Cal IPC,C8,3,C,8,ANGELO,Drought,rgr_h_FM,NA
C8.BRODIA.1,BRODIA,Bromus diandrus,Non-native,Grass,Moderate,Cal IPC,C8,3,C,8,ANGELO,Drought,rgr_h_MA,0.01122146208395269
C8.BRODIA.1,BRODIA,Bromus diandrus,Non-native,Grass,Moderate,Cal IPC,C8,3,C,8,ANGELO,Drought,rgr_h_AM,0.04903206403184736
C8.BRODIA.1,BRODIA,Bromus diandrus,Non-native,Grass,Moderate,Cal IPC,C8,3,C,8,ANGELO,Drought,rgr_h_MJ,NA
C8.BROHOR.1,BROHOR,Bromus hordeaceaus,Non-native,Grass,Limited,Cal IPC,C8,3,C,8,ANGELO,Drought,rgr_h_FM,NA
C8.BROHOR.1,BROHOR,Bromus hordeaceaus,Non-native,Grass,Limited,Cal IPC,C8,3,C,8,ANGELO,Drought,rgr_h_MA,0.04504316046366739
C8.BROHOR.1,BROHOR,Bromus hordeaceaus,Non-native,Grass,Limited,Cal IPC,C8,3,C,8,ANGELO,Drought,rgr_h_AM,0.0466450882927223
C8.BROHOR.1,BROHOR,Bromus hordeaceaus,Non-native,Grass,Limited,Cal IPC,C8,3,C,8,ANGELO,Drought,rgr_h_MJ,NA
C8.CLAPUR.1,CLAPUR,Clarkia purpurea,Native,Forb,Native,CalFlora,C8,3,C,8,ANGELO,Drought,rgr_h_FM,0.05570657025097311
C8.CLAPUR.1,CLAPUR,Clarkia purpurea,Native,Forb,Native,CalFlora,C8,3,C,8,ANGELO,Drought,rgr_h_MA,0.03913723906341326
C8.CLAPUR.1,CLAPUR,Clarkia purpurea,Native,Forb,Native,CalFlora,C8,3,C,8,ANGELO,Drought,rgr_h_AM,0.03129063430892818
C8.CLAPUR.1,CLAPUR,Clarkia purpurea,Native,Forb,Native,CalFlora,C8,3,C,8,ANGELO,Drought,rgr_h_MJ,NA
C8.DANCAL.1,DANCAL,Danthonia californica,Native,Grass,Native,CalFlora,C8,3,C,8,ANGELO,Drought,rgr_h_FM,NA
C8.DANCAL.1,DANCAL,Danthonia californica,Native,Grass,Native,CalFlora,C8,3,C,8,ANGELO,Drought,rgr_h_MA,NA
C8.DANCAL.1,DANCAL,Danthonia californica,Native,Grass,Native,CalFlora,C8,3,C,8,ANGELO,Drought,rgr_h_AM,NA
C8.DANCAL.1,DANCAL,Danthonia californica,Native,Grass,Native,CalFlora,C8,3,C,8,ANGELO,Drought,rgr_h_MJ,-0.02945346252291698
C8.DAUPUS.1,DAUPUS,Daucus pusillus,Native,Forb,Native,CalFlora,C8,3,C,8,ANGELO,Drought,rgr_h_FM,0.01065489157228818
C8.DAUPUS.1,DAUPUS,Daucus pusillus,Native,Forb,Native,CalFlora,C8,3,C,8,ANGELO,Drought,rgr_h_MA,0.0587844169737388
C8.DAUPUS.1,DAUPUS,Daucus pusillus,Native,Forb,Native,CalFlora,C8,3,C,8,ANGELO,Drought,rgr_h_AM,0.05993520451096713
C8.DAUPUS.1,DAUPUS,Daucus pusillus,Native,Forb,Native,CalFlora,C8,3,C,8,ANGELO,Drought,rgr_h_MJ,NA
C8.ESCCAL.1,ESCCAL,Eschscholzia californica,Native,Forb,Native,CalFlora,C8,3,C,8,ANGELO,Drought,rgr_h_FM,0.02567211779851649
C8.ESCCAL.1,ESCCAL,Eschscholzia californica,Native,Forb,Native,CalFlora,C8,3,C,8,ANGELO,Drought,rgr_h_MA,0.06710034996742459
C8.ESCCAL.1,ESCCAL,Eschscholzia californica,Native,Forb,Native,CalFlora,C8,3,C,8,ANGELO,Drought,rgr_h_AM,0.01051128194751295
C8.ESCCAL.1,ESCCAL,Eschscholzia californica,Native,Forb,Native,CalFlora,C8,3,C,8,ANGELO,Drought,rgr_h_MJ,0.01964666890242103
C8.GALPAR.1,GALPAR,Galium parisiense,Non-native,Forb,Non-native,CalFlora,C8,3,C,8,ANGELO,Drought,rgr_h_FM,0.05134423559703299
C8.GALPAR.1,GALPAR,Galium parisiense,Non-native,Forb,Non-native,CalFlora,C8,3,C,8,ANGELO,Drought,rgr_h_MA,0.05549785904945173
C8.GALPAR.1,GALPAR,Galium parisiense,Non-native,Forb,Non-native,CalFlora,C8,3,C,8,ANGELO,Drought,rgr_h_AM,NA
C8.GALPAR.1,GALPAR,Galium parisiense,Non-native,Forb,Non-native,CalFlora,C8,3,C,8,ANGELO,Drought,rgr_h_MJ,NA
C8.HYPGLA.1,HYPGLA,Hypochaeris glabra,Non-native,Forb,Limited,Cal IPC,C8,3,C,8,ANGELO,Drought,rgr_h_FM,0.0406893440247448
C8.HYPGLA.1,HYPGLA,Hypochaeris glabra,Non-native,Forb,Limited,Cal IPC,C8,3,C,8,ANGELO,Drought,rgr_h_MA,0.07702042143127912
C8.HYPGLA.1,HYPGLA,Hypochaeris glabra,Non-native,Forb,Limited,Cal IPC,C8,3,C,8,ANGELO,Drought,rgr_h_AM,0.0402359478108525
C8.HYPGLA.1,HYPGLA,Hypochaeris glabra,Non-native,Forb,Limited,Cal IPC,C8,3,C,8,ANGELO,Drought,rgr_h_MJ,NA
C8.MADGRA.1,MADGRA,Madia gracilis,Native,Forb,Native,CalFlora,C8,3,C,8,ANGELO,Drought,rgr_h_FM,0.05705352003507959
C8.MADGRA.1,MADGRA,Madia gracilis,Native,Forb,Native,CalFlora,C8,3,C,8,ANGELO,Drought,rgr_h_MA,0.04901329934245382
C8.MADGRA.1,MADGRA,Madia gracilis,Native,Forb,Native,CalFlora,C8,3,C,8,ANGELO,Drought,rgr_h_AM,NA
C8.MADGRA.1,MADGRA,Madia gracilis,Native,Forb,Native,CalFlora,C8,3,C,8,ANGELO,Drought,rgr_h_MJ,NA
D1.AIRCAR.1,AIRCAR,Aira caryophyllea,Non-native,Grass,Non-native,CalFlora,D1,4,D,1,ANGELO,Control,rgr_h_FM,0.02043302495063963
D1.AIRCAR.1,AIRCAR,Aira caryophyllea,Non-native,Grass,Non-native,CalFlora,D1,4,D,1,ANGELO,Control,rgr_h_MA,0.05228719726379484
D1.AIRCAR.1,AIRCAR,Aira caryophyllea,Non-native,Grass,Non-native,CalFlora,D1,4,D,1,ANGELO,Control,rgr_h_AM,0.04823063276454418
D1.AIRCAR.1,AIRCAR,Aira caryophyllea,Non-native,Grass,Non-native,CalFlora,D1,4,D,1,ANGELO,Control,rgr_h_MJ,NA
D1.BRODIA.1,BRODIA,Bromus diandrus,Non-native,Grass,Moderate,Cal IPC,D1,4,D,1,ANGELO,Control,rgr_h_FM,NA
D1.BRODIA.1,BRODIA,Bromus diandrus,Non-native,Grass,Moderate,Cal IPC,D1,4,D,1,ANGELO,Control,rgr_h_MA,0.01276640840853685
D1.BRODIA.1,BRODIA,Bromus diandrus,Non-native,Grass,Moderate,Cal IPC,D1,4,D,1,ANGELO,Control,rgr_h_AM,0.0733071480448683
D1.BRODIA.1,BRODIA,Bromus diandrus,Non-native,Grass,Moderate,Cal IPC,D1,4,D,1,ANGELO,Control,rgr_h_MJ,NA
D1.BROHOR.1,BROHOR,Bromus hordeaceaus,Non-native,Grass,Limited,Cal IPC,D1,4,D,1,ANGELO,Control,rgr_h_FM,NA
D1.BROHOR.1,BROHOR,Bromus hordeaceaus,Non-native,Grass,Limited,Cal IPC,D1,4,D,1,ANGELO,Control,rgr_h_MA,0.05134816803157163
D1.BROHOR.1,BROHOR,Bromus hordeaceaus,Non-native,Grass,Limited,Cal IPC,D1,4,D,1,ANGELO,Control,rgr_h_AM,0.05384946391054612
D1.BROHOR.1,BROHOR,Bromus hordeaceaus,Non-native,Grass,Limited,Cal IPC,D1,4,D,1,ANGELO,Control,rgr_h_MJ,NA
D1.ESCCAL.1,ESCCAL,Eschscholzia californica,Native,Forb,Native,CalFlora,D1,4,D,1,ANGELO,Control,rgr_h_FM,0.03923317012046905
D1.ESCCAL.1,ESCCAL,Eschscholzia californica,Native,Forb,Native,CalFlora,D1,4,D,1,ANGELO,Control,rgr_h_MA,0.04292847627688793
D1.ESCCAL.1,ESCCAL,Eschscholzia californica,Native,Forb,Native,CalFlora,D1,4,D,1,ANGELO,Control,rgr_h_AM,0.03804775256513978
D1.ESCCAL.1,ESCCAL,Eschscholzia californica,Native,Forb,Native,CalFlora,D1,4,D,1,ANGELO,Control,rgr_h_MJ,-0.01679338177071855
D1.GALPAR.1,GALPAR,Galium parisiense,Non-native,Forb,Non-native,CalFlora,D1,4,D,1,ANGELO,Control,rgr_h_FM,0.04118477668724632
D1.GALPAR.1,GALPAR,Galium parisiense,Non-native,Forb,Non-native,CalFlora,D1,4,D,1,ANGELO,Control,rgr_h_MA,0.07161448043889292
D1.GALPAR.1,GALPAR,Galium parisiense,Non-native,Forb,Non-native,CalFlora,D1,4,D,1,ANGELO,Control,rgr_h_AM,0.01245916155526807
D1.GALPAR.1,GALPAR,Galium parisiense,Non-native,Forb,Non-native,CalFlora,D1,4,D,1,ANGELO,Control,rgr_h_MJ,NA
D1.HYPGLA.1,HYPGLA,Hypochaeris glabra,Non-native,Forb,Limited,Cal IPC,D1,4,D,1,ANGELO,Control,rgr_h_FM,0.08317766166719343
D1.HYPGLA.1,HYPGLA,Hypochaeris glabra,Non-native,Forb,Limited,Cal IPC,D1,4,D,1,ANGELO,Control,rgr_h_MA,0.03054302439580516
D1.HYPGLA.1,HYPGLA,Hypochaeris glabra,Non-native,Forb,Limited,Cal IPC,D1,4,D,1,ANGELO,Control,rgr_h_AM,0.06212773687152689
D1.HYPGLA.1,HYPGLA,Hypochaeris glabra,Non-native,Forb,Limited,Cal IPC,D1,4,D,1,ANGELO,Control,rgr_h_MJ,NA
D1.MADGRA.1,MADGRA,Madia gracilis,Native,Forb,Native,CalFlora,D1,4,D,1,ANGELO,Control,rgr_h_FM,0.03243720864865315
D1.MADGRA.1,MADGRA,Madia gracilis,Native,Forb,Native,CalFlora,D1,4,D,1,ANGELO,Control,rgr_h_MA,0.04228371084878356
D1.MADGRA.1,MADGRA,Madia gracilis,Native,Forb,Native,CalFlora,D1,4,D,1,ANGELO,Control,rgr_h_AM,0.06218824620355494
D1.MADGRA.1,MADGRA,Madia gracilis,Native,Forb,Native,CalFlora,D1,4,D,1,ANGELO,Control,rgr_h_MJ,NA
D2.AVEBAR.1,AVEBAR,Avena barbata,Non-native,Grass,Moderate,Cal IPC,D2,4,D,2,BORR,Control,rgr_h_FM,NA
D2.AVEBAR.1,AVEBAR,Avena barbata,Non-native,Grass,Moderate,Cal IPC,D2,4,D,2,BORR,Control,rgr_h_MA,0.03662040962227032
D2.AVEBAR.1,AVEBAR,Avena barbata,Non-native,Grass,Moderate,Cal IPC,D2,4,D,2,BORR,Control,rgr_h_AM,0.04983957731125935
D2.AVEBAR.1,AVEBAR,Avena barbata,Non-native,Grass,Moderate,Cal IPC,D2,4,D,2,BORR,Control,rgr_h_MJ,NA
D2.BRODIA.1,BRODIA,Bromus diandrus,Non-native,Grass,Moderate,Cal IPC,D2,4,D,2,BORR,Control,rgr_h_FM,NA
D2.BRODIA.1,BRODIA,Bromus diandrus,Non-native,Grass,Moderate,Cal IPC,D2,4,D,2,BORR,Control,rgr_h_MA,0.04269779484873547
D2.BRODIA.1,BRODIA,Bromus diandrus,Non-native,Grass,Moderate,Cal IPC,D2,4,D,2,BORR,Control,rgr_h_AM,NA
D2.BRODIA.1,BRODIA,Bromus diandrus,Non-native,Grass,Moderate,Cal IPC,D2,4,D,2,BORR,Control,rgr_h_MJ,NA
D2.BROHOR.1,BROHOR,Bromus hordeaceaus,Non-native,Grass,Limited,Cal IPC,D2,4,D,2,BORR,Control,rgr_h_FM,NA
D2.BROHOR.1,BROHOR,Bromus hordeaceaus,Non-native,Grass,Limited,Cal IPC,D2,4,D,2,BORR,Control,rgr_h_MA,0.04354172178154515
D2.BROHOR.1,BROHOR,Bromus hordeaceaus,Non-native,Grass,Limited,Cal IPC,D2,4,D,2,BORR,Control,rgr_h_AM,NA
D2.BROHOR.1,BROHOR,Bromus hordeaceaus,Non-native,Grass,Limited,Cal IPC,D2,4,D,2,BORR,Control,rgr_h_MJ,NA
D2.DAUPUS.1,DAUPUS,Daucus pusillus,Native,Forb,Native,CalFlora,D2,4,D,2,BORR,Control,rgr_h_FM,0.04394449154672438
D2.DAUPUS.1,DAUPUS,Daucus pusillus,Native,Forb,Native,CalFlora,D2,4,D,2,BORR,Control,rgr_h_MA,0.06789606424203466
D2.DAUPUS.1,DAUPUS,Daucus pusillus,Native,Forb,Native,CalFlora,D2,4,D,2,BORR,Control,rgr_h_AM,0.04989151649016356
D2.DAUPUS.1,DAUPUS,Daucus pusillus,Native,Forb,Native,CalFlora,D2,4,D,2,BORR,Control,rgr_h_MJ,NA
D2.GERDIS.1,GERDIS,Geranium dissectum,Non-native,Forb,Limited,Cal IPC,D2,4,D,2,BORR,Control,rgr_h_FM,0.05011051873981472
D2.GERDIS.1,GERDIS,Geranium dissectum,Non-native,Forb,Limited,Cal IPC,D2,4,D,2,BORR,Control,rgr_h_MA,0.04107145604308774
D2.GERDIS.1,GERDIS,Geranium dissectum,Non-native,Forb,Limited,Cal IPC,D2,4,D,2,BORR,Control,rgr_h_AM,NA
D2.GERDIS.1,GERDIS,Geranium dissectum,Non-native,Forb,Limited,Cal IPC,D2,4,D,2,BORR,Control,rgr_h_MJ,NA
D2.LUPBIC.1,LUPBIC,Lupinus bicolor,Native,Forb,Native,CalFlora,D2,4,D,2,BORR,Control,rgr_h_FM,NA
D2.LUPBIC.1,LUPBIC,Lupinus bicolor,Native,Forb,Native,CalFlora,D2,4,D,2,BORR,Control,rgr_h_MA,0.04620981203732968
D2.LUPBIC.1,LUPBIC,Lupinus bicolor,Native,Forb,Native,CalFlora,D2,4,D,2,BORR,Control,rgr_h_AM,NA
D2.LUPBIC.1,LUPBIC,Lupinus bicolor,Native,Forb,Native,CalFlora,D2,4,D,2,BORR,Control,rgr_h_MJ,NA
D2.MADGRA.1,MADGRA,Madia gracilis,Native,Forb,Native,CalFlora,D2,4,D,2,BORR,Control,rgr_h_FM,0.03422664440230882
D2.MADGRA.1,MADGRA,Madia gracilis,Native,Forb,Native,CalFlora,D2,4,D,2,BORR,Control,rgr_h_MA,0.04662389603728158
D2.MADGRA.1,MADGRA,Madia gracilis,Native,Forb,Native,CalFlora,D2,4,D,2,BORR,Control,rgr_h_AM,0.02175758435068491
D2.MADGRA.1,MADGRA,Madia gracilis,Native,Forb,Native,CalFlora,D2,4,D,2,BORR,Control,rgr_h_MJ,NA
D2.TORARV.1,TORARV,Torilis arvensis,Non-native,Forb,Moderate,Cal IPC,D2,4,D,2,BORR,Control,rgr_h_FM,0.05545177444479562
D2.TORARV.1,TORARV,Torilis arvensis,Non-native,Forb,Moderate,Cal IPC,D2,4,D,2,BORR,Control,rgr_h_MA,0.0321693632014529
D2.TORARV.1,TORARV,Torilis arvensis,Non-native,Forb,Moderate,Cal IPC,D2,4,D,2,BORR,Control,rgr_h_AM,0.02933675431649124
D2.TORARV.1,TORARV,Torilis arvensis,Non-native,Forb,Moderate,Cal IPC,D2,4,D,2,BORR,Control,rgr_h_MJ,NA
D3.AMSMEN.1,AMSMEN,Amsinckia menziesii,Native,Forb,Native,CalFlora,D3,4,D,3,WWP,Control,rgr_h_FM,0.01470899120501268
D3.AMSMEN.1,AMSMEN,Amsinckia menziesii,Native,Forb,Native,CalFlora,D3,4,D,3,WWP,Control,rgr_h_MA,NA
D3.AMSMEN.1,AMSMEN,Amsinckia menziesii,Native,Forb,Native,CalFlora,D3,4,D,3,WWP,Control,rgr_h_AM,NA
D3.AMSMEN.1,AMSMEN,Amsinckia menziesii,Native,Forb,Native,CalFlora,D3,4,D,3,WWP,Control,rgr_h_MJ,NA
D3.BRODIA.1,BRODIA,Bromus diandrus,Non-native,Grass,Moderate,Cal IPC,D3,4,D,3,WWP,Control,rgr_h_FM,NA
D3.BRODIA.1,BRODIA,Bromus diandrus,Non-native,Grass,Moderate,Cal IPC,D3,4,D,3,WWP,Control,rgr_h_MA,0.04212306796758527
D3.BRODIA.1,BRODIA,Bromus diandrus,Non-native,Grass,Moderate,Cal IPC,D3,4,D,3,WWP,Control,rgr_h_AM,0.01320621379764096
D3.BRODIA.1,BRODIA,Bromus diandrus,Non-native,Grass,Moderate,Cal IPC,D3,4,D,3,WWP,Control,rgr_h_MJ,NA
D3.EROCIC.1,EROCIC,Erodium cicutarium,Non-native,Forb,Non-native,CalFlora,D3,4,D,3,WWP,Control,rgr_h_FM,0.05197131936521043
D3.EROCIC.1,EROCIC,Erodium cicutarium,Non-native,Forb,Non-native,CalFlora,D3,4,D,3,WWP,Control,rgr_h_MA,0.01641588283659314
D3.EROCIC.1,EROCIC,Erodium cicutarium,Non-native,Forb,Non-native,CalFlora,D3,4,D,3,WWP,Control,rgr_h_AM,NA
D3.EROCIC.1,EROCIC,Erodium cicutarium,Non-native,Forb,Non-native,CalFlora,D3,4,D,3,WWP,Control,rgr_h_MJ,NA
D3.PHATAN.1,PHATAN,Phacelia tanacetifolia,Native,Forb,Native,CalFlora,D3,4,D,3,WWP,Control,rgr_h_FM,0.00296431888614887
D3.PHATAN.1,PHATAN,Phacelia tanacetifolia,Native,Forb,Native,CalFlora,D3,4,D,3,WWP,Control,rgr_h_MA,0.01796655002442289
D3.PHATAN.1,PHATAN,Phacelia tanacetifolia,Native,Forb,Native,CalFlora,D3,4,D,3,WWP,Control,rgr_h_AM,NA
D3.PHATAN.1,PHATAN,Phacelia tanacetifolia,Native,Forb,Native,CalFlora,D3,4,D,3,WWP,Control,rgr_h_MJ,NA
D4.BRODIA.1,BRODIA,Bromus diandrus,Non-native,Grass,Moderate,Cal IPC,D4,4,D,4,MCL,Control,rgr_h_FM,NA
D4.BRODIA.1,BRODIA,Bromus diandrus,Non-native,Grass,Moderate,Cal IPC,D4,4,D,4,MCL,Control,rgr_h_MA,0.04620981203732968
D4.BRODIA.1,BRODIA,Bromus diandrus,Non-native,Grass,Moderate,Cal IPC,D4,4,D,4,MCL,Control,rgr_h_AM,NA
D4.BRODIA.1,BRODIA,Bromus diandrus,Non-native,Grass,Moderate,Cal IPC,D4,4,D,4,MCL,Control,rgr_h_MJ,NA
D4.BROHOR.1,BROHOR,Bromus hordeaceaus,Non-native,Grass,Limited,Cal IPC,D4,4,D,4,MCL,Control,rgr_h_FM,NA
D4.BROHOR.1,BROHOR,Bromus hordeaceaus,Non-native,Grass,Limited,Cal IPC,D4,4,D,4,MCL,Control,rgr_h_MA,0.02512572674587934
D4.BROHOR.1,BROHOR,Bromus hordeaceaus,Non-native,Grass,Limited,Cal IPC,D4,4,D,4,MCL,Control,rgr_h_AM,NA
D4.BROHOR.1,BROHOR,Bromus hordeaceaus,Non-native,Grass,Limited,Cal IPC,D4,4,D,4,MCL,Control,rgr_h_MJ,NA
D4.BROMAD.1,BROMAD,Bromus madritensis,Non-native,Grass,High,Cal IPC,D4,4,D,4,MCL,Control,rgr_h_FM,NA
D4.BROMAD.1,BROMAD,Bromus madritensis,Non-native,Grass,High,Cal IPC,D4,4,D,4,MCL,Control,rgr_h_MA,0.03405504158439938
D4.BROMAD.1,BROMAD,Bromus madritensis,Non-native,Grass,High,Cal IPC,D4,4,D,4,MCL,Control,rgr_h_AM,NA
D4.BROMAD.1,BROMAD,Bromus madritensis,Non-native,Grass,High,Cal IPC,D4,4,D,4,MCL,Control,rgr_h_MJ,NA
D4.ELYCAP.1,ELYCAP,Elymus caput-medusae,Non-native,Grass,High,Cal IPC,D4,4,D,4,MCL,Control,rgr_h_FM,0.0341766131262427
D4.ELYCAP.1,ELYCAP,Elymus caput-medusae,Non-native,Grass,High,Cal IPC,D4,4,D,4,MCL,Control,rgr_h_MA,0.01975012182600859
D4.ELYCAP.1,ELYCAP,Elymus caput-medusae,Non-native,Grass,High,Cal IPC,D4,4,D,4,MCL,Control,rgr_h_AM,0.04166490815685122
D4.ELYCAP.1,ELYCAP,Elymus caput-medusae,Non-native,Grass,High,Cal IPC,D4,4,D,4,MCL,Control,rgr_h_MJ,NA
D4.HOLVIR.1,HOLVIR,Holocarpha virgata,Native,Forb,Native,CalFlora,D4,4,D,4,MCL,Control,rgr_h_FM,0.03777846435363406
D4.HOLVIR.1,HOLVIR,Holocarpha virgata,Native,Forb,Native,CalFlora,D4,4,D,4,MCL,Control,rgr_h_MA,0.03269430843372421
D4.HOLVIR.1,HOLVIR,Holocarpha virgata,Native,Forb,Native,CalFlora,D4,4,D,4,MCL,Control,rgr_h_AM,0.0357643187510592
D4.HOLVIR.1,HOLVIR,Holocarpha virgata,Native,Forb,Native,CalFlora,D4,4,D,4,MCL,Control,rgr_h_MJ,0.00795004686892627
D4.LUPBIC.1,LUPBIC,Lupinus bicolor,Native,Forb,Native,CalFlora,D4,4,D,4,MCL,Control,rgr_h_FM,NA
D4.LUPBIC.1,LUPBIC,Lupinus bicolor,Native,Forb,Native,CalFlora,D4,4,D,4,MCL,Control,rgr_h_MA,NA
D4.LUPBIC.1,LUPBIC,Lupinus bicolor,Native,Forb,Native,CalFlora,D4,4,D,4,MCL,Control,rgr_h_AM,NA
D4.LUPBIC.1,LUPBIC,Lupinus bicolor,Native,Forb,Native,CalFlora,D4,4,D,4,MCL,Control,rgr_h_MJ,NA
D4.MICCAL.1,MICCAL,Micropus californicus,Native,Forb,Native,CalFlora,D4,4,D,4,MCL,Control,rgr_h_FM,0.03306714292737871
D4.MICCAL.1,MICCAL,Micropus californicus,Native,Forb,Native,CalFlora,D4,4,D,4,MCL,Control,rgr_h_MA,0.05364793041447001
D4.MICCAL.1,MICCAL,Micropus californicus,Native,Forb,Native,CalFlora,D4,4,D,4,MCL,Control,rgr_h_AM,NA
D4.MICCAL.1,MICCAL,Micropus californicus,Native,Forb,Native,CalFlora,D4,4,D,4,MCL,Control,rgr_h_MJ,NA
D4.PLAERE.1,PLAERE,Plantago erecta,Native,Forb,Native,CalFlora,D4,4,D,4,MCL,Control,rgr_h_FM,0.01621860432432657
D4.PLAERE.1,PLAERE,Plantago erecta,Native,Forb,Native,CalFlora,D4,4,D,4,MCL,Control,rgr_h_MA,0.03127565461976434
D4.PLAERE.1,PLAERE,Plantago erecta,Native,Forb,Native,CalFlora,D4,4,D,4,MCL,Control,rgr_h_AM,NA
D4.PLAERE.1,PLAERE,Plantago erecta,Native,Forb,Native,CalFlora,D4,4,D,4,MCL,Control,rgr_h_MJ,NA
D4.TRIHIR.1,TRIHIR,Trifolium hirtum,Non-native,Forb,Limited,Cal IPC,D4,4,D,4,MCL,Control,rgr_h_FM,0.05197131936521042
D4.TRIHIR.1,TRIHIR,Trifolium hirtum,Non-native,Forb,Limited,Cal IPC,D4,4,D,4,MCL,Control,rgr_h_MA,0.04911019127031735
D4.TRIHIR.1,TRIHIR,Trifolium hirtum,Non-native,Forb,Limited,Cal IPC,D4,4,D,4,MCL,Control,rgr_h_AM,0.02130908678777104
D4.TRIHIR.1,TRIHIR,Trifolium hirtum,Non-native,Forb,Limited,Cal IPC,D4,4,D,4,MCL,Control,rgr_h_MJ,NA
D5.AMSMEN.1,AMSMEN,Amsinckia menziesii,Native,Forb,Native,CalFlora,D5,4,D,5,WWP,Control,rgr_h_FM,0.02136329943721032
D5.AMSMEN.1,AMSMEN,Amsinckia menziesii,Native,Forb,Native,CalFlora,D5,4,D,5,WWP,Control,rgr_h_MA,NA
D5.AMSMEN.1,AMSMEN,Amsinckia menziesii,Native,Forb,Native,CalFlora,D5,4,D,5,WWP,Control,rgr_h_AM,NA
D5.AMSMEN.1,AMSMEN,Amsinckia menziesii,Native,Forb,Native,CalFlora,D5,4,D,5,WWP,Control,rgr_h_MJ,NA
D5.AVEBAR.1,AVEBAR,Avena barbata,Non-native,Grass,Moderate,Cal IPC,D5,4,D,5,WWP,Control,rgr_h_FM,NA
D5.AVEBAR.1,AVEBAR,Avena barbata,Non-native,Grass,Moderate,Cal IPC,D5,4,D,5,WWP,Control,rgr_h_MA,NA
D5.AVEBAR.1,AVEBAR,Avena barbata,Non-native,Grass,Moderate,Cal IPC,D5,4,D,5,WWP,Control,rgr_h_AM,0.03120058839942902
D5.AVEBAR.1,AVEBAR,Avena barbata,Non-native,Grass,Moderate,Cal IPC,D5,4,D,5,WWP,Control,rgr_h_MJ,NA
D5.BRODIA.1,BRODIA,Bromus diandrus,Non-native,Grass,Moderate,Cal IPC,D5,4,D,5,WWP,Control,rgr_h_FM,NA
D5.BRODIA.1,BRODIA,Bromus diandrus,Non-native,Grass,Moderate,Cal IPC,D5,4,D,5,WWP,Control,rgr_h_MA,0.03965280222912788
D5.BRODIA.1,BRODIA,Bromus diandrus,Non-native,Grass,Moderate,Cal IPC,D5,4,D,5,WWP,Control,rgr_h_AM,0.01248156877457557
D5.BRODIA.1,BRODIA,Bromus diandrus,Non-native,Grass,Moderate,Cal IPC,D5,4,D,5,WWP,Control,rgr_h_MJ,NA
D5.BROMAD.1,BROMAD,Bromus madritensis,Non-native,Grass,High,Cal IPC,D5,4,D,5,WWP,Control,rgr_h_FM,NA
D5.BROMAD.1,BROMAD,Bromus madritensis,Non-native,Grass,High,Cal IPC,D5,4,D,5,WWP,Control,rgr_h_MA,0.03817107681010009
D5.BROMAD.1,BROMAD,Bromus madritensis,Non-native,Grass,High,Cal IPC,D5,4,D,5,WWP,Control,rgr_h_AM,NA
D5.BROMAD.1,BROMAD,Bromus madritensis,Non-native,Grass,High,Cal IPC,D5,4,D,5,WWP,Control,rgr_h_MJ,NA
D5.LUPMIC.1,LUPMIC,Lupinus microcarpus,Native,Forb,Native,CalFlora,D5,4,D,5,WWP,Control,rgr_h_FM,0.0277258872223978
D5.LUPMIC.1,LUPMIC,Lupinus microcarpus,Native,Forb,Native,CalFlora,D5,4,D,5,WWP,Control,rgr_h_MA,0.02512572674587935
D5.LUPMIC.1,LUPMIC,Lupinus microcarpus,Native,Forb,Native,CalFlora,D5,4,D,5,WWP,Control,rgr_h_AM,0.02661977082202884
D5.LUPMIC.1,LUPMIC,Lupinus microcarpus,Native,Forb,Native,CalFlora,D5,4,D,5,WWP,Control,rgr_h_MJ,NA
D5.PHATAN.1,PHATAN,Phacelia tanacetifolia,Native,Forb,Native,CalFlora,D5,4,D,5,WWP,Control,rgr_h_FM,0.02043302495063963
D5.PHATAN.1,PHATAN,Phacelia tanacetifolia,Native,Forb,Native,CalFlora,D5,4,D,5,WWP,Control,rgr_h_MA,0.05364793041447002
D5.PHATAN.1,PHATAN,Phacelia tanacetifolia,Native,Forb,Native,CalFlora,D5,4,D,5,WWP,Control,rgr_h_AM,NA
D5.PHATAN.1,PHATAN,Phacelia tanacetifolia,Native,Forb,Native,CalFlora,D5,4,D,5,WWP,Control,rgr_h_MJ,NA
D6.BRODIA.1,BRODIA,Bromus diandrus,Non-native,Grass,Moderate,Cal IPC,D6,4,D,6,BORR,Control,rgr_h_FM,NA
D6.BRODIA.1,BRODIA,Bromus diandrus,Non-native,Grass,Moderate,Cal IPC,D6,4,D,6,BORR,Control,rgr_h_MA,0.05452517402504913
D6.BRODIA.1,BRODIA,Bromus diandrus,Non-native,Grass,Moderate,Cal IPC,D6,4,D,6,BORR,Control,rgr_h_AM,0.00481035554582044
D6.BRODIA.1,BRODIA,Bromus diandrus,Non-native,Grass,Moderate,Cal IPC,D6,4,D,6,BORR,Control,rgr_h_MJ,NA
D6.BROHOR.1,BROHOR,Bromus hordeaceaus,Non-native,Grass,Limited,Cal IPC,D6,4,D,6,BORR,Control,rgr_h_FM,NA
D6.BROHOR.1,BROHOR,Bromus hordeaceaus,Non-native,Grass,Limited,Cal IPC,D6,4,D,6,BORR,Control,rgr_h_MA,0.0501359132258758
D6.BROHOR.1,BROHOR,Bromus hordeaceaus,Non-native,Grass,Limited,Cal IPC,D6,4,D,6,BORR,Control,rgr_h_AM,NA
D6.BROHOR.1,BROHOR,Bromus hordeaceaus,Non-native,Grass,Limited,Cal IPC,D6,4,D,6,BORR,Control,rgr_h_MJ,NA
D6.DAUPUS.1,DAUPUS,Daucus pusillus,Native,Forb,Native,CalFlora,D6,4,D,6,BORR,Control,rgr_h_FM,0.06437751649736402
D6.DAUPUS.1,DAUPUS,Daucus pusillus,Native,Forb,Native,CalFlora,D6,4,D,6,BORR,Control,rgr_h_MA,0.05495528751957938
D6.DAUPUS.1,DAUPUS,Daucus pusillus,Native,Forb,Native,CalFlora,D6,4,D,6,BORR,Control,rgr_h_AM,0.01004632769225444
D6.DAUPUS.1,DAUPUS,Daucus pusillus,Native,Forb,Native,CalFlora,D6,4,D,6,BORR,Control,rgr_h_MJ,NA
D6.EROBOT.1,EROBOT,Erodium botrys,Non-native,Forb,Non-native,CalFlora,D6,4,D,6,BORR,Control,rgr_h_FM,0.0301508720950552
D6.EROBOT.1,EROBOT,Erodium botrys,Non-native,Forb,Non-native,CalFlora,D6,4,D,6,BORR,Control,rgr_h_MA,0.05245019677360123
D6.EROBOT.1,EROBOT,Erodium botrys,Non-native,Forb,Non-native,CalFlora,D6,4,D,6,BORR,Control,rgr_h_AM,NA
D6.EROBOT.1,EROBOT,Erodium botrys,Non-native,Forb,Non-native,CalFlora,D6,4,D,6,BORR,Control,rgr_h_MJ,NA
D6.GERDIS.1,GERDIS,Geranium dissectum,Non-native,Forb,Limited,Cal IPC,D6,4,D,6,BORR,Control,rgr_h_FM,0.05926418163696862
D6.GERDIS.1,GERDIS,Geranium dissectum,Non-native,Forb,Limited,Cal IPC,D6,4,D,6,BORR,Control,rgr_h_MA,0.03506974243444057
D6.GERDIS.1,GERDIS,Geranium dissectum,Non-native,Forb,Limited,Cal IPC,D6,4,D,6,BORR,Control,rgr_h_AM,NA
D6.GERDIS.1,GERDIS,Geranium dissectum,Non-native,Forb,Limited,Cal IPC,D6,4,D,6,BORR,Control,rgr_h_MJ,NA
D6.LUPBIC.1,LUPBIC,Lupinus bicolor,Native,Forb,Native,CalFlora,D6,4,D,6,BORR,Control,rgr_h_FM,0.03092759552933927
D6.LUPBIC.1,LUPBIC,Lupinus bicolor,Native,Forb,Native,CalFlora,D6,4,D,6,BORR,Control,rgr_h_MA,-0.00266809025578454
D6.LUPBIC.1,LUPBIC,Lupinus bicolor,Native,Forb,Native,CalFlora,D6,4,D,6,BORR,Control,rgr_h_AM,0.03871350510441216
D6.LUPBIC.1,LUPBIC,Lupinus bicolor,Native,Forb,Native,CalFlora,D6,4,D,6,BORR,Control,rgr_h_MJ,NA
D6.MADGRA.1,MADGRA,Madia gracilis,Native,Forb,Native,CalFlora,D6,4,D,6,BORR,Control,rgr_h_FM,0.06509825671747115
D6.MADGRA.1,MADGRA,Madia gracilis,Native,Forb,Native,CalFlora,D6,4,D,6,BORR,Control,rgr_h_MA,0.02189265121296902
D6.MADGRA.1,MADGRA,Madia gracilis,Native,Forb,Native,CalFlora,D6,4,D,6,BORR,Control,rgr_h_AM,0.0323362734322189
D6.MADGRA.1,MADGRA,Madia gracilis,Native,Forb,Native,CalFlora,D6,4,D,6,BORR,Control,rgr_h_MJ,NA
D6.TORARV.1,TORARV,Torilis arvensis,Non-native,Forb,Moderate,Cal IPC,D6,4,D,6,BORR,Control,rgr_h_FM,0.05287023359929278
D6.TORARV.1,TORARV,Torilis arvensis,Non-native,Forb,Moderate,Cal IPC,D6,4,D,6,BORR,Control,rgr_h_MA,0.05038191680246322
D6.TORARV.1,TORARV,Torilis arvensis,Non-native,Forb,Moderate,Cal IPC,D6,4,D,6,BORR,Control,rgr_h_AM,0.00918244001933296
D6.TORARV.1,TORARV,Torilis arvensis,Non-native,Forb,Moderate,Cal IPC,D6,4,D,6,BORR,Control,rgr_h_MJ,NA
D6.TRIHIR.1,TRIHIR,Trifolium hirtum,Non-native,Forb,Limited,Cal IPC,D6,4,D,6,BORR,Control,rgr_h_FM,0.03822045780109746
D6.TRIHIR.1,TRIHIR,Trifolium hirtum,Non-native,Forb,Limited,Cal IPC,D6,4,D,6,BORR,Control,rgr_h_MA,0.04354172178154514
D6.TRIHIR.1,TRIHIR,Trifolium hirtum,Non-native,Forb,Limited,Cal IPC,D6,4,D,6,BORR,Control,rgr_h_AM,0.01409618147837943
D6.TRIHIR.1,TRIHIR,Trifolium hirtum,Non-native,Forb,Limited,Cal IPC,D6,4,D,6,BORR,Control,rgr_h_MJ,NA
D6.VICSAT.1,VICSAT,Vicia sativa,Non-native,Forb,Non-native,CalFlora,D6,4,D,6,BORR,Control,rgr_h_FM,0.04966852529235132
D6.VICSAT.1,VICSAT,Vicia sativa,Non-native,Forb,Non-native,CalFlora,D6,4,D,6,BORR,Control,rgr_h_MA,0.02979392920073655
D6.VICSAT.1,VICSAT,Vicia sativa,Non-native,Forb,Non-native,CalFlora,D6,4,D,6,BORR,Control,rgr_h_AM,NA
D6.VICSAT.1,VICSAT,Vicia sativa,Non-native,Forb,Non-native,CalFlora,D6,4,D,6,BORR,Control,rgr_h_MJ,NA
D7.BRODIA.1,BRODIA,Bromus diandrus,Non-native,Grass,Moderate,Cal IPC,D7,4,D,7,SEDG,Control,rgr_h_FM,NA
D7.BRODIA.1,BRODIA,Bromus diandrus,Non-native,Grass,Moderate,Cal IPC,D7,4,D,7,SEDG,Control,rgr_h_MA,NA
D7.BRODIA.1,BRODIA,Bromus diandrus,Non-native,Grass,Moderate,Cal IPC,D7,4,D,7,SEDG,Control,rgr_h_AM,NA
D7.BRODIA.1,BRODIA,Bromus diandrus,Non-native,Grass,Moderate,Cal IPC,D7,4,D,7,SEDG,Control,rgr_h_MJ,NA
D7.BROHOR.1,BROHOR,Bromus hordeaceaus,Non-native,Grass,Limited,Cal IPC,D7,4,D,7,SEDG,Control,rgr_h_FM,NA
D7.BROHOR.1,BROHOR,Bromus hordeaceaus,Non-native,Grass,Limited,Cal IPC,D7,4,D,7,SEDG,Control,rgr_h_MA,0.03971313407063585
D7.BROHOR.1,BROHOR,Bromus hordeaceaus,Non-native,Grass,Limited,Cal IPC,D7,4,D,7,SEDG,Control,rgr_h_AM,NA
D7.BROHOR.1,BROHOR,Bromus hordeaceaus,Non-native,Grass,Limited,Cal IPC,D7,4,D,7,SEDG,Control,rgr_h_MJ,NA
D7.CENMEL.1,CENMEL,Centaurea melitensis,Non-native,Forb,Moderate,Cal IPC,D7,4,D,7,SEDG,Control,rgr_h_FM,0.08317766166719343
D7.CENMEL.1,CENMEL,Centaurea melitensis,Non-native,Forb,Moderate,Cal IPC,D7,4,D,7,SEDG,Control,rgr_h_MA,0.03662040962227032
D7.CENMEL.1,CENMEL,Centaurea melitensis,Non-native,Forb,Moderate,Cal IPC,D7,4,D,7,SEDG,Control,rgr_h_AM,0.04866762395588931
D7.CENMEL.1,CENMEL,Centaurea melitensis,Non-native,Forb,Moderate,Cal IPC,D7,4,D,7,SEDG,Control,rgr_h_MJ,NA
D7.CORFIL.1,CORFIL,Corethrogyne filaginafolia,Native,Forb,Native,CalFlora,D7,4,D,7,SEDG,Control,rgr_h_FM,0.0404640364671392
D7.CORFIL.1,CORFIL,Corethrogyne filaginafolia,Native,Forb,Native,CalFlora,D7,4,D,7,SEDG,Control,rgr_h_MA,0.02458663143769264
D7.CORFIL.1,CORFIL,Corethrogyne filaginafolia,Native,Forb,Native,CalFlora,D7,4,D,7,SEDG,Control,rgr_h_AM,0.02966191582686664
D7.CORFIL.1,CORFIL,Corethrogyne filaginafolia,Native,Forb,Native,CalFlora,D7,4,D,7,SEDG,Control,rgr_h_MJ,0.03829126711431423
D7.ESCCAL.1,ESCCAL,Eschscholzia californica,Native,Forb,Native,CalFlora,D7,4,D,7,SEDG,Control,rgr_h_FM,0.03153829441457081
D7.ESCCAL.1,ESCCAL,Eschscholzia californica,Native,Forb,Native,CalFlora,D7,4,D,7,SEDG,Control,rgr_h_MA,0.03858175962303478
D7.ESCCAL.1,ESCCAL,Eschscholzia californica,Native,Forb,Native,CalFlora,D7,4,D,7,SEDG,Control,rgr_h_AM,0.02248753056070225
D7.ESCCAL.1,ESCCAL,Eschscholzia californica,Native,Forb,Native,CalFlora,D7,4,D,7,SEDG,Control,rgr_h_MJ,-0.00888048338566088
D7.MICCAL.1,MICCAL,Micropus californicus,Native,Forb,Native,CalFlora,D7,4,D,7,SEDG,Control,rgr_h_FM,0.04394449154672439
D7.MICCAL.1,MICCAL,Micropus californicus,Native,Forb,Native,CalFlora,D7,4,D,7,SEDG,Control,rgr_h_MA,0.04666958944174088
D7.MICCAL.1,MICCAL,Micropus californicus,Native,Forb,Native,CalFlora,D7,4,D,7,SEDG,Control,rgr_h_AM,NA
D7.MICCAL.1,MICCAL,Micropus californicus,Native,Forb,Native,CalFlora,D7,4,D,7,SEDG,Control,rgr_h_MJ,NA
D8.BRODIA.1,BRODIA,Bromus diandrus,Non-native,Grass,Moderate,Cal IPC,D8,4,D,8,SEDG,Control,rgr_h_FM,NA
D8.BRODIA.1,BRODIA,Bromus diandrus,Non-native,Grass,Moderate,Cal IPC,D8,4,D,8,SEDG,Control,rgr_h_MA,0.03987502527440086
D8.BRODIA.1,BRODIA,Bromus diandrus,Non-native,Grass,Moderate,Cal IPC,D8,4,D,8,SEDG,Control,rgr_h_AM,-0.00406168116349562
D8.BRODIA.1,BRODIA,Bromus diandrus,Non-native,Grass,Moderate,Cal IPC,D8,4,D,8,SEDG,Control,rgr_h_MJ,NA
D8.BROHOR.1,BROHOR,Bromus hordeaceaus,Non-native,Grass,Limited,Cal IPC,D8,4,D,8,SEDG,Control,rgr_h_FM,NA
D8.BROHOR.1,BROHOR,Bromus hordeaceaus,Non-native,Grass,Limited,Cal IPC,D8,4,D,8,SEDG,Control,rgr_h_MA,0.03054302439580517
D8.BROHOR.1,BROHOR,Bromus hordeaceaus,Non-native,Grass,Limited,Cal IPC,D8,4,D,8,SEDG,Control,rgr_h_AM,NA
D8.BROHOR.1,BROHOR,Bromus hordeaceaus,Non-native,Grass,Limited,Cal IPC,D8,4,D,8,SEDG,Control,rgr_h_MJ,NA
D8.BROMAD.1,BROMAD,Bromus madritensis,Non-native,Grass,High,Cal IPC,D8,4,D,8,SEDG,Control,rgr_h_FM,NA
D8.BROMAD.1,BROMAD,Bromus madritensis,Non-native,Grass,High,Cal IPC,D8,4,D,8,SEDG,Control,rgr_h_MA,0.03499407081662258
D8.BROMAD.1,BROMAD,Bromus madritensis,Non-native,Grass,High,Cal IPC,D8,4,D,8,SEDG,Control,rgr_h_AM,NA
D8.BROMAD.1,BROMAD,Bromus madritensis,Non-native,Grass,High,Cal IPC,D8,4,D,8,SEDG,Control,rgr_h_MJ,NA
D8.CENMEL.1,CENMEL,Centaurea melitensis,Non-native,Forb,Moderate,Cal IPC,D8,4,D,8,SEDG,Control,rgr_h_FM,0.07783640596221254
D8.CENMEL.1,CENMEL,Centaurea melitensis,Non-native,Forb,Moderate,Cal IPC,D8,4,D,8,SEDG,Control,rgr_h_MA,0.02858167439504071
D8.CENMEL.1,CENMEL,Centaurea melitensis,Non-native,Forb,Moderate,Cal IPC,D8,4,D,8,SEDG,Control,rgr_h_AM,0.06206540121954213
D8.CENMEL.1,CENMEL,Centaurea melitensis,Non-native,Forb,Moderate,Cal IPC,D8,4,D,8,SEDG,Control,rgr_h_MJ,NA
D8.CORFIL.1,CORFIL,Corethrogyne filaginafolia,Native,Forb,Native,CalFlora,D8,4,D,8,SEDG,Control,rgr_h_FM,0.035018749494156
D8.CORFIL.1,CORFIL,Corethrogyne filaginafolia,Native,Forb,Native,CalFlora,D8,4,D,8,SEDG,Control,rgr_h_MA,0.02310490601866484
D8.CORFIL.1,CORFIL,Corethrogyne filaginafolia,Native,Forb,Native,CalFlora,D8,4,D,8,SEDG,Control,rgr_h_AM,0.0170275207921997
D8.CORFIL.1,CORFIL,Corethrogyne filaginafolia,Native,Forb,Native,CalFlora,D8,4,D,8,SEDG,Control,rgr_h_MJ,0.0212132978996632
D8.MICCAL.1,MICCAL,Micropus californicus,Native,Forb,Native,CalFlora,D8,4,D,8,SEDG,Control,rgr_h_FM,0.04165815499312644
D8.MICCAL.1,MICCAL,Micropus californicus,Native,Forb,Native,CalFlora,D8,4,D,8,SEDG,Control,rgr_h_MA,NA
D8.MICCAL.1,MICCAL,Micropus californicus,Native,Forb,Native,CalFlora,D8,4,D,8,SEDG,Control,rgr_h_AM,NA
D8.MICCAL.1,MICCAL,Micropus californicus,Native,Forb,Native,CalFlora,D8,4,D,8,SEDG,Control,rgr_h_MJ,NA
E1.AIRCAR.1,AIRCAR,Aira caryophyllea,Non-native,Grass,Non-native,CalFlora,E1,5,E,1,ANGELO,Control,rgr_h_FM,0.03772420203891254
E1.AIRCAR.1,AIRCAR,Aira caryophyllea,Non-native,Grass,Non-native,CalFlora,E1,5,E,1,ANGELO,Control,rgr_h_MA,0.05016835788167815
E1.AIRCAR.1,AIRCAR,Aira caryophyllea,Non-native,Grass,Non-native,CalFlora,E1,5,E,1,ANGELO,Control,rgr_h_AM,0.02454751564659252
E1.AIRCAR.1,AIRCAR,Aira caryophyllea,Non-native,Grass,Non-native,CalFlora,E1,5,E,1,ANGELO,Control,rgr_h_MJ,NA
E1.BRODIA.1,BRODIA,Bromus diandrus,Non-native,Grass,Moderate,Cal IPC,E1,5,E,1,ANGELO,Control,rgr_h_FM,NA
E1.BRODIA.1,BRODIA,Bromus diandrus,Non-native,Grass,Moderate,Cal IPC,E1,5,E,1,ANGELO,Control,rgr_h_MA,0.03061772493275806
E1.BRODIA.1,BRODIA,Bromus diandrus,Non-native,Grass,Moderate,Cal IPC,E1,5,E,1,ANGELO,Control,rgr_h_AM,0.058391468846404
E1.BRODIA.1,BRODIA,Bromus diandrus,Non-native,Grass,Moderate,Cal IPC,E1,5,E,1,ANGELO,Control,rgr_h_MJ,NA
E1.BROHOR.1,BROHOR,Bromus hordeaceaus,Non-native,Grass,Limited,Cal IPC,E1,5,E,1,ANGELO,Control,rgr_h_FM,NA
E1.BROHOR.1,BROHOR,Bromus hordeaceaus,Non-native,Grass,Limited,Cal IPC,E1,5,E,1,ANGELO,Control,rgr_h_MA,0.02244947420630798
E1.BROHOR.1,BROHOR,Bromus hordeaceaus,Non-native,Grass,Limited,Cal IPC,E1,5,E,1,ANGELO,Control,rgr_h_AM,0.06558799448212539
E1.BROHOR.1,BROHOR,Bromus hordeaceaus,Non-native,Grass,Limited,Cal IPC,E1,5,E,1,ANGELO,Control,rgr_h_MJ,NA
E1.DAUPUS.1,DAUPUS,Daucus pusillus,Native,Forb,Native,CalFlora,E1,5,E,1,ANGELO,Control,rgr_h_FM,0.02665950694461328
E1.DAUPUS.1,DAUPUS,Daucus pusillus,Native,Forb,Native,CalFlora,E1,5,E,1,ANGELO,Control,rgr_h_MA,0.08137868804948961
E1.DAUPUS.1,DAUPUS,Daucus pusillus,Native,Forb,Native,CalFlora,E1,5,E,1,ANGELO,Control,rgr_h_AM,0.03623044105016422
E1.DAUPUS.1,DAUPUS,Daucus pusillus,Native,Forb,Native,CalFlora,E1,5,E,1,ANGELO,Control,rgr_h_MJ,NA
E1.GALPAR.1,GALPAR,Galium parisiense,Non-native,Forb,Non-native,CalFlora,E1,5,E,1,ANGELO,Control,rgr_h_FM,0.03524195122592904
E1.GALPAR.1,GALPAR,Galium parisiense,Non-native,Forb,Non-native,CalFlora,E1,5,E,1,ANGELO,Control,rgr_h_MA,0.05134423559703299
E1.GALPAR.1,GALPAR,Galium parisiense,Non-native,Forb,Non-native,CalFlora,E1,5,E,1,ANGELO,Control,rgr_h_AM,0.03337405872765867
E1.GALPAR.1,GALPAR,Galium parisiense,Non-native,Forb,Non-native,CalFlora,E1,5,E,1,ANGELO,Control,rgr_h_MJ,NA
E1.HYPGLA.1,HYPGLA,Hypochaeris glabra,Non-native,Forb,Limited,Cal IPC,E1,5,E,1,ANGELO,Control,rgr_h_FM,0.05331901388922656
E1.HYPGLA.1,HYPGLA,Hypochaeris glabra,Non-native,Forb,Limited,Cal IPC,E1,5,E,1,ANGELO,Control,rgr_h_MA,0.05134423559703299
E1.HYPGLA.1,HYPGLA,Hypochaeris glabra,Non-native,Forb,Limited,Cal IPC,E1,5,E,1,ANGELO,Control,rgr_h_AM,0.04952503672166459
E1.HYPGLA.1,HYPGLA,Hypochaeris glabra,Non-native,Forb,Limited,Cal IPC,E1,5,E,1,ANGELO,Control,rgr_h_MJ,NA
E1.MADGRA.1,MADGRA,Madia gracilis,Native,Forb,Native,CalFlora,E1,5,E,1,ANGELO,Control,rgr_h_FM,0.0422543187949273
E1.MADGRA.1,MADGRA,Madia gracilis,Native,Forb,Native,CalFlora,E1,5,E,1,ANGELO,Control,rgr_h_MA,0.01891946754688853
E1.MADGRA.1,MADGRA,Madia gracilis,Native,Forb,Native,CalFlora,E1,5,E,1,ANGELO,Control,rgr_h_AM,0.0634355706321072
E1.MADGRA.1,MADGRA,Madia gracilis,Native,Forb,Native,CalFlora,E1,5,E,1,ANGELO,Control,rgr_h_MJ,NA
E2.AMSMEN.1,AMSMEN,Amsinckia menziesii,Native,Forb,Native,CalFlora,E2,5,E,2,WWP,Control,rgr_h_FM,0.03179532973786415
E2.AMSMEN.1,AMSMEN,Amsinckia menziesii,Native,Forb,Native,CalFlora,E2,5,E,2,WWP,Control,rgr_h_MA,NA
E2.AMSMEN.1,AMSMEN,Amsinckia menziesii,Native,Forb,Native,CalFlora,E2,5,E,2,WWP,Control,rgr_h_AM,NA
E2.AMSMEN.1,AMSMEN,Amsinckia menziesii,Native,Forb,Native,CalFlora,E2,5,E,2,WWP,Control,rgr_h_MJ,NA
E2.BRODIA.1,BRODIA,Bromus diandrus,Non-native,Grass,Moderate,Cal IPC,E2,5,E,2,WWP,Control,rgr_h_FM,NA
E2.BRODIA.1,BRODIA,Bromus diandrus,Non-native,Grass,Moderate,Cal IPC,E2,5,E,2,WWP,Control,rgr_h_MA,0.04536816530710128
E2.BRODIA.1,BRODIA,Bromus diandrus,Non-native,Grass,Moderate,Cal IPC,E2,5,E,2,WWP,Control,rgr_h_AM,0.01595927098648275
E2.BRODIA.1,BRODIA,Bromus diandrus,Non-native,Grass,Moderate,Cal IPC,E2,5,E,2,WWP,Control,rgr_h_MJ,NA
E2.CAUCOU.1,CAUCOU,Caulanthus coulteri,Native,Forb,Native,CalFlora,E2,5,E,2,WWP,Control,rgr_h_FM,NA
E2.CAUCOU.1,CAUCOU,Caulanthus coulteri,Native,Forb,Native,CalFlora,E2,5,E,2,WWP,Control,rgr_h_MA,NA
E2.CAUCOU.1,CAUCOU,Caulanthus coulteri,Native,Forb,Native,CalFlora,E2,5,E,2,WWP,Control,rgr_h_AM,NA
E2.CAUCOU.1,CAUCOU,Caulanthus coulteri,Native,Forb,Native,CalFlora,E2,5,E,2,WWP,Control,rgr_h_MJ,NA
E2.EROCIC.1,EROCIC,Erodium cicutarium,Non-native,Forb,Non-native,CalFlora,E2,5,E,2,WWP,Control,rgr_h_FM,0.04818319109597569
E2.EROCIC.1,EROCIC,Erodium cicutarium,Non-native,Forb,Non-native,CalFlora,E2,5,E,2,WWP,Control,rgr_h_MA,0.0362007629137475
E2.EROCIC.1,EROCIC,Erodium cicutarium,Non-native,Forb,Non-native,CalFlora,E2,5,E,2,WWP,Control,rgr_h_AM,0.03748456633168939
E2.EROCIC.1,EROCIC,Erodium cicutarium,Non-native,Forb,Non-native,CalFlora,E2,5,E,2,WWP,Control,rgr_h_MJ,NA
E3.AIRCAR.1,AIRCAR,Aira caryophyllea,Non-native,Grass,Non-native,CalFlora,E3,5,E,3,ANGELO,Control,rgr_h_FM,0.03772420203891254
E3.AIRCAR.1,AIRCAR,Aira caryophyllea,Non-native,Grass,Non-native,CalFlora,E3,5,E,3,ANGELO,Control,rgr_h_MA,0.03788318236786585
E3.AIRCAR.1,AIRCAR,Aira caryophyllea,Non-native,Grass,Non-native,CalFlora,E3,5,E,3,ANGELO,Control,rgr_h_AM,0.02764264516281751
E3.AIRCAR.1,AIRCAR,Aira caryophyllea,Non-native,Grass,Non-native,CalFlora,E3,5,E,3,ANGELO,Control,rgr_h_MJ,NA
E3.BRODIA.1,BRODIA,Bromus diandrus,Non-native,Grass,Moderate,Cal IPC,E3,5,E,3,ANGELO,Control,rgr_h_FM,NA
E3.BRODIA.1,BRODIA,Bromus diandrus,Non-native,Grass,Moderate,Cal IPC,E3,5,E,3,ANGELO,Control,rgr_h_MA,0.01027270100382369
E3.BRODIA.1,BRODIA,Bromus diandrus,Non-native,Grass,Moderate,Cal IPC,E3,5,E,3,ANGELO,Control,rgr_h_AM,0.06189865481912759
E3.BRODIA.1,BRODIA,Bromus diandrus,Non-native,Grass,Moderate,Cal IPC,E3,5,E,3,ANGELO,Control,rgr_h_MJ,NA
E3.BROHOR.1,BROHOR,Bromus hordeaceaus,Non-native,Grass,Limited,Cal IPC,E3,5,E,3,ANGELO,Control,rgr_h_FM,NA
E3.BROHOR.1,BROHOR,Bromus hordeaceaus,Non-native,Grass,Limited,Cal IPC,E3,5,E,3,ANGELO,Control,rgr_h_MA,0.0130795196163924
E3.BROHOR.1,BROHOR,Bromus hordeaceaus,Non-native,Grass,Limited,Cal IPC,E3,5,E,3,ANGELO,Control,rgr_h_AM,0.06422219589997288
E3.BROHOR.1,BROHOR,Bromus hordeaceaus,Non-native,Grass,Limited,Cal IPC,E3,5,E,3,ANGELO,Control,rgr_h_MJ,NA
E3.DAUPUS.1,DAUPUS,Daucus pusillus,Native,Forb,Native,CalFlora,E3,5,E,3,ANGELO,Control,rgr_h_FM,0.01964713937561502
E3.DAUPUS.1,DAUPUS,Daucus pusillus,Native,Forb,Native,CalFlora,E3,5,E,3,ANGELO,Control,rgr_h_MA,0.03321352958648897
E3.DAUPUS.1,DAUPUS,Daucus pusillus,Native,Forb,Native,CalFlora,E3,5,E,3,ANGELO,Control,rgr_h_AM,0.04960276256174004
E3.DAUPUS.1,DAUPUS,Daucus pusillus,Native,Forb,Native,CalFlora,E3,5,E,3,ANGELO,Control,rgr_h_MJ,NA
E3.ESCCAL.1,ESCCAL,Eschscholzia californica,Native,Forb,Native,CalFlora,E3,5,E,3,ANGELO,Control,rgr_h_FM,0.0463066463202283
E3.ESCCAL.1,ESCCAL,Eschscholzia californica,Native,Forb,Native,CalFlora,E3,5,E,3,ANGELO,Control,rgr_h_MA,0.01896086015813287
E3.ESCCAL.1,ESCCAL,Eschscholzia californica,Native,Forb,Native,CalFlora,E3,5,E,3,ANGELO,Control,rgr_h_AM,0.01132904493023177
E3.ESCCAL.1,ESCCAL,Eschscholzia californica,Native,Forb,Native,CalFlora,E3,5,E,3,ANGELO,Control,rgr_h_MJ,0.03949148653663034
E3.GALPAR.1,GALPAR,Galium parisiense,Non-native,Forb,Non-native,CalFlora,E3,5,E,3,ANGELO,Control,rgr_h_FM,0.05331901388922656
E3.GALPAR.1,GALPAR,Galium parisiense,Non-native,Forb,Non-native,CalFlora,E3,5,E,3,ANGELO,Control,rgr_h_MA,0.06390327318924463
E3.GALPAR.1,GALPAR,Galium parisiense,Non-native,Forb,Non-native,CalFlora,E3,5,E,3,ANGELO,Control,rgr_h_AM,NA
E3.GALPAR.1,GALPAR,Galium parisiense,Non-native,Forb,Non-native,CalFlora,E3,5,E,3,ANGELO,Control,rgr_h_MJ,NA
E3.MADGRA.1,MADGRA,Madia gracilis,Native,Forb,Native,CalFlora,E3,5,E,3,ANGELO,Control,rgr_h_FM,0.02665950694461328
E3.MADGRA.1,MADGRA,Madia gracilis,Native,Forb,Native,CalFlora,E3,5,E,3,ANGELO,Control,rgr_h_MA,0.02543410839884742
E3.MADGRA.1,MADGRA,Madia gracilis,Native,Forb,Native,CalFlora,E3,5,E,3,ANGELO,Control,rgr_h_AM,0.04323097780616802
E3.MADGRA.1,MADGRA,Madia gracilis,Native,Forb,Native,CalFlora,E3,5,E,3,ANGELO,Control,rgr_h_MJ,NA
E4.AMSMEN.1,AMSMEN,Amsinckia menziesii,Native,Forb,Native,CalFlora,E4,5,E,4,WWP,Control,rgr_h_FM,0.02152368415136241
E4.AMSMEN.1,AMSMEN,Amsinckia menziesii,Native,Forb,Native,CalFlora,E4,5,E,4,WWP,Control,rgr_h_MA,NA
E4.AMSMEN.1,AMSMEN,Amsinckia menziesii,Native,Forb,Native,CalFlora,E4,5,E,4,WWP,Control,rgr_h_AM,NA
E4.AMSMEN.1,AMSMEN,Amsinckia menziesii,Native,Forb,Native,CalFlora,E4,5,E,4,WWP,Control,rgr_h_MJ,NA
E4.BRODIA.1,BRODIA,Bromus diandrus,Non-native,Grass,Moderate,Cal IPC,E4,5,E,4,WWP,Control,rgr_h_FM,NA
E4.BRODIA.1,BRODIA,Bromus diandrus,Non-native,Grass,Moderate,Cal IPC,E4,5,E,4,WWP,Control,rgr_h_MA,0.03761550839392636
E4.BRODIA.1,BRODIA,Bromus diandrus,Non-native,Grass,Moderate,Cal IPC,E4,5,E,4,WWP,Control,rgr_h_AM,0.01757007107620862
E4.BRODIA.1,BRODIA,Bromus diandrus,Non-native,Grass,Moderate,Cal IPC,E4,5,E,4,WWP,Control,rgr_h_MJ,NA
E4.BROMAD.1,BROMAD,Bromus madritensis,Non-native,Grass,High,Cal IPC,E4,5,E,4,WWP,Control,rgr_h_FM,NA
E4.BROMAD.1,BROMAD,Bromus madritensis,Non-native,Grass,High,Cal IPC,E4,5,E,4,WWP,Control,rgr_h_MA,0.05086854344983498
E4.BROMAD.1,BROMAD,Bromus madritensis,Non-native,Grass,High,Cal IPC,E4,5,E,4,WWP,Control,rgr_h_AM,NA
E4.BROMAD.1,BROMAD,Bromus madritensis,Non-native,Grass,High,Cal IPC,E4,5,E,4,WWP,Control,rgr_h_MJ,NA
E4.EROCIC.1,EROCIC,Erodium cicutarium,Non-native,Forb,Non-native,CalFlora,E4,5,E,4,WWP,Control,rgr_h_FM,NA
E4.EROCIC.1,EROCIC,Erodium cicutarium,Non-native,Forb,Non-native,CalFlora,E4,5,E,4,WWP,Control,rgr_h_MA,NA
E4.EROCIC.1,EROCIC,Erodium cicutarium,Non-native,Forb,Non-native,CalFlora,E4,5,E,4,WWP,Control,rgr_h_AM,NA
E4.EROCIC.1,EROCIC,Erodium cicutarium,Non-native,Forb,Non-native,CalFlora,E4,5,E,4,WWP,Control,rgr_h_MJ,NA
E4.LUPMIC.1,LUPMIC,Lupinus microcarpus,Native,Forb,Native,CalFlora,E4,5,E,4,WWP,Control,rgr_h_FM,0.01371826707456663
E4.LUPMIC.1,LUPMIC,Lupinus microcarpus,Native,Forb,Native,CalFlora,E4,5,E,4,WWP,Control,rgr_h_MA,0.03877169366018936
E4.LUPMIC.1,LUPMIC,Lupinus microcarpus,Native,Forb,Native,CalFlora,E4,5,E,4,WWP,Control,rgr_h_AM,0.04212734019732887
E4.LUPMIC.1,LUPMIC,Lupinus microcarpus,Native,Forb,Native,CalFlora,E4,5,E,4,WWP,Control,rgr_h_MJ,NA
E5.AVEBAR.1,AVEBAR,Avena barbata,Non-native,Grass,Moderate,Cal IPC,E5,5,E,5,SEDG,Control,rgr_h_FM,NA
E5.AVEBAR.1,AVEBAR,Avena barbata,Non-native,Grass,Moderate,Cal IPC,E5,5,E,5,SEDG,Control,rgr_h_MA,NA
E5.AVEBAR.1,AVEBAR,Avena barbata,Non-native,Grass,Moderate,Cal IPC,E5,5,E,5,SEDG,Control,rgr_h_AM,NA
E5.AVEBAR.1,AVEBAR,Avena barbata,Non-native,Grass,Moderate,Cal IPC,E5,5,E,5,SEDG,Control,rgr_h_MJ,NA
E5.BRODIA.1,BRODIA,Bromus diandrus,Non-native,Grass,Moderate,Cal IPC,E5,5,E,5,SEDG,Control,rgr_h_FM,NA
E5.BRODIA.1,BRODIA,Bromus diandrus,Non-native,Grass,Moderate,Cal IPC,E5,5,E,5,SEDG,Control,rgr_h_MA,0.01307951961639239
E5.BRODIA.1,BRODIA,Bromus diandrus,Non-native,Grass,Moderate,Cal IPC,E5,5,E,5,SEDG,Control,rgr_h_AM,0.00520918733697014
E5.BRODIA.1,BRODIA,Bromus diandrus,Non-native,Grass,Moderate,Cal IPC,E5,5,E,5,SEDG,Control,rgr_h_MJ,NA
E5.BROMAD.1,BROMAD,Bromus madritensis,Non-native,Grass,High,Cal IPC,E5,5,E,5,SEDG,Control,rgr_h_FM,NA
E5.BROMAD.1,BROMAD,Bromus madritensis,Non-native,Grass,High,Cal IPC,E5,5,E,5,SEDG,Control,rgr_h_MA,0.03070996175729787
E5.BROMAD.1,BROMAD,Bromus madritensis,Non-native,Grass,High,Cal IPC,E5,5,E,5,SEDG,Control,rgr_h_AM,0.00490156770393213
E5.BROMAD.1,BROMAD,Bromus madritensis,Non-native,Grass,High,Cal IPC,E5,5,E,5,SEDG,Control,rgr_h_MJ,NA
E5.CENMEL.1,CENMEL,Centaurea melitensis,Non-native,Forb,Moderate,Cal IPC,E5,5,E,5,SEDG,Control,rgr_h_FM,0.06891382573954058
E5.CENMEL.1,CENMEL,Centaurea melitensis,Non-native,Forb,Moderate,Cal IPC,E5,5,E,5,SEDG,Control,rgr_h_MA,0.03096051109077077
E5.CENMEL.1,CENMEL,Centaurea melitensis,Non-native,Forb,Moderate,Cal IPC,E5,5,E,5,SEDG,Control,rgr_h_AM,0.05593527834349711
E5.CENMEL.1,CENMEL,Centaurea melitensis,Non-native,Forb,Moderate,Cal IPC,E5,5,E,5,SEDG,Control,rgr_h_MJ,NA
E5.EROCIC.1,EROCIC,Erodium cicutarium,Non-native,Forb,Non-native,CalFlora,E5,5,E,5,SEDG,Control,rgr_h_FM,0.08658814610024981
E5.EROCIC.1,EROCIC,Erodium cicutarium,Non-native,Forb,Non-native,CalFlora,E5,5,E,5,SEDG,Control,rgr_h_MA,0.03247757223919313
E5.EROCIC.1,EROCIC,Erodium cicutarium,Non-native,Forb,Non-native,CalFlora,E5,5,E,5,SEDG,Control,rgr_h_AM,0.0151807965048353
E5.EROCIC.1,EROCIC,Erodium cicutarium,Non-native,Forb,Non-native,CalFlora,E5,5,E,5,SEDG,Control,rgr_h_MJ,NA
E5.MICCAL.1,MICCAL,Micropus californicus,Native,Forb,Native,CalFlora,E5,5,E,5,SEDG,Control,rgr_h_FM,0.03960074681465993
E5.MICCAL.1,MICCAL,Micropus californicus,Native,Forb,Native,CalFlora,E5,5,E,5,SEDG,Control,rgr_h_MA,0.03906742813209032
E5.MICCAL.1,MICCAL,Micropus californicus,Native,Forb,Native,CalFlora,E5,5,E,5,SEDG,Control,rgr_h_AM,NA
E5.MICCAL.1,MICCAL,Micropus californicus,Native,Forb,Native,CalFlora,E5,5,E,5,SEDG,Control,rgr_h_MJ,NA
E6.BRODIA.1,BRODIA,Bromus diandrus,Non-native,Grass,Moderate,Cal IPC,E6,5,E,6,SEDG,Control,rgr_h_FM,NA
E6.BRODIA.1,BRODIA,Bromus diandrus,Non-native,Grass,Moderate,Cal IPC,E6,5,E,6,SEDG,Control,rgr_h_MA,0.03053535746353174
E6.BRODIA.1,BRODIA,Bromus diandrus,Non-native,Grass,Moderate,Cal IPC,E6,5,E,6,SEDG,Control,rgr_h_AM,-0.00512402653302334
E6.BRODIA.1,BRODIA,Bromus diandrus,Non-native,Grass,Moderate,Cal IPC,E6,5,E,6,SEDG,Control,rgr_h_MJ,NA
E6.BROMAD.1,BROMAD,Bromus madritensis,Non-native,Grass,High,Cal IPC,E6,5,E,6,SEDG,Control,rgr_h_FM,NA
E6.BROMAD.1,BROMAD,Bromus madritensis,Non-native,Grass,High,Cal IPC,E6,5,E,6,SEDG,Control,rgr_h_MA,0.05868253043277965
E6.BROMAD.1,BROMAD,Bromus madritensis,Non-native,Grass,High,Cal IPC,E6,5,E,6,SEDG,Control,rgr_h_AM,NA
E6.BROMAD.1,BROMAD,Bromus madritensis,Non-native,Grass,High,Cal IPC,E6,5,E,6,SEDG,Control,rgr_h_MJ,NA
E6.CENMEL.1,CENMEL,Centaurea melitensis,Non-native,Forb,Moderate,Cal IPC,E6,5,E,6,SEDG,Control,rgr_h_FM,0.07834161258696308
E6.CENMEL.1,CENMEL,Centaurea melitensis,Non-native,Forb,Moderate,Cal IPC,E6,5,E,6,SEDG,Control,rgr_h_MA,0.03250453259556075
E6.CENMEL.1,CENMEL,Centaurea melitensis,Non-native,Forb,Moderate,Cal IPC,E6,5,E,6,SEDG,Control,rgr_h_AM,0.04861465029414084
E6.CENMEL.1,CENMEL,Centaurea melitensis,Non-native,Forb,Moderate,Cal IPC,E6,5,E,6,SEDG,Control,rgr_h_MJ,NA
E6.CORFIL.1,CORFIL,Corethrogyne filaginafolia,Native,Forb,Native,CalFlora,E6,5,E,6,SEDG,Control,rgr_h_FM,0.02931307892488064
E6.CORFIL.1,CORFIL,Corethrogyne filaginafolia,Native,Forb,Native,CalFlora,E6,5,E,6,SEDG,Control,rgr_h_MA,0.01516140739502372
E6.CORFIL.1,CORFIL,Corethrogyne filaginafolia,Native,Forb,Native,CalFlora,E6,5,E,6,SEDG,Control,rgr_h_AM,0.04516419379079896
E6.CORFIL.1,CORFIL,Corethrogyne filaginafolia,Native,Forb,Native,CalFlora,E6,5,E,6,SEDG,Control,rgr_h_MJ,0.03215955693771892
E6.EROCIC.1,EROCIC,Erodium cicutarium,Non-native,Forb,Non-native,CalFlora,E6,5,E,6,SEDG,Control,rgr_h_FM,0.06556723431686251
E6.EROCIC.1,EROCIC,Erodium cicutarium,Non-native,Forb,Non-native,CalFlora,E6,5,E,6,SEDG,Control,rgr_h_MA,0.04684684931973187
E6.EROCIC.1,EROCIC,Erodium cicutarium,Non-native,Forb,Non-native,CalFlora,E6,5,E,6,SEDG,Control,rgr_h_AM,0.00403039957749775
E6.EROCIC.1,EROCIC,Erodium cicutarium,Non-native,Forb,Non-native,CalFlora,E6,5,E,6,SEDG,Control,rgr_h_MJ,NA
E6.STIPUL.1,STIPUL,Stipa pulchra,Native,Grass,Native,CalFlora,E6,5,E,6,SEDG,Control,rgr_h_FM,NA
E6.STIPUL.1,STIPUL,Stipa pulchra,Native,Grass,Native,CalFlora,E6,5,E,6,SEDG,Control,rgr_h_MA,0.02235958646967565
E6.STIPUL.1,STIPUL,Stipa pulchra,Native,Grass,Native,CalFlora,E6,5,E,6,SEDG,Control,rgr_h_AM,0.00294457589140959
E6.STIPUL.1,STIPUL,Stipa pulchra,Native,Grass,Native,CalFlora,E6,5,E,6,SEDG,Control,rgr_h_MJ,0.00619767739163684
E7.BROHOR.1,BROHOR,Bromus hordeaceaus,Non-native,Grass,Limited,Cal IPC,E7,5,E,7,MCL,Control,rgr_h_FM,NA
E7.BROHOR.1,BROHOR,Bromus hordeaceaus,Non-native,Grass,Limited,Cal IPC,E7,5,E,7,MCL,Control,rgr_h_MA,0.02484220069987333
E7.BROHOR.1,BROHOR,Bromus hordeaceaus,Non-native,Grass,Limited,Cal IPC,E7,5,E,7,MCL,Control,rgr_h_AM,NA
E7.BROHOR.1,BROHOR,Bromus hordeaceaus,Non-native,Grass,Limited,Cal IPC,E7,5,E,7,MCL,Control,rgr_h_MJ,NA
E7.BROMAD.1,BROMAD,Bromus madritensis,Non-native,Grass,High,Cal IPC,E7,5,E,7,MCL,Control,rgr_h_FM,NA
E7.BROMAD.1,BROMAD,Bromus madritensis,Non-native,Grass,High,Cal IPC,E7,5,E,7,MCL,Control,rgr_h_MA,0.02917600884603717
E7.BROMAD.1,BROMAD,Bromus madritensis,Non-native,Grass,High,Cal IPC,E7,5,E,7,MCL,Control,rgr_h_AM,NA
E7.BROMAD.1,BROMAD,Bromus madritensis,Non-native,Grass,High,Cal IPC,E7,5,E,7,MCL,Control,rgr_h_MJ,NA
E7.ELYCAP.1,ELYCAP,Elymus caput-medusae,Non-native,Grass,High,Cal IPC,E7,5,E,7,MCL,Control,rgr_h_FM,0.02665950694461328
E7.ELYCAP.1,ELYCAP,Elymus caput-medusae,Non-native,Grass,High,Cal IPC,E7,5,E,7,MCL,Control,rgr_h_MA,0.02027769869104432
E7.ELYCAP.1,ELYCAP,Elymus caput-medusae,Non-native,Grass,High,Cal IPC,E7,5,E,7,MCL,Control,rgr_h_AM,0.05044533189952792
E7.ELYCAP.1,ELYCAP,Elymus caput-medusae,Non-native,Grass,High,Cal IPC,E7,5,E,7,MCL,Control,rgr_h_MJ,NA
E7.MICCAL.1,MICCAL,Micropus californicus,Native,Forb,Native,CalFlora,E7,5,E,7,MCL,Control,rgr_h_FM,0.0422543187949273
E7.MICCAL.1,MICCAL,Micropus californicus,Native,Forb,Native,CalFlora,E7,5,E,7,MCL,Control,rgr_h_MA,0.04314529667582124
E7.MICCAL.1,MICCAL,Micropus californicus,Native,Forb,Native,CalFlora,E7,5,E,7,MCL,Control,rgr_h_AM,NA
E7.MICCAL.1,MICCAL,Micropus californicus,Native,Forb,Native,CalFlora,E7,5,E,7,MCL,Control,rgr_h_MJ,NA
E8.AVEBAR.1,AVEBAR,Avena barbata,Non-native,Grass,Moderate,Cal IPC,E8,5,E,8,BORR,Control,rgr_h_FM,-0.01236860092797933
E8.AVEBAR.1,AVEBAR,Avena barbata,Non-native,Grass,Moderate,Cal IPC,E8,5,E,8,BORR,Control,rgr_h_MA,0.04119661513402899
E8.AVEBAR.1,AVEBAR,Avena barbata,Non-native,Grass,Moderate,Cal IPC,E8,5,E,8,BORR,Control,rgr_h_AM,0.0458360026195207
E8.AVEBAR.1,AVEBAR,Avena barbata,Non-native,Grass,Moderate,Cal IPC,E8,5,E,8,BORR,Control,rgr_h_MJ,NA
E8.BRODIA.1,BRODIA,Bromus diandrus,Non-native,Grass,Moderate,Cal IPC,E8,5,E,8,BORR,Control,rgr_h_FM,NA
E8.BRODIA.1,BRODIA,Bromus diandrus,Non-native,Grass,Moderate,Cal IPC,E8,5,E,8,BORR,Control,rgr_h_MA,0.03178334204390666
E8.BRODIA.1,BRODIA,Bromus diandrus,Non-native,Grass,Moderate,Cal IPC,E8,5,E,8,BORR,Control,rgr_h_AM,0.0285894822945116
E8.BRODIA.1,BRODIA,Bromus diandrus,Non-native,Grass,Moderate,Cal IPC,E8,5,E,8,BORR,Control,rgr_h_MJ,NA
E8.BROHOR.1,BROHOR,Bromus hordeaceaus,Non-native,Grass,Limited,Cal IPC,E8,5,E,8,BORR,Control,rgr_h_FM,NA
E8.BROHOR.1,BROHOR,Bromus hordeaceaus,Non-native,Grass,Limited,Cal IPC,E8,5,E,8,BORR,Control,rgr_h_MA,0.04902663721756171
E8.BROHOR.1,BROHOR,Bromus hordeaceaus,Non-native,Grass,Limited,Cal IPC,E8,5,E,8,BORR,Control,rgr_h_AM,NA
E8.BROHOR.1,BROHOR,Bromus hordeaceaus,Non-native,Grass,Limited,Cal IPC,E8,5,E,8,BORR,Control,rgr_h_MJ,NA
E8.DAUPUS.1,DAUPUS,Daucus pusillus,Native,Forb,Native,CalFlora,E8,5,E,8,BORR,Control,rgr_h_FM,0.03772420203891254
E8.DAUPUS.1,DAUPUS,Daucus pusillus,Native,Forb,Native,CalFlora,E8,5,E,8,BORR,Control,rgr_h_MA,0.04851862570246045
E8.DAUPUS.1,DAUPUS,Daucus pusillus,Native,Forb,Native,CalFlora,E8,5,E,8,BORR,Control,rgr_h_AM,0.02838621754510838
E8.DAUPUS.1,DAUPUS,Daucus pusillus,Native,Forb,Native,CalFlora,E8,5,E,8,BORR,Control,rgr_h_MJ,NA
E8.EROBOT.1,EROBOT,Erodium botrys,Non-native,Forb,Non-native,CalFlora,E8,5,E,8,BORR,Control,rgr_h_FM,0.04926668636392555
E8.EROBOT.1,EROBOT,Erodium botrys,Non-native,Forb,Non-native,CalFlora,E8,5,E,8,BORR,Control,rgr_h_MA,0.0447191729393513
E8.EROBOT.1,EROBOT,Erodium botrys,Non-native,Forb,Non-native,CalFlora,E8,5,E,8,BORR,Control,rgr_h_AM,0.033991536440659
E8.EROBOT.1,EROBOT,Erodium botrys,Non-native,Forb,Non-native,CalFlora,E8,5,E,8,BORR,Control,rgr_h_MJ,NA
E8.GERDIS.1,GERDIS,Geranium dissectum,Non-native,Forb,Limited,Cal IPC,E8,5,E,8,BORR,Control,rgr_h_FM,0.03890772737224923
E8.GERDIS.1,GERDIS,Geranium dissectum,Non-native,Forb,Limited,Cal IPC,E8,5,E,8,BORR,Control,rgr_h_MA,0.0432185272737096
E8.GERDIS.1,GERDIS,Geranium dissectum,Non-native,Forb,Limited,Cal IPC,E8,5,E,8,BORR,Control,rgr_h_AM,NA
E8.GERDIS.1,GERDIS,Geranium dissectum,Non-native,Forb,Limited,Cal IPC,E8,5,E,8,BORR,Control,rgr_h_MJ,NA
E8.MADGRA.1,MADGRA,Madia gracilis,Native,Forb,Native,CalFlora,E8,5,E,8,BORR,Control,rgr_h_FM,0.04926668636392555
E8.MADGRA.1,MADGRA,Madia gracilis,Native,Forb,Native,CalFlora,E8,5,E,8,BORR,Control,rgr_h_MA,0.0419123543267826
E8.MADGRA.1,MADGRA,Madia gracilis,Native,Forb,Native,CalFlora,E8,5,E,8,BORR,Control,rgr_h_AM,0.02845553566907889
E8.MADGRA.1,MADGRA,Madia gracilis,Native,Forb,Native,CalFlora,E8,5,E,8,BORR,Control,rgr_h_MJ,NA
E8.TORARV.1,TORARV,Torilis arvensis,Non-native,Forb,Moderate,Cal IPC,E8,5,E,8,BORR,Control,rgr_h_FM,0.04997242246654849
E8.TORARV.1,TORARV,Torilis arvensis,Non-native,Forb,Moderate,Cal IPC,E8,5,E,8,BORR,Control,rgr_h_MA,0.04752599155192001
E8.TORARV.1,TORARV,Torilis arvensis,Non-native,Forb,Moderate,Cal IPC,E8,5,E,8,BORR,Control,rgr_h_AM,0.02676103529253533
E8.TORARV.1,TORARV,Torilis arvensis,Non-native,Forb,Moderate,Cal IPC,E8,5,E,8,BORR,Control,rgr_h_MJ,NA
E8.TRIHIR.1,TRIHIR,Trifolium hirtum,Non-native,Forb,Limited,Cal IPC,E8,5,E,8,BORR,Control,rgr_h_FM,0.05924788619027495
E8.TRIHIR.1,TRIHIR,Trifolium hirtum,Non-native,Forb,Limited,Cal IPC,E8,5,E,8,BORR,Control,rgr_h_MA,0.03766468258564713
E8.TRIHIR.1,TRIHIR,Trifolium hirtum,Non-native,Forb,Limited,Cal IPC,E8,5,E,8,BORR,Control,rgr_h_AM,NA
E8.TRIHIR.1,TRIHIR,Trifolium hirtum,Non-native,Forb,Limited,Cal IPC,E8,5,E,8,BORR,Control,rgr_h_MJ,NA
F1.ACMPAR.1,ACMPAR,Acmispon parviflorus,Native,Forb,Native,CalFlora,F1,1,F,1,ANGELO,Control,rgr_h_FM,NA
F1.ACMPAR.1,ACMPAR,Acmispon parviflorus,Native,Forb,Native,CalFlora,F1,1,F,1,ANGELO,Control,rgr_h_MA,0.03382169837971469
F1.ACMPAR.1,ACMPAR,Acmispon parviflorus,Native,Forb,Native,CalFlora,F1,1,F,1,ANGELO,Control,rgr_h_AM,NA
F1.ACMPAR.1,ACMPAR,Acmispon parviflorus,Native,Forb,Native,CalFlora,F1,1,F,1,ANGELO,Control,rgr_h_MJ,NA
F1.AIRCAR.1,AIRCAR,Aira caryophyllea,Non-native,Grass,Non-native,CalFlora,F1,1,F,1,ANGELO,Control,rgr_h_FM,0
F1.AIRCAR.1,AIRCAR,Aira caryophyllea,Non-native,Grass,Non-native,CalFlora,F1,1,F,1,ANGELO,Control,rgr_h_MA,0.03974756930822019
F1.AIRCAR.1,AIRCAR,Aira caryophyllea,Non-native,Grass,Non-native,CalFlora,F1,1,F,1,ANGELO,Control,rgr_h_AM,0.0453208704679243
F1.AIRCAR.1,AIRCAR,Aira caryophyllea,Non-native,Grass,Non-native,CalFlora,F1,1,F,1,ANGELO,Control,rgr_h_MJ,NA
F1.BRODIA.1,BRODIA,Bromus diandrus,Non-native,Grass,Moderate,Cal IPC,F1,1,F,1,ANGELO,Control,rgr_h_FM,NA
F1.BRODIA.1,BRODIA,Bromus diandrus,Non-native,Grass,Moderate,Cal IPC,F1,1,F,1,ANGELO,Control,rgr_h_MA,0.02666172028391316
F1.BRODIA.1,BRODIA,Bromus diandrus,Non-native,Grass,Moderate,Cal IPC,F1,1,F,1,ANGELO,Control,rgr_h_AM,0.03947033333171925
F1.BRODIA.1,BRODIA,Bromus diandrus,Non-native,Grass,Moderate,Cal IPC,F1,1,F,1,ANGELO,Control,rgr_h_MJ,NA
F1.BROHOR.1,BROHOR,Bromus hordeaceaus,Non-native,Grass,Limited,Cal IPC,F1,1,F,1,ANGELO,Control,rgr_h_FM,NA
F1.BROHOR.1,BROHOR,Bromus hordeaceaus,Non-native,Grass,Limited,Cal IPC,F1,1,F,1,ANGELO,Control,rgr_h_MA,0.04319872305156441
F1.BROHOR.1,BROHOR,Bromus hordeaceaus,Non-native,Grass,Limited,Cal IPC,F1,1,F,1,ANGELO,Control,rgr_h_AM,0.05932610927271131
F1.BROHOR.1,BROHOR,Bromus hordeaceaus,Non-native,Grass,Limited,Cal IPC,F1,1,F,1,ANGELO,Control,rgr_h_MJ,NA
F1.DANCAL.1,DANCAL,Danthonia californica,Native,Grass,Native,CalFlora,F1,1,F,1,ANGELO,Control,rgr_h_FM,NA
F1.DANCAL.1,DANCAL,Danthonia californica,Native,Grass,Native,CalFlora,F1,1,F,1,ANGELO,Control,rgr_h_MA,NA
F1.DANCAL.1,DANCAL,Danthonia californica,Native,Grass,Native,CalFlora,F1,1,F,1,ANGELO,Control,rgr_h_AM,NA
F1.DANCAL.1,DANCAL,Danthonia californica,Native,Grass,Native,CalFlora,F1,1,F,1,ANGELO,Control,rgr_h_MJ,0.00554529029778032
F1.ESCCAL.1,ESCCAL,Eschscholzia californica,Native,Forb,Native,CalFlora,F1,1,F,1,ANGELO,Control,rgr_h_FM,0.02166084939249829
F1.ESCCAL.1,ESCCAL,Eschscholzia californica,Native,Forb,Native,CalFlora,F1,1,F,1,ANGELO,Control,rgr_h_MA,0.05186473781987152
F1.ESCCAL.1,ESCCAL,Eschscholzia californica,Native,Forb,Native,CalFlora,F1,1,F,1,ANGELO,Control,rgr_h_AM,0.01779304450562975
F1.ESCCAL.1,ESCCAL,Eschscholzia californica,Native,Forb,Native,CalFlora,F1,1,F,1,ANGELO,Control,rgr_h_MJ,0.00194951776729279
F1.GALPAR.1,GALPAR,Galium parisiense,Non-native,Forb,Non-native,CalFlora,F1,1,F,1,ANGELO,Control,rgr_h_FM,0
F1.GALPAR.1,GALPAR,Galium parisiense,Non-native,Forb,Non-native,CalFlora,F1,1,F,1,ANGELO,Control,rgr_h_MA,0.05186473781987152
F1.GALPAR.1,GALPAR,Galium parisiense,Non-native,Forb,Non-native,CalFlora,F1,1,F,1,ANGELO,Control,rgr_h_AM,0.01403327182691614
F1.GALPAR.1,GALPAR,Galium parisiense,Non-native,Forb,Non-native,CalFlora,F1,1,F,1,ANGELO,Control,rgr_h_MJ,NA
F1.HYPGLA.1,HYPGLA,Hypochaeris glabra,Non-native,Forb,Limited,Cal IPC,F1,1,F,1,ANGELO,Control,rgr_h_FM,0.04332169878499658
F1.HYPGLA.1,HYPGLA,Hypochaeris glabra,Non-native,Forb,Limited,Cal IPC,F1,1,F,1,ANGELO,Control,rgr_h_MA,0.00769460521773137
F1.HYPGLA.1,HYPGLA,Hypochaeris glabra,Non-native,Forb,Limited,Cal IPC,F1,1,F,1,ANGELO,Control,rgr_h_AM,0.09759689687921358
F1.HYPGLA.1,HYPGLA,Hypochaeris glabra,Non-native,Forb,Limited,Cal IPC,F1,1,F,1,ANGELO,Control,rgr_h_MJ,NA
F1.MADGRA.1,MADGRA,Madia gracilis,Native,Forb,Native,CalFlora,F1,1,F,1,ANGELO,Control,rgr_h_FM,0.03065091415661644
F1.MADGRA.1,MADGRA,Madia gracilis,Native,Forb,Native,CalFlora,F1,1,F,1,ANGELO,Control,rgr_h_MA,0.05029706974825919
F1.MADGRA.1,MADGRA,Madia gracilis,Native,Forb,Native,CalFlora,F1,1,F,1,ANGELO,Control,rgr_h_AM,0.05454497745787749
F1.MADGRA.1,MADGRA,Madia gracilis,Native,Forb,Native,CalFlora,F1,1,F,1,ANGELO,Control,rgr_h_MJ,NA
F2.AVEBAR.1,AVEBAR,Avena barbata,Non-native,Grass,Moderate,Cal IPC,F2,1,F,2,WWP,Control,rgr_h_FM,NA
F2.AVEBAR.1,AVEBAR,Avena barbata,Non-native,Grass,Moderate,Cal IPC,F2,1,F,2,WWP,Control,rgr_h_MA,0.02785346769996376
F2.AVEBAR.1,AVEBAR,Avena barbata,Non-native,Grass,Moderate,Cal IPC,F2,1,F,2,WWP,Control,rgr_h_AM,0.06802362382583553
F2.AVEBAR.1,AVEBAR,Avena barbata,Non-native,Grass,Moderate,Cal IPC,F2,1,F,2,WWP,Control,rgr_h_MJ,NA
F2.BROARE.1,BROARE,Bromus arenarius,Non-native,Grass,Non-native,CalFlora,F2,1,F,2,WWP,Control,rgr_h_FM,NA
F2.BROARE.1,BROARE,Bromus arenarius,Non-native,Grass,Non-native,CalFlora,F2,1,F,2,WWP,Control,rgr_h_MA,0.01674164882005865
F2.BROARE.1,BROARE,Bromus arenarius,Non-native,Grass,Non-native,CalFlora,F2,1,F,2,WWP,Control,rgr_h_AM,-0.00340562005812034
F2.BROARE.1,BROARE,Bromus arenarius,Non-native,Grass,Non-native,CalFlora,F2,1,F,2,WWP,Control,rgr_h_MJ,NA
F2.BRODIA.1,BRODIA,Bromus diandrus,Non-native,Grass,Moderate,Cal IPC,F2,1,F,2,WWP,Control,rgr_h_FM,NA
F2.BRODIA.1,BRODIA,Bromus diandrus,Non-native,Grass,Moderate,Cal IPC,F2,1,F,2,WWP,Control,rgr_h_MA,0.01189105125143895
F2.BRODIA.1,BRODIA,Bromus diandrus,Non-native,Grass,Moderate,Cal IPC,F2,1,F,2,WWP,Control,rgr_h_AM,0.03511575632784488
F2.BRODIA.1,BRODIA,Bromus diandrus,Non-native,Grass,Moderate,Cal IPC,F2,1,F,2,WWP,Control,rgr_h_MJ,NA
F2.BROMAD.1,BROMAD,Bromus madritensis,Non-native,Grass,High,Cal IPC,F2,1,F,2,WWP,Control,rgr_h_FM,NA
F2.BROMAD.1,BROMAD,Bromus madritensis,Non-native,Grass,High,Cal IPC,F2,1,F,2,WWP,Control,rgr_h_MA,0.0374548196092949
F2.BROMAD.1,BROMAD,Bromus madritensis,Non-native,Grass,High,Cal IPC,F2,1,F,2,WWP,Control,rgr_h_AM,NA
F2.BROMAD.1,BROMAD,Bromus madritensis,Non-native,Grass,High,Cal IPC,F2,1,F,2,WWP,Control,rgr_h_MJ,NA
F2.EROCIC.1,EROCIC,Erodium cicutarium,Non-native,Forb,Non-native,CalFlora,F2,1,F,2,WWP,Control,rgr_h_FM,0.04332169878499658
F2.EROCIC.1,EROCIC,Erodium cicutarium,Non-native,Forb,Non-native,CalFlora,F2,1,F,2,WWP,Control,rgr_h_MA,0.03488279005787862
F2.EROCIC.1,EROCIC,Erodium cicutarium,Non-native,Forb,Non-native,CalFlora,F2,1,F,2,WWP,Control,rgr_h_AM,0.02891765038189608
F2.EROCIC.1,EROCIC,Erodium cicutarium,Non-native,Forb,Non-native,CalFlora,F2,1,F,2,WWP,Control,rgr_h_MJ,NA
F2.ESCCAL.1,ESCCAL,Eschscholzia californica,Native,Forb,Native,CalFlora,F2,1,F,2,WWP,Control,rgr_h_FM,0.03683296863567644
F2.ESCCAL.1,ESCCAL,Eschscholzia californica,Native,Forb,Native,CalFlora,F2,1,F,2,WWP,Control,rgr_h_MA,0.04780325383172036
F2.ESCCAL.1,ESCCAL,Eschscholzia californica,Native,Forb,Native,CalFlora,F2,1,F,2,WWP,Control,rgr_h_AM,0.00860539938104249
F2.ESCCAL.1,ESCCAL,Eschscholzia californica,Native,Forb,Native,CalFlora,F2,1,F,2,WWP,Control,rgr_h_MJ,-0.05810936417681597
F2.MIRMUL.1,MIRMUL,Mirabilis multiflora,Native,Forb,Native,CalFlora,F2,1,F,2,WWP,Control,rgr_h_FM,NA
F2.MIRMUL.1,MIRMUL,Mirabilis multiflora,Native,Forb,Native,CalFlora,F2,1,F,2,WWP,Control,rgr_h_MA,NA
F2.MIRMUL.1,MIRMUL,Mirabilis multiflora,Native,Forb,Native,CalFlora,F2,1,F,2,WWP,Control,rgr_h_AM,0.00588134054174047
F2.MIRMUL.1,MIRMUL,Mirabilis multiflora,Native,Forb,Native,CalFlora,F2,1,F,2,WWP,Control,rgr_h_MJ,NA
F3.AVEBAR.1,AVEBAR,Avena barbata,Non-native,Grass,Moderate,Cal IPC,F3,1,F,3,BORR,Control,rgr_h_FM,NA
F3.AVEBAR.1,AVEBAR,Avena barbata,Non-native,Grass,Moderate,Cal IPC,F3,1,F,3,BORR,Control,rgr_h_MA,0.0526226311550017
F3.AVEBAR.1,AVEBAR,Avena barbata,Non-native,Grass,Moderate,Cal IPC,F3,1,F,3,BORR,Control,rgr_h_AM,NA
F3.AVEBAR.1,AVEBAR,Avena barbata,Non-native,Grass,Moderate,Cal IPC,F3,1,F,3,BORR,Control,rgr_h_MJ,NA
F3.BRODIA.1,BRODIA,Bromus diandrus,Non-native,Grass,Moderate,Cal IPC,F3,1,F,3,BORR,Control,rgr_h_FM,NA
F3.BRODIA.1,BRODIA,Bromus diandrus,Non-native,Grass,Moderate,Cal IPC,F3,1,F,3,BORR,Control,rgr_h_MA,0.03401706863956564
F3.BRODIA.1,BRODIA,Bromus diandrus,Non-native,Grass,Moderate,Cal IPC,F3,1,F,3,BORR,Control,rgr_h_AM,0.03792166160638571
F3.BRODIA.1,BRODIA,Bromus diandrus,Non-native,Grass,Moderate,Cal IPC,F3,1,F,3,BORR,Control,rgr_h_MJ,NA
F3.BROHOR.1,BROHOR,Bromus hordeaceaus,Non-native,Grass,Limited,Cal IPC,F3,1,F,3,BORR,Control,rgr_h_FM,NA
F3.BROHOR.1,BROHOR,Bromus hordeaceaus,Non-native,Grass,Limited,Cal IPC,F3,1,F,3,BORR,Control,rgr_h_MA,0.03635036296887158
F3.BROHOR.1,BROHOR,Bromus hordeaceaus,Non-native,Grass,Limited,Cal IPC,F3,1,F,3,BORR,Control,rgr_h_AM,0.03236458415689628
F3.BROHOR.1,BROHOR,Bromus hordeaceaus,Non-native,Grass,Limited,Cal IPC,F3,1,F,3,BORR,Control,rgr_h_MJ,NA
F3.CLAPUR.1,CLAPUR,Clarkia purpurea,Native,Forb,Native,CalFlora,F3,1,F,3,BORR,Control,rgr_h_FM,0.03914884276548025
F3.CLAPUR.1,CLAPUR,Clarkia purpurea,Native,Forb,Native,CalFlora,F3,1,F,3,BORR,Control,rgr_h_MA,0.05381543959533338
F3.CLAPUR.1,CLAPUR,Clarkia purpurea,Native,Forb,Native,CalFlora,F3,1,F,3,BORR,Control,rgr_h_AM,-0.00213798997279617
F3.CLAPUR.1,CLAPUR,Clarkia purpurea,Native,Forb,Native,CalFlora,F3,1,F,3,BORR,Control,rgr_h_MJ,NA
F3.GERDIS.1,GERDIS,Geranium dissectum,Non-native,Forb,Limited,Cal IPC,F3,1,F,3,BORR,Control,rgr_h_FM,0.04060259325407064
F3.GERDIS.1,GERDIS,Geranium dissectum,Non-native,Forb,Limited,Cal IPC,F3,1,F,3,BORR,Control,rgr_h_MA,0.05962893490505934
F3.GERDIS.1,GERDIS,Geranium dissectum,Non-native,Forb,Limited,Cal IPC,F3,1,F,3,BORR,Control,rgr_h_AM,NA
F3.GERDIS.1,GERDIS,Geranium dissectum,Non-native,Forb,Limited,Cal IPC,F3,1,F,3,BORR,Control,rgr_h_MJ,NA
F3.MADGRA.1,MADGRA,Madia gracilis,Native,Forb,Native,CalFlora,F3,1,F,3,BORR,Control,rgr_h_FM,0.03602123468557455
F3.MADGRA.1,MADGRA,Madia gracilis,Native,Forb,Native,CalFlora,F3,1,F,3,BORR,Control,rgr_h_MA,0.04022189258644381
F3.MADGRA.1,MADGRA,Madia gracilis,Native,Forb,Native,CalFlora,F3,1,F,3,BORR,Control,rgr_h_AM,0.02803317063145771
F3.MADGRA.1,MADGRA,Madia gracilis,Native,Forb,Native,CalFlora,F3,1,F,3,BORR,Control,rgr_h_MJ,NA
F3.TORARV.1,TORARV,Torilis arvensis,Non-native,Forb,Moderate,Cal IPC,F3,1,F,3,BORR,Control,rgr_h_FM,0.03914884276548025
F3.TORARV.1,TORARV,Torilis arvensis,Non-native,Forb,Moderate,Cal IPC,F3,1,F,3,BORR,Control,rgr_h_MA,0.04960276256174003
F3.TORARV.1,TORARV,Torilis arvensis,Non-native,Forb,Moderate,Cal IPC,F3,1,F,3,BORR,Control,rgr_h_AM,0.02906618863434088
F3.TORARV.1,TORARV,Torilis arvensis,Non-native,Forb,Moderate,Cal IPC,F3,1,F,3,BORR,Control,rgr_h_MJ,NA
F3.TRIHIR.1,TRIHIR,Trifolium hirtum,Non-native,Forb,Limited,Cal IPC,F3,1,F,3,BORR,Control,rgr_h_FM,NA
F3.TRIHIR.1,TRIHIR,Trifolium hirtum,Non-native,Forb,Limited,Cal IPC,F3,1,F,3,BORR,Control,rgr_h_MA,0.05186473781987152
F3.TRIHIR.1,TRIHIR,Trifolium hirtum,Non-native,Forb,Limited,Cal IPC,F3,1,F,3,BORR,Control,rgr_h_AM,0.01264221968811584
F3.TRIHIR.1,TRIHIR,Trifolium hirtum,Non-native,Forb,Limited,Cal IPC,F3,1,F,3,BORR,Control,rgr_h_MJ,NA
F4.AVEBAR.1,AVEBAR,Avena barbata,Non-native,Grass,Moderate,Cal IPC,F4,1,F,4,MCL,Control,rgr_h_FM,NA
F4.AVEBAR.1,AVEBAR,Avena barbata,Non-native,Grass,Moderate,Cal IPC,F4,1,F,4,MCL,Control,rgr_h_MA,0.04176173352051035
F4.AVEBAR.1,AVEBAR,Avena barbata,Non-native,Grass,Moderate,Cal IPC,F4,1,F,4,MCL,Control,rgr_h_AM,0.04828902996798095
F4.AVEBAR.1,AVEBAR,Avena barbata,Non-native,Grass,Moderate,Cal IPC,F4,1,F,4,MCL,Control,rgr_h_MJ,NA
F4.BRODIA.1,BRODIA,Bromus diandrus,Non-native,Grass,Moderate,Cal IPC,F4,1,F,4,MCL,Control,rgr_h_FM,NA
F4.BRODIA.1,BRODIA,Bromus diandrus,Non-native,Grass,Moderate,Cal IPC,F4,1,F,4,MCL,Control,rgr_h_MA,0.02026850568627997
F4.BRODIA.1,BRODIA,Bromus diandrus,Non-native,Grass,Moderate,Cal IPC,F4,1,F,4,MCL,Control,rgr_h_AM,0.05505086289894703
F4.BRODIA.1,BRODIA,Bromus diandrus,Non-native,Grass,Moderate,Cal IPC,F4,1,F,4,MCL,Control,rgr_h_MJ,NA
F4.BROHOR.1,BROHOR,Bromus hordeaceaus,Non-native,Grass,Limited,Cal IPC,F4,1,F,4,MCL,Control,rgr_h_FM,NA
F4.BROHOR.1,BROHOR,Bromus hordeaceaus,Non-native,Grass,Limited,Cal IPC,F4,1,F,4,MCL,Control,rgr_h_MA,-0.00300039230998723
F4.BROHOR.1,BROHOR,Bromus hordeaceaus,Non-native,Grass,Limited,Cal IPC,F4,1,F,4,MCL,Control,rgr_h_AM,0.0888233253409532
F4.BROHOR.1,BROHOR,Bromus hordeaceaus,Non-native,Grass,Limited,Cal IPC,F4,1,F,4,MCL,Control,rgr_h_MJ,NA
F4.ELYCAP.1,ELYCAP,Elymus caput-medusae,Non-native,Grass,High,Cal IPC,F4,1,F,4,MCL,Control,rgr_h_FM,0.01468761341392923
F4.ELYCAP.1,ELYCAP,Elymus caput-medusae,Non-native,Grass,High,Cal IPC,F4,1,F,4,MCL,Control,rgr_h_MA,0.01398155545200567
F4.ELYCAP.1,ELYCAP,Elymus caput-medusae,Non-native,Grass,High,Cal IPC,F4,1,F,4,MCL,Control,rgr_h_AM,0.03600903955975415
F4.ELYCAP.1,ELYCAP,Elymus caput-medusae,Non-native,Grass,High,Cal IPC,F4,1,F,4,MCL,Control,rgr_h_MJ,NA
F4.MICCAL.1,MICCAL,Micropus californicus,Native,Forb,Native,CalFlora,F4,1,F,4,MCL,Control,rgr_h_FM,0.01468761341392923
F4.MICCAL.1,MICCAL,Micropus californicus,Native,Forb,Native,CalFlora,F4,1,F,4,MCL,Control,rgr_h_MA,NA
F4.MICCAL.1,MICCAL,Micropus californicus,Native,Forb,Native,CalFlora,F4,1,F,4,MCL,Control,rgr_h_AM,NA
F4.MICCAL.1,MICCAL,Micropus californicus,Native,Forb,Native,CalFlora,F4,1,F,4,MCL,Control,rgr_h_MJ,NA
F4.PLAERE.1,PLAERE,Plantago erecta,Native,Forb,Native,CalFlora,F4,1,F,4,MCL,Control,rgr_h_FM,0.02166084939249829
F4.PLAERE.1,PLAERE,Plantago erecta,Native,Forb,Native,CalFlora,F4,1,F,4,MCL,Control,rgr_h_MA,0.03159623213359156
F4.PLAERE.1,PLAERE,Plantago erecta,Native,Forb,Native,CalFlora,F4,1,F,4,MCL,Control,rgr_h_AM,NA
F4.PLAERE.1,PLAERE,Plantago erecta,Native,Forb,Native,CalFlora,F4,1,F,4,MCL,Control,rgr_h_MJ,NA
F4.TRIHIR.1,TRIHIR,Trifolium hirtum,Non-native,Forb,Limited,Cal IPC,F4,1,F,4,MCL,Control,rgr_h_FM,0.02647805813710011
F4.TRIHIR.1,TRIHIR,Trifolium hirtum,Non-native,Forb,Limited,Cal IPC,F4,1,F,4,MCL,Control,rgr_h_MA,0.02850615769601612
F4.TRIHIR.1,TRIHIR,Trifolium hirtum,Non-native,Forb,Limited,Cal IPC,F4,1,F,4,MCL,Control,rgr_h_AM,0.02404822715187299
F4.TRIHIR.1,TRIHIR,Trifolium hirtum,Non-native,Forb,Limited,Cal IPC,F4,1,F,4,MCL,Control,rgr_h_MJ,NA
F5.AVEBAR.1,AVEBAR,Avena barbata,Non-native,Grass,Moderate,Cal IPC,F5,1,F,5,MCL,Control,rgr_h_FM,NA
F5.AVEBAR.1,AVEBAR,Avena barbata,Non-native,Grass,Moderate,Cal IPC,F5,1,F,5,MCL,Control,rgr_h_MA,0.0684798442644487
F5.AVEBAR.1,AVEBAR,Avena barbata,Non-native,Grass,Moderate,Cal IPC,F5,1,F,5,MCL,Control,rgr_h_AM,0.03806974695587799
F5.AVEBAR.1,AVEBAR,Avena barbata,Non-native,Grass,Moderate,Cal IPC,F5,1,F,5,MCL,Control,rgr_h_MJ,NA
F5.BRODIA.1,BRODIA,Bromus diandrus,Non-native,Grass,Moderate,Cal IPC,F5,1,F,5,MCL,Control,rgr_h_FM,NA
F5.BRODIA.1,BRODIA,Bromus diandrus,Non-native,Grass,Moderate,Cal IPC,F5,1,F,5,MCL,Control,rgr_h_MA,0.03488279005787862
F5.BRODIA.1,BRODIA,Bromus diandrus,Non-native,Grass,Moderate,Cal IPC,F5,1,F,5,MCL,Control,rgr_h_AM,0.04249720650685814
F5.BRODIA.1,BRODIA,Bromus diandrus,Non-native,Grass,Moderate,Cal IPC,F5,1,F,5,MCL,Control,rgr_h_MJ,NA
F5.BROHOR.1,BROHOR,Bromus hordeaceaus,Non-native,Grass,Limited,Cal IPC,F5,1,F,5,MCL,Control,rgr_h_FM,NA
F5.BROHOR.1,BROHOR,Bromus hordeaceaus,Non-native,Grass,Limited,Cal IPC,F5,1,F,5,MCL,Control,rgr_h_MA,0.04480286152173313
F5.BROHOR.1,BROHOR,Bromus hordeaceaus,Non-native,Grass,Limited,Cal IPC,F5,1,F,5,MCL,Control,rgr_h_AM,0.05598807237024496
F5.BROHOR.1,BROHOR,Bromus hordeaceaus,Non-native,Grass,Limited,Cal IPC,F5,1,F,5,MCL,Control,rgr_h_MJ,NA
F5.BROMAD.1,BROMAD,Bromus madritensis,Non-native,Grass,High,Cal IPC,F5,1,F,5,MCL,Control,rgr_h_FM,NA
F5.BROMAD.1,BROMAD,Bromus madritensis,Non-native,Grass,High,Cal IPC,F5,1,F,5,MCL,Control,rgr_h_MA,0.02883613876553856
F5.BROMAD.1,BROMAD,Bromus madritensis,Non-native,Grass,High,Cal IPC,F5,1,F,5,MCL,Control,rgr_h_AM,NA
F5.BROMAD.1,BROMAD,Bromus madritensis,Non-native,Grass,High,Cal IPC,F5,1,F,5,MCL,Control,rgr_h_MJ,NA
F5.ELYCAP.1,ELYCAP,Elymus caput-medusae,Non-native,Grass,High,Cal IPC,F5,1,F,5,MCL,Control,rgr_h_FM,0.00899006476411815
F5.ELYCAP.1,ELYCAP,Elymus caput-medusae,Non-native,Grass,High,Cal IPC,F5,1,F,5,MCL,Control,rgr_h_MA,0.01674164882005864
F5.ELYCAP.1,ELYCAP,Elymus caput-medusae,Non-native,Grass,High,Cal IPC,F5,1,F,5,MCL,Control,rgr_h_AM,0.03738734132712207
F5.ELYCAP.1,ELYCAP,Elymus caput-medusae,Non-native,Grass,High,Cal IPC,F5,1,F,5,MCL,Control,rgr_h_MJ,NA
F5.HOLVIR.1,HOLVIR,Holocarpha virgata,Native,Forb,Native,CalFlora,F5,1,F,5,MCL,Control,rgr_h_FM,0.03433163402087842
F5.HOLVIR.1,HOLVIR,Holocarpha virgata,Native,Forb,Native,CalFlora,F5,1,F,5,MCL,Control,rgr_h_MA,0.0598138294961416
F5.HOLVIR.1,HOLVIR,Holocarpha virgata,Native,Forb,Native,CalFlora,F5,1,F,5,MCL,Control,rgr_h_AM,0.03896593792163653
F5.HOLVIR.1,HOLVIR,Holocarpha virgata,Native,Forb,Native,CalFlora,F5,1,F,5,MCL,Control,rgr_h_MJ,0.00565459412833011
F5.MICCAL.1,MICCAL,Micropus californicus,Native,Forb,Native,CalFlora,F5,1,F,5,MCL,Control,rgr_h_FM,0.01748799337298196
F5.MICCAL.1,MICCAL,Micropus californicus,Native,Forb,Native,CalFlora,F5,1,F,5,MCL,Control,rgr_h_MA,0.07465392121096545
F5.MICCAL.1,MICCAL,Micropus californicus,Native,Forb,Native,CalFlora,F5,1,F,5,MCL,Control,rgr_h_AM,NA
F5.MICCAL.1,MICCAL,Micropus californicus,Native,Forb,Native,CalFlora,F5,1,F,5,MCL,Control,rgr_h_MJ,NA
F5.PLAERE.1,PLAERE,Plantago erecta,Native,Forb,Native,CalFlora,F5,1,F,5,MCL,Control,rgr_h_FM,0.02793180862569051
F5.PLAERE.1,PLAERE,Plantago erecta,Native,Forb,Native,CalFlora,F5,1,F,5,MCL,Control,rgr_h_MA,0.03682209068970193
F5.PLAERE.1,PLAERE,Plantago erecta,Native,Forb,Native,CalFlora,F5,1,F,5,MCL,Control,rgr_h_AM,NA
F5.PLAERE.1,PLAERE,Plantago erecta,Native,Forb,Native,CalFlora,F5,1,F,5,MCL,Control,rgr_h_MJ,NA
F5.TRIHIR.1,TRIHIR,Trifolium hirtum,Non-native,Forb,Limited,Cal IPC,F5,1,F,5,MCL,Control,rgr_h_FM,0.02863408537106734
F5.TRIHIR.1,TRIHIR,Trifolium hirtum,Non-native,Forb,Limited,Cal IPC,F5,1,F,5,MCL,Control,rgr_h_MA,0.04219915281455571
F5.TRIHIR.1,TRIHIR,Trifolium hirtum,Non-native,Forb,Limited,Cal IPC,F5,1,F,5,MCL,Control,rgr_h_AM,0.0161197018734871
F5.TRIHIR.1,TRIHIR,Trifolium hirtum,Non-native,Forb,Limited,Cal IPC,F5,1,F,5,MCL,Control,rgr_h_MJ,NA
F6.AVEBAR.1,AVEBAR,Avena barbata,Non-native,Grass,Moderate,Cal IPC,F6,1,F,6,SEDG,Control,rgr_h_FM,NA
F6.AVEBAR.1,AVEBAR,Avena barbata,Non-native,Grass,Moderate,Cal IPC,F6,1,F,6,SEDG,Control,rgr_h_MA,NA
F6.AVEBAR.1,AVEBAR,Avena barbata,Non-native,Grass,Moderate,Cal IPC,F6,1,F,6,SEDG,Control,rgr_h_AM,NA
F6.AVEBAR.1,AVEBAR,Avena barbata,Non-native,Grass,Moderate,Cal IPC,F6,1,F,6,SEDG,Control,rgr_h_MJ,NA
F6.AVEFAT.1,AVEFAT,Avena fatua,Non-native,Grass,Moderate,Cal IPC,F6,1,F,6,SEDG,Control,rgr_h_FM,NA
F6.AVEFAT.1,AVEFAT,Avena fatua,Non-native,Grass,Moderate,Cal IPC,F6,1,F,6,SEDG,Control,rgr_h_MA,0.04701051182397213
F6.AVEFAT.1,AVEFAT,Avena fatua,Non-native,Grass,Moderate,Cal IPC,F6,1,F,6,SEDG,Control,rgr_h_AM,NA
F6.AVEFAT.1,AVEFAT,Avena fatua,Non-native,Grass,Moderate,Cal IPC,F6,1,F,6,SEDG,Control,rgr_h_MJ,NA
F6.BRODIA.1,BRODIA,Bromus diandrus,Non-native,Grass,Moderate,Cal IPC,F6,1,F,6,SEDG,Control,rgr_h_FM,NA
F6.BRODIA.1,BRODIA,Bromus diandrus,Non-native,Grass,Moderate,Cal IPC,F6,1,F,6,SEDG,Control,rgr_h_MA,-0.04780325383172035
F6.BRODIA.1,BRODIA,Bromus diandrus,Non-native,Grass,Moderate,Cal IPC,F6,1,F,6,SEDG,Control,rgr_h_AM,0.07395192102888937
F6.BRODIA.1,BRODIA,Bromus diandrus,Non-native,Grass,Moderate,Cal IPC,F6,1,F,6,SEDG,Control,rgr_h_MJ,NA
F6.BROHOR.1,BROHOR,Bromus hordeaceaus,Non-native,Grass,Limited,Cal IPC,F6,1,F,6,SEDG,Control,rgr_h_FM,NA
F6.BROHOR.1,BROHOR,Bromus hordeaceaus,Non-native,Grass,Limited,Cal IPC,F6,1,F,6,SEDG,Control,rgr_h_MA,0.02796311090401133
F6.BROHOR.1,BROHOR,Bromus hordeaceaus,Non-native,Grass,Limited,Cal IPC,F6,1,F,6,SEDG,Control,rgr_h_AM,0.04297102042220809
F6.BROHOR.1,BROHOR,Bromus hordeaceaus,Non-native,Grass,Limited,Cal IPC,F6,1,F,6,SEDG,Control,rgr_h_MJ,NA
F6.BROMAD.1,BROMAD,Bromus madritensis,Non-native,Grass,High,Cal IPC,F6,1,F,6,SEDG,Control,rgr_h_FM,NA
F6.BROMAD.1,BROMAD,Bromus madritensis,Non-native,Grass,High,Cal IPC,F6,1,F,6,SEDG,Control,rgr_h_MA,0.0671003499674246
F6.BROMAD.1,BROMAD,Bromus madritensis,Non-native,Grass,High,Cal IPC,F6,1,F,6,SEDG,Control,rgr_h_AM,NA
F6.BROMAD.1,BROMAD,Bromus madritensis,Non-native,Grass,High,Cal IPC,F6,1,F,6,SEDG,Control,rgr_h_MJ,NA
F6.CENMEL.1,CENMEL,Centaurea melitensis,Non-native,Forb,Moderate,Cal IPC,F6,1,F,6,SEDG,Control,rgr_h_FM,0.06080969215797854
F6.CENMEL.1,CENMEL,Centaurea melitensis,Non-native,Forb,Moderate,Cal IPC,F6,1,F,6,SEDG,Control,rgr_h_MA,0.05018231836575317
F6.CENMEL.1,CENMEL,Centaurea melitensis,Non-native,Forb,Moderate,Cal IPC,F6,1,F,6,SEDG,Control,rgr_h_AM,0.05037571769670166
F6.CENMEL.1,CENMEL,Centaurea melitensis,Non-native,Forb,Moderate,Cal IPC,F6,1,F,6,SEDG,Control,rgr_h_MJ,NA
F6.CORFIL.1,CORFIL,Corethrogyne filaginafolia,Native,Forb,Native,CalFlora,F6,1,F,6,SEDG,Control,rgr_h_FM,0.02166084939249829
F6.CORFIL.1,CORFIL,Corethrogyne filaginafolia,Native,Forb,Native,CalFlora,F6,1,F,6,SEDG,Control,rgr_h_MA,0.03159623213359155
F6.CORFIL.1,CORFIL,Corethrogyne filaginafolia,Native,Forb,Native,CalFlora,F6,1,F,6,SEDG,Control,rgr_h_AM,0.01768760836873901
F6.CORFIL.1,CORFIL,Corethrogyne filaginafolia,Native,Forb,Native,CalFlora,F6,1,F,6,SEDG,Control,rgr_h_MJ,0.03888275260487455
F6.EROCIC.1,EROCIC,Erodium cicutarium,Non-native,Forb,Non-native,CalFlora,F6,1,F,6,SEDG,Control,rgr_h_FM,0.04700241864925857
F6.EROCIC.1,EROCIC,Erodium cicutarium,Non-native,Forb,Non-native,CalFlora,F6,1,F,6,SEDG,Control,rgr_h_MA,0.05625575238458191
F6.EROCIC.1,EROCIC,Erodium cicutarium,Non-native,Forb,Non-native,CalFlora,F6,1,F,6,SEDG,Control,rgr_h_AM,0.02081682513744207
F6.EROCIC.1,EROCIC,Erodium cicutarium,Non-native,Forb,Non-native,CalFlora,F6,1,F,6,SEDG,Control,rgr_h_MJ,NA
F6.ESCCAL.1,ESCCAL,Eschscholzia californica,Native,Forb,Native,CalFlora,F6,1,F,6,SEDG,Control,rgr_h_FM,0.03914884276548025
F6.ESCCAL.1,ESCCAL,Eschscholzia californica,Native,Forb,Native,CalFlora,F6,1,F,6,SEDG,Control,rgr_h_MA,0.05240778461187631
F6.ESCCAL.1,ESCCAL,Eschscholzia californica,Native,Forb,Native,CalFlora,F6,1,F,6,SEDG,Control,rgr_h_AM,0.02522131140318386
F6.ESCCAL.1,ESCCAL,Eschscholzia californica,Native,Forb,Native,CalFlora,F6,1,F,6,SEDG,Control,rgr_h_MJ,-0.01087469872922751
F6.MICCAL.1,MICCAL,Micropus californicus,Native,Forb,Native,CalFlora,F6,1,F,6,SEDG,Control,rgr_h_FM,0.03433163402087842
F6.MICCAL.1,MICCAL,Micropus californicus,Native,Forb,Native,CalFlora,F6,1,F,6,SEDG,Control,rgr_h_MA,0.04707727420420891
F6.MICCAL.1,MICCAL,Micropus californicus,Native,Forb,Native,CalFlora,F6,1,F,6,SEDG,Control,rgr_h_AM,NA
F6.MICCAL.1,MICCAL,Micropus californicus,Native,Forb,Native,CalFlora,F6,1,F,6,SEDG,Control,rgr_h_MJ,NA
F6.STIPUL.1,STIPUL,Stipa pulchra,Native,Grass,Native,CalFlora,F6,1,F,6,SEDG,Control,rgr_h_FM,NA
F6.STIPUL.1,STIPUL,Stipa pulchra,Native,Grass,Native,CalFlora,F6,1,F,6,SEDG,Control,rgr_h_MA,0.01878369570488525
F6.STIPUL.1,STIPUL,Stipa pulchra,Native,Grass,Native,CalFlora,F6,1,F,6,SEDG,Control,rgr_h_AM,0.02084449374652142
F6.STIPUL.1,STIPUL,Stipa pulchra,Native,Grass,Native,CalFlora,F6,1,F,6,SEDG,Control,rgr_h_MJ,-0.01072479745846793
F7.AMSMEN.1,AMSMEN,Amsinckia menziesii,Native,Forb,Native,CalFlora,F7,1,F,7,WWP,Control,rgr_h_FM,0.01644040924677434
F7.AMSMEN.1,AMSMEN,Amsinckia menziesii,Native,Forb,Native,CalFlora,F7,1,F,7,WWP,Control,rgr_h_MA,NA
F7.AMSMEN.1,AMSMEN,Amsinckia menziesii,Native,Forb,Native,CalFlora,F7,1,F,7,WWP,Control,rgr_h_AM,NA
F7.AMSMEN.1,AMSMEN,Amsinckia menziesii,Native,Forb,Native,CalFlora,F7,1,F,7,WWP,Control,rgr_h_MJ,NA
F7.AVEBAR.1,AVEBAR,Avena barbata,Non-native,Grass,Moderate,Cal IPC,F7,1,F,7,WWP,Control,rgr_h_FM,NA
F7.AVEBAR.1,AVEBAR,Avena barbata,Non-native,Grass,Moderate,Cal IPC,F7,1,F,7,WWP,Control,rgr_h_MA,0.06048341866362786
F7.AVEBAR.1,AVEBAR,Avena barbata,Non-native,Grass,Moderate,Cal IPC,F7,1,F,7,WWP,Control,rgr_h_AM,0.04076425932346962
F7.AVEBAR.1,AVEBAR,Avena barbata,Non-native,Grass,Moderate,Cal IPC,F7,1,F,7,WWP,Control,rgr_h_MJ,NA
F7.BROARE.1,BROARE,Bromus arenarius,Non-native,Grass,Non-native,CalFlora,F7,1,F,7,WWP,Control,rgr_h_FM,NA
F7.BROARE.1,BROARE,Bromus arenarius,Non-native,Grass,Non-native,CalFlora,F7,1,F,7,WWP,Control,rgr_h_MA,0.01620702169812881
F7.BROARE.1,BROARE,Bromus arenarius,Non-native,Grass,Non-native,CalFlora,F7,1,F,7,WWP,Control,rgr_h_AM,NA
F7.BROARE.1,BROARE,Bromus arenarius,Non-native,Grass,Non-native,CalFlora,F7,1,F,7,WWP,Control,rgr_h_MJ,NA
F7.BRODIA.1,BRODIA,Bromus diandrus,Non-native,Grass,Moderate,Cal IPC,F7,1,F,7,WWP,Control,rgr_h_FM,NA
F7.BRODIA.1,BRODIA,Bromus diandrus,Non-native,Grass,Moderate,Cal IPC,F7,1,F,7,WWP,Control,rgr_h_MA,0.03733144645936787
F7.BRODIA.1,BRODIA,Bromus diandrus,Non-native,Grass,Moderate,Cal IPC,F7,1,F,7,WWP,Control,rgr_h_AM,0.02880601259040861
F7.BRODIA.1,BRODIA,Bromus diandrus,Non-native,Grass,Moderate,Cal IPC,F7,1,F,7,WWP,Control,rgr_h_MJ,NA
F7.BROMAD.1,BROMAD,Bromus madritensis,Non-native,Grass,High,Cal IPC,F7,1,F,7,WWP,Control,rgr_h_FM,NA
F7.BROMAD.1,BROMAD,Bromus madritensis,Non-native,Grass,High,Cal IPC,F7,1,F,7,WWP,Control,rgr_h_MA,0.05018231836575317
F7.BROMAD.1,BROMAD,Bromus madritensis,Non-native,Grass,High,Cal IPC,F7,1,F,7,WWP,Control,rgr_h_AM,NA
F7.BROMAD.1,BROMAD,Bromus madritensis,Non-native,Grass,High,Cal IPC,F7,1,F,7,WWP,Control,rgr_h_MJ,NA
F7.PHATAN.1,PHATAN,Phacelia tanacetifolia,Native,Forb,Native,CalFlora,F7,1,F,7,WWP,Control,rgr_h_FM,0.026028410091722
F7.PHATAN.1,PHATAN,Phacelia tanacetifolia,Native,Forb,Native,CalFlora,F7,1,F,7,WWP,Control,rgr_h_MA,NA
F7.PHATAN.1,PHATAN,Phacelia tanacetifolia,Native,Forb,Native,CalFlora,F7,1,F,7,WWP,Control,rgr_h_AM,NA
F7.PHATAN.1,PHATAN,Phacelia tanacetifolia,Native,Forb,Native,CalFlora,F7,1,F,7,WWP,Control,rgr_h_MJ,NA
F8.AVEBAR.1,AVEBAR,Avena barbata,Non-native,Grass,Moderate,Cal IPC,F8,1,F,8,BORR,Control,rgr_h_FM,NA
F8.AVEBAR.1,AVEBAR,Avena barbata,Non-native,Grass,Moderate,Cal IPC,F8,1,F,8,BORR,Control,rgr_h_MA,0.01065295764098635
F8.AVEBAR.1,AVEBAR,Avena barbata,Non-native,Grass,Moderate,Cal IPC,F8,1,F,8,BORR,Control,rgr_h_AM,0.08307568372594151
F8.AVEBAR.1,AVEBAR,Avena barbata,Non-native,Grass,Moderate,Cal IPC,F8,1,F,8,BORR,Control,rgr_h_MJ,NA
F8.BRODIA.1,BRODIA,Bromus diandrus,Non-native,Grass,Moderate,Cal IPC,F8,1,F,8,BORR,Control,rgr_h_FM,NA
F8.BRODIA.1,BRODIA,Bromus diandrus,Non-native,Grass,Moderate,Cal IPC,F8,1,F,8,BORR,Control,rgr_h_MA,0.03386522982253798
F8.BRODIA.1,BRODIA,Bromus diandrus,Non-native,Grass,Moderate,Cal IPC,F8,1,F,8,BORR,Control,rgr_h_AM,0.03138892253337456
F8.BRODIA.1,BRODIA,Bromus diandrus,Non-native,Grass,Moderate,Cal IPC,F8,1,F,8,BORR,Control,rgr_h_MJ,NA
F8.BROHOR.1,BROHOR,Bromus hordeaceaus,Non-native,Grass,Limited,Cal IPC,F8,1,F,8,BORR,Control,rgr_h_FM,NA
F8.BROHOR.1,BROHOR,Bromus hordeaceaus,Non-native,Grass,Limited,Cal IPC,F8,1,F,8,BORR,Control,rgr_h_MA,0.03285708325788946
F8.BROHOR.1,BROHOR,Bromus hordeaceaus,Non-native,Grass,Limited,Cal IPC,F8,1,F,8,BORR,Control,rgr_h_AM,0.05549785904945172
F8.BROHOR.1,BROHOR,Bromus hordeaceaus,Non-native,Grass,Limited,Cal IPC,F8,1,F,8,BORR,Control,rgr_h_MJ,NA
F8.CLAPUR.1,CLAPUR,Clarkia purpurea,Native,Forb,Native,CalFlora,F8,1,F,8,BORR,Control,rgr_h_FM,0.01468761341392923
F8.CLAPUR.1,CLAPUR,Clarkia purpurea,Native,Forb,Native,CalFlora,F8,1,F,8,BORR,Control,rgr_h_MA,0.05571680477711237
F8.CLAPUR.1,CLAPUR,Clarkia purpurea,Native,Forb,Native,CalFlora,F8,1,F,8,BORR,Control,rgr_h_AM,0.01990898087836984
F8.CLAPUR.1,CLAPUR,Clarkia purpurea,Native,Forb,Native,CalFlora,F8,1,F,8,BORR,Control,rgr_h_MJ,NA
F8.EROBOT.1,EROBOT,Erodium botrys,Non-native,Forb,Non-native,CalFlora,F8,1,F,8,BORR,Control,rgr_h_FM,0.01596330074268721
F8.EROBOT.1,EROBOT,Erodium botrys,Non-native,Forb,Non-native,CalFlora,F8,1,F,8,BORR,Control,rgr_h_MA,0.05060051348109178
F8.EROBOT.1,EROBOT,Erodium botrys,Non-native,Forb,Non-native,CalFlora,F8,1,F,8,BORR,Control,rgr_h_AM,0.03883964525814678
F8.EROBOT.1,EROBOT,Erodium botrys,Non-native,Forb,Non-native,CalFlora,F8,1,F,8,BORR,Control,rgr_h_MJ,NA
F8.GERDIS.1,GERDIS,Geranium dissectum,Non-native,Forb,Limited,Cal IPC,F8,1,F,8,BORR,Control,rgr_h_FM,0.02647805813710011
F8.GERDIS.1,GERDIS,Geranium dissectum,Non-native,Forb,Limited,Cal IPC,F8,1,F,8,BORR,Control,rgr_h_MA,0.04694474943893038
F8.GERDIS.1,GERDIS,Geranium dissectum,Non-native,Forb,Limited,Cal IPC,F8,1,F,8,BORR,Control,rgr_h_AM,NA
F8.GERDIS.1,GERDIS,Geranium dissectum,Non-native,Forb,Limited,Cal IPC,F8,1,F,8,BORR,Control,rgr_h_MJ,NA
F8.MADGRA.1,MADGRA,Madia gracilis,Native,Forb,Native,CalFlora,F8,1,F,8,BORR,Control,rgr_h_FM,0.02703116992145639
F8.MADGRA.1,MADGRA,Madia gracilis,Native,Forb,Native,CalFlora,F8,1,F,8,BORR,Control,rgr_h_MA,0.03486815198608737
F8.MADGRA.1,MADGRA,Madia gracilis,Native,Forb,Native,CalFlora,F8,1,F,8,BORR,Control,rgr_h_AM,0.03304389599955798
F8.MADGRA.1,MADGRA,Madia gracilis,Native,Forb,Native,CalFlora,F8,1,F,8,BORR,Control,rgr_h_MJ,NA
F8.TORARV.1,TORARV,Torilis arvensis,Non-native,Forb,Moderate,Cal IPC,F8,1,F,8,BORR,Control,rgr_h_FM,0.02647805813710011
F8.TORARV.1,TORARV,Torilis arvensis,Non-native,Forb,Moderate,Cal IPC,F8,1,F,8,BORR,Control,rgr_h_MA,0.03386522982253799
F8.TORARV.1,TORARV,Torilis arvensis,Non-native,Forb,Moderate,Cal IPC,F8,1,F,8,BORR,Control,rgr_h_AM,0.04629304920288137
F8.TORARV.1,TORARV,Torilis arvensis,Non-native,Forb,Moderate,Cal IPC,F8,1,F,8,BORR,Control,rgr_h_MJ,NA
F8.TRIHIR.1,TRIHIR,Trifolium hirtum,Non-native,Forb,Limited,Cal IPC,F8,1,F,8,BORR,Control,rgr_h_FM,0.00899006476411815
F8.TRIHIR.1,TRIHIR,Trifolium hirtum,Non-native,Forb,Limited,Cal IPC,F8,1,F,8,BORR,Control,rgr_h_MA,0.03675594461897951
F8.TRIHIR.1,TRIHIR,Trifolium hirtum,Non-native,Forb,Limited,Cal IPC,F8,1,F,8,BORR,Control,rgr_h_AM,0.03331930862932613
F8.TRIHIR.1,TRIHIR,Trifolium hirtum,Non-native,Forb,Limited,Cal IPC,F8,1,F,8,BORR,Control,rgr_h_MJ,NA
F8.VICSAT.1,VICSAT,Vicia sativa,Non-native,Forb,Non-native,CalFlora,F8,1,F,8,BORR,Control,rgr_h_FM,0
F8.VICSAT.1,VICSAT,Vicia sativa,Non-native,Forb,Non-native,CalFlora,F8,1,F,8,BORR,Control,rgr_h_MA,0.04585115099777939
F8.VICSAT.1,VICSAT,Vicia sativa,Non-native,Forb,Non-native,CalFlora,F8,1,F,8,BORR,Control,rgr_h_AM,NA
F8.VICSAT.1,VICSAT,Vicia sativa,Non-native,Forb,Non-native,CalFlora,F8,1,F,8,BORR,Control,rgr_h_MJ,NA
G1.BROHOR.1,BROHOR,Bromus hordeaceaus,Non-native,Grass,Limited,Cal IPC,G1,2,G,1,BORR,Control,rgr_h_FM,NA
G1.BROHOR.1,BROHOR,Bromus hordeaceaus,Non-native,Grass,Limited,Cal IPC,G1,2,G,1,BORR,Control,rgr_h_MA,0.05992863915563652
G1.BROHOR.1,BROHOR,Bromus hordeaceaus,Non-native,Grass,Limited,Cal IPC,G1,2,G,1,BORR,Control,rgr_h_AM,NA
G1.BROHOR.1,BROHOR,Bromus hordeaceaus,Non-native,Grass,Limited,Cal IPC,G1,2,G,1,BORR,Control,rgr_h_MJ,NA
G1.DAUPUS.1,DAUPUS,Daucus pusillus,Native,Forb,Native,CalFlora,G1,2,G,1,BORR,Control,rgr_h_FM,0.03543910608606806
G1.DAUPUS.1,DAUPUS,Daucus pusillus,Native,Forb,Native,CalFlora,G1,2,G,1,BORR,Control,rgr_h_MA,0.05331901388922656
G1.DAUPUS.1,DAUPUS,Daucus pusillus,Native,Forb,Native,CalFlora,G1,2,G,1,BORR,Control,rgr_h_AM,0.01134079667779276
G1.DAUPUS.1,DAUPUS,Daucus pusillus,Native,Forb,Native,CalFlora,G1,2,G,1,BORR,Control,rgr_h_MJ,NA
G1.EROBOT.1,EROBOT,Erodium botrys,Non-native,Forb,Non-native,CalFlora,G1,2,G,1,BORR,Control,rgr_h_FM,0.0404117086611409
G1.EROBOT.1,EROBOT,Erodium botrys,Non-native,Forb,Non-native,CalFlora,G1,2,G,1,BORR,Control,rgr_h_MA,0.06455503015080968
G1.EROBOT.1,EROBOT,Erodium botrys,Non-native,Forb,Non-native,CalFlora,G1,2,G,1,BORR,Control,rgr_h_AM,NA
G1.EROBOT.1,EROBOT,Erodium botrys,Non-native,Forb,Non-native,CalFlora,G1,2,G,1,BORR,Control,rgr_h_MJ,NA
G1.GERDIS.1,GERDIS,Geranium dissectum,Non-native,Forb,Limited,Cal IPC,G1,2,G,1,BORR,Control,rgr_h_FM,0.06277129513081656
G1.GERDIS.1,GERDIS,Geranium dissectum,Non-native,Forb,Limited,Cal IPC,G1,2,G,1,BORR,Control,rgr_h_MA,0.03336540645018166
G1.GERDIS.1,GERDIS,Geranium dissectum,Non-native,Forb,Limited,Cal IPC,G1,2,G,1,BORR,Control,rgr_h_AM,NA
G1.GERDIS.1,GERDIS,Geranium dissectum,Non-native,Forb,Limited,Cal IPC,G1,2,G,1,BORR,Control,rgr_h_MJ,NA
G1.LUPBIC.1,LUPBIC,Lupinus bicolor,Native,Forb,Native,CalFlora,G1,2,G,1,BORR,Control,rgr_h_FM,0.05191735201400324
G1.LUPBIC.1,LUPBIC,Lupinus bicolor,Native,Forb,Native,CalFlora,G1,2,G,1,BORR,Control,rgr_h_MA,0.00701236756899825
G1.LUPBIC.1,LUPBIC,Lupinus bicolor,Native,Forb,Native,CalFlora,G1,2,G,1,BORR,Control,rgr_h_AM,NA
G1.LUPBIC.1,LUPBIC,Lupinus bicolor,Native,Forb,Native,CalFlora,G1,2,G,1,BORR,Control,rgr_h_MJ,NA
G1.TORARV.1,TORARV,Torilis arvensis,Non-native,Forb,Moderate,Cal IPC,G1,2,G,1,BORR,Control,rgr_h_FM,0.05499187394317501
G1.TORARV.1,TORARV,Torilis arvensis,Non-native,Forb,Moderate,Cal IPC,G1,2,G,1,BORR,Control,rgr_h_MA,0.04225431879492729
G1.TORARV.1,TORARV,Torilis arvensis,Non-native,Forb,Moderate,Cal IPC,G1,2,G,1,BORR,Control,rgr_h_AM,0.0445331686067581
G1.TORARV.1,TORARV,Torilis arvensis,Non-native,Forb,Moderate,Cal IPC,G1,2,G,1,BORR,Control,rgr_h_MJ,NA
G1.TRIHIR.1,TRIHIR,Trifolium hirtum,Non-native,Forb,Limited,Cal IPC,G1,2,G,1,BORR,Control,rgr_h_FM,0.05191735201400324
G1.TRIHIR.1,TRIHIR,Trifolium hirtum,Non-native,Forb,Limited,Cal IPC,G1,2,G,1,BORR,Control,rgr_h_MA,0.05519555866497394
G1.TRIHIR.1,TRIHIR,Trifolium hirtum,Non-native,Forb,Limited,Cal IPC,G1,2,G,1,BORR,Control,rgr_h_AM,NA
G1.TRIHIR.1,TRIHIR,Trifolium hirtum,Non-native,Forb,Limited,Cal IPC,G1,2,G,1,BORR,Control,rgr_h_MJ,NA
G2.AVEBAR.1,AVEBAR,Avena barbata,Non-native,Grass,Moderate,Cal IPC,G2,2,G,2,MCL,Control,rgr_h_FM,NA
G2.AVEBAR.1,AVEBAR,Avena barbata,Non-native,Grass,Moderate,Cal IPC,G2,2,G,2,MCL,Control,rgr_h_MA,0.03755806122566192
G2.AVEBAR.1,AVEBAR,Avena barbata,Non-native,Grass,Moderate,Cal IPC,G2,2,G,2,MCL,Control,rgr_h_AM,0.06034410150525778
G2.AVEBAR.1,AVEBAR,Avena barbata,Non-native,Grass,Moderate,Cal IPC,G2,2,G,2,MCL,Control,rgr_h_MJ,NA
G2.BRODIA.1,BRODIA,Bromus diandrus,Non-native,Grass,Moderate,Cal IPC,G2,2,G,2,MCL,Control,rgr_h_FM,NA
G2.BRODIA.1,BRODIA,Bromus diandrus,Non-native,Grass,Moderate,Cal IPC,G2,2,G,2,MCL,Control,rgr_h_MA,0.02380920032331629
G2.BRODIA.1,BRODIA,Bromus diandrus,Non-native,Grass,Moderate,Cal IPC,G2,2,G,2,MCL,Control,rgr_h_AM,NA
G2.BRODIA.1,BRODIA,Bromus diandrus,Non-native,Grass,Moderate,Cal IPC,G2,2,G,2,MCL,Control,rgr_h_MJ,NA
G2.BROHOR.1,BROHOR,Bromus hordeaceaus,Non-native,Grass,Limited,Cal IPC,G2,2,G,2,MCL,Control,rgr_h_FM,NA
G2.BROHOR.1,BROHOR,Bromus hordeaceaus,Non-native,Grass,Limited,Cal IPC,G2,2,G,2,MCL,Control,rgr_h_MA,0.0556507301129356
G2.BROHOR.1,BROHOR,Bromus hordeaceaus,Non-native,Grass,Limited,Cal IPC,G2,2,G,2,MCL,Control,rgr_h_AM,NA
G2.BROHOR.1,BROHOR,Bromus hordeaceaus,Non-native,Grass,Limited,Cal IPC,G2,2,G,2,MCL,Control,rgr_h_MJ,NA
G2.BROMAD.1,BROMAD,Bromus madritensis,Non-native,Grass,High,Cal IPC,G2,2,G,2,MCL,Control,rgr_h_FM,NA
G2.BROMAD.1,BROMAD,Bromus madritensis,Non-native,Grass,High,Cal IPC,G2,2,G,2,MCL,Control,rgr_h_MA,0.03809225784722604
G2.BROMAD.1,BROMAD,Bromus madritensis,Non-native,Grass,High,Cal IPC,G2,2,G,2,MCL,Control,rgr_h_AM,NA
G2.BROMAD.1,BROMAD,Bromus madritensis,Non-native,Grass,High,Cal IPC,G2,2,G,2,MCL,Control,rgr_h_MJ,NA
G2.ELYCAP.1,ELYCAP,Elymus caput-medusae,Non-native,Grass,High,Cal IPC,G2,2,G,2,MCL,Control,rgr_h_FM,0.02235958646967565
G2.ELYCAP.1,ELYCAP,Elymus caput-medusae,Non-native,Grass,High,Cal IPC,G2,2,G,2,MCL,Control,rgr_h_MA,0.02212939018859852
G2.ELYCAP.1,ELYCAP,Elymus caput-medusae,Non-native,Grass,High,Cal IPC,G2,2,G,2,MCL,Control,rgr_h_AM,0.04101850180521285
G2.ELYCAP.1,ELYCAP,Elymus caput-medusae,Non-native,Grass,High,Cal IPC,G2,2,G,2,MCL,Control,rgr_h_MJ,NA
G2.MICCAL.1,MICCAL,Micropus californicus,Native,Forb,Native,CalFlora,G2,2,G,2,MCL,Control,rgr_h_FM,0.02686803622371303
G2.MICCAL.1,MICCAL,Micropus californicus,Native,Forb,Native,CalFlora,G2,2,G,2,MCL,Control,rgr_h_MA,0.04794355456710507
G2.MICCAL.1,MICCAL,Micropus californicus,Native,Forb,Native,CalFlora,G2,2,G,2,MCL,Control,rgr_h_AM,NA
G2.MICCAL.1,MICCAL,Micropus californicus,Native,Forb,Native,CalFlora,G2,2,G,2,MCL,Control,rgr_h_MJ,NA
G2.PLAERE.1,PLAERE,Plantago erecta,Native,Forb,Native,CalFlora,G2,2,G,2,MCL,Control,rgr_h_FM,0.03263228747349935
G2.PLAERE.1,PLAERE,Plantago erecta,Native,Forb,Native,CalFlora,G2,2,G,2,MCL,Control,rgr_h_MA,0.02919635185968241
G2.PLAERE.1,PLAERE,Plantago erecta,Native,Forb,Native,CalFlora,G2,2,G,2,MCL,Control,rgr_h_AM,NA
G2.PLAERE.1,PLAERE,Plantago erecta,Native,Forb,Native,CalFlora,G2,2,G,2,MCL,Control,rgr_h_MJ,NA
G2.TRIHIR.1,TRIHIR,Trifolium hirtum,Non-native,Forb,Limited,Cal IPC,G2,2,G,2,MCL,Control,rgr_h_FM,0.05399923979263457
G2.TRIHIR.1,TRIHIR,Trifolium hirtum,Non-native,Forb,Limited,Cal IPC,G2,2,G,2,MCL,Control,rgr_h_MA,0.03524195122592905
G2.TRIHIR.1,TRIHIR,Trifolium hirtum,Non-native,Forb,Limited,Cal IPC,G2,2,G,2,MCL,Control,rgr_h_AM,0.01686221238021311
G2.TRIHIR.1,TRIHIR,Trifolium hirtum,Non-native,Forb,Limited,Cal IPC,G2,2,G,2,MCL,Control,rgr_h_MJ,NA
G3.AVEBAR.1,AVEBAR,Avena barbata,Non-native,Grass,Moderate,Cal IPC,G3,2,G,3,SEDG,Control,rgr_h_FM,NA
G3.AVEBAR.1,AVEBAR,Avena barbata,Non-native,Grass,Moderate,Cal IPC,G3,2,G,3,SEDG,Control,rgr_h_MA,NA
G3.AVEBAR.1,AVEBAR,Avena barbata,Non-native,Grass,Moderate,Cal IPC,G3,2,G,3,SEDG,Control,rgr_h_AM,NA
G3.AVEBAR.1,AVEBAR,Avena barbata,Non-native,Grass,Moderate,Cal IPC,G3,2,G,3,SEDG,Control,rgr_h_MJ,NA
G3.AVEFAT.1,AVEFAT,Avena fatua,Non-native,Grass,Moderate,Cal IPC,G3,2,G,3,SEDG,Control,rgr_h_FM,NA
G3.AVEFAT.1,AVEFAT,Avena fatua,Non-native,Grass,Moderate,Cal IPC,G3,2,G,3,SEDG,Control,rgr_h_MA,0.05458016092088006
G3.AVEFAT.1,AVEFAT,Avena fatua,Non-native,Grass,Moderate,Cal IPC,G3,2,G,3,SEDG,Control,rgr_h_AM,NA
G3.AVEFAT.1,AVEFAT,Avena fatua,Non-native,Grass,Moderate,Cal IPC,G3,2,G,3,SEDG,Control,rgr_h_MJ,NA
G3.BRODIA.1,BRODIA,Bromus diandrus,Non-native,Grass,Moderate,Cal IPC,G3,2,G,3,SEDG,Control,rgr_h_FM,NA
G3.BRODIA.1,BRODIA,Bromus diandrus,Non-native,Grass,Moderate,Cal IPC,G3,2,G,3,SEDG,Control,rgr_h_MA,0.04069695874282204
G3.BRODIA.1,BRODIA,Bromus diandrus,Non-native,Grass,Moderate,Cal IPC,G3,2,G,3,SEDG,Control,rgr_h_AM,0.00457954615734893
G3.BRODIA.1,BRODIA,Bromus diandrus,Non-native,Grass,Moderate,Cal IPC,G3,2,G,3,SEDG,Control,rgr_h_MJ,NA
G3.BROHOR.1,BROHOR,Bromus hordeaceaus,Non-native,Grass,Limited,Cal IPC,G3,2,G,3,SEDG,Control,rgr_h_FM,NA
G3.BROHOR.1,BROHOR,Bromus hordeaceaus,Non-native,Grass,Limited,Cal IPC,G3,2,G,3,SEDG,Control,rgr_h_MA,0.05271330785199045
G3.BROHOR.1,BROHOR,Bromus hordeaceaus,Non-native,Grass,Limited,Cal IPC,G3,2,G,3,SEDG,Control,rgr_h_AM,NA
G3.BROHOR.1,BROHOR,Bromus hordeaceaus,Non-native,Grass,Limited,Cal IPC,G3,2,G,3,SEDG,Control,rgr_h_MJ,NA
G3.BROMAD.1,BROMAD,Bromus madritensis,Non-native,Grass,High,Cal IPC,G3,2,G,3,SEDG,Control,rgr_h_FM,NA
G3.BROMAD.1,BROMAD,Bromus madritensis,Non-native,Grass,High,Cal IPC,G3,2,G,3,SEDG,Control,rgr_h_MA,0.06190145817054231
G3.BROMAD.1,BROMAD,Bromus madritensis,Non-native,Grass,High,Cal IPC,G3,2,G,3,SEDG,Control,rgr_h_AM,NA
G3.BROMAD.1,BROMAD,Bromus madritensis,Non-native,Grass,High,Cal IPC,G3,2,G,3,SEDG,Control,rgr_h_MJ,NA
G3.CENMEL.1,CENMEL,Centaurea melitensis,Non-native,Forb,Moderate,Cal IPC,G3,2,G,3,SEDG,Control,rgr_h_FM,0.08274030185359796
G3.CENMEL.1,CENMEL,Centaurea melitensis,Non-native,Forb,Moderate,Cal IPC,G3,2,G,3,SEDG,Control,rgr_h_MA,0.03582916169249783
G3.CENMEL.1,CENMEL,Centaurea melitensis,Non-native,Forb,Moderate,Cal IPC,G3,2,G,3,SEDG,Control,rgr_h_AM,0.04425460388342413
G3.CENMEL.1,CENMEL,Centaurea melitensis,Non-native,Forb,Moderate,Cal IPC,G3,2,G,3,SEDG,Control,rgr_h_MJ,NA
G3.CORFIL.1,CORFIL,Corethrogyne filaginafolia,Native,Forb,Native,CalFlora,G3,2,G,3,SEDG,Control,rgr_h_FM,0.0273321890447485
G3.CORFIL.1,CORFIL,Corethrogyne filaginafolia,Native,Forb,Native,CalFlora,G3,2,G,3,SEDG,Control,rgr_h_MA,0.02230071135588239
G3.CORFIL.1,CORFIL,Corethrogyne filaginafolia,Native,Forb,Native,CalFlora,G3,2,G,3,SEDG,Control,rgr_h_AM,0.01350678499542532
G3.CORFIL.1,CORFIL,Corethrogyne filaginafolia,Native,Forb,Native,CalFlora,G3,2,G,3,SEDG,Control,rgr_h_MJ,0.02567036120508605
G3.EROCIC.1,EROCIC,Erodium cicutarium,Non-native,Forb,Non-native,CalFlora,G3,2,G,3,SEDG,Control,rgr_h_FM,0.05191735201400323
G3.EROCIC.1,EROCIC,Erodium cicutarium,Non-native,Forb,Non-native,CalFlora,G3,2,G,3,SEDG,Control,rgr_h_MA,0.0481831910959757
G3.EROCIC.1,EROCIC,Erodium cicutarium,Non-native,Forb,Non-native,CalFlora,G3,2,G,3,SEDG,Control,rgr_h_AM,0.0084922605699698
G3.EROCIC.1,EROCIC,Erodium cicutarium,Non-native,Forb,Non-native,CalFlora,G3,2,G,3,SEDG,Control,rgr_h_MJ,NA
G3.MICCAL.1,MICCAL,Micropus californicus,Native,Forb,Native,CalFlora,G3,2,G,3,SEDG,Control,rgr_h_FM,0.04232859319245705
G3.MICCAL.1,MICCAL,Micropus californicus,Native,Forb,Native,CalFlora,G3,2,G,3,SEDG,Control,rgr_h_MA,0.0468938567867971
G3.MICCAL.1,MICCAL,Micropus californicus,Native,Forb,Native,CalFlora,G3,2,G,3,SEDG,Control,rgr_h_AM,NA
G3.MICCAL.1,MICCAL,Micropus californicus,Native,Forb,Native,CalFlora,G3,2,G,3,SEDG,Control,rgr_h_MJ,NA
G3.STIPUL.1,STIPUL,Stipa pulchra,Native,Grass,Native,CalFlora,G3,2,G,3,SEDG,Control,rgr_h_FM,NA
G3.STIPUL.1,STIPUL,Stipa pulchra,Native,Grass,Native,CalFlora,G3,2,G,3,SEDG,Control,rgr_h_MA,0.02310668693957423
G3.STIPUL.1,STIPUL,Stipa pulchra,Native,Grass,Native,CalFlora,G3,2,G,3,SEDG,Control,rgr_h_AM,0.01826791862072001
G3.STIPUL.1,STIPUL,Stipa pulchra,Native,Grass,Native,CalFlora,G3,2,G,3,SEDG,Control,rgr_h_MJ,-0.00543372471358913
G4.AMSMEN.1,AMSMEN,Amsinckia menziesii,Native,Forb,Native,CalFlora,G4,2,G,4,WWP,Control,rgr_h_FM,0.02697574271614898
G4.AMSMEN.1,AMSMEN,Amsinckia menziesii,Native,Forb,Native,CalFlora,G4,2,G,4,WWP,Control,rgr_h_MA,0.04433382730532253
G4.AMSMEN.1,AMSMEN,Amsinckia menziesii,Native,Forb,Native,CalFlora,G4,2,G,4,WWP,Control,rgr_h_AM,NA
G4.AMSMEN.1,AMSMEN,Amsinckia menziesii,Native,Forb,Native,CalFlora,G4,2,G,4,WWP,Control,rgr_h_MJ,NA
G4.BRODIA.1,BRODIA,Bromus diandrus,Non-native,Grass,Moderate,Cal IPC,G4,2,G,4,WWP,Control,rgr_h_FM,NA
G4.BRODIA.1,BRODIA,Bromus diandrus,Non-native,Grass,Moderate,Cal IPC,G4,2,G,4,WWP,Control,rgr_h_MA,0.04005591826262159
G4.BRODIA.1,BRODIA,Bromus diandrus,Non-native,Grass,Moderate,Cal IPC,G4,2,G,4,WWP,Control,rgr_h_AM,0.0197448840631551
G4.BRODIA.1,BRODIA,Bromus diandrus,Non-native,Grass,Moderate,Cal IPC,G4,2,G,4,WWP,Control,rgr_h_MJ,NA
G4.BROMAD.1,BROMAD,Bromus madritensis,Non-native,Grass,High,Cal IPC,G4,2,G,4,WWP,Control,rgr_h_FM,NA
G4.BROMAD.1,BROMAD,Bromus madritensis,Non-native,Grass,High,Cal IPC,G4,2,G,4,WWP,Control,rgr_h_MA,0.03203496626673477
G4.BROMAD.1,BROMAD,Bromus madritensis,Non-native,Grass,High,Cal IPC,G4,2,G,4,WWP,Control,rgr_h_AM,NA
G4.BROMAD.1,BROMAD,Bromus madritensis,Non-native,Grass,High,Cal IPC,G4,2,G,4,WWP,Control,rgr_h_MJ,NA
G5.AVEBAR.1,AVEBAR,Avena barbata,Non-native,Grass,Moderate,Cal IPC,G5,2,G,5,MCL,Control,rgr_h_FM,NA
G5.AVEBAR.1,AVEBAR,Avena barbata,Non-native,Grass,Moderate,Cal IPC,G5,2,G,5,MCL,Control,rgr_h_MA,0.04580713879996634
G5.AVEBAR.1,AVEBAR,Avena barbata,Non-native,Grass,Moderate,Cal IPC,G5,2,G,5,MCL,Control,rgr_h_AM,0.05236904242330217
G5.AVEBAR.1,AVEBAR,Avena barbata,Non-native,Grass,Moderate,Cal IPC,G5,2,G,5,MCL,Control,rgr_h_MJ,NA
G5.BRODIA.1,BRODIA,Bromus diandrus,Non-native,Grass,Moderate,Cal IPC,G5,2,G,5,MCL,Control,rgr_h_FM,NA
G5.BRODIA.1,BRODIA,Bromus diandrus,Non-native,Grass,Moderate,Cal IPC,G5,2,G,5,MCL,Control,rgr_h_MA,0.03936111028578931
G5.BRODIA.1,BRODIA,Bromus diandrus,Non-native,Grass,Moderate,Cal IPC,G5,2,G,5,MCL,Control,rgr_h_AM,0.03921292512635616
G5.BRODIA.1,BRODIA,Bromus diandrus,Non-native,Grass,Moderate,Cal IPC,G5,2,G,5,MCL,Control,rgr_h_MJ,NA
G5.BROHOR.1,BROHOR,Bromus hordeaceaus,Non-native,Grass,Limited,Cal IPC,G5,2,G,5,MCL,Control,rgr_h_FM,NA
G5.BROHOR.1,BROHOR,Bromus hordeaceaus,Non-native,Grass,Limited,Cal IPC,G5,2,G,5,MCL,Control,rgr_h_MA,0.04585147487226666
G5.BROHOR.1,BROHOR,Bromus hordeaceaus,Non-native,Grass,Limited,Cal IPC,G5,2,G,5,MCL,Control,rgr_h_AM,NA
G5.BROHOR.1,BROHOR,Bromus hordeaceaus,Non-native,Grass,Limited,Cal IPC,G5,2,G,5,MCL,Control,rgr_h_MJ,NA
G5.BROMAD.1,BROMAD,Bromus madritensis,Non-native,Grass,High,Cal IPC,G5,2,G,5,MCL,Control,rgr_h_FM,NA
G5.BROMAD.1,BROMAD,Bromus madritensis,Non-native,Grass,High,Cal IPC,G5,2,G,5,MCL,Control,rgr_h_MA,0.04500274048654825
G5.BROMAD.1,BROMAD,Bromus madritensis,Non-native,Grass,High,Cal IPC,G5,2,G,5,MCL,Control,rgr_h_AM,NA
G5.BROMAD.1,BROMAD,Bromus madritensis,Non-native,Grass,High,Cal IPC,G5,2,G,5,MCL,Control,rgr_h_MJ,NA
G5.ELYCAP.1,ELYCAP,Elymus caput-medusae,Non-native,Grass,High,Cal IPC,G5,2,G,5,MCL,Control,rgr_h_FM,0.02686803622371303
G5.ELYCAP.1,ELYCAP,Elymus caput-medusae,Non-native,Grass,High,Cal IPC,G5,2,G,5,MCL,Control,rgr_h_MA,0.01614822482924092
G5.ELYCAP.1,ELYCAP,Elymus caput-medusae,Non-native,Grass,High,Cal IPC,G5,2,G,5,MCL,Control,rgr_h_AM,0.03825892482716696
G5.ELYCAP.1,ELYCAP,Elymus caput-medusae,Non-native,Grass,High,Cal IPC,G5,2,G,5,MCL,Control,rgr_h_MJ,NA
G5.EROCIC.1,EROCIC,Erodium cicutarium,Non-native,Forb,Non-native,CalFlora,G5,2,G,5,MCL,Control,rgr_h_FM,NA
G5.EROCIC.1,EROCIC,Erodium cicutarium,Non-native,Forb,Non-native,CalFlora,G5,2,G,5,MCL,Control,rgr_h_MA,NA
G5.EROCIC.1,EROCIC,Erodium cicutarium,Non-native,Forb,Non-native,CalFlora,G5,2,G,5,MCL,Control,rgr_h_AM,NA
G5.EROCIC.1,EROCIC,Erodium cicutarium,Non-native,Forb,Non-native,CalFlora,G5,2,G,5,MCL,Control,rgr_h_MJ,NA
G5.HOLVIR.1,HOLVIR,Holocarpha virgata,Native,Forb,Native,CalFlora,G5,2,G,5,MCL,Control,rgr_h_FM,0.0130795196163924
G5.HOLVIR.1,HOLVIR,Holocarpha virgata,Native,Forb,Native,CalFlora,G5,2,G,5,MCL,Control,rgr_h_MA,0.0422543187949273
G5.HOLVIR.1,HOLVIR,Holocarpha virgata,Native,Forb,Native,CalFlora,G5,2,G,5,MCL,Control,rgr_h_AM,0.04221588895752148
G5.HOLVIR.1,HOLVIR,Holocarpha virgata,Native,Forb,Native,CalFlora,G5,2,G,5,MCL,Control,rgr_h_MJ,0.02075075046119789
G5.MICCAL.1,MICCAL,Micropus californicus,Native,Forb,Native,CalFlora,G5,2,G,5,MCL,Control,rgr_h_FM,0.03263228747349935
G5.MICCAL.1,MICCAL,Micropus californicus,Native,Forb,Native,CalFlora,G5,2,G,5,MCL,Control,rgr_h_MA,0.04768041872800058
G5.MICCAL.1,MICCAL,Micropus californicus,Native,Forb,Native,CalFlora,G5,2,G,5,MCL,Control,rgr_h_AM,NA
G5.MICCAL.1,MICCAL,Micropus californicus,Native,Forb,Native,CalFlora,G5,2,G,5,MCL,Control,rgr_h_MJ,NA
G5.PLAERE.1,PLAERE,Plantago erecta,Native,Forb,Native,CalFlora,G5,2,G,5,MCL,Control,rgr_h_FM,0.035439106086068053
G5.PLAERE.1,PLAERE,Plantago erecta,Native,Forb,Native,CalFlora,G5,2,G,5,MCL,Control,rgr_h_MA,0.03524195122592904
G5.PLAERE.1,PLAERE,Plantago erecta,Native,Forb,Native,CalFlora,G5,2,G,5,MCL,Control,rgr_h_AM,NA
G5.PLAERE.1,PLAERE,Plantago erecta,Native,Forb,Native,CalFlora,G5,2,G,5,MCL,Control,rgr_h_MJ,NA
G6.ACMPAR.1,ACMPAR,Acmispon parviflorus,Native,Forb,Native,CalFlora,G6,2,G,6,ANGELO,Control,rgr_h_FM,0.05191735201400323
G6.ACMPAR.1,ACMPAR,Acmispon parviflorus,Native,Forb,Native,CalFlora,G6,2,G,6,ANGELO,Control,rgr_h_MA,0.03960074681465993
G6.ACMPAR.1,ACMPAR,Acmispon parviflorus,Native,Forb,Native,CalFlora,G6,2,G,6,ANGELO,Control,rgr_h_AM,0.01654789621046303
G6.ACMPAR.1,ACMPAR,Acmispon parviflorus,Native,Forb,Native,CalFlora,G6,2,G,6,ANGELO,Control,rgr_h_MJ,NA
G6.AIRCAR.1,AIRCAR,Aira caryophyllea,Non-native,Grass,Non-native,CalFlora,G6,2,G,6,ANGELO,Control,rgr_h_FM,0.02235958646967565
G6.AIRCAR.1,AIRCAR,Aira caryophyllea,Non-native,Grass,Non-native,CalFlora,G6,2,G,6,ANGELO,Control,rgr_h_MA,0.02665950694461328
G6.AIRCAR.1,AIRCAR,Aira caryophyllea,Non-native,Grass,Non-native,CalFlora,G6,2,G,6,ANGELO,Control,rgr_h_AM,0.0273321890447485
G6.AIRCAR.1,AIRCAR,Aira caryophyllea,Non-native,Grass,Non-native,CalFlora,G6,2,G,6,ANGELO,Control,rgr_h_MJ,NA
G6.BRODIA.1,BRODIA,Bromus diandrus,Non-native,Grass,Moderate,Cal IPC,G6,2,G,6,ANGELO,Control,rgr_h_FM,NA
G6.BRODIA.1,BRODIA,Bromus diandrus,Non-native,Grass,Moderate,Cal IPC,G6,2,G,6,ANGELO,Control,rgr_h_MA,0.01894140327299209
G6.BRODIA.1,BRODIA,Bromus diandrus,Non-native,Grass,Moderate,Cal IPC,G6,2,G,6,ANGELO,Control,rgr_h_AM,0.04715156497968566
G6.BRODIA.1,BRODIA,Bromus diandrus,Non-native,Grass,Moderate,Cal IPC,G6,2,G,6,ANGELO,Control,rgr_h_MJ,NA
G6.BROHOR.1,BROHOR,Bromus hordeaceaus,Non-native,Grass,Limited,Cal IPC,G6,2,G,6,ANGELO,Control,rgr_h_FM,NA
G6.BROHOR.1,BROHOR,Bromus hordeaceaus,Non-native,Grass,Limited,Cal IPC,G6,2,G,6,ANGELO,Control,rgr_h_MA,0.00366577614632018
G6.BROHOR.1,BROHOR,Bromus hordeaceaus,Non-native,Grass,Limited,Cal IPC,G6,2,G,6,ANGELO,Control,rgr_h_AM,0.08518142974660209
G6.BROHOR.1,BROHOR,Bromus hordeaceaus,Non-native,Grass,Limited,Cal IPC,G6,2,G,6,ANGELO,Control,rgr_h_MJ,NA
G6.CLAPUR.1,CLAPUR,Clarkia purpurea,Native,Forb,Native,CalFlora,G6,2,G,6,ANGELO,Control,rgr_h_FM,0.0404117086611409
G6.CLAPUR.1,CLAPUR,Clarkia purpurea,Native,Forb,Native,CalFlora,G6,2,G,6,ANGELO,Control,rgr_h_MA,0.01371826707456663
G6.CLAPUR.1,CLAPUR,Clarkia purpurea,Native,Forb,Native,CalFlora,G6,2,G,6,ANGELO,Control,rgr_h_AM,NA
G6.CLAPUR.1,CLAPUR,Clarkia purpurea,Native,Forb,Native,CalFlora,G6,2,G,6,ANGELO,Control,rgr_h_MJ,NA
G6.DANCAL.1,DANCAL,Danthonia californica,Native,Grass,Native,CalFlora,G6,2,G,6,ANGELO,Control,rgr_h_FM,NA
G6.DANCAL.1,DANCAL,Danthonia californica,Native,Grass,Native,CalFlora,G6,2,G,6,ANGELO,Control,rgr_h_MA,NA
G6.DANCAL.1,DANCAL,Danthonia californica,Native,Grass,Native,CalFlora,G6,2,G,6,ANGELO,Control,rgr_h_AM,0.016906028794145
G6.DANCAL.1,DANCAL,Danthonia californica,Native,Grass,Native,CalFlora,G6,2,G,6,ANGELO,Control,rgr_h_MJ,0
G6.GALPAR.1,GALPAR,Galium parisiense,Non-native,Forb,Non-native,CalFlora,G6,2,G,6,ANGELO,Control,rgr_h_FM,0.035439106086068053
G6.GALPAR.1,GALPAR,Galium parisiense,Non-native,Forb,Non-native,CalFlora,G6,2,G,6,ANGELO,Control,rgr_h_MA,0.04225431879492729
G6.GALPAR.1,GALPAR,Galium parisiense,Non-native,Forb,Non-native,CalFlora,G6,2,G,6,ANGELO,Control,rgr_h_AM,0.05428838659861874
G6.GALPAR.1,GALPAR,Galium parisiense,Non-native,Forb,Non-native,CalFlora,G6,2,G,6,ANGELO,Control,rgr_h_MJ,NA
G6.HYPGLA.1,HYPGLA,Hypochaeris glabra,Non-native,Forb,Limited,Cal IPC,G6,2,G,6,ANGELO,Control,rgr_h_FM,0.035439106086068053
G6.HYPGLA.1,HYPGLA,Hypochaeris glabra,Non-native,Forb,Limited,Cal IPC,G6,2,G,6,ANGELO,Control,rgr_h_MA,0.0422543187949273
G6.HYPGLA.1,HYPGLA,Hypochaeris glabra,Non-native,Forb,Limited,Cal IPC,G6,2,G,6,ANGELO,Control,rgr_h_AM,0.05727159542325882
G6.HYPGLA.1,HYPGLA,Hypochaeris glabra,Non-native,Forb,Limited,Cal IPC,G6,2,G,6,ANGELO,Control,rgr_h_MJ,NA
G7.AIRCAR.1,AIRCAR,Aira caryophyllea,Non-native,Grass,Non-native,CalFlora,G7,2,G,7,ANGELO,Control,rgr_h_FM,0.0404117086611409
G7.AIRCAR.1,AIRCAR,Aira caryophyllea,Non-native,Grass,Non-native,CalFlora,G7,2,G,7,ANGELO,Control,rgr_h_MA,0.03179532973786415
G7.AIRCAR.1,AIRCAR,Aira caryophyllea,Non-native,Grass,Non-native,CalFlora,G7,2,G,7,ANGELO,Control,rgr_h_AM,0.04851862570246045
G7.AIRCAR.1,AIRCAR,Aira caryophyllea,Non-native,Grass,Non-native,CalFlora,G7,2,G,7,ANGELO,Control,rgr_h_MJ,NA
G7.BRODIA.1,BRODIA,Bromus diandrus,Non-native,Grass,Moderate,Cal IPC,G7,2,G,7,ANGELO,Control,rgr_h_FM,NA
G7.BRODIA.1,BRODIA,Bromus diandrus,Non-native,Grass,Moderate,Cal IPC,G7,2,G,7,ANGELO,Control,rgr_h_MA,0.02446110641230756
G7.BRODIA.1,BRODIA,Bromus diandrus,Non-native,Grass,Moderate,Cal IPC,G7,2,G,7,ANGELO,Control,rgr_h_AM,0.05007855537732314
G7.BRODIA.1,BRODIA,Bromus diandrus,Non-native,Grass,Moderate,Cal IPC,G7,2,G,7,ANGELO,Control,rgr_h_MJ,NA
G7.BROHOR.1,BROHOR,Bromus hordeaceaus,Non-native,Grass,Limited,Cal IPC,G7,2,G,7,ANGELO,Control,rgr_h_FM,NA
G7.BROHOR.1,BROHOR,Bromus hordeaceaus,Non-native,Grass,Limited,Cal IPC,G7,2,G,7,ANGELO,Control,rgr_h_MA,0.02468668792970749
G7.BROHOR.1,BROHOR,Bromus hordeaceaus,Non-native,Grass,Limited,Cal IPC,G7,2,G,7,ANGELO,Control,rgr_h_AM,NA
G7.BROHOR.1,BROHOR,Bromus hordeaceaus,Non-native,Grass,Limited,Cal IPC,G7,2,G,7,ANGELO,Control,rgr_h_MJ,NA
G7.ESCCAL.1,ESCCAL,Eschscholzia californica,Native,Forb,Native,CalFlora,G7,2,G,7,ANGELO,Control,rgr_h_FM,0.02235958646967565
G7.ESCCAL.1,ESCCAL,Eschscholzia californica,Native,Forb,Native,CalFlora,G7,2,G,7,ANGELO,Control,rgr_h_MA,0.0422543187949273
G7.ESCCAL.1,ESCCAL,Eschscholzia californica,Native,Forb,Native,CalFlora,G7,2,G,7,ANGELO,Control,rgr_h_AM,0
G7.ESCCAL.1,ESCCAL,Eschscholzia californica,Native,Forb,Native,CalFlora,G7,2,G,7,ANGELO,Control,rgr_h_MJ,0.01598233735843226
G7.GALPAR.1,GALPAR,Galium parisiense,Non-native,Forb,Non-native,CalFlora,G7,2,G,7,ANGELO,Control,rgr_h_FM,0.04471917293935131
G7.GALPAR.1,GALPAR,Galium parisiense,Non-native,Forb,Non-native,CalFlora,G7,2,G,7,ANGELO,Control,rgr_h_MA,0.05083676307624306
G7.GALPAR.1,GALPAR,Galium parisiense,Non-native,Forb,Non-native,CalFlora,G7,2,G,7,ANGELO,Control,rgr_h_AM,0.03985658175170646
G7.GALPAR.1,GALPAR,Galium parisiense,Non-native,Forb,Non-native,CalFlora,G7,2,G,7,ANGELO,Control,rgr_h_MJ,NA
G7.MADGRA.1,MADGRA,Madia gracilis,Native,Forb,Native,CalFlora,G7,2,G,7,ANGELO,Control,rgr_h_FM,0.035439106086068053
G7.MADGRA.1,MADGRA,Madia gracilis,Native,Forb,Native,CalFlora,G7,2,G,7,ANGELO,Control,rgr_h_MA,0.07484269804058898
G7.MADGRA.1,MADGRA,Madia gracilis,Native,Forb,Native,CalFlora,G7,2,G,7,ANGELO,Control,rgr_h_AM,0.03582430327784067
G7.MADGRA.1,MADGRA,Madia gracilis,Native,Forb,Native,CalFlora,G7,2,G,7,ANGELO,Control,rgr_h_MJ,NA
G8.AVEBAR.1,AVEBAR,Avena barbata,Non-native,Grass,Moderate,Cal IPC,G8,2,G,8,BORR,Control,rgr_h_FM,NA
G8.AVEBAR.1,AVEBAR,Avena barbata,Non-native,Grass,Moderate,Cal IPC,G8,2,G,8,BORR,Control,rgr_h_MA,0.01106469509429926
G8.AVEBAR.1,AVEBAR,Avena barbata,Non-native,Grass,Moderate,Cal IPC,G8,2,G,8,BORR,Control,rgr_h_AM,0.05889620933889143
G8.AVEBAR.1,AVEBAR,Avena barbata,Non-native,Grass,Moderate,Cal IPC,G8,2,G,8,BORR,Control,rgr_h_MJ,NA
G8.BRODIA.1,BRODIA,Bromus diandrus,Non-native,Grass,Moderate,Cal IPC,G8,2,G,8,BORR,Control,rgr_h_FM,NA
G8.BRODIA.1,BRODIA,Bromus diandrus,Non-native,Grass,Moderate,Cal IPC,G8,2,G,8,BORR,Control,rgr_h_MA,0.02277119475725295
G8.BRODIA.1,BRODIA,Bromus diandrus,Non-native,Grass,Moderate,Cal IPC,G8,2,G,8,BORR,Control,rgr_h_AM,0.03591547778681386
G8.BRODIA.1,BRODIA,Bromus diandrus,Non-native,Grass,Moderate,Cal IPC,G8,2,G,8,BORR,Control,rgr_h_MJ,NA
G8.BROHOR.1,BROHOR,Bromus hordeaceaus,Non-native,Grass,Limited,Cal IPC,G8,2,G,8,BORR,Control,rgr_h_FM,NA
G8.BROHOR.1,BROHOR,Bromus hordeaceaus,Non-native,Grass,Limited,Cal IPC,G8,2,G,8,BORR,Control,rgr_h_MA,0.03960074681465993
G8.BROHOR.1,BROHOR,Bromus hordeaceaus,Non-native,Grass,Limited,Cal IPC,G8,2,G,8,BORR,Control,rgr_h_AM,NA
G8.BROHOR.1,BROHOR,Bromus hordeaceaus,Non-native,Grass,Limited,Cal IPC,G8,2,G,8,BORR,Control,rgr_h_MJ,NA
G8.DAUPUS.1,DAUPUS,Daucus pusillus,Native,Forb,Native,CalFlora,G8,2,G,8,BORR,Control,rgr_h_FM,0.03263228747349935
G8.DAUPUS.1,DAUPUS,Daucus pusillus,Native,Forb,Native,CalFlora,G8,2,G,8,BORR,Control,rgr_h_MA,0.05502869706502786
G8.DAUPUS.1,DAUPUS,Daucus pusillus,Native,Forb,Native,CalFlora,G8,2,G,8,BORR,Control,rgr_h_AM,0.03500370293403354
G8.DAUPUS.1,DAUPUS,Daucus pusillus,Native,Forb,Native,CalFlora,G8,2,G,8,BORR,Control,rgr_h_MJ,NA
G8.EROBOT.1,EROBOT,Erodium botrys,Non-native,Forb,Non-native,CalFlora,G8,2,G,8,BORR,Control,rgr_h_FM,0.0316396533229589
G8.EROBOT.1,EROBOT,Erodium botrys,Non-native,Forb,Non-native,CalFlora,G8,2,G,8,BORR,Control,rgr_h_MA,0.04818319109597568
G8.EROBOT.1,EROBOT,Erodium botrys,Non-native,Forb,Non-native,CalFlora,G8,2,G,8,BORR,Control,rgr_h_AM,0.01776191464320038
G8.EROBOT.1,EROBOT,Erodium botrys,Non-native,Forb,Non-native,CalFlora,G8,2,G,8,BORR,Control,rgr_h_MJ,NA
G8.GERDIS.1,GERDIS,Geranium dissectum,Non-native,Forb,Limited,Cal IPC,G8,2,G,8,BORR,Control,rgr_h_FM,0.05399923979263457
G8.GERDIS.1,GERDIS,Geranium dissectum,Non-native,Forb,Limited,Cal IPC,G8,2,G,8,BORR,Control,rgr_h_MA,0.04818319109597568
G8.GERDIS.1,GERDIS,Geranium dissectum,Non-native,Forb,Limited,Cal IPC,G8,2,G,8,BORR,Control,rgr_h_AM,NA
G8.GERDIS.1,GERDIS,Geranium dissectum,Non-native,Forb,Limited,Cal IPC,G8,2,G,8,BORR,Control,rgr_h_MJ,NA
G8.LUPBIC.1,LUPBIC,Lupinus bicolor,Native,Forb,Native,CalFlora,G8,2,G,8,BORR,Control,rgr_h_FM,0.0404117086611409
G8.LUPBIC.1,LUPBIC,Lupinus bicolor,Native,Forb,Native,CalFlora,G8,2,G,8,BORR,Control,rgr_h_MA,0.03632544649387891
G8.LUPBIC.1,LUPBIC,Lupinus bicolor,Native,Forb,Native,CalFlora,G8,2,G,8,BORR,Control,rgr_h_AM,0.03964530447066105
G8.LUPBIC.1,LUPBIC,Lupinus bicolor,Native,Forb,Native,CalFlora,G8,2,G,8,BORR,Control,rgr_h_MJ,NA
G8.MADGRA.1,MADGRA,Madia gracilis,Native,Forb,Native,CalFlora,G8,2,G,8,BORR,Control,rgr_h_FM,0.06427194079645826
G8.MADGRA.1,MADGRA,Madia gracilis,Native,Forb,Native,CalFlora,G8,2,G,8,BORR,Control,rgr_h_MA,0.04451741494965551
G8.MADGRA.1,MADGRA,Madia gracilis,Native,Forb,Native,CalFlora,G8,2,G,8,BORR,Control,rgr_h_AM,0.02346511930182378
G8.MADGRA.1,MADGRA,Madia gracilis,Native,Forb,Native,CalFlora,G8,2,G,8,BORR,Control,rgr_h_MJ,NA
G8.TORARV.1,TORARV,Torilis arvensis,Non-native,Forb,Moderate,Cal IPC,G8,2,G,8,BORR,Control,rgr_h_FM,0.03543910608606806
G8.TORARV.1,TORARV,Torilis arvensis,Non-native,Forb,Moderate,Cal IPC,G8,2,G,8,BORR,Control,rgr_h_MA,0.03929427875123005
G8.TORARV.1,TORARV,Torilis arvensis,Non-native,Forb,Moderate,Cal IPC,G8,2,G,8,BORR,Control,rgr_h_AM,NA
G8.TORARV.1,TORARV,Torilis arvensis,Non-native,Forb,Moderate,Cal IPC,G8,2,G,8,BORR,Control,rgr_h_MJ,NA
G8.TRIHIR.1,TRIHIR,Trifolium hirtum,Non-native,Forb,Limited,Cal IPC,G8,2,G,8,BORR,Control,rgr_h_FM,0.06277129513081656
G8.TRIHIR.1,TRIHIR,Trifolium hirtum,Non-native,Forb,Limited,Cal IPC,G8,2,G,8,BORR,Control,rgr_h_MA,0.04658039508056923
G8.TRIHIR.1,TRIHIR,Trifolium hirtum,Non-native,Forb,Limited,Cal IPC,G8,2,G,8,BORR,Control,rgr_h_AM,0.01575334501272603
G8.TRIHIR.1,TRIHIR,Trifolium hirtum,Non-native,Forb,Limited,Cal IPC,G8,2,G,8,BORR,Control,rgr_h_MJ,NA
H1.AVEFAT.1,AVEFAT,Avena fatua,Non-native,Grass,Moderate,Cal IPC,H1,3,H,1,SEDG,Control,rgr_h_FM,NA
H1.AVEFAT.1,AVEFAT,Avena fatua,Non-native,Grass,Moderate,Cal IPC,H1,3,H,1,SEDG,Control,rgr_h_MA,0.0637780029462897
H1.AVEFAT.1,AVEFAT,Avena fatua,Non-native,Grass,Moderate,Cal IPC,H1,3,H,1,SEDG,Control,rgr_h_AM,0.01925408834888736
H1.AVEFAT.1,AVEFAT,Avena fatua,Non-native,Grass,Moderate,Cal IPC,H1,3,H,1,SEDG,Control,rgr_h_MJ,NA
H1.BRODIA.1,BRODIA,Bromus diandrus,Non-native,Grass,Moderate,Cal IPC,H1,3,H,1,SEDG,Control,rgr_h_FM,NA
H1.BRODIA.1,BRODIA,Bromus diandrus,Non-native,Grass,Moderate,Cal IPC,H1,3,H,1,SEDG,Control,rgr_h_MA,0.04340250968529965
H1.BRODIA.1,BRODIA,Bromus diandrus,Non-native,Grass,Moderate,Cal IPC,H1,3,H,1,SEDG,Control,rgr_h_AM,-0.00548801978665939
H1.BRODIA.1,BRODIA,Bromus diandrus,Non-native,Grass,Moderate,Cal IPC,H1,3,H,1,SEDG,Control,rgr_h_MJ,NA
H1.BROHOR.1,BROHOR,Bromus hordeaceaus,Non-native,Grass,Limited,Cal IPC,H1,3,H,1,SEDG,Control,rgr_h_FM,NA
H1.BROHOR.1,BROHOR,Bromus hordeaceaus,Non-native,Grass,Limited,Cal IPC,H1,3,H,1,SEDG,Control,rgr_h_MA,0.03707048126965802
H1.BROHOR.1,BROHOR,Bromus hordeaceaus,Non-native,Grass,Limited,Cal IPC,H1,3,H,1,SEDG,Control,rgr_h_AM,NA
H1.BROHOR.1,BROHOR,Bromus hordeaceaus,Non-native,Grass,Limited,Cal IPC,H1,3,H,1,SEDG,Control,rgr_h_MJ,NA
H1.BROMAD.1,BROMAD,Bromus madritensis,Non-native,Grass,High,Cal IPC,H1,3,H,1,SEDG,Control,rgr_h_FM,NA
H1.BROMAD.1,BROMAD,Bromus madritensis,Non-native,Grass,High,Cal IPC,H1,3,H,1,SEDG,Control,rgr_h_MA,0.05865348275173707
H1.BROMAD.1,BROMAD,Bromus madritensis,Non-native,Grass,High,Cal IPC,H1,3,H,1,SEDG,Control,rgr_h_AM,NA
H1.BROMAD.1,BROMAD,Bromus madritensis,Non-native,Grass,High,Cal IPC,H1,3,H,1,SEDG,Control,rgr_h_MJ,NA
H1.CENMEL.1,CENMEL,Centaurea melitensis,Non-native,Forb,Moderate,Cal IPC,H1,3,H,1,SEDG,Control,rgr_h_FM,0.05082375357285222
H1.CENMEL.1,CENMEL,Centaurea melitensis,Non-native,Forb,Moderate,Cal IPC,H1,3,H,1,SEDG,Control,rgr_h_MA,0.01938096849697757
H1.CENMEL.1,CENMEL,Centaurea melitensis,Non-native,Forb,Moderate,Cal IPC,H1,3,H,1,SEDG,Control,rgr_h_AM,0.06279162423415029
H1.CENMEL.1,CENMEL,Centaurea melitensis,Non-native,Forb,Moderate,Cal IPC,H1,3,H,1,SEDG,Control,rgr_h_MJ,NA
H1.CORFIL.1,CORFIL,Corethrogyne filaginafolia,Native,Forb,Native,CalFlora,H1,3,H,1,SEDG,Control,rgr_h_FM,0.05779869255574371
H1.CORFIL.1,CORFIL,Corethrogyne filaginafolia,Native,Forb,Native,CalFlora,H1,3,H,1,SEDG,Control,rgr_h_MA,0.01470899120501268
H1.CORFIL.1,CORFIL,Corethrogyne filaginafolia,Native,Forb,Native,CalFlora,H1,3,H,1,SEDG,Control,rgr_h_AM,0.02715743271948779
H1.CORFIL.1,CORFIL,Corethrogyne filaginafolia,Native,Forb,Native,CalFlora,H1,3,H,1,SEDG,Control,rgr_h_MJ,0.00318528690106949
H1.MICCAL.1,MICCAL,Micropus californicus,Native,Forb,Native,CalFlora,H1,3,H,1,SEDG,Control,rgr_h_FM,0.035439106086068053
H1.MICCAL.1,MICCAL,Micropus californicus,Native,Forb,Native,CalFlora,H1,3,H,1,SEDG,Control,rgr_h_MA,0.04815891217303744
H1.MICCAL.1,MICCAL,Micropus californicus,Native,Forb,Native,CalFlora,H1,3,H,1,SEDG,Control,rgr_h_AM,NA
H1.MICCAL.1,MICCAL,Micropus californicus,Native,Forb,Native,CalFlora,H1,3,H,1,SEDG,Control,rgr_h_MJ,NA
H1.STIPUL.1,STIPUL,Stipa pulchra,Native,Grass,Native,CalFlora,H1,3,H,1,SEDG,Control,rgr_h_FM,NA
H1.STIPUL.1,STIPUL,Stipa pulchra,Native,Grass,Native,CalFlora,H1,3,H,1,SEDG,Control,rgr_h_MA,0.02073063464356488
H1.STIPUL.1,STIPUL,Stipa pulchra,Native,Grass,Native,CalFlora,H1,3,H,1,SEDG,Control,rgr_h_AM,0.02280998262817967
H1.STIPUL.1,STIPUL,Stipa pulchra,Native,Grass,Native,CalFlora,H1,3,H,1,SEDG,Control,rgr_h_MJ,0.00181009756863257
H2.AIRCAR.1,AIRCAR,Aira caryophyllea,Non-native,Grass,Non-native,CalFlora,H2,3,H,2,ANGELO,Control,rgr_h_FM,NA
H2.AIRCAR.1,AIRCAR,Aira caryophyllea,Non-native,Grass,Non-native,CalFlora,H2,3,H,2,ANGELO,Control,rgr_h_MA,0.05248745555864675
H2.AIRCAR.1,AIRCAR,Aira caryophyllea,Non-native,Grass,Non-native,CalFlora,H2,3,H,2,ANGELO,Control,rgr_h_AM,0.03268651734945899
H2.AIRCAR.1,AIRCAR,Aira caryophyllea,Non-native,Grass,Non-native,CalFlora,H2,3,H,2,ANGELO,Control,rgr_h_MJ,NA
H2.BRODIA.1,BRODIA,Bromus diandrus,Non-native,Grass,Moderate,Cal IPC,H2,3,H,2,ANGELO,Control,rgr_h_FM,NA
H2.BRODIA.1,BRODIA,Bromus diandrus,Non-native,Grass,Moderate,Cal IPC,H2,3,H,2,ANGELO,Control,rgr_h_MA,0.01621860432432657
H2.BRODIA.1,BRODIA,Bromus diandrus,Non-native,Grass,Moderate,Cal IPC,H2,3,H,2,ANGELO,Control,rgr_h_AM,0.05633909172656973
H2.BRODIA.1,BRODIA,Bromus diandrus,Non-native,Grass,Moderate,Cal IPC,H2,3,H,2,ANGELO,Control,rgr_h_MJ,NA
H2.BROHOR.1,BROHOR,Bromus hordeaceaus,Non-native,Grass,Limited,Cal IPC,H2,3,H,2,ANGELO,Control,rgr_h_FM,NA
H2.BROHOR.1,BROHOR,Bromus hordeaceaus,Non-native,Grass,Limited,Cal IPC,H2,3,H,2,ANGELO,Control,rgr_h_MA,0.03923317012046905
H2.BROHOR.1,BROHOR,Bromus hordeaceaus,Non-native,Grass,Limited,Cal IPC,H2,3,H,2,ANGELO,Control,rgr_h_AM,0.04485127832844254
H2.BROHOR.1,BROHOR,Bromus hordeaceaus,Non-native,Grass,Limited,Cal IPC,H2,3,H,2,ANGELO,Control,rgr_h_MJ,NA
H2.DANCAL.1,DANCAL,Danthonia californica,Native,Grass,Native,CalFlora,H2,3,H,2,ANGELO,Control,rgr_h_FM,NA
H2.DANCAL.1,DANCAL,Danthonia californica,Native,Grass,Native,CalFlora,H2,3,H,2,ANGELO,Control,rgr_h_MA,NA
H2.DANCAL.1,DANCAL,Danthonia californica,Native,Grass,Native,CalFlora,H2,3,H,2,ANGELO,Control,rgr_h_AM,NA
H2.DANCAL.1,DANCAL,Danthonia californica,Native,Grass,Native,CalFlora,H2,3,H,2,ANGELO,Control,rgr_h_MJ,NA
H2.DAUPUS.1,DAUPUS,Daucus pusillus,Native,Forb,Native,CalFlora,H2,3,H,2,ANGELO,Control,rgr_h_FM,0.0273321890447485
H2.DAUPUS.1,DAUPUS,Daucus pusillus,Native,Forb,Native,CalFlora,H2,3,H,2,ANGELO,Control,rgr_h_MA,0.05545177444479562
H2.DAUPUS.1,DAUPUS,Daucus pusillus,Native,Forb,Native,CalFlora,H2,3,H,2,ANGELO,Control,rgr_h_AM,0.04533664324627568
H2.DAUPUS.1,DAUPUS,Daucus pusillus,Native,Forb,Native,CalFlora,H2,3,H,2,ANGELO,Control,rgr_h_MJ,NA
H2.ESCCAL.1,ESCCAL,Eschscholzia californica,Native,Forb,Native,CalFlora,H2,3,H,2,ANGELO,Control,rgr_h_FM,0.03883783239761083
H2.ESCCAL.1,ESCCAL,Eschscholzia californica,Native,Forb,Native,CalFlora,H2,3,H,2,ANGELO,Control,rgr_h_MA,0.03822045780109745
H2.ESCCAL.1,ESCCAL,Eschscholzia californica,Native,Forb,Native,CalFlora,H2,3,H,2,ANGELO,Control,rgr_h_AM,0.0236876646742924
H2.ESCCAL.1,ESCCAL,Eschscholzia californica,Native,Forb,Native,CalFlora,H2,3,H,2,ANGELO,Control,rgr_h_MJ,-0.0248902623626089
H2.GALPAR.1,GALPAR,Galium parisiense,Non-native,Forb,Non-native,CalFlora,H2,3,H,2,ANGELO,Control,rgr_h_FM,0
H2.GALPAR.1,GALPAR,Galium parisiense,Non-native,Forb,Non-native,CalFlora,H2,3,H,2,ANGELO,Control,rgr_h_MA,0.04394449154672438
H2.GALPAR.1,GALPAR,Galium parisiense,Non-native,Forb,Non-native,CalFlora,H2,3,H,2,ANGELO,Control,rgr_h_AM,0.05778852673925581
H2.GALPAR.1,GALPAR,Galium parisiense,Non-native,Forb,Non-native,CalFlora,H2,3,H,2,ANGELO,Control,rgr_h_MJ,NA
H2.MADGRA.1,MADGRA,Madia gracilis,Native,Forb,Native,CalFlora,H2,3,H,2,ANGELO,Control,rgr_h_FM,0.02955776554432758
H2.MADGRA.1,MADGRA,Madia gracilis,Native,Forb,Native,CalFlora,H2,3,H,2,ANGELO,Control,rgr_h_MA,0.03973007092041134
H2.MADGRA.1,MADGRA,Madia gracilis,Native,Forb,Native,CalFlora,H2,3,H,2,ANGELO,Control,rgr_h_AM,0.05912084094619117
H2.MADGRA.1,MADGRA,Madia gracilis,Native,Forb,Native,CalFlora,H2,3,H,2,ANGELO,Control,rgr_h_MJ,NA
H3.AMSMEN.1,AMSMEN,Amsinckia menziesii,Native,Forb,Native,CalFlora,H3,3,H,3,WWP,Control,rgr_h_FM,0.0145801652820341
H3.AMSMEN.1,AMSMEN,Amsinckia menziesii,Native,Forb,Native,CalFlora,H3,3,H,3,WWP,Control,rgr_h_MA,NA
H3.AMSMEN.1,AMSMEN,Amsinckia menziesii,Native,Forb,Native,CalFlora,H3,3,H,3,WWP,Control,rgr_h_AM,NA
H3.AMSMEN.1,AMSMEN,Amsinckia menziesii,Native,Forb,Native,CalFlora,H3,3,H,3,WWP,Control,rgr_h_MJ,NA
H3.AVEBAR.1,AVEBAR,Avena barbata,Non-native,Grass,Moderate,Cal IPC,H3,3,H,3,WWP,Control,rgr_h_FM,NA
H3.AVEBAR.1,AVEBAR,Avena barbata,Non-native,Grass,Moderate,Cal IPC,H3,3,H,3,WWP,Control,rgr_h_MA,0.07726085646412856
H3.AVEBAR.1,AVEBAR,Avena barbata,Non-native,Grass,Moderate,Cal IPC,H3,3,H,3,WWP,Control,rgr_h_AM,0.01108876742011115
H3.AVEBAR.1,AVEBAR,Avena barbata,Non-native,Grass,Moderate,Cal IPC,H3,3,H,3,WWP,Control,rgr_h_MJ,NA
H3.BRODIA.1,BRODIA,Bromus diandrus,Non-native,Grass,Moderate,Cal IPC,H3,3,H,3,WWP,Control,rgr_h_FM,NA
H3.BRODIA.1,BRODIA,Bromus diandrus,Non-native,Grass,Moderate,Cal IPC,H3,3,H,3,WWP,Control,rgr_h_MA,0.01150728289807123
H3.BRODIA.1,BRODIA,Bromus diandrus,Non-native,Grass,Moderate,Cal IPC,H3,3,H,3,WWP,Control,rgr_h_AM,0.03454034994786177
H3.BRODIA.1,BRODIA,Bromus diandrus,Non-native,Grass,Moderate,Cal IPC,H3,3,H,3,WWP,Control,rgr_h_MJ,NA
H3.BROMAD.1,BROMAD,Bromus madritensis,Non-native,Grass,High,Cal IPC,H3,3,H,3,WWP,Control,rgr_h_FM,NA
H3.BROMAD.1,BROMAD,Bromus madritensis,Non-native,Grass,High,Cal IPC,H3,3,H,3,WWP,Control,rgr_h_MA,0.04865581297297974
H3.BROMAD.1,BROMAD,Bromus madritensis,Non-native,Grass,High,Cal IPC,H3,3,H,3,WWP,Control,rgr_h_AM,NA
H3.BROMAD.1,BROMAD,Bromus madritensis,Non-native,Grass,High,Cal IPC,H3,3,H,3,WWP,Control,rgr_h_MJ,NA
H3.EROCIC.1,EROCIC,Erodium cicutarium,Non-native,Forb,Non-native,CalFlora,H3,3,H,3,WWP,Control,rgr_h_FM,0.0404117086611409
H3.EROCIC.1,EROCIC,Erodium cicutarium,Non-native,Forb,Non-native,CalFlora,H3,3,H,3,WWP,Control,rgr_h_MA,0.03665162927496621
H3.EROCIC.1,EROCIC,Erodium cicutarium,Non-native,Forb,Non-native,CalFlora,H3,3,H,3,WWP,Control,rgr_h_AM,0.01741202399336641
H3.EROCIC.1,EROCIC,Erodium cicutarium,Non-native,Forb,Non-native,CalFlora,H3,3,H,3,WWP,Control,rgr_h_MJ,NA
H3.PHATAN.1,PHATAN,Phacelia tanacetifolia,Native,Forb,Native,CalFlora,H3,3,H,3,WWP,Control,rgr_h_FM,0.05779869255574371
H3.PHATAN.1,PHATAN,Phacelia tanacetifolia,Native,Forb,Native,CalFlora,H3,3,H,3,WWP,Control,rgr_h_MA,NA
H3.PHATAN.1,PHATAN,Phacelia tanacetifolia,Native,Forb,Native,CalFlora,H3,3,H,3,WWP,Control,rgr_h_AM,NA
H3.PHATAN.1,PHATAN,Phacelia tanacetifolia,Native,Forb,Native,CalFlora,H3,3,H,3,WWP,Control,rgr_h_MJ,NA
H4.BRODIA.1,BRODIA,Bromus diandrus,Non-native,Grass,Moderate,Cal IPC,H4,3,H,4,MCL,Control,rgr_h_FM,NA
H4.BRODIA.1,BRODIA,Bromus diandrus,Non-native,Grass,Moderate,Cal IPC,H4,3,H,4,MCL,Control,rgr_h_MA,0.01741272285031382
H4.BRODIA.1,BRODIA,Bromus diandrus,Non-native,Grass,Moderate,Cal IPC,H4,3,H,4,MCL,Control,rgr_h_AM,0.0744451013698199
H4.BRODIA.1,BRODIA,Bromus diandrus,Non-native,Grass,Moderate,Cal IPC,H4,3,H,4,MCL,Control,rgr_h_MJ,NA
H4.BROHOR.1,BROHOR,Bromus hordeaceaus,Non-native,Grass,Limited,Cal IPC,H4,3,H,4,MCL,Control,rgr_h_FM,NA
H4.BROHOR.1,BROHOR,Bromus hordeaceaus,Non-native,Grass,Limited,Cal IPC,H4,3,H,4,MCL,Control,rgr_h_MA,0.05952308221719331
H4.BROHOR.1,BROHOR,Bromus hordeaceaus,Non-native,Grass,Limited,Cal IPC,H4,3,H,4,MCL,Control,rgr_h_AM,NA
H4.BROHOR.1,BROHOR,Bromus hordeaceaus,Non-native,Grass,Limited,Cal IPC,H4,3,H,4,MCL,Control,rgr_h_MJ,NA
H4.BROMAD.1,BROMAD,Bromus madritensis,Non-native,Grass,High,Cal IPC,H4,3,H,4,MCL,Control,rgr_h_FM,NA
H4.BROMAD.1,BROMAD,Bromus madritensis,Non-native,Grass,High,Cal IPC,H4,3,H,4,MCL,Control,rgr_h_MA,0.03923317012046903
H4.BROMAD.1,BROMAD,Bromus madritensis,Non-native,Grass,High,Cal IPC,H4,3,H,4,MCL,Control,rgr_h_AM,NA
H4.BROMAD.1,BROMAD,Bromus madritensis,Non-native,Grass,High,Cal IPC,H4,3,H,4,MCL,Control,rgr_h_MJ,NA
H4.ELYCAP.1,ELYCAP,Elymus caput-medusae,Non-native,Grass,High,Cal IPC,H4,3,H,4,MCL,Control,rgr_h_FM,0.02494160929785425
H4.ELYCAP.1,ELYCAP,Elymus caput-medusae,Non-native,Grass,High,Cal IPC,H4,3,H,4,MCL,Control,rgr_h_MA,0.03845644668618498
H4.ELYCAP.1,ELYCAP,Elymus caput-medusae,Non-native,Grass,High,Cal IPC,H4,3,H,4,MCL,Control,rgr_h_AM,0.03627370196746132
H4.ELYCAP.1,ELYCAP,Elymus caput-medusae,Non-native,Grass,High,Cal IPC,H4,3,H,4,MCL,Control,rgr_h_MJ,NA
H4.HOLVIR.1,HOLVIR,Holocarpha virgata,Native,Forb,Native,CalFlora,H4,3,H,4,MCL,Control,rgr_h_FM,0.05499187394317501
H4.HOLVIR.1,HOLVIR,Holocarpha virgata,Native,Forb,Native,CalFlora,H4,3,H,4,MCL,Control,rgr_h_MA,0.02586508659700209
H4.HOLVIR.1,HOLVIR,Holocarpha virgata,Native,Forb,Native,CalFlora,H4,3,H,4,MCL,Control,rgr_h_AM,0.03872111078113746
H4.HOLVIR.1,HOLVIR,Holocarpha virgata,Native,Forb,Native,CalFlora,H4,3,H,4,MCL,Control,rgr_h_MJ,0.01046164436880984
H4.MICCAL.1,MICCAL,Micropus californicus,Native,Forb,Native,CalFlora,H4,3,H,4,MCL,Control,rgr_h_FM,0.04263728516071997
H4.MICCAL.1,MICCAL,Micropus californicus,Native,Forb,Native,CalFlora,H4,3,H,4,MCL,Control,rgr_h_MA,0.05511704445797497
H4.MICCAL.1,MICCAL,Micropus californicus,Native,Forb,Native,CalFlora,H4,3,H,4,MCL,Control,rgr_h_AM,NA
H4.MICCAL.1,MICCAL,Micropus californicus,Native,Forb,Native,CalFlora,H4,3,H,4,MCL,Control,rgr_h_MJ,NA
H4.PLAERE.1,PLAERE,Plantago erecta,Native,Forb,Native,CalFlora,H4,3,H,4,MCL,Control,rgr_h_FM,0.02790314314472918
H4.PLAERE.1,PLAERE,Plantago erecta,Native,Forb,Native,CalFlora,H4,3,H,4,MCL,Control,rgr_h_MA,0.03359002619007283
H4.PLAERE.1,PLAERE,Plantago erecta,Native,Forb,Native,CalFlora,H4,3,H,4,MCL,Control,rgr_h_AM,NA
H4.PLAERE.1,PLAERE,Plantago erecta,Native,Forb,Native,CalFlora,H4,3,H,4,MCL,Control,rgr_h_MJ,NA
H4.TRIHIR.1,TRIHIR,Trifolium hirtum,Non-native,Forb,Limited,Cal IPC,H4,3,H,4,MCL,Control,rgr_h_FM,0.04471917293935131
H4.TRIHIR.1,TRIHIR,Trifolium hirtum,Non-native,Forb,Limited,Cal IPC,H4,3,H,4,MCL,Control,rgr_h_MA,0.04504045051424896
H4.TRIHIR.1,TRIHIR,Trifolium hirtum,Non-native,Forb,Limited,Cal IPC,H4,3,H,4,MCL,Control,rgr_h_AM,0.02380474032177767
H4.TRIHIR.1,TRIHIR,Trifolium hirtum,Non-native,Forb,Limited,Cal IPC,H4,3,H,4,MCL,Control,rgr_h_MJ,NA
H5.AVEBAR.1,AVEBAR,Avena barbata,Non-native,Grass,Moderate,Cal IPC,H5,3,H,5,BORR,Control,rgr_h_FM,NA
H5.AVEBAR.1,AVEBAR,Avena barbata,Non-native,Grass,Moderate,Cal IPC,H5,3,H,5,BORR,Control,rgr_h_MA,0.03860323584174348
H5.AVEBAR.1,AVEBAR,Avena barbata,Non-native,Grass,Moderate,Cal IPC,H5,3,H,5,BORR,Control,rgr_h_AM,0.05349616440872577
H5.AVEBAR.1,AVEBAR,Avena barbata,Non-native,Grass,Moderate,Cal IPC,H5,3,H,5,BORR,Control,rgr_h_MJ,NA
H5.BRODIA.1,BRODIA,Bromus diandrus,Non-native,Grass,Moderate,Cal IPC,H5,3,H,5,BORR,Control,rgr_h_FM,NA
H5.BRODIA.1,BRODIA,Bromus diandrus,Non-native,Grass,Moderate,Cal IPC,H5,3,H,5,BORR,Control,rgr_h_MA,0.05903626079238312
H5.BRODIA.1,BRODIA,Bromus diandrus,Non-native,Grass,Moderate,Cal IPC,H5,3,H,5,BORR,Control,rgr_h_AM,0.04494665733107157
H5.BRODIA.1,BRODIA,Bromus diandrus,Non-native,Grass,Moderate,Cal IPC,H5,3,H,5,BORR,Control,rgr_h_MJ,NA
H5.BROHOR.1,BROHOR,Bromus hordeaceaus,Non-native,Grass,Limited,Cal IPC,H5,3,H,5,BORR,Control,rgr_h_FM,NA
H5.BROHOR.1,BROHOR,Bromus hordeaceaus,Non-native,Grass,Limited,Cal IPC,H5,3,H,5,BORR,Control,rgr_h_MA,0.05359097381939991
H5.BROHOR.1,BROHOR,Bromus hordeaceaus,Non-native,Grass,Limited,Cal IPC,H5,3,H,5,BORR,Control,rgr_h_AM,NA
H5.BROHOR.1,BROHOR,Bromus hordeaceaus,Non-native,Grass,Limited,Cal IPC,H5,3,H,5,BORR,Control,rgr_h_MJ,NA
H5.CLAPUR.1,CLAPUR,Clarkia purpurea,Native,Forb,Native,CalFlora,H5,3,H,5,BORR,Control,rgr_h_FM,0.03883783239761083
H5.CLAPUR.1,CLAPUR,Clarkia purpurea,Native,Forb,Native,CalFlora,H5,3,H,5,BORR,Control,rgr_h_MA,0.05494862315652121
H5.CLAPUR.1,CLAPUR,Clarkia purpurea,Native,Forb,Native,CalFlora,H5,3,H,5,BORR,Control,rgr_h_AM,0.00851343948361153
H5.CLAPUR.1,CLAPUR,Clarkia purpurea,Native,Forb,Native,CalFlora,H5,3,H,5,BORR,Control,rgr_h_MJ,NA
H5.DAUPUS.1,DAUPUS,Daucus pusillus,Native,Forb,Native,CalFlora,H5,3,H,5,BORR,Control,rgr_h_FM,0.04471917293935131
H5.DAUPUS.1,DAUPUS,Daucus pusillus,Native,Forb,Native,CalFlora,H5,3,H,5,BORR,Control,rgr_h_MA,0.04394449154672438
H5.DAUPUS.1,DAUPUS,Daucus pusillus,Native,Forb,Native,CalFlora,H5,3,H,5,BORR,Control,rgr_h_AM,0.03120434617581415
H5.DAUPUS.1,DAUPUS,Daucus pusillus,Native,Forb,Native,CalFlora,H5,3,H,5,BORR,Control,rgr_h_MJ,NA
H5.GERDIS.1,GERDIS,Geranium dissectum,Non-native,Forb,Limited,Cal IPC,H5,3,H,5,BORR,Control,rgr_h_FM,0.06277129513081656
H5.GERDIS.1,GERDIS,Geranium dissectum,Non-native,Forb,Limited,Cal IPC,H5,3,H,5,BORR,Control,rgr_h_MA,0.02372254888011851
H5.GERDIS.1,GERDIS,Geranium dissectum,Non-native,Forb,Limited,Cal IPC,H5,3,H,5,BORR,Control,rgr_h_AM,NA
H5.GERDIS.1,GERDIS,Geranium dissectum,Non-native,Forb,Limited,Cal IPC,H5,3,H,5,BORR,Control,rgr_h_MJ,NA
H5.MADGRA.1,MADGRA,Madia gracilis,Native,Forb,Native,CalFlora,H5,3,H,5,BORR,Control,rgr_h_FM,0.02998503092336051
H5.MADGRA.1,MADGRA,Madia gracilis,Native,Forb,Native,CalFlora,H5,3,H,5,BORR,Control,rgr_h_MA,0.04599622332222641
H5.MADGRA.1,MADGRA,Madia gracilis,Native,Forb,Native,CalFlora,H5,3,H,5,BORR,Control,rgr_h_AM,0.02993867021893042
H5.MADGRA.1,MADGRA,Madia gracilis,Native,Forb,Native,CalFlora,H5,3,H,5,BORR,Control,rgr_h_MJ,NA
H5.TORARV.1,TORARV,Torilis arvensis,Non-native,Forb,Moderate,Cal IPC,H5,3,H,5,BORR,Control,rgr_h_FM,0.03046650351099521
H5.TORARV.1,TORARV,Torilis arvensis,Non-native,Forb,Moderate,Cal IPC,H5,3,H,5,BORR,Control,rgr_h_MA,0.05545177444479561
H5.TORARV.1,TORARV,Torilis arvensis,Non-native,Forb,Moderate,Cal IPC,H5,3,H,5,BORR,Control,rgr_h_AM,0.03554600925948438
H5.TORARV.1,TORARV,Torilis arvensis,Non-native,Forb,Moderate,Cal IPC,H5,3,H,5,BORR,Control,rgr_h_MJ,NA
H6.AIRCAR.1,AIRCAR,Aira caryophyllea,Non-native,Grass,Non-native,CalFlora,H6,3,H,6,ANGELO,Control,rgr_h_FM,0.03883783239761083
H6.AIRCAR.1,AIRCAR,Aira caryophyllea,Non-native,Grass,Non-native,CalFlora,H6,3,H,6,ANGELO,Control,rgr_h_MA,0.04394449154672438
H6.AIRCAR.1,AIRCAR,Aira caryophyllea,Non-native,Grass,Non-native,CalFlora,H6,3,H,6,ANGELO,Control,rgr_h_AM,0.03731007713976359
H6.AIRCAR.1,AIRCAR,Aira caryophyllea,Non-native,Grass,Non-native,CalFlora,H6,3,H,6,ANGELO,Control,rgr_h_MJ,NA
H6.BRODIA.1,BRODIA,Bromus diandrus,Non-native,Grass,Moderate,Cal IPC,H6,3,H,6,ANGELO,Control,rgr_h_FM,NA
H6.BRODIA.1,BRODIA,Bromus diandrus,Non-native,Grass,Moderate,Cal IPC,H6,3,H,6,ANGELO,Control,rgr_h_MA,0.01273814924474137
H6.BRODIA.1,BRODIA,Bromus diandrus,Non-native,Grass,Moderate,Cal IPC,H6,3,H,6,ANGELO,Control,rgr_h_AM,0.05482774465904538
H6.BRODIA.1,BRODIA,Bromus diandrus,Non-native,Grass,Moderate,Cal IPC,H6,3,H,6,ANGELO,Control,rgr_h_MJ,NA
H6.BROHOR.1,BROHOR,Bromus hordeaceaus,Non-native,Grass,Limited,Cal IPC,H6,3,H,6,ANGELO,Control,rgr_h_FM,NA
H6.BROHOR.1,BROHOR,Bromus hordeaceaus,Non-native,Grass,Limited,Cal IPC,H6,3,H,6,ANGELO,Control,rgr_h_MA,0.01273814924474138
H6.BROHOR.1,BROHOR,Bromus hordeaceaus,Non-native,Grass,Limited,Cal IPC,H6,3,H,6,ANGELO,Control,rgr_h_AM,0.05518187282974302
H6.BROHOR.1,BROHOR,Bromus hordeaceaus,Non-native,Grass,Limited,Cal IPC,H6,3,H,6,ANGELO,Control,rgr_h_MJ,NA
H6.ESCCAL.1,ESCCAL,Eschscholzia californica,Native,Forb,Native,CalFlora,H6,3,H,6,ANGELO,Control,rgr_h_FM,0.0130795196163924
H6.ESCCAL.1,ESCCAL,Eschscholzia californica,Native,Forb,Native,CalFlora,H6,3,H,6,ANGELO,Control,rgr_h_MA,0.07783640596221254
H6.ESCCAL.1,ESCCAL,Eschscholzia californica,Native,Forb,Native,CalFlora,H6,3,H,6,ANGELO,Control,rgr_h_AM,0.03435502649594459
H6.ESCCAL.1,ESCCAL,Eschscholzia californica,Native,Forb,Native,CalFlora,H6,3,H,6,ANGELO,Control,rgr_h_MJ,-0.00374673782197403
H6.GALPAR.1,GALPAR,Galium parisiense,Non-native,Forb,Non-native,CalFlora,H6,3,H,6,ANGELO,Control,rgr_h_FM,0.035439106086068053
H6.GALPAR.1,GALPAR,Galium parisiense,Non-native,Forb,Non-native,CalFlora,H6,3,H,6,ANGELO,Control,rgr_h_MA,0.03923317012046905
H6.GALPAR.1,GALPAR,Galium parisiense,Non-native,Forb,Non-native,CalFlora,H6,3,H,6,ANGELO,Control,rgr_h_AM,0.03742878866125815
H6.GALPAR.1,GALPAR,Galium parisiense,Non-native,Forb,Non-native,CalFlora,H6,3,H,6,ANGELO,Control,rgr_h_MJ,NA
H6.MADGRA.1,MADGRA,Madia gracilis,Native,Forb,Native,CalFlora,H6,3,H,6,ANGELO,Control,rgr_h_FM,0.0404117086611409
H6.MADGRA.1,MADGRA,Madia gracilis,Native,Forb,Native,CalFlora,H6,3,H,6,ANGELO,Control,rgr_h_MA,0.03777846435363406
H6.MADGRA.1,MADGRA,Madia gracilis,Native,Forb,Native,CalFlora,H6,3,H,6,ANGELO,Control,rgr_h_AM,0.05539782752030491
H6.MADGRA.1,MADGRA,Madia gracilis,Native,Forb,Native,CalFlora,H6,3,H,6,ANGELO,Control,rgr_h_MJ,NA
H7.BRODIA.1,BRODIA,Bromus diandrus,Non-native,Grass,Moderate,Cal IPC,H7,3,H,7,MCL,Control,rgr_h_FM,NA
H7.BRODIA.1,BRODIA,Bromus diandrus,Non-native,Grass,Moderate,Cal IPC,H7,3,H,7,MCL,Control,rgr_h_MA,0.0053412557049809
H7.BRODIA.1,BRODIA,Bromus diandrus,Non-native,Grass,Moderate,Cal IPC,H7,3,H,7,MCL,Control,rgr_h_AM,0.05772543073349988
H7.BRODIA.1,BRODIA,Bromus diandrus,Non-native,Grass,Moderate,Cal IPC,H7,3,H,7,MCL,Control,rgr_h_MJ,NA
H7.BROHOR.1,BROHOR,Bromus hordeaceaus,Non-native,Grass,Limited,Cal IPC,H7,3,H,7,MCL,Control,rgr_h_FM,NA
H7.BROHOR.1,BROHOR,Bromus hordeaceaus,Non-native,Grass,Limited,Cal IPC,H7,3,H,7,MCL,Control,rgr_h_MA,0.05044524872663539
H7.BROHOR.1,BROHOR,Bromus hordeaceaus,Non-native,Grass,Limited,Cal IPC,H7,3,H,7,MCL,Control,rgr_h_AM,NA
H7.BROHOR.1,BROHOR,Bromus hordeaceaus,Non-native,Grass,Limited,Cal IPC,H7,3,H,7,MCL,Control,rgr_h_MJ,NA
H7.BROMAD.1,BROMAD,Bromus madritensis,Non-native,Grass,High,Cal IPC,H7,3,H,7,MCL,Control,rgr_h_FM,NA
H7.BROMAD.1,BROMAD,Bromus madritensis,Non-native,Grass,High,Cal IPC,H7,3,H,7,MCL,Control,rgr_h_MA,0.02772588722239781
H7.BROMAD.1,BROMAD,Bromus madritensis,Non-native,Grass,High,Cal IPC,H7,3,H,7,MCL,Control,rgr_h_AM,NA
H7.BROMAD.1,BROMAD,Bromus madritensis,Non-native,Grass,High,Cal IPC,H7,3,H,7,MCL,Control,rgr_h_MJ,NA
H7.ELYCAP.1,ELYCAP,Elymus caput-medusae,Non-native,Grass,High,Cal IPC,H7,3,H,7,MCL,Control,rgr_h_FM,0.04191235432678261
H7.ELYCAP.1,ELYCAP,Elymus caput-medusae,Non-native,Grass,High,Cal IPC,H7,3,H,7,MCL,Control,rgr_h_MA,0.02290076771085322
H7.ELYCAP.1,ELYCAP,Elymus caput-medusae,Non-native,Grass,High,Cal IPC,H7,3,H,7,MCL,Control,rgr_h_AM,0.03419773289748933
H7.ELYCAP.1,ELYCAP,Elymus caput-medusae,Non-native,Grass,High,Cal IPC,H7,3,H,7,MCL,Control,rgr_h_MJ,NA
H7.EROBOT.1,EROBOT,Erodium botrys,Non-native,Forb,Non-native,CalFlora,H7,3,H,7,MCL,Control,rgr_h_FM,0.02235958646967565
H7.EROBOT.1,EROBOT,Erodium botrys,Non-native,Forb,Non-native,CalFlora,H7,3,H,7,MCL,Control,rgr_h_MA,0.0574033810115729
H7.EROBOT.1,EROBOT,Erodium botrys,Non-native,Forb,Non-native,CalFlora,H7,3,H,7,MCL,Control,rgr_h_AM,0.04227997923527652
H7.EROBOT.1,EROBOT,Erodium botrys,Non-native,Forb,Non-native,CalFlora,H7,3,H,7,MCL,Control,rgr_h_MJ,NA
H7.HOLVIR.1,HOLVIR,Holocarpha virgata,Native,Forb,Native,CalFlora,H7,3,H,7,MCL,Control,rgr_h_FM,0.05191735201400323
H7.HOLVIR.1,HOLVIR,Holocarpha virgata,Native,Forb,Native,CalFlora,H7,3,H,7,MCL,Control,rgr_h_MA,0.03822045780109746
H7.HOLVIR.1,HOLVIR,Holocarpha virgata,Native,Forb,Native,CalFlora,H7,3,H,7,MCL,Control,rgr_h_AM,0.0322394037469742
H7.HOLVIR.1,HOLVIR,Holocarpha virgata,Native,Forb,Native,CalFlora,H7,3,H,7,MCL,Control,rgr_h_MJ,0.01807902224636821
H7.MICCAL.1,MICCAL,Micropus californicus,Native,Forb,Native,CalFlora,H7,3,H,7,MCL,Control,rgr_h_FM,0.02790314314472918
H7.MICCAL.1,MICCAL,Micropus californicus,Native,Forb,Native,CalFlora,H7,3,H,7,MCL,Control,rgr_h_MA,0.05100274904038665
H7.MICCAL.1,MICCAL,Micropus californicus,Native,Forb,Native,CalFlora,H7,3,H,7,MCL,Control,rgr_h_AM,NA
H7.MICCAL.1,MICCAL,Micropus californicus,Native,Forb,Native,CalFlora,H7,3,H,7,MCL,Control,rgr_h_MJ,NA
H7.PLAERE.1,PLAERE,Plantago erecta,Native,Forb,Native,CalFlora,H7,3,H,7,MCL,Control,rgr_h_FM,0.04191235432678261
H7.PLAERE.1,PLAERE,Plantago erecta,Native,Forb,Native,CalFlora,H7,3,H,7,MCL,Control,rgr_h_MA,0.02950395772523116
H7.PLAERE.1,PLAERE,Plantago erecta,Native,Forb,Native,CalFlora,H7,3,H,7,MCL,Control,rgr_h_AM,NA
H7.PLAERE.1,PLAERE,Plantago erecta,Native,Forb,Native,CalFlora,H7,3,H,7,MCL,Control,rgr_h_MJ,NA
H7.TRIHIR.1,TRIHIR,Trifolium hirtum,Non-native,Forb,Limited,Cal IPC,H7,3,H,7,MCL,Control,rgr_h_FM,0.01150564335286233
H7.TRIHIR.1,TRIHIR,Trifolium hirtum,Non-native,Forb,Limited,Cal IPC,H7,3,H,7,MCL,Control,rgr_h_MA,0.04895101726488463
H7.TRIHIR.1,TRIHIR,Trifolium hirtum,Non-native,Forb,Limited,Cal IPC,H7,3,H,7,MCL,Control,rgr_h_AM,0.03080654135821979
H7.TRIHIR.1,TRIHIR,Trifolium hirtum,Non-native,Forb,Limited,Cal IPC,H7,3,H,7,MCL,Control,rgr_h_MJ,NA
H8.AVEFAT.1,AVEFAT,Avena fatua,Non-native,Grass,Moderate,Cal IPC,H8,3,H,8,SEDG,Control,rgr_h_FM,NA
H8.AVEFAT.1,AVEFAT,Avena fatua,Non-native,Grass,Moderate,Cal IPC,H8,3,H,8,SEDG,Control,rgr_h_MA,0.03569103422681124
H8.AVEFAT.1,AVEFAT,Avena fatua,Non-native,Grass,Moderate,Cal IPC,H8,3,H,8,SEDG,Control,rgr_h_AM,0.01835570104284339
H8.AVEFAT.1,AVEFAT,Avena fatua,Non-native,Grass,Moderate,Cal IPC,H8,3,H,8,SEDG,Control,rgr_h_MJ,NA
H8.BRODIA.1,BRODIA,Bromus diandrus,Non-native,Grass,Moderate,Cal IPC,H8,3,H,8,SEDG,Control,rgr_h_FM,NA
H8.BRODIA.1,BRODIA,Bromus diandrus,Non-native,Grass,Moderate,Cal IPC,H8,3,H,8,SEDG,Control,rgr_h_MA,0.03240654555784532
H8.BRODIA.1,BRODIA,Bromus diandrus,Non-native,Grass,Moderate,Cal IPC,H8,3,H,8,SEDG,Control,rgr_h_AM,-0.00483270313764955
H8.BRODIA.1,BRODIA,Bromus diandrus,Non-native,Grass,Moderate,Cal IPC,H8,3,H,8,SEDG,Control,rgr_h_MJ,NA
H8.BROHOR.1,BROHOR,Bromus hordeaceaus,Non-native,Grass,Limited,Cal IPC,H8,3,H,8,SEDG,Control,rgr_h_FM,NA
H8.BROHOR.1,BROHOR,Bromus hordeaceaus,Non-native,Grass,Limited,Cal IPC,H8,3,H,8,SEDG,Control,rgr_h_MA,0.04258842947969714
H8.BROHOR.1,BROHOR,Bromus hordeaceaus,Non-native,Grass,Limited,Cal IPC,H8,3,H,8,SEDG,Control,rgr_h_AM,NA
H8.BROHOR.1,BROHOR,Bromus hordeaceaus,Non-native,Grass,Limited,Cal IPC,H8,3,H,8,SEDG,Control,rgr_h_MJ,NA
H8.BROMAD.1,BROMAD,Bromus madritensis,Non-native,Grass,High,Cal IPC,H8,3,H,8,SEDG,Control,rgr_h_FM,NA
H8.BROMAD.1,BROMAD,Bromus madritensis,Non-native,Grass,High,Cal IPC,H8,3,H,8,SEDG,Control,rgr_h_MA,0.06315914819797568
H8.BROMAD.1,BROMAD,Bromus madritensis,Non-native,Grass,High,Cal IPC,H8,3,H,8,SEDG,Control,rgr_h_AM,NA
H8.BROMAD.1,BROMAD,Bromus madritensis,Non-native,Grass,High,Cal IPC,H8,3,H,8,SEDG,Control,rgr_h_MJ,NA
H8.CENMEL.1,CENMEL,Centaurea melitensis,Non-native,Forb,Moderate,Cal IPC,H8,3,H,8,SEDG,Control,rgr_h_FM,0.08015827902541936
H8.CENMEL.1,CENMEL,Centaurea melitensis,Non-native,Forb,Moderate,Cal IPC,H8,3,H,8,SEDG,Control,rgr_h_MA,0.03092759552933927
H8.CENMEL.1,CENMEL,Centaurea melitensis,Non-native,Forb,Moderate,Cal IPC,H8,3,H,8,SEDG,Control,rgr_h_AM,0.05543938779426977
H8.CENMEL.1,CENMEL,Centaurea melitensis,Non-native,Forb,Moderate,Cal IPC,H8,3,H,8,SEDG,Control,rgr_h_MJ,NA
H8.CORFIL.1,CORFIL,Corethrogyne filaginafolia,Native,Forb,Native,CalFlora,H8,3,H,8,SEDG,Control,rgr_h_FM,0.02235958646967565
H8.CORFIL.1,CORFIL,Corethrogyne filaginafolia,Native,Forb,Native,CalFlora,H8,3,H,8,SEDG,Control,rgr_h_MA,0.01621860432432657
H8.CORFIL.1,CORFIL,Corethrogyne filaginafolia,Native,Forb,Native,CalFlora,H8,3,H,8,SEDG,Control,rgr_h_AM,0.02367767817804738
H8.CORFIL.1,CORFIL,Corethrogyne filaginafolia,Native,Forb,Native,CalFlora,H8,3,H,8,SEDG,Control,rgr_h_MJ,0.01990742638051116
H8.EROCIC.1,EROCIC,Erodium cicutarium,Non-native,Forb,Non-native,CalFlora,H8,3,H,8,SEDG,Control,rgr_h_FM,NA
H8.EROCIC.1,EROCIC,Erodium cicutarium,Non-native,Forb,Non-native,CalFlora,H8,3,H,8,SEDG,Control,rgr_h_MA,0.01621860432432658
H8.EROCIC.1,EROCIC,Erodium cicutarium,Non-native,Forb,Non-native,CalFlora,H8,3,H,8,SEDG,Control,rgr_h_AM,NA
H8.EROCIC.1,EROCIC,Erodium cicutarium,Non-native,Forb,Non-native,CalFlora,H8,3,H,8,SEDG,Control,rgr_h_MJ,NA
H8.ESCCAL.1,ESCCAL,Eschscholzia californica,Native,Forb,Native,CalFlora,H8,3,H,8,SEDG,Control,rgr_h_FM,0.02393346273320572
H8.ESCCAL.1,ESCCAL,Eschscholzia californica,Native,Forb,Native,CalFlora,H8,3,H,8,SEDG,Control,rgr_h_MA,0.04699941069810735
H8.ESCCAL.1,ESCCAL,Eschscholzia californica,Native,Forb,Native,CalFlora,H8,3,H,8,SEDG,Control,rgr_h_AM,0.0161197018734871
H8.ESCCAL.1,ESCCAL,Eschscholzia californica,Native,Forb,Native,CalFlora,H8,3,H,8,SEDG,Control,rgr_h_MJ,0.01798817094966093
H8.MICCAL.1,MICCAL,Micropus californicus,Native,Forb,Native,CalFlora,H8,3,H,8,SEDG,Control,rgr_h_FM,0.02862268370970654
H8.MICCAL.1,MICCAL,Micropus californicus,Native,Forb,Native,CalFlora,H8,3,H,8,SEDG,Control,rgr_h_MA,0.05239685529341267
H8.MICCAL.1,MICCAL,Micropus californicus,Native,Forb,Native,CalFlora,H8,3,H,8,SEDG,Control,rgr_h_AM,NA
H8.MICCAL.1,MICCAL,Micropus californicus,Native,Forb,Native,CalFlora,H8,3,H,8,SEDG,Control,rgr_h_MJ,NA
H8.STIPUL.1,STIPUL,Stipa pulchra,Native,Grass,Native,CalFlora,H8,3,H,8,SEDG,Control,rgr_h_FM,NA
H8.STIPUL.1,STIPUL,Stipa pulchra,Native,Grass,Native,CalFlora,H8,3,H,8,SEDG,Control,rgr_h_MA,0.0277258872223978
H8.STIPUL.1,STIPUL,Stipa pulchra,Native,Grass,Native,CalFlora,H8,3,H,8,SEDG,Control,rgr_h_AM,0.02800326548392346
H8.STIPUL.1,STIPUL,Stipa pulchra,Native,Grass,Native,CalFlora,H8,3,H,8,SEDG,Control,rgr_h_MJ,-0.04077336356234973
I1.BROHOR.1,BROHOR,Bromus hordeaceaus,Non-native,Grass,Limited,Cal IPC,I1,4,I,1,BORR,Drought,rgr_h_FM,NA
I1.BROHOR.1,BROHOR,Bromus hordeaceaus,Non-native,Grass,Limited,Cal IPC,I1,4,I,1,BORR,Drought,rgr_h_MA,0.04686322020084042
I1.BROHOR.1,BROHOR,Bromus hordeaceaus,Non-native,Grass,Limited,Cal IPC,I1,4,I,1,BORR,Drought,rgr_h_AM,NA
I1.BROHOR.1,BROHOR,Bromus hordeaceaus,Non-native,Grass,Limited,Cal IPC,I1,4,I,1,BORR,Drought,rgr_h_MJ,NA
I1.DAUPUS.1,DAUPUS,Daucus pusillus,Native,Forb,Native,CalFlora,I1,4,I,1,BORR,Drought,rgr_h_FM,0.0406893440247448
I1.DAUPUS.1,DAUPUS,Daucus pusillus,Native,Forb,Native,CalFlora,I1,4,I,1,BORR,Drought,rgr_h_MA,0.04959265801818881
I1.DAUPUS.1,DAUPUS,Daucus pusillus,Native,Forb,Native,CalFlora,I1,4,I,1,BORR,Drought,rgr_h_AM,0.0293093346471524
I1.DAUPUS.1,DAUPUS,Daucus pusillus,Native,Forb,Native,CalFlora,I1,4,I,1,BORR,Drought,rgr_h_MJ,NA
I1.LUPBIC.1,LUPBIC,Lupinus bicolor,Native,Forb,Native,CalFlora,I1,4,I,1,BORR,Drought,rgr_h_FM,0.05570657025097311
I1.LUPBIC.1,LUPBIC,Lupinus bicolor,Native,Forb,Native,CalFlora,I1,4,I,1,BORR,Drought,rgr_h_MA,0.05599248341337672
I1.LUPBIC.1,LUPBIC,Lupinus bicolor,Native,Forb,Native,CalFlora,I1,4,I,1,BORR,Drought,rgr_h_AM,NA
I1.LUPBIC.1,LUPBIC,Lupinus bicolor,Native,Forb,Native,CalFlora,I1,4,I,1,BORR,Drought,rgr_h_MJ,NA
I1.TORARV.1,TORARV,Torilis arvensis,Non-native,Forb,Moderate,Cal IPC,I1,4,I,1,BORR,Drought,rgr_h_FM,0.04895391999934517
I1.TORARV.1,TORARV,Torilis arvensis,Non-native,Forb,Moderate,Cal IPC,I1,4,I,1,BORR,Drought,rgr_h_MA,0.05308340769256384
I1.TORARV.1,TORARV,Torilis arvensis,Non-native,Forb,Moderate,Cal IPC,I1,4,I,1,BORR,Drought,rgr_h_AM,0.01405376773532775
I1.TORARV.1,TORARV,Torilis arvensis,Non-native,Forb,Moderate,Cal IPC,I1,4,I,1,BORR,Drought,rgr_h_MJ,NA
I1.TRIHIR.1,TRIHIR,Trifolium hirtum,Non-native,Forb,Limited,Cal IPC,I1,4,I,1,BORR,Drought,rgr_h_FM,NA
I1.TRIHIR.1,TRIHIR,Trifolium hirtum,Non-native,Forb,Limited,Cal IPC,I1,4,I,1,BORR,Drought,rgr_h_MA,NA
I1.TRIHIR.1,TRIHIR,Trifolium hirtum,Non-native,Forb,Limited,Cal IPC,I1,4,I,1,BORR,Drought,rgr_h_AM,NA
I1.TRIHIR.1,TRIHIR,Trifolium hirtum,Non-native,Forb,Limited,Cal IPC,I1,4,I,1,BORR,Drought,rgr_h_MJ,NA
I1.VICSAT.1,VICSAT,Vicia sativa,Non-native,Forb,Non-native,CalFlora,I1,4,I,1,BORR,Drought,rgr_h_FM,0.0170197159029052
I1.VICSAT.1,VICSAT,Vicia sativa,Non-native,Forb,Non-native,CalFlora,I1,4,I,1,BORR,Drought,rgr_h_MA,0.03645109015646471
I1.VICSAT.1,VICSAT,Vicia sativa,Non-native,Forb,Non-native,CalFlora,I1,4,I,1,BORR,Drought,rgr_h_AM,NA
I1.VICSAT.1,VICSAT,Vicia sativa,Non-native,Forb,Non-native,CalFlora,I1,4,I,1,BORR,Drought,rgr_h_MJ,NA
I2.AVEFAT.1,AVEFAT,Avena fatua,Non-native,Grass,Moderate,Cal IPC,I2,4,I,2,SEDG,Drought,rgr_h_FM,NA
I2.AVEFAT.1,AVEFAT,Avena fatua,Non-native,Grass,Moderate,Cal IPC,I2,4,I,2,SEDG,Drought,rgr_h_MA,0.05176827158936882
I2.AVEFAT.1,AVEFAT,Avena fatua,Non-native,Grass,Moderate,Cal IPC,I2,4,I,2,SEDG,Drought,rgr_h_AM,-7.843602082988491e-4
I2.AVEFAT.1,AVEFAT,Avena fatua,Non-native,Grass,Moderate,Cal IPC,I2,4,I,2,SEDG,Drought,rgr_h_MJ,NA
I2.BRODIA.1,BRODIA,Bromus diandrus,Non-native,Grass,Moderate,Cal IPC,I2,4,I,2,SEDG,Drought,rgr_h_FM,NA
I2.BRODIA.1,BRODIA,Bromus diandrus,Non-native,Grass,Moderate,Cal IPC,I2,4,I,2,SEDG,Drought,rgr_h_MA,0.03291093483097976
I2.BRODIA.1,BRODIA,Bromus diandrus,Non-native,Grass,Moderate,Cal IPC,I2,4,I,2,SEDG,Drought,rgr_h_AM,-0.01506456363403782
I2.BRODIA.1,BRODIA,Bromus diandrus,Non-native,Grass,Moderate,Cal IPC,I2,4,I,2,SEDG,Drought,rgr_h_MJ,NA
I2.BROMAD.1,BROMAD,Bromus madritensis,Non-native,Grass,High,Cal IPC,I2,4,I,2,SEDG,Drought,rgr_h_FM,NA
I2.BROMAD.1,BROMAD,Bromus madritensis,Non-native,Grass,High,Cal IPC,I2,4,I,2,SEDG,Drought,rgr_h_MA,0.0358944596638366
I2.BROMAD.1,BROMAD,Bromus madritensis,Non-native,Grass,High,Cal IPC,I2,4,I,2,SEDG,Drought,rgr_h_AM,NA
I2.BROMAD.1,BROMAD,Bromus madritensis,Non-native,Grass,High,Cal IPC,I2,4,I,2,SEDG,Drought,rgr_h_MJ,NA
I2.CENMEL.1,CENMEL,Centaurea melitensis,Non-native,Forb,Moderate,Cal IPC,I2,4,I,2,SEDG,Drought,rgr_h_FM,0.09774286405982438
I2.CENMEL.1,CENMEL,Centaurea melitensis,Non-native,Forb,Moderate,Cal IPC,I2,4,I,2,SEDG,Drought,rgr_h_MA,0.03037064321965518
I2.CENMEL.1,CENMEL,Centaurea melitensis,Non-native,Forb,Moderate,Cal IPC,I2,4,I,2,SEDG,Drought,rgr_h_AM,0.02732996287330298
I2.CENMEL.1,CENMEL,Centaurea melitensis,Non-native,Forb,Moderate,Cal IPC,I2,4,I,2,SEDG,Drought,rgr_h_MJ,NA
I2.CORFIL.1,CORFIL,Corethrogyne filaginafolia,Native,Forb,Native,CalFlora,I2,4,I,2,SEDG,Drought,rgr_h_FM,0.03746670043253629
I2.CORFIL.1,CORFIL,Corethrogyne filaginafolia,Native,Forb,Native,CalFlora,I2,4,I,2,SEDG,Drought,rgr_h_MA,NA
I2.CORFIL.1,CORFIL,Corethrogyne filaginafolia,Native,Forb,Native,CalFlora,I2,4,I,2,SEDG,Drought,rgr_h_AM,NA
I2.CORFIL.1,CORFIL,Corethrogyne filaginafolia,Native,Forb,Native,CalFlora,I2,4,I,2,SEDG,Drought,rgr_h_MJ,NA
I2.STIPUL.1,STIPUL,Stipa pulchra,Native,Grass,Native,CalFlora,I2,4,I,2,SEDG,Drought,rgr_h_FM,NA
I2.STIPUL.1,STIPUL,Stipa pulchra,Native,Grass,Native,CalFlora,I2,4,I,2,SEDG,Drought,rgr_h_MA,0.02335045005719441
I2.STIPUL.1,STIPUL,Stipa pulchra,Native,Grass,Native,CalFlora,I2,4,I,2,SEDG,Drought,rgr_h_AM,0.01114044884135889
I2.STIPUL.1,STIPUL,Stipa pulchra,Native,Grass,Native,CalFlora,I2,4,I,2,SEDG,Drought,rgr_h_MJ,0.00379638359632771
I3.AMSMEN.1,AMSMEN,Amsinckia menziesii,Native,Forb,Native,CalFlora,I3,4,I,3,WWP,Drought,rgr_h_FM,0.04505167867868494
I3.AMSMEN.1,AMSMEN,Amsinckia menziesii,Native,Forb,Native,CalFlora,I3,4,I,3,WWP,Drought,rgr_h_MA,0.05599248341337671
I3.AMSMEN.1,AMSMEN,Amsinckia menziesii,Native,Forb,Native,CalFlora,I3,4,I,3,WWP,Drought,rgr_h_AM,NA
I3.AMSMEN.1,AMSMEN,Amsinckia menziesii,Native,Forb,Native,CalFlora,I3,4,I,3,WWP,Drought,rgr_h_MJ,NA
I3.AVEBAR.1,AVEBAR,Avena barbata,Non-native,Grass,Moderate,Cal IPC,I3,4,I,3,WWP,Drought,rgr_h_FM,NA
I3.AVEBAR.1,AVEBAR,Avena barbata,Non-native,Grass,Moderate,Cal IPC,I3,4,I,3,WWP,Drought,rgr_h_MA,0.04774827744321617
I3.AVEBAR.1,AVEBAR,Avena barbata,Non-native,Grass,Moderate,Cal IPC,I3,4,I,3,WWP,Drought,rgr_h_AM,0.03628572863307862
I3.AVEBAR.1,AVEBAR,Avena barbata,Non-native,Grass,Moderate,Cal IPC,I3,4,I,3,WWP,Drought,rgr_h_MJ,NA
I3.BRODIA.1,BRODIA,Bromus diandrus,Non-native,Grass,Moderate,Cal IPC,I3,4,I,3,WWP,Drought,rgr_h_FM,NA
I3.BRODIA.1,BRODIA,Bromus diandrus,Non-native,Grass,Moderate,Cal IPC,I3,4,I,3,WWP,Drought,rgr_h_MA,0.05305407873686808
I3.BRODIA.1,BRODIA,Bromus diandrus,Non-native,Grass,Moderate,Cal IPC,I3,4,I,3,WWP,Drought,rgr_h_AM,0.0029657770951585
I3.BRODIA.1,BRODIA,Bromus diandrus,Non-native,Grass,Moderate,Cal IPC,I3,4,I,3,WWP,Drought,rgr_h_MJ,NA
I3.BROMAD.1,BROMAD,Bromus madritensis,Non-native,Grass,High,Cal IPC,I3,4,I,3,WWP,Drought,rgr_h_FM,NA
I3.BROMAD.1,BROMAD,Bromus madritensis,Non-native,Grass,High,Cal IPC,I3,4,I,3,WWP,Drought,rgr_h_MA,0.04041262306418371
I3.BROMAD.1,BROMAD,Bromus madritensis,Non-native,Grass,High,Cal IPC,I3,4,I,3,WWP,Drought,rgr_h_AM,NA
I3.BROMAD.1,BROMAD,Bromus madritensis,Non-native,Grass,High,Cal IPC,I3,4,I,3,WWP,Drought,rgr_h_MJ,NA
I3.LUPSUC.1,LUPSUC,NA,NA,NA,NA,NA,I3,4,I,3,WWP,Drought,rgr_h_FM,NA
I3.LUPSUC.1,LUPSUC,NA,NA,NA,NA,NA,I3,4,I,3,WWP,Drought,rgr_h_MA,NA
I3.LUPSUC.1,LUPSUC,NA,NA,NA,NA,NA,I3,4,I,3,WWP,Drought,rgr_h_AM,NA
I3.LUPSUC.1,LUPSUC,NA,NA,NA,NA,NA,I3,4,I,3,WWP,Drought,rgr_h_MJ,NA
I4.BROHOR.1,BROHOR,Bromus hordeaceaus,Non-native,Grass,Limited,Cal IPC,I4,4,I,4,BORR,Drought,rgr_h_FM,NA
I4.BROHOR.1,BROHOR,Bromus hordeaceaus,Non-native,Grass,Limited,Cal IPC,I4,4,I,4,BORR,Drought,rgr_h_MA,0.06154502020204711
I4.BROHOR.1,BROHOR,Bromus hordeaceaus,Non-native,Grass,Limited,Cal IPC,I4,4,I,4,BORR,Drought,rgr_h_AM,NA
I4.BROHOR.1,BROHOR,Bromus hordeaceaus,Non-native,Grass,Limited,Cal IPC,I4,4,I,4,BORR,Drought,rgr_h_MJ,NA
I4.DAUPUS.1,DAUPUS,Daucus pusillus,Native,Forb,Native,CalFlora,I4,4,I,4,BORR,Drought,rgr_h_FM,0.03393669377311686
I4.DAUPUS.1,DAUPUS,Daucus pusillus,Native,Forb,Native,CalFlora,I4,4,I,4,BORR,Drought,rgr_h_MA,0.05897092653226186
I4.DAUPUS.1,DAUPUS,Daucus pusillus,Native,Forb,Native,CalFlora,I4,4,I,4,BORR,Drought,rgr_h_AM,0.01262760218199472
I4.DAUPUS.1,DAUPUS,Daucus pusillus,Native,Forb,Native,CalFlora,I4,4,I,4,BORR,Drought,rgr_h_MJ,NA
I4.EROBOT.1,EROBOT,Erodium botrys,Non-native,Forb,Non-native,CalFlora,I4,4,I,4,BORR,Drought,rgr_h_FM,-0.10326270032502764
I4.EROBOT.1,EROBOT,Erodium botrys,Non-native,Forb,Non-native,CalFlora,I4,4,I,4,BORR,Drought,rgr_h_MA,0.05533456437594446
I4.EROBOT.1,EROBOT,Erodium botrys,Non-native,Forb,Non-native,CalFlora,I4,4,I,4,BORR,Drought,rgr_h_AM,NA
I4.EROBOT.1,EROBOT,Erodium botrys,Non-native,Forb,Non-native,CalFlora,I4,4,I,4,BORR,Drought,rgr_h_MJ,NA
I4.GERDIS.1,GERDIS,Geranium dissectum,Non-native,Forb,Limited,Cal IPC,I4,4,I,4,BORR,Drought,rgr_h_FM,NA
I4.GERDIS.1,GERDIS,Geranium dissectum,Non-native,Forb,Limited,Cal IPC,I4,4,I,4,BORR,Drought,rgr_h_MA,NA
I4.GERDIS.1,GERDIS,Geranium dissectum,Non-native,Forb,Limited,Cal IPC,I4,4,I,4,BORR,Drought,rgr_h_AM,NA
I4.GERDIS.1,GERDIS,Geranium dissectum,Non-native,Forb,Limited,Cal IPC,I4,4,I,4,BORR,Drought,rgr_h_MJ,NA
I4.MADGRA.1,MADGRA,Madia gracilis,Native,Forb,Native,CalFlora,I4,4,I,4,BORR,Drought,rgr_h_FM,0.05607880491221392
I4.MADGRA.1,MADGRA,Madia gracilis,Native,Forb,Native,CalFlora,I4,4,I,4,BORR,Drought,rgr_h_MA,-0.0039947928596839
I4.MADGRA.1,MADGRA,Madia gracilis,Native,Forb,Native,CalFlora,I4,4,I,4,BORR,Drought,rgr_h_AM,0.0607915574493508
I4.MADGRA.1,MADGRA,Madia gracilis,Native,Forb,Native,CalFlora,I4,4,I,4,BORR,Drought,rgr_h_MJ,NA
I4.TORARV.1,TORARV,Torilis arvensis,Non-native,Forb,Moderate,Cal IPC,I4,4,I,4,BORR,Drought,rgr_h_FM,0.04639862846279141
I4.TORARV.1,TORARV,Torilis arvensis,Non-native,Forb,Moderate,Cal IPC,I4,4,I,4,BORR,Drought,rgr_h_MA,0.0295144252762766
I4.TORARV.1,TORARV,Torilis arvensis,Non-native,Forb,Moderate,Cal IPC,I4,4,I,4,BORR,Drought,rgr_h_AM,0.03465160878515763
I4.TORARV.1,TORARV,Torilis arvensis,Non-native,Forb,Moderate,Cal IPC,I4,4,I,4,BORR,Drought,rgr_h_MJ,NA
I4.TRIHIR.1,TRIHIR,Trifolium hirtum,Non-native,Forb,Limited,Cal IPC,I4,4,I,4,BORR,Drought,rgr_h_FM,NA
I4.TRIHIR.1,TRIHIR,Trifolium hirtum,Non-native,Forb,Limited,Cal IPC,I4,4,I,4,BORR,Drought,rgr_h_MA,0.07632334485528763
I4.TRIHIR.1,TRIHIR,Trifolium hirtum,Non-native,Forb,Limited,Cal IPC,I4,4,I,4,BORR,Drought,rgr_h_AM,NA
I4.TRIHIR.1,TRIHIR,Trifolium hirtum,Non-native,Forb,Limited,Cal IPC,I4,4,I,4,BORR,Drought,rgr_h_MJ,NA
I4.VICSAT.1,VICSAT,Vicia sativa,Non-native,Forb,Non-native,CalFlora,I4,4,I,4,BORR,Drought,rgr_h_FM,0.02147475908344231
I4.VICSAT.1,VICSAT,Vicia sativa,Non-native,Forb,Non-native,CalFlora,I4,4,I,4,BORR,Drought,rgr_h_MA,0.04849402498742075
I4.VICSAT.1,VICSAT,Vicia sativa,Non-native,Forb,Non-native,CalFlora,I4,4,I,4,BORR,Drought,rgr_h_AM,NA
I4.VICSAT.1,VICSAT,Vicia sativa,Non-native,Forb,Non-native,CalFlora,I4,4,I,4,BORR,Drought,rgr_h_MJ,NA
I5.ACMPAR.1,ACMPAR,Acmispon parviflorus,Native,Forb,Native,CalFlora,I5,4,I,5,ANGELO,Drought,rgr_h_FM,NA
I5.ACMPAR.1,ACMPAR,Acmispon parviflorus,Native,Forb,Native,CalFlora,I5,4,I,5,ANGELO,Drought,rgr_h_MA,NA
I5.ACMPAR.1,ACMPAR,Acmispon parviflorus,Native,Forb,Native,CalFlora,I5,4,I,5,ANGELO,Drought,rgr_h_AM,0.03788318236786585
I5.ACMPAR.1,ACMPAR,Acmispon parviflorus,Native,Forb,Native,CalFlora,I5,4,I,5,ANGELO,Drought,rgr_h_MJ,NA
I5.AIRCAR.1,AIRCAR,Aira caryophyllea,Non-native,Grass,Non-native,CalFlora,I5,4,I,5,ANGELO,Drought,rgr_h_FM,0.02475525644856947
I5.AIRCAR.1,AIRCAR,Aira caryophyllea,Non-native,Grass,Non-native,CalFlora,I5,4,I,5,ANGELO,Drought,rgr_h_MA,0.0321693632014529
I5.AIRCAR.1,AIRCAR,Aira caryophyllea,Non-native,Grass,Non-native,CalFlora,I5,4,I,5,ANGELO,Drought,rgr_h_AM,0.02503222504829239
I5.AIRCAR.1,AIRCAR,Aira caryophyllea,Non-native,Grass,Non-native,CalFlora,I5,4,I,5,ANGELO,Drought,rgr_h_MJ,NA
I5.BROHOR.1,BROHOR,Bromus hordeaceaus,Non-native,Grass,Limited,Cal IPC,I5,4,I,5,ANGELO,Drought,rgr_h_FM,NA
I5.BROHOR.1,BROHOR,Bromus hordeaceaus,Non-native,Grass,Limited,Cal IPC,I5,4,I,5,ANGELO,Drought,rgr_h_MA,0.01976879073343209
I5.BROHOR.1,BROHOR,Bromus hordeaceaus,Non-native,Grass,Limited,Cal IPC,I5,4,I,5,ANGELO,Drought,rgr_h_AM,NA
I5.BROHOR.1,BROHOR,Bromus hordeaceaus,Non-native,Grass,Limited,Cal IPC,I5,4,I,5,ANGELO,Drought,rgr_h_MJ,NA
I5.DAUPUS.1,DAUPUS,Daucus pusillus,Native,Forb,Native,CalFlora,I5,4,I,5,ANGELO,Drought,rgr_h_FM,0.06022853405607959
I5.DAUPUS.1,DAUPUS,Daucus pusillus,Native,Forb,Native,CalFlora,I5,4,I,5,ANGELO,Drought,rgr_h_MA,0.05486018522016583
I5.DAUPUS.1,DAUPUS,Daucus pusillus,Native,Forb,Native,CalFlora,I5,4,I,5,ANGELO,Drought,rgr_h_AM,NA
I5.DAUPUS.1,DAUPUS,Daucus pusillus,Native,Forb,Native,CalFlora,I5,4,I,5,ANGELO,Drought,rgr_h_MJ,NA
I5.ESCCAL.1,ESCCAL,Eschscholzia californica,Native,Forb,Native,CalFlora,I5,4,I,5,ANGELO,Drought,rgr_h_FM,0.04209482129791593
I5.ESCCAL.1,ESCCAL,Eschscholzia californica,Native,Forb,Native,CalFlora,I5,4,I,5,ANGELO,Drought,rgr_h_MA,0.04212306796758527
I5.ESCCAL.1,ESCCAL,Eschscholzia californica,Native,Forb,Native,CalFlora,I5,4,I,5,ANGELO,Drought,rgr_h_AM,NA
I5.ESCCAL.1,ESCCAL,Eschscholzia californica,Native,Forb,Native,CalFlora,I5,4,I,5,ANGELO,Drought,rgr_h_MJ,NA
I5.GALPAR.1,GALPAR,Galium parisiense,Non-native,Forb,Non-native,CalFlora,I5,4,I,5,ANGELO,Drought,rgr_h_FM,0.03272466899550554
I5.GALPAR.1,GALPAR,Galium parisiense,Non-native,Forb,Non-native,CalFlora,I5,4,I,5,ANGELO,Drought,rgr_h_MA,0.03185038150091455
I5.GALPAR.1,GALPAR,Galium parisiense,Non-native,Forb,Non-native,CalFlora,I5,4,I,5,ANGELO,Drought,rgr_h_AM,0.033812057588290013
I5.GALPAR.1,GALPAR,Galium parisiense,Non-native,Forb,Non-native,CalFlora,I5,4,I,5,ANGELO,Drought,rgr_h_MJ,NA
I5.HYPGLA.1,HYPGLA,Hypochaeris glabra,Non-native,Forb,Limited,Cal IPC,I5,4,I,5,ANGELO,Drought,rgr_h_FM,0.02475525644856947
I5.HYPGLA.1,HYPGLA,Hypochaeris glabra,Non-native,Forb,Limited,Cal IPC,I5,4,I,5,ANGELO,Drought,rgr_h_MA,0.09540669603098229
I5.HYPGLA.1,HYPGLA,Hypochaeris glabra,Non-native,Forb,Limited,Cal IPC,I5,4,I,5,ANGELO,Drought,rgr_h_AM,NA
I5.HYPGLA.1,HYPGLA,Hypochaeris glabra,Non-native,Forb,Limited,Cal IPC,I5,4,I,5,ANGELO,Drought,rgr_h_MJ,NA
I6.AIRCAR.1,AIRCAR,Aira caryophyllea,Non-native,Grass,Non-native,CalFlora,I6,4,I,6,ANGELO,Drought,rgr_h_FM,0.01678584390163341
I6.AIRCAR.1,AIRCAR,Aira caryophyllea,Non-native,Grass,Non-native,CalFlora,I6,4,I,6,ANGELO,Drought,rgr_h_MA,0.05013591322587581
I6.AIRCAR.1,AIRCAR,Aira caryophyllea,Non-native,Grass,Non-native,CalFlora,I6,4,I,6,ANGELO,Drought,rgr_h_AM,0.03900237508834182
I6.AIRCAR.1,AIRCAR,Aira caryophyllea,Non-native,Grass,Non-native,CalFlora,I6,4,I,6,ANGELO,Drought,rgr_h_MJ,NA
I6.BROHOR.1,BROHOR,Bromus hordeaceaus,Non-native,Grass,Limited,Cal IPC,I6,4,I,6,ANGELO,Drought,rgr_h_FM,NA
I6.BROHOR.1,BROHOR,Bromus hordeaceaus,Non-native,Grass,Limited,Cal IPC,I6,4,I,6,ANGELO,Drought,rgr_h_MA,0.02452355983262471
I6.BROHOR.1,BROHOR,Bromus hordeaceaus,Non-native,Grass,Limited,Cal IPC,I6,4,I,6,ANGELO,Drought,rgr_h_AM,0.04525752551586751
I6.BROHOR.1,BROHOR,Bromus hordeaceaus,Non-native,Grass,Limited,Cal IPC,I6,4,I,6,ANGELO,Drought,rgr_h_MJ,NA
I6.DAUPUS.1,DAUPUS,Daucus pusillus,Native,Forb,Native,CalFlora,I6,4,I,6,ANGELO,Drought,rgr_h_FM,0.0392361531667182
I6.DAUPUS.1,DAUPUS,Daucus pusillus,Native,Forb,Native,CalFlora,I6,4,I,6,ANGELO,Drought,rgr_h_MA,0.05579921445238904
I6.DAUPUS.1,DAUPUS,Daucus pusillus,Native,Forb,Native,CalFlora,I6,4,I,6,ANGELO,Drought,rgr_h_AM,NA
I6.DAUPUS.1,DAUPUS,Daucus pusillus,Native,Forb,Native,CalFlora,I6,4,I,6,ANGELO,Drought,rgr_h_MJ,NA
I6.ESCCAL.1-I5,ESCCAL,Eschscholzia californica,Native,Forb,Native,CalFlora,I6,4,I,6,ANGELO,Drought,rgr_h_FM,NA
I6.ESCCAL.1-I5,ESCCAL,Eschscholzia californica,Native,Forb,Native,CalFlora,I6,4,I,6,ANGELO,Drought,rgr_h_MA,0.03148205362802838
I6.ESCCAL.1-I5,ESCCAL,Eschscholzia californica,Native,Forb,Native,CalFlora,I6,4,I,6,ANGELO,Drought,rgr_h_AM,NA
I6.ESCCAL.1-I5,ESCCAL,Eschscholzia californica,Native,Forb,Native,CalFlora,I6,4,I,6,ANGELO,Drought,rgr_h_MJ,NA
I7.AVEBAR.1,AVEBAR,Avena barbata,Non-native,Grass,Moderate,Cal IPC,I7,4,I,7,MCL,Drought,rgr_h_FM,NA
I7.AVEBAR.1,AVEBAR,Avena barbata,Non-native,Grass,Moderate,Cal IPC,I7,4,I,7,MCL,Drought,rgr_h_MA,0.07397261294161303
I7.AVEBAR.1,AVEBAR,Avena barbata,Non-native,Grass,Moderate,Cal IPC,I7,4,I,7,MCL,Drought,rgr_h_AM,0.02643903361259883
I7.AVEBAR.1,AVEBAR,Avena barbata,Non-native,Grass,Moderate,Cal IPC,I7,4,I,7,MCL,Drought,rgr_h_MJ,NA
I7.BRODIA.1,BRODIA,Bromus diandrus,Non-native,Grass,Moderate,Cal IPC,I7,4,I,7,MCL,Drought,rgr_h_FM,NA
I7.BRODIA.1,BRODIA,Bromus diandrus,Non-native,Grass,Moderate,Cal IPC,I7,4,I,7,MCL,Drought,rgr_h_MA,0.02735839804230937
I7.BRODIA.1,BRODIA,Bromus diandrus,Non-native,Grass,Moderate,Cal IPC,I7,4,I,7,MCL,Drought,rgr_h_AM,0.04243957896468919
I7.BRODIA.1,BRODIA,Bromus diandrus,Non-native,Grass,Moderate,Cal IPC,I7,4,I,7,MCL,Drought,rgr_h_MJ,NA
I7.ELYCAP.1,ELYCAP,Elymus caput-medusae,Non-native,Grass,High,Cal IPC,I7,4,I,7,MCL,Drought,rgr_h_FM,0.02345641201389537
I7.ELYCAP.1,ELYCAP,Elymus caput-medusae,Non-native,Grass,High,Cal IPC,I7,4,I,7,MCL,Drought,rgr_h_MA,0.01526102399731037
I7.ELYCAP.1,ELYCAP,Elymus caput-medusae,Non-native,Grass,High,Cal IPC,I7,4,I,7,MCL,Drought,rgr_h_AM,0.03587644323408399
I7.ELYCAP.1,ELYCAP,Elymus caput-medusae,Non-native,Grass,High,Cal IPC,I7,4,I,7,MCL,Drought,rgr_h_MJ,NA
I7.HOLVIR.1,HOLVIR,Holocarpha virgata,Native,Forb,Native,CalFlora,I7,4,I,7,MCL,Drought,rgr_h_FM,0.07426576934570842
I7.HOLVIR.1,HOLVIR,Holocarpha virgata,Native,Forb,Native,CalFlora,I7,4,I,7,MCL,Drought,rgr_h_MA,0.04521621821676017
I7.HOLVIR.1,HOLVIR,Holocarpha virgata,Native,Forb,Native,CalFlora,I7,4,I,7,MCL,Drought,rgr_h_AM,0.04215701206210232
I7.HOLVIR.1,HOLVIR,Holocarpha virgata,Native,Forb,Native,CalFlora,I7,4,I,7,MCL,Drought,rgr_h_MJ,0.02418433729210255
I7.MICCAL.1,MICCAL,Micropus californicus,Native,Forb,Native,CalFlora,I7,4,I,7,MCL,Drought,rgr_h_FM,0.01758844589634979
I7.MICCAL.1,MICCAL,Micropus californicus,Native,Forb,Native,CalFlora,I7,4,I,7,MCL,Drought,rgr_h_MA,0.05029493476356563
I7.MICCAL.1,MICCAL,Micropus californicus,Native,Forb,Native,CalFlora,I7,4,I,7,MCL,Drought,rgr_h_AM,NA
I7.MICCAL.1,MICCAL,Micropus californicus,Native,Forb,Native,CalFlora,I7,4,I,7,MCL,Drought,rgr_h_MJ,NA
I7.PLAERE.1,PLAERE,Plantago erecta,Native,Forb,Native,CalFlora,I7,4,I,7,MCL,Drought,rgr_h_FM,0.02761392457976719
I7.PLAERE.1,PLAERE,Plantago erecta,Native,Forb,Native,CalFlora,I7,4,I,7,MCL,Drought,rgr_h_MA,0.02863408537106734
I7.PLAERE.1,PLAERE,Plantago erecta,Native,Forb,Native,CalFlora,I7,4,I,7,MCL,Drought,rgr_h_AM,NA
I7.PLAERE.1,PLAERE,Plantago erecta,Native,Forb,Native,CalFlora,I7,4,I,7,MCL,Drought,rgr_h_MJ,NA
I8.AIRCAR.1,AIRCAR,Aira caryophyllea,Non-native,Grass,Non-native,CalFlora,I8,4,I,8,ANGELO,Drought,rgr_h_FM,0.02475525644856947
I8.AIRCAR.1,AIRCAR,Aira caryophyllea,Non-native,Grass,Non-native,CalFlora,I8,4,I,8,ANGELO,Drought,rgr_h_MA,0.051938153934885
I8.AIRCAR.1,AIRCAR,Aira caryophyllea,Non-native,Grass,Non-native,CalFlora,I8,4,I,8,ANGELO,Drought,rgr_h_AM,0.02722537121757072
I8.AIRCAR.1,AIRCAR,Aira caryophyllea,Non-native,Grass,Non-native,CalFlora,I8,4,I,8,ANGELO,Drought,rgr_h_MJ,NA
I8.BROHOR.1,BROHOR,Bromus hordeaceaus,Non-native,Grass,Limited,Cal IPC,I8,4,I,8,ANGELO,Drought,rgr_h_FM,NA
I8.BROHOR.1,BROHOR,Bromus hordeaceaus,Non-native,Grass,Limited,Cal IPC,I8,4,I,8,ANGELO,Drought,rgr_h_MA,0.03662040962227032
I8.BROHOR.1,BROHOR,Bromus hordeaceaus,Non-native,Grass,Limited,Cal IPC,I8,4,I,8,ANGELO,Drought,rgr_h_AM,NA
I8.BROHOR.1,BROHOR,Bromus hordeaceaus,Non-native,Grass,Limited,Cal IPC,I8,4,I,8,ANGELO,Drought,rgr_h_MJ,NA
I8.CLAPUR.1,CLAPUR,Clarkia purpurea,Native,Forb,Native,CalFlora,I8,4,I,8,ANGELO,Drought,rgr_h_FM,0.04640296371893788
I8.CLAPUR.1,CLAPUR,Clarkia purpurea,Native,Forb,Native,CalFlora,I8,4,I,8,ANGELO,Drought,rgr_h_MA,0.05541825792493496
I8.CLAPUR.1,CLAPUR,Clarkia purpurea,Native,Forb,Native,CalFlora,I8,4,I,8,ANGELO,Drought,rgr_h_AM,0.02185158654332392
I8.CLAPUR.1,CLAPUR,Clarkia purpurea,Native,Forb,Native,CalFlora,I8,4,I,8,ANGELO,Drought,rgr_h_MJ,NA
I8.DANCAL.1,DANCAL,Danthonia californica,Native,Grass,Native,CalFlora,I8,4,I,8,ANGELO,Drought,rgr_h_FM,NA
I8.DANCAL.1,DANCAL,Danthonia californica,Native,Grass,Native,CalFlora,I8,4,I,8,ANGELO,Drought,rgr_h_MA,NA
I8.DANCAL.1,DANCAL,Danthonia californica,Native,Grass,Native,CalFlora,I8,4,I,8,ANGELO,Drought,rgr_h_AM,NA
I8.DANCAL.1,DANCAL,Danthonia californica,Native,Grass,Native,CalFlora,I8,4,I,8,ANGELO,Drought,rgr_h_MJ,-0.00959587141020814
I8.DAUPUS.1,DAUPUS,Daucus pusillus,Native,Forb,Native,CalFlora,I8,4,I,8,ANGELO,Drought,rgr_h_FM,0.04951051289713894
I8.DAUPUS.1,DAUPUS,Daucus pusillus,Native,Forb,Native,CalFlora,I8,4,I,8,ANGELO,Drought,rgr_h_MA,0.05682493640794751
I8.DAUPUS.1,DAUPUS,Daucus pusillus,Native,Forb,Native,CalFlora,I8,4,I,8,ANGELO,Drought,rgr_h_AM,0.02765398735758732
I8.DAUPUS.1,DAUPUS,Daucus pusillus,Native,Forb,Native,CalFlora,I8,4,I,8,ANGELO,Drought,rgr_h_MJ,NA
I8.GALPAR.1,GALPAR,Galium parisiense,Non-native,Forb,Non-native,CalFlora,I8,4,I,8,ANGELO,Drought,rgr_h_FM,0.05371704988486693
I8.GALPAR.1,GALPAR,Galium parisiense,Non-native,Forb,Non-native,CalFlora,I8,4,I,8,ANGELO,Drought,rgr_h_MA,0.05579921445238905
I8.GALPAR.1,GALPAR,Galium parisiense,Non-native,Forb,Non-native,CalFlora,I8,4,I,8,ANGELO,Drought,rgr_h_AM,0.00544252564180999
I8.GALPAR.1,GALPAR,Galium parisiense,Non-native,Forb,Non-native,CalFlora,I8,4,I,8,ANGELO,Drought,rgr_h_MJ,NA
I8.HYPGLA.1,HYPGLA,Hypochaeris glabra,Non-native,Forb,Limited,Cal IPC,I8,4,I,8,ANGELO,Drought,rgr_h_FM,0.02475525644856947
I8.HYPGLA.1,HYPGLA,Hypochaeris glabra,Non-native,Forb,Limited,Cal IPC,I8,4,I,8,ANGELO,Drought,rgr_h_MA,-0.02166084939249829
I8.HYPGLA.1,HYPGLA,Hypochaeris glabra,Non-native,Forb,Limited,Cal IPC,I8,4,I,8,ANGELO,Drought,rgr_h_AM,0.11879628108377932
I8.HYPGLA.1,HYPGLA,Hypochaeris glabra,Non-native,Forb,Limited,Cal IPC,I8,4,I,8,ANGELO,Drought,rgr_h_MJ,NA
J1.BRODIA.1,BRODIA,Bromus diandrus,Non-native,Grass,Moderate,Cal IPC,J1,5,J,1,BORR,Drought,rgr_h_FM,NA
J1.BRODIA.1,BRODIA,Bromus diandrus,Non-native,Grass,Moderate,Cal IPC,J1,5,J,1,BORR,Drought,rgr_h_MA,0.03880353538464946
J1.BRODIA.1,BRODIA,Bromus diandrus,Non-native,Grass,Moderate,Cal IPC,J1,5,J,1,BORR,Drought,rgr_h_AM,0.01382277003937348
J1.BRODIA.1,BRODIA,Bromus diandrus,Non-native,Grass,Moderate,Cal IPC,J1,5,J,1,BORR,Drought,rgr_h_MJ,NA
J1.BROHOR.1,BROHOR,Bromus hordeaceaus,Non-native,Grass,Limited,Cal IPC,J1,5,J,1,BORR,Drought,rgr_h_FM,NA
J1.BROHOR.1,BROHOR,Bromus hordeaceaus,Non-native,Grass,Limited,Cal IPC,J1,5,J,1,BORR,Drought,rgr_h_MA,0.0512186473336139
J1.BROHOR.1,BROHOR,Bromus hordeaceaus,Non-native,Grass,Limited,Cal IPC,J1,5,J,1,BORR,Drought,rgr_h_AM,NA
J1.BROHOR.1,BROHOR,Bromus hordeaceaus,Non-native,Grass,Limited,Cal IPC,J1,5,J,1,BORR,Drought,rgr_h_MJ,NA
J1.DAUPUS.1,DAUPUS,Daucus pusillus,Native,Forb,Native,CalFlora,J1,5,J,1,BORR,Drought,rgr_h_FM,0.01621860432432657
J1.DAUPUS.1,DAUPUS,Daucus pusillus,Native,Forb,Native,CalFlora,J1,5,J,1,BORR,Drought,rgr_h_MA,0.05599248341337672
J1.DAUPUS.1,DAUPUS,Daucus pusillus,Native,Forb,Native,CalFlora,J1,5,J,1,BORR,Drought,rgr_h_AM,0.00757058085399423
J1.DAUPUS.1,DAUPUS,Daucus pusillus,Native,Forb,Native,CalFlora,J1,5,J,1,BORR,Drought,rgr_h_MJ,NA
J1.EROBOT.1,EROBOT,Erodium botrys,Non-native,Forb,Non-native,CalFlora,J1,5,J,1,BORR,Drought,rgr_h_FM,0.05865348275173707
J1.EROBOT.1,EROBOT,Erodium botrys,Non-native,Forb,Non-native,CalFlora,J1,5,J,1,BORR,Drought,rgr_h_MA,0.04931829277906237
J1.EROBOT.1,EROBOT,Erodium botrys,Non-native,Forb,Non-native,CalFlora,J1,5,J,1,BORR,Drought,rgr_h_AM,0.02101336042678348
J1.EROBOT.1,EROBOT,Erodium botrys,Non-native,Forb,Non-native,CalFlora,J1,5,J,1,BORR,Drought,rgr_h_MJ,NA
J1.MADGRA.1,MADGRA,Madia gracilis,Native,Forb,Native,CalFlora,J1,5,J,1,BORR,Drought,rgr_h_FM,0.0277258872223978
J1.MADGRA.1,MADGRA,Madia gracilis,Native,Forb,Native,CalFlora,J1,5,J,1,BORR,Drought,rgr_h_MA,0.03816295658626381
J1.MADGRA.1,MADGRA,Madia gracilis,Native,Forb,Native,CalFlora,J1,5,J,1,BORR,Drought,rgr_h_AM,0.02637343062913619
J1.MADGRA.1,MADGRA,Madia gracilis,Native,Forb,Native,CalFlora,J1,5,J,1,BORR,Drought,rgr_h_MJ,NA
J1.TORARV.1,TORARV,Torilis arvensis,Non-native,Forb,Moderate,Cal IPC,J1,5,J,1,BORR,Drought,rgr_h_FM,0.03822045780109746
J1.TORARV.1,TORARV,Torilis arvensis,Non-native,Forb,Moderate,Cal IPC,J1,5,J,1,BORR,Drought,rgr_h_MA,0.04779360014876762
J1.TORARV.1,TORARV,Torilis arvensis,Non-native,Forb,Moderate,Cal IPC,J1,5,J,1,BORR,Drought,rgr_h_AM,0.03263135430308138
J1.TORARV.1,TORARV,Torilis arvensis,Non-native,Forb,Moderate,Cal IPC,J1,5,J,1,BORR,Drought,rgr_h_MJ,NA
J1.TRIHIR.1,TRIHIR,Trifolium hirtum,Non-native,Forb,Limited,Cal IPC,J1,5,J,1,BORR,Drought,rgr_h_FM,0.01150728289807123
J1.TRIHIR.1,TRIHIR,Trifolium hirtum,Non-native,Forb,Limited,Cal IPC,J1,5,J,1,BORR,Drought,rgr_h_MA,0.07195578415606393
J1.TRIHIR.1,TRIHIR,Trifolium hirtum,Non-native,Forb,Limited,Cal IPC,J1,5,J,1,BORR,Drought,rgr_h_AM,NA
J1.TRIHIR.1,TRIHIR,Trifolium hirtum,Non-native,Forb,Limited,Cal IPC,J1,5,J,1,BORR,Drought,rgr_h_MJ,NA
J1.VICSAT.1,VICSAT,Vicia sativa,Non-native,Forb,Non-native,CalFlora,J1,5,J,1,BORR,Drought,rgr_h_FM,0.00500652571816024
J1.VICSAT.1,VICSAT,Vicia sativa,Non-native,Forb,Non-native,CalFlora,J1,5,J,1,BORR,Drought,rgr_h_MA,0.04285872735421094
J1.VICSAT.1,VICSAT,Vicia sativa,Non-native,Forb,Non-native,CalFlora,J1,5,J,1,BORR,Drought,rgr_h_AM,NA
J1.VICSAT.1,VICSAT,Vicia sativa,Non-native,Forb,Non-native,CalFlora,J1,5,J,1,BORR,Drought,rgr_h_MJ,NA
J2.ACMPAR.1,ACMPAR,Acmispon parviflorus,Native,Forb,Native,CalFlora,J2,5,J,2,ANGELO,Drought,rgr_h_FM,0.04394449154672438
J2.ACMPAR.1,ACMPAR,Acmispon parviflorus,Native,Forb,Native,CalFlora,J2,5,J,2,ANGELO,Drought,rgr_h_MA,0.03065091415661644
J2.ACMPAR.1,ACMPAR,Acmispon parviflorus,Native,Forb,Native,CalFlora,J2,5,J,2,ANGELO,Drought,rgr_h_AM,0
J2.ACMPAR.1,ACMPAR,Acmispon parviflorus,Native,Forb,Native,CalFlora,J2,5,J,2,ANGELO,Drought,rgr_h_MJ,NA
J2.AIRCAR.1,AIRCAR,Aira caryophyllea,Non-native,Grass,Non-native,CalFlora,J2,5,J,2,ANGELO,Drought,rgr_h_FM,0.04815891217303744
J2.AIRCAR.1,AIRCAR,Aira caryophyllea,Non-native,Grass,Non-native,CalFlora,J2,5,J,2,ANGELO,Drought,rgr_h_MA,0.03824298223819111
J2.AIRCAR.1,AIRCAR,Aira caryophyllea,Non-native,Grass,Non-native,CalFlora,J2,5,J,2,ANGELO,Drought,rgr_h_AM,0.0343669944684278
J2.AIRCAR.1,AIRCAR,Aira caryophyllea,Non-native,Grass,Non-native,CalFlora,J2,5,J,2,ANGELO,Drought,rgr_h_MJ,NA
J2.BROHOR.1,BROHOR,Bromus hordeaceaus,Non-native,Grass,Limited,Cal IPC,J2,5,J,2,ANGELO,Drought,rgr_h_FM,NA
J2.BROHOR.1,BROHOR,Bromus hordeaceaus,Non-native,Grass,Limited,Cal IPC,J2,5,J,2,ANGELO,Drought,rgr_h_MA,0.02735839804230937
J2.BROHOR.1,BROHOR,Bromus hordeaceaus,Non-native,Grass,Limited,Cal IPC,J2,5,J,2,ANGELO,Drought,rgr_h_AM,NA
J2.BROHOR.1,BROHOR,Bromus hordeaceaus,Non-native,Grass,Limited,Cal IPC,J2,5,J,2,ANGELO,Drought,rgr_h_MJ,NA
J2.CLAPUR.1,CLAPUR,Clarkia purpurea,Native,Forb,Native,CalFlora,J2,5,J,2,ANGELO,Drought,rgr_h_FM,0.04815891217303744
J2.CLAPUR.1,CLAPUR,Clarkia purpurea,Native,Forb,Native,CalFlora,J2,5,J,2,ANGELO,Drought,rgr_h_MA,0.0483613283973754
J2.CLAPUR.1,CLAPUR,Clarkia purpurea,Native,Forb,Native,CalFlora,J2,5,J,2,ANGELO,Drought,rgr_h_AM,0.02533362543437804
J2.CLAPUR.1,CLAPUR,Clarkia purpurea,Native,Forb,Native,CalFlora,J2,5,J,2,ANGELO,Drought,rgr_h_MJ,NA
J2.DAUPUS.1,DAUPUS,Daucus pusillus,Native,Forb,Native,CalFlora,J2,5,J,2,ANGELO,Drought,rgr_h_FM,0.05545177444479562
J2.DAUPUS.1,DAUPUS,Daucus pusillus,Native,Forb,Native,CalFlora,J2,5,J,2,ANGELO,Drought,rgr_h_MA,0.04869201931395468
J2.DAUPUS.1,DAUPUS,Daucus pusillus,Native,Forb,Native,CalFlora,J2,5,J,2,ANGELO,Drought,rgr_h_AM,0.02844507135707127
J2.DAUPUS.1,DAUPUS,Daucus pusillus,Native,Forb,Native,CalFlora,J2,5,J,2,ANGELO,Drought,rgr_h_MJ,NA
J2.GALPAR.1,GALPAR,Galium parisiense,Non-native,Forb,Non-native,CalFlora,J2,5,J,2,ANGELO,Drought,rgr_h_FM,0.02772588722239781
J2.GALPAR.1,GALPAR,Galium parisiense,Non-native,Forb,Non-native,CalFlora,J2,5,J,2,ANGELO,Drought,rgr_h_MA,0.04700241864925857
J2.GALPAR.1,GALPAR,Galium parisiense,Non-native,Forb,Non-native,CalFlora,J2,5,J,2,ANGELO,Drought,rgr_h_AM,0.02910204955997395
J2.GALPAR.1,GALPAR,Galium parisiense,Non-native,Forb,Non-native,CalFlora,J2,5,J,2,ANGELO,Drought,rgr_h_MJ,NA
J2.HYPGLA.1,HYPGLA,Hypochaeris glabra,Non-native,Forb,Limited,Cal IPC,J2,5,J,2,ANGELO,Drought,rgr_h_FM,0.05545177444479562
J2.HYPGLA.1,HYPGLA,Hypochaeris glabra,Non-native,Forb,Limited,Cal IPC,J2,5,J,2,ANGELO,Drought,rgr_h_MA,-0.04332169878499658
J2.HYPGLA.1,HYPGLA,Hypochaeris glabra,Non-native,Forb,Limited,Cal IPC,J2,5,J,2,ANGELO,Drought,rgr_h_AM,0.12098715054602809
J2.HYPGLA.1,HYPGLA,Hypochaeris glabra,Non-native,Forb,Limited,Cal IPC,J2,5,J,2,ANGELO,Drought,rgr_h_MJ,NA
J2.MADGRA.1,MADGRA,Madia gracilis,Native,Forb,Native,CalFlora,J2,5,J,2,ANGELO,Drought,rgr_h_FM,0.02772588722239781
J2.MADGRA.1,MADGRA,Madia gracilis,Native,Forb,Native,CalFlora,J2,5,J,2,ANGELO,Drought,rgr_h_MA,0.04441830252909877
J2.MADGRA.1,MADGRA,Madia gracilis,Native,Forb,Native,CalFlora,J2,5,J,2,ANGELO,Drought,rgr_h_AM,0.04672865332108687
J2.MADGRA.1,MADGRA,Madia gracilis,Native,Forb,Native,CalFlora,J2,5,J,2,ANGELO,Drought,rgr_h_MJ,NA
J3.BRODIA.1,BRODIA,Bromus diandrus,Non-native,Grass,Moderate,Cal IPC,J3,5,J,3,MCL,Drought,rgr_h_FM,NA
J3.BRODIA.1,BRODIA,Bromus diandrus,Non-native,Grass,Moderate,Cal IPC,J3,5,J,3,MCL,Drought,rgr_h_MA,0.0339703583208448
J3.BRODIA.1,BRODIA,Bromus diandrus,Non-native,Grass,Moderate,Cal IPC,J3,5,J,3,MCL,Drought,rgr_h_AM,NA
J3.BRODIA.1,BRODIA,Bromus diandrus,Non-native,Grass,Moderate,Cal IPC,J3,5,J,3,MCL,Drought,rgr_h_MJ,NA
J3.BROHOR.1,BROHOR,Bromus hordeaceaus,Non-native,Grass,Limited,Cal IPC,J3,5,J,3,MCL,Drought,rgr_h_FM,NA
J3.BROHOR.1,BROHOR,Bromus hordeaceaus,Non-native,Grass,Limited,Cal IPC,J3,5,J,3,MCL,Drought,rgr_h_MA,0.05862008082620613
J3.BROHOR.1,BROHOR,Bromus hordeaceaus,Non-native,Grass,Limited,Cal IPC,J3,5,J,3,MCL,Drought,rgr_h_AM,NA
J3.BROHOR.1,BROHOR,Bromus hordeaceaus,Non-native,Grass,Limited,Cal IPC,J3,5,J,3,MCL,Drought,rgr_h_MJ,NA
J3.ELYCAP.1,ELYCAP,Elymus caput-medusae,Non-native,Grass,High,Cal IPC,J3,5,J,3,MCL,Drought,rgr_h_FM,-0.01005257713123624
J3.ELYCAP.1,ELYCAP,Elymus caput-medusae,Non-native,Grass,High,Cal IPC,J3,5,J,3,MCL,Drought,rgr_h_MA,0.03280694139058368
J3.ELYCAP.1,ELYCAP,Elymus caput-medusae,Non-native,Grass,High,Cal IPC,J3,5,J,3,MCL,Drought,rgr_h_AM,0.04235362927458158
J3.ELYCAP.1,ELYCAP,Elymus caput-medusae,Non-native,Grass,High,Cal IPC,J3,5,J,3,MCL,Drought,rgr_h_MJ,NA
J3.HOLVIR.1,HOLVIR,Holocarpha virgata,Native,Forb,Native,CalFlora,J3,5,J,3,MCL,Drought,rgr_h_FM,0.04394449154672438
J3.HOLVIR.1,HOLVIR,Holocarpha virgata,Native,Forb,Native,CalFlora,J3,5,J,3,MCL,Drought,rgr_h_MA,0.04060259325407065
J3.HOLVIR.1,HOLVIR,Holocarpha virgata,Native,Forb,Native,CalFlora,J3,5,J,3,MCL,Drought,rgr_h_AM,0.04126763878036155
J3.HOLVIR.1,HOLVIR,Holocarpha virgata,Native,Forb,Native,CalFlora,J3,5,J,3,MCL,Drought,rgr_h_MJ,0.02218811455732123
J3.MICCAL.1,MICCAL,Micropus californicus,Native,Forb,Native,CalFlora,J3,5,J,3,MCL,Drought,rgr_h_FM,0.02772588722239781
J3.MICCAL.1,MICCAL,Micropus californicus,Native,Forb,Native,CalFlora,J3,5,J,3,MCL,Drought,rgr_h_MA,0.04845616913784896
J3.MICCAL.1,MICCAL,Micropus californicus,Native,Forb,Native,CalFlora,J3,5,J,3,MCL,Drought,rgr_h_AM,NA
J3.MICCAL.1,MICCAL,Micropus californicus,Native,Forb,Native,CalFlora,J3,5,J,3,MCL,Drought,rgr_h_MJ,NA
J4.AMSMEN.1,AMSMEN,Amsinckia menziesii,Native,Forb,Native,CalFlora,J4,5,J,4,WWP,Drought,rgr_h_FM,0.04394449154672438
J4.AMSMEN.1,AMSMEN,Amsinckia menziesii,Native,Forb,Native,CalFlora,J4,5,J,4,WWP,Drought,rgr_h_MA,NA
J4.AMSMEN.1,AMSMEN,Amsinckia menziesii,Native,Forb,Native,CalFlora,J4,5,J,4,WWP,Drought,rgr_h_AM,NA
J4.AMSMEN.1,AMSMEN,Amsinckia menziesii,Native,Forb,Native,CalFlora,J4,5,J,4,WWP,Drought,rgr_h_MJ,NA
J4.AVEBAR.1,AVEBAR,Avena barbata,Non-native,Grass,Moderate,Cal IPC,J4,5,J,4,WWP,Drought,rgr_h_FM,0.00103901945613042
J4.AVEBAR.1,AVEBAR,Avena barbata,Non-native,Grass,Moderate,Cal IPC,J4,5,J,4,WWP,Drought,rgr_h_MA,0.04633241231272748
J4.AVEBAR.1,AVEBAR,Avena barbata,Non-native,Grass,Moderate,Cal IPC,J4,5,J,4,WWP,Drought,rgr_h_AM,0.03461109004463075
J4.AVEBAR.1,AVEBAR,Avena barbata,Non-native,Grass,Moderate,Cal IPC,J4,5,J,4,WWP,Drought,rgr_h_MJ,NA
J4.BRODIA.1,BRODIA,Bromus diandrus,Non-native,Grass,Moderate,Cal IPC,J4,5,J,4,WWP,Drought,rgr_h_FM,NA
J4.BRODIA.1,BRODIA,Bromus diandrus,Non-native,Grass,Moderate,Cal IPC,J4,5,J,4,WWP,Drought,rgr_h_MA,0.03444647193552762
J4.BRODIA.1,BRODIA,Bromus diandrus,Non-native,Grass,Moderate,Cal IPC,J4,5,J,4,WWP,Drought,rgr_h_AM,0.01619850792626713
J4.BRODIA.1,BRODIA,Bromus diandrus,Non-native,Grass,Moderate,Cal IPC,J4,5,J,4,WWP,Drought,rgr_h_MJ,NA
J4.BROMAD.1,BROMAD,Bromus madritensis,Non-native,Grass,High,Cal IPC,J4,5,J,4,WWP,Drought,rgr_h_FM,NA
J4.BROMAD.1,BROMAD,Bromus madritensis,Non-native,Grass,High,Cal IPC,J4,5,J,4,WWP,Drought,rgr_h_MA,0.03121238794392599
J4.BROMAD.1,BROMAD,Bromus madritensis,Non-native,Grass,High,Cal IPC,J4,5,J,4,WWP,Drought,rgr_h_AM,NA
J4.BROMAD.1,BROMAD,Bromus madritensis,Non-native,Grass,High,Cal IPC,J4,5,J,4,WWP,Drought,rgr_h_MJ,NA
J5.BRODIA.1,BRODIA,Bromus diandrus,Non-native,Grass,Moderate,Cal IPC,J5,5,J,5,SEDG,Drought,rgr_h_FM,NA
J5.BRODIA.1,BRODIA,Bromus diandrus,Non-native,Grass,Moderate,Cal IPC,J5,5,J,5,SEDG,Drought,rgr_h_MA,0.03787315543672227
J5.BRODIA.1,BRODIA,Bromus diandrus,Non-native,Grass,Moderate,Cal IPC,J5,5,J,5,SEDG,Drought,rgr_h_AM,NA
J5.BRODIA.1,BRODIA,Bromus diandrus,Non-native,Grass,Moderate,Cal IPC,J5,5,J,5,SEDG,Drought,rgr_h_MJ,NA
J5.BROMAD.1,BROMAD,Bromus madritensis,Non-native,Grass,High,Cal IPC,J5,5,J,5,SEDG,Drought,rgr_h_FM,NA
J5.BROMAD.1,BROMAD,Bromus madritensis,Non-native,Grass,High,Cal IPC,J5,5,J,5,SEDG,Drought,rgr_h_MA,0.04536491001196069
J5.BROMAD.1,BROMAD,Bromus madritensis,Non-native,Grass,High,Cal IPC,J5,5,J,5,SEDG,Drought,rgr_h_AM,NA
J5.BROMAD.1,BROMAD,Bromus madritensis,Non-native,Grass,High,Cal IPC,J5,5,J,5,SEDG,Drought,rgr_h_MJ,NA
J5.CORFIL.1,CORFIL,Corethrogyne filaginafolia,Native,Forb,Native,CalFlora,J5,5,J,5,SEDG,Drought,rgr_h_FM,0.02043302495063963
J5.CORFIL.1,CORFIL,Corethrogyne filaginafolia,Native,Forb,Native,CalFlora,J5,5,J,5,SEDG,Drought,rgr_h_MA,0.02735839804230937
J5.CORFIL.1,CORFIL,Corethrogyne filaginafolia,Native,Forb,Native,CalFlora,J5,5,J,5,SEDG,Drought,rgr_h_AM,0.01998627814055081
J5.CORFIL.1,CORFIL,Corethrogyne filaginafolia,Native,Forb,Native,CalFlora,J5,5,J,5,SEDG,Drought,rgr_h_MJ,0.01661510644457719
J5.MICCAL.1,MICCAL,Micropus californicus,Native,Forb,Native,CalFlora,J5,5,J,5,SEDG,Drought,rgr_h_FM,0.03822045780109745
J5.MICCAL.1,MICCAL,Micropus californicus,Native,Forb,Native,CalFlora,J5,5,J,5,SEDG,Drought,rgr_h_MA,0.04082036417019857
J5.MICCAL.1,MICCAL,Micropus californicus,Native,Forb,Native,CalFlora,J5,5,J,5,SEDG,Drought,rgr_h_AM,NA
J5.MICCAL.1,MICCAL,Micropus californicus,Native,Forb,Native,CalFlora,J5,5,J,5,SEDG,Drought,rgr_h_MJ,NA
J5.STIPUL.1,STIPUL,Stipa pulchra,Native,Grass,Native,CalFlora,J5,5,J,5,SEDG,Drought,rgr_h_FM,NA
J5.STIPUL.1,STIPUL,Stipa pulchra,Native,Grass,Native,CalFlora,J5,5,J,5,SEDG,Drought,rgr_h_MA,0.00481720874460182
J5.STIPUL.1,STIPUL,Stipa pulchra,Native,Grass,Native,CalFlora,J5,5,J,5,SEDG,Drought,rgr_h_AM,0.0101366277027041
J5.STIPUL.1,STIPUL,Stipa pulchra,Native,Grass,Native,CalFlora,J5,5,J,5,SEDG,Drought,rgr_h_MJ,0.03331738087769419
J6.BROHOR.1,BROHOR,Bromus hordeaceaus,Non-native,Grass,Limited,Cal IPC,J6,5,J,6,MCL,Drought,rgr_h_FM,NA
J6.BROHOR.1,BROHOR,Bromus hordeaceaus,Non-native,Grass,Limited,Cal IPC,J6,5,J,6,MCL,Drought,rgr_h_MA,0.02907735521456598
J6.BROHOR.1,BROHOR,Bromus hordeaceaus,Non-native,Grass,Limited,Cal IPC,J6,5,J,6,MCL,Drought,rgr_h_AM,NA
J6.BROHOR.1,BROHOR,Bromus hordeaceaus,Non-native,Grass,Limited,Cal IPC,J6,5,J,6,MCL,Drought,rgr_h_MJ,NA
J6.BROMAD.1,BROMAD,Bromus madritensis,Non-native,Grass,High,Cal IPC,J6,5,J,6,MCL,Drought,rgr_h_FM,NA
J6.BROMAD.1,BROMAD,Bromus madritensis,Non-native,Grass,High,Cal IPC,J6,5,J,6,MCL,Drought,rgr_h_MA,0.04332169878499659
J6.BROMAD.1,BROMAD,Bromus madritensis,Non-native,Grass,High,Cal IPC,J6,5,J,6,MCL,Drought,rgr_h_AM,NA
J6.BROMAD.1,BROMAD,Bromus madritensis,Non-native,Grass,High,Cal IPC,J6,5,J,6,MCL,Drought,rgr_h_MJ,NA
J6.ELYCAP.1,ELYCAP,Elymus caput-medusae,Non-native,Grass,High,Cal IPC,J6,5,J,6,MCL,Drought,rgr_h_FM,0.00381240719217299
J6.ELYCAP.1,ELYCAP,Elymus caput-medusae,Non-native,Grass,High,Cal IPC,J6,5,J,6,MCL,Drought,rgr_h_MA,0.01360368972680767
J6.ELYCAP.1,ELYCAP,Elymus caput-medusae,Non-native,Grass,High,Cal IPC,J6,5,J,6,MCL,Drought,rgr_h_AM,0.04500214311088914
J6.ELYCAP.1,ELYCAP,Elymus caput-medusae,Non-native,Grass,High,Cal IPC,J6,5,J,6,MCL,Drought,rgr_h_MJ,NA
J6.LUPBIC.1,LUPBIC,Lupinus bicolor,Native,Forb,Native,CalFlora,J6,5,J,6,MCL,Drought,rgr_h_FM,0.01621860432432657
J6.LUPBIC.1,LUPBIC,Lupinus bicolor,Native,Forb,Native,CalFlora,J6,5,J,6,MCL,Drought,rgr_h_MA,NA
J6.LUPBIC.1,LUPBIC,Lupinus bicolor,Native,Forb,Native,CalFlora,J6,5,J,6,MCL,Drought,rgr_h_AM,NA
J6.LUPBIC.1,LUPBIC,Lupinus bicolor,Native,Forb,Native,CalFlora,J6,5,J,6,MCL,Drought,rgr_h_MJ,NA
J6.MICCAL.1,MICCAL,Micropus californicus,Native,Forb,Native,CalFlora,J6,5,J,6,MCL,Drought,rgr_h_FM,0.03153829441457081
J6.MICCAL.1,MICCAL,Micropus californicus,Native,Forb,Native,CalFlora,J6,5,J,6,MCL,Drought,rgr_h_MA,0.04538288527849025
J6.MICCAL.1,MICCAL,Micropus californicus,Native,Forb,Native,CalFlora,J6,5,J,6,MCL,Drought,rgr_h_AM,NA
J6.MICCAL.1,MICCAL,Micropus californicus,Native,Forb,Native,CalFlora,J6,5,J,6,MCL,Drought,rgr_h_MJ,NA
J7.AMSMEN.1,AMSMEN,Amsinckia menziesii,Native,Forb,Native,CalFlora,J7,5,J,7,WWP,Drought,rgr_h_FM,0.02043302495063963
J7.AMSMEN.1,AMSMEN,Amsinckia menziesii,Native,Forb,Native,CalFlora,J7,5,J,7,WWP,Drought,rgr_h_MA,0.03434550764491704
J7.AMSMEN.1,AMSMEN,Amsinckia menziesii,Native,Forb,Native,CalFlora,J7,5,J,7,WWP,Drought,rgr_h_AM,NA
J7.AMSMEN.1,AMSMEN,Amsinckia menziesii,Native,Forb,Native,CalFlora,J7,5,J,7,WWP,Drought,rgr_h_MJ,NA
J7.AVEBAR.1,AVEBAR,Avena barbata,Non-native,Grass,Moderate,Cal IPC,J7,5,J,7,WWP,Drought,rgr_h_FM,-0.0077662405776383
J7.AVEBAR.1,AVEBAR,Avena barbata,Non-native,Grass,Moderate,Cal IPC,J7,5,J,7,WWP,Drought,rgr_h_MA,0.05001927136810216
J7.AVEBAR.1,AVEBAR,Avena barbata,Non-native,Grass,Moderate,Cal IPC,J7,5,J,7,WWP,Drought,rgr_h_AM,0.0281717569055008
J7.AVEBAR.1,AVEBAR,Avena barbata,Non-native,Grass,Moderate,Cal IPC,J7,5,J,7,WWP,Drought,rgr_h_MJ,NA
J7.BROARE.1,BROARE,Bromus arenarius,Non-native,Grass,Non-native,CalFlora,J7,5,J,7,WWP,Drought,rgr_h_FM,NA
J7.BROARE.1,BROARE,Bromus arenarius,Non-native,Grass,Non-native,CalFlora,J7,5,J,7,WWP,Drought,rgr_h_MA,0.02078571020614559
J7.BROARE.1,BROARE,Bromus arenarius,Non-native,Grass,Non-native,CalFlora,J7,5,J,7,WWP,Drought,rgr_h_AM,-0.01342867512130673
J7.BROARE.1,BROARE,Bromus arenarius,Non-native,Grass,Non-native,CalFlora,J7,5,J,7,WWP,Drought,rgr_h_MJ,NA
J7.BRODIA.1,BRODIA,Bromus diandrus,Non-native,Grass,Moderate,Cal IPC,J7,5,J,7,WWP,Drought,rgr_h_FM,NA
J7.BRODIA.1,BRODIA,Bromus diandrus,Non-native,Grass,Moderate,Cal IPC,J7,5,J,7,WWP,Drought,rgr_h_MA,0.03471417525213069
J7.BRODIA.1,BRODIA,Bromus diandrus,Non-native,Grass,Moderate,Cal IPC,J7,5,J,7,WWP,Drought,rgr_h_AM,0.01444098498016411
J7.BRODIA.1,BRODIA,Bromus diandrus,Non-native,Grass,Moderate,Cal IPC,J7,5,J,7,WWP,Drought,rgr_h_MJ,NA
J7.BROMAD.1,BROMAD,Bromus madritensis,Non-native,Grass,High,Cal IPC,J7,5,J,7,WWP,Drought,rgr_h_FM,NA
J7.BROMAD.1,BROMAD,Bromus madritensis,Non-native,Grass,High,Cal IPC,J7,5,J,7,WWP,Drought,rgr_h_MA,0.05303624098135452
J7.BROMAD.1,BROMAD,Bromus madritensis,Non-native,Grass,High,Cal IPC,J7,5,J,7,WWP,Drought,rgr_h_AM,NA
J7.BROMAD.1,BROMAD,Bromus madritensis,Non-native,Grass,High,Cal IPC,J7,5,J,7,WWP,Drought,rgr_h_MJ,NA
J7.EROCIC.1,EROCIC,Erodium cicutarium,Non-native,Forb,Non-native,CalFlora,J7,5,J,7,WWP,Drought,rgr_h_FM,NA
J7.EROCIC.1,EROCIC,Erodium cicutarium,Non-native,Forb,Non-native,CalFlora,J7,5,J,7,WWP,Drought,rgr_h_MA,0.04851862570246045
J7.EROCIC.1,EROCIC,Erodium cicutarium,Non-native,Forb,Non-native,CalFlora,J7,5,J,7,WWP,Drought,rgr_h_AM,0.02037592495422455
J7.EROCIC.1,EROCIC,Erodium cicutarium,Non-native,Forb,Non-native,CalFlora,J7,5,J,7,WWP,Drought,rgr_h_MJ,NA
J7.LUPMIC.1,LUPMIC,Lupinus microcarpus,Native,Forb,Native,CalFlora,J7,5,J,7,WWP,Drought,rgr_h_FM,0.02772588722239781
J7.LUPMIC.1,LUPMIC,Lupinus microcarpus,Native,Forb,Native,CalFlora,J7,5,J,7,WWP,Drought,rgr_h_MA,0.04851862570246045
J7.LUPMIC.1,LUPMIC,Lupinus microcarpus,Native,Forb,Native,CalFlora,J7,5,J,7,WWP,Drought,rgr_h_AM,NA
J7.LUPMIC.1,LUPMIC,Lupinus microcarpus,Native,Forb,Native,CalFlora,J7,5,J,7,WWP,Drought,rgr_h_MJ,NA
J8.BRODIA.1,BRODIA,Bromus diandrus,Non-native,Grass,Moderate,Cal IPC,J8,5,J,8,SEDG,Drought,rgr_h_FM,NA
J8.BRODIA.1,BRODIA,Bromus diandrus,Non-native,Grass,Moderate,Cal IPC,J8,5,J,8,SEDG,Drought,rgr_h_MA,0.0180277304513776
J8.BRODIA.1,BRODIA,Bromus diandrus,Non-native,Grass,Moderate,Cal IPC,J8,5,J,8,SEDG,Drought,rgr_h_AM,-0.00969187778762754
J8.BRODIA.1,BRODIA,Bromus diandrus,Non-native,Grass,Moderate,Cal IPC,J8,5,J,8,SEDG,Drought,rgr_h_MJ,NA
J8.BROHOR.1,BROHOR,Bromus hordeaceaus,Non-native,Grass,Limited,Cal IPC,J8,5,J,8,SEDG,Drought,rgr_h_FM,NA
J8.BROHOR.1,BROHOR,Bromus hordeaceaus,Non-native,Grass,Limited,Cal IPC,J8,5,J,8,SEDG,Drought,rgr_h_MA,0.04332169878499659
J8.BROHOR.1,BROHOR,Bromus hordeaceaus,Non-native,Grass,Limited,Cal IPC,J8,5,J,8,SEDG,Drought,rgr_h_AM,NA
J8.BROHOR.1,BROHOR,Bromus hordeaceaus,Non-native,Grass,Limited,Cal IPC,J8,5,J,8,SEDG,Drought,rgr_h_MJ,NA
J8.CORFIL.1,CORFIL,Corethrogyne filaginafolia,Native,Forb,Native,CalFlora,J8,5,J,8,SEDG,Drought,rgr_h_FM,0.03306714292737871
J8.CORFIL.1,CORFIL,Corethrogyne filaginafolia,Native,Forb,Native,CalFlora,J8,5,J,8,SEDG,Drought,rgr_h_MA,0.03560732134963641
J8.CORFIL.1,CORFIL,Corethrogyne filaginafolia,Native,Forb,Native,CalFlora,J8,5,J,8,SEDG,Drought,rgr_h_AM,NA
J8.CORFIL.1,CORFIL,Corethrogyne filaginafolia,Native,Forb,Native,CalFlora,J8,5,J,8,SEDG,Drought,rgr_h_MJ,NA
J8.STIPUL.1,STIPUL,Stipa pulchra,Native,Grass,Native,CalFlora,J8,5,J,8,SEDG,Drought,rgr_h_FM,NA
J8.STIPUL.1,STIPUL,Stipa pulchra,Native,Grass,Native,CalFlora,J8,5,J,8,SEDG,Drought,rgr_h_MA,0.01658213284569282
J8.STIPUL.1,STIPUL,Stipa pulchra,Native,Grass,Native,CalFlora,J8,5,J,8,SEDG,Drought,rgr_h_AM,NA
J8.STIPUL.1,STIPUL,Stipa pulchra,Native,Grass,Native,CalFlora,J8,5,J,8,SEDG,Drought,rgr_h_MJ,NA
