Plant_ID,rgr_h_FM,rgr_h_MA,rgr_h_AM,rgr_h_MJ,rgr_l_FM,rgr_l_MA,rgr_l_AM,rgr_l_MJ,rgr_v_FM,rgr_v_MA,rgr_v_AM,rgr_v_MJ
D3.BROARE.1,NA,0.011215741220707098,0.0019164686524153238,NA,NA,0.0031770059934774922,0.027869503023994022,NA,NA,0.0656250948930128,-0.032334810564574754,NA
E4.BROARE.1,NA,0.008636956666924166,-6.279687633935843e-4,NA,NA,0.0044510464208174175,0.0063755300375488615,NA,NA,0.08112868071639617,-0.00889843145611593,NA
E8.LUPBIC.1,0.02260717941931227,0.038837832397610836,NA,NA,0.05331901388922656,0.0130795196163924,NA,NA,0.09270453049218953,0.06020478471674605,NA,NA
E7.LUPBIC.1,0.04225431879492729,0.05262634900493147,0.004008566251879486,NA,0.03524195122592904,0.04629304920288138,0.01610892540976283,NA,0.09767813651835565,0.1238211296108845,0.015985489388164752,NA
H1.ESCCAL.1,0.04969177551442416,0.04739014158817816,0.02896179343629745,-0.01855589689588995,0.02543410839884743,0.009275463723726451,0.012833250017444937,0.01239686396190054,0.07513897300434838,0.03777988691683342,0.08456595809860785,0.02694201354375409
D8.ESCCAL.1,0.06016309587105097,0.03662040962227032,0.022528557052970192,0.001610418715180664,0.018079404949722298,0.03858175962303476,0.015837672143940298,0.027036403491009872,0.11285515545636855,0.04361109398833927,0.06761801074809054,0.014377542218510817
J1.LUPBIC.1,0.011507282898071236,0.05327337788245079,NA,NA,0.06016309587105097,-0.0036807198642619943,NA,NA,0.04457442582544996,0.11408307004042934,NA,NA
E6.ESCCAL.1,0.0422543187949273,0.059542796467688085,0.005267794210636119,0,0.026659506944613276,0.021186436657711957,0.026196185834153358,0.041394828860592044,0.09891992410683191,0.08400365074933022,0.05399837547639308,0.04863715207521668
I3.ESCCAL.1,0.06636146182326129,0.05383645617940949,0.0048539003610239325,-0.017454093772153186,0.043079659622432626,0.018584597117084156,0.030441791217102453,-0.03850817669777477,0.13518550665647938,0.08683368772201236,0.03736472712386139,-0.019008196663398022
I8.ESCCAL.1,0.05747992544407502,0.03877169366018936,0.019778785761373874,0.005853361980990352,0.07847230633343641,0.00958940241505936,0.017901687197078055,0.04955544662806171,0.11478937664698366,0.07972331733934848,0.05371011128366855,0.04592658739913712
J3.LUPBIC.1,0.027725887222397813,0.061362803942334815,0.015976998982241742,NA,Inf,0.059903831630689415,0.04779296960767585,NA,0.10793923000344238,0.14815608189556212,0.06742270061372421,NA
J7.ESCCAL.1,0.047146199853665846,0.056960773639509486,0.010571421270500847,0.001883419537537851,0.03822045780109746,0.004616156246473333,0.028014779884672124,-0.009171097242191598,0.06788427871370802,0.09725410394939354,0.06730540740464397,-0.02011936430543779
J5.ESCCAL.1,0.04928574725170529,0.027574661881202306,0.02331718689819439,-0.014962940765754674,0.030150872095055216,0.006603409177100214,0.037598386379318637,0.023133009924464185,0.11624480459457218,0.06449336445268347,0.07945410207486234,-0.045253076773394026
J8.ESCCAL.1,0.05821148930427368,0.04171878333538563,0.0105460520107425,-0.020000151890633717,0.026157058696266552,0.016212306044223995,0.02198590338080055,0.013837068684666744,0.11459919788398935,0.0799583643981272,0.040901267194456636,-0.014506103621945796
G1.CLAPUR.1,0.047301195767529905,0.04775819739649165,0.0036145307202776976,NA,0.05595487275445505,0.046193357465237665,-0.02063537872844241,NA,0.11976879661730418,0.12020308272269077,0.024796977229957794,NA
D3.AVEBAR.1,0.022001853476770875,0.06056924257374483,0.03730610520346027,NA,0.09591581091193482,0.01641588283659314,-0.01228682145782317,NA,0.2368273746018774,0.12092592253796992,0.0795065021180188,NA
G7.DANCAL.1,NA,NA,NA,0.00959587141020814,NA,NA,NA,0,NA,NA,NA,-0.038395517091095815
H6.DANCAL.1,NA,NA,NA,0,NA,NA,NA,0,NA,NA,NA,-0.06121846367398319
E3.DANCAL.1,NA,NA,NA,0.012692739832467787,NA,NA,NA,-0.015141161707988463,NA,NA,NA,0.011210062097378492
J2.DANCAL.1,NA,NA,NA,-0.012441514634959508,NA,NA,NA,-0.017709065085327,NA,NA,NA,-0.006242407495149833
E1.DANCAL.1,NA,NA,NA,-0.031901884398437656,NA,NA,NA,-0.021340268847798133,NA,NA,NA,-0.04704304610642613
J5.EROCIC.1,0.08059612082169058,0.0321756067869112,-0.005043853698616772,NA,0.016218604324326584,0.006973235978569053,0.03137885722107989,NA,0.18307854376391638,0.07949892828627958,0.02442639789568496,NA
G3.ESCCAL.1,0.05988058033437503,0.03711849600167643,0.017063754237384272,-0.006141215244434648,0.026868036223713025,0.01021935252819253,0.026680742747306786,0.0504198362169667,0.14267253642561734,0.0410421469788583,0.07763493625461282,0.004494069446069165
E2.BROMAD.1,NA,0.06328429590233772,NA,NA,NA,-0.011825681073338973,NA,NA,NA,0.10050047955147492,NA,NA
F3.LUPBIC.1,0.017487993372981958,0.03443202862452163,NA,NA,0.02166084939249829,0.023901626915860178,NA,NA,0.07348047678635866,0.004243451474387152,NA,NA
J6.BRODIA.1,NA,0.04300762578957466,0.015109832264819113,NA,NA,0.021426765900962125,-0.04351580852100799,NA,NA,0.10131574846835648,0.025832103734003655,NA
F5.EROBOT.1,NA,0.030188577150134486,NA,NA,NA,0,NA,NA,NA,0.05311879451541893,NA,NA
C3.DANCAL.1,NA,NA,NA,-0.017709065085327,NA,NA,NA,-0.021340268847798133,NA,NA,NA,-0.05079373137071512
J3.EROBOT.1,NA,NA,0.04381599377865555,NA,NA,NA,0.00661353758633964,NA,NA,NA,0.09084441492355282,NA
D3.LUPMIC.1,NA,NA,NA,NA,NA,NA,NA,NA,NA,NA,NA,NA
D5.BROARE.1,NA,0.018797848302664642,0.0022969921068086954,NA,NA,0,0.03479897134709356,NA,NA,0.04958687627505718,-0.0070331238451262455,NA
C3.ACMPAR.1,NA,NA,0.026667050747886053,NA,NA,NA,0.0273321890447485,NA,NA,NA,0.04902663721756171,NA
G1.AVEBAR.1,NA,0.043308125494470155,0.048751613954934075,NA,NA,0.008316273402678317,-0.014972125020352414,NA,NA,0.10745368177615292,0.09422890398459395,NA
H7.AVEBAR.1,NA,0.029777618997899838,0.06303091608744837,NA,NA,0.008388821239282756,-0.01801294414804822,NA,NA,0.12743849516531888,0.10965281501550637,NA
I7.BROHOR.1,NA,0.04929217493383124,NA,NA,NA,0.0041728560195163356,NA,NA,NA,0.08693363329432766,NA,NA
G1.BRODIA.1,NA,0.055444501530574626,NA,NA,NA,0.003849363790653183,NA,NA,NA,0.09393034308087869,NA,NA
F2.LUPMIC.1,NA,0.06454490265177901,NA,NA,NA,Inf,NA,NA,NA,0.10996909194946657,NA,NA
E2.BROARE.1,NA,0.014692565355548288,-0.002365494676119647,NA,NA,0.008666014768307116,0.007991168679216133,NA,NA,0.07779002567113066,-0.0044712504513051915,NA
I1.GERDIS.1,0.05960881157163335,0.04987546537818623,NA,NA,0.01740754182391613,0.017487993372981958,NA,NA,0.09335176277372972,0.10858705432248889,NA,NA
B7.BRODIA.1,NA,0.052149039300467714,NA,NA,NA,4.861559397414982e-4,NA,NA,NA,0.1014690155719275,NA,NA
B7.TORARV.1,0.02390162691586018,0.04077336356234972,0.03794676797271525,NA,0,-0.008461237425052377,0.040235947810852504,NA,0.05940574474969322,0.0561630148495423,0.0674842666845622,NA
B7.GERDIS.1,0.050563347199773345,0.01116145946190894,NA,NA,0.01620702169812881,0.03577633306836745,NA,NA,0.11398789925070911,0.059074942019408445,NA,NA
A1.MADGRA.1,0.04780325383172036,0.031559208328126094,0.04321845955931404,NA,0.04151630359744606,0.06624397808297255,0.04446581559562864,NA,0.13030636488581268,0.07046426025378373,0.08199451140234935,NA
A3.CLAPUR.1,0.023901626915860178,0.04605532587104283,-0.010126849984902986,NA,0.039565601821984195,0.023095153092330213,-0.10288276999379242,NA,0.09118394436952078,0.05820004610573306,-0.04820452698144504,NA
B1.CLAPUR.1,0.03294867051818746,0.050909205449354705,-0.006972659371375421,NA,0.039565601821984195,0.03594711760116932,-0.050298936051883396,NA,0.10004902048561205,0.10961663597176605,-0.0057933316041280086,NA
B1.TORARV.1,0.051864737819871526,0.05191735201400323,-0.011879665668976523,NA,0.01761467668158588,-0.007198179074651926,0.009429421118794521,NA,0.08002081374126634,0.11028699866972763,0.008906796564095478,NA
F1.DAUPUS.1,0.02166084939249829,0.043198723051564414,0.048518625702460454,NA,0.015963300742687203,0,0.01896086015813288,NA,0.06476477726136697,0.06273611812920288,0.036939751751709764,NA
F3.DAUPUS.1,0.04332169878499658,0.057180278503570076,0.025642899189351222,NA,0.00899006476411815,-0.00992007146385451,0.0316396533229589,NA,0.09843384229316404,0.10595494188586618,-0.01841113545313765,NA
F8.DAUPUS.1,0.028634085371067347,0.03851362801523982,0.0424441468015814,NA,0.00899006476411815,-0.009280066853283251,0.029217167599558738,NA,0.0671385754114621,0.04779369486852307,0.04021868055545824,NA
H2.CLAPUR.1,0.022359586469675653,0.05011051873981472,0.032004546072345576,NA,0.038837832397610836,0.016218604324326584,-0.005442525641809993,NA,0.06087321448491548,0.09445702372067917,0.07634788211003896,NA
B7.BROHOR.1,NA,0.06116004534352458,NA,NA,NA,-0.0012517533652587082,NA,NA,NA,0.09227152458316734,NA,NA
B7.DAUPUS.1,0.07170488074758054,0.04255644067459781,0.020437125868838293,NA,0.00769460521773137,0,-0.00769460521773137,NA,0.11806361934795057,0.08456189075780515,-0.02790075508481187,NA
B4.BRODIA.1,NA,NA,NA,NA,NA,NA,NA,NA,NA,NA,NA,NA
B4.MADGRA.1,0.03788318236786586,0.06639961717683883,0.028488981709855064,NA,0.03327865158770991,0.05129698550020041,0.014603748852912785,NA,0.1257950848135752,0.10259350885558437,0.05540956154074426,NA
J3.AVEBAR.1,0.016218604324326584,0.017487993372981958,0.06510407312626629,NA,0.08934368886028375,-0.008497928608863808,-0.028485068439135484,NA,0.09377528886690026,0.08109501388120266,0.04817630683528627,NA
J2.BRODIA.1,NA,0.03300164607029105,0.03991729363497446,NA,NA,0.015671242542117284,-0.03920880340414717,NA,NA,0.08252629535652375,0.07823654865895792,NA
I4.AVEBAR.1,NA,0.0481389075295984,0.03323131859330042,NA,NA,-0.0073004640994220465,-0.0015902123903022277,NA,NA,0.08976618274688752,0.05556082425134706,NA
C2.STIPUL.1,NA,0.01901816194892043,0.031007169418207168,-0.05071903003552231,NA,0.01702752079219968,-0.009215116093367367,0.02385088871224495,NA,0.07368769120269239,0.08217348397757653,-0.09450964620890441
D3.ESCCAL.1,0.06818992368953701,-0.01061512437061782,NA,NA,0.010494570578699633,-0.06239340589671971,NA,NA,0.10629625873133819,-0.12912672642026493,NA,NA
E2.LUPMIC.1,0.026659506944613276,0.041020140237028845,0.0167609070634324,NA,0.01106469509429926,0.029827497844365673,0.04633119402512651,NA,0.05860946084994989,0.07111075493883214,0.06669105584594852,NA
I3.LUPMIC.1,NA,NA,NA,NA,NA,NA,NA,NA,NA,NA,NA,NA
I6.GALPAR.1,0.05371704988486693,0.05579921445238905,-0.009889392880686942,NA,0.048606305469128586,0.03662040962227033,-0.02943477739776446,NA,0.1424637159487241,0.13040076684760488,0.047352580456242264,NA
J4.EROCIC.1,0.05197131936521043,-0.021660849392498294,0.030400606811736914,NA,0,-0.03914884276548025,0.017773004629742187,NA,0.12043998982739117,-0.032314805235329314,0.04756549537436842,NA
E2.PHATAN.1A,NA,NA,NA,NA,NA,NA,NA,NA,NA,NA,NA,NA
A4.ESCCAL.1,0.03221755990954598,NA,NA,NA,0.00992007146385451,NA,NA,NA,0.09638143372730482,NA,NA,NA
J8.EROCIC.1,0.04815891217303744,0.04409334292844569,-0.0033346955961076306,NA,0.01880014516982942,0,-0.05331901388922656,NA,0.1059876234366651,0.1000858263418224,-0.018160778003440157,NA
G7.DAUPUS.1,0.04471917293935131,0.061901458170542316,0.06669270129278382,NA,0.0316396533229589,0.018673377530065424,0.0358944596638366,NA,0.09146418140254232,0.14634811099522993,0.09568759888250933,NA
J4.BROARE.1,NA,-0.0015738762635300696,0.007496121841928323,NA,NA,0.025166405082244356,-0.0352041051797895,NA,NA,0.04978568552111637,-0.03775468289102949,NA
A3.EROBOT.1,0.045577787585597225,0.03492968211934501,0.012386556687515097,NA,0.01398155545200566,0.03587182112146716,-0.003952581534032258,NA,0.10323835989093119,0.08210257793203987,0.026508906910817285,NA
E1.ESCCAL.1,0.06190145817054233,0.03242476805014444,NA,NA,0.02260717941931228,-0.009307941788181716,NA,NA,0.1010772112857182,0.028062433396204314,NA,NA
E8.CLAPUR.1,0.02665950694461328,0.054991873943175014,0.008829303520406754,NA,0.0476297781170488,0.023053335025190604,-0.028019915809460068,NA,0.08102090274837029,0.08632822556683101,0.042262378978390455,NA
G6.MADGRA.1,0.03543910608606806,0.04630664632022831,NA,NA,0.04571180708989176,0.06047679387514428,NA,NA,0.25781511752486275,0.10440634162013092,NA,NA
I5.MADGRA.1,0.04474153458912029,0.04620981203732968,0.04842313106777732,NA,0.022450309265084796,0.04887790229311422,0.05144445194291482,NA,0.10009595547846646,0.10828725980223129,0.0677987303141716,NA
I6.MADGRA.1,0.049510512897138946,0.03928849987805487,0.05018760659524688,NA,0.02475525644856948,0.04620981203732968,0.04870653998116711,NA,0.11934583050463385,0.07593405724450805,0.082440624468587,NA
I8.MADGRA.1,0.04574763733793087,0.04430453157599807,0.04335111919288826,NA,0.03612860398851715,0.030543024395805172,0.0544745908620756,NA,0.11136180332807787,0.07545591066384315,0.09480634711417643,NA
I2.ESCCAL.1,0.02244947420630798,0.05599248341337672,0.014525747060980986,-0.01382755818981248,0.04812159200482448,0.00522044014572394,0.03695254775932534,0.05225307521521034,0.10517511203990405,0.06370104743601435,0.07283724565420824,0.01437077843831109
B7.VICSAT.1,-0.006695034980722674,0.06508743924424583,NA,NA,0.012010575664421234,0.028630857226885395,NA,NA,0.03122183840948203,0.13813460742093953,NA,NA
I6.BRODIA.1,NA,0.015066170791435234,0.05176049974023136,NA,NA,0.019018161948920444,-0.03457287096117632,NA,NA,0.07438786651454286,0.0866304828217039,NA
G5.TRIHIR.1,0.061197418867286496,0.0246866879297075,0.02613421779671955,NA,0.03543910608606806,0.007718103671621197,0.0037966837423446835,NA,0.12938590171880804,0.087251292501577,0.06793094924969954,NA
D2.CLAPUR.1,0.032437208648653154,0.05213251794524476,0.012858455419173156,NA,0.0574033810115729,0.054120751580868584,-0.019259857390007566,NA,0.11376002162856169,0.11436185460178354,0.027507361680915412,NA
D6.CLAPUR.1,0.05011051873981472,0.0506608584581471,0.026514711987962524,NA,0.05287023359929277,0.028084152721151532,-0.0031276519714483722,NA,0.10793106757100919,0.09718965219601514,0.06371555512276927,NA
B5.EROBOT.1,0.09100197688328478,0.0437669722185245,0.0239425846675931,NA,0.01761467668158588,0.03279828207703884,0.03680301243301753,NA,0.16014538133389122,0.12654744734232137,0.011049981011101597,NA
C5.EROBOT.1,0.040689344024744806,0.06303886597927344,0.020773526409899094,NA,0.016364176010334772,0.037883182367865864,0.03865767970062041,NA,0.13103144080084894,0.11911198364803334,0.04270640062819305,NA
D1.CLAPUR.1,0.04394449154672439,0.015317744312614671,0.031139592415211057,NA,0.05296208208970677,0.015010522475783893,0.011616610848696892,NA,0.12821811218144238,0.04102136838026992,0.11352792959878069,NA
E1.CLAPUR.1,0.04225431879492729,0.01636417601033479,0.037068920823034465,NA,0.04797915062560287,0.05699718992986824,-0.010057024082827482,NA,0.12324950336215774,0.0743939049284705,0.08072606565966026,NA
E3.CLAPUR.1,0.02665950694461328,0.032632287473499354,0.053285204855909485,NA,0.04756779335188181,0.03935397244104441,0.0024586967082628947,NA,0.09152100515885285,0.08936826532861873,0.11246291664213434,NA
F1.CLAPUR.1,0.02166084939249829,0.050563347199773345,0.02816954586328486,NA,0.03964097892073459,0.0354013375532076,0.00103140516180792,NA,0.08015466742067302,0.128806878267201,0.06371555512276923,NA
D4.CLAPUR.1,0.027725887222397817,0.054380560638429186,0.021884354631669867,NA,0.05607194190623423,0.04595241050086602,-0.001747760293101604,NA,0.07783640596221254,0.10640215224725144,0.08654385778322671,NA
B2.CLAPUR.1,0.05772332529557488,0.0419123543267826,0.015006620988429756,NA,0.0362007629137475,0.05806639587234678,-0.008954497173981748,NA,0.12616153628165405,0.06223094640743539,0.04138235688743486,NA
C3.CLAPUR.1,0.04225431879492729,0.023104906018664845,0.04469710887191,NA,0.05331901388922655,0.05248193978460248,0.005426733965050857,NA,0.11295737590504068,0.12947014719145997,0.0828264862488822,NA
A8.CLAPUR.1,0.02390162691586018,0.06003034754141162,0.02708518979677155,NA,0.0370522323134155,0.037644090633241,0.008572229755742863,NA,0.0892332425940589,0.08399023721752773,0.04834662867706256,NA
B5.CLAPUR.1,0.0694794145014574,0.042900441844103424,0.008629766407680008,NA,0.032150926538819985,0.04512786650232442,-0.0074028125103425945,NA,0.13044176806717725,0.0752505758669906,0.05090090613338072,NA
I6.CLAPUR.1,0.049510512897138946,0.05013591322587581,0.0027015516835340084,NA,0.05331800343493388,0.04181222726924476,-0.05172589129673922,NA,0.15033473154578797,0.14286535504984352,-0.05142805337069115,NA
F4.CLAPUR.1,0.021660849392498294,0.06364919622408036,0.009010202226612534,NA,0.040194090705090876,0.05063307979911016,0.002159736769942382,NA,0.08274490678960326,0.14898216716686422,0.023493760140768132,NA
H6.CLAPUR.1,0.048518625702460454,0.027725887222397817,0.048595857675370877,NA,0.0567050941145927,0.02840966455676984,0.002681718293551596,NA,0.12031294995594166,0.0957116544352078,0.08399539371536545,NA
I2.EROCIC.1,0.08528092937014983,0.055992483413376724,0.0023827544951081194,NA,0.027479160915902856,0.044057026829065135,0.04075380292054161,NA,0.15738708953411162,0.1482020745221178,0.021715064988517517,NA
A2.EROCIC.1,0.0332786515877099,0.05524278826461088,0.003325072392526497,NA,0.02645707423150576,0.04460050104721373,0.04642832193514112,NA,0.11362082118055913,0.12429370590943664,0.012664101868785848,NA
B3.ESCCAL.1,0.023901626915860195,0.04779369486852307,0.003977478206265869,-0.017425419936391216,0.022132892626634287,0.03917561626429778,0.05508245740812451,-0.0023681564700979646,0.080107918007782,0.08637740343384681,0.040936513887078974,-0.021375193363265075
I7.CLAPUR.1,0.013553200775175134,0.06579428212759676,0.01975371644710251,NA,0.0447415345891203,0.04064315133893315,0.00977623132825154,NA,0.07690397822308184,0.07464262329279645,0.0468699896596372,NA
J8.CENMEL.1,0.055451774444795626,0.030650914156616443,0.04633886949807594,NA,0.017673310091161555,0.01934497526269449,0.09329902194651514,NA,0.1306409041317561,0.049741822979209344,0.10044314620205072,NA
J5.CENMEL.1,0.07783640596221253,0.0041728560195163356,0.05542685663053742,NA,0.01942031263126804,0.030044098973582026,0.08998464848624817,NA,0.16616738250312468,0.013996998652267667,0.11939580341040187,NA
H7.CLAPUR.1,0.04667480590117178,0.05175684163955502,0.02372517177510017,NA,0.06119741886728648,0.05206212530659201,0.026740052198379768,NA,0.08996259653268515,0.147161230059611,0.06891294265090282,NA
F5.CLAPUR.1,0.03578538450946883,0.056119186825406155,0.026595983135687635,NA,0.03858576446852156,0.06780953195299276,0.021331101065326263,NA,0.09958854743749973,0.11877702397065945,0.07555861146605786,NA
A5.CLAPUR.1,0.05634932844911972,0.05035473760545022,0.006230369151671147,NA,0.04732096962569486,0.07709543888942003,0.0019879654538872654,NA,0.1359452979011433,0.12230555801818675,0.05296563926513792,NA
B7.CLAPUR.1,0.029827497844365676,0.054207434223988396,0.012470839445775083,NA,0.05738492455597748,0.05264073926248052,0.002214961601681948,NA,0.10520956725068133,0.1187940995737157,0.034494873024072024,NA
H4.CLAPUR.1,0.05540811280884946,0.042905472090593956,0.01774715503978329,NA,0.06530263756441318,0.036500400361369964,0.019448065522699908,NA,0.13294233894865745,0.10324395189435787,0.0546017220571329,NA
J6.CLAPUR.1,0.05054768156110232,0.04047883071606763,0.014189466452917488,NA,0.06539667990940341,0.052750880844603804,0.01289850785141339,NA,0.11586409230587204,0.0991745171614265,0.06145768047608268,NA
E7.CLAPUR.1,0.0440435501655001,0.05363057218542093,0.029379769358568463,NA,0.06521598494904433,0.05804437587978593,0.023220274871238636,NA,0.12594554871375,0.11867985335539724,0.08072776730597969,NA
G5.CLAPUR.1,0.05262634900493147,0.04253202064006142,0.011929302968108712,NA,0.077534226139808,0.06146439053014559,0.001280903747442319,NA,0.14334567119549105,0.10143611425338209,0.04483089961092346,NA
G2.CLAPUR.1,0.05306954822697354,0.04465213150931713,0.017052433609334006,NA,0.07104072165697342,0.06455245307697298,0.02495087446382165,NA,0.145168417390329,0.10824654681127388,0.06843311569831503,NA
J3.CLAPUR.1,0.058653482751737075,0.053491148798578705,0.0219170328707116,NA,0.07339726564373056,0.06590412406845439,0.022807383770428125,NA,0.1535565813443003,0.11346773948425531,0.030066282666036347,NA
A1.ESCCAL.1,NA,0.04104683826682758,0.023068040555111136,-0.004446817092974243,NA,0.0018371097520131824,0.027950759363130285,0.036329248189259124,NA,0.1039103266833279,0.07608619653146036,0.006440607682708056
A1.HYPGLA.1,0.07939948596531193,0.02318554202279304,0.0547221458336799,NA,0.015585693922174394,0.015389890159306058,0.007570580853994243,NA,0.1796105244089086,0.06995197349192783,0.11819999575868825,NA
A3.BRODIA.1,NA,0.03452831161176863,NA,NA,NA,0.016167182877820034,NA,NA,NA,0.10812863728194544,NA,NA
A3.BROHOR.1,NA,0.05281725166844312,NA,NA,NA,0,NA,NA,NA,0.0890010088781341,NA,NA
A3.DAUPUS.1,0.04780325383172037,0.06071908242254969,0.02474907490408156,NA,0.023901626915860178,0.027766385814368338,0.010003486415011276,NA,0.11664993941358477,0.09334394053325883,0.0399823668448598,NA
A3.LUPBIC.1,0.020268505686279966,0.04443445663010384,NA,NA,0.030188577150134486,0.04137093793703206,NA,NA,0.06913285119616426,0.10134351552219785,NA,NA
A6.EROCIC.1,0.05549785904945173,0.03796251419682934,0.01919787260807066,NA,0.019673960636814238,0.018960784841345838,0.0186522116420148,NA,0.13443000134563593,0.05019020777188697,0.09165513508906027,NA
A6.ESCCAL.1,0.02796311090401134,0.04668015275597421,0.017916941949253484,-0.01908185733778869,0.0106949975277186,0.007163296304976673,0.04126702177420374,0.01885300461089454,0.0853253568938174,0.048196592528274164,0.11807693608223555,-0.013766604843223106
A7.CALMEN.1,0.023901626915860185,0.021004460016968037,NA,NA,0.027963110904011337,0.019860813714457526,NA,NA,0.08075192434990783,0.07606740781128152,NA,NA
A8.TRIHIR.1,0.03788318236786586,0.04324595017091351,0.026111312735874193,NA,0.04219915281455572,0.04877084583133638,0.008154088664004973,NA,0.08008979172015646,0.13719551823061424,0.06223150618278127,NA
B1.LUPBIC.1,0.03591220258028141,0.04996171905218276,NA,NA,0.04319872305156441,0.011505643352862338,NA,NA,0.04821133857816875,0.09611481981639969,NA,NA
B3.CALMEN.1,NA,NA,NA,NA,NA,NA,NA,NA,NA,NA,NA,NA
B4.GALPAR.1,0.051864737819871526,0.05119242118006587,0.005741953733735422,NA,0.05878441697373879,0.030330450738601557,0.0015013841896937368,NA,0.14118429524903794,0.13401533015823394,0.05364672185002838,NA
B4.HYPGLA.1,0.05549785904945173,0.07158720916306434,0.032595513623977015,NA,0.027963110904011337,0.011862089681461858,-0.005476258982001516,NA,0.10529640461824474,0.10918244486609531,0.08678379806899028,NA
B6.CALMEN.1,0.009920071463854515,0.04077336356234972,NA,NA,0.013981555452005676,-0.011925444356122488,NA,NA,0.07170488074758055,0.07898756897794564,NA,NA
B6.EROCIC.1,0.05981382949614159,0.05211637770387868,0.015468070129003133,NA,0.036714163344566494,0.042971114921053745,0.027616369591508875,NA,0.15734389576856175,0.14622814421172958,0.027153014229477638,NA
C2.CALMEN.1,NA,0.023104906018664842,NA,NA,NA,0.0074381183771403386,NA,NA,NA,0.04620981203732969,NA,NA
C3.ESCCAL.1,0.061901458170542316,0.021395129539079835,0.020562846914480334,0.09492738169608009,0.01106469509429926,-0.00958940241505936,0.04561996525635935,0.04694795681032154,0.1455200369695625,0.05676610271952549,0.07372047423256556,0.11487458788490951
C7.ESCCAL.1,0.06313881823105279,NA,NA,NA,0.027069907723807126,NA,NA,NA,0.1385702773480512,NA,NA,NA
C7.LUPMIC.1,0.02292737808911938,0.048460088141054666,0.020391875838715004,NA,0.07701635339554948,0.010981163142018446,0.06977647428038093,NA,0.07481230996100986,0.09238875686287693,0.08131576735948992,NA
C7.PHATAN.1,NA,0.04557778758559722,NA,NA,NA,0,NA,NA,NA,0.029217167599558756,NA,NA
E3.HYPGLA.1,0.06891382573954058,-0.013981555452005669,0.09572595157174699,NA,0.02152368415136241,-0.002555447315645575,-0.006904322749144496,NA,0.12855218775535468,-0.0035126751844994347,0.12598662481005385,NA
E6.MICCAL.1,0.03071183446991429,0.05318253630927038,NA,NA,0.05456383252392008,0.02337089388529101,NA,NA,0.10312457475582895,0.07600627559998152,NA,NA
E7.EROBOT.1,0.0422543187949273,0.020986695681972558,0.034087436392478,NA,0.01106469509429926,-0.004307464278210404,0.003513984016434803,NA,0.07825790953224786,0.016224244107583375,0.08522715658603737,NA
E7.PLAERE.1,0.02260717941931227,0.031639653322958906,NA,NA,0.010090933248749647,0.012241600700158178,NA,NA,0.06486149821423956,0.08943834587870263,NA,NA
E7.TRIHIR.1,0.03118962370062803,0.044719172939351313,0.00489440720639393,NA,0.026659506944613276,0.02790314314472918,0.006693581602481959,NA,0.09605112191486759,0.12207063335220197,0.042483828706689826,NA
E8.VICSAT.1,0.019093726396688118,0.041784599448844,NA,NA,0.04225431879492729,0.01102417076522763,NA,NA,0.07572604608257624,0.13198199363110127,NA,NA
F7.LUPMIC.1,0.02735839804230937,0.035439106086068053,0.021182446509680097,NA,0.017487993372981958,0.01458016528203411,0.05640162693397881,NA,0.0782976855309605,0.055573116056164606,0.06989259627510842,NA
H5.VICSAT.1,0.007198179074651926,0.06437751649736402,NA,NA,0.032632287473499354,0.01662061775846663,NA,NA,0.06692906974591398,0.1441889733954923,NA,NA
H6.HYPGLA.1,0.035439106086068053,0.06695905734286686,0.05693168212524389,NA,0.030822949839594726,-0.014708991205012687,0.00719205181129452,NA,0.11337180861190835,0.09702580743005092,0.0979244781151833,NA
I1.BRODIA.1,NA,0.03664750815068224,0.009907637331631457,NA,NA,0.004367560699223713,-0.03732596518614152,NA,NA,0.10976670923700729,-0.022568719014319536,NA
I1.CLAPUR.1,0.038572365734376335,0.05208113519606403,5.783922820730382e-4,NA,0.03829902842705698,0.05493305992351169,-0.03014946840858146,NA,0.07306048959985433,0.10361355660932717,0.033431670358303814,NA
I1.MADGRA.1,0.05299059717373053,0.03693730930022378,NA,NA,0.023281802200828677,0.0595959473668453,NA,NA,0.11797820253750145,0.05790001090289065,NA,NA
I2.CALMEN.1,0.04639862846279141,0.03717450208980738,NA,NA,0.04186522174009962,0.008744965468461097,NA,NA,0.11623755281601794,0.10386342945589139,NA,NA
I2.MICCAL.1,0.034980059586698205,0.04417791672837515,NA,NA,0.04841322372448767,0.036001878847235075,NA,NA,0.10802981536904888,0.09621675277846634,NA,NA
I3.PHATAN.1,0.04639862846279141,NA,NA,NA,0.027917474162088163,NA,NA,NA,0.12046329497985943,NA,NA,NA
I4.CLAPUR.1,0.05960881157163334,0.04088540061406808,-0.003820579206434153,NA,0.041453021328549826,0.02824907023394109,-0.004754474440933728,NA,0.1299673599326539,0.11387875492588684,-0.00957584754017094,NA
I5.CLAPUR.1,0.047205565713654266,0.032694308433724215,NA,NA,0.04901100425518396,0.011748021326664807,NA,NA,0.09864705079901735,0.0909523945607669,NA,NA
I6.ACMPAR.1,0.03272466899550554,0.038771693660189364,0.015389210435462746,NA,-0.015385104146159076,0.012649654056830117,-0.05372912476022585,NA,0.05747992544407502,0.04904840564867326,-0.01551037661821435,NA
J1.CLAPUR.1,0.027725887222397817,0.045823033399794585,0.01731090397498712,NA,0.03822045780109745,0.020435202106458245,-0.0198370047318973,NA,0.07515083384870738,0.08939689493630515,0.05095127587895795,NA
J2.ESCCAL.1,0.03665162927496621,0.03217560678691119,0.031053596720379495,0.02446176885768514,0.01942031263126804,0.03351990007077653,0.029053806788186653,0.03610279860036784,0.1083220080440884,0.0684697689715093,0.0975152578830556,0.027907557867177246
J6.TRIHIR.1,0.03923317012046905,0.039148842765480245,0.018991935463368477,NA,0.016218604324326577,0.04060259325407066,0.003117887109997183,NA,0.10361068661783308,0.12184180518373408,0.04632137679590832,NA
J8.CALMEN.1,0.04580529217212011,0.040343255666111424,NA,NA,0.03331636491740417,0.04804170682914863,NA,NA,0.06473899339257012,0.10457910633737394,NA,NA
E5.CALMEN.1,0.03840495500427413,0.04206633106073931,NA,NA,0.04455809347112224,0.031309765200899856,NA,NA,0.06846488338519714,0.11337180861190833,NA,NA
E6.CALMEN.1,0.05331901388922656,0.01805212219146525,NA,NA,0.029313078924880647,0,NA,NA,0.10680934894573699,0.0647522186188373,NA,NA
F2.LUPSUC.1,0.021660849392498294,0.03443202862452163,0.03247757223919313,NA,0.02166084939249829,0.03159623213359156,0.013079519616392392,NA,0.06917348345698901,0.08600077528262103,0.0436891564498616,NA
G4.EROCIC.1,0.04263728516071998,0.03675044019336294,0.019910667242871865,NA,0,0.026659506944613283,0.05802136739527715,NA,0.08992236398336495,0.10159271244446208,0.10726011359516752,NA
G4.PHATAN.1,0.048518625702460454,0.079440588450196,NA,NA,0.004972602575072847,0.02073063464356489,NA,NA,0.11222500266789805,0.10714541543534559,NA,NA
G5.EROBOT.1,NA,0.06475176479183932,0.03200454607234557,NA,NA,0.02853605172036066,0.031263787587557816,NA,NA,0.1085036630268372,0.052861585153748246,NA
G7.HYPGLA.1,0.0130795196163924,0.09337493215184814,0.038058327422566526,NA,0.0261590392327848,0.02212939018859854,-0.008467735560784022,NA,0.0697191151003276,0.12226178201741676,0.09250001706345187,NA
G8.CLAPUR.1,0.03543910608606806,0.052235518621276705,0.02218257987502257,NA,0.06390327318924463,0.023911085252992324,-0.006282860707022653,NA,0.10732546482285268,0.07549460412958026,0.024005249145224748,NA
H1.EROCIC.1,0.06277129513081656,0.06244702105484833,0.013657191188337203,NA,0.009280066853283251,0.028991223168322325,0.027518350059715674,NA,0.13159415845178787,0.12200094497206876,0.06454248967332181,NA
D3.BROMAD.1,NA,0.034715129160938704,NA,NA,NA,-0.006689023182071704,NA,NA,NA,0.06931471805599454,NA,NA
E5.AVEFAT.1,NA,0.047712132082930854,NA,NA,NA,0.004195262201554775,NA,NA,NA,0.08539881372347127,NA,NA
E5.BROHOR.1,NA,0,NA,NA,NA,0.017117040356844204,NA,NA,NA,0.031013263456600788,NA,NA
J4.PHATAN.1,0.058653482751737075,0.053491148798578705,NA,NA,0.0053412557049809005,-0.00899006476411815,NA,NA,0.12782304724160592,0.03763965497301289,NA,NA
J8.BROMAD.1,NA,0.04779360014876763,NA,NA,NA,0,NA,NA,NA,0.07601792261069454,NA,NA
J8.MICCAL.1,0.03440805060892446,0.04391695487783079,NA,NA,0.050707544748481756,0.030213844094905823,NA,NA,0.09407424568003313,0.07518670113745285,NA,NA
E5.ESCCAL.1,0.039600746814659936,0.029557765544327583,0.03626833943811761,0.0037299612687571562,0.010090933248749647,0.004616156246473333,0.029284548733534574,0.05609248903620075,0.04955053664460337,0.02470354132051158,0.10755140426877521,0.051146062970708485
J7.PHATAN.1,0.006500757179910996,0.06456387097452014,NA,NA,0.004711321426255352,0.003398726311542785,NA,NA,0.06327652956176041,0.035420206938601595,NA,NA
A3.VICSAT.1,0.007694605217731384,0.06105766728915952,NA,NA,0.01281253642870632,0.028386947370233215,NA,NA,0.056427369738711354,0.12402495907216346,NA,NA
A4.BRODIA.1,NA,0.04235133079920679,NA,NA,NA,-0.006080930165519744,NA,NA,NA,0.10769076845085668,NA,NA
A6.BROHOR.1,NA,0.04709357022275562,0.032536477869465334,NA,NA,0,-0.04603451954249448,NA,NA,0.06032743845343043,0.10564901360050294,NA
A6.MICCAL.1,0.02390162691586018,0.0584209588955344,NA,NA,0.04948567328583871,0.05705246204344793,NA,NA,0.10774362570334342,0.11433756962823262,NA,NA
A6.STIPUL.1,NA,0.0332912814747912,0.018733707582701226,-0.005608715983637304,NA,0.021004460016968048,-0.0060309067922759505,0.015164463386596902,NA,0.06598248333454668,0.0535530036032333,0.03967586924788864
A7.BROHOR.1,NA,0.034491558386762294,0.03593189013926365,NA,NA,0.005524895660422875,-0.04248771314802181,NA,NA,0.09367972358485092,0.06439295566930238,NA
A7.MICCAL.1,0.029217167599558738,0.042809927823880184,NA,NA,0.046518033321470996,0.02977000851542561,NA,NA,0.09898274771531598,0.09939605359339719,NA,NA
A8.LUPBIC.1,0.019297096135704232,0.040906870210576235,NA,NA,0.0106949975277186,0.026529355677390905,NA,NA,0.08290089043272436,0.09508259954427194,NA,NA
A8.MICCAL.1,0.034882790057878615,0.04618418374190738,NA,NA,0.03537423911674765,0.011709603428408174,NA,NA,0.09038064910733036,0.05490182230105227,NA,NA
A8.PLAERE.1,0.026661720283913157,0.027296561979945146,NA,NA,0.006695034980722681,0.006403305868703238,NA,NA,0.05216748566994206,0.04898201762879376,NA,NA
B2.BROMAD.1,NA,0.045444103773288676,NA,NA,NA,-0.009280066853283251,NA,NA,NA,0.09016327671263998,NA,NA
B3.BROHOR.1,NA,0.046463276851295685,NA,NA,NA,-0.01738698389460281,NA,NA,NA,0.08513646692896538,NA,NA
B4.ESCCAL.1,0.031596232133591556,0.049691775514424164,-0.011054895431692807,0.04561003067054611,0.017118513321168663,0.028705079832451613,0.014042114907288334,-0.00702689706161778,0.09807525432506173,0.11130161549905045,0.009711661997091255,0.03010029199045356
B5.BROHOR.1,NA,0.05937696823127651,-0.0164389755686732,NA,NA,-0.009366286209368675,-0.003815182646414929,NA,NA,0.04688261320329722,0.12716500959224739,NA
B5.LUPBIC.1,0.036200762913747506,0.05066960581591481,0.007961343277963374,NA,0.027963110904011344,0.03994480835744688,0.02097752732957564,NA,0.10766534471939379,0.12095185493308176,0.004235453798951161,NA
B5.PLAERE.1,0.023901626915860178,0.026949727408063385,NA,NA,0.032052964090488814,0.024698548669171212,NA,NA,0.0671987316564731,0.049516055429053595,NA,NA
B6.BROHOR.1,NA,0.041499616873831247,NA,NA,NA,0.01523362033926043,NA,NA,NA,0.10127584902289613,NA,NA
B6.BROMAD.1,NA,0.05662620181919346,NA,NA,NA,-0.006107040140536613,NA,NA,NA,0.09147738923556424,NA,NA
B6.ESCCAL.1,0.023901626915860185,0.038696376291351094,NA,NA,0.021930647128275745,-0.0017830771122480887,NA,NA,0.07782564869096004,0.068591088000599,NA,NA
B6.MICCAL.1,0.03974756930822019,0.05164827607723459,NA,NA,0.05843433519911751,0.028356135477195524,NA,NA,0.11145245005580076,0.07603884533854413,NA,NA
C4.GERDIS.1,0.0922267412614758,0.054838533167872655,NA,NA,0.01106469509429926,0,NA,NA,0.17731577291762232,0.054270484306044274,NA,NA
D2.VICSAT.1,0.01918292321047545,0.035545047548329614,NA,NA,0.03389191441548814,0.012712251884303472,NA,NA,0.09141725895477773,0.11448248469715291,NA,NA
D7.BROMAD.1,NA,0.049386818030807196,NA,NA,NA,0,NA,NA,NA,0.04999845598641374,NA,NA
D8.STIPUL.1,NA,0.04938681803080718,0.022666876535148435,-0.0031804247806044555,NA,0.01351550360360548,0.00965393114543249,-0.006928413862140224,NA,0.035211226850662386,0.0808593683272376,0.021749825029769684
E5.STIPUL.1,NA,0.043546023127387604,0.01438410362258905,0.012137437235166386,NA,0.005881340541740473,0.010136627702704116,-0.034575686170712897,NA,0.030466503510995196,0.02157615543388358,0.12148442382726543
E6.BROHOR.1,NA,0.050722472282379076,-0.0022420461554712875,NA,NA,0.007002080814123475,0.011816066238308106,NA,NA,0.08558522347075602,-0.013049668408352894,NA
G8.VICSAT.1,0.01738698389460281,0.04225431879492729,NA,NA,0.032040379774525264,0.006534578338284516,NA,NA,0.0941981908461237,0.07743468227597276,NA,NA
I2.BROHOR.1,NA,0.06244049694455887,NA,NA,NA,0.00899006476411815,NA,NA,NA,0.06653513014475901,NA,NA
I3.BROARE.1,NA,0.015963300742687217,-0.0035443613905708255,NA,NA,0.010884584195881744,-0.005547314698313079,NA,NA,0.06022556300134879,-0.0448175976546813,NA
I3.EROCIC.1,0.029574359119176732,0.042928611841032194,0.0021224860946621573,NA,0.018919467546888537,0.03142255830006556,0.019932185995313545,NA,0.10573924887677437,0.13309081181459992,0.0054607709102752365,NA
I7.BROMAD.1,NA,0.03433163402087843,NA,NA,NA,-0.008198883264609089,NA,NA,NA,0.054085111832552685,NA,NA
I7.LUPBIC.1,0.010274359730420747,0.06603338229555278,0.010461110947234417,NA,0.012016865593614747,0.027555952439482265,0.014159693041587929,NA,0.0047027794276857104,0.15013764438249272,0.038646113256958624,NA
J3.BROMAD.1,NA,0.045382885278490256,NA,NA,NA,-0.008198883264609103,NA,NA,NA,0.06318814025972277,NA,NA
J5.AVEFAT.1,0.02514434637689497,0.054813098163912735,-0.003979878850335955,NA,0.022384631517416907,0.03433163402087843,-0.006403305868703238,NA,0.1366120795137479,0.12091337208698982,-0.006721003400495074,NA
J5.BROHOR.1,NA,0.03717450208980739,NA,NA,NA,0.004471901363771041,NA,NA,NA,0.057775927992440634,NA,NA
J6.AVEBAR.1,0.016218604324326567,0.050104964573678704,0.034968557083371946,NA,0.09094390224483175,0.011420617921702042,-0.011523480584230502,NA,0.09405501028653909,0.11090469021905486,0.04910215279027731,NA
J6.PLAERE.1,0.021559860029307484,0.02863408537106734,NA,NA,0.016218604324326577,-0.012670784628380137,NA,NA,0.12988186807339588,0.06415796207833253,NA,NA
F3.EROBOT.1,0.04582303339979459,0.01653700276765125,0.03610284830021793,NA,0,0.03443202862452162,0.051319332364941864,NA,0.11777881755585852,0.061225682865120375,0.09118502010051208,NA
F3.VICSAT.1,0.017487993372981958,0.04102014023702885,NA,NA,0.03280694139058368,-8.730278615272397e-4,NA,NA,0.0782976855309605,0.04891122894147188,NA,NA
F4.BROMAD.1,NA,0.039973686568432566,NA,NA,NA,0.009127329456106281,NA,NA,NA,0.07588588914871398,NA,NA
G1.VICSAT.1,0.02168044423748752,0.029422035197353875,NA,NA,0.03082294983959472,-0.008829786217096154,NA,NA,0.09075160991279986,0.08963429206271016,NA,NA
G2.LUPBIC.1,0.03204037977452527,0.03772420203891254,0.014096181478379434,NA,0.018703822427514262,0.027421146456004814,0.01589057870039381,NA,0.11221785431643853,0.10753133900264232,0.010803060815667473,NA
G4.BROARE.1,NA,0.01245334911899605,0.005683659698280018,NA,NA,0.02230071135588239,0.024979970311441405,NA,NA,0.05011444771723707,0.008171283977566316,NA
H3.BROARE.1,NA,0.006974135485791102,0.003448112168589587,NA,NA,0.01301689601738511,0.008644843867685159,NA,NA,0.0530813158833265,-0.0113732235907073,NA
I6.HYPGLA.1,0.0392361531667182,0.10574942617661633,-0.018094108829223406,NA,0.015547073973494483,0.029345290754936394,-0.020240344408891255,NA,0.10799654109002454,0.1354891988531195,0.017384278754918128,NA
D8.CALMEN.1,0.0366516292749662,NA,NA,NA,0.047039958091341184,NA,NA,NA,0.10556229318461036,NA,NA,NA
A5.EROBOT.1,0.05549785904945173,0.04815864257929034,NA,NA,0.01984014292770902,0.053978429374568475,NA,NA,0.13526614808775497,0.11849607809364668,NA,NA
E5.CORFIL.1,0.059247886190274955,0.06590560959706326,-0.020992380889361395,0.031133369363517734,0.026659506944613283,-0.026667050747886063,0.02952423475658814,0.021676160669737047,0.08957316928120843,0.08179194782602435,-0.0027486086120045755,-0.013234372711346037
G4.MIRMUL.1,NA,NA,NA,NA,NA,NA,NA,NA,NA,NA,NA,NA
J1.GERDIS.1,0.04652603239222723,0.02446122935155102,NA,NA,0.013458889464848517,0.03578538450946884,NA,NA,0.08808684005086179,0.07508339223596963,NA,NA
I8.ACMPAR.1,0.049510512897138946,0.03928849987805486,0.023901626915860185,NA,-0.020992380889361402,0.011215741220707098,0.018586086232161625,NA,0.06775428517449576,0.07239689231173099,0.04780325383172037,NA
A1.ACMPAR.1,0.0671003499674246,0.010808331634507036,0.044741534589120294,NA,-0.007525985035173027,0.03125333520178613,NA,NA,0.14509218094927948,0.05724702470414254,0.1009860512914232,NA
B4.AIRCAR.1,0.04064327573591883,0.024750166216569905,0.022930540569656332,NA,0.011602490917972861,-0.01085394311681332,-Inf,NA,0.0546248311879245,0.041228412144505094,0.05375349040925106,NA
F2.AMSMEN.1,0.01596330074268721,NA,NA,NA,0.004817208744601821,NA,NA,NA,0.08462656878444406,NA,NA,NA
E7.BRODIA.1,NA,NA,0.03531463308773008,NA,NA,NA,-0.028440801498082254,NA,NA,NA,0.06475278271130668,NA
E7.AVEBAR.1,-0.01045898905706315,0.0361042443829305,0.07062896878668914,NA,0.08154859754615734,0.016348954915111364,-0.01659513929965779,NA,0.030299374340569063,0.12899654396678736,0.0899022806720352,NA
I8.BRODIA.1,NA,0.025303504945058095,0.04268102776336168,NA,NA,0.012855416027066132,-0.04092237115215609,NA,NA,0.06464224346613197,0.07069401445420233,NA
B2.AVEBAR.1,NA,0.018146032198157448,0.04657997758971203,NA,NA,0.026596231697452642,-0.021944361293051735,NA,NA,0.04794634072358274,0.04447336435661464,NA
C1.AVEBAR.1,NA,0.03842265033127951,0.04035056707209004,NA,NA,0.05882435989467119,-0.02737871231351962,NA,NA,0.13068067299550776,0.038696099728343265,NA
I1.AVEBAR.1,-0.002555291536553757,0.06048917652775388,0.0188301405619295,NA,0.09499812435042729,-0.0020702932981625233,-0.006262411683607978,NA,0.13780972222099952,0.09872523432541147,0.027080833128142193,NA
E4.AVEBAR.1,NA,0.06931471805599453,0.03516483984280646,NA,NA,0.01514184240925321,0.0018105262646892102,NA,NA,0.1475209124533696,0.0461047863825175,NA
G4.AVEBAR.1,NA,0.02811105802087663,0.059747236268388355,NA,NA,0,0.0029897406720101514,NA,NA,0.10463356619618333,0.09561740302476832,NA
E2.AVEBAR.1,-0.008582444281315759,0.04921090881517744,0.053567839312530334,NA,0.08305708651359126,0.013085849024307018,0.008406842085655418,NA,0.10499161698959807,0.1327765795058742,0.06146721261532925,NA
A8.AVEBAR.1,NA,0.07640225133208713,0.01605638069344885,NA,NA,-0.0031927428987219967,-0.03231212613729735,NA,NA,0.1355383221655808,-0.030379356136554587,NA
J8.AVEFAT.1,0.005864138967675014,NA,NA,NA,0.05545177444479561,NA,NA,NA,0.08691202005411597,NA,NA,NA
D6.AVEBAR.1,-0.010052577131236253,0.04243218919376291,0.028954892273558675,NA,0.09129529542706105,-0.002838593611343561,-0.013314141205571076,NA,0.095583858799347,0.10532047869438248,0.06795011294471717,NA
J1.AVEBAR.1,NA,0.04434638074821505,0.038101838719515065,NA,NA,0,0.009045242077454442,NA,NA,0.16275807783621782,0.03638510189095809,NA
C5.LUPBIC.1,NA,NA,NA,NA,NA,NA,NA,NA,NA,NA,NA,NA
F4.LUPBIC.1,NA,0.028506157696016127,0.01723616283873093,NA,NA,0.04151630359744606,0.03581136658991129,NA,NA,0.10507581769393827,0.05842998803382186,NA
C1.LUPBIC.1,0.013981555452005669,0.03783266442796615,NA,NA,0.023901626915860178,0.005138355994241942,NA,NA,0.07276597242574447,0.05330951803233607,NA,NA
D2.TRIHIR.1,0.07783640596221254,0.03817107681010009,0.01079780484025809,NA,0.030485602081875875,0.019592888830070637,0.01386007981642552,NA,0.11891901145725498,0.11644046237963848,0.06373359810608238,NA
F8.LUPBIC.1,0.04332169878499658,0.026159039232784804,NA,NA,0,0.04471917293935131,NA,NA,0.10299490206263529,0.06707875940902698,NA,NA
A5.BRODIA.1,NA,0.047071165023728996,0.005932553279378412,NA,NA,-0.0036553935693519612,-0.027300327000783893,NA,NA,0.13045102299469713,0.021973634285246086,NA
B2.EROBOT.1,0.04151630359744606,0.05060051348109179,NA,NA,0.027963110904011337,0.01753598214803167,NA,NA,0.12654339354024682,0.09225900024722698,NA,NA
F5.LUPBIC.1,0.02166084939249829,0.03788318236786585,NA,NA,0,-0.013981555452005669,NA,NA,0.03850449004039476,0.02335858012385538,NA,NA
H2.HYPGLA.1,0.038837832397610836,0.023511466596084763,0.05917809035329043,NA,0.003398726311542785,0,-0.0026340128914456584,NA,0.07878538823771628,0.06317707336072242,0.041938856372988886,NA
G1.MADGRA.1,0.051917352014003236,0.04706828583161983,0.03399539334018689,NA,0.0273321890447485,0.029313078924880658,0.05276008235624103,NA,0.13078104712244462,0.07781326251682183,0.0727213759792983,NA
B2.LUPBIC.1,0.04780325383172036,0.044040030707163176,0.010868383995959342,NA,0.08108190541943026,0.04800248565902688,0.01347414640007645,NA,0.13286836225535217,0.12245782605121443,0.03033088349723172,NA
H4.LUPBIC.1,0.0130795196163924,0.068189923689537,NA,NA,0.02955776554432759,0.003812407192172991,NA,NA,0.0261590392327848,0.1413150082254942,NA,NA
F7.EROCIC.1,NA,NA,0.016906028794145007,NA,NA,NA,0.016906028794145007,NA,NA,NA,0.033812057588290013,NA
C4.LUPBIC.1,0.01867337753006542,0.046209812037329684,-0.026787613553219233,NA,0.007012367568998257,0.013515503603605487,0.010041653460887246,NA,0.06584436445998827,0.10578664933328552,-0.007300108283873286,NA
A2.CAUCOU.1,NA,0.049233496501966324,NA,NA,NA,-0.016958054179861293,NA,NA,NA,0.006292101962977103,NA,NA
A3.TRIHIR.1,0.05772332529557488,-0.004046405837106743,NA,NA,0.03788318236786585,-0.021004460016968037,NA,NA,0.12091578956275797,0.022482949840284167,NA,NA
C5.CLAPUR.1,0.03911306200923385,0.028786127504240415,0.02633083155359549,NA,0.05040653900502224,0.03637714569536027,-0.02066580147285861,NA,0.06868742112841059,0.10726834857999444,0.05534916061707989,NA
E4.PHATAN.1-E2,NA,0.02884791920622724,NA,NA,NA,-Inf,NA,NA,NA,-0.007391600831791343,NA,NA
G6.ESCCAL.1,0.04471917293935131,0.04818319109597569,0.02933675431649125,-0.09954219273489195,0.022359586469675643,0.004052327525301013,0.010434641212646558,-0.19077706691584145,0.08323280095459115,0.10425062667682321,0.049754497677562556,-0.30487535506171415
H6.DAUPUS.1,0.035439106086068053,0.03665162927496621,0.04073310492129495,NA,0.0273321890447485,0,-0.029827689726080193,NA,0.07965026751031809,0.06929992020765312,-0.012869080759812074,NA
J3.PLAERE.1,0.03194030784871086,0,NA,NA,0.02043302495063962,-0.013461966127889191,NA,NA,-0.014223731122719662,0.05335006503749974,NA,NA
A7.AVEFAT.1,NA,0.05766621528297817,0.024474883981370616,NA,NA,0.005207583543232095,-0.008981813222093585,NA,NA,0.1311625835397455,0.037023293692770964,NA
C2.AVEFAT.1,NA,0.049464427689460216,0.008052890061171094,NA,NA,-0.004045361900142241,-0.012521569455175869,NA,NA,0.058114800872296375,-0.005551111818203225,NA
I5.BRODIA.1,NA,0.012712251884303465,0.04228493493314079,NA,NA,-0.005962640420099389,-0.007314753656735476,NA,NA,0.05892206392163315,0.1038224014209249,NA
C4.CLAPUR.1,0.03675044019336293,0.04248343183772581,-0.009889392880686942,NA,0.040802767718663965,0.02976477892923879,-0.016336580891779376,NA,0.10593229167583017,0.09114697111983035,0.007432684276984351,NA
A1.DAUPUS.1,1.6384521464601e-4,0.0596732032776387,0.03718320999801243,NA,5.5549418419304514e-5,-0.014687613413929233,0.01085394311681332,NA,3.566612906598235e-4,0.08362565495406041,0.023111056231079594,NA
A3.AVEBAR.1,NA,0.03036824310547113,0.01806349321297985,NA,NA,0.007950432256590645,-0.009745798116307144,NA,NA,0.06824149941655025,0.01373139702838088,NA
A4.BROARE.1,NA,0.015479564356545166,-0.003932039367887073,NA,NA,0.005062244989792911,-0.0022869345049581825,NA,NA,0.06565149759286139,-0.040868276599574725,NA
G2.HOLVIR.1,0.02955776554432758,0.03748306307685119,0.032553480146409436,0.007016318073571787,0.016478245927935193,0.02853605172036066,0.121918019549563,0.03907411254816316,0.09413295712416346,0.055050693942070995,0.06900289895429035,0.04411794988333037
D7.STIPUL.1,NA,NA,0,0.03291857576090722,NA,NA,0.01051982743521521,-0.004359292479630687,NA,NA,0.0240432569020233,0.12759139413938372
A1.AIRCAR.1,0.009920071463854515,0.06594416251083092,0.01641588283659314,NA,0.03159623213359156,-0.006973235978569067,-Inf,NA,0.03382169837971469,0.10277713114650737,0.02333719499586797,NA
A1.BRODIA.1,NA,0.043487409857252204,0.035204105179789495,NA,NA,0.004516229671529913,-0.032281852347777536,NA,NA,0.11506141759633154,0.07625065958903521,NA
A1.BROHOR.1,NA,0.01666807081573551,0.06821880775201611,NA,NA,0.015196356404477366,-0.014966844156973117,NA,NA,0.07829135308123929,0.06240923628829124,NA
A1.CLAPUR.1,0.031596232133591556,0.03708410398854896,0.014434661781898865,NA,0.012573900468548598,0.03747765536814931,-0.0135890122180737,NA,0.09445871533125222,0.11886521199815141,-0.00765076432531639,NA
A1.GALPAR.1,NA,0.03120058839942904,0.035534642023279016,NA,NA,0.0394822046115406,0.009587155034734729,NA,NA,0.09102122555161114,0.08418239574966187,NA
A2.AMSMEN.1,0.03488279005787862,0.05857085052993819,NA,NA,0.025434446314854448,0.041342892557609555,NA,NA,0.08154673857655761,0.12269886210681305,NA,NA
A2.AVEBAR.1,NA,0.041420493189781485,NA,NA,NA,-0.008717638559144873,NA,NA,NA,0.07058655726079756,NA,NA
A2.BROARE.1,NA,0.023803651536089716,NA,NA,NA,0,NA,NA,NA,0.10550715891352024,NA,NA
A2.BRODIA.1,NA,NA,NA,NA,NA,NA,NA,NA,NA,NA,NA,NA
A2.BROMAD.1,NA,0.043152566336446596,NA,NA,NA,-0.010196128382460999,NA,NA,NA,0.009861284861655373,NA,NA
A2.ESCCAL.1,0.027963110904011337,0.030552370521207284,0.00256635385150209,0.007587529722541718,0.007694605217731384,0.010196128382460985,0.04094021973501992,7.662956740186466e-4,0.10907823991077006,0.08329950330691113,0.036931470867425945,0.025890597175873015
A3.GERDIS.1,0.06454490265177901,0.027766385814368338,NA,NA,0.01761467668158588,0.005524895660422869,NA,NA,0.10996909194946655,0.09368024894489989,NA,NA
A3.MADGRA.1,0.028506157696016134,0.045857395511551456,0.02024665940568544,NA,0.03550411783383303,0.043846029785949266,0.031162451710173053,NA,0.06006839992185736,0.06424144346779745,0.020944679047286724,NA
A3.TORARV.1,0.040108648613988995,0.058695196335531906,0.024097147563426777,NA,0.00992007146385451,0,0.039148842765480245,NA,0.07684403864966632,0.10123555941993248,0.05162045364013751,NA
A4.AMSMEN.1,0.08371545641200177,0.03502335462145632,NA,NA,0.0034511537433442327,0.035156672171743716,NA,NA,0.14221370777144077,0.07992046192219011,NA,NA
A4.AVEBAR.1,NA,0.03796251419682933,0.028584134794969573,NA,NA,-0.013861359001178047,-0.03541096483311576,NA,NA,0.09575252376467928,-0.012481885557179198,NA
A4.BROMAD.1,NA,0.04126065904634906,NA,NA,NA,-0.008129211714990286,NA,NA,NA,0.07840616737263234,NA,NA
A4.CAUCOU.1,NA,0.04464562842756123,NA,NA,NA,0.03419591672175124,NA,NA,NA,0.10383768908163364,NA,NA
A4.EROCIC.1,0.04989375803228708,0.040171810281922904,0.01434912276757494,NA,0.005315540683698561,0,-0.003952581534032264,NA,0.10398396209828173,0.08715961065801886,0.013560105878683842,NA
A4.LUPMIC.1,NA,NA,NA,NA,NA,NA,NA,NA,NA,NA,NA,NA
A4.PHATAN.1,0.04877163206423158,0.02853359211692258,NA,NA,0.031596232133591556,0.03120058839942904,NA,NA,0.12047651281181211,0.0703512862868878,NA,NA
A5.AVEBAR.1,NA,NA,0.025028063870303357,NA,NA,NA,-0.027969890878295437,NA,NA,NA,0.015199682725765766,NA
A5.BROHOR.1,NA,0.04613413743771123,0.03018857715013448,NA,NA,0.012952848934149686,-0.06031723637273307,NA,NA,0.052948718383552175,0.12035960397896887,NA
A5.BROMAD.1,NA,0.05795113506111121,NA,NA,NA,-0.005524895660422862,NA,NA,NA,0.0847850463704264,NA,NA
A5.ELYCAP.1,0.013981555452005672,0.056721278087927006,0.02255725990103481,NA,0.016207021698128817,0.003569182898678284,-0.06673563296011241,NA,0.013727068993466962,0.06370684350040677,0.055527101715297796,NA
A5.HOLVIR.1,0.043198723051564414,0.0230951530923302,0.04666651943502932,0.02309564490418629,0.03788318236786585,0.02100446001696804,0.11901871044516339,0.10145070302876154,0.09728892711755907,0.08289239925122195,0.08536995409928694,0.09112071910804609
A5.LUPBIC.1,0.013981555452005669,0.0648504898029173,NA,NA,-0.007694605217731384,-0.021004460016968037,NA,NA,0.03202459489216248,0.09776533127775222,NA,NA
A5.MICCAL.1,0.020268505686279966,0.049105689352141976,NA,NA,0.027132160849560945,0.021249830024017133,NA,NA,0.0838722999833001,0.10495776927937528,NA,NA
A5.PLAERE.1,0,0.042008920033936074,NA,NA,0.009250482296368255,0.0017320731466651015,NA,NA,0.039579397684789,0.04544312261899679,NA,NA
A5.TRIHIR.1,NA,0.04294139453898922,0.022432153659380265,NA,NA,0.02652935567739091,0.0412607017712256,NA,NA,0.12879634435887458,0.09891231949230396,NA
A6.BRODIA.1,NA,0.02615291567743463,-0.017243857767721655,NA,NA,-0.0023321527617008657,-0.02097054785943429,NA,NA,0.10239917831831992,-0.07329702675878552,NA
A6.BROMAD.1,NA,0.057989372328396724,NA,NA,NA,-0.011750470636629198,NA,NA,NA,0.10186779445340369,NA,NA
A6.CENMEL.1,0.051864737819871526,0.05072655859308096,0.04855583859605634,NA,0.023901626915860178,0.01633322729492992,0.08236401359377535,NA,0.1271046379993691,0.07696312909132831,0.09544195074958685,NA
A6.CORFIL.1,0.009920071463854518,0.039372211640310933,0.02107310117769239,0.007121017002088425,0.00992007146385451,0,0.010670134423899068,0.007707533991362902,0.05302911238783074,0.06956413405084703,0.07139908688865738,-0.0364709314630776
A7.BRODIA.1,NA,0.03759959931662582,-0.0010518278035061763,NA,NA,0.00538427809810462,-0.01914736178100704,NA,NA,0.08973278062026475,-0.059213685288954564,NA
A7.BROMAD.1,NA,0.04877084583133638,NA,NA,NA,-0.02342999661313581,NA,NA,NA,0.06012519278410638,NA,NA
A7.CENMEL.1,0.058784416973738804,0.005062244989792911,0.05260617896433319,NA,0.017614676681585895,0.03708410398854896,0.10240495013327845,NA,0.13168172301776002,0.054782973027663835,0.11177595856448862,NA
A7.CORFIL.1,-0.01929709613570423,0.05429574149175924,0.013442779572789235,0.01500522962251689,0,0.014242534219567742,0.010670134423899068,0.01438410362258904,0.029827497844365673,0.049624508769721104,0.04716865870518028,0.005169714910214207
A7.ESCCAL.1,0.039290837351322924,0.032472230796369406,0.008848286449824539,NA,0.010981163142018446,-0.00288818726679772,-0.017328679513998642,NA,0.06760051156062741,0.009735697632736249,0.02749456755108739,NA
A7.STIPUL.1,NA,0.017435277118289745,0.018733707582701226,0.0042672456518898765,NA,0.009650113064198027,0.010126849984902986,0,NA,0.02130901564889232,0.03560274296305241,0.04651977874717098
A8.BRODIA.1,NA,0.040171810281922904,0.0070810332544166115,NA,NA,0.010493219294479812,-0.026885238413272193,NA,NA,0.06776800017115314,0.018886380517333025,NA
A8.BROHOR.1,NA,0.03016448643735997,0.04425332385749823,NA,NA,0.012286821457823156,-0.0546248311879245,NA,NA,0.0893975117921284,0.053870647471282215,NA
A8.BROMAD.1,NA,0.04200892003393608,NA,NA,NA,-0.00319274289872201,NA,NA,NA,0.07636357483634153,NA,NA
A8.ELYCAP.1,0.008666014768307107,0.03439333129815104,0.015872800215544196,NA,0.02061506899157311,0.00909407855910116,-Inf,NA,0.03179112914846556,0.04899448544641585,0.06961456728705336,NA
A8.EROBOT.1,NA,NA,0.0466450882927223,NA,NA,NA,0.004674911712665499,NA,NA,NA,0.08396014553905158,NA
A8.HOLVIR.1,0.03788318236786585,0.04071923474851802,0.03819862195457294,0.01928867777689937,0.03788318236786585,0.01228682145782317,0.1126797444406972,0.06666224928449936,0.10498353233529045,0.08629733768113237,0.0714270206365715,0.10916679789382251
B1.AVEBAR.1,NA,0.041584858473104606,0.02369755084035066,NA,NA,-0.003655764042161409,-0.0069017044249583236,NA,NA,0.07212395173360743,0.03357009305957175,NA
B1.BRODIA.1,NA,0.06068940735218524,NA,NA,NA,-0.006856820709150734,NA,NA,NA,0.12601713382668372,NA,NA
B1.BROHOR.1,NA,0.060873214484915485,0.02481099624005971,NA,NA,-0.012730780387224154,-0.051319616726784104,NA,NA,0.10977554301486463,0.0030090630864824663,NA
B1.DAUPUS.1,0.018586086232161625,0.053491228277533304,0.007072285189859015,NA,0.01761467668158588,0,-0.015963300742687203,NA,0.03443202862452161,0.10791214812072764,-0.0274629326129317,NA
B1.EROBOT.1,NA,0.023197505385909874,NA,NA,NA,0.008106917041319559,NA,NA,NA,0.10245344621941055,NA,NA
B1.GERDIS.1,0.06541793051330626,0.05379699421155085,NA,NA,0.01620702169812881,0.018052122191465247,NA,NA,0.10107564663504896,0.09131798807625024,NA,NA
B1.MADGRA.1,0.04231826436173115,0.013448187223606042,0.029434101705378503,NA,0.055497859049451724,0.06667299224106374,0.03432172522006694,NA,0.10179780978975485,0.03651193403010148,0.0469692162626726,NA
B1.TRIHIR.1,NA,NA,NA,NA,NA,NA,NA,NA,NA,NA,NA,NA
B1.VICSAT.1,0.017975755987354684,0.06038071538392232,NA,NA,0.03018857715013448,0.011235699815103736,NA,NA,0.059063976717615166,0.08661272338071883,NA,NA
B2.BRODIA.1,NA,0.05595487275445505,NA,NA,NA,0.002187825688347132,NA,NA,NA,0.12915869372601116,NA,NA
B2.BROHOR.1,NA,0.035439106086068053,0.04210726769632981,NA,NA,0.02814477771663748,-0.022844679287886627,NA,NA,0.09069245063942287,0.09541062086786346,NA
B2.ELYCAP.1,0.004604530780155948,0.035439106086068053,0.005442525641809993,NA,0.04185941845445187,0.018097716636534488,-0.0924354968647302,NA,0.054650283586733385,0.06199395475729847,-9.863651111832183e-4,NA
B2.HOLVIR.1,0.04780325383172037,0.047301195767529905,0.03368410229620057,0.010816978666315332,0.06178480928372603,0.038837832397610836,0.13098233834630305,0.061738151642490934,0.14143878170757665,0.09363939272377979,0.07848447844738903,0.044891489071403515
B2.MICCAL.1,0.018297525898695526,0.05075825494219475,NA,NA,0.047971874014278715,0.03326967940835297,NA,NA,0.08522149308450734,0.10152377167060174,NA,NA
B2.PLAERE.1,0.015845942392360004,0.03709372848566646,NA,NA,0.012680164831907488,0.006698044025104658,NA,NA,0.060016074994500165,0.09090916114557077,NA,NA
B2.TRIHIR.1,0.058784416973738804,0.045444103773288676,0.005754978972758673,NA,0.04219915281455572,0.0537611718152919,0.013791338171473985,NA,0.1815974725337405,0.11049245561332394,0.06166231041979655,NA
B3.BRODIA.1,NA,0.03236458415689627,-0.013065585123726381,NA,NA,0.0075754706799161554,-0.05322812558014885,NA,NA,0.03365697062401397,-0.06212008056676213,NA
B3.BROMAD.1,NA,0.044719172939351313,NA,NA,NA,-0.0049726025750728405,NA,NA,NA,0.07180790373779716,NA,NA
B3.CENMEL.1,0.09100197688328478,0.04969177551442416,0.027331813608549596,NA,0.023901626915860185,0.015661542444571,0.06601692156581813,NA,0.18423341824547831,0.060344733155410495,0.06837517580579344,NA
B3.CORFIL.1,0.03425006113828564,0.03883783239761083,0.015603857726824854,0.0017545659905634948,0.020268505686279976,0.003398726311542785,0.01604634715430986,0.02283792012478576,0.08834026520428029,0.08056637959166321,0.012299563399112779,0.06307105156192412
B3.EROCIC.1,0.0884465295676392,0.05337284992627646,-0.04675421005322101,NA,0.021346179600214604,0.004616156246473333,-0.003490264479040813,NA,0.19803459268308557,0.11094674669763005,-0.04673526617350948,NA
B3.MICCAL.1,0.03788318236786585,0.04603601147226276,NA,NA,0.05323057016797655,0.03248961557124123,NA,NA,0.12180088427822616,0.08716726069838104,NA,NA
B3.STIPUL.1,NA,0.025758312781218436,NA,NA,NA,0.010004997687220626,NA,NA,NA,0.04371625077580193,NA,NA
B4.BROHOR.1,NA,NA,NA,NA,NA,NA,NA,NA,NA,NA,NA,NA
B4.CLAPUR.1,0.013981555452005669,0.034221676151137505,NA,NA,0.03562120710973437,0.03177605126197572,NA,NA,0.09305106034779516,0.08852960791203499,NA,NA
B4.DAUPUS.1,0.03788318236786585,0.057798692555743714,0.0511511527069442,NA,0.029217167599558738,-0.018052122191465247,0.017487993372981958,NA,0.10720899858141361,0.08037357280244171,0.07342947553633195,NA
B5.AVEBAR.1,NA,0.0778807728538972,0.010450003540692913,NA,NA,0.00641922253000051,-0.049893758032287065,NA,NA,0.15097041646425038,-0.03765159245074871,NA
B5.BRODIA.1,NA,0.018105557241590322,0.02478467395679144,NA,NA,-0.010427794637673744,-0.03359110001787789,NA,NA,0.0775319985958958,0.03490514930184652,NA
B5.ELYCAP.1,0.0036331212295802108,0.049050200604649305,0.009136742104847068,NA,0.03875621022939307,0.015606713266534445,-0.11103967645200281,NA,0.025404934550445717,0.07767834193839773,0.02013531498199901,NA
B5.HOLVIR.1,NA,NA,0.03229596552514735,0.010874698729227516,NA,NA,0.10246362329320606,0.08040749468979705,NA,NA,0.05910026742641136,0.06844656118860816
B5.MICCAL.1,0.027188184840147248,0.04511559882135162,NA,NA,0.026080209730395737,0.035887279124879906,NA,NA,0.1088131370515823,0.10333201303084734,NA,NA
B5.TRIHIR.1,0.05549785904945173,0.048489959576099466,0.013379657359727744,NA,0.03788318236786586,0.033902338527599565,-0.014464968829340553,NA,0.13921331546145355,0.1300637071571834,0.05392110532023145,NA
B6.BRODIA.1,NA,0.026288761059473427,-0.02038668178117485,NA,NA,0.0015902123903022277,-0.05428902030877442,NA,NA,0.09216476669932687,-0.15809642375541666,NA
B6.CENMEL.1,0.0690165517313836,0.02864851664783375,0.04418967511250773,NA,0.026661720283913164,0.020386681781174865,0.08974792018773735,NA,0.1562456049599833,0.05417549157694962,0.09797061469633826,NA
B6.CORFIL.1,0.031596232133591556,0.03327653269091472,0.022013730744978734,0.01882387856174559,0.01761467668158588,0.005362398729233961,0.018733707582701226,0.01741533471341079,0.08877651063716163,0.076725536788727,0.09338153940191593,-0.05882240654679225
B6.STIPUL.1,NA,0.026949727408063392,0.00283321713267507,0.020980879055219556,NA,0,-0.010136627702704109,0.023850888712244965,NA,0.02694972740806337,0.08055974110419994,0.049862483852062225
B7.MADGRA.1,0.04603451954249449,0.026005953450666305,0.033260347568135853,NA,0.02599213111642691,0.058679423330767214,0.02419360033657676,NA,0.11499925645027341,0.034671822657115735,0.07650744920588504,NA
B7.TRIHIR.1,0.02390162691586018,0.0526988079184722,NA,NA,Inf,0.0526988079184722,NA,NA,0.07170488074758054,0.13968442735181905,NA,NA
B8.AMSMEN.1,0.03159623213359155,NA,NA,NA,-0.0020905042005667247,NA,NA,NA,0.0707637723928217,NA,NA,NA
B8.AVEBAR.1,NA,0.03773381099575712,0.054248547264559285,NA,NA,-0.004381249357912361,-0.005635877668131132,NA,NA,0.10471774445291589,0.05289224408708933,NA
B8.BROARE.1,NA,0.020126049808687665,-0.007120451189256714,NA,NA,0.00319274289872201,-0.014595017821885456,NA,NA,0.08153814254521666,-0.055620649217310025,NA
B8.BRODIA.1,NA,0.04557810293261437,0.005076605063927213,NA,NA,0.005207583543232095,-0.04115318806829046,NA,NA,0.13464361572248093,-0.02851120435905103,NA
B8.BROMAD.1,NA,0.0516590330981341,NA,NA,NA,0.009861284861655387,NA,NA,NA,0.055062947794313484,NA,NA
B8.CAUCOU.1,NA,NA,NA,NA,NA,NA,NA,NA,NA,NA,NA,NA
B8.EROCIC.1,0.012920463773841748,0.048770845831336375,0.011237305921311678,NA,0.00992007146385451,0.04721650357716818,0.011135526837016836,NA,0.09601298889626977,0.11888318591292182,0.03921148001159466,NA
B8.ESCCAL.1,0.027188184840147248,0.05525796606522602,NA,NA,0.008315932993685785,-0.045307207086680845,NA,NA,0.06376997658791492,0.07729433804201981,NA,NA
C1.BRODIA.1,NA,0.04036967573649334,0.008934398429378073,NA,NA,0.025549281788183158,-0.03323461420945752,NA,NA,0.12576526543396424,0.046734193116290415,NA
C1.BROHOR.1,NA,0.05364793041447001,NA,NA,NA,0.004307057716000203,NA,NA,NA,0.10226529258693355,NA,NA
C1.BROMAD.1,NA,0.040132426810864534,NA,NA,NA,0.011045237865148083,NA,NA,NA,0.10826317024231015,NA,NA
C1.CLAPUR.1,0.07241274028591468,0.033588017015412766,0.01960297396914181,NA,0.05147250545898193,0.04927485673875832,0.02685032824136855,NA,0.15736397813928774,0.09298114643969244,0.055518578256014674,NA
C1.ELYCAP.1,0.004530116756014753,0.014727758409301302,0.028835482668923815,NA,0.03675044019336293,0.02179754891355546,-0.0766399005921,NA,0.010780844813621463,0.07586225682184443,0.05155114829748222,NA
C1.HOLVIR.1,0.07997852083383984,0.023104906018664842,0.05729891257186436,0.009733560501393956,0.05331901388922655,0.02883324791622015,0.1339124984274728,0.06645558491281525,0.1683681647817116,0.07906648481220711,0.11598986101502866,0.0413297616871402
C1.MICCAL.1,0.026659506944613283,0.05364793041447002,NA,NA,0.029241787822983624,-0.029268983968465254,NA,NA,0.10663802777845313,0.03175527920150098,NA,NA
C1.PLAERE.1,0.029738072624364675,0.027874934140020624,NA,NA,0.00909187607939347,0.0017097764795850198,NA,NA,0.07210534756057309,0.03591366936725023,NA,NA
C1.TRIHIR.1,0.06891382573954058,0.0501359132258758,0.015811029316180933,NA,0.015594811850314015,0.02020452678567719,-0.007076749580411887,NA,0.12410938440451452,0.14065025683920357,0.03158467893940663,NA
C2.BRODIA.1,NA,0.025515594737985717,-0.0012533697102435376,NA,NA,0.0033361152852327434,-0.03606700010925662,NA,NA,0.07490120833406409,-0.013953929979566593,NA
C2.BROHOR.1,NA,0.04620981203732969,-0.008042501509103638,NA,NA,-0.0031770059934774922,-0.005721629520877183,NA,NA,0.08112044518001499,-0.008496336819344669,NA
C2.BROMAD.1,NA,0.036133782974898575,NA,NA,NA,-0.011889164797957756,NA,NA,NA,0.01347038451456776,NA,NA
C2.CENMEL.1,0.06595378569584334,0.029182291245129995,0.040587195191883,NA,0.012248220427635959,0.03761550839392636,0.09593100660274141,NA,0.1376334799580872,0.05895058995669652,0.10274401858492892,NA
C2.CORFIL.1,0.03632544649387891,0.024907146727674037,0.028303394454488068,0.008420584845242827,0.008582444281315774,0.008745475482249694,0.042714883601962156,0.027126663398992015,0.08679415376180846,0.0744342150209734,0.038838717825293106,0.04473961617537376
C2.ESCCAL.1,0.0422543187949273,0.03662040962227032,-0.007567962800805308,0.035583524837473526,0.015594811850314007,-0.0022997623828983887,0.010511281947512968,0.04778895917906175,0.10250717294886261,0.07396286913724663,0.0042584858793802355,0.0809665427523742
C2.MICCAL.1,0.0499724224665485,0.03952078885525798,NA,NA,0.01395790360343725,-0.001481725419027787,NA,NA,0.13339756478845322,0.08890760688606517,NA,NA
C3.AIRCAR.1,0.03118962370062803,0.034055041584399384,0.028383080005527833,NA,0,0.007438118377140324,-Inf,NA,0.03118962370062803,0.08026485362172905,0.0010246819632184628,NA
C3.BRODIA.1,NA,0.027874934140020624,0.028910849701792356,NA,NA,0.013515503603605457,-0.04363758096325085,NA,NA,0.08046971904055006,0.0654571774285051,NA
C3.BROHOR.1,NA,0.05972531564093517,NA,NA,NA,-8.032517193020154e-4,NA,NA,NA,0.08710536617705597,NA,NA
C3.DAUPUS.1-C8,NA,0.04013242681086453,NA,NA,NA,0.013515503603605483,NA,NA,NA,0.09026834003674035,NA,NA
C3.GALPAR.1,0.05331901388922656,0.04175876561651227,0.04428459192220338,NA,0.06556723431686251,0.05934435911348109,0.023273129365410875,NA,0.14375652378012954,0.12898211303364499,0.11318807315024824,NA
C3.HYPGLA.1,0.015594811850314015,0.06323733282952938,0.05436879303710403,NA,0.02260717941931228,0.006689023182071704,-0.0023827544951081194,NA,0.08381561814744388,0.12606304368939283,0.044082153344944454,NA
C3.MADGRA.1,0.013718267074566633,0.04620981203732969,0.04942617548827639,NA,0.03118962370062803,0.060937570446630986,0.04619551358276513,NA,0.0807876930786443,0.0912290213212567,0.09709572201515172,NA
C4.AVEBAR.1,NA,0.05218784299252358,0.034738353710894856,NA,NA,-0.0055684694887722175,-0.031388922533374546,NA,NA,0.14783257859734764,0.03481956104715001,NA
C4.BRODIA.1,NA,0.07469032297586528,-0.004243898620950595,NA,NA,0.01654789621046303,-0.09008358653634027,NA,NA,0.12866547088160293,-0.06411921627312474,NA
C4.BROHOR.1,NA,0.06931471805599454,NA,NA,NA,-0.0011300517225227107,NA,NA,NA,0.09613669588734618,NA,NA
C4.DAUPUS.1,0.05331901388922656,0.05972531564093517,0.03849886501802329,NA,0.026659506944613276,0,0.008717638559144873,NA,0.10516798113152245,0.08161796685390416,0.06605365093230862,NA
C4.MADGRA.1,0.04382439550724481,0.04877518007520063,0.015328523807904372,NA,0.03890772737224923,0.08341430001600675,0.026809293677659485,NA,0.10306001522047065,0.06737887663373403,0.0690519859226213,NA
C4.TORARV.1,0.0463066463202283,0.05859526391841246,0.026967751400319696,NA,0.02152368415136241,-0.005138355994241942,0.04254095856594526,NA,0.08996927513507667,0.07548589197885702,0.07000746277321156,NA
C4.TRIHIR.1,0.04818319109597569,0.038171076810100096,-0.0139375380615144,NA,0.026659506944613276,0.016183593859390034,0,NA,0.11794235940162302,0.07844811700758454,0.03227227397581529,NA
C4.VICSAT.1,0.02102091178338731,0.06609382353302548,NA,NA,0.03524195122592904,0.01768760836873901,NA,NA,0.08251363562414937,0.13484830431180728,NA,NA
C5.BRODIA.1,NA,0.04088357467785308,-0.016817893665517624,NA,NA,0.005006276201534438,-0.047872590616214995,NA,NA,0.11753681581986895,-0.08288700065420815,NA
C5.BROHOR.1,NA,0.05131300191137354,NA,NA,NA,0.019530878445544873,NA,NA,NA,0.09005614801535154,NA,NA
C5.DAUPUS.1,0.03393669377311686,0.054090204065994664,0.032437618536406476,NA,0.03393669377311685,-0.00769460521773137,0,NA,0.08444860137562916,0.0854505213093546,0.048234495010142424,NA
C5.GERDIS.1,0.044591585345405034,0.05186473781987151,NA,NA,0.02244947420630799,0.04364366804590605,NA,NA,0.09627928897152428,0.1064814064421003,NA,NA
C5.MADGRA.1,0.04769830697431993,0.047203538565793846,0.015351081896830543,NA,0.052107912900838,0.06618347223676119,0.037835567645243096,NA,0.0878882676532393,0.06107222073004196,0.03544783742835281,NA
C5.TORARV.1,0.040689344024744806,0.028217597362550043,NA,NA,0.010654891572288177,0,NA,NA,0.043653888753394314,0.0887010160261779,NA,NA
C5.TRIHIR.1,0.055706570250973114,0.04966764077207471,0.026637683271668707,NA,0.015017226226228315,0.029217167599558738,0.011977700016281937,NA,0.12836058899258246,0.10825557425910186,0.06897297559467003,NA
C5.VICSAT.1,0.03268108074809161,0.03322198311378817,NA,NA,0.04505167867868494,0.007949091676270083,NA,NA,0.07130706895750286,0.09022587883574548,NA,NA
C6.AMSMEN.1,0.03336246464215517,NA,NA,NA,0.01823986981843681,NA,NA,NA,0.074815485970705,NA,NA,NA
C6.AVEBAR.1,NA,0.08755082313994057,0.022052555689588842,NA,NA,0.0013887551426875898,-0.007234168468017467,NA,NA,0.16139309151967537,0.007036309721057776,NA
C6.BROARE.1,NA,0.019156062161513703,-0.007427170202216218,NA,NA,0.033821698379714694,-0.008690570707120444,NA,NA,0.09307055865683639,-0.04460331256240648,NA
C6.BRODIA.1,NA,0.055497859049451745,-0.012019957960413557,NA,NA,0.015985266859153288,-0.007289125877237717,NA,NA,0.11209169560748734,-0.023384631834682517,NA
C6.BROMAD.1,NA,0.07408394528161336,NA,NA,NA,-0.0017687342892258825,NA,NA,NA,0.06972484442452168,NA,NA
C6.PHATAN.1,0.04812159200482448,NA,NA,NA,-0.010654891572288177,NA,NA,NA,0.13535624601888277,NA,NA,NA
C7.AMSMEN.1,0.02244947420630798,NA,NA,NA,0.003222643592208507,NA,NA,NA,0.08985430184315063,NA,NA,NA
C7.AVEBAR.1,NA,0.06764339675942938,0.01889709949272473,NA,NA,0.01205771546481893,-0.026652000966439018,NA,NA,0.12058580849323555,0.03158361785965254,NA
C7.BROARE.1,NA,0.025992131116426894,-0.009165965638637258,NA,NA,0.015010967974408465,0.021167705675530776,NA,NA,0.07617444948218005,-0.01749937641034867,NA
C7.BRODIA.1,NA,0.01761467668158588,NA,NA,NA,0.011735372618524248,NA,NA,NA,0.04630435557074658,NA,NA
C7.BROMAD.1,NA,0.0569654319604447,NA,NA,NA,-0.010981163142018446,NA,NA,NA,0.02571576313214631,NA,NA
C7.EROCIC.1,0.0813786880494896,NA,NA,NA,0.025672117798516487,NA,NA,NA,0.14063307550941367,NA,NA,NA
C8.AIRCAR.1,0.017407541823916132,0.04989375803228708,0.006603409177100214,NA,0.016740189768261388,0.025434446314854448,-Inf,NA,0.06273255780992042,0.12172518115534908,0.0019194628945752024,NA
C8.BRODIA.1,NA,0.011221462083952697,0.04903206403184736,NA,NA,0.004673982482628406,-0.06096762442068426,NA,NA,0.06406549212871034,0.10491884384590983,NA
C8.BROHOR.1,NA,0.04504316046366739,0.046645088292722306,NA,NA,-0.005315540683698553,-0.012051375108865017,NA,NA,0.1108829036816507,0.1140839611712786,NA
C8.CLAPUR.1,0.055706570250973114,0.03913723906341326,0.031290634308928186,NA,0.03358226966140757,0.014420832202951516,-0.009735510705241451,NA,0.13347117206568998,0.09490986258352628,0.06393808117377862,NA
C8.DANCAL.1,NA,NA,NA,-0.029453462522916987,NA,NA,NA,-0.03648143055578659,NA,NA,NA,-0.12074825491176468
C8.DAUPUS.1,0.010654891572288182,0.058784416973738804,0.059935204510967136,NA,0.02176987647785627,0.021930647128275745,0.01916735026495486,NA,0.08632429518373118,0.11288602218337201,0.09529676610628796,NA
C8.ESCCAL.1,0.025672117798516494,0.06710034996742459,0.010511281947512958,0.019646668902421036,0.018919467546888554,-0.012299135997887333,0.003105381223826105,0.06103401603711722,0.08490869470890904,0.10701251509470196,0.029213740490127125,0.05557040028714619
C8.GALPAR.1,0.05134423559703299,0.05549785904945173,NA,NA,0.025672117798516497,0.031596232133591556,NA,NA,0.11770569742029428,0.13251828048073083,NA,NA
C8.HYPGLA.1,0.0406893440247448,0.07702042143127912,0.040235947810852504,NA,0.016364176010334772,0.006695034980722681,-0.006706599664866986,NA,0.12797276307157152,0.12098830853506069,0.016328546148656153,NA
C8.MADGRA.1,0.05705352003507959,0.04901329934245382,NA,NA,0.015017226226228302,0.05211922427841024,NA,NA,0.14272227532624038,0.07362593616185661,NA,NA
D1.AIRCAR.1,0.02043302495063963,0.05228719726379484,0.04823063276454418,NA,0.04394449154672438,0,-0.05364793041447002,NA,0.06354588571060106,0.07121999851732615,0.06227108160042096,NA
D1.BRODIA.1,NA,0.012766408408536859,0.0733071480448683,NA,NA,0.016692509597082978,-0.02968775904217856,NA,NA,0.046997087082269955,0.14036666426409808,NA
D1.BROHOR.1,NA,0.05134816803157163,0.053849463910546125,NA,NA,0.031733627149207806,-0.03994870028035172,NA,NA,0.09221322506639534,0.11217665744407984,NA
D1.ESCCAL.1,0.03923317012046905,0.04292847627688793,0.03804775256513978,-0.016793381770718555,0.03822045780109746,0.008942132886489314,0.022633823698471858,0.03090488876904154,0.1012570666169157,0.0973748480587744,0.0730395033377501,0.03224038839594496
D1.GALPAR.1,0.04118477668724632,0.07161448043889292,0.012459161555268071,NA,0.04495720386609598,0.031528317803856655,0.022771110134913675,NA,0.12794692470202723,0.15412572039795458,0.055285174876425335,NA
D1.HYPGLA.1,0.08317766166719343,0.030543024395805165,0.062127736871526895,NA,0.02514434637689497,-0.01702752079219968,0.009676967898034662,NA,0.1524066048128609,0.02591018295223894,0.12453768330523733,NA
D1.MADGRA.1,0.032437208648653154,0.042283710848783566,0.062188246203554946,NA,0.05287023359929279,0.03842265033127951,0.053799231140722735,NA,0.09260030451970414,0.0940813238915981,0.11032354876373693,NA
D2.AVEBAR.1,NA,0.03662040962227032,0.049839577311259355,NA,NA,0.007170379320564857,-0.01820526849784637,NA,NA,0.1148803241494568,0.08809547345614627,NA
D2.BRODIA.1,NA,0.042697794848735475,NA,NA,NA,0.01518251762276086,NA,NA,NA,0.10444393121688514,NA,NA
D2.BROHOR.1,NA,0.04354172178154515,NA,NA,NA,-0.012766408408536867,NA,NA,NA,0.06638722311880813,NA,NA
D2.DAUPUS.1,0.04394449154672438,0.06789606424203466,0.04989151649016356,NA,0.01150728289807123,0.007438118377140324,0.01085394311681332,NA,0.09608859735771548,0.10965482985854692,0.06979628542633448,NA
D2.GERDIS.1,0.05011051873981472,0.04107145604308774,NA,NA,0.006166027193090331,0.027555952439482265,NA,NA,0.10966291572563414,0.07922698921414036,NA,NA
D2.LUPBIC.1,NA,0.046209812037329684,NA,NA,NA,0.01351550360360548,NA,NA,NA,0.06299402274680897,NA,NA
D2.MADGRA.1,0.03422664440230882,0.04662389603728158,0.021757584350684915,NA,0.0277258872223978,0.07013780514234026,0.03455271207664775,NA,0.10463008287071503,0.05952219174068851,0.07073700778319772,NA
D2.TORARV.1,0.055451774444795626,0.0321693632014529,0.029336754316491246,NA,0.01150728289807123,0,0.019307862290864976,NA,0.10259797429846147,0.09750069644364463,0.06492594644381003,NA
D3.AMSMEN.1,0.014708991205012687,NA,NA,NA,-0.006682163386526643,NA,NA,NA,0.029788336161085595,NA,NA,NA
D3.BRODIA.1,NA,0.042123067967585276,0.013206213797640963,NA,NA,0.006412396421581867,-0.0070803402674663885,NA,NA,0.136354525669006,0.044262613090007945,NA
D3.EROCIC.1,0.05197131936521043,0.01641588283659314,NA,NA,0.007292862271758187,0.005138355994241942,NA,NA,0.10208183810502514,0.030870415672421842,NA,NA
D3.PHATAN.1,0.0029643188861488757,0.017966550024422896,NA,NA,0,-0.013515503603605483,NA,NA,0.04414909557339522,0.01675429521872706,NA,NA
D4.BRODIA.1,NA,0.04620981203732968,NA,NA,NA,0.012855416027066146,NA,NA,NA,0.11688526324399937,NA,NA
D4.BROHOR.1,NA,0.02512572674587934,NA,NA,NA,0.01702752079219968,NA,NA,NA,0.07610556690456484,NA,NA
D4.BROMAD.1,NA,0.034055041584399384,NA,NA,NA,0,NA,NA,NA,0.06961409767814773,NA,NA
D4.ELYCAP.1,0.034176613126242705,0.019750121826008594,0.04166490815685122,NA,0.01827033609982861,0.02197485429614212,-0.08418239574966184,NA,0.07163171274387839,0.04462535535513838,0.10093710994152771,NA
D4.HOLVIR.1,0.03777846435363406,0.03269430843372421,0.0357643187510592,0.007950046868926272,0.032437208648653154,0.07656713493148634,0.1231899188473778,0.05483505072973226,0.10594593505352734,0.061481226503605386,0.06873038712013238,0.03072948227227516
D4.LUPBIC.1,NA,NA,NA,NA,NA,NA,NA,NA,NA,NA,NA,NA
D4.MICCAL.1,0.033067142927378716,0.05364793041447001,NA,NA,0.046642142778545705,0.02588429298329986,NA,NA,0.09777661153733055,0.07914429992842956,NA,NA
D4.PLAERE.1,0.016218604324326577,0.03127565461976434,NA,NA,0.021861748254722785,0.004886782473062527,NA,NA,0.07021567300228719,0.059518916632671136,NA,NA
D4.TRIHIR.1,0.051971319365210426,0.04911019127031735,0.021309086787771048,NA,0.05287023359929278,0.04013242681086453,0.006806270092158599,NA,0.024245432142812627,0.21477063458951737,0.05510986967050406,NA
D5.AMSMEN.1,0.02136329943721032,NA,NA,NA,0.012406197132153575,NA,NA,NA,0.0745122798091468,NA,NA,NA
D5.AVEBAR.1,NA,NA,0.031200588399429026,NA,NA,NA,-0.03001208194023869,NA,NA,NA,-0.01287524830197777,NA
D5.BRODIA.1,NA,0.039652802229127884,0.012481568774575576,NA,NA,0.01702752079219968,0,NA,NA,0.05875761516796952,0.05252493474550028,NA
D5.BROMAD.1,NA,0.038171076810100096,NA,NA,NA,-0.017966550024422902,NA,NA,NA,0.03372003038928266,NA,NA
D5.LUPMIC.1,0.027725887222397806,0.02512572674587935,0.026619770822028842,NA,0.006166027193090331,0.03328429433703757,0.054316849870160985,NA,0.04815891217303744,0.049856971570191914,0.09299183271736984,NA
D5.PHATAN.1,0.02043302495063963,0.05364793041447002,NA,NA,0.008925742052568388,-0.007438118377140324,NA,NA,0.08354059351542042,0.05156253104258131,NA,NA
D6.BRODIA.1,NA,0.05452517402504913,0.0048103555458204415,NA,NA,0.008038735227229607,-0.014021453876085617,NA,NA,0.11475341242293981,0.030009730400571227,NA
D6.BROHOR.1,NA,0.0501359132258758,NA,NA,NA,0.003512017188594211,NA,NA,NA,0.11520598386931692,NA,NA
D6.DAUPUS.1,0.06437751649736402,0.054955287519579385,0.010046327692254449,NA,0,0,0.02235958646967565,NA,0.07783640596221254,0.0938754595247481,0.01809345219649907,NA
D6.EROBOT.1,0.030150872095055202,0.052450196773601236,NA,NA,0.023511466596084746,0.03783266442796617,NA,NA,0.0954586630789899,0.10675257985067045,NA,NA
D6.GERDIS.1,0.05926418163696862,0.03506974243444057,NA,NA,0.01150728289807123,0.016183593859390034,NA,NA,0.09691899828781575,0.09482944006226447,NA,NA
D6.LUPBIC.1,0.030927595529339273,-0.002668090255784546,0.03871350510441216,NA,0.064377516497364,0.015666787641524516,-0.01119056260108894,NA,0.058653482751737075,-0.002668090255784546,0.07288218427796747,NA
D6.MADGRA.1,0.06509825671747115,0.021892651212969023,0.032336273432218905,NA,0.05545177444479563,0.06878977282372323,0.054785631674021604,NA,0.10212903575061912,0.0453883393548358,0.1029191241476924,NA
D6.TORARV.1,0.05287023359929278,0.05038191680246322,0.009182440019332962,NA,0.02043302495063962,-0.01702752079219968,0.023353077452660142,NA,0.08613221373605535,0.06799385355338426,0.06536680922966617,NA
D6.TRIHIR.1,0.03822045780109746,0.04354172178154514,0.014096181478379434,NA,0.01150728289807123,0.018653859597847423,0,NA,0.09153268484785365,0.13596134585620454,0.0413687456835383,NA
D6.VICSAT.1,0.04966852529235132,0.02979392920073655,NA,NA,0.024245432142812627,0.005568469488772202,NA,NA,0.09967308370530294,0.08905029697134301,NA,NA
D7.BRODIA.1,NA,NA,NA,NA,NA,NA,NA,NA,NA,NA,NA,NA
D7.BROHOR.1,NA,0.039713134070635855,NA,NA,NA,0.021974854296142137,NA,NA,NA,0.10479547006960406,NA,NA
D7.CENMEL.1,0.08317766166719343,0.036620409622270325,0.04866762395588931,NA,0.024245432142812627,0.014510602375261517,0.07951948459651033,NA,0.14289167503449307,0.09048270304775002,0.07269940454794188,NA
D7.CORFIL.1,0.0404640364671392,0.02458663143769264,0.029661915826866645,0.038291267114314236,0.016218604324326577,0.005138355994241942,0.027555952439482265,0.023901626915860185,0.07586556400194124,0.03965280222912789,0.033173933015460864,0.03765853819472123
D7.ESCCAL.1,0.03153829441457081,0.03858175962303478,0.022487530560702254,-0.00888048338566088,0.02476156833624894,0.004770028121355778,0.02568658328271591,-0.03981542655389663,0.08145788200427923,0.0855406668554331,0.06348678590369351,-0.2086465406661011
D7.MICCAL.1,0.04394449154672439,0.046669589441740884,NA,NA,0.06516962158921119,0.04100330363060521,NA,NA,0.13328818040700816,0.09935126862710249,NA,NA
D8.BRODIA.1,NA,0.03987502527440086,-0.004061681163495623,NA,NA,0.004261112383662817,-0.0198370047318973,NA,NA,0.0784567848974356,-0.01815530337892928,NA
D8.BROHOR.1,NA,0.030543024395805172,NA,NA,NA,0.02310490601866483,NA,NA,NA,0.04444211489445996,NA,NA
D8.BROMAD.1,NA,0.034994070816622584,NA,NA,NA,0.013515503603605487,NA,NA,NA,0.04107145604308773,NA,NA
D8.CENMEL.1,0.07783640596221254,0.028581674395040713,0.06206540121954213,NA,0.03389191441548814,0.015066170791435247,0.07599015865509658,NA,0.1489698639180491,0.0575253760612414,0.0997612359703492,NA
D8.CORFIL.1,0.035018749494156,0.02310490601866484,0.0170275207921997,0.021213297899663208,0.008925742052568388,0.006077385226465156,0.02020452678567719,0.015010967974408465,0.09591581091193482,0.03761550839392635,0.0352112268506624,0.029529230893348992
D8.MICCAL.1,0.04165815499312644,NA,NA,NA,0.037718359158252654,NA,NA,NA,0.09452838859241922,NA,NA,NA
E1.AIRCAR.1,0.037724202038912545,0.05016835788167815,0.02454751564659252,NA,0.030325283090933478,0.02394915425648342,-0.07348047678635868,NA,0.10150220498520225,0.09368633075029607,0.05318160101765987,NA
E1.BRODIA.1,NA,0.030617724932758064,0.058391468846404,NA,NA,0.001671127232610006,-0.008930940878672201,NA,NA,0.07118362099858823,0.11354520231509377,NA
E1.BROHOR.1,NA,0.02244947420630798,0.06558799448212539,NA,NA,0.019751795541409226,-0.01954205261658709,NA,NA,0.08140359379317966,0.08530418666047901,NA
E1.DAUPUS.1,0.02665950694461328,0.08137868804948961,0.03623044105016422,NA,0.02152368415136241,0.004945607134241575,0,NA,0.08731007312648022,0.11663827377083161,0.04104631858288895,NA
E1.GALPAR.1,0.03524195122592904,0.05134423559703299,0.03337405872765867,NA,0.058454836682477425,0.04238599350738534,0.015054363826247702,NA,0.12628516715406815,0.10040089362907169,0.07582413283268667,NA
E1.HYPGLA.1,0.05331901388922656,0.05134423559703299,0.04952503672166459,NA,0.01807706266329752,0.0043623346539401415,0.00719205181129452,NA,0.13409058423086392,0.07147204489636881,0.067905357867801025,NA
E1.MADGRA.1,0.0422543187949273,0.018919467546888537,0.0634355706321072,NA,0.012248220427635959,0.006187188320858002,0.061546595479595685,NA,0.10415577696546961,0.06265466706189156,0.09039632579634665,NA
E2.AMSMEN.1,0.03179532973786415,NA,NA,NA,0.011929035703993823,NA,NA,NA,0.05381529869060763,NA,NA,NA
E2.BRODIA.1,NA,0.045368165307101284,0.01595927098648275,NA,NA,0.01786010660465016,-0.021773653080719876,NA,NA,0.1071529745908273,0.032090902070929406,NA
E2.CAUCOU.1,NA,NA,NA,NA,NA,NA,NA,NA,NA,NA,NA,NA
E2.EROCIC.1,0.04818319109597569,0.036200762913747506,0.037484566331689395,NA,0.01964713937561502,0.020268505686279976,0.035130770302199174,NA,0.08758720326960598,0.09923962889302095,0.11545170506543306,NA
E2.PHATAN.1B,NA,NA,NA,NA,NA,NA,NA,NA,NA,NA,NA,NA
E3.AIRCAR.1,0.037724202038912545,0.03788318236786585,0.027642645162817513,NA,0.0447365696079108,0.018043039440156828,-0.08675632284814612,NA,0.14495854468413358,0.08791190244570936,-0.002581397532449318,NA
E3.BRODIA.1,NA,0.010272701003823693,0.061898654819127596,NA,NA,0.026410467353004764,-0.01927671764914885,NA,NA,0.06919028252691871,0.11320699004072741,NA
E3.BROHOR.1,NA,0.0130795196163924,0.06422219589997288,NA,NA,0.022920610428123038,-0.03960841031771115,NA,NA,0.05499597515283231,0.07244168368430952,NA
E3.DAUPUS.1,0.019647139375615026,0.033213529586488974,0.04960276256174004,NA,0.026659506944613276,-0.005881340541740473,0.006286950234274299,NA,0.0867717337445828,0.06504462599073223,0.07029935111520559,NA
E3.ESCCAL.1,0.0463066463202283,0.018960860158132874,0.011329044930231772,0.039491486536630344,0.01106469509429926,-0.004307464278210404,-0.003952581534032264,0.050905040659675285,0.08231023705754888,0.024203406270964328,0.015159234701375368,0.1122269099602368
E3.GALPAR.1,0.05331901388922656,0.06390327318924463,NA,NA,0.08556244428939747,0.024057771420818302,NA,NA,0.12223283962876713,0.11582062520324785,NA,NA
E3.MADGRA.1,0.026659506944613283,0.025434108398847424,0.043230977806168025,NA,0.026659506944613283,0.0273321890447485,0.06942607681472904,NA,0.08442132418468001,0.08431417811712802,0.07794322159825118,NA
E4.AMSMEN.1,0.02152368415136241,NA,NA,NA,0.009275463723726451,NA,NA,NA,0.08200738873328328,NA,NA,NA
E4.BRODIA.1,NA,0.03761550839392636,0.017570071076208622,NA,NA,0.003177005993477507,-0.010638673673780722,NA,NA,0.10727254867116942,0.05036773613625497,NA
E4.BROMAD.1,NA,0.05086854344983498,NA,NA,NA,0.008038735227229591,NA,NA,NA,0.07264289588831842,NA,NA
E4.EROCIC.1,NA,NA,NA,NA,NA,NA,NA,NA,NA,NA,NA,NA
E4.LUPMIC.1,0.013718267074566633,0.03877169366018936,0.042127340197328875,NA,0.061901458170542316,0.006077385226465156,0.05575068230921133,NA,0.053319013889226566,0.060250260873206465,0.13083825402717236,NA
E5.AVEBAR.1,NA,NA,NA,NA,NA,NA,NA,NA,NA,NA,NA,NA
E5.BRODIA.1,NA,0.013079519616392392,0.00520918733697014,NA,NA,0.009280066853283251,-0.015989022512440648,NA,NA,0.06281134239172192,-0.03630469082356024,NA
E5.BROMAD.1,NA,0.030709961757297878,0.00490156770393213,NA,NA,0.014734142015990813,-0.0019164686524153238,NA,NA,0.04267488842186258,-0.03457009671572845,NA
E5.CENMEL.1,0.06891382573954058,0.030960511090770772,0.05593527834349711,NA,0.01371826707456664,0.017117040356844204,0.07294988090765353,NA,0.12858206079643825,0.03354253391894937,0.09337351571702128,NA
E5.EROCIC.1,0.08658814610024981,0.03247757223919313,0.0151807965048353,NA,0.01106469509429926,0.022359586469675657,0.04126763878036154,NA,0.1420426634702155,0.10244553796587924,0.064399718800939,NA
E5.MICCAL.1,0.039600746814659936,0.039067428132090326,NA,NA,0.037724202038912545,0.017470880078475633,NA,NA,0.08264811511738476,0.09339416377840289,NA,NA
E6.BRODIA.1,NA,0.030535357463531743,-0.005124026533023342,NA,NA,0.0020818877786313254,0.011584717374518988,NA,NA,0.06822707950132048,-0.012799455830346673,NA
E6.BROMAD.1,NA,0.05868253043277965,NA,NA,NA,0,NA,NA,NA,0.09182282942138026,NA,NA
E6.CENMEL.1,0.07834161258696308,0.03250453259556075,0.04861465029414084,NA,0.009665939549265628,0.018560133706566503,0.07896573485473055,NA,0.13892801826718695,0.05781088611646958,0.05553432944800812,NA
E6.CORFIL.1,0.029313078924880647,0.015161407395023726,0.04516419379079896,0.03215955693771892,0.02260717941931228,0,0.036487544554713605,0.027809512616101692,0.060889254004489496,0.0631985605098495,0.06588703162175381,0.05051508580824151
E6.EROCIC.1,0.06556723431686251,0.046846849319731876,0.0040303995774977515,NA,0.01807706266329752,-0.004307464278210404,-0.049895132027059315,NA,0.12449986023005369,0.0927391720710469,-0.0052462682328997595,NA
E6.STIPUL.1,NA,0.02235958646967565,0.0029445758914095955,0.006197677391636843,NA,0,0.012770640594149774,0,NA,0.023676425002587105,0.05558854714133983,0.0024522012233343642
E7.BROHOR.1,NA,0.024842200699873338,NA,NA,NA,0.018703822427514262,NA,NA,NA,0.07561755506707286,NA,NA
E7.BROMAD.1,NA,0.02917600884603717,NA,NA,NA,0,NA,NA,NA,0.09358097277745872,NA,NA
E7.ELYCAP.1,0.02665950694461328,0.020277698691044326,0.05044533189952792,NA,0.03917575311517589,0.013079519616392407,-0.057821699403584725,NA,0.04777003353705635,0.03402130326254605,0.10470980029342175,NA
E7.MICCAL.1,0.0422543187949273,0.04314529667582124,NA,NA,0.04067503084116678,0.020367715273919278,NA,NA,0.12145581242424715,0.08547388986827828,NA,NA
E8.AVEBAR.1,-0.01236860092797933,0.041196615134028995,0.0458360026195207,NA,0.08951068098401604,0.014364871505011726,0.004399454843772688,NA,0.11693591474485589,0.1065395536108762,0.07682468085255667,NA
E8.BRODIA.1,NA,0.03178334204390666,0.0285894822945116,NA,NA,0.011645591791526792,-0.006811743526999946,NA,NA,0.09785917928938427,0.04787887301043351,NA
E8.BROHOR.1,NA,0.04902663721756171,NA,NA,NA,0.005388841440747293,NA,NA,NA,0.09355826274189948,NA,NA
E8.DAUPUS.1,0.037724202038912545,0.048518625702460454,0.02838621754510838,NA,0.02665950694461328,-0.009280066853283251,0.023901626915860178,NA,0.03961924238532726,0.09065577581363318,0.004484590629248177,NA
E8.EROBOT.1,0.04926668636392555,0.0447191729393513,0.033991536440659005,NA,0.007012367568998248,0.034530368119400426,0.03307463931271062,NA,0.1244622450305161,0.09508674285092182,0.07682850458024255,NA
E8.GERDIS.1,0.03890772737224923,0.0432185272737096,NA,NA,0.015594811850314015,0.019552767857106957,NA,NA,0.08456246760348625,0.09549777875883506,NA,NA
E8.MADGRA.1,0.04926668636392555,0.0419123543267826,0.02845553566907889,NA,0.02152368415136241,0.05966384000377036,0.05005217911925919,NA,0.11568510979831768,0.04947037406523118,0.09506172513017433,NA
E8.TORARV.1,0.04997242246654849,0.04752599155192001,0.02676103529253533,NA,0.03524195122592904,-0.01647824592793518,0.012770640594149762,NA,0.0890953800504947,0.05472417062657193,0.08227991216119565,NA
E8.TRIHIR.1,0.059247886190274955,0.03766468258564713,NA,NA,0.02152368415136241,0.03693975175170977,NA,NA,0.10820810449077062,0.117244326105045,NA,NA
F1.ACMPAR.1,NA,0.033821698379714694,NA,NA,NA,0.06710034996742459,NA,NA,NA,0.033821698379714694,NA,NA
F1.AIRCAR.1,0,0.03974756930822019,0.0453208704679243,NA,0.040602593254070646,0.0083159329936858,-0.04175876561651227,NA,0.03981141175456159,0.07380956662986915,0.04600818004134881,NA
F1.BRODIA.1,NA,0.026661720283913164,0.03947033333171925,NA,NA,0.021227205041864528,-0.0402182987954009,NA,NA,0.061056099229133375,0.09592463851235268,NA
F1.BROHOR.1,NA,0.043198723051564414,0.05932610927271131,NA,NA,0.014375648411440926,-0.006689023182071704,NA,NA,0.0904300105496711,0.10538888387120844,NA
F1.DANCAL.1,NA,NA,NA,0.005545290297780322,NA,NA,NA,-0.015141161707988463,NA,NA,NA,-0.01322707517267927
F1.ESCCAL.1,0.02166084939249829,0.051864737819871526,0.017793044505629754,0.0019495177672927966,0.007536314275527742,-0.002555447315645575,-0.008968897076227248,0.04707210335484464,0.06889389639480757,0.052153298153337586,0.048114837614878975,0.014346381729193287
F1.GALPAR.1,0,0.051864737819871526,0.014033271826916141,NA,0.05788700284514031,0.02252213261883609,0.009722905927750342,NA,0.07348047678635868,0.06053075258817862,0.1234817389081773,NA
F1.HYPGLA.1,0.04332169878499658,0.007694605217731371,0.09759689687921358,NA,0.021660849392498294,0.013981555452005676,0.011391160060428384,NA,0.12085460754974689,0.04310984991314028,0.16338237661042934,NA
F1.MADGRA.1,0.030650914156616443,0.05029706974825919,0.054544977457877494,NA,0.021660849392498294,0.04480286152173313,0.06999149540245113,NA,0.0917612500016882,0.09245303813810918,0.12006914700854233,NA
F2.AVEBAR.1,NA,0.02785346769996376,0.06802362382583553,NA,NA,0.007694605217731384,0.04132044662780852,NA,NA,0.050980168551959845,0.1712664201548679,NA
F2.BROARE.1,NA,0.016741648820058654,-0.003405620058120346,NA,NA,0,0.015181769621335266,NA,NA,0.005567520660656727,0.010501970283601138,NA
F2.BRODIA.1,NA,0.011891051251438951,0.03511575632784488,NA,NA,0.011719580193874183,-0.030624282830791338,NA,NA,0.0720990784794582,0.055122831610285174,NA
F2.BROMAD.1,NA,0.037454819609294907,NA,NA,NA,0.006286950234274291,NA,NA,NA,0.021192581312304937,NA,NA
F2.EROCIC.1,0.04332169878499658,0.03488279005787862,0.02891765038189608,NA,0.011146091998085396,0.01398155545200566,0.03168982888122588,NA,0.09632030316907306,0.06581678150746842,0.08876108503986768,NA
F2.ESCCAL.1,0.03683296863567644,0.04780325383172036,0.008605399381042492,-0.058109364176815975,0.0036807198642619943,-0.027963110904011344,0.022348554435955008,0.043803186686903896,0.055571128715336496,0.06403843621628214,0.02619852273535084,-0.03134058157166386
F2.MIRMUL.1,NA,NA,0.005881340541740473,NA,NA,NA,Inf,NA,NA,NA,0.013079519616392392,NA
F3.AVEBAR.1,NA,0.0526226311550017,NA,NA,NA,0,NA,NA,NA,0.10183353997017916,NA,NA
F3.BRODIA.1,NA,0.03401706863956564,0.037921661606385715,NA,NA,0.027352780659204403,-0.03067513331997255,NA,NA,0.09640733696513232,0.051513087829414196,NA
F3.BROHOR.1,NA,0.03635036296887158,0.03236458415689628,NA,NA,0,-0.033213529586488974,NA,NA,0.056355101715637776,0.07922858745975835,NA
F3.CLAPUR.1,0.03914884276548025,0.053815439595333386,-0.002137989972796177,NA,0.0580093121989258,0.029370765887468415,0.0029058637258205957,NA,0.12401126172603004,0.09335222172602806,0.040870095535849645,NA
F3.GERDIS.1,0.040602593254070646,0.05962893490505934,NA,NA,0.014687613413929233,0.013981555452005676,NA,NA,0.07979392412942714,0.10709083076904959,NA,NA
F3.MADGRA.1,0.03602123468557455,0.04022189258644381,0.02803317063145771,NA,0.021660849392498294,0.0700493904308095,0.06126458733573089,NA,0.09132687726398953,0.06547595788689993,0.06965422791063373,NA
F3.TORARV.1,0.03914884276548025,0.04960276256174003,0.02906618863434088,NA,0.015963300742687203,0,0.02084449374652143,NA,0.08664339756999317,0.08448555261961864,0.06718854838718387,NA
F3.TRIHIR.1,NA,0.051864737819871526,0.012642219688115845,NA,NA,0.013981555452005672,0,NA,NA,0.0933810414173176,0.0688262610439542,NA
F4.AVEBAR.1,NA,0.04176173352051035,0.048289029967980956,NA,NA,0.003983203004201541,-0.02416892410358029,NA,NA,0.1225994551141735,0.017174684709876126,NA
F4.BRODIA.1,NA,0.020268505686279976,0.05505086289894703,NA,NA,0.01653700276765125,-0.0347747167613797,NA,NA,0.07131615732134812,0.08944713935164525,NA
F4.BROHOR.1,NA,-0.0030003923099872305,0.0888233253409532,NA,NA,0.019297096135704246,-0.08796857765384196,NA,NA,0.03157919940485767,0.09817638461517839,NA
F4.ELYCAP.1,0.014687613413929233,0.013981555452005676,0.03600903955975415,NA,0.03683296863567645,0.03289762275368973,-0.025851844188263463,NA,0.04756027512316224,0.04454837506319441,0.06534687948078485,NA
F4.MICCAL.1,0.014687613413929233,NA,NA,NA,0.05912009149328243,NA,NA,NA,0.0769510560604982,NA,NA,NA
F4.PLAERE.1,0.02166084939249829,0.03159623213359156,NA,NA,0.01051475739441289,0.018586086232161632,NA,NA,0.05990383163068941,0.07145039428904185,NA,NA
F4.TRIHIR.1,0.026478058137100115,0.028506157696016127,0.02404822715187299,NA,0.017487993372981958,0.004604530780155948,0.01752957679945071,NA,0.08853791700175674,0.06961437654701384,0.08004696223680025,NA
F5.AVEBAR.1,NA,0.0684798442644487,0.038069746955877996,NA,NA,0,-0.05026272961440484,NA,NA,0.11190175747137922,0.05805475867254573,NA
F5.BRODIA.1,NA,0.03488279005787862,0.04249720650685814,NA,NA,0.0229020566788515,-0.03446131691918018,NA,NA,0.0920630685614487,0.07744866429209811,NA
F5.BROHOR.1,NA,0.044802861521733135,0.055988072370244966,NA,NA,0.023070676861409824,-0.006240384736271546,NA,NA,0.13887654978617958,0.09808184918187397,NA
F5.BROMAD.1,NA,0.028836138765538567,NA,NA,NA,0.0016824194541183502,NA,NA,NA,0.07057855962319702,NA,NA
F5.ELYCAP.1,0.00899006476411815,0.016741648820058647,0.03738734132712207,NA,0.021660849392498294,0.026280691449892986,-0.0300993201081484,NA,0.032040031736954994,0.05146831972673165,0.07861943685165455,NA
F5.HOLVIR.1,0.034331634020878424,0.0598138294961416,0.03896593792163653,0.005654594128330113,0.034331634020878424,0.017614676681585895,0.1350088737324692,0.05388731700159423,0.09659507666744736,0.1575108413601491,0.0780372334321637,0.020853172180613555
F5.MICCAL.1,0.01748799337298196,0.07465392121096545,NA,NA,0.06912283514768484,0.031646535218545324,NA,NA,0.07861494713921105,0.1369000451824907,NA,NA
F5.PLAERE.1,0.027931808625690516,0.03682209068970193,NA,NA,0.031353190901993275,0.022132892626634305,NA,NA,0.07834670514885508,0.08557013673480555,NA,NA
F5.TRIHIR.1,0.028634085371067347,0.04219915281455571,0.016119701873487102,NA,0.028634085371067354,0.03018857715013448,0.003584899530866466,NA,0.07765333280587501,0.12604115160203896,0.07394015149209111,NA
F6.AVEBAR.1,NA,NA,NA,NA,NA,NA,NA,NA,NA,NA,NA,NA
F6.AVEFAT.1,NA,0.04701051182397213,NA,NA,NA,0.006286950234274307,NA,NA,NA,0.0732508489584103,NA,NA
F6.BRODIA.1,NA,-0.047803253831720356,0.07395192102888937,NA,NA,0.00691967915386728,-0.029084849535568946,NA,NA,-0.0058621650820375295,0.028960523013592015,NA
F6.BROHOR.1,NA,0.027963110904011337,0.042971020422208094,NA,NA,0.022132892626634287,-0.06152755634994435,NA,NA,0.05100477408375937,0.12193821249832994,NA
F6.BROMAD.1,NA,0.0671003499674246,NA,NA,NA,0.004934511849678391,NA,NA,NA,0.12636244355506823,NA,NA
F6.CENMEL.1,0.060809692157978545,0.050182318365753174,0.05037571769670166,NA,0.0216608493924983,0.025584046369978523,0.07270306222014881,NA,0.1230731348045475,0.0935597089601451,0.09758059191008439,NA
F6.CORFIL.1,0.02166084939249829,0.03159623213359155,0.017687608368739016,0.03888275260487455,0.005697548649811084,0.005315540683698561,0.029576773166696765,0.022872214393457383,0.10083887482866805,0.039833884143327745,0.04291123043706199,0.0721950952149233
F6.EROCIC.1,0.04700241864925857,0.056255752384581914,0.02081682513744207,NA,0.007853575883778323,0.02753474814544039,0.05711721478408115,NA,0.11151119681954466,0.15262367670579002,0.07128836543888292,NA
F6.ESCCAL.1,0.03914884276548025,0.05240778461187631,0.025221311403183864,-0.010874698729227516,0.023350450057194397,0.014581270717932204,0.02149266858689964,0.02853770515268872,0.07493422727494907,0.08481429161675426,0.03090256890758317,0.06343108999024238
F6.MICCAL.1,0.034331634020878424,0.047077274204208916,NA,NA,0.06532038930575162,0.031891589473554395,NA,NA,0.10299490206263527,0.10287185212240266,NA,NA
F6.STIPUL.1,NA,0.01878369570488525,0.020844493746521427,-0.010724797458467935,NA,0,-0.004340989447475112,0.010724797458467923,NA,0.029675176719315497,0.013096341355220763,0.017834485822808593
F7.AMSMEN.1,0.016440409246774347,NA,NA,NA,0.005697548649811077,NA,NA,NA,0.0635511468952981,NA,NA,NA
F7.AVEBAR.1,NA,0.06048341866362786,0.04076425932346962,NA,NA,0.025032310461480557,-0.03815146470576295,NA,NA,0.09589383329137467,0.0669894118662537,NA
F7.BROARE.1,NA,0.016207021698128817,NA,NA,NA,0.01620702169812881,NA,NA,NA,0.043803291284724426,NA,NA
F7.BRODIA.1,NA,0.037331446459367874,0.028806012590408613,NA,NA,-0.032052964090488814,-0.003867590368666847,NA,NA,0.09532312142535844,0.038869935825052375,NA
F7.BROMAD.1,NA,0.05018231836575317,NA,NA,NA,0.00769460521773137,NA,NA,NA,0.04786716999204185,NA,NA
F7.PHATAN.1,0.026028410091722,NA,NA,NA,0,NA,NA,NA,0.07479865222499289,NA,NA,NA
F8.AVEBAR.1,NA,0.01065295764098635,0.08307568372594151,NA,NA,0.005268550196880622,-0.030664208947801225,NA,NA,0.08283007418188687,0.09163816974069014,NA
F8.BRODIA.1,NA,0.033865229822537986,0.03138892253337456,NA,NA,0.013640543574839788,-0.02902630208065703,NA,NA,0.08483867305850316,0.05867801973011438,NA
F8.BROHOR.1,NA,0.03285708325788946,0.055497859049451724,NA,NA,0.021680444237487505,-0.020415553920295735,NA,NA,0.07798614817366381,0.07896132557672174,NA
F8.CLAPUR.1,0.014687613413929233,0.055716804777112376,0.019908980878369842,NA,0.060809692157978545,0.03354102544016696,-0.05384946391054611,NA,0.10285570361421714,0.09145850662722677,0.04135713163192974,NA
F8.EROBOT.1,0.01596330074268721,0.050600513481091784,0.03883964525814678,NA,0.009692341509494981,0.017743430223202326,0.03722979727474799,NA,0.06853339301791866,0.10736749488028548,0.05249211350591436,NA
F8.GERDIS.1,0.026478058137100115,0.046944749438930386,NA,NA,0.017487993372981958,0.01738698389460281,NA,NA,0.08717594337795727,0.09277197012068936,NA,NA
F8.MADGRA.1,0.027031169921456398,0.03486815198608737,0.03304389599955798,NA,0.01267078462838013,0.035439106086068053,0.056369860728942435,NA,0.08606516408360068,0.05010264250378616,0.06734035221697572,NA
F8.TORARV.1,0.026478058137100115,0.03386522982253799,0.046293049202881374,NA,0.00899006476411815,-0.009280066853283251,0.04471917293935131,NA,0.05383645617940948,0.09225583007725577,0.08904742365555553,NA
F8.TRIHIR.1,0.008990064764118153,0.03675594461897951,0.03331930862932613,NA,0.00899006476411815,0.007198179074651926,0.014336260119563885,NA,0.024639292511383436,0.1155838056271715,0.059595769366419415,NA
F8.VICSAT.1,0,0.04585115099777939,NA,NA,0.019644020606949197,0.0030745219291717666,NA,NA,0.029674272172113186,0.07436824356732562,NA,NA
G1.BROHOR.1,NA,0.05992863915563652,NA,NA,NA,-0.0027484216916209623,NA,NA,NA,0.08833174384261601,NA,NA
G1.DAUPUS.1,0.03543910608606806,0.05331901388922656,0.011340796677792767,NA,0.01647824592793518,-0.008582444281315759,0.017487993372981958,NA,0.07310378867171519,0.08699088840283808,0.05154630707970359,NA
G1.EROBOT.1,0.040411708661140903,0.06455503015080968,NA,NA,0,0.01807706266329751,NA,NA,0.1290985847784396,0.07842838428414313,NA,NA
G1.GERDIS.1,0.06277129513081656,0.03336540645018166,NA,NA,0.018052122191465247,-0.005928872301048395,NA,NA,0.11595383144008693,0.10819184512106682,NA,NA
G1.LUPBIC.1,0.05191735201400324,0.007012367568998257,NA,NA,Inf,-0.005928872301048395,NA,NA,0.13704823361449545,-0.0013987555450336415,NA,NA
G1.TORARV.1,0.05499187394317501,0.04225431879492729,0.0445331686067581,NA,0.02235958646967565,0.005928872301048395,0.05199005640144102,NA,0.11487245427755004,0.10425580703085643,0.07487060936647814,NA
G1.TRIHIR.1,0.05191735201400324,0.05519555866497394,NA,NA,0.02235958646967565,0.04225431879492729,NA,NA,0.11121669023538866,0.13552756378262582,NA,NA
G2.AVEBAR.1,NA,0.03755806122566192,0.060344101505257784,NA,NA,0.01051128211537235,-0.027650779234246636,NA,NA,0.13434959114531253,0.06486885982853534,NA
G2.BRODIA.1,NA,0.02380920032331629,NA,NA,NA,0.024373990772659414,NA,NA,NA,0.08081476871663143,NA,NA
G2.BROHOR.1,NA,0.0556507301129356,NA,NA,NA,0.005928872301048387,NA,NA,NA,0.08399495331364094,NA,NA
G2.BROMAD.1,NA,0.03809225784722604,NA,NA,NA,0,NA,NA,NA,0.0478390839425216,NA,NA
G2.ELYCAP.1,0.022359586469675657,0.02212939018859852,0.04101850180521285,NA,0.04914501556881857,0.03300872811228439,-0.04266341109290876,NA,0.04678623283240044,0.05251491062694525,0.08931059043779901,NA
G2.MICCAL.1,0.026868036223713032,0.04794355456710507,NA,NA,0.04499139450857275,0.02714128616842789,NA,NA,0.10362758893758961,0.09104902188157478,NA,NA
G2.PLAERE.1,0.032632287473499354,0.029196351859682414,NA,NA,0.03335721830743672,0.026659506944613283,NA,NA,0.08373293600413842,0.08536567237020595,NA,NA
G2.TRIHIR.1,0.05399923979263457,0.035241951225929054,0.016862212380213116,NA,0.03802112891424665,0.02811105802087663,0.007160932878179437,NA,0.12609488189970122,0.05894141812684509,0.08898947328927141,NA
G3.AVEBAR.1,NA,NA,NA,NA,NA,NA,NA,NA,NA,NA,NA,NA
G3.AVEFAT.1,NA,0.05458016092088006,NA,NA,NA,0.017384043220886818,NA,NA,NA,0.10824069722403987,NA,NA
G3.BRODIA.1,NA,0.04069695874282204,0.004579546157348931,NA,NA,0.01649983098147533,-0.0314802831113691,NA,NA,0.07479589873476812,-0.06579987515048048,NA
G3.BROHOR.1,NA,0.05271330785199045,NA,NA,NA,0.015594811850314007,NA,NA,NA,0.07674942056481397,NA,NA
G3.BROMAD.1,NA,0.061901458170542316,NA,NA,NA,0.0020795085103952208,NA,NA,NA,0.07002873100389645,NA,NA
G3.CENMEL.1,0.08274030185359796,0.03582916169249783,0.04425460388342413,NA,0.015161407395023726,0.004530116756014762,0.057128972293716565,NA,0.14816443886302652,0.05238086259209984,0.010828438611537455,NA
G3.CORFIL.1,0.027332189044748507,0.02230071135588239,0.013506784995425326,0.025670361205086055,0.0130795196163924,0.015594811850314024,0.018560133706566503,0.01538921043546274,0.07843283757538755,0.03286912164880059,0.04678010711898922,0.07217222441670827
G3.EROCIC.1,0.051917352014003236,0.0481831910959757,0.008492260569969809,NA,0.023933462733205714,0.022810143153960103,0.01802054749871556,NA,0.12107799920166154,0.1274541209629034,0.034267716851577756,NA
G3.MICCAL.1,0.042328593192457055,0.046893856786797104,NA,NA,0.07765868239708472,0.04968967691044637,NA,NA,0.1415471409739902,0.090121937427274,NA,NA
G3.STIPUL.1,NA,0.023106686939574236,0.018267918620720015,-0.005433724713589135,NA,-0.007012367568998257,0.007824935735377046,-0.009067687048662251,NA,0.055695066185235904,0.042682386632317174,0.014955958114953831
G4.AMSMEN.1,0.026975742716148984,0.04433382730532253,NA,NA,0.012086885465851951,0.03118962370062803,NA,NA,0.09604964282557374,0.07314462940163009,NA,NA
G4.BRODIA.1,NA,0.04005591826262159,0.0197448840631551,NA,NA,0.01455524752770173,-0.019345036306815194,NA,NA,0.11908800338951173,-0.007098536099081901,NA
G4.BROMAD.1,NA,0.03203496626673477,NA,NA,NA,0.01106469509429926,NA,NA,NA,0.023452521985419004,NA,NA
G5.AVEBAR.1,NA,0.04580713879996634,0.052369042423302176,NA,NA,-0.006000163402945419,-0.026183556671986907,NA,NA,0.12341785344053666,0.06593096699122232,NA
G5.BRODIA.1,NA,0.03936111028578931,0.039212925126356164,NA,NA,0.009515698973609257,-0.03994396628706868,NA,NA,0.09727772917165173,0.06371257359493553,NA
G5.BROHOR.1,NA,0.04585147487226666,NA,NA,NA,0,NA,NA,NA,0.09324161646044485,NA,NA
G5.BROMAD.1,NA,0.04500274048654825,NA,NA,NA,0,NA,NA,NA,0.07023380331772087,NA,NA
G5.ELYCAP.1,0.026868036223713032,0.016148224829240925,0.03825892482716696,NA,0.050722472282379076,0.016313740043089123,-0.03807892221015178,NA,0.05159585532160873,0.043905661847175814,0.0662208537429309,NA
G5.EROCIC.1,NA,NA,NA,NA,NA,NA,NA,NA,NA,NA,NA,NA
G5.HOLVIR.1,0.0130795196163924,0.0422543187949273,0.042215888957521486,0.020750750461197898,0.035439106086068053,0.01106469509429926,0.10028875233044013,0.0721823880072367,0.08224016680405069,0.10154510687304323,0.0782824700370313,0.08286354904593177
G5.MICCAL.1,0.032632287473499354,0.04768041872800058,NA,NA,0.04177240588811816,0.02433301611843439,NA,NA,0.10139897652774374,0.09796012542660597,NA,NA
G5.PLAERE.1,0.035439106086068053,0.03524195122592904,NA,NA,0.019285064540503875,0.007012367568998265,NA,NA,0.09546337514139085,0.0512013301514178,NA,NA
G6.ACMPAR.1,0.051917352014003236,0.039600746814659936,0.016547896210463035,NA,Inf,0.04225431879492729,-0.006077385226465156,NA,0.07427693848367889,0.11304468931021526,0.02221119743697629,NA
G6.AIRCAR.1,0.022359586469675653,0.026659506944613283,0.0273321890447485,NA,0.02235958646967565,-0.007012367568998257,-0.051917352014003236,NA,0.05779869255574371,0.08521437369247754,0.06335253724380616,NA
G6.BRODIA.1,NA,0.01894140327299209,0.04715156497968566,NA,NA,0.029509813565910273,-0.017016504340132955,NA,NA,0.08116125741478558,0.09019359143810879,NA
G6.BROHOR.1,NA,0.0036657761463201833,0.08518142974660209,NA,NA,0.03721477024083483,-0.02160475137025868,NA,NA,0.05866460017026453,0.1389104090544176,NA
G6.CLAPUR.1,0.040411708661140903,0.013718267074566633,NA,NA,0.07318334004252787,0.04044402991577402,NA,NA,0.09540358260431592,0.12164562916219834,NA,NA
G6.DANCAL.1,NA,NA,0.016906028794145003,0,NA,NA,0.007016635913458068,0.006199107139809651,NA,NA,0.05249630030458351,0.019100289141545688
G6.GALPAR.1,0.035439106086068053,0.04225431879492729,0.054288386598618746,NA,0.06277129513081657,0.04798645645494604,0.019591071520678044,NA,0.13084268869038396,0.08349643342380177,0.11658801692631397,NA
G6.HYPGLA.1,0.035439106086068053,0.0422543187949273,0.057271595423258825,NA,0.03221060742293958,0.005638595161225992,0.012627602181994714,NA,0.10167994657886081,0.09459957083860425,0.10564436146313945,NA
G7.AIRCAR.1,0.040411708661140903,0.03179532973786415,0.04851862570246045,NA,0.05026272961440483,0.013515303339918803,-0.048518625702460454,NA,0.153927205993997,0.07200178258976021,6.239665433268199e-4,NA
G7.BRODIA.1,NA,0.024461106412307563,0.05007855537732314,NA,NA,0.026933255704954195,-0.021200662210174626,NA,NA,0.06364702781266142,0.10665780220927715,NA
G7.BROHOR.1,NA,0.024686687929707494,NA,NA,NA,0.038517251546710075,NA,NA,NA,0.05722597777692281,NA,NA
G7.ESCCAL.1,0.022359586469675653,0.0422543187949273,0,0.015982337358432266,0.02235958646967565,-0.015594811850314015,-0.016503504299046318,0,0.08015827902541935,0.09309108187117034,0.025622367448001223,-0.03794982470591357
G7.GALPAR.1,0.04471917293935131,0.05083676307624306,0.03985658175170646,NA,0.05271388790401523,0.04194034530880572,0.011043740817382654,NA,0.12487745196477067,0.10760239845353452,0.13223499323151172,NA
G7.MADGRA.1,0.035439106086068053,0.07484269804058898,0.03582430327784067,NA,0.02235958646967565,0.008582444281315774,0.031046536435635808,NA,0.10971604456974696,0.14320311080120265,0.04015155667414295,NA
G8.AVEBAR.1,NA,0.01106469509429926,0.05889620933889143,NA,NA,9.268289068869409e-4,-0.017961865692362564,NA,NA,0.07094622886932442,0.06941579267901604,NA
G8.BRODIA.1,NA,0.022771194757252953,0.035915477786813865,NA,NA,0.02152368415136241,-0.02709524782055679,NA,NA,0.05298978835269697,0.08695220062981704,NA
G8.BROHOR.1,NA,0.03960074681465993,NA,NA,NA,-0.009427786847422506,NA,NA,NA,0.06245303960402914,NA,NA
G8.DAUPUS.1,0.032632287473499354,0.05502869706502786,0.03500370293403354,NA,0,0.01106469509429926,0.021660849392498287,NA,0.07065341638774601,0.0681506492728266,0.011326024755986153,NA
G8.EROBOT.1,0.031639653322958906,0.048183191095975686,0.017761914643200385,NA,0,0.017384043220886825,0.02002391590414219,NA,0.10971604456974697,0.08701313979973382,0.028200254923366322,NA
G8.GERDIS.1,0.05399923979263457,0.048183191095975686,NA,NA,0.0130795196163924,0.019647139375615037,NA,NA,0.11159819137263889,0.08612328155914202,NA,NA
G8.LUPBIC.1,0.040411708661140903,0.03632544649387891,0.03964530447066105,NA,Inf,0.019647139375615037,0.021309086787771037,NA,0.10540858029153653,0.04739014158817816,0.08079150478173074,NA
G8.MADGRA.1,0.06427194079645826,0.04451741494965551,0.02346511930182378,NA,0.026159039232784807,0.01106469509429926,0.011879665668976523,NA,0.12165439448652753,0.073830493874536135,0.03331357543230851,NA
G8.TORARV.1,0.03543910608606806,0.03929427875123005,NA,NA,0.022359586469675653,0,NA,NA,0.08983907233026896,0.08560092507145838,NA,NA
G8.TRIHIR.1,0.06277129513081656,0.04658039508056923,0.01575334501272603,NA,0.007198179074651926,0.02260717941931228,0.02659252846932397,NA,0.11229806739792553,0.1271461263809779,0.07467464760318888,NA
H1.AVEFAT.1,NA,0.0637780029462897,0.01925408834888736,NA,NA,0.006647800493823485,-0.016327407358392197,NA,NA,0.09606122343520443,0.03493594291544359,NA
H1.BRODIA.1,NA,0.04340250968529965,-0.005488019786659394,NA,NA,0.010458989057063132,-0.04363758096325085,NA,NA,0.07570327367351673,-0.06100048896504655,NA
H1.BROHOR.1,NA,0.03707048126965802,NA,NA,NA,0.026369825155370563,NA,NA,NA,0.10357239077957996,NA,NA
H1.BROMAD.1,NA,0.05865348275173707,NA,NA,NA,-0.010052577131236253,NA,NA,NA,0.05608469904236532,NA,NA
H1.CENMEL.1,0.05082375357285222,0.019380968496977576,0.06279162423415029,NA,0.022359586469675657,0.02331291552193522,0.07741568907508689,NA,0.10920368824158556,0.0517726131016096,0.11237540315013417,NA
H1.CORFIL.1,0.05779869255574371,0.014708991205012687,0.027157432719487798,0.0031852869010694927,0.007198179074651926,0.013458889464848517,0.014124535116970545,0.0030003923099872305,0.09202036870688121,0.05227320759062575,0.053601906758782736,0.02048709129970106
H1.MICCAL.1,0.035439106086068053,0.04815891217303744,NA,NA,0.05666671449731563,0.020289912096724264,NA,NA,0.10971604456974696,0.08347286595909832,NA,NA
H1.STIPUL.1,NA,0.02073063464356488,0.022809982628179678,0.00181009756863257,NA,0.01106469509429926,0.013014320649660993,0,NA,-0.005526129998460105,0.04722445063977683,0.059505935981087055
H2.AIRCAR.1,NA,0.05248745555864675,0.03268651734945899,NA,NA,0.00964648227267551,-0.03217560678691119,NA,NA,0.11799180713467862,0.005328119307149604,NA
H2.BRODIA.1,NA,0.016218604324326577,0.056339091726569736,NA,NA,0.013559014673573238,-0.04292247265568388,NA,NA,0.05448988805348229,0.06719280022093198,NA
H2.BROHOR.1,NA,0.03923317012046905,0.044851278328442545,NA,NA,-0.01150728289807123,-0.01902403448024044,NA,NA,0.06973244507890947,0.021479035940711804,NA
H2.DANCAL.1,NA,NA,NA,NA,NA,NA,NA,NA,NA,NA,NA,NA
H2.DAUPUS.1,0.027332189044748503,0.055451774444795626,0.04533664324627568,NA,0.026159039232784807,-0.004711321426255352,0.04721650357716818,NA,0.0840372831593412,0.1322906224731181,0.05799528569172958,NA
H2.ESCCAL.1,0.038837832397610836,0.03822045780109745,0.0236876646742924,-0.0248902623626089,0.010272701003823707,0,0.028830020626232907,0.022525839339342477,0.08264826737029453,0.08245521018053488,0.04573509328333278,0.039908535098310355
H2.GALPAR.1,0,0.04394449154672438,0.05778852673925581,NA,0.04940246357949641,0.037295074785031176,0.0193484564049805,NA,0.06499687163039564,0.09518184536520696,0.12788344330256252,NA
H2.MADGRA.1,0.029557765544327583,0.03973007092041134,0.05912084094619117,NA,0.022359586469675657,0.024245432142812627,0.06352412677481455,NA,0.0896393313545296,0.07322965049195865,0.06841727116110138,NA
H3.AMSMEN.1,0.014580165282034104,NA,NA,NA,0.005881340541740466,NA,NA,NA,0.06824162120798173,NA,NA,NA
H3.AVEBAR.1,NA,0.07726085646412856,0.011088767420111157,NA,NA,0.008143958209649575,-0.006388885893627843,NA,NA,0.12759843352413547,0.047735213733555534,NA
H3.BRODIA.1,NA,0.01150728289807123,0.03454034994786177,NA,NA,0.017138185053314513,-0.04165911242474073,NA,NA,0.062008593301718165,0.05311470184693999,NA
H3.BROMAD.1,NA,0.04865581297297974,NA,NA,NA,-0.01880014516982942,NA,NA,NA,0.06106201010513331,NA,NA
H3.EROCIC.1,0.040411708661140903,0.036651629274966215,0.017412023993366412,NA,0.022359586469675657,0.03459989749946418,0.0442715671030707,NA,0.10049698464036375,0.11470759094344757,0.05843352795231085,NA
H3.PHATAN.1,0.057798692555743714,NA,NA,NA,0.008106917041319559,NA,NA,NA,0.11027223187408586,NA,NA,NA
H4.BRODIA.1,NA,0.01741272285031382,0.0744451013698199,NA,NA,0.01991353712956716,-0.02742627568704762,NA,NA,0.05765133190164455,0.10823910553151556,NA
H4.BROHOR.1,NA,0.05952308221719331,NA,NA,NA,0.01581250946576585,NA,NA,NA,0.08647224600530709,NA,NA
H4.BROMAD.1,NA,0.039233170120469035,NA,NA,NA,0.016218604324326584,NA,NA,NA,0.04072740158221979,NA,NA
H4.ELYCAP.1,0.02494160929785425,0.03845644668618498,0.036273701967461325,NA,0.009280066853283251,0.025674155446895792,-0.05360218568110702,NA,0.04938308354616122,0.0988963602710189,0.08778543713510394,NA
H4.HOLVIR.1,0.05499187394317501,0.025865086597002093,0.03872111078113746,0.010461644368809845,0.015661542444571,0.04690881043287327,0.12702828594858037,0.057970054970776355,0.102517865495095,0.06446832243874556,0.07464014255636504,0.055160907829596165
H4.MICCAL.1,0.042637285160719976,0.05511704445797497,NA,NA,0.0492276226933887,0.0326299801060911,NA,NA,0.1277681667612122,0.1417883865313743,NA,NA
H4.PLAERE.1,0.027903143144729182,0.03359002619007283,NA,NA,0.028033478936245467,0.013088516448336645,NA,NA,0.05492664022121477,0.06972551927160271,NA,NA
H4.TRIHIR.1,0.044719172939351313,0.045040450514248966,0.02380474032177767,NA,0.033595286284779396,0.03893796582856414,0.008171661780562604,NA,0.11056498999933963,0.11574692722020874,0.053637644923616376,NA
H5.AVEBAR.1,NA,0.03860323584174348,0.05349616440872577,NA,NA,0.027181661140166666,-0.008147983637408552,NA,NA,0.10360333300075197,0.12395251783236053,NA
H5.BRODIA.1,NA,0.05903626079238312,0.04494665733107157,NA,NA,0,-0.03554600925948437,NA,NA,0.10380552382721692,0.07734143232585972,NA
H5.BROHOR.1,NA,0.05359097381939991,NA,NA,NA,0.0042144206263130535,NA,NA,NA,0.0893498621761383,NA,NA
H5.CLAPUR.1,0.038837832397610836,0.054948623156521215,0.008513439483611539,NA,0.05911553108865516,0.00987440311726104,0.001478649312595976,NA,0.08982010257699304,0.07961959122753605,0.05221488995258851,NA
H5.DAUPUS.1,0.04471917293935131,0.04394449154672438,0.031204346175814152,NA,0.022359586469675653,0,0,NA,0.08355700533696216,0.06908883792361936,0.050406152505979594,NA
H5.GERDIS.1,0.06277129513081656,0.023722548880118516,NA,NA,0.015161407395023726,0.004711321426255352,NA,NA,0.12273941436427535,0.08282379750158171,NA,NA
H5.MADGRA.1,0.02998503092336051,0.04599622332222641,0.029938670218930426,NA,0.022359586469675657,0.06818992368953702,0.04002245024002957,NA,0.10475107417283541,0.0671343512761986,0.050547381893325506,NA
H5.TORARV.1,0.03046650351099521,0.05545177444479561,0.03554600925948438,NA,0.02955776554432758,0,0.02640049787643995,NA,0.06160602178440685,0.08952186287425899,0.08907781296447236,NA
H6.AIRCAR.1,0.038837832397610836,0.04394449154672438,0.03731007713976359,NA,0.03342232037699276,-0.002667654979946885,-0.0492355112737006,NA,0.06988557802159566,0.09210340371976183,-3.1407299542191014e-4,NA
H6.BRODIA.1,NA,0.012738149244741379,0.054827744659045385,NA,NA,0.021225130042486846,-0.028358779383736737,NA,NA,0.04938688510583962,0.08153169016745974,NA
H6.BROHOR.1,NA,0.012738149244741388,0.05518187282974302,NA,NA,0.010313164372083978,-0.05436879303710403,NA,NA,0.04570516696339535,0.06881965237359004,NA
H6.ESCCAL.1,0.0130795196163924,0.07783640596221254,0.03435502649594459,-0.0037467378219740383,0.007198179074651941,0,-0.021309086787771055,-0.03850817669777474,0.03516916254830946,0.13833423182008417,0.01078631765111196,-0.04823439586376906
H6.GALPAR.1,0.035439106086068053,0.03923317012046905,0.03742878866125815,NA,0.048518625702460454,0.025439550668799864,0.011044037547440178,NA,0.09323779864181175,0.08934368886028377,0.1163038568158164,NA
H6.MADGRA.1,0.040411708661140903,0.03777846435363406,0.055397827520304914,NA,0.03802112891424666,0.04394449154672438,0.049807051728926834,NA,0.11587355066961755,0.07504953472783224,0.09062159604830165,NA
H7.BRODIA.1,NA,0.0053412557049809005,0.05772543073349988,NA,NA,0.02912954001484861,-0.03834599110474057,NA,NA,0.0340736047584182,0.11261800735032369,NA
H7.BROHOR.1,NA,0.05044524872663539,NA,NA,NA,0.005724033745626933,NA,NA,NA,0.1182505540681947,NA,NA
H7.BROMAD.1,NA,0.027725887222397817,NA,NA,NA,0.030927595529339273,NA,NA,NA,0.04884858443041768,NA,NA
H7.ELYCAP.1,0.04191235432678261,0.022900767710853226,0.034197732897489334,NA,0.03211058233654448,0.016794153822410573,-0.04633119402512651,NA,0.06769556719763274,0.054816067743807366,0.08999849963289121,NA
H7.EROBOT.1,0.022359586469675657,0.0574033810115729,0.04227997923527652,NA,0.013079519616392407,0.027725887222397817,0.03890786964343979,NA,0.0854738898682783,0.1097713288330802,0.07686942614957963,NA
H7.HOLVIR.1,0.051917352014003236,0.03822045780109746,0.0322394037469742,0.01807902224636821,Inf,0.016218604324326577,0.047869491453069846,0.08773322373579903,0.09952723974979608,0.09367223224589306,0.051753382658207336,0.035080756197478094
H7.MICCAL.1,0.027903143144729182,0.05100274904038665,NA,NA,0.051441794538609587,0.026824722699996677,NA,NA,0.09901942329420794,0.09252225571445365,NA,NA
H7.PLAERE.1,0.04191235432678261,0.02950395772523116,NA,NA,0.033865229822537986,0,NA,NA,0.10316732550998849,0.07808840582647082,NA,NA
H7.TRIHIR.1,0.011505643352862338,0.04895101726488463,0.030806541358219794,NA,0.0404117086611409,0.03048560208187588,0.0027814031767556912,NA,0.07690324143482433,0.11656315033924866,0.0659329524504001,NA
H8.AVEFAT.1,NA,0.03569103422681124,0.018355701042843394,NA,NA,0.002286336553597934,0.008878488296541514,NA,NA,0.0651889318050722,0.01739034745900342,NA
H8.BRODIA.1,NA,0.03240654555784532,-0.0048327031376495565,NA,NA,0,-0.02750350775038074,NA,NA,0.0735913222450916,-0.03451097977075321,NA
H8.BROHOR.1,NA,0.04258842947969714,NA,NA,NA,0.021122697208019865,NA,NA,NA,0.08441321982080112,NA,NA
H8.BROMAD.1,NA,0.06315914819797568,NA,NA,NA,0.00511333486039538,NA,NA,NA,0.06099645934716463,NA,NA
H8.CENMEL.1,0.08015827902541936,0.030927595529339273,0.05543938779426977,NA,0.019969006722781405,0.026157058696266552,0.08838451715798601,NA,0.15316865316016062,0.07598367597510557,0.10162335514160503,NA
H8.CORFIL.1,0.022359586469675657,0.016218604324326577,0.023677678178047383,0.019907426380511163,0.02235958646967565,-0.027725887222397806,0.030650914156616436,0.016741648820058654,0.07735146041285067,0.007064941427172666,0.03780221329501794,0.06079100105836423
H8.EROCIC.1,NA,0.01621860432432658,NA,NA,NA,0,NA,NA,NA,0.04394449154672439,NA,NA
H8.ESCCAL.1,0.02393346273320572,0.04699941069810735,0.016119701873487102,0.017988170949660938,0.0273321890447485,0.021559860029307494,0.029134022523148083,0.0557169558172737,0.10932512234659983,0.09902339629870763,0.061038804468910676,0.04600173401913694
H8.MICCAL.1,0.02862268370970654,0.052396855293412675,NA,NA,0.03818613216156182,0.01859554114315861,NA,NA,0.0877382147983617,0.08936721135434596,NA,NA
H8.STIPUL.1,NA,0.027725887222397806,0.02800326548392346,-0.04077336356234973,NA,0.0032017083069414555,0.0016842720944027652,0.023850888712244975,NA,0.058137346558300745,0.05798406226306579,-0.022938877739541137
I1.BROHOR.1,NA,0.046863220200840425,NA,NA,NA,0.013807273508719978,NA,NA,NA,0.10377366013546419,NA,NA
I1.DAUPUS.1,0.0406893440247448,0.04959265801818881,0.0293093346471524,NA,0.018919467546888537,-0.006973235978569053,-0.035546009259484375,NA,0.08376900364717742,0.053024372580914025,0.015164523921864036,NA
I1.LUPBIC.1,0.055706570250973114,0.05599248341337672,NA,NA,Inf,0.02534156925676028,NA,NA,0.13272292364652258,0.11110462692154419,NA,NA
I1.TORARV.1,0.04895391999934517,0.053083407692563846,0.01405376773532775,NA,0.025672117798516487,0,0.047354113673289594,NA,0.10169594552166877,0.09978430780695266,0.06006798415974283,NA
I1.TRIHIR.1,NA,NA,NA,NA,NA,NA,NA,NA,NA,NA,NA,NA
I1.VICSAT.1,0.0170197159029052,0.03645109015646471,NA,NA,0.02863666252716599,0.021054034209463862,NA,NA,0.05553277491998622,0.10143363833395957,NA,NA
I2.AVEFAT.1,NA,0.05176827158936882,-7.843602082988491e-4,NA,NA,-0.0012020712758686325,-0.014642306712917042,NA,NA,0.07159035535615044,-0.028690242868282662,NA
I2.BRODIA.1,NA,0.03291093483097976,-0.015064563634037829,NA,NA,0.03174751790071863,-0.04154149036346896,NA,NA,0.07638816766330281,-0.04221562176891716,NA
I2.BROMAD.1,NA,0.0358944596638366,NA,NA,NA,0.0011793852494639684,NA,NA,NA,0.0757301432642786,NA,NA
I2.CENMEL.1,0.09774286405982438,0.03037064321965518,0.02732996287330298,NA,0.015017226226228319,-0.06866326804175686,0.12211872153765488,NA,0.1549918306541945,0.032592390772271745,0.02202780638564672,NA
I2.CORFIL.1,0.03746670043253629,NA,NA,NA,0.006752650251627951,NA,NA,NA,0.09963080354072339,NA,NA,NA
I2.STIPUL.1,NA,0.02335045005719441,0.011140448841358896,0.0037963835963277107,NA,0,0.009889392880686942,-0.006928413862140224,NA,0.05721565750880174,0.03255439683092032,0.03586856303652318
I3.AMSMEN.1,0.04505167867868494,0.05599248341337671,NA,NA,0.00971719498027744,0.020435202106458245,NA,NA,0.10762503497896778,0.05848642070301294,NA,NA
I3.AVEBAR.1,NA,0.04774827744321617,0.03628572863307862,NA,NA,0,-0.020386681781174865,NA,NA,0.09459312069557052,0.05645534843491168,NA
I3.BRODIA.1,NA,0.053054078736868085,0.002965777095158501,NA,NA,0.006103398510023936,-0.012877020525429038,NA,NA,0.11876110614735222,-0.0017536405936025012,NA
I3.BROMAD.1,NA,0.04041262306418371,NA,NA,NA,-0.003127608079905711,NA,NA,NA,0.06084038380853987,NA,NA
I3.LUPSUC.1,NA,NA,NA,NA,NA,NA,NA,NA,NA,NA,NA,NA
I4.BROHOR.1,NA,0.06154502020204711,NA,NA,NA,-0.002315874129803816,NA,NA,NA,0.09706278568717594,NA,NA
I4.DAUPUS.1,0.03393669377311686,0.058970926532261866,0.012627602181994725,NA,0.018919467546888537,-0.006973235978569053,0,NA,0.07957164493210324,0.10150144381774938,0.015962297778102378,NA
I4.EROBOT.1,-0.10326270032502763,0.055334564375944466,NA,NA,0.013877535164496684,0.030894106045430664,NA,NA,-0.018814098949398488,0.1145758270175525,NA,NA
I4.GERDIS.1,NA,NA,NA,NA,NA,NA,NA,NA,NA,NA,NA,NA
I4.MADGRA.1,0.05607880491221392,-0.003994792859683904,0.0607915574493508,NA,0.019652898187487788,0.06521148693037215,0.039325691863273754,NA,0.11622569428247351,4.7710850408716476e-4,0.09292086207454445,NA
I4.TORARV.1,0.04639862846279141,0.029514425276276603,0.034651608785157634,NA,0.018919467546888537,-0.006973235978569053,0.019254088348887366,NA,0.07431610262487956,0.08855336054049459,0.07045182828218459,NA
I4.TRIHIR.1,NA,0.07632334485528763,NA,NA,NA,0.03433163402087843,NA,NA,NA,0.07422307142736731,NA,NA
I4.VICSAT.1,0.02147475908344231,0.04849402498742075,NA,NA,0.02409583578300553,0.026087428050717884,NA,NA,0.09188063912762924,0.1169972414629259,NA,NA
I5.ACMPAR.1,NA,NA,0.03788318236786585,NA,NA,NA,0.03159623213359155,NA,NA,NA,-0.055497859049451745,NA
I5.AIRCAR.1,0.024755256448569473,0.0321693632014529,0.02503222504829239,NA,0.022450309265084796,0.015666787641524522,-0.08283022165960001,NA,0.0683864129280458,0.022929004115303395,0.018954839821827225,NA
I5.BROHOR.1,NA,0.019768790733432094,NA,NA,NA,0.00859430364340333,NA,NA,NA,0.07196088569781335,NA,NA
I5.DAUPUS.1,0.06022853405607959,0.05486018522016583,NA,NA,0.012016865593614747,-0.02824326201290678,NA,NA,0.12247743780817329,0.08102534288060144,NA,NA
I5.ESCCAL.1,0.04209482129791593,0.04212306796758527,NA,NA,0.012016865593614732,0,NA,NA,0.09258262348065334,0.055505783192767666,NA,NA
I5.GALPAR.1,0.03272466899550554,0.03185038150091455,0.033812057588290013,NA,0.04951051289713894,0.027718316780635483,-0.0018970170986020406,NA,0.10699043834121398,0.09424378739763427,0.030939300621061146,NA
I5.HYPGLA.1,0.024755256448569473,0.09540669603098229,NA,NA,0.01758844589634978,0.010950135565734535,NA,NA,0.0957161596185065,0.10711995892557855,NA,NA
I6.AIRCAR.1,0.016785843901633412,0.05013591322587581,0.03900237508834182,NA,0.022450309265084796,-0.030543024395805172,-Inf,NA,0.09279411911053584,0.05809897683528744,0.09778866149705377,NA
I6.BROHOR.1,NA,0.02452355983262471,0.04525752551586751,NA,NA,0.011022129834182189,-0.030762975932366033,NA,NA,0.06659290767039859,0.08970373198386766,NA
I6.DAUPUS.1,0.0392361531667182,0.05579921445238904,NA,NA,0.04474153458912029,0,NA,NA,0.10148505691881189,0.11917168962618645,NA,NA
I6.ESCCAL.1-I5,NA,0.03148205362802838,NA,NA,NA,0.030543024395805165,NA,NA,NA,0.06716343401807551,NA,NA
I7.AVEBAR.1,NA,0.07397261294161303,0.026439033612598833,NA,NA,-0.0019336063661902353,-0.0026953783641362437,NA,NA,0.1434636962890286,0.030246845292938456,NA
I7.BRODIA.1,NA,0.027358398042309377,0.04243957896468919,NA,NA,0.017631671787001618,-0.04095003840593318,NA,NA,0.08853359144288761,0.05849632236347167,NA
I7.ELYCAP.1,0.023456412013895374,0.015261023997310379,0.03587644323408399,NA,0.0347093065367488,0.025807300678715728,-0.03482200592507247,NA,0.047964509789444366,0.05304456807398297,0.08228199359072755,NA
I7.HOLVIR.1,0.07426576934570842,0.04521621821676017,0.04215701206210232,0.02418433729210255,0.0392361531667182,0.015963300742687217,0.14374793963562052,0.08432363378835284,0.15924955985035752,0.12036017782258385,0.0745108554178849,0.11277072516667976
I7.MICCAL.1,0.017588445896349798,0.05029493476356563,NA,NA,0.04917198632733381,0.025042523912505582,NA,NA,0.09025650474772283,0.11113379164601286,NA,NA
I7.PLAERE.1,0.027613924579767198,0.028634085371067347,NA,NA,-0.010274359730420743,0.0179801295282363,NA,NA,0.07161905605450407,0.02897939275189812,NA,NA
I8.AIRCAR.1,0.024755256448569473,0.051938153934885,0.027225371217570724,NA,0.034621448471003693,0.0011300517225227107,-0.06716343401807551,NA,0.06326988435394769,0.0761579910891345,0.02252275127557389,NA
I8.BROHOR.1,NA,0.03662040962227032,NA,NA,NA,0.009737880760038682,NA,NA,NA,0.07537763254928981,NA,NA
I8.CLAPUR.1,0.04640296371893788,0.05541825792493496,0.02185158654332392,NA,0.05626915574137211,0.018157572514722393,0.007884223070460538,NA,0.09326676332487249,0.09555068473579949,0.07968061752136237,NA
I8.DANCAL.1,NA,NA,NA,-0.00959587141020814,NA,NA,NA,0,NA,NA,NA,-0.05673647376133546
I8.DAUPUS.1,0.049510512897138946,0.05682493640794751,0.02765398735758732,NA,0.01998627814055081,-0.018653859597847423,0.013990394698385566,NA,0.0913933793550615,0.06581372197291759,0.005858013125004291,NA
I8.GALPAR.1,0.05371704988486693,0.05579921445238905,0.005442525641809993,NA,0.050858381753669205,0.033381618007148714,-0.005776643796887111,NA,0.13458718846250434,0.12741369489128196,0.049967558122270286,NA
I8.HYPGLA.1,0.024755256448569473,-0.02166084939249829,0.11879628108377932,NA,0.005966217309398788,0.008383249581083732,0.004514414708271519,NA,0.06232998048547007,-0.007398518776671012,0.11781902789960795,NA
J1.BRODIA.1,NA,0.038803535384649465,0.01382277003937348,NA,NA,-0.0011793852494639684,-0.015715609626264917,NA,NA,0.12869058275719397,0.03322169991274459,NA
J1.BROHOR.1,NA,0.0512186473336139,NA,NA,NA,0.0020168287855490963,NA,NA,NA,0.08790989237037186,NA,NA
J1.DAUPUS.1,0.016218604324326577,0.055992483413376724,0.007570580853994232,NA,0.02043302495063962,0,0.0088545325426635,NA,0.0356389169555946,0.10049356744783726,0.017001029015092057,NA
J1.EROBOT.1,0.058653482751737075,0.04931829277906237,0.02101336042678348,NA,0.022384631517416907,0.030650914156616457,0.03376094754384357,NA,0.11791766438870567,0.1281440770398743,0.020829630882101914,NA
J1.MADGRA.1,0.027725887222397806,0.03816295658626381,0.026373430629136198,NA,0.025674155446895774,0.048605334098869524,0.05430558187827006,NA,0.09285420782704147,0.052985463744423644,0.07049687387867762,NA
J1.TORARV.1,0.03822045780109746,0.04779360014876762,0.03263135430308138,NA,0.027725887222397806,-0.021660849392498287,0.02802369294319217,NA,0.0653164107447697,0.07907584890905656,0.04745403411494331,NA
J1.TRIHIR.1,0.011507282898071236,0.07195578415606393,NA,NA,0.027725887222397813,0.034331634020878424,NA,NA,0.03389191441548814,0.14904603866498023,NA,NA
J1.VICSAT.1,0.005006525718160244,0.04285872735421094,NA,NA,0.033067142927378716,0.022622463725834346,NA,NA,0.04744140414557073,0.10987687872454838,NA,NA
J2.ACMPAR.1,0.04394449154672438,0.030650914156616443,0,NA,-0.0053412557049809005,0.025833705412014622,0.011794582634019812,NA,0.10298075233910749,0.034823770176132786,0.06636146182326128,NA
J2.AIRCAR.1,0.04815891217303744,0.038242982238191114,0.0343669944684278,NA,0.025674155446895774,0.003127608079905711,-0.10873294420440796,NA,0.09210340371976182,0.07507595087386756,0.03571486332495805,NA
J2.BROHOR.1,NA,0.027358398042309377,NA,NA,NA,0.007660076813530786,NA,NA,NA,0.08179492318996687,NA,NA
J2.CLAPUR.1,0.04815891217303744,0.048361328397375405,0.02533362543437804,NA,0.03353316761617773,0.03753957633525602,-0.01895433759997583,NA,0.10749723655597897,0.11816108531947209,0.007857215571538796,NA
J2.DAUPUS.1,0.055451774444795626,0.048692019313954685,0.028445071357071278,NA,0.013458889464848517,0,0,NA,0.1075138997513876,0.07489555152743815,0.07797941080709075,NA
J2.GALPAR.1,0.027725887222397813,0.04700241864925857,0.029102049559973954,NA,0.038603235841743494,0.03174751790071863,0.016643261301690124,NA,0.06891066390964413,0.11694137401977339,0.07109201851896876,NA
J2.HYPGLA.1,0.055451774444795626,-0.04332169878499658,0.12098715054602807,NA,0.02476156833624894,0.008383249581083732,0.015404457959716157,NA,0.13145069659952713,0.009239467524462308,0.20672934142613983,NA
J2.MADGRA.1,0.027725887222397817,0.04441830252909877,0.046728653321086874,NA,0.02514434637689497,0.060510646813723826,0.05857748369649045,NA,0.09069715344037871,0.08552506737088525,0.10380333573285272,NA
J3.BRODIA.1,NA,0.0339703583208448,NA,NA,NA,0.005078716546805459,NA,NA,NA,0.0992357138583371,NA,NA
J3.BROHOR.1,NA,0.058620080826206136,NA,NA,NA,0,NA,NA,NA,0.05872407426660223,NA,NA
J3.ELYCAP.1,-0.010052577131236244,0.03280694139058368,0.04235362927458158,NA,0.028885388697327895,0.009212485631895154,-0.05011151191196698,NA,0.0067132313492535185,0.05579777873366937,0.09577639949252743,NA
J3.HOLVIR.1,0.04394449154672438,0.04060259325407065,0.04126763878036155,0.022188114557321233,0.027725887222397813,0.017487993372981958,0.10241695137602867,0.09715233800802024,0.09939626599152002,0.0736585399461911,0.07213873632718042,0.12118754109244624
J3.MICCAL.1,0.027725887222397817,0.04845616913784896,NA,NA,0.03194030784871085,0.04292861184103222,NA,NA,0.09939626599152,0.12289405121989172,NA,NA
J4.AMSMEN.1,0.04394449154672438,NA,NA,NA,-0.0032017083069414555,NA,NA,NA,0.09939626599152,NA,NA,NA
J4.AVEBAR.1,0.0010390194561304255,0.046332412312727486,0.034611090044630755,NA,0.05545177444479563,0.002890714796441515,0,NA,0.06693918398575267,0.08744100301321071,0.05399280430771004,NA
J4.BRODIA.1,NA,0.03444647193552762,0.01619850792626713,NA,NA,0.013079519616392392,-0.022525839339342466,NA,NA,0.10046749512445807,0.016367370317277776,NA
J4.BROMAD.1,NA,0.03121238794392599,NA,NA,NA,-0.01085394311681332,NA,NA,NA,0.04859937183852879,NA,NA
J5.BRODIA.1,NA,0.037873155436722275,NA,NA,NA,-0.008198883264609103,NA,NA,NA,0.06941858504880238,NA,NA
J5.BROMAD.1,NA,0.04536491001196069,NA,NA,NA,-0.008198883264609089,NA,NA,NA,0.03810007005123903,NA,NA
J5.CORFIL.1,0.02043302495063963,0.02735839804230937,0.01998627814055081,0.016615106444577192,0.008925742052568388,0.005697548649811084,0.01824377227735682,0.020268505686279952,0.10603567149049045,0.03212304159369292,0.0021014464293904744,0.06717845364435053
J5.MICCAL.1,0.03822045780109745,0.040820364170198575,NA,NA,0.03898238559992524,0.03452755942755327,NA,NA,0.08833097654091215,0.05822853629927127,NA,NA
J5.STIPUL.1,NA,0.004817208744601821,0.010136627702704109,0.033317380877694196,NA,0.015963300742687203,-0.012770640594149762,0,NA,0.05085801306052433,0.0313190742123842,0.1020000373574037
J6.BROHOR.1,NA,0.029077355214565982,NA,NA,NA,0.011146091998085389,NA,NA,NA,0.0877067482926969,NA,NA
J6.BROMAD.1,NA,0.04332169878499659,NA,NA,NA,-0.00403786660875019,NA,NA,NA,0.0810050906440852,NA,NA
J6.ELYCAP.1,0.0038124071921729996,0.013603689726807672,0.045002143110889146,NA,0.03368731038881732,0.025073327266404294,0.005247789214559332,NA,0.019100737029928858,0.04405867847674927,0.11100708018005052,NA
J6.LUPBIC.1,0.016218604324326577,NA,NA,NA,0.027725887222397813,NA,NA,NA,0.09047052393895162,NA,NA,NA
J6.MICCAL.1,0.03153829441457081,0.045382885278490256,NA,NA,0.03923317012046905,0.030158778001362102,NA,NA,0.10392941340380014,0.09477195951476677,NA,NA
J7.AMSMEN.1,0.020433024950639637,0.03434550764491704,NA,NA,0.03529556720793895,-0.017228467288072837,NA,NA,0.15143486880404983,0.031216724871132872,NA,NA
J7.AVEBAR.1,-0.0077662405776383015,0.050019271368102164,0.0281717569055008,NA,0.08898494206097336,0.013368831551320171,-0.0027507664120830565,NA,0.12424540807651006,0.11941798653310313,0.062182028635716924,NA
J7.BROARE.1,NA,0.02078571020614559,-0.013428675121306735,NA,NA,0.011706628828689307,-0.023797403512431536,NA,NA,0.07302726660251986,-0.05096546570225366,NA
J7.BRODIA.1,NA,0.03471417525213069,0.014440984980164119,NA,NA,-0.0010577362200964778,-0.055969528348396254,NA,NA,0.10335275818453253,0.007563580586639319,NA
J7.BROMAD.1,NA,0.053036240981354524,NA,NA,NA,0.009491595903159357,NA,NA,NA,0.07592903073977894,NA,NA
J7.EROCIC.1,NA,0.04851862570246045,0.020375924954224557,NA,NA,0.01647824592793518,0.011750090731143387,NA,NA,0.1271762590622381,0.0045328309519959255,NA
J7.LUPMIC.1,0.027725887222397813,0.048518625702460454,NA,NA,Inf,0.051917352014003236,NA,NA,0.04394449154672438,0.1277681667612122,NA,NA
J8.BRODIA.1,NA,0.018027730451377608,-0.00969187778762754,NA,NA,-0.0012756873287579629,-0.059412615476566746,NA,NA,0.07142091678728846,-0.07454787394985521,NA
J8.BROHOR.1,NA,0.04332169878499659,NA,NA,NA,0.007387149314507194,NA,NA,NA,0.07195578415606393,NA,NA
J8.CORFIL.1,0.033067142927378716,0.03560732134963641,NA,NA,0.0053412557049809005,0,NA,NA,0.05821148930427368,0.0697997569220967,NA,NA
J8.STIPUL.1,NA,0.016582132845692828,NA,NA,NA,0.015963300742687203,NA,NA,NA,0.030389406354412785,NA,NA
