Plant_ID,Sp_Code,Scientific_Name,Native_Status,Growth_Habit,Rating,Source,Plot,Block,Shelter,Plot_number,Population,Treatment,var_mo,rate
D3.BROARE.1,BROARE,Bromus arenarius,Non-native,Grass,Non-native,CalFlora,D3,4,D,3,WWP,Control,rgr_v_FM,NA
D3.BROARE.1,BROARE,Bromus arenarius,Non-native,Grass,Non-native,CalFlora,D3,4,D,3,WWP,Control,rgr_v_MA,0.0656250948930128
D3.BROARE.1,BROARE,Bromus arenarius,Non-native,Grass,Non-native,CalFlora,D3,4,D,3,WWP,Control,rgr_v_AM,-0.03233481056457475
D3.BROARE.1,BROARE,Bromus arenarius,Non-native,Grass,Non-native,CalFlora,D3,4,D,3,WWP,Control,rgr_v_MJ,NA
E4.BROARE.1,BROARE,Bromus arenarius,Non-native,Grass,Non-native,CalFlora,E4,5,E,4,WWP,Control,rgr_v_FM,NA
E4.BROARE.1,BROARE,Bromus arenarius,Non-native,Grass,Non-native,CalFlora,E4,5,E,4,WWP,Control,rgr_v_MA,0.08112868071639617
E4.BROARE.1,BROARE,Bromus arenarius,Non-native,Grass,Non-native,CalFlora,E4,5,E,4,WWP,Control,rgr_v_AM,-0.00889843145611593
E4.BROARE.1,BROARE,Bromus arenarius,Non-native,Grass,Non-native,CalFlora,E4,5,E,4,WWP,Control,rgr_v_MJ,NA
E8.LUPBIC.1,LUPBIC,Lupinus bicolor,Native,Forb,Native,CalFlora,E8,5,E,8,BORR,Control,rgr_v_FM,0.09270453049218952
E8.LUPBIC.1,LUPBIC,Lupinus bicolor,Native,Forb,Native,CalFlora,E8,5,E,8,BORR,Control,rgr_v_MA,0.06020478471674605
E8.LUPBIC.1,LUPBIC,Lupinus bicolor,Native,Forb,Native,CalFlora,E8,5,E,8,BORR,Control,rgr_v_AM,NA
E8.LUPBIC.1,LUPBIC,Lupinus bicolor,Native,Forb,Native,CalFlora,E8,5,E,8,BORR,Control,rgr_v_MJ,NA
E7.LUPBIC.1,LUPBIC,Lupinus bicolor,Native,Forb,Native,CalFlora,E7,5,E,7,MCL,Control,rgr_v_FM,0.09767813651835563
E7.LUPBIC.1,LUPBIC,Lupinus bicolor,Native,Forb,Native,CalFlora,E7,5,E,7,MCL,Control,rgr_v_MA,0.1238211296108845
E7.LUPBIC.1,LUPBIC,Lupinus bicolor,Native,Forb,Native,CalFlora,E7,5,E,7,MCL,Control,rgr_v_AM,0.01598548938816475
E7.LUPBIC.1,LUPBIC,Lupinus bicolor,Native,Forb,Native,CalFlora,E7,5,E,7,MCL,Control,rgr_v_MJ,NA
H1.ESCCAL.1,ESCCAL,Eschscholzia californica,Native,Forb,Native,CalFlora,H1,3,H,1,SEDG,Control,rgr_v_FM,0.07513897300434838
H1.ESCCAL.1,ESCCAL,Eschscholzia californica,Native,Forb,Native,CalFlora,H1,3,H,1,SEDG,Control,rgr_v_MA,0.03777988691683342
H1.ESCCAL.1,ESCCAL,Eschscholzia californica,Native,Forb,Native,CalFlora,H1,3,H,1,SEDG,Control,rgr_v_AM,0.08456595809860785
H1.ESCCAL.1,ESCCAL,Eschscholzia californica,Native,Forb,Native,CalFlora,H1,3,H,1,SEDG,Control,rgr_v_MJ,0.02694201354375409
D8.ESCCAL.1,ESCCAL,Eschscholzia californica,Native,Forb,Native,CalFlora,D8,4,D,8,SEDG,Control,rgr_v_FM,0.11285515545636857
D8.ESCCAL.1,ESCCAL,Eschscholzia californica,Native,Forb,Native,CalFlora,D8,4,D,8,SEDG,Control,rgr_v_MA,0.04361109398833927
D8.ESCCAL.1,ESCCAL,Eschscholzia californica,Native,Forb,Native,CalFlora,D8,4,D,8,SEDG,Control,rgr_v_AM,0.06761801074809054
D8.ESCCAL.1,ESCCAL,Eschscholzia californica,Native,Forb,Native,CalFlora,D8,4,D,8,SEDG,Control,rgr_v_MJ,0.01437754221851081
J1.LUPBIC.1,LUPBIC,Lupinus bicolor,Native,Forb,Native,CalFlora,J1,5,J,1,BORR,Drought,rgr_v_FM,0.04457442582544996
J1.LUPBIC.1,LUPBIC,Lupinus bicolor,Native,Forb,Native,CalFlora,J1,5,J,1,BORR,Drought,rgr_v_MA,0.11408307004042934
J1.LUPBIC.1,LUPBIC,Lupinus bicolor,Native,Forb,Native,CalFlora,J1,5,J,1,BORR,Drought,rgr_v_AM,NA
J1.LUPBIC.1,LUPBIC,Lupinus bicolor,Native,Forb,Native,CalFlora,J1,5,J,1,BORR,Drought,rgr_v_MJ,NA
E6.ESCCAL.1,ESCCAL,Eschscholzia californica,Native,Forb,Native,CalFlora,E6,5,E,6,SEDG,Control,rgr_v_FM,0.09891992410683192
E6.ESCCAL.1,ESCCAL,Eschscholzia californica,Native,Forb,Native,CalFlora,E6,5,E,6,SEDG,Control,rgr_v_MA,0.08400365074933022
E6.ESCCAL.1,ESCCAL,Eschscholzia californica,Native,Forb,Native,CalFlora,E6,5,E,6,SEDG,Control,rgr_v_AM,0.05399837547639308
E6.ESCCAL.1,ESCCAL,Eschscholzia californica,Native,Forb,Native,CalFlora,E6,5,E,6,SEDG,Control,rgr_v_MJ,0.04863715207521668
I3.ESCCAL.1,ESCCAL,Eschscholzia californica,Native,Forb,Native,CalFlora,I3,4,I,3,WWP,Drought,rgr_v_FM,0.13518550665647938
I3.ESCCAL.1,ESCCAL,Eschscholzia californica,Native,Forb,Native,CalFlora,I3,4,I,3,WWP,Drought,rgr_v_MA,0.08683368772201236
I3.ESCCAL.1,ESCCAL,Eschscholzia californica,Native,Forb,Native,CalFlora,I3,4,I,3,WWP,Drought,rgr_v_AM,0.03736472712386139
I3.ESCCAL.1,ESCCAL,Eschscholzia californica,Native,Forb,Native,CalFlora,I3,4,I,3,WWP,Drought,rgr_v_MJ,-0.01900819666339802
I8.ESCCAL.1,ESCCAL,Eschscholzia californica,Native,Forb,Native,CalFlora,I8,4,I,8,ANGELO,Drought,rgr_v_FM,0.11478937664698366
I8.ESCCAL.1,ESCCAL,Eschscholzia californica,Native,Forb,Native,CalFlora,I8,4,I,8,ANGELO,Drought,rgr_v_MA,0.07972331733934848
I8.ESCCAL.1,ESCCAL,Eschscholzia californica,Native,Forb,Native,CalFlora,I8,4,I,8,ANGELO,Drought,rgr_v_AM,0.05371011128366855
I8.ESCCAL.1,ESCCAL,Eschscholzia californica,Native,Forb,Native,CalFlora,I8,4,I,8,ANGELO,Drought,rgr_v_MJ,0.04592658739913712
J3.LUPBIC.1,LUPBIC,Lupinus bicolor,Native,Forb,Native,CalFlora,J3,5,J,3,MCL,Drought,rgr_v_FM,0.10793923000344238
J3.LUPBIC.1,LUPBIC,Lupinus bicolor,Native,Forb,Native,CalFlora,J3,5,J,3,MCL,Drought,rgr_v_MA,0.14815608189556212
J3.LUPBIC.1,LUPBIC,Lupinus bicolor,Native,Forb,Native,CalFlora,J3,5,J,3,MCL,Drought,rgr_v_AM,0.06742270061372421
J3.LUPBIC.1,LUPBIC,Lupinus bicolor,Native,Forb,Native,CalFlora,J3,5,J,3,MCL,Drought,rgr_v_MJ,NA
J7.ESCCAL.1,ESCCAL,Eschscholzia californica,Native,Forb,Native,CalFlora,J7,5,J,7,WWP,Drought,rgr_v_FM,0.06788427871370802
J7.ESCCAL.1,ESCCAL,Eschscholzia californica,Native,Forb,Native,CalFlora,J7,5,J,7,WWP,Drought,rgr_v_MA,0.09725410394939354
J7.ESCCAL.1,ESCCAL,Eschscholzia californica,Native,Forb,Native,CalFlora,J7,5,J,7,WWP,Drought,rgr_v_AM,0.06730540740464397
J7.ESCCAL.1,ESCCAL,Eschscholzia californica,Native,Forb,Native,CalFlora,J7,5,J,7,WWP,Drought,rgr_v_MJ,-0.02011936430543779
J5.ESCCAL.1,ESCCAL,Eschscholzia californica,Native,Forb,Native,CalFlora,J5,5,J,5,SEDG,Drought,rgr_v_FM,0.11624480459457218
J5.ESCCAL.1,ESCCAL,Eschscholzia californica,Native,Forb,Native,CalFlora,J5,5,J,5,SEDG,Drought,rgr_v_MA,0.06449336445268347
J5.ESCCAL.1,ESCCAL,Eschscholzia californica,Native,Forb,Native,CalFlora,J5,5,J,5,SEDG,Drought,rgr_v_AM,0.07945410207486234
J5.ESCCAL.1,ESCCAL,Eschscholzia californica,Native,Forb,Native,CalFlora,J5,5,J,5,SEDG,Drought,rgr_v_MJ,-0.04525307677339402
J8.ESCCAL.1,ESCCAL,Eschscholzia californica,Native,Forb,Native,CalFlora,J8,5,J,8,SEDG,Drought,rgr_v_FM,0.11459919788398935
J8.ESCCAL.1,ESCCAL,Eschscholzia californica,Native,Forb,Native,CalFlora,J8,5,J,8,SEDG,Drought,rgr_v_MA,0.0799583643981272
J8.ESCCAL.1,ESCCAL,Eschscholzia californica,Native,Forb,Native,CalFlora,J8,5,J,8,SEDG,Drought,rgr_v_AM,0.04090126719445663
J8.ESCCAL.1,ESCCAL,Eschscholzia californica,Native,Forb,Native,CalFlora,J8,5,J,8,SEDG,Drought,rgr_v_MJ,-0.01450610362194579
G1.CLAPUR.1,CLAPUR,Clarkia purpurea,Native,Forb,Native,CalFlora,G1,2,G,1,BORR,Control,rgr_v_FM,0.11976879661730418
G1.CLAPUR.1,CLAPUR,Clarkia purpurea,Native,Forb,Native,CalFlora,G1,2,G,1,BORR,Control,rgr_v_MA,0.12020308272269076
G1.CLAPUR.1,CLAPUR,Clarkia purpurea,Native,Forb,Native,CalFlora,G1,2,G,1,BORR,Control,rgr_v_AM,0.02479697722995779
G1.CLAPUR.1,CLAPUR,Clarkia purpurea,Native,Forb,Native,CalFlora,G1,2,G,1,BORR,Control,rgr_v_MJ,NA
D3.AVEBAR.1,AVEBAR,Avena barbata,Non-native,Grass,Moderate,Cal IPC,D3,4,D,3,WWP,Control,rgr_v_FM,0.2368273746018774
D3.AVEBAR.1,AVEBAR,Avena barbata,Non-native,Grass,Moderate,Cal IPC,D3,4,D,3,WWP,Control,rgr_v_MA,0.12092592253796992
D3.AVEBAR.1,AVEBAR,Avena barbata,Non-native,Grass,Moderate,Cal IPC,D3,4,D,3,WWP,Control,rgr_v_AM,0.0795065021180188
D3.AVEBAR.1,AVEBAR,Avena barbata,Non-native,Grass,Moderate,Cal IPC,D3,4,D,3,WWP,Control,rgr_v_MJ,NA
G7.DANCAL.1,DANCAL,Danthonia californica,Native,Grass,Native,CalFlora,G7,2,G,7,ANGELO,Control,rgr_v_FM,NA
G7.DANCAL.1,DANCAL,Danthonia californica,Native,Grass,Native,CalFlora,G7,2,G,7,ANGELO,Control,rgr_v_MA,NA
G7.DANCAL.1,DANCAL,Danthonia californica,Native,Grass,Native,CalFlora,G7,2,G,7,ANGELO,Control,rgr_v_AM,NA
G7.DANCAL.1,DANCAL,Danthonia californica,Native,Grass,Native,CalFlora,G7,2,G,7,ANGELO,Control,rgr_v_MJ,-0.03839551709109581
H6.DANCAL.1,DANCAL,Danthonia californica,Native,Grass,Native,CalFlora,H6,3,H,6,ANGELO,Control,rgr_v_FM,NA
H6.DANCAL.1,DANCAL,Danthonia californica,Native,Grass,Native,CalFlora,H6,3,H,6,ANGELO,Control,rgr_v_MA,NA
H6.DANCAL.1,DANCAL,Danthonia californica,Native,Grass,Native,CalFlora,H6,3,H,6,ANGELO,Control,rgr_v_AM,NA
H6.DANCAL.1,DANCAL,Danthonia californica,Native,Grass,Native,CalFlora,H6,3,H,6,ANGELO,Control,rgr_v_MJ,-0.06121846367398319
E3.DANCAL.1,DANCAL,Danthonia californica,Native,Grass,Native,CalFlora,E3,5,E,3,ANGELO,Control,rgr_v_FM,NA
E3.DANCAL.1,DANCAL,Danthonia californica,Native,Grass,Native,CalFlora,E3,5,E,3,ANGELO,Control,rgr_v_MA,NA
E3.DANCAL.1,DANCAL,Danthonia californica,Native,Grass,Native,CalFlora,E3,5,E,3,ANGELO,Control,rgr_v_AM,NA
E3.DANCAL.1,DANCAL,Danthonia californica,Native,Grass,Native,CalFlora,E3,5,E,3,ANGELO,Control,rgr_v_MJ,0.01121006209737849
J2.DANCAL.1,DANCAL,Danthonia californica,Native,Grass,Native,CalFlora,J2,5,J,2,ANGELO,Drought,rgr_v_FM,NA
J2.DANCAL.1,DANCAL,Danthonia californica,Native,Grass,Native,CalFlora,J2,5,J,2,ANGELO,Drought,rgr_v_MA,NA
J2.DANCAL.1,DANCAL,Danthonia californica,Native,Grass,Native,CalFlora,J2,5,J,2,ANGELO,Drought,rgr_v_AM,NA
J2.DANCAL.1,DANCAL,Danthonia californica,Native,Grass,Native,CalFlora,J2,5,J,2,ANGELO,Drought,rgr_v_MJ,-0.00624240749514983
E1.DANCAL.1,DANCAL,Danthonia californica,Native,Grass,Native,CalFlora,E1,5,E,1,ANGELO,Control,rgr_v_FM,NA
E1.DANCAL.1,DANCAL,Danthonia californica,Native,Grass,Native,CalFlora,E1,5,E,1,ANGELO,Control,rgr_v_MA,NA
E1.DANCAL.1,DANCAL,Danthonia californica,Native,Grass,Native,CalFlora,E1,5,E,1,ANGELO,Control,rgr_v_AM,NA
E1.DANCAL.1,DANCAL,Danthonia californica,Native,Grass,Native,CalFlora,E1,5,E,1,ANGELO,Control,rgr_v_MJ,-0.04704304610642613
J5.EROCIC.1,EROCIC,Erodium cicutarium,Non-native,Forb,Non-native,CalFlora,J5,5,J,5,SEDG,Drought,rgr_v_FM,0.1830785437639164
J5.EROCIC.1,EROCIC,Erodium cicutarium,Non-native,Forb,Non-native,CalFlora,J5,5,J,5,SEDG,Drought,rgr_v_MA,0.07949892828627958
J5.EROCIC.1,EROCIC,Erodium cicutarium,Non-native,Forb,Non-native,CalFlora,J5,5,J,5,SEDG,Drought,rgr_v_AM,0.02442639789568496
J5.EROCIC.1,EROCIC,Erodium cicutarium,Non-native,Forb,Non-native,CalFlora,J5,5,J,5,SEDG,Drought,rgr_v_MJ,NA
G3.ESCCAL.1,ESCCAL,Eschscholzia californica,Native,Forb,Native,CalFlora,G3,2,G,3,SEDG,Control,rgr_v_FM,0.14267253642561734
G3.ESCCAL.1,ESCCAL,Eschscholzia californica,Native,Forb,Native,CalFlora,G3,2,G,3,SEDG,Control,rgr_v_MA,0.0410421469788583
G3.ESCCAL.1,ESCCAL,Eschscholzia californica,Native,Forb,Native,CalFlora,G3,2,G,3,SEDG,Control,rgr_v_AM,0.07763493625461282
G3.ESCCAL.1,ESCCAL,Eschscholzia californica,Native,Forb,Native,CalFlora,G3,2,G,3,SEDG,Control,rgr_v_MJ,0.00449406944606916
E2.BROMAD.1,BROMAD,Bromus madritensis,Non-native,Grass,High,Cal IPC,E2,5,E,2,WWP,Control,rgr_v_FM,NA
E2.BROMAD.1,BROMAD,Bromus madritensis,Non-native,Grass,High,Cal IPC,E2,5,E,2,WWP,Control,rgr_v_MA,0.10050047955147492
E2.BROMAD.1,BROMAD,Bromus madritensis,Non-native,Grass,High,Cal IPC,E2,5,E,2,WWP,Control,rgr_v_AM,NA
E2.BROMAD.1,BROMAD,Bromus madritensis,Non-native,Grass,High,Cal IPC,E2,5,E,2,WWP,Control,rgr_v_MJ,NA
F3.LUPBIC.1,LUPBIC,Lupinus bicolor,Native,Forb,Native,CalFlora,F3,1,F,3,BORR,Control,rgr_v_FM,0.07348047678635866
F3.LUPBIC.1,LUPBIC,Lupinus bicolor,Native,Forb,Native,CalFlora,F3,1,F,3,BORR,Control,rgr_v_MA,0.00424345147438715
F3.LUPBIC.1,LUPBIC,Lupinus bicolor,Native,Forb,Native,CalFlora,F3,1,F,3,BORR,Control,rgr_v_AM,NA
F3.LUPBIC.1,LUPBIC,Lupinus bicolor,Native,Forb,Native,CalFlora,F3,1,F,3,BORR,Control,rgr_v_MJ,NA
J6.BRODIA.1,BRODIA,Bromus diandrus,Non-native,Grass,Moderate,Cal IPC,J6,5,J,6,MCL,Drought,rgr_v_FM,NA
J6.BRODIA.1,BRODIA,Bromus diandrus,Non-native,Grass,Moderate,Cal IPC,J6,5,J,6,MCL,Drought,rgr_v_MA,0.10131574846835648
J6.BRODIA.1,BRODIA,Bromus diandrus,Non-native,Grass,Moderate,Cal IPC,J6,5,J,6,MCL,Drought,rgr_v_AM,0.02583210373400365
J6.BRODIA.1,BRODIA,Bromus diandrus,Non-native,Grass,Moderate,Cal IPC,J6,5,J,6,MCL,Drought,rgr_v_MJ,NA
F5.EROBOT.1,EROBOT,Erodium botrys,Non-native,Forb,Non-native,CalFlora,F5,1,F,5,MCL,Control,rgr_v_FM,NA
F5.EROBOT.1,EROBOT,Erodium botrys,Non-native,Forb,Non-native,CalFlora,F5,1,F,5,MCL,Control,rgr_v_MA,0.05311879451541893
F5.EROBOT.1,EROBOT,Erodium botrys,Non-native,Forb,Non-native,CalFlora,F5,1,F,5,MCL,Control,rgr_v_AM,NA
F5.EROBOT.1,EROBOT,Erodium botrys,Non-native,Forb,Non-native,CalFlora,F5,1,F,5,MCL,Control,rgr_v_MJ,NA
C3.DANCAL.1,DANCAL,Danthonia californica,Native,Grass,Native,CalFlora,C3,3,C,3,ANGELO,Drought,rgr_v_FM,NA
C3.DANCAL.1,DANCAL,Danthonia californica,Native,Grass,Native,CalFlora,C3,3,C,3,ANGELO,Drought,rgr_v_MA,NA
C3.DANCAL.1,DANCAL,Danthonia californica,Native,Grass,Native,CalFlora,C3,3,C,3,ANGELO,Drought,rgr_v_AM,NA
C3.DANCAL.1,DANCAL,Danthonia californica,Native,Grass,Native,CalFlora,C3,3,C,3,ANGELO,Drought,rgr_v_MJ,-0.05079373137071512
J3.EROBOT.1,EROBOT,Erodium botrys,Non-native,Forb,Non-native,CalFlora,J3,5,J,3,MCL,Drought,rgr_v_FM,NA
J3.EROBOT.1,EROBOT,Erodium botrys,Non-native,Forb,Non-native,CalFlora,J3,5,J,3,MCL,Drought,rgr_v_MA,NA
J3.EROBOT.1,EROBOT,Erodium botrys,Non-native,Forb,Non-native,CalFlora,J3,5,J,3,MCL,Drought,rgr_v_AM,0.09084441492355282
J3.EROBOT.1,EROBOT,Erodium botrys,Non-native,Forb,Non-native,CalFlora,J3,5,J,3,MCL,Drought,rgr_v_MJ,NA
D3.LUPMIC.1,LUPMIC,Lupinus microcarpus,Native,Forb,Native,CalFlora,D3,4,D,3,WWP,Control,rgr_v_FM,NA
D3.LUPMIC.1,LUPMIC,Lupinus microcarpus,Native,Forb,Native,CalFlora,D3,4,D,3,WWP,Control,rgr_v_MA,NA
D3.LUPMIC.1,LUPMIC,Lupinus microcarpus,Native,Forb,Native,CalFlora,D3,4,D,3,WWP,Control,rgr_v_AM,NA
D3.LUPMIC.1,LUPMIC,Lupinus microcarpus,Native,Forb,Native,CalFlora,D3,4,D,3,WWP,Control,rgr_v_MJ,NA
D5.BROARE.1,BROARE,Bromus arenarius,Non-native,Grass,Non-native,CalFlora,D5,4,D,5,WWP,Control,rgr_v_FM,NA
D5.BROARE.1,BROARE,Bromus arenarius,Non-native,Grass,Non-native,CalFlora,D5,4,D,5,WWP,Control,rgr_v_MA,0.04958687627505718
D5.BROARE.1,BROARE,Bromus arenarius,Non-native,Grass,Non-native,CalFlora,D5,4,D,5,WWP,Control,rgr_v_AM,-0.00703312384512624
D5.BROARE.1,BROARE,Bromus arenarius,Non-native,Grass,Non-native,CalFlora,D5,4,D,5,WWP,Control,rgr_v_MJ,NA
C3.ACMPAR.1,ACMPAR,Acmispon parviflorus,Native,Forb,Native,CalFlora,C3,3,C,3,ANGELO,Drought,rgr_v_FM,NA
C3.ACMPAR.1,ACMPAR,Acmispon parviflorus,Native,Forb,Native,CalFlora,C3,3,C,3,ANGELO,Drought,rgr_v_MA,NA
C3.ACMPAR.1,ACMPAR,Acmispon parviflorus,Native,Forb,Native,CalFlora,C3,3,C,3,ANGELO,Drought,rgr_v_AM,0.04902663721756171
C3.ACMPAR.1,ACMPAR,Acmispon parviflorus,Native,Forb,Native,CalFlora,C3,3,C,3,ANGELO,Drought,rgr_v_MJ,NA
G1.AVEBAR.1,AVEBAR,Avena barbata,Non-native,Grass,Moderate,Cal IPC,G1,2,G,1,BORR,Control,rgr_v_FM,NA
G1.AVEBAR.1,AVEBAR,Avena barbata,Non-native,Grass,Moderate,Cal IPC,G1,2,G,1,BORR,Control,rgr_v_MA,0.10745368177615292
G1.AVEBAR.1,AVEBAR,Avena barbata,Non-native,Grass,Moderate,Cal IPC,G1,2,G,1,BORR,Control,rgr_v_AM,0.09422890398459396
G1.AVEBAR.1,AVEBAR,Avena barbata,Non-native,Grass,Moderate,Cal IPC,G1,2,G,1,BORR,Control,rgr_v_MJ,NA
H7.AVEBAR.1,AVEBAR,Avena barbata,Non-native,Grass,Moderate,Cal IPC,H7,3,H,7,MCL,Control,rgr_v_FM,NA
H7.AVEBAR.1,AVEBAR,Avena barbata,Non-native,Grass,Moderate,Cal IPC,H7,3,H,7,MCL,Control,rgr_v_MA,0.12743849516531888
H7.AVEBAR.1,AVEBAR,Avena barbata,Non-native,Grass,Moderate,Cal IPC,H7,3,H,7,MCL,Control,rgr_v_AM,0.10965281501550636
H7.AVEBAR.1,AVEBAR,Avena barbata,Non-native,Grass,Moderate,Cal IPC,H7,3,H,7,MCL,Control,rgr_v_MJ,NA
I7.BROHOR.1,BROHOR,Bromus hordeaceaus,Non-native,Grass,Limited,Cal IPC,I7,4,I,7,MCL,Drought,rgr_v_FM,NA
I7.BROHOR.1,BROHOR,Bromus hordeaceaus,Non-native,Grass,Limited,Cal IPC,I7,4,I,7,MCL,Drought,rgr_v_MA,0.08693363329432766
I7.BROHOR.1,BROHOR,Bromus hordeaceaus,Non-native,Grass,Limited,Cal IPC,I7,4,I,7,MCL,Drought,rgr_v_AM,NA
I7.BROHOR.1,BROHOR,Bromus hordeaceaus,Non-native,Grass,Limited,Cal IPC,I7,4,I,7,MCL,Drought,rgr_v_MJ,NA
G1.BRODIA.1,BRODIA,Bromus diandrus,Non-native,Grass,Moderate,Cal IPC,G1,2,G,1,BORR,Control,rgr_v_FM,NA
G1.BRODIA.1,BRODIA,Bromus diandrus,Non-native,Grass,Moderate,Cal IPC,G1,2,G,1,BORR,Control,rgr_v_MA,0.09393034308087868
G1.BRODIA.1,BRODIA,Bromus diandrus,Non-native,Grass,Moderate,Cal IPC,G1,2,G,1,BORR,Control,rgr_v_AM,NA
G1.BRODIA.1,BRODIA,Bromus diandrus,Non-native,Grass,Moderate,Cal IPC,G1,2,G,1,BORR,Control,rgr_v_MJ,NA
F2.LUPMIC.1,LUPMIC,Lupinus microcarpus,Native,Forb,Native,CalFlora,F2,1,F,2,WWP,Control,rgr_v_FM,NA
F2.LUPMIC.1,LUPMIC,Lupinus microcarpus,Native,Forb,Native,CalFlora,F2,1,F,2,WWP,Control,rgr_v_MA,0.10996909194946657
F2.LUPMIC.1,LUPMIC,Lupinus microcarpus,Native,Forb,Native,CalFlora,F2,1,F,2,WWP,Control,rgr_v_AM,NA
F2.LUPMIC.1,LUPMIC,Lupinus microcarpus,Native,Forb,Native,CalFlora,F2,1,F,2,WWP,Control,rgr_v_MJ,NA
E2.BROARE.1,BROARE,Bromus arenarius,Non-native,Grass,Non-native,CalFlora,E2,5,E,2,WWP,Control,rgr_v_FM,NA
E2.BROARE.1,BROARE,Bromus arenarius,Non-native,Grass,Non-native,CalFlora,E2,5,E,2,WWP,Control,rgr_v_MA,0.07779002567113066
E2.BROARE.1,BROARE,Bromus arenarius,Non-native,Grass,Non-native,CalFlora,E2,5,E,2,WWP,Control,rgr_v_AM,-0.00447125045130519
E2.BROARE.1,BROARE,Bromus arenarius,Non-native,Grass,Non-native,CalFlora,E2,5,E,2,WWP,Control,rgr_v_MJ,NA
I1.GERDIS.1,GERDIS,Geranium dissectum,Non-native,Forb,Limited,Cal IPC,I1,4,I,1,BORR,Drought,rgr_v_FM,0.09335176277372972
I1.GERDIS.1,GERDIS,Geranium dissectum,Non-native,Forb,Limited,Cal IPC,I1,4,I,1,BORR,Drought,rgr_v_MA,0.10858705432248889
I1.GERDIS.1,GERDIS,Geranium dissectum,Non-native,Forb,Limited,Cal IPC,I1,4,I,1,BORR,Drought,rgr_v_AM,NA
I1.GERDIS.1,GERDIS,Geranium dissectum,Non-native,Forb,Limited,Cal IPC,I1,4,I,1,BORR,Drought,rgr_v_MJ,NA
B7.BRODIA.1,BRODIA,Bromus diandrus,Non-native,Grass,Moderate,Cal IPC,B7,2,B,7,BORR,Drought,rgr_v_FM,NA
B7.BRODIA.1,BRODIA,Bromus diandrus,Non-native,Grass,Moderate,Cal IPC,B7,2,B,7,BORR,Drought,rgr_v_MA,0.1014690155719275
B7.BRODIA.1,BRODIA,Bromus diandrus,Non-native,Grass,Moderate,Cal IPC,B7,2,B,7,BORR,Drought,rgr_v_AM,NA
B7.BRODIA.1,BRODIA,Bromus diandrus,Non-native,Grass,Moderate,Cal IPC,B7,2,B,7,BORR,Drought,rgr_v_MJ,NA
B7.TORARV.1,TORARV,Torilis arvensis,Non-native,Forb,Moderate,Cal IPC,B7,2,B,7,BORR,Drought,rgr_v_FM,0.05940574474969322
B7.TORARV.1,TORARV,Torilis arvensis,Non-native,Forb,Moderate,Cal IPC,B7,2,B,7,BORR,Drought,rgr_v_MA,0.0561630148495423
B7.TORARV.1,TORARV,Torilis arvensis,Non-native,Forb,Moderate,Cal IPC,B7,2,B,7,BORR,Drought,rgr_v_AM,0.0674842666845622
B7.TORARV.1,TORARV,Torilis arvensis,Non-native,Forb,Moderate,Cal IPC,B7,2,B,7,BORR,Drought,rgr_v_MJ,NA
B7.GERDIS.1,GERDIS,Geranium dissectum,Non-native,Forb,Limited,Cal IPC,B7,2,B,7,BORR,Drought,rgr_v_FM,0.11398789925070912
B7.GERDIS.1,GERDIS,Geranium dissectum,Non-native,Forb,Limited,Cal IPC,B7,2,B,7,BORR,Drought,rgr_v_MA,0.05907494201940844
B7.GERDIS.1,GERDIS,Geranium dissectum,Non-native,Forb,Limited,Cal IPC,B7,2,B,7,BORR,Drought,rgr_v_AM,NA
B7.GERDIS.1,GERDIS,Geranium dissectum,Non-native,Forb,Limited,Cal IPC,B7,2,B,7,BORR,Drought,rgr_v_MJ,NA
A1.MADGRA.1,MADGRA,Madia gracilis,Native,Forb,Native,CalFlora,A1,1,A,1,ANGELO,Drought,rgr_v_FM,0.13030636488581268
A1.MADGRA.1,MADGRA,Madia gracilis,Native,Forb,Native,CalFlora,A1,1,A,1,ANGELO,Drought,rgr_v_MA,0.07046426025378373
A1.MADGRA.1,MADGRA,Madia gracilis,Native,Forb,Native,CalFlora,A1,1,A,1,ANGELO,Drought,rgr_v_AM,0.08199451140234935
A1.MADGRA.1,MADGRA,Madia gracilis,Native,Forb,Native,CalFlora,A1,1,A,1,ANGELO,Drought,rgr_v_MJ,NA
A3.CLAPUR.1,CLAPUR,Clarkia purpurea,Native,Forb,Native,CalFlora,A3,1,A,3,BORR,Drought,rgr_v_FM,0.09118394436952078
A3.CLAPUR.1,CLAPUR,Clarkia purpurea,Native,Forb,Native,CalFlora,A3,1,A,3,BORR,Drought,rgr_v_MA,0.05820004610573306
A3.CLAPUR.1,CLAPUR,Clarkia purpurea,Native,Forb,Native,CalFlora,A3,1,A,3,BORR,Drought,rgr_v_AM,-0.04820452698144504
A3.CLAPUR.1,CLAPUR,Clarkia purpurea,Native,Forb,Native,CalFlora,A3,1,A,3,BORR,Drought,rgr_v_MJ,NA
B1.CLAPUR.1,CLAPUR,Clarkia purpurea,Native,Forb,Native,CalFlora,B1,2,B,1,BORR,Drought,rgr_v_FM,0.10004902048561204
B1.CLAPUR.1,CLAPUR,Clarkia purpurea,Native,Forb,Native,CalFlora,B1,2,B,1,BORR,Drought,rgr_v_MA,0.10961663597176605
B1.CLAPUR.1,CLAPUR,Clarkia purpurea,Native,Forb,Native,CalFlora,B1,2,B,1,BORR,Drought,rgr_v_AM,-0.005793331604128
B1.CLAPUR.1,CLAPUR,Clarkia purpurea,Native,Forb,Native,CalFlora,B1,2,B,1,BORR,Drought,rgr_v_MJ,NA
B1.TORARV.1,TORARV,Torilis arvensis,Non-native,Forb,Moderate,Cal IPC,B1,2,B,1,BORR,Drought,rgr_v_FM,0.08002081374126634
B1.TORARV.1,TORARV,Torilis arvensis,Non-native,Forb,Moderate,Cal IPC,B1,2,B,1,BORR,Drought,rgr_v_MA,0.11028699866972765
B1.TORARV.1,TORARV,Torilis arvensis,Non-native,Forb,Moderate,Cal IPC,B1,2,B,1,BORR,Drought,rgr_v_AM,0.00890679656409547
B1.TORARV.1,TORARV,Torilis arvensis,Non-native,Forb,Moderate,Cal IPC,B1,2,B,1,BORR,Drought,rgr_v_MJ,NA
F1.DAUPUS.1,DAUPUS,Daucus pusillus,Native,Forb,Native,CalFlora,F1,1,F,1,ANGELO,Control,rgr_v_FM,0.06476477726136697
F1.DAUPUS.1,DAUPUS,Daucus pusillus,Native,Forb,Native,CalFlora,F1,1,F,1,ANGELO,Control,rgr_v_MA,0.06273611812920288
F1.DAUPUS.1,DAUPUS,Daucus pusillus,Native,Forb,Native,CalFlora,F1,1,F,1,ANGELO,Control,rgr_v_AM,0.03693975175170976
F1.DAUPUS.1,DAUPUS,Daucus pusillus,Native,Forb,Native,CalFlora,F1,1,F,1,ANGELO,Control,rgr_v_MJ,NA
F3.DAUPUS.1,DAUPUS,Daucus pusillus,Native,Forb,Native,CalFlora,F3,1,F,3,BORR,Control,rgr_v_FM,0.09843384229316404
F3.DAUPUS.1,DAUPUS,Daucus pusillus,Native,Forb,Native,CalFlora,F3,1,F,3,BORR,Control,rgr_v_MA,0.10595494188586618
F3.DAUPUS.1,DAUPUS,Daucus pusillus,Native,Forb,Native,CalFlora,F3,1,F,3,BORR,Control,rgr_v_AM,-0.01841113545313765
F3.DAUPUS.1,DAUPUS,Daucus pusillus,Native,Forb,Native,CalFlora,F3,1,F,3,BORR,Control,rgr_v_MJ,NA
F8.DAUPUS.1,DAUPUS,Daucus pusillus,Native,Forb,Native,CalFlora,F8,1,F,8,BORR,Control,rgr_v_FM,0.0671385754114621
F8.DAUPUS.1,DAUPUS,Daucus pusillus,Native,Forb,Native,CalFlora,F8,1,F,8,BORR,Control,rgr_v_MA,0.04779369486852307
F8.DAUPUS.1,DAUPUS,Daucus pusillus,Native,Forb,Native,CalFlora,F8,1,F,8,BORR,Control,rgr_v_AM,0.04021868055545824
F8.DAUPUS.1,DAUPUS,Daucus pusillus,Native,Forb,Native,CalFlora,F8,1,F,8,BORR,Control,rgr_v_MJ,NA
H2.CLAPUR.1,CLAPUR,Clarkia purpurea,Native,Forb,Native,CalFlora,H2,3,H,2,ANGELO,Control,rgr_v_FM,0.06087321448491548
H2.CLAPUR.1,CLAPUR,Clarkia purpurea,Native,Forb,Native,CalFlora,H2,3,H,2,ANGELO,Control,rgr_v_MA,0.09445702372067916
H2.CLAPUR.1,CLAPUR,Clarkia purpurea,Native,Forb,Native,CalFlora,H2,3,H,2,ANGELO,Control,rgr_v_AM,0.07634788211003896
H2.CLAPUR.1,CLAPUR,Clarkia purpurea,Native,Forb,Native,CalFlora,H2,3,H,2,ANGELO,Control,rgr_v_MJ,NA
B7.BROHOR.1,BROHOR,Bromus hordeaceaus,Non-native,Grass,Limited,Cal IPC,B7,2,B,7,BORR,Drought,rgr_v_FM,NA
B7.BROHOR.1,BROHOR,Bromus hordeaceaus,Non-native,Grass,Limited,Cal IPC,B7,2,B,7,BORR,Drought,rgr_v_MA,0.09227152458316734
B7.BROHOR.1,BROHOR,Bromus hordeaceaus,Non-native,Grass,Limited,Cal IPC,B7,2,B,7,BORR,Drought,rgr_v_AM,NA
B7.BROHOR.1,BROHOR,Bromus hordeaceaus,Non-native,Grass,Limited,Cal IPC,B7,2,B,7,BORR,Drought,rgr_v_MJ,NA
B7.DAUPUS.1,DAUPUS,Daucus pusillus,Native,Forb,Native,CalFlora,B7,2,B,7,BORR,Drought,rgr_v_FM,0.11806361934795057
B7.DAUPUS.1,DAUPUS,Daucus pusillus,Native,Forb,Native,CalFlora,B7,2,B,7,BORR,Drought,rgr_v_MA,0.08456189075780515
B7.DAUPUS.1,DAUPUS,Daucus pusillus,Native,Forb,Native,CalFlora,B7,2,B,7,BORR,Drought,rgr_v_AM,-0.02790075508481187
B7.DAUPUS.1,DAUPUS,Daucus pusillus,Native,Forb,Native,CalFlora,B7,2,B,7,BORR,Drought,rgr_v_MJ,NA
B4.BRODIA.1,BRODIA,Bromus diandrus,Non-native,Grass,Moderate,Cal IPC,B4,2,B,4,ANGELO,Drought,rgr_v_FM,NA
B4.BRODIA.1,BRODIA,Bromus diandrus,Non-native,Grass,Moderate,Cal IPC,B4,2,B,4,ANGELO,Drought,rgr_v_MA,NA
B4.BRODIA.1,BRODIA,Bromus diandrus,Non-native,Grass,Moderate,Cal IPC,B4,2,B,4,ANGELO,Drought,rgr_v_AM,NA
B4.BRODIA.1,BRODIA,Bromus diandrus,Non-native,Grass,Moderate,Cal IPC,B4,2,B,4,ANGELO,Drought,rgr_v_MJ,NA
B4.MADGRA.1,MADGRA,Madia gracilis,Native,Forb,Native,CalFlora,B4,2,B,4,ANGELO,Drought,rgr_v_FM,0.1257950848135752
B4.MADGRA.1,MADGRA,Madia gracilis,Native,Forb,Native,CalFlora,B4,2,B,4,ANGELO,Drought,rgr_v_MA,0.10259350885558435
B4.MADGRA.1,MADGRA,Madia gracilis,Native,Forb,Native,CalFlora,B4,2,B,4,ANGELO,Drought,rgr_v_AM,0.05540956154074426
B4.MADGRA.1,MADGRA,Madia gracilis,Native,Forb,Native,CalFlora,B4,2,B,4,ANGELO,Drought,rgr_v_MJ,NA
J3.AVEBAR.1,AVEBAR,Avena barbata,Non-native,Grass,Moderate,Cal IPC,J3,5,J,3,MCL,Drought,rgr_v_FM,0.09377528886690026
J3.AVEBAR.1,AVEBAR,Avena barbata,Non-native,Grass,Moderate,Cal IPC,J3,5,J,3,MCL,Drought,rgr_v_MA,0.08109501388120266
J3.AVEBAR.1,AVEBAR,Avena barbata,Non-native,Grass,Moderate,Cal IPC,J3,5,J,3,MCL,Drought,rgr_v_AM,0.04817630683528627
J3.AVEBAR.1,AVEBAR,Avena barbata,Non-native,Grass,Moderate,Cal IPC,J3,5,J,3,MCL,Drought,rgr_v_MJ,NA
J2.BRODIA.1,BRODIA,Bromus diandrus,Non-native,Grass,Moderate,Cal IPC,J2,5,J,2,ANGELO,Drought,rgr_v_FM,NA
J2.BRODIA.1,BRODIA,Bromus diandrus,Non-native,Grass,Moderate,Cal IPC,J2,5,J,2,ANGELO,Drought,rgr_v_MA,0.08252629535652375
J2.BRODIA.1,BRODIA,Bromus diandrus,Non-native,Grass,Moderate,Cal IPC,J2,5,J,2,ANGELO,Drought,rgr_v_AM,0.07823654865895792
J2.BRODIA.1,BRODIA,Bromus diandrus,Non-native,Grass,Moderate,Cal IPC,J2,5,J,2,ANGELO,Drought,rgr_v_MJ,NA
I4.AVEBAR.1,AVEBAR,Avena barbata,Non-native,Grass,Moderate,Cal IPC,I4,4,I,4,BORR,Drought,rgr_v_FM,NA
I4.AVEBAR.1,AVEBAR,Avena barbata,Non-native,Grass,Moderate,Cal IPC,I4,4,I,4,BORR,Drought,rgr_v_MA,0.08976618274688752
I4.AVEBAR.1,AVEBAR,Avena barbata,Non-native,Grass,Moderate,Cal IPC,I4,4,I,4,BORR,Drought,rgr_v_AM,0.05556082425134706
I4.AVEBAR.1,AVEBAR,Avena barbata,Non-native,Grass,Moderate,Cal IPC,I4,4,I,4,BORR,Drought,rgr_v_MJ,NA
C2.STIPUL.1,STIPUL,Stipa pulchra,Native,Grass,Native,CalFlora,C2,3,C,2,SEDG,Drought,rgr_v_FM,NA
C2.STIPUL.1,STIPUL,Stipa pulchra,Native,Grass,Native,CalFlora,C2,3,C,2,SEDG,Drought,rgr_v_MA,0.07368769120269239
C2.STIPUL.1,STIPUL,Stipa pulchra,Native,Grass,Native,CalFlora,C2,3,C,2,SEDG,Drought,rgr_v_AM,0.08217348397757653
C2.STIPUL.1,STIPUL,Stipa pulchra,Native,Grass,Native,CalFlora,C2,3,C,2,SEDG,Drought,rgr_v_MJ,-0.0945096462089044
D3.ESCCAL.1,ESCCAL,Eschscholzia californica,Native,Forb,Native,CalFlora,D3,4,D,3,WWP,Control,rgr_v_FM,0.1062962587313382
D3.ESCCAL.1,ESCCAL,Eschscholzia californica,Native,Forb,Native,CalFlora,D3,4,D,3,WWP,Control,rgr_v_MA,-0.12912672642026493
D3.ESCCAL.1,ESCCAL,Eschscholzia californica,Native,Forb,Native,CalFlora,D3,4,D,3,WWP,Control,rgr_v_AM,NA
D3.ESCCAL.1,ESCCAL,Eschscholzia californica,Native,Forb,Native,CalFlora,D3,4,D,3,WWP,Control,rgr_v_MJ,NA
E2.LUPMIC.1,LUPMIC,Lupinus microcarpus,Native,Forb,Native,CalFlora,E2,5,E,2,WWP,Control,rgr_v_FM,0.05860946084994989
E2.LUPMIC.1,LUPMIC,Lupinus microcarpus,Native,Forb,Native,CalFlora,E2,5,E,2,WWP,Control,rgr_v_MA,0.07111075493883214
E2.LUPMIC.1,LUPMIC,Lupinus microcarpus,Native,Forb,Native,CalFlora,E2,5,E,2,WWP,Control,rgr_v_AM,0.06669105584594852
E2.LUPMIC.1,LUPMIC,Lupinus microcarpus,Native,Forb,Native,CalFlora,E2,5,E,2,WWP,Control,rgr_v_MJ,NA
I3.LUPMIC.1,LUPMIC,Lupinus microcarpus,Native,Forb,Native,CalFlora,I3,4,I,3,WWP,Drought,rgr_v_FM,NA
I3.LUPMIC.1,LUPMIC,Lupinus microcarpus,Native,Forb,Native,CalFlora,I3,4,I,3,WWP,Drought,rgr_v_MA,NA
I3.LUPMIC.1,LUPMIC,Lupinus microcarpus,Native,Forb,Native,CalFlora,I3,4,I,3,WWP,Drought,rgr_v_AM,NA
I3.LUPMIC.1,LUPMIC,Lupinus microcarpus,Native,Forb,Native,CalFlora,I3,4,I,3,WWP,Drought,rgr_v_MJ,NA
I6.GALPAR.1,GALPAR,Galium parisiense,Non-native,Forb,Non-native,CalFlora,I6,4,I,6,ANGELO,Drought,rgr_v_FM,0.1424637159487241
I6.GALPAR.1,GALPAR,Galium parisiense,Non-native,Forb,Non-native,CalFlora,I6,4,I,6,ANGELO,Drought,rgr_v_MA,0.13040076684760488
I6.GALPAR.1,GALPAR,Galium parisiense,Non-native,Forb,Non-native,CalFlora,I6,4,I,6,ANGELO,Drought,rgr_v_AM,0.04735258045624226
I6.GALPAR.1,GALPAR,Galium parisiense,Non-native,Forb,Non-native,CalFlora,I6,4,I,6,ANGELO,Drought,rgr_v_MJ,NA
J4.EROCIC.1,EROCIC,Erodium cicutarium,Non-native,Forb,Non-native,CalFlora,J4,5,J,4,WWP,Drought,rgr_v_FM,0.12043998982739117
J4.EROCIC.1,EROCIC,Erodium cicutarium,Non-native,Forb,Non-native,CalFlora,J4,5,J,4,WWP,Drought,rgr_v_MA,-0.03231480523532931
J4.EROCIC.1,EROCIC,Erodium cicutarium,Non-native,Forb,Non-native,CalFlora,J4,5,J,4,WWP,Drought,rgr_v_AM,0.04756549537436842
J4.EROCIC.1,EROCIC,Erodium cicutarium,Non-native,Forb,Non-native,CalFlora,J4,5,J,4,WWP,Drought,rgr_v_MJ,NA
E2.PHATAN.1A,PHATAN,Phacelia tanacetifolia,Native,Forb,Native,CalFlora,E2,5,E,2,WWP,Control,rgr_v_FM,NA
E2.PHATAN.1A,PHATAN,Phacelia tanacetifolia,Native,Forb,Native,CalFlora,E2,5,E,2,WWP,Control,rgr_v_MA,NA
E2.PHATAN.1A,PHATAN,Phacelia tanacetifolia,Native,Forb,Native,CalFlora,E2,5,E,2,WWP,Control,rgr_v_AM,NA
E2.PHATAN.1A,PHATAN,Phacelia tanacetifolia,Native,Forb,Native,CalFlora,E2,5,E,2,WWP,Control,rgr_v_MJ,NA
A4.ESCCAL.1,ESCCAL,Eschscholzia californica,Native,Forb,Native,CalFlora,A4,1,A,4,WWP,Drought,rgr_v_FM,0.09638143372730482
A4.ESCCAL.1,ESCCAL,Eschscholzia californica,Native,Forb,Native,CalFlora,A4,1,A,4,WWP,Drought,rgr_v_MA,NA
A4.ESCCAL.1,ESCCAL,Eschscholzia californica,Native,Forb,Native,CalFlora,A4,1,A,4,WWP,Drought,rgr_v_AM,NA
A4.ESCCAL.1,ESCCAL,Eschscholzia californica,Native,Forb,Native,CalFlora,A4,1,A,4,WWP,Drought,rgr_v_MJ,NA
J8.EROCIC.1,EROCIC,Erodium cicutarium,Non-native,Forb,Non-native,CalFlora,J8,5,J,8,SEDG,Drought,rgr_v_FM,0.1059876234366651
J8.EROCIC.1,EROCIC,Erodium cicutarium,Non-native,Forb,Non-native,CalFlora,J8,5,J,8,SEDG,Drought,rgr_v_MA,0.1000858263418224
J8.EROCIC.1,EROCIC,Erodium cicutarium,Non-native,Forb,Non-native,CalFlora,J8,5,J,8,SEDG,Drought,rgr_v_AM,-0.01816077800344015
J8.EROCIC.1,EROCIC,Erodium cicutarium,Non-native,Forb,Non-native,CalFlora,J8,5,J,8,SEDG,Drought,rgr_v_MJ,NA
G7.DAUPUS.1,DAUPUS,Daucus pusillus,Native,Forb,Native,CalFlora,G7,2,G,7,ANGELO,Control,rgr_v_FM,0.09146418140254232
G7.DAUPUS.1,DAUPUS,Daucus pusillus,Native,Forb,Native,CalFlora,G7,2,G,7,ANGELO,Control,rgr_v_MA,0.14634811099522993
G7.DAUPUS.1,DAUPUS,Daucus pusillus,Native,Forb,Native,CalFlora,G7,2,G,7,ANGELO,Control,rgr_v_AM,0.09568759888250931
G7.DAUPUS.1,DAUPUS,Daucus pusillus,Native,Forb,Native,CalFlora,G7,2,G,7,ANGELO,Control,rgr_v_MJ,NA
J4.BROARE.1,BROARE,Bromus arenarius,Non-native,Grass,Non-native,CalFlora,J4,5,J,4,WWP,Drought,rgr_v_FM,NA
J4.BROARE.1,BROARE,Bromus arenarius,Non-native,Grass,Non-native,CalFlora,J4,5,J,4,WWP,Drought,rgr_v_MA,0.04978568552111637
J4.BROARE.1,BROARE,Bromus arenarius,Non-native,Grass,Non-native,CalFlora,J4,5,J,4,WWP,Drought,rgr_v_AM,-0.03775468289102949
J4.BROARE.1,BROARE,Bromus arenarius,Non-native,Grass,Non-native,CalFlora,J4,5,J,4,WWP,Drought,rgr_v_MJ,NA
A3.EROBOT.1,EROBOT,Erodium botrys,Non-native,Forb,Non-native,CalFlora,A3,1,A,3,BORR,Drought,rgr_v_FM,0.1032383598909312
A3.EROBOT.1,EROBOT,Erodium botrys,Non-native,Forb,Non-native,CalFlora,A3,1,A,3,BORR,Drought,rgr_v_MA,0.08210257793203987
A3.EROBOT.1,EROBOT,Erodium botrys,Non-native,Forb,Non-native,CalFlora,A3,1,A,3,BORR,Drought,rgr_v_AM,0.02650890691081728
A3.EROBOT.1,EROBOT,Erodium botrys,Non-native,Forb,Non-native,CalFlora,A3,1,A,3,BORR,Drought,rgr_v_MJ,NA
E1.ESCCAL.1,ESCCAL,Eschscholzia californica,Native,Forb,Native,CalFlora,E1,5,E,1,ANGELO,Control,rgr_v_FM,0.1010772112857182
E1.ESCCAL.1,ESCCAL,Eschscholzia californica,Native,Forb,Native,CalFlora,E1,5,E,1,ANGELO,Control,rgr_v_MA,0.02806243339620431
E1.ESCCAL.1,ESCCAL,Eschscholzia californica,Native,Forb,Native,CalFlora,E1,5,E,1,ANGELO,Control,rgr_v_AM,NA
E1.ESCCAL.1,ESCCAL,Eschscholzia californica,Native,Forb,Native,CalFlora,E1,5,E,1,ANGELO,Control,rgr_v_MJ,NA
E8.CLAPUR.1,CLAPUR,Clarkia purpurea,Native,Forb,Native,CalFlora,E8,5,E,8,BORR,Control,rgr_v_FM,0.08102090274837029
E8.CLAPUR.1,CLAPUR,Clarkia purpurea,Native,Forb,Native,CalFlora,E8,5,E,8,BORR,Control,rgr_v_MA,0.08632822556683101
E8.CLAPUR.1,CLAPUR,Clarkia purpurea,Native,Forb,Native,CalFlora,E8,5,E,8,BORR,Control,rgr_v_AM,0.04226237897839045
E8.CLAPUR.1,CLAPUR,Clarkia purpurea,Native,Forb,Native,CalFlora,E8,5,E,8,BORR,Control,rgr_v_MJ,NA
G6.MADGRA.1,MADGRA,Madia gracilis,Native,Forb,Native,CalFlora,G6,2,G,6,ANGELO,Control,rgr_v_FM,0.25781511752486275
G6.MADGRA.1,MADGRA,Madia gracilis,Native,Forb,Native,CalFlora,G6,2,G,6,ANGELO,Control,rgr_v_MA,0.10440634162013092
G6.MADGRA.1,MADGRA,Madia gracilis,Native,Forb,Native,CalFlora,G6,2,G,6,ANGELO,Control,rgr_v_AM,NA
G6.MADGRA.1,MADGRA,Madia gracilis,Native,Forb,Native,CalFlora,G6,2,G,6,ANGELO,Control,rgr_v_MJ,NA
I5.MADGRA.1,MADGRA,Madia gracilis,Native,Forb,Native,CalFlora,I5,4,I,5,ANGELO,Drought,rgr_v_FM,0.10009595547846646
I5.MADGRA.1,MADGRA,Madia gracilis,Native,Forb,Native,CalFlora,I5,4,I,5,ANGELO,Drought,rgr_v_MA,0.10828725980223128
I5.MADGRA.1,MADGRA,Madia gracilis,Native,Forb,Native,CalFlora,I5,4,I,5,ANGELO,Drought,rgr_v_AM,0.0677987303141716
I5.MADGRA.1,MADGRA,Madia gracilis,Native,Forb,Native,CalFlora,I5,4,I,5,ANGELO,Drought,rgr_v_MJ,NA
I6.MADGRA.1,MADGRA,Madia gracilis,Native,Forb,Native,CalFlora,I6,4,I,6,ANGELO,Drought,rgr_v_FM,0.11934583050463383
I6.MADGRA.1,MADGRA,Madia gracilis,Native,Forb,Native,CalFlora,I6,4,I,6,ANGELO,Drought,rgr_v_MA,0.07593405724450805
I6.MADGRA.1,MADGRA,Madia gracilis,Native,Forb,Native,CalFlora,I6,4,I,6,ANGELO,Drought,rgr_v_AM,0.082440624468587
I6.MADGRA.1,MADGRA,Madia gracilis,Native,Forb,Native,CalFlora,I6,4,I,6,ANGELO,Drought,rgr_v_MJ,NA
I8.MADGRA.1,MADGRA,Madia gracilis,Native,Forb,Native,CalFlora,I8,4,I,8,ANGELO,Drought,rgr_v_FM,0.11136180332807788
I8.MADGRA.1,MADGRA,Madia gracilis,Native,Forb,Native,CalFlora,I8,4,I,8,ANGELO,Drought,rgr_v_MA,0.07545591066384315
I8.MADGRA.1,MADGRA,Madia gracilis,Native,Forb,Native,CalFlora,I8,4,I,8,ANGELO,Drought,rgr_v_AM,0.09480634711417645
I8.MADGRA.1,MADGRA,Madia gracilis,Native,Forb,Native,CalFlora,I8,4,I,8,ANGELO,Drought,rgr_v_MJ,NA
I2.ESCCAL.1,ESCCAL,Eschscholzia californica,Native,Forb,Native,CalFlora,I2,4,I,2,SEDG,Drought,rgr_v_FM,0.10517511203990404
I2.ESCCAL.1,ESCCAL,Eschscholzia californica,Native,Forb,Native,CalFlora,I2,4,I,2,SEDG,Drought,rgr_v_MA,0.06370104743601435
I2.ESCCAL.1,ESCCAL,Eschscholzia californica,Native,Forb,Native,CalFlora,I2,4,I,2,SEDG,Drought,rgr_v_AM,0.07283724565420824
I2.ESCCAL.1,ESCCAL,Eschscholzia californica,Native,Forb,Native,CalFlora,I2,4,I,2,SEDG,Drought,rgr_v_MJ,0.01437077843831109
B7.VICSAT.1,VICSAT,Vicia sativa,Non-native,Forb,Non-native,CalFlora,B7,2,B,7,BORR,Drought,rgr_v_FM,0.03122183840948203
B7.VICSAT.1,VICSAT,Vicia sativa,Non-native,Forb,Non-native,CalFlora,B7,2,B,7,BORR,Drought,rgr_v_MA,0.13813460742093953
B7.VICSAT.1,VICSAT,Vicia sativa,Non-native,Forb,Non-native,CalFlora,B7,2,B,7,BORR,Drought,rgr_v_AM,NA
B7.VICSAT.1,VICSAT,Vicia sativa,Non-native,Forb,Non-native,CalFlora,B7,2,B,7,BORR,Drought,rgr_v_MJ,NA
I6.BRODIA.1,BRODIA,Bromus diandrus,Non-native,Grass,Moderate,Cal IPC,I6,4,I,6,ANGELO,Drought,rgr_v_FM,NA
I6.BRODIA.1,BRODIA,Bromus diandrus,Non-native,Grass,Moderate,Cal IPC,I6,4,I,6,ANGELO,Drought,rgr_v_MA,0.07438786651454286
I6.BRODIA.1,BRODIA,Bromus diandrus,Non-native,Grass,Moderate,Cal IPC,I6,4,I,6,ANGELO,Drought,rgr_v_AM,0.0866304828217039
I6.BRODIA.1,BRODIA,Bromus diandrus,Non-native,Grass,Moderate,Cal IPC,I6,4,I,6,ANGELO,Drought,rgr_v_MJ,NA
G5.TRIHIR.1,TRIHIR,Trifolium hirtum,Non-native,Forb,Limited,Cal IPC,G5,2,G,5,MCL,Control,rgr_v_FM,0.12938590171880804
G5.TRIHIR.1,TRIHIR,Trifolium hirtum,Non-native,Forb,Limited,Cal IPC,G5,2,G,5,MCL,Control,rgr_v_MA,0.087251292501577
G5.TRIHIR.1,TRIHIR,Trifolium hirtum,Non-native,Forb,Limited,Cal IPC,G5,2,G,5,MCL,Control,rgr_v_AM,0.06793094924969954
G5.TRIHIR.1,TRIHIR,Trifolium hirtum,Non-native,Forb,Limited,Cal IPC,G5,2,G,5,MCL,Control,rgr_v_MJ,NA
D2.CLAPUR.1,CLAPUR,Clarkia purpurea,Native,Forb,Native,CalFlora,D2,4,D,2,BORR,Control,rgr_v_FM,0.11376002162856168
D2.CLAPUR.1,CLAPUR,Clarkia purpurea,Native,Forb,Native,CalFlora,D2,4,D,2,BORR,Control,rgr_v_MA,0.11436185460178354
D2.CLAPUR.1,CLAPUR,Clarkia purpurea,Native,Forb,Native,CalFlora,D2,4,D,2,BORR,Control,rgr_v_AM,0.02750736168091541
D2.CLAPUR.1,CLAPUR,Clarkia purpurea,Native,Forb,Native,CalFlora,D2,4,D,2,BORR,Control,rgr_v_MJ,NA
D6.CLAPUR.1,CLAPUR,Clarkia purpurea,Native,Forb,Native,CalFlora,D6,4,D,6,BORR,Control,rgr_v_FM,0.1079310675710092
D6.CLAPUR.1,CLAPUR,Clarkia purpurea,Native,Forb,Native,CalFlora,D6,4,D,6,BORR,Control,rgr_v_MA,0.09718965219601514
D6.CLAPUR.1,CLAPUR,Clarkia purpurea,Native,Forb,Native,CalFlora,D6,4,D,6,BORR,Control,rgr_v_AM,0.06371555512276927
D6.CLAPUR.1,CLAPUR,Clarkia purpurea,Native,Forb,Native,CalFlora,D6,4,D,6,BORR,Control,rgr_v_MJ,NA
B5.EROBOT.1,EROBOT,Erodium botrys,Non-native,Forb,Non-native,CalFlora,B5,2,B,5,MCL,Drought,rgr_v_FM,0.16014538133389122
B5.EROBOT.1,EROBOT,Erodium botrys,Non-native,Forb,Non-native,CalFlora,B5,2,B,5,MCL,Drought,rgr_v_MA,0.12654744734232137
B5.EROBOT.1,EROBOT,Erodium botrys,Non-native,Forb,Non-native,CalFlora,B5,2,B,5,MCL,Drought,rgr_v_AM,0.01104998101110159
B5.EROBOT.1,EROBOT,Erodium botrys,Non-native,Forb,Non-native,CalFlora,B5,2,B,5,MCL,Drought,rgr_v_MJ,NA
C5.EROBOT.1,EROBOT,Erodium botrys,Non-native,Forb,Non-native,CalFlora,C5,3,C,5,BORR,Drought,rgr_v_FM,0.13103144080084894
C5.EROBOT.1,EROBOT,Erodium botrys,Non-native,Forb,Non-native,CalFlora,C5,3,C,5,BORR,Drought,rgr_v_MA,0.11911198364803334
C5.EROBOT.1,EROBOT,Erodium botrys,Non-native,Forb,Non-native,CalFlora,C5,3,C,5,BORR,Drought,rgr_v_AM,0.04270640062819305
C5.EROBOT.1,EROBOT,Erodium botrys,Non-native,Forb,Non-native,CalFlora,C5,3,C,5,BORR,Drought,rgr_v_MJ,NA
D1.CLAPUR.1,CLAPUR,Clarkia purpurea,Native,Forb,Native,CalFlora,D1,4,D,1,ANGELO,Control,rgr_v_FM,0.12821811218144238
D1.CLAPUR.1,CLAPUR,Clarkia purpurea,Native,Forb,Native,CalFlora,D1,4,D,1,ANGELO,Control,rgr_v_MA,0.04102136838026992
D1.CLAPUR.1,CLAPUR,Clarkia purpurea,Native,Forb,Native,CalFlora,D1,4,D,1,ANGELO,Control,rgr_v_AM,0.11352792959878068
D1.CLAPUR.1,CLAPUR,Clarkia purpurea,Native,Forb,Native,CalFlora,D1,4,D,1,ANGELO,Control,rgr_v_MJ,NA
E1.CLAPUR.1,CLAPUR,Clarkia purpurea,Native,Forb,Native,CalFlora,E1,5,E,1,ANGELO,Control,rgr_v_FM,0.12324950336215774
E1.CLAPUR.1,CLAPUR,Clarkia purpurea,Native,Forb,Native,CalFlora,E1,5,E,1,ANGELO,Control,rgr_v_MA,0.0743939049284705
E1.CLAPUR.1,CLAPUR,Clarkia purpurea,Native,Forb,Native,CalFlora,E1,5,E,1,ANGELO,Control,rgr_v_AM,0.08072606565966026
E1.CLAPUR.1,CLAPUR,Clarkia purpurea,Native,Forb,Native,CalFlora,E1,5,E,1,ANGELO,Control,rgr_v_MJ,NA
E3.CLAPUR.1,CLAPUR,Clarkia purpurea,Native,Forb,Native,CalFlora,E3,5,E,3,ANGELO,Control,rgr_v_FM,0.09152100515885284
E3.CLAPUR.1,CLAPUR,Clarkia purpurea,Native,Forb,Native,CalFlora,E3,5,E,3,ANGELO,Control,rgr_v_MA,0.08936826532861873
E3.CLAPUR.1,CLAPUR,Clarkia purpurea,Native,Forb,Native,CalFlora,E3,5,E,3,ANGELO,Control,rgr_v_AM,0.11246291664213434
E3.CLAPUR.1,CLAPUR,Clarkia purpurea,Native,Forb,Native,CalFlora,E3,5,E,3,ANGELO,Control,rgr_v_MJ,NA
F1.CLAPUR.1,CLAPUR,Clarkia purpurea,Native,Forb,Native,CalFlora,F1,1,F,1,ANGELO,Control,rgr_v_FM,0.08015466742067302
F1.CLAPUR.1,CLAPUR,Clarkia purpurea,Native,Forb,Native,CalFlora,F1,1,F,1,ANGELO,Control,rgr_v_MA,0.128806878267201
F1.CLAPUR.1,CLAPUR,Clarkia purpurea,Native,Forb,Native,CalFlora,F1,1,F,1,ANGELO,Control,rgr_v_AM,0.06371555512276923
F1.CLAPUR.1,CLAPUR,Clarkia purpurea,Native,Forb,Native,CalFlora,F1,1,F,1,ANGELO,Control,rgr_v_MJ,NA
D4.CLAPUR.1,CLAPUR,Clarkia purpurea,Native,Forb,Native,CalFlora,D4,4,D,4,MCL,Control,rgr_v_FM,0.07783640596221254
D4.CLAPUR.1,CLAPUR,Clarkia purpurea,Native,Forb,Native,CalFlora,D4,4,D,4,MCL,Control,rgr_v_MA,0.10640215224725144
D4.CLAPUR.1,CLAPUR,Clarkia purpurea,Native,Forb,Native,CalFlora,D4,4,D,4,MCL,Control,rgr_v_AM,0.08654385778322671
D4.CLAPUR.1,CLAPUR,Clarkia purpurea,Native,Forb,Native,CalFlora,D4,4,D,4,MCL,Control,rgr_v_MJ,NA
B2.CLAPUR.1,CLAPUR,Clarkia purpurea,Native,Forb,Native,CalFlora,B2,2,B,2,MCL,Drought,rgr_v_FM,0.12616153628165405
B2.CLAPUR.1,CLAPUR,Clarkia purpurea,Native,Forb,Native,CalFlora,B2,2,B,2,MCL,Drought,rgr_v_MA,0.06223094640743539
B2.CLAPUR.1,CLAPUR,Clarkia purpurea,Native,Forb,Native,CalFlora,B2,2,B,2,MCL,Drought,rgr_v_AM,0.04138235688743486
B2.CLAPUR.1,CLAPUR,Clarkia purpurea,Native,Forb,Native,CalFlora,B2,2,B,2,MCL,Drought,rgr_v_MJ,NA
C3.CLAPUR.1,CLAPUR,Clarkia purpurea,Native,Forb,Native,CalFlora,C3,3,C,3,ANGELO,Drought,rgr_v_FM,0.11295737590504068
C3.CLAPUR.1,CLAPUR,Clarkia purpurea,Native,Forb,Native,CalFlora,C3,3,C,3,ANGELO,Drought,rgr_v_MA,0.12947014719145997
C3.CLAPUR.1,CLAPUR,Clarkia purpurea,Native,Forb,Native,CalFlora,C3,3,C,3,ANGELO,Drought,rgr_v_AM,0.0828264862488822
C3.CLAPUR.1,CLAPUR,Clarkia purpurea,Native,Forb,Native,CalFlora,C3,3,C,3,ANGELO,Drought,rgr_v_MJ,NA
A8.CLAPUR.1,CLAPUR,Clarkia purpurea,Native,Forb,Native,CalFlora,A8,1,A,8,MCL,Drought,rgr_v_FM,0.0892332425940589
A8.CLAPUR.1,CLAPUR,Clarkia purpurea,Native,Forb,Native,CalFlora,A8,1,A,8,MCL,Drought,rgr_v_MA,0.08399023721752773
A8.CLAPUR.1,CLAPUR,Clarkia purpurea,Native,Forb,Native,CalFlora,A8,1,A,8,MCL,Drought,rgr_v_AM,0.04834662867706256
A8.CLAPUR.1,CLAPUR,Clarkia purpurea,Native,Forb,Native,CalFlora,A8,1,A,8,MCL,Drought,rgr_v_MJ,NA
B5.CLAPUR.1,CLAPUR,Clarkia purpurea,Native,Forb,Native,CalFlora,B5,2,B,5,MCL,Drought,rgr_v_FM,0.13044176806717725
B5.CLAPUR.1,CLAPUR,Clarkia purpurea,Native,Forb,Native,CalFlora,B5,2,B,5,MCL,Drought,rgr_v_MA,0.0752505758669906
B5.CLAPUR.1,CLAPUR,Clarkia purpurea,Native,Forb,Native,CalFlora,B5,2,B,5,MCL,Drought,rgr_v_AM,0.05090090613338072
B5.CLAPUR.1,CLAPUR,Clarkia purpurea,Native,Forb,Native,CalFlora,B5,2,B,5,MCL,Drought,rgr_v_MJ,NA
I6.CLAPUR.1,CLAPUR,Clarkia purpurea,Native,Forb,Native,CalFlora,I6,4,I,6,ANGELO,Drought,rgr_v_FM,0.15033473154578797
I6.CLAPUR.1,CLAPUR,Clarkia purpurea,Native,Forb,Native,CalFlora,I6,4,I,6,ANGELO,Drought,rgr_v_MA,0.14286535504984352
I6.CLAPUR.1,CLAPUR,Clarkia purpurea,Native,Forb,Native,CalFlora,I6,4,I,6,ANGELO,Drought,rgr_v_AM,-0.05142805337069115
I6.CLAPUR.1,CLAPUR,Clarkia purpurea,Native,Forb,Native,CalFlora,I6,4,I,6,ANGELO,Drought,rgr_v_MJ,NA
F4.CLAPUR.1,CLAPUR,Clarkia purpurea,Native,Forb,Native,CalFlora,F4,1,F,4,MCL,Control,rgr_v_FM,0.08274490678960326
F4.CLAPUR.1,CLAPUR,Clarkia purpurea,Native,Forb,Native,CalFlora,F4,1,F,4,MCL,Control,rgr_v_MA,0.14898216716686422
F4.CLAPUR.1,CLAPUR,Clarkia purpurea,Native,Forb,Native,CalFlora,F4,1,F,4,MCL,Control,rgr_v_AM,0.02349376014076813
F4.CLAPUR.1,CLAPUR,Clarkia purpurea,Native,Forb,Native,CalFlora,F4,1,F,4,MCL,Control,rgr_v_MJ,NA
H6.CLAPUR.1,CLAPUR,Clarkia purpurea,Native,Forb,Native,CalFlora,H6,3,H,6,ANGELO,Control,rgr_v_FM,0.12031294995594166
H6.CLAPUR.1,CLAPUR,Clarkia purpurea,Native,Forb,Native,CalFlora,H6,3,H,6,ANGELO,Control,rgr_v_MA,0.0957116544352078
H6.CLAPUR.1,CLAPUR,Clarkia purpurea,Native,Forb,Native,CalFlora,H6,3,H,6,ANGELO,Control,rgr_v_AM,0.08399539371536545
H6.CLAPUR.1,CLAPUR,Clarkia purpurea,Native,Forb,Native,CalFlora,H6,3,H,6,ANGELO,Control,rgr_v_MJ,NA
I2.EROCIC.1,EROCIC,Erodium cicutarium,Non-native,Forb,Non-native,CalFlora,I2,4,I,2,SEDG,Drought,rgr_v_FM,0.15738708953411162
I2.EROCIC.1,EROCIC,Erodium cicutarium,Non-native,Forb,Non-native,CalFlora,I2,4,I,2,SEDG,Drought,rgr_v_MA,0.1482020745221178
I2.EROCIC.1,EROCIC,Erodium cicutarium,Non-native,Forb,Non-native,CalFlora,I2,4,I,2,SEDG,Drought,rgr_v_AM,0.02171506498851751
I2.EROCIC.1,EROCIC,Erodium cicutarium,Non-native,Forb,Non-native,CalFlora,I2,4,I,2,SEDG,Drought,rgr_v_MJ,NA
A2.EROCIC.1,EROCIC,Erodium cicutarium,Non-native,Forb,Non-native,CalFlora,A2,1,A,2,WWP,Drought,rgr_v_FM,0.11362082118055912
A2.EROCIC.1,EROCIC,Erodium cicutarium,Non-native,Forb,Non-native,CalFlora,A2,1,A,2,WWP,Drought,rgr_v_MA,0.12429370590943664
A2.EROCIC.1,EROCIC,Erodium cicutarium,Non-native,Forb,Non-native,CalFlora,A2,1,A,2,WWP,Drought,rgr_v_AM,0.01266410186878584
A2.EROCIC.1,EROCIC,Erodium cicutarium,Non-native,Forb,Non-native,CalFlora,A2,1,A,2,WWP,Drought,rgr_v_MJ,NA
B3.ESCCAL.1,ESCCAL,Eschscholzia californica,Native,Forb,Native,CalFlora,B3,2,B,3,SEDG,Drought,rgr_v_FM,0.080107918007782
B3.ESCCAL.1,ESCCAL,Eschscholzia californica,Native,Forb,Native,CalFlora,B3,2,B,3,SEDG,Drought,rgr_v_MA,0.08637740343384681
B3.ESCCAL.1,ESCCAL,Eschscholzia californica,Native,Forb,Native,CalFlora,B3,2,B,3,SEDG,Drought,rgr_v_AM,0.04093651388707897
B3.ESCCAL.1,ESCCAL,Eschscholzia californica,Native,Forb,Native,CalFlora,B3,2,B,3,SEDG,Drought,rgr_v_MJ,-0.02137519336326507
I7.CLAPUR.1,CLAPUR,Clarkia purpurea,Native,Forb,Native,CalFlora,I7,4,I,7,MCL,Drought,rgr_v_FM,0.07690397822308184
I7.CLAPUR.1,CLAPUR,Clarkia purpurea,Native,Forb,Native,CalFlora,I7,4,I,7,MCL,Drought,rgr_v_MA,0.07464262329279645
I7.CLAPUR.1,CLAPUR,Clarkia purpurea,Native,Forb,Native,CalFlora,I7,4,I,7,MCL,Drought,rgr_v_AM,0.0468699896596372
I7.CLAPUR.1,CLAPUR,Clarkia purpurea,Native,Forb,Native,CalFlora,I7,4,I,7,MCL,Drought,rgr_v_MJ,NA
J8.CENMEL.1,CENMEL,Centaurea melitensis,Non-native,Forb,Moderate,Cal IPC,J8,5,J,8,SEDG,Drought,rgr_v_FM,0.1306409041317561
J8.CENMEL.1,CENMEL,Centaurea melitensis,Non-native,Forb,Moderate,Cal IPC,J8,5,J,8,SEDG,Drought,rgr_v_MA,0.04974182297920934
J8.CENMEL.1,CENMEL,Centaurea melitensis,Non-native,Forb,Moderate,Cal IPC,J8,5,J,8,SEDG,Drought,rgr_v_AM,0.10044314620205072
J8.CENMEL.1,CENMEL,Centaurea melitensis,Non-native,Forb,Moderate,Cal IPC,J8,5,J,8,SEDG,Drought,rgr_v_MJ,NA
J5.CENMEL.1,CENMEL,Centaurea melitensis,Non-native,Forb,Moderate,Cal IPC,J5,5,J,5,SEDG,Drought,rgr_v_FM,0.16616738250312468
J5.CENMEL.1,CENMEL,Centaurea melitensis,Non-native,Forb,Moderate,Cal IPC,J5,5,J,5,SEDG,Drought,rgr_v_MA,0.01399699865226766
J5.CENMEL.1,CENMEL,Centaurea melitensis,Non-native,Forb,Moderate,Cal IPC,J5,5,J,5,SEDG,Drought,rgr_v_AM,0.11939580341040187
J5.CENMEL.1,CENMEL,Centaurea melitensis,Non-native,Forb,Moderate,Cal IPC,J5,5,J,5,SEDG,Drought,rgr_v_MJ,NA
H7.CLAPUR.1,CLAPUR,Clarkia purpurea,Native,Forb,Native,CalFlora,H7,3,H,7,MCL,Control,rgr_v_FM,0.08996259653268515
H7.CLAPUR.1,CLAPUR,Clarkia purpurea,Native,Forb,Native,CalFlora,H7,3,H,7,MCL,Control,rgr_v_MA,0.147161230059611
H7.CLAPUR.1,CLAPUR,Clarkia purpurea,Native,Forb,Native,CalFlora,H7,3,H,7,MCL,Control,rgr_v_AM,0.06891294265090282
H7.CLAPUR.1,CLAPUR,Clarkia purpurea,Native,Forb,Native,CalFlora,H7,3,H,7,MCL,Control,rgr_v_MJ,NA
F5.CLAPUR.1,CLAPUR,Clarkia purpurea,Native,Forb,Native,CalFlora,F5,1,F,5,MCL,Control,rgr_v_FM,0.09958854743749972
F5.CLAPUR.1,CLAPUR,Clarkia purpurea,Native,Forb,Native,CalFlora,F5,1,F,5,MCL,Control,rgr_v_MA,0.11877702397065944
F5.CLAPUR.1,CLAPUR,Clarkia purpurea,Native,Forb,Native,CalFlora,F5,1,F,5,MCL,Control,rgr_v_AM,0.07555861146605786
F5.CLAPUR.1,CLAPUR,Clarkia purpurea,Native,Forb,Native,CalFlora,F5,1,F,5,MCL,Control,rgr_v_MJ,NA
A5.CLAPUR.1,CLAPUR,Clarkia purpurea,Native,Forb,Native,CalFlora,A5,1,A,5,MCL,Drought,rgr_v_FM,0.1359452979011433
A5.CLAPUR.1,CLAPUR,Clarkia purpurea,Native,Forb,Native,CalFlora,A5,1,A,5,MCL,Drought,rgr_v_MA,0.12230555801818677
A5.CLAPUR.1,CLAPUR,Clarkia purpurea,Native,Forb,Native,CalFlora,A5,1,A,5,MCL,Drought,rgr_v_AM,0.05296563926513792
A5.CLAPUR.1,CLAPUR,Clarkia purpurea,Native,Forb,Native,CalFlora,A5,1,A,5,MCL,Drought,rgr_v_MJ,NA
B7.CLAPUR.1,CLAPUR,Clarkia purpurea,Native,Forb,Native,CalFlora,B7,2,B,7,BORR,Drought,rgr_v_FM,0.10520956725068133
B7.CLAPUR.1,CLAPUR,Clarkia purpurea,Native,Forb,Native,CalFlora,B7,2,B,7,BORR,Drought,rgr_v_MA,0.1187940995737157
B7.CLAPUR.1,CLAPUR,Clarkia purpurea,Native,Forb,Native,CalFlora,B7,2,B,7,BORR,Drought,rgr_v_AM,0.03449487302407202
B7.CLAPUR.1,CLAPUR,Clarkia purpurea,Native,Forb,Native,CalFlora,B7,2,B,7,BORR,Drought,rgr_v_MJ,NA
H4.CLAPUR.1,CLAPUR,Clarkia purpurea,Native,Forb,Native,CalFlora,H4,3,H,4,MCL,Control,rgr_v_FM,0.13294233894865745
H4.CLAPUR.1,CLAPUR,Clarkia purpurea,Native,Forb,Native,CalFlora,H4,3,H,4,MCL,Control,rgr_v_MA,0.10324395189435788
H4.CLAPUR.1,CLAPUR,Clarkia purpurea,Native,Forb,Native,CalFlora,H4,3,H,4,MCL,Control,rgr_v_AM,0.0546017220571329
H4.CLAPUR.1,CLAPUR,Clarkia purpurea,Native,Forb,Native,CalFlora,H4,3,H,4,MCL,Control,rgr_v_MJ,NA
J6.CLAPUR.1,CLAPUR,Clarkia purpurea,Native,Forb,Native,CalFlora,J6,5,J,6,MCL,Drought,rgr_v_FM,0.11586409230587204
J6.CLAPUR.1,CLAPUR,Clarkia purpurea,Native,Forb,Native,CalFlora,J6,5,J,6,MCL,Drought,rgr_v_MA,0.0991745171614265
J6.CLAPUR.1,CLAPUR,Clarkia purpurea,Native,Forb,Native,CalFlora,J6,5,J,6,MCL,Drought,rgr_v_AM,0.06145768047608268
J6.CLAPUR.1,CLAPUR,Clarkia purpurea,Native,Forb,Native,CalFlora,J6,5,J,6,MCL,Drought,rgr_v_MJ,NA
E7.CLAPUR.1,CLAPUR,Clarkia purpurea,Native,Forb,Native,CalFlora,E7,5,E,7,MCL,Control,rgr_v_FM,0.12594554871375
E7.CLAPUR.1,CLAPUR,Clarkia purpurea,Native,Forb,Native,CalFlora,E7,5,E,7,MCL,Control,rgr_v_MA,0.11867985335539724
E7.CLAPUR.1,CLAPUR,Clarkia purpurea,Native,Forb,Native,CalFlora,E7,5,E,7,MCL,Control,rgr_v_AM,0.08072776730597969
E7.CLAPUR.1,CLAPUR,Clarkia purpurea,Native,Forb,Native,CalFlora,E7,5,E,7,MCL,Control,rgr_v_MJ,NA
G5.CLAPUR.1,CLAPUR,Clarkia purpurea,Native,Forb,Native,CalFlora,G5,2,G,5,MCL,Control,rgr_v_FM,0.14334567119549105
G5.CLAPUR.1,CLAPUR,Clarkia purpurea,Native,Forb,Native,CalFlora,G5,2,G,5,MCL,Control,rgr_v_MA,0.10143611425338207
G5.CLAPUR.1,CLAPUR,Clarkia purpurea,Native,Forb,Native,CalFlora,G5,2,G,5,MCL,Control,rgr_v_AM,0.04483089961092346
G5.CLAPUR.1,CLAPUR,Clarkia purpurea,Native,Forb,Native,CalFlora,G5,2,G,5,MCL,Control,rgr_v_MJ,NA
G2.CLAPUR.1,CLAPUR,Clarkia purpurea,Native,Forb,Native,CalFlora,G2,2,G,2,MCL,Control,rgr_v_FM,0.145168417390329
G2.CLAPUR.1,CLAPUR,Clarkia purpurea,Native,Forb,Native,CalFlora,G2,2,G,2,MCL,Control,rgr_v_MA,0.10824654681127388
G2.CLAPUR.1,CLAPUR,Clarkia purpurea,Native,Forb,Native,CalFlora,G2,2,G,2,MCL,Control,rgr_v_AM,0.06843311569831503
G2.CLAPUR.1,CLAPUR,Clarkia purpurea,Native,Forb,Native,CalFlora,G2,2,G,2,MCL,Control,rgr_v_MJ,NA
J3.CLAPUR.1,CLAPUR,Clarkia purpurea,Native,Forb,Native,CalFlora,J3,5,J,3,MCL,Drought,rgr_v_FM,0.1535565813443003
J3.CLAPUR.1,CLAPUR,Clarkia purpurea,Native,Forb,Native,CalFlora,J3,5,J,3,MCL,Drought,rgr_v_MA,0.11346773948425531
J3.CLAPUR.1,CLAPUR,Clarkia purpurea,Native,Forb,Native,CalFlora,J3,5,J,3,MCL,Drought,rgr_v_AM,0.03006628266603634
J3.CLAPUR.1,CLAPUR,Clarkia purpurea,Native,Forb,Native,CalFlora,J3,5,J,3,MCL,Drought,rgr_v_MJ,NA
A1.ESCCAL.1,ESCCAL,Eschscholzia californica,Native,Forb,Native,CalFlora,A1,1,A,1,ANGELO,Drought,rgr_v_FM,NA
A1.ESCCAL.1,ESCCAL,Eschscholzia californica,Native,Forb,Native,CalFlora,A1,1,A,1,ANGELO,Drought,rgr_v_MA,0.1039103266833279
A1.ESCCAL.1,ESCCAL,Eschscholzia californica,Native,Forb,Native,CalFlora,A1,1,A,1,ANGELO,Drought,rgr_v_AM,0.07608619653146036
A1.ESCCAL.1,ESCCAL,Eschscholzia californica,Native,Forb,Native,CalFlora,A1,1,A,1,ANGELO,Drought,rgr_v_MJ,0.00644060768270805
A1.HYPGLA.1,HYPGLA,Hypochaeris glabra,Non-native,Forb,Limited,Cal IPC,A1,1,A,1,ANGELO,Drought,rgr_v_FM,0.1796105244089086
A1.HYPGLA.1,HYPGLA,Hypochaeris glabra,Non-native,Forb,Limited,Cal IPC,A1,1,A,1,ANGELO,Drought,rgr_v_MA,0.06995197349192783
A1.HYPGLA.1,HYPGLA,Hypochaeris glabra,Non-native,Forb,Limited,Cal IPC,A1,1,A,1,ANGELO,Drought,rgr_v_AM,0.11819999575868824
A1.HYPGLA.1,HYPGLA,Hypochaeris glabra,Non-native,Forb,Limited,Cal IPC,A1,1,A,1,ANGELO,Drought,rgr_v_MJ,NA
A3.BRODIA.1,BRODIA,Bromus diandrus,Non-native,Grass,Moderate,Cal IPC,A3,1,A,3,BORR,Drought,rgr_v_FM,NA
A3.BRODIA.1,BRODIA,Bromus diandrus,Non-native,Grass,Moderate,Cal IPC,A3,1,A,3,BORR,Drought,rgr_v_MA,0.10812863728194544
A3.BRODIA.1,BRODIA,Bromus diandrus,Non-native,Grass,Moderate,Cal IPC,A3,1,A,3,BORR,Drought,rgr_v_AM,NA
A3.BRODIA.1,BRODIA,Bromus diandrus,Non-native,Grass,Moderate,Cal IPC,A3,1,A,3,BORR,Drought,rgr_v_MJ,NA
A3.BROHOR.1,BROHOR,Bromus hordeaceaus,Non-native,Grass,Limited,Cal IPC,A3,1,A,3,BORR,Drought,rgr_v_FM,NA
A3.BROHOR.1,BROHOR,Bromus hordeaceaus,Non-native,Grass,Limited,Cal IPC,A3,1,A,3,BORR,Drought,rgr_v_MA,0.0890010088781341
A3.BROHOR.1,BROHOR,Bromus hordeaceaus,Non-native,Grass,Limited,Cal IPC,A3,1,A,3,BORR,Drought,rgr_v_AM,NA
A3.BROHOR.1,BROHOR,Bromus hordeaceaus,Non-native,Grass,Limited,Cal IPC,A3,1,A,3,BORR,Drought,rgr_v_MJ,NA
A3.DAUPUS.1,DAUPUS,Daucus pusillus,Native,Forb,Native,CalFlora,A3,1,A,3,BORR,Drought,rgr_v_FM,0.11664993941358476
A3.DAUPUS.1,DAUPUS,Daucus pusillus,Native,Forb,Native,CalFlora,A3,1,A,3,BORR,Drought,rgr_v_MA,0.09334394053325884
A3.DAUPUS.1,DAUPUS,Daucus pusillus,Native,Forb,Native,CalFlora,A3,1,A,3,BORR,Drought,rgr_v_AM,0.0399823668448598
A3.DAUPUS.1,DAUPUS,Daucus pusillus,Native,Forb,Native,CalFlora,A3,1,A,3,BORR,Drought,rgr_v_MJ,NA
A3.LUPBIC.1,LUPBIC,Lupinus bicolor,Native,Forb,Native,CalFlora,A3,1,A,3,BORR,Drought,rgr_v_FM,0.06913285119616426
A3.LUPBIC.1,LUPBIC,Lupinus bicolor,Native,Forb,Native,CalFlora,A3,1,A,3,BORR,Drought,rgr_v_MA,0.10134351552219784
A3.LUPBIC.1,LUPBIC,Lupinus bicolor,Native,Forb,Native,CalFlora,A3,1,A,3,BORR,Drought,rgr_v_AM,NA
A3.LUPBIC.1,LUPBIC,Lupinus bicolor,Native,Forb,Native,CalFlora,A3,1,A,3,BORR,Drought,rgr_v_MJ,NA
A6.EROCIC.1,EROCIC,Erodium cicutarium,Non-native,Forb,Non-native,CalFlora,A6,1,A,6,SEDG,Drought,rgr_v_FM,0.13443000134563593
A6.EROCIC.1,EROCIC,Erodium cicutarium,Non-native,Forb,Non-native,CalFlora,A6,1,A,6,SEDG,Drought,rgr_v_MA,0.05019020777188697
A6.EROCIC.1,EROCIC,Erodium cicutarium,Non-native,Forb,Non-native,CalFlora,A6,1,A,6,SEDG,Drought,rgr_v_AM,0.09165513508906029
A6.EROCIC.1,EROCIC,Erodium cicutarium,Non-native,Forb,Non-native,CalFlora,A6,1,A,6,SEDG,Drought,rgr_v_MJ,NA
A6.ESCCAL.1,ESCCAL,Eschscholzia californica,Native,Forb,Native,CalFlora,A6,1,A,6,SEDG,Drought,rgr_v_FM,0.0853253568938174
A6.ESCCAL.1,ESCCAL,Eschscholzia californica,Native,Forb,Native,CalFlora,A6,1,A,6,SEDG,Drought,rgr_v_MA,0.04819659252827416
A6.ESCCAL.1,ESCCAL,Eschscholzia californica,Native,Forb,Native,CalFlora,A6,1,A,6,SEDG,Drought,rgr_v_AM,0.11807693608223556
A6.ESCCAL.1,ESCCAL,Eschscholzia californica,Native,Forb,Native,CalFlora,A6,1,A,6,SEDG,Drought,rgr_v_MJ,-0.0137666048432231
A7.CALMEN.1,CALMEN,Calandrinia menziesii,Native,Forb,Native,CalFlora,A7,1,A,7,SEDG,Drought,rgr_v_FM,0.08075192434990783
A7.CALMEN.1,CALMEN,Calandrinia menziesii,Native,Forb,Native,CalFlora,A7,1,A,7,SEDG,Drought,rgr_v_MA,0.07606740781128152
A7.CALMEN.1,CALMEN,Calandrinia menziesii,Native,Forb,Native,CalFlora,A7,1,A,7,SEDG,Drought,rgr_v_AM,NA
A7.CALMEN.1,CALMEN,Calandrinia menziesii,Native,Forb,Native,CalFlora,A7,1,A,7,SEDG,Drought,rgr_v_MJ,NA
A8.TRIHIR.1,TRIHIR,Trifolium hirtum,Non-native,Forb,Limited,Cal IPC,A8,1,A,8,MCL,Drought,rgr_v_FM,0.08008979172015646
A8.TRIHIR.1,TRIHIR,Trifolium hirtum,Non-native,Forb,Limited,Cal IPC,A8,1,A,8,MCL,Drought,rgr_v_MA,0.13719551823061424
A8.TRIHIR.1,TRIHIR,Trifolium hirtum,Non-native,Forb,Limited,Cal IPC,A8,1,A,8,MCL,Drought,rgr_v_AM,0.06223150618278127
A8.TRIHIR.1,TRIHIR,Trifolium hirtum,Non-native,Forb,Limited,Cal IPC,A8,1,A,8,MCL,Drought,rgr_v_MJ,NA
B1.LUPBIC.1,LUPBIC,Lupinus bicolor,Native,Forb,Native,CalFlora,B1,2,B,1,BORR,Drought,rgr_v_FM,0.04821133857816875
B1.LUPBIC.1,LUPBIC,Lupinus bicolor,Native,Forb,Native,CalFlora,B1,2,B,1,BORR,Drought,rgr_v_MA,0.09611481981639967
B1.LUPBIC.1,LUPBIC,Lupinus bicolor,Native,Forb,Native,CalFlora,B1,2,B,1,BORR,Drought,rgr_v_AM,NA
B1.LUPBIC.1,LUPBIC,Lupinus bicolor,Native,Forb,Native,CalFlora,B1,2,B,1,BORR,Drought,rgr_v_MJ,NA
B3.CALMEN.1,CALMEN,Calandrinia menziesii,Native,Forb,Native,CalFlora,B3,2,B,3,SEDG,Drought,rgr_v_FM,NA
B3.CALMEN.1,CALMEN,Calandrinia menziesii,Native,Forb,Native,CalFlora,B3,2,B,3,SEDG,Drought,rgr_v_MA,NA
B3.CALMEN.1,CALMEN,Calandrinia menziesii,Native,Forb,Native,CalFlora,B3,2,B,3,SEDG,Drought,rgr_v_AM,NA
B3.CALMEN.1,CALMEN,Calandrinia menziesii,Native,Forb,Native,CalFlora,B3,2,B,3,SEDG,Drought,rgr_v_MJ,NA
B4.GALPAR.1,GALPAR,Galium parisiense,Non-native,Forb,Non-native,CalFlora,B4,2,B,4,ANGELO,Drought,rgr_v_FM,0.14118429524903794
B4.GALPAR.1,GALPAR,Galium parisiense,Non-native,Forb,Non-native,CalFlora,B4,2,B,4,ANGELO,Drought,rgr_v_MA,0.13401533015823394
B4.GALPAR.1,GALPAR,Galium parisiense,Non-native,Forb,Non-native,CalFlora,B4,2,B,4,ANGELO,Drought,rgr_v_AM,0.05364672185002838
B4.GALPAR.1,GALPAR,Galium parisiense,Non-native,Forb,Non-native,CalFlora,B4,2,B,4,ANGELO,Drought,rgr_v_MJ,NA
B4.HYPGLA.1,HYPGLA,Hypochaeris glabra,Non-native,Forb,Limited,Cal IPC,B4,2,B,4,ANGELO,Drought,rgr_v_FM,0.10529640461824474
B4.HYPGLA.1,HYPGLA,Hypochaeris glabra,Non-native,Forb,Limited,Cal IPC,B4,2,B,4,ANGELO,Drought,rgr_v_MA,0.10918244486609532
B4.HYPGLA.1,HYPGLA,Hypochaeris glabra,Non-native,Forb,Limited,Cal IPC,B4,2,B,4,ANGELO,Drought,rgr_v_AM,0.08678379806899028
B4.HYPGLA.1,HYPGLA,Hypochaeris glabra,Non-native,Forb,Limited,Cal IPC,B4,2,B,4,ANGELO,Drought,rgr_v_MJ,NA
B6.CALMEN.1,CALMEN,Calandrinia menziesii,Native,Forb,Native,CalFlora,B6,2,B,6,SEDG,Drought,rgr_v_FM,0.07170488074758055
B6.CALMEN.1,CALMEN,Calandrinia menziesii,Native,Forb,Native,CalFlora,B6,2,B,6,SEDG,Drought,rgr_v_MA,0.07898756897794564
B6.CALMEN.1,CALMEN,Calandrinia menziesii,Native,Forb,Native,CalFlora,B6,2,B,6,SEDG,Drought,rgr_v_AM,NA
B6.CALMEN.1,CALMEN,Calandrinia menziesii,Native,Forb,Native,CalFlora,B6,2,B,6,SEDG,Drought,rgr_v_MJ,NA
B6.EROCIC.1,EROCIC,Erodium cicutarium,Non-native,Forb,Non-native,CalFlora,B6,2,B,6,SEDG,Drought,rgr_v_FM,0.15734389576856175
B6.EROCIC.1,EROCIC,Erodium cicutarium,Non-native,Forb,Non-native,CalFlora,B6,2,B,6,SEDG,Drought,rgr_v_MA,0.14622814421172958
B6.EROCIC.1,EROCIC,Erodium cicutarium,Non-native,Forb,Non-native,CalFlora,B6,2,B,6,SEDG,Drought,rgr_v_AM,0.02715301422947763
B6.EROCIC.1,EROCIC,Erodium cicutarium,Non-native,Forb,Non-native,CalFlora,B6,2,B,6,SEDG,Drought,rgr_v_MJ,NA
C2.CALMEN.1,CALMEN,Calandrinia menziesii,Native,Forb,Native,CalFlora,C2,3,C,2,SEDG,Drought,rgr_v_FM,NA
C2.CALMEN.1,CALMEN,Calandrinia menziesii,Native,Forb,Native,CalFlora,C2,3,C,2,SEDG,Drought,rgr_v_MA,0.04620981203732969
C2.CALMEN.1,CALMEN,Calandrinia menziesii,Native,Forb,Native,CalFlora,C2,3,C,2,SEDG,Drought,rgr_v_AM,NA
C2.CALMEN.1,CALMEN,Calandrinia menziesii,Native,Forb,Native,CalFlora,C2,3,C,2,SEDG,Drought,rgr_v_MJ,NA
C3.ESCCAL.1,ESCCAL,Eschscholzia californica,Native,Forb,Native,CalFlora,C3,3,C,3,ANGELO,Drought,rgr_v_FM,0.1455200369695625
C3.ESCCAL.1,ESCCAL,Eschscholzia californica,Native,Forb,Native,CalFlora,C3,3,C,3,ANGELO,Drought,rgr_v_MA,0.05676610271952549
C3.ESCCAL.1,ESCCAL,Eschscholzia californica,Native,Forb,Native,CalFlora,C3,3,C,3,ANGELO,Drought,rgr_v_AM,0.07372047423256556
C3.ESCCAL.1,ESCCAL,Eschscholzia californica,Native,Forb,Native,CalFlora,C3,3,C,3,ANGELO,Drought,rgr_v_MJ,0.11487458788490952
C7.ESCCAL.1,ESCCAL,Eschscholzia californica,Native,Forb,Native,CalFlora,C7,3,C,7,WWP,Drought,rgr_v_FM,0.1385702773480512
C7.ESCCAL.1,ESCCAL,Eschscholzia californica,Native,Forb,Native,CalFlora,C7,3,C,7,WWP,Drought,rgr_v_MA,NA
C7.ESCCAL.1,ESCCAL,Eschscholzia californica,Native,Forb,Native,CalFlora,C7,3,C,7,WWP,Drought,rgr_v_AM,NA
C7.ESCCAL.1,ESCCAL,Eschscholzia californica,Native,Forb,Native,CalFlora,C7,3,C,7,WWP,Drought,rgr_v_MJ,NA
C7.LUPMIC.1,LUPMIC,Lupinus microcarpus,Native,Forb,Native,CalFlora,C7,3,C,7,WWP,Drought,rgr_v_FM,0.07481230996100986
C7.LUPMIC.1,LUPMIC,Lupinus microcarpus,Native,Forb,Native,CalFlora,C7,3,C,7,WWP,Drought,rgr_v_MA,0.09238875686287693
C7.LUPMIC.1,LUPMIC,Lupinus microcarpus,Native,Forb,Native,CalFlora,C7,3,C,7,WWP,Drought,rgr_v_AM,0.08131576735948992
C7.LUPMIC.1,LUPMIC,Lupinus microcarpus,Native,Forb,Native,CalFlora,C7,3,C,7,WWP,Drought,rgr_v_MJ,NA
C7.PHATAN.1,PHATAN,Phacelia tanacetifolia,Native,Forb,Native,CalFlora,C7,3,C,7,WWP,Drought,rgr_v_FM,NA
C7.PHATAN.1,PHATAN,Phacelia tanacetifolia,Native,Forb,Native,CalFlora,C7,3,C,7,WWP,Drought,rgr_v_MA,0.02921716759955875
C7.PHATAN.1,PHATAN,Phacelia tanacetifolia,Native,Forb,Native,CalFlora,C7,3,C,7,WWP,Drought,rgr_v_AM,NA
C7.PHATAN.1,PHATAN,Phacelia tanacetifolia,Native,Forb,Native,CalFlora,C7,3,C,7,WWP,Drought,rgr_v_MJ,NA
E3.HYPGLA.1,HYPGLA,Hypochaeris glabra,Non-native,Forb,Limited,Cal IPC,E3,5,E,3,ANGELO,Control,rgr_v_FM,0.12855218775535468
E3.HYPGLA.1,HYPGLA,Hypochaeris glabra,Non-native,Forb,Limited,Cal IPC,E3,5,E,3,ANGELO,Control,rgr_v_MA,-0.00351267518449943
E3.HYPGLA.1,HYPGLA,Hypochaeris glabra,Non-native,Forb,Limited,Cal IPC,E3,5,E,3,ANGELO,Control,rgr_v_AM,0.12598662481005385
E3.HYPGLA.1,HYPGLA,Hypochaeris glabra,Non-native,Forb,Limited,Cal IPC,E3,5,E,3,ANGELO,Control,rgr_v_MJ,NA
E6.MICCAL.1,MICCAL,Micropus californicus,Native,Forb,Native,CalFlora,E6,5,E,6,SEDG,Control,rgr_v_FM,0.10312457475582897
E6.MICCAL.1,MICCAL,Micropus californicus,Native,Forb,Native,CalFlora,E6,5,E,6,SEDG,Control,rgr_v_MA,0.07600627559998152
E6.MICCAL.1,MICCAL,Micropus californicus,Native,Forb,Native,CalFlora,E6,5,E,6,SEDG,Control,rgr_v_AM,NA
E6.MICCAL.1,MICCAL,Micropus californicus,Native,Forb,Native,CalFlora,E6,5,E,6,SEDG,Control,rgr_v_MJ,NA
E7.EROBOT.1,EROBOT,Erodium botrys,Non-native,Forb,Non-native,CalFlora,E7,5,E,7,MCL,Control,rgr_v_FM,0.07825790953224786
E7.EROBOT.1,EROBOT,Erodium botrys,Non-native,Forb,Non-native,CalFlora,E7,5,E,7,MCL,Control,rgr_v_MA,0.01622424410758337
E7.EROBOT.1,EROBOT,Erodium botrys,Non-native,Forb,Non-native,CalFlora,E7,5,E,7,MCL,Control,rgr_v_AM,0.08522715658603737
E7.EROBOT.1,EROBOT,Erodium botrys,Non-native,Forb,Non-native,CalFlora,E7,5,E,7,MCL,Control,rgr_v_MJ,NA
E7.PLAERE.1,PLAERE,Plantago erecta,Native,Forb,Native,CalFlora,E7,5,E,7,MCL,Control,rgr_v_FM,0.06486149821423956
E7.PLAERE.1,PLAERE,Plantago erecta,Native,Forb,Native,CalFlora,E7,5,E,7,MCL,Control,rgr_v_MA,0.08943834587870263
E7.PLAERE.1,PLAERE,Plantago erecta,Native,Forb,Native,CalFlora,E7,5,E,7,MCL,Control,rgr_v_AM,NA
E7.PLAERE.1,PLAERE,Plantago erecta,Native,Forb,Native,CalFlora,E7,5,E,7,MCL,Control,rgr_v_MJ,NA
E7.TRIHIR.1,TRIHIR,Trifolium hirtum,Non-native,Forb,Limited,Cal IPC,E7,5,E,7,MCL,Control,rgr_v_FM,0.0960511219148676
E7.TRIHIR.1,TRIHIR,Trifolium hirtum,Non-native,Forb,Limited,Cal IPC,E7,5,E,7,MCL,Control,rgr_v_MA,0.12207063335220196
E7.TRIHIR.1,TRIHIR,Trifolium hirtum,Non-native,Forb,Limited,Cal IPC,E7,5,E,7,MCL,Control,rgr_v_AM,0.04248382870668982
E7.TRIHIR.1,TRIHIR,Trifolium hirtum,Non-native,Forb,Limited,Cal IPC,E7,5,E,7,MCL,Control,rgr_v_MJ,NA
E8.VICSAT.1,VICSAT,Vicia sativa,Non-native,Forb,Non-native,CalFlora,E8,5,E,8,BORR,Control,rgr_v_FM,0.07572604608257624
E8.VICSAT.1,VICSAT,Vicia sativa,Non-native,Forb,Non-native,CalFlora,E8,5,E,8,BORR,Control,rgr_v_MA,0.13198199363110127
E8.VICSAT.1,VICSAT,Vicia sativa,Non-native,Forb,Non-native,CalFlora,E8,5,E,8,BORR,Control,rgr_v_AM,NA
E8.VICSAT.1,VICSAT,Vicia sativa,Non-native,Forb,Non-native,CalFlora,E8,5,E,8,BORR,Control,rgr_v_MJ,NA
F7.LUPMIC.1,LUPMIC,Lupinus microcarpus,Native,Forb,Native,CalFlora,F7,1,F,7,WWP,Control,rgr_v_FM,0.0782976855309605
F7.LUPMIC.1,LUPMIC,Lupinus microcarpus,Native,Forb,Native,CalFlora,F7,1,F,7,WWP,Control,rgr_v_MA,0.0555731160561646
F7.LUPMIC.1,LUPMIC,Lupinus microcarpus,Native,Forb,Native,CalFlora,F7,1,F,7,WWP,Control,rgr_v_AM,0.06989259627510842
F7.LUPMIC.1,LUPMIC,Lupinus microcarpus,Native,Forb,Native,CalFlora,F7,1,F,7,WWP,Control,rgr_v_MJ,NA
H5.VICSAT.1,VICSAT,Vicia sativa,Non-native,Forb,Non-native,CalFlora,H5,3,H,5,BORR,Control,rgr_v_FM,0.06692906974591398
H5.VICSAT.1,VICSAT,Vicia sativa,Non-native,Forb,Non-native,CalFlora,H5,3,H,5,BORR,Control,rgr_v_MA,0.1441889733954923
H5.VICSAT.1,VICSAT,Vicia sativa,Non-native,Forb,Non-native,CalFlora,H5,3,H,5,BORR,Control,rgr_v_AM,NA
H5.VICSAT.1,VICSAT,Vicia sativa,Non-native,Forb,Non-native,CalFlora,H5,3,H,5,BORR,Control,rgr_v_MJ,NA
H6.HYPGLA.1,HYPGLA,Hypochaeris glabra,Non-native,Forb,Limited,Cal IPC,H6,3,H,6,ANGELO,Control,rgr_v_FM,0.11337180861190836
H6.HYPGLA.1,HYPGLA,Hypochaeris glabra,Non-native,Forb,Limited,Cal IPC,H6,3,H,6,ANGELO,Control,rgr_v_MA,0.09702580743005092
H6.HYPGLA.1,HYPGLA,Hypochaeris glabra,Non-native,Forb,Limited,Cal IPC,H6,3,H,6,ANGELO,Control,rgr_v_AM,0.0979244781151833
H6.HYPGLA.1,HYPGLA,Hypochaeris glabra,Non-native,Forb,Limited,Cal IPC,H6,3,H,6,ANGELO,Control,rgr_v_MJ,NA
I1.BRODIA.1,BRODIA,Bromus diandrus,Non-native,Grass,Moderate,Cal IPC,I1,4,I,1,BORR,Drought,rgr_v_FM,NA
I1.BRODIA.1,BRODIA,Bromus diandrus,Non-native,Grass,Moderate,Cal IPC,I1,4,I,1,BORR,Drought,rgr_v_MA,0.10976670923700728
I1.BRODIA.1,BRODIA,Bromus diandrus,Non-native,Grass,Moderate,Cal IPC,I1,4,I,1,BORR,Drought,rgr_v_AM,-0.02256871901431953
I1.BRODIA.1,BRODIA,Bromus diandrus,Non-native,Grass,Moderate,Cal IPC,I1,4,I,1,BORR,Drought,rgr_v_MJ,NA
I1.CLAPUR.1,CLAPUR,Clarkia purpurea,Native,Forb,Native,CalFlora,I1,4,I,1,BORR,Drought,rgr_v_FM,0.07306048959985433
I1.CLAPUR.1,CLAPUR,Clarkia purpurea,Native,Forb,Native,CalFlora,I1,4,I,1,BORR,Drought,rgr_v_MA,0.10361355660932715
I1.CLAPUR.1,CLAPUR,Clarkia purpurea,Native,Forb,Native,CalFlora,I1,4,I,1,BORR,Drought,rgr_v_AM,0.03343167035830381
I1.CLAPUR.1,CLAPUR,Clarkia purpurea,Native,Forb,Native,CalFlora,I1,4,I,1,BORR,Drought,rgr_v_MJ,NA
I1.MADGRA.1,MADGRA,Madia gracilis,Native,Forb,Native,CalFlora,I1,4,I,1,BORR,Drought,rgr_v_FM,0.11797820253750144
I1.MADGRA.1,MADGRA,Madia gracilis,Native,Forb,Native,CalFlora,I1,4,I,1,BORR,Drought,rgr_v_MA,0.05790001090289065
I1.MADGRA.1,MADGRA,Madia gracilis,Native,Forb,Native,CalFlora,I1,4,I,1,BORR,Drought,rgr_v_AM,NA
I1.MADGRA.1,MADGRA,Madia gracilis,Native,Forb,Native,CalFlora,I1,4,I,1,BORR,Drought,rgr_v_MJ,NA
I2.CALMEN.1,CALMEN,Calandrinia menziesii,Native,Forb,Native,CalFlora,I2,4,I,2,SEDG,Drought,rgr_v_FM,0.11623755281601794
I2.CALMEN.1,CALMEN,Calandrinia menziesii,Native,Forb,Native,CalFlora,I2,4,I,2,SEDG,Drought,rgr_v_MA,0.1038634294558914
I2.CALMEN.1,CALMEN,Calandrinia menziesii,Native,Forb,Native,CalFlora,I2,4,I,2,SEDG,Drought,rgr_v_AM,NA
I2.CALMEN.1,CALMEN,Calandrinia menziesii,Native,Forb,Native,CalFlora,I2,4,I,2,SEDG,Drought,rgr_v_MJ,NA
I2.MICCAL.1,MICCAL,Micropus californicus,Native,Forb,Native,CalFlora,I2,4,I,2,SEDG,Drought,rgr_v_FM,0.10802981536904888
I2.MICCAL.1,MICCAL,Micropus californicus,Native,Forb,Native,CalFlora,I2,4,I,2,SEDG,Drought,rgr_v_MA,0.09621675277846634
I2.MICCAL.1,MICCAL,Micropus californicus,Native,Forb,Native,CalFlora,I2,4,I,2,SEDG,Drought,rgr_v_AM,NA
I2.MICCAL.1,MICCAL,Micropus californicus,Native,Forb,Native,CalFlora,I2,4,I,2,SEDG,Drought,rgr_v_MJ,NA
I3.PHATAN.1,PHATAN,Phacelia tanacetifolia,Native,Forb,Native,CalFlora,I3,4,I,3,WWP,Drought,rgr_v_FM,0.12046329497985944
I3.PHATAN.1,PHATAN,Phacelia tanacetifolia,Native,Forb,Native,CalFlora,I3,4,I,3,WWP,Drought,rgr_v_MA,NA
I3.PHATAN.1,PHATAN,Phacelia tanacetifolia,Native,Forb,Native,CalFlora,I3,4,I,3,WWP,Drought,rgr_v_AM,NA
I3.PHATAN.1,PHATAN,Phacelia tanacetifolia,Native,Forb,Native,CalFlora,I3,4,I,3,WWP,Drought,rgr_v_MJ,NA
I4.CLAPUR.1,CLAPUR,Clarkia purpurea,Native,Forb,Native,CalFlora,I4,4,I,4,BORR,Drought,rgr_v_FM,0.1299673599326539
I4.CLAPUR.1,CLAPUR,Clarkia purpurea,Native,Forb,Native,CalFlora,I4,4,I,4,BORR,Drought,rgr_v_MA,0.11387875492588684
I4.CLAPUR.1,CLAPUR,Clarkia purpurea,Native,Forb,Native,CalFlora,I4,4,I,4,BORR,Drought,rgr_v_AM,-0.00957584754017094
I4.CLAPUR.1,CLAPUR,Clarkia purpurea,Native,Forb,Native,CalFlora,I4,4,I,4,BORR,Drought,rgr_v_MJ,NA
I5.CLAPUR.1,CLAPUR,Clarkia purpurea,Native,Forb,Native,CalFlora,I5,4,I,5,ANGELO,Drought,rgr_v_FM,0.09864705079901737
I5.CLAPUR.1,CLAPUR,Clarkia purpurea,Native,Forb,Native,CalFlora,I5,4,I,5,ANGELO,Drought,rgr_v_MA,0.0909523945607669
I5.CLAPUR.1,CLAPUR,Clarkia purpurea,Native,Forb,Native,CalFlora,I5,4,I,5,ANGELO,Drought,rgr_v_AM,NA
I5.CLAPUR.1,CLAPUR,Clarkia purpurea,Native,Forb,Native,CalFlora,I5,4,I,5,ANGELO,Drought,rgr_v_MJ,NA
I6.ACMPAR.1,ACMPAR,Acmispon parviflorus,Native,Forb,Native,CalFlora,I6,4,I,6,ANGELO,Drought,rgr_v_FM,0.05747992544407502
I6.ACMPAR.1,ACMPAR,Acmispon parviflorus,Native,Forb,Native,CalFlora,I6,4,I,6,ANGELO,Drought,rgr_v_MA,0.04904840564867326
I6.ACMPAR.1,ACMPAR,Acmispon parviflorus,Native,Forb,Native,CalFlora,I6,4,I,6,ANGELO,Drought,rgr_v_AM,-0.01551037661821435
I6.ACMPAR.1,ACMPAR,Acmispon parviflorus,Native,Forb,Native,CalFlora,I6,4,I,6,ANGELO,Drought,rgr_v_MJ,NA
J1.CLAPUR.1,CLAPUR,Clarkia purpurea,Native,Forb,Native,CalFlora,J1,5,J,1,BORR,Drought,rgr_v_FM,0.07515083384870738
J1.CLAPUR.1,CLAPUR,Clarkia purpurea,Native,Forb,Native,CalFlora,J1,5,J,1,BORR,Drought,rgr_v_MA,0.08939689493630515
J1.CLAPUR.1,CLAPUR,Clarkia purpurea,Native,Forb,Native,CalFlora,J1,5,J,1,BORR,Drought,rgr_v_AM,0.05095127587895795
J1.CLAPUR.1,CLAPUR,Clarkia purpurea,Native,Forb,Native,CalFlora,J1,5,J,1,BORR,Drought,rgr_v_MJ,NA
J2.ESCCAL.1,ESCCAL,Eschscholzia californica,Native,Forb,Native,CalFlora,J2,5,J,2,ANGELO,Drought,rgr_v_FM,0.1083220080440884
J2.ESCCAL.1,ESCCAL,Eschscholzia californica,Native,Forb,Native,CalFlora,J2,5,J,2,ANGELO,Drought,rgr_v_MA,0.0684697689715093
J2.ESCCAL.1,ESCCAL,Eschscholzia californica,Native,Forb,Native,CalFlora,J2,5,J,2,ANGELO,Drought,rgr_v_AM,0.0975152578830556
J2.ESCCAL.1,ESCCAL,Eschscholzia californica,Native,Forb,Native,CalFlora,J2,5,J,2,ANGELO,Drought,rgr_v_MJ,0.02790755786717724
J6.TRIHIR.1,TRIHIR,Trifolium hirtum,Non-native,Forb,Limited,Cal IPC,J6,5,J,6,MCL,Drought,rgr_v_FM,0.10361068661783308
J6.TRIHIR.1,TRIHIR,Trifolium hirtum,Non-native,Forb,Limited,Cal IPC,J6,5,J,6,MCL,Drought,rgr_v_MA,0.12184180518373408
J6.TRIHIR.1,TRIHIR,Trifolium hirtum,Non-native,Forb,Limited,Cal IPC,J6,5,J,6,MCL,Drought,rgr_v_AM,0.04632137679590832
J6.TRIHIR.1,TRIHIR,Trifolium hirtum,Non-native,Forb,Limited,Cal IPC,J6,5,J,6,MCL,Drought,rgr_v_MJ,NA
J8.CALMEN.1,CALMEN,Calandrinia menziesii,Native,Forb,Native,CalFlora,J8,5,J,8,SEDG,Drought,rgr_v_FM,0.06473899339257012
J8.CALMEN.1,CALMEN,Calandrinia menziesii,Native,Forb,Native,CalFlora,J8,5,J,8,SEDG,Drought,rgr_v_MA,0.10457910633737394
J8.CALMEN.1,CALMEN,Calandrinia menziesii,Native,Forb,Native,CalFlora,J8,5,J,8,SEDG,Drought,rgr_v_AM,NA
J8.CALMEN.1,CALMEN,Calandrinia menziesii,Native,Forb,Native,CalFlora,J8,5,J,8,SEDG,Drought,rgr_v_MJ,NA
E5.CALMEN.1,CALMEN,Calandrinia menziesii,Native,Forb,Native,CalFlora,E5,5,E,5,SEDG,Control,rgr_v_FM,0.06846488338519714
E5.CALMEN.1,CALMEN,Calandrinia menziesii,Native,Forb,Native,CalFlora,E5,5,E,5,SEDG,Control,rgr_v_MA,0.11337180861190832
E5.CALMEN.1,CALMEN,Calandrinia menziesii,Native,Forb,Native,CalFlora,E5,5,E,5,SEDG,Control,rgr_v_AM,NA
E5.CALMEN.1,CALMEN,Calandrinia menziesii,Native,Forb,Native,CalFlora,E5,5,E,5,SEDG,Control,rgr_v_MJ,NA
E6.CALMEN.1,CALMEN,Calandrinia menziesii,Native,Forb,Native,CalFlora,E6,5,E,6,SEDG,Control,rgr_v_FM,0.106809348945737
E6.CALMEN.1,CALMEN,Calandrinia menziesii,Native,Forb,Native,CalFlora,E6,5,E,6,SEDG,Control,rgr_v_MA,0.0647522186188373
E6.CALMEN.1,CALMEN,Calandrinia menziesii,Native,Forb,Native,CalFlora,E6,5,E,6,SEDG,Control,rgr_v_AM,NA
E6.CALMEN.1,CALMEN,Calandrinia menziesii,Native,Forb,Native,CalFlora,E6,5,E,6,SEDG,Control,rgr_v_MJ,NA
F2.LUPSUC.1,LUPSUC,NA,NA,NA,NA,NA,F2,1,F,2,WWP,Control,rgr_v_FM,0.06917348345698901
F2.LUPSUC.1,LUPSUC,NA,NA,NA,NA,NA,F2,1,F,2,WWP,Control,rgr_v_MA,0.08600077528262103
F2.LUPSUC.1,LUPSUC,NA,NA,NA,NA,NA,F2,1,F,2,WWP,Control,rgr_v_AM,0.0436891564498616
F2.LUPSUC.1,LUPSUC,NA,NA,NA,NA,NA,F2,1,F,2,WWP,Control,rgr_v_MJ,NA
G4.EROCIC.1,EROCIC,Erodium cicutarium,Non-native,Forb,Non-native,CalFlora,G4,2,G,4,WWP,Control,rgr_v_FM,0.08992236398336495
G4.EROCIC.1,EROCIC,Erodium cicutarium,Non-native,Forb,Non-native,CalFlora,G4,2,G,4,WWP,Control,rgr_v_MA,0.10159271244446208
G4.EROCIC.1,EROCIC,Erodium cicutarium,Non-native,Forb,Non-native,CalFlora,G4,2,G,4,WWP,Control,rgr_v_AM,0.10726011359516752
G4.EROCIC.1,EROCIC,Erodium cicutarium,Non-native,Forb,Non-native,CalFlora,G4,2,G,4,WWP,Control,rgr_v_MJ,NA
G4.PHATAN.1,PHATAN,Phacelia tanacetifolia,Native,Forb,Native,CalFlora,G4,2,G,4,WWP,Control,rgr_v_FM,0.11222500266789805
G4.PHATAN.1,PHATAN,Phacelia tanacetifolia,Native,Forb,Native,CalFlora,G4,2,G,4,WWP,Control,rgr_v_MA,0.1071454154353456
G4.PHATAN.1,PHATAN,Phacelia tanacetifolia,Native,Forb,Native,CalFlora,G4,2,G,4,WWP,Control,rgr_v_AM,NA
G4.PHATAN.1,PHATAN,Phacelia tanacetifolia,Native,Forb,Native,CalFlora,G4,2,G,4,WWP,Control,rgr_v_MJ,NA
G5.EROBOT.1,EROBOT,Erodium botrys,Non-native,Forb,Non-native,CalFlora,G5,2,G,5,MCL,Control,rgr_v_FM,NA
G5.EROBOT.1,EROBOT,Erodium botrys,Non-native,Forb,Non-native,CalFlora,G5,2,G,5,MCL,Control,rgr_v_MA,0.1085036630268372
G5.EROBOT.1,EROBOT,Erodium botrys,Non-native,Forb,Non-native,CalFlora,G5,2,G,5,MCL,Control,rgr_v_AM,0.05286158515374824
G5.EROBOT.1,EROBOT,Erodium botrys,Non-native,Forb,Non-native,CalFlora,G5,2,G,5,MCL,Control,rgr_v_MJ,NA
G7.HYPGLA.1,HYPGLA,Hypochaeris glabra,Non-native,Forb,Limited,Cal IPC,G7,2,G,7,ANGELO,Control,rgr_v_FM,0.0697191151003276
G7.HYPGLA.1,HYPGLA,Hypochaeris glabra,Non-native,Forb,Limited,Cal IPC,G7,2,G,7,ANGELO,Control,rgr_v_MA,0.12226178201741676
G7.HYPGLA.1,HYPGLA,Hypochaeris glabra,Non-native,Forb,Limited,Cal IPC,G7,2,G,7,ANGELO,Control,rgr_v_AM,0.09250001706345189
G7.HYPGLA.1,HYPGLA,Hypochaeris glabra,Non-native,Forb,Limited,Cal IPC,G7,2,G,7,ANGELO,Control,rgr_v_MJ,NA
G8.CLAPUR.1,CLAPUR,Clarkia purpurea,Native,Forb,Native,CalFlora,G8,2,G,8,BORR,Control,rgr_v_FM,0.10732546482285268
G8.CLAPUR.1,CLAPUR,Clarkia purpurea,Native,Forb,Native,CalFlora,G8,2,G,8,BORR,Control,rgr_v_MA,0.07549460412958026
G8.CLAPUR.1,CLAPUR,Clarkia purpurea,Native,Forb,Native,CalFlora,G8,2,G,8,BORR,Control,rgr_v_AM,0.02400524914522474
G8.CLAPUR.1,CLAPUR,Clarkia purpurea,Native,Forb,Native,CalFlora,G8,2,G,8,BORR,Control,rgr_v_MJ,NA
H1.EROCIC.1,EROCIC,Erodium cicutarium,Non-native,Forb,Non-native,CalFlora,H1,3,H,1,SEDG,Control,rgr_v_FM,0.13159415845178787
H1.EROCIC.1,EROCIC,Erodium cicutarium,Non-native,Forb,Non-native,CalFlora,H1,3,H,1,SEDG,Control,rgr_v_MA,0.12200094497206876
H1.EROCIC.1,EROCIC,Erodium cicutarium,Non-native,Forb,Non-native,CalFlora,H1,3,H,1,SEDG,Control,rgr_v_AM,0.06454248967332181
H1.EROCIC.1,EROCIC,Erodium cicutarium,Non-native,Forb,Non-native,CalFlora,H1,3,H,1,SEDG,Control,rgr_v_MJ,NA
D3.BROMAD.1,BROMAD,Bromus madritensis,Non-native,Grass,High,Cal IPC,D3,4,D,3,WWP,Control,rgr_v_FM,NA
D3.BROMAD.1,BROMAD,Bromus madritensis,Non-native,Grass,High,Cal IPC,D3,4,D,3,WWP,Control,rgr_v_MA,0.06931471805599454
D3.BROMAD.1,BROMAD,Bromus madritensis,Non-native,Grass,High,Cal IPC,D3,4,D,3,WWP,Control,rgr_v_AM,NA
D3.BROMAD.1,BROMAD,Bromus madritensis,Non-native,Grass,High,Cal IPC,D3,4,D,3,WWP,Control,rgr_v_MJ,NA
E5.AVEFAT.1,AVEFAT,Avena fatua,Non-native,Grass,Moderate,Cal IPC,E5,5,E,5,SEDG,Control,rgr_v_FM,NA
E5.AVEFAT.1,AVEFAT,Avena fatua,Non-native,Grass,Moderate,Cal IPC,E5,5,E,5,SEDG,Control,rgr_v_MA,0.08539881372347127
E5.AVEFAT.1,AVEFAT,Avena fatua,Non-native,Grass,Moderate,Cal IPC,E5,5,E,5,SEDG,Control,rgr_v_AM,NA
E5.AVEFAT.1,AVEFAT,Avena fatua,Non-native,Grass,Moderate,Cal IPC,E5,5,E,5,SEDG,Control,rgr_v_MJ,NA
E5.BROHOR.1,BROHOR,Bromus hordeaceaus,Non-native,Grass,Limited,Cal IPC,E5,5,E,5,SEDG,Control,rgr_v_FM,NA
E5.BROHOR.1,BROHOR,Bromus hordeaceaus,Non-native,Grass,Limited,Cal IPC,E5,5,E,5,SEDG,Control,rgr_v_MA,0.03101326345660078
E5.BROHOR.1,BROHOR,Bromus hordeaceaus,Non-native,Grass,Limited,Cal IPC,E5,5,E,5,SEDG,Control,rgr_v_AM,NA
E5.BROHOR.1,BROHOR,Bromus hordeaceaus,Non-native,Grass,Limited,Cal IPC,E5,5,E,5,SEDG,Control,rgr_v_MJ,NA
J4.PHATAN.1,PHATAN,Phacelia tanacetifolia,Native,Forb,Native,CalFlora,J4,5,J,4,WWP,Drought,rgr_v_FM,0.12782304724160592
J4.PHATAN.1,PHATAN,Phacelia tanacetifolia,Native,Forb,Native,CalFlora,J4,5,J,4,WWP,Drought,rgr_v_MA,0.03763965497301289
J4.PHATAN.1,PHATAN,Phacelia tanacetifolia,Native,Forb,Native,CalFlora,J4,5,J,4,WWP,Drought,rgr_v_AM,NA
J4.PHATAN.1,PHATAN,Phacelia tanacetifolia,Native,Forb,Native,CalFlora,J4,5,J,4,WWP,Drought,rgr_v_MJ,NA
J8.BROMAD.1,BROMAD,Bromus madritensis,Non-native,Grass,High,Cal IPC,J8,5,J,8,SEDG,Drought,rgr_v_FM,NA
J8.BROMAD.1,BROMAD,Bromus madritensis,Non-native,Grass,High,Cal IPC,J8,5,J,8,SEDG,Drought,rgr_v_MA,0.07601792261069454
J8.BROMAD.1,BROMAD,Bromus madritensis,Non-native,Grass,High,Cal IPC,J8,5,J,8,SEDG,Drought,rgr_v_AM,NA
J8.BROMAD.1,BROMAD,Bromus madritensis,Non-native,Grass,High,Cal IPC,J8,5,J,8,SEDG,Drought,rgr_v_MJ,NA
J8.MICCAL.1,MICCAL,Micropus californicus,Native,Forb,Native,CalFlora,J8,5,J,8,SEDG,Drought,rgr_v_FM,0.09407424568003311
J8.MICCAL.1,MICCAL,Micropus californicus,Native,Forb,Native,CalFlora,J8,5,J,8,SEDG,Drought,rgr_v_MA,0.07518670113745285
J8.MICCAL.1,MICCAL,Micropus californicus,Native,Forb,Native,CalFlora,J8,5,J,8,SEDG,Drought,rgr_v_AM,NA
J8.MICCAL.1,MICCAL,Micropus californicus,Native,Forb,Native,CalFlora,J8,5,J,8,SEDG,Drought,rgr_v_MJ,NA
E5.ESCCAL.1,ESCCAL,Eschscholzia californica,Native,Forb,Native,CalFlora,E5,5,E,5,SEDG,Control,rgr_v_FM,0.04955053664460337
E5.ESCCAL.1,ESCCAL,Eschscholzia californica,Native,Forb,Native,CalFlora,E5,5,E,5,SEDG,Control,rgr_v_MA,0.02470354132051158
E5.ESCCAL.1,ESCCAL,Eschscholzia californica,Native,Forb,Native,CalFlora,E5,5,E,5,SEDG,Control,rgr_v_AM,0.1075514042687752
E5.ESCCAL.1,ESCCAL,Eschscholzia californica,Native,Forb,Native,CalFlora,E5,5,E,5,SEDG,Control,rgr_v_MJ,0.05114606297070848
J7.PHATAN.1,PHATAN,Phacelia tanacetifolia,Native,Forb,Native,CalFlora,J7,5,J,7,WWP,Drought,rgr_v_FM,0.06327652956176041
J7.PHATAN.1,PHATAN,Phacelia tanacetifolia,Native,Forb,Native,CalFlora,J7,5,J,7,WWP,Drought,rgr_v_MA,0.03542020693860159
J7.PHATAN.1,PHATAN,Phacelia tanacetifolia,Native,Forb,Native,CalFlora,J7,5,J,7,WWP,Drought,rgr_v_AM,NA
J7.PHATAN.1,PHATAN,Phacelia tanacetifolia,Native,Forb,Native,CalFlora,J7,5,J,7,WWP,Drought,rgr_v_MJ,NA
A3.VICSAT.1,VICSAT,Vicia sativa,Non-native,Forb,Non-native,CalFlora,A3,1,A,3,BORR,Drought,rgr_v_FM,0.05642736973871135
A3.VICSAT.1,VICSAT,Vicia sativa,Non-native,Forb,Non-native,CalFlora,A3,1,A,3,BORR,Drought,rgr_v_MA,0.12402495907216346
A3.VICSAT.1,VICSAT,Vicia sativa,Non-native,Forb,Non-native,CalFlora,A3,1,A,3,BORR,Drought,rgr_v_AM,NA
A3.VICSAT.1,VICSAT,Vicia sativa,Non-native,Forb,Non-native,CalFlora,A3,1,A,3,BORR,Drought,rgr_v_MJ,NA
A4.BRODIA.1,BRODIA,Bromus diandrus,Non-native,Grass,Moderate,Cal IPC,A4,1,A,4,WWP,Drought,rgr_v_FM,NA
A4.BRODIA.1,BRODIA,Bromus diandrus,Non-native,Grass,Moderate,Cal IPC,A4,1,A,4,WWP,Drought,rgr_v_MA,0.10769076845085668
A4.BRODIA.1,BRODIA,Bromus diandrus,Non-native,Grass,Moderate,Cal IPC,A4,1,A,4,WWP,Drought,rgr_v_AM,NA
A4.BRODIA.1,BRODIA,Bromus diandrus,Non-native,Grass,Moderate,Cal IPC,A4,1,A,4,WWP,Drought,rgr_v_MJ,NA
A6.BROHOR.1,BROHOR,Bromus hordeaceaus,Non-native,Grass,Limited,Cal IPC,A6,1,A,6,SEDG,Drought,rgr_v_FM,NA
A6.BROHOR.1,BROHOR,Bromus hordeaceaus,Non-native,Grass,Limited,Cal IPC,A6,1,A,6,SEDG,Drought,rgr_v_MA,0.06032743845343043
A6.BROHOR.1,BROHOR,Bromus hordeaceaus,Non-native,Grass,Limited,Cal IPC,A6,1,A,6,SEDG,Drought,rgr_v_AM,0.10564901360050294
A6.BROHOR.1,BROHOR,Bromus hordeaceaus,Non-native,Grass,Limited,Cal IPC,A6,1,A,6,SEDG,Drought,rgr_v_MJ,NA
A6.MICCAL.1,MICCAL,Micropus californicus,Native,Forb,Native,CalFlora,A6,1,A,6,SEDG,Drought,rgr_v_FM,0.10774362570334342
A6.MICCAL.1,MICCAL,Micropus californicus,Native,Forb,Native,CalFlora,A6,1,A,6,SEDG,Drought,rgr_v_MA,0.11433756962823262
A6.MICCAL.1,MICCAL,Micropus californicus,Native,Forb,Native,CalFlora,A6,1,A,6,SEDG,Drought,rgr_v_AM,NA
A6.MICCAL.1,MICCAL,Micropus californicus,Native,Forb,Native,CalFlora,A6,1,A,6,SEDG,Drought,rgr_v_MJ,NA
A6.STIPUL.1,STIPUL,Stipa pulchra,Native,Grass,Native,CalFlora,A6,1,A,6,SEDG,Drought,rgr_v_FM,NA
A6.STIPUL.1,STIPUL,Stipa pulchra,Native,Grass,Native,CalFlora,A6,1,A,6,SEDG,Drought,rgr_v_MA,0.06598248333454668
A6.STIPUL.1,STIPUL,Stipa pulchra,Native,Grass,Native,CalFlora,A6,1,A,6,SEDG,Drought,rgr_v_AM,0.0535530036032333
A6.STIPUL.1,STIPUL,Stipa pulchra,Native,Grass,Native,CalFlora,A6,1,A,6,SEDG,Drought,rgr_v_MJ,0.03967586924788864
A7.BROHOR.1,BROHOR,Bromus hordeaceaus,Non-native,Grass,Limited,Cal IPC,A7,1,A,7,SEDG,Drought,rgr_v_FM,NA
A7.BROHOR.1,BROHOR,Bromus hordeaceaus,Non-native,Grass,Limited,Cal IPC,A7,1,A,7,SEDG,Drought,rgr_v_MA,0.09367972358485092
A7.BROHOR.1,BROHOR,Bromus hordeaceaus,Non-native,Grass,Limited,Cal IPC,A7,1,A,7,SEDG,Drought,rgr_v_AM,0.06439295566930238
A7.BROHOR.1,BROHOR,Bromus hordeaceaus,Non-native,Grass,Limited,Cal IPC,A7,1,A,7,SEDG,Drought,rgr_v_MJ,NA
A7.MICCAL.1,MICCAL,Micropus californicus,Native,Forb,Native,CalFlora,A7,1,A,7,SEDG,Drought,rgr_v_FM,0.09898274771531598
A7.MICCAL.1,MICCAL,Micropus californicus,Native,Forb,Native,CalFlora,A7,1,A,7,SEDG,Drought,rgr_v_MA,0.0993960535933972
A7.MICCAL.1,MICCAL,Micropus californicus,Native,Forb,Native,CalFlora,A7,1,A,7,SEDG,Drought,rgr_v_AM,NA
A7.MICCAL.1,MICCAL,Micropus californicus,Native,Forb,Native,CalFlora,A7,1,A,7,SEDG,Drought,rgr_v_MJ,NA
A8.LUPBIC.1,LUPBIC,Lupinus bicolor,Native,Forb,Native,CalFlora,A8,1,A,8,MCL,Drought,rgr_v_FM,0.08290089043272436
A8.LUPBIC.1,LUPBIC,Lupinus bicolor,Native,Forb,Native,CalFlora,A8,1,A,8,MCL,Drought,rgr_v_MA,0.09508259954427194
A8.LUPBIC.1,LUPBIC,Lupinus bicolor,Native,Forb,Native,CalFlora,A8,1,A,8,MCL,Drought,rgr_v_AM,NA
A8.LUPBIC.1,LUPBIC,Lupinus bicolor,Native,Forb,Native,CalFlora,A8,1,A,8,MCL,Drought,rgr_v_MJ,NA
A8.MICCAL.1,MICCAL,Micropus californicus,Native,Forb,Native,CalFlora,A8,1,A,8,MCL,Drought,rgr_v_FM,0.09038064910733036
A8.MICCAL.1,MICCAL,Micropus californicus,Native,Forb,Native,CalFlora,A8,1,A,8,MCL,Drought,rgr_v_MA,0.05490182230105227
A8.MICCAL.1,MICCAL,Micropus californicus,Native,Forb,Native,CalFlora,A8,1,A,8,MCL,Drought,rgr_v_AM,NA
A8.MICCAL.1,MICCAL,Micropus californicus,Native,Forb,Native,CalFlora,A8,1,A,8,MCL,Drought,rgr_v_MJ,NA
A8.PLAERE.1,PLAERE,Plantago erecta,Native,Forb,Native,CalFlora,A8,1,A,8,MCL,Drought,rgr_v_FM,0.05216748566994206
A8.PLAERE.1,PLAERE,Plantago erecta,Native,Forb,Native,CalFlora,A8,1,A,8,MCL,Drought,rgr_v_MA,0.04898201762879376
A8.PLAERE.1,PLAERE,Plantago erecta,Native,Forb,Native,CalFlora,A8,1,A,8,MCL,Drought,rgr_v_AM,NA
A8.PLAERE.1,PLAERE,Plantago erecta,Native,Forb,Native,CalFlora,A8,1,A,8,MCL,Drought,rgr_v_MJ,NA
B2.BROMAD.1,BROMAD,Bromus madritensis,Non-native,Grass,High,Cal IPC,B2,2,B,2,MCL,Drought,rgr_v_FM,NA
B2.BROMAD.1,BROMAD,Bromus madritensis,Non-native,Grass,High,Cal IPC,B2,2,B,2,MCL,Drought,rgr_v_MA,0.09016327671263998
B2.BROMAD.1,BROMAD,Bromus madritensis,Non-native,Grass,High,Cal IPC,B2,2,B,2,MCL,Drought,rgr_v_AM,NA
B2.BROMAD.1,BROMAD,Bromus madritensis,Non-native,Grass,High,Cal IPC,B2,2,B,2,MCL,Drought,rgr_v_MJ,NA
B3.BROHOR.1,BROHOR,Bromus hordeaceaus,Non-native,Grass,Limited,Cal IPC,B3,2,B,3,SEDG,Drought,rgr_v_FM,NA
B3.BROHOR.1,BROHOR,Bromus hordeaceaus,Non-native,Grass,Limited,Cal IPC,B3,2,B,3,SEDG,Drought,rgr_v_MA,0.08513646692896538
B3.BROHOR.1,BROHOR,Bromus hordeaceaus,Non-native,Grass,Limited,Cal IPC,B3,2,B,3,SEDG,Drought,rgr_v_AM,NA
B3.BROHOR.1,BROHOR,Bromus hordeaceaus,Non-native,Grass,Limited,Cal IPC,B3,2,B,3,SEDG,Drought,rgr_v_MJ,NA
B4.ESCCAL.1,ESCCAL,Eschscholzia californica,Native,Forb,Native,CalFlora,B4,2,B,4,ANGELO,Drought,rgr_v_FM,0.09807525432506171
B4.ESCCAL.1,ESCCAL,Eschscholzia californica,Native,Forb,Native,CalFlora,B4,2,B,4,ANGELO,Drought,rgr_v_MA,0.11130161549905045
B4.ESCCAL.1,ESCCAL,Eschscholzia californica,Native,Forb,Native,CalFlora,B4,2,B,4,ANGELO,Drought,rgr_v_AM,0.00971166199709125
B4.ESCCAL.1,ESCCAL,Eschscholzia californica,Native,Forb,Native,CalFlora,B4,2,B,4,ANGELO,Drought,rgr_v_MJ,0.03010029199045356
B5.BROHOR.1,BROHOR,Bromus hordeaceaus,Non-native,Grass,Limited,Cal IPC,B5,2,B,5,MCL,Drought,rgr_v_FM,NA
B5.BROHOR.1,BROHOR,Bromus hordeaceaus,Non-native,Grass,Limited,Cal IPC,B5,2,B,5,MCL,Drought,rgr_v_MA,0.04688261320329722
B5.BROHOR.1,BROHOR,Bromus hordeaceaus,Non-native,Grass,Limited,Cal IPC,B5,2,B,5,MCL,Drought,rgr_v_AM,0.1271650095922474
B5.BROHOR.1,BROHOR,Bromus hordeaceaus,Non-native,Grass,Limited,Cal IPC,B5,2,B,5,MCL,Drought,rgr_v_MJ,NA
B5.LUPBIC.1,LUPBIC,Lupinus bicolor,Native,Forb,Native,CalFlora,B5,2,B,5,MCL,Drought,rgr_v_FM,0.1076653447193938
B5.LUPBIC.1,LUPBIC,Lupinus bicolor,Native,Forb,Native,CalFlora,B5,2,B,5,MCL,Drought,rgr_v_MA,0.12095185493308176
B5.LUPBIC.1,LUPBIC,Lupinus bicolor,Native,Forb,Native,CalFlora,B5,2,B,5,MCL,Drought,rgr_v_AM,0.00423545379895116
B5.LUPBIC.1,LUPBIC,Lupinus bicolor,Native,Forb,Native,CalFlora,B5,2,B,5,MCL,Drought,rgr_v_MJ,NA
B5.PLAERE.1,PLAERE,Plantago erecta,Native,Forb,Native,CalFlora,B5,2,B,5,MCL,Drought,rgr_v_FM,0.0671987316564731
B5.PLAERE.1,PLAERE,Plantago erecta,Native,Forb,Native,CalFlora,B5,2,B,5,MCL,Drought,rgr_v_MA,0.04951605542905359
B5.PLAERE.1,PLAERE,Plantago erecta,Native,Forb,Native,CalFlora,B5,2,B,5,MCL,Drought,rgr_v_AM,NA
B5.PLAERE.1,PLAERE,Plantago erecta,Native,Forb,Native,CalFlora,B5,2,B,5,MCL,Drought,rgr_v_MJ,NA
B6.BROHOR.1,BROHOR,Bromus hordeaceaus,Non-native,Grass,Limited,Cal IPC,B6,2,B,6,SEDG,Drought,rgr_v_FM,NA
B6.BROHOR.1,BROHOR,Bromus hordeaceaus,Non-native,Grass,Limited,Cal IPC,B6,2,B,6,SEDG,Drought,rgr_v_MA,0.10127584902289612
B6.BROHOR.1,BROHOR,Bromus hordeaceaus,Non-native,Grass,Limited,Cal IPC,B6,2,B,6,SEDG,Drought,rgr_v_AM,NA
B6.BROHOR.1,BROHOR,Bromus hordeaceaus,Non-native,Grass,Limited,Cal IPC,B6,2,B,6,SEDG,Drought,rgr_v_MJ,NA
B6.BROMAD.1,BROMAD,Bromus madritensis,Non-native,Grass,High,Cal IPC,B6,2,B,6,SEDG,Drought,rgr_v_FM,NA
B6.BROMAD.1,BROMAD,Bromus madritensis,Non-native,Grass,High,Cal IPC,B6,2,B,6,SEDG,Drought,rgr_v_MA,0.09147738923556424
B6.BROMAD.1,BROMAD,Bromus madritensis,Non-native,Grass,High,Cal IPC,B6,2,B,6,SEDG,Drought,rgr_v_AM,NA
B6.BROMAD.1,BROMAD,Bromus madritensis,Non-native,Grass,High,Cal IPC,B6,2,B,6,SEDG,Drought,rgr_v_MJ,NA
B6.ESCCAL.1,ESCCAL,Eschscholzia californica,Native,Forb,Native,CalFlora,B6,2,B,6,SEDG,Drought,rgr_v_FM,0.07782564869096004
B6.ESCCAL.1,ESCCAL,Eschscholzia californica,Native,Forb,Native,CalFlora,B6,2,B,6,SEDG,Drought,rgr_v_MA,0.068591088000599
B6.ESCCAL.1,ESCCAL,Eschscholzia californica,Native,Forb,Native,CalFlora,B6,2,B,6,SEDG,Drought,rgr_v_AM,NA
B6.ESCCAL.1,ESCCAL,Eschscholzia californica,Native,Forb,Native,CalFlora,B6,2,B,6,SEDG,Drought,rgr_v_MJ,NA
B6.MICCAL.1,MICCAL,Micropus californicus,Native,Forb,Native,CalFlora,B6,2,B,6,SEDG,Drought,rgr_v_FM,0.11145245005580076
B6.MICCAL.1,MICCAL,Micropus californicus,Native,Forb,Native,CalFlora,B6,2,B,6,SEDG,Drought,rgr_v_MA,0.07603884533854413
B6.MICCAL.1,MICCAL,Micropus californicus,Native,Forb,Native,CalFlora,B6,2,B,6,SEDG,Drought,rgr_v_AM,NA
B6.MICCAL.1,MICCAL,Micropus californicus,Native,Forb,Native,CalFlora,B6,2,B,6,SEDG,Drought,rgr_v_MJ,NA
C4.GERDIS.1,GERDIS,Geranium dissectum,Non-native,Forb,Limited,Cal IPC,C4,3,C,4,BORR,Drought,rgr_v_FM,0.17731577291762232
C4.GERDIS.1,GERDIS,Geranium dissectum,Non-native,Forb,Limited,Cal IPC,C4,3,C,4,BORR,Drought,rgr_v_MA,0.05427048430604427
C4.GERDIS.1,GERDIS,Geranium dissectum,Non-native,Forb,Limited,Cal IPC,C4,3,C,4,BORR,Drought,rgr_v_AM,NA
C4.GERDIS.1,GERDIS,Geranium dissectum,Non-native,Forb,Limited,Cal IPC,C4,3,C,4,BORR,Drought,rgr_v_MJ,NA
D2.VICSAT.1,VICSAT,Vicia sativa,Non-native,Forb,Non-native,CalFlora,D2,4,D,2,BORR,Control,rgr_v_FM,0.09141725895477772
D2.VICSAT.1,VICSAT,Vicia sativa,Non-native,Forb,Non-native,CalFlora,D2,4,D,2,BORR,Control,rgr_v_MA,0.11448248469715291
D2.VICSAT.1,VICSAT,Vicia sativa,Non-native,Forb,Non-native,CalFlora,D2,4,D,2,BORR,Control,rgr_v_AM,NA
D2.VICSAT.1,VICSAT,Vicia sativa,Non-native,Forb,Non-native,CalFlora,D2,4,D,2,BORR,Control,rgr_v_MJ,NA
D7.BROMAD.1,BROMAD,Bromus madritensis,Non-native,Grass,High,Cal IPC,D7,4,D,7,SEDG,Control,rgr_v_FM,NA
D7.BROMAD.1,BROMAD,Bromus madritensis,Non-native,Grass,High,Cal IPC,D7,4,D,7,SEDG,Control,rgr_v_MA,0.04999845598641374
D7.BROMAD.1,BROMAD,Bromus madritensis,Non-native,Grass,High,Cal IPC,D7,4,D,7,SEDG,Control,rgr_v_AM,NA
D7.BROMAD.1,BROMAD,Bromus madritensis,Non-native,Grass,High,Cal IPC,D7,4,D,7,SEDG,Control,rgr_v_MJ,NA
D8.STIPUL.1,STIPUL,Stipa pulchra,Native,Grass,Native,CalFlora,D8,4,D,8,SEDG,Control,rgr_v_FM,NA
D8.STIPUL.1,STIPUL,Stipa pulchra,Native,Grass,Native,CalFlora,D8,4,D,8,SEDG,Control,rgr_v_MA,0.03521122685066238
D8.STIPUL.1,STIPUL,Stipa pulchra,Native,Grass,Native,CalFlora,D8,4,D,8,SEDG,Control,rgr_v_AM,0.0808593683272376
D8.STIPUL.1,STIPUL,Stipa pulchra,Native,Grass,Native,CalFlora,D8,4,D,8,SEDG,Control,rgr_v_MJ,0.02174982502976968
E5.STIPUL.1,STIPUL,Stipa pulchra,Native,Grass,Native,CalFlora,E5,5,E,5,SEDG,Control,rgr_v_FM,NA
E5.STIPUL.1,STIPUL,Stipa pulchra,Native,Grass,Native,CalFlora,E5,5,E,5,SEDG,Control,rgr_v_MA,0.03046650351099519
E5.STIPUL.1,STIPUL,Stipa pulchra,Native,Grass,Native,CalFlora,E5,5,E,5,SEDG,Control,rgr_v_AM,0.02157615543388358
E5.STIPUL.1,STIPUL,Stipa pulchra,Native,Grass,Native,CalFlora,E5,5,E,5,SEDG,Control,rgr_v_MJ,0.12148442382726544
E6.BROHOR.1,BROHOR,Bromus hordeaceaus,Non-native,Grass,Limited,Cal IPC,E6,5,E,6,SEDG,Control,rgr_v_FM,NA
E6.BROHOR.1,BROHOR,Bromus hordeaceaus,Non-native,Grass,Limited,Cal IPC,E6,5,E,6,SEDG,Control,rgr_v_MA,0.08558522347075602
E6.BROHOR.1,BROHOR,Bromus hordeaceaus,Non-native,Grass,Limited,Cal IPC,E6,5,E,6,SEDG,Control,rgr_v_AM,-0.01304966840835289
E6.BROHOR.1,BROHOR,Bromus hordeaceaus,Non-native,Grass,Limited,Cal IPC,E6,5,E,6,SEDG,Control,rgr_v_MJ,NA
G8.VICSAT.1,VICSAT,Vicia sativa,Non-native,Forb,Non-native,CalFlora,G8,2,G,8,BORR,Control,rgr_v_FM,0.0941981908461237
G8.VICSAT.1,VICSAT,Vicia sativa,Non-native,Forb,Non-native,CalFlora,G8,2,G,8,BORR,Control,rgr_v_MA,0.07743468227597276
G8.VICSAT.1,VICSAT,Vicia sativa,Non-native,Forb,Non-native,CalFlora,G8,2,G,8,BORR,Control,rgr_v_AM,NA
G8.VICSAT.1,VICSAT,Vicia sativa,Non-native,Forb,Non-native,CalFlora,G8,2,G,8,BORR,Control,rgr_v_MJ,NA
I2.BROHOR.1,BROHOR,Bromus hordeaceaus,Non-native,Grass,Limited,Cal IPC,I2,4,I,2,SEDG,Drought,rgr_v_FM,NA
I2.BROHOR.1,BROHOR,Bromus hordeaceaus,Non-native,Grass,Limited,Cal IPC,I2,4,I,2,SEDG,Drought,rgr_v_MA,0.06653513014475901
I2.BROHOR.1,BROHOR,Bromus hordeaceaus,Non-native,Grass,Limited,Cal IPC,I2,4,I,2,SEDG,Drought,rgr_v_AM,NA
I2.BROHOR.1,BROHOR,Bromus hordeaceaus,Non-native,Grass,Limited,Cal IPC,I2,4,I,2,SEDG,Drought,rgr_v_MJ,NA
I3.BROARE.1,BROARE,Bromus arenarius,Non-native,Grass,Non-native,CalFlora,I3,4,I,3,WWP,Drought,rgr_v_FM,NA
I3.BROARE.1,BROARE,Bromus arenarius,Non-native,Grass,Non-native,CalFlora,I3,4,I,3,WWP,Drought,rgr_v_MA,0.06022556300134879
I3.BROARE.1,BROARE,Bromus arenarius,Non-native,Grass,Non-native,CalFlora,I3,4,I,3,WWP,Drought,rgr_v_AM,-0.0448175976546813
I3.BROARE.1,BROARE,Bromus arenarius,Non-native,Grass,Non-native,CalFlora,I3,4,I,3,WWP,Drought,rgr_v_MJ,NA
I3.EROCIC.1,EROCIC,Erodium cicutarium,Non-native,Forb,Non-native,CalFlora,I3,4,I,3,WWP,Drought,rgr_v_FM,0.10573924887677436
I3.EROCIC.1,EROCIC,Erodium cicutarium,Non-native,Forb,Non-native,CalFlora,I3,4,I,3,WWP,Drought,rgr_v_MA,0.13309081181459992
I3.EROCIC.1,EROCIC,Erodium cicutarium,Non-native,Forb,Non-native,CalFlora,I3,4,I,3,WWP,Drought,rgr_v_AM,0.00546077091027523
I3.EROCIC.1,EROCIC,Erodium cicutarium,Non-native,Forb,Non-native,CalFlora,I3,4,I,3,WWP,Drought,rgr_v_MJ,NA
I7.BROMAD.1,BROMAD,Bromus madritensis,Non-native,Grass,High,Cal IPC,I7,4,I,7,MCL,Drought,rgr_v_FM,NA
I7.BROMAD.1,BROMAD,Bromus madritensis,Non-native,Grass,High,Cal IPC,I7,4,I,7,MCL,Drought,rgr_v_MA,0.05408511183255268
I7.BROMAD.1,BROMAD,Bromus madritensis,Non-native,Grass,High,Cal IPC,I7,4,I,7,MCL,Drought,rgr_v_AM,NA
I7.BROMAD.1,BROMAD,Bromus madritensis,Non-native,Grass,High,Cal IPC,I7,4,I,7,MCL,Drought,rgr_v_MJ,NA
I7.LUPBIC.1,LUPBIC,Lupinus bicolor,Native,Forb,Native,CalFlora,I7,4,I,7,MCL,Drought,rgr_v_FM,0.00470277942768571
I7.LUPBIC.1,LUPBIC,Lupinus bicolor,Native,Forb,Native,CalFlora,I7,4,I,7,MCL,Drought,rgr_v_MA,0.15013764438249272
I7.LUPBIC.1,LUPBIC,Lupinus bicolor,Native,Forb,Native,CalFlora,I7,4,I,7,MCL,Drought,rgr_v_AM,0.03864611325695862
I7.LUPBIC.1,LUPBIC,Lupinus bicolor,Native,Forb,Native,CalFlora,I7,4,I,7,MCL,Drought,rgr_v_MJ,NA
J3.BROMAD.1,BROMAD,Bromus madritensis,Non-native,Grass,High,Cal IPC,J3,5,J,3,MCL,Drought,rgr_v_FM,NA
J3.BROMAD.1,BROMAD,Bromus madritensis,Non-native,Grass,High,Cal IPC,J3,5,J,3,MCL,Drought,rgr_v_MA,0.06318814025972277
J3.BROMAD.1,BROMAD,Bromus madritensis,Non-native,Grass,High,Cal IPC,J3,5,J,3,MCL,Drought,rgr_v_AM,NA
J3.BROMAD.1,BROMAD,Bromus madritensis,Non-native,Grass,High,Cal IPC,J3,5,J,3,MCL,Drought,rgr_v_MJ,NA
J5.AVEFAT.1,AVEFAT,Avena fatua,Non-native,Grass,Moderate,Cal IPC,J5,5,J,5,SEDG,Drought,rgr_v_FM,0.1366120795137479
J5.AVEFAT.1,AVEFAT,Avena fatua,Non-native,Grass,Moderate,Cal IPC,J5,5,J,5,SEDG,Drought,rgr_v_MA,0.12091337208698982
J5.AVEFAT.1,AVEFAT,Avena fatua,Non-native,Grass,Moderate,Cal IPC,J5,5,J,5,SEDG,Drought,rgr_v_AM,-0.00672100340049507
J5.AVEFAT.1,AVEFAT,Avena fatua,Non-native,Grass,Moderate,Cal IPC,J5,5,J,5,SEDG,Drought,rgr_v_MJ,NA
J5.BROHOR.1,BROHOR,Bromus hordeaceaus,Non-native,Grass,Limited,Cal IPC,J5,5,J,5,SEDG,Drought,rgr_v_FM,NA
J5.BROHOR.1,BROHOR,Bromus hordeaceaus,Non-native,Grass,Limited,Cal IPC,J5,5,J,5,SEDG,Drought,rgr_v_MA,0.05777592799244063
J5.BROHOR.1,BROHOR,Bromus hordeaceaus,Non-native,Grass,Limited,Cal IPC,J5,5,J,5,SEDG,Drought,rgr_v_AM,NA
J5.BROHOR.1,BROHOR,Bromus hordeaceaus,Non-native,Grass,Limited,Cal IPC,J5,5,J,5,SEDG,Drought,rgr_v_MJ,NA
J6.AVEBAR.1,AVEBAR,Avena barbata,Non-native,Grass,Moderate,Cal IPC,J6,5,J,6,MCL,Drought,rgr_v_FM,0.09405501028653908
J6.AVEBAR.1,AVEBAR,Avena barbata,Non-native,Grass,Moderate,Cal IPC,J6,5,J,6,MCL,Drought,rgr_v_MA,0.11090469021905486
J6.AVEBAR.1,AVEBAR,Avena barbata,Non-native,Grass,Moderate,Cal IPC,J6,5,J,6,MCL,Drought,rgr_v_AM,0.04910215279027731
J6.AVEBAR.1,AVEBAR,Avena barbata,Non-native,Grass,Moderate,Cal IPC,J6,5,J,6,MCL,Drought,rgr_v_MJ,NA
J6.PLAERE.1,PLAERE,Plantago erecta,Native,Forb,Native,CalFlora,J6,5,J,6,MCL,Drought,rgr_v_FM,0.12988186807339588
J6.PLAERE.1,PLAERE,Plantago erecta,Native,Forb,Native,CalFlora,J6,5,J,6,MCL,Drought,rgr_v_MA,0.06415796207833253
J6.PLAERE.1,PLAERE,Plantago erecta,Native,Forb,Native,CalFlora,J6,5,J,6,MCL,Drought,rgr_v_AM,NA
J6.PLAERE.1,PLAERE,Plantago erecta,Native,Forb,Native,CalFlora,J6,5,J,6,MCL,Drought,rgr_v_MJ,NA
F3.EROBOT.1,EROBOT,Erodium botrys,Non-native,Forb,Non-native,CalFlora,F3,1,F,3,BORR,Control,rgr_v_FM,0.11777881755585852
F3.EROBOT.1,EROBOT,Erodium botrys,Non-native,Forb,Non-native,CalFlora,F3,1,F,3,BORR,Control,rgr_v_MA,0.06122568286512037
F3.EROBOT.1,EROBOT,Erodium botrys,Non-native,Forb,Non-native,CalFlora,F3,1,F,3,BORR,Control,rgr_v_AM,0.09118502010051208
F3.EROBOT.1,EROBOT,Erodium botrys,Non-native,Forb,Non-native,CalFlora,F3,1,F,3,BORR,Control,rgr_v_MJ,NA
F3.VICSAT.1,VICSAT,Vicia sativa,Non-native,Forb,Non-native,CalFlora,F3,1,F,3,BORR,Control,rgr_v_FM,0.0782976855309605
F3.VICSAT.1,VICSAT,Vicia sativa,Non-native,Forb,Non-native,CalFlora,F3,1,F,3,BORR,Control,rgr_v_MA,0.04891122894147188
F3.VICSAT.1,VICSAT,Vicia sativa,Non-native,Forb,Non-native,CalFlora,F3,1,F,3,BORR,Control,rgr_v_AM,NA
F3.VICSAT.1,VICSAT,Vicia sativa,Non-native,Forb,Non-native,CalFlora,F3,1,F,3,BORR,Control,rgr_v_MJ,NA
F4.BROMAD.1,BROMAD,Bromus madritensis,Non-native,Grass,High,Cal IPC,F4,1,F,4,MCL,Control,rgr_v_FM,NA
F4.BROMAD.1,BROMAD,Bromus madritensis,Non-native,Grass,High,Cal IPC,F4,1,F,4,MCL,Control,rgr_v_MA,0.07588588914871398
F4.BROMAD.1,BROMAD,Bromus madritensis,Non-native,Grass,High,Cal IPC,F4,1,F,4,MCL,Control,rgr_v_AM,NA
F4.BROMAD.1,BROMAD,Bromus madritensis,Non-native,Grass,High,Cal IPC,F4,1,F,4,MCL,Control,rgr_v_MJ,NA
G1.VICSAT.1,VICSAT,Vicia sativa,Non-native,Forb,Non-native,CalFlora,G1,2,G,1,BORR,Control,rgr_v_FM,0.09075160991279986
G1.VICSAT.1,VICSAT,Vicia sativa,Non-native,Forb,Non-native,CalFlora,G1,2,G,1,BORR,Control,rgr_v_MA,0.08963429206271016
G1.VICSAT.1,VICSAT,Vicia sativa,Non-native,Forb,Non-native,CalFlora,G1,2,G,1,BORR,Control,rgr_v_AM,NA
G1.VICSAT.1,VICSAT,Vicia sativa,Non-native,Forb,Non-native,CalFlora,G1,2,G,1,BORR,Control,rgr_v_MJ,NA
G2.LUPBIC.1,LUPBIC,Lupinus bicolor,Native,Forb,Native,CalFlora,G2,2,G,2,MCL,Control,rgr_v_FM,0.11221785431643852
G2.LUPBIC.1,LUPBIC,Lupinus bicolor,Native,Forb,Native,CalFlora,G2,2,G,2,MCL,Control,rgr_v_MA,0.10753133900264232
G2.LUPBIC.1,LUPBIC,Lupinus bicolor,Native,Forb,Native,CalFlora,G2,2,G,2,MCL,Control,rgr_v_AM,0.01080306081566747
G2.LUPBIC.1,LUPBIC,Lupinus bicolor,Native,Forb,Native,CalFlora,G2,2,G,2,MCL,Control,rgr_v_MJ,NA
G4.BROARE.1,BROARE,Bromus arenarius,Non-native,Grass,Non-native,CalFlora,G4,2,G,4,WWP,Control,rgr_v_FM,NA
G4.BROARE.1,BROARE,Bromus arenarius,Non-native,Grass,Non-native,CalFlora,G4,2,G,4,WWP,Control,rgr_v_MA,0.05011444771723707
G4.BROARE.1,BROARE,Bromus arenarius,Non-native,Grass,Non-native,CalFlora,G4,2,G,4,WWP,Control,rgr_v_AM,0.00817128397756631
G4.BROARE.1,BROARE,Bromus arenarius,Non-native,Grass,Non-native,CalFlora,G4,2,G,4,WWP,Control,rgr_v_MJ,NA
H3.BROARE.1,BROARE,Bromus arenarius,Non-native,Grass,Non-native,CalFlora,H3,3,H,3,WWP,Control,rgr_v_FM,NA
H3.BROARE.1,BROARE,Bromus arenarius,Non-native,Grass,Non-native,CalFlora,H3,3,H,3,WWP,Control,rgr_v_MA,0.0530813158833265
H3.BROARE.1,BROARE,Bromus arenarius,Non-native,Grass,Non-native,CalFlora,H3,3,H,3,WWP,Control,rgr_v_AM,-0.0113732235907073
H3.BROARE.1,BROARE,Bromus arenarius,Non-native,Grass,Non-native,CalFlora,H3,3,H,3,WWP,Control,rgr_v_MJ,NA
I6.HYPGLA.1,HYPGLA,Hypochaeris glabra,Non-native,Forb,Limited,Cal IPC,I6,4,I,6,ANGELO,Drought,rgr_v_FM,0.10799654109002454
I6.HYPGLA.1,HYPGLA,Hypochaeris glabra,Non-native,Forb,Limited,Cal IPC,I6,4,I,6,ANGELO,Drought,rgr_v_MA,0.1354891988531195
I6.HYPGLA.1,HYPGLA,Hypochaeris glabra,Non-native,Forb,Limited,Cal IPC,I6,4,I,6,ANGELO,Drought,rgr_v_AM,0.01738427875491812
I6.HYPGLA.1,HYPGLA,Hypochaeris glabra,Non-native,Forb,Limited,Cal IPC,I6,4,I,6,ANGELO,Drought,rgr_v_MJ,NA
D8.CALMEN.1,CALMEN,Calandrinia menziesii,Native,Forb,Native,CalFlora,D8,4,D,8,SEDG,Control,rgr_v_FM,0.10556229318461036
D8.CALMEN.1,CALMEN,Calandrinia menziesii,Native,Forb,Native,CalFlora,D8,4,D,8,SEDG,Control,rgr_v_MA,NA
D8.CALMEN.1,CALMEN,Calandrinia menziesii,Native,Forb,Native,CalFlora,D8,4,D,8,SEDG,Control,rgr_v_AM,NA
D8.CALMEN.1,CALMEN,Calandrinia menziesii,Native,Forb,Native,CalFlora,D8,4,D,8,SEDG,Control,rgr_v_MJ,NA
A5.EROBOT.1,EROBOT,Erodium botrys,Non-native,Forb,Non-native,CalFlora,A5,1,A,5,MCL,Drought,rgr_v_FM,0.13526614808775497
A5.EROBOT.1,EROBOT,Erodium botrys,Non-native,Forb,Non-native,CalFlora,A5,1,A,5,MCL,Drought,rgr_v_MA,0.11849607809364668
A5.EROBOT.1,EROBOT,Erodium botrys,Non-native,Forb,Non-native,CalFlora,A5,1,A,5,MCL,Drought,rgr_v_AM,NA
A5.EROBOT.1,EROBOT,Erodium botrys,Non-native,Forb,Non-native,CalFlora,A5,1,A,5,MCL,Drought,rgr_v_MJ,NA
E5.CORFIL.1,CORFIL,Corethrogyne filaginafolia,Native,Forb,Native,CalFlora,E5,5,E,5,SEDG,Control,rgr_v_FM,0.08957316928120843
E5.CORFIL.1,CORFIL,Corethrogyne filaginafolia,Native,Forb,Native,CalFlora,E5,5,E,5,SEDG,Control,rgr_v_MA,0.08179194782602435
E5.CORFIL.1,CORFIL,Corethrogyne filaginafolia,Native,Forb,Native,CalFlora,E5,5,E,5,SEDG,Control,rgr_v_AM,-0.00274860861200457
E5.CORFIL.1,CORFIL,Corethrogyne filaginafolia,Native,Forb,Native,CalFlora,E5,5,E,5,SEDG,Control,rgr_v_MJ,-0.01323437271134603
G4.MIRMUL.1,MIRMUL,Mirabilis multiflora,Native,Forb,Native,CalFlora,G4,2,G,4,WWP,Control,rgr_v_FM,NA
G4.MIRMUL.1,MIRMUL,Mirabilis multiflora,Native,Forb,Native,CalFlora,G4,2,G,4,WWP,Control,rgr_v_MA,NA
G4.MIRMUL.1,MIRMUL,Mirabilis multiflora,Native,Forb,Native,CalFlora,G4,2,G,4,WWP,Control,rgr_v_AM,NA
G4.MIRMUL.1,MIRMUL,Mirabilis multiflora,Native,Forb,Native,CalFlora,G4,2,G,4,WWP,Control,rgr_v_MJ,NA
J1.GERDIS.1,GERDIS,Geranium dissectum,Non-native,Forb,Limited,Cal IPC,J1,5,J,1,BORR,Drought,rgr_v_FM,0.08808684005086179
J1.GERDIS.1,GERDIS,Geranium dissectum,Non-native,Forb,Limited,Cal IPC,J1,5,J,1,BORR,Drought,rgr_v_MA,0.07508339223596963
J1.GERDIS.1,GERDIS,Geranium dissectum,Non-native,Forb,Limited,Cal IPC,J1,5,J,1,BORR,Drought,rgr_v_AM,NA
J1.GERDIS.1,GERDIS,Geranium dissectum,Non-native,Forb,Limited,Cal IPC,J1,5,J,1,BORR,Drought,rgr_v_MJ,NA
I8.ACMPAR.1,ACMPAR,Acmispon parviflorus,Native,Forb,Native,CalFlora,I8,4,I,8,ANGELO,Drought,rgr_v_FM,0.06775428517449576
I8.ACMPAR.1,ACMPAR,Acmispon parviflorus,Native,Forb,Native,CalFlora,I8,4,I,8,ANGELO,Drought,rgr_v_MA,0.07239689231173099
I8.ACMPAR.1,ACMPAR,Acmispon parviflorus,Native,Forb,Native,CalFlora,I8,4,I,8,ANGELO,Drought,rgr_v_AM,0.04780325383172037
I8.ACMPAR.1,ACMPAR,Acmispon parviflorus,Native,Forb,Native,CalFlora,I8,4,I,8,ANGELO,Drought,rgr_v_MJ,NA
A1.ACMPAR.1,ACMPAR,Acmispon parviflorus,Native,Forb,Native,CalFlora,A1,1,A,1,ANGELO,Drought,rgr_v_FM,0.14509218094927948
A1.ACMPAR.1,ACMPAR,Acmispon parviflorus,Native,Forb,Native,CalFlora,A1,1,A,1,ANGELO,Drought,rgr_v_MA,0.05724702470414254
A1.ACMPAR.1,ACMPAR,Acmispon parviflorus,Native,Forb,Native,CalFlora,A1,1,A,1,ANGELO,Drought,rgr_v_AM,0.1009860512914232
A1.ACMPAR.1,ACMPAR,Acmispon parviflorus,Native,Forb,Native,CalFlora,A1,1,A,1,ANGELO,Drought,rgr_v_MJ,NA
B4.AIRCAR.1,AIRCAR,Aira caryophyllea,Non-native,Grass,Non-native,CalFlora,B4,2,B,4,ANGELO,Drought,rgr_v_FM,0.0546248311879245
B4.AIRCAR.1,AIRCAR,Aira caryophyllea,Non-native,Grass,Non-native,CalFlora,B4,2,B,4,ANGELO,Drought,rgr_v_MA,0.04122841214450509
B4.AIRCAR.1,AIRCAR,Aira caryophyllea,Non-native,Grass,Non-native,CalFlora,B4,2,B,4,ANGELO,Drought,rgr_v_AM,0.05375349040925106
B4.AIRCAR.1,AIRCAR,Aira caryophyllea,Non-native,Grass,Non-native,CalFlora,B4,2,B,4,ANGELO,Drought,rgr_v_MJ,NA
F2.AMSMEN.1,AMSMEN,Amsinckia menziesii,Native,Forb,Native,CalFlora,F2,1,F,2,WWP,Control,rgr_v_FM,0.08462656878444406
F2.AMSMEN.1,AMSMEN,Amsinckia menziesii,Native,Forb,Native,CalFlora,F2,1,F,2,WWP,Control,rgr_v_MA,NA
F2.AMSMEN.1,AMSMEN,Amsinckia menziesii,Native,Forb,Native,CalFlora,F2,1,F,2,WWP,Control,rgr_v_AM,NA
F2.AMSMEN.1,AMSMEN,Amsinckia menziesii,Native,Forb,Native,CalFlora,F2,1,F,2,WWP,Control,rgr_v_MJ,NA
E7.BRODIA.1,BRODIA,Bromus diandrus,Non-native,Grass,Moderate,Cal IPC,E7,5,E,7,MCL,Control,rgr_v_FM,NA
E7.BRODIA.1,BRODIA,Bromus diandrus,Non-native,Grass,Moderate,Cal IPC,E7,5,E,7,MCL,Control,rgr_v_MA,NA
E7.BRODIA.1,BRODIA,Bromus diandrus,Non-native,Grass,Moderate,Cal IPC,E7,5,E,7,MCL,Control,rgr_v_AM,0.06475278271130668
E7.BRODIA.1,BRODIA,Bromus diandrus,Non-native,Grass,Moderate,Cal IPC,E7,5,E,7,MCL,Control,rgr_v_MJ,NA
E7.AVEBAR.1,AVEBAR,Avena barbata,Non-native,Grass,Moderate,Cal IPC,E7,5,E,7,MCL,Control,rgr_v_FM,0.03029937434056906
E7.AVEBAR.1,AVEBAR,Avena barbata,Non-native,Grass,Moderate,Cal IPC,E7,5,E,7,MCL,Control,rgr_v_MA,0.12899654396678736
E7.AVEBAR.1,AVEBAR,Avena barbata,Non-native,Grass,Moderate,Cal IPC,E7,5,E,7,MCL,Control,rgr_v_AM,0.0899022806720352
E7.AVEBAR.1,AVEBAR,Avena barbata,Non-native,Grass,Moderate,Cal IPC,E7,5,E,7,MCL,Control,rgr_v_MJ,NA
I8.BRODIA.1,BRODIA,Bromus diandrus,Non-native,Grass,Moderate,Cal IPC,I8,4,I,8,ANGELO,Drought,rgr_v_FM,NA
I8.BRODIA.1,BRODIA,Bromus diandrus,Non-native,Grass,Moderate,Cal IPC,I8,4,I,8,ANGELO,Drought,rgr_v_MA,0.06464224346613197
I8.BRODIA.1,BRODIA,Bromus diandrus,Non-native,Grass,Moderate,Cal IPC,I8,4,I,8,ANGELO,Drought,rgr_v_AM,0.07069401445420233
I8.BRODIA.1,BRODIA,Bromus diandrus,Non-native,Grass,Moderate,Cal IPC,I8,4,I,8,ANGELO,Drought,rgr_v_MJ,NA
B2.AVEBAR.1,AVEBAR,Avena barbata,Non-native,Grass,Moderate,Cal IPC,B2,2,B,2,MCL,Drought,rgr_v_FM,NA
B2.AVEBAR.1,AVEBAR,Avena barbata,Non-native,Grass,Moderate,Cal IPC,B2,2,B,2,MCL,Drought,rgr_v_MA,0.04794634072358274
B2.AVEBAR.1,AVEBAR,Avena barbata,Non-native,Grass,Moderate,Cal IPC,B2,2,B,2,MCL,Drought,rgr_v_AM,0.04447336435661464
B2.AVEBAR.1,AVEBAR,Avena barbata,Non-native,Grass,Moderate,Cal IPC,B2,2,B,2,MCL,Drought,rgr_v_MJ,NA
C1.AVEBAR.1,AVEBAR,Avena barbata,Non-native,Grass,Moderate,Cal IPC,C1,3,C,1,MCL,Drought,rgr_v_FM,NA
C1.AVEBAR.1,AVEBAR,Avena barbata,Non-native,Grass,Moderate,Cal IPC,C1,3,C,1,MCL,Drought,rgr_v_MA,0.13068067299550776
C1.AVEBAR.1,AVEBAR,Avena barbata,Non-native,Grass,Moderate,Cal IPC,C1,3,C,1,MCL,Drought,rgr_v_AM,0.03869609972834326
C1.AVEBAR.1,AVEBAR,Avena barbata,Non-native,Grass,Moderate,Cal IPC,C1,3,C,1,MCL,Drought,rgr_v_MJ,NA
I1.AVEBAR.1,AVEBAR,Avena barbata,Non-native,Grass,Moderate,Cal IPC,I1,4,I,1,BORR,Drought,rgr_v_FM,0.13780972222099952
I1.AVEBAR.1,AVEBAR,Avena barbata,Non-native,Grass,Moderate,Cal IPC,I1,4,I,1,BORR,Drought,rgr_v_MA,0.09872523432541148
I1.AVEBAR.1,AVEBAR,Avena barbata,Non-native,Grass,Moderate,Cal IPC,I1,4,I,1,BORR,Drought,rgr_v_AM,0.02708083312814219
I1.AVEBAR.1,AVEBAR,Avena barbata,Non-native,Grass,Moderate,Cal IPC,I1,4,I,1,BORR,Drought,rgr_v_MJ,NA
E4.AVEBAR.1,AVEBAR,Avena barbata,Non-native,Grass,Moderate,Cal IPC,E4,5,E,4,WWP,Control,rgr_v_FM,NA
E4.AVEBAR.1,AVEBAR,Avena barbata,Non-native,Grass,Moderate,Cal IPC,E4,5,E,4,WWP,Control,rgr_v_MA,0.1475209124533696
E4.AVEBAR.1,AVEBAR,Avena barbata,Non-native,Grass,Moderate,Cal IPC,E4,5,E,4,WWP,Control,rgr_v_AM,0.0461047863825175
E4.AVEBAR.1,AVEBAR,Avena barbata,Non-native,Grass,Moderate,Cal IPC,E4,5,E,4,WWP,Control,rgr_v_MJ,NA
G4.AVEBAR.1,AVEBAR,Avena barbata,Non-native,Grass,Moderate,Cal IPC,G4,2,G,4,WWP,Control,rgr_v_FM,NA
G4.AVEBAR.1,AVEBAR,Avena barbata,Non-native,Grass,Moderate,Cal IPC,G4,2,G,4,WWP,Control,rgr_v_MA,0.10463356619618332
G4.AVEBAR.1,AVEBAR,Avena barbata,Non-native,Grass,Moderate,Cal IPC,G4,2,G,4,WWP,Control,rgr_v_AM,0.09561740302476832
G4.AVEBAR.1,AVEBAR,Avena barbata,Non-native,Grass,Moderate,Cal IPC,G4,2,G,4,WWP,Control,rgr_v_MJ,NA
E2.AVEBAR.1,AVEBAR,Avena barbata,Non-native,Grass,Moderate,Cal IPC,E2,5,E,2,WWP,Control,rgr_v_FM,0.10499161698959808
E2.AVEBAR.1,AVEBAR,Avena barbata,Non-native,Grass,Moderate,Cal IPC,E2,5,E,2,WWP,Control,rgr_v_MA,0.1327765795058742
E2.AVEBAR.1,AVEBAR,Avena barbata,Non-native,Grass,Moderate,Cal IPC,E2,5,E,2,WWP,Control,rgr_v_AM,0.06146721261532925
E2.AVEBAR.1,AVEBAR,Avena barbata,Non-native,Grass,Moderate,Cal IPC,E2,5,E,2,WWP,Control,rgr_v_MJ,NA
A8.AVEBAR.1,AVEBAR,Avena barbata,Non-native,Grass,Moderate,Cal IPC,A8,1,A,8,MCL,Drought,rgr_v_FM,NA
A8.AVEBAR.1,AVEBAR,Avena barbata,Non-native,Grass,Moderate,Cal IPC,A8,1,A,8,MCL,Drought,rgr_v_MA,0.1355383221655808
A8.AVEBAR.1,AVEBAR,Avena barbata,Non-native,Grass,Moderate,Cal IPC,A8,1,A,8,MCL,Drought,rgr_v_AM,-0.03037935613655458
A8.AVEBAR.1,AVEBAR,Avena barbata,Non-native,Grass,Moderate,Cal IPC,A8,1,A,8,MCL,Drought,rgr_v_MJ,NA
J8.AVEFAT.1,AVEFAT,Avena fatua,Non-native,Grass,Moderate,Cal IPC,J8,5,J,8,SEDG,Drought,rgr_v_FM,0.08691202005411597
J8.AVEFAT.1,AVEFAT,Avena fatua,Non-native,Grass,Moderate,Cal IPC,J8,5,J,8,SEDG,Drought,rgr_v_MA,NA
J8.AVEFAT.1,AVEFAT,Avena fatua,Non-native,Grass,Moderate,Cal IPC,J8,5,J,8,SEDG,Drought,rgr_v_AM,NA
J8.AVEFAT.1,AVEFAT,Avena fatua,Non-native,Grass,Moderate,Cal IPC,J8,5,J,8,SEDG,Drought,rgr_v_MJ,NA
D6.AVEBAR.1,AVEBAR,Avena barbata,Non-native,Grass,Moderate,Cal IPC,D6,4,D,6,BORR,Control,rgr_v_FM,0.095583858799347
D6.AVEBAR.1,AVEBAR,Avena barbata,Non-native,Grass,Moderate,Cal IPC,D6,4,D,6,BORR,Control,rgr_v_MA,0.10532047869438248
D6.AVEBAR.1,AVEBAR,Avena barbata,Non-native,Grass,Moderate,Cal IPC,D6,4,D,6,BORR,Control,rgr_v_AM,0.06795011294471717
D6.AVEBAR.1,AVEBAR,Avena barbata,Non-native,Grass,Moderate,Cal IPC,D6,4,D,6,BORR,Control,rgr_v_MJ,NA
J1.AVEBAR.1,AVEBAR,Avena barbata,Non-native,Grass,Moderate,Cal IPC,J1,5,J,1,BORR,Drought,rgr_v_FM,NA
J1.AVEBAR.1,AVEBAR,Avena barbata,Non-native,Grass,Moderate,Cal IPC,J1,5,J,1,BORR,Drought,rgr_v_MA,0.16275807783621782
J1.AVEBAR.1,AVEBAR,Avena barbata,Non-native,Grass,Moderate,Cal IPC,J1,5,J,1,BORR,Drought,rgr_v_AM,0.03638510189095809
J1.AVEBAR.1,AVEBAR,Avena barbata,Non-native,Grass,Moderate,Cal IPC,J1,5,J,1,BORR,Drought,rgr_v_MJ,NA
C5.LUPBIC.1,LUPBIC,Lupinus bicolor,Native,Forb,Native,CalFlora,C5,3,C,5,BORR,Drought,rgr_v_FM,NA
C5.LUPBIC.1,LUPBIC,Lupinus bicolor,Native,Forb,Native,CalFlora,C5,3,C,5,BORR,Drought,rgr_v_MA,NA
C5.LUPBIC.1,LUPBIC,Lupinus bicolor,Native,Forb,Native,CalFlora,C5,3,C,5,BORR,Drought,rgr_v_AM,NA
C5.LUPBIC.1,LUPBIC,Lupinus bicolor,Native,Forb,Native,CalFlora,C5,3,C,5,BORR,Drought,rgr_v_MJ,NA
F4.LUPBIC.1,LUPBIC,Lupinus bicolor,Native,Forb,Native,CalFlora,F4,1,F,4,MCL,Control,rgr_v_FM,NA
F4.LUPBIC.1,LUPBIC,Lupinus bicolor,Native,Forb,Native,CalFlora,F4,1,F,4,MCL,Control,rgr_v_MA,0.10507581769393828
F4.LUPBIC.1,LUPBIC,Lupinus bicolor,Native,Forb,Native,CalFlora,F4,1,F,4,MCL,Control,rgr_v_AM,0.05842998803382186
F4.LUPBIC.1,LUPBIC,Lupinus bicolor,Native,Forb,Native,CalFlora,F4,1,F,4,MCL,Control,rgr_v_MJ,NA
C1.LUPBIC.1,LUPBIC,Lupinus bicolor,Native,Forb,Native,CalFlora,C1,3,C,1,MCL,Drought,rgr_v_FM,0.07276597242574447
C1.LUPBIC.1,LUPBIC,Lupinus bicolor,Native,Forb,Native,CalFlora,C1,3,C,1,MCL,Drought,rgr_v_MA,0.05330951803233607
C1.LUPBIC.1,LUPBIC,Lupinus bicolor,Native,Forb,Native,CalFlora,C1,3,C,1,MCL,Drought,rgr_v_AM,NA
C1.LUPBIC.1,LUPBIC,Lupinus bicolor,Native,Forb,Native,CalFlora,C1,3,C,1,MCL,Drought,rgr_v_MJ,NA
D2.TRIHIR.1,TRIHIR,Trifolium hirtum,Non-native,Forb,Limited,Cal IPC,D2,4,D,2,BORR,Control,rgr_v_FM,0.11891901145725498
D2.TRIHIR.1,TRIHIR,Trifolium hirtum,Non-native,Forb,Limited,Cal IPC,D2,4,D,2,BORR,Control,rgr_v_MA,0.11644046237963848
D2.TRIHIR.1,TRIHIR,Trifolium hirtum,Non-native,Forb,Limited,Cal IPC,D2,4,D,2,BORR,Control,rgr_v_AM,0.06373359810608238
D2.TRIHIR.1,TRIHIR,Trifolium hirtum,Non-native,Forb,Limited,Cal IPC,D2,4,D,2,BORR,Control,rgr_v_MJ,NA
F8.LUPBIC.1,LUPBIC,Lupinus bicolor,Native,Forb,Native,CalFlora,F8,1,F,8,BORR,Control,rgr_v_FM,0.10299490206263529
F8.LUPBIC.1,LUPBIC,Lupinus bicolor,Native,Forb,Native,CalFlora,F8,1,F,8,BORR,Control,rgr_v_MA,0.06707875940902698
F8.LUPBIC.1,LUPBIC,Lupinus bicolor,Native,Forb,Native,CalFlora,F8,1,F,8,BORR,Control,rgr_v_AM,NA
F8.LUPBIC.1,LUPBIC,Lupinus bicolor,Native,Forb,Native,CalFlora,F8,1,F,8,BORR,Control,rgr_v_MJ,NA
A5.BRODIA.1,BRODIA,Bromus diandrus,Non-native,Grass,Moderate,Cal IPC,A5,1,A,5,MCL,Drought,rgr_v_FM,NA
A5.BRODIA.1,BRODIA,Bromus diandrus,Non-native,Grass,Moderate,Cal IPC,A5,1,A,5,MCL,Drought,rgr_v_MA,0.13045102299469713
A5.BRODIA.1,BRODIA,Bromus diandrus,Non-native,Grass,Moderate,Cal IPC,A5,1,A,5,MCL,Drought,rgr_v_AM,0.02197363428524608
A5.BRODIA.1,BRODIA,Bromus diandrus,Non-native,Grass,Moderate,Cal IPC,A5,1,A,5,MCL,Drought,rgr_v_MJ,NA
B2.EROBOT.1,EROBOT,Erodium botrys,Non-native,Forb,Non-native,CalFlora,B2,2,B,2,MCL,Drought,rgr_v_FM,0.12654339354024682
B2.EROBOT.1,EROBOT,Erodium botrys,Non-native,Forb,Non-native,CalFlora,B2,2,B,2,MCL,Drought,rgr_v_MA,0.09225900024722698
B2.EROBOT.1,EROBOT,Erodium botrys,Non-native,Forb,Non-native,CalFlora,B2,2,B,2,MCL,Drought,rgr_v_AM,NA
B2.EROBOT.1,EROBOT,Erodium botrys,Non-native,Forb,Non-native,CalFlora,B2,2,B,2,MCL,Drought,rgr_v_MJ,NA
F5.LUPBIC.1,LUPBIC,Lupinus bicolor,Native,Forb,Native,CalFlora,F5,1,F,5,MCL,Control,rgr_v_FM,0.03850449004039476
F5.LUPBIC.1,LUPBIC,Lupinus bicolor,Native,Forb,Native,CalFlora,F5,1,F,5,MCL,Control,rgr_v_MA,0.02335858012385538
F5.LUPBIC.1,LUPBIC,Lupinus bicolor,Native,Forb,Native,CalFlora,F5,1,F,5,MCL,Control,rgr_v_AM,NA
F5.LUPBIC.1,LUPBIC,Lupinus bicolor,Native,Forb,Native,CalFlora,F5,1,F,5,MCL,Control,rgr_v_MJ,NA
H2.HYPGLA.1,HYPGLA,Hypochaeris glabra,Non-native,Forb,Limited,Cal IPC,H2,3,H,2,ANGELO,Control,rgr_v_FM,0.07878538823771628
H2.HYPGLA.1,HYPGLA,Hypochaeris glabra,Non-native,Forb,Limited,Cal IPC,H2,3,H,2,ANGELO,Control,rgr_v_MA,0.06317707336072242
H2.HYPGLA.1,HYPGLA,Hypochaeris glabra,Non-native,Forb,Limited,Cal IPC,H2,3,H,2,ANGELO,Control,rgr_v_AM,0.04193885637298888
H2.HYPGLA.1,HYPGLA,Hypochaeris glabra,Non-native,Forb,Limited,Cal IPC,H2,3,H,2,ANGELO,Control,rgr_v_MJ,NA
G1.MADGRA.1,MADGRA,Madia gracilis,Native,Forb,Native,CalFlora,G1,2,G,1,BORR,Control,rgr_v_FM,0.13078104712244462
G1.MADGRA.1,MADGRA,Madia gracilis,Native,Forb,Native,CalFlora,G1,2,G,1,BORR,Control,rgr_v_MA,0.07781326251682183
G1.MADGRA.1,MADGRA,Madia gracilis,Native,Forb,Native,CalFlora,G1,2,G,1,BORR,Control,rgr_v_AM,0.0727213759792983
G1.MADGRA.1,MADGRA,Madia gracilis,Native,Forb,Native,CalFlora,G1,2,G,1,BORR,Control,rgr_v_MJ,NA
B2.LUPBIC.1,LUPBIC,Lupinus bicolor,Native,Forb,Native,CalFlora,B2,2,B,2,MCL,Drought,rgr_v_FM,0.13286836225535217
B2.LUPBIC.1,LUPBIC,Lupinus bicolor,Native,Forb,Native,CalFlora,B2,2,B,2,MCL,Drought,rgr_v_MA,0.12245782605121444
B2.LUPBIC.1,LUPBIC,Lupinus bicolor,Native,Forb,Native,CalFlora,B2,2,B,2,MCL,Drought,rgr_v_AM,0.03033088349723172
B2.LUPBIC.1,LUPBIC,Lupinus bicolor,Native,Forb,Native,CalFlora,B2,2,B,2,MCL,Drought,rgr_v_MJ,NA
H4.LUPBIC.1,LUPBIC,Lupinus bicolor,Native,Forb,Native,CalFlora,H4,3,H,4,MCL,Control,rgr_v_FM,0.0261590392327848
H4.LUPBIC.1,LUPBIC,Lupinus bicolor,Native,Forb,Native,CalFlora,H4,3,H,4,MCL,Control,rgr_v_MA,0.1413150082254942
H4.LUPBIC.1,LUPBIC,Lupinus bicolor,Native,Forb,Native,CalFlora,H4,3,H,4,MCL,Control,rgr_v_AM,NA
H4.LUPBIC.1,LUPBIC,Lupinus bicolor,Native,Forb,Native,CalFlora,H4,3,H,4,MCL,Control,rgr_v_MJ,NA
F7.EROCIC.1,EROCIC,Erodium cicutarium,Non-native,Forb,Non-native,CalFlora,F7,1,F,7,WWP,Control,rgr_v_FM,NA
F7.EROCIC.1,EROCIC,Erodium cicutarium,Non-native,Forb,Non-native,CalFlora,F7,1,F,7,WWP,Control,rgr_v_MA,NA
F7.EROCIC.1,EROCIC,Erodium cicutarium,Non-native,Forb,Non-native,CalFlora,F7,1,F,7,WWP,Control,rgr_v_AM,0.033812057588290013
F7.EROCIC.1,EROCIC,Erodium cicutarium,Non-native,Forb,Non-native,CalFlora,F7,1,F,7,WWP,Control,rgr_v_MJ,NA
C4.LUPBIC.1,LUPBIC,Lupinus bicolor,Native,Forb,Native,CalFlora,C4,3,C,4,BORR,Drought,rgr_v_FM,0.06584436445998827
C4.LUPBIC.1,LUPBIC,Lupinus bicolor,Native,Forb,Native,CalFlora,C4,3,C,4,BORR,Drought,rgr_v_MA,0.10578664933328552
C4.LUPBIC.1,LUPBIC,Lupinus bicolor,Native,Forb,Native,CalFlora,C4,3,C,4,BORR,Drought,rgr_v_AM,-0.00730010828387328
C4.LUPBIC.1,LUPBIC,Lupinus bicolor,Native,Forb,Native,CalFlora,C4,3,C,4,BORR,Drought,rgr_v_MJ,NA
A2.CAUCOU.1,CAUCOU,Caulanthus coulteri,Native,Forb,Native,CalFlora,A2,1,A,2,WWP,Drought,rgr_v_FM,NA
A2.CAUCOU.1,CAUCOU,Caulanthus coulteri,Native,Forb,Native,CalFlora,A2,1,A,2,WWP,Drought,rgr_v_MA,0.0062921019629771
A2.CAUCOU.1,CAUCOU,Caulanthus coulteri,Native,Forb,Native,CalFlora,A2,1,A,2,WWP,Drought,rgr_v_AM,NA
A2.CAUCOU.1,CAUCOU,Caulanthus coulteri,Native,Forb,Native,CalFlora,A2,1,A,2,WWP,Drought,rgr_v_MJ,NA
A3.TRIHIR.1,TRIHIR,Trifolium hirtum,Non-native,Forb,Limited,Cal IPC,A3,1,A,3,BORR,Drought,rgr_v_FM,0.12091578956275796
A3.TRIHIR.1,TRIHIR,Trifolium hirtum,Non-native,Forb,Limited,Cal IPC,A3,1,A,3,BORR,Drought,rgr_v_MA,0.02248294984028416
A3.TRIHIR.1,TRIHIR,Trifolium hirtum,Non-native,Forb,Limited,Cal IPC,A3,1,A,3,BORR,Drought,rgr_v_AM,NA
A3.TRIHIR.1,TRIHIR,Trifolium hirtum,Non-native,Forb,Limited,Cal IPC,A3,1,A,3,BORR,Drought,rgr_v_MJ,NA
C5.CLAPUR.1,CLAPUR,Clarkia purpurea,Native,Forb,Native,CalFlora,C5,3,C,5,BORR,Drought,rgr_v_FM,0.06868742112841059
C5.CLAPUR.1,CLAPUR,Clarkia purpurea,Native,Forb,Native,CalFlora,C5,3,C,5,BORR,Drought,rgr_v_MA,0.10726834857999444
C5.CLAPUR.1,CLAPUR,Clarkia purpurea,Native,Forb,Native,CalFlora,C5,3,C,5,BORR,Drought,rgr_v_AM,0.05534916061707989
C5.CLAPUR.1,CLAPUR,Clarkia purpurea,Native,Forb,Native,CalFlora,C5,3,C,5,BORR,Drought,rgr_v_MJ,NA
E4.PHATAN.1-E2,PHATAN,Phacelia tanacetifolia,Native,Forb,Native,CalFlora,E4,5,E,4,WWP,Control,rgr_v_FM,NA
E4.PHATAN.1-E2,PHATAN,Phacelia tanacetifolia,Native,Forb,Native,CalFlora,E4,5,E,4,WWP,Control,rgr_v_MA,-0.00739160083179134
E4.PHATAN.1-E2,PHATAN,Phacelia tanacetifolia,Native,Forb,Native,CalFlora,E4,5,E,4,WWP,Control,rgr_v_AM,NA
E4.PHATAN.1-E2,PHATAN,Phacelia tanacetifolia,Native,Forb,Native,CalFlora,E4,5,E,4,WWP,Control,rgr_v_MJ,NA
G6.ESCCAL.1,ESCCAL,Eschscholzia californica,Native,Forb,Native,CalFlora,G6,2,G,6,ANGELO,Control,rgr_v_FM,0.08323280095459115
G6.ESCCAL.1,ESCCAL,Eschscholzia californica,Native,Forb,Native,CalFlora,G6,2,G,6,ANGELO,Control,rgr_v_MA,0.1042506266768232
G6.ESCCAL.1,ESCCAL,Eschscholzia californica,Native,Forb,Native,CalFlora,G6,2,G,6,ANGELO,Control,rgr_v_AM,0.04975449767756255
G6.ESCCAL.1,ESCCAL,Eschscholzia californica,Native,Forb,Native,CalFlora,G6,2,G,6,ANGELO,Control,rgr_v_MJ,-0.30487535506171415
H6.DAUPUS.1,DAUPUS,Daucus pusillus,Native,Forb,Native,CalFlora,H6,3,H,6,ANGELO,Control,rgr_v_FM,0.07965026751031809
H6.DAUPUS.1,DAUPUS,Daucus pusillus,Native,Forb,Native,CalFlora,H6,3,H,6,ANGELO,Control,rgr_v_MA,0.06929992020765312
H6.DAUPUS.1,DAUPUS,Daucus pusillus,Native,Forb,Native,CalFlora,H6,3,H,6,ANGELO,Control,rgr_v_AM,-0.01286908075981207
H6.DAUPUS.1,DAUPUS,Daucus pusillus,Native,Forb,Native,CalFlora,H6,3,H,6,ANGELO,Control,rgr_v_MJ,NA
J3.PLAERE.1,PLAERE,Plantago erecta,Native,Forb,Native,CalFlora,J3,5,J,3,MCL,Drought,rgr_v_FM,-0.01422373112271966
J3.PLAERE.1,PLAERE,Plantago erecta,Native,Forb,Native,CalFlora,J3,5,J,3,MCL,Drought,rgr_v_MA,0.05335006503749974
J3.PLAERE.1,PLAERE,Plantago erecta,Native,Forb,Native,CalFlora,J3,5,J,3,MCL,Drought,rgr_v_AM,NA
J3.PLAERE.1,PLAERE,Plantago erecta,Native,Forb,Native,CalFlora,J3,5,J,3,MCL,Drought,rgr_v_MJ,NA
A7.AVEFAT.1,AVEFAT,Avena fatua,Non-native,Grass,Moderate,Cal IPC,A7,1,A,7,SEDG,Drought,rgr_v_FM,NA
A7.AVEFAT.1,AVEFAT,Avena fatua,Non-native,Grass,Moderate,Cal IPC,A7,1,A,7,SEDG,Drought,rgr_v_MA,0.1311625835397455
A7.AVEFAT.1,AVEFAT,Avena fatua,Non-native,Grass,Moderate,Cal IPC,A7,1,A,7,SEDG,Drought,rgr_v_AM,0.03702329369277096
A7.AVEFAT.1,AVEFAT,Avena fatua,Non-native,Grass,Moderate,Cal IPC,A7,1,A,7,SEDG,Drought,rgr_v_MJ,NA
C2.AVEFAT.1,AVEFAT,Avena fatua,Non-native,Grass,Moderate,Cal IPC,C2,3,C,2,SEDG,Drought,rgr_v_FM,NA
C2.AVEFAT.1,AVEFAT,Avena fatua,Non-native,Grass,Moderate,Cal IPC,C2,3,C,2,SEDG,Drought,rgr_v_MA,0.05811480087229637
C2.AVEFAT.1,AVEFAT,Avena fatua,Non-native,Grass,Moderate,Cal IPC,C2,3,C,2,SEDG,Drought,rgr_v_AM,-0.00555111181820322
C2.AVEFAT.1,AVEFAT,Avena fatua,Non-native,Grass,Moderate,Cal IPC,C2,3,C,2,SEDG,Drought,rgr_v_MJ,NA
I5.BRODIA.1,BRODIA,Bromus diandrus,Non-native,Grass,Moderate,Cal IPC,I5,4,I,5,ANGELO,Drought,rgr_v_FM,NA
I5.BRODIA.1,BRODIA,Bromus diandrus,Non-native,Grass,Moderate,Cal IPC,I5,4,I,5,ANGELO,Drought,rgr_v_MA,0.05892206392163315
I5.BRODIA.1,BRODIA,Bromus diandrus,Non-native,Grass,Moderate,Cal IPC,I5,4,I,5,ANGELO,Drought,rgr_v_AM,0.1038224014209249
I5.BRODIA.1,BRODIA,Bromus diandrus,Non-native,Grass,Moderate,Cal IPC,I5,4,I,5,ANGELO,Drought,rgr_v_MJ,NA
C4.CLAPUR.1,CLAPUR,Clarkia purpurea,Native,Forb,Native,CalFlora,C4,3,C,4,BORR,Drought,rgr_v_FM,0.10593229167583015
C4.CLAPUR.1,CLAPUR,Clarkia purpurea,Native,Forb,Native,CalFlora,C4,3,C,4,BORR,Drought,rgr_v_MA,0.09114697111983036
C4.CLAPUR.1,CLAPUR,Clarkia purpurea,Native,Forb,Native,CalFlora,C4,3,C,4,BORR,Drought,rgr_v_AM,0.00743268427698435
C4.CLAPUR.1,CLAPUR,Clarkia purpurea,Native,Forb,Native,CalFlora,C4,3,C,4,BORR,Drought,rgr_v_MJ,NA
A1.DAUPUS.1,DAUPUS,Daucus pusillus,Native,Forb,Native,CalFlora,A1,1,A,1,ANGELO,Drought,rgr_v_FM,3.566612906598235e-4
A1.DAUPUS.1,DAUPUS,Daucus pusillus,Native,Forb,Native,CalFlora,A1,1,A,1,ANGELO,Drought,rgr_v_MA,0.08362565495406041
A1.DAUPUS.1,DAUPUS,Daucus pusillus,Native,Forb,Native,CalFlora,A1,1,A,1,ANGELO,Drought,rgr_v_AM,0.02311105623107959
A1.DAUPUS.1,DAUPUS,Daucus pusillus,Native,Forb,Native,CalFlora,A1,1,A,1,ANGELO,Drought,rgr_v_MJ,NA
A3.AVEBAR.1,AVEBAR,Avena barbata,Non-native,Grass,Moderate,Cal IPC,A3,1,A,3,BORR,Drought,rgr_v_FM,NA
A3.AVEBAR.1,AVEBAR,Avena barbata,Non-native,Grass,Moderate,Cal IPC,A3,1,A,3,BORR,Drought,rgr_v_MA,0.06824149941655025
A3.AVEBAR.1,AVEBAR,Avena barbata,Non-native,Grass,Moderate,Cal IPC,A3,1,A,3,BORR,Drought,rgr_v_AM,0.01373139702838088
A3.AVEBAR.1,AVEBAR,Avena barbata,Non-native,Grass,Moderate,Cal IPC,A3,1,A,3,BORR,Drought,rgr_v_MJ,NA
A4.BROARE.1,BROARE,Bromus arenarius,Non-native,Grass,Non-native,CalFlora,A4,1,A,4,WWP,Drought,rgr_v_FM,NA
A4.BROARE.1,BROARE,Bromus arenarius,Non-native,Grass,Non-native,CalFlora,A4,1,A,4,WWP,Drought,rgr_v_MA,0.06565149759286139
A4.BROARE.1,BROARE,Bromus arenarius,Non-native,Grass,Non-native,CalFlora,A4,1,A,4,WWP,Drought,rgr_v_AM,-0.04086827659957472
A4.BROARE.1,BROARE,Bromus arenarius,Non-native,Grass,Non-native,CalFlora,A4,1,A,4,WWP,Drought,rgr_v_MJ,NA
G2.HOLVIR.1,HOLVIR,Holocarpha virgata,Native,Forb,Native,CalFlora,G2,2,G,2,MCL,Control,rgr_v_FM,0.09413295712416346
G2.HOLVIR.1,HOLVIR,Holocarpha virgata,Native,Forb,Native,CalFlora,G2,2,G,2,MCL,Control,rgr_v_MA,0.05505069394207099
G2.HOLVIR.1,HOLVIR,Holocarpha virgata,Native,Forb,Native,CalFlora,G2,2,G,2,MCL,Control,rgr_v_AM,0.06900289895429035
G2.HOLVIR.1,HOLVIR,Holocarpha virgata,Native,Forb,Native,CalFlora,G2,2,G,2,MCL,Control,rgr_v_MJ,0.04411794988333037
D7.STIPUL.1,STIPUL,Stipa pulchra,Native,Grass,Native,CalFlora,D7,4,D,7,SEDG,Control,rgr_v_FM,NA
D7.STIPUL.1,STIPUL,Stipa pulchra,Native,Grass,Native,CalFlora,D7,4,D,7,SEDG,Control,rgr_v_MA,NA
D7.STIPUL.1,STIPUL,Stipa pulchra,Native,Grass,Native,CalFlora,D7,4,D,7,SEDG,Control,rgr_v_AM,0.0240432569020233
D7.STIPUL.1,STIPUL,Stipa pulchra,Native,Grass,Native,CalFlora,D7,4,D,7,SEDG,Control,rgr_v_MJ,0.12759139413938372
A1.AIRCAR.1,AIRCAR,Aira caryophyllea,Non-native,Grass,Non-native,CalFlora,A1,1,A,1,ANGELO,Drought,rgr_v_FM,0.03382169837971469
A1.AIRCAR.1,AIRCAR,Aira caryophyllea,Non-native,Grass,Non-native,CalFlora,A1,1,A,1,ANGELO,Drought,rgr_v_MA,0.10277713114650736
A1.AIRCAR.1,AIRCAR,Aira caryophyllea,Non-native,Grass,Non-native,CalFlora,A1,1,A,1,ANGELO,Drought,rgr_v_AM,0.02333719499586797
A1.AIRCAR.1,AIRCAR,Aira caryophyllea,Non-native,Grass,Non-native,CalFlora,A1,1,A,1,ANGELO,Drought,rgr_v_MJ,NA
A1.BRODIA.1,BRODIA,Bromus diandrus,Non-native,Grass,Moderate,Cal IPC,A1,1,A,1,ANGELO,Drought,rgr_v_FM,NA
A1.BRODIA.1,BRODIA,Bromus diandrus,Non-native,Grass,Moderate,Cal IPC,A1,1,A,1,ANGELO,Drought,rgr_v_MA,0.11506141759633154
A1.BRODIA.1,BRODIA,Bromus diandrus,Non-native,Grass,Moderate,Cal IPC,A1,1,A,1,ANGELO,Drought,rgr_v_AM,0.07625065958903521
A1.BRODIA.1,BRODIA,Bromus diandrus,Non-native,Grass,Moderate,Cal IPC,A1,1,A,1,ANGELO,Drought,rgr_v_MJ,NA
A1.BROHOR.1,BROHOR,Bromus hordeaceaus,Non-native,Grass,Limited,Cal IPC,A1,1,A,1,ANGELO,Drought,rgr_v_FM,NA
A1.BROHOR.1,BROHOR,Bromus hordeaceaus,Non-native,Grass,Limited,Cal IPC,A1,1,A,1,ANGELO,Drought,rgr_v_MA,0.07829135308123929
A1.BROHOR.1,BROHOR,Bromus hordeaceaus,Non-native,Grass,Limited,Cal IPC,A1,1,A,1,ANGELO,Drought,rgr_v_AM,0.06240923628829124
A1.BROHOR.1,BROHOR,Bromus hordeaceaus,Non-native,Grass,Limited,Cal IPC,A1,1,A,1,ANGELO,Drought,rgr_v_MJ,NA
A1.CLAPUR.1,CLAPUR,Clarkia purpurea,Native,Forb,Native,CalFlora,A1,1,A,1,ANGELO,Drought,rgr_v_FM,0.09445871533125222
A1.CLAPUR.1,CLAPUR,Clarkia purpurea,Native,Forb,Native,CalFlora,A1,1,A,1,ANGELO,Drought,rgr_v_MA,0.1188652119981514
A1.CLAPUR.1,CLAPUR,Clarkia purpurea,Native,Forb,Native,CalFlora,A1,1,A,1,ANGELO,Drought,rgr_v_AM,-0.00765076432531639
A1.CLAPUR.1,CLAPUR,Clarkia purpurea,Native,Forb,Native,CalFlora,A1,1,A,1,ANGELO,Drought,rgr_v_MJ,NA
A1.GALPAR.1,GALPAR,Galium parisiense,Non-native,Forb,Non-native,CalFlora,A1,1,A,1,ANGELO,Drought,rgr_v_FM,NA
A1.GALPAR.1,GALPAR,Galium parisiense,Non-native,Forb,Non-native,CalFlora,A1,1,A,1,ANGELO,Drought,rgr_v_MA,0.09102122555161114
A1.GALPAR.1,GALPAR,Galium parisiense,Non-native,Forb,Non-native,CalFlora,A1,1,A,1,ANGELO,Drought,rgr_v_AM,0.08418239574966187
A1.GALPAR.1,GALPAR,Galium parisiense,Non-native,Forb,Non-native,CalFlora,A1,1,A,1,ANGELO,Drought,rgr_v_MJ,NA
A2.AMSMEN.1,AMSMEN,Amsinckia menziesii,Native,Forb,Native,CalFlora,A2,1,A,2,WWP,Drought,rgr_v_FM,0.08154673857655761
A2.AMSMEN.1,AMSMEN,Amsinckia menziesii,Native,Forb,Native,CalFlora,A2,1,A,2,WWP,Drought,rgr_v_MA,0.12269886210681304
A2.AMSMEN.1,AMSMEN,Amsinckia menziesii,Native,Forb,Native,CalFlora,A2,1,A,2,WWP,Drought,rgr_v_AM,NA
A2.AMSMEN.1,AMSMEN,Amsinckia menziesii,Native,Forb,Native,CalFlora,A2,1,A,2,WWP,Drought,rgr_v_MJ,NA
A2.AVEBAR.1,AVEBAR,Avena barbata,Non-native,Grass,Moderate,Cal IPC,A2,1,A,2,WWP,Drought,rgr_v_FM,NA
A2.AVEBAR.1,AVEBAR,Avena barbata,Non-native,Grass,Moderate,Cal IPC,A2,1,A,2,WWP,Drought,rgr_v_MA,0.07058655726079756
A2.AVEBAR.1,AVEBAR,Avena barbata,Non-native,Grass,Moderate,Cal IPC,A2,1,A,2,WWP,Drought,rgr_v_AM,NA
A2.AVEBAR.1,AVEBAR,Avena barbata,Non-native,Grass,Moderate,Cal IPC,A2,1,A,2,WWP,Drought,rgr_v_MJ,NA
A2.BROARE.1,BROARE,Bromus arenarius,Non-native,Grass,Non-native,CalFlora,A2,1,A,2,WWP,Drought,rgr_v_FM,NA
A2.BROARE.1,BROARE,Bromus arenarius,Non-native,Grass,Non-native,CalFlora,A2,1,A,2,WWP,Drought,rgr_v_MA,0.10550715891352024
A2.BROARE.1,BROARE,Bromus arenarius,Non-native,Grass,Non-native,CalFlora,A2,1,A,2,WWP,Drought,rgr_v_AM,NA
A2.BROARE.1,BROARE,Bromus arenarius,Non-native,Grass,Non-native,CalFlora,A2,1,A,2,WWP,Drought,rgr_v_MJ,NA
A2.BRODIA.1,BRODIA,Bromus diandrus,Non-native,Grass,Moderate,Cal IPC,A2,1,A,2,WWP,Drought,rgr_v_FM,NA
A2.BRODIA.1,BRODIA,Bromus diandrus,Non-native,Grass,Moderate,Cal IPC,A2,1,A,2,WWP,Drought,rgr_v_MA,NA
A2.BRODIA.1,BRODIA,Bromus diandrus,Non-native,Grass,Moderate,Cal IPC,A2,1,A,2,WWP,Drought,rgr_v_AM,NA
A2.BRODIA.1,BRODIA,Bromus diandrus,Non-native,Grass,Moderate,Cal IPC,A2,1,A,2,WWP,Drought,rgr_v_MJ,NA
A2.BROMAD.1,BROMAD,Bromus madritensis,Non-native,Grass,High,Cal IPC,A2,1,A,2,WWP,Drought,rgr_v_FM,NA
A2.BROMAD.1,BROMAD,Bromus madritensis,Non-native,Grass,High,Cal IPC,A2,1,A,2,WWP,Drought,rgr_v_MA,0.00986128486165537
A2.BROMAD.1,BROMAD,Bromus madritensis,Non-native,Grass,High,Cal IPC,A2,1,A,2,WWP,Drought,rgr_v_AM,NA
A2.BROMAD.1,BROMAD,Bromus madritensis,Non-native,Grass,High,Cal IPC,A2,1,A,2,WWP,Drought,rgr_v_MJ,NA
A2.ESCCAL.1,ESCCAL,Eschscholzia californica,Native,Forb,Native,CalFlora,A2,1,A,2,WWP,Drought,rgr_v_FM,0.10907823991077006
A2.ESCCAL.1,ESCCAL,Eschscholzia californica,Native,Forb,Native,CalFlora,A2,1,A,2,WWP,Drought,rgr_v_MA,0.08329950330691113
A2.ESCCAL.1,ESCCAL,Eschscholzia californica,Native,Forb,Native,CalFlora,A2,1,A,2,WWP,Drought,rgr_v_AM,0.03693147086742594
A2.ESCCAL.1,ESCCAL,Eschscholzia californica,Native,Forb,Native,CalFlora,A2,1,A,2,WWP,Drought,rgr_v_MJ,0.02589059717587301
A3.GERDIS.1,GERDIS,Geranium dissectum,Non-native,Forb,Limited,Cal IPC,A3,1,A,3,BORR,Drought,rgr_v_FM,0.10996909194946657
A3.GERDIS.1,GERDIS,Geranium dissectum,Non-native,Forb,Limited,Cal IPC,A3,1,A,3,BORR,Drought,rgr_v_MA,0.09368024894489987
A3.GERDIS.1,GERDIS,Geranium dissectum,Non-native,Forb,Limited,Cal IPC,A3,1,A,3,BORR,Drought,rgr_v_AM,NA
A3.GERDIS.1,GERDIS,Geranium dissectum,Non-native,Forb,Limited,Cal IPC,A3,1,A,3,BORR,Drought,rgr_v_MJ,NA
A3.MADGRA.1,MADGRA,Madia gracilis,Native,Forb,Native,CalFlora,A3,1,A,3,BORR,Drought,rgr_v_FM,0.06006839992185736
A3.MADGRA.1,MADGRA,Madia gracilis,Native,Forb,Native,CalFlora,A3,1,A,3,BORR,Drought,rgr_v_MA,0.06424144346779745
A3.MADGRA.1,MADGRA,Madia gracilis,Native,Forb,Native,CalFlora,A3,1,A,3,BORR,Drought,rgr_v_AM,0.02094467904728672
A3.MADGRA.1,MADGRA,Madia gracilis,Native,Forb,Native,CalFlora,A3,1,A,3,BORR,Drought,rgr_v_MJ,NA
A3.TORARV.1,TORARV,Torilis arvensis,Non-native,Forb,Moderate,Cal IPC,A3,1,A,3,BORR,Drought,rgr_v_FM,0.07684403864966632
A3.TORARV.1,TORARV,Torilis arvensis,Non-native,Forb,Moderate,Cal IPC,A3,1,A,3,BORR,Drought,rgr_v_MA,0.10123555941993248
A3.TORARV.1,TORARV,Torilis arvensis,Non-native,Forb,Moderate,Cal IPC,A3,1,A,3,BORR,Drought,rgr_v_AM,0.05162045364013751
A3.TORARV.1,TORARV,Torilis arvensis,Non-native,Forb,Moderate,Cal IPC,A3,1,A,3,BORR,Drought,rgr_v_MJ,NA
A4.AMSMEN.1,AMSMEN,Amsinckia menziesii,Native,Forb,Native,CalFlora,A4,1,A,4,WWP,Drought,rgr_v_FM,0.14221370777144077
A4.AMSMEN.1,AMSMEN,Amsinckia menziesii,Native,Forb,Native,CalFlora,A4,1,A,4,WWP,Drought,rgr_v_MA,0.07992046192219011
A4.AMSMEN.1,AMSMEN,Amsinckia menziesii,Native,Forb,Native,CalFlora,A4,1,A,4,WWP,Drought,rgr_v_AM,NA
A4.AMSMEN.1,AMSMEN,Amsinckia menziesii,Native,Forb,Native,CalFlora,A4,1,A,4,WWP,Drought,rgr_v_MJ,NA
A4.AVEBAR.1,AVEBAR,Avena barbata,Non-native,Grass,Moderate,Cal IPC,A4,1,A,4,WWP,Drought,rgr_v_FM,NA
A4.AVEBAR.1,AVEBAR,Avena barbata,Non-native,Grass,Moderate,Cal IPC,A4,1,A,4,WWP,Drought,rgr_v_MA,0.09575252376467928
A4.AVEBAR.1,AVEBAR,Avena barbata,Non-native,Grass,Moderate,Cal IPC,A4,1,A,4,WWP,Drought,rgr_v_AM,-0.01248188555717919
A4.AVEBAR.1,AVEBAR,Avena barbata,Non-native,Grass,Moderate,Cal IPC,A4,1,A,4,WWP,Drought,rgr_v_MJ,NA
A4.BROMAD.1,BROMAD,Bromus madritensis,Non-native,Grass,High,Cal IPC,A4,1,A,4,WWP,Drought,rgr_v_FM,NA
A4.BROMAD.1,BROMAD,Bromus madritensis,Non-native,Grass,High,Cal IPC,A4,1,A,4,WWP,Drought,rgr_v_MA,0.07840616737263234
A4.BROMAD.1,BROMAD,Bromus madritensis,Non-native,Grass,High,Cal IPC,A4,1,A,4,WWP,Drought,rgr_v_AM,NA
A4.BROMAD.1,BROMAD,Bromus madritensis,Non-native,Grass,High,Cal IPC,A4,1,A,4,WWP,Drought,rgr_v_MJ,NA
A4.CAUCOU.1,CAUCOU,Caulanthus coulteri,Native,Forb,Native,CalFlora,A4,1,A,4,WWP,Drought,rgr_v_FM,NA
A4.CAUCOU.1,CAUCOU,Caulanthus coulteri,Native,Forb,Native,CalFlora,A4,1,A,4,WWP,Drought,rgr_v_MA,0.10383768908163364
A4.CAUCOU.1,CAUCOU,Caulanthus coulteri,Native,Forb,Native,CalFlora,A4,1,A,4,WWP,Drought,rgr_v_AM,NA
A4.CAUCOU.1,CAUCOU,Caulanthus coulteri,Native,Forb,Native,CalFlora,A4,1,A,4,WWP,Drought,rgr_v_MJ,NA
A4.EROCIC.1,EROCIC,Erodium cicutarium,Non-native,Forb,Non-native,CalFlora,A4,1,A,4,WWP,Drought,rgr_v_FM,0.10398396209828172
A4.EROCIC.1,EROCIC,Erodium cicutarium,Non-native,Forb,Non-native,CalFlora,A4,1,A,4,WWP,Drought,rgr_v_MA,0.08715961065801886
A4.EROCIC.1,EROCIC,Erodium cicutarium,Non-native,Forb,Non-native,CalFlora,A4,1,A,4,WWP,Drought,rgr_v_AM,0.01356010587868384
A4.EROCIC.1,EROCIC,Erodium cicutarium,Non-native,Forb,Non-native,CalFlora,A4,1,A,4,WWP,Drought,rgr_v_MJ,NA
A4.LUPMIC.1,LUPMIC,Lupinus microcarpus,Native,Forb,Native,CalFlora,A4,1,A,4,WWP,Drought,rgr_v_FM,NA
A4.LUPMIC.1,LUPMIC,Lupinus microcarpus,Native,Forb,Native,CalFlora,A4,1,A,4,WWP,Drought,rgr_v_MA,NA
A4.LUPMIC.1,LUPMIC,Lupinus microcarpus,Native,Forb,Native,CalFlora,A4,1,A,4,WWP,Drought,rgr_v_AM,NA
A4.LUPMIC.1,LUPMIC,Lupinus microcarpus,Native,Forb,Native,CalFlora,A4,1,A,4,WWP,Drought,rgr_v_MJ,NA
A4.PHATAN.1,PHATAN,Phacelia tanacetifolia,Native,Forb,Native,CalFlora,A4,1,A,4,WWP,Drought,rgr_v_FM,0.12047651281181213
A4.PHATAN.1,PHATAN,Phacelia tanacetifolia,Native,Forb,Native,CalFlora,A4,1,A,4,WWP,Drought,rgr_v_MA,0.0703512862868878
A4.PHATAN.1,PHATAN,Phacelia tanacetifolia,Native,Forb,Native,CalFlora,A4,1,A,4,WWP,Drought,rgr_v_AM,NA
A4.PHATAN.1,PHATAN,Phacelia tanacetifolia,Native,Forb,Native,CalFlora,A4,1,A,4,WWP,Drought,rgr_v_MJ,NA
A5.AVEBAR.1,AVEBAR,Avena barbata,Non-native,Grass,Moderate,Cal IPC,A5,1,A,5,MCL,Drought,rgr_v_FM,NA
A5.AVEBAR.1,AVEBAR,Avena barbata,Non-native,Grass,Moderate,Cal IPC,A5,1,A,5,MCL,Drought,rgr_v_MA,NA
A5.AVEBAR.1,AVEBAR,Avena barbata,Non-native,Grass,Moderate,Cal IPC,A5,1,A,5,MCL,Drought,rgr_v_AM,0.01519968272576576
A5.AVEBAR.1,AVEBAR,Avena barbata,Non-native,Grass,Moderate,Cal IPC,A5,1,A,5,MCL,Drought,rgr_v_MJ,NA
A5.BROHOR.1,BROHOR,Bromus hordeaceaus,Non-native,Grass,Limited,Cal IPC,A5,1,A,5,MCL,Drought,rgr_v_FM,NA
A5.BROHOR.1,BROHOR,Bromus hordeaceaus,Non-native,Grass,Limited,Cal IPC,A5,1,A,5,MCL,Drought,rgr_v_MA,0.05294871838355217
A5.BROHOR.1,BROHOR,Bromus hordeaceaus,Non-native,Grass,Limited,Cal IPC,A5,1,A,5,MCL,Drought,rgr_v_AM,0.12035960397896887
A5.BROHOR.1,BROHOR,Bromus hordeaceaus,Non-native,Grass,Limited,Cal IPC,A5,1,A,5,MCL,Drought,rgr_v_MJ,NA
A5.BROMAD.1,BROMAD,Bromus madritensis,Non-native,Grass,High,Cal IPC,A5,1,A,5,MCL,Drought,rgr_v_FM,NA
A5.BROMAD.1,BROMAD,Bromus madritensis,Non-native,Grass,High,Cal IPC,A5,1,A,5,MCL,Drought,rgr_v_MA,0.0847850463704264
A5.BROMAD.1,BROMAD,Bromus madritensis,Non-native,Grass,High,Cal IPC,A5,1,A,5,MCL,Drought,rgr_v_AM,NA
A5.BROMAD.1,BROMAD,Bromus madritensis,Non-native,Grass,High,Cal IPC,A5,1,A,5,MCL,Drought,rgr_v_MJ,NA
A5.ELYCAP.1,ELYCAP,Elymus caput-medusae,Non-native,Grass,High,Cal IPC,A5,1,A,5,MCL,Drought,rgr_v_FM,0.01372706899346696
A5.ELYCAP.1,ELYCAP,Elymus caput-medusae,Non-native,Grass,High,Cal IPC,A5,1,A,5,MCL,Drought,rgr_v_MA,0.06370684350040677
A5.ELYCAP.1,ELYCAP,Elymus caput-medusae,Non-native,Grass,High,Cal IPC,A5,1,A,5,MCL,Drought,rgr_v_AM,0.05552710171529779
A5.ELYCAP.1,ELYCAP,Elymus caput-medusae,Non-native,Grass,High,Cal IPC,A5,1,A,5,MCL,Drought,rgr_v_MJ,NA
A5.HOLVIR.1,HOLVIR,Holocarpha virgata,Native,Forb,Native,CalFlora,A5,1,A,5,MCL,Drought,rgr_v_FM,0.09728892711755908
A5.HOLVIR.1,HOLVIR,Holocarpha virgata,Native,Forb,Native,CalFlora,A5,1,A,5,MCL,Drought,rgr_v_MA,0.08289239925122195
A5.HOLVIR.1,HOLVIR,Holocarpha virgata,Native,Forb,Native,CalFlora,A5,1,A,5,MCL,Drought,rgr_v_AM,0.08536995409928694
A5.HOLVIR.1,HOLVIR,Holocarpha virgata,Native,Forb,Native,CalFlora,A5,1,A,5,MCL,Drought,rgr_v_MJ,0.09112071910804607
A5.LUPBIC.1,LUPBIC,Lupinus bicolor,Native,Forb,Native,CalFlora,A5,1,A,5,MCL,Drought,rgr_v_FM,0.03202459489216248
A5.LUPBIC.1,LUPBIC,Lupinus bicolor,Native,Forb,Native,CalFlora,A5,1,A,5,MCL,Drought,rgr_v_MA,0.09776533127775222
A5.LUPBIC.1,LUPBIC,Lupinus bicolor,Native,Forb,Native,CalFlora,A5,1,A,5,MCL,Drought,rgr_v_AM,NA
A5.LUPBIC.1,LUPBIC,Lupinus bicolor,Native,Forb,Native,CalFlora,A5,1,A,5,MCL,Drought,rgr_v_MJ,NA
A5.MICCAL.1,MICCAL,Micropus californicus,Native,Forb,Native,CalFlora,A5,1,A,5,MCL,Drought,rgr_v_FM,0.0838722999833001
A5.MICCAL.1,MICCAL,Micropus californicus,Native,Forb,Native,CalFlora,A5,1,A,5,MCL,Drought,rgr_v_MA,0.10495776927937528
A5.MICCAL.1,MICCAL,Micropus californicus,Native,Forb,Native,CalFlora,A5,1,A,5,MCL,Drought,rgr_v_AM,NA
A5.MICCAL.1,MICCAL,Micropus californicus,Native,Forb,Native,CalFlora,A5,1,A,5,MCL,Drought,rgr_v_MJ,NA
A5.PLAERE.1,PLAERE,Plantago erecta,Native,Forb,Native,CalFlora,A5,1,A,5,MCL,Drought,rgr_v_FM,0.039579397684789
A5.PLAERE.1,PLAERE,Plantago erecta,Native,Forb,Native,CalFlora,A5,1,A,5,MCL,Drought,rgr_v_MA,0.04544312261899679
A5.PLAERE.1,PLAERE,Plantago erecta,Native,Forb,Native,CalFlora,A5,1,A,5,MCL,Drought,rgr_v_AM,NA
A5.PLAERE.1,PLAERE,Plantago erecta,Native,Forb,Native,CalFlora,A5,1,A,5,MCL,Drought,rgr_v_MJ,NA
A5.TRIHIR.1,TRIHIR,Trifolium hirtum,Non-native,Forb,Limited,Cal IPC,A5,1,A,5,MCL,Drought,rgr_v_FM,NA
A5.TRIHIR.1,TRIHIR,Trifolium hirtum,Non-native,Forb,Limited,Cal IPC,A5,1,A,5,MCL,Drought,rgr_v_MA,0.12879634435887458
A5.TRIHIR.1,TRIHIR,Trifolium hirtum,Non-native,Forb,Limited,Cal IPC,A5,1,A,5,MCL,Drought,rgr_v_AM,0.09891231949230396
A5.TRIHIR.1,TRIHIR,Trifolium hirtum,Non-native,Forb,Limited,Cal IPC,A5,1,A,5,MCL,Drought,rgr_v_MJ,NA
A6.BRODIA.1,BRODIA,Bromus diandrus,Non-native,Grass,Moderate,Cal IPC,A6,1,A,6,SEDG,Drought,rgr_v_FM,NA
A6.BRODIA.1,BRODIA,Bromus diandrus,Non-native,Grass,Moderate,Cal IPC,A6,1,A,6,SEDG,Drought,rgr_v_MA,0.10239917831831992
A6.BRODIA.1,BRODIA,Bromus diandrus,Non-native,Grass,Moderate,Cal IPC,A6,1,A,6,SEDG,Drought,rgr_v_AM,-0.07329702675878552
A6.BRODIA.1,BRODIA,Bromus diandrus,Non-native,Grass,Moderate,Cal IPC,A6,1,A,6,SEDG,Drought,rgr_v_MJ,NA
A6.BROMAD.1,BROMAD,Bromus madritensis,Non-native,Grass,High,Cal IPC,A6,1,A,6,SEDG,Drought,rgr_v_FM,NA
A6.BROMAD.1,BROMAD,Bromus madritensis,Non-native,Grass,High,Cal IPC,A6,1,A,6,SEDG,Drought,rgr_v_MA,0.10186779445340367
A6.BROMAD.1,BROMAD,Bromus madritensis,Non-native,Grass,High,Cal IPC,A6,1,A,6,SEDG,Drought,rgr_v_AM,NA
A6.BROMAD.1,BROMAD,Bromus madritensis,Non-native,Grass,High,Cal IPC,A6,1,A,6,SEDG,Drought,rgr_v_MJ,NA
A6.CENMEL.1,CENMEL,Centaurea melitensis,Non-native,Forb,Moderate,Cal IPC,A6,1,A,6,SEDG,Drought,rgr_v_FM,0.1271046379993691
A6.CENMEL.1,CENMEL,Centaurea melitensis,Non-native,Forb,Moderate,Cal IPC,A6,1,A,6,SEDG,Drought,rgr_v_MA,0.07696312909132831
A6.CENMEL.1,CENMEL,Centaurea melitensis,Non-native,Forb,Moderate,Cal IPC,A6,1,A,6,SEDG,Drought,rgr_v_AM,0.09544195074958683
A6.CENMEL.1,CENMEL,Centaurea melitensis,Non-native,Forb,Moderate,Cal IPC,A6,1,A,6,SEDG,Drought,rgr_v_MJ,NA
A6.CORFIL.1,CORFIL,Corethrogyne filaginafolia,Native,Forb,Native,CalFlora,A6,1,A,6,SEDG,Drought,rgr_v_FM,0.05302911238783074
A6.CORFIL.1,CORFIL,Corethrogyne filaginafolia,Native,Forb,Native,CalFlora,A6,1,A,6,SEDG,Drought,rgr_v_MA,0.06956413405084703
A6.CORFIL.1,CORFIL,Corethrogyne filaginafolia,Native,Forb,Native,CalFlora,A6,1,A,6,SEDG,Drought,rgr_v_AM,0.07139908688865738
A6.CORFIL.1,CORFIL,Corethrogyne filaginafolia,Native,Forb,Native,CalFlora,A6,1,A,6,SEDG,Drought,rgr_v_MJ,-0.0364709314630776
A7.BRODIA.1,BRODIA,Bromus diandrus,Non-native,Grass,Moderate,Cal IPC,A7,1,A,7,SEDG,Drought,rgr_v_FM,NA
A7.BRODIA.1,BRODIA,Bromus diandrus,Non-native,Grass,Moderate,Cal IPC,A7,1,A,7,SEDG,Drought,rgr_v_MA,0.08973278062026475
A7.BRODIA.1,BRODIA,Bromus diandrus,Non-native,Grass,Moderate,Cal IPC,A7,1,A,7,SEDG,Drought,rgr_v_AM,-0.05921368528895456
A7.BRODIA.1,BRODIA,Bromus diandrus,Non-native,Grass,Moderate,Cal IPC,A7,1,A,7,SEDG,Drought,rgr_v_MJ,NA
A7.BROMAD.1,BROMAD,Bromus madritensis,Non-native,Grass,High,Cal IPC,A7,1,A,7,SEDG,Drought,rgr_v_FM,NA
A7.BROMAD.1,BROMAD,Bromus madritensis,Non-native,Grass,High,Cal IPC,A7,1,A,7,SEDG,Drought,rgr_v_MA,0.06012519278410638
A7.BROMAD.1,BROMAD,Bromus madritensis,Non-native,Grass,High,Cal IPC,A7,1,A,7,SEDG,Drought,rgr_v_AM,NA
A7.BROMAD.1,BROMAD,Bromus madritensis,Non-native,Grass,High,Cal IPC,A7,1,A,7,SEDG,Drought,rgr_v_MJ,NA
A7.CENMEL.1,CENMEL,Centaurea melitensis,Non-native,Forb,Moderate,Cal IPC,A7,1,A,7,SEDG,Drought,rgr_v_FM,0.13168172301776002
A7.CENMEL.1,CENMEL,Centaurea melitensis,Non-native,Forb,Moderate,Cal IPC,A7,1,A,7,SEDG,Drought,rgr_v_MA,0.05478297302766383
A7.CENMEL.1,CENMEL,Centaurea melitensis,Non-native,Forb,Moderate,Cal IPC,A7,1,A,7,SEDG,Drought,rgr_v_AM,0.11177595856448862
A7.CENMEL.1,CENMEL,Centaurea melitensis,Non-native,Forb,Moderate,Cal IPC,A7,1,A,7,SEDG,Drought,rgr_v_MJ,NA
A7.CORFIL.1,CORFIL,Corethrogyne filaginafolia,Native,Forb,Native,CalFlora,A7,1,A,7,SEDG,Drought,rgr_v_FM,0.02982749784436567
A7.CORFIL.1,CORFIL,Corethrogyne filaginafolia,Native,Forb,Native,CalFlora,A7,1,A,7,SEDG,Drought,rgr_v_MA,0.0496245087697211
A7.CORFIL.1,CORFIL,Corethrogyne filaginafolia,Native,Forb,Native,CalFlora,A7,1,A,7,SEDG,Drought,rgr_v_AM,0.04716865870518028
A7.CORFIL.1,CORFIL,Corethrogyne filaginafolia,Native,Forb,Native,CalFlora,A7,1,A,7,SEDG,Drought,rgr_v_MJ,0.0051697149102142
A7.ESCCAL.1,ESCCAL,Eschscholzia californica,Native,Forb,Native,CalFlora,A7,1,A,7,SEDG,Drought,rgr_v_FM,0.06760051156062741
A7.ESCCAL.1,ESCCAL,Eschscholzia californica,Native,Forb,Native,CalFlora,A7,1,A,7,SEDG,Drought,rgr_v_MA,0.00973569763273624
A7.ESCCAL.1,ESCCAL,Eschscholzia californica,Native,Forb,Native,CalFlora,A7,1,A,7,SEDG,Drought,rgr_v_AM,0.02749456755108739
A7.ESCCAL.1,ESCCAL,Eschscholzia californica,Native,Forb,Native,CalFlora,A7,1,A,7,SEDG,Drought,rgr_v_MJ,NA
A7.STIPUL.1,STIPUL,Stipa pulchra,Native,Grass,Native,CalFlora,A7,1,A,7,SEDG,Drought,rgr_v_FM,NA
A7.STIPUL.1,STIPUL,Stipa pulchra,Native,Grass,Native,CalFlora,A7,1,A,7,SEDG,Drought,rgr_v_MA,0.02130901564889232
A7.STIPUL.1,STIPUL,Stipa pulchra,Native,Grass,Native,CalFlora,A7,1,A,7,SEDG,Drought,rgr_v_AM,0.03560274296305241
A7.STIPUL.1,STIPUL,Stipa pulchra,Native,Grass,Native,CalFlora,A7,1,A,7,SEDG,Drought,rgr_v_MJ,0.04651977874717098
A8.BRODIA.1,BRODIA,Bromus diandrus,Non-native,Grass,Moderate,Cal IPC,A8,1,A,8,MCL,Drought,rgr_v_FM,NA
A8.BRODIA.1,BRODIA,Bromus diandrus,Non-native,Grass,Moderate,Cal IPC,A8,1,A,8,MCL,Drought,rgr_v_MA,0.06776800017115314
A8.BRODIA.1,BRODIA,Bromus diandrus,Non-native,Grass,Moderate,Cal IPC,A8,1,A,8,MCL,Drought,rgr_v_AM,0.01888638051733302
A8.BRODIA.1,BRODIA,Bromus diandrus,Non-native,Grass,Moderate,Cal IPC,A8,1,A,8,MCL,Drought,rgr_v_MJ,NA
A8.BROHOR.1,BROHOR,Bromus hordeaceaus,Non-native,Grass,Limited,Cal IPC,A8,1,A,8,MCL,Drought,rgr_v_FM,NA
A8.BROHOR.1,BROHOR,Bromus hordeaceaus,Non-native,Grass,Limited,Cal IPC,A8,1,A,8,MCL,Drought,rgr_v_MA,0.0893975117921284
A8.BROHOR.1,BROHOR,Bromus hordeaceaus,Non-native,Grass,Limited,Cal IPC,A8,1,A,8,MCL,Drought,rgr_v_AM,0.05387064747128221
A8.BROHOR.1,BROHOR,Bromus hordeaceaus,Non-native,Grass,Limited,Cal IPC,A8,1,A,8,MCL,Drought,rgr_v_MJ,NA
A8.BROMAD.1,BROMAD,Bromus madritensis,Non-native,Grass,High,Cal IPC,A8,1,A,8,MCL,Drought,rgr_v_FM,NA
A8.BROMAD.1,BROMAD,Bromus madritensis,Non-native,Grass,High,Cal IPC,A8,1,A,8,MCL,Drought,rgr_v_MA,0.07636357483634153
A8.BROMAD.1,BROMAD,Bromus madritensis,Non-native,Grass,High,Cal IPC,A8,1,A,8,MCL,Drought,rgr_v_AM,NA
A8.BROMAD.1,BROMAD,Bromus madritensis,Non-native,Grass,High,Cal IPC,A8,1,A,8,MCL,Drought,rgr_v_MJ,NA
A8.ELYCAP.1,ELYCAP,Elymus caput-medusae,Non-native,Grass,High,Cal IPC,A8,1,A,8,MCL,Drought,rgr_v_FM,0.03179112914846556
A8.ELYCAP.1,ELYCAP,Elymus caput-medusae,Non-native,Grass,High,Cal IPC,A8,1,A,8,MCL,Drought,rgr_v_MA,0.04899448544641585
A8.ELYCAP.1,ELYCAP,Elymus caput-medusae,Non-native,Grass,High,Cal IPC,A8,1,A,8,MCL,Drought,rgr_v_AM,0.06961456728705336
A8.ELYCAP.1,ELYCAP,Elymus caput-medusae,Non-native,Grass,High,Cal IPC,A8,1,A,8,MCL,Drought,rgr_v_MJ,NA
A8.EROBOT.1,EROBOT,Erodium botrys,Non-native,Forb,Non-native,CalFlora,A8,1,A,8,MCL,Drought,rgr_v_FM,NA
A8.EROBOT.1,EROBOT,Erodium botrys,Non-native,Forb,Non-native,CalFlora,A8,1,A,8,MCL,Drought,rgr_v_MA,NA
A8.EROBOT.1,EROBOT,Erodium botrys,Non-native,Forb,Non-native,CalFlora,A8,1,A,8,MCL,Drought,rgr_v_AM,0.08396014553905158
A8.EROBOT.1,EROBOT,Erodium botrys,Non-native,Forb,Non-native,CalFlora,A8,1,A,8,MCL,Drought,rgr_v_MJ,NA
A8.HOLVIR.1,HOLVIR,Holocarpha virgata,Native,Forb,Native,CalFlora,A8,1,A,8,MCL,Drought,rgr_v_FM,0.10498353233529044
A8.HOLVIR.1,HOLVIR,Holocarpha virgata,Native,Forb,Native,CalFlora,A8,1,A,8,MCL,Drought,rgr_v_MA,0.08629733768113237
A8.HOLVIR.1,HOLVIR,Holocarpha virgata,Native,Forb,Native,CalFlora,A8,1,A,8,MCL,Drought,rgr_v_AM,0.0714270206365715
A8.HOLVIR.1,HOLVIR,Holocarpha virgata,Native,Forb,Native,CalFlora,A8,1,A,8,MCL,Drought,rgr_v_MJ,0.10916679789382253
B1.AVEBAR.1,AVEBAR,Avena barbata,Non-native,Grass,Moderate,Cal IPC,B1,2,B,1,BORR,Drought,rgr_v_FM,NA
B1.AVEBAR.1,AVEBAR,Avena barbata,Non-native,Grass,Moderate,Cal IPC,B1,2,B,1,BORR,Drought,rgr_v_MA,0.07212395173360743
B1.AVEBAR.1,AVEBAR,Avena barbata,Non-native,Grass,Moderate,Cal IPC,B1,2,B,1,BORR,Drought,rgr_v_AM,0.03357009305957175
B1.AVEBAR.1,AVEBAR,Avena barbata,Non-native,Grass,Moderate,Cal IPC,B1,2,B,1,BORR,Drought,rgr_v_MJ,NA
B1.BRODIA.1,BRODIA,Bromus diandrus,Non-native,Grass,Moderate,Cal IPC,B1,2,B,1,BORR,Drought,rgr_v_FM,NA
B1.BRODIA.1,BRODIA,Bromus diandrus,Non-native,Grass,Moderate,Cal IPC,B1,2,B,1,BORR,Drought,rgr_v_MA,0.12601713382668372
B1.BRODIA.1,BRODIA,Bromus diandrus,Non-native,Grass,Moderate,Cal IPC,B1,2,B,1,BORR,Drought,rgr_v_AM,NA
B1.BRODIA.1,BRODIA,Bromus diandrus,Non-native,Grass,Moderate,Cal IPC,B1,2,B,1,BORR,Drought,rgr_v_MJ,NA
B1.BROHOR.1,BROHOR,Bromus hordeaceaus,Non-native,Grass,Limited,Cal IPC,B1,2,B,1,BORR,Drought,rgr_v_FM,NA
B1.BROHOR.1,BROHOR,Bromus hordeaceaus,Non-native,Grass,Limited,Cal IPC,B1,2,B,1,BORR,Drought,rgr_v_MA,0.10977554301486464
B1.BROHOR.1,BROHOR,Bromus hordeaceaus,Non-native,Grass,Limited,Cal IPC,B1,2,B,1,BORR,Drought,rgr_v_AM,0.00300906308648246
B1.BROHOR.1,BROHOR,Bromus hordeaceaus,Non-native,Grass,Limited,Cal IPC,B1,2,B,1,BORR,Drought,rgr_v_MJ,NA
B1.DAUPUS.1,DAUPUS,Daucus pusillus,Native,Forb,Native,CalFlora,B1,2,B,1,BORR,Drought,rgr_v_FM,0.03443202862452161
B1.DAUPUS.1,DAUPUS,Daucus pusillus,Native,Forb,Native,CalFlora,B1,2,B,1,BORR,Drought,rgr_v_MA,0.10791214812072764
B1.DAUPUS.1,DAUPUS,Daucus pusillus,Native,Forb,Native,CalFlora,B1,2,B,1,BORR,Drought,rgr_v_AM,-0.0274629326129317
B1.DAUPUS.1,DAUPUS,Daucus pusillus,Native,Forb,Native,CalFlora,B1,2,B,1,BORR,Drought,rgr_v_MJ,NA
B1.EROBOT.1,EROBOT,Erodium botrys,Non-native,Forb,Non-native,CalFlora,B1,2,B,1,BORR,Drought,rgr_v_FM,NA
B1.EROBOT.1,EROBOT,Erodium botrys,Non-native,Forb,Non-native,CalFlora,B1,2,B,1,BORR,Drought,rgr_v_MA,0.10245344621941056
B1.EROBOT.1,EROBOT,Erodium botrys,Non-native,Forb,Non-native,CalFlora,B1,2,B,1,BORR,Drought,rgr_v_AM,NA
B1.EROBOT.1,EROBOT,Erodium botrys,Non-native,Forb,Non-native,CalFlora,B1,2,B,1,BORR,Drought,rgr_v_MJ,NA
B1.GERDIS.1,GERDIS,Geranium dissectum,Non-native,Forb,Limited,Cal IPC,B1,2,B,1,BORR,Drought,rgr_v_FM,0.10107564663504896
B1.GERDIS.1,GERDIS,Geranium dissectum,Non-native,Forb,Limited,Cal IPC,B1,2,B,1,BORR,Drought,rgr_v_MA,0.09131798807625024
B1.GERDIS.1,GERDIS,Geranium dissectum,Non-native,Forb,Limited,Cal IPC,B1,2,B,1,BORR,Drought,rgr_v_AM,NA
B1.GERDIS.1,GERDIS,Geranium dissectum,Non-native,Forb,Limited,Cal IPC,B1,2,B,1,BORR,Drought,rgr_v_MJ,NA
B1.MADGRA.1,MADGRA,Madia gracilis,Native,Forb,Native,CalFlora,B1,2,B,1,BORR,Drought,rgr_v_FM,0.10179780978975483
B1.MADGRA.1,MADGRA,Madia gracilis,Native,Forb,Native,CalFlora,B1,2,B,1,BORR,Drought,rgr_v_MA,0.03651193403010148
B1.MADGRA.1,MADGRA,Madia gracilis,Native,Forb,Native,CalFlora,B1,2,B,1,BORR,Drought,rgr_v_AM,0.0469692162626726
B1.MADGRA.1,MADGRA,Madia gracilis,Native,Forb,Native,CalFlora,B1,2,B,1,BORR,Drought,rgr_v_MJ,NA
B1.TRIHIR.1,TRIHIR,Trifolium hirtum,Non-native,Forb,Limited,Cal IPC,B1,2,B,1,BORR,Drought,rgr_v_FM,NA
B1.TRIHIR.1,TRIHIR,Trifolium hirtum,Non-native,Forb,Limited,Cal IPC,B1,2,B,1,BORR,Drought,rgr_v_MA,NA
B1.TRIHIR.1,TRIHIR,Trifolium hirtum,Non-native,Forb,Limited,Cal IPC,B1,2,B,1,BORR,Drought,rgr_v_AM,NA
B1.TRIHIR.1,TRIHIR,Trifolium hirtum,Non-native,Forb,Limited,Cal IPC,B1,2,B,1,BORR,Drought,rgr_v_MJ,NA
B1.VICSAT.1,VICSAT,Vicia sativa,Non-native,Forb,Non-native,CalFlora,B1,2,B,1,BORR,Drought,rgr_v_FM,0.05906397671761516
B1.VICSAT.1,VICSAT,Vicia sativa,Non-native,Forb,Non-native,CalFlora,B1,2,B,1,BORR,Drought,rgr_v_MA,0.08661272338071883
B1.VICSAT.1,VICSAT,Vicia sativa,Non-native,Forb,Non-native,CalFlora,B1,2,B,1,BORR,Drought,rgr_v_AM,NA
B1.VICSAT.1,VICSAT,Vicia sativa,Non-native,Forb,Non-native,CalFlora,B1,2,B,1,BORR,Drought,rgr_v_MJ,NA
B2.BRODIA.1,BRODIA,Bromus diandrus,Non-native,Grass,Moderate,Cal IPC,B2,2,B,2,MCL,Drought,rgr_v_FM,NA
B2.BRODIA.1,BRODIA,Bromus diandrus,Non-native,Grass,Moderate,Cal IPC,B2,2,B,2,MCL,Drought,rgr_v_MA,0.12915869372601116
B2.BRODIA.1,BRODIA,Bromus diandrus,Non-native,Grass,Moderate,Cal IPC,B2,2,B,2,MCL,Drought,rgr_v_AM,NA
B2.BRODIA.1,BRODIA,Bromus diandrus,Non-native,Grass,Moderate,Cal IPC,B2,2,B,2,MCL,Drought,rgr_v_MJ,NA
B2.BROHOR.1,BROHOR,Bromus hordeaceaus,Non-native,Grass,Limited,Cal IPC,B2,2,B,2,MCL,Drought,rgr_v_FM,NA
B2.BROHOR.1,BROHOR,Bromus hordeaceaus,Non-native,Grass,Limited,Cal IPC,B2,2,B,2,MCL,Drought,rgr_v_MA,0.09069245063942288
B2.BROHOR.1,BROHOR,Bromus hordeaceaus,Non-native,Grass,Limited,Cal IPC,B2,2,B,2,MCL,Drought,rgr_v_AM,0.09541062086786346
B2.BROHOR.1,BROHOR,Bromus hordeaceaus,Non-native,Grass,Limited,Cal IPC,B2,2,B,2,MCL,Drought,rgr_v_MJ,NA
B2.ELYCAP.1,ELYCAP,Elymus caput-medusae,Non-native,Grass,High,Cal IPC,B2,2,B,2,MCL,Drought,rgr_v_FM,0.05465028358673338
B2.ELYCAP.1,ELYCAP,Elymus caput-medusae,Non-native,Grass,High,Cal IPC,B2,2,B,2,MCL,Drought,rgr_v_MA,0.06199395475729847
B2.ELYCAP.1,ELYCAP,Elymus caput-medusae,Non-native,Grass,High,Cal IPC,B2,2,B,2,MCL,Drought,rgr_v_AM,-9.863651111832183e-4
B2.ELYCAP.1,ELYCAP,Elymus caput-medusae,Non-native,Grass,High,Cal IPC,B2,2,B,2,MCL,Drought,rgr_v_MJ,NA
B2.HOLVIR.1,HOLVIR,Holocarpha virgata,Native,Forb,Native,CalFlora,B2,2,B,2,MCL,Drought,rgr_v_FM,0.14143878170757665
B2.HOLVIR.1,HOLVIR,Holocarpha virgata,Native,Forb,Native,CalFlora,B2,2,B,2,MCL,Drought,rgr_v_MA,0.0936393927237798
B2.HOLVIR.1,HOLVIR,Holocarpha virgata,Native,Forb,Native,CalFlora,B2,2,B,2,MCL,Drought,rgr_v_AM,0.07848447844738903
B2.HOLVIR.1,HOLVIR,Holocarpha virgata,Native,Forb,Native,CalFlora,B2,2,B,2,MCL,Drought,rgr_v_MJ,0.04489148907140351
B2.MICCAL.1,MICCAL,Micropus californicus,Native,Forb,Native,CalFlora,B2,2,B,2,MCL,Drought,rgr_v_FM,0.08522149308450734
B2.MICCAL.1,MICCAL,Micropus californicus,Native,Forb,Native,CalFlora,B2,2,B,2,MCL,Drought,rgr_v_MA,0.10152377167060174
B2.MICCAL.1,MICCAL,Micropus californicus,Native,Forb,Native,CalFlora,B2,2,B,2,MCL,Drought,rgr_v_AM,NA
B2.MICCAL.1,MICCAL,Micropus californicus,Native,Forb,Native,CalFlora,B2,2,B,2,MCL,Drought,rgr_v_MJ,NA
B2.PLAERE.1,PLAERE,Plantago erecta,Native,Forb,Native,CalFlora,B2,2,B,2,MCL,Drought,rgr_v_FM,0.06001607499450016
B2.PLAERE.1,PLAERE,Plantago erecta,Native,Forb,Native,CalFlora,B2,2,B,2,MCL,Drought,rgr_v_MA,0.09090916114557077
B2.PLAERE.1,PLAERE,Plantago erecta,Native,Forb,Native,CalFlora,B2,2,B,2,MCL,Drought,rgr_v_AM,NA
B2.PLAERE.1,PLAERE,Plantago erecta,Native,Forb,Native,CalFlora,B2,2,B,2,MCL,Drought,rgr_v_MJ,NA
B2.TRIHIR.1,TRIHIR,Trifolium hirtum,Non-native,Forb,Limited,Cal IPC,B2,2,B,2,MCL,Drought,rgr_v_FM,0.1815974725337405
B2.TRIHIR.1,TRIHIR,Trifolium hirtum,Non-native,Forb,Limited,Cal IPC,B2,2,B,2,MCL,Drought,rgr_v_MA,0.11049245561332394
B2.TRIHIR.1,TRIHIR,Trifolium hirtum,Non-native,Forb,Limited,Cal IPC,B2,2,B,2,MCL,Drought,rgr_v_AM,0.06166231041979655
B2.TRIHIR.1,TRIHIR,Trifolium hirtum,Non-native,Forb,Limited,Cal IPC,B2,2,B,2,MCL,Drought,rgr_v_MJ,NA
B3.BRODIA.1,BRODIA,Bromus diandrus,Non-native,Grass,Moderate,Cal IPC,B3,2,B,3,SEDG,Drought,rgr_v_FM,NA
B3.BRODIA.1,BRODIA,Bromus diandrus,Non-native,Grass,Moderate,Cal IPC,B3,2,B,3,SEDG,Drought,rgr_v_MA,0.03365697062401397
B3.BRODIA.1,BRODIA,Bromus diandrus,Non-native,Grass,Moderate,Cal IPC,B3,2,B,3,SEDG,Drought,rgr_v_AM,-0.06212008056676213
B3.BRODIA.1,BRODIA,Bromus diandrus,Non-native,Grass,Moderate,Cal IPC,B3,2,B,3,SEDG,Drought,rgr_v_MJ,NA
B3.BROMAD.1,BROMAD,Bromus madritensis,Non-native,Grass,High,Cal IPC,B3,2,B,3,SEDG,Drought,rgr_v_FM,NA
B3.BROMAD.1,BROMAD,Bromus madritensis,Non-native,Grass,High,Cal IPC,B3,2,B,3,SEDG,Drought,rgr_v_MA,0.07180790373779716
B3.BROMAD.1,BROMAD,Bromus madritensis,Non-native,Grass,High,Cal IPC,B3,2,B,3,SEDG,Drought,rgr_v_AM,NA
B3.BROMAD.1,BROMAD,Bromus madritensis,Non-native,Grass,High,Cal IPC,B3,2,B,3,SEDG,Drought,rgr_v_MJ,NA
B3.CENMEL.1,CENMEL,Centaurea melitensis,Non-native,Forb,Moderate,Cal IPC,B3,2,B,3,SEDG,Drought,rgr_v_FM,0.18423341824547831
B3.CENMEL.1,CENMEL,Centaurea melitensis,Non-native,Forb,Moderate,Cal IPC,B3,2,B,3,SEDG,Drought,rgr_v_MA,0.06034473315541049
B3.CENMEL.1,CENMEL,Centaurea melitensis,Non-native,Forb,Moderate,Cal IPC,B3,2,B,3,SEDG,Drought,rgr_v_AM,0.06837517580579344
B3.CENMEL.1,CENMEL,Centaurea melitensis,Non-native,Forb,Moderate,Cal IPC,B3,2,B,3,SEDG,Drought,rgr_v_MJ,NA
B3.CORFIL.1,CORFIL,Corethrogyne filaginafolia,Native,Forb,Native,CalFlora,B3,2,B,3,SEDG,Drought,rgr_v_FM,0.08834026520428029
B3.CORFIL.1,CORFIL,Corethrogyne filaginafolia,Native,Forb,Native,CalFlora,B3,2,B,3,SEDG,Drought,rgr_v_MA,0.08056637959166321
B3.CORFIL.1,CORFIL,Corethrogyne filaginafolia,Native,Forb,Native,CalFlora,B3,2,B,3,SEDG,Drought,rgr_v_AM,0.01229956339911277
B3.CORFIL.1,CORFIL,Corethrogyne filaginafolia,Native,Forb,Native,CalFlora,B3,2,B,3,SEDG,Drought,rgr_v_MJ,0.06307105156192412
B3.EROCIC.1,EROCIC,Erodium cicutarium,Non-native,Forb,Non-native,CalFlora,B3,2,B,3,SEDG,Drought,rgr_v_FM,0.19803459268308557
B3.EROCIC.1,EROCIC,Erodium cicutarium,Non-native,Forb,Non-native,CalFlora,B3,2,B,3,SEDG,Drought,rgr_v_MA,0.11094674669763004
B3.EROCIC.1,EROCIC,Erodium cicutarium,Non-native,Forb,Non-native,CalFlora,B3,2,B,3,SEDG,Drought,rgr_v_AM,-0.04673526617350948
B3.EROCIC.1,EROCIC,Erodium cicutarium,Non-native,Forb,Non-native,CalFlora,B3,2,B,3,SEDG,Drought,rgr_v_MJ,NA
B3.MICCAL.1,MICCAL,Micropus californicus,Native,Forb,Native,CalFlora,B3,2,B,3,SEDG,Drought,rgr_v_FM,0.12180088427822616
B3.MICCAL.1,MICCAL,Micropus californicus,Native,Forb,Native,CalFlora,B3,2,B,3,SEDG,Drought,rgr_v_MA,0.08716726069838104
B3.MICCAL.1,MICCAL,Micropus californicus,Native,Forb,Native,CalFlora,B3,2,B,3,SEDG,Drought,rgr_v_AM,NA
B3.MICCAL.1,MICCAL,Micropus californicus,Native,Forb,Native,CalFlora,B3,2,B,3,SEDG,Drought,rgr_v_MJ,NA
B3.STIPUL.1,STIPUL,Stipa pulchra,Native,Grass,Native,CalFlora,B3,2,B,3,SEDG,Drought,rgr_v_FM,NA
B3.STIPUL.1,STIPUL,Stipa pulchra,Native,Grass,Native,CalFlora,B3,2,B,3,SEDG,Drought,rgr_v_MA,0.04371625077580193
B3.STIPUL.1,STIPUL,Stipa pulchra,Native,Grass,Native,CalFlora,B3,2,B,3,SEDG,Drought,rgr_v_AM,NA
B3.STIPUL.1,STIPUL,Stipa pulchra,Native,Grass,Native,CalFlora,B3,2,B,3,SEDG,Drought,rgr_v_MJ,NA
B4.BROHOR.1,BROHOR,Bromus hordeaceaus,Non-native,Grass,Limited,Cal IPC,B4,2,B,4,ANGELO,Drought,rgr_v_FM,NA
B4.BROHOR.1,BROHOR,Bromus hordeaceaus,Non-native,Grass,Limited,Cal IPC,B4,2,B,4,ANGELO,Drought,rgr_v_MA,NA
B4.BROHOR.1,BROHOR,Bromus hordeaceaus,Non-native,Grass,Limited,Cal IPC,B4,2,B,4,ANGELO,Drought,rgr_v_AM,NA
B4.BROHOR.1,BROHOR,Bromus hordeaceaus,Non-native,Grass,Limited,Cal IPC,B4,2,B,4,ANGELO,Drought,rgr_v_MJ,NA
B4.CLAPUR.1,CLAPUR,Clarkia purpurea,Native,Forb,Native,CalFlora,B4,2,B,4,ANGELO,Drought,rgr_v_FM,0.09305106034779516
B4.CLAPUR.1,CLAPUR,Clarkia purpurea,Native,Forb,Native,CalFlora,B4,2,B,4,ANGELO,Drought,rgr_v_MA,0.08852960791203499
B4.CLAPUR.1,CLAPUR,Clarkia purpurea,Native,Forb,Native,CalFlora,B4,2,B,4,ANGELO,Drought,rgr_v_AM,NA
B4.CLAPUR.1,CLAPUR,Clarkia purpurea,Native,Forb,Native,CalFlora,B4,2,B,4,ANGELO,Drought,rgr_v_MJ,NA
B4.DAUPUS.1,DAUPUS,Daucus pusillus,Native,Forb,Native,CalFlora,B4,2,B,4,ANGELO,Drought,rgr_v_FM,0.1072089985814136
B4.DAUPUS.1,DAUPUS,Daucus pusillus,Native,Forb,Native,CalFlora,B4,2,B,4,ANGELO,Drought,rgr_v_MA,0.08037357280244171
B4.DAUPUS.1,DAUPUS,Daucus pusillus,Native,Forb,Native,CalFlora,B4,2,B,4,ANGELO,Drought,rgr_v_AM,0.07342947553633195
B4.DAUPUS.1,DAUPUS,Daucus pusillus,Native,Forb,Native,CalFlora,B4,2,B,4,ANGELO,Drought,rgr_v_MJ,NA
B5.AVEBAR.1,AVEBAR,Avena barbata,Non-native,Grass,Moderate,Cal IPC,B5,2,B,5,MCL,Drought,rgr_v_FM,NA
B5.AVEBAR.1,AVEBAR,Avena barbata,Non-native,Grass,Moderate,Cal IPC,B5,2,B,5,MCL,Drought,rgr_v_MA,0.15097041646425038
B5.AVEBAR.1,AVEBAR,Avena barbata,Non-native,Grass,Moderate,Cal IPC,B5,2,B,5,MCL,Drought,rgr_v_AM,-0.03765159245074871
B5.AVEBAR.1,AVEBAR,Avena barbata,Non-native,Grass,Moderate,Cal IPC,B5,2,B,5,MCL,Drought,rgr_v_MJ,NA
B5.BRODIA.1,BRODIA,Bromus diandrus,Non-native,Grass,Moderate,Cal IPC,B5,2,B,5,MCL,Drought,rgr_v_FM,NA
B5.BRODIA.1,BRODIA,Bromus diandrus,Non-native,Grass,Moderate,Cal IPC,B5,2,B,5,MCL,Drought,rgr_v_MA,0.0775319985958958
B5.BRODIA.1,BRODIA,Bromus diandrus,Non-native,Grass,Moderate,Cal IPC,B5,2,B,5,MCL,Drought,rgr_v_AM,0.03490514930184652
B5.BRODIA.1,BRODIA,Bromus diandrus,Non-native,Grass,Moderate,Cal IPC,B5,2,B,5,MCL,Drought,rgr_v_MJ,NA
B5.ELYCAP.1,ELYCAP,Elymus caput-medusae,Non-native,Grass,High,Cal IPC,B5,2,B,5,MCL,Drought,rgr_v_FM,0.02540493455044571
B5.ELYCAP.1,ELYCAP,Elymus caput-medusae,Non-native,Grass,High,Cal IPC,B5,2,B,5,MCL,Drought,rgr_v_MA,0.07767834193839773
B5.ELYCAP.1,ELYCAP,Elymus caput-medusae,Non-native,Grass,High,Cal IPC,B5,2,B,5,MCL,Drought,rgr_v_AM,0.02013531498199901
B5.ELYCAP.1,ELYCAP,Elymus caput-medusae,Non-native,Grass,High,Cal IPC,B5,2,B,5,MCL,Drought,rgr_v_MJ,NA
B5.HOLVIR.1,HOLVIR,Holocarpha virgata,Native,Forb,Native,CalFlora,B5,2,B,5,MCL,Drought,rgr_v_FM,NA
B5.HOLVIR.1,HOLVIR,Holocarpha virgata,Native,Forb,Native,CalFlora,B5,2,B,5,MCL,Drought,rgr_v_MA,NA
B5.HOLVIR.1,HOLVIR,Holocarpha virgata,Native,Forb,Native,CalFlora,B5,2,B,5,MCL,Drought,rgr_v_AM,0.05910026742641136
B5.HOLVIR.1,HOLVIR,Holocarpha virgata,Native,Forb,Native,CalFlora,B5,2,B,5,MCL,Drought,rgr_v_MJ,0.06844656118860816
B5.MICCAL.1,MICCAL,Micropus californicus,Native,Forb,Native,CalFlora,B5,2,B,5,MCL,Drought,rgr_v_FM,0.1088131370515823
B5.MICCAL.1,MICCAL,Micropus californicus,Native,Forb,Native,CalFlora,B5,2,B,5,MCL,Drought,rgr_v_MA,0.10333201303084734
B5.MICCAL.1,MICCAL,Micropus californicus,Native,Forb,Native,CalFlora,B5,2,B,5,MCL,Drought,rgr_v_AM,NA
B5.MICCAL.1,MICCAL,Micropus californicus,Native,Forb,Native,CalFlora,B5,2,B,5,MCL,Drought,rgr_v_MJ,NA
B5.TRIHIR.1,TRIHIR,Trifolium hirtum,Non-native,Forb,Limited,Cal IPC,B5,2,B,5,MCL,Drought,rgr_v_FM,0.13921331546145355
B5.TRIHIR.1,TRIHIR,Trifolium hirtum,Non-native,Forb,Limited,Cal IPC,B5,2,B,5,MCL,Drought,rgr_v_MA,0.1300637071571834
B5.TRIHIR.1,TRIHIR,Trifolium hirtum,Non-native,Forb,Limited,Cal IPC,B5,2,B,5,MCL,Drought,rgr_v_AM,0.05392110532023145
B5.TRIHIR.1,TRIHIR,Trifolium hirtum,Non-native,Forb,Limited,Cal IPC,B5,2,B,5,MCL,Drought,rgr_v_MJ,NA
B6.BRODIA.1,BRODIA,Bromus diandrus,Non-native,Grass,Moderate,Cal IPC,B6,2,B,6,SEDG,Drought,rgr_v_FM,NA
B6.BRODIA.1,BRODIA,Bromus diandrus,Non-native,Grass,Moderate,Cal IPC,B6,2,B,6,SEDG,Drought,rgr_v_MA,0.09216476669932688
B6.BRODIA.1,BRODIA,Bromus diandrus,Non-native,Grass,Moderate,Cal IPC,B6,2,B,6,SEDG,Drought,rgr_v_AM,-0.15809642375541666
B6.BRODIA.1,BRODIA,Bromus diandrus,Non-native,Grass,Moderate,Cal IPC,B6,2,B,6,SEDG,Drought,rgr_v_MJ,NA
B6.CENMEL.1,CENMEL,Centaurea melitensis,Non-native,Forb,Moderate,Cal IPC,B6,2,B,6,SEDG,Drought,rgr_v_FM,0.1562456049599833
B6.CENMEL.1,CENMEL,Centaurea melitensis,Non-native,Forb,Moderate,Cal IPC,B6,2,B,6,SEDG,Drought,rgr_v_MA,0.05417549157694962
B6.CENMEL.1,CENMEL,Centaurea melitensis,Non-native,Forb,Moderate,Cal IPC,B6,2,B,6,SEDG,Drought,rgr_v_AM,0.09797061469633826
B6.CENMEL.1,CENMEL,Centaurea melitensis,Non-native,Forb,Moderate,Cal IPC,B6,2,B,6,SEDG,Drought,rgr_v_MJ,NA
B6.CORFIL.1,CORFIL,Corethrogyne filaginafolia,Native,Forb,Native,CalFlora,B6,2,B,6,SEDG,Drought,rgr_v_FM,0.08877651063716163
B6.CORFIL.1,CORFIL,Corethrogyne filaginafolia,Native,Forb,Native,CalFlora,B6,2,B,6,SEDG,Drought,rgr_v_MA,0.076725536788727
B6.CORFIL.1,CORFIL,Corethrogyne filaginafolia,Native,Forb,Native,CalFlora,B6,2,B,6,SEDG,Drought,rgr_v_AM,0.09338153940191592
B6.CORFIL.1,CORFIL,Corethrogyne filaginafolia,Native,Forb,Native,CalFlora,B6,2,B,6,SEDG,Drought,rgr_v_MJ,-0.05882240654679225
B6.STIPUL.1,STIPUL,Stipa pulchra,Native,Grass,Native,CalFlora,B6,2,B,6,SEDG,Drought,rgr_v_FM,NA
B6.STIPUL.1,STIPUL,Stipa pulchra,Native,Grass,Native,CalFlora,B6,2,B,6,SEDG,Drought,rgr_v_MA,0.02694972740806337
B6.STIPUL.1,STIPUL,Stipa pulchra,Native,Grass,Native,CalFlora,B6,2,B,6,SEDG,Drought,rgr_v_AM,0.08055974110419994
B6.STIPUL.1,STIPUL,Stipa pulchra,Native,Grass,Native,CalFlora,B6,2,B,6,SEDG,Drought,rgr_v_MJ,0.04986248385206222
B7.MADGRA.1,MADGRA,Madia gracilis,Native,Forb,Native,CalFlora,B7,2,B,7,BORR,Drought,rgr_v_FM,0.1149992564502734
B7.MADGRA.1,MADGRA,Madia gracilis,Native,Forb,Native,CalFlora,B7,2,B,7,BORR,Drought,rgr_v_MA,0.03467182265711573
B7.MADGRA.1,MADGRA,Madia gracilis,Native,Forb,Native,CalFlora,B7,2,B,7,BORR,Drought,rgr_v_AM,0.07650744920588504
B7.MADGRA.1,MADGRA,Madia gracilis,Native,Forb,Native,CalFlora,B7,2,B,7,BORR,Drought,rgr_v_MJ,NA
B7.TRIHIR.1,TRIHIR,Trifolium hirtum,Non-native,Forb,Limited,Cal IPC,B7,2,B,7,BORR,Drought,rgr_v_FM,0.07170488074758054
B7.TRIHIR.1,TRIHIR,Trifolium hirtum,Non-native,Forb,Limited,Cal IPC,B7,2,B,7,BORR,Drought,rgr_v_MA,0.13968442735181905
B7.TRIHIR.1,TRIHIR,Trifolium hirtum,Non-native,Forb,Limited,Cal IPC,B7,2,B,7,BORR,Drought,rgr_v_AM,NA
B7.TRIHIR.1,TRIHIR,Trifolium hirtum,Non-native,Forb,Limited,Cal IPC,B7,2,B,7,BORR,Drought,rgr_v_MJ,NA
B8.AMSMEN.1,AMSMEN,Amsinckia menziesii,Native,Forb,Native,CalFlora,B8,2,B,8,WWP,Drought,rgr_v_FM,0.0707637723928217
B8.AMSMEN.1,AMSMEN,Amsinckia menziesii,Native,Forb,Native,CalFlora,B8,2,B,8,WWP,Drought,rgr_v_MA,NA
B8.AMSMEN.1,AMSMEN,Amsinckia menziesii,Native,Forb,Native,CalFlora,B8,2,B,8,WWP,Drought,rgr_v_AM,NA
B8.AMSMEN.1,AMSMEN,Amsinckia menziesii,Native,Forb,Native,CalFlora,B8,2,B,8,WWP,Drought,rgr_v_MJ,NA
B8.AVEBAR.1,AVEBAR,Avena barbata,Non-native,Grass,Moderate,Cal IPC,B8,2,B,8,WWP,Drought,rgr_v_FM,NA
B8.AVEBAR.1,AVEBAR,Avena barbata,Non-native,Grass,Moderate,Cal IPC,B8,2,B,8,WWP,Drought,rgr_v_MA,0.10471774445291589
B8.AVEBAR.1,AVEBAR,Avena barbata,Non-native,Grass,Moderate,Cal IPC,B8,2,B,8,WWP,Drought,rgr_v_AM,0.05289224408708933
B8.AVEBAR.1,AVEBAR,Avena barbata,Non-native,Grass,Moderate,Cal IPC,B8,2,B,8,WWP,Drought,rgr_v_MJ,NA
B8.BROARE.1,BROARE,Bromus arenarius,Non-native,Grass,Non-native,CalFlora,B8,2,B,8,WWP,Drought,rgr_v_FM,NA
B8.BROARE.1,BROARE,Bromus arenarius,Non-native,Grass,Non-native,CalFlora,B8,2,B,8,WWP,Drought,rgr_v_MA,0.08153814254521666
B8.BROARE.1,BROARE,Bromus arenarius,Non-native,Grass,Non-native,CalFlora,B8,2,B,8,WWP,Drought,rgr_v_AM,-0.05562064921731002
B8.BROARE.1,BROARE,Bromus arenarius,Non-native,Grass,Non-native,CalFlora,B8,2,B,8,WWP,Drought,rgr_v_MJ,NA
B8.BRODIA.1,BRODIA,Bromus diandrus,Non-native,Grass,Moderate,Cal IPC,B8,2,B,8,WWP,Drought,rgr_v_FM,NA
B8.BRODIA.1,BRODIA,Bromus diandrus,Non-native,Grass,Moderate,Cal IPC,B8,2,B,8,WWP,Drought,rgr_v_MA,0.13464361572248093
B8.BRODIA.1,BRODIA,Bromus diandrus,Non-native,Grass,Moderate,Cal IPC,B8,2,B,8,WWP,Drought,rgr_v_AM,-0.02851120435905103
B8.BRODIA.1,BRODIA,Bromus diandrus,Non-native,Grass,Moderate,Cal IPC,B8,2,B,8,WWP,Drought,rgr_v_MJ,NA
B8.BROMAD.1,BROMAD,Bromus madritensis,Non-native,Grass,High,Cal IPC,B8,2,B,8,WWP,Drought,rgr_v_FM,NA
B8.BROMAD.1,BROMAD,Bromus madritensis,Non-native,Grass,High,Cal IPC,B8,2,B,8,WWP,Drought,rgr_v_MA,0.05506294779431348
B8.BROMAD.1,BROMAD,Bromus madritensis,Non-native,Grass,High,Cal IPC,B8,2,B,8,WWP,Drought,rgr_v_AM,NA
B8.BROMAD.1,BROMAD,Bromus madritensis,Non-native,Grass,High,Cal IPC,B8,2,B,8,WWP,Drought,rgr_v_MJ,NA
B8.CAUCOU.1,CAUCOU,Caulanthus coulteri,Native,Forb,Native,CalFlora,B8,2,B,8,WWP,Drought,rgr_v_FM,NA
B8.CAUCOU.1,CAUCOU,Caulanthus coulteri,Native,Forb,Native,CalFlora,B8,2,B,8,WWP,Drought,rgr_v_MA,NA
B8.CAUCOU.1,CAUCOU,Caulanthus coulteri,Native,Forb,Native,CalFlora,B8,2,B,8,WWP,Drought,rgr_v_AM,NA
B8.CAUCOU.1,CAUCOU,Caulanthus coulteri,Native,Forb,Native,CalFlora,B8,2,B,8,WWP,Drought,rgr_v_MJ,NA
B8.EROCIC.1,EROCIC,Erodium cicutarium,Non-native,Forb,Non-native,CalFlora,B8,2,B,8,WWP,Drought,rgr_v_FM,0.09601298889626976
B8.EROCIC.1,EROCIC,Erodium cicutarium,Non-native,Forb,Non-native,CalFlora,B8,2,B,8,WWP,Drought,rgr_v_MA,0.11888318591292182
B8.EROCIC.1,EROCIC,Erodium cicutarium,Non-native,Forb,Non-native,CalFlora,B8,2,B,8,WWP,Drought,rgr_v_AM,0.03921148001159466
B8.EROCIC.1,EROCIC,Erodium cicutarium,Non-native,Forb,Non-native,CalFlora,B8,2,B,8,WWP,Drought,rgr_v_MJ,NA
B8.ESCCAL.1,ESCCAL,Eschscholzia californica,Native,Forb,Native,CalFlora,B8,2,B,8,WWP,Drought,rgr_v_FM,0.06376997658791492
B8.ESCCAL.1,ESCCAL,Eschscholzia californica,Native,Forb,Native,CalFlora,B8,2,B,8,WWP,Drought,rgr_v_MA,0.07729433804201981
B8.ESCCAL.1,ESCCAL,Eschscholzia californica,Native,Forb,Native,CalFlora,B8,2,B,8,WWP,Drought,rgr_v_AM,NA
B8.ESCCAL.1,ESCCAL,Eschscholzia californica,Native,Forb,Native,CalFlora,B8,2,B,8,WWP,Drought,rgr_v_MJ,NA
C1.BRODIA.1,BRODIA,Bromus diandrus,Non-native,Grass,Moderate,Cal IPC,C1,3,C,1,MCL,Drought,rgr_v_FM,NA
C1.BRODIA.1,BRODIA,Bromus diandrus,Non-native,Grass,Moderate,Cal IPC,C1,3,C,1,MCL,Drought,rgr_v_MA,0.12576526543396424
C1.BRODIA.1,BRODIA,Bromus diandrus,Non-native,Grass,Moderate,Cal IPC,C1,3,C,1,MCL,Drought,rgr_v_AM,0.04673419311629041
C1.BRODIA.1,BRODIA,Bromus diandrus,Non-native,Grass,Moderate,Cal IPC,C1,3,C,1,MCL,Drought,rgr_v_MJ,NA
C1.BROHOR.1,BROHOR,Bromus hordeaceaus,Non-native,Grass,Limited,Cal IPC,C1,3,C,1,MCL,Drought,rgr_v_FM,NA
C1.BROHOR.1,BROHOR,Bromus hordeaceaus,Non-native,Grass,Limited,Cal IPC,C1,3,C,1,MCL,Drought,rgr_v_MA,0.10226529258693356
C1.BROHOR.1,BROHOR,Bromus hordeaceaus,Non-native,Grass,Limited,Cal IPC,C1,3,C,1,MCL,Drought,rgr_v_AM,NA
C1.BROHOR.1,BROHOR,Bromus hordeaceaus,Non-native,Grass,Limited,Cal IPC,C1,3,C,1,MCL,Drought,rgr_v_MJ,NA
C1.BROMAD.1,BROMAD,Bromus madritensis,Non-native,Grass,High,Cal IPC,C1,3,C,1,MCL,Drought,rgr_v_FM,NA
C1.BROMAD.1,BROMAD,Bromus madritensis,Non-native,Grass,High,Cal IPC,C1,3,C,1,MCL,Drought,rgr_v_MA,0.10826317024231016
C1.BROMAD.1,BROMAD,Bromus madritensis,Non-native,Grass,High,Cal IPC,C1,3,C,1,MCL,Drought,rgr_v_AM,NA
C1.BROMAD.1,BROMAD,Bromus madritensis,Non-native,Grass,High,Cal IPC,C1,3,C,1,MCL,Drought,rgr_v_MJ,NA
C1.CLAPUR.1,CLAPUR,Clarkia purpurea,Native,Forb,Native,CalFlora,C1,3,C,1,MCL,Drought,rgr_v_FM,0.15736397813928774
C1.CLAPUR.1,CLAPUR,Clarkia purpurea,Native,Forb,Native,CalFlora,C1,3,C,1,MCL,Drought,rgr_v_MA,0.09298114643969244
C1.CLAPUR.1,CLAPUR,Clarkia purpurea,Native,Forb,Native,CalFlora,C1,3,C,1,MCL,Drought,rgr_v_AM,0.05551857825601467
C1.CLAPUR.1,CLAPUR,Clarkia purpurea,Native,Forb,Native,CalFlora,C1,3,C,1,MCL,Drought,rgr_v_MJ,NA
C1.ELYCAP.1,ELYCAP,Elymus caput-medusae,Non-native,Grass,High,Cal IPC,C1,3,C,1,MCL,Drought,rgr_v_FM,0.01078084481362146
C1.ELYCAP.1,ELYCAP,Elymus caput-medusae,Non-native,Grass,High,Cal IPC,C1,3,C,1,MCL,Drought,rgr_v_MA,0.07586225682184443
C1.ELYCAP.1,ELYCAP,Elymus caput-medusae,Non-native,Grass,High,Cal IPC,C1,3,C,1,MCL,Drought,rgr_v_AM,0.05155114829748222
C1.ELYCAP.1,ELYCAP,Elymus caput-medusae,Non-native,Grass,High,Cal IPC,C1,3,C,1,MCL,Drought,rgr_v_MJ,NA
C1.HOLVIR.1,HOLVIR,Holocarpha virgata,Native,Forb,Native,CalFlora,C1,3,C,1,MCL,Drought,rgr_v_FM,0.1683681647817116
C1.HOLVIR.1,HOLVIR,Holocarpha virgata,Native,Forb,Native,CalFlora,C1,3,C,1,MCL,Drought,rgr_v_MA,0.07906648481220711
C1.HOLVIR.1,HOLVIR,Holocarpha virgata,Native,Forb,Native,CalFlora,C1,3,C,1,MCL,Drought,rgr_v_AM,0.11598986101502866
C1.HOLVIR.1,HOLVIR,Holocarpha virgata,Native,Forb,Native,CalFlora,C1,3,C,1,MCL,Drought,rgr_v_MJ,0.0413297616871402
C1.MICCAL.1,MICCAL,Micropus californicus,Native,Forb,Native,CalFlora,C1,3,C,1,MCL,Drought,rgr_v_FM,0.10663802777845312
C1.MICCAL.1,MICCAL,Micropus californicus,Native,Forb,Native,CalFlora,C1,3,C,1,MCL,Drought,rgr_v_MA,0.03175527920150098
C1.MICCAL.1,MICCAL,Micropus californicus,Native,Forb,Native,CalFlora,C1,3,C,1,MCL,Drought,rgr_v_AM,NA
C1.MICCAL.1,MICCAL,Micropus californicus,Native,Forb,Native,CalFlora,C1,3,C,1,MCL,Drought,rgr_v_MJ,NA
C1.PLAERE.1,PLAERE,Plantago erecta,Native,Forb,Native,CalFlora,C1,3,C,1,MCL,Drought,rgr_v_FM,0.07210534756057309
C1.PLAERE.1,PLAERE,Plantago erecta,Native,Forb,Native,CalFlora,C1,3,C,1,MCL,Drought,rgr_v_MA,0.03591366936725023
C1.PLAERE.1,PLAERE,Plantago erecta,Native,Forb,Native,CalFlora,C1,3,C,1,MCL,Drought,rgr_v_AM,NA
C1.PLAERE.1,PLAERE,Plantago erecta,Native,Forb,Native,CalFlora,C1,3,C,1,MCL,Drought,rgr_v_MJ,NA
C1.TRIHIR.1,TRIHIR,Trifolium hirtum,Non-native,Forb,Limited,Cal IPC,C1,3,C,1,MCL,Drought,rgr_v_FM,0.12410938440451452
C1.TRIHIR.1,TRIHIR,Trifolium hirtum,Non-native,Forb,Limited,Cal IPC,C1,3,C,1,MCL,Drought,rgr_v_MA,0.14065025683920357
C1.TRIHIR.1,TRIHIR,Trifolium hirtum,Non-native,Forb,Limited,Cal IPC,C1,3,C,1,MCL,Drought,rgr_v_AM,0.03158467893940663
C1.TRIHIR.1,TRIHIR,Trifolium hirtum,Non-native,Forb,Limited,Cal IPC,C1,3,C,1,MCL,Drought,rgr_v_MJ,NA
C2.BRODIA.1,BRODIA,Bromus diandrus,Non-native,Grass,Moderate,Cal IPC,C2,3,C,2,SEDG,Drought,rgr_v_FM,NA
C2.BRODIA.1,BRODIA,Bromus diandrus,Non-native,Grass,Moderate,Cal IPC,C2,3,C,2,SEDG,Drought,rgr_v_MA,0.07490120833406409
C2.BRODIA.1,BRODIA,Bromus diandrus,Non-native,Grass,Moderate,Cal IPC,C2,3,C,2,SEDG,Drought,rgr_v_AM,-0.01395392997956659
C2.BRODIA.1,BRODIA,Bromus diandrus,Non-native,Grass,Moderate,Cal IPC,C2,3,C,2,SEDG,Drought,rgr_v_MJ,NA
C2.BROHOR.1,BROHOR,Bromus hordeaceaus,Non-native,Grass,Limited,Cal IPC,C2,3,C,2,SEDG,Drought,rgr_v_FM,NA
C2.BROHOR.1,BROHOR,Bromus hordeaceaus,Non-native,Grass,Limited,Cal IPC,C2,3,C,2,SEDG,Drought,rgr_v_MA,0.08112044518001499
C2.BROHOR.1,BROHOR,Bromus hordeaceaus,Non-native,Grass,Limited,Cal IPC,C2,3,C,2,SEDG,Drought,rgr_v_AM,-0.00849633681934466
C2.BROHOR.1,BROHOR,Bromus hordeaceaus,Non-native,Grass,Limited,Cal IPC,C2,3,C,2,SEDG,Drought,rgr_v_MJ,NA
C2.BROMAD.1,BROMAD,Bromus madritensis,Non-native,Grass,High,Cal IPC,C2,3,C,2,SEDG,Drought,rgr_v_FM,NA
C2.BROMAD.1,BROMAD,Bromus madritensis,Non-native,Grass,High,Cal IPC,C2,3,C,2,SEDG,Drought,rgr_v_MA,0.01347038451456776
C2.BROMAD.1,BROMAD,Bromus madritensis,Non-native,Grass,High,Cal IPC,C2,3,C,2,SEDG,Drought,rgr_v_AM,NA
C2.BROMAD.1,BROMAD,Bromus madritensis,Non-native,Grass,High,Cal IPC,C2,3,C,2,SEDG,Drought,rgr_v_MJ,NA
C2.CENMEL.1,CENMEL,Centaurea melitensis,Non-native,Forb,Moderate,Cal IPC,C2,3,C,2,SEDG,Drought,rgr_v_FM,0.1376334799580872
C2.CENMEL.1,CENMEL,Centaurea melitensis,Non-native,Forb,Moderate,Cal IPC,C2,3,C,2,SEDG,Drought,rgr_v_MA,0.05895058995669652
C2.CENMEL.1,CENMEL,Centaurea melitensis,Non-native,Forb,Moderate,Cal IPC,C2,3,C,2,SEDG,Drought,rgr_v_AM,0.10274401858492892
C2.CENMEL.1,CENMEL,Centaurea melitensis,Non-native,Forb,Moderate,Cal IPC,C2,3,C,2,SEDG,Drought,rgr_v_MJ,NA
C2.CORFIL.1,CORFIL,Corethrogyne filaginafolia,Native,Forb,Native,CalFlora,C2,3,C,2,SEDG,Drought,rgr_v_FM,0.08679415376180846
C2.CORFIL.1,CORFIL,Corethrogyne filaginafolia,Native,Forb,Native,CalFlora,C2,3,C,2,SEDG,Drought,rgr_v_MA,0.0744342150209734
C2.CORFIL.1,CORFIL,Corethrogyne filaginafolia,Native,Forb,Native,CalFlora,C2,3,C,2,SEDG,Drought,rgr_v_AM,0.0388387178252931
C2.CORFIL.1,CORFIL,Corethrogyne filaginafolia,Native,Forb,Native,CalFlora,C2,3,C,2,SEDG,Drought,rgr_v_MJ,0.04473961617537376
C2.ESCCAL.1,ESCCAL,Eschscholzia californica,Native,Forb,Native,CalFlora,C2,3,C,2,SEDG,Drought,rgr_v_FM,0.1025071729488626
C2.ESCCAL.1,ESCCAL,Eschscholzia californica,Native,Forb,Native,CalFlora,C2,3,C,2,SEDG,Drought,rgr_v_MA,0.07396286913724663
C2.ESCCAL.1,ESCCAL,Eschscholzia californica,Native,Forb,Native,CalFlora,C2,3,C,2,SEDG,Drought,rgr_v_AM,0.00425848587938023
C2.ESCCAL.1,ESCCAL,Eschscholzia californica,Native,Forb,Native,CalFlora,C2,3,C,2,SEDG,Drought,rgr_v_MJ,0.0809665427523742
C2.MICCAL.1,MICCAL,Micropus californicus,Native,Forb,Native,CalFlora,C2,3,C,2,SEDG,Drought,rgr_v_FM,0.13339756478845322
C2.MICCAL.1,MICCAL,Micropus californicus,Native,Forb,Native,CalFlora,C2,3,C,2,SEDG,Drought,rgr_v_MA,0.08890760688606517
C2.MICCAL.1,MICCAL,Micropus californicus,Native,Forb,Native,CalFlora,C2,3,C,2,SEDG,Drought,rgr_v_AM,NA
C2.MICCAL.1,MICCAL,Micropus californicus,Native,Forb,Native,CalFlora,C2,3,C,2,SEDG,Drought,rgr_v_MJ,NA
C3.AIRCAR.1,AIRCAR,Aira caryophyllea,Non-native,Grass,Non-native,CalFlora,C3,3,C,3,ANGELO,Drought,rgr_v_FM,0.03118962370062803
C3.AIRCAR.1,AIRCAR,Aira caryophyllea,Non-native,Grass,Non-native,CalFlora,C3,3,C,3,ANGELO,Drought,rgr_v_MA,0.08026485362172905
C3.AIRCAR.1,AIRCAR,Aira caryophyllea,Non-native,Grass,Non-native,CalFlora,C3,3,C,3,ANGELO,Drought,rgr_v_AM,0.00102468196321846
C3.AIRCAR.1,AIRCAR,Aira caryophyllea,Non-native,Grass,Non-native,CalFlora,C3,3,C,3,ANGELO,Drought,rgr_v_MJ,NA
C3.BRODIA.1,BRODIA,Bromus diandrus,Non-native,Grass,Moderate,Cal IPC,C3,3,C,3,ANGELO,Drought,rgr_v_FM,NA
C3.BRODIA.1,BRODIA,Bromus diandrus,Non-native,Grass,Moderate,Cal IPC,C3,3,C,3,ANGELO,Drought,rgr_v_MA,0.08046971904055006
C3.BRODIA.1,BRODIA,Bromus diandrus,Non-native,Grass,Moderate,Cal IPC,C3,3,C,3,ANGELO,Drought,rgr_v_AM,0.0654571774285051
C3.BRODIA.1,BRODIA,Bromus diandrus,Non-native,Grass,Moderate,Cal IPC,C3,3,C,3,ANGELO,Drought,rgr_v_MJ,NA
C3.BROHOR.1,BROHOR,Bromus hordeaceaus,Non-native,Grass,Limited,Cal IPC,C3,3,C,3,ANGELO,Drought,rgr_v_FM,NA
C3.BROHOR.1,BROHOR,Bromus hordeaceaus,Non-native,Grass,Limited,Cal IPC,C3,3,C,3,ANGELO,Drought,rgr_v_MA,0.08710536617705597
C3.BROHOR.1,BROHOR,Bromus hordeaceaus,Non-native,Grass,Limited,Cal IPC,C3,3,C,3,ANGELO,Drought,rgr_v_AM,NA
C3.BROHOR.1,BROHOR,Bromus hordeaceaus,Non-native,Grass,Limited,Cal IPC,C3,3,C,3,ANGELO,Drought,rgr_v_MJ,NA
C3.DAUPUS.1-C8,DAUPUS,Daucus pusillus,Native,Forb,Native,CalFlora,C3,3,C,3,ANGELO,Drought,rgr_v_FM,NA
C3.DAUPUS.1-C8,DAUPUS,Daucus pusillus,Native,Forb,Native,CalFlora,C3,3,C,3,ANGELO,Drought,rgr_v_MA,0.09026834003674036
C3.DAUPUS.1-C8,DAUPUS,Daucus pusillus,Native,Forb,Native,CalFlora,C3,3,C,3,ANGELO,Drought,rgr_v_AM,NA
C3.DAUPUS.1-C8,DAUPUS,Daucus pusillus,Native,Forb,Native,CalFlora,C3,3,C,3,ANGELO,Drought,rgr_v_MJ,NA
C3.GALPAR.1,GALPAR,Galium parisiense,Non-native,Forb,Non-native,CalFlora,C3,3,C,3,ANGELO,Drought,rgr_v_FM,0.14375652378012954
C3.GALPAR.1,GALPAR,Galium parisiense,Non-native,Forb,Non-native,CalFlora,C3,3,C,3,ANGELO,Drought,rgr_v_MA,0.128982113033645
C3.GALPAR.1,GALPAR,Galium parisiense,Non-native,Forb,Non-native,CalFlora,C3,3,C,3,ANGELO,Drought,rgr_v_AM,0.11318807315024824
C3.GALPAR.1,GALPAR,Galium parisiense,Non-native,Forb,Non-native,CalFlora,C3,3,C,3,ANGELO,Drought,rgr_v_MJ,NA
C3.HYPGLA.1,HYPGLA,Hypochaeris glabra,Non-native,Forb,Limited,Cal IPC,C3,3,C,3,ANGELO,Drought,rgr_v_FM,0.08381561814744388
C3.HYPGLA.1,HYPGLA,Hypochaeris glabra,Non-native,Forb,Limited,Cal IPC,C3,3,C,3,ANGELO,Drought,rgr_v_MA,0.12606304368939283
C3.HYPGLA.1,HYPGLA,Hypochaeris glabra,Non-native,Forb,Limited,Cal IPC,C3,3,C,3,ANGELO,Drought,rgr_v_AM,0.04408215334494445
C3.HYPGLA.1,HYPGLA,Hypochaeris glabra,Non-native,Forb,Limited,Cal IPC,C3,3,C,3,ANGELO,Drought,rgr_v_MJ,NA
C3.MADGRA.1,MADGRA,Madia gracilis,Native,Forb,Native,CalFlora,C3,3,C,3,ANGELO,Drought,rgr_v_FM,0.0807876930786443
C3.MADGRA.1,MADGRA,Madia gracilis,Native,Forb,Native,CalFlora,C3,3,C,3,ANGELO,Drought,rgr_v_MA,0.0912290213212567
C3.MADGRA.1,MADGRA,Madia gracilis,Native,Forb,Native,CalFlora,C3,3,C,3,ANGELO,Drought,rgr_v_AM,0.09709572201515172
C3.MADGRA.1,MADGRA,Madia gracilis,Native,Forb,Native,CalFlora,C3,3,C,3,ANGELO,Drought,rgr_v_MJ,NA
C4.AVEBAR.1,AVEBAR,Avena barbata,Non-native,Grass,Moderate,Cal IPC,C4,3,C,4,BORR,Drought,rgr_v_FM,NA
C4.AVEBAR.1,AVEBAR,Avena barbata,Non-native,Grass,Moderate,Cal IPC,C4,3,C,4,BORR,Drought,rgr_v_MA,0.14783257859734764
C4.AVEBAR.1,AVEBAR,Avena barbata,Non-native,Grass,Moderate,Cal IPC,C4,3,C,4,BORR,Drought,rgr_v_AM,0.03481956104715001
C4.AVEBAR.1,AVEBAR,Avena barbata,Non-native,Grass,Moderate,Cal IPC,C4,3,C,4,BORR,Drought,rgr_v_MJ,NA
C4.BRODIA.1,BRODIA,Bromus diandrus,Non-native,Grass,Moderate,Cal IPC,C4,3,C,4,BORR,Drought,rgr_v_FM,NA
C4.BRODIA.1,BRODIA,Bromus diandrus,Non-native,Grass,Moderate,Cal IPC,C4,3,C,4,BORR,Drought,rgr_v_MA,0.12866547088160293
C4.BRODIA.1,BRODIA,Bromus diandrus,Non-native,Grass,Moderate,Cal IPC,C4,3,C,4,BORR,Drought,rgr_v_AM,-0.06411921627312474
C4.BRODIA.1,BRODIA,Bromus diandrus,Non-native,Grass,Moderate,Cal IPC,C4,3,C,4,BORR,Drought,rgr_v_MJ,NA
C4.BROHOR.1,BROHOR,Bromus hordeaceaus,Non-native,Grass,Limited,Cal IPC,C4,3,C,4,BORR,Drought,rgr_v_FM,NA
C4.BROHOR.1,BROHOR,Bromus hordeaceaus,Non-native,Grass,Limited,Cal IPC,C4,3,C,4,BORR,Drought,rgr_v_MA,0.09613669588734618
C4.BROHOR.1,BROHOR,Bromus hordeaceaus,Non-native,Grass,Limited,Cal IPC,C4,3,C,4,BORR,Drought,rgr_v_AM,NA
C4.BROHOR.1,BROHOR,Bromus hordeaceaus,Non-native,Grass,Limited,Cal IPC,C4,3,C,4,BORR,Drought,rgr_v_MJ,NA
C4.DAUPUS.1,DAUPUS,Daucus pusillus,Native,Forb,Native,CalFlora,C4,3,C,4,BORR,Drought,rgr_v_FM,0.10516798113152244
C4.DAUPUS.1,DAUPUS,Daucus pusillus,Native,Forb,Native,CalFlora,C4,3,C,4,BORR,Drought,rgr_v_MA,0.08161796685390416
C4.DAUPUS.1,DAUPUS,Daucus pusillus,Native,Forb,Native,CalFlora,C4,3,C,4,BORR,Drought,rgr_v_AM,0.06605365093230862
C4.DAUPUS.1,DAUPUS,Daucus pusillus,Native,Forb,Native,CalFlora,C4,3,C,4,BORR,Drought,rgr_v_MJ,NA
C4.MADGRA.1,MADGRA,Madia gracilis,Native,Forb,Native,CalFlora,C4,3,C,4,BORR,Drought,rgr_v_FM,0.10306001522047065
C4.MADGRA.1,MADGRA,Madia gracilis,Native,Forb,Native,CalFlora,C4,3,C,4,BORR,Drought,rgr_v_MA,0.06737887663373403
C4.MADGRA.1,MADGRA,Madia gracilis,Native,Forb,Native,CalFlora,C4,3,C,4,BORR,Drought,rgr_v_AM,0.0690519859226213
C4.MADGRA.1,MADGRA,Madia gracilis,Native,Forb,Native,CalFlora,C4,3,C,4,BORR,Drought,rgr_v_MJ,NA
C4.TORARV.1,TORARV,Torilis arvensis,Non-native,Forb,Moderate,Cal IPC,C4,3,C,4,BORR,Drought,rgr_v_FM,0.08996927513507667
C4.TORARV.1,TORARV,Torilis arvensis,Non-native,Forb,Moderate,Cal IPC,C4,3,C,4,BORR,Drought,rgr_v_MA,0.07548589197885702
C4.TORARV.1,TORARV,Torilis arvensis,Non-native,Forb,Moderate,Cal IPC,C4,3,C,4,BORR,Drought,rgr_v_AM,0.07000746277321156
C4.TORARV.1,TORARV,Torilis arvensis,Non-native,Forb,Moderate,Cal IPC,C4,3,C,4,BORR,Drought,rgr_v_MJ,NA
C4.TRIHIR.1,TRIHIR,Trifolium hirtum,Non-native,Forb,Limited,Cal IPC,C4,3,C,4,BORR,Drought,rgr_v_FM,0.11794235940162302
C4.TRIHIR.1,TRIHIR,Trifolium hirtum,Non-native,Forb,Limited,Cal IPC,C4,3,C,4,BORR,Drought,rgr_v_MA,0.07844811700758454
C4.TRIHIR.1,TRIHIR,Trifolium hirtum,Non-native,Forb,Limited,Cal IPC,C4,3,C,4,BORR,Drought,rgr_v_AM,0.03227227397581529
C4.TRIHIR.1,TRIHIR,Trifolium hirtum,Non-native,Forb,Limited,Cal IPC,C4,3,C,4,BORR,Drought,rgr_v_MJ,NA
C4.VICSAT.1,VICSAT,Vicia sativa,Non-native,Forb,Non-native,CalFlora,C4,3,C,4,BORR,Drought,rgr_v_FM,0.08251363562414937
C4.VICSAT.1,VICSAT,Vicia sativa,Non-native,Forb,Non-native,CalFlora,C4,3,C,4,BORR,Drought,rgr_v_MA,0.13484830431180728
C4.VICSAT.1,VICSAT,Vicia sativa,Non-native,Forb,Non-native,CalFlora,C4,3,C,4,BORR,Drought,rgr_v_AM,NA
C4.VICSAT.1,VICSAT,Vicia sativa,Non-native,Forb,Non-native,CalFlora,C4,3,C,4,BORR,Drought,rgr_v_MJ,NA
C5.BRODIA.1,BRODIA,Bromus diandrus,Non-native,Grass,Moderate,Cal IPC,C5,3,C,5,BORR,Drought,rgr_v_FM,NA
C5.BRODIA.1,BRODIA,Bromus diandrus,Non-native,Grass,Moderate,Cal IPC,C5,3,C,5,BORR,Drought,rgr_v_MA,0.11753681581986895
C5.BRODIA.1,BRODIA,Bromus diandrus,Non-native,Grass,Moderate,Cal IPC,C5,3,C,5,BORR,Drought,rgr_v_AM,-0.08288700065420815
C5.BRODIA.1,BRODIA,Bromus diandrus,Non-native,Grass,Moderate,Cal IPC,C5,3,C,5,BORR,Drought,rgr_v_MJ,NA
C5.BROHOR.1,BROHOR,Bromus hordeaceaus,Non-native,Grass,Limited,Cal IPC,C5,3,C,5,BORR,Drought,rgr_v_FM,NA
C5.BROHOR.1,BROHOR,Bromus hordeaceaus,Non-native,Grass,Limited,Cal IPC,C5,3,C,5,BORR,Drought,rgr_v_MA,0.09005614801535154
C5.BROHOR.1,BROHOR,Bromus hordeaceaus,Non-native,Grass,Limited,Cal IPC,C5,3,C,5,BORR,Drought,rgr_v_AM,NA
C5.BROHOR.1,BROHOR,Bromus hordeaceaus,Non-native,Grass,Limited,Cal IPC,C5,3,C,5,BORR,Drought,rgr_v_MJ,NA
C5.DAUPUS.1,DAUPUS,Daucus pusillus,Native,Forb,Native,CalFlora,C5,3,C,5,BORR,Drought,rgr_v_FM,0.08444860137562916
C5.DAUPUS.1,DAUPUS,Daucus pusillus,Native,Forb,Native,CalFlora,C5,3,C,5,BORR,Drought,rgr_v_MA,0.0854505213093546
C5.DAUPUS.1,DAUPUS,Daucus pusillus,Native,Forb,Native,CalFlora,C5,3,C,5,BORR,Drought,rgr_v_AM,0.04823449501014242
C5.DAUPUS.1,DAUPUS,Daucus pusillus,Native,Forb,Native,CalFlora,C5,3,C,5,BORR,Drought,rgr_v_MJ,NA
C5.GERDIS.1,GERDIS,Geranium dissectum,Non-native,Forb,Limited,Cal IPC,C5,3,C,5,BORR,Drought,rgr_v_FM,0.09627928897152428
C5.GERDIS.1,GERDIS,Geranium dissectum,Non-native,Forb,Limited,Cal IPC,C5,3,C,5,BORR,Drought,rgr_v_MA,0.1064814064421003
C5.GERDIS.1,GERDIS,Geranium dissectum,Non-native,Forb,Limited,Cal IPC,C5,3,C,5,BORR,Drought,rgr_v_AM,NA
C5.GERDIS.1,GERDIS,Geranium dissectum,Non-native,Forb,Limited,Cal IPC,C5,3,C,5,BORR,Drought,rgr_v_MJ,NA
C5.MADGRA.1,MADGRA,Madia gracilis,Native,Forb,Native,CalFlora,C5,3,C,5,BORR,Drought,rgr_v_FM,0.0878882676532393
C5.MADGRA.1,MADGRA,Madia gracilis,Native,Forb,Native,CalFlora,C5,3,C,5,BORR,Drought,rgr_v_MA,0.06107222073004196
C5.MADGRA.1,MADGRA,Madia gracilis,Native,Forb,Native,CalFlora,C5,3,C,5,BORR,Drought,rgr_v_AM,0.03544783742835281
C5.MADGRA.1,MADGRA,Madia gracilis,Native,Forb,Native,CalFlora,C5,3,C,5,BORR,Drought,rgr_v_MJ,NA
C5.TORARV.1,TORARV,Torilis arvensis,Non-native,Forb,Moderate,Cal IPC,C5,3,C,5,BORR,Drought,rgr_v_FM,0.04365388875339431
C5.TORARV.1,TORARV,Torilis arvensis,Non-native,Forb,Moderate,Cal IPC,C5,3,C,5,BORR,Drought,rgr_v_MA,0.0887010160261779
C5.TORARV.1,TORARV,Torilis arvensis,Non-native,Forb,Moderate,Cal IPC,C5,3,C,5,BORR,Drought,rgr_v_AM,NA
C5.TORARV.1,TORARV,Torilis arvensis,Non-native,Forb,Moderate,Cal IPC,C5,3,C,5,BORR,Drought,rgr_v_MJ,NA
C5.TRIHIR.1,TRIHIR,Trifolium hirtum,Non-native,Forb,Limited,Cal IPC,C5,3,C,5,BORR,Drought,rgr_v_FM,0.12836058899258246
C5.TRIHIR.1,TRIHIR,Trifolium hirtum,Non-native,Forb,Limited,Cal IPC,C5,3,C,5,BORR,Drought,rgr_v_MA,0.10825557425910186
C5.TRIHIR.1,TRIHIR,Trifolium hirtum,Non-native,Forb,Limited,Cal IPC,C5,3,C,5,BORR,Drought,rgr_v_AM,0.06897297559467003
C5.TRIHIR.1,TRIHIR,Trifolium hirtum,Non-native,Forb,Limited,Cal IPC,C5,3,C,5,BORR,Drought,rgr_v_MJ,NA
C5.VICSAT.1,VICSAT,Vicia sativa,Non-native,Forb,Non-native,CalFlora,C5,3,C,5,BORR,Drought,rgr_v_FM,0.07130706895750286
C5.VICSAT.1,VICSAT,Vicia sativa,Non-native,Forb,Non-native,CalFlora,C5,3,C,5,BORR,Drought,rgr_v_MA,0.09022587883574548
C5.VICSAT.1,VICSAT,Vicia sativa,Non-native,Forb,Non-native,CalFlora,C5,3,C,5,BORR,Drought,rgr_v_AM,NA
C5.VICSAT.1,VICSAT,Vicia sativa,Non-native,Forb,Non-native,CalFlora,C5,3,C,5,BORR,Drought,rgr_v_MJ,NA
C6.AMSMEN.1,AMSMEN,Amsinckia menziesii,Native,Forb,Native,CalFlora,C6,3,C,6,WWP,Drought,rgr_v_FM,0.074815485970705
C6.AMSMEN.1,AMSMEN,Amsinckia menziesii,Native,Forb,Native,CalFlora,C6,3,C,6,WWP,Drought,rgr_v_MA,NA
C6.AMSMEN.1,AMSMEN,Amsinckia menziesii,Native,Forb,Native,CalFlora,C6,3,C,6,WWP,Drought,rgr_v_AM,NA
C6.AMSMEN.1,AMSMEN,Amsinckia menziesii,Native,Forb,Native,CalFlora,C6,3,C,6,WWP,Drought,rgr_v_MJ,NA
C6.AVEBAR.1,AVEBAR,Avena barbata,Non-native,Grass,Moderate,Cal IPC,C6,3,C,6,WWP,Drought,rgr_v_FM,NA
C6.AVEBAR.1,AVEBAR,Avena barbata,Non-native,Grass,Moderate,Cal IPC,C6,3,C,6,WWP,Drought,rgr_v_MA,0.16139309151967535
C6.AVEBAR.1,AVEBAR,Avena barbata,Non-native,Grass,Moderate,Cal IPC,C6,3,C,6,WWP,Drought,rgr_v_AM,0.00703630972105777
C6.AVEBAR.1,AVEBAR,Avena barbata,Non-native,Grass,Moderate,Cal IPC,C6,3,C,6,WWP,Drought,rgr_v_MJ,NA
C6.BROARE.1,BROARE,Bromus arenarius,Non-native,Grass,Non-native,CalFlora,C6,3,C,6,WWP,Drought,rgr_v_FM,NA
C6.BROARE.1,BROARE,Bromus arenarius,Non-native,Grass,Non-native,CalFlora,C6,3,C,6,WWP,Drought,rgr_v_MA,0.0930705586568364
C6.BROARE.1,BROARE,Bromus arenarius,Non-native,Grass,Non-native,CalFlora,C6,3,C,6,WWP,Drought,rgr_v_AM,-0.04460331256240648
C6.BROARE.1,BROARE,Bromus arenarius,Non-native,Grass,Non-native,CalFlora,C6,3,C,6,WWP,Drought,rgr_v_MJ,NA
C6.BRODIA.1,BRODIA,Bromus diandrus,Non-native,Grass,Moderate,Cal IPC,C6,3,C,6,WWP,Drought,rgr_v_FM,NA
C6.BRODIA.1,BRODIA,Bromus diandrus,Non-native,Grass,Moderate,Cal IPC,C6,3,C,6,WWP,Drought,rgr_v_MA,0.11209169560748734
C6.BRODIA.1,BRODIA,Bromus diandrus,Non-native,Grass,Moderate,Cal IPC,C6,3,C,6,WWP,Drought,rgr_v_AM,-0.02338463183468251
C6.BRODIA.1,BRODIA,Bromus diandrus,Non-native,Grass,Moderate,Cal IPC,C6,3,C,6,WWP,Drought,rgr_v_MJ,NA
C6.BROMAD.1,BROMAD,Bromus madritensis,Non-native,Grass,High,Cal IPC,C6,3,C,6,WWP,Drought,rgr_v_FM,NA
C6.BROMAD.1,BROMAD,Bromus madritensis,Non-native,Grass,High,Cal IPC,C6,3,C,6,WWP,Drought,rgr_v_MA,0.06972484442452168
C6.BROMAD.1,BROMAD,Bromus madritensis,Non-native,Grass,High,Cal IPC,C6,3,C,6,WWP,Drought,rgr_v_AM,NA
C6.BROMAD.1,BROMAD,Bromus madritensis,Non-native,Grass,High,Cal IPC,C6,3,C,6,WWP,Drought,rgr_v_MJ,NA
C6.PHATAN.1,PHATAN,Phacelia tanacetifolia,Native,Forb,Native,CalFlora,C6,3,C,6,WWP,Drought,rgr_v_FM,0.13535624601888277
C6.PHATAN.1,PHATAN,Phacelia tanacetifolia,Native,Forb,Native,CalFlora,C6,3,C,6,WWP,Drought,rgr_v_MA,NA
C6.PHATAN.1,PHATAN,Phacelia tanacetifolia,Native,Forb,Native,CalFlora,C6,3,C,6,WWP,Drought,rgr_v_AM,NA
C6.PHATAN.1,PHATAN,Phacelia tanacetifolia,Native,Forb,Native,CalFlora,C6,3,C,6,WWP,Drought,rgr_v_MJ,NA
C7.AMSMEN.1,AMSMEN,Amsinckia menziesii,Native,Forb,Native,CalFlora,C7,3,C,7,WWP,Drought,rgr_v_FM,0.08985430184315063
C7.AMSMEN.1,AMSMEN,Amsinckia menziesii,Native,Forb,Native,CalFlora,C7,3,C,7,WWP,Drought,rgr_v_MA,NA
C7.AMSMEN.1,AMSMEN,Amsinckia menziesii,Native,Forb,Native,CalFlora,C7,3,C,7,WWP,Drought,rgr_v_AM,NA
C7.AMSMEN.1,AMSMEN,Amsinckia menziesii,Native,Forb,Native,CalFlora,C7,3,C,7,WWP,Drought,rgr_v_MJ,NA
C7.AVEBAR.1,AVEBAR,Avena barbata,Non-native,Grass,Moderate,Cal IPC,C7,3,C,7,WWP,Drought,rgr_v_FM,NA
C7.AVEBAR.1,AVEBAR,Avena barbata,Non-native,Grass,Moderate,Cal IPC,C7,3,C,7,WWP,Drought,rgr_v_MA,0.12058580849323557
C7.AVEBAR.1,AVEBAR,Avena barbata,Non-native,Grass,Moderate,Cal IPC,C7,3,C,7,WWP,Drought,rgr_v_AM,0.03158361785965254
C7.AVEBAR.1,AVEBAR,Avena barbata,Non-native,Grass,Moderate,Cal IPC,C7,3,C,7,WWP,Drought,rgr_v_MJ,NA
C7.BROARE.1,BROARE,Bromus arenarius,Non-native,Grass,Non-native,CalFlora,C7,3,C,7,WWP,Drought,rgr_v_FM,NA
C7.BROARE.1,BROARE,Bromus arenarius,Non-native,Grass,Non-native,CalFlora,C7,3,C,7,WWP,Drought,rgr_v_MA,0.07617444948218005
C7.BROARE.1,BROARE,Bromus arenarius,Non-native,Grass,Non-native,CalFlora,C7,3,C,7,WWP,Drought,rgr_v_AM,-0.01749937641034867
C7.BROARE.1,BROARE,Bromus arenarius,Non-native,Grass,Non-native,CalFlora,C7,3,C,7,WWP,Drought,rgr_v_MJ,NA
C7.BRODIA.1,BRODIA,Bromus diandrus,Non-native,Grass,Moderate,Cal IPC,C7,3,C,7,WWP,Drought,rgr_v_FM,NA
C7.BRODIA.1,BRODIA,Bromus diandrus,Non-native,Grass,Moderate,Cal IPC,C7,3,C,7,WWP,Drought,rgr_v_MA,0.04630435557074658
C7.BRODIA.1,BRODIA,Bromus diandrus,Non-native,Grass,Moderate,Cal IPC,C7,3,C,7,WWP,Drought,rgr_v_AM,NA
C7.BRODIA.1,BRODIA,Bromus diandrus,Non-native,Grass,Moderate,Cal IPC,C7,3,C,7,WWP,Drought,rgr_v_MJ,NA
C7.BROMAD.1,BROMAD,Bromus madritensis,Non-native,Grass,High,Cal IPC,C7,3,C,7,WWP,Drought,rgr_v_FM,NA
C7.BROMAD.1,BROMAD,Bromus madritensis,Non-native,Grass,High,Cal IPC,C7,3,C,7,WWP,Drought,rgr_v_MA,0.02571576313214631
C7.BROMAD.1,BROMAD,Bromus madritensis,Non-native,Grass,High,Cal IPC,C7,3,C,7,WWP,Drought,rgr_v_AM,NA
C7.BROMAD.1,BROMAD,Bromus madritensis,Non-native,Grass,High,Cal IPC,C7,3,C,7,WWP,Drought,rgr_v_MJ,NA
C7.EROCIC.1,EROCIC,Erodium cicutarium,Non-native,Forb,Non-native,CalFlora,C7,3,C,7,WWP,Drought,rgr_v_FM,0.14063307550941367
C7.EROCIC.1,EROCIC,Erodium cicutarium,Non-native,Forb,Non-native,CalFlora,C7,3,C,7,WWP,Drought,rgr_v_MA,NA
C7.EROCIC.1,EROCIC,Erodium cicutarium,Non-native,Forb,Non-native,CalFlora,C7,3,C,7,WWP,Drought,rgr_v_AM,NA
C7.EROCIC.1,EROCIC,Erodium cicutarium,Non-native,Forb,Non-native,CalFlora,C7,3,C,7,WWP,Drought,rgr_v_MJ,NA
C8.AIRCAR.1,AIRCAR,Aira caryophyllea,Non-native,Grass,Non-native,CalFlora,C8,3,C,8,ANGELO,Drought,rgr_v_FM,0.06273255780992042
C8.AIRCAR.1,AIRCAR,Aira caryophyllea,Non-native,Grass,Non-native,CalFlora,C8,3,C,8,ANGELO,Drought,rgr_v_MA,0.12172518115534908
C8.AIRCAR.1,AIRCAR,Aira caryophyllea,Non-native,Grass,Non-native,CalFlora,C8,3,C,8,ANGELO,Drought,rgr_v_AM,0.0019194628945752
C8.AIRCAR.1,AIRCAR,Aira caryophyllea,Non-native,Grass,Non-native,CalFlora,C8,3,C,8,ANGELO,Drought,rgr_v_MJ,NA
C8.BRODIA.1,BRODIA,Bromus diandrus,Non-native,Grass,Moderate,Cal IPC,C8,3,C,8,ANGELO,Drought,rgr_v_FM,NA
C8.BRODIA.1,BRODIA,Bromus diandrus,Non-native,Grass,Moderate,Cal IPC,C8,3,C,8,ANGELO,Drought,rgr_v_MA,0.06406549212871034
C8.BRODIA.1,BRODIA,Bromus diandrus,Non-native,Grass,Moderate,Cal IPC,C8,3,C,8,ANGELO,Drought,rgr_v_AM,0.10491884384590984
C8.BRODIA.1,BRODIA,Bromus diandrus,Non-native,Grass,Moderate,Cal IPC,C8,3,C,8,ANGELO,Drought,rgr_v_MJ,NA
C8.BROHOR.1,BROHOR,Bromus hordeaceaus,Non-native,Grass,Limited,Cal IPC,C8,3,C,8,ANGELO,Drought,rgr_v_FM,NA
C8.BROHOR.1,BROHOR,Bromus hordeaceaus,Non-native,Grass,Limited,Cal IPC,C8,3,C,8,ANGELO,Drought,rgr_v_MA,0.1108829036816507
C8.BROHOR.1,BROHOR,Bromus hordeaceaus,Non-native,Grass,Limited,Cal IPC,C8,3,C,8,ANGELO,Drought,rgr_v_AM,0.1140839611712786
C8.BROHOR.1,BROHOR,Bromus hordeaceaus,Non-native,Grass,Limited,Cal IPC,C8,3,C,8,ANGELO,Drought,rgr_v_MJ,NA
C8.CLAPUR.1,CLAPUR,Clarkia purpurea,Native,Forb,Native,CalFlora,C8,3,C,8,ANGELO,Drought,rgr_v_FM,0.13347117206568998
C8.CLAPUR.1,CLAPUR,Clarkia purpurea,Native,Forb,Native,CalFlora,C8,3,C,8,ANGELO,Drought,rgr_v_MA,0.09490986258352628
C8.CLAPUR.1,CLAPUR,Clarkia purpurea,Native,Forb,Native,CalFlora,C8,3,C,8,ANGELO,Drought,rgr_v_AM,0.06393808117377862
C8.CLAPUR.1,CLAPUR,Clarkia purpurea,Native,Forb,Native,CalFlora,C8,3,C,8,ANGELO,Drought,rgr_v_MJ,NA
C8.DANCAL.1,DANCAL,Danthonia californica,Native,Grass,Native,CalFlora,C8,3,C,8,ANGELO,Drought,rgr_v_FM,NA
C8.DANCAL.1,DANCAL,Danthonia californica,Native,Grass,Native,CalFlora,C8,3,C,8,ANGELO,Drought,rgr_v_MA,NA
C8.DANCAL.1,DANCAL,Danthonia californica,Native,Grass,Native,CalFlora,C8,3,C,8,ANGELO,Drought,rgr_v_AM,NA
C8.DANCAL.1,DANCAL,Danthonia californica,Native,Grass,Native,CalFlora,C8,3,C,8,ANGELO,Drought,rgr_v_MJ,-0.12074825491176468
C8.DAUPUS.1,DAUPUS,Daucus pusillus,Native,Forb,Native,CalFlora,C8,3,C,8,ANGELO,Drought,rgr_v_FM,0.08632429518373118
C8.DAUPUS.1,DAUPUS,Daucus pusillus,Native,Forb,Native,CalFlora,C8,3,C,8,ANGELO,Drought,rgr_v_MA,0.112886022183372
C8.DAUPUS.1,DAUPUS,Daucus pusillus,Native,Forb,Native,CalFlora,C8,3,C,8,ANGELO,Drought,rgr_v_AM,0.09529676610628796
C8.DAUPUS.1,DAUPUS,Daucus pusillus,Native,Forb,Native,CalFlora,C8,3,C,8,ANGELO,Drought,rgr_v_MJ,NA
C8.ESCCAL.1,ESCCAL,Eschscholzia californica,Native,Forb,Native,CalFlora,C8,3,C,8,ANGELO,Drought,rgr_v_FM,0.08490869470890904
C8.ESCCAL.1,ESCCAL,Eschscholzia californica,Native,Forb,Native,CalFlora,C8,3,C,8,ANGELO,Drought,rgr_v_MA,0.10701251509470196
C8.ESCCAL.1,ESCCAL,Eschscholzia californica,Native,Forb,Native,CalFlora,C8,3,C,8,ANGELO,Drought,rgr_v_AM,0.02921374049012712
C8.ESCCAL.1,ESCCAL,Eschscholzia californica,Native,Forb,Native,CalFlora,C8,3,C,8,ANGELO,Drought,rgr_v_MJ,0.05557040028714619
C8.GALPAR.1,GALPAR,Galium parisiense,Non-native,Forb,Non-native,CalFlora,C8,3,C,8,ANGELO,Drought,rgr_v_FM,0.11770569742029428
C8.GALPAR.1,GALPAR,Galium parisiense,Non-native,Forb,Non-native,CalFlora,C8,3,C,8,ANGELO,Drought,rgr_v_MA,0.13251828048073083
C8.GALPAR.1,GALPAR,Galium parisiense,Non-native,Forb,Non-native,CalFlora,C8,3,C,8,ANGELO,Drought,rgr_v_AM,NA
C8.GALPAR.1,GALPAR,Galium parisiense,Non-native,Forb,Non-native,CalFlora,C8,3,C,8,ANGELO,Drought,rgr_v_MJ,NA
C8.HYPGLA.1,HYPGLA,Hypochaeris glabra,Non-native,Forb,Limited,Cal IPC,C8,3,C,8,ANGELO,Drought,rgr_v_FM,0.12797276307157152
C8.HYPGLA.1,HYPGLA,Hypochaeris glabra,Non-native,Forb,Limited,Cal IPC,C8,3,C,8,ANGELO,Drought,rgr_v_MA,0.12098830853506068
C8.HYPGLA.1,HYPGLA,Hypochaeris glabra,Non-native,Forb,Limited,Cal IPC,C8,3,C,8,ANGELO,Drought,rgr_v_AM,0.01632854614865615
C8.HYPGLA.1,HYPGLA,Hypochaeris glabra,Non-native,Forb,Limited,Cal IPC,C8,3,C,8,ANGELO,Drought,rgr_v_MJ,NA
C8.MADGRA.1,MADGRA,Madia gracilis,Native,Forb,Native,CalFlora,C8,3,C,8,ANGELO,Drought,rgr_v_FM,0.14272227532624038
C8.MADGRA.1,MADGRA,Madia gracilis,Native,Forb,Native,CalFlora,C8,3,C,8,ANGELO,Drought,rgr_v_MA,0.07362593616185661
C8.MADGRA.1,MADGRA,Madia gracilis,Native,Forb,Native,CalFlora,C8,3,C,8,ANGELO,Drought,rgr_v_AM,NA
C8.MADGRA.1,MADGRA,Madia gracilis,Native,Forb,Native,CalFlora,C8,3,C,8,ANGELO,Drought,rgr_v_MJ,NA
D1.AIRCAR.1,AIRCAR,Aira caryophyllea,Non-native,Grass,Non-native,CalFlora,D1,4,D,1,ANGELO,Control,rgr_v_FM,0.06354588571060106
D1.AIRCAR.1,AIRCAR,Aira caryophyllea,Non-native,Grass,Non-native,CalFlora,D1,4,D,1,ANGELO,Control,rgr_v_MA,0.07121999851732615
D1.AIRCAR.1,AIRCAR,Aira caryophyllea,Non-native,Grass,Non-native,CalFlora,D1,4,D,1,ANGELO,Control,rgr_v_AM,0.06227108160042096
D1.AIRCAR.1,AIRCAR,Aira caryophyllea,Non-native,Grass,Non-native,CalFlora,D1,4,D,1,ANGELO,Control,rgr_v_MJ,NA
D1.BRODIA.1,BRODIA,Bromus diandrus,Non-native,Grass,Moderate,Cal IPC,D1,4,D,1,ANGELO,Control,rgr_v_FM,NA
D1.BRODIA.1,BRODIA,Bromus diandrus,Non-native,Grass,Moderate,Cal IPC,D1,4,D,1,ANGELO,Control,rgr_v_MA,0.04699708708226995
D1.BRODIA.1,BRODIA,Bromus diandrus,Non-native,Grass,Moderate,Cal IPC,D1,4,D,1,ANGELO,Control,rgr_v_AM,0.14036666426409808
D1.BRODIA.1,BRODIA,Bromus diandrus,Non-native,Grass,Moderate,Cal IPC,D1,4,D,1,ANGELO,Control,rgr_v_MJ,NA
D1.BROHOR.1,BROHOR,Bromus hordeaceaus,Non-native,Grass,Limited,Cal IPC,D1,4,D,1,ANGELO,Control,rgr_v_FM,NA
D1.BROHOR.1,BROHOR,Bromus hordeaceaus,Non-native,Grass,Limited,Cal IPC,D1,4,D,1,ANGELO,Control,rgr_v_MA,0.09221322506639534
D1.BROHOR.1,BROHOR,Bromus hordeaceaus,Non-native,Grass,Limited,Cal IPC,D1,4,D,1,ANGELO,Control,rgr_v_AM,0.11217665744407984
D1.BROHOR.1,BROHOR,Bromus hordeaceaus,Non-native,Grass,Limited,Cal IPC,D1,4,D,1,ANGELO,Control,rgr_v_MJ,NA
D1.ESCCAL.1,ESCCAL,Eschscholzia californica,Native,Forb,Native,CalFlora,D1,4,D,1,ANGELO,Control,rgr_v_FM,0.1012570666169157
D1.ESCCAL.1,ESCCAL,Eschscholzia californica,Native,Forb,Native,CalFlora,D1,4,D,1,ANGELO,Control,rgr_v_MA,0.0973748480587744
D1.ESCCAL.1,ESCCAL,Eschscholzia californica,Native,Forb,Native,CalFlora,D1,4,D,1,ANGELO,Control,rgr_v_AM,0.0730395033377501
D1.ESCCAL.1,ESCCAL,Eschscholzia californica,Native,Forb,Native,CalFlora,D1,4,D,1,ANGELO,Control,rgr_v_MJ,0.03224038839594496
D1.GALPAR.1,GALPAR,Galium parisiense,Non-native,Forb,Non-native,CalFlora,D1,4,D,1,ANGELO,Control,rgr_v_FM,0.12794692470202723
D1.GALPAR.1,GALPAR,Galium parisiense,Non-native,Forb,Non-native,CalFlora,D1,4,D,1,ANGELO,Control,rgr_v_MA,0.15412572039795458
D1.GALPAR.1,GALPAR,Galium parisiense,Non-native,Forb,Non-native,CalFlora,D1,4,D,1,ANGELO,Control,rgr_v_AM,0.05528517487642533
D1.GALPAR.1,GALPAR,Galium parisiense,Non-native,Forb,Non-native,CalFlora,D1,4,D,1,ANGELO,Control,rgr_v_MJ,NA
D1.HYPGLA.1,HYPGLA,Hypochaeris glabra,Non-native,Forb,Limited,Cal IPC,D1,4,D,1,ANGELO,Control,rgr_v_FM,0.1524066048128609
D1.HYPGLA.1,HYPGLA,Hypochaeris glabra,Non-native,Forb,Limited,Cal IPC,D1,4,D,1,ANGELO,Control,rgr_v_MA,0.02591018295223894
D1.HYPGLA.1,HYPGLA,Hypochaeris glabra,Non-native,Forb,Limited,Cal IPC,D1,4,D,1,ANGELO,Control,rgr_v_AM,0.12453768330523732
D1.HYPGLA.1,HYPGLA,Hypochaeris glabra,Non-native,Forb,Limited,Cal IPC,D1,4,D,1,ANGELO,Control,rgr_v_MJ,NA
D1.MADGRA.1,MADGRA,Madia gracilis,Native,Forb,Native,CalFlora,D1,4,D,1,ANGELO,Control,rgr_v_FM,0.09260030451970414
D1.MADGRA.1,MADGRA,Madia gracilis,Native,Forb,Native,CalFlora,D1,4,D,1,ANGELO,Control,rgr_v_MA,0.0940813238915981
D1.MADGRA.1,MADGRA,Madia gracilis,Native,Forb,Native,CalFlora,D1,4,D,1,ANGELO,Control,rgr_v_AM,0.11032354876373691
D1.MADGRA.1,MADGRA,Madia gracilis,Native,Forb,Native,CalFlora,D1,4,D,1,ANGELO,Control,rgr_v_MJ,NA
D2.AVEBAR.1,AVEBAR,Avena barbata,Non-native,Grass,Moderate,Cal IPC,D2,4,D,2,BORR,Control,rgr_v_FM,NA
D2.AVEBAR.1,AVEBAR,Avena barbata,Non-native,Grass,Moderate,Cal IPC,D2,4,D,2,BORR,Control,rgr_v_MA,0.1148803241494568
D2.AVEBAR.1,AVEBAR,Avena barbata,Non-native,Grass,Moderate,Cal IPC,D2,4,D,2,BORR,Control,rgr_v_AM,0.08809547345614627
D2.AVEBAR.1,AVEBAR,Avena barbata,Non-native,Grass,Moderate,Cal IPC,D2,4,D,2,BORR,Control,rgr_v_MJ,NA
D2.BRODIA.1,BRODIA,Bromus diandrus,Non-native,Grass,Moderate,Cal IPC,D2,4,D,2,BORR,Control,rgr_v_FM,NA
D2.BRODIA.1,BRODIA,Bromus diandrus,Non-native,Grass,Moderate,Cal IPC,D2,4,D,2,BORR,Control,rgr_v_MA,0.10444393121688514
D2.BRODIA.1,BRODIA,Bromus diandrus,Non-native,Grass,Moderate,Cal IPC,D2,4,D,2,BORR,Control,rgr_v_AM,NA
D2.BRODIA.1,BRODIA,Bromus diandrus,Non-native,Grass,Moderate,Cal IPC,D2,4,D,2,BORR,Control,rgr_v_MJ,NA
D2.BROHOR.1,BROHOR,Bromus hordeaceaus,Non-native,Grass,Limited,Cal IPC,D2,4,D,2,BORR,Control,rgr_v_FM,NA
D2.BROHOR.1,BROHOR,Bromus hordeaceaus,Non-native,Grass,Limited,Cal IPC,D2,4,D,2,BORR,Control,rgr_v_MA,0.06638722311880813
D2.BROHOR.1,BROHOR,Bromus hordeaceaus,Non-native,Grass,Limited,Cal IPC,D2,4,D,2,BORR,Control,rgr_v_AM,NA
D2.BROHOR.1,BROHOR,Bromus hordeaceaus,Non-native,Grass,Limited,Cal IPC,D2,4,D,2,BORR,Control,rgr_v_MJ,NA
D2.DAUPUS.1,DAUPUS,Daucus pusillus,Native,Forb,Native,CalFlora,D2,4,D,2,BORR,Control,rgr_v_FM,0.09608859735771548
D2.DAUPUS.1,DAUPUS,Daucus pusillus,Native,Forb,Native,CalFlora,D2,4,D,2,BORR,Control,rgr_v_MA,0.10965482985854692
D2.DAUPUS.1,DAUPUS,Daucus pusillus,Native,Forb,Native,CalFlora,D2,4,D,2,BORR,Control,rgr_v_AM,0.06979628542633448
D2.DAUPUS.1,DAUPUS,Daucus pusillus,Native,Forb,Native,CalFlora,D2,4,D,2,BORR,Control,rgr_v_MJ,NA
D2.GERDIS.1,GERDIS,Geranium dissectum,Non-native,Forb,Limited,Cal IPC,D2,4,D,2,BORR,Control,rgr_v_FM,0.10966291572563414
D2.GERDIS.1,GERDIS,Geranium dissectum,Non-native,Forb,Limited,Cal IPC,D2,4,D,2,BORR,Control,rgr_v_MA,0.07922698921414036
D2.GERDIS.1,GERDIS,Geranium dissectum,Non-native,Forb,Limited,Cal IPC,D2,4,D,2,BORR,Control,rgr_v_AM,NA
D2.GERDIS.1,GERDIS,Geranium dissectum,Non-native,Forb,Limited,Cal IPC,D2,4,D,2,BORR,Control,rgr_v_MJ,NA
D2.LUPBIC.1,LUPBIC,Lupinus bicolor,Native,Forb,Native,CalFlora,D2,4,D,2,BORR,Control,rgr_v_FM,NA
D2.LUPBIC.1,LUPBIC,Lupinus bicolor,Native,Forb,Native,CalFlora,D2,4,D,2,BORR,Control,rgr_v_MA,0.06299402274680897
D2.LUPBIC.1,LUPBIC,Lupinus bicolor,Native,Forb,Native,CalFlora,D2,4,D,2,BORR,Control,rgr_v_AM,NA
D2.LUPBIC.1,LUPBIC,Lupinus bicolor,Native,Forb,Native,CalFlora,D2,4,D,2,BORR,Control,rgr_v_MJ,NA
D2.MADGRA.1,MADGRA,Madia gracilis,Native,Forb,Native,CalFlora,D2,4,D,2,BORR,Control,rgr_v_FM,0.10463008287071504
D2.MADGRA.1,MADGRA,Madia gracilis,Native,Forb,Native,CalFlora,D2,4,D,2,BORR,Control,rgr_v_MA,0.05952219174068851
D2.MADGRA.1,MADGRA,Madia gracilis,Native,Forb,Native,CalFlora,D2,4,D,2,BORR,Control,rgr_v_AM,0.07073700778319772
D2.MADGRA.1,MADGRA,Madia gracilis,Native,Forb,Native,CalFlora,D2,4,D,2,BORR,Control,rgr_v_MJ,NA
D2.TORARV.1,TORARV,Torilis arvensis,Non-native,Forb,Moderate,Cal IPC,D2,4,D,2,BORR,Control,rgr_v_FM,0.10259797429846149
D2.TORARV.1,TORARV,Torilis arvensis,Non-native,Forb,Moderate,Cal IPC,D2,4,D,2,BORR,Control,rgr_v_MA,0.09750069644364465
D2.TORARV.1,TORARV,Torilis arvensis,Non-native,Forb,Moderate,Cal IPC,D2,4,D,2,BORR,Control,rgr_v_AM,0.06492594644381003
D2.TORARV.1,TORARV,Torilis arvensis,Non-native,Forb,Moderate,Cal IPC,D2,4,D,2,BORR,Control,rgr_v_MJ,NA
D3.AMSMEN.1,AMSMEN,Amsinckia menziesii,Native,Forb,Native,CalFlora,D3,4,D,3,WWP,Control,rgr_v_FM,0.02978833616108559
D3.AMSMEN.1,AMSMEN,Amsinckia menziesii,Native,Forb,Native,CalFlora,D3,4,D,3,WWP,Control,rgr_v_MA,NA
D3.AMSMEN.1,AMSMEN,Amsinckia menziesii,Native,Forb,Native,CalFlora,D3,4,D,3,WWP,Control,rgr_v_AM,NA
D3.AMSMEN.1,AMSMEN,Amsinckia menziesii,Native,Forb,Native,CalFlora,D3,4,D,3,WWP,Control,rgr_v_MJ,NA
D3.BRODIA.1,BRODIA,Bromus diandrus,Non-native,Grass,Moderate,Cal IPC,D3,4,D,3,WWP,Control,rgr_v_FM,NA
D3.BRODIA.1,BRODIA,Bromus diandrus,Non-native,Grass,Moderate,Cal IPC,D3,4,D,3,WWP,Control,rgr_v_MA,0.136354525669006
D3.BRODIA.1,BRODIA,Bromus diandrus,Non-native,Grass,Moderate,Cal IPC,D3,4,D,3,WWP,Control,rgr_v_AM,0.04426261309000794
D3.BRODIA.1,BRODIA,Bromus diandrus,Non-native,Grass,Moderate,Cal IPC,D3,4,D,3,WWP,Control,rgr_v_MJ,NA
D3.EROCIC.1,EROCIC,Erodium cicutarium,Non-native,Forb,Non-native,CalFlora,D3,4,D,3,WWP,Control,rgr_v_FM,0.10208183810502514
D3.EROCIC.1,EROCIC,Erodium cicutarium,Non-native,Forb,Non-native,CalFlora,D3,4,D,3,WWP,Control,rgr_v_MA,0.03087041567242184
D3.EROCIC.1,EROCIC,Erodium cicutarium,Non-native,Forb,Non-native,CalFlora,D3,4,D,3,WWP,Control,rgr_v_AM,NA
D3.EROCIC.1,EROCIC,Erodium cicutarium,Non-native,Forb,Non-native,CalFlora,D3,4,D,3,WWP,Control,rgr_v_MJ,NA
D3.PHATAN.1,PHATAN,Phacelia tanacetifolia,Native,Forb,Native,CalFlora,D3,4,D,3,WWP,Control,rgr_v_FM,0.04414909557339522
D3.PHATAN.1,PHATAN,Phacelia tanacetifolia,Native,Forb,Native,CalFlora,D3,4,D,3,WWP,Control,rgr_v_MA,0.01675429521872706
D3.PHATAN.1,PHATAN,Phacelia tanacetifolia,Native,Forb,Native,CalFlora,D3,4,D,3,WWP,Control,rgr_v_AM,NA
D3.PHATAN.1,PHATAN,Phacelia tanacetifolia,Native,Forb,Native,CalFlora,D3,4,D,3,WWP,Control,rgr_v_MJ,NA
D4.BRODIA.1,BRODIA,Bromus diandrus,Non-native,Grass,Moderate,Cal IPC,D4,4,D,4,MCL,Control,rgr_v_FM,NA
D4.BRODIA.1,BRODIA,Bromus diandrus,Non-native,Grass,Moderate,Cal IPC,D4,4,D,4,MCL,Control,rgr_v_MA,0.11688526324399937
D4.BRODIA.1,BRODIA,Bromus diandrus,Non-native,Grass,Moderate,Cal IPC,D4,4,D,4,MCL,Control,rgr_v_AM,NA
D4.BRODIA.1,BRODIA,Bromus diandrus,Non-native,Grass,Moderate,Cal IPC,D4,4,D,4,MCL,Control,rgr_v_MJ,NA
D4.BROHOR.1,BROHOR,Bromus hordeaceaus,Non-native,Grass,Limited,Cal IPC,D4,4,D,4,MCL,Control,rgr_v_FM,NA
D4.BROHOR.1,BROHOR,Bromus hordeaceaus,Non-native,Grass,Limited,Cal IPC,D4,4,D,4,MCL,Control,rgr_v_MA,0.07610556690456484
D4.BROHOR.1,BROHOR,Bromus hordeaceaus,Non-native,Grass,Limited,Cal IPC,D4,4,D,4,MCL,Control,rgr_v_AM,NA
D4.BROHOR.1,BROHOR,Bromus hordeaceaus,Non-native,Grass,Limited,Cal IPC,D4,4,D,4,MCL,Control,rgr_v_MJ,NA
D4.BROMAD.1,BROMAD,Bromus madritensis,Non-native,Grass,High,Cal IPC,D4,4,D,4,MCL,Control,rgr_v_FM,NA
D4.BROMAD.1,BROMAD,Bromus madritensis,Non-native,Grass,High,Cal IPC,D4,4,D,4,MCL,Control,rgr_v_MA,0.06961409767814773
D4.BROMAD.1,BROMAD,Bromus madritensis,Non-native,Grass,High,Cal IPC,D4,4,D,4,MCL,Control,rgr_v_AM,NA
D4.BROMAD.1,BROMAD,Bromus madritensis,Non-native,Grass,High,Cal IPC,D4,4,D,4,MCL,Control,rgr_v_MJ,NA
D4.ELYCAP.1,ELYCAP,Elymus caput-medusae,Non-native,Grass,High,Cal IPC,D4,4,D,4,MCL,Control,rgr_v_FM,0.07163171274387839
D4.ELYCAP.1,ELYCAP,Elymus caput-medusae,Non-native,Grass,High,Cal IPC,D4,4,D,4,MCL,Control,rgr_v_MA,0.04462535535513838
D4.ELYCAP.1,ELYCAP,Elymus caput-medusae,Non-native,Grass,High,Cal IPC,D4,4,D,4,MCL,Control,rgr_v_AM,0.10093710994152771
D4.ELYCAP.1,ELYCAP,Elymus caput-medusae,Non-native,Grass,High,Cal IPC,D4,4,D,4,MCL,Control,rgr_v_MJ,NA
D4.HOLVIR.1,HOLVIR,Holocarpha virgata,Native,Forb,Native,CalFlora,D4,4,D,4,MCL,Control,rgr_v_FM,0.10594593505352734
D4.HOLVIR.1,HOLVIR,Holocarpha virgata,Native,Forb,Native,CalFlora,D4,4,D,4,MCL,Control,rgr_v_MA,0.06148122650360538
D4.HOLVIR.1,HOLVIR,Holocarpha virgata,Native,Forb,Native,CalFlora,D4,4,D,4,MCL,Control,rgr_v_AM,0.06873038712013238
D4.HOLVIR.1,HOLVIR,Holocarpha virgata,Native,Forb,Native,CalFlora,D4,4,D,4,MCL,Control,rgr_v_MJ,0.03072948227227516
D4.LUPBIC.1,LUPBIC,Lupinus bicolor,Native,Forb,Native,CalFlora,D4,4,D,4,MCL,Control,rgr_v_FM,NA
D4.LUPBIC.1,LUPBIC,Lupinus bicolor,Native,Forb,Native,CalFlora,D4,4,D,4,MCL,Control,rgr_v_MA,NA
D4.LUPBIC.1,LUPBIC,Lupinus bicolor,Native,Forb,Native,CalFlora,D4,4,D,4,MCL,Control,rgr_v_AM,NA
D4.LUPBIC.1,LUPBIC,Lupinus bicolor,Native,Forb,Native,CalFlora,D4,4,D,4,MCL,Control,rgr_v_MJ,NA
D4.MICCAL.1,MICCAL,Micropus californicus,Native,Forb,Native,CalFlora,D4,4,D,4,MCL,Control,rgr_v_FM,0.09777661153733055
D4.MICCAL.1,MICCAL,Micropus californicus,Native,Forb,Native,CalFlora,D4,4,D,4,MCL,Control,rgr_v_MA,0.07914429992842956
D4.MICCAL.1,MICCAL,Micropus californicus,Native,Forb,Native,CalFlora,D4,4,D,4,MCL,Control,rgr_v_AM,NA
D4.MICCAL.1,MICCAL,Micropus californicus,Native,Forb,Native,CalFlora,D4,4,D,4,MCL,Control,rgr_v_MJ,NA
D4.PLAERE.1,PLAERE,Plantago erecta,Native,Forb,Native,CalFlora,D4,4,D,4,MCL,Control,rgr_v_FM,0.07021567300228719
D4.PLAERE.1,PLAERE,Plantago erecta,Native,Forb,Native,CalFlora,D4,4,D,4,MCL,Control,rgr_v_MA,0.05951891663267113
D4.PLAERE.1,PLAERE,Plantago erecta,Native,Forb,Native,CalFlora,D4,4,D,4,MCL,Control,rgr_v_AM,NA
D4.PLAERE.1,PLAERE,Plantago erecta,Native,Forb,Native,CalFlora,D4,4,D,4,MCL,Control,rgr_v_MJ,NA
D4.TRIHIR.1,TRIHIR,Trifolium hirtum,Non-native,Forb,Limited,Cal IPC,D4,4,D,4,MCL,Control,rgr_v_FM,0.02424543214281262
D4.TRIHIR.1,TRIHIR,Trifolium hirtum,Non-native,Forb,Limited,Cal IPC,D4,4,D,4,MCL,Control,rgr_v_MA,0.21477063458951737
D4.TRIHIR.1,TRIHIR,Trifolium hirtum,Non-native,Forb,Limited,Cal IPC,D4,4,D,4,MCL,Control,rgr_v_AM,0.05510986967050406
D4.TRIHIR.1,TRIHIR,Trifolium hirtum,Non-native,Forb,Limited,Cal IPC,D4,4,D,4,MCL,Control,rgr_v_MJ,NA
D5.AMSMEN.1,AMSMEN,Amsinckia menziesii,Native,Forb,Native,CalFlora,D5,4,D,5,WWP,Control,rgr_v_FM,0.0745122798091468
D5.AMSMEN.1,AMSMEN,Amsinckia menziesii,Native,Forb,Native,CalFlora,D5,4,D,5,WWP,Control,rgr_v_MA,NA
D5.AMSMEN.1,AMSMEN,Amsinckia menziesii,Native,Forb,Native,CalFlora,D5,4,D,5,WWP,Control,rgr_v_AM,NA
D5.AMSMEN.1,AMSMEN,Amsinckia menziesii,Native,Forb,Native,CalFlora,D5,4,D,5,WWP,Control,rgr_v_MJ,NA
D5.AVEBAR.1,AVEBAR,Avena barbata,Non-native,Grass,Moderate,Cal IPC,D5,4,D,5,WWP,Control,rgr_v_FM,NA
D5.AVEBAR.1,AVEBAR,Avena barbata,Non-native,Grass,Moderate,Cal IPC,D5,4,D,5,WWP,Control,rgr_v_MA,NA
D5.AVEBAR.1,AVEBAR,Avena barbata,Non-native,Grass,Moderate,Cal IPC,D5,4,D,5,WWP,Control,rgr_v_AM,-0.01287524830197777
D5.AVEBAR.1,AVEBAR,Avena barbata,Non-native,Grass,Moderate,Cal IPC,D5,4,D,5,WWP,Control,rgr_v_MJ,NA
D5.BRODIA.1,BRODIA,Bromus diandrus,Non-native,Grass,Moderate,Cal IPC,D5,4,D,5,WWP,Control,rgr_v_FM,NA
D5.BRODIA.1,BRODIA,Bromus diandrus,Non-native,Grass,Moderate,Cal IPC,D5,4,D,5,WWP,Control,rgr_v_MA,0.05875761516796952
D5.BRODIA.1,BRODIA,Bromus diandrus,Non-native,Grass,Moderate,Cal IPC,D5,4,D,5,WWP,Control,rgr_v_AM,0.05252493474550028
D5.BRODIA.1,BRODIA,Bromus diandrus,Non-native,Grass,Moderate,Cal IPC,D5,4,D,5,WWP,Control,rgr_v_MJ,NA
D5.BROMAD.1,BROMAD,Bromus madritensis,Non-native,Grass,High,Cal IPC,D5,4,D,5,WWP,Control,rgr_v_FM,NA
D5.BROMAD.1,BROMAD,Bromus madritensis,Non-native,Grass,High,Cal IPC,D5,4,D,5,WWP,Control,rgr_v_MA,0.03372003038928266
D5.BROMAD.1,BROMAD,Bromus madritensis,Non-native,Grass,High,Cal IPC,D5,4,D,5,WWP,Control,rgr_v_AM,NA
D5.BROMAD.1,BROMAD,Bromus madritensis,Non-native,Grass,High,Cal IPC,D5,4,D,5,WWP,Control,rgr_v_MJ,NA
D5.LUPMIC.1,LUPMIC,Lupinus microcarpus,Native,Forb,Native,CalFlora,D5,4,D,5,WWP,Control,rgr_v_FM,0.04815891217303744
D5.LUPMIC.1,LUPMIC,Lupinus microcarpus,Native,Forb,Native,CalFlora,D5,4,D,5,WWP,Control,rgr_v_MA,0.04985697157019191
D5.LUPMIC.1,LUPMIC,Lupinus microcarpus,Native,Forb,Native,CalFlora,D5,4,D,5,WWP,Control,rgr_v_AM,0.09299183271736984
D5.LUPMIC.1,LUPMIC,Lupinus microcarpus,Native,Forb,Native,CalFlora,D5,4,D,5,WWP,Control,rgr_v_MJ,NA
D5.PHATAN.1,PHATAN,Phacelia tanacetifolia,Native,Forb,Native,CalFlora,D5,4,D,5,WWP,Control,rgr_v_FM,0.08354059351542042
D5.PHATAN.1,PHATAN,Phacelia tanacetifolia,Native,Forb,Native,CalFlora,D5,4,D,5,WWP,Control,rgr_v_MA,0.05156253104258131
D5.PHATAN.1,PHATAN,Phacelia tanacetifolia,Native,Forb,Native,CalFlora,D5,4,D,5,WWP,Control,rgr_v_AM,NA
D5.PHATAN.1,PHATAN,Phacelia tanacetifolia,Native,Forb,Native,CalFlora,D5,4,D,5,WWP,Control,rgr_v_MJ,NA
D6.BRODIA.1,BRODIA,Bromus diandrus,Non-native,Grass,Moderate,Cal IPC,D6,4,D,6,BORR,Control,rgr_v_FM,NA
D6.BRODIA.1,BRODIA,Bromus diandrus,Non-native,Grass,Moderate,Cal IPC,D6,4,D,6,BORR,Control,rgr_v_MA,0.1147534124229398
D6.BRODIA.1,BRODIA,Bromus diandrus,Non-native,Grass,Moderate,Cal IPC,D6,4,D,6,BORR,Control,rgr_v_AM,0.03000973040057122
D6.BRODIA.1,BRODIA,Bromus diandrus,Non-native,Grass,Moderate,Cal IPC,D6,4,D,6,BORR,Control,rgr_v_MJ,NA
D6.BROHOR.1,BROHOR,Bromus hordeaceaus,Non-native,Grass,Limited,Cal IPC,D6,4,D,6,BORR,Control,rgr_v_FM,NA
D6.BROHOR.1,BROHOR,Bromus hordeaceaus,Non-native,Grass,Limited,Cal IPC,D6,4,D,6,BORR,Control,rgr_v_MA,0.11520598386931692
D6.BROHOR.1,BROHOR,Bromus hordeaceaus,Non-native,Grass,Limited,Cal IPC,D6,4,D,6,BORR,Control,rgr_v_AM,NA
D6.BROHOR.1,BROHOR,Bromus hordeaceaus,Non-native,Grass,Limited,Cal IPC,D6,4,D,6,BORR,Control,rgr_v_MJ,NA
D6.DAUPUS.1,DAUPUS,Daucus pusillus,Native,Forb,Native,CalFlora,D6,4,D,6,BORR,Control,rgr_v_FM,0.07783640596221254
D6.DAUPUS.1,DAUPUS,Daucus pusillus,Native,Forb,Native,CalFlora,D6,4,D,6,BORR,Control,rgr_v_MA,0.0938754595247481
D6.DAUPUS.1,DAUPUS,Daucus pusillus,Native,Forb,Native,CalFlora,D6,4,D,6,BORR,Control,rgr_v_AM,0.01809345219649907
D6.DAUPUS.1,DAUPUS,Daucus pusillus,Native,Forb,Native,CalFlora,D6,4,D,6,BORR,Control,rgr_v_MJ,NA
D6.EROBOT.1,EROBOT,Erodium botrys,Non-native,Forb,Non-native,CalFlora,D6,4,D,6,BORR,Control,rgr_v_FM,0.0954586630789899
D6.EROBOT.1,EROBOT,Erodium botrys,Non-native,Forb,Non-native,CalFlora,D6,4,D,6,BORR,Control,rgr_v_MA,0.10675257985067044
D6.EROBOT.1,EROBOT,Erodium botrys,Non-native,Forb,Non-native,CalFlora,D6,4,D,6,BORR,Control,rgr_v_AM,NA
D6.EROBOT.1,EROBOT,Erodium botrys,Non-native,Forb,Non-native,CalFlora,D6,4,D,6,BORR,Control,rgr_v_MJ,NA
D6.GERDIS.1,GERDIS,Geranium dissectum,Non-native,Forb,Limited,Cal IPC,D6,4,D,6,BORR,Control,rgr_v_FM,0.09691899828781576
D6.GERDIS.1,GERDIS,Geranium dissectum,Non-native,Forb,Limited,Cal IPC,D6,4,D,6,BORR,Control,rgr_v_MA,0.09482944006226449
D6.GERDIS.1,GERDIS,Geranium dissectum,Non-native,Forb,Limited,Cal IPC,D6,4,D,6,BORR,Control,rgr_v_AM,NA
D6.GERDIS.1,GERDIS,Geranium dissectum,Non-native,Forb,Limited,Cal IPC,D6,4,D,6,BORR,Control,rgr_v_MJ,NA
D6.LUPBIC.1,LUPBIC,Lupinus bicolor,Native,Forb,Native,CalFlora,D6,4,D,6,BORR,Control,rgr_v_FM,0.05865348275173707
D6.LUPBIC.1,LUPBIC,Lupinus bicolor,Native,Forb,Native,CalFlora,D6,4,D,6,BORR,Control,rgr_v_MA,-0.00266809025578454
D6.LUPBIC.1,LUPBIC,Lupinus bicolor,Native,Forb,Native,CalFlora,D6,4,D,6,BORR,Control,rgr_v_AM,0.07288218427796747
D6.LUPBIC.1,LUPBIC,Lupinus bicolor,Native,Forb,Native,CalFlora,D6,4,D,6,BORR,Control,rgr_v_MJ,NA
D6.MADGRA.1,MADGRA,Madia gracilis,Native,Forb,Native,CalFlora,D6,4,D,6,BORR,Control,rgr_v_FM,0.10212903575061912
D6.MADGRA.1,MADGRA,Madia gracilis,Native,Forb,Native,CalFlora,D6,4,D,6,BORR,Control,rgr_v_MA,0.0453883393548358
D6.MADGRA.1,MADGRA,Madia gracilis,Native,Forb,Native,CalFlora,D6,4,D,6,BORR,Control,rgr_v_AM,0.1029191241476924
D6.MADGRA.1,MADGRA,Madia gracilis,Native,Forb,Native,CalFlora,D6,4,D,6,BORR,Control,rgr_v_MJ,NA
D6.TORARV.1,TORARV,Torilis arvensis,Non-native,Forb,Moderate,Cal IPC,D6,4,D,6,BORR,Control,rgr_v_FM,0.08613221373605535
D6.TORARV.1,TORARV,Torilis arvensis,Non-native,Forb,Moderate,Cal IPC,D6,4,D,6,BORR,Control,rgr_v_MA,0.06799385355338426
D6.TORARV.1,TORARV,Torilis arvensis,Non-native,Forb,Moderate,Cal IPC,D6,4,D,6,BORR,Control,rgr_v_AM,0.06536680922966617
D6.TORARV.1,TORARV,Torilis arvensis,Non-native,Forb,Moderate,Cal IPC,D6,4,D,6,BORR,Control,rgr_v_MJ,NA
D6.TRIHIR.1,TRIHIR,Trifolium hirtum,Non-native,Forb,Limited,Cal IPC,D6,4,D,6,BORR,Control,rgr_v_FM,0.09153268484785364
D6.TRIHIR.1,TRIHIR,Trifolium hirtum,Non-native,Forb,Limited,Cal IPC,D6,4,D,6,BORR,Control,rgr_v_MA,0.13596134585620454
D6.TRIHIR.1,TRIHIR,Trifolium hirtum,Non-native,Forb,Limited,Cal IPC,D6,4,D,6,BORR,Control,rgr_v_AM,0.0413687456835383
D6.TRIHIR.1,TRIHIR,Trifolium hirtum,Non-native,Forb,Limited,Cal IPC,D6,4,D,6,BORR,Control,rgr_v_MJ,NA
D6.VICSAT.1,VICSAT,Vicia sativa,Non-native,Forb,Non-native,CalFlora,D6,4,D,6,BORR,Control,rgr_v_FM,0.09967308370530294
D6.VICSAT.1,VICSAT,Vicia sativa,Non-native,Forb,Non-native,CalFlora,D6,4,D,6,BORR,Control,rgr_v_MA,0.08905029697134301
D6.VICSAT.1,VICSAT,Vicia sativa,Non-native,Forb,Non-native,CalFlora,D6,4,D,6,BORR,Control,rgr_v_AM,NA
D6.VICSAT.1,VICSAT,Vicia sativa,Non-native,Forb,Non-native,CalFlora,D6,4,D,6,BORR,Control,rgr_v_MJ,NA
D7.BRODIA.1,BRODIA,Bromus diandrus,Non-native,Grass,Moderate,Cal IPC,D7,4,D,7,SEDG,Control,rgr_v_FM,NA
D7.BRODIA.1,BRODIA,Bromus diandrus,Non-native,Grass,Moderate,Cal IPC,D7,4,D,7,SEDG,Control,rgr_v_MA,NA
D7.BRODIA.1,BRODIA,Bromus diandrus,Non-native,Grass,Moderate,Cal IPC,D7,4,D,7,SEDG,Control,rgr_v_AM,NA
D7.BRODIA.1,BRODIA,Bromus diandrus,Non-native,Grass,Moderate,Cal IPC,D7,4,D,7,SEDG,Control,rgr_v_MJ,NA
D7.BROHOR.1,BROHOR,Bromus hordeaceaus,Non-native,Grass,Limited,Cal IPC,D7,4,D,7,SEDG,Control,rgr_v_FM,NA
D7.BROHOR.1,BROHOR,Bromus hordeaceaus,Non-native,Grass,Limited,Cal IPC,D7,4,D,7,SEDG,Control,rgr_v_MA,0.10479547006960406
D7.BROHOR.1,BROHOR,Bromus hordeaceaus,Non-native,Grass,Limited,Cal IPC,D7,4,D,7,SEDG,Control,rgr_v_AM,NA
D7.BROHOR.1,BROHOR,Bromus hordeaceaus,Non-native,Grass,Limited,Cal IPC,D7,4,D,7,SEDG,Control,rgr_v_MJ,NA
D7.CENMEL.1,CENMEL,Centaurea melitensis,Non-native,Forb,Moderate,Cal IPC,D7,4,D,7,SEDG,Control,rgr_v_FM,0.14289167503449307
D7.CENMEL.1,CENMEL,Centaurea melitensis,Non-native,Forb,Moderate,Cal IPC,D7,4,D,7,SEDG,Control,rgr_v_MA,0.09048270304775002
D7.CENMEL.1,CENMEL,Centaurea melitensis,Non-native,Forb,Moderate,Cal IPC,D7,4,D,7,SEDG,Control,rgr_v_AM,0.07269940454794188
D7.CENMEL.1,CENMEL,Centaurea melitensis,Non-native,Forb,Moderate,Cal IPC,D7,4,D,7,SEDG,Control,rgr_v_MJ,NA
D7.CORFIL.1,CORFIL,Corethrogyne filaginafolia,Native,Forb,Native,CalFlora,D7,4,D,7,SEDG,Control,rgr_v_FM,0.07586556400194124
D7.CORFIL.1,CORFIL,Corethrogyne filaginafolia,Native,Forb,Native,CalFlora,D7,4,D,7,SEDG,Control,rgr_v_MA,0.03965280222912789
D7.CORFIL.1,CORFIL,Corethrogyne filaginafolia,Native,Forb,Native,CalFlora,D7,4,D,7,SEDG,Control,rgr_v_AM,0.03317393301546086
D7.CORFIL.1,CORFIL,Corethrogyne filaginafolia,Native,Forb,Native,CalFlora,D7,4,D,7,SEDG,Control,rgr_v_MJ,0.03765853819472123
D7.ESCCAL.1,ESCCAL,Eschscholzia californica,Native,Forb,Native,CalFlora,D7,4,D,7,SEDG,Control,rgr_v_FM,0.08145788200427923
D7.ESCCAL.1,ESCCAL,Eschscholzia californica,Native,Forb,Native,CalFlora,D7,4,D,7,SEDG,Control,rgr_v_MA,0.0855406668554331
D7.ESCCAL.1,ESCCAL,Eschscholzia californica,Native,Forb,Native,CalFlora,D7,4,D,7,SEDG,Control,rgr_v_AM,0.06348678590369351
D7.ESCCAL.1,ESCCAL,Eschscholzia californica,Native,Forb,Native,CalFlora,D7,4,D,7,SEDG,Control,rgr_v_MJ,-0.2086465406661011
D7.MICCAL.1,MICCAL,Micropus californicus,Native,Forb,Native,CalFlora,D7,4,D,7,SEDG,Control,rgr_v_FM,0.13328818040700816
D7.MICCAL.1,MICCAL,Micropus californicus,Native,Forb,Native,CalFlora,D7,4,D,7,SEDG,Control,rgr_v_MA,0.09935126862710247
D7.MICCAL.1,MICCAL,Micropus californicus,Native,Forb,Native,CalFlora,D7,4,D,7,SEDG,Control,rgr_v_AM,NA
D7.MICCAL.1,MICCAL,Micropus californicus,Native,Forb,Native,CalFlora,D7,4,D,7,SEDG,Control,rgr_v_MJ,NA
D8.BRODIA.1,BRODIA,Bromus diandrus,Non-native,Grass,Moderate,Cal IPC,D8,4,D,8,SEDG,Control,rgr_v_FM,NA
D8.BRODIA.1,BRODIA,Bromus diandrus,Non-native,Grass,Moderate,Cal IPC,D8,4,D,8,SEDG,Control,rgr_v_MA,0.0784567848974356
D8.BRODIA.1,BRODIA,Bromus diandrus,Non-native,Grass,Moderate,Cal IPC,D8,4,D,8,SEDG,Control,rgr_v_AM,-0.01815530337892928
D8.BRODIA.1,BRODIA,Bromus diandrus,Non-native,Grass,Moderate,Cal IPC,D8,4,D,8,SEDG,Control,rgr_v_MJ,NA
D8.BROHOR.1,BROHOR,Bromus hordeaceaus,Non-native,Grass,Limited,Cal IPC,D8,4,D,8,SEDG,Control,rgr_v_FM,NA
D8.BROHOR.1,BROHOR,Bromus hordeaceaus,Non-native,Grass,Limited,Cal IPC,D8,4,D,8,SEDG,Control,rgr_v_MA,0.04444211489445996
D8.BROHOR.1,BROHOR,Bromus hordeaceaus,Non-native,Grass,Limited,Cal IPC,D8,4,D,8,SEDG,Control,rgr_v_AM,NA
D8.BROHOR.1,BROHOR,Bromus hordeaceaus,Non-native,Grass,Limited,Cal IPC,D8,4,D,8,SEDG,Control,rgr_v_MJ,NA
D8.BROMAD.1,BROMAD,Bromus madritensis,Non-native,Grass,High,Cal IPC,D8,4,D,8,SEDG,Control,rgr_v_FM,NA
D8.BROMAD.1,BROMAD,Bromus madritensis,Non-native,Grass,High,Cal IPC,D8,4,D,8,SEDG,Control,rgr_v_MA,0.04107145604308773
D8.BROMAD.1,BROMAD,Bromus madritensis,Non-native,Grass,High,Cal IPC,D8,4,D,8,SEDG,Control,rgr_v_AM,NA
D8.BROMAD.1,BROMAD,Bromus madritensis,Non-native,Grass,High,Cal IPC,D8,4,D,8,SEDG,Control,rgr_v_MJ,NA
D8.CENMEL.1,CENMEL,Centaurea melitensis,Non-native,Forb,Moderate,Cal IPC,D8,4,D,8,SEDG,Control,rgr_v_FM,0.1489698639180491
D8.CENMEL.1,CENMEL,Centaurea melitensis,Non-native,Forb,Moderate,Cal IPC,D8,4,D,8,SEDG,Control,rgr_v_MA,0.0575253760612414
D8.CENMEL.1,CENMEL,Centaurea melitensis,Non-native,Forb,Moderate,Cal IPC,D8,4,D,8,SEDG,Control,rgr_v_AM,0.0997612359703492
D8.CENMEL.1,CENMEL,Centaurea melitensis,Non-native,Forb,Moderate,Cal IPC,D8,4,D,8,SEDG,Control,rgr_v_MJ,NA
D8.CORFIL.1,CORFIL,Corethrogyne filaginafolia,Native,Forb,Native,CalFlora,D8,4,D,8,SEDG,Control,rgr_v_FM,0.09591581091193482
D8.CORFIL.1,CORFIL,Corethrogyne filaginafolia,Native,Forb,Native,CalFlora,D8,4,D,8,SEDG,Control,rgr_v_MA,0.03761550839392635
D8.CORFIL.1,CORFIL,Corethrogyne filaginafolia,Native,Forb,Native,CalFlora,D8,4,D,8,SEDG,Control,rgr_v_AM,0.0352112268506624
D8.CORFIL.1,CORFIL,Corethrogyne filaginafolia,Native,Forb,Native,CalFlora,D8,4,D,8,SEDG,Control,rgr_v_MJ,0.02952923089334899
D8.MICCAL.1,MICCAL,Micropus californicus,Native,Forb,Native,CalFlora,D8,4,D,8,SEDG,Control,rgr_v_FM,0.09452838859241922
D8.MICCAL.1,MICCAL,Micropus californicus,Native,Forb,Native,CalFlora,D8,4,D,8,SEDG,Control,rgr_v_MA,NA
D8.MICCAL.1,MICCAL,Micropus californicus,Native,Forb,Native,CalFlora,D8,4,D,8,SEDG,Control,rgr_v_AM,NA
D8.MICCAL.1,MICCAL,Micropus californicus,Native,Forb,Native,CalFlora,D8,4,D,8,SEDG,Control,rgr_v_MJ,NA
E1.AIRCAR.1,AIRCAR,Aira caryophyllea,Non-native,Grass,Non-native,CalFlora,E1,5,E,1,ANGELO,Control,rgr_v_FM,0.10150220498520224
E1.AIRCAR.1,AIRCAR,Aira caryophyllea,Non-native,Grass,Non-native,CalFlora,E1,5,E,1,ANGELO,Control,rgr_v_MA,0.09368633075029607
E1.AIRCAR.1,AIRCAR,Aira caryophyllea,Non-native,Grass,Non-native,CalFlora,E1,5,E,1,ANGELO,Control,rgr_v_AM,0.05318160101765987
E1.AIRCAR.1,AIRCAR,Aira caryophyllea,Non-native,Grass,Non-native,CalFlora,E1,5,E,1,ANGELO,Control,rgr_v_MJ,NA
E1.BRODIA.1,BRODIA,Bromus diandrus,Non-native,Grass,Moderate,Cal IPC,E1,5,E,1,ANGELO,Control,rgr_v_FM,NA
E1.BRODIA.1,BRODIA,Bromus diandrus,Non-native,Grass,Moderate,Cal IPC,E1,5,E,1,ANGELO,Control,rgr_v_MA,0.07118362099858823
E1.BRODIA.1,BRODIA,Bromus diandrus,Non-native,Grass,Moderate,Cal IPC,E1,5,E,1,ANGELO,Control,rgr_v_AM,0.11354520231509375
E1.BRODIA.1,BRODIA,Bromus diandrus,Non-native,Grass,Moderate,Cal IPC,E1,5,E,1,ANGELO,Control,rgr_v_MJ,NA
E1.BROHOR.1,BROHOR,Bromus hordeaceaus,Non-native,Grass,Limited,Cal IPC,E1,5,E,1,ANGELO,Control,rgr_v_FM,NA
E1.BROHOR.1,BROHOR,Bromus hordeaceaus,Non-native,Grass,Limited,Cal IPC,E1,5,E,1,ANGELO,Control,rgr_v_MA,0.08140359379317966
E1.BROHOR.1,BROHOR,Bromus hordeaceaus,Non-native,Grass,Limited,Cal IPC,E1,5,E,1,ANGELO,Control,rgr_v_AM,0.08530418666047901
E1.BROHOR.1,BROHOR,Bromus hordeaceaus,Non-native,Grass,Limited,Cal IPC,E1,5,E,1,ANGELO,Control,rgr_v_MJ,NA
E1.DAUPUS.1,DAUPUS,Daucus pusillus,Native,Forb,Native,CalFlora,E1,5,E,1,ANGELO,Control,rgr_v_FM,0.08731007312648022
E1.DAUPUS.1,DAUPUS,Daucus pusillus,Native,Forb,Native,CalFlora,E1,5,E,1,ANGELO,Control,rgr_v_MA,0.1166382737708316
E1.DAUPUS.1,DAUPUS,Daucus pusillus,Native,Forb,Native,CalFlora,E1,5,E,1,ANGELO,Control,rgr_v_AM,0.04104631858288895
E1.DAUPUS.1,DAUPUS,Daucus pusillus,Native,Forb,Native,CalFlora,E1,5,E,1,ANGELO,Control,rgr_v_MJ,NA
E1.GALPAR.1,GALPAR,Galium parisiense,Non-native,Forb,Non-native,CalFlora,E1,5,E,1,ANGELO,Control,rgr_v_FM,0.12628516715406815
E1.GALPAR.1,GALPAR,Galium parisiense,Non-native,Forb,Non-native,CalFlora,E1,5,E,1,ANGELO,Control,rgr_v_MA,0.10040089362907167
E1.GALPAR.1,GALPAR,Galium parisiense,Non-native,Forb,Non-native,CalFlora,E1,5,E,1,ANGELO,Control,rgr_v_AM,0.07582413283268667
E1.GALPAR.1,GALPAR,Galium parisiense,Non-native,Forb,Non-native,CalFlora,E1,5,E,1,ANGELO,Control,rgr_v_MJ,NA
E1.HYPGLA.1,HYPGLA,Hypochaeris glabra,Non-native,Forb,Limited,Cal IPC,E1,5,E,1,ANGELO,Control,rgr_v_FM,0.13409058423086392
E1.HYPGLA.1,HYPGLA,Hypochaeris glabra,Non-native,Forb,Limited,Cal IPC,E1,5,E,1,ANGELO,Control,rgr_v_MA,0.07147204489636881
E1.HYPGLA.1,HYPGLA,Hypochaeris glabra,Non-native,Forb,Limited,Cal IPC,E1,5,E,1,ANGELO,Control,rgr_v_AM,0.067905357867801025
E1.HYPGLA.1,HYPGLA,Hypochaeris glabra,Non-native,Forb,Limited,Cal IPC,E1,5,E,1,ANGELO,Control,rgr_v_MJ,NA
E1.MADGRA.1,MADGRA,Madia gracilis,Native,Forb,Native,CalFlora,E1,5,E,1,ANGELO,Control,rgr_v_FM,0.1041557769654696
E1.MADGRA.1,MADGRA,Madia gracilis,Native,Forb,Native,CalFlora,E1,5,E,1,ANGELO,Control,rgr_v_MA,0.06265466706189156
E1.MADGRA.1,MADGRA,Madia gracilis,Native,Forb,Native,CalFlora,E1,5,E,1,ANGELO,Control,rgr_v_AM,0.09039632579634664
E1.MADGRA.1,MADGRA,Madia gracilis,Native,Forb,Native,CalFlora,E1,5,E,1,ANGELO,Control,rgr_v_MJ,NA
E2.AMSMEN.1,AMSMEN,Amsinckia menziesii,Native,Forb,Native,CalFlora,E2,5,E,2,WWP,Control,rgr_v_FM,0.05381529869060763
E2.AMSMEN.1,AMSMEN,Amsinckia menziesii,Native,Forb,Native,CalFlora,E2,5,E,2,WWP,Control,rgr_v_MA,NA
E2.AMSMEN.1,AMSMEN,Amsinckia menziesii,Native,Forb,Native,CalFlora,E2,5,E,2,WWP,Control,rgr_v_AM,NA
E2.AMSMEN.1,AMSMEN,Amsinckia menziesii,Native,Forb,Native,CalFlora,E2,5,E,2,WWP,Control,rgr_v_MJ,NA
E2.BRODIA.1,BRODIA,Bromus diandrus,Non-native,Grass,Moderate,Cal IPC,E2,5,E,2,WWP,Control,rgr_v_FM,NA
E2.BRODIA.1,BRODIA,Bromus diandrus,Non-native,Grass,Moderate,Cal IPC,E2,5,E,2,WWP,Control,rgr_v_MA,0.1071529745908273
E2.BRODIA.1,BRODIA,Bromus diandrus,Non-native,Grass,Moderate,Cal IPC,E2,5,E,2,WWP,Control,rgr_v_AM,0.0320909020709294
E2.BRODIA.1,BRODIA,Bromus diandrus,Non-native,Grass,Moderate,Cal IPC,E2,5,E,2,WWP,Control,rgr_v_MJ,NA
E2.CAUCOU.1,CAUCOU,Caulanthus coulteri,Native,Forb,Native,CalFlora,E2,5,E,2,WWP,Control,rgr_v_FM,NA
E2.CAUCOU.1,CAUCOU,Caulanthus coulteri,Native,Forb,Native,CalFlora,E2,5,E,2,WWP,Control,rgr_v_MA,NA
E2.CAUCOU.1,CAUCOU,Caulanthus coulteri,Native,Forb,Native,CalFlora,E2,5,E,2,WWP,Control,rgr_v_AM,NA
E2.CAUCOU.1,CAUCOU,Caulanthus coulteri,Native,Forb,Native,CalFlora,E2,5,E,2,WWP,Control,rgr_v_MJ,NA
E2.EROCIC.1,EROCIC,Erodium cicutarium,Non-native,Forb,Non-native,CalFlora,E2,5,E,2,WWP,Control,rgr_v_FM,0.08758720326960598
E2.EROCIC.1,EROCIC,Erodium cicutarium,Non-native,Forb,Non-native,CalFlora,E2,5,E,2,WWP,Control,rgr_v_MA,0.09923962889302096
E2.EROCIC.1,EROCIC,Erodium cicutarium,Non-native,Forb,Non-native,CalFlora,E2,5,E,2,WWP,Control,rgr_v_AM,0.11545170506543306
E2.EROCIC.1,EROCIC,Erodium cicutarium,Non-native,Forb,Non-native,CalFlora,E2,5,E,2,WWP,Control,rgr_v_MJ,NA
E2.PHATAN.1B,PHATAN,Phacelia tanacetifolia,Native,Forb,Native,CalFlora,E2,5,E,2,WWP,Control,rgr_v_FM,NA
E2.PHATAN.1B,PHATAN,Phacelia tanacetifolia,Native,Forb,Native,CalFlora,E2,5,E,2,WWP,Control,rgr_v_MA,NA
E2.PHATAN.1B,PHATAN,Phacelia tanacetifolia,Native,Forb,Native,CalFlora,E2,5,E,2,WWP,Control,rgr_v_AM,NA
E2.PHATAN.1B,PHATAN,Phacelia tanacetifolia,Native,Forb,Native,CalFlora,E2,5,E,2,WWP,Control,rgr_v_MJ,NA
E3.AIRCAR.1,AIRCAR,Aira caryophyllea,Non-native,Grass,Non-native,CalFlora,E3,5,E,3,ANGELO,Control,rgr_v_FM,0.14495854468413358
E3.AIRCAR.1,AIRCAR,Aira caryophyllea,Non-native,Grass,Non-native,CalFlora,E3,5,E,3,ANGELO,Control,rgr_v_MA,0.08791190244570936
E3.AIRCAR.1,AIRCAR,Aira caryophyllea,Non-native,Grass,Non-native,CalFlora,E3,5,E,3,ANGELO,Control,rgr_v_AM,-0.00258139753244931
E3.AIRCAR.1,AIRCAR,Aira caryophyllea,Non-native,Grass,Non-native,CalFlora,E3,5,E,3,ANGELO,Control,rgr_v_MJ,NA
E3.BRODIA.1,BRODIA,Bromus diandrus,Non-native,Grass,Moderate,Cal IPC,E3,5,E,3,ANGELO,Control,rgr_v_FM,NA
E3.BRODIA.1,BRODIA,Bromus diandrus,Non-native,Grass,Moderate,Cal IPC,E3,5,E,3,ANGELO,Control,rgr_v_MA,0.06919028252691871
E3.BRODIA.1,BRODIA,Bromus diandrus,Non-native,Grass,Moderate,Cal IPC,E3,5,E,3,ANGELO,Control,rgr_v_AM,0.1132069900407274
E3.BRODIA.1,BRODIA,Bromus diandrus,Non-native,Grass,Moderate,Cal IPC,E3,5,E,3,ANGELO,Control,rgr_v_MJ,NA
E3.BROHOR.1,BROHOR,Bromus hordeaceaus,Non-native,Grass,Limited,Cal IPC,E3,5,E,3,ANGELO,Control,rgr_v_FM,NA
E3.BROHOR.1,BROHOR,Bromus hordeaceaus,Non-native,Grass,Limited,Cal IPC,E3,5,E,3,ANGELO,Control,rgr_v_MA,0.05499597515283231
E3.BROHOR.1,BROHOR,Bromus hordeaceaus,Non-native,Grass,Limited,Cal IPC,E3,5,E,3,ANGELO,Control,rgr_v_AM,0.07244168368430952
E3.BROHOR.1,BROHOR,Bromus hordeaceaus,Non-native,Grass,Limited,Cal IPC,E3,5,E,3,ANGELO,Control,rgr_v_MJ,NA
E3.DAUPUS.1,DAUPUS,Daucus pusillus,Native,Forb,Native,CalFlora,E3,5,E,3,ANGELO,Control,rgr_v_FM,0.0867717337445828
E3.DAUPUS.1,DAUPUS,Daucus pusillus,Native,Forb,Native,CalFlora,E3,5,E,3,ANGELO,Control,rgr_v_MA,0.06504462599073223
E3.DAUPUS.1,DAUPUS,Daucus pusillus,Native,Forb,Native,CalFlora,E3,5,E,3,ANGELO,Control,rgr_v_AM,0.07029935111520559
E3.DAUPUS.1,DAUPUS,Daucus pusillus,Native,Forb,Native,CalFlora,E3,5,E,3,ANGELO,Control,rgr_v_MJ,NA
E3.ESCCAL.1,ESCCAL,Eschscholzia californica,Native,Forb,Native,CalFlora,E3,5,E,3,ANGELO,Control,rgr_v_FM,0.08231023705754888
E3.ESCCAL.1,ESCCAL,Eschscholzia californica,Native,Forb,Native,CalFlora,E3,5,E,3,ANGELO,Control,rgr_v_MA,0.02420340627096432
E3.ESCCAL.1,ESCCAL,Eschscholzia californica,Native,Forb,Native,CalFlora,E3,5,E,3,ANGELO,Control,rgr_v_AM,0.01515923470137536
E3.ESCCAL.1,ESCCAL,Eschscholzia californica,Native,Forb,Native,CalFlora,E3,5,E,3,ANGELO,Control,rgr_v_MJ,0.1122269099602368
E3.GALPAR.1,GALPAR,Galium parisiense,Non-native,Forb,Non-native,CalFlora,E3,5,E,3,ANGELO,Control,rgr_v_FM,0.12223283962876712
E3.GALPAR.1,GALPAR,Galium parisiense,Non-native,Forb,Non-native,CalFlora,E3,5,E,3,ANGELO,Control,rgr_v_MA,0.11582062520324785
E3.GALPAR.1,GALPAR,Galium parisiense,Non-native,Forb,Non-native,CalFlora,E3,5,E,3,ANGELO,Control,rgr_v_AM,NA
E3.GALPAR.1,GALPAR,Galium parisiense,Non-native,Forb,Non-native,CalFlora,E3,5,E,3,ANGELO,Control,rgr_v_MJ,NA
E3.MADGRA.1,MADGRA,Madia gracilis,Native,Forb,Native,CalFlora,E3,5,E,3,ANGELO,Control,rgr_v_FM,0.08442132418468001
E3.MADGRA.1,MADGRA,Madia gracilis,Native,Forb,Native,CalFlora,E3,5,E,3,ANGELO,Control,rgr_v_MA,0.08431417811712802
E3.MADGRA.1,MADGRA,Madia gracilis,Native,Forb,Native,CalFlora,E3,5,E,3,ANGELO,Control,rgr_v_AM,0.07794322159825118
E3.MADGRA.1,MADGRA,Madia gracilis,Native,Forb,Native,CalFlora,E3,5,E,3,ANGELO,Control,rgr_v_MJ,NA
E4.AMSMEN.1,AMSMEN,Amsinckia menziesii,Native,Forb,Native,CalFlora,E4,5,E,4,WWP,Control,rgr_v_FM,0.08200738873328328
E4.AMSMEN.1,AMSMEN,Amsinckia menziesii,Native,Forb,Native,CalFlora,E4,5,E,4,WWP,Control,rgr_v_MA,NA
E4.AMSMEN.1,AMSMEN,Amsinckia menziesii,Native,Forb,Native,CalFlora,E4,5,E,4,WWP,Control,rgr_v_AM,NA
E4.AMSMEN.1,AMSMEN,Amsinckia menziesii,Native,Forb,Native,CalFlora,E4,5,E,4,WWP,Control,rgr_v_MJ,NA
E4.BRODIA.1,BRODIA,Bromus diandrus,Non-native,Grass,Moderate,Cal IPC,E4,5,E,4,WWP,Control,rgr_v_FM,NA
E4.BRODIA.1,BRODIA,Bromus diandrus,Non-native,Grass,Moderate,Cal IPC,E4,5,E,4,WWP,Control,rgr_v_MA,0.10727254867116942
E4.BRODIA.1,BRODIA,Bromus diandrus,Non-native,Grass,Moderate,Cal IPC,E4,5,E,4,WWP,Control,rgr_v_AM,0.05036773613625497
E4.BRODIA.1,BRODIA,Bromus diandrus,Non-native,Grass,Moderate,Cal IPC,E4,5,E,4,WWP,Control,rgr_v_MJ,NA
E4.BROMAD.1,BROMAD,Bromus madritensis,Non-native,Grass,High,Cal IPC,E4,5,E,4,WWP,Control,rgr_v_FM,NA
E4.BROMAD.1,BROMAD,Bromus madritensis,Non-native,Grass,High,Cal IPC,E4,5,E,4,WWP,Control,rgr_v_MA,0.07264289588831842
E4.BROMAD.1,BROMAD,Bromus madritensis,Non-native,Grass,High,Cal IPC,E4,5,E,4,WWP,Control,rgr_v_AM,NA
E4.BROMAD.1,BROMAD,Bromus madritensis,Non-native,Grass,High,Cal IPC,E4,5,E,4,WWP,Control,rgr_v_MJ,NA
E4.EROCIC.1,EROCIC,Erodium cicutarium,Non-native,Forb,Non-native,CalFlora,E4,5,E,4,WWP,Control,rgr_v_FM,NA
E4.EROCIC.1,EROCIC,Erodium cicutarium,Non-native,Forb,Non-native,CalFlora,E4,5,E,4,WWP,Control,rgr_v_MA,NA
E4.EROCIC.1,EROCIC,Erodium cicutarium,Non-native,Forb,Non-native,CalFlora,E4,5,E,4,WWP,Control,rgr_v_AM,NA
E4.EROCIC.1,EROCIC,Erodium cicutarium,Non-native,Forb,Non-native,CalFlora,E4,5,E,4,WWP,Control,rgr_v_MJ,NA
E4.LUPMIC.1,LUPMIC,Lupinus microcarpus,Native,Forb,Native,CalFlora,E4,5,E,4,WWP,Control,rgr_v_FM,0.05331901388922656
E4.LUPMIC.1,LUPMIC,Lupinus microcarpus,Native,Forb,Native,CalFlora,E4,5,E,4,WWP,Control,rgr_v_MA,0.06025026087320646
E4.LUPMIC.1,LUPMIC,Lupinus microcarpus,Native,Forb,Native,CalFlora,E4,5,E,4,WWP,Control,rgr_v_AM,0.13083825402717236
E4.LUPMIC.1,LUPMIC,Lupinus microcarpus,Native,Forb,Native,CalFlora,E4,5,E,4,WWP,Control,rgr_v_MJ,NA
E5.AVEBAR.1,AVEBAR,Avena barbata,Non-native,Grass,Moderate,Cal IPC,E5,5,E,5,SEDG,Control,rgr_v_FM,NA
E5.AVEBAR.1,AVEBAR,Avena barbata,Non-native,Grass,Moderate,Cal IPC,E5,5,E,5,SEDG,Control,rgr_v_MA,NA
E5.AVEBAR.1,AVEBAR,Avena barbata,Non-native,Grass,Moderate,Cal IPC,E5,5,E,5,SEDG,Control,rgr_v_AM,NA
E5.AVEBAR.1,AVEBAR,Avena barbata,Non-native,Grass,Moderate,Cal IPC,E5,5,E,5,SEDG,Control,rgr_v_MJ,NA
E5.BRODIA.1,BRODIA,Bromus diandrus,Non-native,Grass,Moderate,Cal IPC,E5,5,E,5,SEDG,Control,rgr_v_FM,NA
E5.BRODIA.1,BRODIA,Bromus diandrus,Non-native,Grass,Moderate,Cal IPC,E5,5,E,5,SEDG,Control,rgr_v_MA,0.06281134239172192
E5.BRODIA.1,BRODIA,Bromus diandrus,Non-native,Grass,Moderate,Cal IPC,E5,5,E,5,SEDG,Control,rgr_v_AM,-0.03630469082356024
E5.BRODIA.1,BRODIA,Bromus diandrus,Non-native,Grass,Moderate,Cal IPC,E5,5,E,5,SEDG,Control,rgr_v_MJ,NA
E5.BROMAD.1,BROMAD,Bromus madritensis,Non-native,Grass,High,Cal IPC,E5,5,E,5,SEDG,Control,rgr_v_FM,NA
E5.BROMAD.1,BROMAD,Bromus madritensis,Non-native,Grass,High,Cal IPC,E5,5,E,5,SEDG,Control,rgr_v_MA,0.04267488842186258
E5.BROMAD.1,BROMAD,Bromus madritensis,Non-native,Grass,High,Cal IPC,E5,5,E,5,SEDG,Control,rgr_v_AM,-0.03457009671572845
E5.BROMAD.1,BROMAD,Bromus madritensis,Non-native,Grass,High,Cal IPC,E5,5,E,5,SEDG,Control,rgr_v_MJ,NA
E5.CENMEL.1,CENMEL,Centaurea melitensis,Non-native,Forb,Moderate,Cal IPC,E5,5,E,5,SEDG,Control,rgr_v_FM,0.12858206079643825
E5.CENMEL.1,CENMEL,Centaurea melitensis,Non-native,Forb,Moderate,Cal IPC,E5,5,E,5,SEDG,Control,rgr_v_MA,0.03354253391894937
E5.CENMEL.1,CENMEL,Centaurea melitensis,Non-native,Forb,Moderate,Cal IPC,E5,5,E,5,SEDG,Control,rgr_v_AM,0.09337351571702128
E5.CENMEL.1,CENMEL,Centaurea melitensis,Non-native,Forb,Moderate,Cal IPC,E5,5,E,5,SEDG,Control,rgr_v_MJ,NA
E5.EROCIC.1,EROCIC,Erodium cicutarium,Non-native,Forb,Non-native,CalFlora,E5,5,E,5,SEDG,Control,rgr_v_FM,0.1420426634702155
E5.EROCIC.1,EROCIC,Erodium cicutarium,Non-native,Forb,Non-native,CalFlora,E5,5,E,5,SEDG,Control,rgr_v_MA,0.10244553796587924
E5.EROCIC.1,EROCIC,Erodium cicutarium,Non-native,Forb,Non-native,CalFlora,E5,5,E,5,SEDG,Control,rgr_v_AM,0.064399718800939
E5.EROCIC.1,EROCIC,Erodium cicutarium,Non-native,Forb,Non-native,CalFlora,E5,5,E,5,SEDG,Control,rgr_v_MJ,NA
E5.MICCAL.1,MICCAL,Micropus californicus,Native,Forb,Native,CalFlora,E5,5,E,5,SEDG,Control,rgr_v_FM,0.08264811511738476
E5.MICCAL.1,MICCAL,Micropus californicus,Native,Forb,Native,CalFlora,E5,5,E,5,SEDG,Control,rgr_v_MA,0.09339416377840289
E5.MICCAL.1,MICCAL,Micropus californicus,Native,Forb,Native,CalFlora,E5,5,E,5,SEDG,Control,rgr_v_AM,NA
E5.MICCAL.1,MICCAL,Micropus californicus,Native,Forb,Native,CalFlora,E5,5,E,5,SEDG,Control,rgr_v_MJ,NA
E6.BRODIA.1,BRODIA,Bromus diandrus,Non-native,Grass,Moderate,Cal IPC,E6,5,E,6,SEDG,Control,rgr_v_FM,NA
E6.BRODIA.1,BRODIA,Bromus diandrus,Non-native,Grass,Moderate,Cal IPC,E6,5,E,6,SEDG,Control,rgr_v_MA,0.06822707950132048
E6.BRODIA.1,BRODIA,Bromus diandrus,Non-native,Grass,Moderate,Cal IPC,E6,5,E,6,SEDG,Control,rgr_v_AM,-0.01279945583034667
E6.BRODIA.1,BRODIA,Bromus diandrus,Non-native,Grass,Moderate,Cal IPC,E6,5,E,6,SEDG,Control,rgr_v_MJ,NA
E6.BROMAD.1,BROMAD,Bromus madritensis,Non-native,Grass,High,Cal IPC,E6,5,E,6,SEDG,Control,rgr_v_FM,NA
E6.BROMAD.1,BROMAD,Bromus madritensis,Non-native,Grass,High,Cal IPC,E6,5,E,6,SEDG,Control,rgr_v_MA,0.09182282942138026
E6.BROMAD.1,BROMAD,Bromus madritensis,Non-native,Grass,High,Cal IPC,E6,5,E,6,SEDG,Control,rgr_v_AM,NA
E6.BROMAD.1,BROMAD,Bromus madritensis,Non-native,Grass,High,Cal IPC,E6,5,E,6,SEDG,Control,rgr_v_MJ,NA
E6.CENMEL.1,CENMEL,Centaurea melitensis,Non-native,Forb,Moderate,Cal IPC,E6,5,E,6,SEDG,Control,rgr_v_FM,0.13892801826718695
E6.CENMEL.1,CENMEL,Centaurea melitensis,Non-native,Forb,Moderate,Cal IPC,E6,5,E,6,SEDG,Control,rgr_v_MA,0.05781088611646958
E6.CENMEL.1,CENMEL,Centaurea melitensis,Non-native,Forb,Moderate,Cal IPC,E6,5,E,6,SEDG,Control,rgr_v_AM,0.05553432944800812
E6.CENMEL.1,CENMEL,Centaurea melitensis,Non-native,Forb,Moderate,Cal IPC,E6,5,E,6,SEDG,Control,rgr_v_MJ,NA
E6.CORFIL.1,CORFIL,Corethrogyne filaginafolia,Native,Forb,Native,CalFlora,E6,5,E,6,SEDG,Control,rgr_v_FM,0.06088925400448949
E6.CORFIL.1,CORFIL,Corethrogyne filaginafolia,Native,Forb,Native,CalFlora,E6,5,E,6,SEDG,Control,rgr_v_MA,0.0631985605098495
E6.CORFIL.1,CORFIL,Corethrogyne filaginafolia,Native,Forb,Native,CalFlora,E6,5,E,6,SEDG,Control,rgr_v_AM,0.06588703162175381
E6.CORFIL.1,CORFIL,Corethrogyne filaginafolia,Native,Forb,Native,CalFlora,E6,5,E,6,SEDG,Control,rgr_v_MJ,0.05051508580824151
E6.EROCIC.1,EROCIC,Erodium cicutarium,Non-native,Forb,Non-native,CalFlora,E6,5,E,6,SEDG,Control,rgr_v_FM,0.12449986023005367
E6.EROCIC.1,EROCIC,Erodium cicutarium,Non-native,Forb,Non-native,CalFlora,E6,5,E,6,SEDG,Control,rgr_v_MA,0.0927391720710469
E6.EROCIC.1,EROCIC,Erodium cicutarium,Non-native,Forb,Non-native,CalFlora,E6,5,E,6,SEDG,Control,rgr_v_AM,-0.00524626823289975
E6.EROCIC.1,EROCIC,Erodium cicutarium,Non-native,Forb,Non-native,CalFlora,E6,5,E,6,SEDG,Control,rgr_v_MJ,NA
E6.STIPUL.1,STIPUL,Stipa pulchra,Native,Grass,Native,CalFlora,E6,5,E,6,SEDG,Control,rgr_v_FM,NA
E6.STIPUL.1,STIPUL,Stipa pulchra,Native,Grass,Native,CalFlora,E6,5,E,6,SEDG,Control,rgr_v_MA,0.0236764250025871
E6.STIPUL.1,STIPUL,Stipa pulchra,Native,Grass,Native,CalFlora,E6,5,E,6,SEDG,Control,rgr_v_AM,0.05558854714133983
E6.STIPUL.1,STIPUL,Stipa pulchra,Native,Grass,Native,CalFlora,E6,5,E,6,SEDG,Control,rgr_v_MJ,0.00245220122333436
E7.BROHOR.1,BROHOR,Bromus hordeaceaus,Non-native,Grass,Limited,Cal IPC,E7,5,E,7,MCL,Control,rgr_v_FM,NA
E7.BROHOR.1,BROHOR,Bromus hordeaceaus,Non-native,Grass,Limited,Cal IPC,E7,5,E,7,MCL,Control,rgr_v_MA,0.07561755506707286
E7.BROHOR.1,BROHOR,Bromus hordeaceaus,Non-native,Grass,Limited,Cal IPC,E7,5,E,7,MCL,Control,rgr_v_AM,NA
E7.BROHOR.1,BROHOR,Bromus hordeaceaus,Non-native,Grass,Limited,Cal IPC,E7,5,E,7,MCL,Control,rgr_v_MJ,NA
E7.BROMAD.1,BROMAD,Bromus madritensis,Non-native,Grass,High,Cal IPC,E7,5,E,7,MCL,Control,rgr_v_FM,NA
E7.BROMAD.1,BROMAD,Bromus madritensis,Non-native,Grass,High,Cal IPC,E7,5,E,7,MCL,Control,rgr_v_MA,0.09358097277745872
E7.BROMAD.1,BROMAD,Bromus madritensis,Non-native,Grass,High,Cal IPC,E7,5,E,7,MCL,Control,rgr_v_AM,NA
E7.BROMAD.1,BROMAD,Bromus madritensis,Non-native,Grass,High,Cal IPC,E7,5,E,7,MCL,Control,rgr_v_MJ,NA
E7.ELYCAP.1,ELYCAP,Elymus caput-medusae,Non-native,Grass,High,Cal IPC,E7,5,E,7,MCL,Control,rgr_v_FM,0.04777003353705635
E7.ELYCAP.1,ELYCAP,Elymus caput-medusae,Non-native,Grass,High,Cal IPC,E7,5,E,7,MCL,Control,rgr_v_MA,0.03402130326254605
E7.ELYCAP.1,ELYCAP,Elymus caput-medusae,Non-native,Grass,High,Cal IPC,E7,5,E,7,MCL,Control,rgr_v_AM,0.10470980029342176
E7.ELYCAP.1,ELYCAP,Elymus caput-medusae,Non-native,Grass,High,Cal IPC,E7,5,E,7,MCL,Control,rgr_v_MJ,NA
E7.MICCAL.1,MICCAL,Micropus californicus,Native,Forb,Native,CalFlora,E7,5,E,7,MCL,Control,rgr_v_FM,0.12145581242424716
E7.MICCAL.1,MICCAL,Micropus californicus,Native,Forb,Native,CalFlora,E7,5,E,7,MCL,Control,rgr_v_MA,0.08547388986827828
E7.MICCAL.1,MICCAL,Micropus californicus,Native,Forb,Native,CalFlora,E7,5,E,7,MCL,Control,rgr_v_AM,NA
E7.MICCAL.1,MICCAL,Micropus californicus,Native,Forb,Native,CalFlora,E7,5,E,7,MCL,Control,rgr_v_MJ,NA
E8.AVEBAR.1,AVEBAR,Avena barbata,Non-native,Grass,Moderate,Cal IPC,E8,5,E,8,BORR,Control,rgr_v_FM,0.11693591474485587
E8.AVEBAR.1,AVEBAR,Avena barbata,Non-native,Grass,Moderate,Cal IPC,E8,5,E,8,BORR,Control,rgr_v_MA,0.1065395536108762
E8.AVEBAR.1,AVEBAR,Avena barbata,Non-native,Grass,Moderate,Cal IPC,E8,5,E,8,BORR,Control,rgr_v_AM,0.07682468085255667
E8.AVEBAR.1,AVEBAR,Avena barbata,Non-native,Grass,Moderate,Cal IPC,E8,5,E,8,BORR,Control,rgr_v_MJ,NA
E8.BRODIA.1,BRODIA,Bromus diandrus,Non-native,Grass,Moderate,Cal IPC,E8,5,E,8,BORR,Control,rgr_v_FM,NA
E8.BRODIA.1,BRODIA,Bromus diandrus,Non-native,Grass,Moderate,Cal IPC,E8,5,E,8,BORR,Control,rgr_v_MA,0.09785917928938428
E8.BRODIA.1,BRODIA,Bromus diandrus,Non-native,Grass,Moderate,Cal IPC,E8,5,E,8,BORR,Control,rgr_v_AM,0.04787887301043351
E8.BRODIA.1,BRODIA,Bromus diandrus,Non-native,Grass,Moderate,Cal IPC,E8,5,E,8,BORR,Control,rgr_v_MJ,NA
E8.BROHOR.1,BROHOR,Bromus hordeaceaus,Non-native,Grass,Limited,Cal IPC,E8,5,E,8,BORR,Control,rgr_v_FM,NA
E8.BROHOR.1,BROHOR,Bromus hordeaceaus,Non-native,Grass,Limited,Cal IPC,E8,5,E,8,BORR,Control,rgr_v_MA,0.09355826274189948
E8.BROHOR.1,BROHOR,Bromus hordeaceaus,Non-native,Grass,Limited,Cal IPC,E8,5,E,8,BORR,Control,rgr_v_AM,NA
E8.BROHOR.1,BROHOR,Bromus hordeaceaus,Non-native,Grass,Limited,Cal IPC,E8,5,E,8,BORR,Control,rgr_v_MJ,NA
E8.DAUPUS.1,DAUPUS,Daucus pusillus,Native,Forb,Native,CalFlora,E8,5,E,8,BORR,Control,rgr_v_FM,0.03961924238532726
E8.DAUPUS.1,DAUPUS,Daucus pusillus,Native,Forb,Native,CalFlora,E8,5,E,8,BORR,Control,rgr_v_MA,0.09065577581363318
E8.DAUPUS.1,DAUPUS,Daucus pusillus,Native,Forb,Native,CalFlora,E8,5,E,8,BORR,Control,rgr_v_AM,0.00448459062924817
E8.DAUPUS.1,DAUPUS,Daucus pusillus,Native,Forb,Native,CalFlora,E8,5,E,8,BORR,Control,rgr_v_MJ,NA
E8.EROBOT.1,EROBOT,Erodium botrys,Non-native,Forb,Non-native,CalFlora,E8,5,E,8,BORR,Control,rgr_v_FM,0.1244622450305161
E8.EROBOT.1,EROBOT,Erodium botrys,Non-native,Forb,Non-native,CalFlora,E8,5,E,8,BORR,Control,rgr_v_MA,0.09508674285092182
E8.EROBOT.1,EROBOT,Erodium botrys,Non-native,Forb,Non-native,CalFlora,E8,5,E,8,BORR,Control,rgr_v_AM,0.07682850458024255
E8.EROBOT.1,EROBOT,Erodium botrys,Non-native,Forb,Non-native,CalFlora,E8,5,E,8,BORR,Control,rgr_v_MJ,NA
E8.GERDIS.1,GERDIS,Geranium dissectum,Non-native,Forb,Limited,Cal IPC,E8,5,E,8,BORR,Control,rgr_v_FM,0.08456246760348625
E8.GERDIS.1,GERDIS,Geranium dissectum,Non-native,Forb,Limited,Cal IPC,E8,5,E,8,BORR,Control,rgr_v_MA,0.09549777875883506
E8.GERDIS.1,GERDIS,Geranium dissectum,Non-native,Forb,Limited,Cal IPC,E8,5,E,8,BORR,Control,rgr_v_AM,NA
E8.GERDIS.1,GERDIS,Geranium dissectum,Non-native,Forb,Limited,Cal IPC,E8,5,E,8,BORR,Control,rgr_v_MJ,NA
E8.MADGRA.1,MADGRA,Madia gracilis,Native,Forb,Native,CalFlora,E8,5,E,8,BORR,Control,rgr_v_FM,0.11568510979831768
E8.MADGRA.1,MADGRA,Madia gracilis,Native,Forb,Native,CalFlora,E8,5,E,8,BORR,Control,rgr_v_MA,0.04947037406523118
E8.MADGRA.1,MADGRA,Madia gracilis,Native,Forb,Native,CalFlora,E8,5,E,8,BORR,Control,rgr_v_AM,0.09506172513017432
E8.MADGRA.1,MADGRA,Madia gracilis,Native,Forb,Native,CalFlora,E8,5,E,8,BORR,Control,rgr_v_MJ,NA
E8.TORARV.1,TORARV,Torilis arvensis,Non-native,Forb,Moderate,Cal IPC,E8,5,E,8,BORR,Control,rgr_v_FM,0.0890953800504947
E8.TORARV.1,TORARV,Torilis arvensis,Non-native,Forb,Moderate,Cal IPC,E8,5,E,8,BORR,Control,rgr_v_MA,0.05472417062657193
E8.TORARV.1,TORARV,Torilis arvensis,Non-native,Forb,Moderate,Cal IPC,E8,5,E,8,BORR,Control,rgr_v_AM,0.08227991216119565
E8.TORARV.1,TORARV,Torilis arvensis,Non-native,Forb,Moderate,Cal IPC,E8,5,E,8,BORR,Control,rgr_v_MJ,NA
E8.TRIHIR.1,TRIHIR,Trifolium hirtum,Non-native,Forb,Limited,Cal IPC,E8,5,E,8,BORR,Control,rgr_v_FM,0.10820810449077062
E8.TRIHIR.1,TRIHIR,Trifolium hirtum,Non-native,Forb,Limited,Cal IPC,E8,5,E,8,BORR,Control,rgr_v_MA,0.117244326105045
E8.TRIHIR.1,TRIHIR,Trifolium hirtum,Non-native,Forb,Limited,Cal IPC,E8,5,E,8,BORR,Control,rgr_v_AM,NA
E8.TRIHIR.1,TRIHIR,Trifolium hirtum,Non-native,Forb,Limited,Cal IPC,E8,5,E,8,BORR,Control,rgr_v_MJ,NA
F1.ACMPAR.1,ACMPAR,Acmispon parviflorus,Native,Forb,Native,CalFlora,F1,1,F,1,ANGELO,Control,rgr_v_FM,NA
F1.ACMPAR.1,ACMPAR,Acmispon parviflorus,Native,Forb,Native,CalFlora,F1,1,F,1,ANGELO,Control,rgr_v_MA,0.03382169837971469
F1.ACMPAR.1,ACMPAR,Acmispon parviflorus,Native,Forb,Native,CalFlora,F1,1,F,1,ANGELO,Control,rgr_v_AM,NA
F1.ACMPAR.1,ACMPAR,Acmispon parviflorus,Native,Forb,Native,CalFlora,F1,1,F,1,ANGELO,Control,rgr_v_MJ,NA
F1.AIRCAR.1,AIRCAR,Aira caryophyllea,Non-native,Grass,Non-native,CalFlora,F1,1,F,1,ANGELO,Control,rgr_v_FM,0.03981141175456159
F1.AIRCAR.1,AIRCAR,Aira caryophyllea,Non-native,Grass,Non-native,CalFlora,F1,1,F,1,ANGELO,Control,rgr_v_MA,0.07380956662986915
F1.AIRCAR.1,AIRCAR,Aira caryophyllea,Non-native,Grass,Non-native,CalFlora,F1,1,F,1,ANGELO,Control,rgr_v_AM,0.04600818004134881
F1.AIRCAR.1,AIRCAR,Aira caryophyllea,Non-native,Grass,Non-native,CalFlora,F1,1,F,1,ANGELO,Control,rgr_v_MJ,NA
F1.BRODIA.1,BRODIA,Bromus diandrus,Non-native,Grass,Moderate,Cal IPC,F1,1,F,1,ANGELO,Control,rgr_v_FM,NA
F1.BRODIA.1,BRODIA,Bromus diandrus,Non-native,Grass,Moderate,Cal IPC,F1,1,F,1,ANGELO,Control,rgr_v_MA,0.06105609922913337
F1.BRODIA.1,BRODIA,Bromus diandrus,Non-native,Grass,Moderate,Cal IPC,F1,1,F,1,ANGELO,Control,rgr_v_AM,0.09592463851235268
F1.BRODIA.1,BRODIA,Bromus diandrus,Non-native,Grass,Moderate,Cal IPC,F1,1,F,1,ANGELO,Control,rgr_v_MJ,NA
F1.BROHOR.1,BROHOR,Bromus hordeaceaus,Non-native,Grass,Limited,Cal IPC,F1,1,F,1,ANGELO,Control,rgr_v_FM,NA
F1.BROHOR.1,BROHOR,Bromus hordeaceaus,Non-native,Grass,Limited,Cal IPC,F1,1,F,1,ANGELO,Control,rgr_v_MA,0.0904300105496711
F1.BROHOR.1,BROHOR,Bromus hordeaceaus,Non-native,Grass,Limited,Cal IPC,F1,1,F,1,ANGELO,Control,rgr_v_AM,0.10538888387120844
F1.BROHOR.1,BROHOR,Bromus hordeaceaus,Non-native,Grass,Limited,Cal IPC,F1,1,F,1,ANGELO,Control,rgr_v_MJ,NA
F1.DANCAL.1,DANCAL,Danthonia californica,Native,Grass,Native,CalFlora,F1,1,F,1,ANGELO,Control,rgr_v_FM,NA
F1.DANCAL.1,DANCAL,Danthonia californica,Native,Grass,Native,CalFlora,F1,1,F,1,ANGELO,Control,rgr_v_MA,NA
F1.DANCAL.1,DANCAL,Danthonia californica,Native,Grass,Native,CalFlora,F1,1,F,1,ANGELO,Control,rgr_v_AM,NA
F1.DANCAL.1,DANCAL,Danthonia californica,Native,Grass,Native,CalFlora,F1,1,F,1,ANGELO,Control,rgr_v_MJ,-0.01322707517267927
F1.ESCCAL.1,ESCCAL,Eschscholzia californica,Native,Forb,Native,CalFlora,F1,1,F,1,ANGELO,Control,rgr_v_FM,0.06889389639480757
F1.ESCCAL.1,ESCCAL,Eschscholzia californica,Native,Forb,Native,CalFlora,F1,1,F,1,ANGELO,Control,rgr_v_MA,0.05215329815333758
F1.ESCCAL.1,ESCCAL,Eschscholzia californica,Native,Forb,Native,CalFlora,F1,1,F,1,ANGELO,Control,rgr_v_AM,0.04811483761487897
F1.ESCCAL.1,ESCCAL,Eschscholzia californica,Native,Forb,Native,CalFlora,F1,1,F,1,ANGELO,Control,rgr_v_MJ,0.01434638172919328
F1.GALPAR.1,GALPAR,Galium parisiense,Non-native,Forb,Non-native,CalFlora,F1,1,F,1,ANGELO,Control,rgr_v_FM,0.07348047678635868
F1.GALPAR.1,GALPAR,Galium parisiense,Non-native,Forb,Non-native,CalFlora,F1,1,F,1,ANGELO,Control,rgr_v_MA,0.06053075258817862
F1.GALPAR.1,GALPAR,Galium parisiense,Non-native,Forb,Non-native,CalFlora,F1,1,F,1,ANGELO,Control,rgr_v_AM,0.1234817389081773
F1.GALPAR.1,GALPAR,Galium parisiense,Non-native,Forb,Non-native,CalFlora,F1,1,F,1,ANGELO,Control,rgr_v_MJ,NA
F1.HYPGLA.1,HYPGLA,Hypochaeris glabra,Non-native,Forb,Limited,Cal IPC,F1,1,F,1,ANGELO,Control,rgr_v_FM,0.12085460754974688
F1.HYPGLA.1,HYPGLA,Hypochaeris glabra,Non-native,Forb,Limited,Cal IPC,F1,1,F,1,ANGELO,Control,rgr_v_MA,0.04310984991314028
F1.HYPGLA.1,HYPGLA,Hypochaeris glabra,Non-native,Forb,Limited,Cal IPC,F1,1,F,1,ANGELO,Control,rgr_v_AM,0.16338237661042934
F1.HYPGLA.1,HYPGLA,Hypochaeris glabra,Non-native,Forb,Limited,Cal IPC,F1,1,F,1,ANGELO,Control,rgr_v_MJ,NA
F1.MADGRA.1,MADGRA,Madia gracilis,Native,Forb,Native,CalFlora,F1,1,F,1,ANGELO,Control,rgr_v_FM,0.0917612500016882
F1.MADGRA.1,MADGRA,Madia gracilis,Native,Forb,Native,CalFlora,F1,1,F,1,ANGELO,Control,rgr_v_MA,0.09245303813810918
F1.MADGRA.1,MADGRA,Madia gracilis,Native,Forb,Native,CalFlora,F1,1,F,1,ANGELO,Control,rgr_v_AM,0.12006914700854232
F1.MADGRA.1,MADGRA,Madia gracilis,Native,Forb,Native,CalFlora,F1,1,F,1,ANGELO,Control,rgr_v_MJ,NA
F2.AVEBAR.1,AVEBAR,Avena barbata,Non-native,Grass,Moderate,Cal IPC,F2,1,F,2,WWP,Control,rgr_v_FM,NA
F2.AVEBAR.1,AVEBAR,Avena barbata,Non-native,Grass,Moderate,Cal IPC,F2,1,F,2,WWP,Control,rgr_v_MA,0.05098016855195984
F2.AVEBAR.1,AVEBAR,Avena barbata,Non-native,Grass,Moderate,Cal IPC,F2,1,F,2,WWP,Control,rgr_v_AM,0.1712664201548679
F2.AVEBAR.1,AVEBAR,Avena barbata,Non-native,Grass,Moderate,Cal IPC,F2,1,F,2,WWP,Control,rgr_v_MJ,NA
F2.BROARE.1,BROARE,Bromus arenarius,Non-native,Grass,Non-native,CalFlora,F2,1,F,2,WWP,Control,rgr_v_FM,NA
F2.BROARE.1,BROARE,Bromus arenarius,Non-native,Grass,Non-native,CalFlora,F2,1,F,2,WWP,Control,rgr_v_MA,0.00556752066065672
F2.BROARE.1,BROARE,Bromus arenarius,Non-native,Grass,Non-native,CalFlora,F2,1,F,2,WWP,Control,rgr_v_AM,0.01050197028360113
F2.BROARE.1,BROARE,Bromus arenarius,Non-native,Grass,Non-native,CalFlora,F2,1,F,2,WWP,Control,rgr_v_MJ,NA
F2.BRODIA.1,BRODIA,Bromus diandrus,Non-native,Grass,Moderate,Cal IPC,F2,1,F,2,WWP,Control,rgr_v_FM,NA
F2.BRODIA.1,BRODIA,Bromus diandrus,Non-native,Grass,Moderate,Cal IPC,F2,1,F,2,WWP,Control,rgr_v_MA,0.0720990784794582
F2.BRODIA.1,BRODIA,Bromus diandrus,Non-native,Grass,Moderate,Cal IPC,F2,1,F,2,WWP,Control,rgr_v_AM,0.05512283161028517
F2.BRODIA.1,BRODIA,Bromus diandrus,Non-native,Grass,Moderate,Cal IPC,F2,1,F,2,WWP,Control,rgr_v_MJ,NA
F2.BROMAD.1,BROMAD,Bromus madritensis,Non-native,Grass,High,Cal IPC,F2,1,F,2,WWP,Control,rgr_v_FM,NA
F2.BROMAD.1,BROMAD,Bromus madritensis,Non-native,Grass,High,Cal IPC,F2,1,F,2,WWP,Control,rgr_v_MA,0.02119258131230493
F2.BROMAD.1,BROMAD,Bromus madritensis,Non-native,Grass,High,Cal IPC,F2,1,F,2,WWP,Control,rgr_v_AM,NA
F2.BROMAD.1,BROMAD,Bromus madritensis,Non-native,Grass,High,Cal IPC,F2,1,F,2,WWP,Control,rgr_v_MJ,NA
F2.EROCIC.1,EROCIC,Erodium cicutarium,Non-native,Forb,Non-native,CalFlora,F2,1,F,2,WWP,Control,rgr_v_FM,0.09632030316907306
F2.EROCIC.1,EROCIC,Erodium cicutarium,Non-native,Forb,Non-native,CalFlora,F2,1,F,2,WWP,Control,rgr_v_MA,0.06581678150746842
F2.EROCIC.1,EROCIC,Erodium cicutarium,Non-native,Forb,Non-native,CalFlora,F2,1,F,2,WWP,Control,rgr_v_AM,0.08876108503986768
F2.EROCIC.1,EROCIC,Erodium cicutarium,Non-native,Forb,Non-native,CalFlora,F2,1,F,2,WWP,Control,rgr_v_MJ,NA
F2.ESCCAL.1,ESCCAL,Eschscholzia californica,Native,Forb,Native,CalFlora,F2,1,F,2,WWP,Control,rgr_v_FM,0.05557112871533649
F2.ESCCAL.1,ESCCAL,Eschscholzia californica,Native,Forb,Native,CalFlora,F2,1,F,2,WWP,Control,rgr_v_MA,0.06403843621628214
F2.ESCCAL.1,ESCCAL,Eschscholzia californica,Native,Forb,Native,CalFlora,F2,1,F,2,WWP,Control,rgr_v_AM,0.02619852273535084
F2.ESCCAL.1,ESCCAL,Eschscholzia californica,Native,Forb,Native,CalFlora,F2,1,F,2,WWP,Control,rgr_v_MJ,-0.03134058157166386
F2.MIRMUL.1,MIRMUL,Mirabilis multiflora,Native,Forb,Native,CalFlora,F2,1,F,2,WWP,Control,rgr_v_FM,NA
F2.MIRMUL.1,MIRMUL,Mirabilis multiflora,Native,Forb,Native,CalFlora,F2,1,F,2,WWP,Control,rgr_v_MA,NA
F2.MIRMUL.1,MIRMUL,Mirabilis multiflora,Native,Forb,Native,CalFlora,F2,1,F,2,WWP,Control,rgr_v_AM,0.01307951961639239
F2.MIRMUL.1,MIRMUL,Mirabilis multiflora,Native,Forb,Native,CalFlora,F2,1,F,2,WWP,Control,rgr_v_MJ,NA
F3.AVEBAR.1,AVEBAR,Avena barbata,Non-native,Grass,Moderate,Cal IPC,F3,1,F,3,BORR,Control,rgr_v_FM,NA
F3.AVEBAR.1,AVEBAR,Avena barbata,Non-native,Grass,Moderate,Cal IPC,F3,1,F,3,BORR,Control,rgr_v_MA,0.10183353997017916
F3.AVEBAR.1,AVEBAR,Avena barbata,Non-native,Grass,Moderate,Cal IPC,F3,1,F,3,BORR,Control,rgr_v_AM,NA
F3.AVEBAR.1,AVEBAR,Avena barbata,Non-native,Grass,Moderate,Cal IPC,F3,1,F,3,BORR,Control,rgr_v_MJ,NA
F3.BRODIA.1,BRODIA,Bromus diandrus,Non-native,Grass,Moderate,Cal IPC,F3,1,F,3,BORR,Control,rgr_v_FM,NA
F3.BRODIA.1,BRODIA,Bromus diandrus,Non-native,Grass,Moderate,Cal IPC,F3,1,F,3,BORR,Control,rgr_v_MA,0.09640733696513232
F3.BRODIA.1,BRODIA,Bromus diandrus,Non-native,Grass,Moderate,Cal IPC,F3,1,F,3,BORR,Control,rgr_v_AM,0.05151308782941419
F3.BRODIA.1,BRODIA,Bromus diandrus,Non-native,Grass,Moderate,Cal IPC,F3,1,F,3,BORR,Control,rgr_v_MJ,NA
F3.BROHOR.1,BROHOR,Bromus hordeaceaus,Non-native,Grass,Limited,Cal IPC,F3,1,F,3,BORR,Control,rgr_v_FM,NA
F3.BROHOR.1,BROHOR,Bromus hordeaceaus,Non-native,Grass,Limited,Cal IPC,F3,1,F,3,BORR,Control,rgr_v_MA,0.05635510171563777
F3.BROHOR.1,BROHOR,Bromus hordeaceaus,Non-native,Grass,Limited,Cal IPC,F3,1,F,3,BORR,Control,rgr_v_AM,0.07922858745975835
F3.BROHOR.1,BROHOR,Bromus hordeaceaus,Non-native,Grass,Limited,Cal IPC,F3,1,F,3,BORR,Control,rgr_v_MJ,NA
F3.CLAPUR.1,CLAPUR,Clarkia purpurea,Native,Forb,Native,CalFlora,F3,1,F,3,BORR,Control,rgr_v_FM,0.12401126172603004
F3.CLAPUR.1,CLAPUR,Clarkia purpurea,Native,Forb,Native,CalFlora,F3,1,F,3,BORR,Control,rgr_v_MA,0.09335222172602806
F3.CLAPUR.1,CLAPUR,Clarkia purpurea,Native,Forb,Native,CalFlora,F3,1,F,3,BORR,Control,rgr_v_AM,0.04087009553584964
F3.CLAPUR.1,CLAPUR,Clarkia purpurea,Native,Forb,Native,CalFlora,F3,1,F,3,BORR,Control,rgr_v_MJ,NA
F3.GERDIS.1,GERDIS,Geranium dissectum,Non-native,Forb,Limited,Cal IPC,F3,1,F,3,BORR,Control,rgr_v_FM,0.07979392412942714
F3.GERDIS.1,GERDIS,Geranium dissectum,Non-native,Forb,Limited,Cal IPC,F3,1,F,3,BORR,Control,rgr_v_MA,0.1070908307690496
F3.GERDIS.1,GERDIS,Geranium dissectum,Non-native,Forb,Limited,Cal IPC,F3,1,F,3,BORR,Control,rgr_v_AM,NA
F3.GERDIS.1,GERDIS,Geranium dissectum,Non-native,Forb,Limited,Cal IPC,F3,1,F,3,BORR,Control,rgr_v_MJ,NA
F3.MADGRA.1,MADGRA,Madia gracilis,Native,Forb,Native,CalFlora,F3,1,F,3,BORR,Control,rgr_v_FM,0.09132687726398953
F3.MADGRA.1,MADGRA,Madia gracilis,Native,Forb,Native,CalFlora,F3,1,F,3,BORR,Control,rgr_v_MA,0.06547595788689993
F3.MADGRA.1,MADGRA,Madia gracilis,Native,Forb,Native,CalFlora,F3,1,F,3,BORR,Control,rgr_v_AM,0.06965422791063373
F3.MADGRA.1,MADGRA,Madia gracilis,Native,Forb,Native,CalFlora,F3,1,F,3,BORR,Control,rgr_v_MJ,NA
F3.TORARV.1,TORARV,Torilis arvensis,Non-native,Forb,Moderate,Cal IPC,F3,1,F,3,BORR,Control,rgr_v_FM,0.08664339756999317
F3.TORARV.1,TORARV,Torilis arvensis,Non-native,Forb,Moderate,Cal IPC,F3,1,F,3,BORR,Control,rgr_v_MA,0.08448555261961864
F3.TORARV.1,TORARV,Torilis arvensis,Non-native,Forb,Moderate,Cal IPC,F3,1,F,3,BORR,Control,rgr_v_AM,0.06718854838718387
F3.TORARV.1,TORARV,Torilis arvensis,Non-native,Forb,Moderate,Cal IPC,F3,1,F,3,BORR,Control,rgr_v_MJ,NA
F3.TRIHIR.1,TRIHIR,Trifolium hirtum,Non-native,Forb,Limited,Cal IPC,F3,1,F,3,BORR,Control,rgr_v_FM,NA
F3.TRIHIR.1,TRIHIR,Trifolium hirtum,Non-native,Forb,Limited,Cal IPC,F3,1,F,3,BORR,Control,rgr_v_MA,0.0933810414173176
F3.TRIHIR.1,TRIHIR,Trifolium hirtum,Non-native,Forb,Limited,Cal IPC,F3,1,F,3,BORR,Control,rgr_v_AM,0.0688262610439542
F3.TRIHIR.1,TRIHIR,Trifolium hirtum,Non-native,Forb,Limited,Cal IPC,F3,1,F,3,BORR,Control,rgr_v_MJ,NA
F4.AVEBAR.1,AVEBAR,Avena barbata,Non-native,Grass,Moderate,Cal IPC,F4,1,F,4,MCL,Control,rgr_v_FM,NA
F4.AVEBAR.1,AVEBAR,Avena barbata,Non-native,Grass,Moderate,Cal IPC,F4,1,F,4,MCL,Control,rgr_v_MA,0.1225994551141735
F4.AVEBAR.1,AVEBAR,Avena barbata,Non-native,Grass,Moderate,Cal IPC,F4,1,F,4,MCL,Control,rgr_v_AM,0.01717468470987612
F4.AVEBAR.1,AVEBAR,Avena barbata,Non-native,Grass,Moderate,Cal IPC,F4,1,F,4,MCL,Control,rgr_v_MJ,NA
F4.BRODIA.1,BRODIA,Bromus diandrus,Non-native,Grass,Moderate,Cal IPC,F4,1,F,4,MCL,Control,rgr_v_FM,NA
F4.BRODIA.1,BRODIA,Bromus diandrus,Non-native,Grass,Moderate,Cal IPC,F4,1,F,4,MCL,Control,rgr_v_MA,0.07131615732134812
F4.BRODIA.1,BRODIA,Bromus diandrus,Non-native,Grass,Moderate,Cal IPC,F4,1,F,4,MCL,Control,rgr_v_AM,0.08944713935164525
F4.BRODIA.1,BRODIA,Bromus diandrus,Non-native,Grass,Moderate,Cal IPC,F4,1,F,4,MCL,Control,rgr_v_MJ,NA
F4.BROHOR.1,BROHOR,Bromus hordeaceaus,Non-native,Grass,Limited,Cal IPC,F4,1,F,4,MCL,Control,rgr_v_FM,NA
F4.BROHOR.1,BROHOR,Bromus hordeaceaus,Non-native,Grass,Limited,Cal IPC,F4,1,F,4,MCL,Control,rgr_v_MA,0.03157919940485767
F4.BROHOR.1,BROHOR,Bromus hordeaceaus,Non-native,Grass,Limited,Cal IPC,F4,1,F,4,MCL,Control,rgr_v_AM,0.0981763846151784
F4.BROHOR.1,BROHOR,Bromus hordeaceaus,Non-native,Grass,Limited,Cal IPC,F4,1,F,4,MCL,Control,rgr_v_MJ,NA
F4.ELYCAP.1,ELYCAP,Elymus caput-medusae,Non-native,Grass,High,Cal IPC,F4,1,F,4,MCL,Control,rgr_v_FM,0.04756027512316224
F4.ELYCAP.1,ELYCAP,Elymus caput-medusae,Non-native,Grass,High,Cal IPC,F4,1,F,4,MCL,Control,rgr_v_MA,0.04454837506319441
F4.ELYCAP.1,ELYCAP,Elymus caput-medusae,Non-native,Grass,High,Cal IPC,F4,1,F,4,MCL,Control,rgr_v_AM,0.06534687948078485
F4.ELYCAP.1,ELYCAP,Elymus caput-medusae,Non-native,Grass,High,Cal IPC,F4,1,F,4,MCL,Control,rgr_v_MJ,NA
F4.MICCAL.1,MICCAL,Micropus californicus,Native,Forb,Native,CalFlora,F4,1,F,4,MCL,Control,rgr_v_FM,0.0769510560604982
F4.MICCAL.1,MICCAL,Micropus californicus,Native,Forb,Native,CalFlora,F4,1,F,4,MCL,Control,rgr_v_MA,NA
F4.MICCAL.1,MICCAL,Micropus californicus,Native,Forb,Native,CalFlora,F4,1,F,4,MCL,Control,rgr_v_AM,NA
F4.MICCAL.1,MICCAL,Micropus californicus,Native,Forb,Native,CalFlora,F4,1,F,4,MCL,Control,rgr_v_MJ,NA
F4.PLAERE.1,PLAERE,Plantago erecta,Native,Forb,Native,CalFlora,F4,1,F,4,MCL,Control,rgr_v_FM,0.05990383163068941
F4.PLAERE.1,PLAERE,Plantago erecta,Native,Forb,Native,CalFlora,F4,1,F,4,MCL,Control,rgr_v_MA,0.07145039428904185
F4.PLAERE.1,PLAERE,Plantago erecta,Native,Forb,Native,CalFlora,F4,1,F,4,MCL,Control,rgr_v_AM,NA
F4.PLAERE.1,PLAERE,Plantago erecta,Native,Forb,Native,CalFlora,F4,1,F,4,MCL,Control,rgr_v_MJ,NA
F4.TRIHIR.1,TRIHIR,Trifolium hirtum,Non-native,Forb,Limited,Cal IPC,F4,1,F,4,MCL,Control,rgr_v_FM,0.08853791700175674
F4.TRIHIR.1,TRIHIR,Trifolium hirtum,Non-native,Forb,Limited,Cal IPC,F4,1,F,4,MCL,Control,rgr_v_MA,0.06961437654701384
F4.TRIHIR.1,TRIHIR,Trifolium hirtum,Non-native,Forb,Limited,Cal IPC,F4,1,F,4,MCL,Control,rgr_v_AM,0.08004696223680025
F4.TRIHIR.1,TRIHIR,Trifolium hirtum,Non-native,Forb,Limited,Cal IPC,F4,1,F,4,MCL,Control,rgr_v_MJ,NA
F5.AVEBAR.1,AVEBAR,Avena barbata,Non-native,Grass,Moderate,Cal IPC,F5,1,F,5,MCL,Control,rgr_v_FM,NA
F5.AVEBAR.1,AVEBAR,Avena barbata,Non-native,Grass,Moderate,Cal IPC,F5,1,F,5,MCL,Control,rgr_v_MA,0.11190175747137922
F5.AVEBAR.1,AVEBAR,Avena barbata,Non-native,Grass,Moderate,Cal IPC,F5,1,F,5,MCL,Control,rgr_v_AM,0.05805475867254573
F5.AVEBAR.1,AVEBAR,Avena barbata,Non-native,Grass,Moderate,Cal IPC,F5,1,F,5,MCL,Control,rgr_v_MJ,NA
F5.BRODIA.1,BRODIA,Bromus diandrus,Non-native,Grass,Moderate,Cal IPC,F5,1,F,5,MCL,Control,rgr_v_FM,NA
F5.BRODIA.1,BRODIA,Bromus diandrus,Non-native,Grass,Moderate,Cal IPC,F5,1,F,5,MCL,Control,rgr_v_MA,0.0920630685614487
F5.BRODIA.1,BRODIA,Bromus diandrus,Non-native,Grass,Moderate,Cal IPC,F5,1,F,5,MCL,Control,rgr_v_AM,0.07744866429209811
F5.BRODIA.1,BRODIA,Bromus diandrus,Non-native,Grass,Moderate,Cal IPC,F5,1,F,5,MCL,Control,rgr_v_MJ,NA
F5.BROHOR.1,BROHOR,Bromus hordeaceaus,Non-native,Grass,Limited,Cal IPC,F5,1,F,5,MCL,Control,rgr_v_FM,NA
F5.BROHOR.1,BROHOR,Bromus hordeaceaus,Non-native,Grass,Limited,Cal IPC,F5,1,F,5,MCL,Control,rgr_v_MA,0.13887654978617958
F5.BROHOR.1,BROHOR,Bromus hordeaceaus,Non-native,Grass,Limited,Cal IPC,F5,1,F,5,MCL,Control,rgr_v_AM,0.09808184918187396
F5.BROHOR.1,BROHOR,Bromus hordeaceaus,Non-native,Grass,Limited,Cal IPC,F5,1,F,5,MCL,Control,rgr_v_MJ,NA
F5.BROMAD.1,BROMAD,Bromus madritensis,Non-native,Grass,High,Cal IPC,F5,1,F,5,MCL,Control,rgr_v_FM,NA
F5.BROMAD.1,BROMAD,Bromus madritensis,Non-native,Grass,High,Cal IPC,F5,1,F,5,MCL,Control,rgr_v_MA,0.07057855962319702
F5.BROMAD.1,BROMAD,Bromus madritensis,Non-native,Grass,High,Cal IPC,F5,1,F,5,MCL,Control,rgr_v_AM,NA
F5.BROMAD.1,BROMAD,Bromus madritensis,Non-native,Grass,High,Cal IPC,F5,1,F,5,MCL,Control,rgr_v_MJ,NA
F5.ELYCAP.1,ELYCAP,Elymus caput-medusae,Non-native,Grass,High,Cal IPC,F5,1,F,5,MCL,Control,rgr_v_FM,0.03204003173695499
F5.ELYCAP.1,ELYCAP,Elymus caput-medusae,Non-native,Grass,High,Cal IPC,F5,1,F,5,MCL,Control,rgr_v_MA,0.05146831972673165
F5.ELYCAP.1,ELYCAP,Elymus caput-medusae,Non-native,Grass,High,Cal IPC,F5,1,F,5,MCL,Control,rgr_v_AM,0.07861943685165455
F5.ELYCAP.1,ELYCAP,Elymus caput-medusae,Non-native,Grass,High,Cal IPC,F5,1,F,5,MCL,Control,rgr_v_MJ,NA
F5.HOLVIR.1,HOLVIR,Holocarpha virgata,Native,Forb,Native,CalFlora,F5,1,F,5,MCL,Control,rgr_v_FM,0.09659507666744736
F5.HOLVIR.1,HOLVIR,Holocarpha virgata,Native,Forb,Native,CalFlora,F5,1,F,5,MCL,Control,rgr_v_MA,0.1575108413601491
F5.HOLVIR.1,HOLVIR,Holocarpha virgata,Native,Forb,Native,CalFlora,F5,1,F,5,MCL,Control,rgr_v_AM,0.0780372334321637
F5.HOLVIR.1,HOLVIR,Holocarpha virgata,Native,Forb,Native,CalFlora,F5,1,F,5,MCL,Control,rgr_v_MJ,0.02085317218061355
F5.MICCAL.1,MICCAL,Micropus californicus,Native,Forb,Native,CalFlora,F5,1,F,5,MCL,Control,rgr_v_FM,0.07861494713921105
F5.MICCAL.1,MICCAL,Micropus californicus,Native,Forb,Native,CalFlora,F5,1,F,5,MCL,Control,rgr_v_MA,0.1369000451824907
F5.MICCAL.1,MICCAL,Micropus californicus,Native,Forb,Native,CalFlora,F5,1,F,5,MCL,Control,rgr_v_AM,NA
F5.MICCAL.1,MICCAL,Micropus californicus,Native,Forb,Native,CalFlora,F5,1,F,5,MCL,Control,rgr_v_MJ,NA
F5.PLAERE.1,PLAERE,Plantago erecta,Native,Forb,Native,CalFlora,F5,1,F,5,MCL,Control,rgr_v_FM,0.07834670514885508
F5.PLAERE.1,PLAERE,Plantago erecta,Native,Forb,Native,CalFlora,F5,1,F,5,MCL,Control,rgr_v_MA,0.08557013673480555
F5.PLAERE.1,PLAERE,Plantago erecta,Native,Forb,Native,CalFlora,F5,1,F,5,MCL,Control,rgr_v_AM,NA
F5.PLAERE.1,PLAERE,Plantago erecta,Native,Forb,Native,CalFlora,F5,1,F,5,MCL,Control,rgr_v_MJ,NA
F5.TRIHIR.1,TRIHIR,Trifolium hirtum,Non-native,Forb,Limited,Cal IPC,F5,1,F,5,MCL,Control,rgr_v_FM,0.07765333280587501
F5.TRIHIR.1,TRIHIR,Trifolium hirtum,Non-native,Forb,Limited,Cal IPC,F5,1,F,5,MCL,Control,rgr_v_MA,0.12604115160203896
F5.TRIHIR.1,TRIHIR,Trifolium hirtum,Non-native,Forb,Limited,Cal IPC,F5,1,F,5,MCL,Control,rgr_v_AM,0.07394015149209111
F5.TRIHIR.1,TRIHIR,Trifolium hirtum,Non-native,Forb,Limited,Cal IPC,F5,1,F,5,MCL,Control,rgr_v_MJ,NA
F6.AVEBAR.1,AVEBAR,Avena barbata,Non-native,Grass,Moderate,Cal IPC,F6,1,F,6,SEDG,Control,rgr_v_FM,NA
F6.AVEBAR.1,AVEBAR,Avena barbata,Non-native,Grass,Moderate,Cal IPC,F6,1,F,6,SEDG,Control,rgr_v_MA,NA
F6.AVEBAR.1,AVEBAR,Avena barbata,Non-native,Grass,Moderate,Cal IPC,F6,1,F,6,SEDG,Control,rgr_v_AM,NA
F6.AVEBAR.1,AVEBAR,Avena barbata,Non-native,Grass,Moderate,Cal IPC,F6,1,F,6,SEDG,Control,rgr_v_MJ,NA
F6.AVEFAT.1,AVEFAT,Avena fatua,Non-native,Grass,Moderate,Cal IPC,F6,1,F,6,SEDG,Control,rgr_v_FM,NA
F6.AVEFAT.1,AVEFAT,Avena fatua,Non-native,Grass,Moderate,Cal IPC,F6,1,F,6,SEDG,Control,rgr_v_MA,0.0732508489584103
F6.AVEFAT.1,AVEFAT,Avena fatua,Non-native,Grass,Moderate,Cal IPC,F6,1,F,6,SEDG,Control,rgr_v_AM,NA
F6.AVEFAT.1,AVEFAT,Avena fatua,Non-native,Grass,Moderate,Cal IPC,F6,1,F,6,SEDG,Control,rgr_v_MJ,NA
F6.BRODIA.1,BRODIA,Bromus diandrus,Non-native,Grass,Moderate,Cal IPC,F6,1,F,6,SEDG,Control,rgr_v_FM,NA
F6.BRODIA.1,BRODIA,Bromus diandrus,Non-native,Grass,Moderate,Cal IPC,F6,1,F,6,SEDG,Control,rgr_v_MA,-0.00586216508203752
F6.BRODIA.1,BRODIA,Bromus diandrus,Non-native,Grass,Moderate,Cal IPC,F6,1,F,6,SEDG,Control,rgr_v_AM,0.02896052301359201
F6.BRODIA.1,BRODIA,Bromus diandrus,Non-native,Grass,Moderate,Cal IPC,F6,1,F,6,SEDG,Control,rgr_v_MJ,NA
F6.BROHOR.1,BROHOR,Bromus hordeaceaus,Non-native,Grass,Limited,Cal IPC,F6,1,F,6,SEDG,Control,rgr_v_FM,NA
F6.BROHOR.1,BROHOR,Bromus hordeaceaus,Non-native,Grass,Limited,Cal IPC,F6,1,F,6,SEDG,Control,rgr_v_MA,0.05100477408375937
F6.BROHOR.1,BROHOR,Bromus hordeaceaus,Non-native,Grass,Limited,Cal IPC,F6,1,F,6,SEDG,Control,rgr_v_AM,0.12193821249832994
F6.BROHOR.1,BROHOR,Bromus hordeaceaus,Non-native,Grass,Limited,Cal IPC,F6,1,F,6,SEDG,Control,rgr_v_MJ,NA
F6.BROMAD.1,BROMAD,Bromus madritensis,Non-native,Grass,High,Cal IPC,F6,1,F,6,SEDG,Control,rgr_v_FM,NA
F6.BROMAD.1,BROMAD,Bromus madritensis,Non-native,Grass,High,Cal IPC,F6,1,F,6,SEDG,Control,rgr_v_MA,0.12636244355506823
F6.BROMAD.1,BROMAD,Bromus madritensis,Non-native,Grass,High,Cal IPC,F6,1,F,6,SEDG,Control,rgr_v_AM,NA
F6.BROMAD.1,BROMAD,Bromus madritensis,Non-native,Grass,High,Cal IPC,F6,1,F,6,SEDG,Control,rgr_v_MJ,NA
F6.CENMEL.1,CENMEL,Centaurea melitensis,Non-native,Forb,Moderate,Cal IPC,F6,1,F,6,SEDG,Control,rgr_v_FM,0.1230731348045475
F6.CENMEL.1,CENMEL,Centaurea melitensis,Non-native,Forb,Moderate,Cal IPC,F6,1,F,6,SEDG,Control,rgr_v_MA,0.0935597089601451
F6.CENMEL.1,CENMEL,Centaurea melitensis,Non-native,Forb,Moderate,Cal IPC,F6,1,F,6,SEDG,Control,rgr_v_AM,0.0975805919100844
F6.CENMEL.1,CENMEL,Centaurea melitensis,Non-native,Forb,Moderate,Cal IPC,F6,1,F,6,SEDG,Control,rgr_v_MJ,NA
F6.CORFIL.1,CORFIL,Corethrogyne filaginafolia,Native,Forb,Native,CalFlora,F6,1,F,6,SEDG,Control,rgr_v_FM,0.10083887482866805
F6.CORFIL.1,CORFIL,Corethrogyne filaginafolia,Native,Forb,Native,CalFlora,F6,1,F,6,SEDG,Control,rgr_v_MA,0.03983388414332774
F6.CORFIL.1,CORFIL,Corethrogyne filaginafolia,Native,Forb,Native,CalFlora,F6,1,F,6,SEDG,Control,rgr_v_AM,0.04291123043706199
F6.CORFIL.1,CORFIL,Corethrogyne filaginafolia,Native,Forb,Native,CalFlora,F6,1,F,6,SEDG,Control,rgr_v_MJ,0.0721950952149233
F6.EROCIC.1,EROCIC,Erodium cicutarium,Non-native,Forb,Non-native,CalFlora,F6,1,F,6,SEDG,Control,rgr_v_FM,0.11151119681954466
F6.EROCIC.1,EROCIC,Erodium cicutarium,Non-native,Forb,Non-native,CalFlora,F6,1,F,6,SEDG,Control,rgr_v_MA,0.15262367670579002
F6.EROCIC.1,EROCIC,Erodium cicutarium,Non-native,Forb,Non-native,CalFlora,F6,1,F,6,SEDG,Control,rgr_v_AM,0.07128836543888292
F6.EROCIC.1,EROCIC,Erodium cicutarium,Non-native,Forb,Non-native,CalFlora,F6,1,F,6,SEDG,Control,rgr_v_MJ,NA
F6.ESCCAL.1,ESCCAL,Eschscholzia californica,Native,Forb,Native,CalFlora,F6,1,F,6,SEDG,Control,rgr_v_FM,0.07493422727494907
F6.ESCCAL.1,ESCCAL,Eschscholzia californica,Native,Forb,Native,CalFlora,F6,1,F,6,SEDG,Control,rgr_v_MA,0.08481429161675426
F6.ESCCAL.1,ESCCAL,Eschscholzia californica,Native,Forb,Native,CalFlora,F6,1,F,6,SEDG,Control,rgr_v_AM,0.03090256890758317
F6.ESCCAL.1,ESCCAL,Eschscholzia californica,Native,Forb,Native,CalFlora,F6,1,F,6,SEDG,Control,rgr_v_MJ,0.06343108999024238
F6.MICCAL.1,MICCAL,Micropus californicus,Native,Forb,Native,CalFlora,F6,1,F,6,SEDG,Control,rgr_v_FM,0.10299490206263529
F6.MICCAL.1,MICCAL,Micropus californicus,Native,Forb,Native,CalFlora,F6,1,F,6,SEDG,Control,rgr_v_MA,0.10287185212240266
F6.MICCAL.1,MICCAL,Micropus californicus,Native,Forb,Native,CalFlora,F6,1,F,6,SEDG,Control,rgr_v_AM,NA
F6.MICCAL.1,MICCAL,Micropus californicus,Native,Forb,Native,CalFlora,F6,1,F,6,SEDG,Control,rgr_v_MJ,NA
F6.STIPUL.1,STIPUL,Stipa pulchra,Native,Grass,Native,CalFlora,F6,1,F,6,SEDG,Control,rgr_v_FM,NA
F6.STIPUL.1,STIPUL,Stipa pulchra,Native,Grass,Native,CalFlora,F6,1,F,6,SEDG,Control,rgr_v_MA,0.02967517671931549
F6.STIPUL.1,STIPUL,Stipa pulchra,Native,Grass,Native,CalFlora,F6,1,F,6,SEDG,Control,rgr_v_AM,0.01309634135522076
F6.STIPUL.1,STIPUL,Stipa pulchra,Native,Grass,Native,CalFlora,F6,1,F,6,SEDG,Control,rgr_v_MJ,0.01783448582280859
F7.AMSMEN.1,AMSMEN,Amsinckia menziesii,Native,Forb,Native,CalFlora,F7,1,F,7,WWP,Control,rgr_v_FM,0.0635511468952981
F7.AMSMEN.1,AMSMEN,Amsinckia menziesii,Native,Forb,Native,CalFlora,F7,1,F,7,WWP,Control,rgr_v_MA,NA
F7.AMSMEN.1,AMSMEN,Amsinckia menziesii,Native,Forb,Native,CalFlora,F7,1,F,7,WWP,Control,rgr_v_AM,NA
F7.AMSMEN.1,AMSMEN,Amsinckia menziesii,Native,Forb,Native,CalFlora,F7,1,F,7,WWP,Control,rgr_v_MJ,NA
F7.AVEBAR.1,AVEBAR,Avena barbata,Non-native,Grass,Moderate,Cal IPC,F7,1,F,7,WWP,Control,rgr_v_FM,NA
F7.AVEBAR.1,AVEBAR,Avena barbata,Non-native,Grass,Moderate,Cal IPC,F7,1,F,7,WWP,Control,rgr_v_MA,0.09589383329137469
F7.AVEBAR.1,AVEBAR,Avena barbata,Non-native,Grass,Moderate,Cal IPC,F7,1,F,7,WWP,Control,rgr_v_AM,0.0669894118662537
F7.AVEBAR.1,AVEBAR,Avena barbata,Non-native,Grass,Moderate,Cal IPC,F7,1,F,7,WWP,Control,rgr_v_MJ,NA
F7.BROARE.1,BROARE,Bromus arenarius,Non-native,Grass,Non-native,CalFlora,F7,1,F,7,WWP,Control,rgr_v_FM,NA
F7.BROARE.1,BROARE,Bromus arenarius,Non-native,Grass,Non-native,CalFlora,F7,1,F,7,WWP,Control,rgr_v_MA,0.04380329128472442
F7.BROARE.1,BROARE,Bromus arenarius,Non-native,Grass,Non-native,CalFlora,F7,1,F,7,WWP,Control,rgr_v_AM,NA
F7.BROARE.1,BROARE,Bromus arenarius,Non-native,Grass,Non-native,CalFlora,F7,1,F,7,WWP,Control,rgr_v_MJ,NA
F7.BRODIA.1,BRODIA,Bromus diandrus,Non-native,Grass,Moderate,Cal IPC,F7,1,F,7,WWP,Control,rgr_v_FM,NA
F7.BRODIA.1,BRODIA,Bromus diandrus,Non-native,Grass,Moderate,Cal IPC,F7,1,F,7,WWP,Control,rgr_v_MA,0.09532312142535844
F7.BRODIA.1,BRODIA,Bromus diandrus,Non-native,Grass,Moderate,Cal IPC,F7,1,F,7,WWP,Control,rgr_v_AM,0.03886993582505237
F7.BRODIA.1,BRODIA,Bromus diandrus,Non-native,Grass,Moderate,Cal IPC,F7,1,F,7,WWP,Control,rgr_v_MJ,NA
F7.BROMAD.1,BROMAD,Bromus madritensis,Non-native,Grass,High,Cal IPC,F7,1,F,7,WWP,Control,rgr_v_FM,NA
F7.BROMAD.1,BROMAD,Bromus madritensis,Non-native,Grass,High,Cal IPC,F7,1,F,7,WWP,Control,rgr_v_MA,0.04786716999204185
F7.BROMAD.1,BROMAD,Bromus madritensis,Non-native,Grass,High,Cal IPC,F7,1,F,7,WWP,Control,rgr_v_AM,NA
F7.BROMAD.1,BROMAD,Bromus madritensis,Non-native,Grass,High,Cal IPC,F7,1,F,7,WWP,Control,rgr_v_MJ,NA
F7.PHATAN.1,PHATAN,Phacelia tanacetifolia,Native,Forb,Native,CalFlora,F7,1,F,7,WWP,Control,rgr_v_FM,0.07479865222499289
F7.PHATAN.1,PHATAN,Phacelia tanacetifolia,Native,Forb,Native,CalFlora,F7,1,F,7,WWP,Control,rgr_v_MA,NA
F7.PHATAN.1,PHATAN,Phacelia tanacetifolia,Native,Forb,Native,CalFlora,F7,1,F,7,WWP,Control,rgr_v_AM,NA
F7.PHATAN.1,PHATAN,Phacelia tanacetifolia,Native,Forb,Native,CalFlora,F7,1,F,7,WWP,Control,rgr_v_MJ,NA
F8.AVEBAR.1,AVEBAR,Avena barbata,Non-native,Grass,Moderate,Cal IPC,F8,1,F,8,BORR,Control,rgr_v_FM,NA
F8.AVEBAR.1,AVEBAR,Avena barbata,Non-native,Grass,Moderate,Cal IPC,F8,1,F,8,BORR,Control,rgr_v_MA,0.08283007418188687
F8.AVEBAR.1,AVEBAR,Avena barbata,Non-native,Grass,Moderate,Cal IPC,F8,1,F,8,BORR,Control,rgr_v_AM,0.09163816974069014
F8.AVEBAR.1,AVEBAR,Avena barbata,Non-native,Grass,Moderate,Cal IPC,F8,1,F,8,BORR,Control,rgr_v_MJ,NA
F8.BRODIA.1,BRODIA,Bromus diandrus,Non-native,Grass,Moderate,Cal IPC,F8,1,F,8,BORR,Control,rgr_v_FM,NA
F8.BRODIA.1,BRODIA,Bromus diandrus,Non-native,Grass,Moderate,Cal IPC,F8,1,F,8,BORR,Control,rgr_v_MA,0.08483867305850316
F8.BRODIA.1,BRODIA,Bromus diandrus,Non-native,Grass,Moderate,Cal IPC,F8,1,F,8,BORR,Control,rgr_v_AM,0.05867801973011438
F8.BRODIA.1,BRODIA,Bromus diandrus,Non-native,Grass,Moderate,Cal IPC,F8,1,F,8,BORR,Control,rgr_v_MJ,NA
F8.BROHOR.1,BROHOR,Bromus hordeaceaus,Non-native,Grass,Limited,Cal IPC,F8,1,F,8,BORR,Control,rgr_v_FM,NA
F8.BROHOR.1,BROHOR,Bromus hordeaceaus,Non-native,Grass,Limited,Cal IPC,F8,1,F,8,BORR,Control,rgr_v_MA,0.07798614817366381
F8.BROHOR.1,BROHOR,Bromus hordeaceaus,Non-native,Grass,Limited,Cal IPC,F8,1,F,8,BORR,Control,rgr_v_AM,0.07896132557672174
F8.BROHOR.1,BROHOR,Bromus hordeaceaus,Non-native,Grass,Limited,Cal IPC,F8,1,F,8,BORR,Control,rgr_v_MJ,NA
F8.CLAPUR.1,CLAPUR,Clarkia purpurea,Native,Forb,Native,CalFlora,F8,1,F,8,BORR,Control,rgr_v_FM,0.10285570361421714
F8.CLAPUR.1,CLAPUR,Clarkia purpurea,Native,Forb,Native,CalFlora,F8,1,F,8,BORR,Control,rgr_v_MA,0.09145850662722677
F8.CLAPUR.1,CLAPUR,Clarkia purpurea,Native,Forb,Native,CalFlora,F8,1,F,8,BORR,Control,rgr_v_AM,0.04135713163192974
F8.CLAPUR.1,CLAPUR,Clarkia purpurea,Native,Forb,Native,CalFlora,F8,1,F,8,BORR,Control,rgr_v_MJ,NA
F8.EROBOT.1,EROBOT,Erodium botrys,Non-native,Forb,Non-native,CalFlora,F8,1,F,8,BORR,Control,rgr_v_FM,0.06853339301791866
F8.EROBOT.1,EROBOT,Erodium botrys,Non-native,Forb,Non-native,CalFlora,F8,1,F,8,BORR,Control,rgr_v_MA,0.10736749488028548
F8.EROBOT.1,EROBOT,Erodium botrys,Non-native,Forb,Non-native,CalFlora,F8,1,F,8,BORR,Control,rgr_v_AM,0.05249211350591436
F8.EROBOT.1,EROBOT,Erodium botrys,Non-native,Forb,Non-native,CalFlora,F8,1,F,8,BORR,Control,rgr_v_MJ,NA
F8.GERDIS.1,GERDIS,Geranium dissectum,Non-native,Forb,Limited,Cal IPC,F8,1,F,8,BORR,Control,rgr_v_FM,0.08717594337795727
F8.GERDIS.1,GERDIS,Geranium dissectum,Non-native,Forb,Limited,Cal IPC,F8,1,F,8,BORR,Control,rgr_v_MA,0.09277197012068936
F8.GERDIS.1,GERDIS,Geranium dissectum,Non-native,Forb,Limited,Cal IPC,F8,1,F,8,BORR,Control,rgr_v_AM,NA
F8.GERDIS.1,GERDIS,Geranium dissectum,Non-native,Forb,Limited,Cal IPC,F8,1,F,8,BORR,Control,rgr_v_MJ,NA
F8.MADGRA.1,MADGRA,Madia gracilis,Native,Forb,Native,CalFlora,F8,1,F,8,BORR,Control,rgr_v_FM,0.08606516408360068
F8.MADGRA.1,MADGRA,Madia gracilis,Native,Forb,Native,CalFlora,F8,1,F,8,BORR,Control,rgr_v_MA,0.05010264250378616
F8.MADGRA.1,MADGRA,Madia gracilis,Native,Forb,Native,CalFlora,F8,1,F,8,BORR,Control,rgr_v_AM,0.06734035221697572
F8.MADGRA.1,MADGRA,Madia gracilis,Native,Forb,Native,CalFlora,F8,1,F,8,BORR,Control,rgr_v_MJ,NA
F8.TORARV.1,TORARV,Torilis arvensis,Non-native,Forb,Moderate,Cal IPC,F8,1,F,8,BORR,Control,rgr_v_FM,0.05383645617940948
F8.TORARV.1,TORARV,Torilis arvensis,Non-native,Forb,Moderate,Cal IPC,F8,1,F,8,BORR,Control,rgr_v_MA,0.09225583007725575
F8.TORARV.1,TORARV,Torilis arvensis,Non-native,Forb,Moderate,Cal IPC,F8,1,F,8,BORR,Control,rgr_v_AM,0.08904742365555553
F8.TORARV.1,TORARV,Torilis arvensis,Non-native,Forb,Moderate,Cal IPC,F8,1,F,8,BORR,Control,rgr_v_MJ,NA
F8.TRIHIR.1,TRIHIR,Trifolium hirtum,Non-native,Forb,Limited,Cal IPC,F8,1,F,8,BORR,Control,rgr_v_FM,0.02463929251138343
F8.TRIHIR.1,TRIHIR,Trifolium hirtum,Non-native,Forb,Limited,Cal IPC,F8,1,F,8,BORR,Control,rgr_v_MA,0.1155838056271715
F8.TRIHIR.1,TRIHIR,Trifolium hirtum,Non-native,Forb,Limited,Cal IPC,F8,1,F,8,BORR,Control,rgr_v_AM,0.05959576936641941
F8.TRIHIR.1,TRIHIR,Trifolium hirtum,Non-native,Forb,Limited,Cal IPC,F8,1,F,8,BORR,Control,rgr_v_MJ,NA
F8.VICSAT.1,VICSAT,Vicia sativa,Non-native,Forb,Non-native,CalFlora,F8,1,F,8,BORR,Control,rgr_v_FM,0.02967427217211318
F8.VICSAT.1,VICSAT,Vicia sativa,Non-native,Forb,Non-native,CalFlora,F8,1,F,8,BORR,Control,rgr_v_MA,0.07436824356732562
F8.VICSAT.1,VICSAT,Vicia sativa,Non-native,Forb,Non-native,CalFlora,F8,1,F,8,BORR,Control,rgr_v_AM,NA
F8.VICSAT.1,VICSAT,Vicia sativa,Non-native,Forb,Non-native,CalFlora,F8,1,F,8,BORR,Control,rgr_v_MJ,NA
G1.BROHOR.1,BROHOR,Bromus hordeaceaus,Non-native,Grass,Limited,Cal IPC,G1,2,G,1,BORR,Control,rgr_v_FM,NA
G1.BROHOR.1,BROHOR,Bromus hordeaceaus,Non-native,Grass,Limited,Cal IPC,G1,2,G,1,BORR,Control,rgr_v_MA,0.08833174384261601
G1.BROHOR.1,BROHOR,Bromus hordeaceaus,Non-native,Grass,Limited,Cal IPC,G1,2,G,1,BORR,Control,rgr_v_AM,NA
G1.BROHOR.1,BROHOR,Bromus hordeaceaus,Non-native,Grass,Limited,Cal IPC,G1,2,G,1,BORR,Control,rgr_v_MJ,NA
G1.DAUPUS.1,DAUPUS,Daucus pusillus,Native,Forb,Native,CalFlora,G1,2,G,1,BORR,Control,rgr_v_FM,0.07310378867171519
G1.DAUPUS.1,DAUPUS,Daucus pusillus,Native,Forb,Native,CalFlora,G1,2,G,1,BORR,Control,rgr_v_MA,0.08699088840283808
G1.DAUPUS.1,DAUPUS,Daucus pusillus,Native,Forb,Native,CalFlora,G1,2,G,1,BORR,Control,rgr_v_AM,0.05154630707970359
G1.DAUPUS.1,DAUPUS,Daucus pusillus,Native,Forb,Native,CalFlora,G1,2,G,1,BORR,Control,rgr_v_MJ,NA
G1.EROBOT.1,EROBOT,Erodium botrys,Non-native,Forb,Non-native,CalFlora,G1,2,G,1,BORR,Control,rgr_v_FM,0.1290985847784396
G1.EROBOT.1,EROBOT,Erodium botrys,Non-native,Forb,Non-native,CalFlora,G1,2,G,1,BORR,Control,rgr_v_MA,0.07842838428414313
G1.EROBOT.1,EROBOT,Erodium botrys,Non-native,Forb,Non-native,CalFlora,G1,2,G,1,BORR,Control,rgr_v_AM,NA
G1.EROBOT.1,EROBOT,Erodium botrys,Non-native,Forb,Non-native,CalFlora,G1,2,G,1,BORR,Control,rgr_v_MJ,NA
G1.GERDIS.1,GERDIS,Geranium dissectum,Non-native,Forb,Limited,Cal IPC,G1,2,G,1,BORR,Control,rgr_v_FM,0.11595383144008692
G1.GERDIS.1,GERDIS,Geranium dissectum,Non-native,Forb,Limited,Cal IPC,G1,2,G,1,BORR,Control,rgr_v_MA,0.10819184512106682
G1.GERDIS.1,GERDIS,Geranium dissectum,Non-native,Forb,Limited,Cal IPC,G1,2,G,1,BORR,Control,rgr_v_AM,NA
G1.GERDIS.1,GERDIS,Geranium dissectum,Non-native,Forb,Limited,Cal IPC,G1,2,G,1,BORR,Control,rgr_v_MJ,NA
G1.LUPBIC.1,LUPBIC,Lupinus bicolor,Native,Forb,Native,CalFlora,G1,2,G,1,BORR,Control,rgr_v_FM,0.13704823361449545
G1.LUPBIC.1,LUPBIC,Lupinus bicolor,Native,Forb,Native,CalFlora,G1,2,G,1,BORR,Control,rgr_v_MA,-0.00139875554503364
G1.LUPBIC.1,LUPBIC,Lupinus bicolor,Native,Forb,Native,CalFlora,G1,2,G,1,BORR,Control,rgr_v_AM,NA
G1.LUPBIC.1,LUPBIC,Lupinus bicolor,Native,Forb,Native,CalFlora,G1,2,G,1,BORR,Control,rgr_v_MJ,NA
G1.TORARV.1,TORARV,Torilis arvensis,Non-native,Forb,Moderate,Cal IPC,G1,2,G,1,BORR,Control,rgr_v_FM,0.11487245427755004
G1.TORARV.1,TORARV,Torilis arvensis,Non-native,Forb,Moderate,Cal IPC,G1,2,G,1,BORR,Control,rgr_v_MA,0.10425580703085643
G1.TORARV.1,TORARV,Torilis arvensis,Non-native,Forb,Moderate,Cal IPC,G1,2,G,1,BORR,Control,rgr_v_AM,0.07487060936647814
G1.TORARV.1,TORARV,Torilis arvensis,Non-native,Forb,Moderate,Cal IPC,G1,2,G,1,BORR,Control,rgr_v_MJ,NA
G1.TRIHIR.1,TRIHIR,Trifolium hirtum,Non-native,Forb,Limited,Cal IPC,G1,2,G,1,BORR,Control,rgr_v_FM,0.11121669023538866
G1.TRIHIR.1,TRIHIR,Trifolium hirtum,Non-native,Forb,Limited,Cal IPC,G1,2,G,1,BORR,Control,rgr_v_MA,0.13552756378262582
G1.TRIHIR.1,TRIHIR,Trifolium hirtum,Non-native,Forb,Limited,Cal IPC,G1,2,G,1,BORR,Control,rgr_v_AM,NA
G1.TRIHIR.1,TRIHIR,Trifolium hirtum,Non-native,Forb,Limited,Cal IPC,G1,2,G,1,BORR,Control,rgr_v_MJ,NA
G2.AVEBAR.1,AVEBAR,Avena barbata,Non-native,Grass,Moderate,Cal IPC,G2,2,G,2,MCL,Control,rgr_v_FM,NA
G2.AVEBAR.1,AVEBAR,Avena barbata,Non-native,Grass,Moderate,Cal IPC,G2,2,G,2,MCL,Control,rgr_v_MA,0.13434959114531253
G2.AVEBAR.1,AVEBAR,Avena barbata,Non-native,Grass,Moderate,Cal IPC,G2,2,G,2,MCL,Control,rgr_v_AM,0.06486885982853534
G2.AVEBAR.1,AVEBAR,Avena barbata,Non-native,Grass,Moderate,Cal IPC,G2,2,G,2,MCL,Control,rgr_v_MJ,NA
G2.BRODIA.1,BRODIA,Bromus diandrus,Non-native,Grass,Moderate,Cal IPC,G2,2,G,2,MCL,Control,rgr_v_FM,NA
G2.BRODIA.1,BRODIA,Bromus diandrus,Non-native,Grass,Moderate,Cal IPC,G2,2,G,2,MCL,Control,rgr_v_MA,0.08081476871663143
G2.BRODIA.1,BRODIA,Bromus diandrus,Non-native,Grass,Moderate,Cal IPC,G2,2,G,2,MCL,Control,rgr_v_AM,NA
G2.BRODIA.1,BRODIA,Bromus diandrus,Non-native,Grass,Moderate,Cal IPC,G2,2,G,2,MCL,Control,rgr_v_MJ,NA
G2.BROHOR.1,BROHOR,Bromus hordeaceaus,Non-native,Grass,Limited,Cal IPC,G2,2,G,2,MCL,Control,rgr_v_FM,NA
G2.BROHOR.1,BROHOR,Bromus hordeaceaus,Non-native,Grass,Limited,Cal IPC,G2,2,G,2,MCL,Control,rgr_v_MA,0.08399495331364094
G2.BROHOR.1,BROHOR,Bromus hordeaceaus,Non-native,Grass,Limited,Cal IPC,G2,2,G,2,MCL,Control,rgr_v_AM,NA
G2.BROHOR.1,BROHOR,Bromus hordeaceaus,Non-native,Grass,Limited,Cal IPC,G2,2,G,2,MCL,Control,rgr_v_MJ,NA
G2.BROMAD.1,BROMAD,Bromus madritensis,Non-native,Grass,High,Cal IPC,G2,2,G,2,MCL,Control,rgr_v_FM,NA
G2.BROMAD.1,BROMAD,Bromus madritensis,Non-native,Grass,High,Cal IPC,G2,2,G,2,MCL,Control,rgr_v_MA,0.0478390839425216
G2.BROMAD.1,BROMAD,Bromus madritensis,Non-native,Grass,High,Cal IPC,G2,2,G,2,MCL,Control,rgr_v_AM,NA
G2.BROMAD.1,BROMAD,Bromus madritensis,Non-native,Grass,High,Cal IPC,G2,2,G,2,MCL,Control,rgr_v_MJ,NA
G2.ELYCAP.1,ELYCAP,Elymus caput-medusae,Non-native,Grass,High,Cal IPC,G2,2,G,2,MCL,Control,rgr_v_FM,0.04678623283240044
G2.ELYCAP.1,ELYCAP,Elymus caput-medusae,Non-native,Grass,High,Cal IPC,G2,2,G,2,MCL,Control,rgr_v_MA,0.05251491062694525
G2.ELYCAP.1,ELYCAP,Elymus caput-medusae,Non-native,Grass,High,Cal IPC,G2,2,G,2,MCL,Control,rgr_v_AM,0.08931059043779901
G2.ELYCAP.1,ELYCAP,Elymus caput-medusae,Non-native,Grass,High,Cal IPC,G2,2,G,2,MCL,Control,rgr_v_MJ,NA
G2.MICCAL.1,MICCAL,Micropus californicus,Native,Forb,Native,CalFlora,G2,2,G,2,MCL,Control,rgr_v_FM,0.1036275889375896
G2.MICCAL.1,MICCAL,Micropus californicus,Native,Forb,Native,CalFlora,G2,2,G,2,MCL,Control,rgr_v_MA,0.09104902188157478
G2.MICCAL.1,MICCAL,Micropus californicus,Native,Forb,Native,CalFlora,G2,2,G,2,MCL,Control,rgr_v_AM,NA
G2.MICCAL.1,MICCAL,Micropus californicus,Native,Forb,Native,CalFlora,G2,2,G,2,MCL,Control,rgr_v_MJ,NA
G2.PLAERE.1,PLAERE,Plantago erecta,Native,Forb,Native,CalFlora,G2,2,G,2,MCL,Control,rgr_v_FM,0.08373293600413842
G2.PLAERE.1,PLAERE,Plantago erecta,Native,Forb,Native,CalFlora,G2,2,G,2,MCL,Control,rgr_v_MA,0.08536567237020595
G2.PLAERE.1,PLAERE,Plantago erecta,Native,Forb,Native,CalFlora,G2,2,G,2,MCL,Control,rgr_v_AM,NA
G2.PLAERE.1,PLAERE,Plantago erecta,Native,Forb,Native,CalFlora,G2,2,G,2,MCL,Control,rgr_v_MJ,NA
G2.TRIHIR.1,TRIHIR,Trifolium hirtum,Non-native,Forb,Limited,Cal IPC,G2,2,G,2,MCL,Control,rgr_v_FM,0.12609488189970122
G2.TRIHIR.1,TRIHIR,Trifolium hirtum,Non-native,Forb,Limited,Cal IPC,G2,2,G,2,MCL,Control,rgr_v_MA,0.05894141812684509
G2.TRIHIR.1,TRIHIR,Trifolium hirtum,Non-native,Forb,Limited,Cal IPC,G2,2,G,2,MCL,Control,rgr_v_AM,0.08898947328927141
G2.TRIHIR.1,TRIHIR,Trifolium hirtum,Non-native,Forb,Limited,Cal IPC,G2,2,G,2,MCL,Control,rgr_v_MJ,NA
G3.AVEBAR.1,AVEBAR,Avena barbata,Non-native,Grass,Moderate,Cal IPC,G3,2,G,3,SEDG,Control,rgr_v_FM,NA
G3.AVEBAR.1,AVEBAR,Avena barbata,Non-native,Grass,Moderate,Cal IPC,G3,2,G,3,SEDG,Control,rgr_v_MA,NA
G3.AVEBAR.1,AVEBAR,Avena barbata,Non-native,Grass,Moderate,Cal IPC,G3,2,G,3,SEDG,Control,rgr_v_AM,NA
G3.AVEBAR.1,AVEBAR,Avena barbata,Non-native,Grass,Moderate,Cal IPC,G3,2,G,3,SEDG,Control,rgr_v_MJ,NA
G3.AVEFAT.1,AVEFAT,Avena fatua,Non-native,Grass,Moderate,Cal IPC,G3,2,G,3,SEDG,Control,rgr_v_FM,NA
G3.AVEFAT.1,AVEFAT,Avena fatua,Non-native,Grass,Moderate,Cal IPC,G3,2,G,3,SEDG,Control,rgr_v_MA,0.10824069722403988
G3.AVEFAT.1,AVEFAT,Avena fatua,Non-native,Grass,Moderate,Cal IPC,G3,2,G,3,SEDG,Control,rgr_v_AM,NA
G3.AVEFAT.1,AVEFAT,Avena fatua,Non-native,Grass,Moderate,Cal IPC,G3,2,G,3,SEDG,Control,rgr_v_MJ,NA
G3.BRODIA.1,BRODIA,Bromus diandrus,Non-native,Grass,Moderate,Cal IPC,G3,2,G,3,SEDG,Control,rgr_v_FM,NA
G3.BRODIA.1,BRODIA,Bromus diandrus,Non-native,Grass,Moderate,Cal IPC,G3,2,G,3,SEDG,Control,rgr_v_MA,0.07479589873476812
G3.BRODIA.1,BRODIA,Bromus diandrus,Non-native,Grass,Moderate,Cal IPC,G3,2,G,3,SEDG,Control,rgr_v_AM,-0.06579987515048048
G3.BRODIA.1,BRODIA,Bromus diandrus,Non-native,Grass,Moderate,Cal IPC,G3,2,G,3,SEDG,Control,rgr_v_MJ,NA
G3.BROHOR.1,BROHOR,Bromus hordeaceaus,Non-native,Grass,Limited,Cal IPC,G3,2,G,3,SEDG,Control,rgr_v_FM,NA
G3.BROHOR.1,BROHOR,Bromus hordeaceaus,Non-native,Grass,Limited,Cal IPC,G3,2,G,3,SEDG,Control,rgr_v_MA,0.07674942056481397
G3.BROHOR.1,BROHOR,Bromus hordeaceaus,Non-native,Grass,Limited,Cal IPC,G3,2,G,3,SEDG,Control,rgr_v_AM,NA
G3.BROHOR.1,BROHOR,Bromus hordeaceaus,Non-native,Grass,Limited,Cal IPC,G3,2,G,3,SEDG,Control,rgr_v_MJ,NA
G3.BROMAD.1,BROMAD,Bromus madritensis,Non-native,Grass,High,Cal IPC,G3,2,G,3,SEDG,Control,rgr_v_FM,NA
G3.BROMAD.1,BROMAD,Bromus madritensis,Non-native,Grass,High,Cal IPC,G3,2,G,3,SEDG,Control,rgr_v_MA,0.07002873100389645
G3.BROMAD.1,BROMAD,Bromus madritensis,Non-native,Grass,High,Cal IPC,G3,2,G,3,SEDG,Control,rgr_v_AM,NA
G3.BROMAD.1,BROMAD,Bromus madritensis,Non-native,Grass,High,Cal IPC,G3,2,G,3,SEDG,Control,rgr_v_MJ,NA
G3.CENMEL.1,CENMEL,Centaurea melitensis,Non-native,Forb,Moderate,Cal IPC,G3,2,G,3,SEDG,Control,rgr_v_FM,0.14816443886302652
G3.CENMEL.1,CENMEL,Centaurea melitensis,Non-native,Forb,Moderate,Cal IPC,G3,2,G,3,SEDG,Control,rgr_v_MA,0.05238086259209984
G3.CENMEL.1,CENMEL,Centaurea melitensis,Non-native,Forb,Moderate,Cal IPC,G3,2,G,3,SEDG,Control,rgr_v_AM,0.01082843861153745
G3.CENMEL.1,CENMEL,Centaurea melitensis,Non-native,Forb,Moderate,Cal IPC,G3,2,G,3,SEDG,Control,rgr_v_MJ,NA
G3.CORFIL.1,CORFIL,Corethrogyne filaginafolia,Native,Forb,Native,CalFlora,G3,2,G,3,SEDG,Control,rgr_v_FM,0.07843283757538755
G3.CORFIL.1,CORFIL,Corethrogyne filaginafolia,Native,Forb,Native,CalFlora,G3,2,G,3,SEDG,Control,rgr_v_MA,0.03286912164880059
G3.CORFIL.1,CORFIL,Corethrogyne filaginafolia,Native,Forb,Native,CalFlora,G3,2,G,3,SEDG,Control,rgr_v_AM,0.04678010711898922
G3.CORFIL.1,CORFIL,Corethrogyne filaginafolia,Native,Forb,Native,CalFlora,G3,2,G,3,SEDG,Control,rgr_v_MJ,0.07217222441670827
G3.EROCIC.1,EROCIC,Erodium cicutarium,Non-native,Forb,Non-native,CalFlora,G3,2,G,3,SEDG,Control,rgr_v_FM,0.12107799920166154
G3.EROCIC.1,EROCIC,Erodium cicutarium,Non-native,Forb,Non-native,CalFlora,G3,2,G,3,SEDG,Control,rgr_v_MA,0.1274541209629034
G3.EROCIC.1,EROCIC,Erodium cicutarium,Non-native,Forb,Non-native,CalFlora,G3,2,G,3,SEDG,Control,rgr_v_AM,0.03426771685157775
G3.EROCIC.1,EROCIC,Erodium cicutarium,Non-native,Forb,Non-native,CalFlora,G3,2,G,3,SEDG,Control,rgr_v_MJ,NA
G3.MICCAL.1,MICCAL,Micropus californicus,Native,Forb,Native,CalFlora,G3,2,G,3,SEDG,Control,rgr_v_FM,0.1415471409739902
G3.MICCAL.1,MICCAL,Micropus californicus,Native,Forb,Native,CalFlora,G3,2,G,3,SEDG,Control,rgr_v_MA,0.090121937427274
G3.MICCAL.1,MICCAL,Micropus californicus,Native,Forb,Native,CalFlora,G3,2,G,3,SEDG,Control,rgr_v_AM,NA
G3.MICCAL.1,MICCAL,Micropus californicus,Native,Forb,Native,CalFlora,G3,2,G,3,SEDG,Control,rgr_v_MJ,NA
G3.STIPUL.1,STIPUL,Stipa pulchra,Native,Grass,Native,CalFlora,G3,2,G,3,SEDG,Control,rgr_v_FM,NA
G3.STIPUL.1,STIPUL,Stipa pulchra,Native,Grass,Native,CalFlora,G3,2,G,3,SEDG,Control,rgr_v_MA,0.0556950661852359
G3.STIPUL.1,STIPUL,Stipa pulchra,Native,Grass,Native,CalFlora,G3,2,G,3,SEDG,Control,rgr_v_AM,0.04268238663231717
G3.STIPUL.1,STIPUL,Stipa pulchra,Native,Grass,Native,CalFlora,G3,2,G,3,SEDG,Control,rgr_v_MJ,0.01495595811495383
G4.AMSMEN.1,AMSMEN,Amsinckia menziesii,Native,Forb,Native,CalFlora,G4,2,G,4,WWP,Control,rgr_v_FM,0.09604964282557374
G4.AMSMEN.1,AMSMEN,Amsinckia menziesii,Native,Forb,Native,CalFlora,G4,2,G,4,WWP,Control,rgr_v_MA,0.07314462940163009
G4.AMSMEN.1,AMSMEN,Amsinckia menziesii,Native,Forb,Native,CalFlora,G4,2,G,4,WWP,Control,rgr_v_AM,NA
G4.AMSMEN.1,AMSMEN,Amsinckia menziesii,Native,Forb,Native,CalFlora,G4,2,G,4,WWP,Control,rgr_v_MJ,NA
G4.BRODIA.1,BRODIA,Bromus diandrus,Non-native,Grass,Moderate,Cal IPC,G4,2,G,4,WWP,Control,rgr_v_FM,NA
G4.BRODIA.1,BRODIA,Bromus diandrus,Non-native,Grass,Moderate,Cal IPC,G4,2,G,4,WWP,Control,rgr_v_MA,0.11908800338951173
G4.BRODIA.1,BRODIA,Bromus diandrus,Non-native,Grass,Moderate,Cal IPC,G4,2,G,4,WWP,Control,rgr_v_AM,-0.0070985360990819
G4.BRODIA.1,BRODIA,Bromus diandrus,Non-native,Grass,Moderate,Cal IPC,G4,2,G,4,WWP,Control,rgr_v_MJ,NA
G4.BROMAD.1,BROMAD,Bromus madritensis,Non-native,Grass,High,Cal IPC,G4,2,G,4,WWP,Control,rgr_v_FM,NA
G4.BROMAD.1,BROMAD,Bromus madritensis,Non-native,Grass,High,Cal IPC,G4,2,G,4,WWP,Control,rgr_v_MA,0.023452521985419
G4.BROMAD.1,BROMAD,Bromus madritensis,Non-native,Grass,High,Cal IPC,G4,2,G,4,WWP,Control,rgr_v_AM,NA
G4.BROMAD.1,BROMAD,Bromus madritensis,Non-native,Grass,High,Cal IPC,G4,2,G,4,WWP,Control,rgr_v_MJ,NA
G5.AVEBAR.1,AVEBAR,Avena barbata,Non-native,Grass,Moderate,Cal IPC,G5,2,G,5,MCL,Control,rgr_v_FM,NA
G5.AVEBAR.1,AVEBAR,Avena barbata,Non-native,Grass,Moderate,Cal IPC,G5,2,G,5,MCL,Control,rgr_v_MA,0.12341785344053666
G5.AVEBAR.1,AVEBAR,Avena barbata,Non-native,Grass,Moderate,Cal IPC,G5,2,G,5,MCL,Control,rgr_v_AM,0.06593096699122232
G5.AVEBAR.1,AVEBAR,Avena barbata,Non-native,Grass,Moderate,Cal IPC,G5,2,G,5,MCL,Control,rgr_v_MJ,NA
G5.BRODIA.1,BRODIA,Bromus diandrus,Non-native,Grass,Moderate,Cal IPC,G5,2,G,5,MCL,Control,rgr_v_FM,NA
G5.BRODIA.1,BRODIA,Bromus diandrus,Non-native,Grass,Moderate,Cal IPC,G5,2,G,5,MCL,Control,rgr_v_MA,0.09727772917165171
G5.BRODIA.1,BRODIA,Bromus diandrus,Non-native,Grass,Moderate,Cal IPC,G5,2,G,5,MCL,Control,rgr_v_AM,0.06371257359493553
G5.BRODIA.1,BRODIA,Bromus diandrus,Non-native,Grass,Moderate,Cal IPC,G5,2,G,5,MCL,Control,rgr_v_MJ,NA
G5.BROHOR.1,BROHOR,Bromus hordeaceaus,Non-native,Grass,Limited,Cal IPC,G5,2,G,5,MCL,Control,rgr_v_FM,NA
G5.BROHOR.1,BROHOR,Bromus hordeaceaus,Non-native,Grass,Limited,Cal IPC,G5,2,G,5,MCL,Control,rgr_v_MA,0.09324161646044483
G5.BROHOR.1,BROHOR,Bromus hordeaceaus,Non-native,Grass,Limited,Cal IPC,G5,2,G,5,MCL,Control,rgr_v_AM,NA
G5.BROHOR.1,BROHOR,Bromus hordeaceaus,Non-native,Grass,Limited,Cal IPC,G5,2,G,5,MCL,Control,rgr_v_MJ,NA
G5.BROMAD.1,BROMAD,Bromus madritensis,Non-native,Grass,High,Cal IPC,G5,2,G,5,MCL,Control,rgr_v_FM,NA
G5.BROMAD.1,BROMAD,Bromus madritensis,Non-native,Grass,High,Cal IPC,G5,2,G,5,MCL,Control,rgr_v_MA,0.07023380331772087
G5.BROMAD.1,BROMAD,Bromus madritensis,Non-native,Grass,High,Cal IPC,G5,2,G,5,MCL,Control,rgr_v_AM,NA
G5.BROMAD.1,BROMAD,Bromus madritensis,Non-native,Grass,High,Cal IPC,G5,2,G,5,MCL,Control,rgr_v_MJ,NA
G5.ELYCAP.1,ELYCAP,Elymus caput-medusae,Non-native,Grass,High,Cal IPC,G5,2,G,5,MCL,Control,rgr_v_FM,0.05159585532160873
G5.ELYCAP.1,ELYCAP,Elymus caput-medusae,Non-native,Grass,High,Cal IPC,G5,2,G,5,MCL,Control,rgr_v_MA,0.04390566184717581
G5.ELYCAP.1,ELYCAP,Elymus caput-medusae,Non-native,Grass,High,Cal IPC,G5,2,G,5,MCL,Control,rgr_v_AM,0.0662208537429309
G5.ELYCAP.1,ELYCAP,Elymus caput-medusae,Non-native,Grass,High,Cal IPC,G5,2,G,5,MCL,Control,rgr_v_MJ,NA
G5.EROCIC.1,EROCIC,Erodium cicutarium,Non-native,Forb,Non-native,CalFlora,G5,2,G,5,MCL,Control,rgr_v_FM,NA
G5.EROCIC.1,EROCIC,Erodium cicutarium,Non-native,Forb,Non-native,CalFlora,G5,2,G,5,MCL,Control,rgr_v_MA,NA
G5.EROCIC.1,EROCIC,Erodium cicutarium,Non-native,Forb,Non-native,CalFlora,G5,2,G,5,MCL,Control,rgr_v_AM,NA
G5.EROCIC.1,EROCIC,Erodium cicutarium,Non-native,Forb,Non-native,CalFlora,G5,2,G,5,MCL,Control,rgr_v_MJ,NA
G5.HOLVIR.1,HOLVIR,Holocarpha virgata,Native,Forb,Native,CalFlora,G5,2,G,5,MCL,Control,rgr_v_FM,0.08224016680405069
G5.HOLVIR.1,HOLVIR,Holocarpha virgata,Native,Forb,Native,CalFlora,G5,2,G,5,MCL,Control,rgr_v_MA,0.10154510687304324
G5.HOLVIR.1,HOLVIR,Holocarpha virgata,Native,Forb,Native,CalFlora,G5,2,G,5,MCL,Control,rgr_v_AM,0.0782824700370313
G5.HOLVIR.1,HOLVIR,Holocarpha virgata,Native,Forb,Native,CalFlora,G5,2,G,5,MCL,Control,rgr_v_MJ,0.08286354904593177
G5.MICCAL.1,MICCAL,Micropus californicus,Native,Forb,Native,CalFlora,G5,2,G,5,MCL,Control,rgr_v_FM,0.10139897652774374
G5.MICCAL.1,MICCAL,Micropus californicus,Native,Forb,Native,CalFlora,G5,2,G,5,MCL,Control,rgr_v_MA,0.09796012542660595
G5.MICCAL.1,MICCAL,Micropus californicus,Native,Forb,Native,CalFlora,G5,2,G,5,MCL,Control,rgr_v_AM,NA
G5.MICCAL.1,MICCAL,Micropus californicus,Native,Forb,Native,CalFlora,G5,2,G,5,MCL,Control,rgr_v_MJ,NA
G5.PLAERE.1,PLAERE,Plantago erecta,Native,Forb,Native,CalFlora,G5,2,G,5,MCL,Control,rgr_v_FM,0.09546337514139085
G5.PLAERE.1,PLAERE,Plantago erecta,Native,Forb,Native,CalFlora,G5,2,G,5,MCL,Control,rgr_v_MA,0.0512013301514178
G5.PLAERE.1,PLAERE,Plantago erecta,Native,Forb,Native,CalFlora,G5,2,G,5,MCL,Control,rgr_v_AM,NA
G5.PLAERE.1,PLAERE,Plantago erecta,Native,Forb,Native,CalFlora,G5,2,G,5,MCL,Control,rgr_v_MJ,NA
G6.ACMPAR.1,ACMPAR,Acmispon parviflorus,Native,Forb,Native,CalFlora,G6,2,G,6,ANGELO,Control,rgr_v_FM,0.07427693848367889
G6.ACMPAR.1,ACMPAR,Acmispon parviflorus,Native,Forb,Native,CalFlora,G6,2,G,6,ANGELO,Control,rgr_v_MA,0.11304468931021526
G6.ACMPAR.1,ACMPAR,Acmispon parviflorus,Native,Forb,Native,CalFlora,G6,2,G,6,ANGELO,Control,rgr_v_AM,0.02221119743697629
G6.ACMPAR.1,ACMPAR,Acmispon parviflorus,Native,Forb,Native,CalFlora,G6,2,G,6,ANGELO,Control,rgr_v_MJ,NA
G6.AIRCAR.1,AIRCAR,Aira caryophyllea,Non-native,Grass,Non-native,CalFlora,G6,2,G,6,ANGELO,Control,rgr_v_FM,0.05779869255574371
G6.AIRCAR.1,AIRCAR,Aira caryophyllea,Non-native,Grass,Non-native,CalFlora,G6,2,G,6,ANGELO,Control,rgr_v_MA,0.08521437369247754
G6.AIRCAR.1,AIRCAR,Aira caryophyllea,Non-native,Grass,Non-native,CalFlora,G6,2,G,6,ANGELO,Control,rgr_v_AM,0.06335253724380616
G6.AIRCAR.1,AIRCAR,Aira caryophyllea,Non-native,Grass,Non-native,CalFlora,G6,2,G,6,ANGELO,Control,rgr_v_MJ,NA
G6.BRODIA.1,BRODIA,Bromus diandrus,Non-native,Grass,Moderate,Cal IPC,G6,2,G,6,ANGELO,Control,rgr_v_FM,NA
G6.BRODIA.1,BRODIA,Bromus diandrus,Non-native,Grass,Moderate,Cal IPC,G6,2,G,6,ANGELO,Control,rgr_v_MA,0.08116125741478558
G6.BRODIA.1,BRODIA,Bromus diandrus,Non-native,Grass,Moderate,Cal IPC,G6,2,G,6,ANGELO,Control,rgr_v_AM,0.0901935914381088
G6.BRODIA.1,BRODIA,Bromus diandrus,Non-native,Grass,Moderate,Cal IPC,G6,2,G,6,ANGELO,Control,rgr_v_MJ,NA
G6.BROHOR.1,BROHOR,Bromus hordeaceaus,Non-native,Grass,Limited,Cal IPC,G6,2,G,6,ANGELO,Control,rgr_v_FM,NA
G6.BROHOR.1,BROHOR,Bromus hordeaceaus,Non-native,Grass,Limited,Cal IPC,G6,2,G,6,ANGELO,Control,rgr_v_MA,0.05866460017026453
G6.BROHOR.1,BROHOR,Bromus hordeaceaus,Non-native,Grass,Limited,Cal IPC,G6,2,G,6,ANGELO,Control,rgr_v_AM,0.1389104090544176
G6.BROHOR.1,BROHOR,Bromus hordeaceaus,Non-native,Grass,Limited,Cal IPC,G6,2,G,6,ANGELO,Control,rgr_v_MJ,NA
G6.CLAPUR.1,CLAPUR,Clarkia purpurea,Native,Forb,Native,CalFlora,G6,2,G,6,ANGELO,Control,rgr_v_FM,0.09540358260431592
G6.CLAPUR.1,CLAPUR,Clarkia purpurea,Native,Forb,Native,CalFlora,G6,2,G,6,ANGELO,Control,rgr_v_MA,0.12164562916219834
G6.CLAPUR.1,CLAPUR,Clarkia purpurea,Native,Forb,Native,CalFlora,G6,2,G,6,ANGELO,Control,rgr_v_AM,NA
G6.CLAPUR.1,CLAPUR,Clarkia purpurea,Native,Forb,Native,CalFlora,G6,2,G,6,ANGELO,Control,rgr_v_MJ,NA
G6.DANCAL.1,DANCAL,Danthonia californica,Native,Grass,Native,CalFlora,G6,2,G,6,ANGELO,Control,rgr_v_FM,NA
G6.DANCAL.1,DANCAL,Danthonia californica,Native,Grass,Native,CalFlora,G6,2,G,6,ANGELO,Control,rgr_v_MA,NA
G6.DANCAL.1,DANCAL,Danthonia californica,Native,Grass,Native,CalFlora,G6,2,G,6,ANGELO,Control,rgr_v_AM,0.05249630030458351
G6.DANCAL.1,DANCAL,Danthonia californica,Native,Grass,Native,CalFlora,G6,2,G,6,ANGELO,Control,rgr_v_MJ,0.01910028914154568
G6.GALPAR.1,GALPAR,Galium parisiense,Non-native,Forb,Non-native,CalFlora,G6,2,G,6,ANGELO,Control,rgr_v_FM,0.13084268869038396
G6.GALPAR.1,GALPAR,Galium parisiense,Non-native,Forb,Non-native,CalFlora,G6,2,G,6,ANGELO,Control,rgr_v_MA,0.08349643342380177
G6.GALPAR.1,GALPAR,Galium parisiense,Non-native,Forb,Non-native,CalFlora,G6,2,G,6,ANGELO,Control,rgr_v_AM,0.11658801692631396
G6.GALPAR.1,GALPAR,Galium parisiense,Non-native,Forb,Non-native,CalFlora,G6,2,G,6,ANGELO,Control,rgr_v_MJ,NA
G6.HYPGLA.1,HYPGLA,Hypochaeris glabra,Non-native,Forb,Limited,Cal IPC,G6,2,G,6,ANGELO,Control,rgr_v_FM,0.1016799465788608
G6.HYPGLA.1,HYPGLA,Hypochaeris glabra,Non-native,Forb,Limited,Cal IPC,G6,2,G,6,ANGELO,Control,rgr_v_MA,0.09459957083860424
G6.HYPGLA.1,HYPGLA,Hypochaeris glabra,Non-native,Forb,Limited,Cal IPC,G6,2,G,6,ANGELO,Control,rgr_v_AM,0.10564436146313944
G6.HYPGLA.1,HYPGLA,Hypochaeris glabra,Non-native,Forb,Limited,Cal IPC,G6,2,G,6,ANGELO,Control,rgr_v_MJ,NA
G7.AIRCAR.1,AIRCAR,Aira caryophyllea,Non-native,Grass,Non-native,CalFlora,G7,2,G,7,ANGELO,Control,rgr_v_FM,0.153927205993997
G7.AIRCAR.1,AIRCAR,Aira caryophyllea,Non-native,Grass,Non-native,CalFlora,G7,2,G,7,ANGELO,Control,rgr_v_MA,0.07200178258976021
G7.AIRCAR.1,AIRCAR,Aira caryophyllea,Non-native,Grass,Non-native,CalFlora,G7,2,G,7,ANGELO,Control,rgr_v_AM,6.239665433268199e-4
G7.AIRCAR.1,AIRCAR,Aira caryophyllea,Non-native,Grass,Non-native,CalFlora,G7,2,G,7,ANGELO,Control,rgr_v_MJ,NA
G7.BRODIA.1,BRODIA,Bromus diandrus,Non-native,Grass,Moderate,Cal IPC,G7,2,G,7,ANGELO,Control,rgr_v_FM,NA
G7.BRODIA.1,BRODIA,Bromus diandrus,Non-native,Grass,Moderate,Cal IPC,G7,2,G,7,ANGELO,Control,rgr_v_MA,0.06364702781266142
G7.BRODIA.1,BRODIA,Bromus diandrus,Non-native,Grass,Moderate,Cal IPC,G7,2,G,7,ANGELO,Control,rgr_v_AM,0.10665780220927716
G7.BRODIA.1,BRODIA,Bromus diandrus,Non-native,Grass,Moderate,Cal IPC,G7,2,G,7,ANGELO,Control,rgr_v_MJ,NA
G7.BROHOR.1,BROHOR,Bromus hordeaceaus,Non-native,Grass,Limited,Cal IPC,G7,2,G,7,ANGELO,Control,rgr_v_FM,NA
G7.BROHOR.1,BROHOR,Bromus hordeaceaus,Non-native,Grass,Limited,Cal IPC,G7,2,G,7,ANGELO,Control,rgr_v_MA,0.05722597777692281
G7.BROHOR.1,BROHOR,Bromus hordeaceaus,Non-native,Grass,Limited,Cal IPC,G7,2,G,7,ANGELO,Control,rgr_v_AM,NA
G7.BROHOR.1,BROHOR,Bromus hordeaceaus,Non-native,Grass,Limited,Cal IPC,G7,2,G,7,ANGELO,Control,rgr_v_MJ,NA
G7.ESCCAL.1,ESCCAL,Eschscholzia californica,Native,Forb,Native,CalFlora,G7,2,G,7,ANGELO,Control,rgr_v_FM,0.08015827902541935
G7.ESCCAL.1,ESCCAL,Eschscholzia californica,Native,Forb,Native,CalFlora,G7,2,G,7,ANGELO,Control,rgr_v_MA,0.09309108187117034
G7.ESCCAL.1,ESCCAL,Eschscholzia californica,Native,Forb,Native,CalFlora,G7,2,G,7,ANGELO,Control,rgr_v_AM,0.02562236744800122
G7.ESCCAL.1,ESCCAL,Eschscholzia californica,Native,Forb,Native,CalFlora,G7,2,G,7,ANGELO,Control,rgr_v_MJ,-0.03794982470591357
G7.GALPAR.1,GALPAR,Galium parisiense,Non-native,Forb,Non-native,CalFlora,G7,2,G,7,ANGELO,Control,rgr_v_FM,0.12487745196477068
G7.GALPAR.1,GALPAR,Galium parisiense,Non-native,Forb,Non-native,CalFlora,G7,2,G,7,ANGELO,Control,rgr_v_MA,0.10760239845353452
G7.GALPAR.1,GALPAR,Galium parisiense,Non-native,Forb,Non-native,CalFlora,G7,2,G,7,ANGELO,Control,rgr_v_AM,0.13223499323151172
G7.GALPAR.1,GALPAR,Galium parisiense,Non-native,Forb,Non-native,CalFlora,G7,2,G,7,ANGELO,Control,rgr_v_MJ,NA
G7.MADGRA.1,MADGRA,Madia gracilis,Native,Forb,Native,CalFlora,G7,2,G,7,ANGELO,Control,rgr_v_FM,0.10971604456974696
G7.MADGRA.1,MADGRA,Madia gracilis,Native,Forb,Native,CalFlora,G7,2,G,7,ANGELO,Control,rgr_v_MA,0.14320311080120263
G7.MADGRA.1,MADGRA,Madia gracilis,Native,Forb,Native,CalFlora,G7,2,G,7,ANGELO,Control,rgr_v_AM,0.04015155667414295
G7.MADGRA.1,MADGRA,Madia gracilis,Native,Forb,Native,CalFlora,G7,2,G,7,ANGELO,Control,rgr_v_MJ,NA
G8.AVEBAR.1,AVEBAR,Avena barbata,Non-native,Grass,Moderate,Cal IPC,G8,2,G,8,BORR,Control,rgr_v_FM,NA
G8.AVEBAR.1,AVEBAR,Avena barbata,Non-native,Grass,Moderate,Cal IPC,G8,2,G,8,BORR,Control,rgr_v_MA,0.07094622886932442
G8.AVEBAR.1,AVEBAR,Avena barbata,Non-native,Grass,Moderate,Cal IPC,G8,2,G,8,BORR,Control,rgr_v_AM,0.06941579267901604
G8.AVEBAR.1,AVEBAR,Avena barbata,Non-native,Grass,Moderate,Cal IPC,G8,2,G,8,BORR,Control,rgr_v_MJ,NA
G8.BRODIA.1,BRODIA,Bromus diandrus,Non-native,Grass,Moderate,Cal IPC,G8,2,G,8,BORR,Control,rgr_v_FM,NA
G8.BRODIA.1,BRODIA,Bromus diandrus,Non-native,Grass,Moderate,Cal IPC,G8,2,G,8,BORR,Control,rgr_v_MA,0.05298978835269697
G8.BRODIA.1,BRODIA,Bromus diandrus,Non-native,Grass,Moderate,Cal IPC,G8,2,G,8,BORR,Control,rgr_v_AM,0.08695220062981704
G8.BRODIA.1,BRODIA,Bromus diandrus,Non-native,Grass,Moderate,Cal IPC,G8,2,G,8,BORR,Control,rgr_v_MJ,NA
G8.BROHOR.1,BROHOR,Bromus hordeaceaus,Non-native,Grass,Limited,Cal IPC,G8,2,G,8,BORR,Control,rgr_v_FM,NA
G8.BROHOR.1,BROHOR,Bromus hordeaceaus,Non-native,Grass,Limited,Cal IPC,G8,2,G,8,BORR,Control,rgr_v_MA,0.06245303960402914
G8.BROHOR.1,BROHOR,Bromus hordeaceaus,Non-native,Grass,Limited,Cal IPC,G8,2,G,8,BORR,Control,rgr_v_AM,NA
G8.BROHOR.1,BROHOR,Bromus hordeaceaus,Non-native,Grass,Limited,Cal IPC,G8,2,G,8,BORR,Control,rgr_v_MJ,NA
G8.DAUPUS.1,DAUPUS,Daucus pusillus,Native,Forb,Native,CalFlora,G8,2,G,8,BORR,Control,rgr_v_FM,0.07065341638774601
G8.DAUPUS.1,DAUPUS,Daucus pusillus,Native,Forb,Native,CalFlora,G8,2,G,8,BORR,Control,rgr_v_MA,0.0681506492728266
G8.DAUPUS.1,DAUPUS,Daucus pusillus,Native,Forb,Native,CalFlora,G8,2,G,8,BORR,Control,rgr_v_AM,0.01132602475598615
G8.DAUPUS.1,DAUPUS,Daucus pusillus,Native,Forb,Native,CalFlora,G8,2,G,8,BORR,Control,rgr_v_MJ,NA
G8.EROBOT.1,EROBOT,Erodium botrys,Non-native,Forb,Non-native,CalFlora,G8,2,G,8,BORR,Control,rgr_v_FM,0.10971604456974696
G8.EROBOT.1,EROBOT,Erodium botrys,Non-native,Forb,Non-native,CalFlora,G8,2,G,8,BORR,Control,rgr_v_MA,0.08701313979973382
G8.EROBOT.1,EROBOT,Erodium botrys,Non-native,Forb,Non-native,CalFlora,G8,2,G,8,BORR,Control,rgr_v_AM,0.02820025492336632
G8.EROBOT.1,EROBOT,Erodium botrys,Non-native,Forb,Non-native,CalFlora,G8,2,G,8,BORR,Control,rgr_v_MJ,NA
G8.GERDIS.1,GERDIS,Geranium dissectum,Non-native,Forb,Limited,Cal IPC,G8,2,G,8,BORR,Control,rgr_v_FM,0.11159819137263888
G8.GERDIS.1,GERDIS,Geranium dissectum,Non-native,Forb,Limited,Cal IPC,G8,2,G,8,BORR,Control,rgr_v_MA,0.08612328155914202
G8.GERDIS.1,GERDIS,Geranium dissectum,Non-native,Forb,Limited,Cal IPC,G8,2,G,8,BORR,Control,rgr_v_AM,NA
G8.GERDIS.1,GERDIS,Geranium dissectum,Non-native,Forb,Limited,Cal IPC,G8,2,G,8,BORR,Control,rgr_v_MJ,NA
G8.LUPBIC.1,LUPBIC,Lupinus bicolor,Native,Forb,Native,CalFlora,G8,2,G,8,BORR,Control,rgr_v_FM,0.10540858029153652
G8.LUPBIC.1,LUPBIC,Lupinus bicolor,Native,Forb,Native,CalFlora,G8,2,G,8,BORR,Control,rgr_v_MA,0.04739014158817816
G8.LUPBIC.1,LUPBIC,Lupinus bicolor,Native,Forb,Native,CalFlora,G8,2,G,8,BORR,Control,rgr_v_AM,0.08079150478173074
G8.LUPBIC.1,LUPBIC,Lupinus bicolor,Native,Forb,Native,CalFlora,G8,2,G,8,BORR,Control,rgr_v_MJ,NA
G8.MADGRA.1,MADGRA,Madia gracilis,Native,Forb,Native,CalFlora,G8,2,G,8,BORR,Control,rgr_v_FM,0.12165439448652753
G8.MADGRA.1,MADGRA,Madia gracilis,Native,Forb,Native,CalFlora,G8,2,G,8,BORR,Control,rgr_v_MA,0.073830493874536135
G8.MADGRA.1,MADGRA,Madia gracilis,Native,Forb,Native,CalFlora,G8,2,G,8,BORR,Control,rgr_v_AM,0.03331357543230851
G8.MADGRA.1,MADGRA,Madia gracilis,Native,Forb,Native,CalFlora,G8,2,G,8,BORR,Control,rgr_v_MJ,NA
G8.TORARV.1,TORARV,Torilis arvensis,Non-native,Forb,Moderate,Cal IPC,G8,2,G,8,BORR,Control,rgr_v_FM,0.08983907233026896
G8.TORARV.1,TORARV,Torilis arvensis,Non-native,Forb,Moderate,Cal IPC,G8,2,G,8,BORR,Control,rgr_v_MA,0.08560092507145838
G8.TORARV.1,TORARV,Torilis arvensis,Non-native,Forb,Moderate,Cal IPC,G8,2,G,8,BORR,Control,rgr_v_AM,NA
G8.TORARV.1,TORARV,Torilis arvensis,Non-native,Forb,Moderate,Cal IPC,G8,2,G,8,BORR,Control,rgr_v_MJ,NA
G8.TRIHIR.1,TRIHIR,Trifolium hirtum,Non-native,Forb,Limited,Cal IPC,G8,2,G,8,BORR,Control,rgr_v_FM,0.11229806739792551
G8.TRIHIR.1,TRIHIR,Trifolium hirtum,Non-native,Forb,Limited,Cal IPC,G8,2,G,8,BORR,Control,rgr_v_MA,0.1271461263809779
G8.TRIHIR.1,TRIHIR,Trifolium hirtum,Non-native,Forb,Limited,Cal IPC,G8,2,G,8,BORR,Control,rgr_v_AM,0.07467464760318888
G8.TRIHIR.1,TRIHIR,Trifolium hirtum,Non-native,Forb,Limited,Cal IPC,G8,2,G,8,BORR,Control,rgr_v_MJ,NA
H1.AVEFAT.1,AVEFAT,Avena fatua,Non-native,Grass,Moderate,Cal IPC,H1,3,H,1,SEDG,Control,rgr_v_FM,NA
H1.AVEFAT.1,AVEFAT,Avena fatua,Non-native,Grass,Moderate,Cal IPC,H1,3,H,1,SEDG,Control,rgr_v_MA,0.09606122343520444
H1.AVEFAT.1,AVEFAT,Avena fatua,Non-native,Grass,Moderate,Cal IPC,H1,3,H,1,SEDG,Control,rgr_v_AM,0.03493594291544359
H1.AVEFAT.1,AVEFAT,Avena fatua,Non-native,Grass,Moderate,Cal IPC,H1,3,H,1,SEDG,Control,rgr_v_MJ,NA
H1.BRODIA.1,BRODIA,Bromus diandrus,Non-native,Grass,Moderate,Cal IPC,H1,3,H,1,SEDG,Control,rgr_v_FM,NA
H1.BRODIA.1,BRODIA,Bromus diandrus,Non-native,Grass,Moderate,Cal IPC,H1,3,H,1,SEDG,Control,rgr_v_MA,0.07570327367351673
H1.BRODIA.1,BRODIA,Bromus diandrus,Non-native,Grass,Moderate,Cal IPC,H1,3,H,1,SEDG,Control,rgr_v_AM,-0.06100048896504655
H1.BRODIA.1,BRODIA,Bromus diandrus,Non-native,Grass,Moderate,Cal IPC,H1,3,H,1,SEDG,Control,rgr_v_MJ,NA
H1.BROHOR.1,BROHOR,Bromus hordeaceaus,Non-native,Grass,Limited,Cal IPC,H1,3,H,1,SEDG,Control,rgr_v_FM,NA
H1.BROHOR.1,BROHOR,Bromus hordeaceaus,Non-native,Grass,Limited,Cal IPC,H1,3,H,1,SEDG,Control,rgr_v_MA,0.10357239077957996
H1.BROHOR.1,BROHOR,Bromus hordeaceaus,Non-native,Grass,Limited,Cal IPC,H1,3,H,1,SEDG,Control,rgr_v_AM,NA
H1.BROHOR.1,BROHOR,Bromus hordeaceaus,Non-native,Grass,Limited,Cal IPC,H1,3,H,1,SEDG,Control,rgr_v_MJ,NA
H1.BROMAD.1,BROMAD,Bromus madritensis,Non-native,Grass,High,Cal IPC,H1,3,H,1,SEDG,Control,rgr_v_FM,NA
H1.BROMAD.1,BROMAD,Bromus madritensis,Non-native,Grass,High,Cal IPC,H1,3,H,1,SEDG,Control,rgr_v_MA,0.05608469904236532
H1.BROMAD.1,BROMAD,Bromus madritensis,Non-native,Grass,High,Cal IPC,H1,3,H,1,SEDG,Control,rgr_v_AM,NA
H1.BROMAD.1,BROMAD,Bromus madritensis,Non-native,Grass,High,Cal IPC,H1,3,H,1,SEDG,Control,rgr_v_MJ,NA
H1.CENMEL.1,CENMEL,Centaurea melitensis,Non-native,Forb,Moderate,Cal IPC,H1,3,H,1,SEDG,Control,rgr_v_FM,0.10920368824158556
H1.CENMEL.1,CENMEL,Centaurea melitensis,Non-native,Forb,Moderate,Cal IPC,H1,3,H,1,SEDG,Control,rgr_v_MA,0.0517726131016096
H1.CENMEL.1,CENMEL,Centaurea melitensis,Non-native,Forb,Moderate,Cal IPC,H1,3,H,1,SEDG,Control,rgr_v_AM,0.11237540315013415
H1.CENMEL.1,CENMEL,Centaurea melitensis,Non-native,Forb,Moderate,Cal IPC,H1,3,H,1,SEDG,Control,rgr_v_MJ,NA
H1.CORFIL.1,CORFIL,Corethrogyne filaginafolia,Native,Forb,Native,CalFlora,H1,3,H,1,SEDG,Control,rgr_v_FM,0.0920203687068812
H1.CORFIL.1,CORFIL,Corethrogyne filaginafolia,Native,Forb,Native,CalFlora,H1,3,H,1,SEDG,Control,rgr_v_MA,0.05227320759062575
H1.CORFIL.1,CORFIL,Corethrogyne filaginafolia,Native,Forb,Native,CalFlora,H1,3,H,1,SEDG,Control,rgr_v_AM,0.05360190675878273
H1.CORFIL.1,CORFIL,Corethrogyne filaginafolia,Native,Forb,Native,CalFlora,H1,3,H,1,SEDG,Control,rgr_v_MJ,0.02048709129970106
H1.MICCAL.1,MICCAL,Micropus californicus,Native,Forb,Native,CalFlora,H1,3,H,1,SEDG,Control,rgr_v_FM,0.10971604456974696
H1.MICCAL.1,MICCAL,Micropus californicus,Native,Forb,Native,CalFlora,H1,3,H,1,SEDG,Control,rgr_v_MA,0.08347286595909832
H1.MICCAL.1,MICCAL,Micropus californicus,Native,Forb,Native,CalFlora,H1,3,H,1,SEDG,Control,rgr_v_AM,NA
H1.MICCAL.1,MICCAL,Micropus californicus,Native,Forb,Native,CalFlora,H1,3,H,1,SEDG,Control,rgr_v_MJ,NA
H1.STIPUL.1,STIPUL,Stipa pulchra,Native,Grass,Native,CalFlora,H1,3,H,1,SEDG,Control,rgr_v_FM,NA
H1.STIPUL.1,STIPUL,Stipa pulchra,Native,Grass,Native,CalFlora,H1,3,H,1,SEDG,Control,rgr_v_MA,-0.0055261299984601
H1.STIPUL.1,STIPUL,Stipa pulchra,Native,Grass,Native,CalFlora,H1,3,H,1,SEDG,Control,rgr_v_AM,0.04722445063977683
H1.STIPUL.1,STIPUL,Stipa pulchra,Native,Grass,Native,CalFlora,H1,3,H,1,SEDG,Control,rgr_v_MJ,0.05950593598108705
H2.AIRCAR.1,AIRCAR,Aira caryophyllea,Non-native,Grass,Non-native,CalFlora,H2,3,H,2,ANGELO,Control,rgr_v_FM,NA
H2.AIRCAR.1,AIRCAR,Aira caryophyllea,Non-native,Grass,Non-native,CalFlora,H2,3,H,2,ANGELO,Control,rgr_v_MA,0.11799180713467862
H2.AIRCAR.1,AIRCAR,Aira caryophyllea,Non-native,Grass,Non-native,CalFlora,H2,3,H,2,ANGELO,Control,rgr_v_AM,0.0053281193071496
H2.AIRCAR.1,AIRCAR,Aira caryophyllea,Non-native,Grass,Non-native,CalFlora,H2,3,H,2,ANGELO,Control,rgr_v_MJ,NA
H2.BRODIA.1,BRODIA,Bromus diandrus,Non-native,Grass,Moderate,Cal IPC,H2,3,H,2,ANGELO,Control,rgr_v_FM,NA
H2.BRODIA.1,BRODIA,Bromus diandrus,Non-native,Grass,Moderate,Cal IPC,H2,3,H,2,ANGELO,Control,rgr_v_MA,0.05448988805348229
H2.BRODIA.1,BRODIA,Bromus diandrus,Non-native,Grass,Moderate,Cal IPC,H2,3,H,2,ANGELO,Control,rgr_v_AM,0.06719280022093198
H2.BRODIA.1,BRODIA,Bromus diandrus,Non-native,Grass,Moderate,Cal IPC,H2,3,H,2,ANGELO,Control,rgr_v_MJ,NA
H2.BROHOR.1,BROHOR,Bromus hordeaceaus,Non-native,Grass,Limited,Cal IPC,H2,3,H,2,ANGELO,Control,rgr_v_FM,NA
H2.BROHOR.1,BROHOR,Bromus hordeaceaus,Non-native,Grass,Limited,Cal IPC,H2,3,H,2,ANGELO,Control,rgr_v_MA,0.06973244507890947
H2.BROHOR.1,BROHOR,Bromus hordeaceaus,Non-native,Grass,Limited,Cal IPC,H2,3,H,2,ANGELO,Control,rgr_v_AM,0.0214790359407118
H2.BROHOR.1,BROHOR,Bromus hordeaceaus,Non-native,Grass,Limited,Cal IPC,H2,3,H,2,ANGELO,Control,rgr_v_MJ,NA
H2.DANCAL.1,DANCAL,Danthonia californica,Native,Grass,Native,CalFlora,H2,3,H,2,ANGELO,Control,rgr_v_FM,NA
H2.DANCAL.1,DANCAL,Danthonia californica,Native,Grass,Native,CalFlora,H2,3,H,2,ANGELO,Control,rgr_v_MA,NA
H2.DANCAL.1,DANCAL,Danthonia californica,Native,Grass,Native,CalFlora,H2,3,H,2,ANGELO,Control,rgr_v_AM,NA
H2.DANCAL.1,DANCAL,Danthonia californica,Native,Grass,Native,CalFlora,H2,3,H,2,ANGELO,Control,rgr_v_MJ,NA
H2.DAUPUS.1,DAUPUS,Daucus pusillus,Native,Forb,Native,CalFlora,H2,3,H,2,ANGELO,Control,rgr_v_FM,0.0840372831593412
H2.DAUPUS.1,DAUPUS,Daucus pusillus,Native,Forb,Native,CalFlora,H2,3,H,2,ANGELO,Control,rgr_v_MA,0.1322906224731181
H2.DAUPUS.1,DAUPUS,Daucus pusillus,Native,Forb,Native,CalFlora,H2,3,H,2,ANGELO,Control,rgr_v_AM,0.05799528569172958
H2.DAUPUS.1,DAUPUS,Daucus pusillus,Native,Forb,Native,CalFlora,H2,3,H,2,ANGELO,Control,rgr_v_MJ,NA
H2.ESCCAL.1,ESCCAL,Eschscholzia californica,Native,Forb,Native,CalFlora,H2,3,H,2,ANGELO,Control,rgr_v_FM,0.08264826737029453
H2.ESCCAL.1,ESCCAL,Eschscholzia californica,Native,Forb,Native,CalFlora,H2,3,H,2,ANGELO,Control,rgr_v_MA,0.08245521018053488
H2.ESCCAL.1,ESCCAL,Eschscholzia californica,Native,Forb,Native,CalFlora,H2,3,H,2,ANGELO,Control,rgr_v_AM,0.04573509328333278
H2.ESCCAL.1,ESCCAL,Eschscholzia californica,Native,Forb,Native,CalFlora,H2,3,H,2,ANGELO,Control,rgr_v_MJ,0.03990853509831035
H2.GALPAR.1,GALPAR,Galium parisiense,Non-native,Forb,Non-native,CalFlora,H2,3,H,2,ANGELO,Control,rgr_v_FM,0.06499687163039564
H2.GALPAR.1,GALPAR,Galium parisiense,Non-native,Forb,Non-native,CalFlora,H2,3,H,2,ANGELO,Control,rgr_v_MA,0.09518184536520696
H2.GALPAR.1,GALPAR,Galium parisiense,Non-native,Forb,Non-native,CalFlora,H2,3,H,2,ANGELO,Control,rgr_v_AM,0.12788344330256252
H2.GALPAR.1,GALPAR,Galium parisiense,Non-native,Forb,Non-native,CalFlora,H2,3,H,2,ANGELO,Control,rgr_v_MJ,NA
H2.MADGRA.1,MADGRA,Madia gracilis,Native,Forb,Native,CalFlora,H2,3,H,2,ANGELO,Control,rgr_v_FM,0.0896393313545296
H2.MADGRA.1,MADGRA,Madia gracilis,Native,Forb,Native,CalFlora,H2,3,H,2,ANGELO,Control,rgr_v_MA,0.07322965049195865
H2.MADGRA.1,MADGRA,Madia gracilis,Native,Forb,Native,CalFlora,H2,3,H,2,ANGELO,Control,rgr_v_AM,0.06841727116110138
H2.MADGRA.1,MADGRA,Madia gracilis,Native,Forb,Native,CalFlora,H2,3,H,2,ANGELO,Control,rgr_v_MJ,NA
H3.AMSMEN.1,AMSMEN,Amsinckia menziesii,Native,Forb,Native,CalFlora,H3,3,H,3,WWP,Control,rgr_v_FM,0.06824162120798173
H3.AMSMEN.1,AMSMEN,Amsinckia menziesii,Native,Forb,Native,CalFlora,H3,3,H,3,WWP,Control,rgr_v_MA,NA
H3.AMSMEN.1,AMSMEN,Amsinckia menziesii,Native,Forb,Native,CalFlora,H3,3,H,3,WWP,Control,rgr_v_AM,NA
H3.AMSMEN.1,AMSMEN,Amsinckia menziesii,Native,Forb,Native,CalFlora,H3,3,H,3,WWP,Control,rgr_v_MJ,NA
H3.AVEBAR.1,AVEBAR,Avena barbata,Non-native,Grass,Moderate,Cal IPC,H3,3,H,3,WWP,Control,rgr_v_FM,NA
H3.AVEBAR.1,AVEBAR,Avena barbata,Non-native,Grass,Moderate,Cal IPC,H3,3,H,3,WWP,Control,rgr_v_MA,0.12759843352413547
H3.AVEBAR.1,AVEBAR,Avena barbata,Non-native,Grass,Moderate,Cal IPC,H3,3,H,3,WWP,Control,rgr_v_AM,0.04773521373355553
H3.AVEBAR.1,AVEBAR,Avena barbata,Non-native,Grass,Moderate,Cal IPC,H3,3,H,3,WWP,Control,rgr_v_MJ,NA
H3.BRODIA.1,BRODIA,Bromus diandrus,Non-native,Grass,Moderate,Cal IPC,H3,3,H,3,WWP,Control,rgr_v_FM,NA
H3.BRODIA.1,BRODIA,Bromus diandrus,Non-native,Grass,Moderate,Cal IPC,H3,3,H,3,WWP,Control,rgr_v_MA,0.06200859330171816
H3.BRODIA.1,BRODIA,Bromus diandrus,Non-native,Grass,Moderate,Cal IPC,H3,3,H,3,WWP,Control,rgr_v_AM,0.05311470184693999
H3.BRODIA.1,BRODIA,Bromus diandrus,Non-native,Grass,Moderate,Cal IPC,H3,3,H,3,WWP,Control,rgr_v_MJ,NA
H3.BROMAD.1,BROMAD,Bromus madritensis,Non-native,Grass,High,Cal IPC,H3,3,H,3,WWP,Control,rgr_v_FM,NA
H3.BROMAD.1,BROMAD,Bromus madritensis,Non-native,Grass,High,Cal IPC,H3,3,H,3,WWP,Control,rgr_v_MA,0.06106201010513331
H3.BROMAD.1,BROMAD,Bromus madritensis,Non-native,Grass,High,Cal IPC,H3,3,H,3,WWP,Control,rgr_v_AM,NA
H3.BROMAD.1,BROMAD,Bromus madritensis,Non-native,Grass,High,Cal IPC,H3,3,H,3,WWP,Control,rgr_v_MJ,NA
H3.EROCIC.1,EROCIC,Erodium cicutarium,Non-native,Forb,Non-native,CalFlora,H3,3,H,3,WWP,Control,rgr_v_FM,0.10049698464036376
H3.EROCIC.1,EROCIC,Erodium cicutarium,Non-native,Forb,Non-native,CalFlora,H3,3,H,3,WWP,Control,rgr_v_MA,0.11470759094344755
H3.EROCIC.1,EROCIC,Erodium cicutarium,Non-native,Forb,Non-native,CalFlora,H3,3,H,3,WWP,Control,rgr_v_AM,0.05843352795231085
H3.EROCIC.1,EROCIC,Erodium cicutarium,Non-native,Forb,Non-native,CalFlora,H3,3,H,3,WWP,Control,rgr_v_MJ,NA
H3.PHATAN.1,PHATAN,Phacelia tanacetifolia,Native,Forb,Native,CalFlora,H3,3,H,3,WWP,Control,rgr_v_FM,0.11027223187408586
H3.PHATAN.1,PHATAN,Phacelia tanacetifolia,Native,Forb,Native,CalFlora,H3,3,H,3,WWP,Control,rgr_v_MA,NA
H3.PHATAN.1,PHATAN,Phacelia tanacetifolia,Native,Forb,Native,CalFlora,H3,3,H,3,WWP,Control,rgr_v_AM,NA
H3.PHATAN.1,PHATAN,Phacelia tanacetifolia,Native,Forb,Native,CalFlora,H3,3,H,3,WWP,Control,rgr_v_MJ,NA
H4.BRODIA.1,BRODIA,Bromus diandrus,Non-native,Grass,Moderate,Cal IPC,H4,3,H,4,MCL,Control,rgr_v_FM,NA
H4.BRODIA.1,BRODIA,Bromus diandrus,Non-native,Grass,Moderate,Cal IPC,H4,3,H,4,MCL,Control,rgr_v_MA,0.05765133190164455
H4.BRODIA.1,BRODIA,Bromus diandrus,Non-native,Grass,Moderate,Cal IPC,H4,3,H,4,MCL,Control,rgr_v_AM,0.10823910553151556
H4.BRODIA.1,BRODIA,Bromus diandrus,Non-native,Grass,Moderate,Cal IPC,H4,3,H,4,MCL,Control,rgr_v_MJ,NA
H4.BROHOR.1,BROHOR,Bromus hordeaceaus,Non-native,Grass,Limited,Cal IPC,H4,3,H,4,MCL,Control,rgr_v_FM,NA
H4.BROHOR.1,BROHOR,Bromus hordeaceaus,Non-native,Grass,Limited,Cal IPC,H4,3,H,4,MCL,Control,rgr_v_MA,0.08647224600530709
H4.BROHOR.1,BROHOR,Bromus hordeaceaus,Non-native,Grass,Limited,Cal IPC,H4,3,H,4,MCL,Control,rgr_v_AM,NA
H4.BROHOR.1,BROHOR,Bromus hordeaceaus,Non-native,Grass,Limited,Cal IPC,H4,3,H,4,MCL,Control,rgr_v_MJ,NA
H4.BROMAD.1,BROMAD,Bromus madritensis,Non-native,Grass,High,Cal IPC,H4,3,H,4,MCL,Control,rgr_v_FM,NA
H4.BROMAD.1,BROMAD,Bromus madritensis,Non-native,Grass,High,Cal IPC,H4,3,H,4,MCL,Control,rgr_v_MA,0.04072740158221979
H4.BROMAD.1,BROMAD,Bromus madritensis,Non-native,Grass,High,Cal IPC,H4,3,H,4,MCL,Control,rgr_v_AM,NA
H4.BROMAD.1,BROMAD,Bromus madritensis,Non-native,Grass,High,Cal IPC,H4,3,H,4,MCL,Control,rgr_v_MJ,NA
H4.ELYCAP.1,ELYCAP,Elymus caput-medusae,Non-native,Grass,High,Cal IPC,H4,3,H,4,MCL,Control,rgr_v_FM,0.04938308354616122
H4.ELYCAP.1,ELYCAP,Elymus caput-medusae,Non-native,Grass,High,Cal IPC,H4,3,H,4,MCL,Control,rgr_v_MA,0.0988963602710189
H4.ELYCAP.1,ELYCAP,Elymus caput-medusae,Non-native,Grass,High,Cal IPC,H4,3,H,4,MCL,Control,rgr_v_AM,0.08778543713510394
H4.ELYCAP.1,ELYCAP,Elymus caput-medusae,Non-native,Grass,High,Cal IPC,H4,3,H,4,MCL,Control,rgr_v_MJ,NA
H4.HOLVIR.1,HOLVIR,Holocarpha virgata,Native,Forb,Native,CalFlora,H4,3,H,4,MCL,Control,rgr_v_FM,0.102517865495095
H4.HOLVIR.1,HOLVIR,Holocarpha virgata,Native,Forb,Native,CalFlora,H4,3,H,4,MCL,Control,rgr_v_MA,0.06446832243874556
H4.HOLVIR.1,HOLVIR,Holocarpha virgata,Native,Forb,Native,CalFlora,H4,3,H,4,MCL,Control,rgr_v_AM,0.07464014255636504
H4.HOLVIR.1,HOLVIR,Holocarpha virgata,Native,Forb,Native,CalFlora,H4,3,H,4,MCL,Control,rgr_v_MJ,0.05516090782959616
H4.MICCAL.1,MICCAL,Micropus californicus,Native,Forb,Native,CalFlora,H4,3,H,4,MCL,Control,rgr_v_FM,0.1277681667612122
H4.MICCAL.1,MICCAL,Micropus californicus,Native,Forb,Native,CalFlora,H4,3,H,4,MCL,Control,rgr_v_MA,0.1417883865313743
H4.MICCAL.1,MICCAL,Micropus californicus,Native,Forb,Native,CalFlora,H4,3,H,4,MCL,Control,rgr_v_AM,NA
H4.MICCAL.1,MICCAL,Micropus californicus,Native,Forb,Native,CalFlora,H4,3,H,4,MCL,Control,rgr_v_MJ,NA
H4.PLAERE.1,PLAERE,Plantago erecta,Native,Forb,Native,CalFlora,H4,3,H,4,MCL,Control,rgr_v_FM,0.05492664022121477
H4.PLAERE.1,PLAERE,Plantago erecta,Native,Forb,Native,CalFlora,H4,3,H,4,MCL,Control,rgr_v_MA,0.06972551927160271
H4.PLAERE.1,PLAERE,Plantago erecta,Native,Forb,Native,CalFlora,H4,3,H,4,MCL,Control,rgr_v_AM,NA
H4.PLAERE.1,PLAERE,Plantago erecta,Native,Forb,Native,CalFlora,H4,3,H,4,MCL,Control,rgr_v_MJ,NA
H4.TRIHIR.1,TRIHIR,Trifolium hirtum,Non-native,Forb,Limited,Cal IPC,H4,3,H,4,MCL,Control,rgr_v_FM,0.11056498999933964
H4.TRIHIR.1,TRIHIR,Trifolium hirtum,Non-native,Forb,Limited,Cal IPC,H4,3,H,4,MCL,Control,rgr_v_MA,0.11574692722020874
H4.TRIHIR.1,TRIHIR,Trifolium hirtum,Non-native,Forb,Limited,Cal IPC,H4,3,H,4,MCL,Control,rgr_v_AM,0.05363764492361637
H4.TRIHIR.1,TRIHIR,Trifolium hirtum,Non-native,Forb,Limited,Cal IPC,H4,3,H,4,MCL,Control,rgr_v_MJ,NA
H5.AVEBAR.1,AVEBAR,Avena barbata,Non-native,Grass,Moderate,Cal IPC,H5,3,H,5,BORR,Control,rgr_v_FM,NA
H5.AVEBAR.1,AVEBAR,Avena barbata,Non-native,Grass,Moderate,Cal IPC,H5,3,H,5,BORR,Control,rgr_v_MA,0.10360333300075196
H5.AVEBAR.1,AVEBAR,Avena barbata,Non-native,Grass,Moderate,Cal IPC,H5,3,H,5,BORR,Control,rgr_v_AM,0.12395251783236053
H5.AVEBAR.1,AVEBAR,Avena barbata,Non-native,Grass,Moderate,Cal IPC,H5,3,H,5,BORR,Control,rgr_v_MJ,NA
H5.BRODIA.1,BRODIA,Bromus diandrus,Non-native,Grass,Moderate,Cal IPC,H5,3,H,5,BORR,Control,rgr_v_FM,NA
H5.BRODIA.1,BRODIA,Bromus diandrus,Non-native,Grass,Moderate,Cal IPC,H5,3,H,5,BORR,Control,rgr_v_MA,0.10380552382721692
H5.BRODIA.1,BRODIA,Bromus diandrus,Non-native,Grass,Moderate,Cal IPC,H5,3,H,5,BORR,Control,rgr_v_AM,0.07734143232585972
H5.BRODIA.1,BRODIA,Bromus diandrus,Non-native,Grass,Moderate,Cal IPC,H5,3,H,5,BORR,Control,rgr_v_MJ,NA
H5.BROHOR.1,BROHOR,Bromus hordeaceaus,Non-native,Grass,Limited,Cal IPC,H5,3,H,5,BORR,Control,rgr_v_FM,NA
H5.BROHOR.1,BROHOR,Bromus hordeaceaus,Non-native,Grass,Limited,Cal IPC,H5,3,H,5,BORR,Control,rgr_v_MA,0.0893498621761383
H5.BROHOR.1,BROHOR,Bromus hordeaceaus,Non-native,Grass,Limited,Cal IPC,H5,3,H,5,BORR,Control,rgr_v_AM,NA
H5.BROHOR.1,BROHOR,Bromus hordeaceaus,Non-native,Grass,Limited,Cal IPC,H5,3,H,5,BORR,Control,rgr_v_MJ,NA
H5.CLAPUR.1,CLAPUR,Clarkia purpurea,Native,Forb,Native,CalFlora,H5,3,H,5,BORR,Control,rgr_v_FM,0.08982010257699304
H5.CLAPUR.1,CLAPUR,Clarkia purpurea,Native,Forb,Native,CalFlora,H5,3,H,5,BORR,Control,rgr_v_MA,0.07961959122753605
H5.CLAPUR.1,CLAPUR,Clarkia purpurea,Native,Forb,Native,CalFlora,H5,3,H,5,BORR,Control,rgr_v_AM,0.05221488995258851
H5.CLAPUR.1,CLAPUR,Clarkia purpurea,Native,Forb,Native,CalFlora,H5,3,H,5,BORR,Control,rgr_v_MJ,NA
H5.DAUPUS.1,DAUPUS,Daucus pusillus,Native,Forb,Native,CalFlora,H5,3,H,5,BORR,Control,rgr_v_FM,0.08355700533696216
H5.DAUPUS.1,DAUPUS,Daucus pusillus,Native,Forb,Native,CalFlora,H5,3,H,5,BORR,Control,rgr_v_MA,0.06908883792361936
H5.DAUPUS.1,DAUPUS,Daucus pusillus,Native,Forb,Native,CalFlora,H5,3,H,5,BORR,Control,rgr_v_AM,0.05040615250597959
H5.DAUPUS.1,DAUPUS,Daucus pusillus,Native,Forb,Native,CalFlora,H5,3,H,5,BORR,Control,rgr_v_MJ,NA
H5.GERDIS.1,GERDIS,Geranium dissectum,Non-native,Forb,Limited,Cal IPC,H5,3,H,5,BORR,Control,rgr_v_FM,0.12273941436427536
H5.GERDIS.1,GERDIS,Geranium dissectum,Non-native,Forb,Limited,Cal IPC,H5,3,H,5,BORR,Control,rgr_v_MA,0.08282379750158171
H5.GERDIS.1,GERDIS,Geranium dissectum,Non-native,Forb,Limited,Cal IPC,H5,3,H,5,BORR,Control,rgr_v_AM,NA
H5.GERDIS.1,GERDIS,Geranium dissectum,Non-native,Forb,Limited,Cal IPC,H5,3,H,5,BORR,Control,rgr_v_MJ,NA
H5.MADGRA.1,MADGRA,Madia gracilis,Native,Forb,Native,CalFlora,H5,3,H,5,BORR,Control,rgr_v_FM,0.1047510741728354
H5.MADGRA.1,MADGRA,Madia gracilis,Native,Forb,Native,CalFlora,H5,3,H,5,BORR,Control,rgr_v_MA,0.0671343512761986
H5.MADGRA.1,MADGRA,Madia gracilis,Native,Forb,Native,CalFlora,H5,3,H,5,BORR,Control,rgr_v_AM,0.0505473818933255
H5.MADGRA.1,MADGRA,Madia gracilis,Native,Forb,Native,CalFlora,H5,3,H,5,BORR,Control,rgr_v_MJ,NA
H5.TORARV.1,TORARV,Torilis arvensis,Non-native,Forb,Moderate,Cal IPC,H5,3,H,5,BORR,Control,rgr_v_FM,0.06160602178440685
H5.TORARV.1,TORARV,Torilis arvensis,Non-native,Forb,Moderate,Cal IPC,H5,3,H,5,BORR,Control,rgr_v_MA,0.08952186287425899
H5.TORARV.1,TORARV,Torilis arvensis,Non-native,Forb,Moderate,Cal IPC,H5,3,H,5,BORR,Control,rgr_v_AM,0.08907781296447236
H5.TORARV.1,TORARV,Torilis arvensis,Non-native,Forb,Moderate,Cal IPC,H5,3,H,5,BORR,Control,rgr_v_MJ,NA
H6.AIRCAR.1,AIRCAR,Aira caryophyllea,Non-native,Grass,Non-native,CalFlora,H6,3,H,6,ANGELO,Control,rgr_v_FM,0.06988557802159566
H6.AIRCAR.1,AIRCAR,Aira caryophyllea,Non-native,Grass,Non-native,CalFlora,H6,3,H,6,ANGELO,Control,rgr_v_MA,0.09210340371976183
H6.AIRCAR.1,AIRCAR,Aira caryophyllea,Non-native,Grass,Non-native,CalFlora,H6,3,H,6,ANGELO,Control,rgr_v_AM,-3.1407299542191014e-4
H6.AIRCAR.1,AIRCAR,Aira caryophyllea,Non-native,Grass,Non-native,CalFlora,H6,3,H,6,ANGELO,Control,rgr_v_MJ,NA
H6.BRODIA.1,BRODIA,Bromus diandrus,Non-native,Grass,Moderate,Cal IPC,H6,3,H,6,ANGELO,Control,rgr_v_FM,NA
H6.BRODIA.1,BRODIA,Bromus diandrus,Non-native,Grass,Moderate,Cal IPC,H6,3,H,6,ANGELO,Control,rgr_v_MA,0.04938688510583962
H6.BRODIA.1,BRODIA,Bromus diandrus,Non-native,Grass,Moderate,Cal IPC,H6,3,H,6,ANGELO,Control,rgr_v_AM,0.08153169016745974
H6.BRODIA.1,BRODIA,Bromus diandrus,Non-native,Grass,Moderate,Cal IPC,H6,3,H,6,ANGELO,Control,rgr_v_MJ,NA
H6.BROHOR.1,BROHOR,Bromus hordeaceaus,Non-native,Grass,Limited,Cal IPC,H6,3,H,6,ANGELO,Control,rgr_v_FM,NA
H6.BROHOR.1,BROHOR,Bromus hordeaceaus,Non-native,Grass,Limited,Cal IPC,H6,3,H,6,ANGELO,Control,rgr_v_MA,0.04570516696339535
H6.BROHOR.1,BROHOR,Bromus hordeaceaus,Non-native,Grass,Limited,Cal IPC,H6,3,H,6,ANGELO,Control,rgr_v_AM,0.06881965237359004
H6.BROHOR.1,BROHOR,Bromus hordeaceaus,Non-native,Grass,Limited,Cal IPC,H6,3,H,6,ANGELO,Control,rgr_v_MJ,NA
H6.ESCCAL.1,ESCCAL,Eschscholzia californica,Native,Forb,Native,CalFlora,H6,3,H,6,ANGELO,Control,rgr_v_FM,0.03516916254830946
H6.ESCCAL.1,ESCCAL,Eschscholzia californica,Native,Forb,Native,CalFlora,H6,3,H,6,ANGELO,Control,rgr_v_MA,0.13833423182008417
H6.ESCCAL.1,ESCCAL,Eschscholzia californica,Native,Forb,Native,CalFlora,H6,3,H,6,ANGELO,Control,rgr_v_AM,0.01078631765111196
H6.ESCCAL.1,ESCCAL,Eschscholzia californica,Native,Forb,Native,CalFlora,H6,3,H,6,ANGELO,Control,rgr_v_MJ,-0.04823439586376906
H6.GALPAR.1,GALPAR,Galium parisiense,Non-native,Forb,Non-native,CalFlora,H6,3,H,6,ANGELO,Control,rgr_v_FM,0.09323779864181175
H6.GALPAR.1,GALPAR,Galium parisiense,Non-native,Forb,Non-native,CalFlora,H6,3,H,6,ANGELO,Control,rgr_v_MA,0.08934368886028377
H6.GALPAR.1,GALPAR,Galium parisiense,Non-native,Forb,Non-native,CalFlora,H6,3,H,6,ANGELO,Control,rgr_v_AM,0.1163038568158164
H6.GALPAR.1,GALPAR,Galium parisiense,Non-native,Forb,Non-native,CalFlora,H6,3,H,6,ANGELO,Control,rgr_v_MJ,NA
H6.MADGRA.1,MADGRA,Madia gracilis,Native,Forb,Native,CalFlora,H6,3,H,6,ANGELO,Control,rgr_v_FM,0.11587355066961756
H6.MADGRA.1,MADGRA,Madia gracilis,Native,Forb,Native,CalFlora,H6,3,H,6,ANGELO,Control,rgr_v_MA,0.07504953472783224
H6.MADGRA.1,MADGRA,Madia gracilis,Native,Forb,Native,CalFlora,H6,3,H,6,ANGELO,Control,rgr_v_AM,0.09062159604830164
H6.MADGRA.1,MADGRA,Madia gracilis,Native,Forb,Native,CalFlora,H6,3,H,6,ANGELO,Control,rgr_v_MJ,NA
H7.BRODIA.1,BRODIA,Bromus diandrus,Non-native,Grass,Moderate,Cal IPC,H7,3,H,7,MCL,Control,rgr_v_FM,NA
H7.BRODIA.1,BRODIA,Bromus diandrus,Non-native,Grass,Moderate,Cal IPC,H7,3,H,7,MCL,Control,rgr_v_MA,0.0340736047584182
H7.BRODIA.1,BRODIA,Bromus diandrus,Non-native,Grass,Moderate,Cal IPC,H7,3,H,7,MCL,Control,rgr_v_AM,0.11261800735032368
H7.BRODIA.1,BRODIA,Bromus diandrus,Non-native,Grass,Moderate,Cal IPC,H7,3,H,7,MCL,Control,rgr_v_MJ,NA
H7.BROHOR.1,BROHOR,Bromus hordeaceaus,Non-native,Grass,Limited,Cal IPC,H7,3,H,7,MCL,Control,rgr_v_FM,NA
H7.BROHOR.1,BROHOR,Bromus hordeaceaus,Non-native,Grass,Limited,Cal IPC,H7,3,H,7,MCL,Control,rgr_v_MA,0.1182505540681947
H7.BROHOR.1,BROHOR,Bromus hordeaceaus,Non-native,Grass,Limited,Cal IPC,H7,3,H,7,MCL,Control,rgr_v_AM,NA
H7.BROHOR.1,BROHOR,Bromus hordeaceaus,Non-native,Grass,Limited,Cal IPC,H7,3,H,7,MCL,Control,rgr_v_MJ,NA
H7.BROMAD.1,BROMAD,Bromus madritensis,Non-native,Grass,High,Cal IPC,H7,3,H,7,MCL,Control,rgr_v_FM,NA
H7.BROMAD.1,BROMAD,Bromus madritensis,Non-native,Grass,High,Cal IPC,H7,3,H,7,MCL,Control,rgr_v_MA,0.04884858443041768
H7.BROMAD.1,BROMAD,Bromus madritensis,Non-native,Grass,High,Cal IPC,H7,3,H,7,MCL,Control,rgr_v_AM,NA
H7.BROMAD.1,BROMAD,Bromus madritensis,Non-native,Grass,High,Cal IPC,H7,3,H,7,MCL,Control,rgr_v_MJ,NA
H7.ELYCAP.1,ELYCAP,Elymus caput-medusae,Non-native,Grass,High,Cal IPC,H7,3,H,7,MCL,Control,rgr_v_FM,0.06769556719763274
H7.ELYCAP.1,ELYCAP,Elymus caput-medusae,Non-native,Grass,High,Cal IPC,H7,3,H,7,MCL,Control,rgr_v_MA,0.05481606774380736
H7.ELYCAP.1,ELYCAP,Elymus caput-medusae,Non-native,Grass,High,Cal IPC,H7,3,H,7,MCL,Control,rgr_v_AM,0.08999849963289121
H7.ELYCAP.1,ELYCAP,Elymus caput-medusae,Non-native,Grass,High,Cal IPC,H7,3,H,7,MCL,Control,rgr_v_MJ,NA
H7.EROBOT.1,EROBOT,Erodium botrys,Non-native,Forb,Non-native,CalFlora,H7,3,H,7,MCL,Control,rgr_v_FM,0.0854738898682783
H7.EROBOT.1,EROBOT,Erodium botrys,Non-native,Forb,Non-native,CalFlora,H7,3,H,7,MCL,Control,rgr_v_MA,0.1097713288330802
H7.EROBOT.1,EROBOT,Erodium botrys,Non-native,Forb,Non-native,CalFlora,H7,3,H,7,MCL,Control,rgr_v_AM,0.07686942614957963
H7.EROBOT.1,EROBOT,Erodium botrys,Non-native,Forb,Non-native,CalFlora,H7,3,H,7,MCL,Control,rgr_v_MJ,NA
H7.HOLVIR.1,HOLVIR,Holocarpha virgata,Native,Forb,Native,CalFlora,H7,3,H,7,MCL,Control,rgr_v_FM,0.09952723974979608
H7.HOLVIR.1,HOLVIR,Holocarpha virgata,Native,Forb,Native,CalFlora,H7,3,H,7,MCL,Control,rgr_v_MA,0.09367223224589306
H7.HOLVIR.1,HOLVIR,Holocarpha virgata,Native,Forb,Native,CalFlora,H7,3,H,7,MCL,Control,rgr_v_AM,0.05175338265820733
H7.HOLVIR.1,HOLVIR,Holocarpha virgata,Native,Forb,Native,CalFlora,H7,3,H,7,MCL,Control,rgr_v_MJ,0.03508075619747809
H7.MICCAL.1,MICCAL,Micropus californicus,Native,Forb,Native,CalFlora,H7,3,H,7,MCL,Control,rgr_v_FM,0.09901942329420794
H7.MICCAL.1,MICCAL,Micropus californicus,Native,Forb,Native,CalFlora,H7,3,H,7,MCL,Control,rgr_v_MA,0.09252225571445365
H7.MICCAL.1,MICCAL,Micropus californicus,Native,Forb,Native,CalFlora,H7,3,H,7,MCL,Control,rgr_v_AM,NA
H7.MICCAL.1,MICCAL,Micropus californicus,Native,Forb,Native,CalFlora,H7,3,H,7,MCL,Control,rgr_v_MJ,NA
H7.PLAERE.1,PLAERE,Plantago erecta,Native,Forb,Native,CalFlora,H7,3,H,7,MCL,Control,rgr_v_FM,0.10316732550998849
H7.PLAERE.1,PLAERE,Plantago erecta,Native,Forb,Native,CalFlora,H7,3,H,7,MCL,Control,rgr_v_MA,0.07808840582647082
H7.PLAERE.1,PLAERE,Plantago erecta,Native,Forb,Native,CalFlora,H7,3,H,7,MCL,Control,rgr_v_AM,NA
H7.PLAERE.1,PLAERE,Plantago erecta,Native,Forb,Native,CalFlora,H7,3,H,7,MCL,Control,rgr_v_MJ,NA
H7.TRIHIR.1,TRIHIR,Trifolium hirtum,Non-native,Forb,Limited,Cal IPC,H7,3,H,7,MCL,Control,rgr_v_FM,0.07690324143482433
H7.TRIHIR.1,TRIHIR,Trifolium hirtum,Non-native,Forb,Limited,Cal IPC,H7,3,H,7,MCL,Control,rgr_v_MA,0.11656315033924866
H7.TRIHIR.1,TRIHIR,Trifolium hirtum,Non-native,Forb,Limited,Cal IPC,H7,3,H,7,MCL,Control,rgr_v_AM,0.0659329524504001
H7.TRIHIR.1,TRIHIR,Trifolium hirtum,Non-native,Forb,Limited,Cal IPC,H7,3,H,7,MCL,Control,rgr_v_MJ,NA
H8.AVEFAT.1,AVEFAT,Avena fatua,Non-native,Grass,Moderate,Cal IPC,H8,3,H,8,SEDG,Control,rgr_v_FM,NA
H8.AVEFAT.1,AVEFAT,Avena fatua,Non-native,Grass,Moderate,Cal IPC,H8,3,H,8,SEDG,Control,rgr_v_MA,0.0651889318050722
H8.AVEFAT.1,AVEFAT,Avena fatua,Non-native,Grass,Moderate,Cal IPC,H8,3,H,8,SEDG,Control,rgr_v_AM,0.01739034745900342
H8.AVEFAT.1,AVEFAT,Avena fatua,Non-native,Grass,Moderate,Cal IPC,H8,3,H,8,SEDG,Control,rgr_v_MJ,NA
H8.BRODIA.1,BRODIA,Bromus diandrus,Non-native,Grass,Moderate,Cal IPC,H8,3,H,8,SEDG,Control,rgr_v_FM,NA
H8.BRODIA.1,BRODIA,Bromus diandrus,Non-native,Grass,Moderate,Cal IPC,H8,3,H,8,SEDG,Control,rgr_v_MA,0.0735913222450916
H8.BRODIA.1,BRODIA,Bromus diandrus,Non-native,Grass,Moderate,Cal IPC,H8,3,H,8,SEDG,Control,rgr_v_AM,-0.03451097977075321
H8.BRODIA.1,BRODIA,Bromus diandrus,Non-native,Grass,Moderate,Cal IPC,H8,3,H,8,SEDG,Control,rgr_v_MJ,NA
H8.BROHOR.1,BROHOR,Bromus hordeaceaus,Non-native,Grass,Limited,Cal IPC,H8,3,H,8,SEDG,Control,rgr_v_FM,NA
H8.BROHOR.1,BROHOR,Bromus hordeaceaus,Non-native,Grass,Limited,Cal IPC,H8,3,H,8,SEDG,Control,rgr_v_MA,0.08441321982080112
H8.BROHOR.1,BROHOR,Bromus hordeaceaus,Non-native,Grass,Limited,Cal IPC,H8,3,H,8,SEDG,Control,rgr_v_AM,NA
H8.BROHOR.1,BROHOR,Bromus hordeaceaus,Non-native,Grass,Limited,Cal IPC,H8,3,H,8,SEDG,Control,rgr_v_MJ,NA
H8.BROMAD.1,BROMAD,Bromus madritensis,Non-native,Grass,High,Cal IPC,H8,3,H,8,SEDG,Control,rgr_v_FM,NA
H8.BROMAD.1,BROMAD,Bromus madritensis,Non-native,Grass,High,Cal IPC,H8,3,H,8,SEDG,Control,rgr_v_MA,0.06099645934716463
H8.BROMAD.1,BROMAD,Bromus madritensis,Non-native,Grass,High,Cal IPC,H8,3,H,8,SEDG,Control,rgr_v_AM,NA
H8.BROMAD.1,BROMAD,Bromus madritensis,Non-native,Grass,High,Cal IPC,H8,3,H,8,SEDG,Control,rgr_v_MJ,NA
H8.CENMEL.1,CENMEL,Centaurea melitensis,Non-native,Forb,Moderate,Cal IPC,H8,3,H,8,SEDG,Control,rgr_v_FM,0.15316865316016062
H8.CENMEL.1,CENMEL,Centaurea melitensis,Non-native,Forb,Moderate,Cal IPC,H8,3,H,8,SEDG,Control,rgr_v_MA,0.07598367597510557
H8.CENMEL.1,CENMEL,Centaurea melitensis,Non-native,Forb,Moderate,Cal IPC,H8,3,H,8,SEDG,Control,rgr_v_AM,0.10162335514160505
H8.CENMEL.1,CENMEL,Centaurea melitensis,Non-native,Forb,Moderate,Cal IPC,H8,3,H,8,SEDG,Control,rgr_v_MJ,NA
H8.CORFIL.1,CORFIL,Corethrogyne filaginafolia,Native,Forb,Native,CalFlora,H8,3,H,8,SEDG,Control,rgr_v_FM,0.07735146041285067
H8.CORFIL.1,CORFIL,Corethrogyne filaginafolia,Native,Forb,Native,CalFlora,H8,3,H,8,SEDG,Control,rgr_v_MA,0.00706494142717266
H8.CORFIL.1,CORFIL,Corethrogyne filaginafolia,Native,Forb,Native,CalFlora,H8,3,H,8,SEDG,Control,rgr_v_AM,0.03780221329501794
H8.CORFIL.1,CORFIL,Corethrogyne filaginafolia,Native,Forb,Native,CalFlora,H8,3,H,8,SEDG,Control,rgr_v_MJ,0.06079100105836423
H8.EROCIC.1,EROCIC,Erodium cicutarium,Non-native,Forb,Non-native,CalFlora,H8,3,H,8,SEDG,Control,rgr_v_FM,NA
H8.EROCIC.1,EROCIC,Erodium cicutarium,Non-native,Forb,Non-native,CalFlora,H8,3,H,8,SEDG,Control,rgr_v_MA,0.04394449154672439
H8.EROCIC.1,EROCIC,Erodium cicutarium,Non-native,Forb,Non-native,CalFlora,H8,3,H,8,SEDG,Control,rgr_v_AM,NA
H8.EROCIC.1,EROCIC,Erodium cicutarium,Non-native,Forb,Non-native,CalFlora,H8,3,H,8,SEDG,Control,rgr_v_MJ,NA
H8.ESCCAL.1,ESCCAL,Eschscholzia californica,Native,Forb,Native,CalFlora,H8,3,H,8,SEDG,Control,rgr_v_FM,0.10932512234659984
H8.ESCCAL.1,ESCCAL,Eschscholzia californica,Native,Forb,Native,CalFlora,H8,3,H,8,SEDG,Control,rgr_v_MA,0.09902339629870764
H8.ESCCAL.1,ESCCAL,Eschscholzia californica,Native,Forb,Native,CalFlora,H8,3,H,8,SEDG,Control,rgr_v_AM,0.06103880446891067
H8.ESCCAL.1,ESCCAL,Eschscholzia californica,Native,Forb,Native,CalFlora,H8,3,H,8,SEDG,Control,rgr_v_MJ,0.04600173401913694
H8.MICCAL.1,MICCAL,Micropus californicus,Native,Forb,Native,CalFlora,H8,3,H,8,SEDG,Control,rgr_v_FM,0.0877382147983617
H8.MICCAL.1,MICCAL,Micropus californicus,Native,Forb,Native,CalFlora,H8,3,H,8,SEDG,Control,rgr_v_MA,0.08936721135434596
H8.MICCAL.1,MICCAL,Micropus californicus,Native,Forb,Native,CalFlora,H8,3,H,8,SEDG,Control,rgr_v_AM,NA
H8.MICCAL.1,MICCAL,Micropus californicus,Native,Forb,Native,CalFlora,H8,3,H,8,SEDG,Control,rgr_v_MJ,NA
H8.STIPUL.1,STIPUL,Stipa pulchra,Native,Grass,Native,CalFlora,H8,3,H,8,SEDG,Control,rgr_v_FM,NA
H8.STIPUL.1,STIPUL,Stipa pulchra,Native,Grass,Native,CalFlora,H8,3,H,8,SEDG,Control,rgr_v_MA,0.05813734655830074
H8.STIPUL.1,STIPUL,Stipa pulchra,Native,Grass,Native,CalFlora,H8,3,H,8,SEDG,Control,rgr_v_AM,0.05798406226306579
H8.STIPUL.1,STIPUL,Stipa pulchra,Native,Grass,Native,CalFlora,H8,3,H,8,SEDG,Control,rgr_v_MJ,-0.02293887773954113
I1.BROHOR.1,BROHOR,Bromus hordeaceaus,Non-native,Grass,Limited,Cal IPC,I1,4,I,1,BORR,Drought,rgr_v_FM,NA
I1.BROHOR.1,BROHOR,Bromus hordeaceaus,Non-native,Grass,Limited,Cal IPC,I1,4,I,1,BORR,Drought,rgr_v_MA,0.1037736601354642
I1.BROHOR.1,BROHOR,Bromus hordeaceaus,Non-native,Grass,Limited,Cal IPC,I1,4,I,1,BORR,Drought,rgr_v_AM,NA
I1.BROHOR.1,BROHOR,Bromus hordeaceaus,Non-native,Grass,Limited,Cal IPC,I1,4,I,1,BORR,Drought,rgr_v_MJ,NA
I1.DAUPUS.1,DAUPUS,Daucus pusillus,Native,Forb,Native,CalFlora,I1,4,I,1,BORR,Drought,rgr_v_FM,0.08376900364717742
I1.DAUPUS.1,DAUPUS,Daucus pusillus,Native,Forb,Native,CalFlora,I1,4,I,1,BORR,Drought,rgr_v_MA,0.05302437258091402
I1.DAUPUS.1,DAUPUS,Daucus pusillus,Native,Forb,Native,CalFlora,I1,4,I,1,BORR,Drought,rgr_v_AM,0.01516452392186403
I1.DAUPUS.1,DAUPUS,Daucus pusillus,Native,Forb,Native,CalFlora,I1,4,I,1,BORR,Drought,rgr_v_MJ,NA
I1.LUPBIC.1,LUPBIC,Lupinus bicolor,Native,Forb,Native,CalFlora,I1,4,I,1,BORR,Drought,rgr_v_FM,0.13272292364652258
I1.LUPBIC.1,LUPBIC,Lupinus bicolor,Native,Forb,Native,CalFlora,I1,4,I,1,BORR,Drought,rgr_v_MA,0.1111046269215442
I1.LUPBIC.1,LUPBIC,Lupinus bicolor,Native,Forb,Native,CalFlora,I1,4,I,1,BORR,Drought,rgr_v_AM,NA
I1.LUPBIC.1,LUPBIC,Lupinus bicolor,Native,Forb,Native,CalFlora,I1,4,I,1,BORR,Drought,rgr_v_MJ,NA
I1.TORARV.1,TORARV,Torilis arvensis,Non-native,Forb,Moderate,Cal IPC,I1,4,I,1,BORR,Drought,rgr_v_FM,0.10169594552166876
I1.TORARV.1,TORARV,Torilis arvensis,Non-native,Forb,Moderate,Cal IPC,I1,4,I,1,BORR,Drought,rgr_v_MA,0.09978430780695266
I1.TORARV.1,TORARV,Torilis arvensis,Non-native,Forb,Moderate,Cal IPC,I1,4,I,1,BORR,Drought,rgr_v_AM,0.06006798415974283
I1.TORARV.1,TORARV,Torilis arvensis,Non-native,Forb,Moderate,Cal IPC,I1,4,I,1,BORR,Drought,rgr_v_MJ,NA
I1.TRIHIR.1,TRIHIR,Trifolium hirtum,Non-native,Forb,Limited,Cal IPC,I1,4,I,1,BORR,Drought,rgr_v_FM,NA
I1.TRIHIR.1,TRIHIR,Trifolium hirtum,Non-native,Forb,Limited,Cal IPC,I1,4,I,1,BORR,Drought,rgr_v_MA,NA
I1.TRIHIR.1,TRIHIR,Trifolium hirtum,Non-native,Forb,Limited,Cal IPC,I1,4,I,1,BORR,Drought,rgr_v_AM,NA
I1.TRIHIR.1,TRIHIR,Trifolium hirtum,Non-native,Forb,Limited,Cal IPC,I1,4,I,1,BORR,Drought,rgr_v_MJ,NA
I1.VICSAT.1,VICSAT,Vicia sativa,Non-native,Forb,Non-native,CalFlora,I1,4,I,1,BORR,Drought,rgr_v_FM,0.05553277491998622
I1.VICSAT.1,VICSAT,Vicia sativa,Non-native,Forb,Non-native,CalFlora,I1,4,I,1,BORR,Drought,rgr_v_MA,0.10143363833395956
I1.VICSAT.1,VICSAT,Vicia sativa,Non-native,Forb,Non-native,CalFlora,I1,4,I,1,BORR,Drought,rgr_v_AM,NA
I1.VICSAT.1,VICSAT,Vicia sativa,Non-native,Forb,Non-native,CalFlora,I1,4,I,1,BORR,Drought,rgr_v_MJ,NA
I2.AVEFAT.1,AVEFAT,Avena fatua,Non-native,Grass,Moderate,Cal IPC,I2,4,I,2,SEDG,Drought,rgr_v_FM,NA
I2.AVEFAT.1,AVEFAT,Avena fatua,Non-native,Grass,Moderate,Cal IPC,I2,4,I,2,SEDG,Drought,rgr_v_MA,0.07159035535615044
I2.AVEFAT.1,AVEFAT,Avena fatua,Non-native,Grass,Moderate,Cal IPC,I2,4,I,2,SEDG,Drought,rgr_v_AM,-0.02869024286828266
I2.AVEFAT.1,AVEFAT,Avena fatua,Non-native,Grass,Moderate,Cal IPC,I2,4,I,2,SEDG,Drought,rgr_v_MJ,NA
I2.BRODIA.1,BRODIA,Bromus diandrus,Non-native,Grass,Moderate,Cal IPC,I2,4,I,2,SEDG,Drought,rgr_v_FM,NA
I2.BRODIA.1,BRODIA,Bromus diandrus,Non-native,Grass,Moderate,Cal IPC,I2,4,I,2,SEDG,Drought,rgr_v_MA,0.07638816766330281
I2.BRODIA.1,BRODIA,Bromus diandrus,Non-native,Grass,Moderate,Cal IPC,I2,4,I,2,SEDG,Drought,rgr_v_AM,-0.04221562176891716
I2.BRODIA.1,BRODIA,Bromus diandrus,Non-native,Grass,Moderate,Cal IPC,I2,4,I,2,SEDG,Drought,rgr_v_MJ,NA
I2.BROMAD.1,BROMAD,Bromus madritensis,Non-native,Grass,High,Cal IPC,I2,4,I,2,SEDG,Drought,rgr_v_FM,NA
I2.BROMAD.1,BROMAD,Bromus madritensis,Non-native,Grass,High,Cal IPC,I2,4,I,2,SEDG,Drought,rgr_v_MA,0.0757301432642786
I2.BROMAD.1,BROMAD,Bromus madritensis,Non-native,Grass,High,Cal IPC,I2,4,I,2,SEDG,Drought,rgr_v_AM,NA
I2.BROMAD.1,BROMAD,Bromus madritensis,Non-native,Grass,High,Cal IPC,I2,4,I,2,SEDG,Drought,rgr_v_MJ,NA
I2.CENMEL.1,CENMEL,Centaurea melitensis,Non-native,Forb,Moderate,Cal IPC,I2,4,I,2,SEDG,Drought,rgr_v_FM,0.1549918306541945
I2.CENMEL.1,CENMEL,Centaurea melitensis,Non-native,Forb,Moderate,Cal IPC,I2,4,I,2,SEDG,Drought,rgr_v_MA,0.03259239077227174
I2.CENMEL.1,CENMEL,Centaurea melitensis,Non-native,Forb,Moderate,Cal IPC,I2,4,I,2,SEDG,Drought,rgr_v_AM,0.02202780638564672
I2.CENMEL.1,CENMEL,Centaurea melitensis,Non-native,Forb,Moderate,Cal IPC,I2,4,I,2,SEDG,Drought,rgr_v_MJ,NA
I2.CORFIL.1,CORFIL,Corethrogyne filaginafolia,Native,Forb,Native,CalFlora,I2,4,I,2,SEDG,Drought,rgr_v_FM,0.0996308035407234
I2.CORFIL.1,CORFIL,Corethrogyne filaginafolia,Native,Forb,Native,CalFlora,I2,4,I,2,SEDG,Drought,rgr_v_MA,NA
I2.CORFIL.1,CORFIL,Corethrogyne filaginafolia,Native,Forb,Native,CalFlora,I2,4,I,2,SEDG,Drought,rgr_v_AM,NA
I2.CORFIL.1,CORFIL,Corethrogyne filaginafolia,Native,Forb,Native,CalFlora,I2,4,I,2,SEDG,Drought,rgr_v_MJ,NA
I2.STIPUL.1,STIPUL,Stipa pulchra,Native,Grass,Native,CalFlora,I2,4,I,2,SEDG,Drought,rgr_v_FM,NA
I2.STIPUL.1,STIPUL,Stipa pulchra,Native,Grass,Native,CalFlora,I2,4,I,2,SEDG,Drought,rgr_v_MA,0.05721565750880174
I2.STIPUL.1,STIPUL,Stipa pulchra,Native,Grass,Native,CalFlora,I2,4,I,2,SEDG,Drought,rgr_v_AM,0.03255439683092032
I2.STIPUL.1,STIPUL,Stipa pulchra,Native,Grass,Native,CalFlora,I2,4,I,2,SEDG,Drought,rgr_v_MJ,0.03586856303652318
I3.AMSMEN.1,AMSMEN,Amsinckia menziesii,Native,Forb,Native,CalFlora,I3,4,I,3,WWP,Drought,rgr_v_FM,0.10762503497896778
I3.AMSMEN.1,AMSMEN,Amsinckia menziesii,Native,Forb,Native,CalFlora,I3,4,I,3,WWP,Drought,rgr_v_MA,0.05848642070301294
I3.AMSMEN.1,AMSMEN,Amsinckia menziesii,Native,Forb,Native,CalFlora,I3,4,I,3,WWP,Drought,rgr_v_AM,NA
I3.AMSMEN.1,AMSMEN,Amsinckia menziesii,Native,Forb,Native,CalFlora,I3,4,I,3,WWP,Drought,rgr_v_MJ,NA
I3.AVEBAR.1,AVEBAR,Avena barbata,Non-native,Grass,Moderate,Cal IPC,I3,4,I,3,WWP,Drought,rgr_v_FM,NA
I3.AVEBAR.1,AVEBAR,Avena barbata,Non-native,Grass,Moderate,Cal IPC,I3,4,I,3,WWP,Drought,rgr_v_MA,0.09459312069557052
I3.AVEBAR.1,AVEBAR,Avena barbata,Non-native,Grass,Moderate,Cal IPC,I3,4,I,3,WWP,Drought,rgr_v_AM,0.05645534843491168
I3.AVEBAR.1,AVEBAR,Avena barbata,Non-native,Grass,Moderate,Cal IPC,I3,4,I,3,WWP,Drought,rgr_v_MJ,NA
I3.BRODIA.1,BRODIA,Bromus diandrus,Non-native,Grass,Moderate,Cal IPC,I3,4,I,3,WWP,Drought,rgr_v_FM,NA
I3.BRODIA.1,BRODIA,Bromus diandrus,Non-native,Grass,Moderate,Cal IPC,I3,4,I,3,WWP,Drought,rgr_v_MA,0.11876110614735222
I3.BRODIA.1,BRODIA,Bromus diandrus,Non-native,Grass,Moderate,Cal IPC,I3,4,I,3,WWP,Drought,rgr_v_AM,-0.0017536405936025
I3.BRODIA.1,BRODIA,Bromus diandrus,Non-native,Grass,Moderate,Cal IPC,I3,4,I,3,WWP,Drought,rgr_v_MJ,NA
I3.BROMAD.1,BROMAD,Bromus madritensis,Non-native,Grass,High,Cal IPC,I3,4,I,3,WWP,Drought,rgr_v_FM,NA
I3.BROMAD.1,BROMAD,Bromus madritensis,Non-native,Grass,High,Cal IPC,I3,4,I,3,WWP,Drought,rgr_v_MA,0.06084038380853987
I3.BROMAD.1,BROMAD,Bromus madritensis,Non-native,Grass,High,Cal IPC,I3,4,I,3,WWP,Drought,rgr_v_AM,NA
I3.BROMAD.1,BROMAD,Bromus madritensis,Non-native,Grass,High,Cal IPC,I3,4,I,3,WWP,Drought,rgr_v_MJ,NA
I3.LUPSUC.1,LUPSUC,NA,NA,NA,NA,NA,I3,4,I,3,WWP,Drought,rgr_v_FM,NA
I3.LUPSUC.1,LUPSUC,NA,NA,NA,NA,NA,I3,4,I,3,WWP,Drought,rgr_v_MA,NA
I3.LUPSUC.1,LUPSUC,NA,NA,NA,NA,NA,I3,4,I,3,WWP,Drought,rgr_v_AM,NA
I3.LUPSUC.1,LUPSUC,NA,NA,NA,NA,NA,I3,4,I,3,WWP,Drought,rgr_v_MJ,NA
I4.BROHOR.1,BROHOR,Bromus hordeaceaus,Non-native,Grass,Limited,Cal IPC,I4,4,I,4,BORR,Drought,rgr_v_FM,NA
I4.BROHOR.1,BROHOR,Bromus hordeaceaus,Non-native,Grass,Limited,Cal IPC,I4,4,I,4,BORR,Drought,rgr_v_MA,0.09706278568717594
I4.BROHOR.1,BROHOR,Bromus hordeaceaus,Non-native,Grass,Limited,Cal IPC,I4,4,I,4,BORR,Drought,rgr_v_AM,NA
I4.BROHOR.1,BROHOR,Bromus hordeaceaus,Non-native,Grass,Limited,Cal IPC,I4,4,I,4,BORR,Drought,rgr_v_MJ,NA
I4.DAUPUS.1,DAUPUS,Daucus pusillus,Native,Forb,Native,CalFlora,I4,4,I,4,BORR,Drought,rgr_v_FM,0.07957164493210324
I4.DAUPUS.1,DAUPUS,Daucus pusillus,Native,Forb,Native,CalFlora,I4,4,I,4,BORR,Drought,rgr_v_MA,0.10150144381774938
I4.DAUPUS.1,DAUPUS,Daucus pusillus,Native,Forb,Native,CalFlora,I4,4,I,4,BORR,Drought,rgr_v_AM,0.01596229777810237
I4.DAUPUS.1,DAUPUS,Daucus pusillus,Native,Forb,Native,CalFlora,I4,4,I,4,BORR,Drought,rgr_v_MJ,NA
I4.EROBOT.1,EROBOT,Erodium botrys,Non-native,Forb,Non-native,CalFlora,I4,4,I,4,BORR,Drought,rgr_v_FM,-0.01881409894939848
I4.EROBOT.1,EROBOT,Erodium botrys,Non-native,Forb,Non-native,CalFlora,I4,4,I,4,BORR,Drought,rgr_v_MA,0.1145758270175525
I4.EROBOT.1,EROBOT,Erodium botrys,Non-native,Forb,Non-native,CalFlora,I4,4,I,4,BORR,Drought,rgr_v_AM,NA
I4.EROBOT.1,EROBOT,Erodium botrys,Non-native,Forb,Non-native,CalFlora,I4,4,I,4,BORR,Drought,rgr_v_MJ,NA
I4.GERDIS.1,GERDIS,Geranium dissectum,Non-native,Forb,Limited,Cal IPC,I4,4,I,4,BORR,Drought,rgr_v_FM,NA
I4.GERDIS.1,GERDIS,Geranium dissectum,Non-native,Forb,Limited,Cal IPC,I4,4,I,4,BORR,Drought,rgr_v_MA,NA
I4.GERDIS.1,GERDIS,Geranium dissectum,Non-native,Forb,Limited,Cal IPC,I4,4,I,4,BORR,Drought,rgr_v_AM,NA
I4.GERDIS.1,GERDIS,Geranium dissectum,Non-native,Forb,Limited,Cal IPC,I4,4,I,4,BORR,Drought,rgr_v_MJ,NA
I4.MADGRA.1,MADGRA,Madia gracilis,Native,Forb,Native,CalFlora,I4,4,I,4,BORR,Drought,rgr_v_FM,0.11622569428247352
I4.MADGRA.1,MADGRA,Madia gracilis,Native,Forb,Native,CalFlora,I4,4,I,4,BORR,Drought,rgr_v_MA,4.771085040871648e-4
I4.MADGRA.1,MADGRA,Madia gracilis,Native,Forb,Native,CalFlora,I4,4,I,4,BORR,Drought,rgr_v_AM,0.09292086207454445
I4.MADGRA.1,MADGRA,Madia gracilis,Native,Forb,Native,CalFlora,I4,4,I,4,BORR,Drought,rgr_v_MJ,NA
I4.TORARV.1,TORARV,Torilis arvensis,Non-native,Forb,Moderate,Cal IPC,I4,4,I,4,BORR,Drought,rgr_v_FM,0.07431610262487956
I4.TORARV.1,TORARV,Torilis arvensis,Non-native,Forb,Moderate,Cal IPC,I4,4,I,4,BORR,Drought,rgr_v_MA,0.08855336054049459
I4.TORARV.1,TORARV,Torilis arvensis,Non-native,Forb,Moderate,Cal IPC,I4,4,I,4,BORR,Drought,rgr_v_AM,0.07045182828218459
I4.TORARV.1,TORARV,Torilis arvensis,Non-native,Forb,Moderate,Cal IPC,I4,4,I,4,BORR,Drought,rgr_v_MJ,NA
I4.TRIHIR.1,TRIHIR,Trifolium hirtum,Non-native,Forb,Limited,Cal IPC,I4,4,I,4,BORR,Drought,rgr_v_FM,NA
I4.TRIHIR.1,TRIHIR,Trifolium hirtum,Non-native,Forb,Limited,Cal IPC,I4,4,I,4,BORR,Drought,rgr_v_MA,0.07422307142736731
I4.TRIHIR.1,TRIHIR,Trifolium hirtum,Non-native,Forb,Limited,Cal IPC,I4,4,I,4,BORR,Drought,rgr_v_AM,NA
I4.TRIHIR.1,TRIHIR,Trifolium hirtum,Non-native,Forb,Limited,Cal IPC,I4,4,I,4,BORR,Drought,rgr_v_MJ,NA
I4.VICSAT.1,VICSAT,Vicia sativa,Non-native,Forb,Non-native,CalFlora,I4,4,I,4,BORR,Drought,rgr_v_FM,0.09188063912762924
I4.VICSAT.1,VICSAT,Vicia sativa,Non-native,Forb,Non-native,CalFlora,I4,4,I,4,BORR,Drought,rgr_v_MA,0.1169972414629259
I4.VICSAT.1,VICSAT,Vicia sativa,Non-native,Forb,Non-native,CalFlora,I4,4,I,4,BORR,Drought,rgr_v_AM,NA
I4.VICSAT.1,VICSAT,Vicia sativa,Non-native,Forb,Non-native,CalFlora,I4,4,I,4,BORR,Drought,rgr_v_MJ,NA
I5.ACMPAR.1,ACMPAR,Acmispon parviflorus,Native,Forb,Native,CalFlora,I5,4,I,5,ANGELO,Drought,rgr_v_FM,NA
I5.ACMPAR.1,ACMPAR,Acmispon parviflorus,Native,Forb,Native,CalFlora,I5,4,I,5,ANGELO,Drought,rgr_v_MA,NA
I5.ACMPAR.1,ACMPAR,Acmispon parviflorus,Native,Forb,Native,CalFlora,I5,4,I,5,ANGELO,Drought,rgr_v_AM,-0.05549785904945174
I5.ACMPAR.1,ACMPAR,Acmispon parviflorus,Native,Forb,Native,CalFlora,I5,4,I,5,ANGELO,Drought,rgr_v_MJ,NA
I5.AIRCAR.1,AIRCAR,Aira caryophyllea,Non-native,Grass,Non-native,CalFlora,I5,4,I,5,ANGELO,Drought,rgr_v_FM,0.0683864129280458
I5.AIRCAR.1,AIRCAR,Aira caryophyllea,Non-native,Grass,Non-native,CalFlora,I5,4,I,5,ANGELO,Drought,rgr_v_MA,0.02292900411530339
I5.AIRCAR.1,AIRCAR,Aira caryophyllea,Non-native,Grass,Non-native,CalFlora,I5,4,I,5,ANGELO,Drought,rgr_v_AM,0.01895483982182722
I5.AIRCAR.1,AIRCAR,Aira caryophyllea,Non-native,Grass,Non-native,CalFlora,I5,4,I,5,ANGELO,Drought,rgr_v_MJ,NA
I5.BROHOR.1,BROHOR,Bromus hordeaceaus,Non-native,Grass,Limited,Cal IPC,I5,4,I,5,ANGELO,Drought,rgr_v_FM,NA
I5.BROHOR.1,BROHOR,Bromus hordeaceaus,Non-native,Grass,Limited,Cal IPC,I5,4,I,5,ANGELO,Drought,rgr_v_MA,0.07196088569781335
I5.BROHOR.1,BROHOR,Bromus hordeaceaus,Non-native,Grass,Limited,Cal IPC,I5,4,I,5,ANGELO,Drought,rgr_v_AM,NA
I5.BROHOR.1,BROHOR,Bromus hordeaceaus,Non-native,Grass,Limited,Cal IPC,I5,4,I,5,ANGELO,Drought,rgr_v_MJ,NA
I5.DAUPUS.1,DAUPUS,Daucus pusillus,Native,Forb,Native,CalFlora,I5,4,I,5,ANGELO,Drought,rgr_v_FM,0.12247743780817329
I5.DAUPUS.1,DAUPUS,Daucus pusillus,Native,Forb,Native,CalFlora,I5,4,I,5,ANGELO,Drought,rgr_v_MA,0.08102534288060144
I5.DAUPUS.1,DAUPUS,Daucus pusillus,Native,Forb,Native,CalFlora,I5,4,I,5,ANGELO,Drought,rgr_v_AM,NA
I5.DAUPUS.1,DAUPUS,Daucus pusillus,Native,Forb,Native,CalFlora,I5,4,I,5,ANGELO,Drought,rgr_v_MJ,NA
I5.ESCCAL.1,ESCCAL,Eschscholzia californica,Native,Forb,Native,CalFlora,I5,4,I,5,ANGELO,Drought,rgr_v_FM,0.09258262348065334
I5.ESCCAL.1,ESCCAL,Eschscholzia californica,Native,Forb,Native,CalFlora,I5,4,I,5,ANGELO,Drought,rgr_v_MA,0.05550578319276766
I5.ESCCAL.1,ESCCAL,Eschscholzia californica,Native,Forb,Native,CalFlora,I5,4,I,5,ANGELO,Drought,rgr_v_AM,NA
I5.ESCCAL.1,ESCCAL,Eschscholzia californica,Native,Forb,Native,CalFlora,I5,4,I,5,ANGELO,Drought,rgr_v_MJ,NA
I5.GALPAR.1,GALPAR,Galium parisiense,Non-native,Forb,Non-native,CalFlora,I5,4,I,5,ANGELO,Drought,rgr_v_FM,0.10699043834121398
I5.GALPAR.1,GALPAR,Galium parisiense,Non-native,Forb,Non-native,CalFlora,I5,4,I,5,ANGELO,Drought,rgr_v_MA,0.09424378739763428
I5.GALPAR.1,GALPAR,Galium parisiense,Non-native,Forb,Non-native,CalFlora,I5,4,I,5,ANGELO,Drought,rgr_v_AM,0.03093930062106114
I5.GALPAR.1,GALPAR,Galium parisiense,Non-native,Forb,Non-native,CalFlora,I5,4,I,5,ANGELO,Drought,rgr_v_MJ,NA
I5.HYPGLA.1,HYPGLA,Hypochaeris glabra,Non-native,Forb,Limited,Cal IPC,I5,4,I,5,ANGELO,Drought,rgr_v_FM,0.0957161596185065
I5.HYPGLA.1,HYPGLA,Hypochaeris glabra,Non-native,Forb,Limited,Cal IPC,I5,4,I,5,ANGELO,Drought,rgr_v_MA,0.10711995892557856
I5.HYPGLA.1,HYPGLA,Hypochaeris glabra,Non-native,Forb,Limited,Cal IPC,I5,4,I,5,ANGELO,Drought,rgr_v_AM,NA
I5.HYPGLA.1,HYPGLA,Hypochaeris glabra,Non-native,Forb,Limited,Cal IPC,I5,4,I,5,ANGELO,Drought,rgr_v_MJ,NA
I6.AIRCAR.1,AIRCAR,Aira caryophyllea,Non-native,Grass,Non-native,CalFlora,I6,4,I,6,ANGELO,Drought,rgr_v_FM,0.09279411911053584
I6.AIRCAR.1,AIRCAR,Aira caryophyllea,Non-native,Grass,Non-native,CalFlora,I6,4,I,6,ANGELO,Drought,rgr_v_MA,0.05809897683528744
I6.AIRCAR.1,AIRCAR,Aira caryophyllea,Non-native,Grass,Non-native,CalFlora,I6,4,I,6,ANGELO,Drought,rgr_v_AM,0.09778866149705376
I6.AIRCAR.1,AIRCAR,Aira caryophyllea,Non-native,Grass,Non-native,CalFlora,I6,4,I,6,ANGELO,Drought,rgr_v_MJ,NA
I6.BROHOR.1,BROHOR,Bromus hordeaceaus,Non-native,Grass,Limited,Cal IPC,I6,4,I,6,ANGELO,Drought,rgr_v_FM,NA
I6.BROHOR.1,BROHOR,Bromus hordeaceaus,Non-native,Grass,Limited,Cal IPC,I6,4,I,6,ANGELO,Drought,rgr_v_MA,0.06659290767039859
I6.BROHOR.1,BROHOR,Bromus hordeaceaus,Non-native,Grass,Limited,Cal IPC,I6,4,I,6,ANGELO,Drought,rgr_v_AM,0.08970373198386766
I6.BROHOR.1,BROHOR,Bromus hordeaceaus,Non-native,Grass,Limited,Cal IPC,I6,4,I,6,ANGELO,Drought,rgr_v_MJ,NA
I6.DAUPUS.1,DAUPUS,Daucus pusillus,Native,Forb,Native,CalFlora,I6,4,I,6,ANGELO,Drought,rgr_v_FM,0.10148505691881188
I6.DAUPUS.1,DAUPUS,Daucus pusillus,Native,Forb,Native,CalFlora,I6,4,I,6,ANGELO,Drought,rgr_v_MA,0.11917168962618643
I6.DAUPUS.1,DAUPUS,Daucus pusillus,Native,Forb,Native,CalFlora,I6,4,I,6,ANGELO,Drought,rgr_v_AM,NA
I6.DAUPUS.1,DAUPUS,Daucus pusillus,Native,Forb,Native,CalFlora,I6,4,I,6,ANGELO,Drought,rgr_v_MJ,NA
I6.ESCCAL.1-I5,ESCCAL,Eschscholzia californica,Native,Forb,Native,CalFlora,I6,4,I,6,ANGELO,Drought,rgr_v_FM,NA
I6.ESCCAL.1-I5,ESCCAL,Eschscholzia californica,Native,Forb,Native,CalFlora,I6,4,I,6,ANGELO,Drought,rgr_v_MA,0.06716343401807551
I6.ESCCAL.1-I5,ESCCAL,Eschscholzia californica,Native,Forb,Native,CalFlora,I6,4,I,6,ANGELO,Drought,rgr_v_AM,NA
I6.ESCCAL.1-I5,ESCCAL,Eschscholzia californica,Native,Forb,Native,CalFlora,I6,4,I,6,ANGELO,Drought,rgr_v_MJ,NA
I7.AVEBAR.1,AVEBAR,Avena barbata,Non-native,Grass,Moderate,Cal IPC,I7,4,I,7,MCL,Drought,rgr_v_FM,NA
I7.AVEBAR.1,AVEBAR,Avena barbata,Non-native,Grass,Moderate,Cal IPC,I7,4,I,7,MCL,Drought,rgr_v_MA,0.1434636962890286
I7.AVEBAR.1,AVEBAR,Avena barbata,Non-native,Grass,Moderate,Cal IPC,I7,4,I,7,MCL,Drought,rgr_v_AM,0.03024684529293845
I7.AVEBAR.1,AVEBAR,Avena barbata,Non-native,Grass,Moderate,Cal IPC,I7,4,I,7,MCL,Drought,rgr_v_MJ,NA
I7.BRODIA.1,BRODIA,Bromus diandrus,Non-native,Grass,Moderate,Cal IPC,I7,4,I,7,MCL,Drought,rgr_v_FM,NA
I7.BRODIA.1,BRODIA,Bromus diandrus,Non-native,Grass,Moderate,Cal IPC,I7,4,I,7,MCL,Drought,rgr_v_MA,0.08853359144288761
I7.BRODIA.1,BRODIA,Bromus diandrus,Non-native,Grass,Moderate,Cal IPC,I7,4,I,7,MCL,Drought,rgr_v_AM,0.05849632236347167
I7.BRODIA.1,BRODIA,Bromus diandrus,Non-native,Grass,Moderate,Cal IPC,I7,4,I,7,MCL,Drought,rgr_v_MJ,NA
I7.ELYCAP.1,ELYCAP,Elymus caput-medusae,Non-native,Grass,High,Cal IPC,I7,4,I,7,MCL,Drought,rgr_v_FM,0.04796450978944436
I7.ELYCAP.1,ELYCAP,Elymus caput-medusae,Non-native,Grass,High,Cal IPC,I7,4,I,7,MCL,Drought,rgr_v_MA,0.05304456807398297
I7.ELYCAP.1,ELYCAP,Elymus caput-medusae,Non-native,Grass,High,Cal IPC,I7,4,I,7,MCL,Drought,rgr_v_AM,0.08228199359072755
I7.ELYCAP.1,ELYCAP,Elymus caput-medusae,Non-native,Grass,High,Cal IPC,I7,4,I,7,MCL,Drought,rgr_v_MJ,NA
I7.HOLVIR.1,HOLVIR,Holocarpha virgata,Native,Forb,Native,CalFlora,I7,4,I,7,MCL,Drought,rgr_v_FM,0.15924955985035752
I7.HOLVIR.1,HOLVIR,Holocarpha virgata,Native,Forb,Native,CalFlora,I7,4,I,7,MCL,Drought,rgr_v_MA,0.12036017782258383
I7.HOLVIR.1,HOLVIR,Holocarpha virgata,Native,Forb,Native,CalFlora,I7,4,I,7,MCL,Drought,rgr_v_AM,0.0745108554178849
I7.HOLVIR.1,HOLVIR,Holocarpha virgata,Native,Forb,Native,CalFlora,I7,4,I,7,MCL,Drought,rgr_v_MJ,0.11277072516667976
I7.MICCAL.1,MICCAL,Micropus californicus,Native,Forb,Native,CalFlora,I7,4,I,7,MCL,Drought,rgr_v_FM,0.09025650474772284
I7.MICCAL.1,MICCAL,Micropus californicus,Native,Forb,Native,CalFlora,I7,4,I,7,MCL,Drought,rgr_v_MA,0.11113379164601286
I7.MICCAL.1,MICCAL,Micropus californicus,Native,Forb,Native,CalFlora,I7,4,I,7,MCL,Drought,rgr_v_AM,NA
I7.MICCAL.1,MICCAL,Micropus californicus,Native,Forb,Native,CalFlora,I7,4,I,7,MCL,Drought,rgr_v_MJ,NA
I7.PLAERE.1,PLAERE,Plantago erecta,Native,Forb,Native,CalFlora,I7,4,I,7,MCL,Drought,rgr_v_FM,0.07161905605450407
I7.PLAERE.1,PLAERE,Plantago erecta,Native,Forb,Native,CalFlora,I7,4,I,7,MCL,Drought,rgr_v_MA,0.02897939275189812
I7.PLAERE.1,PLAERE,Plantago erecta,Native,Forb,Native,CalFlora,I7,4,I,7,MCL,Drought,rgr_v_AM,NA
I7.PLAERE.1,PLAERE,Plantago erecta,Native,Forb,Native,CalFlora,I7,4,I,7,MCL,Drought,rgr_v_MJ,NA
I8.AIRCAR.1,AIRCAR,Aira caryophyllea,Non-native,Grass,Non-native,CalFlora,I8,4,I,8,ANGELO,Drought,rgr_v_FM,0.06326988435394769
I8.AIRCAR.1,AIRCAR,Aira caryophyllea,Non-native,Grass,Non-native,CalFlora,I8,4,I,8,ANGELO,Drought,rgr_v_MA,0.0761579910891345
I8.AIRCAR.1,AIRCAR,Aira caryophyllea,Non-native,Grass,Non-native,CalFlora,I8,4,I,8,ANGELO,Drought,rgr_v_AM,0.02252275127557389
I8.AIRCAR.1,AIRCAR,Aira caryophyllea,Non-native,Grass,Non-native,CalFlora,I8,4,I,8,ANGELO,Drought,rgr_v_MJ,NA
I8.BROHOR.1,BROHOR,Bromus hordeaceaus,Non-native,Grass,Limited,Cal IPC,I8,4,I,8,ANGELO,Drought,rgr_v_FM,NA
I8.BROHOR.1,BROHOR,Bromus hordeaceaus,Non-native,Grass,Limited,Cal IPC,I8,4,I,8,ANGELO,Drought,rgr_v_MA,0.07537763254928981
I8.BROHOR.1,BROHOR,Bromus hordeaceaus,Non-native,Grass,Limited,Cal IPC,I8,4,I,8,ANGELO,Drought,rgr_v_AM,NA
I8.BROHOR.1,BROHOR,Bromus hordeaceaus,Non-native,Grass,Limited,Cal IPC,I8,4,I,8,ANGELO,Drought,rgr_v_MJ,NA
I8.CLAPUR.1,CLAPUR,Clarkia purpurea,Native,Forb,Native,CalFlora,I8,4,I,8,ANGELO,Drought,rgr_v_FM,0.09326676332487248
I8.CLAPUR.1,CLAPUR,Clarkia purpurea,Native,Forb,Native,CalFlora,I8,4,I,8,ANGELO,Drought,rgr_v_MA,0.09555068473579947
I8.CLAPUR.1,CLAPUR,Clarkia purpurea,Native,Forb,Native,CalFlora,I8,4,I,8,ANGELO,Drought,rgr_v_AM,0.07968061752136237
I8.CLAPUR.1,CLAPUR,Clarkia purpurea,Native,Forb,Native,CalFlora,I8,4,I,8,ANGELO,Drought,rgr_v_MJ,NA
I8.DANCAL.1,DANCAL,Danthonia californica,Native,Grass,Native,CalFlora,I8,4,I,8,ANGELO,Drought,rgr_v_FM,NA
I8.DANCAL.1,DANCAL,Danthonia californica,Native,Grass,Native,CalFlora,I8,4,I,8,ANGELO,Drought,rgr_v_MA,NA
I8.DANCAL.1,DANCAL,Danthonia californica,Native,Grass,Native,CalFlora,I8,4,I,8,ANGELO,Drought,rgr_v_AM,NA
I8.DANCAL.1,DANCAL,Danthonia californica,Native,Grass,Native,CalFlora,I8,4,I,8,ANGELO,Drought,rgr_v_MJ,-0.05673647376133546
I8.DAUPUS.1,DAUPUS,Daucus pusillus,Native,Forb,Native,CalFlora,I8,4,I,8,ANGELO,Drought,rgr_v_FM,0.0913933793550615
I8.DAUPUS.1,DAUPUS,Daucus pusillus,Native,Forb,Native,CalFlora,I8,4,I,8,ANGELO,Drought,rgr_v_MA,0.06581372197291759
I8.DAUPUS.1,DAUPUS,Daucus pusillus,Native,Forb,Native,CalFlora,I8,4,I,8,ANGELO,Drought,rgr_v_AM,0.00585801312500429
I8.DAUPUS.1,DAUPUS,Daucus pusillus,Native,Forb,Native,CalFlora,I8,4,I,8,ANGELO,Drought,rgr_v_MJ,NA
I8.GALPAR.1,GALPAR,Galium parisiense,Non-native,Forb,Non-native,CalFlora,I8,4,I,8,ANGELO,Drought,rgr_v_FM,0.13458718846250434
I8.GALPAR.1,GALPAR,Galium parisiense,Non-native,Forb,Non-native,CalFlora,I8,4,I,8,ANGELO,Drought,rgr_v_MA,0.12741369489128196
I8.GALPAR.1,GALPAR,Galium parisiense,Non-native,Forb,Non-native,CalFlora,I8,4,I,8,ANGELO,Drought,rgr_v_AM,0.04996755812227028
I8.GALPAR.1,GALPAR,Galium parisiense,Non-native,Forb,Non-native,CalFlora,I8,4,I,8,ANGELO,Drought,rgr_v_MJ,NA
I8.HYPGLA.1,HYPGLA,Hypochaeris glabra,Non-native,Forb,Limited,Cal IPC,I8,4,I,8,ANGELO,Drought,rgr_v_FM,0.06232998048547007
I8.HYPGLA.1,HYPGLA,Hypochaeris glabra,Non-native,Forb,Limited,Cal IPC,I8,4,I,8,ANGELO,Drought,rgr_v_MA,-0.00739851877667101
I8.HYPGLA.1,HYPGLA,Hypochaeris glabra,Non-native,Forb,Limited,Cal IPC,I8,4,I,8,ANGELO,Drought,rgr_v_AM,0.11781902789960796
I8.HYPGLA.1,HYPGLA,Hypochaeris glabra,Non-native,Forb,Limited,Cal IPC,I8,4,I,8,ANGELO,Drought,rgr_v_MJ,NA
J1.BRODIA.1,BRODIA,Bromus diandrus,Non-native,Grass,Moderate,Cal IPC,J1,5,J,1,BORR,Drought,rgr_v_FM,NA
J1.BRODIA.1,BRODIA,Bromus diandrus,Non-native,Grass,Moderate,Cal IPC,J1,5,J,1,BORR,Drought,rgr_v_MA,0.12869058275719397
J1.BRODIA.1,BRODIA,Bromus diandrus,Non-native,Grass,Moderate,Cal IPC,J1,5,J,1,BORR,Drought,rgr_v_AM,0.03322169991274459
J1.BRODIA.1,BRODIA,Bromus diandrus,Non-native,Grass,Moderate,Cal IPC,J1,5,J,1,BORR,Drought,rgr_v_MJ,NA
J1.BROHOR.1,BROHOR,Bromus hordeaceaus,Non-native,Grass,Limited,Cal IPC,J1,5,J,1,BORR,Drought,rgr_v_FM,NA
J1.BROHOR.1,BROHOR,Bromus hordeaceaus,Non-native,Grass,Limited,Cal IPC,J1,5,J,1,BORR,Drought,rgr_v_MA,0.08790989237037186
J1.BROHOR.1,BROHOR,Bromus hordeaceaus,Non-native,Grass,Limited,Cal IPC,J1,5,J,1,BORR,Drought,rgr_v_AM,NA
J1.BROHOR.1,BROHOR,Bromus hordeaceaus,Non-native,Grass,Limited,Cal IPC,J1,5,J,1,BORR,Drought,rgr_v_MJ,NA
J1.DAUPUS.1,DAUPUS,Daucus pusillus,Native,Forb,Native,CalFlora,J1,5,J,1,BORR,Drought,rgr_v_FM,0.0356389169555946
J1.DAUPUS.1,DAUPUS,Daucus pusillus,Native,Forb,Native,CalFlora,J1,5,J,1,BORR,Drought,rgr_v_MA,0.10049356744783726
J1.DAUPUS.1,DAUPUS,Daucus pusillus,Native,Forb,Native,CalFlora,J1,5,J,1,BORR,Drought,rgr_v_AM,0.01700102901509205
J1.DAUPUS.1,DAUPUS,Daucus pusillus,Native,Forb,Native,CalFlora,J1,5,J,1,BORR,Drought,rgr_v_MJ,NA
J1.EROBOT.1,EROBOT,Erodium botrys,Non-native,Forb,Non-native,CalFlora,J1,5,J,1,BORR,Drought,rgr_v_FM,0.11791766438870568
J1.EROBOT.1,EROBOT,Erodium botrys,Non-native,Forb,Non-native,CalFlora,J1,5,J,1,BORR,Drought,rgr_v_MA,0.1281440770398743
J1.EROBOT.1,EROBOT,Erodium botrys,Non-native,Forb,Non-native,CalFlora,J1,5,J,1,BORR,Drought,rgr_v_AM,0.02082963088210191
J1.EROBOT.1,EROBOT,Erodium botrys,Non-native,Forb,Non-native,CalFlora,J1,5,J,1,BORR,Drought,rgr_v_MJ,NA
J1.MADGRA.1,MADGRA,Madia gracilis,Native,Forb,Native,CalFlora,J1,5,J,1,BORR,Drought,rgr_v_FM,0.09285420782704149
J1.MADGRA.1,MADGRA,Madia gracilis,Native,Forb,Native,CalFlora,J1,5,J,1,BORR,Drought,rgr_v_MA,0.05298546374442364
J1.MADGRA.1,MADGRA,Madia gracilis,Native,Forb,Native,CalFlora,J1,5,J,1,BORR,Drought,rgr_v_AM,0.07049687387867762
J1.MADGRA.1,MADGRA,Madia gracilis,Native,Forb,Native,CalFlora,J1,5,J,1,BORR,Drought,rgr_v_MJ,NA
J1.TORARV.1,TORARV,Torilis arvensis,Non-native,Forb,Moderate,Cal IPC,J1,5,J,1,BORR,Drought,rgr_v_FM,0.0653164107447697
J1.TORARV.1,TORARV,Torilis arvensis,Non-native,Forb,Moderate,Cal IPC,J1,5,J,1,BORR,Drought,rgr_v_MA,0.07907584890905656
J1.TORARV.1,TORARV,Torilis arvensis,Non-native,Forb,Moderate,Cal IPC,J1,5,J,1,BORR,Drought,rgr_v_AM,0.04745403411494331
J1.TORARV.1,TORARV,Torilis arvensis,Non-native,Forb,Moderate,Cal IPC,J1,5,J,1,BORR,Drought,rgr_v_MJ,NA
J1.TRIHIR.1,TRIHIR,Trifolium hirtum,Non-native,Forb,Limited,Cal IPC,J1,5,J,1,BORR,Drought,rgr_v_FM,0.03389191441548814
J1.TRIHIR.1,TRIHIR,Trifolium hirtum,Non-native,Forb,Limited,Cal IPC,J1,5,J,1,BORR,Drought,rgr_v_MA,0.14904603866498023
J1.TRIHIR.1,TRIHIR,Trifolium hirtum,Non-native,Forb,Limited,Cal IPC,J1,5,J,1,BORR,Drought,rgr_v_AM,NA
J1.TRIHIR.1,TRIHIR,Trifolium hirtum,Non-native,Forb,Limited,Cal IPC,J1,5,J,1,BORR,Drought,rgr_v_MJ,NA
J1.VICSAT.1,VICSAT,Vicia sativa,Non-native,Forb,Non-native,CalFlora,J1,5,J,1,BORR,Drought,rgr_v_FM,0.04744140414557073
J1.VICSAT.1,VICSAT,Vicia sativa,Non-native,Forb,Non-native,CalFlora,J1,5,J,1,BORR,Drought,rgr_v_MA,0.10987687872454838
J1.VICSAT.1,VICSAT,Vicia sativa,Non-native,Forb,Non-native,CalFlora,J1,5,J,1,BORR,Drought,rgr_v_AM,NA
J1.VICSAT.1,VICSAT,Vicia sativa,Non-native,Forb,Non-native,CalFlora,J1,5,J,1,BORR,Drought,rgr_v_MJ,NA
J2.ACMPAR.1,ACMPAR,Acmispon parviflorus,Native,Forb,Native,CalFlora,J2,5,J,2,ANGELO,Drought,rgr_v_FM,0.10298075233910749
J2.ACMPAR.1,ACMPAR,Acmispon parviflorus,Native,Forb,Native,CalFlora,J2,5,J,2,ANGELO,Drought,rgr_v_MA,0.03482377017613278
J2.ACMPAR.1,ACMPAR,Acmispon parviflorus,Native,Forb,Native,CalFlora,J2,5,J,2,ANGELO,Drought,rgr_v_AM,0.06636146182326128
J2.ACMPAR.1,ACMPAR,Acmispon parviflorus,Native,Forb,Native,CalFlora,J2,5,J,2,ANGELO,Drought,rgr_v_MJ,NA
J2.AIRCAR.1,AIRCAR,Aira caryophyllea,Non-native,Grass,Non-native,CalFlora,J2,5,J,2,ANGELO,Drought,rgr_v_FM,0.09210340371976182
J2.AIRCAR.1,AIRCAR,Aira caryophyllea,Non-native,Grass,Non-native,CalFlora,J2,5,J,2,ANGELO,Drought,rgr_v_MA,0.07507595087386756
J2.AIRCAR.1,AIRCAR,Aira caryophyllea,Non-native,Grass,Non-native,CalFlora,J2,5,J,2,ANGELO,Drought,rgr_v_AM,0.03571486332495805
J2.AIRCAR.1,AIRCAR,Aira caryophyllea,Non-native,Grass,Non-native,CalFlora,J2,5,J,2,ANGELO,Drought,rgr_v_MJ,NA
J2.BROHOR.1,BROHOR,Bromus hordeaceaus,Non-native,Grass,Limited,Cal IPC,J2,5,J,2,ANGELO,Drought,rgr_v_FM,NA
J2.BROHOR.1,BROHOR,Bromus hordeaceaus,Non-native,Grass,Limited,Cal IPC,J2,5,J,2,ANGELO,Drought,rgr_v_MA,0.08179492318996687
J2.BROHOR.1,BROHOR,Bromus hordeaceaus,Non-native,Grass,Limited,Cal IPC,J2,5,J,2,ANGELO,Drought,rgr_v_AM,NA
J2.BROHOR.1,BROHOR,Bromus hordeaceaus,Non-native,Grass,Limited,Cal IPC,J2,5,J,2,ANGELO,Drought,rgr_v_MJ,NA
J2.CLAPUR.1,CLAPUR,Clarkia purpurea,Native,Forb,Native,CalFlora,J2,5,J,2,ANGELO,Drought,rgr_v_FM,0.10749723655597895
J2.CLAPUR.1,CLAPUR,Clarkia purpurea,Native,Forb,Native,CalFlora,J2,5,J,2,ANGELO,Drought,rgr_v_MA,0.11816108531947209
J2.CLAPUR.1,CLAPUR,Clarkia purpurea,Native,Forb,Native,CalFlora,J2,5,J,2,ANGELO,Drought,rgr_v_AM,0.00785721557153879
J2.CLAPUR.1,CLAPUR,Clarkia purpurea,Native,Forb,Native,CalFlora,J2,5,J,2,ANGELO,Drought,rgr_v_MJ,NA
J2.DAUPUS.1,DAUPUS,Daucus pusillus,Native,Forb,Native,CalFlora,J2,5,J,2,ANGELO,Drought,rgr_v_FM,0.1075138997513876
J2.DAUPUS.1,DAUPUS,Daucus pusillus,Native,Forb,Native,CalFlora,J2,5,J,2,ANGELO,Drought,rgr_v_MA,0.07489555152743815
J2.DAUPUS.1,DAUPUS,Daucus pusillus,Native,Forb,Native,CalFlora,J2,5,J,2,ANGELO,Drought,rgr_v_AM,0.07797941080709075
J2.DAUPUS.1,DAUPUS,Daucus pusillus,Native,Forb,Native,CalFlora,J2,5,J,2,ANGELO,Drought,rgr_v_MJ,NA
J2.GALPAR.1,GALPAR,Galium parisiense,Non-native,Forb,Non-native,CalFlora,J2,5,J,2,ANGELO,Drought,rgr_v_FM,0.06891066390964413
J2.GALPAR.1,GALPAR,Galium parisiense,Non-native,Forb,Non-native,CalFlora,J2,5,J,2,ANGELO,Drought,rgr_v_MA,0.1169413740197734
J2.GALPAR.1,GALPAR,Galium parisiense,Non-native,Forb,Non-native,CalFlora,J2,5,J,2,ANGELO,Drought,rgr_v_AM,0.07109201851896876
J2.GALPAR.1,GALPAR,Galium parisiense,Non-native,Forb,Non-native,CalFlora,J2,5,J,2,ANGELO,Drought,rgr_v_MJ,NA
J2.HYPGLA.1,HYPGLA,Hypochaeris glabra,Non-native,Forb,Limited,Cal IPC,J2,5,J,2,ANGELO,Drought,rgr_v_FM,0.13145069659952713
J2.HYPGLA.1,HYPGLA,Hypochaeris glabra,Non-native,Forb,Limited,Cal IPC,J2,5,J,2,ANGELO,Drought,rgr_v_MA,0.0092394675244623
J2.HYPGLA.1,HYPGLA,Hypochaeris glabra,Non-native,Forb,Limited,Cal IPC,J2,5,J,2,ANGELO,Drought,rgr_v_AM,0.20672934142613983
J2.HYPGLA.1,HYPGLA,Hypochaeris glabra,Non-native,Forb,Limited,Cal IPC,J2,5,J,2,ANGELO,Drought,rgr_v_MJ,NA
J2.MADGRA.1,MADGRA,Madia gracilis,Native,Forb,Native,CalFlora,J2,5,J,2,ANGELO,Drought,rgr_v_FM,0.09069715344037872
J2.MADGRA.1,MADGRA,Madia gracilis,Native,Forb,Native,CalFlora,J2,5,J,2,ANGELO,Drought,rgr_v_MA,0.08552506737088525
J2.MADGRA.1,MADGRA,Madia gracilis,Native,Forb,Native,CalFlora,J2,5,J,2,ANGELO,Drought,rgr_v_AM,0.10380333573285272
J2.MADGRA.1,MADGRA,Madia gracilis,Native,Forb,Native,CalFlora,J2,5,J,2,ANGELO,Drought,rgr_v_MJ,NA
J3.BRODIA.1,BRODIA,Bromus diandrus,Non-native,Grass,Moderate,Cal IPC,J3,5,J,3,MCL,Drought,rgr_v_FM,NA
J3.BRODIA.1,BRODIA,Bromus diandrus,Non-native,Grass,Moderate,Cal IPC,J3,5,J,3,MCL,Drought,rgr_v_MA,0.0992357138583371
J3.BRODIA.1,BRODIA,Bromus diandrus,Non-native,Grass,Moderate,Cal IPC,J3,5,J,3,MCL,Drought,rgr_v_AM,NA
J3.BRODIA.1,BRODIA,Bromus diandrus,Non-native,Grass,Moderate,Cal IPC,J3,5,J,3,MCL,Drought,rgr_v_MJ,NA
J3.BROHOR.1,BROHOR,Bromus hordeaceaus,Non-native,Grass,Limited,Cal IPC,J3,5,J,3,MCL,Drought,rgr_v_FM,NA
J3.BROHOR.1,BROHOR,Bromus hordeaceaus,Non-native,Grass,Limited,Cal IPC,J3,5,J,3,MCL,Drought,rgr_v_MA,0.05872407426660223
J3.BROHOR.1,BROHOR,Bromus hordeaceaus,Non-native,Grass,Limited,Cal IPC,J3,5,J,3,MCL,Drought,rgr_v_AM,NA
J3.BROHOR.1,BROHOR,Bromus hordeaceaus,Non-native,Grass,Limited,Cal IPC,J3,5,J,3,MCL,Drought,rgr_v_MJ,NA
J3.ELYCAP.1,ELYCAP,Elymus caput-medusae,Non-native,Grass,High,Cal IPC,J3,5,J,3,MCL,Drought,rgr_v_FM,0.00671323134925351
J3.ELYCAP.1,ELYCAP,Elymus caput-medusae,Non-native,Grass,High,Cal IPC,J3,5,J,3,MCL,Drought,rgr_v_MA,0.05579777873366937
J3.ELYCAP.1,ELYCAP,Elymus caput-medusae,Non-native,Grass,High,Cal IPC,J3,5,J,3,MCL,Drought,rgr_v_AM,0.09577639949252743
J3.ELYCAP.1,ELYCAP,Elymus caput-medusae,Non-native,Grass,High,Cal IPC,J3,5,J,3,MCL,Drought,rgr_v_MJ,NA
J3.HOLVIR.1,HOLVIR,Holocarpha virgata,Native,Forb,Native,CalFlora,J3,5,J,3,MCL,Drought,rgr_v_FM,0.09939626599152002
J3.HOLVIR.1,HOLVIR,Holocarpha virgata,Native,Forb,Native,CalFlora,J3,5,J,3,MCL,Drought,rgr_v_MA,0.0736585399461911
J3.HOLVIR.1,HOLVIR,Holocarpha virgata,Native,Forb,Native,CalFlora,J3,5,J,3,MCL,Drought,rgr_v_AM,0.07213873632718042
J3.HOLVIR.1,HOLVIR,Holocarpha virgata,Native,Forb,Native,CalFlora,J3,5,J,3,MCL,Drought,rgr_v_MJ,0.12118754109244624
J3.MICCAL.1,MICCAL,Micropus californicus,Native,Forb,Native,CalFlora,J3,5,J,3,MCL,Drought,rgr_v_FM,0.09939626599152
J3.MICCAL.1,MICCAL,Micropus californicus,Native,Forb,Native,CalFlora,J3,5,J,3,MCL,Drought,rgr_v_MA,0.12289405121989172
J3.MICCAL.1,MICCAL,Micropus californicus,Native,Forb,Native,CalFlora,J3,5,J,3,MCL,Drought,rgr_v_AM,NA
J3.MICCAL.1,MICCAL,Micropus californicus,Native,Forb,Native,CalFlora,J3,5,J,3,MCL,Drought,rgr_v_MJ,NA
J4.AMSMEN.1,AMSMEN,Amsinckia menziesii,Native,Forb,Native,CalFlora,J4,5,J,4,WWP,Drought,rgr_v_FM,0.09939626599152
J4.AMSMEN.1,AMSMEN,Amsinckia menziesii,Native,Forb,Native,CalFlora,J4,5,J,4,WWP,Drought,rgr_v_MA,NA
J4.AMSMEN.1,AMSMEN,Amsinckia menziesii,Native,Forb,Native,CalFlora,J4,5,J,4,WWP,Drought,rgr_v_AM,NA
J4.AMSMEN.1,AMSMEN,Amsinckia menziesii,Native,Forb,Native,CalFlora,J4,5,J,4,WWP,Drought,rgr_v_MJ,NA
J4.AVEBAR.1,AVEBAR,Avena barbata,Non-native,Grass,Moderate,Cal IPC,J4,5,J,4,WWP,Drought,rgr_v_FM,0.06693918398575267
J4.AVEBAR.1,AVEBAR,Avena barbata,Non-native,Grass,Moderate,Cal IPC,J4,5,J,4,WWP,Drought,rgr_v_MA,0.08744100301321071
J4.AVEBAR.1,AVEBAR,Avena barbata,Non-native,Grass,Moderate,Cal IPC,J4,5,J,4,WWP,Drought,rgr_v_AM,0.05399280430771004
J4.AVEBAR.1,AVEBAR,Avena barbata,Non-native,Grass,Moderate,Cal IPC,J4,5,J,4,WWP,Drought,rgr_v_MJ,NA
J4.BRODIA.1,BRODIA,Bromus diandrus,Non-native,Grass,Moderate,Cal IPC,J4,5,J,4,WWP,Drought,rgr_v_FM,NA
J4.BRODIA.1,BRODIA,Bromus diandrus,Non-native,Grass,Moderate,Cal IPC,J4,5,J,4,WWP,Drought,rgr_v_MA,0.10046749512445809
J4.BRODIA.1,BRODIA,Bromus diandrus,Non-native,Grass,Moderate,Cal IPC,J4,5,J,4,WWP,Drought,rgr_v_AM,0.01636737031727777
J4.BRODIA.1,BRODIA,Bromus diandrus,Non-native,Grass,Moderate,Cal IPC,J4,5,J,4,WWP,Drought,rgr_v_MJ,NA
J4.BROMAD.1,BROMAD,Bromus madritensis,Non-native,Grass,High,Cal IPC,J4,5,J,4,WWP,Drought,rgr_v_FM,NA
J4.BROMAD.1,BROMAD,Bromus madritensis,Non-native,Grass,High,Cal IPC,J4,5,J,4,WWP,Drought,rgr_v_MA,0.04859937183852879
J4.BROMAD.1,BROMAD,Bromus madritensis,Non-native,Grass,High,Cal IPC,J4,5,J,4,WWP,Drought,rgr_v_AM,NA
J4.BROMAD.1,BROMAD,Bromus madritensis,Non-native,Grass,High,Cal IPC,J4,5,J,4,WWP,Drought,rgr_v_MJ,NA
J5.BRODIA.1,BRODIA,Bromus diandrus,Non-native,Grass,Moderate,Cal IPC,J5,5,J,5,SEDG,Drought,rgr_v_FM,NA
J5.BRODIA.1,BRODIA,Bromus diandrus,Non-native,Grass,Moderate,Cal IPC,J5,5,J,5,SEDG,Drought,rgr_v_MA,0.06941858504880238
J5.BRODIA.1,BRODIA,Bromus diandrus,Non-native,Grass,Moderate,Cal IPC,J5,5,J,5,SEDG,Drought,rgr_v_AM,NA
J5.BRODIA.1,BRODIA,Bromus diandrus,Non-native,Grass,Moderate,Cal IPC,J5,5,J,5,SEDG,Drought,rgr_v_MJ,NA
J5.BROMAD.1,BROMAD,Bromus madritensis,Non-native,Grass,High,Cal IPC,J5,5,J,5,SEDG,Drought,rgr_v_FM,NA
J5.BROMAD.1,BROMAD,Bromus madritensis,Non-native,Grass,High,Cal IPC,J5,5,J,5,SEDG,Drought,rgr_v_MA,0.03810007005123903
J5.BROMAD.1,BROMAD,Bromus madritensis,Non-native,Grass,High,Cal IPC,J5,5,J,5,SEDG,Drought,rgr_v_AM,NA
J5.BROMAD.1,BROMAD,Bromus madritensis,Non-native,Grass,High,Cal IPC,J5,5,J,5,SEDG,Drought,rgr_v_MJ,NA
J5.CORFIL.1,CORFIL,Corethrogyne filaginafolia,Native,Forb,Native,CalFlora,J5,5,J,5,SEDG,Drought,rgr_v_FM,0.10603567149049044
J5.CORFIL.1,CORFIL,Corethrogyne filaginafolia,Native,Forb,Native,CalFlora,J5,5,J,5,SEDG,Drought,rgr_v_MA,0.03212304159369292
J5.CORFIL.1,CORFIL,Corethrogyne filaginafolia,Native,Forb,Native,CalFlora,J5,5,J,5,SEDG,Drought,rgr_v_AM,0.00210144642939047
J5.CORFIL.1,CORFIL,Corethrogyne filaginafolia,Native,Forb,Native,CalFlora,J5,5,J,5,SEDG,Drought,rgr_v_MJ,0.06717845364435053
J5.MICCAL.1,MICCAL,Micropus californicus,Native,Forb,Native,CalFlora,J5,5,J,5,SEDG,Drought,rgr_v_FM,0.08833097654091215
J5.MICCAL.1,MICCAL,Micropus californicus,Native,Forb,Native,CalFlora,J5,5,J,5,SEDG,Drought,rgr_v_MA,0.05822853629927127
J5.MICCAL.1,MICCAL,Micropus californicus,Native,Forb,Native,CalFlora,J5,5,J,5,SEDG,Drought,rgr_v_AM,NA
J5.MICCAL.1,MICCAL,Micropus californicus,Native,Forb,Native,CalFlora,J5,5,J,5,SEDG,Drought,rgr_v_MJ,NA
J5.STIPUL.1,STIPUL,Stipa pulchra,Native,Grass,Native,CalFlora,J5,5,J,5,SEDG,Drought,rgr_v_FM,NA
J5.STIPUL.1,STIPUL,Stipa pulchra,Native,Grass,Native,CalFlora,J5,5,J,5,SEDG,Drought,rgr_v_MA,0.05085801306052433
J5.STIPUL.1,STIPUL,Stipa pulchra,Native,Grass,Native,CalFlora,J5,5,J,5,SEDG,Drought,rgr_v_AM,0.0313190742123842
J5.STIPUL.1,STIPUL,Stipa pulchra,Native,Grass,Native,CalFlora,J5,5,J,5,SEDG,Drought,rgr_v_MJ,0.1020000373574037
J6.BROHOR.1,BROHOR,Bromus hordeaceaus,Non-native,Grass,Limited,Cal IPC,J6,5,J,6,MCL,Drought,rgr_v_FM,NA
J6.BROHOR.1,BROHOR,Bromus hordeaceaus,Non-native,Grass,Limited,Cal IPC,J6,5,J,6,MCL,Drought,rgr_v_MA,0.0877067482926969
J6.BROHOR.1,BROHOR,Bromus hordeaceaus,Non-native,Grass,Limited,Cal IPC,J6,5,J,6,MCL,Drought,rgr_v_AM,NA
J6.BROHOR.1,BROHOR,Bromus hordeaceaus,Non-native,Grass,Limited,Cal IPC,J6,5,J,6,MCL,Drought,rgr_v_MJ,NA
J6.BROMAD.1,BROMAD,Bromus madritensis,Non-native,Grass,High,Cal IPC,J6,5,J,6,MCL,Drought,rgr_v_FM,NA
J6.BROMAD.1,BROMAD,Bromus madritensis,Non-native,Grass,High,Cal IPC,J6,5,J,6,MCL,Drought,rgr_v_MA,0.0810050906440852
J6.BROMAD.1,BROMAD,Bromus madritensis,Non-native,Grass,High,Cal IPC,J6,5,J,6,MCL,Drought,rgr_v_AM,NA
J6.BROMAD.1,BROMAD,Bromus madritensis,Non-native,Grass,High,Cal IPC,J6,5,J,6,MCL,Drought,rgr_v_MJ,NA
J6.ELYCAP.1,ELYCAP,Elymus caput-medusae,Non-native,Grass,High,Cal IPC,J6,5,J,6,MCL,Drought,rgr_v_FM,0.01910073702992885
J6.ELYCAP.1,ELYCAP,Elymus caput-medusae,Non-native,Grass,High,Cal IPC,J6,5,J,6,MCL,Drought,rgr_v_MA,0.04405867847674927
J6.ELYCAP.1,ELYCAP,Elymus caput-medusae,Non-native,Grass,High,Cal IPC,J6,5,J,6,MCL,Drought,rgr_v_AM,0.11100708018005052
J6.ELYCAP.1,ELYCAP,Elymus caput-medusae,Non-native,Grass,High,Cal IPC,J6,5,J,6,MCL,Drought,rgr_v_MJ,NA
J6.LUPBIC.1,LUPBIC,Lupinus bicolor,Native,Forb,Native,CalFlora,J6,5,J,6,MCL,Drought,rgr_v_FM,0.09047052393895162
J6.LUPBIC.1,LUPBIC,Lupinus bicolor,Native,Forb,Native,CalFlora,J6,5,J,6,MCL,Drought,rgr_v_MA,NA
J6.LUPBIC.1,LUPBIC,Lupinus bicolor,Native,Forb,Native,CalFlora,J6,5,J,6,MCL,Drought,rgr_v_AM,NA
J6.LUPBIC.1,LUPBIC,Lupinus bicolor,Native,Forb,Native,CalFlora,J6,5,J,6,MCL,Drought,rgr_v_MJ,NA
J6.MICCAL.1,MICCAL,Micropus californicus,Native,Forb,Native,CalFlora,J6,5,J,6,MCL,Drought,rgr_v_FM,0.10392941340380014
J6.MICCAL.1,MICCAL,Micropus californicus,Native,Forb,Native,CalFlora,J6,5,J,6,MCL,Drought,rgr_v_MA,0.09477195951476676
J6.MICCAL.1,MICCAL,Micropus californicus,Native,Forb,Native,CalFlora,J6,5,J,6,MCL,Drought,rgr_v_AM,NA
J6.MICCAL.1,MICCAL,Micropus californicus,Native,Forb,Native,CalFlora,J6,5,J,6,MCL,Drought,rgr_v_MJ,NA
J7.AMSMEN.1,AMSMEN,Amsinckia menziesii,Native,Forb,Native,CalFlora,J7,5,J,7,WWP,Drought,rgr_v_FM,0.15143486880404983
J7.AMSMEN.1,AMSMEN,Amsinckia menziesii,Native,Forb,Native,CalFlora,J7,5,J,7,WWP,Drought,rgr_v_MA,0.03121672487113287
J7.AMSMEN.1,AMSMEN,Amsinckia menziesii,Native,Forb,Native,CalFlora,J7,5,J,7,WWP,Drought,rgr_v_AM,NA
J7.AMSMEN.1,AMSMEN,Amsinckia menziesii,Native,Forb,Native,CalFlora,J7,5,J,7,WWP,Drought,rgr_v_MJ,NA
J7.AVEBAR.1,AVEBAR,Avena barbata,Non-native,Grass,Moderate,Cal IPC,J7,5,J,7,WWP,Drought,rgr_v_FM,0.12424540807651006
J7.AVEBAR.1,AVEBAR,Avena barbata,Non-native,Grass,Moderate,Cal IPC,J7,5,J,7,WWP,Drought,rgr_v_MA,0.11941798653310312
J7.AVEBAR.1,AVEBAR,Avena barbata,Non-native,Grass,Moderate,Cal IPC,J7,5,J,7,WWP,Drought,rgr_v_AM,0.06218202863571692
J7.AVEBAR.1,AVEBAR,Avena barbata,Non-native,Grass,Moderate,Cal IPC,J7,5,J,7,WWP,Drought,rgr_v_MJ,NA
J7.BROARE.1,BROARE,Bromus arenarius,Non-native,Grass,Non-native,CalFlora,J7,5,J,7,WWP,Drought,rgr_v_FM,NA
J7.BROARE.1,BROARE,Bromus arenarius,Non-native,Grass,Non-native,CalFlora,J7,5,J,7,WWP,Drought,rgr_v_MA,0.07302726660251986
J7.BROARE.1,BROARE,Bromus arenarius,Non-native,Grass,Non-native,CalFlora,J7,5,J,7,WWP,Drought,rgr_v_AM,-0.05096546570225366
J7.BROARE.1,BROARE,Bromus arenarius,Non-native,Grass,Non-native,CalFlora,J7,5,J,7,WWP,Drought,rgr_v_MJ,NA
J7.BRODIA.1,BRODIA,Bromus diandrus,Non-native,Grass,Moderate,Cal IPC,J7,5,J,7,WWP,Drought,rgr_v_FM,NA
J7.BRODIA.1,BRODIA,Bromus diandrus,Non-native,Grass,Moderate,Cal IPC,J7,5,J,7,WWP,Drought,rgr_v_MA,0.10335275818453252
J7.BRODIA.1,BRODIA,Bromus diandrus,Non-native,Grass,Moderate,Cal IPC,J7,5,J,7,WWP,Drought,rgr_v_AM,0.00756358058663931
J7.BRODIA.1,BRODIA,Bromus diandrus,Non-native,Grass,Moderate,Cal IPC,J7,5,J,7,WWP,Drought,rgr_v_MJ,NA
J7.BROMAD.1,BROMAD,Bromus madritensis,Non-native,Grass,High,Cal IPC,J7,5,J,7,WWP,Drought,rgr_v_FM,NA
J7.BROMAD.1,BROMAD,Bromus madritensis,Non-native,Grass,High,Cal IPC,J7,5,J,7,WWP,Drought,rgr_v_MA,0.07592903073977894
J7.BROMAD.1,BROMAD,Bromus madritensis,Non-native,Grass,High,Cal IPC,J7,5,J,7,WWP,Drought,rgr_v_AM,NA
J7.BROMAD.1,BROMAD,Bromus madritensis,Non-native,Grass,High,Cal IPC,J7,5,J,7,WWP,Drought,rgr_v_MJ,NA
J7.EROCIC.1,EROCIC,Erodium cicutarium,Non-native,Forb,Non-native,CalFlora,J7,5,J,7,WWP,Drought,rgr_v_FM,NA
J7.EROCIC.1,EROCIC,Erodium cicutarium,Non-native,Forb,Non-native,CalFlora,J7,5,J,7,WWP,Drought,rgr_v_MA,0.1271762590622381
J7.EROCIC.1,EROCIC,Erodium cicutarium,Non-native,Forb,Non-native,CalFlora,J7,5,J,7,WWP,Drought,rgr_v_AM,0.00453283095199592
J7.EROCIC.1,EROCIC,Erodium cicutarium,Non-native,Forb,Non-native,CalFlora,J7,5,J,7,WWP,Drought,rgr_v_MJ,NA
J7.LUPMIC.1,LUPMIC,Lupinus microcarpus,Native,Forb,Native,CalFlora,J7,5,J,7,WWP,Drought,rgr_v_FM,0.04394449154672438
J7.LUPMIC.1,LUPMIC,Lupinus microcarpus,Native,Forb,Native,CalFlora,J7,5,J,7,WWP,Drought,rgr_v_MA,0.1277681667612122
J7.LUPMIC.1,LUPMIC,Lupinus microcarpus,Native,Forb,Native,CalFlora,J7,5,J,7,WWP,Drought,rgr_v_AM,NA
J7.LUPMIC.1,LUPMIC,Lupinus microcarpus,Native,Forb,Native,CalFlora,J7,5,J,7,WWP,Drought,rgr_v_MJ,NA
J8.BRODIA.1,BRODIA,Bromus diandrus,Non-native,Grass,Moderate,Cal IPC,J8,5,J,8,SEDG,Drought,rgr_v_FM,NA
J8.BRODIA.1,BRODIA,Bromus diandrus,Non-native,Grass,Moderate,Cal IPC,J8,5,J,8,SEDG,Drought,rgr_v_MA,0.07142091678728846
J8.BRODIA.1,BRODIA,Bromus diandrus,Non-native,Grass,Moderate,Cal IPC,J8,5,J,8,SEDG,Drought,rgr_v_AM,-0.07454787394985521
J8.BRODIA.1,BRODIA,Bromus diandrus,Non-native,Grass,Moderate,Cal IPC,J8,5,J,8,SEDG,Drought,rgr_v_MJ,NA
J8.BROHOR.1,BROHOR,Bromus hordeaceaus,Non-native,Grass,Limited,Cal IPC,J8,5,J,8,SEDG,Drought,rgr_v_FM,NA
J8.BROHOR.1,BROHOR,Bromus hordeaceaus,Non-native,Grass,Limited,Cal IPC,J8,5,J,8,SEDG,Drought,rgr_v_MA,0.07195578415606393
J8.BROHOR.1,BROHOR,Bromus hordeaceaus,Non-native,Grass,Limited,Cal IPC,J8,5,J,8,SEDG,Drought,rgr_v_AM,NA
J8.BROHOR.1,BROHOR,Bromus hordeaceaus,Non-native,Grass,Limited,Cal IPC,J8,5,J,8,SEDG,Drought,rgr_v_MJ,NA
J8.CORFIL.1,CORFIL,Corethrogyne filaginafolia,Native,Forb,Native,CalFlora,J8,5,J,8,SEDG,Drought,rgr_v_FM,0.05821148930427368
J8.CORFIL.1,CORFIL,Corethrogyne filaginafolia,Native,Forb,Native,CalFlora,J8,5,J,8,SEDG,Drought,rgr_v_MA,0.0697997569220967
J8.CORFIL.1,CORFIL,Corethrogyne filaginafolia,Native,Forb,Native,CalFlora,J8,5,J,8,SEDG,Drought,rgr_v_AM,NA
J8.CORFIL.1,CORFIL,Corethrogyne filaginafolia,Native,Forb,Native,CalFlora,J8,5,J,8,SEDG,Drought,rgr_v_MJ,NA
J8.STIPUL.1,STIPUL,Stipa pulchra,Native,Grass,Native,CalFlora,J8,5,J,8,SEDG,Drought,rgr_v_FM,NA
J8.STIPUL.1,STIPUL,Stipa pulchra,Native,Grass,Native,CalFlora,J8,5,J,8,SEDG,Drought,rgr_v_MA,0.03038940635441278
J8.STIPUL.1,STIPUL,Stipa pulchra,Native,Grass,Native,CalFlora,J8,5,J,8,SEDG,Drought,rgr_v_AM,NA
J8.STIPUL.1,STIPUL,Stipa pulchra,Native,Grass,Native,CalFlora,J8,5,J,8,SEDG,Drought,rgr_v_MJ,NA
