Site,ID,sm
WW,1,0.057
WW,2,0.061
WW,3,0.036
WW,4,0.052
WW,5,0.059
WW,6,0.052
WW,7,0.047
WW,8,0.046
WW,9,0.05
WW,10,0.043
McL,1,0.065
McL,2,0.072
McL,3,0.08
McL,4,0.053
McL,5,0.07
McL,6,0.057
McL,7,0.046
McL,8,0.065
McL,9,0.062
McL,10,0.059
BORR,1,0.141
BORR,2,0.121
BORR,3,0.084
BORR,4,0.079
BORR,5,0.085
BORR,6,0.094
BORR,7,0.093
BORR,8,0.111
BORR,9,0.066
BORR,10,0.066
Sedgwick,1,0.051
Sedgwick,2,0.06
Sedgwick,3,0.057
Sedgwick,4,0.074
Sedgwick,5,0.058
Sedgwick,6,0.089
Sedgwick,7,0.091
Sedgwick,8,0.085
Sedgwick,9,0.069
Sedgwick,10,0.085
Angelo,1,0.278
Angelo,2,0.238
Angelo,3,0.221
Angelo,4,0.214
Angelo,5,0.233
Angelo,6,0.232
Angelo,7,0.22
Angelo,8,0.218
Angelo,9,0.196
Angelo,10,0.25
OTL-Drought,A,0.374
OTL-Drought,A,0.374
OTL-Drought,A,0.374
OTL-Drought,A,0.374
OTL-Drought,A,0.374
OTL-Drought,A,0.374
OTL-Drought,A,0.373
OTL-Drought,A,0.373
OTL-Drought,A,0.373
OTL-Drought,A,0.373
OTL-Drought,A,0.373
OTL-Drought,A,0.373
OTL-Drought,A,0.373
OTL-Drought,A,0.373
OTL-Drought,A,0.373
OTL-Drought,A,0.373
OTL-Drought,A,0.374
OTL-Drought,A,0.374
OTL-Drought,A,0.374
OTL-Drought,A,0.375
OTL-Drought,A,0.375
OTL-Drought,A,0.375
OTL-Drought,A,0.375
OTL-Drought,A,0.374
OTL-Drought,A,0.374
OTL-Drought,A,0.367
OTL-Drought,A,0.363
OTL-Drought,A,0.363
OTL-Drought,A,0.362
OTL-Drought,A,0.361
OTL-Drought,A,0.361
OTL-Drought,A,0.361
OTL-Drought,A,0.360
OTL-Drought,A,0.359
OTL-Drought,A,0.359
OTL-Drought,A,0.358
OTL-Drought,A,0.357
OTL-Drought,A,0.357
OTL-Drought,A,0.357
OTL-Drought,A,0.357
OTL-Drought,A,0.358
OTL-Drought,A,0.358
OTL-Drought,A,0.358
OTL-Drought,A,0.358
OTL-Drought,A,0.358
OTL-Drought,A,0.358
OTL-Drought,A,0.358
OTL-Drought,A,0.357
OTL-Drought,A,0.357
OTL-Drought,A,0.356
OTL-Drought,A,0.356
OTL-Drought,A,0.355
OTL-Drought,A,0.355
OTL-Drought,A,0.354
OTL-Drought,A,0.354
OTL-Drought,A,0.353
OTL-Drought,A,0.353
OTL-Drought,A,0.352
OTL-Drought,A,0.352
OTL-Drought,A,0.351
OTL-Drought,A,0.351
OTL-Drought,A,0.351
OTL-Drought,A,0.351
OTL-Drought,A,0.352
OTL-Drought,A,0.353
OTL-Drought,A,0.353
OTL-Drought,A,0.354
OTL-Drought,A,0.354
OTL-Drought,A,0.354
OTL-Drought,A,0.354
OTL-Drought,A,0.354
OTL-Drought,A,0.354
OTL-Drought,A,0.353
OTL-Drought,A,0.353
OTL-Drought,A,0.352
OTL-Drought,A,0.352
OTL-Drought,A,0.352
OTL-Drought,A,0.351
OTL-Drought,A,0.351
OTL-Drought,A,0.350
OTL-Drought,A,0.350
OTL-Drought,A,0.350
OTL-Drought,A,0.349
OTL-Drought,A,0.349
OTL-Drought,A,0.349
OTL-Drought,A,0.349
OTL-Drought,A,0.349
OTL-Drought,A,0.349
OTL-Drought,A,0.349
OTL-Drought,A,0.349
OTL-Drought,A,0.349
OTL-Drought,A,0.350
OTL-Drought,A,0.350
OTL-Drought,A,0.350
OTL-Drought,A,0.349
OTL-Drought,A,0.349
OTL-Drought,A,0.349
OTL-Drought,A,0.348
OTL-Drought,A,0.348
OTL-Drought,A,0.347
OTL-Drought,A,0.347
OTL-Drought,A,0.347
OTL-Drought,A,0.347
OTL-Drought,A,0.347
OTL-Drought,A,0.347
OTL-Drought,A,0.347
OTL-Drought,A,0.347
OTL-Drought,A,0.347
OTL-Drought,A,0.347
OTL-Drought,A,0.347
OTL-Drought,A,0.348
OTL-Drought,A,0.348
OTL-Drought,A,0.349
OTL-Drought,A,0.350
OTL-Drought,A,0.350
OTL-Drought,A,0.351
OTL-Drought,A,0.351
OTL-Drought,A,0.351
OTL-Drought,A,0.351
OTL-Drought,A,0.351
OTL-Drought,A,0.351
OTL-Drought,A,0.350
OTL-Drought,A,0.350
OTL-Drought,A,0.350
OTL-Drought,A,0.349
OTL-Drought,A,0.349
OTL-Drought,A,0.348
OTL-Drought,A,0.348
OTL-Drought,A,0.348
OTL-Drought,A,0.348
OTL-Drought,A,0.347
OTL-Drought,A,0.347
OTL-Drought,A,0.347
OTL-Drought,A,0.347
OTL-Drought,A,0.347
OTL-Drought,A,0.348
OTL-Drought,A,0.348
OTL-Drought,A,0.349
OTL-Drought,A,0.349
OTL-Drought,A,0.350
OTL-Drought,A,0.350
OTL-Drought,A,0.350
OTL-Drought,A,0.350
OTL-Drought,A,0.349
OTL-Drought,A,0.349
OTL-Drought,A,0.349
OTL-Drought,A,0.349
OTL-Drought,A,0.348
OTL-Drought,A,0.348
OTL-Drought,A,0.348
OTL-Drought,A,0.348
OTL-Drought,A,0.347
OTL-Drought,A,0.347
OTL-Drought,A,0.347
OTL-Drought,A,0.346
OTL-Drought,A,0.346
OTL-Drought,A,0.346
OTL-Drought,A,0.346
OTL-Drought,A,0.346
OTL-Drought,A,0.347
OTL-Drought,A,0.348
OTL-Drought,A,0.348
OTL-Drought,A,0.349
OTL-Drought,A,0.349
OTL-Drought,A,0.349
OTL-Drought,A,0.349
OTL-Drought,A,0.349
OTL-Drought,A,0.348
OTL-Drought,A,0.348
OTL-Drought,A,0.347
OTL-Drought,A,0.347
OTL-Drought,A,0.347
OTL-Drought,A,0.346
OTL-Drought,A,0.346
OTL-Drought,A,0.346
OTL-Drought,A,0.345
OTL-Drought,A,0.345
OTL-Drought,A,0.345
OTL-Drought,A,0.345
OTL-Drought,A,0.344
OTL-Drought,A,0.344
OTL-Drought,A,0.345
OTL-Drought,A,0.345
OTL-Drought,A,0.346
OTL-Drought,A,0.347
OTL-Drought,A,0.348
OTL-Drought,A,0.348
OTL-Drought,A,0.349
OTL-Drought,A,0.349
OTL-Drought,A,0.349
OTL-Drought,A,0.348
OTL-Drought,A,0.348
OTL-Drought,A,0.347
OTL-Drought,A,0.347
OTL-Drought,A,0.347
OTL-Drought,A,0.346
OTL-Drought,A,0.346
OTL-Drought,A,0.345
OTL-Drought,A,0.345
OTL-Drought,A,0.344
OTL-Drought,A,0.344
OTL-Drought,A,0.344
OTL-Drought,A,0.343
OTL-Drought,A,0.343
OTL-Drought,A,0.343
OTL-Drought,A,0.343
OTL-Drought,A,0.343
OTL-Drought,A,0.343
OTL-Drought,A,0.343
OTL-Drought,A,0.348
OTL-Drought,A,0.367
OTL-Drought,A,0.369
OTL-Drought,A,0.369
OTL-Drought,A,0.369
OTL-Drought,A,0.369
OTL-Drought,A,0.369
OTL-Drought,A,0.369
OTL-Drought,A,0.369
OTL-Drought,A,0.369
OTL-Drought,A,0.369
OTL-Drought,A,0.369
OTL-Drought,A,0.369
OTL-Drought,A,0.369
OTL-Drought,A,0.369
OTL-Drought,A,0.370
OTL-Drought,A,0.370
OTL-Drought,A,0.370
OTL-Drought,A,0.370
OTL-Drought,A,0.370
OTL-Drought,A,0.370
OTL-Drought,A,0.370
OTL-Drought,A,0.371
OTL-Drought,A,0.371
OTL-Drought,A,0.372
OTL-Drought,A,0.372
OTL-Drought,A,0.373
OTL-Drought,A,0.373
OTL-Drought,A,0.374
OTL-Drought,A,0.374
OTL-Drought,A,0.374
OTL-Drought,A,0.373
OTL-Drought,A,0.373
OTL-Drought,A,0.373
OTL-Drought,A,0.373
OTL-Drought,A,0.373
OTL-Drought,A,0.373
OTL-Drought,A,0.373
OTL-Drought,A,0.373
OTL-Drought,A,0.371
OTL-Drought,A,0.371
OTL-Drought,A,0.370
OTL-Drought,A,0.370
OTL-Drought,A,0.369
OTL-Drought,A,0.369
OTL-Drought,A,0.369
OTL-Drought,A,0.369
OTL-Drought,A,0.369
OTL-Drought,A,0.368
OTL-Drought,A,0.368
OTL-Drought,A,0.368
OTL-Drought,A,0.368
OTL-Drought,A,0.366
OTL-Drought,A,0.366
OTL-Drought,A,0.366
OTL-Drought,A,0.365
OTL-Drought,A,0.365
OTL-Drought,A,0.365
OTL-Drought,A,0.364
OTL-Drought,A,0.364
OTL-Drought,A,0.363
OTL-Drought,A,0.363
OTL-Drought,A,0.362
OTL-Drought,A,0.361
OTL-Drought,A,0.361
OTL-Drought,A,0.360
OTL-Drought,A,0.360
OTL-Drought,A,0.360
OTL-Drought,A,0.360
OTL-Drought,A,0.360
OTL-Drought,A,0.365
OTL-Drought,A,0.368
OTL-Drought,A,0.368
OTL-Drought,A,0.368
OTL-Drought,A,0.368
OTL-Drought,A,0.368
OTL-Drought,A,0.368
OTL-Drought,A,0.366
OTL-Drought,A,0.365
OTL-Drought,A,0.364
OTL-Drought,A,0.364
OTL-Drought,A,0.363
OTL-Drought,A,0.363
OTL-Drought,A,0.362
OTL-Drought,A,0.362
OTL-Drought,A,0.362
OTL-Drought,A,0.361
OTL-Drought,A,0.361
OTL-Drought,A,0.361
OTL-Drought,A,0.360
OTL-Drought,A,0.360
OTL-Drought,A,0.360
OTL-Drought,A,0.360
OTL-Drought,A,0.360
OTL-Drought,A,0.360
OTL-Drought,A,0.360
OTL-Drought,A,0.361
OTL-Drought,A,0.361
OTL-Drought,A,0.361
OTL-Drought,A,0.362
OTL-Drought,A,0.362
OTL-Drought,A,0.361
OTL-Drought,A,0.361
OTL-Drought,A,0.361
OTL-Drought,A,0.360
OTL-Drought,A,0.360
OTL-Drought,A,0.360
OTL-Drought,A,0.360
OTL-Drought,A,0.359
OTL-Drought,A,0.359
OTL-Drought,A,0.359
OTL-Drought,A,0.370
OTL-Drought,A,0.373
OTL-Drought,A,0.373
OTL-Drought,A,0.373
OTL-Drought,A,0.373
OTL-Drought,A,0.373
OTL-Drought,A,0.373
OTL-Drought,A,0.373
OTL-Drought,A,0.373
OTL-Drought,A,0.373
OTL-Drought,A,0.374
OTL-Drought,A,0.374
OTL-Drought,A,0.374
OTL-Drought,A,0.374
OTL-Drought,A,0.374
OTL-Drought,A,0.374
OTL-Drought,A,0.374
OTL-Drought,A,0.374
OTL-Drought,A,0.374
OTL-Drought,A,0.374
OTL-Drought,A,0.374
OTL-Drought,A,0.374
OTL-Drought,A,0.374
OTL-Drought,A,0.374
OTL-Drought,A,0.374
OTL-Drought,A,0.373
OTL-Drought,A,0.373
OTL-Drought,A,0.373
OTL-Drought,A,0.373
OTL-Drought,A,0.373
OTL-Drought,A,0.374
OTL-Drought,A,0.374
OTL-Drought,A,0.375
OTL-Drought,A,0.375
OTL-Drought,A,0.376
OTL-Drought,A,0.376
OTL-Drought,A,0.377
OTL-Drought,A,0.377
OTL-Drought,A,0.377
OTL-Drought,A,0.377
OTL-Drought,A,0.376
OTL-Drought,A,0.374
OTL-Drought,A,0.374
OTL-Drought,A,0.373
OTL-Drought,A,0.373
OTL-Drought,A,0.371
OTL-Drought,A,0.369
OTL-Drought,A,0.369
OTL-Drought,A,0.368
OTL-Drought,A,0.367
OTL-Drought,A,0.367
OTL-Drought,A,0.366
OTL-Drought,A,0.365
OTL-Drought,A,0.365
OTL-Drought,A,0.365
OTL-Drought,A,0.365
OTL-Drought,A,0.366
OTL-Drought,A,0.366
OTL-Drought,A,0.367
OTL-Drought,A,0.367
OTL-Drought,A,0.367
OTL-Drought,A,0.367
OTL-Drought,A,0.366
OTL-Drought,A,0.366
OTL-Drought,A,0.365
OTL-Drought,A,0.364
OTL-Drought,A,0.364
OTL-Drought,A,0.363
OTL-Drought,A,0.362
OTL-Drought,A,0.362
OTL-Drought,A,0.361
OTL-Drought,A,0.361
OTL-Drought,A,0.360
OTL-Drought,A,0.359
OTL-Drought,A,0.358
OTL-Drought,A,0.358
OTL-Drought,A,0.358
OTL-Drought,A,0.358
OTL-Drought,A,0.359
OTL-Drought,A,0.359
OTL-Drought,A,0.360
OTL-Drought,A,0.360
OTL-Drought,A,0.361
OTL-Drought,A,0.361
OTL-Drought,A,0.362
OTL-Drought,A,0.362
OTL-Drought,A,0.361
OTL-Drought,A,0.361
OTL-Drought,A,0.360
OTL-Drought,A,0.360
OTL-Drought,A,0.359
OTL-Drought,A,0.359
OTL-Drought,A,0.358
OTL-Drought,A,0.357
OTL-Drought,A,0.357
OTL-Drought,A,0.356
OTL-Drought,A,0.356
OTL-Drought,A,0.355
OTL-Drought,A,0.355
OTL-Drought,A,0.354
OTL-Drought,A,0.354
OTL-Drought,A,0.354
OTL-Drought,A,0.354
OTL-Drought,A,0.355
OTL-Drought,A,0.355
OTL-Drought,A,0.355
OTL-Drought,A,0.356
OTL-Drought,A,0.356
OTL-Drought,A,0.356
OTL-Drought,A,0.356
OTL-Drought,A,0.356
OTL-Drought,A,0.355
OTL-Drought,A,0.355
OTL-Drought,A,0.355
OTL-Drought,A,0.354
OTL-Drought,A,0.354
OTL-Drought,A,0.354
OTL-Drought,A,0.354
OTL-Drought,A,0.353
OTL-Drought,A,0.353
OTL-Drought,A,0.353
OTL-Drought,A,0.353
OTL-Drought,A,0.352
OTL-Drought,A,0.352
OTL-Drought,A,0.352
OTL-Drought,A,0.352
OTL-Drought,A,0.352
OTL-Drought,A,0.351
OTL-Drought,A,0.351
OTL-Drought,A,0.351
OTL-Drought,A,0.352
OTL-Drought,A,0.352
OTL-Drought,A,0.352
OTL-Drought,A,0.352
OTL-Drought,A,0.351
OTL-Drought,A,0.351
OTL-Drought,A,0.351
OTL-Drought,A,0.351
OTL-Drought,A,0.351
OTL-Drought,A,0.350
OTL-Drought,A,0.350
OTL-Drought,A,0.350
OTL-Drought,A,0.350
OTL-Drought,A,0.349
OTL-Drought,A,0.349
OTL-Drought,A,0.349
OTL-Drought,A,0.348
OTL-Drought,A,0.348
OTL-Drought,A,0.348
OTL-Drought,A,0.348
OTL-Drought,A,0.349
OTL-Drought,A,0.349
OTL-Drought,A,0.350
OTL-Drought,A,0.350
OTL-Drought,A,0.351
OTL-Drought,A,0.351
OTL-Drought,A,0.351
OTL-Drought,A,0.351
OTL-Drought,A,0.351
OTL-Drought,A,0.350
OTL-Drought,A,0.350
OTL-Drought,A,0.349
OTL-Drought,A,0.349
OTL-Drought,A,0.348
OTL-Drought,A,0.348
OTL-Drought,A,0.348
OTL-Drought,A,0.347
OTL-Drought,A,0.347
OTL-Drought,A,0.347
OTL-Drought,A,0.346
OTL-Drought,A,0.346
OTL-Drought,A,0.346
OTL-Drought,A,0.351
OTL-Drought,A,0.367
OTL-Drought,A,0.369
OTL-Drought,A,0.370
OTL-Drought,A,0.370
OTL-Drought,A,0.372
OTL-Drought,A,0.372
OTL-Drought,A,0.372
OTL-Drought,A,0.373
OTL-Drought,A,0.373
OTL-Drought,A,0.373
OTL-Drought,A,0.373
OTL-Drought,A,0.373
OTL-Drought,A,0.373
OTL-Drought,A,0.373
OTL-Drought,A,0.373
OTL-Drought,A,0.373
OTL-Drought,A,0.373
OTL-Drought,A,0.373
OTL-Drought,A,0.373
OTL-Drought,A,0.373
OTL-Drought,A,0.374
OTL-Drought,A,0.374
OTL-Drought,A,0.374
OTL-Drought,A,0.374
OTL-Drought,A,0.374
OTL-Drought,A,0.374
OTL-Drought,A,0.374
OTL-Drought,A,0.375
OTL-Drought,A,0.375
OTL-Drought,A,0.375
OTL-Drought,A,0.375
OTL-Drought,A,0.376
OTL-Drought,A,0.376
OTL-Drought,A,0.376
OTL-Drought,A,0.376
OTL-Drought,A,0.376
OTL-Drought,A,0.376
OTL-Drought,A,0.376
OTL-Drought,A,0.376
OTL-Drought,A,0.376
OTL-Drought,A,0.376
OTL-Drought,A,0.376
OTL-Drought,A,0.376
OTL-Drought,A,0.376
OTL-Drought,A,0.376
OTL-Drought,A,0.375
OTL-Drought,A,0.375
OTL-Drought,A,0.375
OTL-Drought,A,0.376
OTL-Drought,A,0.376
OTL-Drought,A,0.377
OTL-Drought,A,0.378
OTL-Drought,A,0.378
OTL-Drought,A,0.379
OTL-Drought,A,0.379
OTL-Drought,A,0.380
OTL-Drought,A,0.380
OTL-Drought,A,0.380
OTL-Drought,A,0.378
OTL-Drought,A,0.375
OTL-Drought,A,0.375
OTL-Drought,A,0.375
OTL-Drought,A,0.374
OTL-Drought,A,0.373
OTL-Drought,A,0.373
OTL-Drought,A,0.373
OTL-Drought,A,0.372
OTL-Drought,A,0.372
OTL-Drought,A,0.370
OTL-Drought,A,0.366
OTL-Drought,A,0.365
OTL-Drought,A,0.365
OTL-Drought,A,0.365
OTL-Drought,A,0.365
OTL-Drought,A,0.366
OTL-Drought,A,0.366
OTL-Drought,A,0.366
OTL-Drought,A,0.367
OTL-Drought,A,0.367
OTL-Drought,A,0.367
OTL-Drought,A,0.367
OTL-Drought,A,0.366
OTL-Drought,A,0.366
OTL-Drought,A,0.365
OTL-Drought,A,0.364
OTL-Drought,A,0.364
OTL-Drought,A,0.363
OTL-Drought,A,0.363
OTL-Drought,A,0.362
OTL-Drought,A,0.362
OTL-Drought,A,0.361
OTL-Drought,A,0.360
OTL-Drought,A,0.360
OTL-Drought,A,0.359
OTL-Drought,A,0.358
OTL-Drought,A,0.358
OTL-Drought,A,0.358
OTL-Drought,A,0.358
OTL-Drought,A,0.359
OTL-Drought,A,0.359
OTL-Drought,A,0.360
OTL-Drought,A,0.360
OTL-Drought,A,0.360
OTL-Drought,A,0.360
OTL-Drought,A,0.360
OTL-Drought,A,0.360
OTL-Drought,A,0.360
OTL-Drought,A,0.359
OTL-Drought,A,0.359
OTL-Drought,A,0.358
OTL-Drought,A,0.358
OTL-Drought,A,0.357
OTL-Drought,A,0.356
OTL-Drought,A,0.356
OTL-Drought,A,0.355
OTL-Drought,A,0.355
OTL-Drought,A,0.354
OTL-Drought,A,0.353
OTL-Drought,A,0.352
OTL-Drought,A,0.352
OTL-Drought,A,0.352
OTL-Drought,A,0.352
OTL-Drought,A,0.353
OTL-Drought,A,0.353
OTL-Drought,A,0.354
OTL-Drought,A,0.355
OTL-Drought,A,0.355
OTL-Drought,A,0.355
OTL-Drought,A,0.355
OTL-Drought,A,0.355
OTL-Drought,A,0.355
OTL-Drought,A,0.354
OTL-Drought,A,0.354
OTL-Drought,A,0.353
OTL-Drought,A,0.352
OTL-Drought,A,0.352
OTL-Drought,A,0.351
OTL-Drought,A,0.351
OTL-Drought,A,0.350
OTL-Drought,A,0.349
OTL-Drought,A,0.349
OTL-Drought,A,0.348
OTL-Drought,A,0.347
OTL-Drought,A,0.347
OTL-Drought,A,0.347
OTL-Drought,A,0.348
OTL-Drought,A,0.348
OTL-Drought,A,0.349
OTL-Drought,A,0.349
OTL-Drought,A,0.350
OTL-Drought,A,0.350
OTL-Drought,A,0.350
OTL-Drought,A,0.350
OTL-Drought,A,0.350
OTL-Drought,A,0.350
OTL-Drought,A,0.350
OTL-Drought,A,0.349
OTL-Drought,A,0.349
OTL-Drought,A,0.349
OTL-Drought,A,0.348
OTL-Drought,A,0.348
OTL-Drought,A,0.348
OTL-Drought,A,0.347
OTL-Drought,A,0.347
OTL-Drought,A,0.347
OTL-Drought,A,0.346
OTL-Drought,A,0.346
OTL-Drought,A,0.346
OTL-Drought,A,0.345
OTL-Drought,A,0.345
OTL-Drought,A,0.345
OTL-Drought,A,0.345
OTL-Drought,A,0.345
OTL-Drought,A,0.345
OTL-Drought,A,0.345
OTL-Drought,A,0.345
OTL-Drought,A,0.345
OTL-Drought,A,0.345
OTL-Drought,A,0.344
OTL-Drought,A,0.344
OTL-Drought,A,0.344
OTL-Drought,A,0.344
OTL-Drought,A,0.343
OTL-Drought,A,0.343
OTL-Drought,A,0.343
OTL-Drought,A,0.343
OTL-Drought,A,0.342
OTL-Drought,A,0.342
OTL-Drought,A,0.342
OTL-Drought,A,0.342
OTL-Drought,A,0.342
OTL-Drought,A,0.344
OTL-Drought,A,0.354
OTL-Drought,A,0.361
OTL-Drought,A,0.362
OTL-Drought,A,0.363
OTL-Drought,A,0.363
OTL-Drought,A,0.364
OTL-Drought,A,0.364
OTL-Drought,A,0.364
OTL-Drought,A,0.364
OTL-Drought,A,0.364
OTL-Drought,A,0.364
OTL-Drought,A,0.364
OTL-Drought,A,0.364
OTL-Drought,A,0.364
OTL-Drought,A,0.364
OTL-Drought,A,0.364
OTL-Drought,A,0.364
OTL-Drought,A,0.362
OTL-Drought,A,0.361
OTL-Drought,A,0.360
OTL-Drought,A,0.359
OTL-Drought,A,0.358
OTL-Drought,A,0.358
OTL-Drought,A,0.358
OTL-Drought,A,0.358
OTL-Drought,A,0.359
OTL-Drought,A,0.359
OTL-Drought,A,0.359
OTL-Drought,A,0.360
OTL-Drought,A,0.360
OTL-Drought,A,0.360
OTL-Drought,A,0.360
OTL-Drought,A,0.360
OTL-Drought,A,0.360
OTL-Drought,A,0.360
OTL-Drought,A,0.359
OTL-Drought,A,0.358
OTL-Drought,A,0.358
OTL-Drought,A,0.357
OTL-Drought,A,0.357
OTL-Drought,A,0.356
OTL-Drought,A,0.356
OTL-Drought,A,0.356
OTL-Drought,A,0.355
OTL-Drought,A,0.354
OTL-Drought,A,0.354
OTL-Drought,A,0.353
OTL-Drought,A,0.353
OTL-Drought,A,0.353
OTL-Drought,A,0.353
OTL-Drought,A,0.354
OTL-Drought,A,0.354
OTL-Drought,A,0.355
OTL-Drought,A,0.355
OTL-Drought,A,0.356
OTL-Drought,A,0.356
OTL-Drought,A,0.356
OTL-Drought,A,0.356
OTL-Drought,A,0.356
OTL-Drought,A,0.355
OTL-Drought,A,0.355
OTL-Drought,A,0.354
OTL-Drought,A,0.354
OTL-Drought,A,0.353
OTL-Drought,A,0.353
OTL-Drought,A,0.352
OTL-Drought,A,0.352
OTL-Drought,A,0.351
OTL-Drought,A,0.350
OTL-Drought,A,0.350
OTL-Drought,A,0.349
OTL-Drought,A,0.349
OTL-Drought,A,0.350
OTL-Drought,A,0.350
OTL-Drought,A,0.351
OTL-Drought,A,0.352
OTL-Drought,A,0.353
OTL-Drought,A,0.353
OTL-Drought,A,0.354
OTL-Drought,A,0.354
OTL-Drought,A,0.354
OTL-Drought,A,0.354
OTL-Drought,A,0.354
OTL-Drought,A,0.353
OTL-Drought,A,0.353
OTL-Drought,A,0.352
OTL-Drought,A,0.352
OTL-Drought,A,0.351
OTL-Drought,A,0.351
OTL-Drought,A,0.350
OTL-Drought,A,0.350
OTL-Drought,A,0.349
OTL-Drought,A,0.349
OTL-Drought,A,0.348
OTL-Drought,A,0.348
OTL-Drought,A,0.348
OTL-Drought,A,0.348
OTL-Drought,A,0.349
OTL-Drought,A,0.349
OTL-Drought,A,0.350
OTL-Drought,A,0.351
OTL-Drought,A,0.351
OTL-Drought,A,0.352
OTL-Drought,A,0.352
OTL-Drought,A,0.352
OTL-Drought,A,0.351
OTL-Drought,A,0.351
OTL-Drought,A,0.350
OTL-Drought,A,0.350
OTL-Drought,A,0.349
OTL-Drought,A,0.348
OTL-Drought,A,0.348
OTL-Drought,A,0.347
OTL-Drought,A,0.347
OTL-Drought,A,0.346
OTL-Drought,A,0.345
OTL-Drought,A,0.344
OTL-Drought,A,0.344
OTL-Drought,A,0.343
OTL-Drought,A,0.343
OTL-Drought,A,0.343
OTL-Drought,A,0.344
OTL-Drought,A,0.344
OTL-Drought,A,0.345
OTL-Drought,A,0.345
OTL-Drought,A,0.346
OTL-Drought,A,0.346
OTL-Drought,A,0.346
OTL-Drought,A,0.346
OTL-Drought,A,0.346
OTL-Drought,A,0.346
OTL-Drought,A,0.345
OTL-Drought,A,0.345
OTL-Drought,A,0.344
OTL-Drought,A,0.343
OTL-Drought,A,0.343
OTL-Drought,A,0.342
OTL-Drought,A,0.342
OTL-Drought,A,0.341
OTL-Drought,A,0.340
OTL-Drought,A,0.340
OTL-Drought,A,0.339
OTL-Drought,A,0.338
OTL-Drought,A,0.339
OTL-Drought,A,0.339
OTL-Drought,A,0.339
OTL-Drought,A,0.340
OTL-Drought,A,0.341
OTL-Drought,A,0.341
OTL-Drought,A,0.342
OTL-Drought,A,0.342
OTL-Drought,A,0.342
OTL-Drought,A,0.342
OTL-Drought,A,0.342
OTL-Drought,A,0.342
OTL-Drought,A,0.341
OTL-Drought,A,0.341
OTL-Drought,A,0.340
OTL-Drought,A,0.339
OTL-Drought,A,0.339
OTL-Drought,A,0.338
OTL-Drought,A,0.338
OTL-Drought,A,0.337
OTL-Drought,A,0.336
OTL-Drought,A,0.336
OTL-Drought,A,0.335
OTL-Drought,A,0.335
OTL-Drought,A,0.335
OTL-Drought,A,0.335
OTL-Drought,A,0.336
OTL-Drought,A,0.337
OTL-Drought,A,0.337
OTL-Drought,A,0.338
OTL-Drought,A,0.339
OTL-Drought,A,0.339
OTL-Drought,A,0.339
OTL-Drought,A,0.339
OTL-Drought,A,0.339
OTL-Drought,A,0.339
OTL-Drought,A,0.338
OTL-Drought,A,0.338
OTL-Drought,A,0.337
OTL-Drought,A,0.336
OTL-Drought,A,0.336
OTL-Drought,A,0.335
OTL-Drought,A,0.335
OTL-Drought,A,0.334
OTL-Drought,A,0.334
OTL-Drought,A,0.333
OTL-Drought,A,0.332
OTL-Drought,A,0.332
OTL-Drought,A,0.332
OTL-Drought,A,0.333
OTL-Drought,A,0.333
OTL-Drought,A,0.334
OTL-Drought,A,0.334
OTL-Drought,A,0.335
OTL-Drought,A,0.336
OTL-Drought,A,0.336
OTL-Drought,A,0.336
OTL-Drought,A,0.336
OTL-Drought,A,0.335
OTL-Drought,A,0.335
OTL-Drought,A,0.335
OTL-Drought,A,0.334
OTL-Drought,A,0.334
OTL-Drought,A,0.334
OTL-Drought,A,0.333
OTL-Drought,A,0.333
OTL-Drought,A,0.333
OTL-Drought,A,0.332
OTL-Drought,A,0.332
OTL-Drought,A,0.332
OTL-Drought,A,0.332
OTL-Drought,A,0.331
OTL-Drought,A,0.331
OTL-Drought,A,0.331
OTL-Drought,A,0.331
OTL-Drought,A,0.331
OTL-Drought,A,0.331
OTL-Drought,A,0.331
OTL-Drought,A,0.331
OTL-Drought,A,0.332
OTL-Drought,A,0.332
OTL-Drought,A,0.332
OTL-Drought,A,0.332
OTL-Drought,A,0.331
OTL-Drought,A,0.331
OTL-Drought,A,0.331
OTL-Drought,A,0.331
OTL-Drought,A,0.330
OTL-Drought,A,0.330
OTL-Drought,A,0.330
OTL-Drought,A,0.329
OTL-Drought,A,0.329
OTL-Drought,A,0.328
OTL-Drought,A,0.328
OTL-Drought,A,0.328
OTL-Drought,A,0.327
OTL-Drought,A,0.327
OTL-Drought,A,0.327
OTL-Drought,A,0.328
OTL-Drought,A,0.328
OTL-Drought,A,0.329
OTL-Drought,A,0.330
OTL-Drought,A,0.331
OTL-Drought,A,0.331
OTL-Drought,A,0.332
OTL-Drought,A,0.332
OTL-Drought,A,0.331
OTL-Drought,A,0.331
OTL-Drought,A,0.331
OTL-Drought,A,0.330
OTL-Drought,A,0.330
OTL-Drought,A,0.329
OTL-Drought,A,0.329
OTL-Drought,A,0.328
OTL-Drought,A,0.327
OTL-Drought,A,0.327
OTL-Drought,A,0.327
OTL-Drought,A,0.326
OTL-Drought,A,0.325
OTL-Drought,A,0.325
OTL-Drought,A,0.325
OTL-Drought,A,0.325
OTL-Drought,A,0.326
OTL-Drought,A,0.327
OTL-Drought,A,0.328
OTL-Drought,A,0.329
OTL-Drought,A,0.330
OTL-Drought,A,0.330
OTL-Drought,A,0.331
OTL-Drought,A,0.331
OTL-Drought,A,0.331
OTL-Drought,A,0.330
OTL-Drought,A,0.330
OTL-Drought,A,0.329
OTL-Drought,A,0.328
OTL-Drought,A,0.328
OTL-Drought,A,0.327
OTL-Drought,A,0.327
OTL-Drought,A,0.326
OTL-Drought,A,0.326
OTL-Drought,A,0.325
OTL-Drought,A,0.324
OTL-Drought,A,0.324
OTL-Drought,A,0.323
OTL-Drought,A,0.323
OTL-Drought,A,0.324
OTL-Drought,A,0.325
OTL-Drought,A,0.326
OTL-Drought,A,0.326
OTL-Drought,A,0.327
OTL-Drought,A,0.328
OTL-Drought,A,0.328
OTL-Drought,A,0.328
OTL-Drought,A,0.328
OTL-Drought,A,0.328
OTL-Drought,A,0.327
OTL-Drought,A,0.327
OTL-Drought,A,0.326
OTL-Drought,A,0.325
OTL-Drought,A,0.325
OTL-Drought,A,0.324
OTL-Drought,A,0.323
OTL-Drought,A,0.323
OTL-Drought,A,0.322
OTL-Drought,A,0.322
OTL-Drought,A,0.321
OTL-Drought,A,0.321
OTL-Drought,A,0.320
OTL-Drought,A,0.320
OTL-Drought,A,0.321
OTL-Drought,A,0.321
OTL-Drought,A,0.322
OTL-Drought,A,0.323
OTL-Drought,A,0.324
OTL-Drought,A,0.324
OTL-Drought,A,0.324
OTL-Drought,A,0.325
OTL-Drought,A,0.324
OTL-Drought,A,0.324
OTL-Drought,A,0.323
OTL-Drought,A,0.322
OTL-Drought,A,0.321
OTL-Drought,A,0.321
OTL-Drought,A,0.320
OTL-Drought,A,0.319
OTL-Drought,A,0.318
OTL-Drought,A,0.318
OTL-Drought,A,0.317
OTL-Drought,A,0.316
OTL-Drought,A,0.315
OTL-Drought,A,0.315
OTL-Drought,A,0.314
OTL-Drought,A,0.314
OTL-Drought,A,0.314
OTL-Drought,A,0.315
OTL-Drought,A,0.315
OTL-Drought,A,0.316
OTL-Drought,A,0.316
OTL-Drought,A,0.317
OTL-Drought,A,0.317
OTL-Drought,A,0.317
OTL-Drought,A,0.317
OTL-Drought,A,0.317
OTL-Drought,A,0.316
OTL-Drought,A,0.315
OTL-Drought,A,0.314
OTL-Drought,A,0.314
OTL-Drought,A,0.313
OTL-Drought,A,0.312
OTL-Drought,A,0.312
OTL-Drought,A,0.311
OTL-Drought,A,0.310
OTL-Drought,A,0.310
OTL-Drought,A,0.309
OTL-Drought,A,0.308
OTL-Drought,A,0.308
OTL-Drought,A,0.307
OTL-Drought,A,0.308
OTL-Drought,A,0.308
OTL-Drought,A,0.308
OTL-Drought,A,0.309
OTL-Drought,A,0.309
OTL-Drought,A,0.309
OTL-Drought,A,0.309
OTL-Drought,A,0.309
OTL-Drought,A,0.309
OTL-Drought,A,0.309
OTL-Drought,A,0.308
OTL-Drought,A,0.308
OTL-Drought,A,0.307
OTL-Drought,A,0.307
OTL-Drought,A,0.306
OTL-Drought,A,0.305
OTL-Drought,A,0.305
OTL-Drought,A,0.304
OTL-Drought,A,0.304
OTL-Drought,A,0.303
OTL-Drought,A,0.302
OTL-Drought,A,0.302
OTL-Drought,A,0.301
OTL-Drought,A,0.301
OTL-Drought,A,0.302
OTL-Drought,A,0.302
OTL-Drought,A,0.303
OTL-Drought,A,0.304
OTL-Drought,A,0.304
OTL-Drought,A,0.305
OTL-Drought,A,0.305
OTL-Drought,A,0.305
OTL-Drought,A,0.305
OTL-Drought,A,0.305
OTL-Drought,A,0.304
OTL-Drought,A,0.303
OTL-Drought,A,0.303
OTL-Drought,A,0.302
OTL-Drought,A,0.301
OTL-Drought,A,0.301
OTL-Drought,A,0.300
OTL-Drought,A,0.299
OTL-Drought,A,0.299
OTL-Drought,A,0.298
OTL-Drought,A,0.297
OTL-Drought,A,0.297
OTL-Drought,A,0.297
OTL-Drought,A,0.297
OTL-Drought,A,0.297
OTL-Drought,A,0.298
OTL-Drought,A,0.298
OTL-Drought,A,0.299
OTL-Drought,A,0.299
OTL-Drought,A,0.299
OTL-Drought,A,0.300
OTL-Drought,A,0.300
OTL-Drought,A,0.300
OTL-Drought,A,0.299
OTL-Drought,A,0.299
OTL-Drought,A,0.298
OTL-Drought,A,0.297
OTL-Drought,A,0.296
OTL-Drought,A,0.296
OTL-Drought,A,0.295
OTL-Drought,A,0.294
OTL-Drought,A,0.294
OTL-Drought,A,0.293
OTL-Drought,A,0.292
OTL-Drought,A,0.292
OTL-Drought,A,0.291
OTL-Drought,A,0.291
OTL-Drought,A,0.291
OTL-Drought,A,0.291
OTL-Drought,A,0.292
OTL-Drought,A,0.293
OTL-Drought,A,0.293
OTL-Drought,A,0.294
OTL-Drought,A,0.294
OTL-Drought,A,0.295
OTL-Drought,A,0.295
OTL-Drought,A,0.294
OTL-Drought,A,0.294
OTL-Drought,A,0.293
OTL-Drought,A,0.293
OTL-Drought,A,0.292
OTL-Drought,A,0.291
OTL-Drought,A,0.291
OTL-Drought,A,0.290
OTL-Drought,A,0.290
OTL-Drought,A,0.289
OTL-Drought,A,0.289
OTL-Drought,A,0.288
OTL-Drought,A,0.288
OTL-Drought,A,0.287
OTL-Drought,A,0.287
OTL-Drought,A,0.287
OTL-Drought,A,0.287
OTL-Drought,A,0.287
OTL-Drought,A,0.287
OTL-Drought,A,0.288
OTL-Drought,A,0.288
OTL-Drought,A,0.289
OTL-Drought,A,0.289
OTL-Drought,A,0.289
OTL-Drought,A,0.289
OTL-Drought,A,0.289
OTL-Drought,A,0.288
OTL-Drought,A,0.288
OTL-Drought,A,0.287
OTL-Drought,A,0.287
OTL-Drought,A,0.287
OTL-Drought,A,0.286
OTL-Drought,A,0.286
OTL-Drought,A,0.285
OTL-Drought,A,0.285
OTL-Drought,A,0.284
OTL-Drought,A,0.284
OTL-Drought,A,0.283
OTL-Drought,A,0.283
OTL-Drought,A,0.284
OTL-Drought,A,0.284
OTL-Drought,A,0.285
OTL-Drought,A,0.286
OTL-Drought,A,0.287
OTL-Drought,A,0.288
OTL-Drought,A,0.288
OTL-Drought,A,0.288
OTL-Drought,A,0.289
OTL-Drought,A,0.288
OTL-Drought,A,0.288
OTL-Drought,A,0.287
OTL-Drought,A,0.287
OTL-Drought,A,0.286
OTL-Drought,A,0.285
OTL-Drought,A,0.284
OTL-Drought,A,0.284
OTL-Drought,A,0.283
OTL-Drought,A,0.283
OTL-Drought,A,0.282
OTL-Drought,A,0.281
OTL-Drought,A,0.281
OTL-Drought,A,0.280
OTL-Drought,A,0.280
OTL-Drought,A,0.281
OTL-Drought,A,0.281
OTL-Drought,A,0.282
OTL-Drought,A,0.284
OTL-Drought,A,0.285
OTL-Drought,A,0.285
OTL-Drought,A,0.286
OTL-Drought,A,0.286
OTL-Drought,A,0.286
OTL-Drought,A,0.286
OTL-Drought,A,0.286
OTL-Drought,A,0.285
OTL-Drought,A,0.284
OTL-Drought,A,0.284
OTL-Drought,A,0.283
OTL-Drought,A,0.282
OTL-Drought,A,0.282
OTL-Drought,A,0.281
OTL-Drought,A,0.281
OTL-Drought,A,0.280
OTL-Drought,A,0.279
OTL-Drought,A,0.279
OTL-Drought,A,0.278
OTL-Drought,A,0.279
OTL-Drought,A,0.279
OTL-Drought,A,0.280
OTL-Drought,A,0.281
OTL-Drought,A,0.282
OTL-Drought,A,0.283
OTL-Drought,A,0.284
OTL-Drought,A,0.285
OTL-Drought,A,0.285
OTL-Drought,A,0.285
OTL-Drought,A,0.285
OTL-Drought,A,0.285
OTL-Drought,A,0.284
OTL-Drought,A,0.283
OTL-Drought,A,0.283
OTL-Drought,A,0.282
OTL-Drought,A,0.281
OTL-Drought,A,0.281
OTL-Drought,A,0.280
OTL-Drought,A,0.280
OTL-Drought,A,0.279
OTL-Drought,A,0.279
OTL-Drought,A,0.278
OTL-Drought,A,0.278
OTL-Drought,A,0.278
OTL-Drought,A,0.279
OTL-Drought,A,0.279
OTL-Drought,A,0.280
OTL-Drought,A,0.281
OTL-Drought,A,0.282
OTL-Drought,A,0.283
OTL-Drought,A,0.283
OTL-Drought,A,0.283
OTL-Drought,A,0.284
OTL-Drought,A,0.283
OTL-Drought,A,0.283
OTL-Drought,A,0.283
OTL-Drought,A,0.282
OTL-Drought,A,0.281
OTL-Drought,A,0.280
OTL-Drought,A,0.280
OTL-Drought,A,0.279
OTL-Drought,A,0.279
OTL-Drought,A,0.278
OTL-Drought,A,0.278
OTL-Drought,A,0.277
OTL-Drought,A,0.277
OTL-Drought,A,0.277
OTL-Drought,A,0.277
OTL-Drought,A,0.277
OTL-Drought,A,0.278
OTL-Drought,A,0.279
OTL-Drought,A,0.280
OTL-Drought,A,0.281
OTL-Drought,A,0.282
OTL-Drought,A,0.282
OTL-Drought,A,0.282
OTL-Drought,A,0.282
OTL-Drought,A,0.282
OTL-Drought,A,0.282
OTL-Drought,A,0.281
OTL-Drought,A,0.281
OTL-Drought,A,0.280
OTL-Drought,A,0.279
OTL-Drought,A,0.278
OTL-Drought,A,0.277
OTL-Drought,A,0.277
OTL-Drought,A,0.276
OTL-Drought,A,0.275
OTL-Drought,A,0.275
OTL-Drought,A,0.274
OTL-Drought,A,0.274
OTL-Drought,A,0.274
OTL-Drought,A,0.275
OTL-Drought,A,0.276
OTL-Drought,A,0.277
OTL-Drought,A,0.278
OTL-Drought,A,0.279
OTL-Drought,A,0.280
OTL-Drought,A,0.280
OTL-Drought,A,0.281
OTL-Drought,A,0.280
OTL-Drought,A,0.280
OTL-Drought,A,0.280
OTL-Drought,A,0.279
OTL-Drought,A,0.278
OTL-Drought,A,0.277
OTL-Drought,A,0.276
OTL-Drought,A,0.276
OTL-Drought,A,0.275
OTL-Drought,A,0.274
OTL-Drought,A,0.274
OTL-Drought,A,0.273
OTL-Drought,A,0.272
OTL-Drought,A,0.271
OTL-Drought,A,0.271
OTL-Drought,A,0.271
OTL-Drought,A,0.272
OTL-Drought,A,0.273
OTL-Drought,A,0.275
OTL-Drought,A,0.276
OTL-Drought,A,0.277
OTL-Drought,A,0.278
OTL-Drought,A,0.278
OTL-Drought,A,0.278
OTL-Drought,A,0.278
OTL-Drought,A,0.278
OTL-Drought,A,0.278
OTL-Drought,A,0.277
OTL-Drought,A,0.276
OTL-Drought,A,0.275
OTL-Drought,A,0.274
OTL-Drought,A,0.274
OTL-Drought,A,0.273
OTL-Drought,A,0.272
OTL-Drought,A,0.271
OTL-Drought,A,0.271
OTL-Drought,A,0.270
OTL-Drought,A,0.269
OTL-Drought,A,0.269
OTL-Drought,A,0.269
OTL-Drought,A,0.270
OTL-Drought,A,0.271
OTL-Drought,A,0.272
OTL-Drought,A,0.273
OTL-Drought,A,0.274
OTL-Drought,A,0.275
OTL-Drought,A,0.276
OTL-Drought,A,0.276
OTL-Drought,A,0.276
OTL-Drought,A,0.276
OTL-Drought,A,0.275
OTL-Drought,A,0.275
OTL-Drought,A,0.274
OTL-Drought,A,0.273
OTL-Drought,A,0.272
OTL-Drought,A,0.271
OTL-Drought,A,0.270
OTL-Drought,A,0.270
OTL-Drought,A,0.269
OTL-Drought,A,0.268
OTL-Drought,A,0.268
OTL-Drought,A,0.267
OTL-Drought,A,0.267
OTL-Drought,A,0.267
OTL-Drought,A,0.268
OTL-Drought,A,0.270
OTL-Drought,A,0.271
OTL-Drought,A,0.272
OTL-Drought,A,0.273
OTL-Drought,A,0.274
OTL-Drought,A,0.275
OTL-Drought,A,0.275
OTL-Drought,A,0.275
OTL-Drought,A,0.275
OTL-Drought,A,0.275
OTL-Drought,A,0.274
OTL-Drought,A,0.273
OTL-Drought,A,0.272
OTL-Drought,A,0.271
OTL-Drought,A,0.271
OTL-Drought,A,0.270
OTL-Drought,A,0.269
OTL-Drought,A,0.268
OTL-Drought,A,0.268
OTL-Drought,A,0.267
OTL-Drought,A,0.266
OTL-Drought,A,0.266
OTL-Drought,A,0.266
OTL-Drought,A,0.267
OTL-Drought,A,0.269
OTL-Drought,A,0.270
OTL-Drought,A,0.272
OTL-Drought,A,0.273
OTL-Drought,A,0.274
OTL-Drought,A,0.274
OTL-Drought,A,0.274
OTL-Drought,A,0.274
OTL-Drought,A,0.274
OTL-Drought,A,0.274
OTL-Drought,A,0.273
OTL-Drought,A,0.272
OTL-Drought,A,0.271
OTL-Drought,A,0.271
OTL-Drought,A,0.270
OTL-Drought,A,0.269
OTL-Drought,A,0.268
OTL-Drought,A,0.268
OTL-Drought,A,0.267
OTL-Drought,A,0.266
OTL-Drought,A,0.265
OTL-Drought,A,0.265
OTL-Drought,A,0.266
OTL-Drought,A,0.267
OTL-Drought,A,0.268
OTL-Drought,A,0.269
OTL-Drought,A,0.271
OTL-Drought,A,0.272
OTL-Drought,A,0.273
OTL-Drought,A,0.273
OTL-Drought,A,0.274
OTL-Drought,A,0.274
OTL-Drought,A,0.273
OTL-Drought,A,0.273
OTL-Drought,A,0.272
OTL-Drought,A,0.271
OTL-Drought,A,0.270
OTL-Drought,A,0.269
OTL-Drought,A,0.268
OTL-Drought,A,0.268
OTL-Drought,A,0.267
OTL-Drought,A,0.266
OTL-Drought,A,0.265
OTL-Drought,A,0.264
OTL-Drought,A,0.264
OTL-Drought,A,0.263
OTL-Drought,A,0.264
OTL-Drought,A,0.265
OTL-Drought,A,0.266
OTL-Drought,A,0.268
OTL-Drought,A,0.269
OTL-Drought,A,0.270
OTL-Drought,A,0.271
OTL-Drought,A,0.272
OTL-Drought,A,0.272
OTL-Drought,A,0.272
OTL-Drought,A,0.272
OTL-Drought,A,0.271
OTL-Drought,A,0.270
OTL-Drought,A,0.269
OTL-Drought,A,0.268
OTL-Drought,A,0.267
OTL-Drought,A,0.266
OTL-Drought,A,0.265
OTL-Drought,A,0.265
OTL-Drought,A,0.264
OTL-Drought,A,0.263
OTL-Drought,A,0.262
OTL-Drought,A,0.261
OTL-Drought,A,0.261
OTL-Drought,A,0.262
OTL-Drought,A,0.263
OTL-Drought,A,0.264
OTL-Drought,A,0.265
OTL-Drought,A,0.267
OTL-Drought,A,0.268
OTL-Drought,A,0.269
OTL-Drought,A,0.269
OTL-Drought,A,0.269
OTL-Drought,A,0.269
OTL-Drought,A,0.268
OTL-Drought,A,0.268
OTL-Drought,A,0.267
OTL-Drought,A,0.266
OTL-Drought,A,0.265
OTL-Drought,A,0.264
OTL-Drought,A,0.263
OTL-Drought,A,0.262
OTL-Drought,A,0.261
OTL-Drought,A,0.261
OTL-Drought,A,0.260
OTL-Drought,A,0.259
OTL-Drought,A,0.259
OTL-Drought,A,0.258
OTL-Drought,A,0.258
OTL-Drought,A,0.258
OTL-Drought,A,0.258
OTL-Drought,A,0.258
OTL-Drought,A,0.258
OTL-Drought,A,0.258
OTL-Drought,A,0.258
OTL-Drought,A,0.259
OTL-Drought,A,0.259
OTL-Drought,A,0.259
OTL-Drought,A,0.259
OTL-Drought,A,0.258
OTL-Drought,A,0.258
OTL-Drought,A,0.257
OTL-Drought,A,0.257
OTL-Drought,A,0.257
OTL-Drought,A,0.256
OTL-Drought,A,0.256
OTL-Drought,A,0.255
OTL-Drought,A,0.255
OTL-Drought,A,0.254
OTL-Drought,A,0.254
OTL-Drought,A,0.254
OTL-Drought,A,0.253
OTL-Drought,A,0.253
OTL-Drought,A,0.253
OTL-Drought,A,0.254
OTL-Drought,A,0.254
OTL-Drought,A,0.254
OTL-Drought,A,0.255
OTL-Drought,A,0.255
OTL-Drought,A,0.256
OTL-Drought,A,0.256
OTL-Drought,A,0.256
OTL-Drought,A,0.256
OTL-Drought,A,0.256
OTL-Drought,A,0.255
OTL-Drought,A,0.255
OTL-Drought,A,0.254
OTL-Drought,A,0.254
OTL-Drought,A,0.254
OTL-Drought,A,0.253
OTL-Drought,A,0.253
OTL-Drought,A,0.253
OTL-Drought,A,0.252
OTL-Drought,A,0.252
OTL-Drought,A,0.252
OTL-Drought,A,0.252
OTL-Drought,A,0.252
OTL-Drought,A,0.253
OTL-Drought,A,0.254
OTL-Drought,A,0.255
OTL-Drought,A,0.255
OTL-Drought,A,0.256
OTL-Drought,A,0.256
OTL-Drought,A,0.256
OTL-Drought,A,0.256
OTL-Drought,A,0.256
OTL-Drought,A,0.256
OTL-Drought,A,0.256
OTL-Drought,A,0.255
OTL-Drought,A,0.255
OTL-Drought,A,0.254
OTL-Drought,A,0.254
OTL-Drought,A,0.254
OTL-Drought,A,0.253
OTL-Drought,A,0.253
OTL-Drought,A,0.253
OTL-Drought,A,0.252
OTL-Drought,A,0.252
OTL-Drought,A,0.252
OTL-Drought,A,0.252
OTL-Drought,A,0.252
OTL-Drought,A,0.252
OTL-Drought,A,0.252
OTL-Drought,A,0.252
OTL-Drought,A,0.252
OTL-Drought,A,0.253
OTL-Drought,A,0.253
OTL-Drought,A,0.253
OTL-Drought,A,0.254
OTL-Drought,A,0.254
OTL-Drought,A,0.254
OTL-Drought,A,0.254
OTL-Drought,A,0.253
OTL-Drought,A,0.253
OTL-Drought,A,0.253
OTL-Drought,A,0.252
OTL-Drought,A,0.252
OTL-Drought,A,0.252
OTL-Drought,A,0.251
OTL-Drought,A,0.251
OTL-Drought,A,0.251
OTL-Drought,A,0.250
OTL-Drought,A,0.250
OTL-Drought,A,0.250
OTL-Drought,A,0.250
OTL-Drought,A,0.252
OTL-Drought,A,0.253
OTL-Drought,A,0.254
OTL-Drought,A,0.255
OTL-Drought,A,0.256
OTL-Drought,A,0.256
OTL-Drought,A,0.256
OTL-Drought,A,0.257
OTL-Drought,A,0.257
OTL-Drought,A,0.256
OTL-Drought,A,0.256
OTL-Drought,A,0.256
OTL-Drought,A,0.255
OTL-Drought,A,0.255
OTL-Drought,A,0.254
OTL-Drought,A,0.254
OTL-Drought,A,0.253
OTL-Drought,A,0.253
OTL-Drought,A,0.252
OTL-Drought,A,0.252
OTL-Drought,A,0.252
OTL-Drought,A,0.251
OTL-Drought,A,0.251
OTL-Drought,A,0.251
OTL-Drought,A,0.251
OTL-Drought,A,0.252
OTL-Drought,A,0.253
OTL-Drought,A,0.254
OTL-Drought,A,0.254
OTL-Drought,A,0.255
OTL-Drought,A,0.255
OTL-Drought,A,0.255
OTL-Drought,A,0.255
OTL-Drought,A,0.255
OTL-Drought,A,0.255
OTL-Drought,A,0.254
OTL-Drought,A,0.253
OTL-Drought,A,0.253
OTL-Drought,A,0.252
OTL-Drought,A,0.252
OTL-Drought,A,0.251
OTL-Drought,A,0.250
OTL-Drought,A,0.250
OTL-Drought,A,0.249
OTL-Drought,A,0.249
OTL-Drought,A,0.249
OTL-Drought,A,0.249
OTL-Drought,A,0.249
OTL-Drought,A,0.250
OTL-Drought,A,0.252
OTL-Drought,A,0.253
OTL-Drought,A,0.254
OTL-Drought,A,0.255
OTL-Drought,A,0.256
OTL-Drought,A,0.257
OTL-Drought,A,0.257
OTL-Drought,A,0.257
OTL-Drought,A,0.257
OTL-Drought,A,0.256
OTL-Drought,A,0.256
OTL-Drought,A,0.255
OTL-Drought,A,0.254
OTL-Drought,A,0.254
OTL-Drought,A,0.253
OTL-Drought,A,0.252
OTL-Drought,A,0.252
OTL-Drought,A,0.251
OTL-Drought,A,0.250
OTL-Drought,A,0.250
OTL-Drought,A,0.250
OTL-Drought,A,0.250
OTL-Drought,A,0.250
OTL-Drought,A,0.250
OTL-Drought,A,0.251
OTL-Drought,A,0.252
OTL-Drought,A,0.253
OTL-Drought,A,0.254
OTL-Drought,A,0.255
OTL-Drought,A,0.256
OTL-Drought,A,0.256
OTL-Drought,A,0.257
OTL-Drought,A,0.257
OTL-Drought,A,0.256
OTL-Drought,A,0.256
OTL-Drought,A,0.255
OTL-Drought,A,0.254
OTL-Drought,A,0.254
OTL-Drought,A,0.253
OTL-Drought,A,0.253
OTL-Drought,A,0.252
OTL-Drought,A,0.252
OTL-Drought,A,0.251
OTL-Drought,A,0.251
OTL-Drought,A,0.250
OTL-Drought,A,0.250
OTL-Drought,A,0.251
OTL-Drought,A,0.252
OTL-Drought,A,0.253
OTL-Drought,A,0.255
OTL-Drought,A,0.256
OTL-Drought,A,0.257
OTL-Drought,A,0.258
OTL-Drought,A,0.259
OTL-Drought,A,0.259
OTL-Drought,A,0.259
OTL-Drought,A,0.259
OTL-Drought,A,0.259
OTL-Drought,A,0.258
OTL-Drought,A,0.258
OTL-Drought,A,0.257
OTL-Drought,A,0.256
OTL-Drought,A,0.255
OTL-Drought,A,0.255
OTL-Drought,A,0.254
OTL-Drought,A,0.253
OTL-Drought,A,0.253
OTL-Drought,A,0.252
OTL-Drought,A,0.252
OTL-Drought,A,0.252
OTL-Drought,A,0.252
OTL-Drought,A,0.254
OTL-Drought,A,0.255
OTL-Drought,A,0.257
OTL-Drought,A,0.258
OTL-Drought,A,0.258
OTL-Drought,A,0.259
OTL-Drought,A,0.260
OTL-Drought,A,0.260
OTL-Drought,A,0.260
OTL-Drought,A,0.260
OTL-Drought,A,0.260
OTL-Drought,A,0.259
OTL-Drought,A,0.258
OTL-Drought,A,0.257
OTL-Drought,A,0.256
OTL-Drought,A,0.256
OTL-Drought,A,0.255
OTL-Drought,A,0.254
OTL-Drought,A,0.254
OTL-Drought,A,0.253
OTL-Drought,A,0.252
OTL-Drought,A,0.252
OTL-Drought,A,0.252
OTL-Drought,A,0.252
OTL-Drought,A,0.254
OTL-Drought,A,0.255
OTL-Drought,A,0.257
OTL-Drought,A,0.258
OTL-Drought,A,0.259
OTL-Drought,A,0.260
OTL-Drought,A,0.260
OTL-Drought,A,0.261
OTL-Drought,A,0.261
OTL-Drought,A,0.261
OTL-Drought,A,0.261
OTL-Drought,A,0.260
OTL-Drought,A,0.260
OTL-Drought,A,0.259
OTL-Drought,A,0.258
OTL-Drought,A,0.257
OTL-Drought,A,0.257
OTL-Drought,A,0.256
OTL-Drought,A,0.255
OTL-Drought,A,0.255
OTL-Drought,A,0.254
OTL-Drought,A,0.254
OTL-Drought,A,0.254
OTL-Drought,A,0.254
OTL-Drought,A,0.256
OTL-Drought,A,0.257
OTL-Drought,A,0.259
OTL-Drought,A,0.260
OTL-Drought,A,0.261
OTL-Drought,A,0.262
OTL-Drought,A,0.263
OTL-Drought,A,0.263
OTL-Drought,A,0.264
OTL-Drought,A,0.264
OTL-Drought,A,0.264
OTL-Drought,A,0.263
OTL-Drought,A,0.262
OTL-Drought,A,0.262
OTL-Drought,A,0.261
OTL-Drought,A,0.260
OTL-Drought,A,0.259
OTL-Drought,A,0.259
OTL-Drought,A,0.258
OTL-Drought,A,0.257
OTL-Drought,A,0.256
OTL-Drought,A,0.256
OTL-Drought,A,0.256
OTL-Drought,A,0.257
OTL-Drought,A,0.258
OTL-Drought,A,0.260
OTL-Drought,A,0.262
OTL-Drought,A,0.263
OTL-Drought,A,0.264
OTL-Drought,A,0.265
OTL-Drought,A,0.265
OTL-Drought,A,0.266
OTL-Drought,A,0.266
OTL-Drought,A,0.266
OTL-Drought,A,0.266
OTL-Drought,A,0.265
OTL-Drought,A,0.265
OTL-Drought,A,0.264
OTL-Drought,A,0.263
OTL-Drought,A,0.262
OTL-Drought,A,0.261
OTL-Drought,A,0.261
OTL-Drought,A,0.260
OTL-Drought,A,0.259
OTL-Drought,A,0.259
OTL-Drought,A,0.258
OTL-Drought,A,0.258
OTL-Drought,A,0.259
OTL-Drought,A,0.260
OTL-Drought,A,0.262
OTL-Drought,A,0.263
OTL-Drought,A,0.265
OTL-Drought,A,0.265
OTL-Drought,A,0.266
OTL-Drought,A,0.267
OTL-Drought,A,0.267
OTL-Drought,A,0.267
OTL-Drought,A,0.267
OTL-Drought,A,0.267
OTL-Drought,A,0.266
OTL-Drought,A,0.265
OTL-Drought,A,0.264
OTL-Drought,A,0.263
OTL-Drought,A,0.262
OTL-Drought,A,0.261
OTL-Drought,A,0.260
OTL-Drought,A,0.260
OTL-Drought,A,0.259
OTL-Drought,A,0.258
OTL-Drought,A,0.257
OTL-Drought,A,0.257
OTL-Drought,A,0.258
OTL-Drought,A,0.259
OTL-Drought,A,0.261
OTL-Drought,A,0.262
OTL-Drought,A,0.263
OTL-Drought,A,0.264
OTL-Drought,A,0.265
OTL-Drought,A,0.265
OTL-Drought,A,0.266
OTL-Drought,A,0.266
OTL-Drought,A,0.266
OTL-Drought,A,0.266
OTL-Drought,A,0.265
OTL-Drought,A,0.264
OTL-Drought,A,0.263
OTL-Drought,A,0.262
OTL-Drought,A,0.261
OTL-Drought,A,0.261
OTL-Drought,A,0.260
OTL-Drought,A,0.259
OTL-Drought,A,0.258
OTL-Drought,A,0.257
OTL-Drought,A,0.257
OTL-Drought,A,0.257
OTL-Drought,A,0.258
OTL-Drought,A,0.259
OTL-Drought,A,0.261
OTL-Drought,A,0.263
OTL-Drought,A,0.264
OTL-Drought,A,0.265
OTL-Drought,A,0.265
OTL-Drought,A,0.266
OTL-Drought,A,0.267
OTL-Drought,A,0.267
OTL-Drought,A,0.267
OTL-Drought,A,0.267
OTL-Drought,A,0.266
OTL-Drought,A,0.265
OTL-Drought,A,0.264
OTL-Drought,A,0.263
OTL-Drought,A,0.262
OTL-Drought,A,0.261
OTL-Drought,A,0.261
OTL-Drought,A,0.260
OTL-Drought,A,0.259
OTL-Drought,A,0.258
OTL-Drought,A,0.258
OTL-Drought,A,0.258
OTL-Drought,A,0.258
OTL-Drought,A,0.260
OTL-Drought,A,0.262
OTL-Drought,A,0.263
OTL-Drought,A,0.264
OTL-Drought,A,0.265
OTL-Drought,A,0.266
OTL-Drought,A,0.267
OTL-Drought,A,0.267
OTL-Drought,A,0.267
OTL-Drought,A,0.267
OTL-Drought,A,0.267
OTL-Drought,A,0.266
OTL-Drought,A,0.265
OTL-Drought,A,0.264
OTL-Drought,A,0.263
OTL-Drought,A,0.262
OTL-Drought,A,0.261
OTL-Drought,A,0.260
OTL-Drought,A,0.259
OTL-Drought,A,0.258
OTL-Drought,A,0.257
OTL-Drought,A,0.257
OTL-Drought,A,0.257
OTL-Drought,A,0.257
OTL-Drought,A,0.259
OTL-Drought,A,0.261
OTL-Drought,A,0.262
OTL-Drought,A,0.263
OTL-Drought,A,0.264
OTL-Drought,A,0.265
OTL-Drought,A,0.265
OTL-Drought,A,0.266
OTL-Drought,A,0.266
OTL-Drought,A,0.266
OTL-Drought,A,0.266
OTL-Drought,A,0.265
OTL-Drought,A,0.264
OTL-Drought,A,0.263
OTL-Drought,A,0.262
OTL-Drought,A,0.261
OTL-Drought,A,0.260
OTL-Drought,A,0.260
OTL-Drought,A,0.259
OTL-Drought,A,0.258
OTL-Drought,A,0.257
OTL-Drought,A,0.257
OTL-Drought,A,0.257
OTL-Drought,A,0.257
OTL-Drought,A,0.259
OTL-Drought,A,0.261
OTL-Drought,A,0.262
OTL-Drought,A,0.264
OTL-Drought,A,0.264
OTL-Drought,A,0.265
OTL-Drought,A,0.265
OTL-Drought,A,0.266
OTL-Drought,A,0.266
OTL-Drought,A,0.266
OTL-Drought,A,0.265
OTL-Drought,A,0.264
OTL-Drought,A,0.264
OTL-Drought,A,0.262
OTL-Drought,A,0.261
OTL-Drought,A,0.261
OTL-Drought,A,0.260
OTL-Drought,A,0.259
OTL-Drought,A,0.258
OTL-Drought,A,0.257
OTL-Drought,A,0.256
OTL-Drought,A,0.256
OTL-Drought,A,0.256
OTL-Drought,A,0.257
OTL-Drought,A,0.258
OTL-Drought,A,0.260
OTL-Drought,A,0.261
OTL-Drought,A,0.262
OTL-Drought,A,0.263
OTL-Drought,A,0.263
OTL-Drought,A,0.264
OTL-Drought,A,0.264
OTL-Drought,A,0.265
OTL-Drought,A,0.264
OTL-Drought,A,0.264
OTL-Drought,A,0.263
OTL-Drought,A,0.262
OTL-Drought,A,0.261
OTL-Drought,A,0.260
OTL-Drought,A,0.259
OTL-Drought,A,0.258
OTL-Drought,A,0.257
OTL-Drought,A,0.256
OTL-Drought,A,0.256
OTL-Drought,A,0.255
OTL-Drought,A,0.254
OTL-Drought,A,0.254
OTL-Drought,A,0.255
OTL-Drought,A,0.256
OTL-Drought,A,0.258
OTL-Drought,A,0.259
OTL-Drought,A,0.260
OTL-Drought,A,0.261
OTL-Drought,A,0.262
OTL-Drought,A,0.263
OTL-Drought,A,0.264
OTL-Drought,A,0.264
OTL-Drought,A,0.264
OTL-Drought,A,0.264
OTL-Drought,A,0.263
OTL-Drought,A,0.262
OTL-Drought,A,0.261
OTL-Drought,A,0.260
OTL-Drought,A,0.259
OTL-Drought,A,0.258
OTL-Drought,A,0.258
OTL-Drought,A,0.257
OTL-Drought,A,0.256
OTL-Drought,A,0.255
OTL-Drought,A,0.254
OTL-Drought,A,0.255
OTL-Drought,A,0.255
OTL-Drought,A,0.257
OTL-Drought,A,0.259
OTL-Drought,A,0.261
OTL-Drought,A,0.262
OTL-Drought,A,0.263
OTL-Drought,A,0.263
OTL-Drought,A,0.264
OTL-Drought,A,0.264
OTL-Drought,A,0.265
OTL-Drought,A,0.265
OTL-Drought,A,0.265
OTL-Drought,A,0.264
OTL-Drought,A,0.263
OTL-Drought,A,0.262
OTL-Drought,A,0.261
OTL-Drought,A,0.260
OTL-Drought,A,0.259
OTL-Drought,A,0.258
OTL-Drought,A,0.257
OTL-Drought,A,0.256
OTL-Drought,A,0.256
OTL-Drought,A,0.255
OTL-Drought,A,0.255
OTL-Drought,A,0.255
OTL-Drought,A,0.256
OTL-Drought,A,0.258
OTL-Drought,A,0.260
OTL-Drought,A,0.261
OTL-Drought,A,0.261
OTL-Drought,A,0.262
OTL-Drought,A,0.262
OTL-Drought,A,0.262
OTL-Drought,A,0.262
OTL-Drought,A,0.262
OTL-Drought,A,0.261
OTL-Drought,A,0.260
OTL-Drought,A,0.260
OTL-Drought,A,0.259
OTL-Drought,A,0.258
OTL-Drought,A,0.257
OTL-Drought,A,0.256
OTL-Drought,A,0.255
OTL-Drought,A,0.254
OTL-Drought,A,0.254
OTL-Drought,A,0.253
OTL-Drought,A,0.253
OTL-Drought,A,0.253
OTL-Drought,A,0.253
OTL-Drought,A,0.255
OTL-Drought,A,0.256
OTL-Drought,A,0.257
OTL-Drought,A,0.258
OTL-Drought,A,0.259
OTL-Drought,A,0.259
OTL-Drought,A,0.259
OTL-Drought,A,0.260
OTL-Drought,A,0.260
OTL-Drought,A,0.260
OTL-Drought,A,0.259
OTL-Drought,A,0.258
OTL-Drought,A,0.257
OTL-Drought,A,0.256
OTL-Drought,A,0.255
OTL-Drought,A,0.255
OTL-Drought,A,0.254
OTL-Drought,A,0.253
OTL-Drought,A,0.253
OTL-Drought,A,0.252
OTL-Drought,A,0.251
OTL-Drought,A,0.251
OTL-Drought,A,0.251
OTL-Drought,A,0.252
OTL-Drought,A,0.253
OTL-Drought,A,0.255
OTL-Drought,A,0.256
OTL-Drought,A,0.257
OTL-Drought,A,0.258
OTL-Drought,A,0.258
OTL-Drought,A,0.259
OTL-Drought,A,0.259
OTL-Drought,A,0.259
OTL-Drought,A,0.259
OTL-Drought,A,0.258
OTL-Drought,A,0.257
OTL-Drought,A,0.257
OTL-Drought,A,0.256
OTL-Drought,A,0.255
OTL-Drought,A,0.254
OTL-Drought,A,0.254
OTL-Drought,A,0.253
OTL-Drought,A,0.252
OTL-Drought,A,0.252
OTL-Drought,A,0.251
OTL-Drought,A,0.251
OTL-Drought,A,0.251
OTL-Drought,A,0.252
OTL-Drought,A,0.253
OTL-Drought,A,0.255
OTL-Drought,A,0.256
OTL-Drought,A,0.257
OTL-Drought,A,0.257
OTL-Drought,A,0.258
OTL-Drought,A,0.258
OTL-Drought,A,0.259
OTL-Drought,A,0.259
OTL-Drought,A,0.259
OTL-Drought,A,0.258
OTL-Drought,A,0.257
OTL-Drought,A,0.256
OTL-Drought,A,0.255
OTL-Drought,A,0.255
OTL-Drought,A,0.254
OTL-Drought,A,0.253
OTL-Drought,A,0.252
OTL-Drought,A,0.252
OTL-Drought,A,0.251
OTL-Drought,A,0.250
OTL-Drought,A,0.250
OTL-Drought,A,0.250
OTL-Drought,A,0.251
OTL-Drought,A,0.252
OTL-Drought,A,0.254
OTL-Drought,A,0.256
OTL-Drought,A,0.257
OTL-Drought,A,0.257
OTL-Drought,A,0.258
OTL-Drought,A,0.258
OTL-Drought,A,0.258
OTL-Drought,A,0.259
OTL-Drought,A,0.258
OTL-Drought,A,0.258
OTL-Drought,A,0.257
OTL-Drought,A,0.256
OTL-Drought,A,0.255
OTL-Drought,A,0.254
OTL-Drought,A,0.253
OTL-Drought,A,0.253
OTL-Drought,A,0.252
OTL-Drought,A,0.252
OTL-Drought,A,0.251
OTL-Drought,A,0.251
OTL-Drought,A,0.250
OTL-Drought,A,0.250
OTL-Drought,A,0.250
OTL-Drought,A,0.251
OTL-Drought,A,0.252
OTL-Drought,A,0.253
OTL-Drought,A,0.254
OTL-Drought,A,0.256
OTL-Drought,A,0.257
OTL-Drought,A,0.257
OTL-Drought,A,0.258
OTL-Drought,A,0.257
OTL-Drought,A,0.257
OTL-Drought,A,0.257
OTL-Drought,A,0.256
OTL-Drought,A,0.255
OTL-Drought,A,0.254
OTL-Drought,A,0.253
OTL-Drought,A,0.252
OTL-Drought,A,0.252
OTL-Drought,A,0.251
OTL-Drought,A,0.250
OTL-Drought,A,0.250
OTL-Drought,A,0.249
OTL-Drought,A,0.249
OTL-Drought,A,0.249
OTL-Drought,A,0.249
OTL-Drought,A,0.251
OTL-Drought,A,0.253
OTL-Drought,A,0.254
OTL-Drought,A,0.255
OTL-Drought,A,0.256
OTL-Drought,A,0.256
OTL-Drought,A,0.257
OTL-Drought,A,0.257
OTL-Drought,A,0.257
OTL-Drought,A,0.257
OTL-Drought,A,0.256
OTL-Drought,A,0.256
OTL-Drought,A,0.255
OTL-Drought,A,0.254
OTL-Drought,A,0.253
OTL-Drought,A,0.252
OTL-Drought,A,0.251
OTL-Drought,A,0.251
OTL-Drought,A,0.250
OTL-Drought,A,0.249
OTL-Drought,A,0.249
OTL-Drought,A,0.248
OTL-Drought,A,0.248
OTL-Drought,A,0.249
OTL-Drought,A,0.251
OTL-Drought,A,0.253
OTL-Drought,A,0.254
OTL-Drought,A,0.255
OTL-Drought,A,0.255
OTL-Drought,A,0.256
OTL-Drought,A,0.256
OTL-Drought,A,0.256
OTL-Drought,A,0.257
OTL-Drought,A,0.256
OTL-Drought,A,0.256
OTL-Drought,A,0.255
OTL-Drought,A,0.254
OTL-Drought,A,0.253
OTL-Drought,A,0.252
OTL-Drought,A,0.252
OTL-Drought,A,0.251
OTL-Drought,A,0.250
OTL-Drought,A,0.249
OTL-Drought,A,0.249
OTL-Drought,A,0.248
OTL-Drought,A,0.248
OTL-Drought,A,0.248
OTL-Drought,A,0.248
OTL-Drought,A,0.250
OTL-Drought,A,0.252
OTL-Drought,A,0.253
OTL-Drought,A,0.254
OTL-Drought,A,0.255
OTL-Drought,A,0.255
OTL-Drought,A,0.255
OTL-Drought,A,0.256
OTL-Drought,A,0.256
OTL-Drought,A,0.256
OTL-Drought,A,0.255
OTL-Drought,A,0.255
OTL-Drought,B,0.295
OTL-Drought,B,0.295
OTL-Drought,B,0.296
OTL-Drought,B,0.296
OTL-Drought,B,0.296
OTL-Drought,B,0.296
OTL-Drought,B,0.296
OTL-Drought,B,0.295
OTL-Drought,B,0.296
OTL-Drought,B,0.295
OTL-Drought,B,0.295
OTL-Drought,B,0.295
OTL-Drought,B,0.295
OTL-Drought,B,0.295
OTL-Drought,B,0.296
OTL-Drought,B,0.296
OTL-Drought,B,0.297
OTL-Drought,B,0.297
OTL-Drought,B,0.298
OTL-Drought,B,0.299
OTL-Drought,B,0.299
OTL-Drought,B,0.299
OTL-Drought,B,0.299
OTL-Drought,B,0.299
OTL-Drought,B,0.299
OTL-Drought,B,0.299
OTL-Drought,B,0.298
OTL-Drought,B,0.298
OTL-Drought,B,0.298
OTL-Drought,B,0.298
OTL-Drought,B,0.298
OTL-Drought,B,0.298
OTL-Drought,B,0.298
OTL-Drought,B,0.297
OTL-Drought,B,0.297
OTL-Drought,B,0.297
OTL-Drought,B,0.297
OTL-Drought,B,0.297
OTL-Drought,B,0.298
OTL-Drought,B,0.298
OTL-Drought,B,0.299
OTL-Drought,B,0.300
OTL-Drought,B,0.301
OTL-Drought,B,0.301
OTL-Drought,B,0.302
OTL-Drought,B,0.302
OTL-Drought,B,0.302
OTL-Drought,B,0.302
OTL-Drought,B,0.302
OTL-Drought,B,0.301
OTL-Drought,B,0.301
OTL-Drought,B,0.301
OTL-Drought,B,0.301
OTL-Drought,B,0.301
OTL-Drought,B,0.300
OTL-Drought,B,0.300
OTL-Drought,B,0.300
OTL-Drought,B,0.299
OTL-Drought,B,0.299
OTL-Drought,B,0.299
OTL-Drought,B,0.299
OTL-Drought,B,0.299
OTL-Drought,B,0.299
OTL-Drought,B,0.300
OTL-Drought,B,0.300
OTL-Drought,B,0.301
OTL-Drought,B,0.302
OTL-Drought,B,0.302
OTL-Drought,B,0.303
OTL-Drought,B,0.303
OTL-Drought,B,0.303
OTL-Drought,B,0.303
OTL-Drought,B,0.302
OTL-Drought,B,0.302
OTL-Drought,B,0.302
OTL-Drought,B,0.302
OTL-Drought,B,0.301
OTL-Drought,B,0.301
OTL-Drought,B,0.301
OTL-Drought,B,0.301
OTL-Drought,B,0.301
OTL-Drought,B,0.300
OTL-Drought,B,0.300
OTL-Drought,B,0.300
OTL-Drought,B,0.300
OTL-Drought,B,0.300
OTL-Drought,B,0.300
OTL-Drought,B,0.300
OTL-Drought,B,0.300
OTL-Drought,B,0.300
OTL-Drought,B,0.301
OTL-Drought,B,0.301
OTL-Drought,B,0.301
OTL-Drought,B,0.301
OTL-Drought,B,0.301
OTL-Drought,B,0.301
OTL-Drought,B,0.300
OTL-Drought,B,0.300
OTL-Drought,B,0.300
OTL-Drought,B,0.299
OTL-Drought,B,0.299
OTL-Drought,B,0.299
OTL-Drought,B,0.299
OTL-Drought,B,0.299
OTL-Drought,B,0.299
OTL-Drought,B,0.298
OTL-Drought,B,0.298
OTL-Drought,B,0.298
OTL-Drought,B,0.298
OTL-Drought,B,0.298
OTL-Drought,B,0.298
OTL-Drought,B,0.298
OTL-Drought,B,0.299
OTL-Drought,B,0.299
OTL-Drought,B,0.300
OTL-Drought,B,0.300
OTL-Drought,B,0.300
OTL-Drought,B,0.300
OTL-Drought,B,0.300
OTL-Drought,B,0.300
OTL-Drought,B,0.300
OTL-Drought,B,0.300
OTL-Drought,B,0.299
OTL-Drought,B,0.299
OTL-Drought,B,0.299
OTL-Drought,B,0.298
OTL-Drought,B,0.298
OTL-Drought,B,0.298
OTL-Drought,B,0.298
OTL-Drought,B,0.297
OTL-Drought,B,0.297
OTL-Drought,B,0.297
OTL-Drought,B,0.297
OTL-Drought,B,0.297
OTL-Drought,B,0.297
OTL-Drought,B,0.298
OTL-Drought,B,0.298
OTL-Drought,B,0.299
OTL-Drought,B,0.299
OTL-Drought,B,0.300
OTL-Drought,B,0.300
OTL-Drought,B,0.300
OTL-Drought,B,0.300
OTL-Drought,B,0.300
OTL-Drought,B,0.300
OTL-Drought,B,0.299
OTL-Drought,B,0.299
OTL-Drought,B,0.299
OTL-Drought,B,0.299
OTL-Drought,B,0.299
OTL-Drought,B,0.298
OTL-Drought,B,0.298
OTL-Drought,B,0.298
OTL-Drought,B,0.298
OTL-Drought,B,0.297
OTL-Drought,B,0.297
OTL-Drought,B,0.297
OTL-Drought,B,0.297
OTL-Drought,B,0.298
OTL-Drought,B,0.299
OTL-Drought,B,0.299
OTL-Drought,B,0.300
OTL-Drought,B,0.300
OTL-Drought,B,0.300
OTL-Drought,B,0.301
OTL-Drought,B,0.300
OTL-Drought,B,0.300
OTL-Drought,B,0.300
OTL-Drought,B,0.300
OTL-Drought,B,0.299
OTL-Drought,B,0.299
OTL-Drought,B,0.299
OTL-Drought,B,0.298
OTL-Drought,B,0.298
OTL-Drought,B,0.298
OTL-Drought,B,0.298
OTL-Drought,B,0.298
OTL-Drought,B,0.298
OTL-Drought,B,0.297
OTL-Drought,B,0.297
OTL-Drought,B,0.297
OTL-Drought,B,0.297
OTL-Drought,B,0.298
OTL-Drought,B,0.299
OTL-Drought,B,0.299
OTL-Drought,B,0.300
OTL-Drought,B,0.301
OTL-Drought,B,0.301
OTL-Drought,B,0.302
OTL-Drought,B,0.302
OTL-Drought,B,0.302
OTL-Drought,B,0.301
OTL-Drought,B,0.301
OTL-Drought,B,0.300
OTL-Drought,B,0.300
OTL-Drought,B,0.300
OTL-Drought,B,0.299
OTL-Drought,B,0.299
OTL-Drought,B,0.298
OTL-Drought,B,0.298
OTL-Drought,B,0.298
OTL-Drought,B,0.297
OTL-Drought,B,0.297
OTL-Drought,B,0.297
OTL-Drought,B,0.297
OTL-Drought,B,0.297
OTL-Drought,B,0.297
OTL-Drought,B,0.297
OTL-Drought,B,0.297
OTL-Drought,B,0.297
OTL-Drought,B,0.297
OTL-Drought,B,0.298
OTL-Drought,B,0.299
OTL-Drought,B,0.302
OTL-Drought,B,0.304
OTL-Drought,B,0.308
OTL-Drought,B,0.316
OTL-Drought,B,0.325
OTL-Drought,B,0.332
OTL-Drought,B,0.347
OTL-Drought,B,0.366
OTL-Drought,B,0.368
OTL-Drought,B,0.368
OTL-Drought,B,0.367
OTL-Drought,B,0.362
OTL-Drought,B,0.354
OTL-Drought,B,0.352
OTL-Drought,B,0.350
OTL-Drought,B,0.350
OTL-Drought,B,0.349
OTL-Drought,B,0.349
OTL-Drought,B,0.349
OTL-Drought,B,0.349
OTL-Drought,B,0.349
OTL-Drought,B,0.349
OTL-Drought,B,0.349
OTL-Drought,B,0.350
OTL-Drought,B,0.349
OTL-Drought,B,0.349
OTL-Drought,B,0.349
OTL-Drought,B,0.348
OTL-Drought,B,0.347
OTL-Drought,B,0.347
OTL-Drought,B,0.347
OTL-Drought,B,0.346
OTL-Drought,B,0.346
OTL-Drought,B,0.345
OTL-Drought,B,0.345
OTL-Drought,B,0.345
OTL-Drought,B,0.344
OTL-Drought,B,0.344
OTL-Drought,B,0.344
OTL-Drought,B,0.343
OTL-Drought,B,0.343
OTL-Drought,B,0.343
OTL-Drought,B,0.343
OTL-Drought,B,0.343
OTL-Drought,B,0.343
OTL-Drought,B,0.343
OTL-Drought,B,0.343
OTL-Drought,B,0.343
OTL-Drought,B,0.343
OTL-Drought,B,0.343
OTL-Drought,B,0.342
OTL-Drought,B,0.342
OTL-Drought,B,0.342
OTL-Drought,B,0.342
OTL-Drought,B,0.341
OTL-Drought,B,0.341
OTL-Drought,B,0.341
OTL-Drought,B,0.341
OTL-Drought,B,0.341
OTL-Drought,B,0.340
OTL-Drought,B,0.340
OTL-Drought,B,0.340
OTL-Drought,B,0.340
OTL-Drought,B,0.340
OTL-Drought,B,0.340
OTL-Drought,B,0.340
OTL-Drought,B,0.340
OTL-Drought,B,0.340
OTL-Drought,B,0.341
OTL-Drought,B,0.341
OTL-Drought,B,0.341
OTL-Drought,B,0.342
OTL-Drought,B,0.342
OTL-Drought,B,0.342
OTL-Drought,B,0.341
OTL-Drought,B,0.341
OTL-Drought,B,0.341
OTL-Drought,B,0.341
OTL-Drought,B,0.341
OTL-Drought,B,0.341
OTL-Drought,B,0.341
OTL-Drought,B,0.341
OTL-Drought,B,0.341
OTL-Drought,B,0.341
OTL-Drought,B,0.340
OTL-Drought,B,0.340
OTL-Drought,B,0.340
OTL-Drought,B,0.340
OTL-Drought,B,0.340
OTL-Drought,B,0.340
OTL-Drought,B,0.340
OTL-Drought,B,0.341
OTL-Drought,B,0.341
OTL-Drought,B,0.341
OTL-Drought,B,0.342
OTL-Drought,B,0.342
OTL-Drought,B,0.342
OTL-Drought,B,0.342
OTL-Drought,B,0.341
OTL-Drought,B,0.341
OTL-Drought,B,0.341
OTL-Drought,B,0.341
OTL-Drought,B,0.340
OTL-Drought,B,0.340
OTL-Drought,B,0.340
OTL-Drought,B,0.340
OTL-Drought,B,0.339
OTL-Drought,B,0.339
OTL-Drought,B,0.339
OTL-Drought,B,0.339
OTL-Drought,B,0.355
OTL-Drought,B,0.371
OTL-Drought,B,0.374
OTL-Drought,B,0.375
OTL-Drought,B,0.376
OTL-Drought,B,0.377
OTL-Drought,B,0.377
OTL-Drought,B,0.376
OTL-Drought,B,0.372
OTL-Drought,B,0.366
OTL-Drought,B,0.363
OTL-Drought,B,0.361
OTL-Drought,B,0.360
OTL-Drought,B,0.359
OTL-Drought,B,0.359
OTL-Drought,B,0.358
OTL-Drought,B,0.358
OTL-Drought,B,0.357
OTL-Drought,B,0.357
OTL-Drought,B,0.356
OTL-Drought,B,0.356
OTL-Drought,B,0.355
OTL-Drought,B,0.354
OTL-Drought,B,0.354
OTL-Drought,B,0.353
OTL-Drought,B,0.353
OTL-Drought,B,0.353
OTL-Drought,B,0.353
OTL-Drought,B,0.352
OTL-Drought,B,0.352
OTL-Drought,B,0.352
OTL-Drought,B,0.352
OTL-Drought,B,0.353
OTL-Drought,B,0.353
OTL-Drought,B,0.353
OTL-Drought,B,0.353
OTL-Drought,B,0.353
OTL-Drought,B,0.352
OTL-Drought,B,0.352
OTL-Drought,B,0.351
OTL-Drought,B,0.351
OTL-Drought,B,0.350
OTL-Drought,B,0.350
OTL-Drought,B,0.350
OTL-Drought,B,0.349
OTL-Drought,B,0.349
OTL-Drought,B,0.348
OTL-Drought,B,0.348
OTL-Drought,B,0.347
OTL-Drought,B,0.347
OTL-Drought,B,0.346
OTL-Drought,B,0.346
OTL-Drought,B,0.346
OTL-Drought,B,0.346
OTL-Drought,B,0.346
OTL-Drought,B,0.347
OTL-Drought,B,0.347
OTL-Drought,B,0.348
OTL-Drought,B,0.348
OTL-Drought,B,0.348
OTL-Drought,B,0.348
OTL-Drought,B,0.347
OTL-Drought,B,0.347
OTL-Drought,B,0.347
OTL-Drought,B,0.346
OTL-Drought,B,0.346
OTL-Drought,B,0.345
OTL-Drought,B,0.345
OTL-Drought,B,0.345
OTL-Drought,B,0.344
OTL-Drought,B,0.343
OTL-Drought,B,0.343
OTL-Drought,B,0.343
OTL-Drought,B,0.342
OTL-Drought,B,0.342
OTL-Drought,B,0.342
OTL-Drought,B,0.342
OTL-Drought,B,0.342
OTL-Drought,B,0.342
OTL-Drought,B,0.343
OTL-Drought,B,0.343
OTL-Drought,B,0.344
OTL-Drought,B,0.344
OTL-Drought,B,0.344
OTL-Drought,B,0.344
OTL-Drought,B,0.343
OTL-Drought,B,0.343
OTL-Drought,B,0.342
OTL-Drought,B,0.342
OTL-Drought,B,0.342
OTL-Drought,B,0.341
OTL-Drought,B,0.341
OTL-Drought,B,0.340
OTL-Drought,B,0.340
OTL-Drought,B,0.340
OTL-Drought,B,0.339
OTL-Drought,B,0.339
OTL-Drought,B,0.339
OTL-Drought,B,0.338
OTL-Drought,B,0.339
OTL-Drought,B,0.339
OTL-Drought,B,0.339
OTL-Drought,B,0.339
OTL-Drought,B,0.340
OTL-Drought,B,0.340
OTL-Drought,B,0.340
OTL-Drought,B,0.340
OTL-Drought,B,0.340
OTL-Drought,B,0.340
OTL-Drought,B,0.340
OTL-Drought,B,0.339
OTL-Drought,B,0.339
OTL-Drought,B,0.339
OTL-Drought,B,0.339
OTL-Drought,B,0.338
OTL-Drought,B,0.338
OTL-Drought,B,0.338
OTL-Drought,B,0.338
OTL-Drought,B,0.338
OTL-Drought,B,0.337
OTL-Drought,B,0.337
OTL-Drought,B,0.337
OTL-Drought,B,0.337
OTL-Drought,B,0.337
OTL-Drought,B,0.337
OTL-Drought,B,0.337
OTL-Drought,B,0.337
OTL-Drought,B,0.337
OTL-Drought,B,0.337
OTL-Drought,B,0.337
OTL-Drought,B,0.337
OTL-Drought,B,0.337
OTL-Drought,B,0.337
OTL-Drought,B,0.337
OTL-Drought,B,0.337
OTL-Drought,B,0.337
OTL-Drought,B,0.337
OTL-Drought,B,0.336
OTL-Drought,B,0.336
OTL-Drought,B,0.336
OTL-Drought,B,0.336
OTL-Drought,B,0.336
OTL-Drought,B,0.335
OTL-Drought,B,0.335
OTL-Drought,B,0.335
OTL-Drought,B,0.335
OTL-Drought,B,0.334
OTL-Drought,B,0.334
OTL-Drought,B,0.334
OTL-Drought,B,0.334
OTL-Drought,B,0.334
OTL-Drought,B,0.334
OTL-Drought,B,0.335
OTL-Drought,B,0.335
OTL-Drought,B,0.335
OTL-Drought,B,0.335
OTL-Drought,B,0.335
OTL-Drought,B,0.334
OTL-Drought,B,0.334
OTL-Drought,B,0.334
OTL-Drought,B,0.333
OTL-Drought,B,0.333
OTL-Drought,B,0.333
OTL-Drought,B,0.333
OTL-Drought,B,0.332
OTL-Drought,B,0.332
OTL-Drought,B,0.332
OTL-Drought,B,0.332
OTL-Drought,B,0.331
OTL-Drought,B,0.332
OTL-Drought,B,0.335
OTL-Drought,B,0.340
OTL-Drought,B,0.344
OTL-Drought,B,0.346
OTL-Drought,B,0.353
OTL-Drought,B,0.358
OTL-Drought,B,0.357
OTL-Drought,B,0.357
OTL-Drought,B,0.357
OTL-Drought,B,0.357
OTL-Drought,B,0.356
OTL-Drought,B,0.356
OTL-Drought,B,0.356
OTL-Drought,B,0.356
OTL-Drought,B,0.357
OTL-Drought,B,0.358
OTL-Drought,B,0.359
OTL-Drought,B,0.359
OTL-Drought,B,0.359
OTL-Drought,B,0.358
OTL-Drought,B,0.357
OTL-Drought,B,0.355
OTL-Drought,B,0.354
OTL-Drought,B,0.354
OTL-Drought,B,0.353
OTL-Drought,B,0.353
OTL-Drought,B,0.353
OTL-Drought,B,0.353
OTL-Drought,B,0.353
OTL-Drought,B,0.352
OTL-Drought,B,0.352
OTL-Drought,B,0.352
OTL-Drought,B,0.352
OTL-Drought,B,0.352
OTL-Drought,B,0.352
OTL-Drought,B,0.351
OTL-Drought,B,0.351
OTL-Drought,B,0.351
OTL-Drought,B,0.350
OTL-Drought,B,0.350
OTL-Drought,B,0.350
OTL-Drought,B,0.350
OTL-Drought,B,0.349
OTL-Drought,B,0.349
OTL-Drought,B,0.348
OTL-Drought,B,0.348
OTL-Drought,B,0.348
OTL-Drought,B,0.347
OTL-Drought,B,0.347
OTL-Drought,B,0.347
OTL-Drought,B,0.347
OTL-Drought,B,0.347
OTL-Drought,B,0.347
OTL-Drought,B,0.348
OTL-Drought,B,0.348
OTL-Drought,B,0.348
OTL-Drought,B,0.348
OTL-Drought,B,0.348
OTL-Drought,B,0.348
OTL-Drought,B,0.347
OTL-Drought,B,0.347
OTL-Drought,B,0.346
OTL-Drought,B,0.346
OTL-Drought,B,0.346
OTL-Drought,B,0.345
OTL-Drought,B,0.345
OTL-Drought,B,0.345
OTL-Drought,B,0.344
OTL-Drought,B,0.343
OTL-Drought,B,0.343
OTL-Drought,B,0.343
OTL-Drought,B,0.342
OTL-Drought,B,0.342
OTL-Drought,B,0.342
OTL-Drought,B,0.341
OTL-Drought,B,0.341
OTL-Drought,B,0.341
OTL-Drought,B,0.342
OTL-Drought,B,0.343
OTL-Drought,B,0.344
OTL-Drought,B,0.344
OTL-Drought,B,0.343
OTL-Drought,B,0.343
OTL-Drought,B,0.343
OTL-Drought,B,0.342
OTL-Drought,B,0.342
OTL-Drought,B,0.341
OTL-Drought,B,0.341
OTL-Drought,B,0.340
OTL-Drought,B,0.340
OTL-Drought,B,0.340
OTL-Drought,B,0.339
OTL-Drought,B,0.339
OTL-Drought,B,0.338
OTL-Drought,B,0.337
OTL-Drought,B,0.337
OTL-Drought,B,0.337
OTL-Drought,B,0.337
OTL-Drought,B,0.336
OTL-Drought,B,0.336
OTL-Drought,B,0.336
OTL-Drought,B,0.336
OTL-Drought,B,0.337
OTL-Drought,B,0.337
OTL-Drought,B,0.337
OTL-Drought,B,0.337
OTL-Drought,B,0.337
OTL-Drought,B,0.336
OTL-Drought,B,0.336
OTL-Drought,B,0.335
OTL-Drought,B,0.335
OTL-Drought,B,0.335
OTL-Drought,B,0.334
OTL-Drought,B,0.334
OTL-Drought,B,0.333
OTL-Drought,B,0.333
OTL-Drought,B,0.332
OTL-Drought,B,0.331
OTL-Drought,B,0.331
OTL-Drought,B,0.331
OTL-Drought,B,0.331
OTL-Drought,B,0.330
OTL-Drought,B,0.330
OTL-Drought,B,0.330
OTL-Drought,B,0.330
OTL-Drought,B,0.330
OTL-Drought,B,0.331
OTL-Drought,B,0.331
OTL-Drought,B,0.331
OTL-Drought,B,0.331
OTL-Drought,B,0.331
OTL-Drought,B,0.330
OTL-Drought,B,0.330
OTL-Drought,B,0.329
OTL-Drought,B,0.329
OTL-Drought,B,0.328
OTL-Drought,B,0.328
OTL-Drought,B,0.327
OTL-Drought,B,0.327
OTL-Drought,B,0.326
OTL-Drought,B,0.326
OTL-Drought,B,0.325
OTL-Drought,B,0.325
OTL-Drought,B,0.325
OTL-Drought,B,0.325
OTL-Drought,B,0.325
OTL-Drought,B,0.325
OTL-Drought,B,0.325
OTL-Drought,B,0.326
OTL-Drought,B,0.326
OTL-Drought,B,0.327
OTL-Drought,B,0.327
OTL-Drought,B,0.327
OTL-Drought,B,0.327
OTL-Drought,B,0.326
OTL-Drought,B,0.326
OTL-Drought,B,0.326
OTL-Drought,B,0.325
OTL-Drought,B,0.325
OTL-Drought,B,0.324
OTL-Drought,B,0.324
OTL-Drought,B,0.324
OTL-Drought,B,0.324
OTL-Drought,B,0.323
OTL-Drought,B,0.323
OTL-Drought,B,0.323
OTL-Drought,B,0.322
OTL-Drought,B,0.322
OTL-Drought,B,0.322
OTL-Drought,B,0.322
OTL-Drought,B,0.322
OTL-Drought,B,0.322
OTL-Drought,B,0.321
OTL-Drought,B,0.321
OTL-Drought,B,0.321
OTL-Drought,B,0.321
OTL-Drought,B,0.321
OTL-Drought,B,0.321
OTL-Drought,B,0.321
OTL-Drought,B,0.321
OTL-Drought,B,0.320
OTL-Drought,B,0.320
OTL-Drought,B,0.320
OTL-Drought,B,0.319
OTL-Drought,B,0.319
OTL-Drought,B,0.319
OTL-Drought,B,0.319
OTL-Drought,B,0.319
OTL-Drought,B,0.318
OTL-Drought,B,0.318
OTL-Drought,B,0.318
OTL-Drought,B,0.318
OTL-Drought,B,0.318
OTL-Drought,B,0.318
OTL-Drought,B,0.319
OTL-Drought,B,0.319
OTL-Drought,B,0.326
OTL-Drought,B,0.361
OTL-Drought,B,0.365
OTL-Drought,B,0.363
OTL-Drought,B,0.358
OTL-Drought,B,0.359
OTL-Drought,B,0.359
OTL-Drought,B,0.358
OTL-Drought,B,0.357
OTL-Drought,B,0.356
OTL-Drought,B,0.356
OTL-Drought,B,0.355
OTL-Drought,B,0.355
OTL-Drought,B,0.354
OTL-Drought,B,0.353
OTL-Drought,B,0.353
OTL-Drought,B,0.352
OTL-Drought,B,0.352
OTL-Drought,B,0.352
OTL-Drought,B,0.352
OTL-Drought,B,0.352
OTL-Drought,B,0.352
OTL-Drought,B,0.352
OTL-Drought,B,0.352
OTL-Drought,B,0.353
OTL-Drought,B,0.353
OTL-Drought,B,0.354
OTL-Drought,B,0.354
OTL-Drought,B,0.354
OTL-Drought,B,0.354
OTL-Drought,B,0.354
OTL-Drought,B,0.354
OTL-Drought,B,0.353
OTL-Drought,B,0.353
OTL-Drought,B,0.352
OTL-Drought,B,0.352
OTL-Drought,B,0.352
OTL-Drought,B,0.351
OTL-Drought,B,0.351
OTL-Drought,B,0.351
OTL-Drought,B,0.350
OTL-Drought,B,0.350
OTL-Drought,B,0.349
OTL-Drought,B,0.349
OTL-Drought,B,0.349
OTL-Drought,B,0.349
OTL-Drought,B,0.349
OTL-Drought,B,0.349
OTL-Drought,B,0.349
OTL-Drought,B,0.350
OTL-Drought,B,0.350
OTL-Drought,B,0.350
OTL-Drought,B,0.350
OTL-Drought,B,0.350
OTL-Drought,B,0.349
OTL-Drought,B,0.349
OTL-Drought,B,0.349
OTL-Drought,B,0.348
OTL-Drought,B,0.348
OTL-Drought,B,0.347
OTL-Drought,B,0.347
OTL-Drought,B,0.346
OTL-Drought,B,0.346
OTL-Drought,B,0.345
OTL-Drought,B,0.345
OTL-Drought,B,0.344
OTL-Drought,B,0.344
OTL-Drought,B,0.344
OTL-Drought,B,0.344
OTL-Drought,B,0.344
OTL-Drought,B,0.344
OTL-Drought,B,0.344
OTL-Drought,B,0.344
OTL-Drought,B,0.345
OTL-Drought,B,0.345
OTL-Drought,B,0.345
OTL-Drought,B,0.345
OTL-Drought,B,0.345
OTL-Drought,B,0.344
OTL-Drought,B,0.344
OTL-Drought,B,0.344
OTL-Drought,B,0.343
OTL-Drought,B,0.343
OTL-Drought,B,0.342
OTL-Drought,B,0.342
OTL-Drought,B,0.341
OTL-Drought,B,0.341
OTL-Drought,B,0.341
OTL-Drought,B,0.340
OTL-Drought,B,0.340
OTL-Drought,B,0.339
OTL-Drought,B,0.339
OTL-Drought,B,0.339
OTL-Drought,B,0.339
OTL-Drought,B,0.339
OTL-Drought,B,0.339
OTL-Drought,B,0.339
OTL-Drought,B,0.339
OTL-Drought,B,0.340
OTL-Drought,B,0.339
OTL-Drought,B,0.339
OTL-Drought,B,0.339
OTL-Drought,B,0.338
OTL-Drought,B,0.338
OTL-Drought,B,0.337
OTL-Drought,B,0.336
OTL-Drought,B,0.336
OTL-Drought,B,0.335
OTL-Drought,B,0.335
OTL-Drought,B,0.334
OTL-Drought,B,0.334
OTL-Drought,B,0.333
OTL-Drought,B,0.332
OTL-Drought,B,0.332
OTL-Drought,B,0.331
OTL-Drought,B,0.331
OTL-Drought,B,0.331
OTL-Drought,B,0.331
OTL-Drought,B,0.331
OTL-Drought,B,0.331
OTL-Drought,B,0.331
OTL-Drought,B,0.331
OTL-Drought,B,0.331
OTL-Drought,B,0.331
OTL-Drought,B,0.331
OTL-Drought,B,0.331
OTL-Drought,B,0.330
OTL-Drought,B,0.330
OTL-Drought,B,0.329
OTL-Drought,B,0.328
OTL-Drought,B,0.328
OTL-Drought,B,0.327
OTL-Drought,B,0.327
OTL-Drought,B,0.326
OTL-Drought,B,0.326
OTL-Drought,B,0.325
OTL-Drought,B,0.324
OTL-Drought,B,0.324
OTL-Drought,B,0.323
OTL-Drought,B,0.323
OTL-Drought,B,0.323
OTL-Drought,B,0.323
OTL-Drought,B,0.323
OTL-Drought,B,0.323
OTL-Drought,B,0.323
OTL-Drought,B,0.324
OTL-Drought,B,0.324
OTL-Drought,B,0.324
OTL-Drought,B,0.324
OTL-Drought,B,0.324
OTL-Drought,B,0.324
OTL-Drought,B,0.323
OTL-Drought,B,0.322
OTL-Drought,B,0.322
OTL-Drought,B,0.321
OTL-Drought,B,0.321
OTL-Drought,B,0.320
OTL-Drought,B,0.320
OTL-Drought,B,0.319
OTL-Drought,B,0.319
OTL-Drought,B,0.318
OTL-Drought,B,0.318
OTL-Drought,B,0.317
OTL-Drought,B,0.317
OTL-Drought,B,0.317
OTL-Drought,B,0.318
OTL-Drought,B,0.318
OTL-Drought,B,0.318
OTL-Drought,B,0.319
OTL-Drought,B,0.319
OTL-Drought,B,0.319
OTL-Drought,B,0.319
OTL-Drought,B,0.319
OTL-Drought,B,0.319
OTL-Drought,B,0.319
OTL-Drought,B,0.318
OTL-Drought,B,0.318
OTL-Drought,B,0.317
OTL-Drought,B,0.317
OTL-Drought,B,0.316
OTL-Drought,B,0.316
OTL-Drought,B,0.315
OTL-Drought,B,0.315
OTL-Drought,B,0.314
OTL-Drought,B,0.314
OTL-Drought,B,0.313
OTL-Drought,B,0.313
OTL-Drought,B,0.313
OTL-Drought,B,0.313
OTL-Drought,B,0.313
OTL-Drought,B,0.313
OTL-Drought,B,0.314
OTL-Drought,B,0.314
OTL-Drought,B,0.314
OTL-Drought,B,0.314
OTL-Drought,B,0.314
OTL-Drought,B,0.314
OTL-Drought,B,0.314
OTL-Drought,B,0.313
OTL-Drought,B,0.313
OTL-Drought,B,0.313
OTL-Drought,B,0.312
OTL-Drought,B,0.312
OTL-Drought,B,0.312
OTL-Drought,B,0.311
OTL-Drought,B,0.311
OTL-Drought,B,0.311
OTL-Drought,B,0.310
OTL-Drought,B,0.310
OTL-Drought,B,0.310
OTL-Drought,B,0.310
OTL-Drought,B,0.309
OTL-Drought,B,0.309
OTL-Drought,B,0.309
OTL-Drought,B,0.309
OTL-Drought,B,0.309
OTL-Drought,B,0.309
OTL-Drought,B,0.309
OTL-Drought,B,0.309
OTL-Drought,B,0.310
OTL-Drought,B,0.310
OTL-Drought,B,0.309
OTL-Drought,B,0.309
OTL-Drought,B,0.309
OTL-Drought,B,0.309
OTL-Drought,B,0.308
OTL-Drought,B,0.308
OTL-Drought,B,0.308
OTL-Drought,B,0.308
OTL-Drought,B,0.307
OTL-Drought,B,0.307
OTL-Drought,B,0.307
OTL-Drought,B,0.306
OTL-Drought,B,0.306
OTL-Drought,B,0.306
OTL-Drought,B,0.306
OTL-Drought,B,0.305
OTL-Drought,B,0.304
OTL-Drought,B,0.303
OTL-Drought,B,0.303
OTL-Drought,B,0.303
OTL-Drought,B,0.303
OTL-Drought,B,0.303
OTL-Drought,B,0.303
OTL-Drought,B,0.303
OTL-Drought,B,0.303
OTL-Drought,B,0.303
OTL-Drought,B,0.302
OTL-Drought,B,0.302
OTL-Drought,B,0.301
OTL-Drought,B,0.301
OTL-Drought,B,0.300
OTL-Drought,B,0.300
OTL-Drought,B,0.299
OTL-Drought,B,0.299
OTL-Drought,B,0.299
OTL-Drought,B,0.298
OTL-Drought,B,0.298
OTL-Drought,B,0.297
OTL-Drought,B,0.296
OTL-Drought,B,0.296
OTL-Drought,B,0.295
OTL-Drought,B,0.295
OTL-Drought,B,0.294
OTL-Drought,B,0.294
OTL-Drought,B,0.294
OTL-Drought,B,0.294
OTL-Drought,B,0.294
OTL-Drought,B,0.294
OTL-Drought,B,0.294
OTL-Drought,B,0.293
OTL-Drought,B,0.293
OTL-Drought,B,0.293
OTL-Drought,B,0.292
OTL-Drought,B,0.292
OTL-Drought,B,0.291
OTL-Drought,B,0.291
OTL-Drought,B,0.290
OTL-Drought,B,0.290
OTL-Drought,B,0.289
OTL-Drought,B,0.289
OTL-Drought,B,0.288
OTL-Drought,B,0.287
OTL-Drought,B,0.286
OTL-Drought,B,0.286
OTL-Drought,B,0.286
OTL-Drought,B,0.286
OTL-Drought,B,0.285
OTL-Drought,B,0.285
OTL-Drought,B,0.284
OTL-Drought,B,0.284
OTL-Drought,B,0.284
OTL-Drought,B,0.284
OTL-Drought,B,0.284
OTL-Drought,B,0.283
OTL-Drought,B,0.283
OTL-Drought,B,0.282
OTL-Drought,B,0.282
OTL-Drought,B,0.281
OTL-Drought,B,0.281
OTL-Drought,B,0.280
OTL-Drought,B,0.280
OTL-Drought,B,0.279
OTL-Drought,B,0.279
OTL-Drought,B,0.278
OTL-Drought,B,0.278
OTL-Drought,B,0.277
OTL-Drought,B,0.276
OTL-Drought,B,0.276
OTL-Drought,B,0.275
OTL-Drought,B,0.274
OTL-Drought,B,0.273
OTL-Drought,B,0.273
OTL-Drought,B,0.272
OTL-Drought,B,0.272
OTL-Drought,B,0.272
OTL-Drought,B,0.272
OTL-Drought,B,0.271
OTL-Drought,B,0.271
OTL-Drought,B,0.270
OTL-Drought,B,0.269
OTL-Drought,B,0.269
OTL-Drought,B,0.268
OTL-Drought,B,0.268
OTL-Drought,B,0.267
OTL-Drought,B,0.266
OTL-Drought,B,0.266
OTL-Drought,B,0.265
OTL-Drought,B,0.265
OTL-Drought,B,0.264
OTL-Drought,B,0.264
OTL-Drought,B,0.263
OTL-Drought,B,0.262
OTL-Drought,B,0.262
OTL-Drought,B,0.262
OTL-Drought,B,0.262
OTL-Drought,B,0.262
OTL-Drought,B,0.262
OTL-Drought,B,0.262
OTL-Drought,B,0.262
OTL-Drought,B,0.262
OTL-Drought,B,0.261
OTL-Drought,B,0.261
OTL-Drought,B,0.260
OTL-Drought,B,0.260
OTL-Drought,B,0.259
OTL-Drought,B,0.258
OTL-Drought,B,0.258
OTL-Drought,B,0.257
OTL-Drought,B,0.256
OTL-Drought,B,0.256
OTL-Drought,B,0.255
OTL-Drought,B,0.255
OTL-Drought,B,0.254
OTL-Drought,B,0.254
OTL-Drought,B,0.254
OTL-Drought,B,0.253
OTL-Drought,B,0.254
OTL-Drought,B,0.254
OTL-Drought,B,0.254
OTL-Drought,B,0.255
OTL-Drought,B,0.255
OTL-Drought,B,0.255
OTL-Drought,B,0.256
OTL-Drought,B,0.256
OTL-Drought,B,0.255
OTL-Drought,B,0.254
OTL-Drought,B,0.254
OTL-Drought,B,0.253
OTL-Drought,B,0.253
OTL-Drought,B,0.252
OTL-Drought,B,0.251
OTL-Drought,B,0.251
OTL-Drought,B,0.250
OTL-Drought,B,0.250
OTL-Drought,B,0.249
OTL-Drought,B,0.249
OTL-Drought,B,0.248
OTL-Drought,B,0.248
OTL-Drought,B,0.248
OTL-Drought,B,0.248
OTL-Drought,B,0.249
OTL-Drought,B,0.249
OTL-Drought,B,0.250
OTL-Drought,B,0.251
OTL-Drought,B,0.251
OTL-Drought,B,0.252
OTL-Drought,B,0.252
OTL-Drought,B,0.252
OTL-Drought,B,0.252
OTL-Drought,B,0.251
OTL-Drought,B,0.251
OTL-Drought,B,0.250
OTL-Drought,B,0.249
OTL-Drought,B,0.249
OTL-Drought,B,0.248
OTL-Drought,B,0.247
OTL-Drought,B,0.247
OTL-Drought,B,0.246
OTL-Drought,B,0.246
OTL-Drought,B,0.245
OTL-Drought,B,0.245
OTL-Drought,B,0.244
OTL-Drought,B,0.244
OTL-Drought,B,0.245
OTL-Drought,B,0.245
OTL-Drought,B,0.245
OTL-Drought,B,0.246
OTL-Drought,B,0.246
OTL-Drought,B,0.247
OTL-Drought,B,0.248
OTL-Drought,B,0.248
OTL-Drought,B,0.248
OTL-Drought,B,0.248
OTL-Drought,B,0.247
OTL-Drought,B,0.246
OTL-Drought,B,0.246
OTL-Drought,B,0.245
OTL-Drought,B,0.245
OTL-Drought,B,0.244
OTL-Drought,B,0.243
OTL-Drought,B,0.243
OTL-Drought,B,0.242
OTL-Drought,B,0.242
OTL-Drought,B,0.241
OTL-Drought,B,0.241
OTL-Drought,B,0.240
OTL-Drought,B,0.240
OTL-Drought,B,0.240
OTL-Drought,B,0.240
OTL-Drought,B,0.241
OTL-Drought,B,0.241
OTL-Drought,B,0.242
OTL-Drought,B,0.243
OTL-Drought,B,0.243
OTL-Drought,B,0.243
OTL-Drought,B,0.243
OTL-Drought,B,0.243
OTL-Drought,B,0.242
OTL-Drought,B,0.242
OTL-Drought,B,0.241
OTL-Drought,B,0.241
OTL-Drought,B,0.240
OTL-Drought,B,0.240
OTL-Drought,B,0.239
OTL-Drought,B,0.239
OTL-Drought,B,0.238
OTL-Drought,B,0.238
OTL-Drought,B,0.237
OTL-Drought,B,0.237
OTL-Drought,B,0.236
OTL-Drought,B,0.236
OTL-Drought,B,0.236
OTL-Drought,B,0.236
OTL-Drought,B,0.236
OTL-Drought,B,0.237
OTL-Drought,B,0.237
OTL-Drought,B,0.237
OTL-Drought,B,0.238
OTL-Drought,B,0.238
OTL-Drought,B,0.238
OTL-Drought,B,0.237
OTL-Drought,B,0.237
OTL-Drought,B,0.236
OTL-Drought,B,0.236
OTL-Drought,B,0.236
OTL-Drought,B,0.235
OTL-Drought,B,0.235
OTL-Drought,B,0.235
OTL-Drought,B,0.234
OTL-Drought,B,0.234
OTL-Drought,B,0.233
OTL-Drought,B,0.233
OTL-Drought,B,0.232
OTL-Drought,B,0.232
OTL-Drought,B,0.232
OTL-Drought,B,0.232
OTL-Drought,B,0.233
OTL-Drought,B,0.234
OTL-Drought,B,0.234
OTL-Drought,B,0.235
OTL-Drought,B,0.236
OTL-Drought,B,0.236
OTL-Drought,B,0.236
OTL-Drought,B,0.236
OTL-Drought,B,0.236
OTL-Drought,B,0.235
OTL-Drought,B,0.234
OTL-Drought,B,0.234
OTL-Drought,B,0.233
OTL-Drought,B,0.233
OTL-Drought,B,0.232
OTL-Drought,B,0.232
OTL-Drought,B,0.231
OTL-Drought,B,0.231
OTL-Drought,B,0.230
OTL-Drought,B,0.230
OTL-Drought,B,0.229
OTL-Drought,B,0.229
OTL-Drought,B,0.229
OTL-Drought,B,0.229
OTL-Drought,B,0.230
OTL-Drought,B,0.230
OTL-Drought,B,0.231
OTL-Drought,B,0.232
OTL-Drought,B,0.233
OTL-Drought,B,0.233
OTL-Drought,B,0.234
OTL-Drought,B,0.234
OTL-Drought,B,0.233
OTL-Drought,B,0.233
OTL-Drought,B,0.232
OTL-Drought,B,0.231
OTL-Drought,B,0.231
OTL-Drought,B,0.230
OTL-Drought,B,0.230
OTL-Drought,B,0.229
OTL-Drought,B,0.229
OTL-Drought,B,0.228
OTL-Drought,B,0.228
OTL-Drought,B,0.227
OTL-Drought,B,0.227
OTL-Drought,B,0.227
OTL-Drought,B,0.227
OTL-Drought,B,0.227
OTL-Drought,B,0.227
OTL-Drought,B,0.228
OTL-Drought,B,0.229
OTL-Drought,B,0.230
OTL-Drought,B,0.230
OTL-Drought,B,0.231
OTL-Drought,B,0.231
OTL-Drought,B,0.232
OTL-Drought,B,0.231
OTL-Drought,B,0.231
OTL-Drought,B,0.230
OTL-Drought,B,0.230
OTL-Drought,B,0.229
OTL-Drought,B,0.229
OTL-Drought,B,0.228
OTL-Drought,B,0.228
OTL-Drought,B,0.227
OTL-Drought,B,0.227
OTL-Drought,B,0.226
OTL-Drought,B,0.226
OTL-Drought,B,0.226
OTL-Drought,B,0.225
OTL-Drought,B,0.225
OTL-Drought,B,0.225
OTL-Drought,B,0.226
OTL-Drought,B,0.226
OTL-Drought,B,0.226
OTL-Drought,B,0.227
OTL-Drought,B,0.228
OTL-Drought,B,0.228
OTL-Drought,B,0.228
OTL-Drought,B,0.228
OTL-Drought,B,0.228
OTL-Drought,B,0.227
OTL-Drought,B,0.227
OTL-Drought,B,0.226
OTL-Drought,B,0.226
OTL-Drought,B,0.226
OTL-Drought,B,0.225
OTL-Drought,B,0.225
OTL-Drought,B,0.224
OTL-Drought,B,0.224
OTL-Drought,B,0.224
OTL-Drought,B,0.223
OTL-Drought,B,0.223
OTL-Drought,B,0.223
OTL-Drought,B,0.223
OTL-Drought,B,0.223
OTL-Drought,B,0.223
OTL-Drought,B,0.223
OTL-Drought,B,0.224
OTL-Drought,B,0.225
OTL-Drought,B,0.226
OTL-Drought,B,0.226
OTL-Drought,B,0.227
OTL-Drought,B,0.227
OTL-Drought,B,0.226
OTL-Drought,B,0.226
OTL-Drought,B,0.225
OTL-Drought,B,0.225
OTL-Drought,B,0.224
OTL-Drought,B,0.223
OTL-Drought,B,0.223
OTL-Drought,B,0.222
OTL-Drought,B,0.222
OTL-Drought,B,0.222
OTL-Drought,B,0.221
OTL-Drought,B,0.221
OTL-Drought,B,0.220
OTL-Drought,B,0.220
OTL-Drought,B,0.220
OTL-Drought,B,0.220
OTL-Drought,B,0.221
OTL-Drought,B,0.221
OTL-Drought,B,0.222
OTL-Drought,B,0.223
OTL-Drought,B,0.224
OTL-Drought,B,0.225
OTL-Drought,B,0.225
OTL-Drought,B,0.225
OTL-Drought,B,0.225
OTL-Drought,B,0.224
OTL-Drought,B,0.223
OTL-Drought,B,0.223
OTL-Drought,B,0.222
OTL-Drought,B,0.222
OTL-Drought,B,0.221
OTL-Drought,B,0.221
OTL-Drought,B,0.220
OTL-Drought,B,0.220
OTL-Drought,B,0.219
OTL-Drought,B,0.219
OTL-Drought,B,0.218
OTL-Drought,B,0.218
OTL-Drought,B,0.218
OTL-Drought,B,0.219
OTL-Drought,B,0.219
OTL-Drought,B,0.220
OTL-Drought,B,0.220
OTL-Drought,B,0.221
OTL-Drought,B,0.222
OTL-Drought,B,0.223
OTL-Drought,B,0.223
OTL-Drought,B,0.223
OTL-Drought,B,0.223
OTL-Drought,B,0.222
OTL-Drought,B,0.222
OTL-Drought,B,0.221
OTL-Drought,B,0.221
OTL-Drought,B,0.220
OTL-Drought,B,0.220
OTL-Drought,B,0.219
OTL-Drought,B,0.218
OTL-Drought,B,0.218
OTL-Drought,B,0.218
OTL-Drought,B,0.217
OTL-Drought,B,0.217
OTL-Drought,B,0.217
OTL-Drought,B,0.216
OTL-Drought,B,0.216
OTL-Drought,B,0.217
OTL-Drought,B,0.217
OTL-Drought,B,0.218
OTL-Drought,B,0.218
OTL-Drought,B,0.219
OTL-Drought,B,0.220
OTL-Drought,B,0.220
OTL-Drought,B,0.221
OTL-Drought,B,0.220
OTL-Drought,B,0.220
OTL-Drought,B,0.219
OTL-Drought,B,0.219
OTL-Drought,B,0.218
OTL-Drought,B,0.217
OTL-Drought,B,0.217
OTL-Drought,B,0.216
OTL-Drought,B,0.216
OTL-Drought,B,0.215
OTL-Drought,B,0.215
OTL-Drought,B,0.215
OTL-Drought,B,0.214
OTL-Drought,B,0.214
OTL-Drought,B,0.214
OTL-Drought,B,0.214
OTL-Drought,B,0.215
OTL-Drought,B,0.215
OTL-Drought,B,0.216
OTL-Drought,B,0.217
OTL-Drought,B,0.218
OTL-Drought,B,0.219
OTL-Drought,B,0.219
OTL-Drought,B,0.220
OTL-Drought,B,0.219
OTL-Drought,B,0.219
OTL-Drought,B,0.218
OTL-Drought,B,0.218
OTL-Drought,B,0.217
OTL-Drought,B,0.216
OTL-Drought,B,0.216
OTL-Drought,B,0.215
OTL-Drought,B,0.215
OTL-Drought,B,0.214
OTL-Drought,B,0.214
OTL-Drought,B,0.213
OTL-Drought,B,0.213
OTL-Drought,B,0.212
OTL-Drought,B,0.213
OTL-Drought,B,0.213
OTL-Drought,B,0.213
OTL-Drought,B,0.214
OTL-Drought,B,0.215
OTL-Drought,B,0.216
OTL-Drought,B,0.217
OTL-Drought,B,0.218
OTL-Drought,B,0.218
OTL-Drought,B,0.218
OTL-Drought,B,0.218
OTL-Drought,B,0.218
OTL-Drought,B,0.217
OTL-Drought,B,0.217
OTL-Drought,B,0.216
OTL-Drought,B,0.215
OTL-Drought,B,0.215
OTL-Drought,B,0.214
OTL-Drought,B,0.214
OTL-Drought,B,0.213
OTL-Drought,B,0.213
OTL-Drought,B,0.212
OTL-Drought,B,0.212
OTL-Drought,B,0.212
OTL-Drought,B,0.212
OTL-Drought,B,0.212
OTL-Drought,B,0.213
OTL-Drought,B,0.213
OTL-Drought,B,0.214
OTL-Drought,B,0.215
OTL-Drought,B,0.216
OTL-Drought,B,0.217
OTL-Drought,B,0.217
OTL-Drought,B,0.217
OTL-Drought,B,0.217
OTL-Drought,B,0.217
OTL-Drought,B,0.216
OTL-Drought,B,0.216
OTL-Drought,B,0.215
OTL-Drought,B,0.214
OTL-Drought,B,0.214
OTL-Drought,B,0.213
OTL-Drought,B,0.213
OTL-Drought,B,0.212
OTL-Drought,B,0.211
OTL-Drought,B,0.211
OTL-Drought,B,0.210
OTL-Drought,B,0.210
OTL-Drought,B,0.210
OTL-Drought,B,0.210
OTL-Drought,B,0.211
OTL-Drought,B,0.212
OTL-Drought,B,0.212
OTL-Drought,B,0.213
OTL-Drought,B,0.214
OTL-Drought,B,0.215
OTL-Drought,B,0.215
OTL-Drought,B,0.216
OTL-Drought,B,0.215
OTL-Drought,B,0.215
OTL-Drought,B,0.214
OTL-Drought,B,0.214
OTL-Drought,B,0.213
OTL-Drought,B,0.212
OTL-Drought,B,0.212
OTL-Drought,B,0.211
OTL-Drought,B,0.210
OTL-Drought,B,0.210
OTL-Drought,B,0.210
OTL-Drought,B,0.209
OTL-Drought,B,0.209
OTL-Drought,B,0.209
OTL-Drought,B,0.208
OTL-Drought,B,0.209
OTL-Drought,B,0.209
OTL-Drought,B,0.210
OTL-Drought,B,0.211
OTL-Drought,B,0.212
OTL-Drought,B,0.213
OTL-Drought,B,0.213
OTL-Drought,B,0.214
OTL-Drought,B,0.213
OTL-Drought,B,0.213
OTL-Drought,B,0.212
OTL-Drought,B,0.212
OTL-Drought,B,0.211
OTL-Drought,B,0.211
OTL-Drought,B,0.210
OTL-Drought,B,0.209
OTL-Drought,B,0.209
OTL-Drought,B,0.208
OTL-Drought,B,0.208
OTL-Drought,B,0.207
OTL-Drought,B,0.207
OTL-Drought,B,0.207
OTL-Drought,B,0.207
OTL-Drought,B,0.207
OTL-Drought,B,0.207
OTL-Drought,B,0.207
OTL-Drought,B,0.207
OTL-Drought,B,0.207
OTL-Drought,B,0.207
OTL-Drought,B,0.207
OTL-Drought,B,0.207
OTL-Drought,B,0.207
OTL-Drought,B,0.207
OTL-Drought,B,0.207
OTL-Drought,B,0.207
OTL-Drought,B,0.206
OTL-Drought,B,0.206
OTL-Drought,B,0.206
OTL-Drought,B,0.205
OTL-Drought,B,0.205
OTL-Drought,B,0.205
OTL-Drought,B,0.205
OTL-Drought,B,0.205
OTL-Drought,B,0.204
OTL-Drought,B,0.204
OTL-Drought,B,0.204
OTL-Drought,B,0.204
OTL-Drought,B,0.204
OTL-Drought,B,0.204
OTL-Drought,B,0.204
OTL-Drought,B,0.204
OTL-Drought,B,0.204
OTL-Drought,B,0.205
OTL-Drought,B,0.205
OTL-Drought,B,0.206
OTL-Drought,B,0.206
OTL-Drought,B,0.206
OTL-Drought,B,0.206
OTL-Drought,B,0.205
OTL-Drought,B,0.205
OTL-Drought,B,0.205
OTL-Drought,B,0.205
OTL-Drought,B,0.204
OTL-Drought,B,0.204
OTL-Drought,B,0.204
OTL-Drought,B,0.204
OTL-Drought,B,0.203
OTL-Drought,B,0.203
OTL-Drought,B,0.203
OTL-Drought,B,0.203
OTL-Drought,B,0.202
OTL-Drought,B,0.203
OTL-Drought,B,0.203
OTL-Drought,B,0.203
OTL-Drought,B,0.204
OTL-Drought,B,0.204
OTL-Drought,B,0.204
OTL-Drought,B,0.204
OTL-Drought,B,0.204
OTL-Drought,B,0.204
OTL-Drought,B,0.204
OTL-Drought,B,0.204
OTL-Drought,B,0.204
OTL-Drought,B,0.204
OTL-Drought,B,0.204
OTL-Drought,B,0.204
OTL-Drought,B,0.203
OTL-Drought,B,0.203
OTL-Drought,B,0.203
OTL-Drought,B,0.203
OTL-Drought,B,0.203
OTL-Drought,B,0.203
OTL-Drought,B,0.202
OTL-Drought,B,0.202
OTL-Drought,B,0.202
OTL-Drought,B,0.202
OTL-Drought,B,0.202
OTL-Drought,B,0.202
OTL-Drought,B,0.202
OTL-Drought,B,0.202
OTL-Drought,B,0.203
OTL-Drought,B,0.203
OTL-Drought,B,0.203
OTL-Drought,B,0.203
OTL-Drought,B,0.203
OTL-Drought,B,0.203
OTL-Drought,B,0.203
OTL-Drought,B,0.203
OTL-Drought,B,0.203
OTL-Drought,B,0.203
OTL-Drought,B,0.203
OTL-Drought,B,0.202
OTL-Drought,B,0.202
OTL-Drought,B,0.202
OTL-Drought,B,0.202
OTL-Drought,B,0.202
OTL-Drought,B,0.201
OTL-Drought,B,0.201
OTL-Drought,B,0.201
OTL-Drought,B,0.201
OTL-Drought,B,0.202
OTL-Drought,B,0.202
OTL-Drought,B,0.202
OTL-Drought,B,0.203
OTL-Drought,B,0.203
OTL-Drought,B,0.203
OTL-Drought,B,0.204
OTL-Drought,B,0.204
OTL-Drought,B,0.204
OTL-Drought,B,0.203
OTL-Drought,B,0.203
OTL-Drought,B,0.203
OTL-Drought,B,0.203
OTL-Drought,B,0.203
OTL-Drought,B,0.203
OTL-Drought,B,0.202
OTL-Drought,B,0.202
OTL-Drought,B,0.202
OTL-Drought,B,0.202
OTL-Drought,B,0.202
OTL-Drought,B,0.202
OTL-Drought,B,0.201
OTL-Drought,B,0.201
OTL-Drought,B,0.201
OTL-Drought,B,0.202
OTL-Drought,B,0.202
OTL-Drought,B,0.202
OTL-Drought,B,0.202
OTL-Drought,B,0.202
OTL-Drought,B,0.203
OTL-Drought,B,0.203
OTL-Drought,B,0.204
OTL-Drought,B,0.204
OTL-Drought,B,0.203
OTL-Drought,B,0.203
OTL-Drought,B,0.203
OTL-Drought,B,0.203
OTL-Drought,B,0.202
OTL-Drought,B,0.202
OTL-Drought,B,0.202
OTL-Drought,B,0.201
OTL-Drought,B,0.201
OTL-Drought,B,0.201
OTL-Drought,B,0.200
OTL-Drought,B,0.200
OTL-Drought,B,0.200
OTL-Drought,B,0.200
OTL-Drought,B,0.200
OTL-Drought,B,0.200
OTL-Drought,B,0.201
OTL-Drought,B,0.201
OTL-Drought,B,0.202
OTL-Drought,B,0.203
OTL-Drought,B,0.204
OTL-Drought,B,0.205
OTL-Drought,B,0.205
OTL-Drought,B,0.205
OTL-Drought,B,0.205
OTL-Drought,B,0.205
OTL-Drought,B,0.205
OTL-Drought,B,0.204
OTL-Drought,B,0.204
OTL-Drought,B,0.203
OTL-Drought,B,0.203
OTL-Drought,B,0.202
OTL-Drought,B,0.202
OTL-Drought,B,0.202
OTL-Drought,B,0.201
OTL-Drought,B,0.201
OTL-Drought,B,0.201
OTL-Drought,B,0.201
OTL-Drought,B,0.201
OTL-Drought,B,0.201
OTL-Drought,B,0.202
OTL-Drought,B,0.202
OTL-Drought,B,0.203
OTL-Drought,B,0.204
OTL-Drought,B,0.204
OTL-Drought,B,0.204
OTL-Drought,B,0.205
OTL-Drought,B,0.205
OTL-Drought,B,0.205
OTL-Drought,B,0.205
OTL-Drought,B,0.205
OTL-Drought,B,0.204
OTL-Drought,B,0.204
OTL-Drought,B,0.204
OTL-Drought,B,0.203
OTL-Drought,B,0.203
OTL-Drought,B,0.203
OTL-Drought,B,0.202
OTL-Drought,B,0.202
OTL-Drought,B,0.202
OTL-Drought,B,0.201
OTL-Drought,B,0.201
OTL-Drought,B,0.201
OTL-Drought,B,0.202
OTL-Drought,B,0.202
OTL-Drought,B,0.203
OTL-Drought,B,0.203
OTL-Drought,B,0.204
OTL-Drought,B,0.205
OTL-Drought,B,0.206
OTL-Drought,B,0.206
OTL-Drought,B,0.207
OTL-Drought,B,0.207
OTL-Drought,B,0.206
OTL-Drought,B,0.206
OTL-Drought,B,0.206
OTL-Drought,B,0.205
OTL-Drought,B,0.205
OTL-Drought,B,0.204
OTL-Drought,B,0.204
OTL-Drought,B,0.203
OTL-Drought,B,0.203
OTL-Drought,B,0.202
OTL-Drought,B,0.202
OTL-Drought,B,0.202
OTL-Drought,B,0.202
OTL-Drought,B,0.202
OTL-Drought,B,0.202
OTL-Drought,B,0.203
OTL-Drought,B,0.204
OTL-Drought,B,0.205
OTL-Drought,B,0.206
OTL-Drought,B,0.207
OTL-Drought,B,0.208
OTL-Drought,B,0.208
OTL-Drought,B,0.208
OTL-Drought,B,0.208
OTL-Drought,B,0.208
OTL-Drought,B,0.207
OTL-Drought,B,0.207
OTL-Drought,B,0.206
OTL-Drought,B,0.205
OTL-Drought,B,0.205
OTL-Drought,B,0.205
OTL-Drought,B,0.204
OTL-Drought,B,0.204
OTL-Drought,B,0.203
OTL-Drought,B,0.203
OTL-Drought,B,0.202
OTL-Drought,B,0.202
OTL-Drought,B,0.202
OTL-Drought,B,0.202
OTL-Drought,B,0.203
OTL-Drought,B,0.204
OTL-Drought,B,0.205
OTL-Drought,B,0.206
OTL-Drought,B,0.207
OTL-Drought,B,0.208
OTL-Drought,B,0.209
OTL-Drought,B,0.209
OTL-Drought,B,0.208
OTL-Drought,B,0.208
OTL-Drought,B,0.208
OTL-Drought,B,0.207
OTL-Drought,B,0.207
OTL-Drought,B,0.206
OTL-Drought,B,0.206
OTL-Drought,B,0.205
OTL-Drought,B,0.205
OTL-Drought,B,0.204
OTL-Drought,B,0.204
OTL-Drought,B,0.203
OTL-Drought,B,0.203
OTL-Drought,B,0.203
OTL-Drought,B,0.203
OTL-Drought,B,0.203
OTL-Drought,B,0.204
OTL-Drought,B,0.205
OTL-Drought,B,0.206
OTL-Drought,B,0.207
OTL-Drought,B,0.208
OTL-Drought,B,0.209
OTL-Drought,B,0.209
OTL-Drought,B,0.209
OTL-Drought,B,0.209
OTL-Drought,B,0.209
OTL-Drought,B,0.208
OTL-Drought,B,0.208
OTL-Drought,B,0.207
OTL-Drought,B,0.207
OTL-Drought,B,0.206
OTL-Drought,B,0.206
OTL-Drought,B,0.205
OTL-Drought,B,0.205
OTL-Drought,B,0.204
OTL-Drought,B,0.204
OTL-Drought,B,0.203
OTL-Drought,B,0.203
OTL-Drought,B,0.203
OTL-Drought,B,0.204
OTL-Drought,B,0.205
OTL-Drought,B,0.206
OTL-Drought,B,0.206
OTL-Drought,B,0.207
OTL-Drought,B,0.208
OTL-Drought,B,0.209
OTL-Drought,B,0.210
OTL-Drought,B,0.210
OTL-Drought,B,0.209
OTL-Drought,B,0.209
OTL-Drought,B,0.209
OTL-Drought,B,0.208
OTL-Drought,B,0.208
OTL-Drought,B,0.207
OTL-Drought,B,0.206
OTL-Drought,B,0.206
OTL-Drought,B,0.205
OTL-Drought,B,0.205
OTL-Drought,B,0.204
OTL-Drought,B,0.204
OTL-Drought,B,0.204
OTL-Drought,B,0.204
OTL-Drought,B,0.204
OTL-Drought,B,0.204
OTL-Drought,B,0.205
OTL-Drought,B,0.206
OTL-Drought,B,0.207
OTL-Drought,B,0.208
OTL-Drought,B,0.209
OTL-Drought,B,0.209
OTL-Drought,B,0.210
OTL-Drought,B,0.210
OTL-Drought,B,0.209
OTL-Drought,B,0.209
OTL-Drought,B,0.208
OTL-Drought,B,0.207
OTL-Drought,B,0.207
OTL-Drought,B,0.206
OTL-Drought,B,0.206
OTL-Drought,B,0.205
OTL-Drought,B,0.205
OTL-Drought,B,0.204
OTL-Drought,B,0.204
OTL-Drought,B,0.203
OTL-Drought,B,0.203
OTL-Drought,B,0.202
OTL-Drought,B,0.202
OTL-Drought,B,0.203
OTL-Drought,B,0.204
OTL-Drought,B,0.204
OTL-Drought,B,0.205
OTL-Drought,B,0.206
OTL-Drought,B,0.207
OTL-Drought,B,0.208
OTL-Drought,B,0.208
OTL-Drought,B,0.208
OTL-Drought,B,0.208
OTL-Drought,B,0.207
OTL-Drought,B,0.207
OTL-Drought,B,0.206
OTL-Drought,B,0.206
OTL-Drought,B,0.205
OTL-Drought,B,0.205
OTL-Drought,B,0.204
OTL-Drought,B,0.204
OTL-Drought,B,0.203
OTL-Drought,B,0.202
OTL-Drought,B,0.202
OTL-Drought,B,0.201
OTL-Drought,B,0.201
OTL-Drought,B,0.201
OTL-Drought,B,0.202
OTL-Drought,B,0.202
OTL-Drought,B,0.203
OTL-Drought,B,0.204
OTL-Drought,B,0.205
OTL-Drought,B,0.206
OTL-Drought,B,0.207
OTL-Drought,B,0.208
OTL-Drought,B,0.208
OTL-Drought,B,0.207
OTL-Drought,B,0.207
OTL-Drought,B,0.206
OTL-Drought,B,0.206
OTL-Drought,B,0.205
OTL-Drought,B,0.205
OTL-Drought,B,0.204
OTL-Drought,B,0.204
OTL-Drought,B,0.203
OTL-Drought,B,0.203
OTL-Drought,B,0.202
OTL-Drought,B,0.201
OTL-Drought,B,0.201
OTL-Drought,B,0.201
OTL-Drought,B,0.201
OTL-Drought,B,0.202
OTL-Drought,B,0.203
OTL-Drought,B,0.203
OTL-Drought,B,0.204
OTL-Drought,B,0.206
OTL-Drought,B,0.206
OTL-Drought,B,0.207
OTL-Drought,B,0.207
OTL-Drought,B,0.207
OTL-Drought,B,0.207
OTL-Drought,B,0.207
OTL-Drought,B,0.206
OTL-Drought,B,0.205
OTL-Drought,B,0.205
OTL-Drought,B,0.204
OTL-Drought,B,0.204
OTL-Drought,B,0.203
OTL-Drought,B,0.202
OTL-Drought,B,0.202
OTL-Drought,B,0.201
OTL-Drought,B,0.201
OTL-Drought,B,0.200
OTL-Drought,B,0.200
OTL-Drought,B,0.200
OTL-Drought,B,0.200
OTL-Drought,B,0.201
OTL-Drought,B,0.202
OTL-Drought,B,0.204
OTL-Drought,B,0.205
OTL-Drought,B,0.206
OTL-Drought,B,0.207
OTL-Drought,B,0.208
OTL-Drought,B,0.208
OTL-Drought,B,0.208
OTL-Drought,B,0.207
OTL-Drought,B,0.206
OTL-Drought,B,0.206
OTL-Drought,B,0.205
OTL-Drought,B,0.205
OTL-Drought,B,0.204
OTL-Drought,B,0.204
OTL-Drought,B,0.203
OTL-Drought,B,0.202
OTL-Drought,B,0.202
OTL-Drought,B,0.201
OTL-Drought,B,0.201
OTL-Drought,B,0.201
OTL-Drought,B,0.201
OTL-Drought,B,0.202
OTL-Drought,B,0.203
OTL-Drought,B,0.204
OTL-Drought,B,0.205
OTL-Drought,B,0.207
OTL-Drought,B,0.208
OTL-Drought,B,0.209
OTL-Drought,B,0.209
OTL-Drought,B,0.209
OTL-Drought,B,0.209
OTL-Drought,B,0.208
OTL-Drought,B,0.207
OTL-Drought,B,0.207
OTL-Drought,B,0.206
OTL-Drought,B,0.205
OTL-Drought,B,0.205
OTL-Drought,B,0.204
OTL-Drought,B,0.204
OTL-Drought,B,0.203
OTL-Drought,B,0.202
OTL-Drought,B,0.202
OTL-Drought,B,0.201
OTL-Drought,B,0.201
OTL-Drought,B,0.201
OTL-Drought,B,0.202
OTL-Drought,B,0.203
OTL-Drought,B,0.204
OTL-Drought,B,0.205
OTL-Drought,B,0.206
OTL-Drought,B,0.208
OTL-Drought,B,0.208
OTL-Drought,B,0.209
OTL-Drought,B,0.209
OTL-Drought,B,0.208
OTL-Drought,B,0.208
OTL-Drought,B,0.207
OTL-Drought,B,0.206
OTL-Drought,B,0.206
OTL-Drought,B,0.205
OTL-Drought,B,0.204
OTL-Drought,B,0.204
OTL-Drought,B,0.203
OTL-Drought,B,0.203
OTL-Drought,B,0.202
OTL-Drought,B,0.202
OTL-Drought,B,0.201
OTL-Drought,B,0.201
OTL-Drought,B,0.201
OTL-Drought,B,0.202
OTL-Drought,B,0.203
OTL-Drought,B,0.203
OTL-Drought,B,0.204
OTL-Drought,B,0.205
OTL-Drought,B,0.206
OTL-Drought,B,0.207
OTL-Drought,B,0.207
OTL-Drought,B,0.207
OTL-Drought,B,0.207
OTL-Drought,B,0.207
OTL-Drought,B,0.206
OTL-Drought,B,0.205
OTL-Drought,B,0.205
OTL-Drought,B,0.204
OTL-Drought,B,0.203
OTL-Drought,B,0.203
OTL-Drought,B,0.202
OTL-Drought,B,0.201
OTL-Drought,B,0.201
OTL-Drought,B,0.200
OTL-Drought,B,0.200
OTL-Drought,B,0.200
OTL-Drought,B,0.200
OTL-Drought,B,0.201
OTL-Drought,B,0.202
OTL-Drought,B,0.203
OTL-Drought,B,0.205
OTL-Drought,B,0.206
OTL-Drought,B,0.207
OTL-Drought,B,0.208
OTL-Drought,B,0.208
OTL-Drought,B,0.208
OTL-Drought,B,0.208
OTL-Drought,B,0.207
OTL-Drought,B,0.206
OTL-Drought,B,0.206
OTL-Drought,B,0.205
OTL-Drought,B,0.205
OTL-Drought,B,0.204
OTL-Drought,B,0.203
OTL-Drought,B,0.203
OTL-Drought,B,0.202
OTL-Drought,B,0.202
OTL-Drought,B,0.201
OTL-Drought,B,0.201
OTL-Drought,B,0.201
OTL-Drought,B,0.201
OTL-Drought,B,0.201
OTL-Drought,B,0.202
OTL-Drought,B,0.203
OTL-Drought,B,0.204
OTL-Drought,B,0.205
OTL-Drought,B,0.206
OTL-Drought,B,0.207
OTL-Drought,B,0.207
OTL-Drought,B,0.207
OTL-Drought,B,0.206
OTL-Drought,B,0.206
OTL-Drought,B,0.205
OTL-Drought,B,0.204
OTL-Drought,B,0.203
OTL-Drought,B,0.203
OTL-Drought,B,0.202
OTL-Drought,B,0.201
OTL-Drought,B,0.201
OTL-Drought,B,0.200
OTL-Drought,B,0.200
OTL-Drought,B,0.199
OTL-Drought,B,0.199
OTL-Drought,B,0.199
OTL-Drought,B,0.199
OTL-Drought,B,0.200
OTL-Drought,B,0.201
OTL-Drought,B,0.202
OTL-Drought,B,0.203
OTL-Drought,B,0.203
OTL-Drought,B,0.204
OTL-Drought,B,0.205
OTL-Drought,B,0.205
OTL-Drought,B,0.205
OTL-Drought,B,0.205
OTL-Drought,B,0.204
OTL-Drought,B,0.203
OTL-Drought,B,0.203
OTL-Drought,B,0.202
OTL-Drought,B,0.202
OTL-Drought,B,0.201
OTL-Drought,B,0.200
OTL-Drought,B,0.200
OTL-Drought,B,0.199
OTL-Drought,B,0.199
OTL-Drought,B,0.198
OTL-Drought,B,0.198
OTL-Drought,B,0.198
OTL-Drought,B,0.198
OTL-Drought,B,0.199
OTL-Drought,B,0.199
OTL-Drought,B,0.200
OTL-Drought,B,0.202
OTL-Drought,B,0.202
OTL-Drought,B,0.203
OTL-Drought,B,0.204
OTL-Drought,B,0.204
OTL-Drought,B,0.204
OTL-Drought,B,0.203
OTL-Drought,B,0.203
OTL-Drought,B,0.202
OTL-Drought,B,0.201
OTL-Drought,B,0.201
OTL-Drought,B,0.200
OTL-Drought,B,0.200
OTL-Drought,B,0.199
OTL-Drought,B,0.199
OTL-Drought,B,0.198
OTL-Drought,B,0.198
OTL-Drought,B,0.197
OTL-Drought,B,0.197
OTL-Drought,B,0.197
OTL-Drought,B,0.197
OTL-Drought,B,0.198
OTL-Drought,B,0.199
OTL-Drought,B,0.200
OTL-Drought,B,0.201
OTL-Drought,B,0.202
OTL-Drought,B,0.202
OTL-Drought,B,0.203
OTL-Drought,B,0.203
OTL-Drought,B,0.203
OTL-Drought,B,0.203
OTL-Drought,B,0.202
OTL-Drought,B,0.202
OTL-Drought,B,0.201
OTL-Drought,B,0.201
OTL-Drought,B,0.200
OTL-Drought,B,0.199
OTL-Drought,B,0.199
OTL-Drought,B,0.198
OTL-Drought,B,0.198
OTL-Drought,B,0.197
OTL-Drought,B,0.197
OTL-Drought,B,0.196
OTL-Drought,B,0.196
OTL-Drought,B,0.196
OTL-Drought,B,0.197
OTL-Drought,B,0.198
OTL-Drought,B,0.199
OTL-Drought,B,0.200
OTL-Drought,B,0.201
OTL-Drought,B,0.202
OTL-Drought,B,0.202
OTL-Drought,B,0.203
OTL-Drought,B,0.203
OTL-Drought,B,0.202
OTL-Drought,B,0.202
OTL-Drought,B,0.201
OTL-Drought,B,0.200
OTL-Drought,B,0.200
OTL-Drought,B,0.199
OTL-Drought,B,0.199
OTL-Drought,B,0.198
OTL-Drought,B,0.198
OTL-Drought,B,0.197
OTL-Drought,B,0.197
OTL-Drought,B,0.197
OTL-Drought,B,0.196
OTL-Drought,B,0.196
OTL-Drought,B,0.196
OTL-Drought,B,0.197
OTL-Drought,B,0.197
OTL-Drought,B,0.197
OTL-Drought,B,0.198
OTL-Drought,B,0.199
OTL-Drought,B,0.199
OTL-Drought,B,0.199
OTL-Drought,B,0.199
OTL-Drought,B,0.199
OTL-Drought,B,0.199
OTL-Drought,B,0.199
OTL-Drought,B,0.198
OTL-Drought,B,0.198
OTL-Drought,B,0.197
OTL-Drought,B,0.197
OTL-Drought,B,0.196
OTL-Drought,B,0.196
OTL-Drought,B,0.195
OTL-Drought,B,0.195
OTL-Drought,B,0.194
OTL-Drought,B,0.194
OTL-Drought,B,0.194
OTL-Drought,B,0.194
OTL-Drought,B,0.194
OTL-Drought,B,0.195
OTL-Drought,B,0.196
OTL-Drought,B,0.197
OTL-Drought,B,0.198
OTL-Drought,B,0.199
OTL-Drought,B,0.200
OTL-Drought,B,0.200
OTL-Drought,B,0.200
OTL-Drought,B,0.200
OTL-Drought,B,0.200
OTL-Drought,B,0.199
OTL-Drought,B,0.198
OTL-Drought,B,0.198
OTL-Drought,B,0.197
OTL-Drought,B,0.196
OTL-Drought,B,0.196
OTL-Drought,B,0.195
OTL-Drought,B,0.195
OTL-Drought,B,0.195
OTL-Drought,B,0.194
OTL-Drought,B,0.194
OTL-Drought,B,0.193
OTL-Drought,B,0.193
OTL-Drought,B,0.193
OTL-Drought,B,0.194
OTL-Drought,B,0.195
OTL-Drought,B,0.196
OTL-Drought,B,0.197
OTL-Drought,B,0.198
OTL-Drought,B,0.199
OTL-Drought,B,0.199
OTL-Drought,B,0.200
OTL-Drought,B,0.199
OTL-Drought,B,0.199
OTL-Drought,B,0.198
OTL-Drought,B,0.198
OTL-Drought,B,0.197
OTL-Drought,B,0.197
OTL-Drought,B,0.196
OTL-Drought,B,0.196
OTL-Drought,B,0.195
OTL-Drought,B,0.195
OTL-Drought,B,0.194
OTL-Drought,B,0.194
OTL-Drought,B,0.193
OTL-Drought,B,0.193
OTL-Drought,B,0.193
OTL-Drought,B,0.193
OTL-Drought,B,0.194
OTL-Drought,B,0.194
OTL-Drought,B,0.195
OTL-Drought,B,0.196
OTL-Drought,B,0.197
OTL-Drought,B,0.198
OTL-Drought,B,0.199
OTL-Drought,B,0.199
OTL-Drought,B,0.199
OTL-Drought,B,0.199
OTL-Drought,B,0.198
OTL-Drought,C,0.352
OTL-Drought,C,0.347
OTL-Drought,C,0.345
OTL-Drought,C,0.344
OTL-Drought,C,0.343
OTL-Drought,C,0.342
OTL-Drought,C,0.341
OTL-Drought,C,0.341
OTL-Drought,C,0.340
OTL-Drought,C,0.339
OTL-Drought,C,0.339
OTL-Drought,C,0.338
OTL-Drought,C,0.338
OTL-Drought,C,0.338
OTL-Drought,C,0.338
OTL-Drought,C,0.338
OTL-Drought,C,0.339
OTL-Drought,C,0.339
OTL-Drought,C,0.339
OTL-Drought,C,0.339
OTL-Drought,C,0.339
OTL-Drought,C,0.338
OTL-Drought,C,0.338
OTL-Drought,C,0.337
OTL-Drought,C,0.337
OTL-Drought,C,0.336
OTL-Drought,C,0.336
OTL-Drought,C,0.335
OTL-Drought,C,0.335
OTL-Drought,C,0.334
OTL-Drought,C,0.334
OTL-Drought,C,0.333
OTL-Drought,C,0.333
OTL-Drought,C,0.333
OTL-Drought,C,0.332
OTL-Drought,C,0.332
OTL-Drought,C,0.332
OTL-Drought,C,0.332
OTL-Drought,C,0.332
OTL-Drought,C,0.333
OTL-Drought,C,0.334
OTL-Drought,C,0.335
OTL-Drought,C,0.335
OTL-Drought,C,0.336
OTL-Drought,C,0.336
OTL-Drought,C,0.336
OTL-Drought,C,0.335
OTL-Drought,C,0.335
OTL-Drought,C,0.335
OTL-Drought,C,0.334
OTL-Drought,C,0.334
OTL-Drought,C,0.333
OTL-Drought,C,0.333
OTL-Drought,C,0.333
OTL-Drought,C,0.332
OTL-Drought,C,0.332
OTL-Drought,C,0.331
OTL-Drought,C,0.331
OTL-Drought,C,0.330
OTL-Drought,C,0.330
OTL-Drought,C,0.330
OTL-Drought,C,0.330
OTL-Drought,C,0.330
OTL-Drought,C,0.331
OTL-Drought,C,0.332
OTL-Drought,C,0.332
OTL-Drought,C,0.333
OTL-Drought,C,0.334
OTL-Drought,C,0.334
OTL-Drought,C,0.334
OTL-Drought,C,0.333
OTL-Drought,C,0.333
OTL-Drought,C,0.333
OTL-Drought,C,0.332
OTL-Drought,C,0.332
OTL-Drought,C,0.332
OTL-Drought,C,0.331
OTL-Drought,C,0.331
OTL-Drought,C,0.330
OTL-Drought,C,0.330
OTL-Drought,C,0.330
OTL-Drought,C,0.329
OTL-Drought,C,0.329
OTL-Drought,C,0.329
OTL-Drought,C,0.328
OTL-Drought,C,0.329
OTL-Drought,C,0.329
OTL-Drought,C,0.329
OTL-Drought,C,0.329
OTL-Drought,C,0.329
OTL-Drought,C,0.329
OTL-Drought,C,0.330
OTL-Drought,C,0.330
OTL-Drought,C,0.330
OTL-Drought,C,0.330
OTL-Drought,C,0.329
OTL-Drought,C,0.329
OTL-Drought,C,0.328
OTL-Drought,C,0.328
OTL-Drought,C,0.327
OTL-Drought,C,0.327
OTL-Drought,C,0.327
OTL-Drought,C,0.327
OTL-Drought,C,0.327
OTL-Drought,C,0.326
OTL-Drought,C,0.326
OTL-Drought,C,0.326
OTL-Drought,C,0.326
OTL-Drought,C,0.325
OTL-Drought,C,0.326
OTL-Drought,C,0.326
OTL-Drought,C,0.326
OTL-Drought,C,0.327
OTL-Drought,C,0.328
OTL-Drought,C,0.328
OTL-Drought,C,0.329
OTL-Drought,C,0.329
OTL-Drought,C,0.329
OTL-Drought,C,0.329
OTL-Drought,C,0.329
OTL-Drought,C,0.328
OTL-Drought,C,0.328
OTL-Drought,C,0.328
OTL-Drought,C,0.327
OTL-Drought,C,0.327
OTL-Drought,C,0.326
OTL-Drought,C,0.326
OTL-Drought,C,0.326
OTL-Drought,C,0.326
OTL-Drought,C,0.325
OTL-Drought,C,0.325
OTL-Drought,C,0.325
OTL-Drought,C,0.325
OTL-Drought,C,0.325
OTL-Drought,C,0.325
OTL-Drought,C,0.325
OTL-Drought,C,0.326
OTL-Drought,C,0.326
OTL-Drought,C,0.327
OTL-Drought,C,0.327
OTL-Drought,C,0.328
OTL-Drought,C,0.328
OTL-Drought,C,0.327
OTL-Drought,C,0.327
OTL-Drought,C,0.327
OTL-Drought,C,0.327
OTL-Drought,C,0.326
OTL-Drought,C,0.326
OTL-Drought,C,0.326
OTL-Drought,C,0.326
OTL-Drought,C,0.326
OTL-Drought,C,0.325
OTL-Drought,C,0.325
OTL-Drought,C,0.325
OTL-Drought,C,0.324
OTL-Drought,C,0.324
OTL-Drought,C,0.324
OTL-Drought,C,0.324
OTL-Drought,C,0.324
OTL-Drought,C,0.325
OTL-Drought,C,0.326
OTL-Drought,C,0.326
OTL-Drought,C,0.327
OTL-Drought,C,0.327
OTL-Drought,C,0.327
OTL-Drought,C,0.327
OTL-Drought,C,0.327
OTL-Drought,C,0.326
OTL-Drought,C,0.326
OTL-Drought,C,0.326
OTL-Drought,C,0.325
OTL-Drought,C,0.325
OTL-Drought,C,0.325
OTL-Drought,C,0.325
OTL-Drought,C,0.324
OTL-Drought,C,0.324
OTL-Drought,C,0.324
OTL-Drought,C,0.324
OTL-Drought,C,0.324
OTL-Drought,C,0.323
OTL-Drought,C,0.323
OTL-Drought,C,0.323
OTL-Drought,C,0.324
OTL-Drought,C,0.324
OTL-Drought,C,0.325
OTL-Drought,C,0.326
OTL-Drought,C,0.326
OTL-Drought,C,0.327
OTL-Drought,C,0.327
OTL-Drought,C,0.327
OTL-Drought,C,0.327
OTL-Drought,C,0.326
OTL-Drought,C,0.326
OTL-Drought,C,0.325
OTL-Drought,C,0.325
OTL-Drought,C,0.325
OTL-Drought,C,0.324
OTL-Drought,C,0.324
OTL-Drought,C,0.324
OTL-Drought,C,0.323
OTL-Drought,C,0.323
OTL-Drought,C,0.322
OTL-Drought,C,0.322
OTL-Drought,C,0.322
OTL-Drought,C,0.322
OTL-Drought,C,0.322
OTL-Drought,C,0.322
OTL-Drought,C,0.322
OTL-Drought,C,0.322
OTL-Drought,C,0.322
OTL-Drought,C,0.322
OTL-Drought,C,0.369
OTL-Drought,C,0.372
OTL-Drought,C,0.379
OTL-Drought,C,0.380
OTL-Drought,C,0.380
OTL-Drought,C,0.380
OTL-Drought,C,0.380
OTL-Drought,C,0.380
OTL-Drought,C,0.380
OTL-Drought,C,0.381
OTL-Drought,C,0.381
OTL-Drought,C,0.381
OTL-Drought,C,0.381
OTL-Drought,C,0.382
OTL-Drought,C,0.382
OTL-Drought,C,0.382
OTL-Drought,C,0.382
OTL-Drought,C,0.383
OTL-Drought,C,0.383
OTL-Drought,C,0.383
OTL-Drought,C,0.383
OTL-Drought,C,0.364
OTL-Drought,C,0.355
OTL-Drought,C,0.353
OTL-Drought,C,0.352
OTL-Drought,C,0.351
OTL-Drought,C,0.350
OTL-Drought,C,0.350
OTL-Drought,C,0.349
OTL-Drought,C,0.348
OTL-Drought,C,0.347
OTL-Drought,C,0.347
OTL-Drought,C,0.346
OTL-Drought,C,0.346
OTL-Drought,C,0.345
OTL-Drought,C,0.345
OTL-Drought,C,0.344
OTL-Drought,C,0.344
OTL-Drought,C,0.344
OTL-Drought,C,0.343
OTL-Drought,C,0.343
OTL-Drought,C,0.343
OTL-Drought,C,0.343
OTL-Drought,C,0.343
OTL-Drought,C,0.343
OTL-Drought,C,0.343
OTL-Drought,C,0.343
OTL-Drought,C,0.343
OTL-Drought,C,0.343
OTL-Drought,C,0.343
OTL-Drought,C,0.343
OTL-Drought,C,0.343
OTL-Drought,C,0.343
OTL-Drought,C,0.342
OTL-Drought,C,0.342
OTL-Drought,C,0.342
OTL-Drought,C,0.342
OTL-Drought,C,0.341
OTL-Drought,C,0.341
OTL-Drought,C,0.341
OTL-Drought,C,0.341
OTL-Drought,C,0.341
OTL-Drought,C,0.340
OTL-Drought,C,0.340
OTL-Drought,C,0.340
OTL-Drought,C,0.340
OTL-Drought,C,0.340
OTL-Drought,C,0.341
OTL-Drought,C,0.341
OTL-Drought,C,0.341
OTL-Drought,C,0.341
OTL-Drought,C,0.341
OTL-Drought,C,0.341
OTL-Drought,C,0.341
OTL-Drought,C,0.341
OTL-Drought,C,0.341
OTL-Drought,C,0.341
OTL-Drought,C,0.341
OTL-Drought,C,0.340
OTL-Drought,C,0.340
OTL-Drought,C,0.340
OTL-Drought,C,0.340
OTL-Drought,C,0.340
OTL-Drought,C,0.340
OTL-Drought,C,0.340
OTL-Drought,C,0.340
OTL-Drought,C,0.340
OTL-Drought,C,0.340
OTL-Drought,C,0.339
OTL-Drought,C,0.339
OTL-Drought,C,0.339
OTL-Drought,C,0.340
OTL-Drought,C,0.340
OTL-Drought,C,0.340
OTL-Drought,C,0.340
OTL-Drought,C,0.341
OTL-Drought,C,0.341
OTL-Drought,C,0.341
OTL-Drought,C,0.341
OTL-Drought,C,0.341
OTL-Drought,C,0.341
OTL-Drought,C,0.341
OTL-Drought,C,0.341
OTL-Drought,C,0.340
OTL-Drought,C,0.340
OTL-Drought,C,0.340
OTL-Drought,C,0.340
OTL-Drought,C,0.339
OTL-Drought,C,0.339
OTL-Drought,C,0.351
OTL-Drought,C,0.382
OTL-Drought,C,0.382
OTL-Drought,C,0.383
OTL-Drought,C,0.384
OTL-Drought,C,0.383
OTL-Drought,C,0.384
OTL-Drought,C,0.384
OTL-Drought,C,0.384
OTL-Drought,C,0.385
OTL-Drought,C,0.386
OTL-Drought,C,0.386
OTL-Drought,C,0.387
OTL-Drought,C,0.387
OTL-Drought,C,0.387
OTL-Drought,C,0.386
OTL-Drought,C,0.386
OTL-Drought,C,0.385
OTL-Drought,C,0.382
OTL-Drought,C,0.368
OTL-Drought,C,0.364
OTL-Drought,C,0.361
OTL-Drought,C,0.360
OTL-Drought,C,0.357
OTL-Drought,C,0.356
OTL-Drought,C,0.354
OTL-Drought,C,0.353
OTL-Drought,C,0.352
OTL-Drought,C,0.352
OTL-Drought,C,0.352
OTL-Drought,C,0.351
OTL-Drought,C,0.351
OTL-Drought,C,0.351
OTL-Drought,C,0.351
OTL-Drought,C,0.351
OTL-Drought,C,0.351
OTL-Drought,C,0.351
OTL-Drought,C,0.351
OTL-Drought,C,0.350
OTL-Drought,C,0.349
OTL-Drought,C,0.348
OTL-Drought,C,0.347
OTL-Drought,C,0.347
OTL-Drought,C,0.346
OTL-Drought,C,0.345
OTL-Drought,C,0.345
OTL-Drought,C,0.344
OTL-Drought,C,0.344
OTL-Drought,C,0.343
OTL-Drought,C,0.342
OTL-Drought,C,0.342
OTL-Drought,C,0.341
OTL-Drought,C,0.341
OTL-Drought,C,0.341
OTL-Drought,C,0.341
OTL-Drought,C,0.342
OTL-Drought,C,0.342
OTL-Drought,C,0.343
OTL-Drought,C,0.344
OTL-Drought,C,0.344
OTL-Drought,C,0.344
OTL-Drought,C,0.344
OTL-Drought,C,0.344
OTL-Drought,C,0.343
OTL-Drought,C,0.343
OTL-Drought,C,0.342
OTL-Drought,C,0.342
OTL-Drought,C,0.341
OTL-Drought,C,0.341
OTL-Drought,C,0.340
OTL-Drought,C,0.339
OTL-Drought,C,0.339
OTL-Drought,C,0.338
OTL-Drought,C,0.338
OTL-Drought,C,0.337
OTL-Drought,C,0.337
OTL-Drought,C,0.337
OTL-Drought,C,0.337
OTL-Drought,C,0.337
OTL-Drought,C,0.338
OTL-Drought,C,0.338
OTL-Drought,C,0.339
OTL-Drought,C,0.339
OTL-Drought,C,0.340
OTL-Drought,C,0.340
OTL-Drought,C,0.340
OTL-Drought,C,0.340
OTL-Drought,C,0.339
OTL-Drought,C,0.339
OTL-Drought,C,0.338
OTL-Drought,C,0.338
OTL-Drought,C,0.337
OTL-Drought,C,0.337
OTL-Drought,C,0.336
OTL-Drought,C,0.336
OTL-Drought,C,0.335
OTL-Drought,C,0.335
OTL-Drought,C,0.334
OTL-Drought,C,0.333
OTL-Drought,C,0.333
OTL-Drought,C,0.333
OTL-Drought,C,0.333
OTL-Drought,C,0.333
OTL-Drought,C,0.334
OTL-Drought,C,0.334
OTL-Drought,C,0.334
OTL-Drought,C,0.335
OTL-Drought,C,0.335
OTL-Drought,C,0.335
OTL-Drought,C,0.335
OTL-Drought,C,0.335
OTL-Drought,C,0.335
OTL-Drought,C,0.334
OTL-Drought,C,0.334
OTL-Drought,C,0.334
OTL-Drought,C,0.334
OTL-Drought,C,0.333
OTL-Drought,C,0.333
OTL-Drought,C,0.333
OTL-Drought,C,0.333
OTL-Drought,C,0.333
OTL-Drought,C,0.333
OTL-Drought,C,0.332
OTL-Drought,C,0.332
OTL-Drought,C,0.332
OTL-Drought,C,0.332
OTL-Drought,C,0.332
OTL-Drought,C,0.332
OTL-Drought,C,0.332
OTL-Drought,C,0.332
OTL-Drought,C,0.332
OTL-Drought,C,0.332
OTL-Drought,C,0.332
OTL-Drought,C,0.332
OTL-Drought,C,0.332
OTL-Drought,C,0.332
OTL-Drought,C,0.331
OTL-Drought,C,0.331
OTL-Drought,C,0.331
OTL-Drought,C,0.331
OTL-Drought,C,0.330
OTL-Drought,C,0.330
OTL-Drought,C,0.330
OTL-Drought,C,0.330
OTL-Drought,C,0.330
OTL-Drought,C,0.329
OTL-Drought,C,0.329
OTL-Drought,C,0.329
OTL-Drought,C,0.328
OTL-Drought,C,0.329
OTL-Drought,C,0.329
OTL-Drought,C,0.329
OTL-Drought,C,0.330
OTL-Drought,C,0.330
OTL-Drought,C,0.330
OTL-Drought,C,0.330
OTL-Drought,C,0.331
OTL-Drought,C,0.330
OTL-Drought,C,0.330
OTL-Drought,C,0.330
OTL-Drought,C,0.329
OTL-Drought,C,0.329
OTL-Drought,C,0.329
OTL-Drought,C,0.328
OTL-Drought,C,0.328
OTL-Drought,C,0.328
OTL-Drought,C,0.327
OTL-Drought,C,0.327
OTL-Drought,C,0.327
OTL-Drought,C,0.327
OTL-Drought,C,0.327
OTL-Drought,C,0.326
OTL-Drought,C,0.327
OTL-Drought,C,0.327
OTL-Drought,C,0.368
OTL-Drought,C,0.389
OTL-Drought,C,0.389
OTL-Drought,C,0.389
OTL-Drought,C,0.390
OTL-Drought,C,0.390
OTL-Drought,C,0.390
OTL-Drought,C,0.389
OTL-Drought,C,0.389
OTL-Drought,C,0.389
OTL-Drought,C,0.389
OTL-Drought,C,0.389
OTL-Drought,C,0.389
OTL-Drought,C,0.389
OTL-Drought,C,0.389
OTL-Drought,C,0.389
OTL-Drought,C,0.389
OTL-Drought,C,0.389
OTL-Drought,C,0.389
OTL-Drought,C,0.389
OTL-Drought,C,0.389
OTL-Drought,C,0.389
OTL-Drought,C,0.389
OTL-Drought,C,0.390
OTL-Drought,C,0.390
OTL-Drought,C,0.390
OTL-Drought,C,0.391
OTL-Drought,C,0.389
OTL-Drought,C,0.384
OTL-Drought,C,0.375
OTL-Drought,C,0.369
OTL-Drought,C,0.365
OTL-Drought,C,0.362
OTL-Drought,C,0.360
OTL-Drought,C,0.358
OTL-Drought,C,0.356
OTL-Drought,C,0.355
OTL-Drought,C,0.354
OTL-Drought,C,0.353
OTL-Drought,C,0.352
OTL-Drought,C,0.352
OTL-Drought,C,0.351
OTL-Drought,C,0.350
OTL-Drought,C,0.349
OTL-Drought,C,0.349
OTL-Drought,C,0.348
OTL-Drought,C,0.348
OTL-Drought,C,0.348
OTL-Drought,C,0.348
OTL-Drought,C,0.349
OTL-Drought,C,0.349
OTL-Drought,C,0.350
OTL-Drought,C,0.350
OTL-Drought,C,0.350
OTL-Drought,C,0.350
OTL-Drought,C,0.350
OTL-Drought,C,0.349
OTL-Drought,C,0.349
OTL-Drought,C,0.348
OTL-Drought,C,0.347
OTL-Drought,C,0.346
OTL-Drought,C,0.346
OTL-Drought,C,0.345
OTL-Drought,C,0.345
OTL-Drought,C,0.344
OTL-Drought,C,0.344
OTL-Drought,C,0.343
OTL-Drought,C,0.342
OTL-Drought,C,0.342
OTL-Drought,C,0.341
OTL-Drought,C,0.341
OTL-Drought,C,0.341
OTL-Drought,C,0.341
OTL-Drought,C,0.342
OTL-Drought,C,0.342
OTL-Drought,C,0.343
OTL-Drought,C,0.343
OTL-Drought,C,0.344
OTL-Drought,C,0.344
OTL-Drought,C,0.344
OTL-Drought,C,0.343
OTL-Drought,C,0.343
OTL-Drought,C,0.342
OTL-Drought,C,0.342
OTL-Drought,C,0.341
OTL-Drought,C,0.341
OTL-Drought,C,0.340
OTL-Drought,C,0.340
OTL-Drought,C,0.339
OTL-Drought,C,0.339
OTL-Drought,C,0.338
OTL-Drought,C,0.337
OTL-Drought,C,0.337
OTL-Drought,C,0.336
OTL-Drought,C,0.335
OTL-Drought,C,0.335
OTL-Drought,C,0.336
OTL-Drought,C,0.336
OTL-Drought,C,0.336
OTL-Drought,C,0.337
OTL-Drought,C,0.337
OTL-Drought,C,0.338
OTL-Drought,C,0.338
OTL-Drought,C,0.338
OTL-Drought,C,0.338
OTL-Drought,C,0.337
OTL-Drought,C,0.337
OTL-Drought,C,0.336
OTL-Drought,C,0.336
OTL-Drought,C,0.335
OTL-Drought,C,0.335
OTL-Drought,C,0.334
OTL-Drought,C,0.334
OTL-Drought,C,0.333
OTL-Drought,C,0.333
OTL-Drought,C,0.332
OTL-Drought,C,0.331
OTL-Drought,C,0.331
OTL-Drought,C,0.331
OTL-Drought,C,0.331
OTL-Drought,C,0.331
OTL-Drought,C,0.331
OTL-Drought,C,0.332
OTL-Drought,C,0.333
OTL-Drought,C,0.333
OTL-Drought,C,0.333
OTL-Drought,C,0.334
OTL-Drought,C,0.334
OTL-Drought,C,0.333
OTL-Drought,C,0.333
OTL-Drought,C,0.332
OTL-Drought,C,0.332
OTL-Drought,C,0.331
OTL-Drought,C,0.331
OTL-Drought,C,0.330
OTL-Drought,C,0.329
OTL-Drought,C,0.329
OTL-Drought,C,0.328
OTL-Drought,C,0.328
OTL-Drought,C,0.327
OTL-Drought,C,0.327
OTL-Drought,C,0.326
OTL-Drought,C,0.326
OTL-Drought,C,0.327
OTL-Drought,C,0.327
OTL-Drought,C,0.328
OTL-Drought,C,0.328
OTL-Drought,C,0.329
OTL-Drought,C,0.329
OTL-Drought,C,0.330
OTL-Drought,C,0.330
OTL-Drought,C,0.330
OTL-Drought,C,0.330
OTL-Drought,C,0.329
OTL-Drought,C,0.329
OTL-Drought,C,0.329
OTL-Drought,C,0.328
OTL-Drought,C,0.328
OTL-Drought,C,0.328
OTL-Drought,C,0.327
OTL-Drought,C,0.327
OTL-Drought,C,0.327
OTL-Drought,C,0.326
OTL-Drought,C,0.326
OTL-Drought,C,0.326
OTL-Drought,C,0.325
OTL-Drought,C,0.325
OTL-Drought,C,0.325
OTL-Drought,C,0.325
OTL-Drought,C,0.325
OTL-Drought,C,0.325
OTL-Drought,C,0.325
OTL-Drought,C,0.325
OTL-Drought,C,0.325
OTL-Drought,C,0.325
OTL-Drought,C,0.325
OTL-Drought,C,0.324
OTL-Drought,C,0.324
OTL-Drought,C,0.324
OTL-Drought,C,0.324
OTL-Drought,C,0.323
OTL-Drought,C,0.323
OTL-Drought,C,0.323
OTL-Drought,C,0.323
OTL-Drought,C,0.322
OTL-Drought,C,0.322
OTL-Drought,C,0.322
OTL-Drought,C,0.322
OTL-Drought,C,0.322
OTL-Drought,C,0.322
OTL-Drought,C,0.321
OTL-Drought,C,0.322
OTL-Drought,C,0.322
OTL-Drought,C,0.322
OTL-Drought,C,0.334
OTL-Drought,C,0.375
OTL-Drought,C,0.376
OTL-Drought,C,0.376
OTL-Drought,C,0.376
OTL-Drought,C,0.376
OTL-Drought,C,0.377
OTL-Drought,C,0.376
OTL-Drought,C,0.376
OTL-Drought,C,0.376
OTL-Drought,C,0.376
OTL-Drought,C,0.376
OTL-Drought,C,0.376
OTL-Drought,C,0.376
OTL-Drought,C,0.376
OTL-Drought,C,0.376
OTL-Drought,C,0.376
OTL-Drought,C,0.376
OTL-Drought,C,0.376
OTL-Drought,C,0.376
OTL-Drought,C,0.375
OTL-Drought,C,0.371
OTL-Drought,C,0.366
OTL-Drought,C,0.361
OTL-Drought,C,0.358
OTL-Drought,C,0.356
OTL-Drought,C,0.355
OTL-Drought,C,0.353
OTL-Drought,C,0.352
OTL-Drought,C,0.352
OTL-Drought,C,0.351
OTL-Drought,C,0.350
OTL-Drought,C,0.349
OTL-Drought,C,0.348
OTL-Drought,C,0.347
OTL-Drought,C,0.346
OTL-Drought,C,0.346
OTL-Drought,C,0.345
OTL-Drought,C,0.345
OTL-Drought,C,0.344
OTL-Drought,C,0.344
OTL-Drought,C,0.343
OTL-Drought,C,0.342
OTL-Drought,C,0.342
OTL-Drought,C,0.341
OTL-Drought,C,0.342
OTL-Drought,C,0.342
OTL-Drought,C,0.342
OTL-Drought,C,0.342
OTL-Drought,C,0.343
OTL-Drought,C,0.343
OTL-Drought,C,0.343
OTL-Drought,C,0.344
OTL-Drought,C,0.344
OTL-Drought,C,0.343
OTL-Drought,C,0.343
OTL-Drought,C,0.343
OTL-Drought,C,0.342
OTL-Drought,C,0.341
OTL-Drought,C,0.341
OTL-Drought,C,0.340
OTL-Drought,C,0.340
OTL-Drought,C,0.340
OTL-Drought,C,0.339
OTL-Drought,C,0.339
OTL-Drought,C,0.338
OTL-Drought,C,0.337
OTL-Drought,C,0.337
OTL-Drought,C,0.337
OTL-Drought,C,0.337
OTL-Drought,C,0.338
OTL-Drought,C,0.338
OTL-Drought,C,0.339
OTL-Drought,C,0.339
OTL-Drought,C,0.340
OTL-Drought,C,0.341
OTL-Drought,C,0.341
OTL-Drought,C,0.341
OTL-Drought,C,0.341
OTL-Drought,C,0.340
OTL-Drought,C,0.340
OTL-Drought,C,0.339
OTL-Drought,C,0.339
OTL-Drought,C,0.338
OTL-Drought,C,0.338
OTL-Drought,C,0.337
OTL-Drought,C,0.337
OTL-Drought,C,0.337
OTL-Drought,C,0.336
OTL-Drought,C,0.336
OTL-Drought,C,0.335
OTL-Drought,C,0.335
OTL-Drought,C,0.335
OTL-Drought,C,0.335
OTL-Drought,C,0.335
OTL-Drought,C,0.336
OTL-Drought,C,0.336
OTL-Drought,C,0.337
OTL-Drought,C,0.338
OTL-Drought,C,0.338
OTL-Drought,C,0.338
OTL-Drought,C,0.338
OTL-Drought,C,0.337
OTL-Drought,C,0.337
OTL-Drought,C,0.336
OTL-Drought,C,0.336
OTL-Drought,C,0.335
OTL-Drought,C,0.334
OTL-Drought,C,0.334
OTL-Drought,C,0.333
OTL-Drought,C,0.333
OTL-Drought,C,0.332
OTL-Drought,C,0.332
OTL-Drought,C,0.331
OTL-Drought,C,0.330
OTL-Drought,C,0.330
OTL-Drought,C,0.329
OTL-Drought,C,0.330
OTL-Drought,C,0.330
OTL-Drought,C,0.330
OTL-Drought,C,0.331
OTL-Drought,C,0.331
OTL-Drought,C,0.331
OTL-Drought,C,0.332
OTL-Drought,C,0.332
OTL-Drought,C,0.331
OTL-Drought,C,0.331
OTL-Drought,C,0.331
OTL-Drought,C,0.330
OTL-Drought,C,0.330
OTL-Drought,C,0.329
OTL-Drought,C,0.328
OTL-Drought,C,0.328
OTL-Drought,C,0.327
OTL-Drought,C,0.327
OTL-Drought,C,0.326
OTL-Drought,C,0.326
OTL-Drought,C,0.325
OTL-Drought,C,0.324
OTL-Drought,C,0.324
OTL-Drought,C,0.324
OTL-Drought,C,0.324
OTL-Drought,C,0.325
OTL-Drought,C,0.325
OTL-Drought,C,0.326
OTL-Drought,C,0.326
OTL-Drought,C,0.327
OTL-Drought,C,0.327
OTL-Drought,C,0.327
OTL-Drought,C,0.327
OTL-Drought,C,0.327
OTL-Drought,C,0.326
OTL-Drought,C,0.326
OTL-Drought,C,0.325
OTL-Drought,C,0.325
OTL-Drought,C,0.324
OTL-Drought,C,0.324
OTL-Drought,C,0.323
OTL-Drought,C,0.323
OTL-Drought,C,0.322
OTL-Drought,C,0.322
OTL-Drought,C,0.321
OTL-Drought,C,0.321
OTL-Drought,C,0.320
OTL-Drought,C,0.320
OTL-Drought,C,0.321
OTL-Drought,C,0.321
OTL-Drought,C,0.322
OTL-Drought,C,0.323
OTL-Drought,C,0.323
OTL-Drought,C,0.324
OTL-Drought,C,0.324
OTL-Drought,C,0.324
OTL-Drought,C,0.324
OTL-Drought,C,0.324
OTL-Drought,C,0.323
OTL-Drought,C,0.323
OTL-Drought,C,0.322
OTL-Drought,C,0.322
OTL-Drought,C,0.321
OTL-Drought,C,0.321
OTL-Drought,C,0.320
OTL-Drought,C,0.319
OTL-Drought,C,0.319
OTL-Drought,C,0.319
OTL-Drought,C,0.318
OTL-Drought,C,0.317
OTL-Drought,C,0.317
OTL-Drought,C,0.317
OTL-Drought,C,0.317
OTL-Drought,C,0.318
OTL-Drought,C,0.319
OTL-Drought,C,0.319
OTL-Drought,C,0.319
OTL-Drought,C,0.320
OTL-Drought,C,0.320
OTL-Drought,C,0.320
OTL-Drought,C,0.320
OTL-Drought,C,0.319
OTL-Drought,C,0.319
OTL-Drought,C,0.319
OTL-Drought,C,0.318
OTL-Drought,C,0.318
OTL-Drought,C,0.318
OTL-Drought,C,0.317
OTL-Drought,C,0.317
OTL-Drought,C,0.317
OTL-Drought,C,0.317
OTL-Drought,C,0.316
OTL-Drought,C,0.316
OTL-Drought,C,0.316
OTL-Drought,C,0.315
OTL-Drought,C,0.315
OTL-Drought,C,0.315
OTL-Drought,C,0.315
OTL-Drought,C,0.315
OTL-Drought,C,0.315
OTL-Drought,C,0.315
OTL-Drought,C,0.316
OTL-Drought,C,0.316
OTL-Drought,C,0.316
OTL-Drought,C,0.316
OTL-Drought,C,0.316
OTL-Drought,C,0.316
OTL-Drought,C,0.315
OTL-Drought,C,0.315
OTL-Drought,C,0.315
OTL-Drought,C,0.314
OTL-Drought,C,0.314
OTL-Drought,C,0.314
OTL-Drought,C,0.314
OTL-Drought,C,0.313
OTL-Drought,C,0.313
OTL-Drought,C,0.313
OTL-Drought,C,0.312
OTL-Drought,C,0.312
OTL-Drought,C,0.312
OTL-Drought,C,0.312
OTL-Drought,C,0.313
OTL-Drought,C,0.313
OTL-Drought,C,0.314
OTL-Drought,C,0.314
OTL-Drought,C,0.314
OTL-Drought,C,0.314
OTL-Drought,C,0.315
OTL-Drought,C,0.315
OTL-Drought,C,0.315
OTL-Drought,C,0.314
OTL-Drought,C,0.314
OTL-Drought,C,0.313
OTL-Drought,C,0.313
OTL-Drought,C,0.312
OTL-Drought,C,0.312
OTL-Drought,C,0.311
OTL-Drought,C,0.311
OTL-Drought,C,0.311
OTL-Drought,C,0.310
OTL-Drought,C,0.310
OTL-Drought,C,0.309
OTL-Drought,C,0.309
OTL-Drought,C,0.309
OTL-Drought,C,0.309
OTL-Drought,C,0.310
OTL-Drought,C,0.310
OTL-Drought,C,0.311
OTL-Drought,C,0.311
OTL-Drought,C,0.311
OTL-Drought,C,0.312
OTL-Drought,C,0.312
OTL-Drought,C,0.312
OTL-Drought,C,0.311
OTL-Drought,C,0.311
OTL-Drought,C,0.311
OTL-Drought,C,0.310
OTL-Drought,C,0.310
OTL-Drought,C,0.309
OTL-Drought,C,0.309
OTL-Drought,C,0.308
OTL-Drought,C,0.308
OTL-Drought,C,0.307
OTL-Drought,C,0.307
OTL-Drought,C,0.306
OTL-Drought,C,0.306
OTL-Drought,C,0.305
OTL-Drought,C,0.305
OTL-Drought,C,0.306
OTL-Drought,C,0.307
OTL-Drought,C,0.307
OTL-Drought,C,0.308
OTL-Drought,C,0.308
OTL-Drought,C,0.308
OTL-Drought,C,0.308
OTL-Drought,C,0.308
OTL-Drought,C,0.308
OTL-Drought,C,0.307
OTL-Drought,C,0.307
OTL-Drought,C,0.306
OTL-Drought,C,0.306
OTL-Drought,C,0.305
OTL-Drought,C,0.304
OTL-Drought,C,0.304
OTL-Drought,C,0.303
OTL-Drought,C,0.303
OTL-Drought,C,0.303
OTL-Drought,C,0.302
OTL-Drought,C,0.302
OTL-Drought,C,0.301
OTL-Drought,C,0.301
OTL-Drought,C,0.301
OTL-Drought,C,0.301
OTL-Drought,C,0.302
OTL-Drought,C,0.302
OTL-Drought,C,0.302
OTL-Drought,C,0.302
OTL-Drought,C,0.302
OTL-Drought,C,0.302
OTL-Drought,C,0.302
OTL-Drought,C,0.302
OTL-Drought,C,0.301
OTL-Drought,C,0.301
OTL-Drought,C,0.300
OTL-Drought,C,0.299
OTL-Drought,C,0.298
OTL-Drought,C,0.298
OTL-Drought,C,0.297
OTL-Drought,C,0.296
OTL-Drought,C,0.296
OTL-Drought,C,0.295
OTL-Drought,C,0.294
OTL-Drought,C,0.294
OTL-Drought,C,0.293
OTL-Drought,C,0.293
OTL-Drought,C,0.293
OTL-Drought,C,0.293
OTL-Drought,C,0.293
OTL-Drought,C,0.294
OTL-Drought,C,0.294
OTL-Drought,C,0.294
OTL-Drought,C,0.294
OTL-Drought,C,0.294
OTL-Drought,C,0.294
OTL-Drought,C,0.294
OTL-Drought,C,0.294
OTL-Drought,C,0.293
OTL-Drought,C,0.293
OTL-Drought,C,0.292
OTL-Drought,C,0.291
OTL-Drought,C,0.291
OTL-Drought,C,0.290
OTL-Drought,C,0.289
OTL-Drought,C,0.289
OTL-Drought,C,0.288
OTL-Drought,C,0.287
OTL-Drought,C,0.287
OTL-Drought,C,0.286
OTL-Drought,C,0.285
OTL-Drought,C,0.285
OTL-Drought,C,0.285
OTL-Drought,C,0.285
OTL-Drought,C,0.285
OTL-Drought,C,0.285
OTL-Drought,C,0.285
OTL-Drought,C,0.285
OTL-Drought,C,0.285
OTL-Drought,C,0.285
OTL-Drought,C,0.285
OTL-Drought,C,0.284
OTL-Drought,C,0.284
OTL-Drought,C,0.283
OTL-Drought,C,0.283
OTL-Drought,C,0.282
OTL-Drought,C,0.282
OTL-Drought,C,0.281
OTL-Drought,C,0.280
OTL-Drought,C,0.280
OTL-Drought,C,0.279
OTL-Drought,C,0.279
OTL-Drought,C,0.278
OTL-Drought,C,0.277
OTL-Drought,C,0.277
OTL-Drought,C,0.277
OTL-Drought,C,0.278
OTL-Drought,C,0.278
OTL-Drought,C,0.279
OTL-Drought,C,0.279
OTL-Drought,C,0.280
OTL-Drought,C,0.280
OTL-Drought,C,0.280
OTL-Drought,C,0.280
OTL-Drought,C,0.280
OTL-Drought,C,0.279
OTL-Drought,C,0.279
OTL-Drought,C,0.278
OTL-Drought,C,0.278
OTL-Drought,C,0.277
OTL-Drought,C,0.276
OTL-Drought,C,0.276
OTL-Drought,C,0.275
OTL-Drought,C,0.275
OTL-Drought,C,0.274
OTL-Drought,C,0.274
OTL-Drought,C,0.273
OTL-Drought,C,0.273
OTL-Drought,C,0.272
OTL-Drought,C,0.272
OTL-Drought,C,0.273
OTL-Drought,C,0.274
OTL-Drought,C,0.274
OTL-Drought,C,0.274
OTL-Drought,C,0.274
OTL-Drought,C,0.274
OTL-Drought,C,0.274
OTL-Drought,C,0.274
OTL-Drought,C,0.274
OTL-Drought,C,0.274
OTL-Drought,C,0.273
OTL-Drought,C,0.273
OTL-Drought,C,0.272
OTL-Drought,C,0.271
OTL-Drought,C,0.271
OTL-Drought,C,0.270
OTL-Drought,C,0.270
OTL-Drought,C,0.269
OTL-Drought,C,0.268
OTL-Drought,C,0.268
OTL-Drought,C,0.267
OTL-Drought,C,0.267
OTL-Drought,C,0.266
OTL-Drought,C,0.266
OTL-Drought,C,0.267
OTL-Drought,C,0.267
OTL-Drought,C,0.268
OTL-Drought,C,0.268
OTL-Drought,C,0.269
OTL-Drought,C,0.269
OTL-Drought,C,0.269
OTL-Drought,C,0.269
OTL-Drought,C,0.268
OTL-Drought,C,0.268
OTL-Drought,C,0.268
OTL-Drought,C,0.267
OTL-Drought,C,0.267
OTL-Drought,C,0.266
OTL-Drought,C,0.266
OTL-Drought,C,0.265
OTL-Drought,C,0.265
OTL-Drought,C,0.264
OTL-Drought,C,0.264
OTL-Drought,C,0.263
OTL-Drought,C,0.263
OTL-Drought,C,0.262
OTL-Drought,C,0.262
OTL-Drought,C,0.262
OTL-Drought,C,0.262
OTL-Drought,C,0.262
OTL-Drought,C,0.263
OTL-Drought,C,0.263
OTL-Drought,C,0.263
OTL-Drought,C,0.264
OTL-Drought,C,0.264
OTL-Drought,C,0.264
OTL-Drought,C,0.264
OTL-Drought,C,0.263
OTL-Drought,C,0.263
OTL-Drought,C,0.262
OTL-Drought,C,0.262
OTL-Drought,C,0.262
OTL-Drought,C,0.261
OTL-Drought,C,0.261
OTL-Drought,C,0.261
OTL-Drought,C,0.260
OTL-Drought,C,0.260
OTL-Drought,C,0.259
OTL-Drought,C,0.259
OTL-Drought,C,0.258
OTL-Drought,C,0.258
OTL-Drought,C,0.258
OTL-Drought,C,0.259
OTL-Drought,C,0.260
OTL-Drought,C,0.260
OTL-Drought,C,0.261
OTL-Drought,C,0.261
OTL-Drought,C,0.261
OTL-Drought,C,0.261
OTL-Drought,C,0.261
OTL-Drought,C,0.261
OTL-Drought,C,0.260
OTL-Drought,C,0.260
OTL-Drought,C,0.259
OTL-Drought,C,0.259
OTL-Drought,C,0.258
OTL-Drought,C,0.258
OTL-Drought,C,0.257
OTL-Drought,C,0.257
OTL-Drought,C,0.256
OTL-Drought,C,0.256
OTL-Drought,C,0.255
OTL-Drought,C,0.255
OTL-Drought,C,0.254
OTL-Drought,C,0.254
OTL-Drought,C,0.255
OTL-Drought,C,0.255
OTL-Drought,C,0.256
OTL-Drought,C,0.257
OTL-Drought,C,0.257
OTL-Drought,C,0.257
OTL-Drought,C,0.258
OTL-Drought,C,0.258
OTL-Drought,C,0.258
OTL-Drought,C,0.258
OTL-Drought,C,0.257
OTL-Drought,C,0.257
OTL-Drought,C,0.256
OTL-Drought,C,0.256
OTL-Drought,C,0.255
OTL-Drought,C,0.255
OTL-Drought,C,0.254
OTL-Drought,C,0.254
OTL-Drought,C,0.253
OTL-Drought,C,0.253
OTL-Drought,C,0.253
OTL-Drought,C,0.252
OTL-Drought,C,0.252
OTL-Drought,C,0.252
OTL-Drought,C,0.252
OTL-Drought,C,0.253
OTL-Drought,C,0.254
OTL-Drought,C,0.254
OTL-Drought,C,0.255
OTL-Drought,C,0.255
OTL-Drought,C,0.255
OTL-Drought,C,0.255
OTL-Drought,C,0.255
OTL-Drought,C,0.255
OTL-Drought,C,0.255
OTL-Drought,C,0.255
OTL-Drought,C,0.254
OTL-Drought,C,0.254
OTL-Drought,C,0.253
OTL-Drought,C,0.253
OTL-Drought,C,0.252
OTL-Drought,C,0.252
OTL-Drought,C,0.252
OTL-Drought,C,0.251
OTL-Drought,C,0.251
OTL-Drought,C,0.250
OTL-Drought,C,0.250
OTL-Drought,C,0.250
OTL-Drought,C,0.251
OTL-Drought,C,0.251
OTL-Drought,C,0.252
OTL-Drought,C,0.253
OTL-Drought,C,0.253
OTL-Drought,C,0.253
OTL-Drought,C,0.253
OTL-Drought,C,0.253
OTL-Drought,C,0.253
OTL-Drought,C,0.253
OTL-Drought,C,0.253
OTL-Drought,C,0.252
OTL-Drought,C,0.252
OTL-Drought,C,0.251
OTL-Drought,C,0.251
OTL-Drought,C,0.250
OTL-Drought,C,0.250
OTL-Drought,C,0.250
OTL-Drought,C,0.249
OTL-Drought,C,0.249
OTL-Drought,C,0.249
OTL-Drought,C,0.248
OTL-Drought,C,0.248
OTL-Drought,C,0.248
OTL-Drought,C,0.249
OTL-Drought,C,0.249
OTL-Drought,C,0.250
OTL-Drought,C,0.250
OTL-Drought,C,0.250
OTL-Drought,C,0.250
OTL-Drought,C,0.250
OTL-Drought,C,0.250
OTL-Drought,C,0.250
OTL-Drought,C,0.250
OTL-Drought,C,0.250
OTL-Drought,C,0.250
OTL-Drought,C,0.249
OTL-Drought,C,0.249
OTL-Drought,C,0.248
OTL-Drought,C,0.247
OTL-Drought,C,0.247
OTL-Drought,C,0.246
OTL-Drought,C,0.246
OTL-Drought,C,0.245
OTL-Drought,C,0.245
OTL-Drought,C,0.244
OTL-Drought,C,0.244
OTL-Drought,C,0.244
OTL-Drought,C,0.245
OTL-Drought,C,0.246
OTL-Drought,C,0.247
OTL-Drought,C,0.247
OTL-Drought,C,0.247
OTL-Drought,C,0.247
OTL-Drought,C,0.247
OTL-Drought,C,0.247
OTL-Drought,C,0.247
OTL-Drought,C,0.247
OTL-Drought,C,0.247
OTL-Drought,C,0.246
OTL-Drought,C,0.246
OTL-Drought,C,0.245
OTL-Drought,C,0.245
OTL-Drought,C,0.244
OTL-Drought,C,0.244
OTL-Drought,C,0.243
OTL-Drought,C,0.243
OTL-Drought,C,0.242
OTL-Drought,C,0.242
OTL-Drought,C,0.241
OTL-Drought,C,0.241
OTL-Drought,C,0.241
OTL-Drought,C,0.242
OTL-Drought,C,0.243
OTL-Drought,C,0.244
OTL-Drought,C,0.244
OTL-Drought,C,0.244
OTL-Drought,C,0.244
OTL-Drought,C,0.244
OTL-Drought,C,0.244
OTL-Drought,C,0.244
OTL-Drought,C,0.244
OTL-Drought,C,0.244
OTL-Drought,C,0.244
OTL-Drought,C,0.243
OTL-Drought,C,0.243
OTL-Drought,C,0.242
OTL-Drought,C,0.242
OTL-Drought,C,0.241
OTL-Drought,C,0.241
OTL-Drought,C,0.240
OTL-Drought,C,0.240
OTL-Drought,C,0.239
OTL-Drought,C,0.239
OTL-Drought,C,0.239
OTL-Drought,C,0.239
OTL-Drought,C,0.239
OTL-Drought,C,0.240
OTL-Drought,C,0.241
OTL-Drought,C,0.241
OTL-Drought,C,0.241
OTL-Drought,C,0.241
OTL-Drought,C,0.241
OTL-Drought,C,0.241
OTL-Drought,C,0.241
OTL-Drought,C,0.241
OTL-Drought,C,0.241
OTL-Drought,C,0.241
OTL-Drought,C,0.240
OTL-Drought,C,0.240
OTL-Drought,C,0.239
OTL-Drought,C,0.239
OTL-Drought,C,0.238
OTL-Drought,C,0.238
OTL-Drought,C,0.237
OTL-Drought,C,0.237
OTL-Drought,C,0.237
OTL-Drought,C,0.236
OTL-Drought,C,0.236
OTL-Drought,C,0.236
OTL-Drought,C,0.237
OTL-Drought,C,0.238
OTL-Drought,C,0.239
OTL-Drought,C,0.239
OTL-Drought,C,0.239
OTL-Drought,C,0.239
OTL-Drought,C,0.239
OTL-Drought,C,0.239
OTL-Drought,C,0.240
OTL-Drought,C,0.240
OTL-Drought,C,0.239
OTL-Drought,C,0.239
OTL-Drought,C,0.239
OTL-Drought,C,0.238
OTL-Drought,C,0.238
OTL-Drought,C,0.237
OTL-Drought,C,0.237
OTL-Drought,C,0.236
OTL-Drought,C,0.236
OTL-Drought,C,0.235
OTL-Drought,C,0.235
OTL-Drought,C,0.234
OTL-Drought,C,0.234
OTL-Drought,C,0.235
OTL-Drought,C,0.235
OTL-Drought,C,0.236
OTL-Drought,C,0.237
OTL-Drought,C,0.238
OTL-Drought,C,0.238
OTL-Drought,C,0.238
OTL-Drought,C,0.238
OTL-Drought,C,0.238
OTL-Drought,C,0.238
OTL-Drought,C,0.238
OTL-Drought,C,0.238
OTL-Drought,C,0.238
OTL-Drought,C,0.237
OTL-Drought,C,0.237
OTL-Drought,C,0.236
OTL-Drought,C,0.236
OTL-Drought,C,0.235
OTL-Drought,C,0.235
OTL-Drought,C,0.235
OTL-Drought,C,0.234
OTL-Drought,C,0.234
OTL-Drought,C,0.233
OTL-Drought,C,0.233
OTL-Drought,C,0.233
OTL-Drought,C,0.234
OTL-Drought,C,0.235
OTL-Drought,C,0.236
OTL-Drought,C,0.236
OTL-Drought,C,0.237
OTL-Drought,C,0.237
OTL-Drought,C,0.237
OTL-Drought,C,0.237
OTL-Drought,C,0.237
OTL-Drought,C,0.237
OTL-Drought,C,0.237
OTL-Drought,C,0.236
OTL-Drought,C,0.236
OTL-Drought,C,0.235
OTL-Drought,C,0.235
OTL-Drought,C,0.234
OTL-Drought,C,0.234
OTL-Drought,C,0.233
OTL-Drought,C,0.233
OTL-Drought,C,0.232
OTL-Drought,C,0.232
OTL-Drought,C,0.231
OTL-Drought,C,0.231
OTL-Drought,C,0.232
OTL-Drought,C,0.232
OTL-Drought,C,0.233
OTL-Drought,C,0.234
OTL-Drought,C,0.235
OTL-Drought,C,0.235
OTL-Drought,C,0.235
OTL-Drought,C,0.235
OTL-Drought,C,0.235
OTL-Drought,C,0.235
OTL-Drought,C,0.235
OTL-Drought,C,0.235
OTL-Drought,C,0.235
OTL-Drought,C,0.234
OTL-Drought,C,0.234
OTL-Drought,C,0.233
OTL-Drought,C,0.233
OTL-Drought,C,0.232
OTL-Drought,C,0.231
OTL-Drought,C,0.231
OTL-Drought,C,0.230
OTL-Drought,C,0.230
OTL-Drought,C,0.229
OTL-Drought,C,0.229
OTL-Drought,C,0.230
OTL-Drought,C,0.230
OTL-Drought,C,0.231
OTL-Drought,C,0.232
OTL-Drought,C,0.233
OTL-Drought,C,0.233
OTL-Drought,C,0.233
OTL-Drought,C,0.233
OTL-Drought,C,0.233
OTL-Drought,C,0.233
OTL-Drought,C,0.233
OTL-Drought,C,0.232
OTL-Drought,C,0.232
OTL-Drought,C,0.231
OTL-Drought,C,0.231
OTL-Drought,C,0.230
OTL-Drought,C,0.230
OTL-Drought,C,0.229
OTL-Drought,C,0.229
OTL-Drought,C,0.228
OTL-Drought,C,0.228
OTL-Drought,C,0.228
OTL-Drought,C,0.227
OTL-Drought,C,0.227
OTL-Drought,C,0.227
OTL-Drought,C,0.227
OTL-Drought,C,0.227
OTL-Drought,C,0.227
OTL-Drought,C,0.227
OTL-Drought,C,0.227
OTL-Drought,C,0.227
OTL-Drought,C,0.227
OTL-Drought,C,0.227
OTL-Drought,C,0.227
OTL-Drought,C,0.227
OTL-Drought,C,0.227
OTL-Drought,C,0.226
OTL-Drought,C,0.226
OTL-Drought,C,0.226
OTL-Drought,C,0.226
OTL-Drought,C,0.225
OTL-Drought,C,0.225
OTL-Drought,C,0.225
OTL-Drought,C,0.225
OTL-Drought,C,0.224
OTL-Drought,C,0.224
OTL-Drought,C,0.224
OTL-Drought,C,0.224
OTL-Drought,C,0.224
OTL-Drought,C,0.224
OTL-Drought,C,0.224
OTL-Drought,C,0.224
OTL-Drought,C,0.224
OTL-Drought,C,0.224
OTL-Drought,C,0.224
OTL-Drought,C,0.224
OTL-Drought,C,0.224
OTL-Drought,C,0.224
OTL-Drought,C,0.224
OTL-Drought,C,0.224
OTL-Drought,C,0.224
OTL-Drought,C,0.224
OTL-Drought,C,0.224
OTL-Drought,C,0.223
OTL-Drought,C,0.223
OTL-Drought,C,0.223
OTL-Drought,C,0.223
OTL-Drought,C,0.223
OTL-Drought,C,0.222
OTL-Drought,C,0.222
OTL-Drought,C,0.222
OTL-Drought,C,0.222
OTL-Drought,C,0.222
OTL-Drought,C,0.223
OTL-Drought,C,0.223
OTL-Drought,C,0.223
OTL-Drought,C,0.224
OTL-Drought,C,0.224
OTL-Drought,C,0.224
OTL-Drought,C,0.224
OTL-Drought,C,0.224
OTL-Drought,C,0.224
OTL-Drought,C,0.224
OTL-Drought,C,0.224
OTL-Drought,C,0.224
OTL-Drought,C,0.224
OTL-Drought,C,0.224
OTL-Drought,C,0.224
OTL-Drought,C,0.223
OTL-Drought,C,0.223
OTL-Drought,C,0.223
OTL-Drought,C,0.223
OTL-Drought,C,0.223
OTL-Drought,C,0.222
OTL-Drought,C,0.222
OTL-Drought,C,0.222
OTL-Drought,C,0.222
OTL-Drought,C,0.222
OTL-Drought,C,0.222
OTL-Drought,C,0.222
OTL-Drought,C,0.222
OTL-Drought,C,0.222
OTL-Drought,C,0.222
OTL-Drought,C,0.223
OTL-Drought,C,0.223
OTL-Drought,C,0.223
OTL-Drought,C,0.223
OTL-Drought,C,0.223
OTL-Drought,C,0.223
OTL-Drought,C,0.223
OTL-Drought,C,0.223
OTL-Drought,C,0.222
OTL-Drought,C,0.222
OTL-Drought,C,0.222
OTL-Drought,C,0.222
OTL-Drought,C,0.222
OTL-Drought,C,0.221
OTL-Drought,C,0.221
OTL-Drought,C,0.221
OTL-Drought,C,0.221
OTL-Drought,C,0.221
OTL-Drought,C,0.222
OTL-Drought,C,0.223
OTL-Drought,C,0.223
OTL-Drought,C,0.224
OTL-Drought,C,0.224
OTL-Drought,C,0.224
OTL-Drought,C,0.224
OTL-Drought,C,0.224
OTL-Drought,C,0.224
OTL-Drought,C,0.224
OTL-Drought,C,0.224
OTL-Drought,C,0.224
OTL-Drought,C,0.224
OTL-Drought,C,0.224
OTL-Drought,C,0.223
OTL-Drought,C,0.223
OTL-Drought,C,0.223
OTL-Drought,C,0.223
OTL-Drought,C,0.223
OTL-Drought,C,0.222
OTL-Drought,C,0.222
OTL-Drought,C,0.222
OTL-Drought,C,0.222
OTL-Drought,C,0.221
OTL-Drought,C,0.221
OTL-Drought,C,0.222
OTL-Drought,C,0.223
OTL-Drought,C,0.223
OTL-Drought,C,0.223
OTL-Drought,C,0.223
OTL-Drought,C,0.223
OTL-Drought,C,0.223
OTL-Drought,C,0.223
OTL-Drought,C,0.223
OTL-Drought,C,0.223
OTL-Drought,C,0.222
OTL-Drought,C,0.222
OTL-Drought,C,0.222
OTL-Drought,C,0.221
OTL-Drought,C,0.221
OTL-Drought,C,0.221
OTL-Drought,C,0.220
OTL-Drought,C,0.220
OTL-Drought,C,0.220
OTL-Drought,C,0.219
OTL-Drought,C,0.219
OTL-Drought,C,0.219
OTL-Drought,C,0.219
OTL-Drought,C,0.220
OTL-Drought,C,0.221
OTL-Drought,C,0.221
OTL-Drought,C,0.222
OTL-Drought,C,0.222
OTL-Drought,C,0.222
OTL-Drought,C,0.222
OTL-Drought,C,0.222
OTL-Drought,C,0.222
OTL-Drought,C,0.222
OTL-Drought,C,0.222
OTL-Drought,C,0.222
OTL-Drought,C,0.221
OTL-Drought,C,0.221
OTL-Drought,C,0.221
OTL-Drought,C,0.221
OTL-Drought,C,0.220
OTL-Drought,C,0.220
OTL-Drought,C,0.220
OTL-Drought,C,0.219
OTL-Drought,C,0.219
OTL-Drought,C,0.219
OTL-Drought,C,0.219
OTL-Drought,C,0.219
OTL-Drought,C,0.219
OTL-Drought,C,0.219
OTL-Drought,C,0.219
OTL-Drought,C,0.220
OTL-Drought,C,0.220
OTL-Drought,C,0.221
OTL-Drought,C,0.221
OTL-Drought,C,0.221
OTL-Drought,C,0.221
OTL-Drought,C,0.221
OTL-Drought,C,0.221
OTL-Drought,C,0.221
OTL-Drought,C,0.221
OTL-Drought,C,0.221
OTL-Drought,C,0.221
OTL-Drought,C,0.220
OTL-Drought,C,0.220
OTL-Drought,C,0.220
OTL-Drought,C,0.220
OTL-Drought,C,0.219
OTL-Drought,C,0.219
OTL-Drought,C,0.219
OTL-Drought,C,0.219
OTL-Drought,C,0.219
OTL-Drought,C,0.220
OTL-Drought,C,0.221
OTL-Drought,C,0.221
OTL-Drought,C,0.222
OTL-Drought,C,0.222
OTL-Drought,C,0.222
OTL-Drought,C,0.223
OTL-Drought,C,0.223
OTL-Drought,C,0.223
OTL-Drought,C,0.223
OTL-Drought,C,0.223
OTL-Drought,C,0.222
OTL-Drought,C,0.222
OTL-Drought,C,0.222
OTL-Drought,C,0.222
OTL-Drought,C,0.222
OTL-Drought,C,0.221
OTL-Drought,C,0.221
OTL-Drought,C,0.221
OTL-Drought,C,0.220
OTL-Drought,C,0.220
OTL-Drought,C,0.220
OTL-Drought,C,0.220
OTL-Drought,C,0.220
OTL-Drought,C,0.221
OTL-Drought,C,0.222
OTL-Drought,C,0.223
OTL-Drought,C,0.223
OTL-Drought,C,0.223
OTL-Drought,C,0.223
OTL-Drought,C,0.223
OTL-Drought,C,0.223
OTL-Drought,C,0.223
OTL-Drought,C,0.223
OTL-Drought,C,0.223
OTL-Drought,C,0.223
OTL-Drought,C,0.223
OTL-Drought,C,0.223
OTL-Drought,C,0.222
OTL-Drought,C,0.222
OTL-Drought,C,0.222
OTL-Drought,C,0.221
OTL-Drought,C,0.221
OTL-Drought,C,0.221
OTL-Drought,C,0.220
OTL-Drought,C,0.220
OTL-Drought,C,0.220
OTL-Drought,C,0.220
OTL-Drought,C,0.221
OTL-Drought,C,0.222
OTL-Drought,C,0.223
OTL-Drought,C,0.223
OTL-Drought,C,0.224
OTL-Drought,C,0.224
OTL-Drought,C,0.224
OTL-Drought,C,0.224
OTL-Drought,C,0.224
OTL-Drought,C,0.224
OTL-Drought,C,0.224
OTL-Drought,C,0.224
OTL-Drought,C,0.224
OTL-Drought,C,0.224
OTL-Drought,C,0.223
OTL-Drought,C,0.223
OTL-Drought,C,0.223
OTL-Drought,C,0.223
OTL-Drought,C,0.222
OTL-Drought,C,0.222
OTL-Drought,C,0.222
OTL-Drought,C,0.221
OTL-Drought,C,0.221
OTL-Drought,C,0.222
OTL-Drought,C,0.223
OTL-Drought,C,0.224
OTL-Drought,C,0.224
OTL-Drought,C,0.225
OTL-Drought,C,0.225
OTL-Drought,C,0.225
OTL-Drought,C,0.225
OTL-Drought,C,0.225
OTL-Drought,C,0.226
OTL-Drought,C,0.226
OTL-Drought,C,0.226
OTL-Drought,C,0.226
OTL-Drought,C,0.225
OTL-Drought,C,0.225
OTL-Drought,C,0.225
OTL-Drought,C,0.225
OTL-Drought,C,0.224
OTL-Drought,C,0.224
OTL-Drought,C,0.224
OTL-Drought,C,0.224
OTL-Drought,C,0.223
OTL-Drought,C,0.223
OTL-Drought,C,0.223
OTL-Drought,C,0.223
OTL-Drought,C,0.224
OTL-Drought,C,0.225
OTL-Drought,C,0.226
OTL-Drought,C,0.226
OTL-Drought,C,0.226
OTL-Drought,C,0.227
OTL-Drought,C,0.227
OTL-Drought,C,0.227
OTL-Drought,C,0.227
OTL-Drought,C,0.227
OTL-Drought,C,0.227
OTL-Drought,C,0.227
OTL-Drought,C,0.227
OTL-Drought,C,0.226
OTL-Drought,C,0.226
OTL-Drought,C,0.226
OTL-Drought,C,0.225
OTL-Drought,C,0.225
OTL-Drought,C,0.225
OTL-Drought,C,0.225
OTL-Drought,C,0.224
OTL-Drought,C,0.224
OTL-Drought,C,0.224
OTL-Drought,C,0.225
OTL-Drought,C,0.225
OTL-Drought,C,0.226
OTL-Drought,C,0.227
OTL-Drought,C,0.227
OTL-Drought,C,0.227
OTL-Drought,C,0.227
OTL-Drought,C,0.228
OTL-Drought,C,0.228
OTL-Drought,C,0.228
OTL-Drought,C,0.228
OTL-Drought,C,0.227
OTL-Drought,C,0.227
OTL-Drought,C,0.227
OTL-Drought,C,0.227
OTL-Drought,C,0.226
OTL-Drought,C,0.226
OTL-Drought,C,0.225
OTL-Drought,C,0.225
OTL-Drought,C,0.225
OTL-Drought,C,0.224
OTL-Drought,C,0.224
OTL-Drought,C,0.223
OTL-Drought,C,0.223
OTL-Drought,C,0.224
OTL-Drought,C,0.225
OTL-Drought,C,0.225
OTL-Drought,C,0.226
OTL-Drought,C,0.227
OTL-Drought,C,0.227
OTL-Drought,C,0.227
OTL-Drought,C,0.227
OTL-Drought,C,0.227
OTL-Drought,C,0.227
OTL-Drought,C,0.227
OTL-Drought,C,0.227
OTL-Drought,C,0.227
OTL-Drought,C,0.226
OTL-Drought,C,0.226
OTL-Drought,C,0.226
OTL-Drought,C,0.225
OTL-Drought,C,0.225
OTL-Drought,C,0.225
OTL-Drought,C,0.224
OTL-Drought,C,0.224
OTL-Drought,C,0.223
OTL-Drought,C,0.223
OTL-Drought,C,0.223
OTL-Drought,C,0.224
OTL-Drought,C,0.224
OTL-Drought,C,0.225
OTL-Drought,C,0.226
OTL-Drought,C,0.227
OTL-Drought,C,0.227
OTL-Drought,C,0.227
OTL-Drought,C,0.227
OTL-Drought,C,0.227
OTL-Drought,C,0.227
OTL-Drought,C,0.227
OTL-Drought,C,0.227
OTL-Drought,C,0.227
OTL-Drought,C,0.227
OTL-Drought,C,0.226
OTL-Drought,C,0.226
OTL-Drought,C,0.226
OTL-Drought,C,0.225
OTL-Drought,C,0.225
OTL-Drought,C,0.225
OTL-Drought,C,0.224
OTL-Drought,C,0.224
OTL-Drought,C,0.223
OTL-Drought,C,0.223
OTL-Drought,C,0.224
OTL-Drought,C,0.225
OTL-Drought,C,0.226
OTL-Drought,C,0.226
OTL-Drought,C,0.227
OTL-Drought,C,0.227
OTL-Drought,C,0.227
OTL-Drought,C,0.227
OTL-Drought,C,0.227
OTL-Drought,C,0.227
OTL-Drought,C,0.227
OTL-Drought,C,0.227
OTL-Drought,C,0.227
OTL-Drought,C,0.227
OTL-Drought,C,0.226
OTL-Drought,C,0.226
OTL-Drought,C,0.225
OTL-Drought,C,0.225
OTL-Drought,C,0.225
OTL-Drought,C,0.224
OTL-Drought,C,0.224
OTL-Drought,C,0.223
OTL-Drought,C,0.223
OTL-Drought,C,0.223
OTL-Drought,C,0.223
OTL-Drought,C,0.224
OTL-Drought,C,0.225
OTL-Drought,C,0.226
OTL-Drought,C,0.226
OTL-Drought,C,0.227
OTL-Drought,C,0.227
OTL-Drought,C,0.227
OTL-Drought,C,0.227
OTL-Drought,C,0.227
OTL-Drought,C,0.228
OTL-Drought,C,0.228
OTL-Drought,C,0.227
OTL-Drought,C,0.227
OTL-Drought,C,0.227
OTL-Drought,C,0.226
OTL-Drought,C,0.226
OTL-Drought,C,0.226
OTL-Drought,C,0.225
OTL-Drought,C,0.225
OTL-Drought,C,0.225
OTL-Drought,C,0.224
OTL-Drought,C,0.224
OTL-Drought,C,0.224
OTL-Drought,C,0.224
OTL-Drought,C,0.225
OTL-Drought,C,0.226
OTL-Drought,C,0.227
OTL-Drought,C,0.227
OTL-Drought,C,0.228
OTL-Drought,C,0.228
OTL-Drought,C,0.228
OTL-Drought,C,0.228
OTL-Drought,C,0.228
OTL-Drought,C,0.228
OTL-Drought,C,0.228
OTL-Drought,C,0.228
OTL-Drought,C,0.228
OTL-Drought,C,0.227
OTL-Drought,C,0.227
OTL-Drought,C,0.226
OTL-Drought,C,0.226
OTL-Drought,C,0.226
OTL-Drought,C,0.225
OTL-Drought,C,0.225
OTL-Drought,C,0.224
OTL-Drought,C,0.224
OTL-Drought,C,0.224
OTL-Drought,C,0.224
OTL-Drought,C,0.225
OTL-Drought,C,0.226
OTL-Drought,C,0.226
OTL-Drought,C,0.227
OTL-Drought,C,0.227
OTL-Drought,C,0.227
OTL-Drought,C,0.227
OTL-Drought,C,0.228
OTL-Drought,C,0.228
OTL-Drought,C,0.228
OTL-Drought,C,0.228
OTL-Drought,C,0.227
OTL-Drought,C,0.227
OTL-Drought,C,0.226
OTL-Drought,C,0.226
OTL-Drought,C,0.226
OTL-Drought,C,0.225
OTL-Drought,C,0.225
OTL-Drought,C,0.224
OTL-Drought,C,0.224
OTL-Drought,C,0.224
OTL-Drought,C,0.223
OTL-Drought,C,0.223
OTL-Drought,C,0.223
OTL-Drought,C,0.224
OTL-Drought,C,0.225
OTL-Drought,C,0.225
OTL-Drought,C,0.226
OTL-Drought,C,0.226
OTL-Drought,C,0.227
OTL-Drought,C,0.227
OTL-Drought,C,0.228
OTL-Drought,C,0.228
OTL-Drought,C,0.228
OTL-Drought,C,0.228
OTL-Drought,C,0.228
OTL-Drought,C,0.227
OTL-Drought,C,0.227
OTL-Drought,C,0.226
OTL-Drought,C,0.226
OTL-Drought,C,0.226
OTL-Drought,C,0.225
OTL-Drought,C,0.225
OTL-Drought,C,0.224
OTL-Drought,C,0.224
OTL-Drought,C,0.223
OTL-Drought,C,0.223
OTL-Drought,C,0.224
OTL-Drought,C,0.224
OTL-Drought,C,0.226
OTL-Drought,C,0.227
OTL-Drought,C,0.227
OTL-Drought,C,0.228
OTL-Drought,C,0.228
OTL-Drought,C,0.228
OTL-Drought,C,0.228
OTL-Drought,C,0.229
OTL-Drought,C,0.229
OTL-Drought,C,0.229
OTL-Drought,C,0.228
OTL-Drought,C,0.228
OTL-Drought,C,0.227
OTL-Drought,C,0.227
OTL-Drought,C,0.226
OTL-Drought,C,0.226
OTL-Drought,C,0.225
OTL-Drought,C,0.225
OTL-Drought,C,0.224
OTL-Drought,C,0.224
OTL-Drought,C,0.224
OTL-Drought,C,0.223
OTL-Drought,C,0.223
OTL-Drought,C,0.224
OTL-Drought,C,0.225
OTL-Drought,C,0.226
OTL-Drought,C,0.226
OTL-Drought,C,0.227
OTL-Drought,C,0.227
OTL-Drought,C,0.227
OTL-Drought,C,0.227
OTL-Drought,C,0.227
OTL-Drought,C,0.227
OTL-Drought,C,0.227
OTL-Drought,C,0.226
OTL-Drought,C,0.226
OTL-Drought,C,0.225
OTL-Drought,C,0.225
OTL-Drought,C,0.224
OTL-Drought,C,0.224
OTL-Drought,C,0.224
OTL-Drought,C,0.223
OTL-Drought,C,0.223
OTL-Drought,C,0.222
OTL-Drought,C,0.222
OTL-Drought,C,0.222
OTL-Drought,C,0.222
OTL-Drought,C,0.223
OTL-Drought,C,0.224
OTL-Drought,C,0.224
OTL-Drought,C,0.225
OTL-Drought,C,0.225
OTL-Drought,C,0.225
OTL-Drought,C,0.225
OTL-Drought,C,0.225
OTL-Drought,C,0.225
OTL-Drought,C,0.225
OTL-Drought,C,0.225
OTL-Drought,C,0.225
OTL-Drought,C,0.224
OTL-Drought,C,0.224
OTL-Drought,C,0.223
OTL-Drought,C,0.223
OTL-Drought,C,0.223
OTL-Drought,C,0.222
OTL-Drought,C,0.222
OTL-Drought,C,0.221
OTL-Drought,C,0.221
OTL-Drought,C,0.221
OTL-Drought,C,0.221
OTL-Drought,C,0.221
OTL-Drought,C,0.222
OTL-Drought,C,0.223
OTL-Drought,C,0.224
OTL-Drought,C,0.224
OTL-Drought,C,0.225
OTL-Drought,C,0.225
OTL-Drought,C,0.225
OTL-Drought,C,0.225
OTL-Drought,C,0.225
OTL-Drought,C,0.225
OTL-Drought,C,0.225
OTL-Drought,C,0.224
OTL-Drought,C,0.224
OTL-Drought,C,0.224
OTL-Drought,C,0.223
OTL-Drought,C,0.223
OTL-Drought,C,0.222
OTL-Drought,C,0.222
OTL-Drought,C,0.222
OTL-Drought,C,0.221
OTL-Drought,C,0.221
OTL-Drought,C,0.220
OTL-Drought,C,0.220
OTL-Drought,C,0.221
OTL-Drought,C,0.222
OTL-Drought,C,0.223
OTL-Drought,C,0.223
OTL-Drought,C,0.224
OTL-Drought,C,0.224
OTL-Drought,C,0.224
OTL-Drought,C,0.224
OTL-Drought,C,0.225
OTL-Drought,C,0.225
OTL-Drought,C,0.225
OTL-Drought,C,0.224
OTL-Drought,C,0.224
OTL-Drought,C,0.224
OTL-Drought,C,0.223
OTL-Drought,C,0.223
OTL-Drought,C,0.222
OTL-Drought,C,0.222
OTL-Drought,C,0.221
OTL-Drought,C,0.221
OTL-Drought,C,0.221
OTL-Drought,C,0.220
OTL-Drought,C,0.220
OTL-Drought,C,0.220
OTL-Drought,C,0.220
OTL-Drought,C,0.221
OTL-Drought,C,0.222
OTL-Drought,C,0.223
OTL-Drought,C,0.223
OTL-Drought,C,0.224
OTL-Drought,C,0.224
OTL-Drought,C,0.224
OTL-Drought,C,0.224
OTL-Drought,C,0.224
OTL-Drought,C,0.224
OTL-Drought,C,0.224
OTL-Drought,C,0.224
OTL-Drought,C,0.223
OTL-Drought,C,0.223
OTL-Drought,C,0.222
OTL-Drought,C,0.222
OTL-Drought,C,0.221
OTL-Drought,C,0.221
OTL-Drought,C,0.221
OTL-Drought,C,0.220
OTL-Drought,C,0.220
OTL-Drought,C,0.220
OTL-Drought,C,0.219
OTL-Drought,C,0.219
OTL-Drought,C,0.220
OTL-Drought,C,0.220
OTL-Drought,C,0.221
OTL-Drought,C,0.221
OTL-Drought,C,0.222
OTL-Drought,C,0.222
OTL-Drought,C,0.223
OTL-Drought,C,0.223
OTL-Drought,C,0.223
OTL-Drought,C,0.223
OTL-Drought,C,0.222
OTL-Drought,C,0.222
OTL-Drought,C,0.222
OTL-Drought,C,0.221
OTL-Drought,C,0.221
OTL-Drought,C,0.220
OTL-Drought,C,0.220
OTL-Drought,C,0.220
OTL-Drought,C,0.219
OTL-Drought,C,0.219
OTL-Drought,C,0.218
OTL-Drought,C,0.218
OTL-Drought,C,0.218
OTL-Drought,C,0.218
OTL-Drought,C,0.219
OTL-Drought,C,0.220
OTL-Drought,C,0.221
OTL-Drought,C,0.221
OTL-Drought,C,0.222
OTL-Drought,C,0.222
OTL-Drought,C,0.222
OTL-Drought,C,0.222
OTL-Drought,C,0.223
OTL-Drought,C,0.222
OTL-Drought,C,0.222
OTL-Drought,C,0.222
OTL-Drought,C,0.222
OTL-Drought,C,0.221
OTL-Drought,C,0.221
OTL-Drought,C,0.220
OTL-Drought,C,0.220
OTL-Drought,C,0.219
OTL-Drought,C,0.219
OTL-Drought,C,0.218
OTL-Drought,C,0.218
OTL-Drought,C,0.218
OTL-Drought,C,0.218
OTL-Drought,C,0.218
OTL-Drought,C,0.219
OTL-Drought,C,0.220
OTL-Drought,C,0.220
OTL-Drought,C,0.221
OTL-Drought,C,0.221
OTL-Drought,C,0.222
OTL-Drought,C,0.222
OTL-Drought,C,0.222
OTL-Drought,C,0.222
OTL-Drought,C,0.222
OTL-Drought,C,0.222
OTL-Drought,C,0.221
OTL-Drought,C,0.221
OTL-Drought,C,0.220
OTL-Drought,C,0.220
OTL-Drought,C,0.219
OTL-Drought,C,0.219
OTL-Drought,C,0.219
OTL-Drought,C,0.218
OTL-Drought,C,0.218
OTL-Drought,C,0.217
OTL-Drought,C,0.217
OTL-Drought,C,0.217
OTL-Drought,C,0.217
OTL-Drought,C,0.218
OTL-Drought,C,0.219
OTL-Drought,C,0.220
OTL-Drought,C,0.220
OTL-Drought,C,0.221
OTL-Drought,C,0.221
OTL-Drought,C,0.221
OTL-Drought,C,0.221
OTL-Drought,C,0.221
OTL-Drought,C,0.221
OTL-Drought,C,0.221
OTL-Drought,C,0.221
OTL-Control,D,0.386
OTL-Control,D,0.386
OTL-Control,D,0.385
OTL-Control,D,0.385
OTL-Control,D,0.385
OTL-Control,D,0.385
OTL-Control,D,0.384
OTL-Control,D,0.384
OTL-Control,D,0.384
OTL-Control,D,0.384
OTL-Control,D,0.383
OTL-Control,D,0.381
OTL-Control,D,0.380
OTL-Control,D,0.379
OTL-Control,D,0.379
OTL-Control,D,0.379
OTL-Control,D,0.379
OTL-Control,D,0.379
OTL-Control,D,0.379
OTL-Control,D,0.379
OTL-Control,D,0.379
OTL-Control,D,0.379
OTL-Control,D,0.379
OTL-Control,D,0.378
OTL-Control,D,0.378
OTL-Control,D,0.378
OTL-Control,D,0.377
OTL-Control,D,0.377
OTL-Control,D,0.377
OTL-Control,D,0.377
OTL-Control,D,0.376
OTL-Control,D,0.376
OTL-Control,D,0.375
OTL-Control,D,0.375
OTL-Control,D,0.374
OTL-Control,D,0.374
OTL-Control,D,0.374
OTL-Control,D,0.374
OTL-Control,D,0.375
OTL-Control,D,0.376
OTL-Control,D,0.376
OTL-Control,D,0.377
OTL-Control,D,0.378
OTL-Control,D,0.379
OTL-Control,D,0.379
OTL-Control,D,0.379
OTL-Control,D,0.378
OTL-Control,D,0.378
OTL-Control,D,0.377
OTL-Control,D,0.377
OTL-Control,D,0.376
OTL-Control,D,0.376
OTL-Control,D,0.376
OTL-Control,D,0.376
OTL-Control,D,0.375
OTL-Control,D,0.375
OTL-Control,D,0.374
OTL-Control,D,0.374
OTL-Control,D,0.373
OTL-Control,D,0.373
OTL-Control,D,0.373
OTL-Control,D,0.373
OTL-Control,D,0.374
OTL-Control,D,0.375
OTL-Control,D,0.376
OTL-Control,D,0.377
OTL-Control,D,0.378
OTL-Control,D,0.378
OTL-Control,D,0.379
OTL-Control,D,0.378
OTL-Control,D,0.378
OTL-Control,D,0.378
OTL-Control,D,0.377
OTL-Control,D,0.377
OTL-Control,D,0.376
OTL-Control,D,0.376
OTL-Control,D,0.376
OTL-Control,D,0.375
OTL-Control,D,0.375
OTL-Control,D,0.375
OTL-Control,D,0.374
OTL-Control,D,0.374
OTL-Control,D,0.374
OTL-Control,D,0.373
OTL-Control,D,0.373
OTL-Control,D,0.374
OTL-Control,D,0.374
OTL-Control,D,0.374
OTL-Control,D,0.374
OTL-Control,D,0.374
OTL-Control,D,0.375
OTL-Control,D,0.375
OTL-Control,D,0.375
OTL-Control,D,0.375
OTL-Control,D,0.375
OTL-Control,D,0.374
OTL-Control,D,0.374
OTL-Control,D,0.373
OTL-Control,D,0.373
OTL-Control,D,0.373
OTL-Control,D,0.373
OTL-Control,D,0.373
OTL-Control,D,0.373
OTL-Control,D,0.375
OTL-Control,D,0.376
OTL-Control,D,0.376
OTL-Control,D,0.376
OTL-Control,D,0.376
OTL-Control,D,0.376
OTL-Control,D,0.377
OTL-Control,D,0.377
OTL-Control,D,0.378
OTL-Control,D,0.379
OTL-Control,D,0.379
OTL-Control,D,0.379
OTL-Control,D,0.380
OTL-Control,D,0.380
OTL-Control,D,0.380
OTL-Control,D,0.379
OTL-Control,D,0.379
OTL-Control,D,0.378
OTL-Control,D,0.378
OTL-Control,D,0.378
OTL-Control,D,0.377
OTL-Control,D,0.377
OTL-Control,D,0.376
OTL-Control,D,0.376
OTL-Control,D,0.376
OTL-Control,D,0.375
OTL-Control,D,0.375
OTL-Control,D,0.375
OTL-Control,D,0.375
OTL-Control,D,0.375
OTL-Control,D,0.375
OTL-Control,D,0.376
OTL-Control,D,0.376
OTL-Control,D,0.377
OTL-Control,D,0.378
OTL-Control,D,0.378
OTL-Control,D,0.378
OTL-Control,D,0.379
OTL-Control,D,0.378
OTL-Control,D,0.378
OTL-Control,D,0.378
OTL-Control,D,0.377
OTL-Control,D,0.377
OTL-Control,D,0.377
OTL-Control,D,0.376
OTL-Control,D,0.376
OTL-Control,D,0.376
OTL-Control,D,0.376
OTL-Control,D,0.376
OTL-Control,D,0.375
OTL-Control,D,0.375
OTL-Control,D,0.375
OTL-Control,D,0.375
OTL-Control,D,0.375
OTL-Control,D,0.375
OTL-Control,D,0.376
OTL-Control,D,0.377
OTL-Control,D,0.378
OTL-Control,D,0.378
OTL-Control,D,0.378
OTL-Control,D,0.379
OTL-Control,D,0.378
OTL-Control,D,0.378
OTL-Control,D,0.378
OTL-Control,D,0.377
OTL-Control,D,0.377
OTL-Control,D,0.377
OTL-Control,D,0.376
OTL-Control,D,0.376
OTL-Control,D,0.376
OTL-Control,D,0.376
OTL-Control,D,0.375
OTL-Control,D,0.375
OTL-Control,D,0.375
OTL-Control,D,0.375
OTL-Control,D,0.375
OTL-Control,D,0.376
OTL-Control,D,0.376
OTL-Control,D,0.377
OTL-Control,D,0.378
OTL-Control,D,0.379
OTL-Control,D,0.380
OTL-Control,D,0.381
OTL-Control,D,0.381
OTL-Control,D,0.381
OTL-Control,D,0.382
OTL-Control,D,0.381
OTL-Control,D,0.381
OTL-Control,D,0.380
OTL-Control,D,0.380
OTL-Control,D,0.379
OTL-Control,D,0.379
OTL-Control,D,0.378
OTL-Control,D,0.378
OTL-Control,D,0.377
OTL-Control,D,0.377
OTL-Control,D,0.376
OTL-Control,D,0.376
OTL-Control,D,0.376
OTL-Control,D,0.375
OTL-Control,D,0.375
OTL-Control,D,0.375
OTL-Control,D,0.376
OTL-Control,D,0.376
OTL-Control,D,0.376
OTL-Control,D,0.377
OTL-Control,D,0.380
OTL-Control,D,0.384
OTL-Control,D,0.388
OTL-Control,D,0.389
OTL-Control,D,0.389
OTL-Control,D,0.390
OTL-Control,D,0.390
OTL-Control,D,0.390
OTL-Control,D,0.390
OTL-Control,D,0.390
OTL-Control,D,0.390
OTL-Control,D,0.391
OTL-Control,D,0.391
OTL-Control,D,0.391
OTL-Control,D,0.391
OTL-Control,D,0.391
OTL-Control,D,0.391
OTL-Control,D,0.391
OTL-Control,D,0.392
OTL-Control,D,0.393
OTL-Control,D,0.394
OTL-Control,D,0.395
OTL-Control,D,0.397
OTL-Control,D,0.399
OTL-Control,D,0.400
OTL-Control,D,0.400
OTL-Control,D,0.399
OTL-Control,D,0.399
OTL-Control,D,0.398
OTL-Control,D,0.398
OTL-Control,D,0.396
OTL-Control,D,0.392
OTL-Control,D,0.390
OTL-Control,D,0.389
OTL-Control,D,0.388
OTL-Control,D,0.388
OTL-Control,D,0.387
OTL-Control,D,0.387
OTL-Control,D,0.387
OTL-Control,D,0.387
OTL-Control,D,0.386
OTL-Control,D,0.386
OTL-Control,D,0.386
OTL-Control,D,0.386
OTL-Control,D,0.386
OTL-Control,D,0.387
OTL-Control,D,0.392
OTL-Control,D,0.394
OTL-Control,D,0.394
OTL-Control,D,0.394
OTL-Control,D,0.392
OTL-Control,D,0.392
OTL-Control,D,0.393
OTL-Control,D,0.393
OTL-Control,D,0.392
OTL-Control,D,0.391
OTL-Control,D,0.391
OTL-Control,D,0.390
OTL-Control,D,0.390
OTL-Control,D,0.389
OTL-Control,D,0.389
OTL-Control,D,0.389
OTL-Control,D,0.389
OTL-Control,D,0.388
OTL-Control,D,0.388
OTL-Control,D,0.388
OTL-Control,D,0.388
OTL-Control,D,0.388
OTL-Control,D,0.389
OTL-Control,D,0.391
OTL-Control,D,0.395
OTL-Control,D,0.395
OTL-Control,D,0.396
OTL-Control,D,0.395
OTL-Control,D,0.394
OTL-Control,D,0.394
OTL-Control,D,0.394
OTL-Control,D,0.395
OTL-Control,D,0.395
OTL-Control,D,0.394
OTL-Control,D,0.393
OTL-Control,D,0.393
OTL-Control,D,0.392
OTL-Control,D,0.392
OTL-Control,D,0.391
OTL-Control,D,0.391
OTL-Control,D,0.391
OTL-Control,D,0.390
OTL-Control,D,0.390
OTL-Control,D,0.390
OTL-Control,D,0.390
OTL-Control,D,0.390
OTL-Control,D,0.390
OTL-Control,D,0.390
OTL-Control,D,0.391
OTL-Control,D,0.391
OTL-Control,D,0.392
OTL-Control,D,0.392
OTL-Control,D,0.393
OTL-Control,D,0.393
OTL-Control,D,0.392
OTL-Control,D,0.392
OTL-Control,D,0.392
OTL-Control,D,0.391
OTL-Control,D,0.391
OTL-Control,D,0.391
OTL-Control,D,0.390
OTL-Control,D,0.390
OTL-Control,D,0.390
OTL-Control,D,0.390
OTL-Control,D,0.391
OTL-Control,D,0.395
OTL-Control,D,0.398
OTL-Control,D,0.398
OTL-Control,D,0.398
OTL-Control,D,0.399
OTL-Control,D,0.399
OTL-Control,D,0.399
OTL-Control,D,0.399
OTL-Control,D,0.399
OTL-Control,D,0.399
OTL-Control,D,0.400
OTL-Control,D,0.400
OTL-Control,D,0.400
OTL-Control,D,0.400
OTL-Control,D,0.400
OTL-Control,D,0.399
OTL-Control,D,0.399
OTL-Control,D,0.398
OTL-Control,D,0.398
OTL-Control,D,0.397
OTL-Control,D,0.397
OTL-Control,D,0.396
OTL-Control,D,0.396
OTL-Control,D,0.396
OTL-Control,D,0.395
OTL-Control,D,0.395
OTL-Control,D,0.395
OTL-Control,D,0.395
OTL-Control,D,0.396
OTL-Control,D,0.396
OTL-Control,D,0.397
OTL-Control,D,0.397
OTL-Control,D,0.398
OTL-Control,D,0.399
OTL-Control,D,0.399
OTL-Control,D,0.400
OTL-Control,D,0.400
OTL-Control,D,0.397
OTL-Control,D,0.394
OTL-Control,D,0.393
OTL-Control,D,0.392
OTL-Control,D,0.391
OTL-Control,D,0.390
OTL-Control,D,0.390
OTL-Control,D,0.389
OTL-Control,D,0.389
OTL-Control,D,0.388
OTL-Control,D,0.388
OTL-Control,D,0.387
OTL-Control,D,0.387
OTL-Control,D,0.386
OTL-Control,D,0.386
OTL-Control,D,0.386
OTL-Control,D,0.386
OTL-Control,D,0.387
OTL-Control,D,0.388
OTL-Control,D,0.389
OTL-Control,D,0.390
OTL-Control,D,0.391
OTL-Control,D,0.391
OTL-Control,D,0.392
OTL-Control,D,0.391
OTL-Control,D,0.391
OTL-Control,D,0.390
OTL-Control,D,0.389
OTL-Control,D,0.389
OTL-Control,D,0.388
OTL-Control,D,0.387
OTL-Control,D,0.386
OTL-Control,D,0.386
OTL-Control,D,0.385
OTL-Control,D,0.385
OTL-Control,D,0.384
OTL-Control,D,0.383
OTL-Control,D,0.382
OTL-Control,D,0.382
OTL-Control,D,0.382
OTL-Control,D,0.383
OTL-Control,D,0.384
OTL-Control,D,0.386
OTL-Control,D,0.388
OTL-Control,D,0.389
OTL-Control,D,0.389
OTL-Control,D,0.390
OTL-Control,D,0.390
OTL-Control,D,0.389
OTL-Control,D,0.389
OTL-Control,D,0.388
OTL-Control,D,0.387
OTL-Control,D,0.386
OTL-Control,D,0.385
OTL-Control,D,0.384
OTL-Control,D,0.384
OTL-Control,D,0.383
OTL-Control,D,0.382
OTL-Control,D,0.382
OTL-Control,D,0.381
OTL-Control,D,0.380
OTL-Control,D,0.380
OTL-Control,D,0.380
OTL-Control,D,0.380
OTL-Control,D,0.381
OTL-Control,D,0.382
OTL-Control,D,0.383
OTL-Control,D,0.383
OTL-Control,D,0.384
OTL-Control,D,0.384
OTL-Control,D,0.384
OTL-Control,D,0.384
OTL-Control,D,0.384
OTL-Control,D,0.383
OTL-Control,D,0.383
OTL-Control,D,0.382
OTL-Control,D,0.382
OTL-Control,D,0.381
OTL-Control,D,0.381
OTL-Control,D,0.381
OTL-Control,D,0.380
OTL-Control,D,0.380
OTL-Control,D,0.380
OTL-Control,D,0.383
OTL-Control,D,0.390
OTL-Control,D,0.393
OTL-Control,D,0.394
OTL-Control,D,0.394
OTL-Control,D,0.394
OTL-Control,D,0.394
OTL-Control,D,0.394
OTL-Control,D,0.395
OTL-Control,D,0.395
OTL-Control,D,0.395
OTL-Control,D,0.395
OTL-Control,D,0.396
OTL-Control,D,0.396
OTL-Control,D,0.396
OTL-Control,D,0.396
OTL-Control,D,0.396
OTL-Control,D,0.395
OTL-Control,D,0.395
OTL-Control,D,0.393
OTL-Control,D,0.390
OTL-Control,D,0.389
OTL-Control,D,0.389
OTL-Control,D,0.389
OTL-Control,D,0.388
OTL-Control,D,0.388
OTL-Control,D,0.387
OTL-Control,D,0.387
OTL-Control,D,0.388
OTL-Control,D,0.388
OTL-Control,D,0.389
OTL-Control,D,0.390
OTL-Control,D,0.390
OTL-Control,D,0.391
OTL-Control,D,0.391
OTL-Control,D,0.391
OTL-Control,D,0.391
OTL-Control,D,0.391
OTL-Control,D,0.390
OTL-Control,D,0.390
OTL-Control,D,0.389
OTL-Control,D,0.388
OTL-Control,D,0.388
OTL-Control,D,0.387
OTL-Control,D,0.387
OTL-Control,D,0.387
OTL-Control,D,0.386
OTL-Control,D,0.386
OTL-Control,D,0.386
OTL-Control,D,0.386
OTL-Control,D,0.387
OTL-Control,D,0.394
OTL-Control,D,0.395
OTL-Control,D,0.395
OTL-Control,D,0.395
OTL-Control,D,0.395
OTL-Control,D,0.396
OTL-Control,D,0.396
OTL-Control,D,0.396
OTL-Control,D,0.396
OTL-Control,D,0.397
OTL-Control,D,0.396
OTL-Control,D,0.397
OTL-Control,D,0.397
OTL-Control,D,0.397
OTL-Control,D,0.397
OTL-Control,D,0.396
OTL-Control,D,0.396
OTL-Control,D,0.396
OTL-Control,D,0.396
OTL-Control,D,0.396
OTL-Control,D,0.396
OTL-Control,D,0.396
OTL-Control,D,0.396
OTL-Control,D,0.396
OTL-Control,D,0.396
OTL-Control,D,0.396
OTL-Control,D,0.396
OTL-Control,D,0.397
OTL-Control,D,0.397
OTL-Control,D,0.397
OTL-Control,D,0.398
OTL-Control,D,0.398
OTL-Control,D,0.399
OTL-Control,D,0.399
OTL-Control,D,0.399
OTL-Control,D,0.399
OTL-Control,D,0.399
OTL-Control,D,0.399
OTL-Control,D,0.399
OTL-Control,D,0.398
OTL-Control,D,0.398
OTL-Control,D,0.398
OTL-Control,D,0.398
OTL-Control,D,0.397
OTL-Control,D,0.397
OTL-Control,D,0.397
OTL-Control,D,0.396
OTL-Control,D,0.396
OTL-Control,D,0.396
OTL-Control,D,0.396
OTL-Control,D,0.397
OTL-Control,D,0.398
OTL-Control,D,0.399
OTL-Control,D,0.400
OTL-Control,D,0.400
OTL-Control,D,0.401
OTL-Control,D,0.399
OTL-Control,D,0.396
OTL-Control,D,0.395
OTL-Control,D,0.394
OTL-Control,D,0.393
OTL-Control,D,0.392
OTL-Control,D,0.391
OTL-Control,D,0.391
OTL-Control,D,0.390
OTL-Control,D,0.390
OTL-Control,D,0.389
OTL-Control,D,0.389
OTL-Control,D,0.388
OTL-Control,D,0.387
OTL-Control,D,0.386
OTL-Control,D,0.386
OTL-Control,D,0.386
OTL-Control,D,0.386
OTL-Control,D,0.387
OTL-Control,D,0.388
OTL-Control,D,0.389
OTL-Control,D,0.390
OTL-Control,D,0.391
OTL-Control,D,0.392
OTL-Control,D,0.392
OTL-Control,D,0.392
OTL-Control,D,0.391
OTL-Control,D,0.390
OTL-Control,D,0.389
OTL-Control,D,0.388
OTL-Control,D,0.387
OTL-Control,D,0.386
OTL-Control,D,0.385
OTL-Control,D,0.384
OTL-Control,D,0.384
OTL-Control,D,0.383
OTL-Control,D,0.382
OTL-Control,D,0.382
OTL-Control,D,0.381
OTL-Control,D,0.380
OTL-Control,D,0.380
OTL-Control,D,0.380
OTL-Control,D,0.381
OTL-Control,D,0.382
OTL-Control,D,0.383
OTL-Control,D,0.385
OTL-Control,D,0.386
OTL-Control,D,0.386
OTL-Control,D,0.387
OTL-Control,D,0.386
OTL-Control,D,0.386
OTL-Control,D,0.385
OTL-Control,D,0.384
OTL-Control,D,0.382
OTL-Control,D,0.382
OTL-Control,D,0.381
OTL-Control,D,0.380
OTL-Control,D,0.379
OTL-Control,D,0.378
OTL-Control,D,0.377
OTL-Control,D,0.376
OTL-Control,D,0.376
OTL-Control,D,0.375
OTL-Control,D,0.375
OTL-Control,D,0.374
OTL-Control,D,0.375
OTL-Control,D,0.376
OTL-Control,D,0.377
OTL-Control,D,0.378
OTL-Control,D,0.380
OTL-Control,D,0.381
OTL-Control,D,0.382
OTL-Control,D,0.382
OTL-Control,D,0.382
OTL-Control,D,0.381
OTL-Control,D,0.380
OTL-Control,D,0.379
OTL-Control,D,0.377
OTL-Control,D,0.376
OTL-Control,D,0.375
OTL-Control,D,0.374
OTL-Control,D,0.373
OTL-Control,D,0.372
OTL-Control,D,0.371
OTL-Control,D,0.371
OTL-Control,D,0.370
OTL-Control,D,0.369
OTL-Control,D,0.369
OTL-Control,D,0.369
OTL-Control,D,0.369
OTL-Control,D,0.371
OTL-Control,D,0.372
OTL-Control,D,0.374
OTL-Control,D,0.375
OTL-Control,D,0.376
OTL-Control,D,0.377
OTL-Control,D,0.377
OTL-Control,D,0.377
OTL-Control,D,0.376
OTL-Control,D,0.375
OTL-Control,D,0.374
OTL-Control,D,0.373
OTL-Control,D,0.372
OTL-Control,D,0.372
OTL-Control,D,0.371
OTL-Control,D,0.370
OTL-Control,D,0.370
OTL-Control,D,0.369
OTL-Control,D,0.369
OTL-Control,D,0.368
OTL-Control,D,0.368
OTL-Control,D,0.368
OTL-Control,D,0.367
OTL-Control,D,0.368
OTL-Control,D,0.371
OTL-Control,D,0.375
OTL-Control,D,0.378
OTL-Control,D,0.381
OTL-Control,D,0.382
OTL-Control,D,0.382
OTL-Control,D,0.383
OTL-Control,D,0.383
OTL-Control,D,0.383
OTL-Control,D,0.382
OTL-Control,D,0.382
OTL-Control,D,0.381
OTL-Control,D,0.381
OTL-Control,D,0.380
OTL-Control,D,0.380
OTL-Control,D,0.379
OTL-Control,D,0.379
OTL-Control,D,0.379
OTL-Control,D,0.379
OTL-Control,D,0.383
OTL-Control,D,0.387
OTL-Control,D,0.387
OTL-Control,D,0.387
OTL-Control,D,0.387
OTL-Control,D,0.388
OTL-Control,D,0.388
OTL-Control,D,0.388
OTL-Control,D,0.388
OTL-Control,D,0.389
OTL-Control,D,0.389
OTL-Control,D,0.389
OTL-Control,D,0.389
OTL-Control,D,0.389
OTL-Control,D,0.389
OTL-Control,D,0.390
OTL-Control,D,0.390
OTL-Control,D,0.390
OTL-Control,D,0.390
OTL-Control,D,0.390
OTL-Control,D,0.390
OTL-Control,D,0.390
OTL-Control,D,0.389
OTL-Control,D,0.389
OTL-Control,D,0.389
OTL-Control,D,0.389
OTL-Control,D,0.389
OTL-Control,D,0.389
OTL-Control,D,0.390
OTL-Control,D,0.390
OTL-Control,D,0.392
OTL-Control,D,0.393
OTL-Control,D,0.394
OTL-Control,D,0.396
OTL-Control,D,0.396
OTL-Control,D,0.397
OTL-Control,D,0.397
OTL-Control,D,0.397
OTL-Control,D,0.396
OTL-Control,D,0.396
OTL-Control,D,0.395
OTL-Control,D,0.395
OTL-Control,D,0.394
OTL-Control,D,0.394
OTL-Control,D,0.393
OTL-Control,D,0.393
OTL-Control,D,0.393
OTL-Control,D,0.393
OTL-Control,D,0.392
OTL-Control,D,0.392
OTL-Control,D,0.392
OTL-Control,D,0.392
OTL-Control,D,0.392
OTL-Control,D,0.393
OTL-Control,D,0.394
OTL-Control,D,0.395
OTL-Control,D,0.395
OTL-Control,D,0.396
OTL-Control,D,0.396
OTL-Control,D,0.397
OTL-Control,D,0.397
OTL-Control,D,0.397
OTL-Control,D,0.393
OTL-Control,D,0.391
OTL-Control,D,0.390
OTL-Control,D,0.388
OTL-Control,D,0.388
OTL-Control,D,0.387
OTL-Control,D,0.386
OTL-Control,D,0.385
OTL-Control,D,0.385
OTL-Control,D,0.384
OTL-Control,D,0.384
OTL-Control,D,0.383
OTL-Control,D,0.383
OTL-Control,D,0.383
OTL-Control,D,0.383
OTL-Control,D,0.384
OTL-Control,D,0.386
OTL-Control,D,0.387
OTL-Control,D,0.388
OTL-Control,D,0.389
OTL-Control,D,0.390
OTL-Control,D,0.390
OTL-Control,D,0.390
OTL-Control,D,0.390
OTL-Control,D,0.389
OTL-Control,D,0.388
OTL-Control,D,0.387
OTL-Control,D,0.386
OTL-Control,D,0.385
OTL-Control,D,0.385
OTL-Control,D,0.384
OTL-Control,D,0.383
OTL-Control,D,0.383
OTL-Control,D,0.383
OTL-Control,D,0.382
OTL-Control,D,0.381
OTL-Control,D,0.381
OTL-Control,D,0.381
OTL-Control,D,0.381
OTL-Control,D,0.382
OTL-Control,D,0.384
OTL-Control,D,0.385
OTL-Control,D,0.387
OTL-Control,D,0.388
OTL-Control,D,0.389
OTL-Control,D,0.389
OTL-Control,D,0.388
OTL-Control,D,0.388
OTL-Control,D,0.386
OTL-Control,D,0.385
OTL-Control,D,0.384
OTL-Control,D,0.383
OTL-Control,D,0.382
OTL-Control,D,0.381
OTL-Control,D,0.380
OTL-Control,D,0.379
OTL-Control,D,0.378
OTL-Control,D,0.377
OTL-Control,D,0.377
OTL-Control,D,0.375
OTL-Control,D,0.375
OTL-Control,D,0.375
OTL-Control,D,0.375
OTL-Control,D,0.376
OTL-Control,D,0.378
OTL-Control,D,0.379
OTL-Control,D,0.380
OTL-Control,D,0.381
OTL-Control,D,0.382
OTL-Control,D,0.382
OTL-Control,D,0.382
OTL-Control,D,0.381
OTL-Control,D,0.380
OTL-Control,D,0.379
OTL-Control,D,0.378
OTL-Control,D,0.377
OTL-Control,D,0.376
OTL-Control,D,0.375
OTL-Control,D,0.374
OTL-Control,D,0.373
OTL-Control,D,0.372
OTL-Control,D,0.371
OTL-Control,D,0.370
OTL-Control,D,0.370
OTL-Control,D,0.369
OTL-Control,D,0.369
OTL-Control,D,0.370
OTL-Control,D,0.371
OTL-Control,D,0.372
OTL-Control,D,0.374
OTL-Control,D,0.376
OTL-Control,D,0.377
OTL-Control,D,0.378
OTL-Control,D,0.378
OTL-Control,D,0.378
OTL-Control,D,0.377
OTL-Control,D,0.376
OTL-Control,D,0.375
OTL-Control,D,0.374
OTL-Control,D,0.373
OTL-Control,D,0.372
OTL-Control,D,0.371
OTL-Control,D,0.370
OTL-Control,D,0.369
OTL-Control,D,0.368
OTL-Control,D,0.367
OTL-Control,D,0.366
OTL-Control,D,0.366
OTL-Control,D,0.365
OTL-Control,D,0.365
OTL-Control,D,0.366
OTL-Control,D,0.367
OTL-Control,D,0.369
OTL-Control,D,0.371
OTL-Control,D,0.373
OTL-Control,D,0.374
OTL-Control,D,0.375
OTL-Control,D,0.376
OTL-Control,D,0.375
OTL-Control,D,0.375
OTL-Control,D,0.374
OTL-Control,D,0.373
OTL-Control,D,0.371
OTL-Control,D,0.370
OTL-Control,D,0.369
OTL-Control,D,0.368
OTL-Control,D,0.367
OTL-Control,D,0.366
OTL-Control,D,0.365
OTL-Control,D,0.365
OTL-Control,D,0.364
OTL-Control,D,0.363
OTL-Control,D,0.362
OTL-Control,D,0.362
OTL-Control,D,0.363
OTL-Control,D,0.365
OTL-Control,D,0.366
OTL-Control,D,0.368
OTL-Control,D,0.370
OTL-Control,D,0.371
OTL-Control,D,0.371
OTL-Control,D,0.371
OTL-Control,D,0.370
OTL-Control,D,0.370
OTL-Control,D,0.369
OTL-Control,D,0.368
OTL-Control,D,0.367
OTL-Control,D,0.366
OTL-Control,D,0.366
OTL-Control,D,0.365
OTL-Control,D,0.364
OTL-Control,D,0.364
OTL-Control,D,0.363
OTL-Control,D,0.363
OTL-Control,D,0.362
OTL-Control,D,0.362
OTL-Control,D,0.362
OTL-Control,D,0.362
OTL-Control,D,0.362
OTL-Control,D,0.363
OTL-Control,D,0.363
OTL-Control,D,0.363
OTL-Control,D,0.363
OTL-Control,D,0.364
OTL-Control,D,0.365
OTL-Control,D,0.365
OTL-Control,D,0.365
OTL-Control,D,0.365
OTL-Control,D,0.365
OTL-Control,D,0.364
OTL-Control,D,0.364
OTL-Control,D,0.363
OTL-Control,D,0.363
OTL-Control,D,0.362
OTL-Control,D,0.362
OTL-Control,D,0.361
OTL-Control,D,0.361
OTL-Control,D,0.361
OTL-Control,D,0.360
OTL-Control,D,0.360
OTL-Control,D,0.360
OTL-Control,D,0.360
OTL-Control,D,0.361
OTL-Control,D,0.362
OTL-Control,D,0.364
OTL-Control,D,0.366
OTL-Control,D,0.368
OTL-Control,D,0.369
OTL-Control,D,0.371
OTL-Control,D,0.372
OTL-Control,D,0.372
OTL-Control,D,0.372
OTL-Control,D,0.371
OTL-Control,D,0.369
OTL-Control,D,0.368
OTL-Control,D,0.367
OTL-Control,D,0.366
OTL-Control,D,0.365
OTL-Control,D,0.364
OTL-Control,D,0.364
OTL-Control,D,0.363
OTL-Control,D,0.362
OTL-Control,D,0.361
OTL-Control,D,0.361
OTL-Control,D,0.360
OTL-Control,D,0.360
OTL-Control,D,0.361
OTL-Control,D,0.363
OTL-Control,D,0.365
OTL-Control,D,0.367
OTL-Control,D,0.370
OTL-Control,D,0.372
OTL-Control,D,0.373
OTL-Control,D,0.374
OTL-Control,D,0.374
OTL-Control,D,0.373
OTL-Control,D,0.372
OTL-Control,D,0.371
OTL-Control,D,0.369
OTL-Control,D,0.368
OTL-Control,D,0.367
OTL-Control,D,0.366
OTL-Control,D,0.365
OTL-Control,D,0.364
OTL-Control,D,0.363
OTL-Control,D,0.362
OTL-Control,D,0.361
OTL-Control,D,0.360
OTL-Control,D,0.360
OTL-Control,D,0.360
OTL-Control,D,0.361
OTL-Control,D,0.363
OTL-Control,D,0.365
OTL-Control,D,0.367
OTL-Control,D,0.369
OTL-Control,D,0.371
OTL-Control,D,0.372
OTL-Control,D,0.373
OTL-Control,D,0.372
OTL-Control,D,0.371
OTL-Control,D,0.370
OTL-Control,D,0.368
OTL-Control,D,0.367
OTL-Control,D,0.366
OTL-Control,D,0.364
OTL-Control,D,0.363
OTL-Control,D,0.362
OTL-Control,D,0.361
OTL-Control,D,0.360
OTL-Control,D,0.360
OTL-Control,D,0.359
OTL-Control,D,0.358
OTL-Control,D,0.358
OTL-Control,D,0.358
OTL-Control,D,0.359
OTL-Control,D,0.360
OTL-Control,D,0.363
OTL-Control,D,0.365
OTL-Control,D,0.367
OTL-Control,D,0.369
OTL-Control,D,0.370
OTL-Control,D,0.370
OTL-Control,D,0.369
OTL-Control,D,0.368
OTL-Control,D,0.366
OTL-Control,D,0.365
OTL-Control,D,0.363
OTL-Control,D,0.361
OTL-Control,D,0.360
OTL-Control,D,0.359
OTL-Control,D,0.357
OTL-Control,D,0.356
OTL-Control,D,0.355
OTL-Control,D,0.354
OTL-Control,D,0.353
OTL-Control,D,0.352
OTL-Control,D,0.352
OTL-Control,D,0.352
OTL-Control,D,0.352
OTL-Control,D,0.354
OTL-Control,D,0.355
OTL-Control,D,0.357
OTL-Control,D,0.359
OTL-Control,D,0.361
OTL-Control,D,0.362
OTL-Control,D,0.362
OTL-Control,D,0.362
OTL-Control,D,0.361
OTL-Control,D,0.359
OTL-Control,D,0.358
OTL-Control,D,0.356
OTL-Control,D,0.354
OTL-Control,D,0.353
OTL-Control,D,0.351
OTL-Control,D,0.350
OTL-Control,D,0.349
OTL-Control,D,0.348
OTL-Control,D,0.347
OTL-Control,D,0.346
OTL-Control,D,0.345
OTL-Control,D,0.345
OTL-Control,D,0.345
OTL-Control,D,0.345
OTL-Control,D,0.346
OTL-Control,D,0.348
OTL-Control,D,0.350
OTL-Control,D,0.352
OTL-Control,D,0.353
OTL-Control,D,0.353
OTL-Control,D,0.354
OTL-Control,D,0.353
OTL-Control,D,0.352
OTL-Control,D,0.351
OTL-Control,D,0.349
OTL-Control,D,0.348
OTL-Control,D,0.346
OTL-Control,D,0.345
OTL-Control,D,0.344
OTL-Control,D,0.343
OTL-Control,D,0.342
OTL-Control,D,0.341
OTL-Control,D,0.340
OTL-Control,D,0.339
OTL-Control,D,0.338
OTL-Control,D,0.338
OTL-Control,D,0.338
OTL-Control,D,0.339
OTL-Control,D,0.341
OTL-Control,D,0.343
OTL-Control,D,0.345
OTL-Control,D,0.347
OTL-Control,D,0.349
OTL-Control,D,0.350
OTL-Control,D,0.350
OTL-Control,D,0.350
OTL-Control,D,0.348
OTL-Control,D,0.347
OTL-Control,D,0.345
OTL-Control,D,0.343
OTL-Control,D,0.342
OTL-Control,D,0.341
OTL-Control,D,0.339
OTL-Control,D,0.338
OTL-Control,D,0.337
OTL-Control,D,0.336
OTL-Control,D,0.335
OTL-Control,D,0.334
OTL-Control,D,0.333
OTL-Control,D,0.333
OTL-Control,D,0.333
OTL-Control,D,0.334
OTL-Control,D,0.336
OTL-Control,D,0.338
OTL-Control,D,0.340
OTL-Control,D,0.342
OTL-Control,D,0.344
OTL-Control,D,0.345
OTL-Control,D,0.345
OTL-Control,D,0.344
OTL-Control,D,0.343
OTL-Control,D,0.341
OTL-Control,D,0.339
OTL-Control,D,0.338
OTL-Control,D,0.336
OTL-Control,D,0.335
OTL-Control,D,0.334
OTL-Control,D,0.333
OTL-Control,D,0.331
OTL-Control,D,0.330
OTL-Control,D,0.329
OTL-Control,D,0.328
OTL-Control,D,0.327
OTL-Control,D,0.327
OTL-Control,D,0.327
OTL-Control,D,0.328
OTL-Control,D,0.330
OTL-Control,D,0.332
OTL-Control,D,0.334
OTL-Control,D,0.336
OTL-Control,D,0.337
OTL-Control,D,0.338
OTL-Control,D,0.338
OTL-Control,D,0.337
OTL-Control,D,0.336
OTL-Control,D,0.334
OTL-Control,D,0.333
OTL-Control,D,0.332
OTL-Control,D,0.330
OTL-Control,D,0.329
OTL-Control,D,0.328
OTL-Control,D,0.327
OTL-Control,D,0.327
OTL-Control,D,0.326
OTL-Control,D,0.325
OTL-Control,D,0.324
OTL-Control,D,0.323
OTL-Control,D,0.323
OTL-Control,D,0.323
OTL-Control,D,0.324
OTL-Control,D,0.325
OTL-Control,D,0.325
OTL-Control,D,0.327
OTL-Control,D,0.328
OTL-Control,D,0.329
OTL-Control,D,0.330
OTL-Control,D,0.330
OTL-Control,D,0.329
OTL-Control,D,0.328
OTL-Control,D,0.327
OTL-Control,D,0.326
OTL-Control,D,0.324
OTL-Control,D,0.324
OTL-Control,D,0.323
OTL-Control,D,0.322
OTL-Control,D,0.321
OTL-Control,D,0.320
OTL-Control,D,0.319
OTL-Control,D,0.318
OTL-Control,D,0.317
OTL-Control,D,0.317
OTL-Control,D,0.316
OTL-Control,D,0.316
OTL-Control,D,0.318
OTL-Control,D,0.320
OTL-Control,D,0.322
OTL-Control,D,0.324
OTL-Control,D,0.327
OTL-Control,D,0.328
OTL-Control,D,0.328
OTL-Control,D,0.328
OTL-Control,D,0.328
OTL-Control,D,0.326
OTL-Control,D,0.324
OTL-Control,D,0.323
OTL-Control,D,0.321
OTL-Control,D,0.320
OTL-Control,D,0.318
OTL-Control,D,0.317
OTL-Control,D,0.316
OTL-Control,D,0.315
OTL-Control,D,0.314
OTL-Control,D,0.313
OTL-Control,D,0.312
OTL-Control,D,0.311
OTL-Control,D,0.311
OTL-Control,D,0.311
OTL-Control,D,0.312
OTL-Control,D,0.314
OTL-Control,D,0.317
OTL-Control,D,0.319
OTL-Control,D,0.322
OTL-Control,D,0.323
OTL-Control,D,0.324
OTL-Control,D,0.324
OTL-Control,D,0.324
OTL-Control,D,0.323
OTL-Control,D,0.321
OTL-Control,D,0.319
OTL-Control,D,0.317
OTL-Control,D,0.316
OTL-Control,D,0.314
OTL-Control,D,0.313
OTL-Control,D,0.312
OTL-Control,D,0.311
OTL-Control,D,0.310
OTL-Control,D,0.309
OTL-Control,D,0.308
OTL-Control,D,0.307
OTL-Control,D,0.307
OTL-Control,D,0.307
OTL-Control,D,0.308
OTL-Control,D,0.311
OTL-Control,D,0.313
OTL-Control,D,0.316
OTL-Control,D,0.318
OTL-Control,D,0.320
OTL-Control,D,0.321
OTL-Control,D,0.322
OTL-Control,D,0.321
OTL-Control,D,0.320
OTL-Control,D,0.318
OTL-Control,D,0.316
OTL-Control,D,0.315
OTL-Control,D,0.313
OTL-Control,D,0.312
OTL-Control,D,0.310
OTL-Control,D,0.309
OTL-Control,D,0.308
OTL-Control,D,0.307
OTL-Control,D,0.307
OTL-Control,D,0.306
OTL-Control,D,0.305
OTL-Control,D,0.305
OTL-Control,D,0.305
OTL-Control,D,0.306
OTL-Control,D,0.308
OTL-Control,D,0.311
OTL-Control,D,0.313
OTL-Control,D,0.315
OTL-Control,D,0.317
OTL-Control,D,0.317
OTL-Control,D,0.317
OTL-Control,D,0.317
OTL-Control,D,0.316
OTL-Control,D,0.314
OTL-Control,D,0.312
OTL-Control,D,0.311
OTL-Control,D,0.309
OTL-Control,D,0.308
OTL-Control,D,0.307
OTL-Control,D,0.306
OTL-Control,D,0.305
OTL-Control,D,0.304
OTL-Control,D,0.303
OTL-Control,D,0.302
OTL-Control,D,0.302
OTL-Control,D,0.302
OTL-Control,D,0.302
OTL-Control,D,0.303
OTL-Control,D,0.306
OTL-Control,D,0.308
OTL-Control,D,0.311
OTL-Control,D,0.313
OTL-Control,D,0.315
OTL-Control,D,0.316
OTL-Control,D,0.316
OTL-Control,D,0.315
OTL-Control,D,0.314
OTL-Control,D,0.312
OTL-Control,D,0.310
OTL-Control,D,0.308
OTL-Control,D,0.306
OTL-Control,D,0.305
OTL-Control,D,0.303
OTL-Control,D,0.302
OTL-Control,D,0.301
OTL-Control,D,0.300
OTL-Control,D,0.299
OTL-Control,D,0.298
OTL-Control,D,0.297
OTL-Control,D,0.297
OTL-Control,D,0.297
OTL-Control,D,0.299
OTL-Control,D,0.302
OTL-Control,D,0.304
OTL-Control,D,0.308
OTL-Control,D,0.310
OTL-Control,D,0.312
OTL-Control,D,0.313
OTL-Control,D,0.313
OTL-Control,D,0.312
OTL-Control,D,0.310
OTL-Control,D,0.308
OTL-Control,D,0.306
OTL-Control,D,0.304
OTL-Control,D,0.303
OTL-Control,D,0.301
OTL-Control,D,0.300
OTL-Control,D,0.298
OTL-Control,D,0.297
OTL-Control,D,0.296
OTL-Control,D,0.295
OTL-Control,D,0.294
OTL-Control,D,0.293
OTL-Control,D,0.293
OTL-Control,D,0.293
OTL-Control,D,0.295
OTL-Control,D,0.298
OTL-Control,D,0.301
OTL-Control,D,0.304
OTL-Control,D,0.307
OTL-Control,D,0.309
OTL-Control,D,0.310
OTL-Control,D,0.310
OTL-Control,D,0.309
OTL-Control,D,0.307
OTL-Control,D,0.305
OTL-Control,D,0.303
OTL-Control,D,0.301
OTL-Control,D,0.299
OTL-Control,D,0.298
OTL-Control,D,0.296
OTL-Control,D,0.295
OTL-Control,D,0.293
OTL-Control,D,0.292
OTL-Control,D,0.291
OTL-Control,D,0.290
OTL-Control,D,0.289
OTL-Control,D,0.289
OTL-Control,D,0.290
OTL-Control,D,0.291
OTL-Control,D,0.294
OTL-Control,D,0.297
OTL-Control,D,0.300
OTL-Control,D,0.303
OTL-Control,D,0.304
OTL-Control,D,0.306
OTL-Control,D,0.306
OTL-Control,D,0.305
OTL-Control,D,0.304
OTL-Control,D,0.302
OTL-Control,D,0.300
OTL-Control,D,0.297
OTL-Control,D,0.296
OTL-Control,D,0.294
OTL-Control,D,0.292
OTL-Control,D,0.291
OTL-Control,D,0.290
OTL-Control,D,0.288
OTL-Control,D,0.288
OTL-Control,D,0.286
OTL-Control,D,0.286
OTL-Control,D,0.286
OTL-Control,D,0.287
OTL-Control,D,0.289
OTL-Control,D,0.292
OTL-Control,D,0.296
OTL-Control,D,0.299
OTL-Control,D,0.302
OTL-Control,D,0.304
OTL-Control,D,0.305
OTL-Control,D,0.306
OTL-Control,D,0.305
OTL-Control,D,0.303
OTL-Control,D,0.301
OTL-Control,D,0.299
OTL-Control,D,0.297
OTL-Control,D,0.295
OTL-Control,D,0.293
OTL-Control,D,0.291
OTL-Control,D,0.290
OTL-Control,D,0.289
OTL-Control,D,0.288
OTL-Control,D,0.287
OTL-Control,D,0.285
OTL-Control,D,0.285
OTL-Control,D,0.285
OTL-Control,D,0.286
OTL-Control,D,0.288
OTL-Control,D,0.291
OTL-Control,D,0.295
OTL-Control,D,0.298
OTL-Control,D,0.301
OTL-Control,D,0.304
OTL-Control,D,0.305
OTL-Control,D,0.305
OTL-Control,D,0.304
OTL-Control,D,0.302
OTL-Control,D,0.300
OTL-Control,D,0.298
OTL-Control,D,0.296
OTL-Control,D,0.294
OTL-Control,D,0.292
OTL-Control,D,0.290
OTL-Control,D,0.289
OTL-Control,D,0.288
OTL-Control,D,0.286
OTL-Control,D,0.285
OTL-Control,D,0.284
OTL-Control,D,0.284
OTL-Control,D,0.284
OTL-Control,D,0.284
OTL-Control,D,0.286
OTL-Control,D,0.290
OTL-Control,D,0.293
OTL-Control,D,0.297
OTL-Control,D,0.300
OTL-Control,D,0.302
OTL-Control,D,0.303
OTL-Control,D,0.303
OTL-Control,D,0.302
OTL-Control,D,0.300
OTL-Control,D,0.298
OTL-Control,D,0.296
OTL-Control,D,0.294
OTL-Control,D,0.292
OTL-Control,D,0.290
OTL-Control,D,0.288
OTL-Control,D,0.287
OTL-Control,D,0.285
OTL-Control,D,0.284
OTL-Control,D,0.283
OTL-Control,D,0.282
OTL-Control,D,0.281
OTL-Control,D,0.281
OTL-Control,D,0.282
OTL-Control,D,0.284
OTL-Control,D,0.287
OTL-Control,D,0.291
OTL-Control,D,0.295
OTL-Control,D,0.298
OTL-Control,D,0.300
OTL-Control,D,0.301
OTL-Control,D,0.300
OTL-Control,D,0.299
OTL-Control,D,0.297
OTL-Control,D,0.295
OTL-Control,D,0.293
OTL-Control,D,0.291
OTL-Control,D,0.289
OTL-Control,D,0.287
OTL-Control,D,0.285
OTL-Control,D,0.284
OTL-Control,D,0.282
OTL-Control,D,0.281
OTL-Control,D,0.280
OTL-Control,D,0.278
OTL-Control,D,0.278
OTL-Control,D,0.277
OTL-Control,D,0.278
OTL-Control,D,0.281
OTL-Control,D,0.284
OTL-Control,D,0.288
OTL-Control,D,0.291
OTL-Control,D,0.293
OTL-Control,D,0.295
OTL-Control,D,0.295
OTL-Control,D,0.294
OTL-Control,D,0.292
OTL-Control,D,0.290
OTL-Control,D,0.288
OTL-Control,D,0.286
OTL-Control,D,0.284
OTL-Control,D,0.282
OTL-Control,D,0.281
OTL-Control,D,0.279
OTL-Control,D,0.278
OTL-Control,D,0.277
OTL-Control,D,0.276
OTL-Control,D,0.275
OTL-Control,D,0.274
OTL-Control,D,0.274
OTL-Control,D,0.274
OTL-Control,D,0.274
OTL-Control,D,0.274
OTL-Control,D,0.275
OTL-Control,D,0.275
OTL-Control,D,0.276
OTL-Control,D,0.277
OTL-Control,D,0.277
OTL-Control,D,0.278
OTL-Control,D,0.278
OTL-Control,D,0.277
OTL-Control,D,0.277
OTL-Control,D,0.276
OTL-Control,D,0.275
OTL-Control,D,0.274
OTL-Control,D,0.274
OTL-Control,D,0.273
OTL-Control,D,0.273
OTL-Control,D,0.272
OTL-Control,D,0.271
OTL-Control,D,0.271
OTL-Control,D,0.270
OTL-Control,D,0.270
OTL-Control,D,0.269
OTL-Control,D,0.269
OTL-Control,D,0.270
OTL-Control,D,0.270
OTL-Control,D,0.272
OTL-Control,D,0.273
OTL-Control,D,0.275
OTL-Control,D,0.276
OTL-Control,D,0.277
OTL-Control,D,0.278
OTL-Control,D,0.278
OTL-Control,D,0.277
OTL-Control,D,0.276
OTL-Control,D,0.275
OTL-Control,D,0.274
OTL-Control,D,0.273
OTL-Control,D,0.272
OTL-Control,D,0.271
OTL-Control,D,0.270
OTL-Control,D,0.270
OTL-Control,D,0.269
OTL-Control,D,0.269
OTL-Control,D,0.268
OTL-Control,D,0.268
OTL-Control,D,0.268
OTL-Control,D,0.268
OTL-Control,D,0.269
OTL-Control,D,0.271
OTL-Control,D,0.273
OTL-Control,D,0.274
OTL-Control,D,0.276
OTL-Control,D,0.277
OTL-Control,D,0.277
OTL-Control,D,0.277
OTL-Control,D,0.277
OTL-Control,D,0.276
OTL-Control,D,0.276
OTL-Control,D,0.275
OTL-Control,D,0.274
OTL-Control,D,0.273
OTL-Control,D,0.273
OTL-Control,D,0.272
OTL-Control,D,0.272
OTL-Control,D,0.271
OTL-Control,D,0.271
OTL-Control,D,0.270
OTL-Control,D,0.269
OTL-Control,D,0.269
OTL-Control,D,0.269
OTL-Control,D,0.269
OTL-Control,D,0.269
OTL-Control,D,0.270
OTL-Control,D,0.270
OTL-Control,D,0.271
OTL-Control,D,0.271
OTL-Control,D,0.272
OTL-Control,D,0.272
OTL-Control,D,0.273
OTL-Control,D,0.273
OTL-Control,D,0.274
OTL-Control,D,0.273
OTL-Control,D,0.273
OTL-Control,D,0.272
OTL-Control,D,0.272
OTL-Control,D,0.271
OTL-Control,D,0.270
OTL-Control,D,0.270
OTL-Control,D,0.269
OTL-Control,D,0.269
OTL-Control,D,0.268
OTL-Control,D,0.268
OTL-Control,D,0.267
OTL-Control,D,0.267
OTL-Control,D,0.267
OTL-Control,D,0.268
OTL-Control,D,0.270
OTL-Control,D,0.272
OTL-Control,D,0.274
OTL-Control,D,0.276
OTL-Control,D,0.276
OTL-Control,D,0.277
OTL-Control,D,0.277
OTL-Control,D,0.277
OTL-Control,D,0.277
OTL-Control,D,0.276
OTL-Control,D,0.275
OTL-Control,D,0.274
OTL-Control,D,0.273
OTL-Control,D,0.273
OTL-Control,D,0.272
OTL-Control,D,0.271
OTL-Control,D,0.271
OTL-Control,D,0.270
OTL-Control,D,0.270
OTL-Control,D,0.270
OTL-Control,D,0.269
OTL-Control,D,0.269
OTL-Control,D,0.269
OTL-Control,D,0.269
OTL-Control,D,0.270
OTL-Control,D,0.272
OTL-Control,D,0.274
OTL-Control,D,0.274
OTL-Control,D,0.275
OTL-Control,D,0.276
OTL-Control,D,0.277
OTL-Control,D,0.277
OTL-Control,D,0.277
OTL-Control,D,0.276
OTL-Control,D,0.275
OTL-Control,D,0.274
OTL-Control,D,0.273
OTL-Control,D,0.272
OTL-Control,D,0.271
OTL-Control,D,0.270
OTL-Control,D,0.269
OTL-Control,D,0.269
OTL-Control,D,0.268
OTL-Control,D,0.268
OTL-Control,D,0.267
OTL-Control,D,0.267
OTL-Control,D,0.267
OTL-Control,D,0.268
OTL-Control,D,0.270
OTL-Control,D,0.273
OTL-Control,D,0.276
OTL-Control,D,0.278
OTL-Control,D,0.281
OTL-Control,D,0.283
OTL-Control,D,0.284
OTL-Control,D,0.285
OTL-Control,D,0.284
OTL-Control,D,0.283
OTL-Control,D,0.281
OTL-Control,D,0.280
OTL-Control,D,0.278
OTL-Control,D,0.277
OTL-Control,D,0.275
OTL-Control,D,0.274
OTL-Control,D,0.273
OTL-Control,D,0.272
OTL-Control,D,0.271
OTL-Control,D,0.271
OTL-Control,D,0.270
OTL-Control,D,0.270
OTL-Control,D,0.270
OTL-Control,D,0.271
OTL-Control,D,0.271
OTL-Control,D,0.273
OTL-Control,D,0.276
OTL-Control,D,0.279
OTL-Control,D,0.283
OTL-Control,D,0.286
OTL-Control,D,0.286
OTL-Control,D,0.286
OTL-Control,D,0.285
OTL-Control,D,0.284
OTL-Control,D,0.283
OTL-Control,D,0.281
OTL-Control,D,0.280
OTL-Control,D,0.279
OTL-Control,D,0.277
OTL-Control,D,0.276
OTL-Control,D,0.275
OTL-Control,D,0.275
OTL-Control,D,0.274
OTL-Control,D,0.273
OTL-Control,D,0.273
OTL-Control,D,0.272
OTL-Control,D,0.273
OTL-Control,D,0.274
OTL-Control,D,0.276
OTL-Control,D,0.279
OTL-Control,D,0.282
OTL-Control,D,0.285
OTL-Control,D,0.288
OTL-Control,D,0.290
OTL-Control,D,0.292
OTL-Control,D,0.292
OTL-Control,D,0.291
OTL-Control,D,0.290
OTL-Control,D,0.288
OTL-Control,D,0.286
OTL-Control,D,0.284
OTL-Control,D,0.283
OTL-Control,D,0.281
OTL-Control,D,0.280
OTL-Control,D,0.279
OTL-Control,D,0.278
OTL-Control,D,0.277
OTL-Control,D,0.276
OTL-Control,D,0.275
OTL-Control,D,0.274
OTL-Control,D,0.275
OTL-Control,D,0.275
OTL-Control,D,0.277
OTL-Control,D,0.280
OTL-Control,D,0.284
OTL-Control,D,0.287
OTL-Control,D,0.290
OTL-Control,D,0.292
OTL-Control,D,0.293
OTL-Control,D,0.293
OTL-Control,D,0.292
OTL-Control,D,0.290
OTL-Control,D,0.288
OTL-Control,D,0.286
OTL-Control,D,0.285
OTL-Control,D,0.283
OTL-Control,D,0.281
OTL-Control,D,0.280
OTL-Control,D,0.279
OTL-Control,D,0.278
OTL-Control,D,0.277
OTL-Control,D,0.275
OTL-Control,D,0.275
OTL-Control,D,0.274
OTL-Control,D,0.274
OTL-Control,D,0.275
OTL-Control,D,0.277
OTL-Control,D,0.281
OTL-Control,D,0.284
OTL-Control,D,0.288
OTL-Control,D,0.292
OTL-Control,D,0.294
OTL-Control,D,0.296
OTL-Control,D,0.297
OTL-Control,D,0.296
OTL-Control,D,0.294
OTL-Control,D,0.292
OTL-Control,D,0.290
OTL-Control,D,0.288
OTL-Control,D,0.286
OTL-Control,D,0.285
OTL-Control,D,0.283
OTL-Control,D,0.282
OTL-Control,D,0.281
OTL-Control,D,0.279
OTL-Control,D,0.278
OTL-Control,D,0.277
OTL-Control,D,0.277
OTL-Control,D,0.277
OTL-Control,D,0.278
OTL-Control,D,0.281
OTL-Control,D,0.284
OTL-Control,D,0.288
OTL-Control,D,0.292
OTL-Control,D,0.296
OTL-Control,D,0.298
OTL-Control,D,0.300
OTL-Control,D,0.301
OTL-Control,D,0.300
OTL-Control,D,0.298
OTL-Control,D,0.296
OTL-Control,D,0.294
OTL-Control,D,0.292
OTL-Control,D,0.290
OTL-Control,D,0.288
OTL-Control,D,0.287
OTL-Control,D,0.285
OTL-Control,D,0.284
OTL-Control,D,0.283
OTL-Control,D,0.282
OTL-Control,D,0.280
OTL-Control,D,0.280
OTL-Control,D,0.280
OTL-Control,D,0.281
OTL-Control,D,0.284
OTL-Control,D,0.287
OTL-Control,D,0.291
OTL-Control,D,0.295
OTL-Control,D,0.299
OTL-Control,D,0.302
OTL-Control,D,0.303
OTL-Control,D,0.304
OTL-Control,D,0.303
OTL-Control,D,0.301
OTL-Control,D,0.299
OTL-Control,D,0.296
OTL-Control,D,0.294
OTL-Control,D,0.292
OTL-Control,D,0.290
OTL-Control,D,0.289
OTL-Control,D,0.287
OTL-Control,D,0.286
OTL-Control,D,0.284
OTL-Control,D,0.283
OTL-Control,D,0.282
OTL-Control,D,0.282
OTL-Control,D,0.282
OTL-Control,D,0.283
OTL-Control,D,0.286
OTL-Control,D,0.289
OTL-Control,D,0.293
OTL-Control,D,0.297
OTL-Control,D,0.300
OTL-Control,D,0.302
OTL-Control,D,0.303
OTL-Control,D,0.303
OTL-Control,D,0.301
OTL-Control,D,0.299
OTL-Control,D,0.297
OTL-Control,D,0.295
OTL-Control,D,0.292
OTL-Control,D,0.290
OTL-Control,D,0.288
OTL-Control,D,0.287
OTL-Control,D,0.285
OTL-Control,D,0.284
OTL-Control,D,0.283
OTL-Control,D,0.281
OTL-Control,D,0.280
OTL-Control,D,0.280
OTL-Control,D,0.280
OTL-Control,D,0.281
OTL-Control,D,0.283
OTL-Control,D,0.286
OTL-Control,D,0.290
OTL-Control,D,0.294
OTL-Control,D,0.297
OTL-Control,D,0.299
OTL-Control,D,0.301
OTL-Control,D,0.301
OTL-Control,D,0.300
OTL-Control,D,0.298
OTL-Control,D,0.295
OTL-Control,D,0.293
OTL-Control,D,0.291
OTL-Control,D,0.289
OTL-Control,D,0.287
OTL-Control,D,0.285
OTL-Control,D,0.283
OTL-Control,D,0.282
OTL-Control,D,0.281
OTL-Control,D,0.279
OTL-Control,D,0.278
OTL-Control,D,0.278
OTL-Control,D,0.278
OTL-Control,D,0.279
OTL-Control,D,0.282
OTL-Control,D,0.286
OTL-Control,D,0.290
OTL-Control,D,0.294
OTL-Control,D,0.297
OTL-Control,D,0.300
OTL-Control,D,0.302
OTL-Control,D,0.302
OTL-Control,D,0.301
OTL-Control,D,0.299
OTL-Control,D,0.296
OTL-Control,D,0.294
OTL-Control,D,0.291
OTL-Control,D,0.289
OTL-Control,D,0.287
OTL-Control,D,0.286
OTL-Control,D,0.284
OTL-Control,D,0.283
OTL-Control,D,0.281
OTL-Control,D,0.280
OTL-Control,D,0.279
OTL-Control,D,0.278
OTL-Control,D,0.278
OTL-Control,D,0.279
OTL-Control,D,0.282
OTL-Control,D,0.285
OTL-Control,D,0.290
OTL-Control,D,0.294
OTL-Control,D,0.297
OTL-Control,D,0.300
OTL-Control,D,0.301
OTL-Control,D,0.301
OTL-Control,D,0.299
OTL-Control,D,0.297
OTL-Control,D,0.295
OTL-Control,D,0.292
OTL-Control,D,0.290
OTL-Control,D,0.287
OTL-Control,D,0.285
OTL-Control,D,0.283
OTL-Control,D,0.282
OTL-Control,D,0.280
OTL-Control,D,0.279
OTL-Control,D,0.277
OTL-Control,D,0.276
OTL-Control,D,0.275
OTL-Control,D,0.276
OTL-Control,D,0.277
OTL-Control,D,0.279
OTL-Control,D,0.283
OTL-Control,D,0.287
OTL-Control,D,0.291
OTL-Control,D,0.295
OTL-Control,D,0.297
OTL-Control,D,0.298
OTL-Control,D,0.298
OTL-Control,D,0.296
OTL-Control,D,0.294
OTL-Control,D,0.292
OTL-Control,D,0.289
OTL-Control,D,0.287
OTL-Control,D,0.285
OTL-Control,D,0.283
OTL-Control,D,0.282
OTL-Control,D,0.280
OTL-Control,D,0.279
OTL-Control,D,0.277
OTL-Control,D,0.276
OTL-Control,D,0.275
OTL-Control,D,0.274
OTL-Control,D,0.275
OTL-Control,D,0.276
OTL-Control,D,0.278
OTL-Control,D,0.282
OTL-Control,D,0.286
OTL-Control,D,0.290
OTL-Control,D,0.293
OTL-Control,D,0.296
OTL-Control,D,0.297
OTL-Control,D,0.296
OTL-Control,D,0.295
OTL-Control,D,0.292
OTL-Control,D,0.290
OTL-Control,D,0.287
OTL-Control,D,0.285
OTL-Control,D,0.283
OTL-Control,D,0.281
OTL-Control,D,0.279
OTL-Control,D,0.278
OTL-Control,D,0.276
OTL-Control,D,0.275
OTL-Control,D,0.274
OTL-Control,D,0.272
OTL-Control,D,0.272
OTL-Control,D,0.272
OTL-Control,D,0.273
OTL-Control,D,0.275
OTL-Control,D,0.279
OTL-Control,D,0.283
OTL-Control,D,0.286
OTL-Control,D,0.289
OTL-Control,D,0.292
OTL-Control,D,0.293
OTL-Control,D,0.292
OTL-Control,D,0.291
OTL-Control,D,0.289
OTL-Control,D,0.286
OTL-Control,D,0.284
OTL-Control,D,0.281
OTL-Control,D,0.279
OTL-Control,D,0.277
OTL-Control,D,0.276
OTL-Control,D,0.274
OTL-Control,D,0.273
OTL-Control,D,0.272
OTL-Control,D,0.270
OTL-Control,D,0.269
OTL-Control,D,0.269
OTL-Control,D,0.269
OTL-Control,D,0.270
OTL-Control,D,0.272
OTL-Control,D,0.276
OTL-Control,D,0.280
OTL-Control,D,0.284
OTL-Control,D,0.287
OTL-Control,D,0.290
OTL-Control,D,0.291
OTL-Control,D,0.291
OTL-Control,D,0.290
OTL-Control,D,0.288
OTL-Control,D,0.286
OTL-Control,D,0.283
OTL-Control,D,0.281
OTL-Control,D,0.279
OTL-Control,D,0.277
OTL-Control,D,0.275
OTL-Control,D,0.273
OTL-Control,D,0.272
OTL-Control,D,0.270
OTL-Control,D,0.269
OTL-Control,D,0.268
OTL-Control,D,0.268
OTL-Control,D,0.268
OTL-Control,D,0.269
OTL-Control,D,0.272
OTL-Control,D,0.275
OTL-Control,D,0.280
OTL-Control,D,0.284
OTL-Control,D,0.288
OTL-Control,D,0.291
OTL-Control,D,0.292
OTL-Control,D,0.292
OTL-Control,D,0.290
OTL-Control,D,0.288
OTL-Control,D,0.286
OTL-Control,D,0.283
OTL-Control,D,0.281
OTL-Control,D,0.279
OTL-Control,D,0.277
OTL-Control,D,0.275
OTL-Control,D,0.273
OTL-Control,D,0.271
OTL-Control,D,0.270
OTL-Control,D,0.269
OTL-Control,D,0.268
OTL-Control,D,0.268
OTL-Control,D,0.268
OTL-Control,D,0.268
OTL-Control,D,0.270
OTL-Control,D,0.273
OTL-Control,D,0.277
OTL-Control,D,0.280
OTL-Control,D,0.283
OTL-Control,D,0.285
OTL-Control,D,0.286
OTL-Control,D,0.286
OTL-Control,D,0.284
OTL-Control,D,0.282
OTL-Control,D,0.279
OTL-Control,D,0.277
OTL-Control,D,0.274
OTL-Control,D,0.272
OTL-Control,D,0.270
OTL-Control,D,0.269
OTL-Control,D,0.267
OTL-Control,D,0.266
OTL-Control,D,0.265
OTL-Control,D,0.264
OTL-Control,D,0.263
OTL-Control,D,0.263
OTL-Control,D,0.263
OTL-Control,D,0.264
OTL-Control,D,0.266
OTL-Control,D,0.269
OTL-Control,D,0.272
OTL-Control,D,0.276
OTL-Control,D,0.278
OTL-Control,D,0.280
OTL-Control,D,0.281
OTL-Control,D,0.281
OTL-Control,D,0.280
OTL-Control,D,0.277
OTL-Control,D,0.275
OTL-Control,D,0.273
OTL-Control,D,0.271
OTL-Control,D,0.269
OTL-Control,D,0.267
OTL-Control,D,0.266
OTL-Control,D,0.265
OTL-Control,D,0.263
OTL-Control,D,0.262
OTL-Control,D,0.261
OTL-Control,D,0.260
OTL-Control,D,0.260
OTL-Control,D,0.260
OTL-Control,D,0.261
OTL-Control,D,0.263
OTL-Control,D,0.266
OTL-Control,D,0.270
OTL-Control,D,0.273
OTL-Control,D,0.276
OTL-Control,D,0.278
OTL-Control,D,0.280
OTL-Control,D,0.279
OTL-Control,D,0.278
OTL-Control,D,0.276
OTL-Control,D,0.273
OTL-Control,D,0.271
OTL-Control,D,0.269
OTL-Control,D,0.267
OTL-Control,D,0.266
OTL-Control,D,0.264
OTL-Control,D,0.263
OTL-Control,D,0.262
OTL-Control,D,0.261
OTL-Control,D,0.260
OTL-Control,D,0.259
OTL-Control,D,0.259
OTL-Control,D,0.259
OTL-Control,D,0.260
OTL-Control,D,0.262
OTL-Control,D,0.265
OTL-Control,D,0.269
OTL-Control,D,0.272
OTL-Control,D,0.275
OTL-Control,D,0.278
OTL-Control,D,0.279
OTL-Control,D,0.279
OTL-Control,D,0.278
OTL-Control,D,0.276
OTL-Control,D,0.273
OTL-Control,D,0.271
OTL-Control,D,0.268
OTL-Control,D,0.266
OTL-Control,D,0.265
OTL-Control,D,0.263
OTL-Control,D,0.262
OTL-Control,D,0.261
OTL-Control,D,0.259
OTL-Control,D,0.258
OTL-Control,D,0.258
OTL-Control,D,0.257
OTL-Control,D,0.257
OTL-Control,D,0.259
OTL-Control,D,0.261
OTL-Control,D,0.264
OTL-Control,D,0.268
OTL-Control,D,0.271
OTL-Control,D,0.274
OTL-Control,D,0.276
OTL-Control,D,0.277
OTL-Control,D,0.277
OTL-Control,D,0.276
OTL-Control,D,0.274
OTL-Control,D,0.272
OTL-Control,D,0.269
OTL-Control,D,0.267
OTL-Control,D,0.265
OTL-Control,D,0.263
OTL-Control,D,0.261
OTL-Control,D,0.260
OTL-Control,D,0.259
OTL-Control,D,0.258
OTL-Control,D,0.258
OTL-Control,D,0.257
OTL-Control,D,0.257
OTL-Control,D,0.257
OTL-Control,D,0.257
OTL-Control,D,0.259
OTL-Control,D,0.261
OTL-Control,D,0.263
OTL-Control,D,0.266
OTL-Control,D,0.269
OTL-Control,D,0.271
OTL-Control,D,0.271
OTL-Control,D,0.271
OTL-Control,D,0.269
OTL-Control,D,0.268
OTL-Control,D,0.266
OTL-Control,D,0.264
OTL-Control,D,0.262
OTL-Control,D,0.260
OTL-Control,D,0.259
OTL-Control,D,0.257
OTL-Control,D,0.256
OTL-Control,D,0.255
OTL-Control,D,0.254
OTL-Control,D,0.253
OTL-Control,D,0.252
OTL-Control,D,0.252
OTL-Control,D,0.252
OTL-Control,D,0.253
OTL-Control,D,0.256
OTL-Control,D,0.259
OTL-Control,D,0.263
OTL-Control,D,0.266
OTL-Control,D,0.269
OTL-Control,D,0.271
OTL-Control,D,0.272
OTL-Control,D,0.272
OTL-Control,D,0.271
OTL-Control,D,0.268
OTL-Control,D,0.266
OTL-Control,D,0.264
OTL-Control,D,0.262
OTL-Control,D,0.260
OTL-Control,D,0.258
OTL-Control,D,0.256
OTL-Control,D,0.255
OTL-Control,D,0.254
OTL-Control,D,0.253
OTL-Control,D,0.252
OTL-Control,D,0.251
OTL-Control,D,0.250
OTL-Control,D,0.251
OTL-Control,D,0.252
OTL-Control,D,0.254
OTL-Control,D,0.257
OTL-Control,D,0.261
OTL-Control,D,0.264
OTL-Control,D,0.267
OTL-Control,D,0.268
OTL-Control,D,0.270
OTL-Control,D,0.270
OTL-Control,D,0.268
OTL-Control,D,0.267
OTL-Control,D,0.264
OTL-Control,D,0.262
OTL-Control,D,0.260
OTL-Control,D,0.258
OTL-Control,D,0.256
OTL-Control,D,0.254
OTL-Control,D,0.253
OTL-Control,D,0.252
OTL-Control,D,0.251
OTL-Control,D,0.250
OTL-Control,D,0.249
OTL-Control,D,0.249
OTL-Control,D,0.249
OTL-Control,D,0.250
OTL-Control,D,0.252
OTL-Control,D,0.255
OTL-Control,D,0.259
OTL-Control,D,0.262
OTL-Control,D,0.265
OTL-Control,D,0.267
OTL-Control,D,0.269
OTL-Control,D,0.269
OTL-Control,D,0.268
OTL-Control,D,0.266
OTL-Control,D,0.263
OTL-Control,D,0.261
OTL-Drought,E,0.385
OTL-Control,E,0.385
OTL-Control,E,0.386
OTL-Control,E,0.385
OTL-Control,E,0.385
OTL-Control,E,0.385
OTL-Control,E,0.385
OTL-Control,E,0.385
OTL-Control,E,0.384
OTL-Control,E,0.382
OTL-Control,E,0.381
OTL-Control,E,0.377
OTL-Control,E,0.373
OTL-Control,E,0.372
OTL-Control,E,0.371
OTL-Control,E,0.368
OTL-Control,E,0.359
OTL-Control,E,0.357
OTL-Control,E,0.356
OTL-Control,E,0.354
OTL-Control,E,0.353
OTL-Control,E,0.352
OTL-Control,E,0.351
OTL-Control,E,0.350
OTL-Control,E,0.349
OTL-Control,E,0.348
OTL-Control,E,0.347
OTL-Control,E,0.347
OTL-Control,E,0.346
OTL-Control,E,0.346
OTL-Control,E,0.345
OTL-Control,E,0.344
OTL-Control,E,0.344
OTL-Control,E,0.343
OTL-Control,E,0.342
OTL-Control,E,0.342
OTL-Control,E,0.342
OTL-Control,E,0.342
OTL-Control,E,0.343
OTL-Control,E,0.343
OTL-Control,E,0.344
OTL-Control,E,0.345
OTL-Control,E,0.345
OTL-Control,E,0.345
OTL-Control,E,0.345
OTL-Control,E,0.345
OTL-Control,E,0.344
OTL-Control,E,0.344
OTL-Control,E,0.343
OTL-Control,E,0.343
OTL-Control,E,0.342
OTL-Control,E,0.342
OTL-Control,E,0.341
OTL-Control,E,0.341
OTL-Control,E,0.340
OTL-Control,E,0.340
OTL-Control,E,0.339
OTL-Control,E,0.339
OTL-Control,E,0.338
OTL-Control,E,0.338
OTL-Control,E,0.338
OTL-Control,E,0.338
OTL-Control,E,0.339
OTL-Control,E,0.339
OTL-Control,E,0.340
OTL-Control,E,0.341
OTL-Control,E,0.341
OTL-Control,E,0.341
OTL-Control,E,0.341
OTL-Control,E,0.341
OTL-Control,E,0.341
OTL-Control,E,0.340
OTL-Control,E,0.340
OTL-Control,E,0.340
OTL-Control,E,0.339
OTL-Control,E,0.339
OTL-Control,E,0.338
OTL-Control,E,0.338
OTL-Control,E,0.338
OTL-Control,E,0.337
OTL-Control,E,0.337
OTL-Control,E,0.337
OTL-Control,E,0.336
OTL-Control,E,0.336
OTL-Control,E,0.336
OTL-Control,E,0.336
OTL-Control,E,0.336
OTL-Control,E,0.336
OTL-Control,E,0.336
OTL-Control,E,0.336
OTL-Control,E,0.337
OTL-Control,E,0.337
OTL-Control,E,0.337
OTL-Control,E,0.337
OTL-Control,E,0.336
OTL-Control,E,0.336
OTL-Control,E,0.336
OTL-Control,E,0.335
OTL-Control,E,0.335
OTL-Control,E,0.335
OTL-Control,E,0.368
OTL-Control,E,0.380
OTL-Control,E,0.380
OTL-Control,E,0.380
OTL-Control,E,0.379
OTL-Control,E,0.379
OTL-Control,E,0.379
OTL-Control,E,0.379
OTL-Control,E,0.378
OTL-Control,E,0.376
OTL-Control,E,0.376
OTL-Control,E,0.375
OTL-Control,E,0.372
OTL-Control,E,0.371
OTL-Control,E,0.369
OTL-Control,E,0.369
OTL-Control,E,0.369
OTL-Control,E,0.368
OTL-Control,E,0.363
OTL-Control,E,0.360
OTL-Control,E,0.357
OTL-Control,E,0.355
OTL-Control,E,0.353
OTL-Control,E,0.352
OTL-Control,E,0.351
OTL-Control,E,0.350
OTL-Control,E,0.349
OTL-Control,E,0.348
OTL-Control,E,0.347
OTL-Control,E,0.347
OTL-Control,E,0.347
OTL-Control,E,0.346
OTL-Control,E,0.346
OTL-Control,E,0.346
OTL-Control,E,0.347
OTL-Control,E,0.347
OTL-Control,E,0.348
OTL-Control,E,0.349
OTL-Control,E,0.349
OTL-Control,E,0.349
OTL-Control,E,0.349
OTL-Control,E,0.348
OTL-Control,E,0.348
OTL-Control,E,0.347
OTL-Control,E,0.347
OTL-Control,E,0.346
OTL-Control,E,0.352
OTL-Control,E,0.356
OTL-Control,E,0.355
OTL-Control,E,0.354
OTL-Control,E,0.353
OTL-Control,E,0.352
OTL-Control,E,0.351
OTL-Control,E,0.350
OTL-Control,E,0.350
OTL-Control,E,0.349
OTL-Control,E,0.350
OTL-Control,E,0.350
OTL-Control,E,0.351
OTL-Control,E,0.352
OTL-Control,E,0.352
OTL-Control,E,0.352
OTL-Control,E,0.352
OTL-Control,E,0.351
OTL-Control,E,0.351
OTL-Control,E,0.350
OTL-Control,E,0.349
OTL-Control,E,0.348
OTL-Control,E,0.348
OTL-Control,E,0.347
OTL-Control,E,0.346
OTL-Control,E,0.346
OTL-Control,E,0.345
OTL-Control,E,0.345
OTL-Control,E,0.345
OTL-Control,E,0.347
OTL-Control,E,0.350
OTL-Control,E,0.350
OTL-Control,E,0.350
OTL-Control,E,0.350
OTL-Control,E,0.351
OTL-Control,E,0.352
OTL-Control,E,0.354
OTL-Control,E,0.355
OTL-Control,E,0.355
OTL-Control,E,0.356
OTL-Control,E,0.356
OTL-Control,E,0.355
OTL-Control,E,0.355
OTL-Control,E,0.354
OTL-Control,E,0.353
OTL-Control,E,0.352
OTL-Control,E,0.351
OTL-Control,E,0.350
OTL-Control,E,0.349
OTL-Control,E,0.349
OTL-Control,E,0.348
OTL-Control,E,0.347
OTL-Control,E,0.347
OTL-Control,E,0.346
OTL-Control,E,0.346
OTL-Control,E,0.345
OTL-Control,E,0.345
OTL-Control,E,0.344
OTL-Control,E,0.344
OTL-Control,E,0.344
OTL-Control,E,0.344
OTL-Control,E,0.346
OTL-Control,E,0.375
OTL-Control,E,0.384
OTL-Control,E,0.385
OTL-Control,E,0.385
OTL-Control,E,0.385
OTL-Control,E,0.385
OTL-Control,E,0.385
OTL-Control,E,0.385
OTL-Control,E,0.386
OTL-Control,E,0.386
OTL-Control,E,0.386
OTL-Control,E,0.386
OTL-Control,E,0.386
OTL-Control,E,0.386
OTL-Control,E,0.386
OTL-Control,E,0.387
OTL-Control,E,0.387
OTL-Control,E,0.387
OTL-Control,E,0.387
OTL-Control,E,0.387
OTL-Control,E,0.388
OTL-Control,E,0.388
OTL-Control,E,0.388
OTL-Control,E,0.388
OTL-Control,E,0.388
OTL-Control,E,0.389
OTL-Control,E,0.390
OTL-Control,E,0.390
OTL-Control,E,0.390
OTL-Control,E,0.384
OTL-Control,E,0.379
OTL-Control,E,0.370
OTL-Control,E,0.365
OTL-Control,E,0.364
OTL-Control,E,0.363
OTL-Control,E,0.362
OTL-Control,E,0.361
OTL-Control,E,0.361
OTL-Control,E,0.360
OTL-Control,E,0.360
OTL-Control,E,0.359
OTL-Control,E,0.358
OTL-Control,E,0.358
OTL-Control,E,0.358
OTL-Control,E,0.357
OTL-Control,E,0.361
OTL-Control,E,0.377
OTL-Control,E,0.382
OTL-Control,E,0.382
OTL-Control,E,0.382
OTL-Control,E,0.382
OTL-Control,E,0.383
OTL-Control,E,0.383
OTL-Control,E,0.383
OTL-Control,E,0.383
OTL-Control,E,0.381
OTL-Control,E,0.379
OTL-Control,E,0.374
OTL-Control,E,0.373
OTL-Control,E,0.371
OTL-Control,E,0.368
OTL-Control,E,0.365
OTL-Control,E,0.364
OTL-Control,E,0.363
OTL-Control,E,0.363
OTL-Control,E,0.362
OTL-Control,E,0.362
OTL-Control,E,0.361
OTL-Control,E,0.361
OTL-Control,E,0.361
OTL-Control,E,0.380
OTL-Control,E,0.383
OTL-Control,E,0.383
OTL-Control,E,0.383
OTL-Control,E,0.384
OTL-Control,E,0.384
OTL-Control,E,0.384
OTL-Control,E,0.384
OTL-Control,E,0.384
OTL-Control,E,0.381
OTL-Control,E,0.376
OTL-Control,E,0.374
OTL-Control,E,0.372
OTL-Control,E,0.369
OTL-Control,E,0.367
OTL-Control,E,0.366
OTL-Control,E,0.365
OTL-Control,E,0.364
OTL-Control,E,0.363
OTL-Control,E,0.362
OTL-Control,E,0.362
OTL-Control,E,0.362
OTL-Control,E,0.361
OTL-Control,E,0.362
OTL-Control,E,0.362
OTL-Control,E,0.362
OTL-Control,E,0.362
OTL-Control,E,0.362
OTL-Control,E,0.363
OTL-Control,E,0.362
OTL-Control,E,0.362
OTL-Control,E,0.361
OTL-Control,E,0.361
OTL-Control,E,0.360
OTL-Control,E,0.359
OTL-Control,E,0.359
OTL-Control,E,0.358
OTL-Control,E,0.358
OTL-Control,E,0.358
OTL-Control,E,0.357
OTL-Control,E,0.358
OTL-Control,E,0.370
OTL-Control,E,0.383
OTL-Control,E,0.384
OTL-Control,E,0.384
OTL-Control,E,0.384
OTL-Control,E,0.385
OTL-Control,E,0.385
OTL-Control,E,0.385
OTL-Control,E,0.385
OTL-Control,E,0.386
OTL-Control,E,0.386
OTL-Control,E,0.387
OTL-Control,E,0.387
OTL-Control,E,0.387
OTL-Control,E,0.388
OTL-Control,E,0.388
OTL-Control,E,0.387
OTL-Control,E,0.387
OTL-Control,E,0.387
OTL-Control,E,0.387
OTL-Control,E,0.387
OTL-Control,E,0.387
OTL-Control,E,0.387
OTL-Control,E,0.387
OTL-Control,E,0.387
OTL-Control,E,0.387
OTL-Control,E,0.387
OTL-Control,E,0.386
OTL-Control,E,0.386
OTL-Control,E,0.385
OTL-Control,E,0.380
OTL-Control,E,0.377
OTL-Control,E,0.376
OTL-Control,E,0.373
OTL-Control,E,0.369
OTL-Control,E,0.368
OTL-Control,E,0.367
OTL-Control,E,0.366
OTL-Control,E,0.365
OTL-Control,E,0.364
OTL-Control,E,0.362
OTL-Control,E,0.361
OTL-Control,E,0.360
OTL-Control,E,0.359
OTL-Control,E,0.359
OTL-Control,E,0.358
OTL-Control,E,0.357
OTL-Control,E,0.357
OTL-Control,E,0.356
OTL-Control,E,0.356
OTL-Control,E,0.355
OTL-Control,E,0.354
OTL-Control,E,0.354
OTL-Control,E,0.353
OTL-Control,E,0.353
OTL-Control,E,0.354
OTL-Control,E,0.354
OTL-Control,E,0.355
OTL-Control,E,0.355
OTL-Control,E,0.356
OTL-Control,E,0.356
OTL-Control,E,0.356
OTL-Control,E,0.356
OTL-Control,E,0.355
OTL-Control,E,0.354
OTL-Control,E,0.354
OTL-Control,E,0.353
OTL-Control,E,0.352
OTL-Control,E,0.352
OTL-Control,E,0.351
OTL-Control,E,0.351
OTL-Control,E,0.350
OTL-Control,E,0.350
OTL-Control,E,0.349
OTL-Control,E,0.348
OTL-Control,E,0.348
OTL-Control,E,0.348
OTL-Control,E,0.348
OTL-Control,E,0.348
OTL-Control,E,0.349
OTL-Control,E,0.349
OTL-Control,E,0.350
OTL-Control,E,0.351
OTL-Control,E,0.351
OTL-Control,E,0.351
OTL-Control,E,0.352
OTL-Control,E,0.351
OTL-Control,E,0.351
OTL-Control,E,0.351
OTL-Control,E,0.350
OTL-Control,E,0.349
OTL-Control,E,0.349
OTL-Control,E,0.348
OTL-Control,E,0.348
OTL-Control,E,0.347
OTL-Control,E,0.346
OTL-Control,E,0.346
OTL-Control,E,0.346
OTL-Control,E,0.345
OTL-Control,E,0.344
OTL-Control,E,0.344
OTL-Control,E,0.344
OTL-Control,E,0.344
OTL-Control,E,0.345
OTL-Control,E,0.345
OTL-Control,E,0.346
OTL-Control,E,0.346
OTL-Control,E,0.346
OTL-Control,E,0.346
OTL-Control,E,0.346
OTL-Control,E,0.346
OTL-Control,E,0.346
OTL-Control,E,0.346
OTL-Control,E,0.345
OTL-Control,E,0.345
OTL-Control,E,0.345
OTL-Control,E,0.344
OTL-Control,E,0.344
OTL-Control,E,0.344
OTL-Control,E,0.344
OTL-Control,E,0.344
OTL-Control,E,0.370
OTL-Control,E,0.385
OTL-Control,E,0.385
OTL-Control,E,0.385
OTL-Control,E,0.384
OTL-Control,E,0.384
OTL-Control,E,0.381
OTL-Control,E,0.374
OTL-Control,E,0.372
OTL-Control,E,0.370
OTL-Control,E,0.370
OTL-Control,E,0.369
OTL-Control,E,0.364
OTL-Control,E,0.363
OTL-Control,E,0.363
OTL-Control,E,0.362
OTL-Control,E,0.360
OTL-Control,E,0.359
OTL-Control,E,0.359
OTL-Control,E,0.358
OTL-Control,E,0.357
OTL-Control,E,0.357
OTL-Control,E,0.356
OTL-Control,E,0.356
OTL-Control,E,0.355
OTL-Control,E,0.355
OTL-Control,E,0.354
OTL-Control,E,0.354
OTL-Control,E,0.354
OTL-Control,E,0.354
OTL-Control,E,0.355
OTL-Control,E,0.355
OTL-Control,E,0.355
OTL-Control,E,0.356
OTL-Control,E,0.356
OTL-Control,E,0.356
OTL-Control,E,0.356
OTL-Control,E,0.355
OTL-Control,E,0.355
OTL-Control,E,0.354
OTL-Control,E,0.353
OTL-Control,E,0.353
OTL-Control,E,0.352
OTL-Control,E,0.352
OTL-Control,E,0.351
OTL-Control,E,0.351
OTL-Control,E,0.351
OTL-Control,E,0.351
OTL-Control,E,0.350
OTL-Control,E,0.350
OTL-Control,E,0.370
OTL-Control,E,0.377
OTL-Control,E,0.378
OTL-Control,E,0.378
OTL-Control,E,0.378
OTL-Control,E,0.378
OTL-Control,E,0.378
OTL-Control,E,0.379
OTL-Control,E,0.379
OTL-Control,E,0.379
OTL-Control,E,0.380
OTL-Control,E,0.380
OTL-Control,E,0.380
OTL-Control,E,0.380
OTL-Control,E,0.381
OTL-Control,E,0.381
OTL-Control,E,0.381
OTL-Control,E,0.381
OTL-Control,E,0.381
OTL-Control,E,0.381
OTL-Control,E,0.381
OTL-Control,E,0.381
OTL-Control,E,0.382
OTL-Control,E,0.382
OTL-Control,E,0.382
OTL-Control,E,0.382
OTL-Control,E,0.382
OTL-Control,E,0.383
OTL-Control,E,0.383
OTL-Control,E,0.383
OTL-Control,E,0.384
OTL-Control,E,0.384
OTL-Control,E,0.384
OTL-Control,E,0.385
OTL-Control,E,0.385
OTL-Control,E,0.385
OTL-Control,E,0.385
OTL-Control,E,0.385
OTL-Control,E,0.386
OTL-Control,E,0.385
OTL-Control,E,0.385
OTL-Control,E,0.385
OTL-Control,E,0.385
OTL-Control,E,0.385
OTL-Control,E,0.385
OTL-Control,E,0.383
OTL-Control,E,0.377
OTL-Control,E,0.374
OTL-Control,E,0.372
OTL-Control,E,0.371
OTL-Control,E,0.370
OTL-Control,E,0.368
OTL-Control,E,0.367
OTL-Control,E,0.367
OTL-Control,E,0.367
OTL-Control,E,0.367
OTL-Control,E,0.367
OTL-Control,E,0.366
OTL-Control,E,0.365
OTL-Control,E,0.364
OTL-Control,E,0.363
OTL-Control,E,0.362
OTL-Control,E,0.361
OTL-Control,E,0.360
OTL-Control,E,0.360
OTL-Control,E,0.359
OTL-Control,E,0.358
OTL-Control,E,0.358
OTL-Control,E,0.357
OTL-Control,E,0.357
OTL-Control,E,0.356
OTL-Control,E,0.355
OTL-Control,E,0.355
OTL-Control,E,0.354
OTL-Control,E,0.354
OTL-Control,E,0.355
OTL-Control,E,0.355
OTL-Control,E,0.356
OTL-Control,E,0.356
OTL-Control,E,0.356
OTL-Control,E,0.357
OTL-Control,E,0.357
OTL-Control,E,0.357
OTL-Control,E,0.357
OTL-Control,E,0.356
OTL-Control,E,0.355
OTL-Control,E,0.354
OTL-Control,E,0.354
OTL-Control,E,0.353
OTL-Control,E,0.353
OTL-Control,E,0.352
OTL-Control,E,0.351
OTL-Control,E,0.351
OTL-Control,E,0.351
OTL-Control,E,0.350
OTL-Control,E,0.349
OTL-Control,E,0.349
OTL-Control,E,0.349
OTL-Control,E,0.349
OTL-Control,E,0.349
OTL-Control,E,0.349
OTL-Control,E,0.350
OTL-Control,E,0.350
OTL-Control,E,0.351
OTL-Control,E,0.351
OTL-Control,E,0.352
OTL-Control,E,0.352
OTL-Control,E,0.352
OTL-Control,E,0.351
OTL-Control,E,0.351
OTL-Control,E,0.350
OTL-Control,E,0.350
OTL-Control,E,0.349
OTL-Control,E,0.348
OTL-Control,E,0.348
OTL-Control,E,0.347
OTL-Control,E,0.347
OTL-Control,E,0.346
OTL-Control,E,0.346
OTL-Control,E,0.345
OTL-Control,E,0.344
OTL-Control,E,0.344
OTL-Control,E,0.344
OTL-Control,E,0.345
OTL-Control,E,0.345
OTL-Control,E,0.346
OTL-Control,E,0.346
OTL-Control,E,0.347
OTL-Control,E,0.348
OTL-Control,E,0.348
OTL-Control,E,0.348
OTL-Control,E,0.348
OTL-Control,E,0.348
OTL-Control,E,0.348
OTL-Control,E,0.347
OTL-Control,E,0.346
OTL-Control,E,0.346
OTL-Control,E,0.345
OTL-Control,E,0.345
OTL-Control,E,0.344
OTL-Control,E,0.343
OTL-Control,E,0.343
OTL-Control,E,0.342
OTL-Control,E,0.342
OTL-Control,E,0.341
OTL-Control,E,0.341
OTL-Control,E,0.341
OTL-Control,E,0.341
OTL-Control,E,0.342
OTL-Control,E,0.343
OTL-Control,E,0.344
OTL-Control,E,0.345
OTL-Control,E,0.345
OTL-Control,E,0.346
OTL-Control,E,0.346
OTL-Control,E,0.346
OTL-Control,E,0.345
OTL-Control,E,0.345
OTL-Control,E,0.344
OTL-Control,E,0.344
OTL-Control,E,0.344
OTL-Control,E,0.343
OTL-Control,E,0.343
OTL-Control,E,0.342
OTL-Control,E,0.342
OTL-Control,E,0.342
OTL-Control,E,0.341
OTL-Control,E,0.341
OTL-Control,E,0.341
OTL-Control,E,0.341
OTL-Control,E,0.341
OTL-Control,E,0.369
OTL-Control,E,0.387
OTL-Control,E,0.388
OTL-Control,E,0.388
OTL-Control,E,0.388
OTL-Control,E,0.387
OTL-Control,E,0.383
OTL-Control,E,0.378
OTL-Control,E,0.376
OTL-Control,E,0.375
OTL-Control,E,0.374
OTL-Control,E,0.373
OTL-Control,E,0.370
OTL-Control,E,0.365
OTL-Control,E,0.361
OTL-Control,E,0.359
OTL-Control,E,0.358
OTL-Control,E,0.357
OTL-Control,E,0.359
OTL-Control,E,0.375
OTL-Control,E,0.377
OTL-Control,E,0.377
OTL-Control,E,0.377
OTL-Control,E,0.377
OTL-Control,E,0.378
OTL-Control,E,0.378
OTL-Control,E,0.378
OTL-Control,E,0.379
OTL-Control,E,0.379
OTL-Control,E,0.379
OTL-Control,E,0.379
OTL-Control,E,0.380
OTL-Control,E,0.380
OTL-Control,E,0.380
OTL-Control,E,0.380
OTL-Control,E,0.380
OTL-Control,E,0.380
OTL-Control,E,0.380
OTL-Control,E,0.380
OTL-Control,E,0.380
OTL-Control,E,0.381
OTL-Control,E,0.381
OTL-Control,E,0.381
OTL-Control,E,0.381
OTL-Control,E,0.381
OTL-Control,E,0.381
OTL-Control,E,0.381
OTL-Control,E,0.381
OTL-Control,E,0.382
OTL-Control,E,0.382
OTL-Control,E,0.383
OTL-Control,E,0.384
OTL-Control,E,0.384
OTL-Control,E,0.385
OTL-Control,E,0.385
OTL-Control,E,0.386
OTL-Control,E,0.386
OTL-Control,E,0.386
OTL-Control,E,0.385
OTL-Control,E,0.381
OTL-Control,E,0.376
OTL-Control,E,0.374
OTL-Control,E,0.373
OTL-Control,E,0.370
OTL-Control,E,0.368
OTL-Control,E,0.367
OTL-Control,E,0.366
OTL-Control,E,0.365
OTL-Control,E,0.363
OTL-Control,E,0.362
OTL-Control,E,0.362
OTL-Control,E,0.362
OTL-Control,E,0.362
OTL-Control,E,0.362
OTL-Control,E,0.363
OTL-Control,E,0.363
OTL-Control,E,0.363
OTL-Control,E,0.363
OTL-Control,E,0.363
OTL-Control,E,0.363
OTL-Control,E,0.362
OTL-Control,E,0.361
OTL-Control,E,0.361
OTL-Control,E,0.360
OTL-Control,E,0.359
OTL-Control,E,0.358
OTL-Control,E,0.357
OTL-Control,E,0.357
OTL-Control,E,0.356
OTL-Control,E,0.355
OTL-Control,E,0.355
OTL-Control,E,0.354
OTL-Control,E,0.353
OTL-Control,E,0.353
OTL-Control,E,0.353
OTL-Control,E,0.353
OTL-Control,E,0.353
OTL-Control,E,0.354
OTL-Control,E,0.355
OTL-Control,E,0.355
OTL-Control,E,0.356
OTL-Control,E,0.357
OTL-Control,E,0.357
OTL-Control,E,0.357
OTL-Control,E,0.357
OTL-Control,E,0.356
OTL-Control,E,0.356
OTL-Control,E,0.355
OTL-Control,E,0.355
OTL-Control,E,0.354
OTL-Control,E,0.353
OTL-Control,E,0.353
OTL-Control,E,0.352
OTL-Control,E,0.352
OTL-Control,E,0.352
OTL-Control,E,0.351
OTL-Control,E,0.351
OTL-Control,E,0.350
OTL-Control,E,0.350
OTL-Control,E,0.350
OTL-Control,E,0.351
OTL-Control,E,0.351
OTL-Control,E,0.352
OTL-Control,E,0.353
OTL-Control,E,0.354
OTL-Control,E,0.354
OTL-Control,E,0.355
OTL-Control,E,0.355
OTL-Control,E,0.355
OTL-Control,E,0.354
OTL-Control,E,0.353
OTL-Control,E,0.353
OTL-Control,E,0.352
OTL-Control,E,0.351
OTL-Control,E,0.350
OTL-Control,E,0.350
OTL-Control,E,0.349
OTL-Control,E,0.349
OTL-Control,E,0.348
OTL-Control,E,0.348
OTL-Control,E,0.347
OTL-Control,E,0.346
OTL-Control,E,0.346
OTL-Control,E,0.346
OTL-Control,E,0.346
OTL-Control,E,0.347
OTL-Control,E,0.347
OTL-Control,E,0.348
OTL-Control,E,0.349
OTL-Control,E,0.349
OTL-Control,E,0.350
OTL-Control,E,0.350
OTL-Control,E,0.350
OTL-Control,E,0.349
OTL-Control,E,0.349
OTL-Control,E,0.348
OTL-Control,E,0.348
OTL-Control,E,0.347
OTL-Control,E,0.346
OTL-Control,E,0.346
OTL-Control,E,0.345
OTL-Control,E,0.345
OTL-Control,E,0.344
OTL-Control,E,0.344
OTL-Control,E,0.343
OTL-Control,E,0.342
OTL-Control,E,0.342
OTL-Control,E,0.342
OTL-Control,E,0.343
OTL-Control,E,0.343
OTL-Control,E,0.344
OTL-Control,E,0.345
OTL-Control,E,0.346
OTL-Control,E,0.346
OTL-Control,E,0.347
OTL-Control,E,0.347
OTL-Control,E,0.347
OTL-Control,E,0.347
OTL-Control,E,0.346
OTL-Control,E,0.345
OTL-Control,E,0.345
OTL-Control,E,0.344
OTL-Control,E,0.343
OTL-Control,E,0.343
OTL-Control,E,0.342
OTL-Control,E,0.342
OTL-Control,E,0.341
OTL-Control,E,0.341
OTL-Control,E,0.340
OTL-Control,E,0.340
OTL-Control,E,0.339
OTL-Control,E,0.340
OTL-Control,E,0.340
OTL-Control,E,0.341
OTL-Control,E,0.342
OTL-Control,E,0.343
OTL-Control,E,0.344
OTL-Control,E,0.344
OTL-Control,E,0.345
OTL-Control,E,0.345
OTL-Control,E,0.345
OTL-Control,E,0.345
OTL-Control,E,0.344
OTL-Control,E,0.343
OTL-Control,E,0.343
OTL-Control,E,0.342
OTL-Control,E,0.341
OTL-Control,E,0.341
OTL-Control,E,0.340
OTL-Control,E,0.340
OTL-Control,E,0.339
OTL-Control,E,0.339
OTL-Control,E,0.338
OTL-Control,E,0.337
OTL-Control,E,0.337
OTL-Control,E,0.337
OTL-Control,E,0.338
OTL-Control,E,0.339
OTL-Control,E,0.340
OTL-Control,E,0.340
OTL-Control,E,0.341
OTL-Control,E,0.342
OTL-Control,E,0.342
OTL-Control,E,0.342
OTL-Control,E,0.342
OTL-Control,E,0.341
OTL-Control,E,0.341
OTL-Control,E,0.340
OTL-Control,E,0.340
OTL-Control,E,0.339
OTL-Control,E,0.339
OTL-Control,E,0.339
OTL-Control,E,0.338
OTL-Control,E,0.338
OTL-Control,E,0.338
OTL-Control,E,0.337
OTL-Control,E,0.337
OTL-Control,E,0.337
OTL-Control,E,0.336
OTL-Control,E,0.336
OTL-Control,E,0.336
OTL-Control,E,0.336
OTL-Control,E,0.337
OTL-Control,E,0.337
OTL-Control,E,0.337
OTL-Control,E,0.337
OTL-Control,E,0.337
OTL-Control,E,0.337
OTL-Control,E,0.337
OTL-Control,E,0.337
OTL-Control,E,0.337
OTL-Control,E,0.336
OTL-Control,E,0.336
OTL-Control,E,0.336
OTL-Control,E,0.335
OTL-Control,E,0.335
OTL-Control,E,0.335
OTL-Control,E,0.334
OTL-Control,E,0.334
OTL-Control,E,0.334
OTL-Control,E,0.334
OTL-Control,E,0.333
OTL-Control,E,0.333
OTL-Control,E,0.333
OTL-Control,E,0.334
OTL-Control,E,0.334
OTL-Control,E,0.335
OTL-Control,E,0.336
OTL-Control,E,0.337
OTL-Control,E,0.337
OTL-Control,E,0.338
OTL-Control,E,0.338
OTL-Control,E,0.338
OTL-Control,E,0.338
OTL-Control,E,0.338
OTL-Control,E,0.337
OTL-Control,E,0.336
OTL-Control,E,0.336
OTL-Control,E,0.335
OTL-Control,E,0.335
OTL-Control,E,0.334
OTL-Control,E,0.334
OTL-Control,E,0.333
OTL-Control,E,0.333
OTL-Control,E,0.332
OTL-Control,E,0.332
OTL-Control,E,0.332
OTL-Control,E,0.332
OTL-Control,E,0.333
OTL-Control,E,0.333
OTL-Control,E,0.334
OTL-Control,E,0.336
OTL-Control,E,0.337
OTL-Control,E,0.338
OTL-Control,E,0.339
OTL-Control,E,0.339
OTL-Control,E,0.339
OTL-Control,E,0.339
OTL-Control,E,0.338
OTL-Control,E,0.337
OTL-Control,E,0.337
OTL-Control,E,0.336
OTL-Control,E,0.335
OTL-Control,E,0.335
OTL-Control,E,0.334
OTL-Control,E,0.334
OTL-Control,E,0.333
OTL-Control,E,0.332
OTL-Control,E,0.332
OTL-Control,E,0.331
OTL-Control,E,0.331
OTL-Control,E,0.331
OTL-Control,E,0.332
OTL-Control,E,0.333
OTL-Control,E,0.334
OTL-Control,E,0.335
OTL-Control,E,0.337
OTL-Control,E,0.335
OTL-Control,E,0.336
OTL-Control,E,0.337
OTL-Control,E,0.337
OTL-Control,E,0.335
OTL-Control,E,0.335
OTL-Control,E,0.336
OTL-Control,E,0.335
OTL-Control,E,0.334
OTL-Control,E,0.333
OTL-Control,E,0.333
OTL-Control,E,0.332
OTL-Control,E,0.331
OTL-Control,E,0.331
OTL-Control,E,0.330
OTL-Control,E,0.329
OTL-Control,E,0.329
OTL-Control,E,0.329
OTL-Control,E,0.329
OTL-Control,E,0.329
OTL-Control,E,0.330
OTL-Control,E,0.331
OTL-Control,E,0.332
OTL-Control,E,0.332
OTL-Control,E,0.333
OTL-Control,E,0.333
OTL-Control,E,0.333
OTL-Control,E,0.332
OTL-Control,E,0.331
OTL-Control,E,0.329
OTL-Control,E,0.329
OTL-Control,E,0.329
OTL-Control,E,0.328
OTL-Control,E,0.327
OTL-Control,E,0.326
OTL-Control,E,0.325
OTL-Control,E,0.324
OTL-Control,E,0.323
OTL-Control,E,0.322
OTL-Control,E,0.321
OTL-Control,E,0.320
OTL-Control,E,0.320
OTL-Control,E,0.320
OTL-Control,E,0.320
OTL-Control,E,0.321
OTL-Control,E,0.322
OTL-Control,E,0.322
OTL-Control,E,0.323
OTL-Control,E,0.323
OTL-Control,E,0.322
OTL-Control,E,0.322
OTL-Control,E,0.321
OTL-Control,E,0.322
OTL-Control,E,0.321
OTL-Control,E,0.320
OTL-Control,E,0.319
OTL-Control,E,0.318
OTL-Control,E,0.317
OTL-Control,E,0.316
OTL-Control,E,0.315
OTL-Control,E,0.314
OTL-Control,E,0.313
OTL-Control,E,0.313
OTL-Control,E,0.312
OTL-Control,E,0.311
OTL-Control,E,0.311
OTL-Control,E,0.311
OTL-Control,E,0.311
OTL-Control,E,0.311
OTL-Control,E,0.312
OTL-Control,E,0.312
OTL-Control,E,0.313
OTL-Control,E,0.313
OTL-Control,E,0.313
OTL-Control,E,0.313
OTL-Control,E,0.313
OTL-Control,E,0.312
OTL-Control,E,0.311
OTL-Control,E,0.310
OTL-Control,E,0.309
OTL-Control,E,0.308
OTL-Control,E,0.307
OTL-Control,E,0.306
OTL-Control,E,0.305
OTL-Control,E,0.304
OTL-Control,E,0.304
OTL-Control,E,0.303
OTL-Control,E,0.302
OTL-Control,E,0.301
OTL-Control,E,0.301
OTL-Control,E,0.301
OTL-Control,E,0.302
OTL-Control,E,0.302
OTL-Control,E,0.303
OTL-Control,E,0.304
OTL-Control,E,0.305
OTL-Control,E,0.306
OTL-Control,E,0.305
OTL-Control,E,0.304
OTL-Control,E,0.304
OTL-Control,E,0.305
OTL-Control,E,0.304
OTL-Control,E,0.303
OTL-Control,E,0.302
OTL-Control,E,0.301
OTL-Control,E,0.300
OTL-Control,E,0.299
OTL-Control,E,0.298
OTL-Control,E,0.298
OTL-Control,E,0.297
OTL-Control,E,0.296
OTL-Control,E,0.295
OTL-Control,E,0.295
OTL-Control,E,0.295
OTL-Control,E,0.295
OTL-Control,E,0.296
OTL-Control,E,0.296
OTL-Control,E,0.297
OTL-Control,E,0.298
OTL-Control,E,0.299
OTL-Control,E,0.298
OTL-Control,E,0.299
OTL-Control,E,0.299
OTL-Control,E,0.298
OTL-Control,E,0.297
OTL-Control,E,0.297
OTL-Control,E,0.297
OTL-Control,E,0.296
OTL-Control,E,0.294
OTL-Control,E,0.294
OTL-Control,E,0.293
OTL-Control,E,0.292
OTL-Control,E,0.291
OTL-Control,E,0.290
OTL-Control,E,0.289
OTL-Control,E,0.289
OTL-Control,E,0.289
OTL-Control,E,0.288
OTL-Control,E,0.288
OTL-Control,E,0.289
OTL-Control,E,0.290
OTL-Control,E,0.291
OTL-Control,E,0.292
OTL-Control,E,0.292
OTL-Control,E,0.291
OTL-Control,E,0.292
OTL-Control,E,0.292
OTL-Control,E,0.291
OTL-Control,E,0.290
OTL-Control,E,0.290
OTL-Control,E,0.290
OTL-Control,E,0.289
OTL-Control,E,0.288
OTL-Control,E,0.288
OTL-Control,E,0.287
OTL-Control,E,0.286
OTL-Control,E,0.286
OTL-Control,E,0.285
OTL-Control,E,0.284
OTL-Control,E,0.283
OTL-Control,E,0.283
OTL-Control,E,0.283
OTL-Control,E,0.283
OTL-Control,E,0.283
OTL-Control,E,0.283
OTL-Control,E,0.283
OTL-Control,E,0.284
OTL-Control,E,0.285
OTL-Control,E,0.285
OTL-Control,E,0.285
OTL-Control,E,0.285
OTL-Control,E,0.285
OTL-Control,E,0.284
OTL-Control,E,0.283
OTL-Control,E,0.282
OTL-Control,E,0.282
OTL-Control,E,0.281
OTL-Control,E,0.281
OTL-Control,E,0.280
OTL-Control,E,0.280
OTL-Control,E,0.279
OTL-Control,E,0.278
OTL-Control,E,0.278
OTL-Control,E,0.277
OTL-Control,E,0.277
OTL-Control,E,0.276
OTL-Control,E,0.277
OTL-Control,E,0.277
OTL-Control,E,0.278
OTL-Control,E,0.278
OTL-Control,E,0.280
OTL-Control,E,0.280
OTL-Control,E,0.281
OTL-Control,E,0.280
OTL-Control,E,0.280
OTL-Control,E,0.280
OTL-Control,E,0.280
OTL-Control,E,0.279
OTL-Control,E,0.278
OTL-Control,E,0.277
OTL-Control,E,0.276
OTL-Control,E,0.276
OTL-Control,E,0.275
OTL-Control,E,0.274
OTL-Control,E,0.274
OTL-Control,E,0.273
OTL-Control,E,0.272
OTL-Control,E,0.272
OTL-Control,E,0.271
OTL-Control,E,0.271
OTL-Control,E,0.272
OTL-Control,E,0.272
OTL-Control,E,0.273
OTL-Control,E,0.274
OTL-Control,E,0.275
OTL-Control,E,0.276
OTL-Control,E,0.276
OTL-Control,E,0.275
OTL-Control,E,0.275
OTL-Control,E,0.275
OTL-Control,E,0.276
OTL-Control,E,0.275
OTL-Control,E,0.274
OTL-Control,E,0.274
OTL-Control,E,0.273
OTL-Control,E,0.272
OTL-Control,E,0.271
OTL-Control,E,0.271
OTL-Control,E,0.270
OTL-Control,E,0.270
OTL-Control,E,0.269
OTL-Control,E,0.268
OTL-Control,E,0.268
OTL-Control,E,0.268
OTL-Control,E,0.268
OTL-Control,E,0.269
OTL-Control,E,0.270
OTL-Control,E,0.271
OTL-Control,E,0.272
OTL-Control,E,0.272
OTL-Control,E,0.273
OTL-Control,E,0.273
OTL-Control,E,0.273
OTL-Control,E,0.273
OTL-Control,E,0.272
OTL-Control,E,0.271
OTL-Control,E,0.270
OTL-Control,E,0.271
OTL-Control,E,0.270
OTL-Control,E,0.269
OTL-Control,E,0.269
OTL-Control,E,0.268
OTL-Control,E,0.268
OTL-Control,E,0.267
OTL-Control,E,0.266
OTL-Control,E,0.266
OTL-Control,E,0.266
OTL-Control,E,0.266
OTL-Control,E,0.266
OTL-Control,E,0.267
OTL-Control,E,0.267
OTL-Control,E,0.268
OTL-Control,E,0.268
OTL-Control,E,0.269
OTL-Control,E,0.269
OTL-Control,E,0.269
OTL-Control,E,0.269
OTL-Control,E,0.269
OTL-Control,E,0.269
OTL-Control,E,0.268
OTL-Control,E,0.267
OTL-Control,E,0.266
OTL-Control,E,0.265
OTL-Control,E,0.264
OTL-Control,E,0.264
OTL-Control,E,0.265
OTL-Control,E,0.265
OTL-Control,E,0.264
OTL-Control,E,0.264
OTL-Control,E,0.263
OTL-Control,E,0.263
OTL-Control,E,0.263
OTL-Control,E,0.263
OTL-Control,E,0.263
OTL-Control,E,0.263
OTL-Control,E,0.264
OTL-Control,E,0.265
OTL-Control,E,0.266
OTL-Control,E,0.266
OTL-Control,E,0.266
OTL-Control,E,0.266
OTL-Control,E,0.266
OTL-Control,E,0.265
OTL-Control,E,0.265
OTL-Control,E,0.264
OTL-Control,E,0.263
OTL-Control,E,0.262
OTL-Control,E,0.261
OTL-Control,E,0.261
OTL-Control,E,0.260
OTL-Control,E,0.259
OTL-Control,E,0.259
OTL-Control,E,0.259
OTL-Control,E,0.258
OTL-Control,E,0.258
OTL-Control,E,0.258
OTL-Control,E,0.258
OTL-Control,E,0.258
OTL-Control,E,0.259
OTL-Control,E,0.260
OTL-Control,E,0.261
OTL-Control,E,0.262
OTL-Control,E,0.263
OTL-Control,E,0.263
OTL-Control,E,0.262
OTL-Control,E,0.262
OTL-Control,E,0.261
OTL-Control,E,0.260
OTL-Control,E,0.260
OTL-Control,E,0.259
OTL-Control,E,0.258
OTL-Control,E,0.257
OTL-Control,E,0.256
OTL-Control,E,0.256
OTL-Control,E,0.255
OTL-Control,E,0.254
OTL-Control,E,0.254
OTL-Control,E,0.254
OTL-Control,E,0.254
OTL-Control,E,0.254
OTL-Control,E,0.253
OTL-Control,E,0.253
OTL-Control,E,0.255
OTL-Control,E,0.256
OTL-Control,E,0.257
OTL-Control,E,0.258
OTL-Control,E,0.258
OTL-Control,E,0.259
OTL-Control,E,0.258
OTL-Control,E,0.258
OTL-Control,E,0.257
OTL-Control,E,0.256
OTL-Control,E,0.256
OTL-Control,E,0.255
OTL-Control,E,0.254
OTL-Control,E,0.253
OTL-Control,E,0.252
OTL-Control,E,0.251
OTL-Control,E,0.250
OTL-Control,E,0.249
OTL-Control,E,0.249
OTL-Control,E,0.250
OTL-Control,E,0.249
OTL-Control,E,0.249
OTL-Control,E,0.248
OTL-Control,E,0.249
OTL-Control,E,0.250
OTL-Control,E,0.251
OTL-Control,E,0.251
OTL-Control,E,0.252
OTL-Control,E,0.252
OTL-Control,E,0.252
OTL-Control,E,0.252
OTL-Control,E,0.252
OTL-Control,E,0.252
OTL-Control,E,0.251
OTL-Control,E,0.250
OTL-Control,E,0.249
OTL-Control,E,0.248
OTL-Control,E,0.247
OTL-Control,E,0.247
OTL-Control,E,0.246
OTL-Control,E,0.245
OTL-Control,E,0.244
OTL-Control,E,0.245
OTL-Control,E,0.244
OTL-Control,E,0.244
OTL-Control,E,0.244
OTL-Control,E,0.243
OTL-Control,E,0.244
OTL-Control,E,0.246
OTL-Control,E,0.247
OTL-Control,E,0.248
OTL-Control,E,0.249
OTL-Control,E,0.249
OTL-Control,E,0.249
OTL-Control,E,0.249
OTL-Control,E,0.249
OTL-Control,E,0.248
OTL-Control,E,0.248
OTL-Control,E,0.247
OTL-Control,E,0.246
OTL-Control,E,0.245
OTL-Control,E,0.244
OTL-Control,E,0.244
OTL-Control,E,0.243
OTL-Control,E,0.242
OTL-Control,E,0.242
OTL-Control,E,0.241
OTL-Control,E,0.240
OTL-Control,E,0.240
OTL-Control,E,0.240
OTL-Control,E,0.241
OTL-Control,E,0.242
OTL-Control,E,0.243
OTL-Control,E,0.244
OTL-Control,E,0.245
OTL-Control,E,0.246
OTL-Control,E,0.246
OTL-Control,E,0.247
OTL-Control,E,0.247
OTL-Control,E,0.246
OTL-Control,E,0.246
OTL-Control,E,0.245
OTL-Control,E,0.244
OTL-Control,E,0.243
OTL-Control,E,0.242
OTL-Control,E,0.242
OTL-Control,E,0.241
OTL-Control,E,0.240
OTL-Control,E,0.240
OTL-Control,E,0.239
OTL-Control,E,0.239
OTL-Control,E,0.238
OTL-Control,E,0.238
OTL-Control,E,0.238
OTL-Control,E,0.238
OTL-Control,E,0.239
OTL-Control,E,0.240
OTL-Control,E,0.241
OTL-Control,E,0.242
OTL-Control,E,0.243
OTL-Control,E,0.244
OTL-Control,E,0.244
OTL-Control,E,0.244
OTL-Control,E,0.243
OTL-Control,E,0.243
OTL-Control,E,0.242
OTL-Control,E,0.241
OTL-Control,E,0.240
OTL-Control,E,0.240
OTL-Control,E,0.239
OTL-Control,E,0.238
OTL-Control,E,0.237
OTL-Control,E,0.237
OTL-Control,E,0.236
OTL-Control,E,0.235
OTL-Control,E,0.232
OTL-Control,E,0.225
OTL-Control,E,0.225
OTL-Control,E,0.225
OTL-Control,E,0.227
OTL-Control,E,0.228
OTL-Control,E,0.230
OTL-Control,E,0.231
OTL-Control,E,0.232
OTL-Control,E,0.233
OTL-Control,E,0.233
OTL-Control,E,0.233
OTL-Control,E,0.232
OTL-Control,E,0.231
OTL-Control,E,0.230
OTL-Control,E,0.230
OTL-Control,E,0.229
OTL-Control,E,0.228
OTL-Control,E,0.228
OTL-Control,E,0.227
OTL-Control,E,0.226
OTL-Control,E,0.225
OTL-Control,E,0.225
OTL-Control,E,0.224
OTL-Control,E,0.223
OTL-Control,E,0.223
OTL-Control,E,0.223
OTL-Control,E,0.224
OTL-Control,E,0.225
OTL-Control,E,0.227
OTL-Control,E,0.228
OTL-Control,E,0.229
OTL-Control,E,0.230
OTL-Control,E,0.230
OTL-Control,E,0.230
OTL-Control,E,0.230
OTL-Control,E,0.229
OTL-Control,E,0.229
OTL-Control,E,0.228
OTL-Control,E,0.227
OTL-Control,E,0.226
OTL-Control,E,0.226
OTL-Control,E,0.225
OTL-Control,E,0.224
OTL-Control,E,0.224
OTL-Control,E,0.223
OTL-Control,E,0.222
OTL-Control,E,0.221
OTL-Control,E,0.221
OTL-Control,E,0.221
OTL-Control,E,0.221
OTL-Control,E,0.221
OTL-Control,E,0.221
OTL-Control,E,0.221
OTL-Control,E,0.221
OTL-Control,E,0.222
OTL-Control,E,0.222
OTL-Control,E,0.222
OTL-Control,E,0.222
OTL-Control,E,0.222
OTL-Control,E,0.222
OTL-Control,E,0.221
OTL-Control,E,0.221
OTL-Control,E,0.221
OTL-Control,E,0.221
OTL-Control,E,0.221
OTL-Control,E,0.221
OTL-Control,E,0.220
OTL-Control,E,0.220
OTL-Control,E,0.220
OTL-Control,E,0.219
OTL-Control,E,0.219
OTL-Control,E,0.218
OTL-Control,E,0.218
OTL-Control,E,0.218
OTL-Control,E,0.219
OTL-Control,E,0.219
OTL-Control,E,0.220
OTL-Control,E,0.220
OTL-Control,E,0.221
OTL-Control,E,0.221
OTL-Control,E,0.220
OTL-Control,E,0.220
OTL-Control,E,0.220
OTL-Control,E,0.221
OTL-Control,E,0.221
OTL-Control,E,0.220
OTL-Control,E,0.220
OTL-Control,E,0.219
OTL-Control,E,0.219
OTL-Control,E,0.219
OTL-Control,E,0.218
OTL-Control,E,0.218
OTL-Control,E,0.218
OTL-Control,E,0.217
OTL-Control,E,0.217
OTL-Control,E,0.217
OTL-Control,E,0.217
OTL-Control,E,0.217
OTL-Control,E,0.218
OTL-Control,E,0.219
OTL-Control,E,0.220
OTL-Control,E,0.220
OTL-Control,E,0.221
OTL-Control,E,0.221
OTL-Control,E,0.221
OTL-Control,E,0.221
OTL-Control,E,0.221
OTL-Control,E,0.221
OTL-Control,E,0.221
OTL-Control,E,0.220
OTL-Control,E,0.220
OTL-Control,E,0.219
OTL-Control,E,0.219
OTL-Control,E,0.219
OTL-Control,E,0.218
OTL-Control,E,0.218
OTL-Control,E,0.218
OTL-Control,E,0.218
OTL-Control,E,0.217
OTL-Control,E,0.217
OTL-Control,E,0.217
OTL-Control,E,0.217
OTL-Control,E,0.217
OTL-Control,E,0.217
OTL-Control,E,0.218
OTL-Control,E,0.218
OTL-Control,E,0.218
OTL-Control,E,0.219
OTL-Control,E,0.219
OTL-Control,E,0.219
OTL-Control,E,0.219
OTL-Control,E,0.219
OTL-Control,E,0.219
OTL-Control,E,0.219
OTL-Control,E,0.218
OTL-Control,E,0.218
OTL-Control,E,0.218
OTL-Control,E,0.218
OTL-Control,E,0.217
OTL-Control,E,0.217
OTL-Control,E,0.217
OTL-Control,E,0.216
OTL-Control,E,0.216
OTL-Control,E,0.215
OTL-Control,E,0.215
OTL-Control,E,0.216
OTL-Control,E,0.217
OTL-Control,E,0.217
OTL-Control,E,0.218
OTL-Control,E,0.219
OTL-Control,E,0.220
OTL-Control,E,0.221
OTL-Control,E,0.221
OTL-Control,E,0.221
OTL-Control,E,0.221
OTL-Control,E,0.221
OTL-Control,E,0.220
OTL-Control,E,0.220
OTL-Control,E,0.219
OTL-Control,E,0.219
OTL-Control,E,0.219
OTL-Control,E,0.219
OTL-Control,E,0.218
OTL-Control,E,0.218
OTL-Control,E,0.218
OTL-Control,E,0.218
OTL-Control,E,0.217
OTL-Control,E,0.217
OTL-Control,E,0.217
OTL-Control,E,0.217
OTL-Control,E,0.217
OTL-Control,E,0.218
OTL-Control,E,0.219
OTL-Control,E,0.220
OTL-Control,E,0.220
OTL-Control,E,0.220
OTL-Control,E,0.221
OTL-Control,E,0.221
OTL-Control,E,0.221
OTL-Control,E,0.221
OTL-Control,E,0.221
OTL-Control,E,0.220
OTL-Control,E,0.220
OTL-Control,E,0.219
OTL-Control,E,0.219
OTL-Control,E,0.218
OTL-Control,E,0.218
OTL-Control,E,0.217
OTL-Control,E,0.217
OTL-Control,E,0.217
OTL-Control,E,0.217
OTL-Control,E,0.216
OTL-Control,E,0.216
OTL-Control,E,0.217
OTL-Control,E,0.218
OTL-Control,E,0.219
OTL-Control,E,0.220
OTL-Control,E,0.221
OTL-Control,E,0.222
OTL-Control,E,0.223
OTL-Control,E,0.224
OTL-Control,E,0.224
OTL-Control,E,0.224
OTL-Control,E,0.224
OTL-Control,E,0.223
OTL-Control,E,0.222
OTL-Control,E,0.223
OTL-Control,E,0.222
OTL-Control,E,0.221
OTL-Control,E,0.221
OTL-Control,E,0.220
OTL-Control,E,0.220
OTL-Control,E,0.219
OTL-Control,E,0.219
OTL-Control,E,0.219
OTL-Control,E,0.218
OTL-Control,E,0.218
OTL-Control,E,0.218
OTL-Control,E,0.219
OTL-Control,E,0.219
OTL-Control,E,0.221
OTL-Control,E,0.222
OTL-Control,E,0.223
OTL-Control,E,0.225
OTL-Control,E,0.226
OTL-Control,E,0.226
OTL-Control,E,0.226
OTL-Control,E,0.226
OTL-Control,E,0.225
OTL-Control,E,0.224
OTL-Control,E,0.224
OTL-Control,E,0.224
OTL-Control,E,0.224
OTL-Control,E,0.223
OTL-Control,E,0.223
OTL-Control,E,0.222
OTL-Control,E,0.222
OTL-Control,E,0.221
OTL-Control,E,0.221
OTL-Control,E,0.221
OTL-Control,E,0.221
OTL-Control,E,0.221
OTL-Control,E,0.222
OTL-Control,E,0.223
OTL-Control,E,0.224
OTL-Control,E,0.225
OTL-Control,E,0.227
OTL-Control,E,0.228
OTL-Control,E,0.229
OTL-Control,E,0.230
OTL-Control,E,0.230
OTL-Control,E,0.229
OTL-Control,E,0.228
OTL-Control,E,0.228
OTL-Control,E,0.227
OTL-Control,E,0.226
OTL-Control,E,0.225
OTL-Control,E,0.225
OTL-Control,E,0.225
OTL-Control,E,0.224
OTL-Control,E,0.224
OTL-Control,E,0.223
OTL-Control,E,0.223
OTL-Control,E,0.222
OTL-Control,E,0.222
OTL-Control,E,0.223
OTL-Control,E,0.224
OTL-Control,E,0.225
OTL-Control,E,0.225
OTL-Control,E,0.227
OTL-Control,E,0.229
OTL-Control,E,0.230
OTL-Control,E,0.231
OTL-Control,E,0.231
OTL-Control,E,0.231
OTL-Control,E,0.230
OTL-Control,E,0.230
OTL-Control,E,0.229
OTL-Control,E,0.228
OTL-Control,E,0.227
OTL-Control,E,0.226
OTL-Control,E,0.226
OTL-Control,E,0.226
OTL-Control,E,0.226
OTL-Control,E,0.225
OTL-Control,E,0.224
OTL-Control,E,0.224
OTL-Control,E,0.223
OTL-Control,E,0.223
OTL-Control,E,0.224
OTL-Control,E,0.224
OTL-Control,E,0.226
OTL-Control,E,0.226
OTL-Control,E,0.229
OTL-Control,E,0.230
OTL-Control,E,0.232
OTL-Control,E,0.233
OTL-Control,E,0.233
OTL-Control,E,0.233
OTL-Control,E,0.233
OTL-Control,E,0.232
OTL-Control,E,0.231
OTL-Control,E,0.230
OTL-Control,E,0.230
OTL-Control,E,0.229
OTL-Control,E,0.228
OTL-Control,E,0.227
OTL-Control,E,0.226
OTL-Control,E,0.226
OTL-Control,E,0.227
OTL-Control,E,0.226
OTL-Control,E,0.226
OTL-Control,E,0.225
OTL-Control,E,0.226
OTL-Control,E,0.226
OTL-Control,E,0.227
OTL-Control,E,0.229
OTL-Control,E,0.231
OTL-Control,E,0.233
OTL-Control,E,0.234
OTL-Control,E,0.235
OTL-Control,E,0.236
OTL-Control,E,0.236
OTL-Control,E,0.236
OTL-Control,E,0.235
OTL-Control,E,0.234
OTL-Control,E,0.233
OTL-Control,E,0.232
OTL-Control,E,0.232
OTL-Control,E,0.231
OTL-Control,E,0.230
OTL-Control,E,0.230
OTL-Control,E,0.229
OTL-Control,E,0.228
OTL-Control,E,0.228
OTL-Control,E,0.227
OTL-Control,E,0.227
OTL-Control,E,0.228
OTL-Control,E,0.229
OTL-Control,E,0.230
OTL-Control,E,0.232
OTL-Control,E,0.234
OTL-Control,E,0.236
OTL-Control,E,0.237
OTL-Control,E,0.238
OTL-Control,E,0.239
OTL-Control,E,0.239
OTL-Control,E,0.238
OTL-Control,E,0.238
OTL-Control,E,0.237
OTL-Control,E,0.236
OTL-Control,E,0.235
OTL-Control,E,0.234
OTL-Control,E,0.234
OTL-Control,E,0.233
OTL-Control,E,0.232
OTL-Control,E,0.232
OTL-Control,E,0.231
OTL-Control,E,0.231
OTL-Control,E,0.230
OTL-Control,E,0.230
OTL-Control,E,0.230
OTL-Control,E,0.231
OTL-Control,E,0.232
OTL-Control,E,0.234
OTL-Control,E,0.236
OTL-Control,E,0.237
OTL-Control,E,0.239
OTL-Control,E,0.239
OTL-Control,E,0.239
OTL-Control,E,0.239
OTL-Control,E,0.239
OTL-Control,E,0.238
OTL-Control,E,0.237
OTL-Control,E,0.236
OTL-Control,E,0.235
OTL-Control,E,0.234
OTL-Control,E,0.234
OTL-Control,E,0.233
OTL-Control,E,0.232
OTL-Control,E,0.232
OTL-Control,E,0.231
OTL-Control,E,0.230
OTL-Control,E,0.230
OTL-Control,E,0.230
OTL-Control,E,0.230
OTL-Control,E,0.231
OTL-Control,E,0.232
OTL-Control,E,0.233
OTL-Control,E,0.235
OTL-Control,E,0.237
OTL-Control,E,0.238
OTL-Control,E,0.239
OTL-Control,E,0.240
OTL-Control,E,0.240
OTL-Control,E,0.240
OTL-Control,E,0.239
OTL-Control,E,0.238
OTL-Control,E,0.237
OTL-Control,E,0.237
OTL-Control,E,0.236
OTL-Control,E,0.235
OTL-Control,E,0.234
OTL-Control,E,0.233
OTL-Control,E,0.233
OTL-Control,E,0.232
OTL-Control,E,0.231
OTL-Control,E,0.230
OTL-Control,E,0.230
OTL-Control,E,0.231
OTL-Control,E,0.231
OTL-Control,E,0.233
OTL-Control,E,0.234
OTL-Control,E,0.236
OTL-Control,E,0.238
OTL-Control,E,0.240
OTL-Control,E,0.241
OTL-Control,E,0.241
OTL-Control,E,0.241
OTL-Control,E,0.241
OTL-Control,E,0.240
OTL-Control,E,0.239
OTL-Control,E,0.238
OTL-Control,E,0.237
OTL-Control,E,0.236
OTL-Control,E,0.235
OTL-Control,E,0.234
OTL-Control,E,0.234
OTL-Control,E,0.233
OTL-Control,E,0.233
OTL-Control,E,0.232
OTL-Control,E,0.231
OTL-Control,E,0.231
OTL-Control,E,0.231
OTL-Control,E,0.232
OTL-Control,E,0.233
OTL-Control,E,0.235
OTL-Control,E,0.237
OTL-Control,E,0.239
OTL-Control,E,0.240
OTL-Control,E,0.241
OTL-Control,E,0.241
OTL-Control,E,0.241
OTL-Control,E,0.241
OTL-Control,E,0.240
OTL-Control,E,0.239
OTL-Control,E,0.238
OTL-Control,E,0.237
OTL-Control,E,0.236
OTL-Control,E,0.235
OTL-Control,E,0.234
OTL-Control,E,0.234
OTL-Control,E,0.233
OTL-Control,E,0.232
OTL-Control,E,0.231
OTL-Control,E,0.230
OTL-Control,E,0.230
OTL-Control,E,0.230
OTL-Control,E,0.231
OTL-Control,E,0.232
OTL-Control,E,0.234
OTL-Control,E,0.236
OTL-Control,E,0.238
OTL-Control,E,0.239
OTL-Control,E,0.240
OTL-Control,E,0.240
OTL-Control,E,0.240
OTL-Control,E,0.240
OTL-Control,E,0.239
OTL-Control,E,0.238
OTL-Control,E,0.237
OTL-Control,E,0.236
OTL-Control,E,0.235
OTL-Control,E,0.234
OTL-Control,E,0.233
OTL-Control,E,0.233
OTL-Control,E,0.232
OTL-Control,E,0.231
OTL-Control,E,0.231
OTL-Control,E,0.230
OTL-Control,E,0.230
OTL-Control,E,0.230
OTL-Control,E,0.231
OTL-Control,E,0.232
OTL-Control,E,0.233
OTL-Control,E,0.235
OTL-Control,E,0.237
OTL-Control,E,0.238
OTL-Control,E,0.239
OTL-Control,E,0.239
OTL-Control,E,0.239
OTL-Control,E,0.238
OTL-Control,E,0.237
OTL-Control,E,0.236
OTL-Control,E,0.235
OTL-Control,E,0.234
OTL-Control,E,0.233
OTL-Control,E,0.233
OTL-Control,E,0.232
OTL-Control,E,0.231
OTL-Control,E,0.230
OTL-Control,E,0.230
OTL-Control,E,0.229
OTL-Control,E,0.229
OTL-Control,E,0.228
OTL-Control,E,0.228
OTL-Control,E,0.229
OTL-Control,E,0.230
OTL-Control,E,0.231
OTL-Control,E,0.233
OTL-Control,E,0.235
OTL-Control,E,0.236
OTL-Control,E,0.237
OTL-Control,E,0.237
OTL-Control,E,0.237
OTL-Control,E,0.236
OTL-Control,E,0.235
OTL-Control,E,0.234
OTL-Control,E,0.233
OTL-Control,E,0.232
OTL-Control,E,0.231
OTL-Control,E,0.231
OTL-Control,E,0.230
OTL-Control,E,0.229
OTL-Control,E,0.228
OTL-Control,E,0.227
OTL-Control,E,0.226
OTL-Control,E,0.226
OTL-Control,E,0.225
OTL-Control,E,0.226
OTL-Control,E,0.226
OTL-Control,E,0.227
OTL-Control,E,0.228
OTL-Control,E,0.229
OTL-Control,E,0.231
OTL-Control,E,0.232
OTL-Control,E,0.233
OTL-Control,E,0.233
OTL-Control,E,0.233
OTL-Control,E,0.233
OTL-Control,E,0.232
OTL-Control,E,0.231
OTL-Control,E,0.230
OTL-Control,E,0.229
OTL-Control,E,0.228
OTL-Control,E,0.227
OTL-Control,E,0.226
OTL-Control,E,0.226
OTL-Control,E,0.225
OTL-Control,E,0.224
OTL-Control,E,0.224
OTL-Control,E,0.223
OTL-Control,E,0.223
OTL-Control,E,0.224
OTL-Control,E,0.224
OTL-Control,E,0.225
OTL-Control,E,0.227
OTL-Control,E,0.229
OTL-Control,E,0.231
OTL-Control,E,0.232
OTL-Control,E,0.233
OTL-Control,E,0.233
OTL-Control,E,0.233
OTL-Control,E,0.232
OTL-Control,E,0.232
OTL-Control,E,0.230
OTL-Control,E,0.229
OTL-Control,E,0.228
OTL-Control,E,0.228
OTL-Control,E,0.227
OTL-Control,E,0.226
OTL-Control,E,0.225
OTL-Control,E,0.225
OTL-Control,E,0.224
OTL-Control,E,0.223
OTL-Control,E,0.223
OTL-Control,E,0.223
OTL-Control,E,0.223
OTL-Control,E,0.223
OTL-Control,E,0.224
OTL-Control,E,0.225
OTL-Control,E,0.227
OTL-Control,E,0.228
OTL-Control,E,0.229
OTL-Control,E,0.230
OTL-Control,E,0.230
OTL-Control,E,0.230
OTL-Control,E,0.229
OTL-Control,E,0.228
OTL-Control,E,0.227
OTL-Control,E,0.226
OTL-Control,E,0.225
OTL-Control,E,0.224
OTL-Control,E,0.223
OTL-Control,E,0.222
OTL-Control,E,0.222
OTL-Control,E,0.221
OTL-Control,E,0.221
OTL-Control,E,0.220
OTL-Control,E,0.220
OTL-Control,E,0.219
OTL-Control,E,0.220
OTL-Control,E,0.220
OTL-Control,E,0.221
OTL-Control,E,0.222
OTL-Control,E,0.225
OTL-Control,E,0.226
OTL-Control,E,0.227
OTL-Control,E,0.228
OTL-Control,E,0.229
OTL-Control,E,0.228
OTL-Control,E,0.228
OTL-Control,E,0.227
OTL-Control,E,0.226
OTL-Control,E,0.225
OTL-Control,E,0.224
OTL-Control,E,0.223
OTL-Control,E,0.223
OTL-Control,E,0.222
OTL-Control,E,0.221
OTL-Control,E,0.221
OTL-Control,E,0.220
OTL-Control,E,0.220
OTL-Control,E,0.219
OTL-Control,E,0.219
OTL-Control,E,0.219
OTL-Control,E,0.220
OTL-Control,E,0.221
OTL-Control,E,0.222
OTL-Control,E,0.223
OTL-Control,E,0.225
OTL-Control,E,0.226
OTL-Control,E,0.227
OTL-Control,E,0.227
OTL-Control,E,0.227
OTL-Control,E,0.226
OTL-Control,E,0.225
OTL-Control,E,0.224
OTL-Control,E,0.223
OTL-Control,E,0.222
OTL-Control,E,0.222
OTL-Control,E,0.221
OTL-Control,E,0.220
OTL-Control,E,0.220
OTL-Control,E,0.219
OTL-Control,E,0.219
OTL-Control,E,0.218
OTL-Control,E,0.218
OTL-Control,E,0.218
OTL-Control,E,0.218
OTL-Control,E,0.219
OTL-Control,E,0.219
OTL-Control,E,0.221
OTL-Control,E,0.222
OTL-Control,E,0.224
OTL-Control,E,0.225
OTL-Control,E,0.225
OTL-Control,E,0.226
OTL-Control,E,0.225
OTL-Control,E,0.224
OTL-Control,E,0.223
OTL-Control,E,0.222
OTL-Control,E,0.221
OTL-Control,E,0.220
OTL-Control,E,0.219
OTL-Control,E,0.219
OTL-Control,E,0.218
OTL-Control,E,0.217
OTL-Control,E,0.217
OTL-Control,E,0.216
OTL-Control,E,0.216
OTL-Control,E,0.215
OTL-Control,E,0.215
OTL-Control,E,0.216
OTL-Control,E,0.216
OTL-Control,E,0.217
OTL-Control,E,0.219
OTL-Control,E,0.220
OTL-Control,E,0.222
OTL-Control,E,0.223
OTL-Control,E,0.224
OTL-Control,E,0.224
OTL-Control,E,0.223
OTL-Control,E,0.223
OTL-Control,E,0.222
OTL-Control,E,0.221
OTL-Control,E,0.219
OTL-Control,E,0.219
OTL-Control,E,0.218
OTL-Control,E,0.217
OTL-Control,E,0.216
OTL-Control,E,0.216
OTL-Control,E,0.215
OTL-Control,E,0.215
OTL-Control,E,0.215
OTL-Control,E,0.215
OTL-Control,E,0.214
OTL-Control,E,0.214
OTL-Control,E,0.215
OTL-Control,E,0.216
OTL-Control,E,0.216
OTL-Control,E,0.218
OTL-Control,E,0.219
OTL-Control,E,0.220
OTL-Control,E,0.220
OTL-Control,E,0.220
OTL-Control,E,0.219
OTL-Control,E,0.219
OTL-Control,E,0.218
OTL-Control,E,0.217
OTL-Control,E,0.216
OTL-Control,E,0.216
OTL-Control,E,0.215
OTL-Control,E,0.214
OTL-Control,E,0.214
OTL-Control,E,0.213
OTL-Control,E,0.213
OTL-Control,E,0.212
OTL-Control,E,0.212
OTL-Control,E,0.211
OTL-Control,E,0.211
OTL-Control,E,0.212
OTL-Control,E,0.213
OTL-Control,E,0.214
OTL-Control,E,0.216
OTL-Control,E,0.217
OTL-Control,E,0.219
OTL-Control,E,0.220
OTL-Control,E,0.220
OTL-Control,E,0.220
OTL-Control,E,0.219
OTL-Control,E,0.218
OTL-Control,E,0.217
OTL-Control,E,0.216
OTL-Control,E,0.215
OTL-Control,E,0.215
OTL-Control,E,0.214
OTL-Control,E,0.213
OTL-Control,E,0.213
OTL-Control,E,0.212
OTL-Control,E,0.212
OTL-Control,E,0.211
OTL-Control,E,0.211
OTL-Control,E,0.210
OTL-Control,E,0.210
OTL-Control,E,0.211
OTL-Control,E,0.212
OTL-Control,E,0.213
OTL-Control,E,0.214
OTL-Control,E,0.216
OTL-Control,E,0.217
OTL-Control,E,0.218
OTL-Control,E,0.218
OTL-Control,E,0.218
OTL-Control,E,0.218
OTL-Control,E,0.217
OTL-Control,E,0.216
OTL-Control,E,0.215
OTL-Control,E,0.214
OTL-Control,E,0.213
OTL-Control,E,0.212
OTL-Control,E,0.212
OTL-Control,E,0.211
OTL-Control,E,0.211
OTL-Control,E,0.210
OTL-Control,E,0.210
OTL-Control,E,0.209
OTL-Control,E,0.209
OTL-Control,E,0.209
OTL-Control,E,0.209
OTL-Control,E,0.210
OTL-Control,E,0.211
OTL-Control,E,0.213
OTL-Control,E,0.214
OTL-Control,E,0.216
OTL-Control,E,0.217
OTL-Control,E,0.217
OTL-Control,E,0.217
OTL-Control,E,0.217
OTL-Control,E,0.216
OTL-Control,E,0.215
OTL-Control,E,0.214
OTL-Control,F,0.371
OTL-Control,F,0.370
OTL-Control,F,0.370
OTL-Control,F,0.369
OTL-Control,F,0.369
OTL-Control,F,0.369
OTL-Control,F,0.369
OTL-Control,F,0.368
OTL-Control,F,0.368
OTL-Control,F,0.368
OTL-Control,F,0.368
OTL-Control,F,0.367
OTL-Control,F,0.357
OTL-Control,F,0.356
OTL-Control,F,0.355
OTL-Control,F,0.355
OTL-Control,F,0.355
OTL-Control,F,0.355
OTL-Control,F,0.355
OTL-Control,F,0.354
OTL-Control,F,0.353
OTL-Control,F,0.353
OTL-Control,F,0.352
OTL-Control,F,0.351
OTL-Control,F,0.351
OTL-Control,F,0.350
OTL-Control,F,0.350
OTL-Control,F,0.349
OTL-Control,F,0.349
OTL-Control,F,0.349
OTL-Control,F,0.348
OTL-Control,F,0.348
OTL-Control,F,0.347
OTL-Control,F,0.347
OTL-Control,F,0.346
OTL-Control,F,0.346
OTL-Control,F,0.346
OTL-Control,F,0.346
OTL-Control,F,0.347
OTL-Control,F,0.348
OTL-Control,F,0.349
OTL-Control,F,0.349
OTL-Control,F,0.350
OTL-Control,F,0.351
OTL-Control,F,0.351
OTL-Control,F,0.351
OTL-Control,F,0.351
OTL-Control,F,0.350
OTL-Control,F,0.350
OTL-Control,F,0.349
OTL-Control,F,0.349
OTL-Control,F,0.349
OTL-Control,F,0.349
OTL-Control,F,0.348
OTL-Control,F,0.348
OTL-Control,F,0.347
OTL-Control,F,0.347
OTL-Control,F,0.347
OTL-Control,F,0.346
OTL-Control,F,0.346
OTL-Control,F,0.346
OTL-Control,F,0.346
OTL-Control,F,0.347
OTL-Control,F,0.347
OTL-Control,F,0.348
OTL-Control,F,0.349
OTL-Control,F,0.350
OTL-Control,F,0.351
OTL-Control,F,0.351
OTL-Control,F,0.351
OTL-Control,F,0.351
OTL-Control,F,0.350
OTL-Control,F,0.350
OTL-Control,F,0.350
OTL-Control,F,0.349
OTL-Control,F,0.349
OTL-Control,F,0.349
OTL-Control,F,0.348
OTL-Control,F,0.348
OTL-Control,F,0.348
OTL-Control,F,0.347
OTL-Control,F,0.347
OTL-Control,F,0.347
OTL-Control,F,0.347
OTL-Control,F,0.347
OTL-Control,F,0.347
OTL-Control,F,0.347
OTL-Control,F,0.347
OTL-Control,F,0.347
OTL-Control,F,0.347
OTL-Control,F,0.348
OTL-Control,F,0.348
OTL-Control,F,0.349
OTL-Control,F,0.348
OTL-Control,F,0.348
OTL-Control,F,0.348
OTL-Control,F,0.347
OTL-Control,F,0.347
OTL-Control,F,0.347
OTL-Control,F,0.346
OTL-Control,F,0.352
OTL-Control,F,0.361
OTL-Control,F,0.360
OTL-Control,F,0.359
OTL-Control,F,0.359
OTL-Control,F,0.358
OTL-Control,F,0.358
OTL-Control,F,0.357
OTL-Control,F,0.357
OTL-Control,F,0.357
OTL-Control,F,0.357
OTL-Control,F,0.357
OTL-Control,F,0.358
OTL-Control,F,0.358
OTL-Control,F,0.358
OTL-Control,F,0.358
OTL-Control,F,0.358
OTL-Control,F,0.356
OTL-Control,F,0.355
OTL-Control,F,0.354
OTL-Control,F,0.354
OTL-Control,F,0.353
OTL-Control,F,0.353
OTL-Control,F,0.352
OTL-Control,F,0.352
OTL-Control,F,0.351
OTL-Control,F,0.351
OTL-Control,F,0.350
OTL-Control,F,0.350
OTL-Control,F,0.350
OTL-Control,F,0.349
OTL-Control,F,0.349
OTL-Control,F,0.349
OTL-Control,F,0.349
OTL-Control,F,0.350
OTL-Control,F,0.350
OTL-Control,F,0.351
OTL-Control,F,0.352
OTL-Control,F,0.353
OTL-Control,F,0.353
OTL-Control,F,0.353
OTL-Control,F,0.353
OTL-Control,F,0.353
OTL-Control,F,0.352
OTL-Control,F,0.352
OTL-Control,F,0.351
OTL-Control,F,0.351
OTL-Control,F,0.351
OTL-Control,F,0.351
OTL-Control,F,0.350
OTL-Control,F,0.350
OTL-Control,F,0.350
OTL-Control,F,0.350
OTL-Control,F,0.350
OTL-Control,F,0.350
OTL-Control,F,0.350
OTL-Control,F,0.350
OTL-Control,F,0.350
OTL-Control,F,0.351
OTL-Control,F,0.352
OTL-Control,F,0.353
OTL-Control,F,0.354
OTL-Control,F,0.354
OTL-Control,F,0.354
OTL-Control,F,0.354
OTL-Control,F,0.354
OTL-Control,F,0.353
OTL-Control,F,0.353
OTL-Control,F,0.352
OTL-Control,F,0.352
OTL-Control,F,0.351
OTL-Control,F,0.351
OTL-Control,F,0.351
OTL-Control,F,0.350
OTL-Control,F,0.350
OTL-Control,F,0.350
OTL-Control,F,0.350
OTL-Control,F,0.350
OTL-Control,F,0.350
OTL-Control,F,0.350
OTL-Control,F,0.350
OTL-Control,F,0.351
OTL-Control,F,0.352
OTL-Control,F,0.354
OTL-Control,F,0.355
OTL-Control,F,0.356
OTL-Control,F,0.357
OTL-Control,F,0.357
OTL-Control,F,0.357
OTL-Control,F,0.356
OTL-Control,F,0.356
OTL-Control,F,0.355
OTL-Control,F,0.355
OTL-Control,F,0.354
OTL-Control,F,0.353
OTL-Control,F,0.353
OTL-Control,F,0.352
OTL-Control,F,0.352
OTL-Control,F,0.351
OTL-Control,F,0.351
OTL-Control,F,0.350
OTL-Control,F,0.350
OTL-Control,F,0.350
OTL-Control,F,0.349
OTL-Control,F,0.349
OTL-Control,F,0.350
OTL-Control,F,0.350
OTL-Control,F,0.350
OTL-Control,F,0.353
OTL-Control,F,0.365
OTL-Control,F,0.366
OTL-Control,F,0.367
OTL-Control,F,0.366
OTL-Control,F,0.366
OTL-Control,F,0.366
OTL-Control,F,0.366
OTL-Control,F,0.366
OTL-Control,F,0.366
OTL-Control,F,0.366
OTL-Control,F,0.366
OTL-Control,F,0.367
OTL-Control,F,0.367
OTL-Control,F,0.367
OTL-Control,F,0.367
OTL-Control,F,0.367
OTL-Control,F,0.367
OTL-Control,F,0.367
OTL-Control,F,0.368
OTL-Control,F,0.368
OTL-Control,F,0.369
OTL-Control,F,0.369
OTL-Control,F,0.371
OTL-Control,F,0.373
OTL-Control,F,0.375
OTL-Control,F,0.376
OTL-Control,F,0.375
OTL-Control,F,0.374
OTL-Control,F,0.374
OTL-Control,F,0.373
OTL-Control,F,0.368
OTL-Control,F,0.366
OTL-Control,F,0.365
OTL-Control,F,0.364
OTL-Control,F,0.363
OTL-Control,F,0.363
OTL-Control,F,0.362
OTL-Control,F,0.362
OTL-Control,F,0.361
OTL-Control,F,0.361
OTL-Control,F,0.360
OTL-Control,F,0.360
OTL-Control,F,0.360
OTL-Control,F,0.360
OTL-Control,F,0.360
OTL-Control,F,0.362
OTL-Control,F,0.372
OTL-Control,F,0.373
OTL-Control,F,0.373
OTL-Control,F,0.374
OTL-Control,F,0.374
OTL-Control,F,0.375
OTL-Control,F,0.375
OTL-Control,F,0.375
OTL-Control,F,0.375
OTL-Control,F,0.375
OTL-Control,F,0.375
OTL-Control,F,0.374
OTL-Control,F,0.374
OTL-Control,F,0.373
OTL-Control,F,0.373
OTL-Control,F,0.371
OTL-Control,F,0.368
OTL-Control,F,0.367
OTL-Control,F,0.367
OTL-Control,F,0.367
OTL-Control,F,0.366
OTL-Control,F,0.366
OTL-Control,F,0.366
OTL-Control,F,0.373
OTL-Control,F,0.376
OTL-Control,F,0.376
OTL-Control,F,0.376
OTL-Control,F,0.377
OTL-Control,F,0.377
OTL-Control,F,0.377
OTL-Control,F,0.377
OTL-Control,F,0.377
OTL-Control,F,0.377
OTL-Control,F,0.377
OTL-Control,F,0.377
OTL-Control,F,0.377
OTL-Control,F,0.377
OTL-Control,F,0.376
OTL-Control,F,0.376
OTL-Control,F,0.375
OTL-Control,F,0.375
OTL-Control,F,0.375
OTL-Control,F,0.373
OTL-Control,F,0.371
OTL-Control,F,0.370
OTL-Control,F,0.369
OTL-Control,F,0.369
OTL-Control,F,0.369
OTL-Control,F,0.369
OTL-Control,F,0.369
OTL-Control,F,0.369
OTL-Control,F,0.370
OTL-Control,F,0.370
OTL-Control,F,0.370
OTL-Control,F,0.370
OTL-Control,F,0.370
OTL-Control,F,0.369
OTL-Control,F,0.368
OTL-Control,F,0.366
OTL-Control,F,0.366
OTL-Control,F,0.365
OTL-Control,F,0.365
OTL-Control,F,0.364
OTL-Control,F,0.364
OTL-Control,F,0.364
OTL-Control,F,0.372
OTL-Control,F,0.374
OTL-Control,F,0.374
OTL-Control,F,0.372
OTL-Control,F,0.371
OTL-Control,F,0.372
OTL-Control,F,0.372
OTL-Control,F,0.372
OTL-Control,F,0.372
OTL-Control,F,0.373
OTL-Control,F,0.374
OTL-Control,F,0.374
OTL-Control,F,0.375
OTL-Control,F,0.375
OTL-Control,F,0.376
OTL-Control,F,0.376
OTL-Control,F,0.375
OTL-Control,F,0.375
OTL-Control,F,0.375
OTL-Control,F,0.374
OTL-Control,F,0.374
OTL-Control,F,0.374
OTL-Control,F,0.373
OTL-Control,F,0.373
OTL-Control,F,0.373
OTL-Control,F,0.372
OTL-Control,F,0.372
OTL-Control,F,0.371
OTL-Control,F,0.371
OTL-Control,F,0.371
OTL-Control,F,0.369
OTL-Control,F,0.368
OTL-Control,F,0.368
OTL-Control,F,0.368
OTL-Control,F,0.369
OTL-Control,F,0.369
OTL-Control,F,0.369
OTL-Control,F,0.369
OTL-Control,F,0.368
OTL-Control,F,0.366
OTL-Control,F,0.365
OTL-Control,F,0.364
OTL-Control,F,0.364
OTL-Control,F,0.363
OTL-Control,F,0.362
OTL-Control,F,0.362
OTL-Control,F,0.361
OTL-Control,F,0.361
OTL-Control,F,0.360
OTL-Control,F,0.360
OTL-Control,F,0.359
OTL-Control,F,0.359
OTL-Control,F,0.359
OTL-Control,F,0.359
OTL-Control,F,0.359
OTL-Control,F,0.360
OTL-Control,F,0.361
OTL-Control,F,0.362
OTL-Control,F,0.363
OTL-Control,F,0.364
OTL-Control,F,0.364
OTL-Control,F,0.364
OTL-Control,F,0.364
OTL-Control,F,0.363
OTL-Control,F,0.363
OTL-Control,F,0.362
OTL-Control,F,0.362
OTL-Control,F,0.361
OTL-Control,F,0.360
OTL-Control,F,0.360
OTL-Control,F,0.359
OTL-Control,F,0.359
OTL-Control,F,0.358
OTL-Control,F,0.358
OTL-Control,F,0.357
OTL-Control,F,0.357
OTL-Control,F,0.357
OTL-Control,F,0.357
OTL-Control,F,0.358
OTL-Control,F,0.359
OTL-Control,F,0.360
OTL-Control,F,0.361
OTL-Control,F,0.362
OTL-Control,F,0.362
OTL-Control,F,0.363
OTL-Control,F,0.363
OTL-Control,F,0.362
OTL-Control,F,0.362
OTL-Control,F,0.361
OTL-Control,F,0.361
OTL-Control,F,0.360
OTL-Control,F,0.360
OTL-Control,F,0.359
OTL-Control,F,0.358
OTL-Control,F,0.358
OTL-Control,F,0.357
OTL-Control,F,0.357
OTL-Control,F,0.356
OTL-Control,F,0.356
OTL-Control,F,0.355
OTL-Control,F,0.355
OTL-Control,F,0.356
OTL-Control,F,0.356
OTL-Control,F,0.357
OTL-Control,F,0.358
OTL-Control,F,0.358
OTL-Control,F,0.359
OTL-Control,F,0.359
OTL-Control,F,0.359
OTL-Control,F,0.359
OTL-Control,F,0.359
OTL-Control,F,0.359
OTL-Control,F,0.358
OTL-Control,F,0.358
OTL-Control,F,0.358
OTL-Control,F,0.357
OTL-Control,F,0.357
OTL-Control,F,0.357
OTL-Control,F,0.357
OTL-Control,F,0.357
OTL-Control,F,0.359
OTL-Control,F,0.372
OTL-Control,F,0.372
OTL-Control,F,0.372
OTL-Control,F,0.372
OTL-Control,F,0.373
OTL-Control,F,0.373
OTL-Control,F,0.374
OTL-Control,F,0.374
OTL-Control,F,0.374
OTL-Control,F,0.374
OTL-Control,F,0.374
OTL-Control,F,0.374
OTL-Control,F,0.374
OTL-Control,F,0.374
OTL-Control,F,0.373
OTL-Control,F,0.372
OTL-Control,F,0.371
OTL-Control,F,0.370
OTL-Control,F,0.369
OTL-Control,F,0.368
OTL-Control,F,0.368
OTL-Control,F,0.367
OTL-Control,F,0.367
OTL-Control,F,0.366
OTL-Control,F,0.366
OTL-Control,F,0.365
OTL-Control,F,0.365
OTL-Control,F,0.365
OTL-Control,F,0.366
OTL-Control,F,0.366
OTL-Control,F,0.367
OTL-Control,F,0.367
OTL-Control,F,0.368
OTL-Control,F,0.368
OTL-Control,F,0.369
OTL-Control,F,0.369
OTL-Control,F,0.368
OTL-Control,F,0.366
OTL-Control,F,0.365
OTL-Control,F,0.364
OTL-Control,F,0.364
OTL-Control,F,0.363
OTL-Control,F,0.363
OTL-Control,F,0.362
OTL-Control,F,0.362
OTL-Control,F,0.362
OTL-Control,F,0.362
OTL-Control,F,0.361
OTL-Control,F,0.361
OTL-Control,F,0.366
OTL-Control,F,0.372
OTL-Control,F,0.372
OTL-Control,F,0.372
OTL-Control,F,0.372
OTL-Control,F,0.372
OTL-Control,F,0.373
OTL-Control,F,0.373
OTL-Control,F,0.373
OTL-Control,F,0.374
OTL-Control,F,0.374
OTL-Control,F,0.374
OTL-Control,F,0.374
OTL-Control,F,0.374
OTL-Control,F,0.374
OTL-Control,F,0.374
OTL-Control,F,0.374
OTL-Control,F,0.374
OTL-Control,F,0.374
OTL-Control,F,0.374
OTL-Control,F,0.374
OTL-Control,F,0.374
OTL-Control,F,0.374
OTL-Control,F,0.374
OTL-Control,F,0.374
OTL-Control,F,0.374
OTL-Control,F,0.375
OTL-Control,F,0.375
OTL-Control,F,0.376
OTL-Control,F,0.376
OTL-Control,F,0.377
OTL-Control,F,0.377
OTL-Control,F,0.378
OTL-Control,F,0.378
OTL-Control,F,0.379
OTL-Control,F,0.379
OTL-Control,F,0.379
OTL-Control,F,0.378
OTL-Control,F,0.378
OTL-Control,F,0.377
OTL-Control,F,0.377
OTL-Control,F,0.377
OTL-Control,F,0.376
OTL-Control,F,0.376
OTL-Control,F,0.375
OTL-Control,F,0.375
OTL-Control,F,0.374
OTL-Control,F,0.374
OTL-Control,F,0.374
OTL-Control,F,0.373
OTL-Control,F,0.371
OTL-Control,F,0.371
OTL-Control,F,0.371
OTL-Control,F,0.371
OTL-Control,F,0.372
OTL-Control,F,0.372
OTL-Control,F,0.373
OTL-Control,F,0.372
OTL-Control,F,0.371
OTL-Control,F,0.370
OTL-Control,F,0.370
OTL-Control,F,0.369
OTL-Control,F,0.368
OTL-Control,F,0.367
OTL-Control,F,0.367
OTL-Control,F,0.366
OTL-Control,F,0.365
OTL-Control,F,0.365
OTL-Control,F,0.364
OTL-Control,F,0.364
OTL-Control,F,0.363
OTL-Control,F,0.363
OTL-Control,F,0.362
OTL-Control,F,0.362
OTL-Control,F,0.362
OTL-Control,F,0.362
OTL-Control,F,0.363
OTL-Control,F,0.363
OTL-Control,F,0.364
OTL-Control,F,0.365
OTL-Control,F,0.366
OTL-Control,F,0.366
OTL-Control,F,0.367
OTL-Control,F,0.367
OTL-Control,F,0.366
OTL-Control,F,0.366
OTL-Control,F,0.364
OTL-Control,F,0.364
OTL-Control,F,0.363
OTL-Control,F,0.363
OTL-Control,F,0.362
OTL-Control,F,0.362
OTL-Control,F,0.361
OTL-Control,F,0.361
OTL-Control,F,0.360
OTL-Control,F,0.359
OTL-Control,F,0.359
OTL-Control,F,0.358
OTL-Control,F,0.358
OTL-Control,F,0.359
OTL-Control,F,0.359
OTL-Control,F,0.360
OTL-Control,F,0.361
OTL-Control,F,0.362
OTL-Control,F,0.363
OTL-Control,F,0.363
OTL-Control,F,0.364
OTL-Control,F,0.364
OTL-Control,F,0.363
OTL-Control,F,0.363
OTL-Control,F,0.362
OTL-Control,F,0.361
OTL-Control,F,0.361
OTL-Control,F,0.360
OTL-Control,F,0.359
OTL-Control,F,0.359
OTL-Control,F,0.358
OTL-Control,F,0.358
OTL-Control,F,0.357
OTL-Control,F,0.356
OTL-Control,F,0.356
OTL-Control,F,0.355
OTL-Control,F,0.355
OTL-Control,F,0.356
OTL-Control,F,0.357
OTL-Control,F,0.357
OTL-Control,F,0.359
OTL-Control,F,0.360
OTL-Control,F,0.361
OTL-Control,F,0.362
OTL-Control,F,0.362
OTL-Control,F,0.362
OTL-Control,F,0.361
OTL-Control,F,0.361
OTL-Control,F,0.360
OTL-Control,F,0.359
OTL-Control,F,0.358
OTL-Control,F,0.358
OTL-Control,F,0.357
OTL-Control,F,0.356
OTL-Control,F,0.356
OTL-Control,F,0.355
OTL-Control,F,0.354
OTL-Control,F,0.354
OTL-Control,F,0.353
OTL-Control,F,0.353
OTL-Control,F,0.353
OTL-Control,F,0.353
OTL-Control,F,0.354
OTL-Control,F,0.355
OTL-Control,F,0.357
OTL-Control,F,0.358
OTL-Control,F,0.359
OTL-Control,F,0.360
OTL-Control,F,0.360
OTL-Control,F,0.360
OTL-Control,F,0.360
OTL-Control,F,0.359
OTL-Control,F,0.359
OTL-Control,F,0.358
OTL-Control,F,0.358
OTL-Control,F,0.357
OTL-Control,F,0.357
OTL-Control,F,0.356
OTL-Control,F,0.356
OTL-Control,F,0.356
OTL-Control,F,0.355
OTL-Control,F,0.355
OTL-Control,F,0.355
OTL-Control,F,0.354
OTL-Control,F,0.354
OTL-Control,F,0.369
OTL-Control,F,0.374
OTL-Control,F,0.375
OTL-Control,F,0.375
OTL-Control,F,0.375
OTL-Control,F,0.375
OTL-Control,F,0.374
OTL-Control,F,0.374
OTL-Control,F,0.374
OTL-Control,F,0.373
OTL-Control,F,0.370
OTL-Control,F,0.368
OTL-Control,F,0.367
OTL-Control,F,0.366
OTL-Control,F,0.366
OTL-Control,F,0.365
OTL-Control,F,0.365
OTL-Control,F,0.365
OTL-Control,F,0.365
OTL-Control,F,0.372
OTL-Control,F,0.373
OTL-Control,F,0.373
OTL-Control,F,0.373
OTL-Control,F,0.373
OTL-Control,F,0.373
OTL-Control,F,0.374
OTL-Control,F,0.374
OTL-Control,F,0.375
OTL-Control,F,0.375
OTL-Control,F,0.375
OTL-Control,F,0.375
OTL-Control,F,0.375
OTL-Control,F,0.375
OTL-Control,F,0.375
OTL-Control,F,0.375
OTL-Control,F,0.375
OTL-Control,F,0.375
OTL-Control,F,0.375
OTL-Control,F,0.375
OTL-Control,F,0.375
OTL-Control,F,0.374
OTL-Control,F,0.374
OTL-Control,F,0.374
OTL-Control,F,0.374
OTL-Control,F,0.373
OTL-Control,F,0.373
OTL-Control,F,0.374
OTL-Control,F,0.375
OTL-Control,F,0.377
OTL-Control,F,0.380
OTL-Control,F,0.382
OTL-Control,F,0.384
OTL-Control,F,0.386
OTL-Control,F,0.386
OTL-Control,F,0.386
OTL-Control,F,0.385
OTL-Control,F,0.384
OTL-Control,F,0.383
OTL-Control,F,0.383
OTL-Control,F,0.382
OTL-Control,F,0.382
OTL-Control,F,0.381
OTL-Control,F,0.380
OTL-Control,F,0.377
OTL-Control,F,0.376
OTL-Control,F,0.375
OTL-Control,F,0.373
OTL-Control,F,0.372
OTL-Control,F,0.371
OTL-Control,F,0.371
OTL-Control,F,0.370
OTL-Control,F,0.371
OTL-Control,F,0.371
OTL-Control,F,0.372
OTL-Control,F,0.372
OTL-Control,F,0.373
OTL-Control,F,0.374
OTL-Control,F,0.374
OTL-Control,F,0.375
OTL-Control,F,0.375
OTL-Control,F,0.374
OTL-Control,F,0.370
OTL-Control,F,0.369
OTL-Control,F,0.369
OTL-Control,F,0.368
OTL-Control,F,0.367
OTL-Control,F,0.366
OTL-Control,F,0.366
OTL-Control,F,0.365
OTL-Control,F,0.365
OTL-Control,F,0.364
OTL-Control,F,0.364
OTL-Control,F,0.363
OTL-Control,F,0.363
OTL-Control,F,0.362
OTL-Control,F,0.362
OTL-Control,F,0.363
OTL-Control,F,0.364
OTL-Control,F,0.365
OTL-Control,F,0.366
OTL-Control,F,0.367
OTL-Control,F,0.368
OTL-Control,F,0.369
OTL-Control,F,0.369
OTL-Control,F,0.369
OTL-Control,F,0.369
OTL-Control,F,0.368
OTL-Control,F,0.367
OTL-Control,F,0.366
OTL-Control,F,0.366
OTL-Control,F,0.365
OTL-Control,F,0.365
OTL-Control,F,0.364
OTL-Control,F,0.364
OTL-Control,F,0.363
OTL-Control,F,0.363
OTL-Control,F,0.362
OTL-Control,F,0.362
OTL-Control,F,0.362
OTL-Control,F,0.362
OTL-Control,F,0.362
OTL-Control,F,0.363
OTL-Control,F,0.365
OTL-Control,F,0.366
OTL-Control,F,0.367
OTL-Control,F,0.368
OTL-Control,F,0.369
OTL-Control,F,0.369
OTL-Control,F,0.369
OTL-Control,F,0.368
OTL-Control,F,0.367
OTL-Control,F,0.366
OTL-Control,F,0.365
OTL-Control,F,0.364
OTL-Control,F,0.363
OTL-Control,F,0.363
OTL-Control,F,0.362
OTL-Control,F,0.361
OTL-Control,F,0.361
OTL-Control,F,0.360
OTL-Control,F,0.359
OTL-Control,F,0.358
OTL-Control,F,0.358
OTL-Control,F,0.358
OTL-Control,F,0.359
OTL-Control,F,0.360
OTL-Control,F,0.361
OTL-Control,F,0.362
OTL-Control,F,0.363
OTL-Control,F,0.364
OTL-Control,F,0.364
OTL-Control,F,0.364
OTL-Control,F,0.364
OTL-Control,F,0.364
OTL-Control,F,0.363
OTL-Control,F,0.362
OTL-Control,F,0.361
OTL-Control,F,0.360
OTL-Control,F,0.360
OTL-Control,F,0.359
OTL-Control,F,0.358
OTL-Control,F,0.357
OTL-Control,F,0.357
OTL-Control,F,0.356
OTL-Control,F,0.355
OTL-Control,F,0.355
OTL-Control,F,0.354
OTL-Control,F,0.355
OTL-Control,F,0.355
OTL-Control,F,0.356
OTL-Control,F,0.357
OTL-Control,F,0.358
OTL-Control,F,0.360
OTL-Control,F,0.361
OTL-Control,F,0.362
OTL-Control,F,0.362
OTL-Control,F,0.362
OTL-Control,F,0.361
OTL-Control,F,0.360
OTL-Control,F,0.359
OTL-Control,F,0.359
OTL-Control,F,0.358
OTL-Control,F,0.357
OTL-Control,F,0.356
OTL-Control,F,0.356
OTL-Control,F,0.355
OTL-Control,F,0.354
OTL-Control,F,0.354
OTL-Control,F,0.353
OTL-Control,F,0.352
OTL-Control,F,0.352
OTL-Control,F,0.352
OTL-Control,F,0.353
OTL-Control,F,0.354
OTL-Control,F,0.356
OTL-Control,F,0.357
OTL-Control,F,0.358
OTL-Control,F,0.359
OTL-Control,F,0.360
OTL-Control,F,0.360
OTL-Control,F,0.360
OTL-Control,F,0.359
OTL-Control,F,0.359
OTL-Control,F,0.358
OTL-Control,F,0.357
OTL-Control,F,0.356
OTL-Control,F,0.355
OTL-Control,F,0.355
OTL-Control,F,0.354
OTL-Control,F,0.353
OTL-Control,F,0.353
OTL-Control,F,0.352
OTL-Control,F,0.351
OTL-Control,F,0.351
OTL-Control,F,0.351
OTL-Control,F,0.351
OTL-Control,F,0.352
OTL-Control,F,0.353
OTL-Control,F,0.354
OTL-Control,F,0.355
OTL-Control,F,0.356
OTL-Control,F,0.357
OTL-Control,F,0.357
OTL-Control,F,0.357
OTL-Control,F,0.357
OTL-Control,F,0.356
OTL-Control,F,0.356
OTL-Control,F,0.355
OTL-Control,F,0.355
OTL-Control,F,0.354
OTL-Control,F,0.354
OTL-Control,F,0.353
OTL-Control,F,0.353
OTL-Control,F,0.352
OTL-Control,F,0.352
OTL-Control,F,0.351
OTL-Control,F,0.351
OTL-Control,F,0.351
OTL-Control,F,0.350
OTL-Control,F,0.350
OTL-Control,F,0.350
OTL-Control,F,0.351
OTL-Control,F,0.351
OTL-Control,F,0.351
OTL-Control,F,0.351
OTL-Control,F,0.351
OTL-Control,F,0.352
OTL-Control,F,0.352
OTL-Control,F,0.352
OTL-Control,F,0.352
OTL-Control,F,0.351
OTL-Control,F,0.351
OTL-Control,F,0.350
OTL-Control,F,0.350
OTL-Control,F,0.350
OTL-Control,F,0.349
OTL-Control,F,0.349
OTL-Control,F,0.348
OTL-Control,F,0.348
OTL-Control,F,0.348
OTL-Control,F,0.347
OTL-Control,F,0.347
OTL-Control,F,0.347
OTL-Control,F,0.347
OTL-Control,F,0.348
OTL-Control,F,0.349
OTL-Control,F,0.350
OTL-Control,F,0.351
OTL-Control,F,0.353
OTL-Control,F,0.354
OTL-Control,F,0.355
OTL-Control,F,0.355
OTL-Control,F,0.355
OTL-Control,F,0.355
OTL-Control,F,0.354
OTL-Control,F,0.353
OTL-Control,F,0.353
OTL-Control,F,0.352
OTL-Control,F,0.351
OTL-Control,F,0.351
OTL-Control,F,0.350
OTL-Control,F,0.349
OTL-Control,F,0.349
OTL-Control,F,0.348
OTL-Control,F,0.347
OTL-Control,F,0.347
OTL-Control,F,0.347
OTL-Control,F,0.347
OTL-Control,F,0.348
OTL-Control,F,0.349
OTL-Control,F,0.351
OTL-Control,F,0.352
OTL-Control,F,0.354
OTL-Control,F,0.355
OTL-Control,F,0.356
OTL-Control,F,0.357
OTL-Control,F,0.357
OTL-Control,F,0.356
OTL-Control,F,0.355
OTL-Control,F,0.355
OTL-Control,F,0.354
OTL-Control,F,0.353
OTL-Control,F,0.352
OTL-Control,F,0.351
OTL-Control,F,0.351
OTL-Control,F,0.350
OTL-Control,F,0.349
OTL-Control,F,0.348
OTL-Control,F,0.348
OTL-Control,F,0.347
OTL-Control,F,0.347
OTL-Control,F,0.347
OTL-Control,F,0.348
OTL-Control,F,0.350
OTL-Control,F,0.351
OTL-Control,F,0.353
OTL-Control,F,0.355
OTL-Control,F,0.356
OTL-Control,F,0.356
OTL-Control,F,0.356
OTL-Control,F,0.356
OTL-Control,F,0.355
OTL-Control,F,0.354
OTL-Control,F,0.353
OTL-Control,F,0.352
OTL-Control,F,0.351
OTL-Control,F,0.350
OTL-Control,F,0.349
OTL-Control,F,0.348
OTL-Control,F,0.347
OTL-Control,F,0.347
OTL-Control,F,0.346
OTL-Control,F,0.346
OTL-Control,F,0.345
OTL-Control,F,0.345
OTL-Control,F,0.345
OTL-Control,F,0.346
OTL-Control,F,0.347
OTL-Control,F,0.349
OTL-Control,F,0.350
OTL-Control,F,0.352
OTL-Control,F,0.353
OTL-Control,F,0.353
OTL-Control,F,0.353
OTL-Control,F,0.352
OTL-Control,F,0.351
OTL-Control,F,0.350
OTL-Control,F,0.348
OTL-Control,F,0.347
OTL-Control,F,0.346
OTL-Control,F,0.345
OTL-Control,F,0.343
OTL-Control,F,0.342
OTL-Control,F,0.341
OTL-Control,F,0.340
OTL-Control,F,0.339
OTL-Control,F,0.338
OTL-Control,F,0.338
OTL-Control,F,0.338
OTL-Control,F,0.338
OTL-Control,F,0.338
OTL-Control,F,0.339
OTL-Control,F,0.340
OTL-Control,F,0.341
OTL-Control,F,0.342
OTL-Control,F,0.343
OTL-Control,F,0.344
OTL-Control,F,0.344
OTL-Control,F,0.343
OTL-Control,F,0.342
OTL-Control,F,0.341
OTL-Control,F,0.340
OTL-Control,F,0.338
OTL-Control,F,0.337
OTL-Control,F,0.336
OTL-Control,F,0.335
OTL-Control,F,0.334
OTL-Control,F,0.333
OTL-Control,F,0.332
OTL-Control,F,0.331
OTL-Control,F,0.330
OTL-Control,F,0.329
OTL-Control,F,0.329
OTL-Control,F,0.329
OTL-Control,F,0.329
OTL-Control,F,0.330
OTL-Control,F,0.331
OTL-Control,F,0.332
OTL-Control,F,0.332
OTL-Control,F,0.333
OTL-Control,F,0.333
OTL-Control,F,0.333
OTL-Control,F,0.333
OTL-Control,F,0.332
OTL-Control,F,0.331
OTL-Control,F,0.330
OTL-Control,F,0.329
OTL-Control,F,0.328
OTL-Control,F,0.327
OTL-Control,F,0.326
OTL-Control,F,0.325
OTL-Control,F,0.324
OTL-Control,F,0.323
OTL-Control,F,0.322
OTL-Control,F,0.322
OTL-Control,F,0.321
OTL-Control,F,0.321
OTL-Control,F,0.321
OTL-Control,F,0.322
OTL-Control,F,0.323
OTL-Control,F,0.325
OTL-Control,F,0.326
OTL-Control,F,0.327
OTL-Control,F,0.328
OTL-Control,F,0.328
OTL-Control,F,0.328
OTL-Control,F,0.328
OTL-Control,F,0.327
OTL-Control,F,0.326
OTL-Control,F,0.324
OTL-Control,F,0.323
OTL-Control,F,0.322
OTL-Control,F,0.321
OTL-Control,F,0.320
OTL-Control,F,0.319
OTL-Control,F,0.319
OTL-Control,F,0.318
OTL-Control,F,0.317
OTL-Control,F,0.316
OTL-Control,F,0.316
OTL-Control,F,0.315
OTL-Control,F,0.316
OTL-Control,F,0.316
OTL-Control,F,0.318
OTL-Control,F,0.319
OTL-Control,F,0.320
OTL-Control,F,0.321
OTL-Control,F,0.321
OTL-Control,F,0.322
OTL-Control,F,0.321
OTL-Control,F,0.321
OTL-Control,F,0.320
OTL-Control,F,0.319
OTL-Control,F,0.318
OTL-Control,F,0.317
OTL-Control,F,0.316
OTL-Control,F,0.315
OTL-Control,F,0.314
OTL-Control,F,0.313
OTL-Control,F,0.312
OTL-Control,F,0.311
OTL-Control,F,0.310
OTL-Control,F,0.309
OTL-Control,F,0.308
OTL-Control,F,0.308
OTL-Control,F,0.309
OTL-Control,F,0.309
OTL-Control,F,0.310
OTL-Control,F,0.311
OTL-Control,F,0.312
OTL-Control,F,0.313
OTL-Control,F,0.313
OTL-Control,F,0.314
OTL-Control,F,0.313
OTL-Control,F,0.313
OTL-Control,F,0.312
OTL-Control,F,0.311
OTL-Control,F,0.310
OTL-Control,F,0.309
OTL-Control,F,0.308
OTL-Control,F,0.307
OTL-Control,F,0.307
OTL-Control,F,0.306
OTL-Control,F,0.305
OTL-Control,F,0.304
OTL-Control,F,0.303
OTL-Control,F,0.302
OTL-Control,F,0.302
OTL-Control,F,0.302
OTL-Control,F,0.302
OTL-Control,F,0.302
OTL-Control,F,0.303
OTL-Control,F,0.303
OTL-Control,F,0.304
OTL-Control,F,0.304
OTL-Control,F,0.305
OTL-Control,F,0.305
OTL-Control,F,0.305
OTL-Control,F,0.304
OTL-Control,F,0.303
OTL-Control,F,0.302
OTL-Control,F,0.302
OTL-Control,F,0.301
OTL-Control,F,0.300
OTL-Control,F,0.299
OTL-Control,F,0.299
OTL-Control,F,0.298
OTL-Control,F,0.297
OTL-Control,F,0.297
OTL-Control,F,0.296
OTL-Control,F,0.295
OTL-Control,F,0.294
OTL-Control,F,0.294
OTL-Control,F,0.295
OTL-Control,F,0.295
OTL-Control,F,0.296
OTL-Control,F,0.297
OTL-Control,F,0.299
OTL-Control,F,0.300
OTL-Control,F,0.300
OTL-Control,F,0.300
OTL-Control,F,0.300
OTL-Control,F,0.299
OTL-Control,F,0.299
OTL-Control,F,0.297
OTL-Control,F,0.296
OTL-Control,F,0.295
OTL-Control,F,0.294
OTL-Control,F,0.293
OTL-Control,F,0.292
OTL-Control,F,0.291
OTL-Control,F,0.290
OTL-Control,F,0.290
OTL-Control,F,0.289
OTL-Control,F,0.288
OTL-Control,F,0.287
OTL-Control,F,0.287
OTL-Control,F,0.288
OTL-Control,F,0.288
OTL-Control,F,0.290
OTL-Control,F,0.291
OTL-Control,F,0.292
OTL-Control,F,0.293
OTL-Control,F,0.294
OTL-Control,F,0.294
OTL-Control,F,0.294
OTL-Control,F,0.293
OTL-Control,F,0.293
OTL-Control,F,0.292
OTL-Control,F,0.291
OTL-Control,F,0.290
OTL-Control,F,0.289
OTL-Control,F,0.288
OTL-Control,F,0.287
OTL-Control,F,0.286
OTL-Control,F,0.285
OTL-Control,F,0.284
OTL-Control,F,0.283
OTL-Control,F,0.283
OTL-Control,F,0.282
OTL-Control,F,0.282
OTL-Control,F,0.282
OTL-Control,F,0.283
OTL-Control,F,0.284
OTL-Control,F,0.285
OTL-Control,F,0.287
OTL-Control,F,0.288
OTL-Control,F,0.289
OTL-Control,F,0.289
OTL-Control,F,0.290
OTL-Control,F,0.289
OTL-Control,F,0.288
OTL-Control,F,0.288
OTL-Control,F,0.287
OTL-Control,F,0.285
OTL-Control,F,0.284
OTL-Control,F,0.284
OTL-Control,F,0.283
OTL-Control,F,0.282
OTL-Control,F,0.281
OTL-Control,F,0.280
OTL-Control,F,0.280
OTL-Control,F,0.279
OTL-Control,F,0.279
OTL-Control,F,0.279
OTL-Control,F,0.279
OTL-Control,F,0.279
OTL-Control,F,0.280
OTL-Control,F,0.281
OTL-Control,F,0.282
OTL-Control,F,0.283
OTL-Control,F,0.284
OTL-Control,F,0.284
OTL-Control,F,0.284
OTL-Control,F,0.284
OTL-Control,F,0.283
OTL-Control,F,0.283
OTL-Control,F,0.282
OTL-Control,F,0.281
OTL-Control,F,0.280
OTL-Control,F,0.279
OTL-Control,F,0.278
OTL-Control,F,0.277
OTL-Control,F,0.276
OTL-Control,F,0.276
OTL-Control,F,0.275
OTL-Control,F,0.274
OTL-Control,F,0.274
OTL-Control,F,0.274
OTL-Control,F,0.274
OTL-Control,F,0.275
OTL-Control,F,0.276
OTL-Control,F,0.278
OTL-Control,F,0.279
OTL-Control,F,0.280
OTL-Control,F,0.281
OTL-Control,F,0.282
OTL-Control,F,0.282
OTL-Control,F,0.282
OTL-Control,F,0.281
OTL-Control,F,0.281
OTL-Control,F,0.280
OTL-Control,F,0.278
OTL-Control,F,0.277
OTL-Control,F,0.276
OTL-Control,F,0.275
OTL-Control,F,0.274
OTL-Control,F,0.273
OTL-Control,F,0.272
OTL-Control,F,0.271
OTL-Control,F,0.270
OTL-Control,F,0.269
OTL-Control,F,0.269
OTL-Control,F,0.269
OTL-Control,F,0.270
OTL-Control,F,0.271
OTL-Control,F,0.272
OTL-Control,F,0.274
OTL-Control,F,0.275
OTL-Control,F,0.276
OTL-Control,F,0.277
OTL-Control,F,0.276
OTL-Control,F,0.276
OTL-Control,F,0.275
OTL-Control,F,0.274
OTL-Control,F,0.273
OTL-Control,F,0.272
OTL-Control,F,0.271
OTL-Control,F,0.270
OTL-Control,F,0.269
OTL-Control,F,0.268
OTL-Control,F,0.267
OTL-Control,F,0.265
OTL-Control,F,0.264
OTL-Control,F,0.264
OTL-Control,F,0.263
OTL-Control,F,0.263
OTL-Control,F,0.263
OTL-Control,F,0.264
OTL-Control,F,0.265
OTL-Control,F,0.267
OTL-Control,F,0.268
OTL-Control,F,0.270
OTL-Control,F,0.271
OTL-Control,F,0.271
OTL-Control,F,0.271
OTL-Control,F,0.271
OTL-Control,F,0.270
OTL-Control,F,0.269
OTL-Control,F,0.268
OTL-Control,F,0.267
OTL-Control,F,0.266
OTL-Control,F,0.264
OTL-Control,F,0.263
OTL-Control,F,0.262
OTL-Control,F,0.261
OTL-Control,F,0.260
OTL-Control,F,0.259
OTL-Control,F,0.258
OTL-Control,F,0.257
OTL-Control,F,0.257
OTL-Control,F,0.257
OTL-Control,F,0.258
OTL-Control,F,0.259
OTL-Control,F,0.260
OTL-Control,F,0.261
OTL-Control,F,0.262
OTL-Control,F,0.263
OTL-Control,F,0.263
OTL-Control,F,0.263
OTL-Control,F,0.263
OTL-Control,F,0.262
OTL-Control,F,0.261
OTL-Control,F,0.260
OTL-Control,F,0.259
OTL-Control,F,0.258
OTL-Control,F,0.257
OTL-Control,F,0.256
OTL-Control,F,0.255
OTL-Control,F,0.254
OTL-Control,F,0.253
OTL-Control,F,0.252
OTL-Control,F,0.251
OTL-Control,F,0.251
OTL-Control,F,0.251
OTL-Control,F,0.251
OTL-Control,F,0.252
OTL-Control,F,0.254
OTL-Control,F,0.255
OTL-Control,F,0.257
OTL-Control,F,0.258
OTL-Control,F,0.259
OTL-Control,F,0.260
OTL-Control,F,0.260
OTL-Control,F,0.259
OTL-Control,F,0.259
OTL-Control,F,0.258
OTL-Control,F,0.257
OTL-Control,F,0.256
OTL-Control,F,0.255
OTL-Control,F,0.254
OTL-Control,F,0.253
OTL-Control,F,0.252
OTL-Control,F,0.251
OTL-Control,F,0.250
OTL-Control,F,0.249
OTL-Control,F,0.248
OTL-Control,F,0.248
OTL-Control,F,0.248
OTL-Control,F,0.248
OTL-Control,F,0.249
OTL-Control,F,0.251
OTL-Control,F,0.252
OTL-Control,F,0.254
OTL-Control,F,0.255
OTL-Control,F,0.256
OTL-Control,F,0.256
OTL-Control,F,0.256
OTL-Control,F,0.256
OTL-Control,F,0.255
OTL-Control,F,0.254
OTL-Control,F,0.254
OTL-Control,F,0.253
OTL-Control,F,0.252
OTL-Control,F,0.251
OTL-Control,F,0.250
OTL-Control,F,0.249
OTL-Control,F,0.248
OTL-Control,F,0.247
OTL-Control,F,0.246
OTL-Control,F,0.246
OTL-Control,F,0.245
OTL-Control,F,0.245
OTL-Control,F,0.245
OTL-Control,F,0.246
OTL-Control,F,0.247
OTL-Control,F,0.249
OTL-Control,F,0.250
OTL-Control,F,0.251
OTL-Control,F,0.252
OTL-Control,F,0.253
OTL-Control,F,0.252
OTL-Control,F,0.252
OTL-Control,F,0.252
OTL-Control,F,0.251
OTL-Control,F,0.250
OTL-Control,F,0.249
OTL-Control,F,0.248
OTL-Control,F,0.247
OTL-Control,F,0.246
OTL-Control,F,0.245
OTL-Control,F,0.244
OTL-Control,F,0.243
OTL-Control,F,0.242
OTL-Control,F,0.241
OTL-Control,F,0.241
OTL-Control,F,0.241
OTL-Control,F,0.241
OTL-Control,F,0.242
OTL-Control,F,0.243
OTL-Control,F,0.244
OTL-Control,F,0.246
OTL-Control,F,0.247
OTL-Control,F,0.247
OTL-Control,F,0.247
OTL-Control,F,0.247
OTL-Control,F,0.247
OTL-Control,F,0.246
OTL-Control,F,0.245
OTL-Control,F,0.245
OTL-Control,F,0.243
OTL-Control,F,0.242
OTL-Control,F,0.241
OTL-Control,F,0.240
OTL-Control,F,0.239
OTL-Control,F,0.238
OTL-Control,F,0.237
OTL-Control,F,0.236
OTL-Control,F,0.235
OTL-Control,F,0.235
OTL-Control,F,0.235
OTL-Control,F,0.235
OTL-Control,F,0.236
OTL-Control,F,0.237
OTL-Control,F,0.238
OTL-Control,F,0.239
OTL-Control,F,0.240
OTL-Control,F,0.240
OTL-Control,F,0.240
OTL-Control,F,0.240
OTL-Control,F,0.240
OTL-Control,F,0.239
OTL-Control,F,0.238
OTL-Control,F,0.237
OTL-Control,F,0.236
OTL-Control,F,0.235
OTL-Control,F,0.234
OTL-Control,F,0.233
OTL-Control,F,0.232
OTL-Control,F,0.231
OTL-Control,F,0.230
OTL-Control,F,0.229
OTL-Control,F,0.229
OTL-Control,F,0.228
OTL-Control,F,0.228
OTL-Control,F,0.228
OTL-Control,F,0.227
OTL-Control,F,0.227
OTL-Control,F,0.227
OTL-Control,F,0.227
OTL-Control,F,0.228
OTL-Control,F,0.228
OTL-Control,F,0.228
OTL-Control,F,0.228
OTL-Control,F,0.227
OTL-Control,F,0.227
OTL-Control,F,0.227
OTL-Control,F,0.226
OTL-Control,F,0.226
OTL-Control,F,0.225
OTL-Control,F,0.225
OTL-Control,F,0.224
OTL-Control,F,0.224
OTL-Control,F,0.223
OTL-Control,F,0.222
OTL-Control,F,0.222
OTL-Control,F,0.221
OTL-Control,F,0.221
OTL-Control,F,0.221
OTL-Control,F,0.221
OTL-Control,F,0.221
OTL-Control,F,0.221
OTL-Control,F,0.222
OTL-Control,F,0.222
OTL-Control,F,0.222
OTL-Control,F,0.223
OTL-Control,F,0.223
OTL-Control,F,0.223
OTL-Control,F,0.223
OTL-Control,F,0.222
OTL-Control,F,0.222
OTL-Control,F,0.221
OTL-Control,F,0.221
OTL-Control,F,0.220
OTL-Control,F,0.220
OTL-Control,F,0.219
OTL-Control,F,0.219
OTL-Control,F,0.218
OTL-Control,F,0.218
OTL-Control,F,0.218
OTL-Control,F,0.217
OTL-Control,F,0.217
OTL-Control,F,0.217
OTL-Control,F,0.218
OTL-Control,F,0.219
OTL-Control,F,0.219
OTL-Control,F,0.220
OTL-Control,F,0.220
OTL-Control,F,0.221
OTL-Control,F,0.221
OTL-Control,F,0.221
OTL-Control,F,0.221
OTL-Control,F,0.221
OTL-Control,F,0.220
OTL-Control,F,0.220
OTL-Control,F,0.220
OTL-Control,F,0.219
OTL-Control,F,0.219
OTL-Control,F,0.219
OTL-Control,F,0.218
OTL-Control,F,0.218
OTL-Control,F,0.217
OTL-Control,F,0.217
OTL-Control,F,0.217
OTL-Control,F,0.216
OTL-Control,F,0.216
OTL-Control,F,0.216
OTL-Control,F,0.216
OTL-Control,F,0.216
OTL-Control,F,0.216
OTL-Control,F,0.216
OTL-Control,F,0.217
OTL-Control,F,0.217
OTL-Control,F,0.217
OTL-Control,F,0.217
OTL-Control,F,0.218
OTL-Control,F,0.218
OTL-Control,F,0.218
OTL-Control,F,0.217
OTL-Control,F,0.217
OTL-Control,F,0.217
OTL-Control,F,0.216
OTL-Control,F,0.216
OTL-Control,F,0.216
OTL-Control,F,0.215
OTL-Control,F,0.215
OTL-Control,F,0.214
OTL-Control,F,0.214
OTL-Control,F,0.213
OTL-Control,F,0.213
OTL-Control,F,0.214
OTL-Control,F,0.214
OTL-Control,F,0.215
OTL-Control,F,0.216
OTL-Control,F,0.217
OTL-Control,F,0.218
OTL-Control,F,0.218
OTL-Control,F,0.219
OTL-Control,F,0.219
OTL-Control,F,0.219
OTL-Control,F,0.219
OTL-Control,F,0.219
OTL-Control,F,0.218
OTL-Control,F,0.218
OTL-Control,F,0.217
OTL-Control,F,0.217
OTL-Control,F,0.217
OTL-Control,F,0.216
OTL-Control,F,0.216
OTL-Control,F,0.215
OTL-Control,F,0.215
OTL-Control,F,0.215
OTL-Control,F,0.215
OTL-Control,F,0.214
OTL-Control,F,0.214
OTL-Control,F,0.214
OTL-Control,F,0.215
OTL-Control,F,0.216
OTL-Control,F,0.217
OTL-Control,F,0.217
OTL-Control,F,0.218
OTL-Control,F,0.218
OTL-Control,F,0.218
OTL-Control,F,0.219
OTL-Control,F,0.218
OTL-Control,F,0.218
OTL-Control,F,0.218
OTL-Control,F,0.217
OTL-Control,F,0.217
OTL-Control,F,0.216
OTL-Control,F,0.216
OTL-Control,F,0.215
OTL-Control,F,0.215
OTL-Control,F,0.214
OTL-Control,F,0.214
OTL-Control,F,0.213
OTL-Control,F,0.213
OTL-Control,F,0.213
OTL-Control,F,0.213
OTL-Control,F,0.214
OTL-Control,F,0.215
OTL-Control,F,0.216
OTL-Control,F,0.217
OTL-Control,F,0.218
OTL-Control,F,0.219
OTL-Control,F,0.220
OTL-Control,F,0.220
OTL-Control,F,0.220
OTL-Control,F,0.220
OTL-Control,F,0.220
OTL-Control,F,0.219
OTL-Control,F,0.219
OTL-Control,F,0.218
OTL-Control,F,0.217
OTL-Control,F,0.217
OTL-Control,F,0.216
OTL-Control,F,0.216
OTL-Control,F,0.215
OTL-Control,F,0.214
OTL-Control,F,0.214
OTL-Control,F,0.213
OTL-Control,F,0.213
OTL-Control,F,0.213
OTL-Control,F,0.213
OTL-Control,F,0.214
OTL-Control,F,0.215
OTL-Control,F,0.216
OTL-Control,F,0.218
OTL-Control,F,0.219
OTL-Control,F,0.219
OTL-Control,F,0.220
OTL-Control,F,0.220
OTL-Control,F,0.220
OTL-Control,F,0.219
OTL-Control,F,0.219
OTL-Control,F,0.218
OTL-Control,F,0.218
OTL-Control,F,0.217
OTL-Control,F,0.217
OTL-Control,F,0.216
OTL-Control,F,0.216
OTL-Control,F,0.215
OTL-Control,F,0.215
OTL-Control,F,0.214
OTL-Control,F,0.214
OTL-Control,F,0.214
OTL-Control,F,0.214
OTL-Control,F,0.214
OTL-Control,F,0.216
OTL-Control,F,0.217
OTL-Control,F,0.219
OTL-Control,F,0.220
OTL-Control,F,0.221
OTL-Control,F,0.222
OTL-Control,F,0.222
OTL-Control,F,0.223
OTL-Control,F,0.222
OTL-Control,F,0.222
OTL-Control,F,0.221
OTL-Control,F,0.221
OTL-Control,F,0.220
OTL-Control,F,0.220
OTL-Control,F,0.219
OTL-Control,F,0.218
OTL-Control,F,0.217
OTL-Control,F,0.217
OTL-Control,F,0.216
OTL-Control,F,0.215
OTL-Control,F,0.215
OTL-Control,F,0.215
OTL-Control,F,0.215
OTL-Control,F,0.215
OTL-Control,F,0.217
OTL-Control,F,0.218
OTL-Control,F,0.219
OTL-Control,F,0.220
OTL-Control,F,0.221
OTL-Control,F,0.222
OTL-Control,F,0.223
OTL-Control,F,0.223
OTL-Control,F,0.222
OTL-Control,F,0.222
OTL-Control,F,0.221
OTL-Control,F,0.220
OTL-Control,F,0.220
OTL-Control,F,0.219
OTL-Control,F,0.218
OTL-Control,F,0.217
OTL-Control,F,0.217
OTL-Control,F,0.216
OTL-Control,F,0.215
OTL-Control,F,0.214
OTL-Control,F,0.214
OTL-Control,F,0.213
OTL-Control,F,0.214
OTL-Control,F,0.214
OTL-Control,F,0.215
OTL-Control,F,0.217
OTL-Control,F,0.219
OTL-Control,F,0.220
OTL-Control,F,0.222
OTL-Control,F,0.223
OTL-Control,F,0.223
OTL-Control,F,0.223
OTL-Control,F,0.223
OTL-Control,F,0.223
OTL-Control,F,0.222
OTL-Control,F,0.222
OTL-Control,F,0.221
OTL-Control,F,0.220
OTL-Control,F,0.219
OTL-Control,F,0.219
OTL-Control,F,0.218
OTL-Control,F,0.217
OTL-Control,F,0.216
OTL-Control,F,0.216
OTL-Control,F,0.215
OTL-Control,F,0.215
OTL-Control,F,0.215
OTL-Control,F,0.216
OTL-Control,F,0.217
OTL-Control,F,0.218
OTL-Control,F,0.220
OTL-Control,F,0.221
OTL-Control,F,0.223
OTL-Control,F,0.224
OTL-Control,F,0.224
OTL-Control,F,0.224
OTL-Control,F,0.224
OTL-Control,F,0.224
OTL-Control,F,0.223
OTL-Control,F,0.223
OTL-Control,F,0.222
OTL-Control,F,0.221
OTL-Control,F,0.221
OTL-Control,F,0.220
OTL-Control,F,0.219
OTL-Control,F,0.218
OTL-Control,F,0.218
OTL-Control,F,0.217
OTL-Control,F,0.216
OTL-Control,F,0.216
OTL-Control,F,0.216
OTL-Control,F,0.216
OTL-Control,F,0.218
OTL-Control,F,0.219
OTL-Control,F,0.221
OTL-Control,F,0.222
OTL-Control,F,0.223
OTL-Control,F,0.224
OTL-Control,F,0.224
OTL-Control,F,0.225
OTL-Control,F,0.225
OTL-Control,F,0.224
OTL-Control,F,0.224
OTL-Control,F,0.223
OTL-Control,F,0.222
OTL-Control,F,0.221
OTL-Control,F,0.221
OTL-Control,F,0.220
OTL-Control,F,0.219
OTL-Control,F,0.218
OTL-Control,F,0.217
OTL-Control,F,0.217
OTL-Control,F,0.216
OTL-Control,F,0.216
OTL-Control,F,0.216
OTL-Control,F,0.216
OTL-Control,F,0.217
OTL-Control,F,0.218
OTL-Control,F,0.220
OTL-Control,F,0.221
OTL-Control,F,0.222
OTL-Control,F,0.222
OTL-Control,F,0.222
OTL-Control,F,0.222
OTL-Control,F,0.222
OTL-Control,F,0.221
OTL-Control,F,0.221
OTL-Control,F,0.220
OTL-Control,F,0.219
OTL-Control,F,0.218
OTL-Control,F,0.217
OTL-Control,F,0.216
OTL-Control,F,0.215
OTL-Control,F,0.215
OTL-Control,F,0.214
OTL-Control,F,0.213
OTL-Control,F,0.212
OTL-Control,F,0.212
OTL-Control,F,0.212
OTL-Control,F,0.212
OTL-Control,F,0.213
OTL-Control,F,0.214
OTL-Control,F,0.216
OTL-Control,F,0.217
OTL-Control,F,0.218
OTL-Control,F,0.219
OTL-Control,F,0.219
OTL-Control,F,0.219
OTL-Control,F,0.219
OTL-Control,F,0.218
OTL-Control,F,0.218
OTL-Control,F,0.217
OTL-Control,F,0.216
OTL-Control,F,0.215
OTL-Control,F,0.214
OTL-Control,F,0.213
OTL-Control,F,0.213
OTL-Control,F,0.212
OTL-Control,F,0.211
OTL-Control,F,0.210
OTL-Control,F,0.210
OTL-Control,F,0.209
OTL-Control,F,0.209
OTL-Control,F,0.209
OTL-Control,F,0.208
OTL-Control,F,0.210
OTL-Control,F,0.212
OTL-Control,F,0.214
OTL-Control,F,0.215
OTL-Control,F,0.216
OTL-Control,F,0.216
OTL-Control,F,0.216
OTL-Control,F,0.216
OTL-Control,F,0.215
OTL-Control,F,0.215
OTL-Control,F,0.214
OTL-Control,F,0.213
OTL-Control,F,0.212
OTL-Control,F,0.211
OTL-Control,F,0.211
OTL-Control,F,0.210
OTL-Control,F,0.209
OTL-Control,F,0.208
OTL-Control,F,0.207
OTL-Control,F,0.207
OTL-Control,F,0.206
OTL-Control,F,0.207
OTL-Control,F,0.207
OTL-Control,F,0.209
OTL-Control,F,0.210
OTL-Control,F,0.212
OTL-Control,F,0.214
OTL-Control,F,0.215
OTL-Control,F,0.216
OTL-Control,F,0.216
OTL-Control,F,0.216
OTL-Control,F,0.215
OTL-Control,F,0.215
OTL-Control,F,0.214
OTL-Control,F,0.213
OTL-Control,F,0.212
OTL-Control,F,0.211
OTL-Control,F,0.210
OTL-Control,F,0.209
OTL-Control,F,0.208
OTL-Control,F,0.207
OTL-Control,F,0.207
OTL-Control,F,0.206
OTL-Control,F,0.205
OTL-Control,F,0.205
OTL-Control,F,0.205
OTL-Control,F,0.205
OTL-Control,F,0.207
OTL-Control,F,0.208
OTL-Control,F,0.210
OTL-Control,F,0.212
OTL-Control,F,0.213
OTL-Control,F,0.214
OTL-Control,F,0.214
OTL-Control,F,0.214
OTL-Control,F,0.213
OTL-Control,F,0.213
OTL-Control,F,0.212
OTL-Control,F,0.211
OTL-Control,F,0.210
OTL-Control,F,0.209
OTL-Control,F,0.208
OTL-Control,F,0.208
OTL-Control,F,0.207
OTL-Control,F,0.206
OTL-Control,F,0.205
OTL-Control,F,0.204
OTL-Control,F,0.204
OTL-Control,F,0.203
OTL-Control,F,0.204
OTL-Control,F,0.204
OTL-Control,F,0.205
OTL-Control,F,0.207
OTL-Control,F,0.209
OTL-Control,F,0.211
OTL-Control,F,0.212
OTL-Control,F,0.212
OTL-Control,F,0.212
OTL-Control,F,0.212
OTL-Control,F,0.212
OTL-Control,F,0.211
OTL-Control,F,0.210
OTL-Control,F,0.209
OTL-Control,F,0.208
OTL-Control,F,0.207
OTL-Control,F,0.207
OTL-Control,F,0.206
OTL-Control,F,0.205
OTL-Control,F,0.204
OTL-Control,F,0.203
OTL-Control,F,0.202
OTL-Control,F,0.202
OTL-Control,F,0.201
OTL-Control,F,0.201
OTL-Control,F,0.202
OTL-Control,F,0.203
OTL-Control,F,0.204
OTL-Control,F,0.206
OTL-Control,F,0.208
OTL-Control,F,0.209
OTL-Control,F,0.209
OTL-Control,F,0.209
OTL-Control,F,0.209
OTL-Control,F,0.209
OTL-Control,F,0.208
OTL-Control,F,0.207
OTL-Control,F,0.206
OTL-Control,F,0.205
OTL-Control,F,0.204
OTL-Control,F,0.203
OTL-Control,F,0.203
OTL-Control,F,0.202
OTL-Control,F,0.201
OTL-Control,F,0.200
OTL-Control,F,0.199
OTL-Control,F,0.199
OTL-Control,F,0.198
OTL-Control,F,0.198
OTL-Control,F,0.199
OTL-Control,F,0.200
OTL-Control,F,0.202
OTL-Control,F,0.204
OTL-Control,F,0.205
OTL-Control,F,0.207
OTL-Control,F,0.208
OTL-Control,F,0.208
OTL-Control,F,0.208
OTL-Control,F,0.207
OTL-Control,F,0.207
OTL-Control,F,0.206
OTL-Control,F,0.205
OTL-Control,F,0.204
OTL-Control,F,0.203
OTL-Control,F,0.202
OTL-Control,F,0.202
OTL-Control,F,0.201
OTL-Control,F,0.200
OTL-Control,F,0.199
OTL-Control,F,0.198
OTL-Control,F,0.198
OTL-Control,F,0.197
OTL-Control,F,0.198
OTL-Control,F,0.198
OTL-Control,F,0.200
OTL-Control,F,0.201
OTL-Control,F,0.203
OTL-Control,F,0.205
OTL-Control,F,0.207
OTL-Control,F,0.207
OTL-Control,F,0.208
OTL-Control,F,0.207
OTL-Control,F,0.207
OTL-Control,F,0.206
OTL-Control,F,0.205
OTL-Control,F,0.204
OTL-Control,F,0.203
OTL-Control,F,0.202
OTL-Control,F,0.201
OTL-Control,F,0.201
OTL-Control,F,0.200
OTL-Control,F,0.199
OTL-Control,F,0.198
OTL-Control,F,0.197
OTL-Control,F,0.197
OTL-Control,F,0.196
OTL-Control,F,0.196
OTL-Control,F,0.197
OTL-Control,F,0.197
OTL-Control,F,0.199
OTL-Control,F,0.200
OTL-Control,F,0.201
OTL-Control,F,0.202
OTL-Control,F,0.202
OTL-Control,F,0.202
OTL-Control,F,0.202
OTL-Control,F,0.201
OTL-Control,F,0.201
OTL-Control,F,0.200
OTL-Control,F,0.199
OTL-Control,F,0.198
OTL-Control,F,0.197
OTL-Control,F,0.196
OTL-Control,F,0.195
OTL-Control,F,0.195
OTL-Control,F,0.194
OTL-Control,F,0.193
OTL-Control,F,0.193
OTL-Control,F,0.192
OTL-Control,F,0.192
OTL-Control,F,0.192
OTL-Control,F,0.192
OTL-Control,F,0.193
OTL-Control,F,0.194
OTL-Control,F,0.195
OTL-Control,F,0.196
OTL-Control,F,0.197
OTL-Control,F,0.198
OTL-Control,F,0.197
OTL-Control,F,0.197
OTL-Control,F,0.197
OTL-Control,F,0.196
OTL-Control,F,0.195
OTL-Control,F,0.194
OTL-Control,F,0.194
OTL-Control,F,0.193
OTL-Control,F,0.192
OTL-Control,F,0.191
OTL-Control,F,0.191
OTL-Control,F,0.190
OTL-Control,F,0.189
OTL-Control,F,0.188
OTL-Control,F,0.188
OTL-Control,F,0.188
OTL-Control,F,0.188
OTL-Control,F,0.188
OTL-Control,F,0.189
OTL-Control,F,0.191
OTL-Control,F,0.192
OTL-Control,F,0.193
OTL-Control,F,0.194
OTL-Control,F,0.195
OTL-Control,F,0.195
OTL-Control,F,0.194
OTL-Control,F,0.194
OTL-Control,F,0.193
OTL-Control,F,0.192
OTL-Control,F,0.191
OTL-Control,F,0.191
OTL-Control,F,0.190
OTL-Control,F,0.189
OTL-Control,F,0.189
OTL-Control,F,0.188
OTL-Control,F,0.187
OTL-Control,F,0.187
OTL-Control,F,0.186
OTL-Control,F,0.186
OTL-Control,F,0.185
OTL-Control,F,0.186
OTL-Control,F,0.186
OTL-Control,F,0.187
OTL-Control,F,0.188
OTL-Control,F,0.190
OTL-Control,F,0.191
OTL-Control,F,0.192
OTL-Control,F,0.193
OTL-Control,F,0.193
OTL-Control,F,0.193
OTL-Control,F,0.192
OTL-Control,F,0.192
OTL-Control,F,0.191
OTL-Control,F,0.190
OTL-Control,F,0.189
OTL-Control,F,0.188
OTL-Control,F,0.188
OTL-Control,F,0.187
OTL-Control,F,0.186
OTL-Control,F,0.186
OTL-Control,F,0.185
OTL-Control,F,0.184
OTL-Control,F,0.184
OTL-Control,F,0.184
OTL-Control,F,0.184
OTL-Control,F,0.184
OTL-Control,F,0.186
OTL-Control,F,0.187
OTL-Control,F,0.188
OTL-Control,F,0.190
OTL-Control,F,0.191
OTL-Control,F,0.191
OTL-Control,F,0.192
OTL-Control,F,0.191
OTL-Control,F,0.191
OTL-Control,F,0.190
OTL-Control,F,0.189
OTL-Control,F,0.188
OTL-Control,F,0.187
OTL-Control,F,0.187
OTL-Control,F,0.186
OTL-Control,F,0.185
OTL-Control,F,0.185
OTL-Control,F,0.184
OTL-Control,F,0.184
OTL-Control,F,0.183
OTL-Control,F,0.183
OTL-Control,F,0.183
OTL-Control,F,0.183
OTL-Control,F,0.183
OTL-Control,F,0.184
OTL-Control,F,0.184
OTL-Control,F,0.185
OTL-Control,F,0.187
OTL-Control,F,0.188
OTL-Control,F,0.188
OTL-Control,F,0.188
OTL-Control,F,0.188
OTL-Control,F,0.188
OTL-Control,F,0.187
OTL-Control,F,0.186
OTL-Control,F,0.185
OTL-Control,F,0.185
OTL-Control,F,0.184
OTL-Control,F,0.183
OTL-Control,F,0.183
OTL-Control,F,0.182
OTL-Control,F,0.181
OTL-Control,F,0.181
OTL-Control,F,0.180
OTL-Control,F,0.180
OTL-Control,F,0.179
OTL-Control,F,0.180
OTL-Control,F,0.180
OTL-Control,F,0.182
OTL-Control,F,0.183
OTL-Control,F,0.184
OTL-Control,F,0.186
OTL-Control,F,0.187
OTL-Control,F,0.187
OTL-Control,F,0.187
OTL-Control,F,0.187
OTL-Control,F,0.187
OTL-Control,F,0.186
OTL-Control,F,0.185
OTL-Control,F,0.184
OTL-Control,F,0.183
OTL-Control,F,0.182
OTL-Control,F,0.182
OTL-Control,F,0.181
OTL-Control,F,0.180
OTL-Control,F,0.180
OTL-Control,F,0.179
OTL-Control,F,0.178
OTL-Control,F,0.178
OTL-Control,F,0.178
OTL-Control,F,0.178
OTL-Control,F,0.179
OTL-Control,F,0.180
OTL-Control,F,0.181
OTL-Control,F,0.182
OTL-Control,F,0.184
OTL-Control,F,0.184
OTL-Control,F,0.185
OTL-Control,F,0.185
OTL-Control,F,0.185
OTL-Control,F,0.184
OTL-Control,F,0.184
OTL-Control,F,0.183
OTL-Control,F,0.182
OTL-Control,F,0.181
OTL-Control,F,0.180
OTL-Control,F,0.179
OTL-Control,F,0.179
OTL-Control,F,0.178
OTL-Control,F,0.177
OTL-Control,F,0.177
OTL-Control,F,0.176
OTL-Control,F,0.176
OTL-Control,F,0.176
OTL-Control,F,0.176
OTL-Control,F,0.177
OTL-Control,F,0.178
OTL-Control,F,0.179
OTL-Control,F,0.180
OTL-Control,F,0.182
OTL-Control,F,0.183
OTL-Control,F,0.184
OTL-Control,F,0.184
OTL-Control,F,0.183
OTL-Control,F,0.183
OTL-Control,F,0.182
OTL-Control,F,0.181
OTL-Control,G,0.355
OTL-Control,G,0.355
OTL-Control,G,0.355
OTL-Control,G,0.355
OTL-Control,G,0.354
OTL-Control,G,0.354
OTL-Control,G,0.354
OTL-Control,G,0.354
OTL-Control,G,0.352
OTL-Control,G,0.350
OTL-Control,G,0.349
OTL-Control,G,0.348
OTL-Control,G,0.348
OTL-Control,G,0.348
OTL-Control,G,0.348
OTL-Control,G,0.348
OTL-Control,G,0.349
OTL-Control,G,0.349
OTL-Control,G,0.349
OTL-Control,G,0.349
OTL-Control,G,0.349
OTL-Control,G,0.349
OTL-Control,G,0.349
OTL-Control,G,0.348
OTL-Control,G,0.347
OTL-Control,G,0.347
OTL-Control,G,0.347
OTL-Control,G,0.347
OTL-Control,G,0.346
OTL-Control,G,0.346
OTL-Control,G,0.346
OTL-Control,G,0.345
OTL-Control,G,0.345
OTL-Control,G,0.345
OTL-Control,G,0.344
OTL-Control,G,0.344
OTL-Control,G,0.344
OTL-Control,G,0.344
OTL-Control,G,0.345
OTL-Control,G,0.346
OTL-Control,G,0.346
OTL-Control,G,0.347
OTL-Control,G,0.348
OTL-Control,G,0.348
OTL-Control,G,0.348
OTL-Control,G,0.348
OTL-Control,G,0.347
OTL-Control,G,0.347
OTL-Control,G,0.347
OTL-Control,G,0.347
OTL-Control,G,0.346
OTL-Control,G,0.346
OTL-Control,G,0.346
OTL-Control,G,0.346
OTL-Control,G,0.345
OTL-Control,G,0.345
OTL-Control,G,0.345
OTL-Control,G,0.344
OTL-Control,G,0.344
OTL-Control,G,0.344
OTL-Control,G,0.344
OTL-Control,G,0.343
OTL-Control,G,0.344
OTL-Control,G,0.345
OTL-Control,G,0.346
OTL-Control,G,0.347
OTL-Control,G,0.347
OTL-Control,G,0.348
OTL-Control,G,0.347
OTL-Control,G,0.347
OTL-Control,G,0.347
OTL-Control,G,0.346
OTL-Control,G,0.346
OTL-Control,G,0.346
OTL-Control,G,0.345
OTL-Control,G,0.345
OTL-Control,G,0.345
OTL-Control,G,0.344
OTL-Control,G,0.344
OTL-Control,G,0.344
OTL-Control,G,0.344
OTL-Control,G,0.343
OTL-Control,G,0.343
OTL-Control,G,0.343
OTL-Control,G,0.343
OTL-Control,G,0.343
OTL-Control,G,0.344
OTL-Control,G,0.344
OTL-Control,G,0.344
OTL-Control,G,0.344
OTL-Control,G,0.345
OTL-Control,G,0.345
OTL-Control,G,0.345
OTL-Control,G,0.345
OTL-Control,G,0.344
OTL-Control,G,0.344
OTL-Control,G,0.344
OTL-Control,G,0.343
OTL-Control,G,0.343
OTL-Control,G,0.343
OTL-Control,G,0.347
OTL-Control,G,0.350
OTL-Control,G,0.349
OTL-Control,G,0.349
OTL-Control,G,0.349
OTL-Control,G,0.349
OTL-Control,G,0.348
OTL-Control,G,0.348
OTL-Control,G,0.349
OTL-Control,G,0.349
OTL-Control,G,0.349
OTL-Control,G,0.350
OTL-Control,G,0.350
OTL-Control,G,0.351
OTL-Control,G,0.351
OTL-Control,G,0.351
OTL-Control,G,0.351
OTL-Control,G,0.351
OTL-Control,G,0.350
OTL-Control,G,0.350
OTL-Control,G,0.350
OTL-Control,G,0.349
OTL-Control,G,0.349
OTL-Control,G,0.348
OTL-Control,G,0.348
OTL-Control,G,0.347
OTL-Control,G,0.347
OTL-Control,G,0.346
OTL-Control,G,0.346
OTL-Control,G,0.346
OTL-Control,G,0.346
OTL-Control,G,0.346
OTL-Control,G,0.346
OTL-Control,G,0.347
OTL-Control,G,0.347
OTL-Control,G,0.347
OTL-Control,G,0.348
OTL-Control,G,0.349
OTL-Control,G,0.349
OTL-Control,G,0.349
OTL-Control,G,0.349
OTL-Control,G,0.349
OTL-Control,G,0.348
OTL-Control,G,0.348
OTL-Control,G,0.348
OTL-Control,G,0.348
OTL-Control,G,0.347
OTL-Control,G,0.347
OTL-Control,G,0.348
OTL-Control,G,0.348
OTL-Control,G,0.348
OTL-Control,G,0.348
OTL-Control,G,0.348
OTL-Control,G,0.348
OTL-Control,G,0.347
OTL-Control,G,0.347
OTL-Control,G,0.348
OTL-Control,G,0.348
OTL-Control,G,0.349
OTL-Control,G,0.349
OTL-Control,G,0.350
OTL-Control,G,0.350
OTL-Control,G,0.350
OTL-Control,G,0.350
OTL-Control,G,0.350
OTL-Control,G,0.349
OTL-Control,G,0.349
OTL-Control,G,0.349
OTL-Control,G,0.348
OTL-Control,G,0.348
OTL-Control,G,0.348
OTL-Control,G,0.347
OTL-Control,G,0.347
OTL-Control,G,0.347
OTL-Control,G,0.347
OTL-Control,G,0.347
OTL-Control,G,0.347
OTL-Control,G,0.348
OTL-Control,G,0.348
OTL-Control,G,0.348
OTL-Control,G,0.349
OTL-Control,G,0.349
OTL-Control,G,0.350
OTL-Control,G,0.351
OTL-Control,G,0.351
OTL-Control,G,0.352
OTL-Control,G,0.352
OTL-Control,G,0.352
OTL-Control,G,0.352
OTL-Control,G,0.352
OTL-Control,G,0.351
OTL-Control,G,0.351
OTL-Control,G,0.350
OTL-Control,G,0.350
OTL-Control,G,0.349
OTL-Control,G,0.349
OTL-Control,G,0.348
OTL-Control,G,0.348
OTL-Control,G,0.348
OTL-Control,G,0.347
OTL-Control,G,0.347
OTL-Control,G,0.347
OTL-Control,G,0.346
OTL-Control,G,0.346
OTL-Control,G,0.347
OTL-Control,G,0.347
OTL-Control,G,0.347
OTL-Control,G,0.347
OTL-Control,G,0.349
OTL-Control,G,0.351
OTL-Control,G,0.352
OTL-Control,G,0.355
OTL-Control,G,0.357
OTL-Control,G,0.357
OTL-Control,G,0.357
OTL-Control,G,0.357
OTL-Control,G,0.357
OTL-Control,G,0.357
OTL-Control,G,0.357
OTL-Control,G,0.357
OTL-Control,G,0.357
OTL-Control,G,0.357
OTL-Control,G,0.357
OTL-Control,G,0.357
OTL-Control,G,0.357
OTL-Control,G,0.358
OTL-Control,G,0.358
OTL-Control,G,0.358
OTL-Control,G,0.358
OTL-Control,G,0.358
OTL-Control,G,0.358
OTL-Control,G,0.359
OTL-Control,G,0.359
OTL-Control,G,0.360
OTL-Control,G,0.360
OTL-Control,G,0.361
OTL-Control,G,0.359
OTL-Control,G,0.358
OTL-Control,G,0.358
OTL-Control,G,0.358
OTL-Control,G,0.357
OTL-Control,G,0.356
OTL-Control,G,0.356
OTL-Control,G,0.355
OTL-Control,G,0.355
OTL-Control,G,0.355
OTL-Control,G,0.354
OTL-Control,G,0.354
OTL-Control,G,0.354
OTL-Control,G,0.354
OTL-Control,G,0.353
OTL-Control,G,0.353
OTL-Control,G,0.353
OTL-Control,G,0.353
OTL-Control,G,0.353
OTL-Control,G,0.353
OTL-Control,G,0.353
OTL-Control,G,0.354
OTL-Control,G,0.355
OTL-Control,G,0.355
OTL-Control,G,0.355
OTL-Control,G,0.355
OTL-Control,G,0.355
OTL-Control,G,0.355
OTL-Control,G,0.355
OTL-Control,G,0.355
OTL-Control,G,0.355
OTL-Control,G,0.354
OTL-Control,G,0.354
OTL-Control,G,0.354
OTL-Control,G,0.354
OTL-Control,G,0.354
OTL-Control,G,0.354
OTL-Control,G,0.354
OTL-Control,G,0.354
OTL-Control,G,0.354
OTL-Control,G,0.354
OTL-Control,G,0.354
OTL-Control,G,0.355
OTL-Control,G,0.356
OTL-Control,G,0.357
OTL-Control,G,0.357
OTL-Control,G,0.357
OTL-Control,G,0.357
OTL-Control,G,0.358
OTL-Control,G,0.358
OTL-Control,G,0.358
OTL-Control,G,0.357
OTL-Control,G,0.357
OTL-Control,G,0.357
OTL-Control,G,0.357
OTL-Control,G,0.357
OTL-Control,G,0.357
OTL-Control,G,0.357
OTL-Control,G,0.356
OTL-Control,G,0.356
OTL-Control,G,0.356
OTL-Control,G,0.356
OTL-Control,G,0.356
OTL-Control,G,0.356
OTL-Control,G,0.356
OTL-Control,G,0.356
OTL-Control,G,0.356
OTL-Control,G,0.357
OTL-Control,G,0.357
OTL-Control,G,0.357
OTL-Control,G,0.358
OTL-Control,G,0.358
OTL-Control,G,0.358
OTL-Control,G,0.357
OTL-Control,G,0.357
OTL-Control,G,0.356
OTL-Control,G,0.356
OTL-Control,G,0.356
OTL-Control,G,0.356
OTL-Control,G,0.355
OTL-Control,G,0.355
OTL-Control,G,0.355
OTL-Control,G,0.355
OTL-Control,G,0.355
OTL-Control,G,0.355
OTL-Control,G,0.356
OTL-Control,G,0.362
OTL-Control,G,0.362
OTL-Control,G,0.362
OTL-Control,G,0.362
OTL-Control,G,0.362
OTL-Control,G,0.363
OTL-Control,G,0.363
OTL-Control,G,0.363
OTL-Control,G,0.363
OTL-Control,G,0.363
OTL-Control,G,0.364
OTL-Control,G,0.364
OTL-Control,G,0.363
OTL-Control,G,0.363
OTL-Control,G,0.363
OTL-Control,G,0.362
OTL-Control,G,0.361
OTL-Control,G,0.360
OTL-Control,G,0.359
OTL-Control,G,0.358
OTL-Control,G,0.357
OTL-Control,G,0.357
OTL-Control,G,0.356
OTL-Control,G,0.355
OTL-Control,G,0.355
OTL-Control,G,0.355
OTL-Control,G,0.355
OTL-Control,G,0.355
OTL-Control,G,0.356
OTL-Control,G,0.355
OTL-Control,G,0.356
OTL-Control,G,0.356
OTL-Control,G,0.356
OTL-Control,G,0.356
OTL-Control,G,0.356
OTL-Control,G,0.356
OTL-Control,G,0.356
OTL-Control,G,0.355
OTL-Control,G,0.355
OTL-Control,G,0.354
OTL-Control,G,0.354
OTL-Control,G,0.353
OTL-Control,G,0.353
OTL-Control,G,0.353
OTL-Control,G,0.352
OTL-Control,G,0.352
OTL-Control,G,0.352
OTL-Control,G,0.351
OTL-Control,G,0.351
OTL-Control,G,0.351
OTL-Control,G,0.351
OTL-Control,G,0.352
OTL-Control,G,0.352
OTL-Control,G,0.353
OTL-Control,G,0.354
OTL-Control,G,0.355
OTL-Control,G,0.355
OTL-Control,G,0.356
OTL-Control,G,0.356
OTL-Control,G,0.356
OTL-Control,G,0.355
OTL-Control,G,0.355
OTL-Control,G,0.354
OTL-Control,G,0.354
OTL-Control,G,0.353
OTL-Control,G,0.353
OTL-Control,G,0.353
OTL-Control,G,0.352
OTL-Control,G,0.352
OTL-Control,G,0.352
OTL-Control,G,0.351
OTL-Control,G,0.350
OTL-Control,G,0.349
OTL-Control,G,0.349
OTL-Control,G,0.349
OTL-Control,G,0.350
OTL-Control,G,0.351
OTL-Control,G,0.352
OTL-Control,G,0.353
OTL-Control,G,0.354
OTL-Control,G,0.354
OTL-Control,G,0.355
OTL-Control,G,0.355
OTL-Control,G,0.354
OTL-Control,G,0.354
OTL-Control,G,0.354
OTL-Control,G,0.353
OTL-Control,G,0.353
OTL-Control,G,0.352
OTL-Control,G,0.352
OTL-Control,G,0.351
OTL-Control,G,0.351
OTL-Control,G,0.350
OTL-Control,G,0.350
OTL-Control,G,0.350
OTL-Control,G,0.349
OTL-Control,G,0.349
OTL-Control,G,0.349
OTL-Control,G,0.349
OTL-Control,G,0.350
OTL-Control,G,0.350
OTL-Control,G,0.351
OTL-Control,G,0.351
OTL-Control,G,0.352
OTL-Control,G,0.352
OTL-Control,G,0.352
OTL-Control,G,0.352
OTL-Control,G,0.352
OTL-Control,G,0.352
OTL-Control,G,0.352
OTL-Control,G,0.351
OTL-Control,G,0.351
OTL-Control,G,0.351
OTL-Control,G,0.351
OTL-Control,G,0.351
OTL-Control,G,0.350
OTL-Control,G,0.350
OTL-Control,G,0.350
OTL-Control,G,0.352
OTL-Control,G,0.357
OTL-Control,G,0.358
OTL-Control,G,0.357
OTL-Control,G,0.357
OTL-Control,G,0.357
OTL-Control,G,0.358
OTL-Control,G,0.358
OTL-Control,G,0.358
OTL-Control,G,0.358
OTL-Control,G,0.358
OTL-Control,G,0.358
OTL-Control,G,0.358
OTL-Control,G,0.358
OTL-Control,G,0.358
OTL-Control,G,0.358
OTL-Control,G,0.358
OTL-Control,G,0.357
OTL-Control,G,0.357
OTL-Control,G,0.357
OTL-Control,G,0.357
OTL-Control,G,0.356
OTL-Control,G,0.356
OTL-Control,G,0.356
OTL-Control,G,0.355
OTL-Control,G,0.355
OTL-Control,G,0.355
OTL-Control,G,0.355
OTL-Control,G,0.355
OTL-Control,G,0.354
OTL-Control,G,0.354
OTL-Control,G,0.355
OTL-Control,G,0.355
OTL-Control,G,0.355
OTL-Control,G,0.355
OTL-Control,G,0.354
OTL-Control,G,0.354
OTL-Control,G,0.354
OTL-Control,G,0.353
OTL-Control,G,0.352
OTL-Control,G,0.352
OTL-Control,G,0.351
OTL-Control,G,0.351
OTL-Control,G,0.351
OTL-Control,G,0.351
OTL-Control,G,0.351
OTL-Control,G,0.350
OTL-Control,G,0.350
OTL-Control,G,0.350
OTL-Control,G,0.350
OTL-Control,G,0.353
OTL-Control,G,0.356
OTL-Control,G,0.366
OTL-Control,G,0.367
OTL-Control,G,0.367
OTL-Control,G,0.367
OTL-Control,G,0.367
OTL-Control,G,0.368
OTL-Control,G,0.368
OTL-Control,G,0.368
OTL-Control,G,0.369
OTL-Control,G,0.369
OTL-Control,G,0.369
OTL-Control,G,0.369
OTL-Control,G,0.369
OTL-Control,G,0.369
OTL-Control,G,0.369
OTL-Control,G,0.369
OTL-Control,G,0.369
OTL-Control,G,0.369
OTL-Control,G,0.370
OTL-Control,G,0.370
OTL-Control,G,0.370
OTL-Control,G,0.370
OTL-Control,G,0.370
OTL-Control,G,0.370
OTL-Control,G,0.370
OTL-Control,G,0.371
OTL-Control,G,0.371
OTL-Control,G,0.371
OTL-Control,G,0.372
OTL-Control,G,0.372
OTL-Control,G,0.372
OTL-Control,G,0.372
OTL-Control,G,0.373
OTL-Control,G,0.373
OTL-Control,G,0.373
OTL-Control,G,0.373
OTL-Control,G,0.372
OTL-Control,G,0.372
OTL-Control,G,0.372
OTL-Control,G,0.372
OTL-Control,G,0.371
OTL-Control,G,0.370
OTL-Control,G,0.369
OTL-Control,G,0.361
OTL-Control,G,0.358
OTL-Control,G,0.356
OTL-Control,G,0.355
OTL-Control,G,0.355
OTL-Control,G,0.355
OTL-Control,G,0.355
OTL-Control,G,0.356
OTL-Control,G,0.357
OTL-Control,G,0.358
OTL-Control,G,0.358
OTL-Control,G,0.357
OTL-Control,G,0.357
OTL-Control,G,0.357
OTL-Control,G,0.356
OTL-Control,G,0.355
OTL-Control,G,0.355
OTL-Control,G,0.354
OTL-Control,G,0.354
OTL-Control,G,0.353
OTL-Control,G,0.353
OTL-Control,G,0.352
OTL-Control,G,0.352
OTL-Control,G,0.352
OTL-Control,G,0.351
OTL-Control,G,0.351
OTL-Control,G,0.350
OTL-Control,G,0.350
OTL-Control,G,0.350
OTL-Control,G,0.351
OTL-Control,G,0.351
OTL-Control,G,0.352
OTL-Control,G,0.353
OTL-Control,G,0.354
OTL-Control,G,0.354
OTL-Control,G,0.354
OTL-Control,G,0.354
OTL-Control,G,0.353
OTL-Control,G,0.352
OTL-Control,G,0.351
OTL-Control,G,0.351
OTL-Control,G,0.350
OTL-Control,G,0.349
OTL-Control,G,0.348
OTL-Control,G,0.348
OTL-Control,G,0.347
OTL-Control,G,0.346
OTL-Control,G,0.344
OTL-Control,G,0.344
OTL-Control,G,0.344
OTL-Control,G,0.343
OTL-Control,G,0.343
OTL-Control,G,0.343
OTL-Control,G,0.343
OTL-Control,G,0.344
OTL-Control,G,0.345
OTL-Control,G,0.345
OTL-Control,G,0.346
OTL-Control,G,0.347
OTL-Control,G,0.347
OTL-Control,G,0.347
OTL-Control,G,0.347
OTL-Control,G,0.347
OTL-Control,G,0.346
OTL-Control,G,0.346
OTL-Control,G,0.345
OTL-Control,G,0.344
OTL-Control,G,0.344
OTL-Control,G,0.343
OTL-Control,G,0.343
OTL-Control,G,0.343
OTL-Control,G,0.342
OTL-Control,G,0.342
OTL-Control,G,0.342
OTL-Control,G,0.341
OTL-Control,G,0.341
OTL-Control,G,0.341
OTL-Control,G,0.341
OTL-Control,G,0.342
OTL-Control,G,0.343
OTL-Control,G,0.344
OTL-Control,G,0.344
OTL-Control,G,0.345
OTL-Control,G,0.346
OTL-Control,G,0.346
OTL-Control,G,0.346
OTL-Control,G,0.345
OTL-Control,G,0.344
OTL-Control,G,0.344
OTL-Control,G,0.343
OTL-Control,G,0.342
OTL-Control,G,0.342
OTL-Control,G,0.341
OTL-Control,G,0.341
OTL-Control,G,0.340
OTL-Control,G,0.340
OTL-Control,G,0.340
OTL-Control,G,0.340
OTL-Control,G,0.339
OTL-Control,G,0.339
OTL-Control,G,0.339
OTL-Control,G,0.339
OTL-Control,G,0.340
OTL-Control,G,0.341
OTL-Control,G,0.342
OTL-Control,G,0.343
OTL-Control,G,0.344
OTL-Control,G,0.344
OTL-Control,G,0.344
OTL-Control,G,0.344
OTL-Control,G,0.343
OTL-Control,G,0.343
OTL-Control,G,0.343
OTL-Control,G,0.342
OTL-Control,G,0.342
OTL-Control,G,0.341
OTL-Control,G,0.341
OTL-Control,G,0.341
OTL-Control,G,0.340
OTL-Control,G,0.340
OTL-Control,G,0.340
OTL-Control,G,0.339
OTL-Control,G,0.339
OTL-Control,G,0.339
OTL-Control,G,0.339
OTL-Control,G,0.340
OTL-Control,G,0.341
OTL-Control,G,0.343
OTL-Control,G,0.344
OTL-Control,G,0.345
OTL-Control,G,0.346
OTL-Control,G,0.346
OTL-Control,G,0.346
OTL-Control,G,0.347
OTL-Control,G,0.347
OTL-Control,G,0.347
OTL-Control,G,0.347
OTL-Control,G,0.347
OTL-Control,G,0.346
OTL-Control,G,0.346
OTL-Control,G,0.346
OTL-Control,G,0.346
OTL-Control,G,0.346
OTL-Control,G,0.346
OTL-Control,G,0.346
OTL-Control,G,0.347
OTL-Control,G,0.348
OTL-Control,G,0.355
OTL-Control,G,0.360
OTL-Control,G,0.361
OTL-Control,G,0.362
OTL-Control,G,0.363
OTL-Control,G,0.363
OTL-Control,G,0.364
OTL-Control,G,0.364
OTL-Control,G,0.364
OTL-Control,G,0.364
OTL-Control,G,0.364
OTL-Control,G,0.364
OTL-Control,G,0.364
OTL-Control,G,0.364
OTL-Control,G,0.364
OTL-Control,G,0.364
OTL-Control,G,0.364
OTL-Control,G,0.364
OTL-Control,G,0.364
OTL-Control,G,0.364
OTL-Control,G,0.364
OTL-Control,G,0.364
OTL-Control,G,0.364
OTL-Control,G,0.364
OTL-Control,G,0.364
OTL-Control,G,0.364
OTL-Control,G,0.364
OTL-Control,G,0.365
OTL-Control,G,0.366
OTL-Control,G,0.367
OTL-Control,G,0.368
OTL-Control,G,0.369
OTL-Control,G,0.369
OTL-Control,G,0.369
OTL-Control,G,0.369
OTL-Control,G,0.367
OTL-Control,G,0.362
OTL-Control,G,0.361
OTL-Control,G,0.360
OTL-Control,G,0.358
OTL-Control,G,0.357
OTL-Control,G,0.357
OTL-Control,G,0.356
OTL-Control,G,0.355
OTL-Control,G,0.355
OTL-Control,G,0.354
OTL-Control,G,0.354
OTL-Control,G,0.353
OTL-Control,G,0.353
OTL-Control,G,0.353
OTL-Control,G,0.354
OTL-Control,G,0.354
OTL-Control,G,0.355
OTL-Control,G,0.356
OTL-Control,G,0.356
OTL-Control,G,0.357
OTL-Control,G,0.357
OTL-Control,G,0.357
OTL-Control,G,0.356
OTL-Control,G,0.356
OTL-Control,G,0.354
OTL-Control,G,0.351
OTL-Control,G,0.351
OTL-Control,G,0.350
OTL-Control,G,0.350
OTL-Control,G,0.349
OTL-Control,G,0.349
OTL-Control,G,0.346
OTL-Control,G,0.345
OTL-Control,G,0.345
OTL-Control,G,0.345
OTL-Control,G,0.344
OTL-Control,G,0.344
OTL-Control,G,0.345
OTL-Control,G,0.349
OTL-Control,G,0.350
OTL-Control,G,0.350
OTL-Control,G,0.351
OTL-Control,G,0.352
OTL-Control,G,0.353
OTL-Control,G,0.353
OTL-Control,G,0.353
OTL-Control,G,0.353
OTL-Control,G,0.351
OTL-Control,G,0.350
OTL-Control,G,0.350
OTL-Control,G,0.349
OTL-Control,G,0.349
OTL-Control,G,0.348
OTL-Control,G,0.348
OTL-Control,G,0.347
OTL-Control,G,0.347
OTL-Control,G,0.347
OTL-Control,G,0.346
OTL-Control,G,0.346
OTL-Control,G,0.346
OTL-Control,G,0.345
OTL-Control,G,0.346
OTL-Control,G,0.346
OTL-Control,G,0.347
OTL-Control,G,0.348
OTL-Control,G,0.349
OTL-Control,G,0.350
OTL-Control,G,0.350
OTL-Control,G,0.351
OTL-Control,G,0.351
OTL-Control,G,0.350
OTL-Control,G,0.350
OTL-Control,G,0.349
OTL-Control,G,0.349
OTL-Control,G,0.348
OTL-Control,G,0.347
OTL-Control,G,0.346
OTL-Control,G,0.346
OTL-Control,G,0.345
OTL-Control,G,0.345
OTL-Control,G,0.344
OTL-Control,G,0.344
OTL-Control,G,0.343
OTL-Control,G,0.343
OTL-Control,G,0.342
OTL-Control,G,0.343
OTL-Control,G,0.343
OTL-Control,G,0.344
OTL-Control,G,0.344
OTL-Control,G,0.345
OTL-Control,G,0.346
OTL-Control,G,0.346
OTL-Control,G,0.346
OTL-Control,G,0.346
OTL-Control,G,0.346
OTL-Control,G,0.346
OTL-Control,G,0.345
OTL-Control,G,0.344
OTL-Control,G,0.343
OTL-Control,G,0.343
OTL-Control,G,0.342
OTL-Control,G,0.341
OTL-Control,G,0.341
OTL-Control,G,0.340
OTL-Control,G,0.340
OTL-Control,G,0.339
OTL-Control,G,0.339
OTL-Control,G,0.338
OTL-Control,G,0.338
OTL-Control,G,0.338
OTL-Control,G,0.339
OTL-Control,G,0.339
OTL-Control,G,0.340
OTL-Control,G,0.341
OTL-Control,G,0.342
OTL-Control,G,0.343
OTL-Control,G,0.343
OTL-Control,G,0.343
OTL-Control,G,0.343
OTL-Control,G,0.342
OTL-Control,G,0.342
OTL-Control,G,0.341
OTL-Control,G,0.340
OTL-Control,G,0.340
OTL-Control,G,0.339
OTL-Control,G,0.338
OTL-Control,G,0.338
OTL-Control,G,0.337
OTL-Control,G,0.337
OTL-Control,G,0.336
OTL-Control,G,0.336
OTL-Control,G,0.335
OTL-Control,G,0.335
OTL-Control,G,0.335
OTL-Control,G,0.336
OTL-Control,G,0.337
OTL-Control,G,0.338
OTL-Control,G,0.339
OTL-Control,G,0.340
OTL-Control,G,0.340
OTL-Control,G,0.341
OTL-Control,G,0.341
OTL-Control,G,0.341
OTL-Control,G,0.340
OTL-Control,G,0.339
OTL-Control,G,0.339
OTL-Control,G,0.338
OTL-Control,G,0.337
OTL-Control,G,0.337
OTL-Control,G,0.336
OTL-Control,G,0.335
OTL-Control,G,0.335
OTL-Control,G,0.334
OTL-Control,G,0.334
OTL-Control,G,0.333
OTL-Control,G,0.333
OTL-Control,G,0.333
OTL-Control,G,0.333
OTL-Control,G,0.333
OTL-Control,G,0.334
OTL-Control,G,0.335
OTL-Control,G,0.336
OTL-Control,G,0.337
OTL-Control,G,0.338
OTL-Control,G,0.338
OTL-Control,G,0.338
OTL-Control,G,0.337
OTL-Control,G,0.337
OTL-Control,G,0.336
OTL-Control,G,0.336
OTL-Control,G,0.335
OTL-Control,G,0.335
OTL-Control,G,0.334
OTL-Control,G,0.334
OTL-Control,G,0.333
OTL-Control,G,0.333
OTL-Control,G,0.333
OTL-Control,G,0.333
OTL-Control,G,0.333
OTL-Control,G,0.333
OTL-Control,G,0.332
OTL-Control,G,0.332
OTL-Control,G,0.333
OTL-Control,G,0.333
OTL-Control,G,0.333
OTL-Control,G,0.333
OTL-Control,G,0.333
OTL-Control,G,0.333
OTL-Control,G,0.334
OTL-Control,G,0.334
OTL-Control,G,0.334
OTL-Control,G,0.334
OTL-Control,G,0.333
OTL-Control,G,0.333
OTL-Control,G,0.333
OTL-Control,G,0.333
OTL-Control,G,0.332
OTL-Control,G,0.330
OTL-Control,G,0.329
OTL-Control,G,0.329
OTL-Control,G,0.329
OTL-Control,G,0.328
OTL-Control,G,0.328
OTL-Control,G,0.328
OTL-Control,G,0.328
OTL-Control,G,0.328
OTL-Control,G,0.329
OTL-Control,G,0.330
OTL-Control,G,0.331
OTL-Control,G,0.332
OTL-Control,G,0.333
OTL-Control,G,0.334
OTL-Control,G,0.334
OTL-Control,G,0.335
OTL-Control,G,0.335
OTL-Control,G,0.334
OTL-Control,G,0.334
OTL-Control,G,0.333
OTL-Control,G,0.332
OTL-Control,G,0.332
OTL-Control,G,0.331
OTL-Control,G,0.331
OTL-Control,G,0.330
OTL-Control,G,0.330
OTL-Control,G,0.329
OTL-Control,G,0.329
OTL-Control,G,0.328
OTL-Control,G,0.328
OTL-Control,G,0.328
OTL-Control,G,0.328
OTL-Control,G,0.329
OTL-Control,G,0.330
OTL-Control,G,0.332
OTL-Control,G,0.333
OTL-Control,G,0.334
OTL-Control,G,0.335
OTL-Control,G,0.336
OTL-Control,G,0.336
OTL-Control,G,0.336
OTL-Control,G,0.335
OTL-Control,G,0.334
OTL-Control,G,0.334
OTL-Control,G,0.333
OTL-Control,G,0.332
OTL-Control,G,0.331
OTL-Control,G,0.331
OTL-Control,G,0.330
OTL-Control,G,0.330
OTL-Control,G,0.329
OTL-Control,G,0.328
OTL-Control,G,0.328
OTL-Control,G,0.327
OTL-Control,G,0.327
OTL-Control,G,0.328
OTL-Control,G,0.329
OTL-Control,G,0.330
OTL-Control,G,0.331
OTL-Control,G,0.332
OTL-Control,G,0.333
OTL-Control,G,0.334
OTL-Control,G,0.335
OTL-Control,G,0.335
OTL-Control,G,0.334
OTL-Control,G,0.334
OTL-Control,G,0.333
OTL-Control,G,0.332
OTL-Control,G,0.331
OTL-Control,G,0.330
OTL-Control,G,0.329
OTL-Control,G,0.328
OTL-Control,G,0.327
OTL-Control,G,0.327
OTL-Control,G,0.326
OTL-Control,G,0.326
OTL-Control,G,0.325
OTL-Control,G,0.325
OTL-Control,G,0.325
OTL-Control,G,0.325
OTL-Control,G,0.326
OTL-Control,G,0.327
OTL-Control,G,0.328
OTL-Control,G,0.330
OTL-Control,G,0.331
OTL-Control,G,0.331
OTL-Control,G,0.332
OTL-Control,G,0.331
OTL-Control,G,0.331
OTL-Control,G,0.330
OTL-Control,G,0.329
OTL-Control,G,0.327
OTL-Control,G,0.326
OTL-Control,G,0.325
OTL-Control,G,0.324
OTL-Control,G,0.323
OTL-Control,G,0.323
OTL-Control,G,0.322
OTL-Control,G,0.321
OTL-Control,G,0.320
OTL-Control,G,0.320
OTL-Control,G,0.319
OTL-Control,G,0.319
OTL-Control,G,0.319
OTL-Control,G,0.320
OTL-Control,G,0.320
OTL-Control,G,0.321
OTL-Control,G,0.322
OTL-Control,G,0.323
OTL-Control,G,0.324
OTL-Control,G,0.325
OTL-Control,G,0.324
OTL-Control,G,0.324
OTL-Control,G,0.323
OTL-Control,G,0.322
OTL-Control,G,0.321
OTL-Control,G,0.320
OTL-Control,G,0.319
OTL-Control,G,0.318
OTL-Control,G,0.317
OTL-Control,G,0.316
OTL-Control,G,0.316
OTL-Control,G,0.315
OTL-Control,G,0.314
OTL-Control,G,0.314
OTL-Control,G,0.313
OTL-Control,G,0.313
OTL-Control,G,0.313
OTL-Control,G,0.314
OTL-Control,G,0.314
OTL-Control,G,0.315
OTL-Control,G,0.316
OTL-Control,G,0.317
OTL-Control,G,0.318
OTL-Control,G,0.318
OTL-Control,G,0.318
OTL-Control,G,0.317
OTL-Control,G,0.316
OTL-Control,G,0.315
OTL-Control,G,0.314
OTL-Control,G,0.313
OTL-Control,G,0.313
OTL-Control,G,0.312
OTL-Control,G,0.311
OTL-Control,G,0.310
OTL-Control,G,0.310
OTL-Control,G,0.309
OTL-Control,G,0.309
OTL-Control,G,0.308
OTL-Control,G,0.308
OTL-Control,G,0.307
OTL-Control,G,0.308
OTL-Control,G,0.309
OTL-Control,G,0.310
OTL-Control,G,0.311
OTL-Control,G,0.313
OTL-Control,G,0.314
OTL-Control,G,0.314
OTL-Control,G,0.315
OTL-Control,G,0.314
OTL-Control,G,0.314
OTL-Control,G,0.313
OTL-Control,G,0.312
OTL-Control,G,0.311
OTL-Control,G,0.310
OTL-Control,G,0.309
OTL-Control,G,0.308
OTL-Control,G,0.307
OTL-Control,G,0.307
OTL-Control,G,0.306
OTL-Control,G,0.305
OTL-Control,G,0.305
OTL-Control,G,0.304
OTL-Control,G,0.304
OTL-Control,G,0.304
OTL-Control,G,0.304
OTL-Control,G,0.304
OTL-Control,G,0.305
OTL-Control,G,0.306
OTL-Control,G,0.307
OTL-Control,G,0.308
OTL-Control,G,0.309
OTL-Control,G,0.309
OTL-Control,G,0.309
OTL-Control,G,0.308
OTL-Control,G,0.307
OTL-Control,G,0.306
OTL-Control,G,0.305
OTL-Control,G,0.304
OTL-Control,G,0.303
OTL-Control,G,0.302
OTL-Control,G,0.301
OTL-Control,G,0.300
OTL-Control,G,0.300
OTL-Control,G,0.299
OTL-Control,G,0.298
OTL-Control,G,0.298
OTL-Control,G,0.297
OTL-Control,G,0.297
OTL-Control,G,0.298
OTL-Control,G,0.299
OTL-Control,G,0.300
OTL-Control,G,0.301
OTL-Control,G,0.302
OTL-Control,G,0.303
OTL-Control,G,0.304
OTL-Control,G,0.304
OTL-Control,G,0.303
OTL-Control,G,0.302
OTL-Control,G,0.301
OTL-Control,G,0.300
OTL-Control,G,0.299
OTL-Control,G,0.298
OTL-Control,G,0.297
OTL-Control,G,0.297
OTL-Control,G,0.296
OTL-Control,G,0.296
OTL-Control,G,0.295
OTL-Control,G,0.295
OTL-Control,G,0.294
OTL-Control,G,0.293
OTL-Control,G,0.293
OTL-Control,G,0.293
OTL-Control,G,0.293
OTL-Control,G,0.294
OTL-Control,G,0.294
OTL-Control,G,0.295
OTL-Control,G,0.296
OTL-Control,G,0.296
OTL-Control,G,0.297
OTL-Control,G,0.297
OTL-Control,G,0.297
OTL-Control,G,0.297
OTL-Control,G,0.296
OTL-Control,G,0.295
OTL-Control,G,0.294
OTL-Control,G,0.293
OTL-Control,G,0.293
OTL-Control,G,0.292
OTL-Control,G,0.292
OTL-Control,G,0.291
OTL-Control,G,0.291
OTL-Control,G,0.290
OTL-Control,G,0.290
OTL-Control,G,0.289
OTL-Control,G,0.289
OTL-Control,G,0.289
OTL-Control,G,0.289
OTL-Control,G,0.291
OTL-Control,G,0.292
OTL-Control,G,0.293
OTL-Control,G,0.294
OTL-Control,G,0.295
OTL-Control,G,0.296
OTL-Control,G,0.296
OTL-Control,G,0.295
OTL-Control,G,0.294
OTL-Control,G,0.293
OTL-Control,G,0.292
OTL-Control,G,0.291
OTL-Control,G,0.290
OTL-Control,G,0.289
OTL-Control,G,0.288
OTL-Control,G,0.287
OTL-Control,G,0.287
OTL-Control,G,0.286
OTL-Control,G,0.285
OTL-Control,G,0.285
OTL-Control,G,0.284
OTL-Control,G,0.284
OTL-Control,G,0.284
OTL-Control,G,0.285
OTL-Control,G,0.286
OTL-Control,G,0.287
OTL-Control,G,0.289
OTL-Control,G,0.290
OTL-Control,G,0.291
OTL-Control,G,0.292
OTL-Control,G,0.292
OTL-Control,G,0.291
OTL-Control,G,0.290
OTL-Control,G,0.289
OTL-Control,G,0.288
OTL-Control,G,0.287
OTL-Control,G,0.286
OTL-Control,G,0.285
OTL-Control,G,0.284
OTL-Control,G,0.283
OTL-Control,G,0.283
OTL-Control,G,0.282
OTL-Control,G,0.281
OTL-Control,G,0.281
OTL-Control,G,0.280
OTL-Control,G,0.280
OTL-Control,G,0.280
OTL-Control,G,0.281
OTL-Control,G,0.282
OTL-Control,G,0.284
OTL-Control,G,0.285
OTL-Control,G,0.287
OTL-Control,G,0.288
OTL-Control,G,0.289
OTL-Control,G,0.289
OTL-Control,G,0.289
OTL-Control,G,0.288
OTL-Control,G,0.287
OTL-Control,G,0.285
OTL-Control,G,0.284
OTL-Control,G,0.283
OTL-Control,G,0.282
OTL-Control,G,0.281
OTL-Control,G,0.280
OTL-Control,G,0.280
OTL-Control,G,0.279
OTL-Control,G,0.279
OTL-Control,G,0.278
OTL-Control,G,0.278
OTL-Control,G,0.277
OTL-Control,G,0.278
OTL-Control,G,0.278
OTL-Control,G,0.280
OTL-Control,G,0.281
OTL-Control,G,0.282
OTL-Control,G,0.284
OTL-Control,G,0.285
OTL-Control,G,0.285
OTL-Control,G,0.285
OTL-Control,G,0.285
OTL-Control,G,0.284
OTL-Control,G,0.283
OTL-Control,G,0.282
OTL-Control,G,0.281
OTL-Control,G,0.280
OTL-Control,G,0.279
OTL-Control,G,0.278
OTL-Control,G,0.277
OTL-Control,G,0.277
OTL-Control,G,0.276
OTL-Control,G,0.276
OTL-Control,G,0.275
OTL-Control,G,0.275
OTL-Control,G,0.274
OTL-Control,G,0.275
OTL-Control,G,0.275
OTL-Control,G,0.277
OTL-Control,G,0.277
OTL-Control,G,0.279
OTL-Control,G,0.280
OTL-Control,G,0.281
OTL-Control,G,0.282
OTL-Control,G,0.282
OTL-Control,G,0.282
OTL-Control,G,0.281
OTL-Control,G,0.279
OTL-Control,G,0.278
OTL-Control,G,0.277
OTL-Control,G,0.276
OTL-Control,G,0.275
OTL-Control,G,0.274
OTL-Control,G,0.273
OTL-Control,G,0.272
OTL-Control,G,0.271
OTL-Control,G,0.270
OTL-Control,G,0.270
OTL-Control,G,0.269
OTL-Control,G,0.269
OTL-Control,G,0.269
OTL-Control,G,0.270
OTL-Control,G,0.271
OTL-Control,G,0.273
OTL-Control,G,0.275
OTL-Control,G,0.277
OTL-Control,G,0.278
OTL-Control,G,0.279
OTL-Control,G,0.280
OTL-Control,G,0.279
OTL-Control,G,0.278
OTL-Control,G,0.276
OTL-Control,G,0.275
OTL-Control,G,0.273
OTL-Control,G,0.272
OTL-Control,G,0.271
OTL-Control,G,0.270
OTL-Control,G,0.269
OTL-Control,G,0.268
OTL-Control,G,0.268
OTL-Control,G,0.267
OTL-Control,G,0.266
OTL-Control,G,0.266
OTL-Control,G,0.265
OTL-Control,G,0.265
OTL-Control,G,0.266
OTL-Control,G,0.268
OTL-Control,G,0.270
OTL-Control,G,0.272
OTL-Control,G,0.274
OTL-Control,G,0.275
OTL-Control,G,0.276
OTL-Control,G,0.276
OTL-Control,G,0.276
OTL-Control,G,0.275
OTL-Control,G,0.273
OTL-Control,G,0.272
OTL-Control,G,0.270
OTL-Control,G,0.269
OTL-Control,G,0.268
OTL-Control,G,0.267
OTL-Control,G,0.266
OTL-Control,G,0.265
OTL-Control,G,0.264
OTL-Control,G,0.263
OTL-Control,G,0.263
OTL-Control,G,0.262
OTL-Control,G,0.262
OTL-Control,G,0.262
OTL-Control,G,0.263
OTL-Control,G,0.264
OTL-Control,G,0.266
OTL-Control,G,0.268
OTL-Control,G,0.270
OTL-Control,G,0.271
OTL-Control,G,0.272
OTL-Control,G,0.272
OTL-Control,G,0.272
OTL-Control,G,0.271
OTL-Control,G,0.270
OTL-Control,G,0.268
OTL-Control,G,0.267
OTL-Control,G,0.266
OTL-Control,G,0.264
OTL-Control,G,0.263
OTL-Control,G,0.262
OTL-Control,G,0.262
OTL-Control,G,0.261
OTL-Control,G,0.260
OTL-Control,G,0.260
OTL-Control,G,0.259
OTL-Control,G,0.259
OTL-Control,G,0.259
OTL-Control,G,0.260
OTL-Control,G,0.262
OTL-Control,G,0.264
OTL-Control,G,0.267
OTL-Control,G,0.269
OTL-Control,G,0.270
OTL-Control,G,0.271
OTL-Control,G,0.272
OTL-Control,G,0.271
OTL-Control,G,0.270
OTL-Control,G,0.269
OTL-Control,G,0.267
OTL-Control,G,0.266
OTL-Control,G,0.264
OTL-Control,G,0.263
OTL-Control,G,0.262
OTL-Control,G,0.261
OTL-Control,G,0.260
OTL-Control,G,0.260
OTL-Control,G,0.259
OTL-Control,G,0.258
OTL-Control,G,0.258
OTL-Control,G,0.257
OTL-Control,G,0.258
OTL-Control,G,0.259
OTL-Control,G,0.260
OTL-Control,G,0.263
OTL-Control,G,0.265
OTL-Control,G,0.267
OTL-Control,G,0.269
OTL-Control,G,0.270
OTL-Control,G,0.271
OTL-Control,G,0.270
OTL-Control,G,0.269
OTL-Control,G,0.268
OTL-Control,G,0.266
OTL-Control,G,0.265
OTL-Control,G,0.263
OTL-Control,G,0.262
OTL-Control,G,0.261
OTL-Control,G,0.260
OTL-Control,G,0.259
OTL-Control,G,0.258
OTL-Control,G,0.257
OTL-Control,G,0.257
OTL-Control,G,0.256
OTL-Control,G,0.256
OTL-Control,G,0.256
OTL-Control,G,0.257
OTL-Control,G,0.259
OTL-Control,G,0.261
OTL-Control,G,0.264
OTL-Control,G,0.266
OTL-Control,G,0.267
OTL-Control,G,0.268
OTL-Control,G,0.269
OTL-Control,G,0.268
OTL-Control,G,0.267
OTL-Control,G,0.265
OTL-Control,G,0.264
OTL-Control,G,0.262
OTL-Control,G,0.261
OTL-Control,G,0.260
OTL-Control,G,0.259
OTL-Control,G,0.258
OTL-Control,G,0.257
OTL-Control,G,0.256
OTL-Control,G,0.255
OTL-Control,G,0.254
OTL-Control,G,0.253
OTL-Control,G,0.253
OTL-Control,G,0.253
OTL-Control,G,0.254
OTL-Control,G,0.256
OTL-Control,G,0.259
OTL-Control,G,0.261
OTL-Control,G,0.263
OTL-Control,G,0.265
OTL-Control,G,0.266
OTL-Control,G,0.266
OTL-Control,G,0.265
OTL-Control,G,0.264
OTL-Control,G,0.263
OTL-Control,G,0.261
OTL-Control,G,0.260
OTL-Control,G,0.258
OTL-Control,G,0.257
OTL-Control,G,0.256
OTL-Control,G,0.254
OTL-Control,G,0.254
OTL-Control,G,0.253
OTL-Control,G,0.252
OTL-Control,G,0.251
OTL-Control,G,0.250
OTL-Control,G,0.250
OTL-Control,G,0.250
OTL-Control,G,0.252
OTL-Control,G,0.253
OTL-Control,G,0.256
OTL-Control,G,0.258
OTL-Control,G,0.260
OTL-Control,G,0.261
OTL-Control,G,0.262
OTL-Control,G,0.262
OTL-Control,G,0.261
OTL-Control,G,0.259
OTL-Control,G,0.258
OTL-Control,G,0.256
OTL-Control,G,0.255
OTL-Control,G,0.254
OTL-Control,G,0.253
OTL-Control,G,0.252
OTL-Control,G,0.251
OTL-Control,G,0.250
OTL-Control,G,0.249
OTL-Control,G,0.248
OTL-Control,G,0.248
OTL-Control,G,0.247
OTL-Control,G,0.247
OTL-Control,G,0.247
OTL-Control,G,0.247
OTL-Control,G,0.247
OTL-Control,G,0.248
OTL-Control,G,0.248
OTL-Control,G,0.248
OTL-Control,G,0.249
OTL-Control,G,0.249
OTL-Control,G,0.249
OTL-Control,G,0.249
OTL-Control,G,0.249
OTL-Control,G,0.248
OTL-Control,G,0.248
OTL-Control,G,0.247
OTL-Control,G,0.247
OTL-Control,G,0.246
OTL-Control,G,0.246
OTL-Control,G,0.245
OTL-Control,G,0.245
OTL-Control,G,0.245
OTL-Control,G,0.244
OTL-Control,G,0.244
OTL-Control,G,0.244
OTL-Control,G,0.243
OTL-Control,G,0.243
OTL-Control,G,0.244
OTL-Control,G,0.244
OTL-Control,G,0.245
OTL-Control,G,0.246
OTL-Control,G,0.247
OTL-Control,G,0.248
OTL-Control,G,0.249
OTL-Control,G,0.249
OTL-Control,G,0.249
OTL-Control,G,0.248
OTL-Control,G,0.248
OTL-Control,G,0.247
OTL-Control,G,0.246
OTL-Control,G,0.245
OTL-Control,G,0.245
OTL-Control,G,0.244
OTL-Control,G,0.244
OTL-Control,G,0.243
OTL-Control,G,0.243
OTL-Control,G,0.243
OTL-Control,G,0.242
OTL-Control,G,0.242
OTL-Control,G,0.242
OTL-Control,G,0.243
OTL-Control,G,0.244
OTL-Control,G,0.245
OTL-Control,G,0.246
OTL-Control,G,0.247
OTL-Control,G,0.248
OTL-Control,G,0.248
OTL-Control,G,0.248
OTL-Control,G,0.248
OTL-Control,G,0.248
OTL-Control,G,0.248
OTL-Control,G,0.247
OTL-Control,G,0.247
OTL-Control,G,0.246
OTL-Control,G,0.246
OTL-Control,G,0.245
OTL-Control,G,0.245
OTL-Control,G,0.245
OTL-Control,G,0.244
OTL-Control,G,0.244
OTL-Control,G,0.243
OTL-Control,G,0.243
OTL-Control,G,0.243
OTL-Control,G,0.243
OTL-Control,G,0.243
OTL-Control,G,0.243
OTL-Control,G,0.243
OTL-Control,G,0.244
OTL-Control,G,0.244
OTL-Control,G,0.244
OTL-Control,G,0.245
OTL-Control,G,0.245
OTL-Control,G,0.245
OTL-Control,G,0.246
OTL-Control,G,0.246
OTL-Control,G,0.246
OTL-Control,G,0.245
OTL-Control,G,0.245
OTL-Control,G,0.244
OTL-Control,G,0.244
OTL-Control,G,0.244
OTL-Control,G,0.243
OTL-Control,G,0.243
OTL-Control,G,0.242
OTL-Control,G,0.242
OTL-Control,G,0.242
OTL-Control,G,0.241
OTL-Control,G,0.241
OTL-Control,G,0.242
OTL-Control,G,0.243
OTL-Control,G,0.244
OTL-Control,G,0.245
OTL-Control,G,0.247
OTL-Control,G,0.248
OTL-Control,G,0.248
OTL-Control,G,0.248
OTL-Control,G,0.248
OTL-Control,G,0.248
OTL-Control,G,0.248
OTL-Control,G,0.247
OTL-Control,G,0.247
OTL-Control,G,0.246
OTL-Control,G,0.246
OTL-Control,G,0.245
OTL-Control,G,0.245
OTL-Control,G,0.244
OTL-Control,G,0.244
OTL-Control,G,0.244
OTL-Control,G,0.244
OTL-Control,G,0.243
OTL-Control,G,0.243
OTL-Control,G,0.243
OTL-Control,G,0.243
OTL-Control,G,0.243
OTL-Control,G,0.244
OTL-Control,G,0.246
OTL-Control,G,0.264
OTL-Control,G,0.278
OTL-Control,G,0.276
OTL-Control,G,0.276
OTL-Control,G,0.277
OTL-Control,G,0.277
OTL-Control,G,0.276
OTL-Control,G,0.275
OTL-Control,G,0.274
OTL-Control,G,0.273
OTL-Control,G,0.272
OTL-Control,G,0.271
OTL-Control,G,0.270
OTL-Control,G,0.269
OTL-Control,G,0.268
OTL-Control,G,0.268
OTL-Control,G,0.267
OTL-Control,G,0.267
OTL-Control,G,0.266
OTL-Control,G,0.266
OTL-Control,G,0.266
OTL-Control,G,0.267
OTL-Control,G,0.268
OTL-Control,G,0.270
OTL-Control,G,0.271
OTL-Control,G,0.272
OTL-Control,G,0.274
OTL-Control,G,0.274
OTL-Control,G,0.275
OTL-Control,G,0.274
OTL-Control,G,0.273
OTL-Control,G,0.272
OTL-Control,G,0.270
OTL-Control,G,0.269
OTL-Control,G,0.268
OTL-Control,G,0.267
OTL-Control,G,0.266
OTL-Control,G,0.265
OTL-Control,G,0.264
OTL-Control,G,0.263
OTL-Control,G,0.263
OTL-Control,G,0.262
OTL-Control,G,0.262
OTL-Control,G,0.262
OTL-Control,G,0.262
OTL-Control,G,0.262
OTL-Control,G,0.262
OTL-Control,G,0.264
OTL-Control,G,0.266
OTL-Control,G,0.267
OTL-Control,G,0.269
OTL-Control,G,0.270
OTL-Control,G,0.270
OTL-Control,G,0.269
OTL-Control,G,0.268
OTL-Control,G,0.267
OTL-Control,G,0.266
OTL-Control,G,0.265
OTL-Control,G,0.264
OTL-Control,G,0.264
OTL-Control,G,0.263
OTL-Control,G,0.262
OTL-Control,G,0.261
OTL-Control,G,0.261
OTL-Control,G,0.260
OTL-Control,G,0.260
OTL-Control,G,0.259
OTL-Control,G,0.259
OTL-Control,G,0.259
OTL-Control,G,0.260
OTL-Control,G,0.261
OTL-Control,G,0.263
OTL-Control,G,0.265
OTL-Control,G,0.266
OTL-Control,G,0.268
OTL-Control,G,0.269
OTL-Control,G,0.269
OTL-Control,G,0.269
OTL-Control,G,0.268
OTL-Control,G,0.267
OTL-Control,G,0.265
OTL-Control,G,0.264
OTL-Control,G,0.263
OTL-Control,G,0.262
OTL-Control,G,0.261
OTL-Control,G,0.260
OTL-Control,G,0.259
OTL-Control,G,0.259
OTL-Control,G,0.258
OTL-Control,G,0.258
OTL-Control,G,0.257
OTL-Control,G,0.257
OTL-Control,G,0.257
OTL-Control,G,0.258
OTL-Control,G,0.259
OTL-Control,G,0.261
OTL-Control,G,0.263
OTL-Control,G,0.265
OTL-Control,G,0.266
OTL-Control,G,0.267
OTL-Control,G,0.268
OTL-Control,G,0.267
OTL-Control,G,0.266
OTL-Control,G,0.265
OTL-Control,G,0.263
OTL-Control,G,0.262
OTL-Control,G,0.261
OTL-Control,G,0.260
OTL-Control,G,0.259
OTL-Control,G,0.258
OTL-Control,G,0.257
OTL-Control,G,0.256
OTL-Control,G,0.256
OTL-Control,G,0.255
OTL-Control,G,0.255
OTL-Control,G,0.254
OTL-Control,G,0.255
OTL-Control,G,0.256
OTL-Control,G,0.257
OTL-Control,G,0.259
OTL-Control,G,0.261
OTL-Control,G,0.263
OTL-Control,G,0.264
OTL-Control,G,0.266
OTL-Control,G,0.266
OTL-Control,G,0.266
OTL-Control,G,0.265
OTL-Control,G,0.264
OTL-Control,G,0.262
OTL-Control,G,0.261
OTL-Control,G,0.260
OTL-Control,G,0.259
OTL-Control,G,0.258
OTL-Control,G,0.257
OTL-Control,G,0.256
OTL-Control,G,0.256
OTL-Control,G,0.255
OTL-Control,G,0.254
OTL-Control,G,0.254
OTL-Control,G,0.254
OTL-Control,G,0.254
OTL-Control,G,0.255
OTL-Control,G,0.256
OTL-Control,G,0.258
OTL-Control,G,0.260
OTL-Control,G,0.262
OTL-Control,G,0.264
OTL-Control,G,0.265
OTL-Control,G,0.266
OTL-Control,G,0.265
OTL-Control,G,0.265
OTL-Control,G,0.263
OTL-Control,G,0.262
OTL-Control,G,0.261
OTL-Control,G,0.260
OTL-Control,G,0.259
OTL-Control,G,0.257
OTL-Control,G,0.257
OTL-Control,G,0.256
OTL-Control,G,0.255
OTL-Control,G,0.254
OTL-Control,G,0.254
OTL-Control,G,0.253
OTL-Control,G,0.253
OTL-Control,G,0.253
OTL-Control,G,0.254
OTL-Control,G,0.256
OTL-Control,G,0.258
OTL-Control,G,0.260
OTL-Control,G,0.262
OTL-Control,G,0.263
OTL-Control,G,0.265
OTL-Control,G,0.265
OTL-Control,G,0.265
OTL-Control,G,0.264
OTL-Control,G,0.262
OTL-Control,G,0.261
OTL-Control,G,0.260
OTL-Control,G,0.259
OTL-Control,G,0.258
OTL-Control,G,0.257
OTL-Control,G,0.256
OTL-Control,G,0.255
OTL-Control,G,0.254
OTL-Control,G,0.253
OTL-Control,G,0.253
OTL-Control,G,0.252
OTL-Control,G,0.252
OTL-Control,G,0.252
OTL-Control,G,0.253
OTL-Control,G,0.255
OTL-Control,G,0.256
OTL-Control,G,0.258
OTL-Control,G,0.260
OTL-Control,G,0.262
OTL-Control,G,0.263
OTL-Control,G,0.263
OTL-Control,G,0.263
OTL-Control,G,0.261
OTL-Control,G,0.260
OTL-Control,G,0.259
OTL-Control,G,0.257
OTL-Control,G,0.256
OTL-Control,G,0.255
OTL-Control,G,0.254
OTL-Control,G,0.253
OTL-Control,G,0.252
OTL-Control,G,0.251
OTL-Control,G,0.250
OTL-Control,G,0.249
OTL-Control,G,0.249
OTL-Control,G,0.249
OTL-Control,G,0.249
OTL-Control,G,0.250
OTL-Control,G,0.251
OTL-Control,G,0.253
OTL-Control,G,0.255
OTL-Control,G,0.257
OTL-Control,G,0.259
OTL-Control,G,0.260
OTL-Control,G,0.260
OTL-Control,G,0.259
OTL-Control,G,0.258
OTL-Control,G,0.257
OTL-Control,G,0.256
OTL-Control,G,0.254
OTL-Control,G,0.253
OTL-Control,G,0.252
OTL-Control,G,0.251
OTL-Control,G,0.250
OTL-Control,G,0.249
OTL-Control,G,0.248
OTL-Control,G,0.247
OTL-Control,G,0.246
OTL-Control,G,0.246
OTL-Control,G,0.246
OTL-Control,G,0.246
OTL-Control,G,0.247
OTL-Control,G,0.249
OTL-Control,G,0.251
OTL-Control,G,0.253
OTL-Control,G,0.255
OTL-Control,G,0.257
OTL-Control,G,0.259
OTL-Control,G,0.259
OTL-Control,G,0.258
OTL-Control,G,0.257
OTL-Control,G,0.255
OTL-Control,G,0.254
OTL-Control,G,0.252
OTL-Control,G,0.251
OTL-Control,G,0.250
OTL-Control,G,0.249
OTL-Control,G,0.248
OTL-Control,G,0.247
OTL-Control,G,0.246
OTL-Control,G,0.245
OTL-Control,G,0.244
OTL-Control,G,0.243
OTL-Control,G,0.243
OTL-Control,G,0.244
OTL-Control,G,0.245
OTL-Control,G,0.246
OTL-Control,G,0.248
OTL-Control,G,0.250
OTL-Control,G,0.253
OTL-Control,G,0.255
OTL-Control,G,0.256
OTL-Control,G,0.257
OTL-Control,G,0.256
OTL-Control,G,0.254
OTL-Control,G,0.253
OTL-Control,G,0.251
OTL-Control,G,0.250
OTL-Control,G,0.248
OTL-Control,G,0.247
OTL-Control,G,0.245
OTL-Control,G,0.244
OTL-Control,G,0.243
OTL-Control,G,0.242
OTL-Control,G,0.242
OTL-Control,G,0.241
OTL-Control,G,0.240
OTL-Control,G,0.240
OTL-Control,G,0.241
OTL-Control,G,0.242
OTL-Control,G,0.244
OTL-Control,G,0.246
OTL-Control,G,0.248
OTL-Control,G,0.250
OTL-Control,G,0.252
OTL-Control,G,0.253
OTL-Control,G,0.253
OTL-Control,G,0.253
OTL-Control,G,0.251
OTL-Control,G,0.250
OTL-Control,G,0.248
OTL-Control,G,0.247
OTL-Control,G,0.245
OTL-Control,G,0.244
OTL-Control,G,0.243
OTL-Control,G,0.242
OTL-Control,G,0.241
OTL-Control,G,0.240
OTL-Control,G,0.239
OTL-Control,G,0.239
OTL-Control,G,0.238
OTL-Control,G,0.238
OTL-Control,G,0.239
OTL-Control,G,0.240
OTL-Control,G,0.242
OTL-Control,G,0.244
OTL-Control,G,0.246
OTL-Control,G,0.248
OTL-Control,G,0.250
OTL-Control,G,0.251
OTL-Control,G,0.251
OTL-Control,G,0.250
OTL-Control,G,0.249
OTL-Control,G,0.247
OTL-Control,G,0.246
OTL-Control,G,0.244
OTL-Control,G,0.243
OTL-Control,G,0.241
OTL-Control,G,0.240
OTL-Control,G,0.239
OTL-Control,G,0.238
OTL-Control,G,0.237
OTL-Control,G,0.237
OTL-Control,G,0.236
OTL-Control,G,0.235
OTL-Control,G,0.235
OTL-Control,G,0.236
OTL-Control,G,0.237
OTL-Control,G,0.239
OTL-Control,G,0.241
OTL-Control,G,0.243
OTL-Control,G,0.245
OTL-Control,G,0.246
OTL-Control,G,0.247
OTL-Control,G,0.248
OTL-Control,G,0.247
OTL-Control,G,0.245
OTL-Control,G,0.244
OTL-Control,G,0.242
OTL-Control,G,0.241
OTL-Control,G,0.239
OTL-Control,G,0.238
OTL-Control,G,0.237
OTL-Control,G,0.236
OTL-Control,G,0.235
OTL-Control,G,0.234
OTL-Control,G,0.233
OTL-Control,G,0.233
OTL-Control,G,0.232
OTL-Control,G,0.232
OTL-Control,G,0.232
OTL-Control,G,0.233
OTL-Control,G,0.235
OTL-Control,G,0.237
OTL-Control,G,0.240
OTL-Control,G,0.242
OTL-Control,G,0.243
OTL-Control,G,0.244
OTL-Control,G,0.244
OTL-Control,G,0.243
OTL-Control,G,0.242
OTL-Control,G,0.241
OTL-Control,G,0.240
OTL-Control,G,0.238
OTL-Control,G,0.237
OTL-Control,G,0.236
OTL-Control,G,0.235
OTL-Control,G,0.234
OTL-Control,G,0.233
OTL-Control,G,0.232
OTL-Control,G,0.231
OTL-Control,G,0.230
OTL-Control,G,0.230
OTL-Control,G,0.230
OTL-Control,G,0.231
OTL-Control,G,0.232
OTL-Control,G,0.234
OTL-Control,G,0.236
OTL-Control,G,0.239
OTL-Control,G,0.241
OTL-Control,G,0.242
OTL-Control,G,0.243
OTL-Control,G,0.244
OTL-Control,G,0.243
OTL-Control,G,0.242
OTL-Control,G,0.240
OTL-Control,G,0.239
OTL-Control,G,0.237
OTL-Control,G,0.236
OTL-Control,G,0.235
OTL-Control,G,0.233
OTL-Control,G,0.232
OTL-Control,G,0.231
OTL-Control,G,0.231
OTL-Control,G,0.230
OTL-Control,G,0.229
OTL-Control,G,0.229
OTL-Control,G,0.229
OTL-Control,G,0.229
OTL-Control,G,0.230
OTL-Control,G,0.231
OTL-Control,G,0.233
OTL-Control,G,0.236
OTL-Control,G,0.237
OTL-Control,G,0.239
OTL-Control,G,0.240
OTL-Control,G,0.240
OTL-Control,G,0.239
OTL-Control,G,0.237
OTL-Control,G,0.236
OTL-Control,G,0.234
OTL-Control,G,0.233
OTL-Control,G,0.232
OTL-Control,G,0.230
OTL-Control,G,0.229
OTL-Control,G,0.228
OTL-Control,G,0.228
OTL-Control,G,0.227
OTL-Control,G,0.226
OTL-Control,G,0.226
OTL-Control,G,0.225
OTL-Control,G,0.225
OTL-Control,G,0.226
OTL-Control,G,0.227
OTL-Control,G,0.229
OTL-Control,G,0.231
OTL-Control,G,0.233
OTL-Control,G,0.234
OTL-Control,G,0.236
OTL-Control,G,0.237
OTL-Control,G,0.237
OTL-Control,G,0.236
OTL-Control,G,0.235
OTL-Control,G,0.233
OTL-Control,G,0.232
OTL-Control,G,0.231
OTL-Control,G,0.229
OTL-Control,G,0.228
OTL-Control,G,0.227
OTL-Control,G,0.226
OTL-Control,G,0.225
OTL-Control,G,0.225
OTL-Control,G,0.224
OTL-Control,G,0.223
OTL-Control,G,0.223
OTL-Control,G,0.223
OTL-Control,G,0.224
OTL-Control,G,0.225
OTL-Control,G,0.227
OTL-Control,G,0.229
OTL-Control,G,0.231
OTL-Control,G,0.233
OTL-Control,G,0.234
OTL-Control,G,0.235
OTL-Control,G,0.235
OTL-Control,G,0.234
OTL-Control,G,0.233
OTL-Control,G,0.231
OTL-Control,G,0.230
OTL-Control,G,0.228
OTL-Control,G,0.227
OTL-Control,G,0.226
OTL-Control,G,0.225
OTL-Control,G,0.225
OTL-Control,G,0.224
OTL-Control,G,0.223
OTL-Control,G,0.222
OTL-Control,G,0.222
OTL-Control,G,0.221
OTL-Control,G,0.221
OTL-Control,G,0.222
OTL-Control,G,0.223
OTL-Control,G,0.225
OTL-Control,G,0.227
OTL-Control,G,0.228
OTL-Control,G,0.230
OTL-Control,G,0.231
OTL-Control,G,0.232
OTL-Control,G,0.232
OTL-Control,G,0.231
OTL-Control,G,0.230
OTL-Control,G,0.228
OTL-Control,G,0.227
OTL-Control,G,0.226
OTL-Control,G,0.225
OTL-Control,G,0.224
OTL-Control,G,0.223
OTL-Control,G,0.222
OTL-Control,G,0.221
OTL-Control,G,0.220
OTL-Control,G,0.220
OTL-Control,G,0.219
OTL-Control,G,0.219
OTL-Control,G,0.219
OTL-Control,G,0.220
OTL-Control,G,0.221
OTL-Control,G,0.223
OTL-Control,G,0.225
OTL-Control,G,0.226
OTL-Control,G,0.228
OTL-Control,G,0.229
OTL-Control,G,0.230
OTL-Control,G,0.230
OTL-Control,G,0.229
OTL-Control,G,0.227
OTL-Control,G,0.226
OTL-Control,G,0.224
OTL-Control,G,0.223
OTL-Control,G,0.222
OTL-Control,G,0.220
OTL-Control,G,0.220
OTL-Control,G,0.219
OTL-Control,G,0.218
OTL-Control,G,0.218
OTL-Control,G,0.217
OTL-Control,G,0.217
OTL-Control,G,0.216
OTL-Control,G,0.216
OTL-Control,G,0.216
OTL-Control,G,0.217
OTL-Control,G,0.218
OTL-Control,G,0.219
OTL-Control,G,0.220
OTL-Control,G,0.222
OTL-Control,G,0.223
OTL-Control,G,0.224
OTL-Control,G,0.223
OTL-Control,G,0.223
OTL-Control,G,0.222
OTL-Control,G,0.221
OTL-Control,G,0.219
OTL-Control,G,0.218
OTL-Control,G,0.217
OTL-Control,G,0.216
OTL-Control,G,0.215
OTL-Control,G,0.215
OTL-Control,G,0.214
OTL-Control,G,0.213
OTL-Control,G,0.213
OTL-Control,G,0.212
OTL-Control,G,0.212
OTL-Control,G,0.212
OTL-Control,G,0.213
OTL-Control,G,0.214
OTL-Control,G,0.216
OTL-Control,G,0.217
OTL-Control,G,0.219
OTL-Control,G,0.220
OTL-Control,G,0.221
OTL-Control,G,0.222
OTL-Control,G,0.222
OTL-Control,G,0.221
OTL-Control,G,0.220
OTL-Control,G,0.219
OTL-Control,G,0.217
OTL-Control,G,0.216
OTL-Control,G,0.215
OTL-Control,G,0.214
OTL-Control,G,0.213
OTL-Control,G,0.212
OTL-Control,G,0.212
OTL-Control,G,0.211
OTL-Control,G,0.211
OTL-Control,G,0.210
OTL-Control,G,0.210
OTL-Control,G,0.210
OTL-Control,G,0.210
OTL-Control,G,0.212
OTL-Control,G,0.213
OTL-Control,G,0.215
OTL-Control,G,0.217
OTL-Control,G,0.219
OTL-Control,G,0.220
OTL-Control,G,0.220
OTL-Control,G,0.220
OTL-Control,G,0.219
OTL-Control,G,0.218
OTL-Control,G,0.217
OTL-Control,G,0.215
OTL-Control,G,0.214
OTL-Control,G,0.213
OTL-Control,G,0.212
OTL-Control,G,0.211
OTL-Control,G,0.210
OTL-Control,G,0.210
OTL-Control,G,0.209
OTL-Control,G,0.209
OTL-Control,G,0.208
OTL-Control,G,0.208
OTL-Control,G,0.208
OTL-Control,G,0.208
OTL-Control,G,0.210
OTL-Control,G,0.211
OTL-Control,G,0.213
OTL-Control,G,0.215
OTL-Control,G,0.217
OTL-Control,G,0.218
OTL-Control,G,0.219
OTL-Control,G,0.219
OTL-Control,G,0.218
OTL-Control,G,0.217
OTL-Control,G,0.215
OTL-Control,G,0.214
OTL-Control,G,0.213
OTL-Control,H,0.371
OTL-Control,H,0.369
OTL-Control,H,0.368
OTL-Control,H,0.367
OTL-Control,H,0.366
OTL-Control,H,0.358
OTL-Control,H,0.354
OTL-Control,H,0.353
OTL-Control,H,0.352
OTL-Control,H,0.351
OTL-Control,H,0.350
OTL-Control,H,0.350
OTL-Control,H,0.350
OTL-Control,H,0.349
OTL-Control,H,0.348
OTL-Control,H,0.349
OTL-Control,H,0.349
OTL-Control,H,0.349
OTL-Control,H,0.349
OTL-Control,H,0.349
OTL-Control,H,0.348
OTL-Control,H,0.348
OTL-Control,H,0.347
OTL-Control,H,0.346
OTL-Control,H,0.346
OTL-Control,H,0.345
OTL-Control,H,0.344
OTL-Control,H,0.344
OTL-Control,H,0.343
OTL-Control,H,0.343
OTL-Control,H,0.342
OTL-Control,H,0.342
OTL-Control,H,0.342
OTL-Control,H,0.341
OTL-Control,H,0.341
OTL-Control,H,0.341
OTL-Control,H,0.341
OTL-Control,H,0.342
OTL-Control,H,0.343
OTL-Control,H,0.344
OTL-Control,H,0.345
OTL-Control,H,0.346
OTL-Control,H,0.347
OTL-Control,H,0.347
OTL-Control,H,0.346
OTL-Control,H,0.345
OTL-Control,H,0.344
OTL-Control,H,0.343
OTL-Control,H,0.342
OTL-Control,H,0.342
OTL-Control,H,0.341
OTL-Control,H,0.341
OTL-Control,H,0.340
OTL-Control,H,0.340
OTL-Control,H,0.339
OTL-Control,H,0.339
OTL-Control,H,0.338
OTL-Control,H,0.338
OTL-Control,H,0.337
OTL-Control,H,0.337
OTL-Control,H,0.338
OTL-Control,H,0.338
OTL-Control,H,0.339
OTL-Control,H,0.341
OTL-Control,H,0.341
OTL-Control,H,0.342
OTL-Control,H,0.343
OTL-Control,H,0.343
OTL-Control,H,0.343
OTL-Control,H,0.342
OTL-Control,H,0.341
OTL-Control,H,0.341
OTL-Control,H,0.340
OTL-Control,H,0.340
OTL-Control,H,0.339
OTL-Control,H,0.339
OTL-Control,H,0.338
OTL-Control,H,0.338
OTL-Control,H,0.337
OTL-Control,H,0.337
OTL-Control,H,0.337
OTL-Control,H,0.336
OTL-Control,H,0.336
OTL-Control,H,0.336
OTL-Control,H,0.336
OTL-Control,H,0.336
OTL-Control,H,0.336
OTL-Control,H,0.336
OTL-Control,H,0.337
OTL-Control,H,0.338
OTL-Control,H,0.338
OTL-Control,H,0.338
OTL-Control,H,0.338
OTL-Control,H,0.338
OTL-Control,H,0.337
OTL-Control,H,0.336
OTL-Control,H,0.336
OTL-Control,H,0.335
OTL-Control,H,0.335
OTL-Control,H,0.335
OTL-Control,H,0.356
OTL-Control,H,0.365
OTL-Control,H,0.363
OTL-Control,H,0.363
OTL-Control,H,0.361
OTL-Control,H,0.352
OTL-Control,H,0.351
OTL-Control,H,0.351
OTL-Control,H,0.351
OTL-Control,H,0.351
OTL-Control,H,0.352
OTL-Control,H,0.352
OTL-Control,H,0.353
OTL-Control,H,0.353
OTL-Control,H,0.352
OTL-Control,H,0.352
OTL-Control,H,0.352
OTL-Control,H,0.351
OTL-Control,H,0.349
OTL-Control,H,0.349
OTL-Control,H,0.348
OTL-Control,H,0.347
OTL-Control,H,0.346
OTL-Control,H,0.345
OTL-Control,H,0.345
OTL-Control,H,0.344
OTL-Control,H,0.344
OTL-Control,H,0.343
OTL-Control,H,0.343
OTL-Control,H,0.343
OTL-Control,H,0.343
OTL-Control,H,0.343
OTL-Control,H,0.343
OTL-Control,H,0.344
OTL-Control,H,0.344
OTL-Control,H,0.345
OTL-Control,H,0.346
OTL-Control,H,0.347
OTL-Control,H,0.347
OTL-Control,H,0.347
OTL-Control,H,0.347
OTL-Control,H,0.346
OTL-Control,H,0.345
OTL-Control,H,0.345
OTL-Control,H,0.344
OTL-Control,H,0.344
OTL-Control,H,0.343
OTL-Control,H,0.343
OTL-Control,H,0.344
OTL-Control,H,0.344
OTL-Control,H,0.344
OTL-Control,H,0.343
OTL-Control,H,0.343
OTL-Control,H,0.342
OTL-Control,H,0.342
OTL-Control,H,0.342
OTL-Control,H,0.343
OTL-Control,H,0.344
OTL-Control,H,0.345
OTL-Control,H,0.347
OTL-Control,H,0.347
OTL-Control,H,0.347
OTL-Control,H,0.347
OTL-Control,H,0.347
OTL-Control,H,0.346
OTL-Control,H,0.345
OTL-Control,H,0.345
OTL-Control,H,0.344
OTL-Control,H,0.343
OTL-Control,H,0.343
OTL-Control,H,0.342
OTL-Control,H,0.342
OTL-Control,H,0.342
OTL-Control,H,0.341
OTL-Control,H,0.341
OTL-Control,H,0.341
OTL-Control,H,0.341
OTL-Control,H,0.341
OTL-Control,H,0.342
OTL-Control,H,0.342
OTL-Control,H,0.343
OTL-Control,H,0.345
OTL-Control,H,0.346
OTL-Control,H,0.347
OTL-Control,H,0.349
OTL-Control,H,0.349
OTL-Control,H,0.349
OTL-Control,H,0.349
OTL-Control,H,0.349
OTL-Control,H,0.348
OTL-Control,H,0.347
OTL-Control,H,0.346
OTL-Control,H,0.345
OTL-Control,H,0.344
OTL-Control,H,0.344
OTL-Control,H,0.343
OTL-Control,H,0.342
OTL-Control,H,0.342
OTL-Control,H,0.341
OTL-Control,H,0.341
OTL-Control,H,0.340
OTL-Control,H,0.340
OTL-Control,H,0.340
OTL-Control,H,0.340
OTL-Control,H,0.341
OTL-Control,H,0.341
OTL-Control,H,0.341
OTL-Control,H,0.341
OTL-Control,H,0.346
OTL-Control,H,0.365
OTL-Control,H,0.366
OTL-Control,H,0.367
OTL-Control,H,0.368
OTL-Control,H,0.368
OTL-Control,H,0.368
OTL-Control,H,0.368
OTL-Control,H,0.368
OTL-Control,H,0.368
OTL-Control,H,0.368
OTL-Control,H,0.369
OTL-Control,H,0.369
OTL-Control,H,0.369
OTL-Control,H,0.369
OTL-Control,H,0.369
OTL-Control,H,0.369
OTL-Control,H,0.370
OTL-Control,H,0.370
OTL-Control,H,0.370
OTL-Control,H,0.370
OTL-Control,H,0.370
OTL-Control,H,0.370
OTL-Control,H,0.371
OTL-Control,H,0.371
OTL-Control,H,0.369
OTL-Control,H,0.369
OTL-Control,H,0.368
OTL-Control,H,0.368
OTL-Control,H,0.366
OTL-Control,H,0.365
OTL-Control,H,0.364
OTL-Control,H,0.362
OTL-Control,H,0.358
OTL-Control,H,0.357
OTL-Control,H,0.356
OTL-Control,H,0.355
OTL-Control,H,0.354
OTL-Control,H,0.354
OTL-Control,H,0.353
OTL-Control,H,0.353
OTL-Control,H,0.352
OTL-Control,H,0.352
OTL-Control,H,0.352
OTL-Control,H,0.352
OTL-Control,H,0.352
OTL-Control,H,0.354
OTL-Control,H,0.358
OTL-Control,H,0.361
OTL-Control,H,0.363
OTL-Control,H,0.364
OTL-Control,H,0.364
OTL-Control,H,0.363
OTL-Control,H,0.361
OTL-Control,H,0.360
OTL-Control,H,0.359
OTL-Control,H,0.358
OTL-Control,H,0.358
OTL-Control,H,0.357
OTL-Control,H,0.357
OTL-Control,H,0.356
OTL-Control,H,0.356
OTL-Control,H,0.356
OTL-Control,H,0.355
OTL-Control,H,0.355
OTL-Control,H,0.355
OTL-Control,H,0.355
OTL-Control,H,0.355
OTL-Control,H,0.355
OTL-Control,H,0.356
OTL-Control,H,0.356
OTL-Control,H,0.360
OTL-Control,H,0.365
OTL-Control,H,0.366
OTL-Control,H,0.366
OTL-Control,H,0.365
OTL-Control,H,0.365
OTL-Control,H,0.364
OTL-Control,H,0.363
OTL-Control,H,0.363
OTL-Control,H,0.363
OTL-Control,H,0.362
OTL-Control,H,0.362
OTL-Control,H,0.362
OTL-Control,H,0.361
OTL-Control,H,0.360
OTL-Control,H,0.359
OTL-Control,H,0.359
OTL-Control,H,0.358
OTL-Control,H,0.358
OTL-Control,H,0.357
OTL-Control,H,0.357
OTL-Control,H,0.358
OTL-Control,H,0.358
OTL-Control,H,0.359
OTL-Control,H,0.359
OTL-Control,H,0.360
OTL-Control,H,0.361
OTL-Control,H,0.361
OTL-Control,H,0.361
OTL-Control,H,0.360
OTL-Control,H,0.359
OTL-Control,H,0.359
OTL-Control,H,0.358
OTL-Control,H,0.357
OTL-Control,H,0.357
OTL-Control,H,0.356
OTL-Control,H,0.356
OTL-Control,H,0.356
OTL-Control,H,0.355
OTL-Control,H,0.355
OTL-Control,H,0.355
OTL-Control,H,0.355
OTL-Control,H,0.358
OTL-Control,H,0.363
OTL-Control,H,0.376
OTL-Control,H,0.387
OTL-Control,H,0.387
OTL-Control,H,0.388
OTL-Control,H,0.388
OTL-Control,H,0.389
OTL-Control,H,0.389
OTL-Control,H,0.390
OTL-Control,H,0.390
OTL-Control,H,0.390
OTL-Control,H,0.389
OTL-Control,H,0.389
OTL-Control,H,0.382
OTL-Control,H,0.378
OTL-Control,H,0.378
OTL-Control,H,0.377
OTL-Control,H,0.376
OTL-Control,H,0.375
OTL-Control,H,0.375
OTL-Control,H,0.374
OTL-Control,H,0.373
OTL-Control,H,0.373
OTL-Control,H,0.363
OTL-Control,H,0.361
OTL-Control,H,0.361
OTL-Control,H,0.361
OTL-Control,H,0.362
OTL-Control,H,0.362
OTL-Control,H,0.363
OTL-Control,H,0.363
OTL-Control,H,0.363
OTL-Control,H,0.362
OTL-Control,H,0.362
OTL-Control,H,0.361
OTL-Control,H,0.360
OTL-Control,H,0.359
OTL-Control,H,0.358
OTL-Control,H,0.357
OTL-Control,H,0.356
OTL-Control,H,0.355
OTL-Control,H,0.354
OTL-Control,H,0.354
OTL-Control,H,0.353
OTL-Control,H,0.352
OTL-Control,H,0.352
OTL-Control,H,0.351
OTL-Control,H,0.351
OTL-Control,H,0.350
OTL-Control,H,0.350
OTL-Control,H,0.351
OTL-Control,H,0.352
OTL-Control,H,0.352
OTL-Control,H,0.353
OTL-Control,H,0.355
OTL-Control,H,0.356
OTL-Control,H,0.356
OTL-Control,H,0.356
OTL-Control,H,0.356
OTL-Control,H,0.355
OTL-Control,H,0.354
OTL-Control,H,0.353
OTL-Control,H,0.352
OTL-Control,H,0.352
OTL-Control,H,0.351
OTL-Control,H,0.350
OTL-Control,H,0.349
OTL-Control,H,0.349
OTL-Control,H,0.348
OTL-Control,H,0.348
OTL-Control,H,0.347
OTL-Control,H,0.347
OTL-Control,H,0.346
OTL-Control,H,0.347
OTL-Control,H,0.347
OTL-Control,H,0.348
OTL-Control,H,0.349
OTL-Control,H,0.351
OTL-Control,H,0.352
OTL-Control,H,0.353
OTL-Control,H,0.353
OTL-Control,H,0.353
OTL-Control,H,0.353
OTL-Control,H,0.352
OTL-Control,H,0.351
OTL-Control,H,0.350
OTL-Control,H,0.349
OTL-Control,H,0.349
OTL-Control,H,0.348
OTL-Control,H,0.347
OTL-Control,H,0.346
OTL-Control,H,0.346
OTL-Control,H,0.345
OTL-Control,H,0.345
OTL-Control,H,0.344
OTL-Control,H,0.343
OTL-Control,H,0.343
OTL-Control,H,0.343
OTL-Control,H,0.344
OTL-Control,H,0.345
OTL-Control,H,0.346
OTL-Control,H,0.347
OTL-Control,H,0.347
OTL-Control,H,0.348
OTL-Control,H,0.348
OTL-Control,H,0.348
OTL-Control,H,0.347
OTL-Control,H,0.347
OTL-Control,H,0.346
OTL-Control,H,0.346
OTL-Control,H,0.345
OTL-Control,H,0.345
OTL-Control,H,0.344
OTL-Control,H,0.344
OTL-Control,H,0.344
OTL-Control,H,0.343
OTL-Control,H,0.343
OTL-Control,H,0.343
OTL-Control,H,0.343
OTL-Control,H,0.345
OTL-Control,H,0.347
OTL-Control,H,0.351
OTL-Control,H,0.354
OTL-Control,H,0.355
OTL-Control,H,0.356
OTL-Control,H,0.356
OTL-Control,H,0.357
OTL-Control,H,0.357
OTL-Control,H,0.357
OTL-Control,H,0.357
OTL-Control,H,0.356
OTL-Control,H,0.356
OTL-Control,H,0.355
OTL-Control,H,0.355
OTL-Control,H,0.354
OTL-Control,H,0.354
OTL-Control,H,0.353
OTL-Control,H,0.353
OTL-Control,H,0.353
OTL-Control,H,0.352
OTL-Control,H,0.352
OTL-Control,H,0.352
OTL-Control,H,0.351
OTL-Control,H,0.351
OTL-Control,H,0.350
OTL-Control,H,0.351
OTL-Control,H,0.351
OTL-Control,H,0.352
OTL-Control,H,0.353
OTL-Control,H,0.355
OTL-Control,H,0.356
OTL-Control,H,0.356
OTL-Control,H,0.356
OTL-Control,H,0.356
OTL-Control,H,0.355
OTL-Control,H,0.355
OTL-Control,H,0.353
OTL-Control,H,0.353
OTL-Control,H,0.352
OTL-Control,H,0.351
OTL-Control,H,0.351
OTL-Control,H,0.350
OTL-Control,H,0.350
OTL-Control,H,0.350
OTL-Control,H,0.349
OTL-Control,H,0.349
OTL-Control,H,0.349
OTL-Control,H,0.348
OTL-Control,H,0.351
OTL-Control,H,0.365
OTL-Control,H,0.371
OTL-Control,H,0.372
OTL-Control,H,0.372
OTL-Control,H,0.372
OTL-Control,H,0.372
OTL-Control,H,0.373
OTL-Control,H,0.373
OTL-Control,H,0.373
OTL-Control,H,0.373
OTL-Control,H,0.374
OTL-Control,H,0.374
OTL-Control,H,0.374
OTL-Control,H,0.374
OTL-Control,H,0.374
OTL-Control,H,0.375
OTL-Control,H,0.375
OTL-Control,H,0.375
OTL-Control,H,0.375
OTL-Control,H,0.375
OTL-Control,H,0.375
OTL-Control,H,0.375
OTL-Control,H,0.375
OTL-Control,H,0.375
OTL-Control,H,0.376
OTL-Control,H,0.376
OTL-Control,H,0.377
OTL-Control,H,0.377
OTL-Control,H,0.377
OTL-Control,H,0.378
OTL-Control,H,0.378
OTL-Control,H,0.379
OTL-Control,H,0.378
OTL-Control,H,0.377
OTL-Control,H,0.377
OTL-Control,H,0.376
OTL-Control,H,0.376
OTL-Control,H,0.375
OTL-Control,H,0.374
OTL-Control,H,0.374
OTL-Control,H,0.374
OTL-Control,H,0.373
OTL-Control,H,0.366
OTL-Control,H,0.363
OTL-Control,H,0.362
OTL-Control,H,0.361
OTL-Control,H,0.360
OTL-Control,H,0.360
OTL-Control,H,0.360
OTL-Control,H,0.360
OTL-Control,H,0.361
OTL-Control,H,0.362
OTL-Control,H,0.363
OTL-Control,H,0.364
OTL-Control,H,0.365
OTL-Control,H,0.364
OTL-Control,H,0.364
OTL-Control,H,0.363
OTL-Control,H,0.361
OTL-Control,H,0.360
OTL-Control,H,0.358
OTL-Control,H,0.357
OTL-Control,H,0.356
OTL-Control,H,0.356
OTL-Control,H,0.355
OTL-Control,H,0.354
OTL-Control,H,0.354
OTL-Control,H,0.353
OTL-Control,H,0.352
OTL-Control,H,0.351
OTL-Control,H,0.351
OTL-Control,H,0.351
OTL-Control,H,0.351
OTL-Control,H,0.351
OTL-Control,H,0.353
OTL-Control,H,0.354
OTL-Control,H,0.355
OTL-Control,H,0.356
OTL-Control,H,0.357
OTL-Control,H,0.357
OTL-Control,H,0.357
OTL-Control,H,0.356
OTL-Control,H,0.355
OTL-Control,H,0.354
OTL-Control,H,0.353
OTL-Control,H,0.352
OTL-Control,H,0.351
OTL-Control,H,0.351
OTL-Control,H,0.350
OTL-Control,H,0.349
OTL-Control,H,0.349
OTL-Control,H,0.348
OTL-Control,H,0.348
OTL-Control,H,0.347
OTL-Control,H,0.346
OTL-Control,H,0.346
OTL-Control,H,0.346
OTL-Control,H,0.347
OTL-Control,H,0.347
OTL-Control,H,0.348
OTL-Control,H,0.350
OTL-Control,H,0.351
OTL-Control,H,0.352
OTL-Control,H,0.352
OTL-Control,H,0.352
OTL-Control,H,0.352
OTL-Control,H,0.351
OTL-Control,H,0.350
OTL-Control,H,0.349
OTL-Control,H,0.348
OTL-Control,H,0.347
OTL-Control,H,0.346
OTL-Control,H,0.345
OTL-Control,H,0.344
OTL-Control,H,0.344
OTL-Control,H,0.343
OTL-Control,H,0.342
OTL-Control,H,0.342
OTL-Control,H,0.341
OTL-Control,H,0.341
OTL-Control,H,0.341
OTL-Control,H,0.342
OTL-Control,H,0.343
OTL-Control,H,0.344
OTL-Control,H,0.345
OTL-Control,H,0.347
OTL-Control,H,0.348
OTL-Control,H,0.349
OTL-Control,H,0.349
OTL-Control,H,0.348
OTL-Control,H,0.347
OTL-Control,H,0.346
OTL-Control,H,0.344
OTL-Control,H,0.343
OTL-Control,H,0.342
OTL-Control,H,0.341
OTL-Control,H,0.340
OTL-Control,H,0.339
OTL-Control,H,0.339
OTL-Control,H,0.338
OTL-Control,H,0.337
OTL-Control,H,0.337
OTL-Control,H,0.336
OTL-Control,H,0.336
OTL-Control,H,0.336
OTL-Control,H,0.337
OTL-Control,H,0.339
OTL-Control,H,0.340
OTL-Control,H,0.342
OTL-Control,H,0.344
OTL-Control,H,0.345
OTL-Control,H,0.345
OTL-Control,H,0.345
OTL-Control,H,0.344
OTL-Control,H,0.343
OTL-Control,H,0.342
OTL-Control,H,0.341
OTL-Control,H,0.340
OTL-Control,H,0.340
OTL-Control,H,0.339
OTL-Control,H,0.338
OTL-Control,H,0.338
OTL-Control,H,0.337
OTL-Control,H,0.337
OTL-Control,H,0.336
OTL-Control,H,0.336
OTL-Control,H,0.335
OTL-Control,H,0.335
OTL-Control,H,0.337
OTL-Control,H,0.355
OTL-Control,H,0.362
OTL-Control,H,0.363
OTL-Control,H,0.363
OTL-Control,H,0.363
OTL-Control,H,0.363
OTL-Control,H,0.363
OTL-Control,H,0.362
OTL-Control,H,0.361
OTL-Control,H,0.361
OTL-Control,H,0.359
OTL-Control,H,0.358
OTL-Control,H,0.357
OTL-Control,H,0.355
OTL-Control,H,0.353
OTL-Control,H,0.352
OTL-Control,H,0.352
OTL-Control,H,0.351
OTL-Control,H,0.351
OTL-Control,H,0.351
OTL-Control,H,0.355
OTL-Control,H,0.362
OTL-Control,H,0.363
OTL-Control,H,0.364
OTL-Control,H,0.364
OTL-Control,H,0.364
OTL-Control,H,0.365
OTL-Control,H,0.365
OTL-Control,H,0.365
OTL-Control,H,0.366
OTL-Control,H,0.366
OTL-Control,H,0.366
OTL-Control,H,0.366
OTL-Control,H,0.366
OTL-Control,H,0.366
OTL-Control,H,0.366
OTL-Control,H,0.366
OTL-Control,H,0.366
OTL-Control,H,0.366
OTL-Control,H,0.366
OTL-Control,H,0.366
OTL-Control,H,0.366
OTL-Control,H,0.366
OTL-Control,H,0.366
OTL-Control,H,0.366
OTL-Control,H,0.366
OTL-Control,H,0.366
OTL-Control,H,0.366
OTL-Control,H,0.367
OTL-Control,H,0.368
OTL-Control,H,0.370
OTL-Control,H,0.371
OTL-Control,H,0.372
OTL-Control,H,0.372
OTL-Control,H,0.372
OTL-Control,H,0.371
OTL-Control,H,0.370
OTL-Control,H,0.369
OTL-Control,H,0.364
OTL-Control,H,0.362
OTL-Control,H,0.360
OTL-Control,H,0.359
OTL-Control,H,0.358
OTL-Control,H,0.357
OTL-Control,H,0.356
OTL-Control,H,0.355
OTL-Control,H,0.354
OTL-Control,H,0.353
OTL-Control,H,0.353
OTL-Control,H,0.352
OTL-Control,H,0.352
OTL-Control,H,0.352
OTL-Control,H,0.353
OTL-Control,H,0.355
OTL-Control,H,0.356
OTL-Control,H,0.357
OTL-Control,H,0.358
OTL-Control,H,0.358
OTL-Control,H,0.359
OTL-Control,H,0.358
OTL-Control,H,0.358
OTL-Control,H,0.357
OTL-Control,H,0.356
OTL-Control,H,0.355
OTL-Control,H,0.353
OTL-Control,H,0.353
OTL-Control,H,0.352
OTL-Control,H,0.351
OTL-Control,H,0.350
OTL-Control,H,0.350
OTL-Control,H,0.349
OTL-Control,H,0.349
OTL-Control,H,0.348
OTL-Control,H,0.348
OTL-Control,H,0.348
OTL-Control,H,0.348
OTL-Control,H,0.349
OTL-Control,H,0.351
OTL-Control,H,0.353
OTL-Control,H,0.355
OTL-Control,H,0.356
OTL-Control,H,0.358
OTL-Control,H,0.358
OTL-Control,H,0.358
OTL-Control,H,0.358
OTL-Control,H,0.357
OTL-Control,H,0.355
OTL-Control,H,0.354
OTL-Control,H,0.353
OTL-Control,H,0.352
OTL-Control,H,0.351
OTL-Control,H,0.350
OTL-Control,H,0.350
OTL-Control,H,0.349
OTL-Control,H,0.349
OTL-Control,H,0.348
OTL-Control,H,0.348
OTL-Control,H,0.347
OTL-Control,H,0.347
OTL-Control,H,0.347
OTL-Control,H,0.348
OTL-Control,H,0.350
OTL-Control,H,0.351
OTL-Control,H,0.353
OTL-Control,H,0.355
OTL-Control,H,0.356
OTL-Control,H,0.356
OTL-Control,H,0.356
OTL-Control,H,0.355
OTL-Control,H,0.353
OTL-Control,H,0.352
OTL-Control,H,0.350
OTL-Control,H,0.349
OTL-Control,H,0.348
OTL-Control,H,0.347
OTL-Control,H,0.346
OTL-Control,H,0.345
OTL-Control,H,0.344
OTL-Control,H,0.343
OTL-Control,H,0.343
OTL-Control,H,0.342
OTL-Control,H,0.341
OTL-Control,H,0.341
OTL-Control,H,0.341
OTL-Control,H,0.342
OTL-Control,H,0.343
OTL-Control,H,0.344
OTL-Control,H,0.346
OTL-Control,H,0.347
OTL-Control,H,0.348
OTL-Control,H,0.349
OTL-Control,H,0.349
OTL-Control,H,0.348
OTL-Control,H,0.347
OTL-Control,H,0.346
OTL-Control,H,0.344
OTL-Control,H,0.343
OTL-Control,H,0.342
OTL-Control,H,0.341
OTL-Control,H,0.340
OTL-Control,H,0.339
OTL-Control,H,0.338
OTL-Control,H,0.337
OTL-Control,H,0.337
OTL-Control,H,0.336
OTL-Control,H,0.335
OTL-Control,H,0.335
OTL-Control,H,0.336
OTL-Control,H,0.337
OTL-Control,H,0.338
OTL-Control,H,0.339
OTL-Control,H,0.341
OTL-Control,H,0.342
OTL-Control,H,0.343
OTL-Control,H,0.344
OTL-Control,H,0.344
OTL-Control,H,0.343
OTL-Control,H,0.342
OTL-Control,H,0.340
OTL-Control,H,0.339
OTL-Control,H,0.337
OTL-Control,H,0.336
OTL-Control,H,0.335
OTL-Control,H,0.334
OTL-Control,H,0.333
OTL-Control,H,0.332
OTL-Control,H,0.331
OTL-Control,H,0.331
OTL-Control,H,0.330
OTL-Control,H,0.329
OTL-Control,H,0.329
OTL-Control,H,0.330
OTL-Control,H,0.331
OTL-Control,H,0.332
OTL-Control,H,0.334
OTL-Control,H,0.336
OTL-Control,H,0.338
OTL-Control,H,0.339
OTL-Control,H,0.340
OTL-Control,H,0.339
OTL-Control,H,0.338
OTL-Control,H,0.336
OTL-Control,H,0.335
OTL-Control,H,0.333
OTL-Control,H,0.331
OTL-Control,H,0.330
OTL-Control,H,0.329
OTL-Control,H,0.328
OTL-Control,H,0.327
OTL-Control,H,0.326
OTL-Control,H,0.325
OTL-Control,H,0.324
OTL-Control,H,0.323
OTL-Control,H,0.323
OTL-Control,H,0.323
OTL-Control,H,0.323
OTL-Control,H,0.325
OTL-Control,H,0.326
OTL-Control,H,0.328
OTL-Control,H,0.330
OTL-Control,H,0.331
OTL-Control,H,0.331
OTL-Control,H,0.331
OTL-Control,H,0.330
OTL-Control,H,0.329
OTL-Control,H,0.327
OTL-Control,H,0.326
OTL-Control,H,0.325
OTL-Control,H,0.324
OTL-Control,H,0.323
OTL-Control,H,0.322
OTL-Control,H,0.321
OTL-Control,H,0.320
OTL-Control,H,0.320
OTL-Control,H,0.320
OTL-Control,H,0.319
OTL-Control,H,0.319
OTL-Control,H,0.319
OTL-Control,H,0.319
OTL-Control,H,0.319
OTL-Control,H,0.320
OTL-Control,H,0.320
OTL-Control,H,0.321
OTL-Control,H,0.321
OTL-Control,H,0.321
OTL-Control,H,0.322
OTL-Control,H,0.322
OTL-Control,H,0.323
OTL-Control,H,0.323
OTL-Control,H,0.322
OTL-Control,H,0.321
OTL-Control,H,0.321
OTL-Control,H,0.320
OTL-Control,H,0.320
OTL-Control,H,0.319
OTL-Control,H,0.319
OTL-Control,H,0.318
OTL-Control,H,0.318
OTL-Control,H,0.318
OTL-Control,H,0.317
OTL-Control,H,0.317
OTL-Control,H,0.317
OTL-Control,H,0.317
OTL-Control,H,0.318
OTL-Control,H,0.319
OTL-Control,H,0.321
OTL-Control,H,0.323
OTL-Control,H,0.325
OTL-Control,H,0.326
OTL-Control,H,0.328
OTL-Control,H,0.329
OTL-Control,H,0.329
OTL-Control,H,0.329
OTL-Control,H,0.328
OTL-Control,H,0.326
OTL-Control,H,0.325
OTL-Control,H,0.324
OTL-Control,H,0.323
OTL-Control,H,0.322
OTL-Control,H,0.321
OTL-Control,H,0.320
OTL-Control,H,0.319
OTL-Control,H,0.318
OTL-Control,H,0.318
OTL-Control,H,0.317
OTL-Control,H,0.317
OTL-Control,H,0.317
OTL-Control,H,0.318
OTL-Control,H,0.319
OTL-Control,H,0.321
OTL-Control,H,0.323
OTL-Control,H,0.325
OTL-Control,H,0.328
OTL-Control,H,0.329
OTL-Control,H,0.330
OTL-Control,H,0.331
OTL-Control,H,0.330
OTL-Control,H,0.328
OTL-Control,H,0.326
OTL-Control,H,0.325
OTL-Control,H,0.323
OTL-Control,H,0.322
OTL-Control,H,0.320
OTL-Control,H,0.319
OTL-Control,H,0.318
OTL-Control,H,0.317
OTL-Control,H,0.316
OTL-Control,H,0.315
OTL-Control,H,0.314
OTL-Control,H,0.313
OTL-Control,H,0.313
OTL-Control,H,0.314
OTL-Control,H,0.316
OTL-Control,H,0.320
OTL-Control,H,0.322
OTL-Control,H,0.324
OTL-Control,H,0.326
OTL-Control,H,0.327
OTL-Control,H,0.327
OTL-Control,H,0.327
OTL-Control,H,0.325
OTL-Control,H,0.323
OTL-Control,H,0.321
OTL-Control,H,0.319
OTL-Control,H,0.317
OTL-Control,H,0.315
OTL-Control,H,0.314
OTL-Control,H,0.313
OTL-Control,H,0.311
OTL-Control,H,0.310
OTL-Control,H,0.310
OTL-Control,H,0.309
OTL-Control,H,0.308
OTL-Control,H,0.308
OTL-Control,H,0.308
OTL-Control,H,0.309
OTL-Control,H,0.310
OTL-Control,H,0.312
OTL-Control,H,0.314
OTL-Control,H,0.317
OTL-Control,H,0.319
OTL-Control,H,0.320
OTL-Control,H,0.320
OTL-Control,H,0.319
OTL-Control,H,0.318
OTL-Control,H,0.316
OTL-Control,H,0.313
OTL-Control,H,0.311
OTL-Control,H,0.309
OTL-Control,H,0.307
OTL-Control,H,0.306
OTL-Control,H,0.304
OTL-Control,H,0.303
OTL-Control,H,0.301
OTL-Control,H,0.300
OTL-Control,H,0.299
OTL-Control,H,0.298
OTL-Control,H,0.298
OTL-Control,H,0.298
OTL-Control,H,0.299
OTL-Control,H,0.300
OTL-Control,H,0.302
OTL-Control,H,0.304
OTL-Control,H,0.306
OTL-Control,H,0.308
OTL-Control,H,0.310
OTL-Control,H,0.310
OTL-Control,H,0.310
OTL-Control,H,0.309
OTL-Control,H,0.307
OTL-Control,H,0.305
OTL-Control,H,0.304
OTL-Control,H,0.302
OTL-Control,H,0.300
OTL-Control,H,0.299
OTL-Control,H,0.297
OTL-Control,H,0.296
OTL-Control,H,0.295
OTL-Control,H,0.294
OTL-Control,H,0.293
OTL-Control,H,0.292
OTL-Control,H,0.291
OTL-Control,H,0.291
OTL-Control,H,0.292
OTL-Control,H,0.293
OTL-Control,H,0.294
OTL-Control,H,0.296
OTL-Control,H,0.298
OTL-Control,H,0.299
OTL-Control,H,0.300
OTL-Control,H,0.301
OTL-Control,H,0.301
OTL-Control,H,0.300
OTL-Control,H,0.298
OTL-Control,H,0.297
OTL-Control,H,0.295
OTL-Control,H,0.293
OTL-Control,H,0.292
OTL-Control,H,0.291
OTL-Control,H,0.289
OTL-Control,H,0.288
OTL-Control,H,0.287
OTL-Control,H,0.286
OTL-Control,H,0.286
OTL-Control,H,0.285
OTL-Control,H,0.284
OTL-Control,H,0.284
OTL-Control,H,0.285
OTL-Control,H,0.286
OTL-Control,H,0.287
OTL-Control,H,0.289
OTL-Control,H,0.291
OTL-Control,H,0.294
OTL-Control,H,0.296
OTL-Control,H,0.297
OTL-Control,H,0.297
OTL-Control,H,0.296
OTL-Control,H,0.294
OTL-Control,H,0.292
OTL-Control,H,0.290
OTL-Control,H,0.288
OTL-Control,H,0.287
OTL-Control,H,0.286
OTL-Control,H,0.284
OTL-Control,H,0.283
OTL-Control,H,0.282
OTL-Control,H,0.282
OTL-Control,H,0.281
OTL-Control,H,0.280
OTL-Control,H,0.279
OTL-Control,H,0.279
OTL-Control,H,0.280
OTL-Control,H,0.282
OTL-Control,H,0.284
OTL-Control,H,0.286
OTL-Control,H,0.289
OTL-Control,H,0.291
OTL-Control,H,0.292
OTL-Control,H,0.293
OTL-Control,H,0.293
OTL-Control,H,0.292
OTL-Control,H,0.290
OTL-Control,H,0.288
OTL-Control,H,0.286
OTL-Control,H,0.285
OTL-Control,H,0.283
OTL-Control,H,0.282
OTL-Control,H,0.281
OTL-Control,H,0.280
OTL-Control,H,0.279
OTL-Control,H,0.278
OTL-Control,H,0.277
OTL-Control,H,0.276
OTL-Control,H,0.275
OTL-Control,H,0.276
OTL-Control,H,0.277
OTL-Control,H,0.278
OTL-Control,H,0.280
OTL-Control,H,0.282
OTL-Control,H,0.284
OTL-Control,H,0.287
OTL-Control,H,0.288
OTL-Control,H,0.288
OTL-Control,H,0.288
OTL-Control,H,0.287
OTL-Control,H,0.285
OTL-Control,H,0.283
OTL-Control,H,0.282
OTL-Control,H,0.281
OTL-Control,H,0.279
OTL-Control,H,0.278
OTL-Control,H,0.277
OTL-Control,H,0.276
OTL-Control,H,0.275
OTL-Control,H,0.274
OTL-Control,H,0.273
OTL-Control,H,0.273
OTL-Control,H,0.272
OTL-Control,H,0.272
OTL-Control,H,0.273
OTL-Control,H,0.274
OTL-Control,H,0.275
OTL-Control,H,0.276
OTL-Control,H,0.277
OTL-Control,H,0.279
OTL-Control,H,0.280
OTL-Control,H,0.280
OTL-Control,H,0.280
OTL-Control,H,0.279
OTL-Control,H,0.277
OTL-Control,H,0.276
OTL-Control,H,0.275
OTL-Control,H,0.274
OTL-Control,H,0.273
OTL-Control,H,0.272
OTL-Control,H,0.271
OTL-Control,H,0.270
OTL-Control,H,0.270
OTL-Control,H,0.269
OTL-Control,H,0.268
OTL-Control,H,0.267
OTL-Control,H,0.267
OTL-Control,H,0.267
OTL-Control,H,0.268
OTL-Control,H,0.269
OTL-Control,H,0.271
OTL-Control,H,0.273
OTL-Control,H,0.275
OTL-Control,H,0.277
OTL-Control,H,0.278
OTL-Control,H,0.278
OTL-Control,H,0.278
OTL-Control,H,0.277
OTL-Control,H,0.275
OTL-Control,H,0.273
OTL-Control,H,0.272
OTL-Control,H,0.270
OTL-Control,H,0.269
OTL-Control,H,0.268
OTL-Control,H,0.267
OTL-Control,H,0.266
OTL-Control,H,0.265
OTL-Control,H,0.264
OTL-Control,H,0.263
OTL-Control,H,0.262
OTL-Control,H,0.262
OTL-Control,H,0.262
OTL-Control,H,0.263
OTL-Control,H,0.264
OTL-Control,H,0.266
OTL-Control,H,0.268
OTL-Control,H,0.270
OTL-Control,H,0.272
OTL-Control,H,0.273
OTL-Control,H,0.274
OTL-Control,H,0.274
OTL-Control,H,0.273
OTL-Control,H,0.271
OTL-Control,H,0.269
OTL-Control,H,0.268
OTL-Control,H,0.266
OTL-Control,H,0.265
OTL-Control,H,0.264
OTL-Control,H,0.262
OTL-Control,H,0.262
OTL-Control,H,0.261
OTL-Control,H,0.260
OTL-Control,H,0.259
OTL-Control,H,0.258
OTL-Control,H,0.258
OTL-Control,H,0.258
OTL-Control,H,0.259
OTL-Control,H,0.261
OTL-Control,H,0.263
OTL-Control,H,0.265
OTL-Control,H,0.267
OTL-Control,H,0.269
OTL-Control,H,0.271
OTL-Control,H,0.271
OTL-Control,H,0.271
OTL-Control,H,0.270
OTL-Control,H,0.269
OTL-Control,H,0.267
OTL-Control,H,0.266
OTL-Control,H,0.264
OTL-Control,H,0.263
OTL-Control,H,0.261
OTL-Control,H,0.261
OTL-Control,H,0.260
OTL-Control,H,0.259
OTL-Control,H,0.258
OTL-Control,H,0.258
OTL-Control,H,0.257
OTL-Control,H,0.257
OTL-Control,H,0.257
OTL-Control,H,0.258
OTL-Control,H,0.260
OTL-Control,H,0.261
OTL-Control,H,0.263
OTL-Control,H,0.265
OTL-Control,H,0.267
OTL-Control,H,0.268
OTL-Control,H,0.268
OTL-Control,H,0.268
OTL-Control,H,0.267
OTL-Control,H,0.265
OTL-Control,H,0.264
OTL-Control,H,0.262
OTL-Control,H,0.261
OTL-Control,H,0.260
OTL-Control,H,0.259
OTL-Control,H,0.258
OTL-Control,H,0.257
OTL-Control,H,0.256
OTL-Control,H,0.256
OTL-Control,H,0.255
OTL-Control,H,0.255
OTL-Control,H,0.255
OTL-Control,H,0.255
OTL-Control,H,0.256
OTL-Control,H,0.257
OTL-Control,H,0.259
OTL-Control,H,0.261
OTL-Control,H,0.263
OTL-Control,H,0.265
OTL-Control,H,0.266
OTL-Control,H,0.267
OTL-Control,H,0.267
OTL-Control,H,0.265
OTL-Control,H,0.262
OTL-Control,H,0.261
OTL-Control,H,0.259
OTL-Control,H,0.257
OTL-Control,H,0.256
OTL-Control,H,0.255
OTL-Control,H,0.254
OTL-Control,H,0.253
OTL-Control,H,0.252
OTL-Control,H,0.251
OTL-Control,H,0.250
OTL-Control,H,0.249
OTL-Control,H,0.249
OTL-Control,H,0.250
OTL-Control,H,0.251
OTL-Control,H,0.253
OTL-Control,H,0.255
OTL-Control,H,0.257
OTL-Control,H,0.260
OTL-Control,H,0.262
OTL-Control,H,0.264
OTL-Control,H,0.264
OTL-Control,H,0.264
OTL-Control,H,0.262
OTL-Control,H,0.260
OTL-Control,H,0.258
OTL-Control,H,0.257
OTL-Control,H,0.255
OTL-Control,H,0.253
OTL-Control,H,0.252
OTL-Control,H,0.251
OTL-Control,H,0.250
OTL-Control,H,0.249
OTL-Control,H,0.248
OTL-Control,H,0.247
OTL-Control,H,0.246
OTL-Control,H,0.246
OTL-Control,H,0.247
OTL-Control,H,0.248
OTL-Control,H,0.250
OTL-Control,H,0.252
OTL-Control,H,0.255
OTL-Control,H,0.257
OTL-Control,H,0.259
OTL-Control,H,0.261
OTL-Control,H,0.261
OTL-Control,H,0.261
OTL-Control,H,0.259
OTL-Control,H,0.257
OTL-Control,H,0.255
OTL-Control,H,0.253
OTL-Control,H,0.252
OTL-Control,H,0.250
OTL-Control,H,0.249
OTL-Control,H,0.247
OTL-Control,H,0.246
OTL-Control,H,0.245
OTL-Control,H,0.244
OTL-Control,H,0.243
OTL-Control,H,0.243
OTL-Control,H,0.243
OTL-Control,H,0.243
OTL-Control,H,0.244
OTL-Control,H,0.246
OTL-Control,H,0.248
OTL-Control,H,0.250
OTL-Control,H,0.252
OTL-Control,H,0.254
OTL-Control,H,0.255
OTL-Control,H,0.256
OTL-Control,H,0.256
OTL-Control,H,0.255
OTL-Control,H,0.253
OTL-Control,H,0.251
OTL-Control,H,0.249
OTL-Control,H,0.247
OTL-Control,H,0.246
OTL-Control,H,0.244
OTL-Control,H,0.243
OTL-Control,H,0.242
OTL-Control,H,0.241
OTL-Control,H,0.240
OTL-Control,H,0.239
OTL-Control,H,0.239
OTL-Control,H,0.238
OTL-Control,H,0.239
OTL-Control,H,0.241
OTL-Control,H,0.243
OTL-Control,H,0.245
OTL-Control,H,0.248
OTL-Control,H,0.251
OTL-Control,H,0.253
OTL-Control,H,0.254
OTL-Control,H,0.255
OTL-Control,H,0.254
OTL-Control,H,0.253
OTL-Control,H,0.251
OTL-Control,H,0.249
OTL-Control,H,0.247
OTL-Control,H,0.245
OTL-Control,H,0.243
OTL-Control,H,0.242
OTL-Control,H,0.241
OTL-Control,H,0.240
OTL-Control,H,0.239
OTL-Control,H,0.238
OTL-Control,H,0.237
OTL-Control,H,0.236
OTL-Control,H,0.236
OTL-Control,H,0.237
OTL-Control,H,0.238
OTL-Control,H,0.240
OTL-Control,H,0.243
OTL-Control,H,0.246
OTL-Control,H,0.249
OTL-Control,H,0.251
OTL-Control,H,0.253
OTL-Control,H,0.253
OTL-Control,H,0.253
OTL-Control,H,0.252
OTL-Control,H,0.249
OTL-Control,H,0.247
OTL-Control,H,0.245
OTL-Control,H,0.243
OTL-Control,H,0.242
OTL-Control,H,0.240
OTL-Control,H,0.239
OTL-Control,H,0.238
OTL-Control,H,0.237
OTL-Control,H,0.236
OTL-Control,H,0.235
OTL-Control,H,0.234
OTL-Control,H,0.234
OTL-Control,H,0.235
OTL-Control,H,0.237
OTL-Control,H,0.239
OTL-Control,H,0.241
OTL-Control,H,0.244
OTL-Control,H,0.247
OTL-Control,H,0.249
OTL-Control,H,0.251
OTL-Control,H,0.251
OTL-Control,H,0.250
OTL-Control,H,0.249
OTL-Control,H,0.246
OTL-Control,H,0.244
OTL-Control,H,0.242
OTL-Control,H,0.240
OTL-Control,H,0.239
OTL-Control,H,0.237
OTL-Control,H,0.236
OTL-Control,H,0.235
OTL-Control,H,0.234
OTL-Control,H,0.233
OTL-Control,H,0.232
OTL-Control,H,0.231
OTL-Control,H,0.231
OTL-Control,H,0.232
OTL-Control,H,0.233
OTL-Control,H,0.236
OTL-Control,H,0.238
OTL-Control,H,0.242
OTL-Control,H,0.245
OTL-Control,H,0.247
OTL-Control,H,0.248
OTL-Control,H,0.248
OTL-Control,H,0.247
OTL-Control,H,0.245
OTL-Control,H,0.243
OTL-Control,H,0.241
OTL-Control,H,0.238
OTL-Control,H,0.237
OTL-Control,H,0.235
OTL-Control,H,0.233
OTL-Control,H,0.232
OTL-Control,H,0.231
OTL-Control,H,0.230
OTL-Control,H,0.229
OTL-Control,H,0.228
OTL-Control,H,0.227
OTL-Control,H,0.227
OTL-Control,H,0.228
OTL-Control,H,0.230
OTL-Control,H,0.232
OTL-Control,H,0.235
OTL-Control,H,0.237
OTL-Control,H,0.239
OTL-Control,H,0.241
OTL-Control,H,0.241
OTL-Control,H,0.241
OTL-Control,H,0.240
OTL-Control,H,0.238
OTL-Control,H,0.235
OTL-Control,H,0.234
OTL-Control,H,0.232
OTL-Control,H,0.230
OTL-Control,H,0.229
OTL-Control,H,0.227
OTL-Control,H,0.227
OTL-Control,H,0.226
OTL-Control,H,0.225
OTL-Control,H,0.224
OTL-Control,H,0.223
OTL-Control,H,0.223
OTL-Control,H,0.223
OTL-Control,H,0.223
OTL-Control,H,0.224
OTL-Control,H,0.224
OTL-Control,H,0.224
OTL-Control,H,0.225
OTL-Control,H,0.225
OTL-Control,H,0.226
OTL-Control,H,0.226
OTL-Control,H,0.226
OTL-Control,H,0.226
OTL-Control,H,0.225
OTL-Control,H,0.225
OTL-Control,H,0.224
OTL-Control,H,0.223
OTL-Control,H,0.223
OTL-Control,H,0.222
OTL-Control,H,0.222
OTL-Control,H,0.221
OTL-Control,H,0.221
OTL-Control,H,0.220
OTL-Control,H,0.220
OTL-Control,H,0.219
OTL-Control,H,0.219
OTL-Control,H,0.219
OTL-Control,H,0.219
OTL-Control,H,0.220
OTL-Control,H,0.220
OTL-Control,H,0.221
OTL-Control,H,0.223
OTL-Control,H,0.223
OTL-Control,H,0.224
OTL-Control,H,0.225
OTL-Control,H,0.226
OTL-Control,H,0.225
OTL-Control,H,0.224
OTL-Control,H,0.223
OTL-Control,H,0.222
OTL-Control,H,0.221
OTL-Control,H,0.220
OTL-Control,H,0.220
OTL-Control,H,0.219
OTL-Control,H,0.219
OTL-Control,H,0.218
OTL-Control,H,0.218
OTL-Control,H,0.218
OTL-Control,H,0.217
OTL-Control,H,0.217
OTL-Control,H,0.217
OTL-Control,H,0.218
OTL-Control,H,0.219
OTL-Control,H,0.221
OTL-Control,H,0.222
OTL-Control,H,0.223
OTL-Control,H,0.224
OTL-Control,H,0.224
OTL-Control,H,0.224
OTL-Control,H,0.224
OTL-Control,H,0.223
OTL-Control,H,0.223
OTL-Control,H,0.222
OTL-Control,H,0.222
OTL-Control,H,0.221
OTL-Control,H,0.220
OTL-Control,H,0.220
OTL-Control,H,0.220
OTL-Control,H,0.219
OTL-Control,H,0.219
OTL-Control,H,0.218
OTL-Control,H,0.218
OTL-Control,H,0.218
OTL-Control,H,0.217
OTL-Control,H,0.217
OTL-Control,H,0.218
OTL-Control,H,0.218
OTL-Control,H,0.218
OTL-Control,H,0.219
OTL-Control,H,0.219
OTL-Control,H,0.219
OTL-Control,H,0.220
OTL-Control,H,0.220
OTL-Control,H,0.220
OTL-Control,H,0.221
OTL-Control,H,0.221
OTL-Control,H,0.220
OTL-Control,H,0.220
OTL-Control,H,0.219
OTL-Control,H,0.219
OTL-Control,H,0.218
OTL-Control,H,0.218
OTL-Control,H,0.217
OTL-Control,H,0.217
OTL-Control,H,0.216
OTL-Control,H,0.216
OTL-Control,H,0.215
OTL-Control,H,0.215
OTL-Control,H,0.215
OTL-Control,H,0.216
OTL-Control,H,0.218
OTL-Control,H,0.219
OTL-Control,H,0.220
OTL-Control,H,0.222
OTL-Control,H,0.223
OTL-Control,H,0.223
OTL-Control,H,0.223
OTL-Control,H,0.223
OTL-Control,H,0.223
OTL-Control,H,0.222
OTL-Control,H,0.222
OTL-Control,H,0.221
OTL-Control,H,0.220
OTL-Control,H,0.219
OTL-Control,H,0.219
OTL-Control,H,0.218
OTL-Control,H,0.218
OTL-Control,H,0.218
OTL-Control,H,0.217
OTL-Control,H,0.217
OTL-Control,H,0.217
OTL-Control,H,0.217
OTL-Control,H,0.217
OTL-Control,H,0.217
OTL-Control,H,0.217
OTL-Control,H,0.219
OTL-Control,H,0.220
OTL-Control,H,0.222
OTL-Control,H,0.223
OTL-Control,H,0.224
OTL-Control,H,0.225
OTL-Control,H,0.226
OTL-Control,H,0.226
OTL-Control,H,0.225
OTL-Control,H,0.224
OTL-Control,H,0.223
OTL-Control,H,0.222
OTL-Control,H,0.222
OTL-Control,H,0.221
OTL-Control,H,0.220
OTL-Control,H,0.220
OTL-Control,H,0.219
OTL-Control,H,0.219
OTL-Control,H,0.218
OTL-Control,H,0.218
OTL-Control,H,0.218
OTL-Control,H,0.218
OTL-Control,H,0.219
OTL-Control,H,0.219
OTL-Control,H,0.221
OTL-Control,H,0.224
OTL-Control,H,0.226
OTL-Control,H,0.228
OTL-Control,H,0.229
OTL-Control,H,0.231
OTL-Control,H,0.232
OTL-Control,H,0.232
OTL-Control,H,0.231
OTL-Control,H,0.230
OTL-Control,H,0.228
OTL-Control,H,0.227
OTL-Control,H,0.226
OTL-Control,H,0.225
OTL-Control,H,0.224
OTL-Control,H,0.223
OTL-Control,H,0.222
OTL-Control,H,0.221
OTL-Control,H,0.221
OTL-Control,H,0.220
OTL-Control,H,0.220
OTL-Control,H,0.220
OTL-Control,H,0.221
OTL-Control,H,0.222
OTL-Control,H,0.223
OTL-Control,H,0.225
OTL-Control,H,0.227
OTL-Control,H,0.229
OTL-Control,H,0.231
OTL-Control,H,0.232
OTL-Control,H,0.232
OTL-Control,H,0.232
OTL-Control,H,0.231
OTL-Control,H,0.230
OTL-Control,H,0.229
OTL-Control,H,0.228
OTL-Control,H,0.227
OTL-Control,H,0.226
OTL-Control,H,0.225
OTL-Control,H,0.224
OTL-Control,H,0.223
OTL-Control,H,0.223
OTL-Control,H,0.222
OTL-Control,H,0.222
OTL-Control,H,0.222
OTL-Control,H,0.222
OTL-Control,H,0.222
OTL-Control,H,0.224
OTL-Control,H,0.226
OTL-Control,H,0.228
OTL-Control,H,0.231
OTL-Control,H,0.233
OTL-Control,H,0.235
OTL-Control,H,0.235
OTL-Control,H,0.236
OTL-Control,H,0.236
OTL-Control,H,0.235
OTL-Control,H,0.233
OTL-Control,H,0.232
OTL-Control,H,0.230
OTL-Control,H,0.229
OTL-Control,H,0.227
OTL-Control,H,0.227
OTL-Control,H,0.226
OTL-Control,H,0.225
OTL-Control,H,0.224
OTL-Control,H,0.224
OTL-Control,H,0.223
OTL-Control,H,0.223
OTL-Control,H,0.223
OTL-Control,H,0.224
OTL-Control,H,0.225
OTL-Control,H,0.227
OTL-Control,H,0.230
OTL-Control,H,0.232
OTL-Control,H,0.234
OTL-Control,H,0.235
OTL-Control,H,0.237
OTL-Control,H,0.237
OTL-Control,H,0.236
OTL-Control,H,0.236
OTL-Control,H,0.234
OTL-Control,H,0.232
OTL-Control,H,0.231
OTL-Control,H,0.229
OTL-Control,H,0.228
OTL-Control,H,0.227
OTL-Control,H,0.226
OTL-Control,H,0.225
OTL-Control,H,0.224
OTL-Control,H,0.223
OTL-Control,H,0.222
OTL-Control,H,0.222
OTL-Control,H,0.222
OTL-Control,H,0.223
OTL-Control,H,0.224
OTL-Control,H,0.227
OTL-Control,H,0.229
OTL-Control,H,0.232
OTL-Control,H,0.235
OTL-Control,H,0.236
OTL-Control,H,0.237
OTL-Control,H,0.238
OTL-Control,H,0.238
OTL-Control,H,0.237
OTL-Control,H,0.236
OTL-Control,H,0.234
OTL-Control,H,0.232
OTL-Control,H,0.230
OTL-Control,H,0.229
OTL-Control,H,0.228
OTL-Control,H,0.227
OTL-Control,H,0.226
OTL-Control,H,0.225
OTL-Control,H,0.225
OTL-Control,H,0.224
OTL-Control,H,0.223
OTL-Control,H,0.224
OTL-Control,H,0.224
OTL-Control,H,0.226
OTL-Control,H,0.228
OTL-Control,H,0.231
OTL-Control,H,0.234
OTL-Control,H,0.236
OTL-Control,H,0.238
OTL-Control,H,0.238
OTL-Control,H,0.239
OTL-Control,H,0.239
OTL-Control,H,0.238
OTL-Control,H,0.237
OTL-Control,H,0.235
OTL-Control,H,0.233
OTL-Control,H,0.231
OTL-Control,H,0.230
OTL-Control,H,0.229
OTL-Control,H,0.228
OTL-Control,H,0.227
OTL-Control,H,0.226
OTL-Control,H,0.225
OTL-Control,H,0.225
OTL-Control,H,0.224
OTL-Control,H,0.224
OTL-Control,H,0.225
OTL-Control,H,0.227
OTL-Control,H,0.229
OTL-Control,H,0.232
OTL-Control,H,0.235
OTL-Control,H,0.237
OTL-Control,H,0.239
OTL-Control,H,0.240
OTL-Control,H,0.240
OTL-Control,H,0.240
OTL-Control,H,0.239
OTL-Control,H,0.237
OTL-Control,H,0.235
OTL-Control,H,0.233
OTL-Control,H,0.232
OTL-Control,H,0.230
OTL-Control,H,0.229
OTL-Control,H,0.228
OTL-Control,H,0.227
OTL-Control,H,0.226
OTL-Control,H,0.225
OTL-Control,H,0.225
OTL-Control,H,0.224
OTL-Control,H,0.225
OTL-Control,H,0.225
OTL-Control,H,0.227
OTL-Control,H,0.229
OTL-Control,H,0.231
OTL-Control,H,0.234
OTL-Control,H,0.236
OTL-Control,H,0.237
OTL-Control,H,0.238
OTL-Control,H,0.238
OTL-Control,H,0.237
OTL-Control,H,0.236
OTL-Control,H,0.234
OTL-Control,H,0.232
OTL-Control,H,0.230
OTL-Control,H,0.229
OTL-Control,H,0.227
OTL-Control,H,0.226
OTL-Control,H,0.225
OTL-Control,H,0.224
OTL-Control,H,0.223
OTL-Control,H,0.222
OTL-Control,H,0.221
OTL-Control,H,0.221
OTL-Control,H,0.221
OTL-Control,H,0.222
OTL-Control,H,0.223
OTL-Control,H,0.225
OTL-Control,H,0.228
OTL-Control,H,0.230
OTL-Control,H,0.232
OTL-Control,H,0.233
OTL-Control,H,0.234
OTL-Control,H,0.234
OTL-Control,H,0.234
OTL-Control,H,0.232
OTL-Control,H,0.230
OTL-Control,H,0.228
OTL-Control,H,0.226
OTL-Control,H,0.225
OTL-Control,H,0.224
OTL-Control,H,0.223
OTL-Control,H,0.221
OTL-Control,H,0.220
OTL-Control,H,0.219
OTL-Control,H,0.218
OTL-Control,H,0.218
OTL-Control,H,0.217
OTL-Control,H,0.217
OTL-Control,H,0.218
OTL-Control,H,0.220
OTL-Control,H,0.223
OTL-Control,H,0.226
OTL-Control,H,0.228
OTL-Control,H,0.230
OTL-Control,H,0.231
OTL-Control,H,0.232
OTL-Control,H,0.233
OTL-Control,H,0.232
OTL-Control,H,0.231
OTL-Control,H,0.229
OTL-Control,H,0.227
OTL-Control,H,0.225
OTL-Control,H,0.223
OTL-Control,H,0.222
OTL-Control,H,0.221
OTL-Control,H,0.220
OTL-Control,H,0.219
OTL-Control,H,0.218
OTL-Control,H,0.217
OTL-Control,H,0.216
OTL-Control,H,0.215
OTL-Control,H,0.215
OTL-Control,H,0.216
OTL-Control,H,0.218
OTL-Control,H,0.221
OTL-Control,H,0.223
OTL-Control,H,0.226
OTL-Control,H,0.228
OTL-Control,H,0.229
OTL-Control,H,0.230
OTL-Control,H,0.230
OTL-Control,H,0.229
OTL-Control,H,0.228
OTL-Control,H,0.226
OTL-Control,H,0.224
OTL-Control,H,0.222
OTL-Control,H,0.220
OTL-Control,H,0.218
OTL-Control,H,0.217
OTL-Control,H,0.216
OTL-Control,H,0.215
OTL-Control,H,0.214
OTL-Control,H,0.212
OTL-Control,H,0.211
OTL-Control,H,0.211
OTL-Control,H,0.211
OTL-Control,H,0.212
OTL-Control,H,0.213
OTL-Control,H,0.216
OTL-Control,H,0.219
OTL-Control,H,0.221
OTL-Control,H,0.223
OTL-Control,H,0.224
OTL-Control,H,0.225
OTL-Control,H,0.225
OTL-Control,H,0.224
OTL-Control,H,0.223
OTL-Control,H,0.221
OTL-Control,H,0.219
OTL-Control,H,0.217
OTL-Control,H,0.216
OTL-Control,H,0.214
OTL-Control,H,0.213
OTL-Control,H,0.212
OTL-Control,H,0.211
OTL-Control,H,0.210
OTL-Control,H,0.210
OTL-Control,H,0.209
OTL-Control,H,0.208
OTL-Control,H,0.209
OTL-Control,H,0.209
OTL-Control,H,0.211
OTL-Control,H,0.214
OTL-Control,H,0.217
OTL-Control,H,0.219
OTL-Control,H,0.221
OTL-Control,H,0.223
OTL-Control,H,0.223
OTL-Control,H,0.223
OTL-Control,H,0.223
OTL-Control,H,0.221
OTL-Control,H,0.219
OTL-Control,H,0.217
OTL-Control,H,0.215
OTL-Control,H,0.213
OTL-Control,H,0.212
OTL-Control,H,0.210
OTL-Control,H,0.209
OTL-Control,H,0.208
OTL-Control,H,0.207
OTL-Control,H,0.207
OTL-Control,H,0.206
OTL-Control,H,0.205
OTL-Control,H,0.205
OTL-Control,H,0.206
OTL-Control,H,0.208
OTL-Control,H,0.210
OTL-Control,H,0.213
OTL-Control,H,0.215
OTL-Control,H,0.216
OTL-Control,H,0.218
OTL-Control,H,0.218
OTL-Control,H,0.218
OTL-Control,H,0.218
OTL-Control,H,0.217
OTL-Control,H,0.215
OTL-Control,H,0.212
OTL-Control,H,0.210
OTL-Control,H,0.209
OTL-Control,H,0.207
OTL-Control,H,0.206
OTL-Control,H,0.205
OTL-Control,H,0.204
OTL-Control,H,0.203
OTL-Control,H,0.202
OTL-Control,H,0.202
OTL-Control,H,0.201
OTL-Control,H,0.201
OTL-Control,H,0.202
OTL-Control,H,0.203
OTL-Control,H,0.206
OTL-Control,H,0.209
OTL-Control,H,0.211
OTL-Control,H,0.213
OTL-Control,H,0.214
OTL-Control,H,0.215
OTL-Control,H,0.215
OTL-Control,H,0.215
OTL-Control,H,0.214
OTL-Control,H,0.212
OTL-Control,H,0.210
OTL-Control,H,0.208
OTL-Control,H,0.206
OTL-Control,H,0.205
OTL-Control,H,0.204
OTL-Control,H,0.202
OTL-Control,H,0.202
OTL-Control,H,0.201
OTL-Control,H,0.200
OTL-Control,H,0.199
OTL-Control,H,0.198
OTL-Control,H,0.199
OTL-Control,H,0.200
OTL-Control,H,0.201
OTL-Control,H,0.204
OTL-Control,H,0.207
OTL-Control,H,0.209
OTL-Control,H,0.211
OTL-Control,H,0.213
OTL-Control,H,0.214
OTL-Control,H,0.214
OTL-Control,H,0.213
OTL-Control,H,0.212
OTL-Control,H,0.210
OTL-Control,H,0.208
OTL-Control,H,0.206
OTL-Control,H,0.204
OTL-Control,H,0.202
OTL-Control,H,0.201
OTL-Control,H,0.200
OTL-Control,H,0.199
OTL-Control,H,0.198
OTL-Control,H,0.197
OTL-Control,H,0.197
OTL-Control,H,0.196
OTL-Control,H,0.196
OTL-Control,H,0.197
OTL-Control,H,0.198
OTL-Control,H,0.200
OTL-Control,H,0.202
OTL-Control,H,0.204
OTL-Control,H,0.205
OTL-Control,H,0.206
OTL-Control,H,0.207
OTL-Control,H,0.207
OTL-Control,H,0.206
OTL-Control,H,0.205
OTL-Control,H,0.203
OTL-Control,H,0.201
OTL-Control,H,0.200
OTL-Control,H,0.198
OTL-Control,H,0.197
OTL-Control,H,0.196
OTL-Control,H,0.195
OTL-Control,H,0.194
OTL-Control,H,0.193
OTL-Control,H,0.193
OTL-Control,H,0.192
OTL-Control,H,0.191
OTL-Control,H,0.192
OTL-Control,H,0.192
OTL-Control,H,0.194
OTL-Control,H,0.196
OTL-Control,H,0.198
OTL-Control,H,0.199
OTL-Control,H,0.201
OTL-Control,H,0.202
OTL-Control,H,0.202
OTL-Control,H,0.202
OTL-Control,H,0.202
OTL-Control,H,0.201
OTL-Control,H,0.199
OTL-Control,H,0.198
OTL-Control,H,0.196
OTL-Control,H,0.195
OTL-Control,H,0.193
OTL-Control,H,0.192
OTL-Control,H,0.191
OTL-Control,H,0.190
OTL-Control,H,0.190
OTL-Control,H,0.189
OTL-Control,H,0.189
OTL-Control,H,0.188
OTL-Control,H,0.188
OTL-Control,H,0.189
OTL-Control,H,0.191
OTL-Control,H,0.193
OTL-Control,H,0.195
OTL-Control,H,0.197
OTL-Control,H,0.198
OTL-Control,H,0.199
OTL-Control,H,0.199
OTL-Control,H,0.199
OTL-Control,H,0.199
OTL-Control,H,0.198
OTL-Control,H,0.196
OTL-Control,H,0.194
OTL-Control,H,0.192
OTL-Control,H,0.191
OTL-Control,H,0.190
OTL-Control,H,0.189
OTL-Control,H,0.189
OTL-Control,H,0.188
OTL-Control,H,0.187
OTL-Control,H,0.187
OTL-Control,H,0.186
OTL-Control,H,0.186
OTL-Control,H,0.186
OTL-Control,H,0.186
OTL-Control,H,0.187
OTL-Control,H,0.190
OTL-Control,H,0.192
OTL-Control,H,0.194
OTL-Control,H,0.196
OTL-Control,H,0.197
OTL-Control,H,0.198
OTL-Control,H,0.198
OTL-Control,H,0.198
OTL-Control,H,0.197
OTL-Control,H,0.195
OTL-Control,H,0.193
OTL-Control,H,0.191
OTL-Control,H,0.189
OTL-Control,H,0.188
OTL-Control,H,0.187
OTL-Control,H,0.186
OTL-Control,H,0.185
OTL-Control,H,0.184
OTL-Control,H,0.184
OTL-Control,H,0.183
OTL-Control,H,0.183
OTL-Control,H,0.183
OTL-Control,H,0.184
OTL-Control,H,0.185
OTL-Control,H,0.187
OTL-Control,H,0.190
OTL-Control,H,0.192
OTL-Control,H,0.194
OTL-Control,H,0.195
OTL-Control,H,0.196
OTL-Control,H,0.196
OTL-Control,H,0.195
OTL-Control,H,0.194
OTL-Control,H,0.192
OTL-Control,H,0.190
OTL-Control,H,0.188
OTL-Control,H,0.187
OTL-Control,H,0.186
OTL-Control,H,0.185
OTL-Control,H,0.184
OTL-Control,H,0.183
OTL-Control,H,0.182
OTL-Control,H,0.182
OTL-Control,H,0.182
OTL-Control,H,0.181
OTL-Control,H,0.181
OTL-Control,H,0.181
OTL-Control,H,0.182
OTL-Control,H,0.184
OTL-Control,H,0.185
OTL-Control,H,0.186
OTL-Control,H,0.188
OTL-Control,H,0.189
OTL-Control,H,0.190
OTL-Control,H,0.189
OTL-Control,H,0.189
OTL-Control,H,0.188
OTL-Control,H,0.187
OTL-Control,H,0.185
OTL-Control,H,0.184
OTL-Control,H,0.183
OTL-Control,H,0.182
OTL-Control,H,0.181
OTL-Control,H,0.180
OTL-Control,H,0.179
OTL-Control,H,0.178
OTL-Control,H,0.178
OTL-Control,H,0.177
OTL-Control,H,0.177
OTL-Control,H,0.177
OTL-Control,H,0.178
OTL-Control,H,0.179
OTL-Control,H,0.181
OTL-Control,H,0.183
OTL-Control,H,0.186
OTL-Control,H,0.188
OTL-Control,H,0.189
OTL-Control,H,0.189
OTL-Control,H,0.189
OTL-Control,H,0.188
OTL-Control,H,0.187
OTL-Control,H,0.185
OTL-Control,H,0.183
OTL-Control,H,0.182
OTL-Control,H,0.181
OTL-Control,H,0.179
OTL-Control,H,0.178
OTL-Control,H,0.177
OTL-Control,H,0.177
OTL-Control,H,0.176
OTL-Control,H,0.175
OTL-Control,H,0.175
OTL-Control,H,0.174
OTL-Control,H,0.174
OTL-Control,H,0.175
OTL-Control,H,0.177
OTL-Control,H,0.179
OTL-Control,H,0.181
OTL-Control,H,0.183
OTL-Control,H,0.185
OTL-Control,H,0.186
OTL-Control,H,0.186
OTL-Control,H,0.186
OTL-Control,H,0.186
OTL-Control,H,0.184
OTL-Control,H,0.183
OTL-Control,H,0.181
OTL-Control,H,0.179
OTL-Control,H,0.178
OTL-Control,H,0.177
OTL-Control,H,0.175
OTL-Control,H,0.175
OTL-Control,H,0.173
OTL-Control,H,0.173
OTL-Control,H,0.172
OTL-Control,H,0.171
OTL-Control,H,0.171
OTL-Control,H,0.171
OTL-Control,H,0.172
OTL-Control,H,0.174
OTL-Control,H,0.176
OTL-Control,H,0.178
OTL-Control,H,0.181
OTL-Control,H,0.183
OTL-Control,H,0.184
OTL-Control,H,0.185
OTL-Control,H,0.185
OTL-Control,H,0.185
OTL-Control,H,0.183
OTL-Control,H,0.181
OTL-Control,H,0.179
OTL-Control,H,0.177
OTL-Drought,I,0.374
OTL-Drought,I,0.374
OTL-Drought,I,0.373
OTL-Drought,I,0.373
OTL-Drought,I,0.372
OTL-Drought,I,0.372
OTL-Drought,I,0.371
OTL-Drought,I,0.367
OTL-Drought,I,0.364
OTL-Drought,I,0.362
OTL-Drought,I,0.360
OTL-Drought,I,0.359
OTL-Drought,I,0.359
OTL-Drought,I,0.359
OTL-Drought,I,0.359
OTL-Drought,I,0.358
OTL-Drought,I,0.359
OTL-Drought,I,0.359
OTL-Drought,I,0.359
OTL-Drought,I,0.356
OTL-Drought,I,0.355
OTL-Drought,I,0.354
OTL-Drought,I,0.354
OTL-Drought,I,0.354
OTL-Drought,I,0.353
OTL-Drought,I,0.353
OTL-Drought,I,0.353
OTL-Drought,I,0.352
OTL-Drought,I,0.352
OTL-Drought,I,0.352
OTL-Drought,I,0.351
OTL-Drought,I,0.351
OTL-Drought,I,0.351
OTL-Drought,I,0.350
OTL-Drought,I,0.349
OTL-Drought,I,0.349
OTL-Drought,I,0.349
OTL-Drought,I,0.349
OTL-Drought,I,0.350
OTL-Drought,I,0.350
OTL-Drought,I,0.351
OTL-Drought,I,0.352
OTL-Drought,I,0.353
OTL-Drought,I,0.354
OTL-Drought,I,0.354
OTL-Drought,I,0.354
OTL-Drought,I,0.353
OTL-Drought,I,0.353
OTL-Drought,I,0.353
OTL-Drought,I,0.352
OTL-Drought,I,0.352
OTL-Drought,I,0.352
OTL-Drought,I,0.352
OTL-Drought,I,0.351
OTL-Drought,I,0.351
OTL-Drought,I,0.350
OTL-Drought,I,0.350
OTL-Drought,I,0.350
OTL-Drought,I,0.349
OTL-Drought,I,0.349
OTL-Drought,I,0.349
OTL-Drought,I,0.349
OTL-Drought,I,0.349
OTL-Drought,I,0.350
OTL-Drought,I,0.351
OTL-Drought,I,0.352
OTL-Drought,I,0.352
OTL-Drought,I,0.353
OTL-Drought,I,0.353
OTL-Drought,I,0.353
OTL-Drought,I,0.353
OTL-Drought,I,0.352
OTL-Drought,I,0.352
OTL-Drought,I,0.352
OTL-Drought,I,0.351
OTL-Drought,I,0.351
OTL-Drought,I,0.351
OTL-Drought,I,0.350
OTL-Drought,I,0.350
OTL-Drought,I,0.350
OTL-Drought,I,0.350
OTL-Drought,I,0.349
OTL-Drought,I,0.349
OTL-Drought,I,0.349
OTL-Drought,I,0.349
OTL-Drought,I,0.349
OTL-Drought,I,0.349
OTL-Drought,I,0.349
OTL-Drought,I,0.349
OTL-Drought,I,0.349
OTL-Drought,I,0.350
OTL-Drought,I,0.350
OTL-Drought,I,0.350
OTL-Drought,I,0.350
OTL-Drought,I,0.350
OTL-Drought,I,0.349
OTL-Drought,I,0.349
OTL-Drought,I,0.349
OTL-Drought,I,0.348
OTL-Drought,I,0.348
OTL-Drought,I,0.348
OTL-Drought,I,0.347
OTL-Drought,I,0.347
OTL-Drought,I,0.347
OTL-Drought,I,0.347
OTL-Drought,I,0.347
OTL-Drought,I,0.346
OTL-Drought,I,0.346
OTL-Drought,I,0.346
OTL-Drought,I,0.347
OTL-Drought,I,0.347
OTL-Drought,I,0.334
OTL-Drought,I,0.325
OTL-Drought,I,0.327
OTL-Drought,I,0.327
OTL-Drought,I,0.328
OTL-Drought,I,0.328
OTL-Drought,I,0.329
OTL-Drought,I,0.328
OTL-Drought,I,0.328
OTL-Drought,I,0.328
OTL-Drought,I,0.328
OTL-Drought,I,0.327
OTL-Drought,I,0.327
OTL-Drought,I,0.327
OTL-Drought,I,0.327
OTL-Drought,I,0.326
OTL-Drought,I,0.326
OTL-Drought,I,0.326
OTL-Drought,I,0.326
OTL-Drought,I,0.326
OTL-Drought,I,0.326
OTL-Drought,I,0.326
OTL-Drought,I,0.326
OTL-Drought,I,0.326
OTL-Drought,I,0.326
OTL-Drought,I,0.327
OTL-Drought,I,0.328
OTL-Drought,I,0.328
OTL-Drought,I,0.329
OTL-Drought,I,0.329
OTL-Drought,I,0.329
OTL-Drought,I,0.329
OTL-Drought,I,0.328
OTL-Drought,I,0.328
OTL-Drought,I,0.328
OTL-Drought,I,0.328
OTL-Drought,I,0.328
OTL-Drought,I,0.327
OTL-Drought,I,0.327
OTL-Drought,I,0.327
OTL-Drought,I,0.327
OTL-Drought,I,0.327
OTL-Drought,I,0.326
OTL-Drought,I,0.326
OTL-Drought,I,0.326
OTL-Drought,I,0.326
OTL-Drought,I,0.326
OTL-Drought,I,0.327
OTL-Drought,I,0.328
OTL-Drought,I,0.329
OTL-Drought,I,0.329
OTL-Drought,I,0.329
OTL-Drought,I,0.330
OTL-Drought,I,0.330
OTL-Drought,I,0.329
OTL-Drought,I,0.329
OTL-Drought,I,0.329
OTL-Drought,I,0.329
OTL-Drought,I,0.328
OTL-Drought,I,0.328
OTL-Drought,I,0.328
OTL-Drought,I,0.327
OTL-Drought,I,0.327
OTL-Drought,I,0.327
OTL-Drought,I,0.327
OTL-Drought,I,0.327
OTL-Drought,I,0.326
OTL-Drought,I,0.326
OTL-Drought,I,0.326
OTL-Drought,I,0.326
OTL-Drought,I,0.327
OTL-Drought,I,0.327
OTL-Drought,I,0.328
OTL-Drought,I,0.329
OTL-Drought,I,0.330
OTL-Drought,I,0.330
OTL-Drought,I,0.331
OTL-Drought,I,0.331
OTL-Drought,I,0.331
OTL-Drought,I,0.330
OTL-Drought,I,0.330
OTL-Drought,I,0.330
OTL-Drought,I,0.329
OTL-Drought,I,0.329
OTL-Drought,I,0.328
OTL-Drought,I,0.328
OTL-Drought,I,0.328
OTL-Drought,I,0.327
OTL-Drought,I,0.327
OTL-Drought,I,0.327
OTL-Drought,I,0.326
OTL-Drought,I,0.326
OTL-Drought,I,0.326
OTL-Drought,I,0.326
OTL-Drought,I,0.326
OTL-Drought,I,0.326
OTL-Drought,I,0.326
OTL-Drought,I,0.327
OTL-Drought,I,0.327
OTL-Drought,I,0.360
OTL-Drought,I,0.381
OTL-Drought,I,0.381
OTL-Drought,I,0.382
OTL-Drought,I,0.382
OTL-Drought,I,0.382
OTL-Drought,I,0.382
OTL-Drought,I,0.382
OTL-Drought,I,0.382
OTL-Drought,I,0.383
OTL-Drought,I,0.383
OTL-Drought,I,0.383
OTL-Drought,I,0.383
OTL-Drought,I,0.384
OTL-Drought,I,0.384
OTL-Drought,I,0.384
OTL-Drought,I,0.384
OTL-Drought,I,0.385
OTL-Drought,I,0.385
OTL-Drought,I,0.385
OTL-Drought,I,0.385
OTL-Drought,I,0.385
OTL-Drought,I,0.386
OTL-Drought,I,0.386
OTL-Drought,I,0.387
OTL-Drought,I,0.387
OTL-Drought,I,0.388
OTL-Drought,I,0.388
OTL-Drought,I,0.388
OTL-Drought,I,0.376
OTL-Drought,I,0.372
OTL-Drought,I,0.355
OTL-Drought,I,0.353
OTL-Drought,I,0.352
OTL-Drought,I,0.351
OTL-Drought,I,0.350
OTL-Drought,I,0.350
OTL-Drought,I,0.349
OTL-Drought,I,0.349
OTL-Drought,I,0.348
OTL-Drought,I,0.348
OTL-Drought,I,0.348
OTL-Drought,I,0.347
OTL-Drought,I,0.347
OTL-Drought,I,0.348
OTL-Drought,I,0.349
OTL-Drought,I,0.352
OTL-Drought,I,0.359
OTL-Drought,I,0.361
OTL-Drought,I,0.362
OTL-Drought,I,0.363
OTL-Drought,I,0.363
OTL-Drought,I,0.363
OTL-Drought,I,0.363
OTL-Drought,I,0.363
OTL-Drought,I,0.360
OTL-Drought,I,0.356
OTL-Drought,I,0.353
OTL-Drought,I,0.352
OTL-Drought,I,0.351
OTL-Drought,I,0.350
OTL-Drought,I,0.350
OTL-Drought,I,0.349
OTL-Drought,I,0.349
OTL-Drought,I,0.348
OTL-Drought,I,0.348
OTL-Drought,I,0.348
OTL-Drought,I,0.348
OTL-Drought,I,0.348
OTL-Drought,I,0.353
OTL-Drought,I,0.366
OTL-Drought,I,0.370
OTL-Drought,I,0.370
OTL-Drought,I,0.371
OTL-Drought,I,0.371
OTL-Drought,I,0.371
OTL-Drought,I,0.371
OTL-Drought,I,0.372
OTL-Drought,I,0.372
OTL-Drought,I,0.372
OTL-Drought,I,0.372
OTL-Drought,I,0.372
OTL-Drought,I,0.371
OTL-Drought,I,0.370
OTL-Drought,I,0.367
OTL-Drought,I,0.361
OTL-Drought,I,0.356
OTL-Drought,I,0.353
OTL-Drought,I,0.352
OTL-Drought,I,0.352
OTL-Drought,I,0.351
OTL-Drought,I,0.351
OTL-Drought,I,0.351
OTL-Drought,I,0.351
OTL-Drought,I,0.351
OTL-Drought,I,0.351
OTL-Drought,I,0.352
OTL-Drought,I,0.352
OTL-Drought,I,0.352
OTL-Drought,I,0.352
OTL-Drought,I,0.352
OTL-Drought,I,0.351
OTL-Drought,I,0.351
OTL-Drought,I,0.351
OTL-Drought,I,0.350
OTL-Drought,I,0.350
OTL-Drought,I,0.350
OTL-Drought,I,0.350
OTL-Drought,I,0.349
OTL-Drought,I,0.349
OTL-Drought,I,0.355
OTL-Drought,I,0.372
OTL-Drought,I,0.373
OTL-Drought,I,0.374
OTL-Drought,I,0.374
OTL-Drought,I,0.374
OTL-Drought,I,0.375
OTL-Drought,I,0.375
OTL-Drought,I,0.376
OTL-Drought,I,0.377
OTL-Drought,I,0.377
OTL-Drought,I,0.378
OTL-Drought,I,0.379
OTL-Drought,I,0.379
OTL-Drought,I,0.379
OTL-Drought,I,0.379
OTL-Drought,I,0.379
OTL-Drought,I,0.378
OTL-Drought,I,0.378
OTL-Drought,I,0.378
OTL-Drought,I,0.378
OTL-Drought,I,0.378
OTL-Drought,I,0.377
OTL-Drought,I,0.375
OTL-Drought,I,0.375
OTL-Drought,I,0.374
OTL-Drought,I,0.374
OTL-Drought,I,0.373
OTL-Drought,I,0.373
OTL-Drought,I,0.373
OTL-Drought,I,0.373
OTL-Drought,I,0.374
OTL-Drought,I,0.374
OTL-Drought,I,0.374
OTL-Drought,I,0.369
OTL-Drought,I,0.365
OTL-Drought,I,0.358
OTL-Drought,I,0.358
OTL-Drought,I,0.357
OTL-Drought,I,0.355
OTL-Drought,I,0.355
OTL-Drought,I,0.354
OTL-Drought,I,0.353
OTL-Drought,I,0.353
OTL-Drought,I,0.352
OTL-Drought,I,0.352
OTL-Drought,I,0.351
OTL-Drought,I,0.351
OTL-Drought,I,0.350
OTL-Drought,I,0.350
OTL-Drought,I,0.349
OTL-Drought,I,0.349
OTL-Drought,I,0.349
OTL-Drought,I,0.349
OTL-Drought,I,0.350
OTL-Drought,I,0.350
OTL-Drought,I,0.351
OTL-Drought,I,0.352
OTL-Drought,I,0.352
OTL-Drought,I,0.353
OTL-Drought,I,0.353
OTL-Drought,I,0.353
OTL-Drought,I,0.353
OTL-Drought,I,0.353
OTL-Drought,I,0.352
OTL-Drought,I,0.352
OTL-Drought,I,0.351
OTL-Drought,I,0.351
OTL-Drought,I,0.350
OTL-Drought,I,0.350
OTL-Drought,I,0.349
OTL-Drought,I,0.349
OTL-Drought,I,0.348
OTL-Drought,I,0.348
OTL-Drought,I,0.347
OTL-Drought,I,0.347
OTL-Drought,I,0.347
OTL-Drought,I,0.347
OTL-Drought,I,0.348
OTL-Drought,I,0.349
OTL-Drought,I,0.350
OTL-Drought,I,0.351
OTL-Drought,I,0.351
OTL-Drought,I,0.352
OTL-Drought,I,0.352
OTL-Drought,I,0.352
OTL-Drought,I,0.352
OTL-Drought,I,0.351
OTL-Drought,I,0.351
OTL-Drought,I,0.350
OTL-Drought,I,0.350
OTL-Drought,I,0.349
OTL-Drought,I,0.349
OTL-Drought,I,0.348
OTL-Drought,I,0.348
OTL-Drought,I,0.347
OTL-Drought,I,0.347
OTL-Drought,I,0.346
OTL-Drought,I,0.346
OTL-Drought,I,0.346
OTL-Drought,I,0.346
OTL-Drought,I,0.346
OTL-Drought,I,0.347
OTL-Drought,I,0.347
OTL-Drought,I,0.348
OTL-Drought,I,0.348
OTL-Drought,I,0.349
OTL-Drought,I,0.349
OTL-Drought,I,0.349
OTL-Drought,I,0.349
OTL-Drought,I,0.349
OTL-Drought,I,0.348
OTL-Drought,I,0.348
OTL-Drought,I,0.348
OTL-Drought,I,0.348
OTL-Drought,I,0.347
OTL-Drought,I,0.347
OTL-Drought,I,0.347
OTL-Drought,I,0.347
OTL-Drought,I,0.347
OTL-Drought,I,0.346
OTL-Drought,I,0.346
OTL-Drought,I,0.348
OTL-Drought,I,0.350
OTL-Drought,I,0.356
OTL-Drought,I,0.358
OTL-Drought,I,0.359
OTL-Drought,I,0.359
OTL-Drought,I,0.360
OTL-Drought,I,0.359
OTL-Drought,I,0.357
OTL-Drought,I,0.356
OTL-Drought,I,0.354
OTL-Drought,I,0.353
OTL-Drought,I,0.353
OTL-Drought,I,0.352
OTL-Drought,I,0.352
OTL-Drought,I,0.351
OTL-Drought,I,0.351
OTL-Drought,I,0.350
OTL-Drought,I,0.350
OTL-Drought,I,0.350
OTL-Drought,I,0.349
OTL-Drought,I,0.349
OTL-Drought,I,0.349
OTL-Drought,I,0.348
OTL-Drought,I,0.348
OTL-Drought,I,0.348
OTL-Drought,I,0.348
OTL-Drought,I,0.348
OTL-Drought,I,0.349
OTL-Drought,I,0.350
OTL-Drought,I,0.350
OTL-Drought,I,0.351
OTL-Drought,I,0.351
OTL-Drought,I,0.351
OTL-Drought,I,0.351
OTL-Drought,I,0.351
OTL-Drought,I,0.351
OTL-Drought,I,0.350
OTL-Drought,I,0.350
OTL-Drought,I,0.349
OTL-Drought,I,0.349
OTL-Drought,I,0.348
OTL-Drought,I,0.348
OTL-Drought,I,0.348
OTL-Drought,I,0.347
OTL-Drought,I,0.347
OTL-Drought,I,0.347
OTL-Drought,I,0.347
OTL-Drought,I,0.347
OTL-Drought,I,0.346
OTL-Drought,I,0.348
OTL-Drought,I,0.353
OTL-Drought,I,0.370
OTL-Drought,I,0.372
OTL-Drought,I,0.373
OTL-Drought,I,0.373
OTL-Drought,I,0.374
OTL-Drought,I,0.375
OTL-Drought,I,0.375
OTL-Drought,I,0.376
OTL-Drought,I,0.376
OTL-Drought,I,0.376
OTL-Drought,I,0.376
OTL-Drought,I,0.376
OTL-Drought,I,0.375
OTL-Drought,I,0.375
OTL-Drought,I,0.375
OTL-Drought,I,0.375
OTL-Drought,I,0.376
OTL-Drought,I,0.376
OTL-Drought,I,0.376
OTL-Drought,I,0.376
OTL-Drought,I,0.376
OTL-Drought,I,0.376
OTL-Drought,I,0.376
OTL-Drought,I,0.377
OTL-Drought,I,0.377
OTL-Drought,I,0.377
OTL-Drought,I,0.378
OTL-Drought,I,0.378
OTL-Drought,I,0.378
OTL-Drought,I,0.375
OTL-Drought,I,0.374
OTL-Drought,I,0.371
OTL-Drought,I,0.369
OTL-Drought,I,0.369
OTL-Drought,I,0.369
OTL-Drought,I,0.368
OTL-Drought,I,0.368
OTL-Drought,I,0.368
OTL-Drought,I,0.367
OTL-Drought,I,0.367
OTL-Drought,I,0.367
OTL-Drought,I,0.368
OTL-Drought,I,0.368
OTL-Drought,I,0.367
OTL-Drought,I,0.367
OTL-Drought,I,0.367
OTL-Drought,I,0.367
OTL-Drought,I,0.367
OTL-Drought,I,0.367
OTL-Drought,I,0.368
OTL-Drought,I,0.368
OTL-Drought,I,0.368
OTL-Drought,I,0.361
OTL-Drought,I,0.360
OTL-Drought,I,0.359
OTL-Drought,I,0.358
OTL-Drought,I,0.357
OTL-Drought,I,0.357
OTL-Drought,I,0.356
OTL-Drought,I,0.355
OTL-Drought,I,0.355
OTL-Drought,I,0.354
OTL-Drought,I,0.353
OTL-Drought,I,0.353
OTL-Drought,I,0.353
OTL-Drought,I,0.352
OTL-Drought,I,0.352
OTL-Drought,I,0.351
OTL-Drought,I,0.351
OTL-Drought,I,0.350
OTL-Drought,I,0.350
OTL-Drought,I,0.351
OTL-Drought,I,0.351
OTL-Drought,I,0.352
OTL-Drought,I,0.352
OTL-Drought,I,0.353
OTL-Drought,I,0.353
OTL-Drought,I,0.354
OTL-Drought,I,0.354
OTL-Drought,I,0.354
OTL-Drought,I,0.353
OTL-Drought,I,0.353
OTL-Drought,I,0.352
OTL-Drought,I,0.352
OTL-Drought,I,0.352
OTL-Drought,I,0.351
OTL-Drought,I,0.351
OTL-Drought,I,0.350
OTL-Drought,I,0.350
OTL-Drought,I,0.350
OTL-Drought,I,0.349
OTL-Drought,I,0.349
OTL-Drought,I,0.348
OTL-Drought,I,0.348
OTL-Drought,I,0.348
OTL-Drought,I,0.348
OTL-Drought,I,0.349
OTL-Drought,I,0.349
OTL-Drought,I,0.350
OTL-Drought,I,0.350
OTL-Drought,I,0.350
OTL-Drought,I,0.351
OTL-Drought,I,0.351
OTL-Drought,I,0.351
OTL-Drought,I,0.351
OTL-Drought,I,0.350
OTL-Drought,I,0.350
OTL-Drought,I,0.350
OTL-Drought,I,0.349
OTL-Drought,I,0.349
OTL-Drought,I,0.348
OTL-Drought,I,0.348
OTL-Drought,I,0.347
OTL-Drought,I,0.347
OTL-Drought,I,0.347
OTL-Drought,I,0.346
OTL-Drought,I,0.346
OTL-Drought,I,0.345
OTL-Drought,I,0.345
OTL-Drought,I,0.346
OTL-Drought,I,0.346
OTL-Drought,I,0.347
OTL-Drought,I,0.348
OTL-Drought,I,0.348
OTL-Drought,I,0.349
OTL-Drought,I,0.349
OTL-Drought,I,0.349
OTL-Drought,I,0.350
OTL-Drought,I,0.349
OTL-Drought,I,0.349
OTL-Drought,I,0.348
OTL-Drought,I,0.348
OTL-Drought,I,0.347
OTL-Drought,I,0.347
OTL-Drought,I,0.346
OTL-Drought,I,0.346
OTL-Drought,I,0.345
OTL-Drought,I,0.345
OTL-Drought,I,0.344
OTL-Drought,I,0.344
OTL-Drought,I,0.343
OTL-Drought,I,0.343
OTL-Drought,I,0.343
OTL-Drought,I,0.344
OTL-Drought,I,0.345
OTL-Drought,I,0.346
OTL-Drought,I,0.347
OTL-Drought,I,0.348
OTL-Drought,I,0.349
OTL-Drought,I,0.349
OTL-Drought,I,0.349
OTL-Drought,I,0.349
OTL-Drought,I,0.349
OTL-Drought,I,0.349
OTL-Drought,I,0.348
OTL-Drought,I,0.348
OTL-Drought,I,0.348
OTL-Drought,I,0.347
OTL-Drought,I,0.347
OTL-Drought,I,0.347
OTL-Drought,I,0.346
OTL-Drought,I,0.346
OTL-Drought,I,0.346
OTL-Drought,I,0.345
OTL-Drought,I,0.345
OTL-Drought,I,0.345
OTL-Drought,I,0.345
OTL-Drought,I,0.345
OTL-Drought,I,0.344
OTL-Drought,I,0.344
OTL-Drought,I,0.344
OTL-Drought,I,0.345
OTL-Drought,I,0.344
OTL-Drought,I,0.344
OTL-Drought,I,0.344
OTL-Drought,I,0.344
OTL-Drought,I,0.344
OTL-Drought,I,0.344
OTL-Drought,I,0.344
OTL-Drought,I,0.344
OTL-Drought,I,0.343
OTL-Drought,I,0.343
OTL-Drought,I,0.343
OTL-Drought,I,0.343
OTL-Drought,I,0.342
OTL-Drought,I,0.342
OTL-Drought,I,0.342
OTL-Drought,I,0.344
OTL-Drought,I,0.359
OTL-Drought,I,0.368
OTL-Drought,I,0.369
OTL-Drought,I,0.370
OTL-Drought,I,0.371
OTL-Drought,I,0.371
OTL-Drought,I,0.372
OTL-Drought,I,0.373
OTL-Drought,I,0.374
OTL-Drought,I,0.374
OTL-Drought,I,0.374
OTL-Drought,I,0.374
OTL-Drought,I,0.374
OTL-Drought,I,0.374
OTL-Drought,I,0.374
OTL-Drought,I,0.374
OTL-Drought,I,0.374
OTL-Drought,I,0.375
OTL-Drought,I,0.375
OTL-Drought,I,0.375
OTL-Drought,I,0.375
OTL-Drought,I,0.375
OTL-Drought,I,0.375
OTL-Drought,I,0.375
OTL-Drought,I,0.374
OTL-Drought,I,0.374
OTL-Drought,I,0.374
OTL-Drought,I,0.375
OTL-Drought,I,0.375
OTL-Drought,I,0.374
OTL-Drought,I,0.373
OTL-Drought,I,0.373
OTL-Drought,I,0.373
OTL-Drought,I,0.373
OTL-Drought,I,0.374
OTL-Drought,I,0.374
OTL-Drought,I,0.374
OTL-Drought,I,0.374
OTL-Drought,I,0.372
OTL-Drought,I,0.370
OTL-Drought,I,0.370
OTL-Drought,I,0.369
OTL-Drought,I,0.369
OTL-Drought,I,0.368
OTL-Drought,I,0.368
OTL-Drought,I,0.366
OTL-Drought,I,0.364
OTL-Drought,I,0.357
OTL-Drought,I,0.355
OTL-Drought,I,0.355
OTL-Drought,I,0.355
OTL-Drought,I,0.355
OTL-Drought,I,0.356
OTL-Drought,I,0.356
OTL-Drought,I,0.356
OTL-Drought,I,0.356
OTL-Drought,I,0.356
OTL-Drought,I,0.356
OTL-Drought,I,0.356
OTL-Drought,I,0.356
OTL-Drought,I,0.356
OTL-Drought,I,0.356
OTL-Drought,I,0.355
OTL-Drought,I,0.355
OTL-Drought,I,0.354
OTL-Drought,I,0.353
OTL-Drought,I,0.353
OTL-Drought,I,0.353
OTL-Drought,I,0.352
OTL-Drought,I,0.352
OTL-Drought,I,0.352
OTL-Drought,I,0.351
OTL-Drought,I,0.351
OTL-Drought,I,0.351
OTL-Drought,I,0.350
OTL-Drought,I,0.343
OTL-Drought,I,0.344
OTL-Drought,I,0.344
OTL-Drought,I,0.345
OTL-Drought,I,0.345
OTL-Drought,I,0.346
OTL-Drought,I,0.346
OTL-Drought,I,0.347
OTL-Drought,I,0.347
OTL-Drought,I,0.346
OTL-Drought,I,0.346
OTL-Drought,I,0.346
OTL-Drought,I,0.345
OTL-Drought,I,0.345
OTL-Drought,I,0.344
OTL-Drought,I,0.344
OTL-Drought,I,0.344
OTL-Drought,I,0.344
OTL-Drought,I,0.343
OTL-Drought,I,0.343
OTL-Drought,I,0.343
OTL-Drought,I,0.342
OTL-Drought,I,0.342
OTL-Drought,I,0.343
OTL-Drought,I,0.343
OTL-Drought,I,0.344
OTL-Drought,I,0.345
OTL-Drought,I,0.345
OTL-Drought,I,0.345
OTL-Drought,I,0.345
OTL-Drought,I,0.345
OTL-Drought,I,0.346
OTL-Drought,I,0.346
OTL-Drought,I,0.345
OTL-Drought,I,0.345
OTL-Drought,I,0.344
OTL-Drought,I,0.344
OTL-Drought,I,0.343
OTL-Drought,I,0.343
OTL-Drought,I,0.342
OTL-Drought,I,0.342
OTL-Drought,I,0.341
OTL-Drought,I,0.341
OTL-Drought,I,0.340
OTL-Drought,I,0.340
OTL-Drought,I,0.339
OTL-Drought,I,0.339
OTL-Drought,I,0.340
OTL-Drought,I,0.340
OTL-Drought,I,0.340
OTL-Drought,I,0.339
OTL-Drought,I,0.340
OTL-Drought,I,0.340
OTL-Drought,I,0.340
OTL-Drought,I,0.340
OTL-Drought,I,0.340
OTL-Drought,I,0.340
OTL-Drought,I,0.340
OTL-Drought,I,0.340
OTL-Drought,I,0.340
OTL-Drought,I,0.339
OTL-Drought,I,0.339
OTL-Drought,I,0.339
OTL-Drought,I,0.338
OTL-Drought,I,0.338
OTL-Drought,I,0.338
OTL-Drought,I,0.337
OTL-Drought,I,0.337
OTL-Drought,I,0.336
OTL-Drought,I,0.336
OTL-Drought,I,0.336
OTL-Drought,I,0.336
OTL-Drought,I,0.336
OTL-Drought,I,0.337
OTL-Drought,I,0.338
OTL-Drought,I,0.338
OTL-Drought,I,0.338
OTL-Drought,I,0.338
OTL-Drought,I,0.338
OTL-Drought,I,0.338
OTL-Drought,I,0.339
OTL-Drought,I,0.338
OTL-Drought,I,0.338
OTL-Drought,I,0.338
OTL-Drought,I,0.337
OTL-Drought,I,0.337
OTL-Drought,I,0.337
OTL-Drought,I,0.336
OTL-Drought,I,0.336
OTL-Drought,I,0.335
OTL-Drought,I,0.335
OTL-Drought,I,0.335
OTL-Drought,I,0.334
OTL-Drought,I,0.334
OTL-Drought,I,0.334
OTL-Drought,I,0.334
OTL-Drought,I,0.335
OTL-Drought,I,0.336
OTL-Drought,I,0.336
OTL-Drought,I,0.337
OTL-Drought,I,0.337
OTL-Drought,I,0.338
OTL-Drought,I,0.338
OTL-Drought,I,0.338
OTL-Drought,I,0.338
OTL-Drought,I,0.338
OTL-Drought,I,0.338
OTL-Drought,I,0.337
OTL-Drought,I,0.337
OTL-Drought,I,0.336
OTL-Drought,I,0.336
OTL-Drought,I,0.335
OTL-Drought,I,0.335
OTL-Drought,I,0.335
OTL-Drought,I,0.334
OTL-Drought,I,0.334
OTL-Drought,I,0.333
OTL-Drought,I,0.333
OTL-Drought,I,0.333
OTL-Drought,I,0.333
OTL-Drought,I,0.334
OTL-Drought,I,0.335
OTL-Drought,I,0.336
OTL-Drought,I,0.336
OTL-Drought,I,0.337
OTL-Drought,I,0.337
OTL-Drought,I,0.338
OTL-Drought,I,0.338
OTL-Drought,I,0.338
OTL-Drought,I,0.337
OTL-Drought,I,0.337
OTL-Drought,I,0.337
OTL-Drought,I,0.336
OTL-Drought,I,0.336
OTL-Drought,I,0.336
OTL-Drought,I,0.335
OTL-Drought,I,0.335
OTL-Drought,I,0.335
OTL-Drought,I,0.334
OTL-Drought,I,0.334
OTL-Drought,I,0.334
OTL-Drought,I,0.334
OTL-Drought,I,0.334
OTL-Drought,I,0.334
OTL-Drought,I,0.334
OTL-Drought,I,0.334
OTL-Drought,I,0.334
OTL-Drought,I,0.334
OTL-Drought,I,0.334
OTL-Drought,I,0.335
OTL-Drought,I,0.335
OTL-Drought,I,0.335
OTL-Drought,I,0.335
OTL-Drought,I,0.335
OTL-Drought,I,0.335
OTL-Drought,I,0.334
OTL-Drought,I,0.334
OTL-Drought,I,0.334
OTL-Drought,I,0.333
OTL-Drought,I,0.333
OTL-Drought,I,0.333
OTL-Drought,I,0.332
OTL-Drought,I,0.332
OTL-Drought,I,0.332
OTL-Drought,I,0.331
OTL-Drought,I,0.331
OTL-Drought,I,0.331
OTL-Drought,I,0.332
OTL-Drought,I,0.332
OTL-Drought,I,0.333
OTL-Drought,I,0.333
OTL-Drought,I,0.334
OTL-Drought,I,0.334
OTL-Drought,I,0.335
OTL-Drought,I,0.335
OTL-Drought,I,0.335
OTL-Drought,I,0.335
OTL-Drought,I,0.335
OTL-Drought,I,0.335
OTL-Drought,I,0.334
OTL-Drought,I,0.334
OTL-Drought,I,0.334
OTL-Drought,I,0.333
OTL-Drought,I,0.333
OTL-Drought,I,0.332
OTL-Drought,I,0.332
OTL-Drought,I,0.332
OTL-Drought,I,0.331
OTL-Drought,I,0.331
OTL-Drought,I,0.330
OTL-Drought,I,0.331
OTL-Drought,I,0.331
OTL-Drought,I,0.332
OTL-Drought,I,0.333
OTL-Drought,I,0.333
OTL-Drought,I,0.334
OTL-Drought,I,0.334
OTL-Drought,I,0.335
OTL-Drought,I,0.335
OTL-Drought,I,0.335
OTL-Drought,I,0.335
OTL-Drought,I,0.335
OTL-Drought,I,0.335
OTL-Drought,I,0.334
OTL-Drought,I,0.334
OTL-Drought,I,0.334
OTL-Drought,I,0.333
OTL-Drought,I,0.333
OTL-Drought,I,0.332
OTL-Drought,I,0.332
OTL-Drought,I,0.332
OTL-Drought,I,0.331
OTL-Drought,I,0.331
OTL-Drought,I,0.330
OTL-Drought,I,0.330
OTL-Drought,I,0.331
OTL-Drought,I,0.332
OTL-Drought,I,0.333
OTL-Drought,I,0.334
OTL-Drought,I,0.334
OTL-Drought,I,0.335
OTL-Drought,I,0.335
OTL-Drought,I,0.335
OTL-Drought,I,0.335
OTL-Drought,I,0.335
OTL-Drought,I,0.335
OTL-Drought,I,0.335
OTL-Drought,I,0.334
OTL-Drought,I,0.333
OTL-Drought,I,0.333
OTL-Drought,I,0.332
OTL-Drought,I,0.332
OTL-Drought,I,0.331
OTL-Drought,I,0.331
OTL-Drought,I,0.331
OTL-Drought,I,0.330
OTL-Drought,I,0.330
OTL-Drought,I,0.330
OTL-Drought,I,0.330
OTL-Drought,I,0.330
OTL-Drought,I,0.331
OTL-Drought,I,0.332
OTL-Drought,I,0.333
OTL-Drought,I,0.333
OTL-Drought,I,0.334
OTL-Drought,I,0.334
OTL-Drought,I,0.334
OTL-Drought,I,0.334
OTL-Drought,I,0.333
OTL-Drought,I,0.333
OTL-Drought,I,0.333
OTL-Drought,I,0.332
OTL-Drought,I,0.331
OTL-Drought,I,0.331
OTL-Drought,I,0.330
OTL-Drought,I,0.329
OTL-Drought,I,0.329
OTL-Drought,I,0.328
OTL-Drought,I,0.328
OTL-Drought,I,0.327
OTL-Drought,I,0.326
OTL-Drought,I,0.326
OTL-Drought,I,0.326
OTL-Drought,I,0.326
OTL-Drought,I,0.327
OTL-Drought,I,0.328
OTL-Drought,I,0.328
OTL-Drought,I,0.328
OTL-Drought,I,0.329
OTL-Drought,I,0.329
OTL-Drought,I,0.329
OTL-Drought,I,0.329
OTL-Drought,I,0.329
OTL-Drought,I,0.329
OTL-Drought,I,0.328
OTL-Drought,I,0.328
OTL-Drought,I,0.327
OTL-Drought,I,0.326
OTL-Drought,I,0.326
OTL-Drought,I,0.325
OTL-Drought,I,0.325
OTL-Drought,I,0.324
OTL-Drought,I,0.324
OTL-Drought,I,0.323
OTL-Drought,I,0.322
OTL-Drought,I,0.322
OTL-Drought,I,0.322
OTL-Drought,I,0.322
OTL-Drought,I,0.323
OTL-Drought,I,0.324
OTL-Drought,I,0.324
OTL-Drought,I,0.324
OTL-Drought,I,0.325
OTL-Drought,I,0.325
OTL-Drought,I,0.325
OTL-Drought,I,0.325
OTL-Drought,I,0.325
OTL-Drought,I,0.325
OTL-Drought,I,0.324
OTL-Drought,I,0.324
OTL-Drought,I,0.323
OTL-Drought,I,0.323
OTL-Drought,I,0.322
OTL-Drought,I,0.322
OTL-Drought,I,0.321
OTL-Drought,I,0.321
OTL-Drought,I,0.320
OTL-Drought,I,0.320
OTL-Drought,I,0.319
OTL-Drought,I,0.319
OTL-Drought,I,0.319
OTL-Drought,I,0.320
OTL-Drought,I,0.321
OTL-Drought,I,0.322
OTL-Drought,I,0.323
OTL-Drought,I,0.323
OTL-Drought,I,0.323
OTL-Drought,I,0.324
OTL-Drought,I,0.324
OTL-Drought,I,0.324
OTL-Drought,I,0.324
OTL-Drought,I,0.324
OTL-Drought,I,0.323
OTL-Drought,I,0.323
OTL-Drought,I,0.322
OTL-Drought,I,0.321
OTL-Drought,I,0.321
OTL-Drought,I,0.320
OTL-Drought,I,0.320
OTL-Drought,I,0.319
OTL-Drought,I,0.319
OTL-Drought,I,0.318
OTL-Drought,I,0.317
OTL-Drought,I,0.317
OTL-Drought,I,0.317
OTL-Drought,I,0.318
OTL-Drought,I,0.319
OTL-Drought,I,0.320
OTL-Drought,I,0.321
OTL-Drought,I,0.321
OTL-Drought,I,0.321
OTL-Drought,I,0.322
OTL-Drought,I,0.322
OTL-Drought,I,0.322
OTL-Drought,I,0.322
OTL-Drought,I,0.321
OTL-Drought,I,0.321
OTL-Drought,I,0.320
OTL-Drought,I,0.320
OTL-Drought,I,0.319
OTL-Drought,I,0.318
OTL-Drought,I,0.318
OTL-Drought,I,0.317
OTL-Drought,I,0.317
OTL-Drought,I,0.316
OTL-Drought,I,0.315
OTL-Drought,I,0.315
OTL-Drought,I,0.315
OTL-Drought,I,0.315
OTL-Drought,I,0.315
OTL-Drought,I,0.316
OTL-Drought,I,0.317
OTL-Drought,I,0.318
OTL-Drought,I,0.318
OTL-Drought,I,0.319
OTL-Drought,I,0.319
OTL-Drought,I,0.319
OTL-Drought,I,0.319
OTL-Drought,I,0.319
OTL-Drought,I,0.319
OTL-Drought,I,0.318
OTL-Drought,I,0.318
OTL-Drought,I,0.317
OTL-Drought,I,0.317
OTL-Drought,I,0.316
OTL-Drought,I,0.315
OTL-Drought,I,0.315
OTL-Drought,I,0.315
OTL-Drought,I,0.314
OTL-Drought,I,0.313
OTL-Drought,I,0.313
OTL-Drought,I,0.312
OTL-Drought,I,0.312
OTL-Drought,I,0.313
OTL-Drought,I,0.313
OTL-Drought,I,0.314
OTL-Drought,I,0.314
OTL-Drought,I,0.314
OTL-Drought,I,0.315
OTL-Drought,I,0.315
OTL-Drought,I,0.315
OTL-Drought,I,0.315
OTL-Drought,I,0.315
OTL-Drought,I,0.315
OTL-Drought,I,0.314
OTL-Drought,I,0.314
OTL-Drought,I,0.313
OTL-Drought,I,0.313
OTL-Drought,I,0.312
OTL-Drought,I,0.312
OTL-Drought,I,0.312
OTL-Drought,I,0.311
OTL-Drought,I,0.310
OTL-Drought,I,0.310
OTL-Drought,I,0.309
OTL-Drought,I,0.309
OTL-Drought,I,0.309
OTL-Drought,I,0.309
OTL-Drought,I,0.311
OTL-Drought,I,0.312
OTL-Drought,I,0.312
OTL-Drought,I,0.312
OTL-Drought,I,0.313
OTL-Drought,I,0.313
OTL-Drought,I,0.313
OTL-Drought,I,0.313
OTL-Drought,I,0.313
OTL-Drought,I,0.312
OTL-Drought,I,0.312
OTL-Drought,I,0.311
OTL-Drought,I,0.311
OTL-Drought,I,0.310
OTL-Drought,I,0.309
OTL-Drought,I,0.309
OTL-Drought,I,0.308
OTL-Drought,I,0.307
OTL-Drought,I,0.307
OTL-Drought,I,0.306
OTL-Drought,I,0.306
OTL-Drought,I,0.305
OTL-Drought,I,0.305
OTL-Drought,I,0.306
OTL-Drought,I,0.307
OTL-Drought,I,0.308
OTL-Drought,I,0.309
OTL-Drought,I,0.309
OTL-Drought,I,0.309
OTL-Drought,I,0.310
OTL-Drought,I,0.310
OTL-Drought,I,0.310
OTL-Drought,I,0.310
OTL-Drought,I,0.310
OTL-Drought,I,0.309
OTL-Drought,I,0.309
OTL-Drought,I,0.308
OTL-Drought,I,0.307
OTL-Drought,I,0.307
OTL-Drought,I,0.306
OTL-Drought,I,0.305
OTL-Drought,I,0.305
OTL-Drought,I,0.304
OTL-Drought,I,0.304
OTL-Drought,I,0.303
OTL-Drought,I,0.303
OTL-Drought,I,0.303
OTL-Drought,I,0.304
OTL-Drought,I,0.304
OTL-Drought,I,0.306
OTL-Drought,I,0.306
OTL-Drought,I,0.307
OTL-Drought,I,0.307
OTL-Drought,I,0.308
OTL-Drought,I,0.308
OTL-Drought,I,0.308
OTL-Drought,I,0.308
OTL-Drought,I,0.308
OTL-Drought,I,0.308
OTL-Drought,I,0.307
OTL-Drought,I,0.306
OTL-Drought,I,0.306
OTL-Drought,I,0.305
OTL-Drought,I,0.305
OTL-Drought,I,0.304
OTL-Drought,I,0.304
OTL-Drought,I,0.303
OTL-Drought,I,0.303
OTL-Drought,I,0.302
OTL-Drought,I,0.302
OTL-Drought,I,0.302
OTL-Drought,I,0.302
OTL-Drought,I,0.303
OTL-Drought,I,0.304
OTL-Drought,I,0.305
OTL-Drought,I,0.306
OTL-Drought,I,0.306
OTL-Drought,I,0.306
OTL-Drought,I,0.307
OTL-Drought,I,0.307
OTL-Drought,I,0.307
OTL-Drought,I,0.306
OTL-Drought,I,0.306
OTL-Drought,I,0.305
OTL-Drought,I,0.305
OTL-Drought,I,0.304
OTL-Drought,I,0.304
OTL-Drought,I,0.303
OTL-Drought,I,0.302
OTL-Drought,I,0.302
OTL-Drought,I,0.302
OTL-Drought,I,0.301
OTL-Drought,I,0.300
OTL-Drought,I,0.300
OTL-Drought,I,0.300
OTL-Drought,I,0.300
OTL-Drought,I,0.301
OTL-Drought,I,0.302
OTL-Drought,I,0.303
OTL-Drought,I,0.303
OTL-Drought,I,0.303
OTL-Drought,I,0.304
OTL-Drought,I,0.304
OTL-Drought,I,0.304
OTL-Drought,I,0.304
OTL-Drought,I,0.304
OTL-Drought,I,0.303
OTL-Drought,I,0.302
OTL-Drought,I,0.302
OTL-Drought,I,0.301
OTL-Drought,I,0.300
OTL-Drought,I,0.299
OTL-Drought,I,0.299
OTL-Drought,I,0.298
OTL-Drought,I,0.297
OTL-Drought,I,0.297
OTL-Drought,I,0.296
OTL-Drought,I,0.296
OTL-Drought,I,0.296
OTL-Drought,I,0.296
OTL-Drought,I,0.297
OTL-Drought,I,0.298
OTL-Drought,I,0.299
OTL-Drought,I,0.300
OTL-Drought,I,0.300
OTL-Drought,I,0.300
OTL-Drought,I,0.300
OTL-Drought,I,0.300
OTL-Drought,I,0.300
OTL-Drought,I,0.300
OTL-Drought,I,0.299
OTL-Drought,I,0.298
OTL-Drought,I,0.297
OTL-Drought,I,0.297
OTL-Drought,I,0.296
OTL-Drought,I,0.295
OTL-Drought,I,0.295
OTL-Drought,I,0.294
OTL-Drought,I,0.293
OTL-Drought,I,0.292
OTL-Drought,I,0.292
OTL-Drought,I,0.291
OTL-Drought,I,0.291
OTL-Drought,I,0.291
OTL-Drought,I,0.292
OTL-Drought,I,0.294
OTL-Drought,I,0.295
OTL-Drought,I,0.295
OTL-Drought,I,0.296
OTL-Drought,I,0.296
OTL-Drought,I,0.296
OTL-Drought,I,0.296
OTL-Drought,I,0.296
OTL-Drought,I,0.295
OTL-Drought,I,0.295
OTL-Drought,I,0.294
OTL-Drought,I,0.293
OTL-Drought,I,0.293
OTL-Drought,I,0.292
OTL-Drought,I,0.291
OTL-Drought,I,0.290
OTL-Drought,I,0.289
OTL-Drought,I,0.289
OTL-Drought,I,0.288
OTL-Drought,I,0.287
OTL-Drought,I,0.287
OTL-Drought,I,0.287
OTL-Drought,I,0.287
OTL-Drought,I,0.288
OTL-Drought,I,0.289
OTL-Drought,I,0.290
OTL-Drought,I,0.290
OTL-Drought,I,0.291
OTL-Drought,I,0.291
OTL-Drought,I,0.291
OTL-Drought,I,0.291
OTL-Drought,I,0.291
OTL-Drought,I,0.291
OTL-Drought,I,0.290
OTL-Drought,I,0.289
OTL-Drought,I,0.289
OTL-Drought,I,0.288
OTL-Drought,I,0.287
OTL-Drought,I,0.286
OTL-Drought,I,0.285
OTL-Drought,I,0.285
OTL-Drought,I,0.284
OTL-Drought,I,0.283
OTL-Drought,I,0.283
OTL-Drought,I,0.282
OTL-Drought,I,0.283
OTL-Drought,I,0.283
OTL-Drought,I,0.285
OTL-Drought,I,0.286
OTL-Drought,I,0.287
OTL-Drought,I,0.288
OTL-Drought,I,0.288
OTL-Drought,I,0.289
OTL-Drought,I,0.289
OTL-Drought,I,0.289
OTL-Drought,I,0.289
OTL-Drought,I,0.288
OTL-Drought,I,0.288
OTL-Drought,I,0.287
OTL-Drought,I,0.286
OTL-Drought,I,0.285
OTL-Drought,I,0.284
OTL-Drought,I,0.284
OTL-Drought,I,0.283
OTL-Drought,I,0.282
OTL-Drought,I,0.282
OTL-Drought,I,0.281
OTL-Drought,I,0.280
OTL-Drought,I,0.280
OTL-Drought,I,0.280
OTL-Drought,I,0.281
OTL-Drought,I,0.282
OTL-Drought,I,0.284
OTL-Drought,I,0.285
OTL-Drought,I,0.286
OTL-Drought,I,0.286
OTL-Drought,I,0.286
OTL-Drought,I,0.286
OTL-Drought,I,0.287
OTL-Drought,I,0.287
OTL-Drought,I,0.286
OTL-Drought,I,0.286
OTL-Drought,I,0.285
OTL-Drought,I,0.284
OTL-Drought,I,0.283
OTL-Drought,I,0.282
OTL-Drought,I,0.282
OTL-Drought,I,0.281
OTL-Drought,I,0.280
OTL-Drought,I,0.279
OTL-Drought,I,0.279
OTL-Drought,I,0.278
OTL-Drought,I,0.278
OTL-Drought,I,0.278
OTL-Drought,I,0.279
OTL-Drought,I,0.280
OTL-Drought,I,0.281
OTL-Drought,I,0.283
OTL-Drought,I,0.283
OTL-Drought,I,0.284
OTL-Drought,I,0.284
OTL-Drought,I,0.284
OTL-Drought,I,0.284
OTL-Drought,I,0.284
OTL-Drought,I,0.284
OTL-Drought,I,0.283
OTL-Drought,I,0.282
OTL-Drought,I,0.281
OTL-Drought,I,0.280
OTL-Drought,I,0.280
OTL-Drought,I,0.279
OTL-Drought,I,0.278
OTL-Drought,I,0.277
OTL-Drought,I,0.276
OTL-Drought,I,0.275
OTL-Drought,I,0.275
OTL-Drought,I,0.274
OTL-Drought,I,0.275
OTL-Drought,I,0.275
OTL-Drought,I,0.277
OTL-Drought,I,0.278
OTL-Drought,I,0.280
OTL-Drought,I,0.281
OTL-Drought,I,0.281
OTL-Drought,I,0.281
OTL-Drought,I,0.281
OTL-Drought,I,0.281
OTL-Drought,I,0.281
OTL-Drought,I,0.281
OTL-Drought,I,0.280
OTL-Drought,I,0.279
OTL-Drought,I,0.278
OTL-Drought,I,0.277
OTL-Drought,I,0.276
OTL-Drought,I,0.275
OTL-Drought,I,0.274
OTL-Drought,I,0.273
OTL-Drought,I,0.272
OTL-Drought,I,0.272
OTL-Drought,I,0.271
OTL-Drought,I,0.271
OTL-Drought,I,0.271
OTL-Drought,I,0.272
OTL-Drought,I,0.273
OTL-Drought,I,0.275
OTL-Drought,I,0.276
OTL-Drought,I,0.277
OTL-Drought,I,0.277
OTL-Drought,I,0.278
OTL-Drought,I,0.277
OTL-Drought,I,0.277
OTL-Drought,I,0.277
OTL-Drought,I,0.276
OTL-Drought,I,0.275
OTL-Drought,I,0.274
OTL-Drought,I,0.273
OTL-Drought,I,0.272
OTL-Drought,I,0.272
OTL-Drought,I,0.271
OTL-Drought,I,0.270
OTL-Drought,I,0.269
OTL-Drought,I,0.268
OTL-Drought,I,0.268
OTL-Drought,I,0.267
OTL-Drought,I,0.267
OTL-Drought,I,0.266
OTL-Drought,I,0.266
OTL-Drought,I,0.266
OTL-Drought,I,0.267
OTL-Drought,I,0.267
OTL-Drought,I,0.267
OTL-Drought,I,0.267
OTL-Drought,I,0.267
OTL-Drought,I,0.268
OTL-Drought,I,0.267
OTL-Drought,I,0.267
OTL-Drought,I,0.267
OTL-Drought,I,0.266
OTL-Drought,I,0.266
OTL-Drought,I,0.266
OTL-Drought,I,0.265
OTL-Drought,I,0.265
OTL-Drought,I,0.264
OTL-Drought,I,0.264
OTL-Drought,I,0.263
OTL-Drought,I,0.263
OTL-Drought,I,0.263
OTL-Drought,I,0.262
OTL-Drought,I,0.262
OTL-Drought,I,0.262
OTL-Drought,I,0.262
OTL-Drought,I,0.262
OTL-Drought,I,0.263
OTL-Drought,I,0.263
OTL-Drought,I,0.264
OTL-Drought,I,0.264
OTL-Drought,I,0.264
OTL-Drought,I,0.264
OTL-Drought,I,0.264
OTL-Drought,I,0.264
OTL-Drought,I,0.264
OTL-Drought,I,0.263
OTL-Drought,I,0.263
OTL-Drought,I,0.262
OTL-Drought,I,0.262
OTL-Drought,I,0.261
OTL-Drought,I,0.261
OTL-Drought,I,0.261
OTL-Drought,I,0.260
OTL-Drought,I,0.260
OTL-Drought,I,0.260
OTL-Drought,I,0.259
OTL-Drought,I,0.259
OTL-Drought,I,0.260
OTL-Drought,I,0.260
OTL-Drought,I,0.261
OTL-Drought,I,0.262
OTL-Drought,I,0.263
OTL-Drought,I,0.263
OTL-Drought,I,0.263
OTL-Drought,I,0.264
OTL-Drought,I,0.264
OTL-Drought,I,0.264
OTL-Drought,I,0.264
OTL-Drought,I,0.263
OTL-Drought,I,0.263
OTL-Drought,I,0.263
OTL-Drought,I,0.262
OTL-Drought,I,0.262
OTL-Drought,I,0.262
OTL-Drought,I,0.261
OTL-Drought,I,0.261
OTL-Drought,I,0.261
OTL-Drought,I,0.260
OTL-Drought,I,0.260
OTL-Drought,I,0.260
OTL-Drought,I,0.259
OTL-Drought,I,0.259
OTL-Drought,I,0.259
OTL-Drought,I,0.259
OTL-Drought,I,0.260
OTL-Drought,I,0.260
OTL-Drought,I,0.260
OTL-Drought,I,0.260
OTL-Drought,I,0.261
OTL-Drought,I,0.261
OTL-Drought,I,0.261
OTL-Drought,I,0.261
OTL-Drought,I,0.261
OTL-Drought,I,0.261
OTL-Drought,I,0.260
OTL-Drought,I,0.260
OTL-Drought,I,0.260
OTL-Drought,I,0.259
OTL-Drought,I,0.259
OTL-Drought,I,0.258
OTL-Drought,I,0.258
OTL-Drought,I,0.257
OTL-Drought,I,0.257
OTL-Drought,I,0.257
OTL-Drought,I,0.257
OTL-Drought,I,0.257
OTL-Drought,I,0.259
OTL-Drought,I,0.260
OTL-Drought,I,0.261
OTL-Drought,I,0.262
OTL-Drought,I,0.263
OTL-Drought,I,0.263
OTL-Drought,I,0.263
OTL-Drought,I,0.264
OTL-Drought,I,0.263
OTL-Drought,I,0.263
OTL-Drought,I,0.263
OTL-Drought,I,0.262
OTL-Drought,I,0.262
OTL-Drought,I,0.261
OTL-Drought,I,0.261
OTL-Drought,I,0.260
OTL-Drought,I,0.260
OTL-Drought,I,0.259
OTL-Drought,I,0.259
OTL-Drought,I,0.258
OTL-Drought,I,0.258
OTL-Drought,I,0.258
OTL-Drought,I,0.257
OTL-Drought,I,0.257
OTL-Drought,I,0.258
OTL-Drought,I,0.259
OTL-Drought,I,0.260
OTL-Drought,I,0.261
OTL-Drought,I,0.261
OTL-Drought,I,0.262
OTL-Drought,I,0.262
OTL-Drought,I,0.262
OTL-Drought,I,0.262
OTL-Drought,I,0.262
OTL-Drought,I,0.261
OTL-Drought,I,0.261
OTL-Drought,I,0.260
OTL-Drought,I,0.259
OTL-Drought,I,0.258
OTL-Drought,I,0.258
OTL-Drought,I,0.257
OTL-Drought,I,0.257
OTL-Drought,I,0.256
OTL-Drought,I,0.256
OTL-Drought,I,0.255
OTL-Drought,I,0.255
OTL-Drought,I,0.255
OTL-Drought,I,0.255
OTL-Drought,I,0.257
OTL-Drought,I,0.259
OTL-Drought,I,0.261
OTL-Drought,I,0.262
OTL-Drought,I,0.263
OTL-Drought,I,0.263
OTL-Drought,I,0.263
OTL-Drought,I,0.263
OTL-Drought,I,0.263
OTL-Drought,I,0.263
OTL-Drought,I,0.262
OTL-Drought,I,0.262
OTL-Drought,I,0.261
OTL-Drought,I,0.260
OTL-Drought,I,0.259
OTL-Drought,I,0.259
OTL-Drought,I,0.258
OTL-Drought,I,0.257
OTL-Drought,I,0.256
OTL-Drought,I,0.256
OTL-Drought,I,0.255
OTL-Drought,I,0.255
OTL-Drought,I,0.255
OTL-Drought,I,0.255
OTL-Drought,I,0.255
OTL-Drought,I,0.256
OTL-Drought,I,0.258
OTL-Drought,I,0.259
OTL-Drought,I,0.261
OTL-Drought,I,0.262
OTL-Drought,I,0.262
OTL-Drought,I,0.262
OTL-Drought,I,0.262
OTL-Drought,I,0.262
OTL-Drought,I,0.261
OTL-Drought,I,0.261
OTL-Drought,I,0.260
OTL-Drought,I,0.259
OTL-Drought,I,0.259
OTL-Drought,I,0.258
OTL-Drought,I,0.258
OTL-Drought,I,0.257
OTL-Drought,I,0.256
OTL-Drought,I,0.256
OTL-Drought,I,0.256
OTL-Drought,I,0.255
OTL-Drought,I,0.255
OTL-Drought,I,0.256
OTL-Drought,I,0.257
OTL-Drought,I,0.259
OTL-Drought,I,0.261
OTL-Drought,I,0.263
OTL-Drought,I,0.264
OTL-Drought,I,0.265
OTL-Drought,I,0.265
OTL-Drought,I,0.265
OTL-Drought,I,0.265
OTL-Drought,I,0.264
OTL-Drought,I,0.264
OTL-Drought,I,0.263
OTL-Drought,I,0.262
OTL-Drought,I,0.262
OTL-Drought,I,0.261
OTL-Drought,I,0.260
OTL-Drought,I,0.259
OTL-Drought,I,0.259
OTL-Drought,I,0.258
OTL-Drought,I,0.257
OTL-Drought,I,0.257
OTL-Drought,I,0.256
OTL-Drought,I,0.256
OTL-Drought,I,0.257
OTL-Drought,I,0.259
OTL-Drought,I,0.261
OTL-Drought,I,0.263
OTL-Drought,I,0.264
OTL-Drought,I,0.265
OTL-Drought,I,0.266
OTL-Drought,I,0.266
OTL-Drought,I,0.265
OTL-Drought,I,0.265
OTL-Drought,I,0.265
OTL-Drought,I,0.264
OTL-Drought,I,0.263
OTL-Drought,I,0.263
OTL-Drought,I,0.262
OTL-Drought,I,0.261
OTL-Drought,I,0.260
OTL-Drought,I,0.259
OTL-Drought,I,0.258
OTL-Drought,I,0.258
OTL-Drought,I,0.257
OTL-Drought,I,0.256
OTL-Drought,I,0.256
OTL-Drought,I,0.256
OTL-Drought,I,0.257
OTL-Drought,I,0.258
OTL-Drought,I,0.260
OTL-Drought,I,0.262
OTL-Drought,I,0.264
OTL-Drought,I,0.265
OTL-Drought,I,0.266
OTL-Drought,I,0.266
OTL-Drought,I,0.266
OTL-Drought,I,0.266
OTL-Drought,I,0.266
OTL-Drought,I,0.265
OTL-Drought,I,0.265
OTL-Drought,I,0.264
OTL-Drought,I,0.263
OTL-Drought,I,0.262
OTL-Drought,I,0.261
OTL-Drought,I,0.260
OTL-Drought,I,0.260
OTL-Drought,I,0.259
OTL-Drought,I,0.258
OTL-Drought,I,0.258
OTL-Drought,I,0.257
OTL-Drought,I,0.257
OTL-Drought,I,0.258
OTL-Drought,I,0.260
OTL-Drought,I,0.262
OTL-Drought,I,0.264
OTL-Drought,I,0.266
OTL-Drought,I,0.267
OTL-Drought,I,0.268
OTL-Drought,I,0.268
OTL-Drought,I,0.268
OTL-Drought,I,0.268
OTL-Drought,I,0.268
OTL-Drought,I,0.268
OTL-Drought,I,0.267
OTL-Drought,I,0.266
OTL-Drought,I,0.265
OTL-Drought,I,0.264
OTL-Drought,I,0.263
OTL-Drought,I,0.263
OTL-Drought,I,0.262
OTL-Drought,I,0.261
OTL-Drought,I,0.260
OTL-Drought,I,0.259
OTL-Drought,I,0.259
OTL-Drought,I,0.259
OTL-Drought,I,0.260
OTL-Drought,I,0.261
OTL-Drought,I,0.264
OTL-Drought,I,0.266
OTL-Drought,I,0.268
OTL-Drought,I,0.269
OTL-Drought,I,0.270
OTL-Drought,I,0.270
OTL-Drought,I,0.270
OTL-Drought,I,0.270
OTL-Drought,I,0.270
OTL-Drought,I,0.269
OTL-Drought,I,0.268
OTL-Drought,I,0.268
OTL-Drought,I,0.267
OTL-Drought,I,0.266
OTL-Drought,I,0.265
OTL-Drought,I,0.264
OTL-Drought,I,0.263
OTL-Drought,I,0.262
OTL-Drought,I,0.262
OTL-Drought,I,0.261
OTL-Drought,I,0.261
OTL-Drought,I,0.261
OTL-Drought,I,0.261
OTL-Drought,I,0.263
OTL-Drought,I,0.265
OTL-Drought,I,0.267
OTL-Drought,I,0.269
OTL-Drought,I,0.270
OTL-Drought,I,0.270
OTL-Drought,I,0.270
OTL-Drought,I,0.270
OTL-Drought,I,0.270
OTL-Drought,I,0.270
OTL-Drought,I,0.269
OTL-Drought,I,0.268
OTL-Drought,I,0.267
OTL-Drought,I,0.266
OTL-Drought,I,0.265
OTL-Drought,I,0.264
OTL-Drought,I,0.263
OTL-Drought,I,0.262
OTL-Drought,I,0.261
OTL-Drought,I,0.260
OTL-Drought,I,0.259
OTL-Drought,I,0.259
OTL-Drought,I,0.258
OTL-Drought,I,0.259
OTL-Drought,I,0.261
OTL-Drought,I,0.263
OTL-Drought,I,0.265
OTL-Drought,I,0.267
OTL-Drought,I,0.268
OTL-Drought,I,0.268
OTL-Drought,I,0.268
OTL-Drought,I,0.268
OTL-Drought,I,0.268
OTL-Drought,I,0.268
OTL-Drought,I,0.267
OTL-Drought,I,0.266
OTL-Drought,I,0.265
OTL-Drought,I,0.264
OTL-Drought,I,0.263
OTL-Drought,I,0.262
OTL-Drought,I,0.261
OTL-Drought,I,0.260
OTL-Drought,I,0.259
OTL-Drought,I,0.258
OTL-Drought,I,0.257
OTL-Drought,I,0.257
OTL-Drought,I,0.257
OTL-Drought,I,0.258
OTL-Drought,I,0.259
OTL-Drought,I,0.261
OTL-Drought,I,0.263
OTL-Drought,I,0.265
OTL-Drought,I,0.267
OTL-Drought,I,0.267
OTL-Drought,I,0.267
OTL-Drought,I,0.267
OTL-Drought,I,0.267
OTL-Drought,I,0.267
OTL-Drought,I,0.266
OTL-Drought,I,0.266
OTL-Drought,I,0.265
OTL-Drought,I,0.264
OTL-Drought,I,0.263
OTL-Drought,I,0.262
OTL-Drought,I,0.261
OTL-Drought,I,0.260
OTL-Drought,I,0.259
OTL-Drought,I,0.258
OTL-Drought,I,0.257
OTL-Drought,I,0.257
OTL-Drought,I,0.257
OTL-Drought,I,0.257
OTL-Drought,I,0.259
OTL-Drought,I,0.261
OTL-Drought,I,0.263
OTL-Drought,I,0.265
OTL-Drought,I,0.266
OTL-Drought,I,0.267
OTL-Drought,I,0.267
OTL-Drought,I,0.267
OTL-Drought,I,0.266
OTL-Drought,I,0.266
OTL-Drought,I,0.265
OTL-Drought,I,0.264
OTL-Drought,I,0.263
OTL-Drought,I,0.262
OTL-Drought,I,0.261
OTL-Drought,I,0.260
OTL-Drought,I,0.259
OTL-Drought,I,0.258
OTL-Drought,I,0.257
OTL-Drought,I,0.256
OTL-Drought,I,0.255
OTL-Drought,I,0.255
OTL-Drought,I,0.254
OTL-Drought,I,0.255
OTL-Drought,I,0.256
OTL-Drought,I,0.258
OTL-Drought,I,0.260
OTL-Drought,I,0.262
OTL-Drought,I,0.263
OTL-Drought,I,0.264
OTL-Drought,I,0.264
OTL-Drought,I,0.264
OTL-Drought,I,0.264
OTL-Drought,I,0.263
OTL-Drought,I,0.263
OTL-Drought,I,0.262
OTL-Drought,I,0.261
OTL-Drought,I,0.260
OTL-Drought,I,0.259
OTL-Drought,I,0.258
OTL-Drought,I,0.257
OTL-Drought,I,0.256
OTL-Drought,I,0.256
OTL-Drought,I,0.255
OTL-Drought,I,0.254
OTL-Drought,I,0.253
OTL-Drought,I,0.253
OTL-Drought,I,0.254
OTL-Drought,I,0.256
OTL-Drought,I,0.258
OTL-Drought,I,0.260
OTL-Drought,I,0.262
OTL-Drought,I,0.263
OTL-Drought,I,0.264
OTL-Drought,I,0.264
OTL-Drought,I,0.264
OTL-Drought,I,0.264
OTL-Drought,I,0.263
OTL-Drought,I,0.263
OTL-Drought,I,0.262
OTL-Drought,I,0.261
OTL-Drought,I,0.260
OTL-Drought,I,0.259
OTL-Drought,I,0.257
OTL-Drought,I,0.256
OTL-Drought,I,0.256
OTL-Drought,I,0.255
OTL-Drought,I,0.254
OTL-Drought,I,0.253
OTL-Drought,I,0.252
OTL-Drought,I,0.252
OTL-Drought,I,0.253
OTL-Drought,I,0.254
OTL-Drought,I,0.256
OTL-Drought,I,0.258
OTL-Drought,I,0.260
OTL-Drought,I,0.261
OTL-Drought,I,0.262
OTL-Drought,I,0.262
OTL-Drought,I,0.262
OTL-Drought,I,0.262
OTL-Drought,I,0.261
OTL-Drought,I,0.261
OTL-Drought,I,0.260
OTL-Drought,I,0.259
OTL-Drought,I,0.257
OTL-Drought,I,0.256
OTL-Drought,I,0.255
OTL-Drought,I,0.254
OTL-Drought,I,0.253
OTL-Drought,I,0.252
OTL-Drought,I,0.252
OTL-Drought,I,0.251
OTL-Drought,I,0.250
OTL-Drought,I,0.250
OTL-Drought,I,0.251
OTL-Drought,I,0.252
OTL-Drought,I,0.254
OTL-Drought,I,0.256
OTL-Drought,I,0.258
OTL-Drought,I,0.260
OTL-Drought,I,0.261
OTL-Drought,I,0.262
OTL-Drought,I,0.262
OTL-Drought,I,0.262
OTL-Drought,I,0.262
OTL-Drought,I,0.261
OTL-Drought,I,0.260
OTL-Drought,I,0.259
OTL-Drought,I,0.258
OTL-Drought,I,0.257
OTL-Drought,I,0.256
OTL-Drought,I,0.255
OTL-Drought,I,0.254
OTL-Drought,I,0.253
OTL-Drought,I,0.252
OTL-Drought,I,0.251
OTL-Drought,I,0.250
OTL-Drought,I,0.250
OTL-Drought,I,0.251
OTL-Drought,I,0.253
OTL-Drought,I,0.255
OTL-Drought,I,0.257
OTL-Drought,I,0.259
OTL-Drought,I,0.261
OTL-Drought,I,0.262
OTL-Drought,I,0.262
OTL-Drought,I,0.262
OTL-Drought,I,0.262
OTL-Drought,I,0.262
OTL-Drought,I,0.262
OTL-Drought,I,0.261
OTL-Drought,I,0.260
OTL-Drought,I,0.258
OTL-Drought,I,0.257
OTL-Drought,I,0.256
OTL-Drought,I,0.255
OTL-Drought,I,0.254
OTL-Drought,I,0.253
OTL-Drought,I,0.252
OTL-Drought,I,0.251
OTL-Drought,I,0.251
OTL-Drought,I,0.251
OTL-Drought,I,0.251
OTL-Drought,I,0.252
OTL-Drought,I,0.254
OTL-Drought,I,0.256
OTL-Drought,I,0.258
OTL-Drought,I,0.260
OTL-Drought,I,0.261
OTL-Drought,I,0.262
OTL-Drought,I,0.261
OTL-Drought,I,0.261
OTL-Drought,I,0.261
OTL-Drought,I,0.260
OTL-Drought,I,0.258
OTL-Drought,I,0.257
OTL-Drought,I,0.256
OTL-Drought,I,0.255
OTL-Drought,I,0.254
OTL-Drought,I,0.253
OTL-Drought,I,0.252
OTL-Drought,I,0.251
OTL-Drought,I,0.250
OTL-Drought,I,0.249
OTL-Drought,I,0.248
OTL-Drought,I,0.248
OTL-Drought,I,0.249
OTL-Drought,I,0.250
OTL-Drought,I,0.252
OTL-Drought,I,0.254
OTL-Drought,I,0.256
OTL-Drought,I,0.257
OTL-Drought,I,0.258
OTL-Drought,I,0.259
OTL-Drought,I,0.259
OTL-Drought,I,0.258
OTL-Drought,I,0.258
OTL-Drought,I,0.257
OTL-Drought,I,0.256
OTL-Drought,I,0.255
OTL-Drought,I,0.254
OTL-Drought,I,0.253
OTL-Drought,I,0.252
OTL-Drought,I,0.251
OTL-Drought,I,0.250
OTL-Drought,I,0.249
OTL-Drought,I,0.248
OTL-Drought,I,0.247
OTL-Drought,I,0.247
OTL-Drought,I,0.246
OTL-Drought,I,0.247
OTL-Drought,I,0.248
OTL-Drought,I,0.250
OTL-Drought,I,0.253
OTL-Drought,I,0.254
OTL-Drought,I,0.256
OTL-Drought,I,0.257
OTL-Drought,I,0.258
OTL-Drought,I,0.258
OTL-Drought,I,0.258
OTL-Drought,I,0.257
OTL-Drought,I,0.256
OTL-Drought,I,0.255
OTL-Drought,I,0.254
OTL-Drought,I,0.253
OTL-Drought,I,0.252
OTL-Drought,I,0.251
OTL-Drought,I,0.250
OTL-Drought,I,0.249
OTL-Drought,I,0.248
OTL-Drought,I,0.248
OTL-Drought,I,0.247
OTL-Drought,I,0.246
OTL-Drought,I,0.246
OTL-Drought,I,0.247
OTL-Drought,I,0.248
OTL-Drought,I,0.250
OTL-Drought,I,0.252
OTL-Drought,I,0.254
OTL-Drought,I,0.256
OTL-Drought,I,0.257
OTL-Drought,I,0.257
OTL-Drought,I,0.257
OTL-Drought,I,0.257
OTL-Drought,I,0.257
OTL-Drought,I,0.256
OTL-Drought,I,0.255
OTL-Drought,I,0.254
OTL-Drought,I,0.252
OTL-Drought,I,0.251
OTL-Drought,I,0.250
OTL-Drought,I,0.249
OTL-Drought,I,0.248
OTL-Drought,I,0.247
OTL-Drought,I,0.247
OTL-Drought,I,0.246
OTL-Drought,I,0.245
OTL-Drought,I,0.245
OTL-Drought,I,0.246
OTL-Drought,I,0.247
OTL-Drought,I,0.249
OTL-Drought,I,0.251
OTL-Drought,I,0.253
OTL-Drought,I,0.255
OTL-Drought,I,0.256
OTL-Drought,I,0.257
OTL-Drought,I,0.257
OTL-Drought,I,0.257
OTL-Drought,I,0.256
OTL-Drought,I,0.255
OTL-Drought,I,0.254
OTL-Drought,I,0.253
OTL-Drought,I,0.252
OTL-Drought,I,0.250
OTL-Drought,I,0.249
OTL-Drought,I,0.249
OTL-Drought,I,0.248
OTL-Drought,I,0.247
OTL-Drought,I,0.246
OTL-Drought,I,0.246
OTL-Drought,I,0.245
OTL-Drought,I,0.245
OTL-Drought,I,0.245
OTL-Drought,I,0.246
OTL-Drought,I,0.247
OTL-Drought,I,0.248
OTL-Drought,I,0.249
OTL-Drought,I,0.251
OTL-Drought,I,0.252
OTL-Drought,I,0.253
OTL-Drought,I,0.253
OTL-Drought,I,0.253
OTL-Drought,I,0.252
OTL-Drought,I,0.252
OTL-Drought,I,0.251
OTL-Drought,I,0.250
OTL-Drought,I,0.249
OTL-Drought,I,0.248
OTL-Drought,I,0.247
OTL-Drought,I,0.246
OTL-Drought,I,0.245
OTL-Drought,I,0.244
OTL-Drought,I,0.243
OTL-Drought,I,0.243
OTL-Drought,I,0.242
OTL-Drought,I,0.242
OTL-Drought,I,0.243
OTL-Drought,I,0.244
OTL-Drought,I,0.247
OTL-Drought,I,0.249
OTL-Drought,I,0.251
OTL-Drought,I,0.253
OTL-Drought,I,0.254
OTL-Drought,I,0.254
OTL-Drought,I,0.255
OTL-Drought,I,0.254
OTL-Drought,I,0.254
OTL-Drought,I,0.253
OTL-Drought,I,0.252
OTL-Drought,I,0.251
OTL-Drought,I,0.249
OTL-Drought,I,0.248
OTL-Drought,I,0.247
OTL-Drought,I,0.246
OTL-Drought,I,0.245
OTL-Drought,I,0.244
OTL-Drought,I,0.244
OTL-Drought,I,0.243
OTL-Drought,I,0.242
OTL-Drought,I,0.242
OTL-Drought,I,0.243
OTL-Drought,I,0.244
OTL-Drought,I,0.246
OTL-Drought,I,0.248
OTL-Drought,I,0.250
OTL-Drought,I,0.252
OTL-Drought,I,0.253
OTL-Drought,I,0.253
OTL-Drought,I,0.254
OTL-Drought,I,0.254
OTL-Drought,I,0.253
OTL-Drought,I,0.252
OTL-Drought,I,0.251
OTL-Drought,I,0.250
OTL-Drought,I,0.249
OTL-Drought,I,0.247
OTL-Drought,I,0.246
OTL-Drought,I,0.245
OTL-Drought,I,0.244
OTL-Drought,I,0.243
OTL-Drought,I,0.243
OTL-Drought,I,0.242
OTL-Drought,I,0.241
OTL-Drought,I,0.241
OTL-Drought,I,0.242
OTL-Drought,I,0.243
OTL-Drought,I,0.245
OTL-Drought,I,0.247
OTL-Drought,I,0.249
OTL-Drought,I,0.251
OTL-Drought,I,0.252
OTL-Drought,I,0.252
OTL-Drought,I,0.253
OTL-Drought,I,0.253
OTL-Drought,I,0.252
OTL-Drought,I,0.251
OTL-Drought,I,0.250
OTL-Drought,I,0.249
OTL-Drought,J,0.382
OTL-Drought,J,0.382
OTL-Drought,J,0.382
OTL-Drought,J,0.381
OTL-Drought,J,0.370
OTL-Drought,J,0.368
OTL-Drought,J,0.367
OTL-Drought,J,0.367
OTL-Drought,J,0.366
OTL-Drought,J,0.365
OTL-Drought,J,0.364
OTL-Drought,J,0.363
OTL-Drought,J,0.363
OTL-Drought,J,0.362
OTL-Drought,J,0.363
OTL-Drought,J,0.363
OTL-Drought,J,0.363
OTL-Drought,J,0.364
OTL-Drought,J,0.364
OTL-Drought,J,0.364
OTL-Drought,J,0.364
OTL-Drought,J,0.364
OTL-Drought,J,0.363
OTL-Drought,J,0.363
OTL-Drought,J,0.363
OTL-Drought,J,0.362
OTL-Drought,J,0.362
OTL-Drought,J,0.362
OTL-Drought,J,0.361
OTL-Drought,J,0.361
OTL-Drought,J,0.361
OTL-Drought,J,0.360
OTL-Drought,J,0.360
OTL-Drought,J,0.359
OTL-Drought,J,0.359
OTL-Drought,J,0.359
OTL-Drought,J,0.359
OTL-Drought,J,0.360
OTL-Drought,J,0.361
OTL-Drought,J,0.362
OTL-Drought,J,0.363
OTL-Drought,J,0.364
OTL-Drought,J,0.365
OTL-Drought,J,0.366
OTL-Drought,J,0.366
OTL-Drought,J,0.366
OTL-Drought,J,0.365
OTL-Drought,J,0.365
OTL-Drought,J,0.365
OTL-Drought,J,0.364
OTL-Drought,J,0.364
OTL-Drought,J,0.363
OTL-Drought,J,0.363
OTL-Drought,J,0.362
OTL-Drought,J,0.362
OTL-Drought,J,0.362
OTL-Drought,J,0.361
OTL-Drought,J,0.361
OTL-Drought,J,0.360
OTL-Drought,J,0.360
OTL-Drought,J,0.360
OTL-Drought,J,0.361
OTL-Drought,J,0.362
OTL-Drought,J,0.363
OTL-Drought,J,0.364
OTL-Drought,J,0.365
OTL-Drought,J,0.366
OTL-Drought,J,0.367
OTL-Drought,J,0.367
OTL-Drought,J,0.367
OTL-Drought,J,0.366
OTL-Drought,J,0.366
OTL-Drought,J,0.365
OTL-Drought,J,0.365
OTL-Drought,J,0.364
OTL-Drought,J,0.364
OTL-Drought,J,0.363
OTL-Drought,J,0.363
OTL-Drought,J,0.363
OTL-Drought,J,0.362
OTL-Drought,J,0.362
OTL-Drought,J,0.362
OTL-Drought,J,0.361
OTL-Drought,J,0.361
OTL-Drought,J,0.361
OTL-Drought,J,0.361
OTL-Drought,J,0.362
OTL-Drought,J,0.362
OTL-Drought,J,0.362
OTL-Drought,J,0.362
OTL-Drought,J,0.363
OTL-Drought,J,0.363
OTL-Drought,J,0.363
OTL-Drought,J,0.363
OTL-Drought,J,0.363
OTL-Drought,J,0.362
OTL-Drought,J,0.362
OTL-Drought,J,0.361
OTL-Drought,J,0.361
OTL-Drought,J,0.360
OTL-Drought,J,0.360
OTL-Drought,J,0.360
OTL-Drought,J,0.360
OTL-Drought,J,0.361
OTL-Drought,J,0.361
OTL-Drought,J,0.361
OTL-Drought,J,0.361
OTL-Drought,J,0.361
OTL-Drought,J,0.362
OTL-Drought,J,0.363
OTL-Drought,J,0.364
OTL-Drought,J,0.365
OTL-Drought,J,0.366
OTL-Drought,J,0.366
OTL-Drought,J,0.367
OTL-Drought,J,0.367
OTL-Drought,J,0.367
OTL-Drought,J,0.367
OTL-Drought,J,0.367
OTL-Drought,J,0.366
OTL-Drought,J,0.366
OTL-Drought,J,0.365
OTL-Drought,J,0.365
OTL-Drought,J,0.364
OTL-Drought,J,0.364
OTL-Drought,J,0.363
OTL-Drought,J,0.363
OTL-Drought,J,0.363
OTL-Drought,J,0.362
OTL-Drought,J,0.362
OTL-Drought,J,0.362
OTL-Drought,J,0.362
OTL-Drought,J,0.362
OTL-Drought,J,0.362
OTL-Drought,J,0.363
OTL-Drought,J,0.364
OTL-Drought,J,0.364
OTL-Drought,J,0.365
OTL-Drought,J,0.366
OTL-Drought,J,0.366
OTL-Drought,J,0.366
OTL-Drought,J,0.366
OTL-Drought,J,0.366
OTL-Drought,J,0.365
OTL-Drought,J,0.365
OTL-Drought,J,0.364
OTL-Drought,J,0.364
OTL-Drought,J,0.364
OTL-Drought,J,0.364
OTL-Drought,J,0.363
OTL-Drought,J,0.363
OTL-Drought,J,0.363
OTL-Drought,J,0.362
OTL-Drought,J,0.362
OTL-Drought,J,0.362
OTL-Drought,J,0.362
OTL-Drought,J,0.362
OTL-Drought,J,0.362
OTL-Drought,J,0.363
OTL-Drought,J,0.364
OTL-Drought,J,0.365
OTL-Drought,J,0.366
OTL-Drought,J,0.366
OTL-Drought,J,0.366
OTL-Drought,J,0.366
OTL-Drought,J,0.366
OTL-Drought,J,0.365
OTL-Drought,J,0.365
OTL-Drought,J,0.364
OTL-Drought,J,0.364
OTL-Drought,J,0.363
OTL-Drought,J,0.363
OTL-Drought,J,0.363
OTL-Drought,J,0.363
OTL-Drought,J,0.362
OTL-Drought,J,0.362
OTL-Drought,J,0.362
OTL-Drought,J,0.362
OTL-Drought,J,0.362
OTL-Drought,J,0.361
OTL-Drought,J,0.362
OTL-Drought,J,0.362
OTL-Drought,J,0.363
OTL-Drought,J,0.365
OTL-Drought,J,0.366
OTL-Drought,J,0.367
OTL-Drought,J,0.368
OTL-Drought,J,0.369
OTL-Drought,J,0.369
OTL-Drought,J,0.368
OTL-Drought,J,0.368
OTL-Drought,J,0.367
OTL-Drought,J,0.366
OTL-Drought,J,0.366
OTL-Drought,J,0.365
OTL-Drought,J,0.365
OTL-Drought,J,0.364
OTL-Drought,J,0.363
OTL-Drought,J,0.363
OTL-Drought,J,0.362
OTL-Drought,J,0.362
OTL-Drought,J,0.361
OTL-Drought,J,0.361
OTL-Drought,J,0.361
OTL-Drought,J,0.361
OTL-Drought,J,0.361
OTL-Drought,J,0.361
OTL-Drought,J,0.362
OTL-Drought,J,0.362
OTL-Drought,J,0.363
OTL-Drought,J,0.378
OTL-Drought,J,0.386
OTL-Drought,J,0.387
OTL-Drought,J,0.388
OTL-Drought,J,0.388
OTL-Drought,J,0.388
OTL-Drought,J,0.388
OTL-Drought,J,0.388
OTL-Drought,J,0.388
OTL-Drought,J,0.388
OTL-Drought,J,0.389
OTL-Drought,J,0.389
OTL-Drought,J,0.389
OTL-Drought,J,0.390
OTL-Drought,J,0.390
OTL-Drought,J,0.390
OTL-Drought,J,0.391
OTL-Drought,J,0.391
OTL-Drought,J,0.391
OTL-Drought,J,0.392
OTL-Drought,J,0.393
OTL-Drought,J,0.395
OTL-Drought,J,0.395
OTL-Drought,J,0.395
OTL-Drought,J,0.395
OTL-Drought,J,0.396
OTL-Drought,J,0.397
OTL-Drought,J,0.397
OTL-Drought,J,0.396
OTL-Drought,J,0.384
OTL-Drought,J,0.383
OTL-Drought,J,0.382
OTL-Drought,J,0.381
OTL-Drought,J,0.380
OTL-Drought,J,0.380
OTL-Drought,J,0.379
OTL-Drought,J,0.379
OTL-Drought,J,0.378
OTL-Drought,J,0.378
OTL-Drought,J,0.377
OTL-Drought,J,0.377
OTL-Drought,J,0.377
OTL-Drought,J,0.377
OTL-Drought,J,0.377
OTL-Drought,J,0.377
OTL-Drought,J,0.377
OTL-Drought,J,0.383
OTL-Drought,J,0.387
OTL-Drought,J,0.389
OTL-Drought,J,0.389
OTL-Drought,J,0.390
OTL-Drought,J,0.390
OTL-Drought,J,0.390
OTL-Drought,J,0.390
OTL-Drought,J,0.390
OTL-Drought,J,0.389
OTL-Drought,J,0.384
OTL-Drought,J,0.383
OTL-Drought,J,0.382
OTL-Drought,J,0.381
OTL-Drought,J,0.380
OTL-Drought,J,0.380
OTL-Drought,J,0.379
OTL-Drought,J,0.379
OTL-Drought,J,0.379
OTL-Drought,J,0.379
OTL-Drought,J,0.379
OTL-Drought,J,0.379
OTL-Drought,J,0.379
OTL-Drought,J,0.385
OTL-Drought,J,0.390
OTL-Drought,J,0.391
OTL-Drought,J,0.391
OTL-Drought,J,0.392
OTL-Drought,J,0.392
OTL-Drought,J,0.392
OTL-Drought,J,0.392
OTL-Drought,J,0.392
OTL-Drought,J,0.392
OTL-Drought,J,0.392
OTL-Drought,J,0.393
OTL-Drought,J,0.393
OTL-Drought,J,0.393
OTL-Drought,J,0.393
OTL-Drought,J,0.392
OTL-Drought,J,0.387
OTL-Drought,J,0.386
OTL-Drought,J,0.385
OTL-Drought,J,0.385
OTL-Drought,J,0.384
OTL-Drought,J,0.384
OTL-Drought,J,0.384
OTL-Drought,J,0.384
OTL-Drought,J,0.384
OTL-Drought,J,0.385
OTL-Drought,J,0.385
OTL-Drought,J,0.385
OTL-Drought,J,0.386
OTL-Drought,J,0.386
OTL-Drought,J,0.385
OTL-Drought,J,0.385
OTL-Drought,J,0.384
OTL-Drought,J,0.384
OTL-Drought,J,0.384
OTL-Drought,J,0.383
OTL-Drought,J,0.383
OTL-Drought,J,0.383
OTL-Drought,J,0.382
OTL-Drought,J,0.382
OTL-Drought,J,0.382
OTL-Drought,J,0.381
OTL-Drought,J,0.389
OTL-Drought,J,0.396
OTL-Drought,J,0.397
OTL-Drought,J,0.397
OTL-Drought,J,0.397
OTL-Drought,J,0.398
OTL-Drought,J,0.398
OTL-Drought,J,0.398
OTL-Drought,J,0.399
OTL-Drought,J,0.400
OTL-Drought,J,0.401
OTL-Drought,J,0.401
OTL-Drought,J,0.401
OTL-Drought,J,0.401
OTL-Drought,J,0.401
OTL-Drought,J,0.400
OTL-Drought,J,0.399
OTL-Drought,J,0.399
OTL-Drought,J,0.398
OTL-Drought,J,0.398
OTL-Drought,J,0.397
OTL-Drought,J,0.397
OTL-Drought,J,0.397
OTL-Drought,J,0.397
OTL-Drought,J,0.397
OTL-Drought,J,0.397
OTL-Drought,J,0.397
OTL-Drought,J,0.397
OTL-Drought,J,0.397
OTL-Drought,J,0.398
OTL-Drought,J,0.399
OTL-Drought,J,0.399
OTL-Drought,J,0.400
OTL-Drought,J,0.401
OTL-Drought,J,0.393
OTL-Drought,J,0.391
OTL-Drought,J,0.391
OTL-Drought,J,0.390
OTL-Drought,J,0.389
OTL-Drought,J,0.388
OTL-Drought,J,0.387
OTL-Drought,J,0.386
OTL-Drought,J,0.385
OTL-Drought,J,0.384
OTL-Drought,J,0.384
OTL-Drought,J,0.383
OTL-Drought,J,0.383
OTL-Drought,J,0.382
OTL-Drought,J,0.382
OTL-Drought,J,0.381
OTL-Drought,J,0.381
OTL-Drought,J,0.381
OTL-Drought,J,0.382
OTL-Drought,J,0.382
OTL-Drought,J,0.383
OTL-Drought,J,0.385
OTL-Drought,J,0.386
OTL-Drought,J,0.387
OTL-Drought,J,0.388
OTL-Drought,J,0.388
OTL-Drought,J,0.388
OTL-Drought,J,0.387
OTL-Drought,J,0.386
OTL-Drought,J,0.385
OTL-Drought,J,0.385
OTL-Drought,J,0.384
OTL-Drought,J,0.383
OTL-Drought,J,0.382
OTL-Drought,J,0.382
OTL-Drought,J,0.381
OTL-Drought,J,0.381
OTL-Drought,J,0.380
OTL-Drought,J,0.379
OTL-Drought,J,0.379
OTL-Drought,J,0.378
OTL-Drought,J,0.379
OTL-Drought,J,0.380
OTL-Drought,J,0.381
OTL-Drought,J,0.382
OTL-Drought,J,0.383
OTL-Drought,J,0.385
OTL-Drought,J,0.386
OTL-Drought,J,0.386
OTL-Drought,J,0.387
OTL-Drought,J,0.386
OTL-Drought,J,0.386
OTL-Drought,J,0.385
OTL-Drought,J,0.384
OTL-Drought,J,0.384
OTL-Drought,J,0.383
OTL-Drought,J,0.382
OTL-Drought,J,0.381
OTL-Drought,J,0.381
OTL-Drought,J,0.380
OTL-Drought,J,0.379
OTL-Drought,J,0.379
OTL-Drought,J,0.378
OTL-Drought,J,0.378
OTL-Drought,J,0.378
OTL-Drought,J,0.378
OTL-Drought,J,0.379
OTL-Drought,J,0.379
OTL-Drought,J,0.380
OTL-Drought,J,0.381
OTL-Drought,J,0.382
OTL-Drought,J,0.382
OTL-Drought,J,0.382
OTL-Drought,J,0.382
OTL-Drought,J,0.382
OTL-Drought,J,0.382
OTL-Drought,J,0.382
OTL-Drought,J,0.381
OTL-Drought,J,0.381
OTL-Drought,J,0.380
OTL-Drought,J,0.380
OTL-Drought,J,0.380
OTL-Drought,J,0.379
OTL-Drought,J,0.379
OTL-Drought,J,0.379
OTL-Drought,J,0.379
OTL-Drought,J,0.378
OTL-Drought,J,0.380
OTL-Drought,J,0.389
OTL-Drought,J,0.394
OTL-Drought,J,0.395
OTL-Drought,J,0.395
OTL-Drought,J,0.395
OTL-Drought,J,0.389
OTL-Drought,J,0.388
OTL-Drought,J,0.386
OTL-Drought,J,0.386
OTL-Drought,J,0.386
OTL-Drought,J,0.385
OTL-Drought,J,0.385
OTL-Drought,J,0.385
OTL-Drought,J,0.384
OTL-Drought,J,0.384
OTL-Drought,J,0.383
OTL-Drought,J,0.383
OTL-Drought,J,0.382
OTL-Drought,J,0.382
OTL-Drought,J,0.382
OTL-Drought,J,0.381
OTL-Drought,J,0.381
OTL-Drought,J,0.381
OTL-Drought,J,0.380
OTL-Drought,J,0.380
OTL-Drought,J,0.380
OTL-Drought,J,0.381
OTL-Drought,J,0.382
OTL-Drought,J,0.383
OTL-Drought,J,0.384
OTL-Drought,J,0.385
OTL-Drought,J,0.386
OTL-Drought,J,0.386
OTL-Drought,J,0.387
OTL-Drought,J,0.386
OTL-Drought,J,0.385
OTL-Drought,J,0.385
OTL-Drought,J,0.384
OTL-Drought,J,0.383
OTL-Drought,J,0.382
OTL-Drought,J,0.382
OTL-Drought,J,0.381
OTL-Drought,J,0.381
OTL-Drought,J,0.380
OTL-Drought,J,0.380
OTL-Drought,J,0.380
OTL-Drought,J,0.379
OTL-Drought,J,0.379
OTL-Drought,J,0.379
OTL-Drought,J,0.386
OTL-Drought,J,0.396
OTL-Drought,J,0.397
OTL-Drought,J,0.397
OTL-Drought,J,0.397
OTL-Drought,J,0.398
OTL-Drought,J,0.398
OTL-Drought,J,0.398
OTL-Drought,J,0.398
OTL-Drought,J,0.398
OTL-Drought,J,0.398
OTL-Drought,J,0.398
OTL-Drought,J,0.398
OTL-Drought,J,0.398
OTL-Drought,J,0.398
OTL-Drought,J,0.398
OTL-Drought,J,0.398
OTL-Drought,J,0.398
OTL-Drought,J,0.398
OTL-Drought,J,0.398
OTL-Drought,J,0.398
OTL-Drought,J,0.398
OTL-Drought,J,0.398
OTL-Drought,J,0.398
OTL-Drought,J,0.399
OTL-Drought,J,0.399
OTL-Drought,J,0.399
OTL-Drought,J,0.400
OTL-Drought,J,0.401
OTL-Drought,J,0.401
OTL-Drought,J,0.402
OTL-Drought,J,0.402
OTL-Drought,J,0.402
OTL-Drought,J,0.402
OTL-Drought,J,0.402
OTL-Drought,J,0.402
OTL-Drought,J,0.402
OTL-Drought,J,0.401
OTL-Drought,J,0.401
OTL-Drought,J,0.401
OTL-Drought,J,0.401
OTL-Drought,J,0.401
OTL-Drought,J,0.400
OTL-Drought,J,0.400
OTL-Drought,J,0.400
OTL-Drought,J,0.400
OTL-Drought,J,0.399
OTL-Drought,J,0.399
OTL-Drought,J,0.400
OTL-Drought,J,0.400
OTL-Drought,J,0.401
OTL-Drought,J,0.402
OTL-Drought,J,0.403
OTL-Drought,J,0.401
OTL-Drought,J,0.395
OTL-Drought,J,0.395
OTL-Drought,J,0.395
OTL-Drought,J,0.394
OTL-Drought,J,0.393
OTL-Drought,J,0.392
OTL-Drought,J,0.391
OTL-Drought,J,0.390
OTL-Drought,J,0.389
OTL-Drought,J,0.389
OTL-Drought,J,0.388
OTL-Drought,J,0.387
OTL-Drought,J,0.387
OTL-Drought,J,0.386
OTL-Drought,J,0.385
OTL-Drought,J,0.385
OTL-Drought,J,0.384
OTL-Drought,J,0.384
OTL-Drought,J,0.384
OTL-Drought,J,0.385
OTL-Drought,J,0.386
OTL-Drought,J,0.387
OTL-Drought,J,0.388
OTL-Drought,J,0.389
OTL-Drought,J,0.390
OTL-Drought,J,0.391
OTL-Drought,J,0.391
OTL-Drought,J,0.390
OTL-Drought,J,0.390
OTL-Drought,J,0.389
OTL-Drought,J,0.388
OTL-Drought,J,0.388
OTL-Drought,J,0.386
OTL-Drought,J,0.386
OTL-Drought,J,0.385
OTL-Drought,J,0.384
OTL-Drought,J,0.384
OTL-Drought,J,0.383
OTL-Drought,J,0.383
OTL-Drought,J,0.382
OTL-Drought,J,0.381
OTL-Drought,J,0.381
OTL-Drought,J,0.381
OTL-Drought,J,0.382
OTL-Drought,J,0.383
OTL-Drought,J,0.384
OTL-Drought,J,0.385
OTL-Drought,J,0.386
OTL-Drought,J,0.387
OTL-Drought,J,0.388
OTL-Drought,J,0.389
OTL-Drought,J,0.388
OTL-Drought,J,0.388
OTL-Drought,J,0.387
OTL-Drought,J,0.386
OTL-Drought,J,0.385
OTL-Drought,J,0.384
OTL-Drought,J,0.384
OTL-Drought,J,0.383
OTL-Drought,J,0.382
OTL-Drought,J,0.381
OTL-Drought,J,0.381
OTL-Drought,J,0.380
OTL-Drought,J,0.379
OTL-Drought,J,0.379
OTL-Drought,J,0.379
OTL-Drought,J,0.379
OTL-Drought,J,0.380
OTL-Drought,J,0.381
OTL-Drought,J,0.382
OTL-Drought,J,0.384
OTL-Drought,J,0.385
OTL-Drought,J,0.386
OTL-Drought,J,0.387
OTL-Drought,J,0.388
OTL-Drought,J,0.387
OTL-Drought,J,0.386
OTL-Drought,J,0.385
OTL-Drought,J,0.384
OTL-Drought,J,0.383
OTL-Drought,J,0.382
OTL-Drought,J,0.381
OTL-Drought,J,0.381
OTL-Drought,J,0.380
OTL-Drought,J,0.379
OTL-Drought,J,0.378
OTL-Drought,J,0.377
OTL-Drought,J,0.377
OTL-Drought,J,0.376
OTL-Drought,J,0.376
OTL-Drought,J,0.376
OTL-Drought,J,0.377
OTL-Drought,J,0.379
OTL-Drought,J,0.380
OTL-Drought,J,0.382
OTL-Drought,J,0.384
OTL-Drought,J,0.385
OTL-Drought,J,0.386
OTL-Drought,J,0.386
OTL-Drought,J,0.386
OTL-Drought,J,0.385
OTL-Drought,J,0.384
OTL-Drought,J,0.383
OTL-Drought,J,0.383
OTL-Drought,J,0.382
OTL-Drought,J,0.381
OTL-Drought,J,0.381
OTL-Drought,J,0.380
OTL-Drought,J,0.380
OTL-Drought,J,0.380
OTL-Drought,J,0.379
OTL-Drought,J,0.379
OTL-Drought,J,0.378
OTL-Drought,J,0.378
OTL-Drought,J,0.378
OTL-Drought,J,0.377
OTL-Drought,J,0.377
OTL-Drought,J,0.377
OTL-Drought,J,0.377
OTL-Drought,J,0.377
OTL-Drought,J,0.377
OTL-Drought,J,0.377
OTL-Drought,J,0.377
OTL-Drought,J,0.377
OTL-Drought,J,0.377
OTL-Drought,J,0.377
OTL-Drought,J,0.376
OTL-Drought,J,0.376
OTL-Drought,J,0.375
OTL-Drought,J,0.375
OTL-Drought,J,0.374
OTL-Drought,J,0.374
OTL-Drought,J,0.374
OTL-Drought,J,0.374
OTL-Drought,J,0.373
OTL-Drought,J,0.384
OTL-Drought,J,0.394
OTL-Drought,J,0.395
OTL-Drought,J,0.395
OTL-Drought,J,0.395
OTL-Drought,J,0.396
OTL-Drought,J,0.397
OTL-Drought,J,0.397
OTL-Drought,J,0.398
OTL-Drought,J,0.398
OTL-Drought,J,0.398
OTL-Drought,J,0.398
OTL-Drought,J,0.398
OTL-Drought,J,0.399
OTL-Drought,J,0.399
OTL-Drought,J,0.399
OTL-Drought,J,0.398
OTL-Drought,J,0.398
OTL-Drought,J,0.398
OTL-Drought,J,0.398
OTL-Drought,J,0.398
OTL-Drought,J,0.398
OTL-Drought,J,0.398
OTL-Drought,J,0.398
OTL-Drought,J,0.398
OTL-Drought,J,0.398
OTL-Drought,J,0.398
OTL-Drought,J,0.398
OTL-Drought,J,0.399
OTL-Drought,J,0.400
OTL-Drought,J,0.402
OTL-Drought,J,0.403
OTL-Drought,J,0.404
OTL-Drought,J,0.405
OTL-Drought,J,0.406
OTL-Drought,J,0.406
OTL-Drought,J,0.406
OTL-Drought,J,0.406
OTL-Drought,J,0.405
OTL-Drought,J,0.405
OTL-Drought,J,0.404
OTL-Drought,J,0.404
OTL-Drought,J,0.403
OTL-Drought,J,0.403
OTL-Drought,J,0.399
OTL-Drought,J,0.391
OTL-Drought,J,0.390
OTL-Drought,J,0.389
OTL-Drought,J,0.388
OTL-Drought,J,0.387
OTL-Drought,J,0.387
OTL-Drought,J,0.387
OTL-Drought,J,0.388
OTL-Drought,J,0.389
OTL-Drought,J,0.390
OTL-Drought,J,0.391
OTL-Drought,J,0.392
OTL-Drought,J,0.393
OTL-Drought,J,0.393
OTL-Drought,J,0.393
OTL-Drought,J,0.392
OTL-Drought,J,0.392
OTL-Drought,J,0.391
OTL-Drought,J,0.390
OTL-Drought,J,0.390
OTL-Drought,J,0.389
OTL-Drought,J,0.388
OTL-Drought,J,0.387
OTL-Drought,J,0.387
OTL-Drought,J,0.386
OTL-Drought,J,0.386
OTL-Drought,J,0.385
OTL-Drought,J,0.385
OTL-Drought,J,0.384
OTL-Drought,J,0.384
OTL-Drought,J,0.385
OTL-Drought,J,0.386
OTL-Drought,J,0.387
OTL-Drought,J,0.389
OTL-Drought,J,0.390
OTL-Drought,J,0.392
OTL-Drought,J,0.393
OTL-Drought,J,0.394
OTL-Drought,J,0.394
OTL-Drought,J,0.394
OTL-Drought,J,0.393
OTL-Drought,J,0.392
OTL-Drought,J,0.391
OTL-Drought,J,0.391
OTL-Drought,J,0.390
OTL-Drought,J,0.389
OTL-Drought,J,0.388
OTL-Drought,J,0.388
OTL-Drought,J,0.387
OTL-Drought,J,0.387
OTL-Drought,J,0.386
OTL-Drought,J,0.385
OTL-Drought,J,0.385
OTL-Drought,J,0.385
OTL-Drought,J,0.385
OTL-Drought,J,0.386
OTL-Drought,J,0.388
OTL-Drought,J,0.390
OTL-Drought,J,0.391
OTL-Drought,J,0.393
OTL-Drought,J,0.395
OTL-Drought,J,0.395
OTL-Drought,J,0.395
OTL-Drought,J,0.394
OTL-Drought,J,0.393
OTL-Drought,J,0.392
OTL-Drought,J,0.391
OTL-Drought,J,0.390
OTL-Drought,J,0.389
OTL-Drought,J,0.388
OTL-Drought,J,0.387
OTL-Drought,J,0.386
OTL-Drought,J,0.386
OTL-Drought,J,0.385
OTL-Drought,J,0.384
OTL-Drought,J,0.383
OTL-Drought,J,0.382
OTL-Drought,J,0.382
OTL-Drought,J,0.383
OTL-Drought,J,0.383
OTL-Drought,J,0.385
OTL-Drought,J,0.386
OTL-Drought,J,0.387
OTL-Drought,J,0.389
OTL-Drought,J,0.390
OTL-Drought,J,0.390
OTL-Drought,J,0.390
OTL-Drought,J,0.390
OTL-Drought,J,0.389
OTL-Drought,J,0.388
OTL-Drought,J,0.387
OTL-Drought,J,0.386
OTL-Drought,J,0.385
OTL-Drought,J,0.384
OTL-Drought,J,0.383
OTL-Drought,J,0.383
OTL-Drought,J,0.382
OTL-Drought,J,0.381
OTL-Drought,J,0.380
OTL-Drought,J,0.379
OTL-Drought,J,0.379
OTL-Drought,J,0.379
OTL-Drought,J,0.379
OTL-Drought,J,0.380
OTL-Drought,J,0.381
OTL-Drought,J,0.383
OTL-Drought,J,0.385
OTL-Drought,J,0.386
OTL-Drought,J,0.387
OTL-Drought,J,0.388
OTL-Drought,J,0.388
OTL-Drought,J,0.388
OTL-Drought,J,0.387
OTL-Drought,J,0.385
OTL-Drought,J,0.384
OTL-Drought,J,0.383
OTL-Drought,J,0.382
OTL-Drought,J,0.381
OTL-Drought,J,0.381
OTL-Drought,J,0.380
OTL-Drought,J,0.379
OTL-Drought,J,0.378
OTL-Drought,J,0.377
OTL-Drought,J,0.377
OTL-Drought,J,0.376
OTL-Drought,J,0.376
OTL-Drought,J,0.377
OTL-Drought,J,0.378
OTL-Drought,J,0.379
OTL-Drought,J,0.381
OTL-Drought,J,0.383
OTL-Drought,J,0.385
OTL-Drought,J,0.386
OTL-Drought,J,0.386
OTL-Drought,J,0.387
OTL-Drought,J,0.386
OTL-Drought,J,0.385
OTL-Drought,J,0.384
OTL-Drought,J,0.383
OTL-Drought,J,0.382
OTL-Drought,J,0.381
OTL-Drought,J,0.380
OTL-Drought,J,0.379
OTL-Drought,J,0.378
OTL-Drought,J,0.377
OTL-Drought,J,0.376
OTL-Drought,J,0.376
OTL-Drought,J,0.375
OTL-Drought,J,0.374
OTL-Drought,J,0.374
OTL-Drought,J,0.375
OTL-Drought,J,0.376
OTL-Drought,J,0.378
OTL-Drought,J,0.379
OTL-Drought,J,0.381
OTL-Drought,J,0.382
OTL-Drought,J,0.382
OTL-Drought,J,0.382
OTL-Drought,J,0.382
OTL-Drought,J,0.381
OTL-Drought,J,0.380
OTL-Drought,J,0.380
OTL-Drought,J,0.379
OTL-Drought,J,0.378
OTL-Drought,J,0.377
OTL-Drought,J,0.377
OTL-Drought,J,0.376
OTL-Drought,J,0.375
OTL-Drought,J,0.375
OTL-Drought,J,0.374
OTL-Drought,J,0.374
OTL-Drought,J,0.373
OTL-Drought,J,0.373
OTL-Drought,J,0.373
OTL-Drought,J,0.373
OTL-Drought,J,0.373
OTL-Drought,J,0.373
OTL-Drought,J,0.373
OTL-Drought,J,0.373
OTL-Drought,J,0.373
OTL-Drought,J,0.374
OTL-Drought,J,0.374
OTL-Drought,J,0.374
OTL-Drought,J,0.374
OTL-Drought,J,0.373
OTL-Drought,J,0.373
OTL-Drought,J,0.372
OTL-Drought,J,0.372
OTL-Drought,J,0.371
OTL-Drought,J,0.371
OTL-Drought,J,0.370
OTL-Drought,J,0.370
OTL-Drought,J,0.369
OTL-Drought,J,0.369
OTL-Drought,J,0.368
OTL-Drought,J,0.368
OTL-Drought,J,0.367
OTL-Drought,J,0.367
OTL-Drought,J,0.368
OTL-Drought,J,0.368
OTL-Drought,J,0.370
OTL-Drought,J,0.371
OTL-Drought,J,0.373
OTL-Drought,J,0.375
OTL-Drought,J,0.376
OTL-Drought,J,0.377
OTL-Drought,J,0.377
OTL-Drought,J,0.377
OTL-Drought,J,0.376
OTL-Drought,J,0.375
OTL-Drought,J,0.374
OTL-Drought,J,0.373
OTL-Drought,J,0.372
OTL-Drought,J,0.371
OTL-Drought,J,0.370
OTL-Drought,J,0.369
OTL-Drought,J,0.369
OTL-Drought,J,0.368
OTL-Drought,J,0.367
OTL-Drought,J,0.366
OTL-Drought,J,0.366
OTL-Drought,J,0.366
OTL-Drought,J,0.366
OTL-Drought,J,0.367
OTL-Drought,J,0.369
OTL-Drought,J,0.371
OTL-Drought,J,0.373
OTL-Drought,J,0.375
OTL-Drought,J,0.376
OTL-Drought,J,0.377
OTL-Drought,J,0.377
OTL-Drought,J,0.377
OTL-Drought,J,0.376
OTL-Drought,J,0.375
OTL-Drought,J,0.374
OTL-Drought,J,0.372
OTL-Drought,J,0.371
OTL-Drought,J,0.370
OTL-Drought,J,0.369
OTL-Drought,J,0.368
OTL-Drought,J,0.367
OTL-Drought,J,0.366
OTL-Drought,J,0.366
OTL-Drought,J,0.365
OTL-Drought,J,0.364
OTL-Drought,J,0.364
OTL-Drought,J,0.365
OTL-Drought,J,0.366
OTL-Drought,J,0.368
OTL-Drought,J,0.370
OTL-Drought,J,0.372
OTL-Drought,J,0.374
OTL-Drought,J,0.375
OTL-Drought,J,0.376
OTL-Drought,J,0.376
OTL-Drought,J,0.375
OTL-Drought,J,0.374
OTL-Drought,J,0.372
OTL-Drought,J,0.371
OTL-Drought,J,0.370
OTL-Drought,J,0.368
OTL-Drought,J,0.367
OTL-Drought,J,0.366
OTL-Drought,J,0.365
OTL-Drought,J,0.364
OTL-Drought,J,0.363
OTL-Drought,J,0.362
OTL-Drought,J,0.362
OTL-Drought,J,0.361
OTL-Drought,J,0.361
OTL-Drought,J,0.361
OTL-Drought,J,0.362
OTL-Drought,J,0.364
OTL-Drought,J,0.366
OTL-Drought,J,0.368
OTL-Drought,J,0.370
OTL-Drought,J,0.371
OTL-Drought,J,0.371
OTL-Drought,J,0.371
OTL-Drought,J,0.370
OTL-Drought,J,0.369
OTL-Drought,J,0.367
OTL-Drought,J,0.366
OTL-Drought,J,0.364
OTL-Drought,J,0.363
OTL-Drought,J,0.362
OTL-Drought,J,0.360
OTL-Drought,J,0.359
OTL-Drought,J,0.358
OTL-Drought,J,0.357
OTL-Drought,J,0.356
OTL-Drought,J,0.355
OTL-Drought,J,0.354
OTL-Drought,J,0.354
OTL-Drought,J,0.354
OTL-Drought,J,0.355
OTL-Drought,J,0.356
OTL-Drought,J,0.358
OTL-Drought,J,0.360
OTL-Drought,J,0.362
OTL-Drought,J,0.363
OTL-Drought,J,0.363
OTL-Drought,J,0.363
OTL-Drought,J,0.363
OTL-Drought,J,0.362
OTL-Drought,J,0.360
OTL-Drought,J,0.359
OTL-Drought,J,0.357
OTL-Drought,J,0.356
OTL-Drought,J,0.354
OTL-Drought,J,0.353
OTL-Drought,J,0.352
OTL-Drought,J,0.351
OTL-Drought,J,0.350
OTL-Drought,J,0.349
OTL-Drought,J,0.348
OTL-Drought,J,0.347
OTL-Drought,J,0.347
OTL-Drought,J,0.347
OTL-Drought,J,0.347
OTL-Drought,J,0.348
OTL-Drought,J,0.350
OTL-Drought,J,0.351
OTL-Drought,J,0.352
OTL-Drought,J,0.353
OTL-Drought,J,0.354
OTL-Drought,J,0.354
OTL-Drought,J,0.354
OTL-Drought,J,0.353
OTL-Drought,J,0.351
OTL-Drought,J,0.350
OTL-Drought,J,0.349
OTL-Drought,J,0.348
OTL-Drought,J,0.347
OTL-Drought,J,0.346
OTL-Drought,J,0.345
OTL-Drought,J,0.344
OTL-Drought,J,0.343
OTL-Drought,J,0.342
OTL-Drought,J,0.341
OTL-Drought,J,0.340
OTL-Drought,J,0.340
OTL-Drought,J,0.341
OTL-Drought,J,0.341
OTL-Drought,J,0.343
OTL-Drought,J,0.345
OTL-Drought,J,0.347
OTL-Drought,J,0.349
OTL-Drought,J,0.351
OTL-Drought,J,0.352
OTL-Drought,J,0.352
OTL-Drought,J,0.351
OTL-Drought,J,0.350
OTL-Drought,J,0.349
OTL-Drought,J,0.347
OTL-Drought,J,0.345
OTL-Drought,J,0.344
OTL-Drought,J,0.343
OTL-Drought,J,0.342
OTL-Drought,J,0.340
OTL-Drought,J,0.339
OTL-Drought,J,0.338
OTL-Drought,J,0.338
OTL-Drought,J,0.337
OTL-Drought,J,0.336
OTL-Drought,J,0.336
OTL-Drought,J,0.336
OTL-Drought,J,0.338
OTL-Drought,J,0.339
OTL-Drought,J,0.341
OTL-Drought,J,0.344
OTL-Drought,J,0.345
OTL-Drought,J,0.347
OTL-Drought,J,0.348
OTL-Drought,J,0.348
OTL-Drought,J,0.347
OTL-Drought,J,0.346
OTL-Drought,J,0.344
OTL-Drought,J,0.343
OTL-Drought,J,0.341
OTL-Drought,J,0.340
OTL-Drought,J,0.338
OTL-Drought,J,0.337
OTL-Drought,J,0.336
OTL-Drought,J,0.335
OTL-Drought,J,0.334
OTL-Drought,J,0.333
OTL-Drought,J,0.332
OTL-Drought,J,0.331
OTL-Drought,J,0.331
OTL-Drought,J,0.331
OTL-Drought,J,0.332
OTL-Drought,J,0.334
OTL-Drought,J,0.336
OTL-Drought,J,0.338
OTL-Drought,J,0.340
OTL-Drought,J,0.342
OTL-Drought,J,0.342
OTL-Drought,J,0.342
OTL-Drought,J,0.341
OTL-Drought,J,0.340
OTL-Drought,J,0.339
OTL-Drought,J,0.337
OTL-Drought,J,0.336
OTL-Drought,J,0.335
OTL-Drought,J,0.334
OTL-Drought,J,0.333
OTL-Drought,J,0.332
OTL-Drought,J,0.331
OTL-Drought,J,0.330
OTL-Drought,J,0.329
OTL-Drought,J,0.328
OTL-Drought,J,0.327
OTL-Drought,J,0.327
OTL-Drought,J,0.327
OTL-Drought,J,0.328
OTL-Drought,J,0.328
OTL-Drought,J,0.329
OTL-Drought,J,0.330
OTL-Drought,J,0.331
OTL-Drought,J,0.332
OTL-Drought,J,0.333
OTL-Drought,J,0.333
OTL-Drought,J,0.332
OTL-Drought,J,0.331
OTL-Drought,J,0.330
OTL-Drought,J,0.329
OTL-Drought,J,0.328
OTL-Drought,J,0.327
OTL-Drought,J,0.326
OTL-Drought,J,0.325
OTL-Drought,J,0.325
OTL-Drought,J,0.324
OTL-Drought,J,0.323
OTL-Drought,J,0.322
OTL-Drought,J,0.321
OTL-Drought,J,0.321
OTL-Drought,J,0.320
OTL-Drought,J,0.321
OTL-Drought,J,0.322
OTL-Drought,J,0.324
OTL-Drought,J,0.326
OTL-Drought,J,0.328
OTL-Drought,J,0.330
OTL-Drought,J,0.330
OTL-Drought,J,0.331
OTL-Drought,J,0.331
OTL-Drought,J,0.331
OTL-Drought,J,0.329
OTL-Drought,J,0.328
OTL-Drought,J,0.327
OTL-Drought,J,0.325
OTL-Drought,J,0.324
OTL-Drought,J,0.323
OTL-Drought,J,0.321
OTL-Drought,J,0.320
OTL-Drought,J,0.319
OTL-Drought,J,0.318
OTL-Drought,J,0.318
OTL-Drought,J,0.317
OTL-Drought,J,0.316
OTL-Drought,J,0.316
OTL-Drought,J,0.316
OTL-Drought,J,0.317
OTL-Drought,J,0.319
OTL-Drought,J,0.321
OTL-Drought,J,0.323
OTL-Drought,J,0.325
OTL-Drought,J,0.326
OTL-Drought,J,0.327
OTL-Drought,J,0.328
OTL-Drought,J,0.327
OTL-Drought,J,0.326
OTL-Drought,J,0.325
OTL-Drought,J,0.324
OTL-Drought,J,0.322
OTL-Drought,J,0.321
OTL-Drought,J,0.320
OTL-Drought,J,0.318
OTL-Drought,J,0.317
OTL-Drought,J,0.316
OTL-Drought,J,0.316
OTL-Drought,J,0.315
OTL-Drought,J,0.314
OTL-Drought,J,0.313
OTL-Drought,J,0.313
OTL-Drought,J,0.313
OTL-Drought,J,0.314
OTL-Drought,J,0.316
OTL-Drought,J,0.318
OTL-Drought,J,0.320
OTL-Drought,J,0.322
OTL-Drought,J,0.324
OTL-Drought,J,0.325
OTL-Drought,J,0.326
OTL-Drought,J,0.326
OTL-Drought,J,0.325
OTL-Drought,J,0.323
OTL-Drought,J,0.322
OTL-Drought,J,0.320
OTL-Drought,J,0.319
OTL-Drought,J,0.318
OTL-Drought,J,0.317
OTL-Drought,J,0.316
OTL-Drought,J,0.315
OTL-Drought,J,0.314
OTL-Drought,J,0.313
OTL-Drought,J,0.313
OTL-Drought,J,0.312
OTL-Drought,J,0.312
OTL-Drought,J,0.312
OTL-Drought,J,0.313
OTL-Drought,J,0.314
OTL-Drought,J,0.316
OTL-Drought,J,0.318
OTL-Drought,J,0.319
OTL-Drought,J,0.321
OTL-Drought,J,0.321
OTL-Drought,J,0.322
OTL-Drought,J,0.321
OTL-Drought,J,0.320
OTL-Drought,J,0.319
OTL-Drought,J,0.318
OTL-Drought,J,0.317
OTL-Drought,J,0.316
OTL-Drought,J,0.315
OTL-Drought,J,0.314
OTL-Drought,J,0.313
OTL-Drought,J,0.312
OTL-Drought,J,0.312
OTL-Drought,J,0.311
OTL-Drought,J,0.310
OTL-Drought,J,0.310
OTL-Drought,J,0.309
OTL-Drought,J,0.310
OTL-Drought,J,0.310
OTL-Drought,J,0.312
OTL-Drought,J,0.314
OTL-Drought,J,0.315
OTL-Drought,J,0.317
OTL-Drought,J,0.319
OTL-Drought,J,0.320
OTL-Drought,J,0.320
OTL-Drought,J,0.320
OTL-Drought,J,0.319
OTL-Drought,J,0.317
OTL-Drought,J,0.316
OTL-Drought,J,0.314
OTL-Drought,J,0.313
OTL-Drought,J,0.312
OTL-Drought,J,0.311
OTL-Drought,J,0.309
OTL-Drought,J,0.308
OTL-Drought,J,0.307
OTL-Drought,J,0.306
OTL-Drought,J,0.305
OTL-Drought,J,0.305
OTL-Drought,J,0.305
OTL-Drought,J,0.305
OTL-Drought,J,0.306
OTL-Drought,J,0.308
OTL-Drought,J,0.310
OTL-Drought,J,0.312
OTL-Drought,J,0.315
OTL-Drought,J,0.316
OTL-Drought,J,0.318
OTL-Drought,J,0.318
OTL-Drought,J,0.318
OTL-Drought,J,0.316
OTL-Drought,J,0.315
OTL-Drought,J,0.313
OTL-Drought,J,0.312
OTL-Drought,J,0.310
OTL-Drought,J,0.309
OTL-Drought,J,0.307
OTL-Drought,J,0.306
OTL-Drought,J,0.305
OTL-Drought,J,0.304
OTL-Drought,J,0.303
OTL-Drought,J,0.302
OTL-Drought,J,0.301
OTL-Drought,J,0.301
OTL-Drought,J,0.301
OTL-Drought,J,0.302
OTL-Drought,J,0.304
OTL-Drought,J,0.306
OTL-Drought,J,0.309
OTL-Drought,J,0.311
OTL-Drought,J,0.313
OTL-Drought,J,0.315
OTL-Drought,J,0.315
OTL-Drought,J,0.314
OTL-Drought,J,0.313
OTL-Drought,J,0.312
OTL-Drought,J,0.310
OTL-Drought,J,0.308
OTL-Drought,J,0.307
OTL-Drought,J,0.305
OTL-Drought,J,0.304
OTL-Drought,J,0.303
OTL-Drought,J,0.301
OTL-Drought,J,0.300
OTL-Drought,J,0.299
OTL-Drought,J,0.298
OTL-Drought,J,0.298
OTL-Drought,J,0.297
OTL-Drought,J,0.297
OTL-Drought,J,0.298
OTL-Drought,J,0.300
OTL-Drought,J,0.302
OTL-Drought,J,0.304
OTL-Drought,J,0.306
OTL-Drought,J,0.308
OTL-Drought,J,0.309
OTL-Drought,J,0.310
OTL-Drought,J,0.310
OTL-Drought,J,0.309
OTL-Drought,J,0.307
OTL-Drought,J,0.306
OTL-Drought,J,0.304
OTL-Drought,J,0.303
OTL-Drought,J,0.301
OTL-Drought,J,0.300
OTL-Drought,J,0.299
OTL-Drought,J,0.297
OTL-Drought,J,0.296
OTL-Drought,J,0.295
OTL-Drought,J,0.295
OTL-Drought,J,0.294
OTL-Drought,J,0.294
OTL-Drought,J,0.294
OTL-Drought,J,0.296
OTL-Drought,J,0.297
OTL-Drought,J,0.300
OTL-Drought,J,0.303
OTL-Drought,J,0.305
OTL-Drought,J,0.307
OTL-Drought,J,0.309
OTL-Drought,J,0.310
OTL-Drought,J,0.309
OTL-Drought,J,0.308
OTL-Drought,J,0.307
OTL-Drought,J,0.305
OTL-Drought,J,0.304
OTL-Drought,J,0.302
OTL-Drought,J,0.300
OTL-Drought,J,0.299
OTL-Drought,J,0.298
OTL-Drought,J,0.297
OTL-Drought,J,0.296
OTL-Drought,J,0.295
OTL-Drought,J,0.294
OTL-Drought,J,0.293
OTL-Drought,J,0.293
OTL-Drought,J,0.293
OTL-Drought,J,0.294
OTL-Drought,J,0.296
OTL-Drought,J,0.299
OTL-Drought,J,0.302
OTL-Drought,J,0.304
OTL-Drought,J,0.307
OTL-Drought,J,0.308
OTL-Drought,J,0.309
OTL-Drought,J,0.309
OTL-Drought,J,0.308
OTL-Drought,J,0.306
OTL-Drought,J,0.304
OTL-Drought,J,0.303
OTL-Drought,J,0.301
OTL-Drought,J,0.300
OTL-Drought,J,0.299
OTL-Drought,J,0.297
OTL-Drought,J,0.296
OTL-Drought,J,0.295
OTL-Drought,J,0.294
OTL-Drought,J,0.293
OTL-Drought,J,0.292
OTL-Drought,J,0.292
OTL-Drought,J,0.292
OTL-Drought,J,0.293
OTL-Drought,J,0.295
OTL-Drought,J,0.298
OTL-Drought,J,0.301
OTL-Drought,J,0.303
OTL-Drought,J,0.305
OTL-Drought,J,0.307
OTL-Drought,J,0.307
OTL-Drought,J,0.307
OTL-Drought,J,0.306
OTL-Drought,J,0.304
OTL-Drought,J,0.303
OTL-Drought,J,0.301
OTL-Drought,J,0.299
OTL-Drought,J,0.298
OTL-Drought,J,0.296
OTL-Drought,J,0.295
OTL-Drought,J,0.294
OTL-Drought,J,0.293
OTL-Drought,J,0.292
OTL-Drought,J,0.290
OTL-Drought,J,0.290
OTL-Drought,J,0.290
OTL-Drought,J,0.290
OTL-Drought,J,0.291
OTL-Drought,J,0.293
OTL-Drought,J,0.295
OTL-Drought,J,0.298
OTL-Drought,J,0.301
OTL-Drought,J,0.303
OTL-Drought,J,0.304
OTL-Drought,J,0.305
OTL-Drought,J,0.304
OTL-Drought,J,0.303
OTL-Drought,J,0.301
OTL-Drought,J,0.300
OTL-Drought,J,0.298
OTL-Drought,J,0.296
OTL-Drought,J,0.295
OTL-Drought,J,0.293
OTL-Drought,J,0.292
OTL-Drought,J,0.290
OTL-Drought,J,0.289
OTL-Drought,J,0.288
OTL-Drought,J,0.287
OTL-Drought,J,0.286
OTL-Drought,J,0.286
OTL-Drought,J,0.287
OTL-Drought,J,0.287
OTL-Drought,J,0.289
OTL-Drought,J,0.292
OTL-Drought,J,0.294
OTL-Drought,J,0.297
OTL-Drought,J,0.298
OTL-Drought,J,0.299
OTL-Drought,J,0.299
OTL-Drought,J,0.298
OTL-Drought,J,0.297
OTL-Drought,J,0.295
OTL-Drought,J,0.294
OTL-Drought,J,0.292
OTL-Drought,J,0.291
OTL-Drought,J,0.289
OTL-Drought,J,0.288
OTL-Drought,J,0.287
OTL-Drought,J,0.286
OTL-Drought,J,0.285
OTL-Drought,J,0.284
OTL-Drought,J,0.283
OTL-Drought,J,0.283
OTL-Drought,J,0.283
OTL-Drought,J,0.283
OTL-Drought,J,0.283
OTL-Drought,J,0.283
OTL-Drought,J,0.284
OTL-Drought,J,0.284
OTL-Drought,J,0.284
OTL-Drought,J,0.285
OTL-Drought,J,0.285
OTL-Drought,J,0.285
OTL-Drought,J,0.284
OTL-Drought,J,0.284
OTL-Drought,J,0.283
OTL-Drought,J,0.283
OTL-Drought,J,0.282
OTL-Drought,J,0.281
OTL-Drought,J,0.281
OTL-Drought,J,0.280
OTL-Drought,J,0.280
OTL-Drought,J,0.279
OTL-Drought,J,0.278
OTL-Drought,J,0.278
OTL-Drought,J,0.277
OTL-Drought,J,0.277
OTL-Drought,J,0.277
OTL-Drought,J,0.277
OTL-Drought,J,0.278
OTL-Drought,J,0.278
OTL-Drought,J,0.279
OTL-Drought,J,0.280
OTL-Drought,J,0.282
OTL-Drought,J,0.283
OTL-Drought,J,0.284
OTL-Drought,J,0.284
OTL-Drought,J,0.283
OTL-Drought,J,0.282
OTL-Drought,J,0.281
OTL-Drought,J,0.280
OTL-Drought,J,0.280
OTL-Drought,J,0.279
OTL-Drought,J,0.278
OTL-Drought,J,0.277
OTL-Drought,J,0.277
OTL-Drought,J,0.276
OTL-Drought,J,0.276
OTL-Drought,J,0.275
OTL-Drought,J,0.275
OTL-Drought,J,0.275
OTL-Drought,J,0.275
OTL-Drought,J,0.276
OTL-Drought,J,0.276
OTL-Drought,J,0.278
OTL-Drought,J,0.279
OTL-Drought,J,0.280
OTL-Drought,J,0.280
OTL-Drought,J,0.280
OTL-Drought,J,0.281
OTL-Drought,J,0.281
OTL-Drought,J,0.281
OTL-Drought,J,0.280
OTL-Drought,J,0.280
OTL-Drought,J,0.279
OTL-Drought,J,0.278
OTL-Drought,J,0.278
OTL-Drought,J,0.277
OTL-Drought,J,0.277
OTL-Drought,J,0.276
OTL-Drought,J,0.276
OTL-Drought,J,0.275
OTL-Drought,J,0.275
OTL-Drought,J,0.275
OTL-Drought,J,0.274
OTL-Drought,J,0.275
OTL-Drought,J,0.275
OTL-Drought,J,0.275
OTL-Drought,J,0.275
OTL-Drought,J,0.276
OTL-Drought,J,0.277
OTL-Drought,J,0.277
OTL-Drought,J,0.277
OTL-Drought,J,0.278
OTL-Drought,J,0.278
OTL-Drought,J,0.278
OTL-Drought,J,0.278
OTL-Drought,J,0.278
OTL-Drought,J,0.277
OTL-Drought,J,0.277
OTL-Drought,J,0.276
OTL-Drought,J,0.275
OTL-Drought,J,0.275
OTL-Drought,J,0.274
OTL-Drought,J,0.274
OTL-Drought,J,0.273
OTL-Drought,J,0.273
OTL-Drought,J,0.272
OTL-Drought,J,0.272
OTL-Drought,J,0.272
OTL-Drought,J,0.273
OTL-Drought,J,0.274
OTL-Drought,J,0.275
OTL-Drought,J,0.277
OTL-Drought,J,0.278
OTL-Drought,J,0.279
OTL-Drought,J,0.279
OTL-Drought,J,0.280
OTL-Drought,J,0.280
OTL-Drought,J,0.279
OTL-Drought,J,0.279
OTL-Drought,J,0.278
OTL-Drought,J,0.277
OTL-Drought,J,0.277
OTL-Drought,J,0.276
OTL-Drought,J,0.276
OTL-Drought,J,0.275
OTL-Drought,J,0.275
OTL-Drought,J,0.275
OTL-Drought,J,0.274
OTL-Drought,J,0.274
OTL-Drought,J,0.274
OTL-Drought,J,0.274
OTL-Drought,J,0.274
OTL-Drought,J,0.274
OTL-Drought,J,0.275
OTL-Drought,J,0.276
OTL-Drought,J,0.276
OTL-Drought,J,0.277
OTL-Drought,J,0.277
OTL-Drought,J,0.278
OTL-Drought,J,0.279
OTL-Drought,J,0.280
OTL-Drought,J,0.279
OTL-Drought,J,0.279
OTL-Drought,J,0.278
OTL-Drought,J,0.277
OTL-Drought,J,0.276
OTL-Drought,J,0.275
OTL-Drought,J,0.274
OTL-Drought,J,0.273
OTL-Drought,J,0.273
OTL-Drought,J,0.272
OTL-Drought,J,0.271
OTL-Drought,J,0.271
OTL-Drought,J,0.270
OTL-Drought,J,0.270
OTL-Drought,J,0.270
OTL-Drought,J,0.271
OTL-Drought,J,0.272
OTL-Drought,J,0.273
OTL-Drought,J,0.275
OTL-Drought,J,0.277
OTL-Drought,J,0.279
OTL-Drought,J,0.281
OTL-Drought,J,0.283
OTL-Drought,J,0.283
OTL-Drought,J,0.283
OTL-Drought,J,0.282
OTL-Drought,J,0.281
OTL-Drought,J,0.280
OTL-Drought,J,0.279
OTL-Drought,J,0.278
OTL-Drought,J,0.277
OTL-Drought,J,0.276
OTL-Drought,J,0.275
OTL-Drought,J,0.274
OTL-Drought,J,0.273
OTL-Drought,J,0.273
OTL-Drought,J,0.272
OTL-Drought,J,0.272
OTL-Drought,J,0.273
OTL-Drought,J,0.273
OTL-Drought,J,0.274
OTL-Drought,J,0.275
OTL-Drought,J,0.277
OTL-Drought,J,0.279
OTL-Drought,J,0.281
OTL-Drought,J,0.282
OTL-Drought,J,0.283
OTL-Drought,J,0.283
OTL-Drought,J,0.283
OTL-Drought,J,0.283
OTL-Drought,J,0.282
OTL-Drought,J,0.280
OTL-Drought,J,0.279
OTL-Drought,J,0.278
OTL-Drought,J,0.277
OTL-Drought,J,0.277
OTL-Drought,J,0.276
OTL-Drought,J,0.275
OTL-Drought,J,0.274
OTL-Drought,J,0.274
OTL-Drought,J,0.273
OTL-Drought,J,0.273
OTL-Drought,J,0.273
OTL-Drought,J,0.273
OTL-Drought,J,0.274
OTL-Drought,J,0.275
OTL-Drought,J,0.277
OTL-Drought,J,0.279
OTL-Drought,J,0.281
OTL-Drought,J,0.283
OTL-Drought,J,0.285
OTL-Drought,J,0.286
OTL-Drought,J,0.286
OTL-Drought,J,0.285
OTL-Drought,J,0.284
OTL-Drought,J,0.283
OTL-Drought,J,0.282
OTL-Drought,J,0.281
OTL-Drought,J,0.280
OTL-Drought,J,0.279
OTL-Drought,J,0.278
OTL-Drought,J,0.277
OTL-Drought,J,0.276
OTL-Drought,J,0.275
OTL-Drought,J,0.275
OTL-Drought,J,0.274
OTL-Drought,J,0.274
OTL-Drought,J,0.275
OTL-Drought,J,0.275
OTL-Drought,J,0.277
OTL-Drought,J,0.279
OTL-Drought,J,0.281
OTL-Drought,J,0.283
OTL-Drought,J,0.285
OTL-Drought,J,0.287
OTL-Drought,J,0.287
OTL-Drought,J,0.287
OTL-Drought,J,0.286
OTL-Drought,J,0.285
OTL-Drought,J,0.284
OTL-Drought,J,0.283
OTL-Drought,J,0.281
OTL-Drought,J,0.280
OTL-Drought,J,0.279
OTL-Drought,J,0.278
OTL-Drought,J,0.277
OTL-Drought,J,0.276
OTL-Drought,J,0.275
OTL-Drought,J,0.275
OTL-Drought,J,0.274
OTL-Drought,J,0.274
OTL-Drought,J,0.275
OTL-Drought,J,0.275
OTL-Drought,J,0.276
OTL-Drought,J,0.278
OTL-Drought,J,0.280
OTL-Drought,J,0.283
OTL-Drought,J,0.285
OTL-Drought,J,0.287
OTL-Drought,J,0.288
OTL-Drought,J,0.288
OTL-Drought,J,0.288
OTL-Drought,J,0.287
OTL-Drought,J,0.285
OTL-Drought,J,0.284
OTL-Drought,J,0.283
OTL-Drought,J,0.282
OTL-Drought,J,0.281
OTL-Drought,J,0.280
OTL-Drought,J,0.279
OTL-Drought,J,0.278
OTL-Drought,J,0.277
OTL-Drought,J,0.277
OTL-Drought,J,0.276
OTL-Drought,J,0.277
OTL-Drought,J,0.277
OTL-Drought,J,0.277
OTL-Drought,J,0.278
OTL-Drought,J,0.280
OTL-Drought,J,0.283
OTL-Drought,J,0.285
OTL-Drought,J,0.287
OTL-Drought,J,0.289
OTL-Drought,J,0.290
OTL-Drought,J,0.291
OTL-Drought,J,0.290
OTL-Drought,J,0.289
OTL-Drought,J,0.288
OTL-Drought,J,0.287
OTL-Drought,J,0.286
OTL-Drought,J,0.285
OTL-Drought,J,0.283
OTL-Drought,J,0.282
OTL-Drought,J,0.282
OTL-Drought,J,0.281
OTL-Drought,J,0.280
OTL-Drought,J,0.279
OTL-Drought,J,0.279
OTL-Drought,J,0.279
OTL-Drought,J,0.279
OTL-Drought,J,0.280
OTL-Drought,J,0.281
OTL-Drought,J,0.283
OTL-Drought,J,0.285
OTL-Drought,J,0.288
OTL-Drought,J,0.290
OTL-Drought,J,0.292
OTL-Drought,J,0.293
OTL-Drought,J,0.293
OTL-Drought,J,0.293
OTL-Drought,J,0.292
OTL-Drought,J,0.290
OTL-Drought,J,0.289
OTL-Drought,J,0.288
OTL-Drought,J,0.287
OTL-Drought,J,0.286
OTL-Drought,J,0.285
OTL-Drought,J,0.284
OTL-Drought,J,0.283
OTL-Drought,J,0.282
OTL-Drought,J,0.282
OTL-Drought,J,0.282
OTL-Drought,J,0.282
OTL-Drought,J,0.282
OTL-Drought,J,0.282
OTL-Drought,J,0.283
OTL-Drought,J,0.285
OTL-Drought,J,0.287
OTL-Drought,J,0.290
OTL-Drought,J,0.292
OTL-Drought,J,0.294
OTL-Drought,J,0.295
OTL-Drought,J,0.294
OTL-Drought,J,0.293
OTL-Drought,J,0.292
OTL-Drought,J,0.291
OTL-Drought,J,0.289
OTL-Drought,J,0.288
OTL-Drought,J,0.287
OTL-Drought,J,0.286
OTL-Drought,J,0.285
OTL-Drought,J,0.284
OTL-Drought,J,0.283
OTL-Drought,J,0.282
OTL-Drought,J,0.281
OTL-Drought,J,0.280
OTL-Drought,J,0.280
OTL-Drought,J,0.281
OTL-Drought,J,0.281
OTL-Drought,J,0.282
OTL-Drought,J,0.284
OTL-Drought,J,0.286
OTL-Drought,J,0.288
OTL-Drought,J,0.290
OTL-Drought,J,0.292
OTL-Drought,J,0.293
OTL-Drought,J,0.293
OTL-Drought,J,0.292
OTL-Drought,J,0.291
OTL-Drought,J,0.290
OTL-Drought,J,0.288
OTL-Drought,J,0.287
OTL-Drought,J,0.286
OTL-Drought,J,0.285
OTL-Drought,J,0.283
OTL-Drought,J,0.282
OTL-Drought,J,0.281
OTL-Drought,J,0.280
OTL-Drought,J,0.279
OTL-Drought,J,0.279
OTL-Drought,J,0.279
OTL-Drought,J,0.279
OTL-Drought,J,0.280
OTL-Drought,J,0.281
OTL-Drought,J,0.283
OTL-Drought,J,0.285
OTL-Drought,J,0.288
OTL-Drought,J,0.290
OTL-Drought,J,0.292
OTL-Drought,J,0.293
OTL-Drought,J,0.294
OTL-Drought,J,0.293
OTL-Drought,J,0.292
OTL-Drought,J,0.290
OTL-Drought,J,0.289
OTL-Drought,J,0.288
OTL-Drought,J,0.286
OTL-Drought,J,0.285
OTL-Drought,J,0.284
OTL-Drought,J,0.283
OTL-Drought,J,0.282
OTL-Drought,J,0.281
OTL-Drought,J,0.280
OTL-Drought,J,0.280
OTL-Drought,J,0.280
OTL-Drought,J,0.280
OTL-Drought,J,0.280
OTL-Drought,J,0.281
OTL-Drought,J,0.283
OTL-Drought,J,0.286
OTL-Drought,J,0.289
OTL-Drought,J,0.291
OTL-Drought,J,0.293
OTL-Drought,J,0.294
OTL-Drought,J,0.294
OTL-Drought,J,0.293
OTL-Drought,J,0.292
OTL-Drought,J,0.290
OTL-Drought,J,0.289
OTL-Drought,J,0.287
OTL-Drought,J,0.286
OTL-Drought,J,0.285
OTL-Drought,J,0.283
OTL-Drought,J,0.282
OTL-Drought,J,0.281
OTL-Drought,J,0.280
OTL-Drought,J,0.279
OTL-Drought,J,0.278
OTL-Drought,J,0.278
OTL-Drought,J,0.278
OTL-Drought,J,0.279
OTL-Drought,J,0.280
OTL-Drought,J,0.282
OTL-Drought,J,0.284
OTL-Drought,J,0.287
OTL-Drought,J,0.290
OTL-Drought,J,0.291
OTL-Drought,J,0.292
OTL-Drought,J,0.292
OTL-Drought,J,0.291
OTL-Drought,J,0.290
OTL-Drought,J,0.289
OTL-Drought,J,0.288
OTL-Drought,J,0.286
OTL-Drought,J,0.285
OTL-Drought,J,0.284
OTL-Drought,J,0.283
OTL-Drought,J,0.282
OTL-Drought,J,0.281
OTL-Drought,J,0.280
OTL-Drought,J,0.279
OTL-Drought,J,0.278
OTL-Drought,J,0.278
OTL-Drought,J,0.279
OTL-Drought,J,0.279
OTL-Drought,J,0.280
OTL-Drought,J,0.282
OTL-Drought,J,0.284
OTL-Drought,J,0.287
OTL-Drought,J,0.289
OTL-Drought,J,0.291
OTL-Drought,J,0.292
OTL-Drought,J,0.292
OTL-Drought,J,0.291
OTL-Drought,J,0.290
OTL-Drought,J,0.289
OTL-Drought,J,0.287
OTL-Drought,J,0.286
OTL-Drought,J,0.285
OTL-Drought,J,0.284
OTL-Drought,J,0.282
OTL-Drought,J,0.281
OTL-Drought,J,0.280
OTL-Drought,J,0.279
OTL-Drought,J,0.278
OTL-Drought,J,0.278
OTL-Drought,J,0.278
OTL-Drought,J,0.278
OTL-Drought,J,0.278
OTL-Drought,J,0.279
OTL-Drought,J,0.281
OTL-Drought,J,0.283
OTL-Drought,J,0.286
OTL-Drought,J,0.288
OTL-Drought,J,0.290
OTL-Drought,J,0.291
OTL-Drought,J,0.291
OTL-Drought,J,0.290
OTL-Drought,J,0.289
OTL-Drought,J,0.287
OTL-Drought,J,0.286
OTL-Drought,J,0.285
OTL-Drought,J,0.283
OTL-Drought,J,0.282
OTL-Drought,J,0.281
OTL-Drought,J,0.280
OTL-Drought,J,0.279
OTL-Drought,J,0.278
OTL-Drought,J,0.277
OTL-Drought,J,0.277
OTL-Drought,J,0.277
OTL-Drought,J,0.277
OTL-Drought,J,0.277
OTL-Drought,J,0.278
OTL-Drought,J,0.280
OTL-Drought,J,0.282
OTL-Drought,J,0.284
OTL-Drought,J,0.287
OTL-Drought,J,0.288
OTL-Drought,J,0.289
OTL-Drought,J,0.290
OTL-Drought,J,0.289
OTL-Drought,J,0.288
OTL-Drought,J,0.287
OTL-Drought,J,0.286
OTL-Drought,J,0.284
OTL-Drought,J,0.283
OTL-Drought,J,0.282
OTL-Drought,J,0.281
OTL-Drought,J,0.280
OTL-Drought,J,0.278
OTL-Drought,J,0.278
OTL-Drought,J,0.277
OTL-Drought,J,0.277
OTL-Drought,J,0.277
OTL-Drought,J,0.277
OTL-Drought,J,0.278
OTL-Drought,J,0.279
OTL-Drought,J,0.280
OTL-Drought,J,0.282
OTL-Drought,J,0.285
OTL-Drought,J,0.288
OTL-Drought,J,0.290
OTL-Drought,J,0.290
OTL-Drought,J,0.291
OTL-Drought,J,0.290
OTL-Drought,J,0.289
OTL-Drought,J,0.288
OTL-Drought,J,0.286
OTL-Drought,J,0.285
OTL-Drought,J,0.284
OTL-Drought,J,0.283
OTL-Drought,J,0.281
OTL-Drought,J,0.280
OTL-Drought,J,0.279
OTL-Drought,J,0.279
OTL-Drought,J,0.278
OTL-Drought,J,0.277
OTL-Drought,J,0.277
OTL-Drought,J,0.277
OTL-Drought,J,0.278
OTL-Drought,J,0.279
OTL-Drought,J,0.280
OTL-Drought,J,0.282
OTL-Drought,J,0.284
OTL-Drought,J,0.287
OTL-Drought,J,0.288
OTL-Drought,J,0.289
OTL-Drought,J,0.289
OTL-Drought,J,0.288
OTL-Drought,J,0.286
OTL-Drought,J,0.285
OTL-Drought,J,0.283
OTL-Drought,J,0.282
OTL-Drought,J,0.281
OTL-Drought,J,0.280
OTL-Drought,J,0.279
OTL-Drought,J,0.278
OTL-Drought,J,0.277
OTL-Drought,J,0.276
OTL-Drought,J,0.275
OTL-Drought,J,0.275
OTL-Drought,J,0.275
OTL-Drought,J,0.275
OTL-Drought,J,0.276
OTL-Drought,J,0.276
OTL-Drought,J,0.277
OTL-Drought,J,0.279
OTL-Drought,J,0.282
OTL-Drought,J,0.284
OTL-Drought,J,0.286
OTL-Drought,J,0.286
OTL-Drought,J,0.286
OTL-Drought,J,0.286
OTL-Drought,J,0.284
OTL-Drought,J,0.283
OTL-Drought,J,0.282
OTL-Drought,J,0.281
OTL-Drought,J,0.279
OTL-Drought,J,0.278
OTL-Drought,J,0.277
OTL-Drought,J,0.276
OTL-Drought,J,0.275
OTL-Drought,J,0.274
OTL-Drought,J,0.274
OTL-Drought,J,0.273
OTL-Drought,J,0.273
OTL-Drought,J,0.274
OTL-Drought,J,0.274
OTL-Drought,J,0.275
OTL-Drought,J,0.276
OTL-Drought,J,0.278
OTL-Drought,J,0.281
OTL-Drought,J,0.283
OTL-Drought,J,0.285
OTL-Drought,J,0.285
OTL-Drought,J,0.285
OTL-Drought,J,0.284
OTL-Drought,J,0.283
OTL-Drought,J,0.282
OTL-Drought,J,0.281
OTL-Drought,J,0.279
OTL-Drought,J,0.278
OTL-Drought,J,0.278
OTL-Drought,J,0.277
OTL-Drought,J,0.276
OTL-Drought,J,0.275
OTL-Drought,J,0.274
OTL-Drought,J,0.273
OTL-Drought,J,0.273
OTL-Drought,J,0.273
OTL-Drought,J,0.273
OTL-Drought,J,0.274
OTL-Drought,J,0.275
OTL-Drought,J,0.276
OTL-Drought,J,0.278
OTL-Drought,J,0.280
OTL-Drought,J,0.282
OTL-Drought,J,0.284
OTL-Drought,J,0.285
OTL-Drought,J,0.285
OTL-Drought,J,0.284
OTL-Drought,J,0.283
OTL-Drought,J,0.282
OTL-Drought,J,0.281
OTL-Drought,J,0.279
OTL-Drought,J,0.278
OTL-Drought,J,0.277
OTL-Drought,J,0.276
OTL-Drought,J,0.275
OTL-Drought,J,0.275
OTL-Drought,J,0.274
OTL-Drought,J,0.273
OTL-Drought,J,0.273
OTL-Drought,J,0.273
OTL-Drought,J,0.273
OTL-Drought,J,0.274
OTL-Drought,J,0.275
OTL-Drought,J,0.276
OTL-Drought,J,0.278
OTL-Drought,J,0.280
OTL-Drought,J,0.283
OTL-Drought,J,0.284
OTL-Drought,J,0.285
OTL-Drought,J,0.285
OTL-Drought,J,0.285
OTL-Drought,J,0.284
OTL-Drought,J,0.282
OTL-Drought,J,0.281
OTL-Drought,J,0.280
OTL-Drought,J,0.279
OTL-Drought,J,0.278
OTL-Drought,J,0.277
OTL-Drought,J,0.276
OTL-Drought,J,0.275
OTL-Drought,J,0.275
OTL-Drought,J,0.274
OTL-Drought,J,0.274
OTL-Drought,J,0.274
OTL-Drought,J,0.275
OTL-Drought,J,0.275
OTL-Drought,J,0.276
OTL-Drought,J,0.277
OTL-Drought,J,0.279
OTL-Drought,J,0.281
OTL-Drought,J,0.283
OTL-Drought,J,0.284
OTL-Drought,J,0.284
OTL-Drought,J,0.283
OTL-Drought,J,0.282
OTL-Drought,J,0.281
OTL-Drought,J,0.280
OTL-Drought,J,0.279
OTL-Drought,J,0.278
OTL-Drought,J,0.277
OTL-Drought,J,0.276
OTL-Drought,J,0.275
OTL-Drought,J,0.274
OTL-Drought,J,0.273
OTL-Drought,J,0.273
OTL-Drought,J,0.272
OTL-Drought,J,0.272
OTL-Drought,J,0.272
OTL-Drought,J,0.273
OTL-Drought,J,0.273
OTL-Drought,J,0.274
OTL-Drought,J,0.275
OTL-Drought,J,0.277
OTL-Drought,J,0.279
OTL-Drought,J,0.281
OTL-Drought,J,0.283
OTL-Drought,J,0.284
OTL-Drought,J,0.283
OTL-Drought,J,0.283
OTL-Drought,J,0.281
OTL-Drought,J,0.280
OTL-Drought,J,0.279
OTL-Drought,J,0.278
OTL-Drought,J,0.277
OTL-Drought,J,0.276
OTL-Drought,J,0.275
OTL-Drought,J,0.274
OTL-Drought,J,0.273
OTL-Drought,J,0.272
OTL-Drought,J,0.272
OTL-Drought,J,0.272
OTL-Drought,J,0.272
OTL-Drought,J,0.272
OTL-Drought,J,0.273
OTL-Drought,J,0.274
OTL-Drought,J,0.275
OTL-Drought,J,0.276
OTL-Drought,J,0.279
OTL-Drought,J,0.281
OTL-Drought,J,0.283
OTL-Drought,J,0.284
OTL-Drought,J,0.283
OTL-Drought,J,0.283
OTL-Drought,J,0.282
OTL-Drought,J,0.280
OTL-Drought,J,0.279
OTL-Drought,J,0.278
OTL-Drought,J,0.277
OTL-Drought,J,0.276
OTL-Drought,J,0.275
OTL-Drought,J,0.274
OTL-Drought,J,0.273
OTL-Drought,J,0.272
OTL-Drought,J,0.272
OTL-Drought,J,0.271
OTL-Drought,J,0.272
OTL-Drought,J,0.272
OTL-Drought,J,0.272
OTL-Drought,J,0.273
OTL-Drought,J,0.274
OTL-Drought,J,0.276
OTL-Drought,J,0.278
OTL-Drought,J,0.281
OTL-Drought,J,0.283
OTL-Drought,J,0.284
OTL-Drought,J,0.284
OTL-Drought,J,0.283
OTL-Drought,J,0.282