"date","variable","site","value"
1958-01-01,"def","SEDG",44.8
1958-01-01,"def","WWP",12.9
1958-01-01,"def","MCL",0
1958-01-01,"def","BORR",0
1958-01-01,"def","ANGELO",0
1958-02-01,"def","SEDG",0
1958-02-01,"def","WWP",0
1958-02-01,"def","MCL",0
1958-02-01,"def","BORR",0
1958-02-01,"def","ANGELO",0
1958-03-01,"def","SEDG",0
1958-03-01,"def","WWP",0
1958-03-01,"def","MCL",0
1958-03-01,"def","BORR",0
1958-03-01,"def","ANGELO",0
1958-04-01,"def","SEDG",0
1958-04-01,"def","WWP",0
1958-04-01,"def","MCL",0
1958-04-01,"def","BORR",0
1958-04-01,"def","ANGELO",0
1958-05-01,"def","SEDG",48.1
1958-05-01,"def","WWP",55.5
1958-05-01,"def","MCL",38.3
1958-05-01,"def","BORR",37.9
1958-05-01,"def","ANGELO",26
1958-06-01,"def","SEDG",160.5
1958-06-01,"def","WWP",161.8
1958-06-01,"def","MCL",142.4
1958-06-01,"def","BORR",81.2
1958-06-01,"def","ANGELO",43.2
1958-07-01,"def","SEDG",173
1958-07-01,"def","WWP",189.5
1958-07-01,"def","MCL",178.4
1958-07-01,"def","BORR",176.6
1958-07-01,"def","ANGELO",75.1
1958-08-01,"def","SEDG",170.5
1958-08-01,"def","WWP",183.7
1958-08-01,"def","MCL",186.9
1958-08-01,"def","BORR",184.7
1958-08-01,"def","ANGELO",97.4
1958-09-01,"def","SEDG",147.3
1958-09-01,"def","WWP",134.7
1958-09-01,"def","MCL",147.2
1958-09-01,"def","BORR",151.5
1958-09-01,"def","ANGELO",89.1
1958-10-01,"def","SEDG",119.2
1958-10-01,"def","WWP",113.6
1958-10-01,"def","MCL",108.4
1958-10-01,"def","BORR",100.9
1958-10-01,"def","ANGELO",41.3
1958-11-01,"def","SEDG",90.5
1958-11-01,"def","WWP",25.7
1958-11-01,"def","MCL",48.4
1958-11-01,"def","BORR",48.7
1958-11-01,"def","ANGELO",0
1958-12-01,"def","SEDG",54.8
1958-12-01,"def","WWP",48.9
1958-12-01,"def","MCL",10.2
1958-12-01,"def","BORR",0
1958-12-01,"def","ANGELO",0
1959-01-01,"def","SEDG",0
1959-01-01,"def","WWP",0
1959-01-01,"def","MCL",0
1959-01-01,"def","BORR",0
1959-01-01,"def","ANGELO",0
1959-02-01,"def","SEDG",0
1959-02-01,"def","WWP",0
1959-02-01,"def","MCL",0
1959-02-01,"def","BORR",0
1959-02-01,"def","ANGELO",0
1959-03-01,"def","SEDG",43.1
1959-03-01,"def","WWP",43.1
1959-03-01,"def","MCL",23.7
1959-03-01,"def","BORR",24.5
1959-03-01,"def","ANGELO",0
1959-04-01,"def","SEDG",69
1959-04-01,"def","WWP",77.1
1959-04-01,"def","MCL",62.3
1959-04-01,"def","BORR",54.6
1959-04-01,"def","ANGELO",33.7
1959-05-01,"def","SEDG",143.8
1959-05-01,"def","WWP",136.7
1959-05-01,"def","MCL",127.7
1959-05-01,"def","BORR",126.5
1959-05-01,"def","ANGELO",45.6
1959-06-01,"def","SEDG",161.5
1959-06-01,"def","WWP",174.5
1959-06-01,"def","MCL",170.8
1959-06-01,"def","BORR",189.8
1959-06-01,"def","ANGELO",79.3
1959-07-01,"def","SEDG",183.9
1959-07-01,"def","WWP",198.1
1959-07-01,"def","MCL",201.3
1959-07-01,"def","BORR",216.2
1959-07-01,"def","ANGELO",110.9
1959-08-01,"def","SEDG",168.8
1959-08-01,"def","WWP",172.3
1959-08-01,"def","MCL",177.3
1959-08-01,"def","BORR",169.5
1959-08-01,"def","ANGELO",127.4
1959-09-01,"def","SEDG",103.4
1959-09-01,"def","WWP",119.1
1959-09-01,"def","MCL",94.3
1959-09-01,"def","BORR",98.1
1959-09-01,"def","ANGELO",20.6
1959-10-01,"def","SEDG",117.7
1959-10-01,"def","WWP",113.9
1959-10-01,"def","MCL",112.9
1959-10-01,"def","BORR",110.3
1959-10-01,"def","ANGELO",29
1959-11-01,"def","SEDG",89.9
1959-11-01,"def","WWP",93.5
1959-11-01,"def","MCL",68.1
1959-11-01,"def","BORR",65.5
1959-11-01,"def","ANGELO",33.8
1959-12-01,"def","SEDG",39.8
1959-12-01,"def","WWP",30.7
1959-12-01,"def","MCL",0
1959-12-01,"def","BORR",0
1959-12-01,"def","ANGELO",0
1960-01-01,"def","SEDG",0
1960-01-01,"def","WWP",0
1960-01-01,"def","MCL",0
1960-01-01,"def","BORR",0
1960-01-01,"def","ANGELO",0
1960-02-01,"def","SEDG",0
1960-02-01,"def","WWP",0
1960-02-01,"def","MCL",0
1960-02-01,"def","BORR",0
1960-02-01,"def","ANGELO",0
1960-03-01,"def","SEDG",44.1
1960-03-01,"def","WWP",26.6
1960-03-01,"def","MCL",9.1
1960-03-01,"def","BORR",0
1960-03-01,"def","ANGELO",0
1960-04-01,"def","SEDG",74.4
1960-04-01,"def","WWP",58
1960-04-01,"def","MCL",17.3
1960-04-01,"def","BORR",19
1960-04-01,"def","ANGELO",0
1960-05-01,"def","SEDG",165.2
1960-05-01,"def","WWP",140.4
1960-05-01,"def","MCL",89.5
1960-05-01,"def","BORR",51
1960-05-01,"def","ANGELO",2
1960-06-01,"def","SEDG",154.7
1960-06-01,"def","WWP",180
1960-06-01,"def","MCL",175
1960-06-01,"def","BORR",174.9
1960-06-01,"def","ANGELO",61.1
1960-07-01,"def","SEDG",182.4
1960-07-01,"def","WWP",184.6
1960-07-01,"def","MCL",195.6
1960-07-01,"def","BORR",202.1
1960-07-01,"def","ANGELO",80.7
1960-08-01,"def","SEDG",170
1960-08-01,"def","WWP",188
1960-08-01,"def","MCL",188.4
1960-08-01,"def","BORR",186.1
1960-08-01,"def","ANGELO",102.1
1960-09-01,"def","SEDG",138.1
1960-09-01,"def","WWP",144.8
1960-09-01,"def","MCL",140
1960-09-01,"def","BORR",135.1
1960-09-01,"def","ANGELO",87.4
1960-10-01,"def","SEDG",109.5
1960-10-01,"def","WWP",99.3
1960-10-01,"def","MCL",98.9
1960-10-01,"def","BORR",83.7
1960-10-01,"def","ANGELO",0
1960-11-01,"def","SEDG",0
1960-11-01,"def","WWP",0
1960-11-01,"def","MCL",0
1960-11-01,"def","BORR",0
1960-11-01,"def","ANGELO",0
1960-12-01,"def","SEDG",13.2
1960-12-01,"def","WWP",4.2
1960-12-01,"def","MCL",0
1960-12-01,"def","BORR",0
1960-12-01,"def","ANGELO",0
1961-01-01,"def","SEDG",16.6
1961-01-01,"def","WWP",8
1961-01-01,"def","MCL",0
1961-01-01,"def","BORR",0
1961-01-01,"def","ANGELO",0
1961-02-01,"def","SEDG",60.4
1961-02-01,"def","WWP",15.5
1961-02-01,"def","MCL",0
1961-02-01,"def","BORR",0
1961-02-01,"def","ANGELO",0
1961-03-01,"def","SEDG",71
1961-03-01,"def","WWP",24.8
1961-03-01,"def","MCL",0
1961-03-01,"def","BORR",0
1961-03-01,"def","ANGELO",0
1961-04-01,"def","SEDG",119.1
1961-04-01,"def","WWP",107.7
1961-04-01,"def","MCL",27.9
1961-04-01,"def","BORR",24.4
1961-04-01,"def","ANGELO",2.8
1961-05-01,"def","SEDG",137.4
1961-05-01,"def","WWP",119.4
1961-05-01,"def","MCL",47.4
1961-05-01,"def","BORR",49.3
1961-05-01,"def","ANGELO",2.6
1961-06-01,"def","SEDG",164.5
1961-06-01,"def","WWP",169.1
1961-06-01,"def","MCL",155.8
1961-06-01,"def","BORR",162.7
1961-06-01,"def","ANGELO",55.1
1961-07-01,"def","SEDG",178.5
1961-07-01,"def","WWP",196.1
1961-07-01,"def","MCL",200.6
1961-07-01,"def","BORR",210.1
1961-07-01,"def","ANGELO",84.4
1961-08-01,"def","SEDG",159.5
1961-08-01,"def","WWP",126.3
1961-08-01,"def","MCL",173.6
1961-08-01,"def","BORR",162.9
1961-08-01,"def","ANGELO",81.9
1961-09-01,"def","SEDG",136
1961-09-01,"def","WWP",132.8
1961-09-01,"def","MCL",127.6
1961-09-01,"def","BORR",122.2
1961-09-01,"def","ANGELO",71.5
1961-10-01,"def","SEDG",106.1
1961-10-01,"def","WWP",97.5
1961-10-01,"def","MCL",106.6
1961-10-01,"def","BORR",98.6
1961-10-01,"def","ANGELO",13.3
1961-11-01,"def","SEDG",0
1961-11-01,"def","WWP",0
1961-11-01,"def","MCL",0
1961-11-01,"def","BORR",0
1961-11-01,"def","ANGELO",0
1961-12-01,"def","SEDG",0
1961-12-01,"def","WWP",0
1961-12-01,"def","MCL",0
1961-12-01,"def","BORR",0
1961-12-01,"def","ANGELO",0
1962-01-01,"def","SEDG",6.9
1962-01-01,"def","WWP",2.3
1962-01-01,"def","MCL",0
1962-01-01,"def","BORR",0
1962-01-01,"def","ANGELO",0
1962-02-01,"def","SEDG",0
1962-02-01,"def","WWP",0
1962-02-01,"def","MCL",0
1962-02-01,"def","BORR",0
1962-02-01,"def","ANGELO",0
1962-03-01,"def","SEDG",3.9
1962-03-01,"def","WWP",0
1962-03-01,"def","MCL",0
1962-03-01,"def","BORR",0
1962-03-01,"def","ANGELO",0
1962-04-01,"def","SEDG",54.6
1962-04-01,"def","WWP",60.1
1962-04-01,"def","MCL",40
1962-04-01,"def","BORR",40.5
1962-04-01,"def","ANGELO",23.7
1962-05-01,"def","SEDG",123.5
1962-05-01,"def","WWP",115.6
1962-05-01,"def","MCL",112.8
1962-05-01,"def","BORR",91.1
1962-05-01,"def","ANGELO",36.6
1962-06-01,"def","SEDG",150
1962-06-01,"def","WWP",164.7
1962-06-01,"def","MCL",161
1962-06-01,"def","BORR",169.4
1962-06-01,"def","ANGELO",75.2
1962-07-01,"def","SEDG",167.2
1962-07-01,"def","WWP",186.8
1962-07-01,"def","MCL",185.7
1962-07-01,"def","BORR",196.4
1962-07-01,"def","ANGELO",102.5
1962-08-01,"def","SEDG",185.4
1962-08-01,"def","WWP",183.1
1962-08-01,"def","MCL",181.8
1962-08-01,"def","BORR",172.2
1962-08-01,"def","ANGELO",56.1
1962-09-01,"def","SEDG",140.4
1962-09-01,"def","WWP",141.8
1962-09-01,"def","MCL",133.5
1962-09-01,"def","BORR",126.5
1962-09-01,"def","ANGELO",57.7
1962-10-01,"def","SEDG",94.7
1962-10-01,"def","WWP",85
1962-10-01,"def","MCL",0
1962-10-01,"def","BORR",0
1962-10-01,"def","ANGELO",0
1962-11-01,"def","SEDG",77
1962-11-01,"def","WWP",61.6
1962-11-01,"def","MCL",42
1962-11-01,"def","BORR",5
1962-11-01,"def","ANGELO",0
1962-12-01,"def","SEDG",38.3
1962-12-01,"def","WWP",37.2
1962-12-01,"def","MCL",0
1962-12-01,"def","BORR",0
1962-12-01,"def","ANGELO",0
1963-01-01,"def","SEDG",10.2
1963-01-01,"def","WWP",42.2
1963-01-01,"def","MCL",0
1963-01-01,"def","BORR",0
1963-01-01,"def","ANGELO",0
1963-02-01,"def","SEDG",0
1963-02-01,"def","WWP",2.2
1963-02-01,"def","MCL",0
1963-02-01,"def","BORR",0
1963-02-01,"def","ANGELO",0
1963-03-01,"def","SEDG",32.3
1963-03-01,"def","WWP",41.6
1963-03-01,"def","MCL",0
1963-03-01,"def","BORR",0
1963-03-01,"def","ANGELO",0
1963-04-01,"def","SEDG",8
1963-04-01,"def","WWP",3.4
1963-04-01,"def","MCL",0
1963-04-01,"def","BORR",0
1963-04-01,"def","ANGELO",0
1963-05-01,"def","SEDG",116.8
1963-05-01,"def","WWP",108.9
1963-05-01,"def","MCL",36.3
1963-05-01,"def","BORR",33
1963-05-01,"def","ANGELO",19.7
1963-06-01,"def","SEDG",143.1
1963-06-01,"def","WWP",146.9
1963-06-01,"def","MCL",138.3
1963-06-01,"def","BORR",122.1
1963-06-01,"def","ANGELO",60
1963-07-01,"def","SEDG",179.4
1963-07-01,"def","WWP",183.2
1963-07-01,"def","MCL",178.5
1963-07-01,"def","BORR",180.4
1963-07-01,"def","ANGELO",80.4
1963-08-01,"def","SEDG",163.5
1963-08-01,"def","WWP",163.5
1963-08-01,"def","MCL",178.1
1963-08-01,"def","BORR",173
1963-08-01,"def","ANGELO",95.4
1963-09-01,"def","SEDG",123.3
1963-09-01,"def","WWP",111.6
1963-09-01,"def","MCL",129.1
1963-09-01,"def","BORR",122
1963-09-01,"def","ANGELO",73.7
1963-10-01,"def","SEDG",68.9
1963-10-01,"def","WWP",40.9
1963-10-01,"def","MCL",20.4
1963-10-01,"def","BORR",12.4
1963-10-01,"def","ANGELO",0
1963-11-01,"def","SEDG",0
1963-11-01,"def","WWP",0
1963-11-01,"def","MCL",0
1963-11-01,"def","BORR",0
1963-11-01,"def","ANGELO",0
1963-12-01,"def","SEDG",61.1
1963-12-01,"def","WWP",16.7
1963-12-01,"def","MCL",11.7
1963-12-01,"def","BORR",8.4
1963-12-01,"def","ANGELO",0
1964-01-01,"def","SEDG",21.4
1964-01-01,"def","WWP",0
1964-01-01,"def","MCL",0
1964-01-01,"def","BORR",0
1964-01-01,"def","ANGELO",0
1964-02-01,"def","SEDG",74.3
1964-02-01,"def","WWP",31.8
1964-02-01,"def","MCL",20.2
1964-02-01,"def","BORR",24.9
1964-02-01,"def","ANGELO",11.6
1964-03-01,"def","SEDG",58.7
1964-03-01,"def","WWP",38.5
1964-03-01,"def","MCL",0
1964-03-01,"def","BORR",16.1
1964-03-01,"def","ANGELO",0
1964-04-01,"def","SEDG",87.4
1964-04-01,"def","WWP",60.6
1964-04-01,"def","MCL",43.6
1964-04-01,"def","BORR",63.6
1964-04-01,"def","ANGELO",30.1
1964-05-01,"def","SEDG",133.3
1964-05-01,"def","WWP",115.9
1964-05-01,"def","MCL",105.8
1964-05-01,"def","BORR",114.6
1964-05-01,"def","ANGELO",32.4
1964-06-01,"def","SEDG",155.8
1964-06-01,"def","WWP",162.7
1964-06-01,"def","MCL",123.2
1964-06-01,"def","BORR",136.9
1964-06-01,"def","ANGELO",57.7
1964-07-01,"def","SEDG",187.1
1964-07-01,"def","WWP",187.6
1964-07-01,"def","MCL",186
1964-07-01,"def","BORR",197.6
1964-07-01,"def","ANGELO",87.9
1964-08-01,"def","SEDG",173.7
1964-08-01,"def","WWP",175.1
1964-08-01,"def","MCL",181.1
1964-08-01,"def","BORR",189
1964-08-01,"def","ANGELO",107.6
1964-09-01,"def","SEDG",145.1
1964-09-01,"def","WWP",143
1964-09-01,"def","MCL",145
1964-09-01,"def","BORR",140
1964-09-01,"def","ANGELO",107
1964-10-01,"def","SEDG",84.5
1964-10-01,"def","WWP",92
1964-10-01,"def","MCL",45.9
1964-10-01,"def","BORR",48.9
1964-10-01,"def","ANGELO",18.7
1964-11-01,"def","SEDG",0.8
1964-11-01,"def","WWP",0
1964-11-01,"def","MCL",0
1964-11-01,"def","BORR",0
1964-11-01,"def","ANGELO",0
1964-12-01,"def","SEDG",0
1964-12-01,"def","WWP",0
1964-12-01,"def","MCL",0
1964-12-01,"def","BORR",0
1964-12-01,"def","ANGELO",0
1965-01-01,"def","SEDG",3.9
1965-01-01,"def","WWP",0
1965-01-01,"def","MCL",0
1965-01-01,"def","BORR",0
1965-01-01,"def","ANGELO",0
1965-02-01,"def","SEDG",36.1
1965-02-01,"def","WWP",13.7
1965-02-01,"def","MCL",13.1
1965-02-01,"def","BORR",14.7
1965-02-01,"def","ANGELO",1.9
1965-03-01,"def","SEDG",19.4
1965-03-01,"def","WWP",7.8
1965-03-01,"def","MCL",0
1965-03-01,"def","BORR",15.1
1965-03-01,"def","ANGELO",3.5
1965-04-01,"def","SEDG",0
1965-04-01,"def","WWP",0
1965-04-01,"def","MCL",0
1965-04-01,"def","BORR",0
1965-04-01,"def","ANGELO",0
1965-05-01,"def","SEDG",126.5
1965-05-01,"def","WWP",87.1
1965-05-01,"def","MCL",71.6
1965-05-01,"def","BORR",57.7
1965-05-01,"def","ANGELO",47.3
1965-06-01,"def","SEDG",136.8
1965-06-01,"def","WWP",144.9
1965-06-01,"def","MCL",140.4
1965-06-01,"def","BORR",143.1
1965-06-01,"def","ANGELO",61.6
1965-07-01,"def","SEDG",164.8
1965-07-01,"def","WWP",168.4
1965-07-01,"def","MCL",177.2
1965-07-01,"def","BORR",185.9
1965-07-01,"def","ANGELO",90.5
1965-08-01,"def","SEDG",180.7
1965-08-01,"def","WWP",133.6
1965-08-01,"def","MCL",171.3
1965-08-01,"def","BORR",148.6
1965-08-01,"def","ANGELO",78.6
1965-09-01,"def","SEDG",126.3
1965-09-01,"def","WWP",130.8
1965-09-01,"def","MCL",136.9
1965-09-01,"def","BORR",128.8
1965-09-01,"def","ANGELO",88.9
1965-10-01,"def","SEDG",123.7
1965-10-01,"def","WWP",115.2
1965-10-01,"def","MCL",105.1
1965-10-01,"def","BORR",89.8
1965-10-01,"def","ANGELO",45.2
1965-11-01,"def","SEDG",0
1965-11-01,"def","WWP",0
1965-11-01,"def","MCL",0
1965-11-01,"def","BORR",0
1965-11-01,"def","ANGELO",0
1965-12-01,"def","SEDG",0
1965-12-01,"def","WWP",0
1965-12-01,"def","MCL",0
1965-12-01,"def","BORR",0
1965-12-01,"def","ANGELO",0
1966-01-01,"def","SEDG",11.7
1966-01-01,"def","WWP",7.7
1966-01-01,"def","MCL",0
1966-01-01,"def","BORR",0
1966-01-01,"def","ANGELO",0
1966-02-01,"def","SEDG",14.4
1966-02-01,"def","WWP",3
1966-02-01,"def","MCL",0
1966-02-01,"def","BORR",0
1966-02-01,"def","ANGELO",0
1966-03-01,"def","SEDG",48.4
1966-03-01,"def","WWP",48.3
1966-03-01,"def","MCL",19.5
1966-03-01,"def","BORR",11.4
1966-03-01,"def","ANGELO",0
1966-04-01,"def","SEDG",110.4
1966-04-01,"def","WWP",121
1966-04-01,"def","MCL",63.7
1966-04-01,"def","BORR",45.6
1966-04-01,"def","ANGELO",20.8
1966-05-01,"def","SEDG",125.1
1966-05-01,"def","WWP",134
1966-05-01,"def","MCL",130
1966-05-01,"def","BORR",120.6
1966-05-01,"def","ANGELO",52.6
1966-06-01,"def","SEDG",161.7
1966-06-01,"def","WWP",167.9
1966-06-01,"def","MCL",163.4
1966-06-01,"def","BORR",178.2
1966-06-01,"def","ANGELO",74.5
1966-07-01,"def","SEDG",177.9
1966-07-01,"def","WWP",185.5
1966-07-01,"def","MCL",169.6
1966-07-01,"def","BORR",187.4
1966-07-01,"def","ANGELO",95.5
1966-08-01,"def","SEDG",173.4
1966-08-01,"def","WWP",187.8
1966-08-01,"def","MCL",187.2
1966-08-01,"def","BORR",186.4
1966-08-01,"def","ANGELO",117.7
1966-09-01,"def","SEDG",119.6
1966-09-01,"def","WWP",132.4
1966-09-01,"def","MCL",140.2
1966-09-01,"def","BORR",137
1966-09-01,"def","ANGELO",86.1
1966-10-01,"def","SEDG",113
1966-10-01,"def","WWP",108.7
1966-10-01,"def","MCL",105.2
1966-10-01,"def","BORR",100
1966-10-01,"def","ANGELO",70.8
1966-11-01,"def","SEDG",0
1966-11-01,"def","WWP",0
1966-11-01,"def","MCL",0
1966-11-01,"def","BORR",0
1966-11-01,"def","ANGELO",0
1966-12-01,"def","SEDG",0
1966-12-01,"def","WWP",0
1966-12-01,"def","MCL",0
1966-12-01,"def","BORR",0
1966-12-01,"def","ANGELO",0
1967-01-01,"def","SEDG",0
1967-01-01,"def","WWP",0
1967-01-01,"def","MCL",0
1967-01-01,"def","BORR",0
1967-01-01,"def","ANGELO",0
1967-02-01,"def","SEDG",25.4
1967-02-01,"def","WWP",20.2
1967-02-01,"def","MCL",15.1
1967-02-01,"def","BORR",15.4
1967-02-01,"def","ANGELO",5.7
1967-03-01,"def","SEDG",0
1967-03-01,"def","WWP",8
1967-03-01,"def","MCL",0
1967-03-01,"def","BORR",0
1967-03-01,"def","ANGELO",0
1967-04-01,"def","SEDG",0
1967-04-01,"def","WWP",0
1967-04-01,"def","MCL",0
1967-04-01,"def","BORR",0
1967-04-01,"def","ANGELO",0
1967-05-01,"def","SEDG",60.8
1967-05-01,"def","WWP",60.7
1967-05-01,"def","MCL",55.7
1967-05-01,"def","BORR",49.7
1967-05-01,"def","ANGELO",37.9
1967-06-01,"def","SEDG",126.8
1967-06-01,"def","WWP",137.7
1967-06-01,"def","MCL",112.6
1967-06-01,"def","BORR",91.3
1967-06-01,"def","ANGELO",58.1
1967-07-01,"def","SEDG",166.2
1967-07-01,"def","WWP",185.2
1967-07-01,"def","MCL",193.3
1967-07-01,"def","BORR",196.8
1967-07-01,"def","ANGELO",91.8
1967-08-01,"def","SEDG",171.4
1967-08-01,"def","WWP",183.4
1967-08-01,"def","MCL",192.2
1967-08-01,"def","BORR",190.4
1967-08-01,"def","ANGELO",106.7
1967-09-01,"def","SEDG",124.3
1967-09-01,"def","WWP",115
1967-09-01,"def","MCL",144.4
1967-09-01,"def","BORR",136.8
1967-09-01,"def","ANGELO",97.4
1967-10-01,"def","SEDG",127.6
1967-10-01,"def","WWP",117.7
1967-10-01,"def","MCL",99
1967-10-01,"def","BORR",66
1967-10-01,"def","ANGELO",0
1967-11-01,"def","SEDG",0
1967-11-01,"def","WWP",0
1967-11-01,"def","MCL",0
1967-11-01,"def","BORR",0
1967-11-01,"def","ANGELO",0
1967-12-01,"def","SEDG",19.6
1967-12-01,"def","WWP",3.8
1967-12-01,"def","MCL",0
1967-12-01,"def","BORR",0
1967-12-01,"def","ANGELO",0
1968-01-01,"def","SEDG",23.3
1968-01-01,"def","WWP",11.4
1968-01-01,"def","MCL",0
1968-01-01,"def","BORR",0
1968-01-01,"def","ANGELO",0
1968-02-01,"def","SEDG",29.1
1968-02-01,"def","WWP",16.7
1968-02-01,"def","MCL",0
1968-02-01,"def","BORR",0
1968-02-01,"def","ANGELO",0
1968-03-01,"def","SEDG",18.6
1968-03-01,"def","WWP",22.6
1968-03-01,"def","MCL",0
1968-03-01,"def","BORR",0
1968-03-01,"def","ANGELO",0
1968-04-01,"def","SEDG",98.8
1968-04-01,"def","WWP",98.8
1968-04-01,"def","MCL",35
1968-04-01,"def","BORR",42.9
1968-04-01,"def","ANGELO",36.1
1968-05-01,"def","SEDG",151.9
1968-05-01,"def","WWP",151.4
1968-05-01,"def","MCL",103.1
1968-05-01,"def","BORR",93.7
1968-05-01,"def","ANGELO",27.8
1968-06-01,"def","SEDG",179.6
1968-06-01,"def","WWP",190.4
1968-06-01,"def","MCL",166.2
1968-06-01,"def","BORR",175.1
1968-06-01,"def","ANGELO",74.4
1968-07-01,"def","SEDG",179.2
1968-07-01,"def","WWP",193.3
1968-07-01,"def","MCL",189.6
1968-07-01,"def","BORR",191.1
1968-07-01,"def","ANGELO",94.5
1968-08-01,"def","SEDG",185.9
1968-08-01,"def","WWP",183.6
1968-08-01,"def","MCL",161.8
1968-08-01,"def","BORR",142.5
1968-08-01,"def","ANGELO",9.4
1968-09-01,"def","SEDG",151.7
1968-09-01,"def","WWP",154.1
1968-09-01,"def","MCL",144.2
1968-09-01,"def","BORR",143
1968-09-01,"def","ANGELO",73.6
1968-10-01,"def","SEDG",77
1968-10-01,"def","WWP",78.1
1968-10-01,"def","MCL",63.1
1968-10-01,"def","BORR",45.7
1968-10-01,"def","ANGELO",0
1968-11-01,"def","SEDG",31
1968-11-01,"def","WWP",17.1
1968-11-01,"def","MCL",0
1968-11-01,"def","BORR",0
1968-11-01,"def","ANGELO",0
1968-12-01,"def","SEDG",0.7
1968-12-01,"def","WWP",0
1968-12-01,"def","MCL",0
1968-12-01,"def","BORR",0
1968-12-01,"def","ANGELO",0
1969-01-01,"def","SEDG",0
1969-01-01,"def","WWP",0
1969-01-01,"def","MCL",0
1969-01-01,"def","BORR",0
1969-01-01,"def","ANGELO",0
1969-02-01,"def","SEDG",0
1969-02-01,"def","WWP",0
1969-02-01,"def","MCL",0
1969-02-01,"def","BORR",0
1969-02-01,"def","ANGELO",0
1969-03-01,"def","SEDG",27.3
1969-03-01,"def","WWP",13.8
1969-03-01,"def","MCL",12.5
1969-03-01,"def","BORR",9.7
1969-03-01,"def","ANGELO",0
1969-04-01,"def","SEDG",37.8
1969-04-01,"def","WWP",41.5
1969-04-01,"def","MCL",12.6
1969-04-01,"def","BORR",10.7
1969-04-01,"def","ANGELO",0
1969-05-01,"def","SEDG",129.1
1969-05-01,"def","WWP",138.2
1969-05-01,"def","MCL",103.4
1969-05-01,"def","BORR",84.8
1969-05-01,"def","ANGELO",42.4
1969-06-01,"def","SEDG",144.6
1969-06-01,"def","WWP",150.7
1969-06-01,"def","MCL",131.4
1969-06-01,"def","BORR",137.2
1969-06-01,"def","ANGELO",52.2
1969-07-01,"def","SEDG",171.4
1969-07-01,"def","WWP",182
1969-07-01,"def","MCL",186.4
1969-07-01,"def","BORR",194.6
1969-07-01,"def","ANGELO",90.4
1969-08-01,"def","SEDG",184.9
1969-08-01,"def","WWP",194.4
1969-08-01,"def","MCL",193
1969-08-01,"def","BORR",194
1969-08-01,"def","ANGELO",115.7
1969-09-01,"def","SEDG",135.6
1969-09-01,"def","WWP",147.1
1969-09-01,"def","MCL",136
1969-09-01,"def","BORR",132.8
1969-09-01,"def","ANGELO",84.6
1969-10-01,"def","SEDG",113.8
1969-10-01,"def","WWP",107
1969-10-01,"def","MCL",62.3
1969-10-01,"def","BORR",41.8
1969-10-01,"def","ANGELO",0
1969-11-01,"def","SEDG",17.2
1969-11-01,"def","WWP",0
1969-11-01,"def","MCL",0
1969-11-01,"def","BORR",6.5
1969-11-01,"def","ANGELO",0
1969-12-01,"def","SEDG",45.1
1969-12-01,"def","WWP",8.8
1969-12-01,"def","MCL",0
1969-12-01,"def","BORR",0
1969-12-01,"def","ANGELO",0
1970-01-01,"def","SEDG",0
1970-01-01,"def","WWP",12.6
1970-01-01,"def","MCL",0
1970-01-01,"def","BORR",0
1970-01-01,"def","ANGELO",0
1970-02-01,"def","SEDG",31
1970-02-01,"def","WWP",12.1
1970-02-01,"def","MCL",0
1970-02-01,"def","BORR",0
1970-02-01,"def","ANGELO",0
1970-03-01,"def","SEDG",38.5
1970-03-01,"def","WWP",33.4
1970-03-01,"def","MCL",15
1970-03-01,"def","BORR",14.1
1970-03-01,"def","ANGELO",0
1970-04-01,"def","SEDG",128.4
1970-04-01,"def","WWP",90.3
1970-04-01,"def","MCL",37.8
1970-04-01,"def","BORR",40.1
1970-04-01,"def","ANGELO",20.1
1970-05-01,"def","SEDG",168.4
1970-05-01,"def","WWP",166
1970-05-01,"def","MCL",135.8
1970-05-01,"def","BORR",130.6
1970-05-01,"def","ANGELO",48.2
1970-06-01,"def","SEDG",171.9
1970-06-01,"def","WWP",179.8
1970-06-01,"def","MCL",158.7
1970-06-01,"def","BORR",156.9
1970-06-01,"def","ANGELO",66.2
1970-07-01,"def","SEDG",189.8
1970-07-01,"def","WWP",197.2
1970-07-01,"def","MCL",201.4
1970-07-01,"def","BORR",204.7
1970-07-01,"def","ANGELO",99.3
1970-08-01,"def","SEDG",190.2
1970-08-01,"def","WWP",191.9
1970-08-01,"def","MCL",192.1
1970-08-01,"def","BORR",185.9
1970-08-01,"def","ANGELO",113.5
1970-09-01,"def","SEDG",166.7
1970-09-01,"def","WWP",164.6
1970-09-01,"def","MCL",162.5
1970-09-01,"def","BORR",153.1
1970-09-01,"def","ANGELO",117.5
1970-10-01,"def","SEDG",114.5
1970-10-01,"def","WWP",115.2
1970-10-01,"def","MCL",78.2
1970-10-01,"def","BORR",44.9
1970-10-01,"def","ANGELO",0
1970-11-01,"def","SEDG",0
1970-11-01,"def","WWP",0
1970-11-01,"def","MCL",0
1970-11-01,"def","BORR",0
1970-11-01,"def","ANGELO",0
1970-12-01,"def","SEDG",0
1970-12-01,"def","WWP",0
1970-12-01,"def","MCL",0
1970-12-01,"def","BORR",0
1970-12-01,"def","ANGELO",0
1971-01-01,"def","SEDG",12.5
1971-01-01,"def","WWP",9.1
1971-01-01,"def","MCL",0
1971-01-01,"def","BORR",0
1971-01-01,"def","ANGELO",0
1971-02-01,"def","SEDG",26.5
1971-02-01,"def","WWP",12.7
1971-02-01,"def","MCL",12.4
1971-02-01,"def","BORR",13
1971-02-01,"def","ANGELO",0
1971-03-01,"def","SEDG",49.6
1971-03-01,"def","WWP",49.4
1971-03-01,"def","MCL",1.1
1971-03-01,"def","BORR",0
1971-03-01,"def","ANGELO",0
1971-04-01,"def","SEDG",83.4
1971-04-01,"def","WWP",76.1
1971-04-01,"def","MCL",33.9
1971-04-01,"def","BORR",30.4
1971-04-01,"def","ANGELO",3.1
1971-05-01,"def","SEDG",120.6
1971-05-01,"def","WWP",89.2
1971-05-01,"def","MCL",74
1971-05-01,"def","BORR",63.9
1971-05-01,"def","ANGELO",34
1971-06-01,"def","SEDG",158.6
1971-06-01,"def","WWP",163
1971-06-01,"def","MCL",141.4
1971-06-01,"def","BORR",152.8
1971-06-01,"def","ANGELO",54.1
1971-07-01,"def","SEDG",185.5
1971-07-01,"def","WWP",194.5
1971-07-01,"def","MCL",189.8
1971-07-01,"def","BORR",199.6
1971-07-01,"def","ANGELO",83.8
1971-08-01,"def","SEDG",189.6
1971-08-01,"def","WWP",188.3
1971-08-01,"def","MCL",190.7
1971-08-01,"def","BORR",191.8
1971-08-01,"def","ANGELO",96.1
1971-09-01,"def","SEDG",150.6
1971-09-01,"def","WWP",150.1
1971-09-01,"def","MCL",151.9
1971-09-01,"def","BORR",142.8
1971-09-01,"def","ANGELO",66.3
1971-10-01,"def","SEDG",115
1971-10-01,"def","WWP",105.3
1971-10-01,"def","MCL",92.4
1971-10-01,"def","BORR",71.8
1971-10-01,"def","ANGELO",29.3
1971-11-01,"def","SEDG",61.7
1971-11-01,"def","WWP",50.4
1971-11-01,"def","MCL",2.6
1971-11-01,"def","BORR",0
1971-11-01,"def","ANGELO",0
1971-12-01,"def","SEDG",0
1971-12-01,"def","WWP",0
1971-12-01,"def","MCL",0
1971-12-01,"def","BORR",0
1971-12-01,"def","ANGELO",0
1972-01-01,"def","SEDG",27
1972-01-01,"def","WWP",13.4
1972-01-01,"def","MCL",0
1972-01-01,"def","BORR",0
1972-01-01,"def","ANGELO",0
1972-02-01,"def","SEDG",35.3
1972-02-01,"def","WWP",27.1
1972-02-01,"def","MCL",4.7
1972-02-01,"def","BORR",0
1972-02-01,"def","ANGELO",0
1972-03-01,"def","SEDG",101.4
1972-03-01,"def","WWP",97.6
1972-03-01,"def","MCL",30.2
1972-03-01,"def","BORR",24
1972-03-01,"def","ANGELO",0
1972-04-01,"def","SEDG",112.5
1972-04-01,"def","WWP",105.9
1972-04-01,"def","MCL",43.1
1972-04-01,"def","BORR",28.3
1972-04-01,"def","ANGELO",0
1972-05-01,"def","SEDG",146
1972-05-01,"def","WWP",147.3
1972-05-01,"def","MCL",136.3
1972-05-01,"def","BORR",103.4
1972-05-01,"def","ANGELO",38.5
1972-06-01,"def","SEDG",154.6
1972-06-01,"def","WWP",138.7
1972-06-01,"def","MCL",169.7
1972-06-01,"def","BORR",169.7
1972-06-01,"def","ANGELO",61.2
1972-07-01,"def","SEDG",181.5
1972-07-01,"def","WWP",196.5
1972-07-01,"def","MCL",197.9
1972-07-01,"def","BORR",197.5
1972-07-01,"def","ANGELO",84.3
1972-08-01,"def","SEDG",179.1
1972-08-01,"def","WWP",181.1
1972-08-01,"def","MCL",190.9
1972-08-01,"def","BORR",189.1
1972-08-01,"def","ANGELO",91.2
1972-09-01,"def","SEDG",122.5
1972-09-01,"def","WWP",127.7
1972-09-01,"def","MCL",130
1972-09-01,"def","BORR",102
1972-09-01,"def","ANGELO",49.2
1972-10-01,"def","SEDG",71
1972-10-01,"def","WWP",70.8
1972-10-01,"def","MCL",0
1972-10-01,"def","BORR",0
1972-10-01,"def","ANGELO",0
1972-11-01,"def","SEDG",0
1972-11-01,"def","WWP",0
1972-11-01,"def","MCL",0
1972-11-01,"def","BORR",0
1972-11-01,"def","ANGELO",0
1972-12-01,"def","SEDG",14.7
1972-12-01,"def","WWP",0
1972-12-01,"def","MCL",0
1972-12-01,"def","BORR",0
1972-12-01,"def","ANGELO",0
1973-01-01,"def","SEDG",0
1973-01-01,"def","WWP",0
1973-01-01,"def","MCL",0
1973-01-01,"def","BORR",0
1973-01-01,"def","ANGELO",0
1973-02-01,"def","SEDG",0
1973-02-01,"def","WWP",0
1973-02-01,"def","MCL",0
1973-02-01,"def","BORR",0
1973-02-01,"def","ANGELO",0
1973-03-01,"def","SEDG",9.7
1973-03-01,"def","WWP",0
1973-03-01,"def","MCL",0
1973-03-01,"def","BORR",0
1973-03-01,"def","ANGELO",0
1973-04-01,"def","SEDG",53.2
1973-04-01,"def","WWP",48.4
1973-04-01,"def","MCL",39.2
1973-04-01,"def","BORR",44.6
1973-04-01,"def","ANGELO",33.1
1973-05-01,"def","SEDG",134.8
1973-05-01,"def","WWP",144.2
1973-05-01,"def","MCL",134.4
1973-05-01,"def","BORR",130.8
1973-05-01,"def","ANGELO",53.2
1973-06-01,"def","SEDG",169.8
1973-06-01,"def","WWP",179.9
1973-06-01,"def","MCL",173.9
1973-06-01,"def","BORR",183
1973-06-01,"def","ANGELO",85.7
1973-07-01,"def","SEDG",187.8
1973-07-01,"def","WWP",201.3
1973-07-01,"def","MCL",195.5
1973-07-01,"def","BORR",203.8
1973-07-01,"def","ANGELO",116
1973-08-01,"def","SEDG",174.1
1973-08-01,"def","WWP",180.9
1973-08-01,"def","MCL",179.4
1973-08-01,"def","BORR",180.2
1973-08-01,"def","ANGELO",123.8
1973-09-01,"def","SEDG",141.3
1973-09-01,"def","WWP",147.7
1973-09-01,"def","MCL",130.1
1973-09-01,"def","BORR",129.7
1973-09-01,"def","ANGELO",35.7
1973-10-01,"def","SEDG",95.6
1973-10-01,"def","WWP",104.7
1973-10-01,"def","MCL",8.7
1973-10-01,"def","BORR",0
1973-10-01,"def","ANGELO",0
1973-11-01,"def","SEDG",18.7
1973-11-01,"def","WWP",18.5
1973-11-01,"def","MCL",0
1973-11-01,"def","BORR",0
1973-11-01,"def","ANGELO",0
1973-12-01,"def","SEDG",7.7
1973-12-01,"def","WWP",0
1973-12-01,"def","MCL",0
1973-12-01,"def","BORR",0
1973-12-01,"def","ANGELO",0
1974-01-01,"def","SEDG",0
1974-01-01,"def","WWP",0
1974-01-01,"def","MCL",0
1974-01-01,"def","BORR",0
1974-01-01,"def","ANGELO",0
1974-02-01,"def","SEDG",31.8
1974-02-01,"def","WWP",19.7
1974-02-01,"def","MCL",10.4
1974-02-01,"def","BORR",0
1974-02-01,"def","ANGELO",0
1974-03-01,"def","SEDG",0
1974-03-01,"def","WWP",0
1974-03-01,"def","MCL",0
1974-03-01,"def","BORR",0
1974-03-01,"def","ANGELO",0
1974-04-01,"def","SEDG",69.3
1974-04-01,"def","WWP",82.2
1974-04-01,"def","MCL",7.5
1974-04-01,"def","BORR",15.2
1974-04-01,"def","ANGELO",0
1974-05-01,"def","SEDG",135.5
1974-05-01,"def","WWP",149.3
1974-05-01,"def","MCL",75.7
1974-05-01,"def","BORR",77.6
1974-05-01,"def","ANGELO",44.9
1974-06-01,"def","SEDG",164.2
1974-06-01,"def","WWP",185.9
1974-06-01,"def","MCL",140.3
1974-06-01,"def","BORR",167.1
1974-06-01,"def","ANGELO",60.3
1974-07-01,"def","SEDG",176.7
1974-07-01,"def","WWP",184.4
1974-07-01,"def","MCL",160.7
1974-07-01,"def","BORR",167.9
1974-07-01,"def","ANGELO",69.5
1974-08-01,"def","SEDG",167.4
1974-08-01,"def","WWP",188.9
1974-08-01,"def","MCL",178
1974-08-01,"def","BORR",170.4
1974-08-01,"def","ANGELO",97.5
1974-09-01,"def","SEDG",137.1
1974-09-01,"def","WWP",153.8
1974-09-01,"def","MCL",143.5
1974-09-01,"def","BORR",140.6
1974-09-01,"def","ANGELO",93.8
1974-10-01,"def","SEDG",60.7
1974-10-01,"def","WWP",48.1
1974-10-01,"def","MCL",41.8
1974-10-01,"def","BORR",53.4
1974-10-01,"def","ANGELO",34.9
1974-11-01,"def","SEDG",60.8
1974-11-01,"def","WWP",32.8
1974-11-01,"def","MCL",1.2
1974-11-01,"def","BORR",0
1974-11-01,"def","ANGELO",0
1974-12-01,"def","SEDG",0
1974-12-01,"def","WWP",0
1974-12-01,"def","MCL",0
1974-12-01,"def","BORR",0
1974-12-01,"def","ANGELO",0
1975-01-01,"def","SEDG",37.8
1975-01-01,"def","WWP",11.3
1975-01-01,"def","MCL",6.1
1975-01-01,"def","BORR",0
1975-01-01,"def","ANGELO",0
1975-02-01,"def","SEDG",0
1975-02-01,"def","WWP",0
1975-02-01,"def","MCL",0
1975-02-01,"def","BORR",0
1975-02-01,"def","ANGELO",0
1975-03-01,"def","SEDG",0
1975-03-01,"def","WWP",0
1975-03-01,"def","MCL",0
1975-03-01,"def","BORR",0
1975-03-01,"def","ANGELO",0
1975-04-01,"def","SEDG",12.1
1975-04-01,"def","WWP",0
1975-04-01,"def","MCL",0
1975-04-01,"def","BORR",14.8
1975-04-01,"def","ANGELO",0
1975-05-01,"def","SEDG",72.1
1975-05-01,"def","WWP",98
1975-05-01,"def","MCL",72
1975-05-01,"def","BORR",92.5
1975-05-01,"def","ANGELO",41.8
1975-06-01,"def","SEDG",135.5
1975-06-01,"def","WWP",170.4
1975-06-01,"def","MCL",155.1
1975-06-01,"def","BORR",179.5
1975-06-01,"def","ANGELO",72
1975-07-01,"def","SEDG",163.2
1975-07-01,"def","WWP",186.9
1975-07-01,"def","MCL",169.2
1975-07-01,"def","BORR",185.9
1975-07-01,"def","ANGELO",88.8
1975-08-01,"def","SEDG",164.3
1975-08-01,"def","WWP",177.6
1975-08-01,"def","MCL",167.7
1975-08-01,"def","BORR",169
1975-08-01,"def","ANGELO",95.5
1975-09-01,"def","SEDG",128
1975-09-01,"def","WWP",131.9
1975-09-01,"def","MCL",138.7
1975-09-01,"def","BORR",130.7
1975-09-01,"def","ANGELO",90.3
1975-10-01,"def","SEDG",94.5
1975-10-01,"def","WWP",77.3
1975-10-01,"def","MCL",25
1975-10-01,"def","BORR",0
1975-10-01,"def","ANGELO",0
1975-11-01,"def","SEDG",77.3
1975-11-01,"def","WWP",49.2
1975-11-01,"def","MCL",48.6
1975-11-01,"def","BORR",26.3
1975-11-01,"def","ANGELO",0
1975-12-01,"def","SEDG",55.4
1975-12-01,"def","WWP",43.4
1975-12-01,"def","MCL",27.6
1975-12-01,"def","BORR",21
1975-12-01,"def","ANGELO",0
1976-01-01,"def","SEDG",73.8
1976-01-01,"def","WWP",65
1976-01-01,"def","MCL",43
1976-01-01,"def","BORR",29.7
1976-01-01,"def","ANGELO",0
1976-02-01,"def","SEDG",0
1976-02-01,"def","WWP",0
1976-02-01,"def","MCL",0
1976-02-01,"def","BORR",8
1976-02-01,"def","ANGELO",0
1976-03-01,"def","SEDG",47.1
1976-03-01,"def","WWP",35.7
1976-03-01,"def","MCL",37.6
1976-03-01,"def","BORR",65.5
1976-03-01,"def","ANGELO",1.3
1976-04-01,"def","SEDG",36.6
1976-04-01,"def","WWP",0
1976-04-01,"def","MCL",9.4
1976-04-01,"def","BORR",12.5
1976-04-01,"def","ANGELO",0
1976-05-01,"def","SEDG",140.8
1976-05-01,"def","WWP",134.5
1976-05-01,"def","MCL",144.1
1976-05-01,"def","BORR",169.5
1976-05-01,"def","ANGELO",49
1976-06-01,"def","SEDG",176.6
1976-06-01,"def","WWP",165.2
1976-06-01,"def","MCL",174
1976-06-01,"def","BORR",197.9
1976-06-01,"def","ANGELO",70.4
1976-07-01,"def","SEDG",174.9
1976-07-01,"def","WWP",183
1976-07-01,"def","MCL",182
1976-07-01,"def","BORR",202
1976-07-01,"def","ANGELO",89.1
1976-08-01,"def","SEDG",164.3
1976-08-01,"def","WWP",170.3
1976-08-01,"def","MCL",110
1976-08-01,"def","BORR",120.5
1976-08-01,"def","ANGELO",28.6
1976-09-01,"def","SEDG",33.1
1976-09-01,"def","WWP",62.4
1976-09-01,"def","MCL",96.4
1976-09-01,"def","BORR",94.9
1976-09-01,"def","ANGELO",72.8
1976-10-01,"def","SEDG",88.3
1976-10-01,"def","WWP",65.7
1976-10-01,"def","MCL",39.2
1976-10-01,"def","BORR",88.6
1976-10-01,"def","ANGELO",57.6
1976-11-01,"def","SEDG",71.8
1976-11-01,"def","WWP",34.3
1976-11-01,"def","MCL",0
1976-11-01,"def","BORR",13
1976-11-01,"def","ANGELO",0
1976-12-01,"def","SEDG",39.4
1976-12-01,"def","WWP",41.4
1976-12-01,"def","MCL",6.3
1976-12-01,"def","BORR",12.7
1976-12-01,"def","ANGELO",0
1977-01-01,"def","SEDG",0.3
1977-01-01,"def","WWP",0
1977-01-01,"def","MCL",0
1977-01-01,"def","BORR",0
1977-01-01,"def","ANGELO",0
1977-02-01,"def","SEDG",69.6
1977-02-01,"def","WWP",37.6
1977-02-01,"def","MCL",10.8
1977-02-01,"def","BORR",1.4
1977-02-01,"def","ANGELO",0
1977-03-01,"def","SEDG",59.6
1977-03-01,"def","WWP",10.9
1977-03-01,"def","MCL",2.9
1977-03-01,"def","BORR",0.9
1977-03-01,"def","ANGELO",0
1977-04-01,"def","SEDG",123.6
1977-04-01,"def","WWP",109.5
1977-04-01,"def","MCL",92.3
1977-04-01,"def","BORR",106.9
1977-04-01,"def","ANGELO",25.8
1977-05-01,"def","SEDG",97.6
1977-05-01,"def","WWP",65.1
1977-05-01,"def","MCL",60.3
1977-05-01,"def","BORR",91.1
1977-05-01,"def","ANGELO",22.8
1977-06-01,"def","SEDG",151.1
1977-06-01,"def","WWP",163.4
1977-06-01,"def","MCL",157.2
1977-06-01,"def","BORR",179.1
1977-06-01,"def","ANGELO",78.5
1977-07-01,"def","SEDG",192.2
1977-07-01,"def","WWP",195.2
1977-07-01,"def","MCL",192
1977-07-01,"def","BORR",211.1
1977-07-01,"def","ANGELO",109.5
1977-08-01,"def","SEDG",177.7
1977-08-01,"def","WWP",157.5
1977-08-01,"def","MCL",176.2
1977-08-01,"def","BORR",186.2
1977-08-01,"def","ANGELO",93.9
1977-09-01,"def","SEDG",134.5
1977-09-01,"def","WWP",140.9
1977-09-01,"def","MCL",114.8
1977-09-01,"def","BORR",73.9
1977-09-01,"def","ANGELO",0
1977-10-01,"def","SEDG",106.9
1977-10-01,"def","WWP",104
1977-10-01,"def","MCL",84.7
1977-10-01,"def","BORR",60.3
1977-10-01,"def","ANGELO",0
1977-11-01,"def","SEDG",94.2
1977-11-01,"def","WWP",66
1977-11-01,"def","MCL",0
1977-11-01,"def","BORR",0
1977-11-01,"def","ANGELO",0
1977-12-01,"def","SEDG",0
1977-12-01,"def","WWP",0
1977-12-01,"def","MCL",0
1977-12-01,"def","BORR",0
1977-12-01,"def","ANGELO",0
1978-01-01,"def","SEDG",0
1978-01-01,"def","WWP",0
1978-01-01,"def","MCL",0
1978-01-01,"def","BORR",0
1978-01-01,"def","ANGELO",0
1978-02-01,"def","SEDG",0
1978-02-01,"def","WWP",0
1978-02-01,"def","MCL",0
1978-02-01,"def","BORR",0
1978-02-01,"def","ANGELO",0
1978-03-01,"def","SEDG",0
1978-03-01,"def","WWP",0
1978-03-01,"def","MCL",0
1978-03-01,"def","BORR",0
1978-03-01,"def","ANGELO",0
1978-04-01,"def","SEDG",1
1978-04-01,"def","WWP",0
1978-04-01,"def","MCL",0
1978-04-01,"def","BORR",0
1978-04-01,"def","ANGELO",0
1978-05-01,"def","SEDG",86.1
1978-05-01,"def","WWP",98.2
1978-05-01,"def","MCL",84
1978-05-01,"def","BORR",61.7
1978-05-01,"def","ANGELO",39.1
1978-06-01,"def","SEDG",162.5
1978-06-01,"def","WWP",166.1
1978-06-01,"def","MCL",150.4
1978-06-01,"def","BORR",164.2
1978-06-01,"def","ANGELO",61.5
1978-07-01,"def","SEDG",183
1978-07-01,"def","WWP",189.7
1978-07-01,"def","MCL",181.4
1978-07-01,"def","BORR",198.8
1978-07-01,"def","ANGELO",88.3
1978-08-01,"def","SEDG",162.8
1978-08-01,"def","WWP",180.5
1978-08-01,"def","MCL",182
1978-08-01,"def","BORR",187.4
1978-08-01,"def","ANGELO",96.9
1978-09-01,"def","SEDG",116.2
1978-09-01,"def","WWP",95.5
1978-09-01,"def","MCL",118.8
1978-09-01,"def","BORR",109.6
1978-09-01,"def","ANGELO",21.8
1978-10-01,"def","SEDG",102.5
1978-10-01,"def","WWP",103.1
1978-10-01,"def","MCL",100.5
1978-10-01,"def","BORR",97.5
1978-10-01,"def","ANGELO",62.2
1978-11-01,"def","SEDG",0
1978-11-01,"def","WWP",0
1978-11-01,"def","MCL",0
1978-11-01,"def","BORR",2.4
1978-11-01,"def","ANGELO",0
1978-12-01,"def","SEDG",0.2
1978-12-01,"def","WWP",0
1978-12-01,"def","MCL",3.3
1978-12-01,"def","BORR",23.7
1978-12-01,"def","ANGELO",0
1979-01-01,"def","SEDG",0
1979-01-01,"def","WWP",0
1979-01-01,"def","MCL",0
1979-01-01,"def","BORR",0
1979-01-01,"def","ANGELO",0
1979-02-01,"def","SEDG",0
1979-02-01,"def","WWP",0
1979-02-01,"def","MCL",0
1979-02-01,"def","BORR",0
1979-02-01,"def","ANGELO",0
1979-03-01,"def","SEDG",0
1979-03-01,"def","WWP",0
1979-03-01,"def","MCL",0
1979-03-01,"def","BORR",0
1979-03-01,"def","ANGELO",0
1979-04-01,"def","SEDG",63.7
1979-04-01,"def","WWP",46.1
1979-04-01,"def","MCL",24.5
1979-04-01,"def","BORR",20.8
1979-04-01,"def","ANGELO",0.6
1979-05-01,"def","SEDG",131.6
1979-05-01,"def","WWP",140.6
1979-05-01,"def","MCL",105.6
1979-05-01,"def","BORR",79.5
1979-05-01,"def","ANGELO",25.2
1979-06-01,"def","SEDG",180.1
1979-06-01,"def","WWP",185.7
1979-06-01,"def","MCL",178
1979-06-01,"def","BORR",189.3
1979-06-01,"def","ANGELO",66.8
1979-07-01,"def","SEDG",189.6
1979-07-01,"def","WWP",191.8
1979-07-01,"def","MCL",186.4
1979-07-01,"def","BORR",199.8
1979-07-01,"def","ANGELO",78
1979-08-01,"def","SEDG",181.4
1979-08-01,"def","WWP",178.3
1979-08-01,"def","MCL",176.1
1979-08-01,"def","BORR",174.5
1979-08-01,"def","ANGELO",91.8
1979-09-01,"def","SEDG",155.2
1979-09-01,"def","WWP",148
1979-09-01,"def","MCL",147
1979-09-01,"def","BORR",139.3
1979-09-01,"def","ANGELO",72.4
1979-10-01,"def","SEDG",95.1
1979-10-01,"def","WWP",96.1
1979-10-01,"def","MCL",24.3
1979-10-01,"def","BORR",0
1979-10-01,"def","ANGELO",0
1979-11-01,"def","SEDG",37.5
1979-11-01,"def","WWP",30.8
1979-11-01,"def","MCL",0
1979-11-01,"def","BORR",0
1979-11-01,"def","ANGELO",0
1979-12-01,"def","SEDG",5.4
1979-12-01,"def","WWP",4.6
1979-12-01,"def","MCL",0
1979-12-01,"def","BORR",0
1979-12-01,"def","ANGELO",0
1980-01-01,"def","SEDG",0
1980-01-01,"def","WWP",0
1980-01-01,"def","MCL",0
1980-01-01,"def","BORR",0
1980-01-01,"def","ANGELO",0
1980-02-01,"def","SEDG",0
1980-02-01,"def","WWP",0
1980-02-01,"def","MCL",0
1980-02-01,"def","BORR",0
1980-02-01,"def","ANGELO",0
1980-03-01,"def","SEDG",9.8
1980-03-01,"def","WWP",0.8
1980-03-01,"def","MCL",0.2
1980-03-01,"def","BORR",5
1980-03-01,"def","ANGELO",0
1980-04-01,"def","SEDG",32.4
1980-04-01,"def","WWP",12.8
1980-04-01,"def","MCL",10.6
1980-04-01,"def","BORR",19.5
1980-04-01,"def","ANGELO",0
1980-05-01,"def","SEDG",87.9
1980-05-01,"def","WWP",79.5
1980-05-01,"def","MCL",54.6
1980-05-01,"def","BORR",60.4
1980-05-01,"def","ANGELO",32.9
1980-06-01,"def","SEDG",157.8
1980-06-01,"def","WWP",153.4
1980-06-01,"def","MCL",137.1
1980-06-01,"def","BORR",144.7
1980-06-01,"def","ANGELO",52.5
1980-07-01,"def","SEDG",181
1980-07-01,"def","WWP",178.8
1980-07-01,"def","MCL",150.5
1980-07-01,"def","BORR",181.2
1980-07-01,"def","ANGELO",80.3
1980-08-01,"def","SEDG",167.4
1980-08-01,"def","WWP",183.9
1980-08-01,"def","MCL",174.7
1980-08-01,"def","BORR",173
1980-08-01,"def","ANGELO",97.1
1980-09-01,"def","SEDG",137.4
1980-09-01,"def","WWP",144.8
1980-09-01,"def","MCL",130.8
1980-09-01,"def","BORR",128.5
1980-09-01,"def","ANGELO",80
1980-10-01,"def","SEDG",120.4
1980-10-01,"def","WWP",110.6
1980-10-01,"def","MCL",88.1
1980-10-01,"def","BORR",70.1
1980-10-01,"def","ANGELO",21.9
1980-11-01,"def","SEDG",90.6
1980-11-01,"def","WWP",79.7
1980-11-01,"def","MCL",48.8
1980-11-01,"def","BORR",43.3
1980-11-01,"def","ANGELO",0
1980-12-01,"def","SEDG",30.9
1980-12-01,"def","WWP",41.3
1980-12-01,"def","MCL",0
1980-12-01,"def","BORR",0
1980-12-01,"def","ANGELO",0
1981-01-01,"def","SEDG",0
1981-01-01,"def","WWP",0
1981-01-01,"def","MCL",0
1981-01-01,"def","BORR",0
1981-01-01,"def","ANGELO",0
1981-02-01,"def","SEDG",1.9
1981-02-01,"def","WWP",5.3
1981-02-01,"def","MCL",0
1981-02-01,"def","BORR",0
1981-02-01,"def","ANGELO",0
1981-03-01,"def","SEDG",0
1981-03-01,"def","WWP",0
1981-03-01,"def","MCL",0
1981-03-01,"def","BORR",0
1981-03-01,"def","ANGELO",0
1981-04-01,"def","SEDG",62.3
1981-04-01,"def","WWP",10.5
1981-04-01,"def","MCL",27.3
1981-04-01,"def","BORR",33.7
1981-04-01,"def","ANGELO",22.7
1981-05-01,"def","SEDG",139.1
1981-05-01,"def","WWP",97.4
1981-05-01,"def","MCL",89.9
1981-05-01,"def","BORR",94.4
1981-05-01,"def","ANGELO",37.5
1981-06-01,"def","SEDG",191
1981-06-01,"def","WWP",184.5
1981-06-01,"def","MCL",185.3
1981-06-01,"def","BORR",204.1
1981-06-01,"def","ANGELO",76
1981-07-01,"def","SEDG",182.2
1981-07-01,"def","WWP",201.4
1981-07-01,"def","MCL",197
1981-07-01,"def","BORR",209
1981-07-01,"def","ANGELO",103.1
1981-08-01,"def","SEDG",181.5
1981-08-01,"def","WWP",194.1
1981-08-01,"def","MCL",182.5
1981-08-01,"def","BORR",188
1981-08-01,"def","ANGELO",119
1981-09-01,"def","SEDG",139.7
1981-09-01,"def","WWP",144.8
1981-09-01,"def","MCL",135.3
1981-09-01,"def","BORR",123.2
1981-09-01,"def","ANGELO",55.6
1981-10-01,"def","SEDG",71.3
1981-10-01,"def","WWP",77.8
1981-10-01,"def","MCL",22.7
1981-10-01,"def","BORR",0
1981-10-01,"def","ANGELO",0
1981-11-01,"def","SEDG",12.5
1981-11-01,"def","WWP",22.2
1981-11-01,"def","MCL",0
1981-11-01,"def","BORR",0
1981-11-01,"def","ANGELO",0
1981-12-01,"def","SEDG",41.1
1981-12-01,"def","WWP",33.8
1981-12-01,"def","MCL",0
1981-12-01,"def","BORR",0
1981-12-01,"def","ANGELO",0
1982-01-01,"def","SEDG",0
1982-01-01,"def","WWP",0
1982-01-01,"def","MCL",0
1982-01-01,"def","BORR",0
1982-01-01,"def","ANGELO",0
1982-02-01,"def","SEDG",24.2
1982-02-01,"def","WWP",9.8
1982-02-01,"def","MCL",0
1982-02-01,"def","BORR",0
1982-02-01,"def","ANGELO",0
1982-03-01,"def","SEDG",0
1982-03-01,"def","WWP",0
1982-03-01,"def","MCL",0
1982-03-01,"def","BORR",0
1982-03-01,"def","ANGELO",0
1982-04-01,"def","SEDG",0
1982-04-01,"def","WWP",0
1982-04-01,"def","MCL",0
1982-04-01,"def","BORR",0
1982-04-01,"def","ANGELO",0
1982-05-01,"def","SEDG",90.7
1982-05-01,"def","WWP",92.6
1982-05-01,"def","MCL",67.2
1982-05-01,"def","BORR",57.7
1982-05-01,"def","ANGELO",55.1
1982-06-01,"def","SEDG",129.2
1982-06-01,"def","WWP",141.5
1982-06-01,"def","MCL",110.9
1982-06-01,"def","BORR",134.5
1982-06-01,"def","ANGELO",51.7
1982-07-01,"def","SEDG",176.7
1982-07-01,"def","WWP",180.6
1982-07-01,"def","MCL",173
1982-07-01,"def","BORR",185.8
1982-07-01,"def","ANGELO",87.4
1982-08-01,"def","SEDG",178.4
1982-08-01,"def","WWP",178.5
1982-08-01,"def","MCL",175.7
1982-08-01,"def","BORR",178.2
1982-08-01,"def","ANGELO",97.8
1982-09-01,"def","SEDG",111.1
1982-09-01,"def","WWP",95.9
1982-09-01,"def","MCL",23.8
1982-09-01,"def","BORR",102
1982-09-01,"def","ANGELO",64
1982-10-01,"def","SEDG",89.4
1982-10-01,"def","WWP",71.5
1982-10-01,"def","MCL",4.7
1982-10-01,"def","BORR",0
1982-10-01,"def","ANGELO",0
1982-11-01,"def","SEDG",0
1982-11-01,"def","WWP",0
1982-11-01,"def","MCL",0
1982-11-01,"def","BORR",0
1982-11-01,"def","ANGELO",0
1982-12-01,"def","SEDG",0
1982-12-01,"def","WWP",0
1982-12-01,"def","MCL",0
1982-12-01,"def","BORR",0
1982-12-01,"def","ANGELO",0
1983-01-01,"def","SEDG",0
1983-01-01,"def","WWP",0
1983-01-01,"def","MCL",0
1983-01-01,"def","BORR",0
1983-01-01,"def","ANGELO",0
1983-02-01,"def","SEDG",0
1983-02-01,"def","WWP",0
1983-02-01,"def","MCL",0
1983-02-01,"def","BORR",0
1983-02-01,"def","ANGELO",0
1983-03-01,"def","SEDG",0
1983-03-01,"def","WWP",0
1983-03-01,"def","MCL",0
1983-03-01,"def","BORR",0
1983-03-01,"def","ANGELO",0
1983-04-01,"def","SEDG",0
1983-04-01,"def","WWP",0
1983-04-01,"def","MCL",0
1983-04-01,"def","BORR",0
1983-04-01,"def","ANGELO",0
1983-05-01,"def","SEDG",57.8
1983-05-01,"def","WWP",89.2
1983-05-01,"def","MCL",45.6
1983-05-01,"def","BORR",45.2
1983-05-01,"def","ANGELO",30.8
1983-06-01,"def","SEDG",141
1983-06-01,"def","WWP",165.6
1983-06-01,"def","MCL",145.9
1983-06-01,"def","BORR",129.4
1983-06-01,"def","ANGELO",59.9
1983-07-01,"def","SEDG",182.8
1983-07-01,"def","WWP",190
1983-07-01,"def","MCL",177.2
1983-07-01,"def","BORR",180.4
1983-07-01,"def","ANGELO",71
1983-08-01,"def","SEDG",157.7
1983-08-01,"def","WWP",111.5
1983-08-01,"def","MCL",160.6
1983-08-01,"def","BORR",133.7
1983-08-01,"def","ANGELO",0
1983-09-01,"def","SEDG",128.6
1983-09-01,"def","WWP",122.6
1983-09-01,"def","MCL",115.3
1983-09-01,"def","BORR",109.8
1983-09-01,"def","ANGELO",52.6
1983-10-01,"def","SEDG",81
1983-10-01,"def","WWP",35.4
1983-10-01,"def","MCL",48.4
1983-10-01,"def","BORR",41.8
1983-10-01,"def","ANGELO",21.5
1983-11-01,"def","SEDG",0
1983-11-01,"def","WWP",0
1983-11-01,"def","MCL",0
1983-11-01,"def","BORR",0
1983-11-01,"def","ANGELO",0
1983-12-01,"def","SEDG",0
1983-12-01,"def","WWP",0
1983-12-01,"def","MCL",0
1983-12-01,"def","BORR",0
1983-12-01,"def","ANGELO",0
1984-01-01,"def","SEDG",22.5
1984-01-01,"def","WWP",14.8
1984-01-01,"def","MCL",6.7
1984-01-01,"def","BORR",4.8
1984-01-01,"def","ANGELO",2.1
1984-02-01,"def","SEDG",32.3
1984-02-01,"def","WWP",23.8
1984-02-01,"def","MCL",0
1984-02-01,"def","BORR",0
1984-02-01,"def","ANGELO",0
1984-03-01,"def","SEDG",83.2
1984-03-01,"def","WWP",72.9
1984-03-01,"def","MCL",14.5
1984-03-01,"def","BORR",9.7
1984-03-01,"def","ANGELO",0
1984-04-01,"def","SEDG",120.1
1984-04-01,"def","WWP",93.5
1984-04-01,"def","MCL",32.4
1984-04-01,"def","BORR",32.7
1984-04-01,"def","ANGELO",0
1984-05-01,"def","SEDG",181.6
1984-05-01,"def","WWP",162.3
1984-05-01,"def","MCL",135.2
1984-05-01,"def","BORR",122
1984-05-01,"def","ANGELO",31.4
1984-06-01,"def","SEDG",170.4
1984-06-01,"def","WWP",177
1984-06-01,"def","MCL",156.9
1984-06-01,"def","BORR",168.2
1984-06-01,"def","ANGELO",56.8
1984-07-01,"def","SEDG",181.6
1984-07-01,"def","WWP",165.6
1984-07-01,"def","MCL",194.6
1984-07-01,"def","BORR",204.4
1984-07-01,"def","ANGELO",90.1
1984-08-01,"def","SEDG",172.2
1984-08-01,"def","WWP",161.3
1984-08-01,"def","MCL",183.8
1984-08-01,"def","BORR",181.5
1984-08-01,"def","ANGELO",100.2
1984-09-01,"def","SEDG",134.2
1984-09-01,"def","WWP",125.9
1984-09-01,"def","MCL",145.1
1984-09-01,"def","BORR",144.3
1984-09-01,"def","ANGELO",94.7
1984-10-01,"def","SEDG",109.3
1984-10-01,"def","WWP",91.9
1984-10-01,"def","MCL",36.1
1984-10-01,"def","BORR",13.2
1984-10-01,"def","ANGELO",0
1984-11-01,"def","SEDG",0
1984-11-01,"def","WWP",0
1984-11-01,"def","MCL",0
1984-11-01,"def","BORR",0
1984-11-01,"def","ANGELO",0
1984-12-01,"def","SEDG",0
1984-12-01,"def","WWP",0
1984-12-01,"def","MCL",0
1984-12-01,"def","BORR",0
1984-12-01,"def","ANGELO",0
1985-01-01,"def","SEDG",18.6
1985-01-01,"def","WWP",4.7
1985-01-01,"def","MCL",0
1985-01-01,"def","BORR",0
1985-01-01,"def","ANGELO",2.1
1985-02-01,"def","SEDG",22.1
1985-02-01,"def","WWP",18.8
1985-02-01,"def","MCL",0
1985-02-01,"def","BORR",0
1985-02-01,"def","ANGELO",0
1985-03-01,"def","SEDG",19
1985-03-01,"def","WWP",24
1985-03-01,"def","MCL",0
1985-03-01,"def","BORR",0
1985-03-01,"def","ANGELO",0
1985-04-01,"def","SEDG",104.8
1985-04-01,"def","WWP",99.7
1985-04-01,"def","MCL",33.3
1985-04-01,"def","BORR",38.4
1985-04-01,"def","ANGELO",28.6
1985-05-01,"def","SEDG",139
1985-05-01,"def","WWP",150.3
1985-05-01,"def","MCL",115
1985-05-01,"def","BORR",113.9
1985-05-01,"def","ANGELO",43.1
1985-06-01,"def","SEDG",163.8
1985-06-01,"def","WWP",175.7
1985-06-01,"def","MCL",163.6
1985-06-01,"def","BORR",183.3
1985-06-01,"def","ANGELO",72.7
1985-07-01,"def","SEDG",195.8
1985-07-01,"def","WWP",191.7
1985-07-01,"def","MCL",196.9
1985-07-01,"def","BORR",202.9
1985-07-01,"def","ANGELO",95.1
1985-08-01,"def","SEDG",182.2
1985-08-01,"def","WWP",190.2
1985-08-01,"def","MCL",180.5
1985-08-01,"def","BORR",178.9
1985-08-01,"def","ANGELO",114.2
1985-09-01,"def","SEDG",123
1985-09-01,"def","WWP",115.6
1985-09-01,"def","MCL",108
1985-09-01,"def","BORR",89.2
1985-09-01,"def","ANGELO",34
1985-10-01,"def","SEDG",100.1
1985-10-01,"def","WWP",93.8
1985-10-01,"def","MCL",54
1985-10-01,"def","BORR",44
1985-10-01,"def","ANGELO",0
1985-11-01,"def","SEDG",0
1985-11-01,"def","WWP",0
1985-11-01,"def","MCL",0
1985-11-01,"def","BORR",0
1985-11-01,"def","ANGELO",0
1985-12-01,"def","SEDG",18
1985-12-01,"def","WWP",6
1985-12-01,"def","MCL",0
1985-12-01,"def","BORR",0
1985-12-01,"def","ANGELO",0
1986-01-01,"def","SEDG",0.3
1986-01-01,"def","WWP",0
1986-01-01,"def","MCL",0
1986-01-01,"def","BORR",0
1986-01-01,"def","ANGELO",0
1986-02-01,"def","SEDG",0
1986-02-01,"def","WWP",0
1986-02-01,"def","MCL",0
1986-02-01,"def","BORR",0
1986-02-01,"def","ANGELO",0
1986-03-01,"def","SEDG",0
1986-03-01,"def","WWP",0
1986-03-01,"def","MCL",0
1986-03-01,"def","BORR",0
1986-03-01,"def","ANGELO",0
1986-04-01,"def","SEDG",34.6
1986-04-01,"def","WWP",25
1986-04-01,"def","MCL",19.5
1986-04-01,"def","BORR",27.7
1986-04-01,"def","ANGELO",16.2
1986-05-01,"def","SEDG",126.4
1986-05-01,"def","WWP",147.6
1986-05-01,"def","MCL",91.3
1986-05-01,"def","BORR",94.5
1986-05-01,"def","ANGELO",27.1
1986-06-01,"def","SEDG",157.5
1986-06-01,"def","WWP",177.8
1986-06-01,"def","MCL",153.6
1986-06-01,"def","BORR",171.3
1986-06-01,"def","ANGELO",61.3
1986-07-01,"def","SEDG",164.1
1986-07-01,"def","WWP",185.4
1986-07-01,"def","MCL",175.7
1986-07-01,"def","BORR",188.6
1986-07-01,"def","ANGELO",90.8
1986-08-01,"def","SEDG",175.1
1986-08-01,"def","WWP",186.2
1986-08-01,"def","MCL",176.7
1986-08-01,"def","BORR",176.9
1986-08-01,"def","ANGELO",98
1986-09-01,"def","SEDG",104.9
1986-09-01,"def","WWP",127
1986-09-01,"def","MCL",79.1
1986-09-01,"def","BORR",59.1
1986-09-01,"def","ANGELO",0
1986-10-01,"def","SEDG",96.9
1986-10-01,"def","WWP",98.3
1986-10-01,"def","MCL",85.3
1986-10-01,"def","BORR",68.2
1986-10-01,"def","ANGELO",2.6
1986-11-01,"def","SEDG",26.9
1986-11-01,"def","WWP",0
1986-11-01,"def","MCL",63.4
1986-11-01,"def","BORR",62.4
1986-11-01,"def","ANGELO",0
1986-12-01,"def","SEDG",32.6
1986-12-01,"def","WWP",8.2
1986-12-01,"def","MCL",0
1986-12-01,"def","BORR",0
1986-12-01,"def","ANGELO",0
1987-01-01,"def","SEDG",0
1987-01-01,"def","WWP",0
1987-01-01,"def","MCL",0
1987-01-01,"def","BORR",0
1987-01-01,"def","ANGELO",0
1987-02-01,"def","SEDG",18.5
1987-02-01,"def","WWP",6.3
1987-02-01,"def","MCL",0
1987-02-01,"def","BORR",0
1987-02-01,"def","ANGELO",0
1987-03-01,"def","SEDG",0
1987-03-01,"def","WWP",6.1
1987-03-01,"def","MCL",0
1987-03-01,"def","BORR",0
1987-03-01,"def","ANGELO",0
1987-04-01,"def","SEDG",120.2
1987-04-01,"def","WWP",67.7
1987-04-01,"def","MCL",35.6
1987-04-01,"def","BORR",40.4
1987-04-01,"def","ANGELO",24.8
1987-05-01,"def","SEDG",142.8
1987-05-01,"def","WWP",103.9
1987-05-01,"def","MCL",111.1
1987-05-01,"def","BORR",108.5
1987-05-01,"def","ANGELO",43.4
1987-06-01,"def","SEDG",158.6
1987-06-01,"def","WWP",153.2
1987-06-01,"def","MCL",160.3
1987-06-01,"def","BORR",174.4
1987-06-01,"def","ANGELO",71.6
1987-07-01,"def","SEDG",168.8
1987-07-01,"def","WWP",181.5
1987-07-01,"def","MCL",171.8
1987-07-01,"def","BORR",183.2
1987-07-01,"def","ANGELO",84.3
1987-08-01,"def","SEDG",167.4
1987-08-01,"def","WWP",183.2
1987-08-01,"def","MCL",175.2
1987-08-01,"def","BORR",178.2
1987-08-01,"def","ANGELO",106.7
1987-09-01,"def","SEDG",147.3
1987-09-01,"def","WWP",146.6
1987-09-01,"def","MCL",137.8
1987-09-01,"def","BORR",136.2
1987-09-01,"def","ANGELO",97.2
1987-10-01,"def","SEDG",43.9
1987-10-01,"def","WWP",25.3
1987-10-01,"def","MCL",0
1987-10-01,"def","BORR",23.6
1987-10-01,"def","ANGELO",18.9
1987-11-01,"def","SEDG",42.6
1987-11-01,"def","WWP",0
1987-11-01,"def","MCL",0
1987-11-01,"def","BORR",0
1987-11-01,"def","ANGELO",0
1987-12-01,"def","SEDG",0
1987-12-01,"def","WWP",0
1987-12-01,"def","MCL",0
1987-12-01,"def","BORR",0
1987-12-01,"def","ANGELO",0
1988-01-01,"def","SEDG",1.7
1988-01-01,"def","WWP",0
1988-01-01,"def","MCL",0
1988-01-01,"def","BORR",0
1988-01-01,"def","ANGELO",0
1988-02-01,"def","SEDG",25.2
1988-02-01,"def","WWP",11.4
1988-02-01,"def","MCL",7.9
1988-02-01,"def","BORR",14.3
1988-02-01,"def","ANGELO",14.9
1988-03-01,"def","SEDG",113.3
1988-03-01,"def","WWP",67
1988-03-01,"def","MCL",38.8
1988-03-01,"def","BORR",43
1988-03-01,"def","ANGELO",27
1988-04-01,"def","SEDG",25.1
1988-04-01,"def","WWP",4.1
1988-04-01,"def","MCL",0
1988-04-01,"def","BORR",12
1988-04-01,"def","ANGELO",1.5
1988-05-01,"def","SEDG",161
1988-05-01,"def","WWP",133.7
1988-05-01,"def","MCL",96.9
1988-05-01,"def","BORR",91.5
1988-05-01,"def","ANGELO",24.2
1988-06-01,"def","SEDG",148.4
1988-06-01,"def","WWP",136.5
1988-06-01,"def","MCL",143.5
1988-06-01,"def","BORR",153.5
1988-06-01,"def","ANGELO",47.7
1988-07-01,"def","SEDG",172.2
1988-07-01,"def","WWP",184.6
1988-07-01,"def","MCL",195.8
1988-07-01,"def","BORR",209.8
1988-07-01,"def","ANGELO",98.4
1988-08-01,"def","SEDG",168.5
1988-08-01,"def","WWP",174.1
1988-08-01,"def","MCL",182.2
1988-08-01,"def","BORR",185.6
1988-08-01,"def","ANGELO",101
1988-09-01,"def","SEDG",138
1988-09-01,"def","WWP",141.5
1988-09-01,"def","MCL",145
1988-09-01,"def","BORR",150.6
1988-09-01,"def","ANGELO",104.5
1988-10-01,"def","SEDG",101.6
1988-10-01,"def","WWP",110.3
1988-10-01,"def","MCL",86.5
1988-10-01,"def","BORR",74.7
1988-10-01,"def","ANGELO",44
1988-11-01,"def","SEDG",43.7
1988-11-01,"def","WWP",20.8
1988-11-01,"def","MCL",0
1988-11-01,"def","BORR",0
1988-11-01,"def","ANGELO",0
1988-12-01,"def","SEDG",0
1988-12-01,"def","WWP",0
1988-12-01,"def","MCL",0
1988-12-01,"def","BORR",0
1988-12-01,"def","ANGELO",0
1989-01-01,"def","SEDG",40.3
1989-01-01,"def","WWP",13
1989-01-01,"def","MCL",0.1
1989-01-01,"def","BORR",0
1989-01-01,"def","ANGELO",0
1989-02-01,"def","SEDG",11.3
1989-02-01,"def","WWP",0
1989-02-01,"def","MCL",0
1989-02-01,"def","BORR",0
1989-02-01,"def","ANGELO",0
1989-03-01,"def","SEDG",67.5
1989-03-01,"def","WWP",26.6
1989-03-01,"def","MCL",0
1989-03-01,"def","BORR",0
1989-03-01,"def","ANGELO",0
1989-04-01,"def","SEDG",119.6
1989-04-01,"def","WWP",96.9
1989-04-01,"def","MCL",21.1
1989-04-01,"def","BORR",23.9
1989-04-01,"def","ANGELO",0.1
1989-05-01,"def","SEDG",155.8
1989-05-01,"def","WWP",122
1989-05-01,"def","MCL",91.6
1989-05-01,"def","BORR",81.5
1989-05-01,"def","ANGELO",36.6
1989-06-01,"def","SEDG",164.8
1989-06-01,"def","WWP",171.5
1989-06-01,"def","MCL",148.9
1989-06-01,"def","BORR",151.5
1989-06-01,"def","ANGELO",54.6
1989-07-01,"def","SEDG",192.7
1989-07-01,"def","WWP",196.9
1989-07-01,"def","MCL",189
1989-07-01,"def","BORR",203.8
1989-07-01,"def","ANGELO",85.8
1989-08-01,"def","SEDG",166.4
1989-08-01,"def","WWP",176.6
1989-08-01,"def","MCL",167.9
1989-08-01,"def","BORR",173.8
1989-08-01,"def","ANGELO",95.5
1989-09-01,"def","SEDG",122.4
1989-09-01,"def","WWP",126.4
1989-09-01,"def","MCL",66.1
1989-09-01,"def","BORR",12.3
1989-09-01,"def","ANGELO",41.2
1989-10-01,"def","SEDG",95.4
1989-10-01,"def","WWP",101.8
1989-10-01,"def","MCL",25.1
1989-10-01,"def","BORR",0
1989-10-01,"def","ANGELO",0
1989-11-01,"def","SEDG",68.1
1989-11-01,"def","WWP",75.7
1989-11-01,"def","MCL",8.3
1989-11-01,"def","BORR",6.9
1989-11-01,"def","ANGELO",0
1989-12-01,"def","SEDG",63.6
1989-12-01,"def","WWP",69.6
1989-12-01,"def","MCL",42.3
1989-12-01,"def","BORR",24.1
1989-12-01,"def","ANGELO",14.1
1990-01-01,"def","SEDG",10
1990-01-01,"def","WWP",0.3
1990-01-01,"def","MCL",0
1990-01-01,"def","BORR",0
1990-01-01,"def","ANGELO",0
1990-02-01,"def","SEDG",22.5
1990-02-01,"def","WWP",7.4
1990-02-01,"def","MCL",0
1990-02-01,"def","BORR",0
1990-02-01,"def","ANGELO",0
1990-03-01,"def","SEDG",84.5
1990-03-01,"def","WWP",70.7
1990-03-01,"def","MCL",11.7
1990-03-01,"def","BORR",18.4
1990-03-01,"def","ANGELO",0
1990-04-01,"def","SEDG",97.1
1990-04-01,"def","WWP",91.1
1990-04-01,"def","MCL",37.8
1990-04-01,"def","BORR",45.1
1990-04-01,"def","ANGELO",22.6
1990-05-01,"def","SEDG",127.6
1990-05-01,"def","WWP",135.2
1990-05-01,"def","MCL",77
1990-05-01,"def","BORR",68.7
1990-05-01,"def","ANGELO",0
1990-06-01,"def","SEDG",183
1990-06-01,"def","WWP",174
1990-06-01,"def","MCL",159.3
1990-06-01,"def","BORR",170.7
1990-06-01,"def","ANGELO",47.2
1990-07-01,"def","SEDG",185.7
1990-07-01,"def","WWP",194.3
1990-07-01,"def","MCL",184.4
1990-07-01,"def","BORR",192.7
1990-07-01,"def","ANGELO",67.8
1990-08-01,"def","SEDG",176
1990-08-01,"def","WWP",182.5
1990-08-01,"def","MCL",177.1
1990-08-01,"def","BORR",175.4
1990-08-01,"def","ANGELO",60.7
1990-09-01,"def","SEDG",127.3
1990-09-01,"def","WWP",122.6
1990-09-01,"def","MCL",118.9
1990-09-01,"def","BORR",129.8
1990-09-01,"def","ANGELO",62.3
1990-10-01,"def","SEDG",114.8
1990-10-01,"def","WWP",117
1990-10-01,"def","MCL",93.5
1990-10-01,"def","BORR",94
1990-10-01,"def","ANGELO",21.7
1990-11-01,"def","SEDG",82.6
1990-11-01,"def","WWP",42.1
1990-11-01,"def","MCL",52
1990-11-01,"def","BORR",48.1
1990-11-01,"def","ANGELO",7.6
1990-12-01,"def","SEDG",60.1
1990-12-01,"def","WWP",51.2
1990-12-01,"def","MCL",0
1990-12-01,"def","BORR",0
1990-12-01,"def","ANGELO",0
1991-01-01,"def","SEDG",44.1
1991-01-01,"def","WWP",28.9
1991-01-01,"def","MCL",24.6
1991-01-01,"def","BORR",26.7
1991-01-01,"def","ANGELO",0
1991-02-01,"def","SEDG",37.7
1991-02-01,"def","WWP",46
1991-02-01,"def","MCL",0
1991-02-01,"def","BORR",0
1991-02-01,"def","ANGELO",0
1991-03-01,"def","SEDG",0
1991-03-01,"def","WWP",0
1991-03-01,"def","MCL",0
1991-03-01,"def","BORR",0
1991-03-01,"def","ANGELO",0
1991-04-01,"def","SEDG",40.9
1991-04-01,"def","WWP",35.2
1991-04-01,"def","MCL",20.6
1991-04-01,"def","BORR",26
1991-04-01,"def","ANGELO",10.6
1991-05-01,"def","SEDG",129.6
1991-05-01,"def","WWP",134.4
1991-05-01,"def","MCL",77.7
1991-05-01,"def","BORR",68.8
1991-05-01,"def","ANGELO",28.9
1991-06-01,"def","SEDG",135.9
1991-06-01,"def","WWP",157.5
1991-06-01,"def","MCL",134.5
1991-06-01,"def","BORR",138
1991-06-01,"def","ANGELO",55.9
1991-07-01,"def","SEDG",155.3
1991-07-01,"def","WWP",183.5
1991-07-01,"def","MCL",180.8
1991-07-01,"def","BORR",188.5
1991-07-01,"def","ANGELO",84.2
1991-08-01,"def","SEDG",164.6
1991-08-01,"def","WWP",175.4
1991-08-01,"def","MCL",162.2
1991-08-01,"def","BORR",167.5
1991-08-01,"def","ANGELO",82.7
1991-09-01,"def","SEDG",128.5
1991-09-01,"def","WWP",139.1
1991-09-01,"def","MCL",137.6
1991-09-01,"def","BORR",135.6
1991-09-01,"def","ANGELO",86.6
1991-10-01,"def","SEDG",92.4
1991-10-01,"def","WWP",97.1
1991-10-01,"def","MCL",55.7
1991-10-01,"def","BORR",57.6
1991-10-01,"def","ANGELO",0
1991-11-01,"def","SEDG",84.7
1991-11-01,"def","WWP",74.9
1991-11-01,"def","MCL",42.8
1991-11-01,"def","BORR",25.1
1991-11-01,"def","ANGELO",0
1991-12-01,"def","SEDG",0
1991-12-01,"def","WWP",0
1991-12-01,"def","MCL",0
1991-12-01,"def","BORR",0
1991-12-01,"def","ANGELO",0
1992-01-01,"def","SEDG",8
1992-01-01,"def","WWP",0
1992-01-01,"def","MCL",0
1992-01-01,"def","BORR",0
1992-01-01,"def","ANGELO",0
1992-02-01,"def","SEDG",0
1992-02-01,"def","WWP",0
1992-02-01,"def","MCL",0
1992-02-01,"def","BORR",0
1992-02-01,"def","ANGELO",0
1992-03-01,"def","SEDG",0
1992-03-01,"def","WWP",0
1992-03-01,"def","MCL",0
1992-03-01,"def","BORR",0
1992-03-01,"def","ANGELO",0
1992-04-01,"def","SEDG",47.6
1992-04-01,"def","WWP",60.3
1992-04-01,"def","MCL",33.3
1992-04-01,"def","BORR",21.2
1992-04-01,"def","ANGELO",0
1992-05-01,"def","SEDG",122
1992-05-01,"def","WWP",138.2
1992-05-01,"def","MCL",134.5
1992-05-01,"def","BORR",103.3
1992-05-01,"def","ANGELO",49.3
1992-06-01,"def","SEDG",147.7
1992-06-01,"def","WWP",166.3
1992-06-01,"def","MCL",138.5
1992-06-01,"def","BORR",131.4
1992-06-01,"def","ANGELO",48.2
1992-07-01,"def","SEDG",164
1992-07-01,"def","WWP",148.7
1992-07-01,"def","MCL",172.5
1992-07-01,"def","BORR",184.6
1992-07-01,"def","ANGELO",75.2
1992-08-01,"def","SEDG",182.4
1992-08-01,"def","WWP",182
1992-08-01,"def","MCL",188.7
1992-08-01,"def","BORR",188.2
1992-08-01,"def","ANGELO",97
1992-09-01,"def","SEDG",143.1
1992-09-01,"def","WWP",144.2
1992-09-01,"def","MCL",142.7
1992-09-01,"def","BORR",141.4
1992-09-01,"def","ANGELO",90
1992-10-01,"def","SEDG",51
1992-10-01,"def","WWP",66.2
1992-10-01,"def","MCL",35.8
1992-10-01,"def","BORR",9.8
1992-10-01,"def","ANGELO",0
1992-11-01,"def","SEDG",81.9
1992-11-01,"def","WWP",65.7
1992-11-01,"def","MCL",47.1
1992-11-01,"def","BORR",32.9
1992-11-01,"def","ANGELO",0
1992-12-01,"def","SEDG",0
1992-12-01,"def","WWP",0
1992-12-01,"def","MCL",0
1992-12-01,"def","BORR",0
1992-12-01,"def","ANGELO",0
1993-01-01,"def","SEDG",0
1993-01-01,"def","WWP",0
1993-01-01,"def","MCL",0
1993-01-01,"def","BORR",0
1993-01-01,"def","ANGELO",0
1993-02-01,"def","SEDG",0
1993-02-01,"def","WWP",0
1993-02-01,"def","MCL",0
1993-02-01,"def","BORR",0
1993-02-01,"def","ANGELO",0
1993-03-01,"def","SEDG",0
1993-03-01,"def","WWP",0
1993-03-01,"def","MCL",0
1993-03-01,"def","BORR",0
1993-03-01,"def","ANGELO",0
1993-04-01,"def","SEDG",52.7
1993-04-01,"def","WWP",39.7
1993-04-01,"def","MCL",25.6
1993-04-01,"def","BORR",20.3
1993-04-01,"def","ANGELO",0
1993-05-01,"def","SEDG",134.8
1993-05-01,"def","WWP",131.9
1993-05-01,"def","MCL",77.3
1993-05-01,"def","BORR",37.3
1993-05-01,"def","ANGELO",0
1993-06-01,"def","SEDG",179.3
1993-06-01,"def","WWP",154.2
1993-06-01,"def","MCL",148.7
1993-06-01,"def","BORR",122.1
1993-06-01,"def","ANGELO",40.1
1993-07-01,"def","SEDG",160
1993-07-01,"def","WWP",189.1
1993-07-01,"def","MCL",179.5
1993-07-01,"def","BORR",189.8
1993-07-01,"def","ANGELO",75.9
1993-08-01,"def","SEDG",167.2
1993-08-01,"def","WWP",181.1
1993-08-01,"def","MCL",176.6
1993-08-01,"def","BORR",180.8
1993-08-01,"def","ANGELO",85.4
1993-09-01,"def","SEDG",143.4
1993-09-01,"def","WWP",150
1993-09-01,"def","MCL",140.5
1993-09-01,"def","BORR",136.8
1993-09-01,"def","ANGELO",82.2
1993-10-01,"def","SEDG",99.6
1993-10-01,"def","WWP",101.4
1993-10-01,"def","MCL",64.1
1993-10-01,"def","BORR",47.7
1993-10-01,"def","ANGELO",1.2
1993-11-01,"def","SEDG",35.1
1993-11-01,"def","WWP",29.7
1993-11-01,"def","MCL",7.2
1993-11-01,"def","BORR",0
1993-11-01,"def","ANGELO",0
1993-12-01,"def","SEDG",7.5
1993-12-01,"def","WWP",9.4
1993-12-01,"def","MCL",0
1993-12-01,"def","BORR",0
1993-12-01,"def","ANGELO",0
1994-01-01,"def","SEDG",27.5
1994-01-01,"def","WWP",30.5
1994-01-01,"def","MCL",0
1994-01-01,"def","BORR",0
1994-01-01,"def","ANGELO",0
1994-02-01,"def","SEDG",0
1994-02-01,"def","WWP",0
1994-02-01,"def","MCL",0
1994-02-01,"def","BORR",0
1994-02-01,"def","ANGELO",0
1994-03-01,"def","SEDG",25.3
1994-03-01,"def","WWP",23.8
1994-03-01,"def","MCL",21.7
1994-03-01,"def","BORR",24.4
1994-03-01,"def","ANGELO",6.6
1994-04-01,"def","SEDG",66
1994-04-01,"def","WWP",74.8
1994-04-01,"def","MCL",12
1994-04-01,"def","BORR",19.2
1994-04-01,"def","ANGELO",0
1994-05-01,"def","SEDG",108
1994-05-01,"def","WWP",106.9
1994-05-01,"def","MCL",56.8
1994-05-01,"def","BORR",67.5
1994-05-01,"def","ANGELO",21.2
1994-06-01,"def","SEDG",182
1994-06-01,"def","WWP",180.8
1994-06-01,"def","MCL",170.8
1994-06-01,"def","BORR",184.4
1994-06-01,"def","ANGELO",57.1
1994-07-01,"def","SEDG",175.9
1994-07-01,"def","WWP",196.4
1994-07-01,"def","MCL",185.9
1994-07-01,"def","BORR",201
1994-07-01,"def","ANGELO",87.5
1994-08-01,"def","SEDG",190.4
1994-08-01,"def","WWP",188.6
1994-08-01,"def","MCL",188.4
1994-08-01,"def","BORR",194.7
1994-08-01,"def","ANGELO",105.1
1994-09-01,"def","SEDG",136.3
1994-09-01,"def","WWP",125.2
1994-09-01,"def","MCL",131.4
1994-09-01,"def","BORR",132.3
1994-09-01,"def","ANGELO",81.9
1994-10-01,"def","SEDG",81
1994-10-01,"def","WWP",90.4
1994-10-01,"def","MCL",84.9
1994-10-01,"def","BORR",48.6
1994-10-01,"def","ANGELO",56.1
1994-11-01,"def","SEDG",23.2
1994-11-01,"def","WWP",0
1994-11-01,"def","MCL",0
1994-11-01,"def","BORR",0
1994-11-01,"def","ANGELO",0
1994-12-01,"def","SEDG",25.1
1994-12-01,"def","WWP",0
1994-12-01,"def","MCL",0
1994-12-01,"def","BORR",0
1994-12-01,"def","ANGELO",0
1995-01-01,"def","SEDG",0
1995-01-01,"def","WWP",0
1995-01-01,"def","MCL",0
1995-01-01,"def","BORR",0
1995-01-01,"def","ANGELO",0
1995-02-01,"def","SEDG",6.1
1995-02-01,"def","WWP",0
1995-02-01,"def","MCL",11.3
1995-02-01,"def","BORR",10.6
1995-02-01,"def","ANGELO",2.3
1995-03-01,"def","SEDG",0
1995-03-01,"def","WWP",0
1995-03-01,"def","MCL",0
1995-03-01,"def","BORR",0
1995-03-01,"def","ANGELO",0
1995-04-01,"def","SEDG",34.4
1995-04-01,"def","WWP",14.2
1995-04-01,"def","MCL",0.3
1995-04-01,"def","BORR",5.2
1995-04-01,"def","ANGELO",0
1995-05-01,"def","SEDG",79.9
1995-05-01,"def","WWP",58.7
1995-05-01,"def","MCL",25.4
1995-05-01,"def","BORR",23.6
1995-05-01,"def","ANGELO",11
1995-06-01,"def","SEDG",148.5
1995-06-01,"def","WWP",137.6
1995-06-01,"def","MCL",114.6
1995-06-01,"def","BORR",75.9
1995-06-01,"def","ANGELO",38.9
1995-07-01,"def","SEDG",184.4
1995-07-01,"def","WWP",177.6
1995-07-01,"def","MCL",173.9
1995-07-01,"def","BORR",174.5
1995-07-01,"def","ANGELO",65
1995-08-01,"def","SEDG",185
1995-08-01,"def","WWP",177.4
1995-08-01,"def","MCL",184.2
1995-08-01,"def","BORR",186.2
1995-08-01,"def","ANGELO",92.6
1995-09-01,"def","SEDG",154
1995-09-01,"def","WWP",142.8
1995-09-01,"def","MCL",137.4
1995-09-01,"def","BORR",131.6
1995-09-01,"def","ANGELO",77.2
1995-10-01,"def","SEDG",109.5
1995-10-01,"def","WWP",118.4
1995-10-01,"def","MCL",102.9
1995-10-01,"def","BORR",106.2
1995-10-01,"def","ANGELO",69.8
1995-11-01,"def","SEDG",74.2
1995-11-01,"def","WWP",65
1995-11-01,"def","MCL",53.8
1995-11-01,"def","BORR",48.3
1995-11-01,"def","ANGELO",0
1995-12-01,"def","SEDG",19.4
1995-12-01,"def","WWP",0
1995-12-01,"def","MCL",0
1995-12-01,"def","BORR",0
1995-12-01,"def","ANGELO",0
1996-01-01,"def","SEDG",0
1996-01-01,"def","WWP",0
1996-01-01,"def","MCL",0
1996-01-01,"def","BORR",0
1996-01-01,"def","ANGELO",0
1996-02-01,"def","SEDG",0
1996-02-01,"def","WWP",0
1996-02-01,"def","MCL",0
1996-02-01,"def","BORR",0
1996-02-01,"def","ANGELO",0
1996-03-01,"def","SEDG",18.7
1996-03-01,"def","WWP",22.7
1996-03-01,"def","MCL",0
1996-03-01,"def","BORR",0
1996-03-01,"def","ANGELO",0
1996-04-01,"def","SEDG",62.5
1996-04-01,"def","WWP",91
1996-04-01,"def","MCL",12.1
1996-04-01,"def","BORR",10
1996-04-01,"def","ANGELO",0
1996-05-01,"def","SEDG",152.2
1996-05-01,"def","WWP",149.6
1996-05-01,"def","MCL",49.7
1996-05-01,"def","BORR",39.5
1996-05-01,"def","ANGELO",12.3
1996-06-01,"def","SEDG",165.6
1996-06-01,"def","WWP",175
1996-06-01,"def","MCL",160.9
1996-06-01,"def","BORR",148.5
1996-06-01,"def","ANGELO",58.1
1996-07-01,"def","SEDG",184.6
1996-07-01,"def","WWP",190.6
1996-07-01,"def","MCL",193.1
1996-07-01,"def","BORR",199
1996-07-01,"def","ANGELO",83.9
1996-08-01,"def","SEDG",183.4
1996-08-01,"def","WWP",185.7
1996-08-01,"def","MCL",190.7
1996-08-01,"def","BORR",187
1996-08-01,"def","ANGELO",101.9
1996-09-01,"def","SEDG",139.6
1996-09-01,"def","WWP",144.6
1996-09-01,"def","MCL",137.5
1996-09-01,"def","BORR",136.9
1996-09-01,"def","ANGELO",71.8
1996-10-01,"def","SEDG",78.2
1996-10-01,"def","WWP",64.4
1996-10-01,"def","MCL",23.9
1996-10-01,"def","BORR",31.8
1996-10-01,"def","ANGELO",0
1996-11-01,"def","SEDG",0
1996-11-01,"def","WWP",0
1996-11-01,"def","MCL",0
1996-11-01,"def","BORR",0
1996-11-01,"def","ANGELO",0
1996-12-01,"def","SEDG",0
1996-12-01,"def","WWP",0
1996-12-01,"def","MCL",0
1996-12-01,"def","BORR",0
1996-12-01,"def","ANGELO",0
1997-01-01,"def","SEDG",0
1997-01-01,"def","WWP",0
1997-01-01,"def","MCL",0
1997-01-01,"def","BORR",0
1997-01-01,"def","ANGELO",0
1997-02-01,"def","SEDG",21.4
1997-02-01,"def","WWP",9.3
1997-02-01,"def","MCL",15
1997-02-01,"def","BORR",15.1
1997-02-01,"def","ANGELO",4.2
1997-03-01,"def","SEDG",56.9
1997-03-01,"def","WWP",50.8
1997-03-01,"def","MCL",36.2
1997-03-01,"def","BORR",23.9
1997-03-01,"def","ANGELO",0
1997-04-01,"def","SEDG",118.4
1997-04-01,"def","WWP",101.6
1997-04-01,"def","MCL",88.5
1997-04-01,"def","BORR",55.8
1997-04-01,"def","ANGELO",6.3
1997-05-01,"def","SEDG",172.8
1997-05-01,"def","WWP",144.4
1997-05-01,"def","MCL",146.6
1997-05-01,"def","BORR",149
1997-05-01,"def","ANGELO",39.9
1997-06-01,"def","SEDG",156.7
1997-06-01,"def","WWP",157.6
1997-06-01,"def","MCL",151.2
1997-06-01,"def","BORR",162.4
1997-06-01,"def","ANGELO",48.9
1997-07-01,"def","SEDG",165.5
1997-07-01,"def","WWP",173.9
1997-07-01,"def","MCL",183.2
1997-07-01,"def","BORR",200.6
1997-07-01,"def","ANGELO",87.5
1997-08-01,"def","SEDG",174.9
1997-08-01,"def","WWP",173.6
1997-08-01,"def","MCL",147.7
1997-08-01,"def","BORR",151.3
1997-08-01,"def","ANGELO",62.8
1997-09-01,"def","SEDG",144.4
1997-09-01,"def","WWP",111.7
1997-09-01,"def","MCL",139.5
1997-09-01,"def","BORR",102.8
1997-09-01,"def","ANGELO",61.8
1997-10-01,"def","SEDG",124.3
1997-10-01,"def","WWP",102.6
1997-10-01,"def","MCL",83.3
1997-10-01,"def","BORR",47.9
1997-10-01,"def","ANGELO",0
1997-11-01,"def","SEDG",0
1997-11-01,"def","WWP",0
1997-11-01,"def","MCL",0
1997-11-01,"def","BORR",0
1997-11-01,"def","ANGELO",0
1997-12-01,"def","SEDG",0
1997-12-01,"def","WWP",0
1997-12-01,"def","MCL",0
1997-12-01,"def","BORR",0
1997-12-01,"def","ANGELO",0
1998-01-01,"def","SEDG",0
1998-01-01,"def","WWP",0
1998-01-01,"def","MCL",0
1998-01-01,"def","BORR",0
1998-01-01,"def","ANGELO",0
1998-02-01,"def","SEDG",0
1998-02-01,"def","WWP",0
1998-02-01,"def","MCL",0
1998-02-01,"def","BORR",0
1998-02-01,"def","ANGELO",0
1998-03-01,"def","SEDG",2
1998-03-01,"def","WWP",0
1998-03-01,"def","MCL",0
1998-03-01,"def","BORR",0
1998-03-01,"def","ANGELO",0
1998-04-01,"def","SEDG",10.6
1998-04-01,"def","WWP",0
1998-04-01,"def","MCL",0.1
1998-04-01,"def","BORR",0
1998-04-01,"def","ANGELO",0
1998-05-01,"def","SEDG",28.1
1998-05-01,"def","WWP",7.5
1998-05-01,"def","MCL",2.9
1998-05-01,"def","BORR",0
1998-05-01,"def","ANGELO",0
1998-06-01,"def","SEDG",106.7
1998-06-01,"def","WWP",85
1998-06-01,"def","MCL",49.3
1998-06-01,"def","BORR",41
1998-06-01,"def","ANGELO",41.5
1998-07-01,"def","SEDG",170.1
1998-07-01,"def","WWP",169.4
1998-07-01,"def","MCL",167.8
1998-07-01,"def","BORR",149.5
1998-07-01,"def","ANGELO",69.7
1998-08-01,"def","SEDG",179.9
1998-08-01,"def","WWP",174.9
1998-08-01,"def","MCL",185.2
1998-08-01,"def","BORR",174.9
1998-08-01,"def","ANGELO",91.9
1998-09-01,"def","SEDG",112
1998-09-01,"def","WWP",111.5
1998-09-01,"def","MCL",120.1
1998-09-01,"def","BORR",106.6
1998-09-01,"def","ANGELO",78.4
1998-10-01,"def","SEDG",112.1
1998-10-01,"def","WWP",95.4
1998-10-01,"def","MCL",68.2
1998-10-01,"def","BORR",48.9
1998-10-01,"def","ANGELO",20.6
1998-11-01,"def","SEDG",13.2
1998-11-01,"def","WWP",0
1998-11-01,"def","MCL",0
1998-11-01,"def","BORR",0
1998-11-01,"def","ANGELO",0
1998-12-01,"def","SEDG",27.6
1998-12-01,"def","WWP",0
1998-12-01,"def","MCL",0.1
1998-12-01,"def","BORR",1.9
1998-12-01,"def","ANGELO",0
1999-01-01,"def","SEDG",7.3
1999-01-01,"def","WWP",0
1999-01-01,"def","MCL",0
1999-01-01,"def","BORR",0
1999-01-01,"def","ANGELO",0
1999-02-01,"def","SEDG",44.7
1999-02-01,"def","WWP",11.7
1999-02-01,"def","MCL",0
1999-02-01,"def","BORR",0
1999-02-01,"def","ANGELO",0
1999-03-01,"def","SEDG",0
1999-03-01,"def","WWP",9.9
1999-03-01,"def","MCL",0
1999-03-01,"def","BORR",0
1999-03-01,"def","ANGELO",0
1999-04-01,"def","SEDG",9.1
1999-04-01,"def","WWP",4.9
1999-04-01,"def","MCL",3.5
1999-04-01,"def","BORR",19.7
1999-04-01,"def","ANGELO",5
1999-05-01,"def","SEDG",143.6
1999-05-01,"def","WWP",115.3
1999-05-01,"def","MCL",60.1
1999-05-01,"def","BORR",83.1
1999-05-01,"def","ANGELO",36.6
1999-06-01,"def","SEDG",154
1999-06-01,"def","WWP",150.6
1999-06-01,"def","MCL",141.7
1999-06-01,"def","BORR",155.3
1999-06-01,"def","ANGELO",64.4
1999-07-01,"def","SEDG",176
1999-07-01,"def","WWP",169
1999-07-01,"def","MCL",177.9
1999-07-01,"def","BORR",194.2
1999-07-01,"def","ANGELO",86.6
1999-08-01,"def","SEDG",179.1
1999-08-01,"def","WWP",167.3
1999-08-01,"def","MCL",161.4
1999-08-01,"def","BORR",164.8
1999-08-01,"def","ANGELO",84.6
1999-09-01,"def","SEDG",127.7
1999-09-01,"def","WWP",138.5
1999-09-01,"def","MCL",137.5
1999-09-01,"def","BORR",134.3
1999-09-01,"def","ANGELO",92.8
1999-10-01,"def","SEDG",120.3
1999-10-01,"def","WWP",119.1
1999-10-01,"def","MCL",90.5
1999-10-01,"def","BORR",63.9
1999-10-01,"def","ANGELO",7.3
1999-11-01,"def","SEDG",39.6
1999-11-01,"def","WWP",38
1999-11-01,"def","MCL",0
1999-11-01,"def","BORR",0
1999-11-01,"def","ANGELO",0
1999-12-01,"def","SEDG",70.8
1999-12-01,"def","WWP",49.6
1999-12-01,"def","MCL",32.2
1999-12-01,"def","BORR",12.8
1999-12-01,"def","ANGELO",0
2000-01-01,"def","SEDG",7.5
2000-01-01,"def","WWP",0
2000-01-01,"def","MCL",0
2000-01-01,"def","BORR",0
2000-01-01,"def","ANGELO",0
2000-02-01,"def","SEDG",0
2000-02-01,"def","WWP",0
2000-02-01,"def","MCL",0
2000-02-01,"def","BORR",0
2000-02-01,"def","ANGELO",0
2000-03-01,"def","SEDG",9.3
2000-03-01,"def","WWP",0
2000-03-01,"def","MCL",1.2
2000-03-01,"def","BORR",2.2
2000-03-01,"def","ANGELO",0
2000-04-01,"def","SEDG",10.3
2000-04-01,"def","WWP",10.2
2000-04-01,"def","MCL",10.6
2000-04-01,"def","BORR",10.1
2000-04-01,"def","ANGELO",0
2000-05-01,"def","SEDG",103
2000-05-01,"def","WWP",104.3
2000-05-01,"def","MCL",62.2
2000-05-01,"def","BORR",46.9
2000-05-01,"def","ANGELO",23.1
2000-06-01,"def","SEDG",149.1
2000-06-01,"def","WWP",162.7
2000-06-01,"def","MCL",157.1
2000-06-01,"def","BORR",160.7
2000-06-01,"def","ANGELO",59.6
2000-07-01,"def","SEDG",181.2
2000-07-01,"def","WWP",183.6
2000-07-01,"def","MCL",174.7
2000-07-01,"def","BORR",175.8
2000-07-01,"def","ANGELO",78.2
2000-08-01,"def","SEDG",174.1
2000-08-01,"def","WWP",169.2
2000-08-01,"def","MCL",175.5
2000-08-01,"def","BORR",174.2
2000-08-01,"def","ANGELO",93.3
2000-09-01,"def","SEDG",134.8
2000-09-01,"def","WWP",134.9
2000-09-01,"def","MCL",127
2000-09-01,"def","BORR",125.7
2000-09-01,"def","ANGELO",73.2
2000-10-01,"def","SEDG",35
2000-10-01,"def","WWP",62.4
2000-10-01,"def","MCL",0
2000-10-01,"def","BORR",0
2000-10-01,"def","ANGELO",0
2000-11-01,"def","SEDG",71.1
2000-11-01,"def","WWP",57.8
2000-11-01,"def","MCL",11.7
2000-11-01,"def","BORR",0
2000-11-01,"def","ANGELO",0
2000-12-01,"def","SEDG",51.2
2000-12-01,"def","WWP",49.2
2000-12-01,"def","MCL",18.2
2000-12-01,"def","BORR",14.5
2000-12-01,"def","ANGELO",0
2001-01-01,"def","SEDG",0
2001-01-01,"def","WWP",0
2001-01-01,"def","MCL",0
2001-01-01,"def","BORR",0
2001-01-01,"def","ANGELO",0
2001-02-01,"def","SEDG",0
2001-02-01,"def","WWP",0
2001-02-01,"def","MCL",0
2001-02-01,"def","BORR",0
2001-02-01,"def","ANGELO",0
2001-03-01,"def","SEDG",0
2001-03-01,"def","WWP",0
2001-03-01,"def","MCL",0
2001-03-01,"def","BORR",0
2001-03-01,"def","ANGELO",0
2001-04-01,"def","SEDG",18.1
2001-04-01,"def","WWP",5.1
2001-04-01,"def","MCL",6
2001-04-01,"def","BORR",23.4
2001-04-01,"def","ANGELO",8.1
2001-05-01,"def","SEDG",97.8
2001-05-01,"def","WWP",118.3
2001-05-01,"def","MCL",107.8
2001-05-01,"def","BORR",124.8
2001-05-01,"def","ANGELO",53.1
2001-06-01,"def","SEDG",167
2001-06-01,"def","WWP",173.2
2001-06-01,"def","MCL",166.5
2001-06-01,"def","BORR",166.6
2001-06-01,"def","ANGELO",63.3
2001-07-01,"def","SEDG",160.7
2001-07-01,"def","WWP",167.3
2001-07-01,"def","MCL",179.6
2001-07-01,"def","BORR",187.1
2001-07-01,"def","ANGELO",89.4
2001-08-01,"def","SEDG",178
2001-08-01,"def","WWP",185
2001-08-01,"def","MCL",180.7
2001-08-01,"def","BORR",180.4
2001-08-01,"def","ANGELO",95.5
2001-09-01,"def","SEDG",136.6
2001-09-01,"def","WWP",140.9
2001-09-01,"def","MCL",124.7
2001-09-01,"def","BORR",111.4
2001-09-01,"def","ANGELO",77.7
2001-10-01,"def","SEDG",84.4
2001-10-01,"def","WWP",95.9
2001-10-01,"def","MCL",73.6
2001-10-01,"def","BORR",58
2001-10-01,"def","ANGELO",19.4
2001-11-01,"def","SEDG",0
2001-11-01,"def","WWP",0
2001-11-01,"def","MCL",0
2001-11-01,"def","BORR",0
2001-11-01,"def","ANGELO",0
2001-12-01,"def","SEDG",0
2001-12-01,"def","WWP",0
2001-12-01,"def","MCL",0
2001-12-01,"def","BORR",0
2001-12-01,"def","ANGELO",0
2002-01-01,"def","SEDG",17.6
2002-01-01,"def","WWP",3.3
2002-01-01,"def","MCL",0
2002-01-01,"def","BORR",0
2002-01-01,"def","ANGELO",0
2002-02-01,"def","SEDG",37
2002-02-01,"def","WWP",23.6
2002-02-01,"def","MCL",6.1
2002-02-01,"def","BORR",2.2
2002-02-01,"def","ANGELO",0
2002-03-01,"def","SEDG",58.3
2002-03-01,"def","WWP",53.8
2002-03-01,"def","MCL",0
2002-03-01,"def","BORR",11.1
2002-03-01,"def","ANGELO",0
2002-04-01,"def","SEDG",97.8
2002-04-01,"def","WWP",55.5
2002-04-01,"def","MCL",27.8
2002-04-01,"def","BORR",34.4
2002-04-01,"def","ANGELO",14.4
2002-05-01,"def","SEDG",137.6
2002-05-01,"def","WWP",137.7
2002-05-01,"def","MCL",92.1
2002-05-01,"def","BORR",99.5
2002-05-01,"def","ANGELO",38.1
2002-06-01,"def","SEDG",162.3
2002-06-01,"def","WWP",175.6
2002-06-01,"def","MCL",164.5
2002-06-01,"def","BORR",183.8
2002-06-01,"def","ANGELO",70.4
2002-07-01,"def","SEDG",170.1
2002-07-01,"def","WWP",194.8
2002-07-01,"def","MCL",190.9
2002-07-01,"def","BORR",202.5
2002-07-01,"def","ANGELO",93.1
2002-08-01,"def","SEDG",174.3
2002-08-01,"def","WWP",191.6
2002-08-01,"def","MCL",185.1
2002-08-01,"def","BORR",185.3
2002-08-01,"def","ANGELO",110.7
2002-09-01,"def","SEDG",138.7
2002-09-01,"def","WWP",137.7
2002-09-01,"def","MCL",146.5
2002-09-01,"def","BORR",142.5
2002-09-01,"def","ANGELO",97.3
2002-10-01,"def","SEDG",90.8
2002-10-01,"def","WWP",99
2002-10-01,"def","MCL",93.6
2002-10-01,"def","BORR",91
2002-10-01,"def","ANGELO",69.7
2002-11-01,"def","SEDG",0
2002-11-01,"def","WWP",15.5
2002-11-01,"def","MCL",0
2002-11-01,"def","BORR",0
2002-11-01,"def","ANGELO",0
2002-12-01,"def","SEDG",0
2002-12-01,"def","WWP",0
2002-12-01,"def","MCL",0
2002-12-01,"def","BORR",0
2002-12-01,"def","ANGELO",0
2003-01-01,"def","SEDG",25.2
2003-01-01,"def","WWP",22.4
2003-01-01,"def","MCL",0
2003-01-01,"def","BORR",0
2003-01-01,"def","ANGELO",0
2003-02-01,"def","SEDG",5.3
2003-02-01,"def","WWP",0
2003-02-01,"def","MCL",0
2003-02-01,"def","BORR",0
2003-02-01,"def","ANGELO",0
2003-03-01,"def","SEDG",41.9
2003-03-01,"def","WWP",28.2
2003-03-01,"def","MCL",6.9
2003-03-01,"def","BORR",0
2003-03-01,"def","ANGELO",0
2003-04-01,"def","SEDG",24.3
2003-04-01,"def","WWP",0
2003-04-01,"def","MCL",0
2003-04-01,"def","BORR",0
2003-04-01,"def","ANGELO",0
2003-05-01,"def","SEDG",112.6
2003-05-01,"def","WWP",78.6
2003-05-01,"def","MCL",36.9
2003-05-01,"def","BORR",40.8
2003-05-01,"def","ANGELO",31.8
2003-06-01,"def","SEDG",150.8
2003-06-01,"def","WWP",165.2
2003-06-01,"def","MCL",152.9
2003-06-01,"def","BORR",146
2003-06-01,"def","ANGELO",65.9
2003-07-01,"def","SEDG",186.9
2003-07-01,"def","WWP",180.2
2003-07-01,"def","MCL",185
2003-07-01,"def","BORR",195.8
2003-07-01,"def","ANGELO",88.4
2003-08-01,"def","SEDG",179.3
2003-08-01,"def","WWP",156.1
2003-08-01,"def","MCL",147.1
2003-08-01,"def","BORR",160.2
2003-08-01,"def","ANGELO",87.5
2003-09-01,"def","SEDG",140
2003-09-01,"def","WWP",147.9
2003-09-01,"def","MCL",141
2003-09-01,"def","BORR",138.8
2003-09-01,"def","ANGELO",83
2003-10-01,"def","SEDG",103
2003-10-01,"def","WWP",115.5
2003-10-01,"def","MCL",101.1
2003-10-01,"def","BORR",100.6
2003-10-01,"def","ANGELO",67.6
2003-11-01,"def","SEDG",2.5
2003-11-01,"def","WWP",0
2003-11-01,"def","MCL",0
2003-11-01,"def","BORR",0
2003-11-01,"def","ANGELO",0
2003-12-01,"def","SEDG",0
2003-12-01,"def","WWP",0
2003-12-01,"def","MCL",0
2003-12-01,"def","BORR",0
2003-12-01,"def","ANGELO",0
2004-01-01,"def","SEDG",40.8
2004-01-01,"def","WWP",11.1
2004-01-01,"def","MCL",0
2004-01-01,"def","BORR",0
2004-01-01,"def","ANGELO",0
2004-02-01,"def","SEDG",0
2004-02-01,"def","WWP",0
2004-02-01,"def","MCL",0
2004-02-01,"def","BORR",0
2004-02-01,"def","ANGELO",0
2004-03-01,"def","SEDG",71
2004-03-01,"def","WWP",30
2004-03-01,"def","MCL",23.1
2004-03-01,"def","BORR",21.7
2004-03-01,"def","ANGELO",2.9
2004-04-01,"def","SEDG",120
2004-04-01,"def","WWP",99.7
2004-04-01,"def","MCL",78.3
2004-04-01,"def","BORR",48
2004-04-01,"def","ANGELO",13.3
2004-05-01,"def","SEDG",160.4
2004-05-01,"def","WWP",149.8
2004-05-01,"def","MCL",125.4
2004-05-01,"def","BORR",122.1
2004-05-01,"def","ANGELO",41.5
2004-06-01,"def","SEDG",159.9
2004-06-01,"def","WWP",171.1
2004-06-01,"def","MCL",160.2
2004-06-01,"def","BORR",176.4
2004-06-01,"def","ANGELO",69.2
2004-07-01,"def","SEDG",171.4
2004-07-01,"def","WWP",188.9
2004-07-01,"def","MCL",180.8
2004-07-01,"def","BORR",189.5
2004-07-01,"def","ANGELO",87.3
2004-08-01,"def","SEDG",162.6
2004-08-01,"def","WWP",181.8
2004-08-01,"def","MCL",177.9
2004-08-01,"def","BORR",178.8
2004-08-01,"def","ANGELO",94.7
2004-09-01,"def","SEDG",149.7
2004-09-01,"def","WWP",150.3
2004-09-01,"def","MCL",147.1
2004-09-01,"def","BORR",140
2004-09-01,"def","ANGELO",93.3
2004-10-01,"def","SEDG",0
2004-10-01,"def","WWP",8.7
2004-10-01,"def","MCL",0
2004-10-01,"def","BORR",0
2004-10-01,"def","ANGELO",0
2004-11-01,"def","SEDG",50.3
2004-11-01,"def","WWP",24.2
2004-11-01,"def","MCL",0
2004-11-01,"def","BORR",0
2004-11-01,"def","ANGELO",0
2004-12-01,"def","SEDG",0
2004-12-01,"def","WWP",0
2004-12-01,"def","MCL",0
2004-12-01,"def","BORR",0
2004-12-01,"def","ANGELO",0
2005-01-01,"def","SEDG",0
2005-01-01,"def","WWP",0
2005-01-01,"def","MCL",0
2005-01-01,"def","BORR",0
2005-01-01,"def","ANGELO",0
2005-02-01,"def","SEDG",0
2005-02-01,"def","WWP",0
2005-02-01,"def","MCL",0
2005-02-01,"def","BORR",0
2005-02-01,"def","ANGELO",0
2005-03-01,"def","SEDG",4.6
2005-03-01,"def","WWP",11.3
2005-03-01,"def","MCL",0
2005-03-01,"def","BORR",0
2005-03-01,"def","ANGELO",0
2005-04-01,"def","SEDG",25.6
2005-04-01,"def","WWP",23.1
2005-04-01,"def","MCL",2.3
2005-04-01,"def","BORR",14
2005-04-01,"def","ANGELO",0
2005-05-01,"def","SEDG",95.5
2005-05-01,"def","WWP",107.3
2005-05-01,"def","MCL",32.9
2005-05-01,"def","BORR",26.7
2005-05-01,"def","ANGELO",0
2005-06-01,"def","SEDG",138.5
2005-06-01,"def","WWP",155.3
2005-06-01,"def","MCL",119.9
2005-06-01,"def","BORR",92.4
2005-06-01,"def","ANGELO",16
2005-07-01,"def","SEDG",164
2005-07-01,"def","WWP",186.9
2005-07-01,"def","MCL",183.6
2005-07-01,"def","BORR",193.8
2005-07-01,"def","ANGELO",62.2
2005-08-01,"def","SEDG",161.3
2005-08-01,"def","WWP",181.6
2005-08-01,"def","MCL",184.1
2005-08-01,"def","BORR",187.2
2005-08-01,"def","ANGELO",77.1
2005-09-01,"def","SEDG",123.5
2005-09-01,"def","WWP",133.5
2005-09-01,"def","MCL",130.2
2005-09-01,"def","BORR",127
2005-09-01,"def","ANGELO",71.8
2005-10-01,"def","SEDG",81
2005-10-01,"def","WWP",73.5
2005-10-01,"def","MCL",83.1
2005-10-01,"def","BORR",76.4
2005-10-01,"def","ANGELO",2.4
2005-11-01,"def","SEDG",59.2
2005-11-01,"def","WWP",51.3
2005-11-01,"def","MCL",7.8
2005-11-01,"def","BORR",0
2005-11-01,"def","ANGELO",0
2005-12-01,"def","SEDG",1.1
2005-12-01,"def","WWP",14
2005-12-01,"def","MCL",0
2005-12-01,"def","BORR",0
2005-12-01,"def","ANGELO",0
2006-01-01,"def","SEDG",0
2006-01-01,"def","WWP",0
2006-01-01,"def","MCL",0
2006-01-01,"def","BORR",0
2006-01-01,"def","ANGELO",0
2006-02-01,"def","SEDG",13.4
2006-02-01,"def","WWP",21.8
2006-02-01,"def","MCL",0
2006-02-01,"def","BORR",0
2006-02-01,"def","ANGELO",0
2006-03-01,"def","SEDG",0
2006-03-01,"def","WWP",0
2006-03-01,"def","MCL",0
2006-03-01,"def","BORR",0
2006-03-01,"def","ANGELO",0
2006-04-01,"def","SEDG",0
2006-04-01,"def","WWP",0
2006-04-01,"def","MCL",0
2006-04-01,"def","BORR",0
2006-04-01,"def","ANGELO",0
2006-05-01,"def","SEDG",45.8
2006-05-01,"def","WWP",81.8
2006-05-01,"def","MCL",40.6
2006-05-01,"def","BORR",47
2006-05-01,"def","ANGELO",33.9
2006-06-01,"def","SEDG",148.1
2006-06-01,"def","WWP",159.6
2006-06-01,"def","MCL",155.2
2006-06-01,"def","BORR",156.7
2006-06-01,"def","ANGELO",57.9
2006-07-01,"def","SEDG",177.7
2006-07-01,"def","WWP",185.5
2006-07-01,"def","MCL",192.5
2006-07-01,"def","BORR",200.8
2006-07-01,"def","ANGELO",90.3
2006-08-01,"def","SEDG",165.6
2006-08-01,"def","WWP",188.5
2006-08-01,"def","MCL",179.7
2006-08-01,"def","BORR",180.4
2006-08-01,"def","ANGELO",97.6
2006-09-01,"def","SEDG",137.1
2006-09-01,"def","WWP",151
2006-09-01,"def","MCL",142.5
2006-09-01,"def","BORR",141.3
2006-09-01,"def","ANGELO",96.6
2006-10-01,"def","SEDG",88.2
2006-10-01,"def","WWP",86.1
2006-10-01,"def","MCL",72.5
2006-10-01,"def","BORR",79.2
2006-10-01,"def","ANGELO",52.7
2006-11-01,"def","SEDG",82.6
2006-11-01,"def","WWP",43.6
2006-11-01,"def","MCL",0
2006-11-01,"def","BORR",0
2006-11-01,"def","ANGELO",0
2006-12-01,"def","SEDG",35.7
2006-12-01,"def","WWP",14.7
2006-12-01,"def","MCL",0
2006-12-01,"def","BORR",0
2006-12-01,"def","ANGELO",0
2007-01-01,"def","SEDG",41.3
2007-01-01,"def","WWP",7.9
2007-01-01,"def","MCL",4.3
2007-01-01,"def","BORR",16.4
2007-01-01,"def","ANGELO",1.9
2007-02-01,"def","SEDG",12.2
2007-02-01,"def","WWP",0
2007-02-01,"def","MCL",0
2007-02-01,"def","BORR",0
2007-02-01,"def","ANGELO",0
2007-03-01,"def","SEDG",107.3
2007-03-01,"def","WWP",77.7
2007-03-01,"def","MCL",26.6
2007-03-01,"def","BORR",30.3
2007-03-01,"def","ANGELO",9.7
2007-04-01,"def","SEDG",96.7
2007-04-01,"def","WWP",78.7
2007-04-01,"def","MCL",28.6
2007-04-01,"def","BORR",35.1
2007-04-01,"def","ANGELO",0
2007-05-01,"def","SEDG",154.9
2007-05-01,"def","WWP",165.7
2007-05-01,"def","MCL",136
2007-05-01,"def","BORR",130
2007-05-01,"def","ANGELO",36.3
2007-06-01,"def","SEDG",165.4
2007-06-01,"def","WWP",184.5
2007-06-01,"def","MCL",169.7
2007-06-01,"def","BORR",178.1
2007-06-01,"def","ANGELO",60.2
2007-07-01,"def","SEDG",179.7
2007-07-01,"def","WWP",188.3
2007-07-01,"def","MCL",175.5
2007-07-01,"def","BORR",183.4
2007-07-01,"def","ANGELO",71.6
2007-08-01,"def","SEDG",174.4
2007-08-01,"def","WWP",181.5
2007-08-01,"def","MCL",184.2
2007-08-01,"def","BORR",182.2
2007-08-01,"def","ANGELO",90.3
2007-09-01,"def","SEDG",127.7
2007-09-01,"def","WWP",126.8
2007-09-01,"def","MCL",120.4
2007-09-01,"def","BORR",111.6
2007-09-01,"def","ANGELO",73.2
2007-10-01,"def","SEDG",109.3
2007-10-01,"def","WWP",96.4
2007-10-01,"def","MCL",39.9
2007-10-01,"def","BORR",11.8
2007-10-01,"def","ANGELO",0
2007-11-01,"def","SEDG",71.7
2007-11-01,"def","WWP",56.4
2007-11-01,"def","MCL",32.7
2007-11-01,"def","BORR",44.7
2007-11-01,"def","ANGELO",1.7
2007-12-01,"def","SEDG",0
2007-12-01,"def","WWP",3.6
2007-12-01,"def","MCL",0
2007-12-01,"def","BORR",0
2007-12-01,"def","ANGELO",0
2008-01-01,"def","SEDG",0
2008-01-01,"def","WWP",0
2008-01-01,"def","MCL",0
2008-01-01,"def","BORR",0
2008-01-01,"def","ANGELO",0
2008-02-01,"def","SEDG",5.5
2008-02-01,"def","WWP",8.2
2008-02-01,"def","MCL",0
2008-02-01,"def","BORR",0
2008-02-01,"def","ANGELO",0
2008-03-01,"def","SEDG",43.7
2008-03-01,"def","WWP",55.6
2008-03-01,"def","MCL",28.4
2008-03-01,"def","BORR",30.7
2008-03-01,"def","ANGELO",5.8
2008-04-01,"def","SEDG",112.8
2008-04-01,"def","WWP",112
2008-04-01,"def","MCL",79.2
2008-04-01,"def","BORR",66.8
2008-04-01,"def","ANGELO",19.7
2008-05-01,"def","SEDG",138.1
2008-05-01,"def","WWP",128.7
2008-05-01,"def","MCL",131.9
2008-05-01,"def","BORR",144.8
2008-05-01,"def","ANGELO",49.2
2008-06-01,"def","SEDG",181.6
2008-06-01,"def","WWP",183.3
2008-06-01,"def","MCL",179.6
2008-06-01,"def","BORR",197.2
2008-06-01,"def","ANGELO",79.4
2008-07-01,"def","SEDG",171.8
2008-07-01,"def","WWP",187.6
2008-07-01,"def","MCL",184.3
2008-07-01,"def","BORR",198.3
2008-07-01,"def","ANGELO",97.4
2008-08-01,"def","SEDG",167.7
2008-08-01,"def","WWP",184.7
2008-08-01,"def","MCL",181.6
2008-08-01,"def","BORR",184.3
2008-08-01,"def","ANGELO",117.5
2008-09-01,"def","SEDG",138.6
2008-09-01,"def","WWP",149.2
2008-09-01,"def","MCL",144.3
2008-09-01,"def","BORR",141
2008-09-01,"def","ANGELO",94.5
2008-10-01,"def","SEDG",126.3
2008-10-01,"def","WWP",117
2008-10-01,"def","MCL",102.1
2008-10-01,"def","BORR",70.2
2008-10-01,"def","ANGELO",12.7
2008-11-01,"def","SEDG",47.2
2008-11-01,"def","WWP",0
2008-11-01,"def","MCL",0
2008-11-01,"def","BORR",0
2008-11-01,"def","ANGELO",0
2008-12-01,"def","SEDG",0
2008-12-01,"def","WWP",0
2008-12-01,"def","MCL",0
2008-12-01,"def","BORR",0
2008-12-01,"def","ANGELO",0
2009-01-01,"def","SEDG",56.7
2009-01-01,"def","WWP",20.9
2009-01-01,"def","MCL",0
2009-01-01,"def","BORR",14.9
2009-01-01,"def","ANGELO",2.1
2009-02-01,"def","SEDG",0
2009-02-01,"def","WWP",0
2009-02-01,"def","MCL",0
2009-02-01,"def","BORR",0
2009-02-01,"def","ANGELO",0
2009-03-01,"def","SEDG",40.1
2009-03-01,"def","WWP",32.3
2009-03-01,"def","MCL",0
2009-03-01,"def","BORR",1.2
2009-03-01,"def","ANGELO",0
2009-04-01,"def","SEDG",94.9
2009-04-01,"def","WWP",112.1
2009-04-01,"def","MCL",26.8
2009-04-01,"def","BORR",38.1
2009-04-01,"def","ANGELO",25.5
2009-05-01,"def","SEDG",149.7
2009-05-01,"def","WWP",143.9
2009-05-01,"def","MCL",100.5
2009-05-01,"def","BORR",86.6
2009-05-01,"def","ANGELO",16.3
2009-06-01,"def","SEDG",135.2
2009-06-01,"def","WWP",141.2
2009-06-01,"def","MCL",130.3
2009-06-01,"def","BORR",141.8
2009-06-01,"def","ANGELO",54.9
2009-07-01,"def","SEDG",174.7
2009-07-01,"def","WWP",193.4
2009-07-01,"def","MCL",187.6
2009-07-01,"def","BORR",198.5
2009-07-01,"def","ANGELO",83.3
2009-08-01,"def","SEDG",175.4
2009-08-01,"def","WWP",184.6
2009-08-01,"def","MCL",179.9
2009-08-01,"def","BORR",182.7
2009-08-01,"def","ANGELO",90.7
2009-09-01,"def","SEDG",147.5
2009-09-01,"def","WWP",152.5
2009-09-01,"def","MCL",138.9
2009-09-01,"def","BORR",134
2009-09-01,"def","ANGELO",76.2
2009-10-01,"def","SEDG",52.1
2009-10-01,"def","WWP",98.5
2009-10-01,"def","MCL",0
2009-10-01,"def","BORR",0
2009-10-01,"def","ANGELO",0
2009-11-01,"def","SEDG",80
2009-11-01,"def","WWP",61.7
2009-11-01,"def","MCL",20.4
2009-11-01,"def","BORR",15.6
2009-11-01,"def","ANGELO",0
2009-12-01,"def","SEDG",0
2009-12-01,"def","WWP",0
2009-12-01,"def","MCL",0
2009-12-01,"def","BORR",0
2009-12-01,"def","ANGELO",0
2010-01-01,"def","SEDG",0
2010-01-01,"def","WWP",0
2010-01-01,"def","MCL",0
2010-01-01,"def","BORR",0
2010-01-01,"def","ANGELO",0
2010-02-01,"def","SEDG",0
2010-02-01,"def","WWP",0
2010-02-01,"def","MCL",0
2010-02-01,"def","BORR",0
2010-02-01,"def","ANGELO",0
2010-03-01,"def","SEDG",30.5
2010-03-01,"def","WWP",22.1
2010-03-01,"def","MCL",2.5
2010-03-01,"def","BORR",2.1
2010-03-01,"def","ANGELO",0
2010-04-01,"def","SEDG",10.1
2010-04-01,"def","WWP",14.6
2010-04-01,"def","MCL",0
2010-04-01,"def","BORR",0
2010-04-01,"def","ANGELO",0
2010-05-01,"def","SEDG",115.9
2010-05-01,"def","WWP",118
2010-05-01,"def","MCL",34.1
2010-05-01,"def","BORR",37.5
2010-05-01,"def","ANGELO",13.2
2010-06-01,"def","SEDG",152
2010-06-01,"def","WWP",164.6
2010-06-01,"def","MCL",138.9
2010-06-01,"def","BORR",135.3
2010-06-01,"def","ANGELO",39.7
2010-07-01,"def","SEDG",156.2
2010-07-01,"def","WWP",185.6
2010-07-01,"def","MCL",176
2010-07-01,"def","BORR",188.8
2010-07-01,"def","ANGELO",69.8
2010-08-01,"def","SEDG",169.2
2010-08-01,"def","WWP",184.1
2010-08-01,"def","MCL",174.6
2010-08-01,"def","BORR",172.9
2010-08-01,"def","ANGELO",82.9
2010-09-01,"def","SEDG",144.3
2010-09-01,"def","WWP",151.4
2010-09-01,"def","MCL",141.6
2010-09-01,"def","BORR",125.9
2010-09-01,"def","ANGELO",65.3
2010-10-01,"def","SEDG",45.5
2010-10-01,"def","WWP",27
2010-10-01,"def","MCL",33.1
2010-10-01,"def","BORR",0
2010-10-01,"def","ANGELO",0
2010-11-01,"def","SEDG",33.9
2010-11-01,"def","WWP",0
2010-11-01,"def","MCL",0
2010-11-01,"def","BORR",0
2010-11-01,"def","ANGELO",0
2010-12-01,"def","SEDG",0
2010-12-01,"def","WWP",0
2010-12-01,"def","MCL",0
2010-12-01,"def","BORR",0
2010-12-01,"def","ANGELO",0
2011-01-01,"def","SEDG",12.3
2011-01-01,"def","WWP",13.3
2011-01-01,"def","MCL",0
2011-01-01,"def","BORR",0
2011-01-01,"def","ANGELO",0
2011-02-01,"def","SEDG",0
2011-02-01,"def","WWP",0
2011-02-01,"def","MCL",0
2011-02-01,"def","BORR",0
2011-02-01,"def","ANGELO",0
2011-03-01,"def","SEDG",0
2011-03-01,"def","WWP",0
2011-03-01,"def","MCL",0
2011-03-01,"def","BORR",0
2011-03-01,"def","ANGELO",0
2011-04-01,"def","SEDG",41.5
2011-04-01,"def","WWP",28.5
2011-04-01,"def","MCL",25.6
2011-04-01,"def","BORR",28.5
2011-04-01,"def","ANGELO",9.9
2011-05-01,"def","SEDG",116.2
2011-05-01,"def","WWP",120.8
2011-05-01,"def","MCL",63.6
2011-05-01,"def","BORR",48.5
2011-05-01,"def","ANGELO",17.2
2011-06-01,"def","SEDG",125.2
2011-06-01,"def","WWP",150.9
2011-06-01,"def","MCL",84
2011-06-01,"def","BORR",75.7
2011-06-01,"def","ANGELO",32.8
2011-07-01,"def","SEDG",162.5
2011-07-01,"def","WWP",176.7
2011-07-01,"def","MCL",175.7
2011-07-01,"def","BORR",177.2
2011-07-01,"def","ANGELO",64.9
2011-08-01,"def","SEDG",176.5
2011-08-01,"def","WWP",185.8
2011-08-01,"def","MCL",176
2011-08-01,"def","BORR",174.7
2011-08-01,"def","ANGELO",82.5
2011-09-01,"def","SEDG",128.4
2011-09-01,"def","WWP",141.7
2011-09-01,"def","MCL",141.5
2011-09-01,"def","BORR",134.4
2011-09-01,"def","ANGELO",78.9
2011-10-01,"def","SEDG",78.7
2011-10-01,"def","WWP",94
2011-10-01,"def","MCL",35.2
2011-10-01,"def","BORR",24.2
2011-10-01,"def","ANGELO",0
2011-11-01,"def","SEDG",0
2011-11-01,"def","WWP",0
2011-11-01,"def","MCL",0
2011-11-01,"def","BORR",0
2011-11-01,"def","ANGELO",0
2011-12-01,"def","SEDG",46.9
2011-12-01,"def","WWP",36.8
2011-12-01,"def","MCL",20
2011-12-01,"def","BORR",32
2011-12-01,"def","ANGELO",0
2012-01-01,"def","SEDG",27.3
2012-01-01,"def","WWP",54.8
2012-01-01,"def","MCL",0
2012-01-01,"def","BORR",0
2012-01-01,"def","ANGELO",0
2012-02-01,"def","SEDG",64.1
2012-02-01,"def","WWP",44.6
2012-02-01,"def","MCL",0
2012-02-01,"def","BORR",3
2012-02-01,"def","ANGELO",0
2012-03-01,"def","SEDG",40.3
2012-03-01,"def","WWP",34.7
2012-03-01,"def","MCL",0
2012-03-01,"def","BORR",0
2012-03-01,"def","ANGELO",0
2012-04-01,"def","SEDG",4.1
2012-04-01,"def","WWP",6.1
2012-04-01,"def","MCL",0
2012-04-01,"def","BORR",7.6
2012-04-01,"def","ANGELO",0
2012-05-01,"def","SEDG",166.2
2012-05-01,"def","WWP",161.5
2012-05-01,"def","MCL",80.2
2012-05-01,"def","BORR",68.4
2012-05-01,"def","ANGELO",42.9
2012-06-01,"def","SEDG",166.3
2012-06-01,"def","WWP",180
2012-06-01,"def","MCL",160.8
2012-06-01,"def","BORR",166
2012-06-01,"def","ANGELO",52.9
2012-07-01,"def","SEDG",165.1
2012-07-01,"def","WWP",186.6
2012-07-01,"def","MCL",181.8
2012-07-01,"def","BORR",186
2012-07-01,"def","ANGELO",77.5
2012-08-01,"def","SEDG",174.2
2012-08-01,"def","WWP",181.8
2012-08-01,"def","MCL",182.7
2012-08-01,"def","BORR",182.5
2012-08-01,"def","ANGELO",93
2012-09-01,"def","SEDG",140.8
2012-09-01,"def","WWP",144.7
2012-09-01,"def","MCL",138
2012-09-01,"def","BORR",134.7
2012-09-01,"def","ANGELO",84.3
2012-10-01,"def","SEDG",106.9
2012-10-01,"def","WWP",102.8
2012-10-01,"def","MCL",66.8
2012-10-01,"def","BORR",46.4
2012-10-01,"def","ANGELO",0
2012-11-01,"def","SEDG",42.3
2012-11-01,"def","WWP",47.9
2012-11-01,"def","MCL",0
2012-11-01,"def","BORR",0
2012-11-01,"def","ANGELO",0
2012-12-01,"def","SEDG",0
2012-12-01,"def","WWP",0
2012-12-01,"def","MCL",0
2012-12-01,"def","BORR",0
2012-12-01,"def","ANGELO",0
2013-01-01,"def","SEDG",26.7
2013-01-01,"def","WWP",4.3
2013-01-01,"def","MCL",0
2013-01-01,"def","BORR",1.9
2013-01-01,"def","ANGELO",0
2013-02-01,"def","SEDG",52.8
2013-02-01,"def","WWP",21.2
2013-02-01,"def","MCL",13.4
2013-02-01,"def","BORR",19.2
2013-02-01,"def","ANGELO",6.4
2013-03-01,"def","SEDG",75.8
2013-03-01,"def","WWP",47.9
2013-03-01,"def","MCL",17.5
2013-03-01,"def","BORR",15.1
2013-03-01,"def","ANGELO",0
2013-04-01,"def","SEDG",131
2013-04-01,"def","WWP",119.7
2013-04-01,"def","MCL",75.5
2013-04-01,"def","BORR",60.4
2013-04-01,"def","ANGELO",20.1
2013-05-01,"def","SEDG",167.8
2013-05-01,"def","WWP",162.6
2013-05-01,"def","MCL",139.7
2013-05-01,"def","BORR",148.2
2013-05-01,"def","ANGELO",42.5
2013-06-01,"def","SEDG",171.5
2013-06-01,"def","WWP",188.6
2013-06-01,"def","MCL",162
2013-06-01,"def","BORR",167.4
2013-06-01,"def","ANGELO",56.2
2013-07-01,"def","SEDG",177.2
2013-07-01,"def","WWP",189.5
2013-07-01,"def","MCL",173.8
2013-07-01,"def","BORR",198.5
2013-07-01,"def","ANGELO",87.9
2013-08-01,"def","SEDG",182.3
2013-08-01,"def","WWP",187.9
2013-08-01,"def","MCL",172.9
2013-08-01,"def","BORR",176.8
2013-08-01,"def","ANGELO",86.8
2013-09-01,"def","SEDG",158.7
2013-09-01,"def","WWP",149.5
2013-09-01,"def","MCL",130.2
2013-09-01,"def","BORR",120
2013-09-01,"def","ANGELO",16.6
2013-10-01,"def","SEDG",104.7
2013-10-01,"def","WWP",112.4
2013-10-01,"def","MCL",99.3
2013-10-01,"def","BORR",98.8
2013-10-01,"def","ANGELO",60.7
2013-11-01,"def","SEDG",62.7
2013-11-01,"def","WWP",31.4
2013-11-01,"def","MCL",16.6
2013-11-01,"def","BORR",17.9
2013-11-01,"def","ANGELO",0
2013-12-01,"def","SEDG",62.1
2013-12-01,"def","WWP",50
2013-12-01,"def","MCL",28.3
2013-12-01,"def","BORR",35.9
2013-12-01,"def","ANGELO",13.2
2014-01-01,"def","SEDG",83.6
2014-01-01,"def","WWP",78
2014-01-01,"def","MCL",44.8
2014-01-01,"def","BORR",48.4
2014-01-01,"def","ANGELO",11.7
2014-02-01,"def","SEDG",0
2014-02-01,"def","WWP",23
2014-02-01,"def","MCL",0
2014-02-01,"def","BORR",0
2014-02-01,"def","ANGELO",0
2014-03-01,"def","SEDG",63.2
2014-03-01,"def","WWP",82.9
2014-03-01,"def","MCL",4.5
2014-03-01,"def","BORR",0
2014-03-01,"def","ANGELO",0
2014-04-01,"def","SEDG",103.8
2014-04-01,"def","WWP",99
2014-04-01,"def","MCL",28.8
2014-04-01,"def","BORR",27
2014-04-01,"def","ANGELO",20.2
2014-05-01,"def","SEDG",182.8
2014-05-01,"def","WWP",178.4
2014-05-01,"def","MCL",147.5
2014-05-01,"def","BORR",114.3
2014-05-01,"def","ANGELO",47.8
2014-06-01,"def","SEDG",178.9
2014-06-01,"def","WWP",203
2014-06-01,"def","MCL",178.9
2014-06-01,"def","BORR",186
2014-06-01,"def","ANGELO",78.9
2014-07-01,"def","SEDG",176.5
2014-07-01,"def","WWP",192.8
2014-07-01,"def","MCL",168
2014-07-01,"def","BORR",193.3
2014-07-01,"def","ANGELO",92.8
2014-08-01,"def","SEDG",178.3
2014-08-01,"def","WWP",193.3
2014-08-01,"def","MCL",177.4
2014-08-01,"def","BORR",170.8
2014-08-01,"def","ANGELO",103.2
2014-09-01,"def","SEDG",154.5
2014-09-01,"def","WWP",151.9
2014-09-01,"def","MCL",128.1
2014-09-01,"def","BORR",119.7
2014-09-01,"def","ANGELO",43.2
2014-10-01,"def","SEDG",123.8
2014-10-01,"def","WWP",125.8
2014-10-01,"def","MCL",90.2
2014-10-01,"def","BORR",53.1
2014-10-01,"def","ANGELO",0
2014-11-01,"def","SEDG",64.6
2014-11-01,"def","WWP",39.8
2014-11-01,"def","MCL",0
2014-11-01,"def","BORR",0
2014-11-01,"def","ANGELO",0
2014-12-01,"def","SEDG",0
2014-12-01,"def","WWP",0
2014-12-01,"def","MCL",0
2014-12-01,"def","BORR",0
2014-12-01,"def","ANGELO",0
2015-01-01,"def","SEDG",38.7
2015-01-01,"def","WWP",10.1
2015-01-01,"def","MCL",14.4
2015-01-01,"def","BORR",11.8
2015-01-01,"def","ANGELO",0
2015-02-01,"def","SEDG",30.5
2015-02-01,"def","WWP",17.2
2015-02-01,"def","MCL",0
2015-02-01,"def","BORR",0
2015-02-01,"def","ANGELO",0
2015-03-01,"def","SEDG",110.2
2015-03-01,"def","WWP",70.8
2015-03-01,"def","MCL",31
2015-03-01,"def","BORR",30.6
2015-03-01,"def","ANGELO",8.9
2015-04-01,"def","SEDG",118
2015-04-01,"def","WWP",104.7
2015-04-01,"def","MCL",52.5
2015-04-01,"def","BORR",43.1
2015-04-01,"def","ANGELO",12.6
2015-05-01,"def","SEDG",128
2015-05-01,"def","WWP",130.7
2015-05-01,"def","MCL",103.5
2015-05-01,"def","BORR",107.7
2015-05-01,"def","ANGELO",45.6
2015-06-01,"def","SEDG",161.8
2015-06-01,"def","WWP",178.6
2015-06-01,"def","MCL",163.6
2015-06-01,"def","BORR",171.6
2015-06-01,"def","ANGELO",72.4
2015-07-01,"def","SEDG",164.5
2015-07-01,"def","WWP",164.1
2015-07-01,"def","MCL",153.6
2015-07-01,"def","BORR",170.2
2015-07-01,"def","ANGELO",84.2
2015-08-01,"def","SEDG",185.6
2015-08-01,"def","WWP",189.9
2015-08-01,"def","MCL",181.8
2015-08-01,"def","BORR",178.4
2015-08-01,"def","ANGELO",90.3
2015-09-01,"def","SEDG",137.5
2015-09-01,"def","WWP",141.9
2015-09-01,"def","MCL",141.7
2015-09-01,"def","BORR",132
2015-09-01,"def","ANGELO",66.6
2015-10-01,"def","SEDG",117.5
2015-10-01,"def","WWP",66.2
2015-10-01,"def","MCL",59.9
2015-10-01,"def","BORR",68.1
2015-10-01,"def","ANGELO",50
2015-11-01,"def","SEDG",76.2
2015-11-01,"def","WWP",13.7
2015-11-01,"def","MCL",0
2015-11-01,"def","BORR",0
2015-11-01,"def","ANGELO",0
2015-12-01,"def","SEDG",43.9
2015-12-01,"def","WWP",0
2015-12-01,"def","MCL",0
2015-12-01,"def","BORR",0
2015-12-01,"def","ANGELO",0
2016-01-01,"def","SEDG",0
2016-01-01,"def","WWP",0
2016-01-01,"def","MCL",0
2016-01-01,"def","BORR",0
2016-01-01,"def","ANGELO",0
2016-02-01,"def","SEDG",45.6
2016-02-01,"def","WWP",28
2016-02-01,"def","MCL",9.7
2016-02-01,"def","BORR",6.3
2016-02-01,"def","ANGELO",0
2016-03-01,"def","SEDG",32.1
2016-03-01,"def","WWP",38
2016-03-01,"def","MCL",0
2016-03-01,"def","BORR",0
2016-03-01,"def","ANGELO",0
2016-04-01,"def","SEDG",100.9
2016-04-01,"def","WWP",24.9
2016-04-01,"def","MCL",6.7
2016-04-01,"def","BORR",24.4
2016-04-01,"def","ANGELO",12
2016-05-01,"def","SEDG",125.9
2016-05-01,"def","WWP",119.7
2016-05-01,"def","MCL",44.1
2016-05-01,"def","BORR",50
2016-05-01,"def","ANGELO",33.9
2016-06-01,"def","SEDG",173.8
2016-06-01,"def","WWP",186.6
2016-06-01,"def","MCL",172.1
2016-06-01,"def","BORR",165.5
2016-06-01,"def","ANGELO",65.2
2016-07-01,"def","SEDG",180.1
2016-07-01,"def","WWP",206.9
2016-07-01,"def","MCL",189.8
2016-07-01,"def","BORR",200.3
2016-07-01,"def","ANGELO",91.7
2016-08-01,"def","SEDG",170.1
2016-08-01,"def","WWP",198.6
2016-08-01,"def","MCL",177.1
2016-08-01,"def","BORR",178.1
2016-08-01,"def","ANGELO",95.7
2016-09-01,"def","SEDG",143.9
2016-09-01,"def","WWP",156.6
2016-09-01,"def","MCL",145.7
2016-09-01,"def","BORR",137.6
2016-09-01,"def","ANGELO",97.4
2016-10-01,"def","SEDG",80.6
2016-10-01,"def","WWP",92.2
2016-10-01,"def","MCL",0
2016-10-01,"def","BORR",0
2016-10-01,"def","ANGELO",0
2016-11-01,"def","SEDG",39.2
2016-11-01,"def","WWP",30.5
2016-11-01,"def","MCL",0
2016-11-01,"def","BORR",0
2016-11-01,"def","ANGELO",0
2016-12-01,"def","SEDG",0
2016-12-01,"def","WWP",0
2016-12-01,"def","MCL",0
2016-12-01,"def","BORR",0
2016-12-01,"def","ANGELO",0
2017-01-01,"def","SEDG",0
2017-01-01,"def","WWP",0
2017-01-01,"def","MCL",0
2017-01-01,"def","BORR",0
2017-01-01,"def","ANGELO",0
2017-02-01,"def","SEDG",0
2017-02-01,"def","WWP",0
2017-02-01,"def","MCL",0
2017-02-01,"def","BORR",0
2017-02-01,"def","ANGELO",0
2017-03-01,"def","SEDG",28.2
2017-03-01,"def","WWP",19.4
2017-03-01,"def","MCL",0
2017-03-01,"def","BORR",0
2017-03-01,"def","ANGELO",0
2017-04-01,"def","SEDG",51.6
2017-04-01,"def","WWP",63.9
2017-04-01,"def","MCL",4.4
2017-04-01,"def","BORR",7.2
2017-04-01,"def","ANGELO",0
2017-05-01,"def","SEDG",130.8
2017-05-01,"def","WWP",131.9
2017-05-01,"def","MCL",77.5
2017-05-01,"def","BORR",66.4
2017-05-01,"def","ANGELO",40.9
2017-06-01,"def","SEDG",163.2
2017-06-01,"def","WWP",177.9
2017-06-01,"def","MCL",151.1
2017-06-01,"def","BORR",158.9
2017-06-01,"def","ANGELO",61.1
2017-07-01,"def","SEDG",171
2017-07-01,"def","WWP",200.1
2017-07-01,"def","MCL",196.5
2017-07-01,"def","BORR",210.1
2017-07-01,"def","ANGELO",92.9
2017-08-01,"def","SEDG",161
2017-08-01,"def","WWP",182.7
2017-08-01,"def","MCL",180.8
2017-08-01,"def","BORR",179.1
2017-08-01,"def","ANGELO",97.8
2017-09-01,"def","SEDG",135.2
2017-09-01,"def","WWP",137.8
2017-09-01,"def","MCL",136.1
2017-09-01,"def","BORR",136.1
2017-09-01,"def","ANGELO",80.3
2017-10-01,"def","SEDG",132.5
2017-10-01,"def","WWP",120.8
2017-10-01,"def","MCL",106.2
2017-10-01,"def","BORR",99
2017-10-01,"def","ANGELO",45.4
2017-11-01,"def","SEDG",68.1
2017-11-01,"def","WWP",52.1
2017-11-01,"def","MCL",0
2017-11-01,"def","BORR",0
2017-11-01,"def","ANGELO",0
2017-12-01,"def","SEDG",76.9
2017-12-01,"def","WWP",72.8
2017-12-01,"def","MCL",32.2
2017-12-01,"def","BORR",26.9
2017-12-01,"def","ANGELO",5.4
2018-01-01,"def","SEDG",10.9
2018-01-01,"def","WWP",0
2018-01-01,"def","MCL",0
2018-01-01,"def","BORR",0
2018-01-01,"def","ANGELO",0
2018-02-01,"def","SEDG",71.8
2018-02-01,"def","WWP",53.8
2018-02-01,"def","MCL",19.5
2018-02-01,"def","BORR",23.7
2018-02-01,"def","ANGELO",9.3
2018-03-01,"def","SEDG",0
2018-03-01,"def","WWP",0
2018-03-01,"def","MCL",0
2018-03-01,"def","BORR",0
2018-03-01,"def","ANGELO",0
2018-04-01,"def","SEDG",82.9
2018-04-01,"def","WWP",55.2
2018-04-01,"def","MCL",15.9
2018-04-01,"def","BORR",12.1
2018-04-01,"def","ANGELO",0
2018-05-01,"def","SEDG",121.8
2018-05-01,"def","WWP",132.3
2018-05-01,"def","MCL",87.3
2018-05-01,"def","BORR",57.5
2018-05-01,"def","ANGELO",37.3
2018-06-01,"def","SEDG",158.2
2018-06-01,"def","WWP",184.4
2018-06-01,"def","MCL",171.1
2018-06-01,"def","BORR",181
2018-06-01,"def","ANGELO",70
2018-07-01,"def","SEDG",178.7
2018-07-01,"def","WWP",194.1
2018-07-01,"def","MCL",193.4
2018-07-01,"def","BORR",203
2018-07-01,"def","ANGELO",91.6
2018-08-01,"def","SEDG",180.8
2018-08-01,"def","WWP",196.2
2018-08-01,"def","MCL",181.5
2018-08-01,"def","BORR",179.5
2018-08-01,"def","ANGELO",97
2018-09-01,"def","SEDG",137.2
2018-09-01,"def","WWP",157.8
2018-09-01,"def","MCL",139
2018-09-01,"def","BORR",133.3
2018-09-01,"def","ANGELO",90.4
2018-10-01,"def","SEDG",97.3
2018-10-01,"def","WWP",96.1
2018-10-01,"def","MCL",62
2018-10-01,"def","BORR",62.4
2018-10-01,"def","ANGELO",37.9
2018-11-01,"def","SEDG",0
2018-11-01,"def","WWP",33.8
2018-11-01,"def","MCL",0
2018-11-01,"def","BORR",0
2018-11-01,"def","ANGELO",0
2018-12-01,"def","SEDG",28
2018-12-01,"def","WWP",26.3
2018-12-01,"def","MCL",0
2018-12-01,"def","BORR",0
2018-12-01,"def","ANGELO",0
2019-01-01,"def","SEDG",0
2019-01-01,"def","WWP",0
2019-01-01,"def","MCL",0
2019-01-01,"def","BORR",0
2019-01-01,"def","ANGELO",0
2019-02-01,"def","SEDG",0
2019-02-01,"def","WWP",0
2019-02-01,"def","MCL",0
2019-02-01,"def","BORR",0
2019-02-01,"def","ANGELO",0
2019-03-01,"def","SEDG",0.3
2019-03-01,"def","WWP",1
2019-03-01,"def","MCL",0
2019-03-01,"def","BORR",0
2019-03-01,"def","ANGELO",0
2019-04-01,"def","SEDG",37.1
2019-04-01,"def","WWP",43.9
2019-04-01,"def","MCL",26
2019-04-01,"def","BORR",24.1
2019-04-01,"def","ANGELO",4.1
2019-05-01,"def","SEDG",67.1
2019-05-01,"def","WWP",57.6
2019-05-01,"def","MCL",29.5
2019-05-01,"def","BORR",31
2019-05-01,"def","ANGELO",0
2019-06-01,"def","SEDG",136
2019-06-01,"def","WWP",177.2
2019-06-01,"def","MCL",160.7
2019-06-01,"def","BORR",159.9
2019-06-01,"def","ANGELO",58.3
2019-07-01,"def","SEDG",173
2019-07-01,"def","WWP",197.2
2019-07-01,"def","MCL",183.7
2019-07-01,"def","BORR",189.9
2019-07-01,"def","ANGELO",79.2
2019-08-01,"def","SEDG",169.1
2019-08-01,"def","WWP",192.7
2019-08-01,"def","MCL",180.2
2019-08-01,"def","BORR",182.3
2019-08-01,"def","ANGELO",88.2
2019-09-01,"def","SEDG",154.3
2019-09-01,"def","WWP",152.3
2019-09-01,"def","MCL",133.3
2019-09-01,"def","BORR",136
2019-09-01,"def","ANGELO",61.9
2019-10-01,"def","SEDG",133.5
2019-10-01,"def","WWP",125.6
2019-10-01,"def","MCL",113.3
2019-10-01,"def","BORR",113.1
2019-10-01,"def","ANGELO",62.4
2019-11-01,"def","SEDG",23.4
2019-11-01,"def","WWP",0
2019-11-01,"def","MCL",0
2019-11-01,"def","BORR",18.3
2019-11-01,"def","ANGELO",0
2019-12-01,"def","SEDG",0
2019-12-01,"def","WWP",0
2019-12-01,"def","MCL",0
2019-12-01,"def","BORR",0
2019-12-01,"def","ANGELO",0
2020-01-01,"def","SEDG",32.7
2020-01-01,"def","WWP",14.6
2020-01-01,"def","MCL",0
2020-01-01,"def","BORR",0
2020-01-01,"def","ANGELO",0
2020-02-01,"def","SEDG",67.6
2020-02-01,"def","WWP",51.7
2020-02-01,"def","MCL",24.3
2020-02-01,"def","BORR",24.7
2020-02-01,"def","ANGELO",20.8
2020-03-01,"def","SEDG",0
2020-03-01,"def","WWP",0
2020-03-01,"def","MCL",0
2020-03-01,"def","BORR",21.4
2020-03-01,"def","ANGELO",0
2020-04-01,"def","SEDG",8.6
2020-04-01,"def","WWP",0
2020-04-01,"def","MCL",8.9
2020-04-01,"def","BORR",43.5
2020-04-01,"def","ANGELO",11.9
2020-05-01,"def","SEDG",144.1
2020-05-01,"def","WWP",108.7
2020-05-01,"def","MCL",69.6
2020-05-01,"def","BORR",111.7
2020-05-01,"def","ANGELO",0
2020-06-01,"def","SEDG",157.6
2020-06-01,"def","WWP",174.2
2020-06-01,"def","MCL",171
2020-06-01,"def","BORR",182.9
2020-06-01,"def","ANGELO",53.6
2020-07-01,"def","SEDG",175.1
2020-07-01,"def","WWP",204
2020-07-01,"def","MCL",188.5
2020-07-01,"def","BORR",208.1
2020-07-01,"def","ANGELO",78.8
2020-08-01,"def","SEDG",176.9
2020-08-01,"def","WWP",191.2
2020-08-01,"def","MCL",187.3
2020-08-01,"def","BORR",186.2
2020-08-01,"def","ANGELO",90.2
2020-09-01,"def","SEDG",150.9
2020-09-01,"def","WWP",162.3
2020-09-01,"def","MCL",149
2020-09-01,"def","BORR",154.7
2020-09-01,"def","ANGELO",82
2020-10-01,"def","SEDG",117.3
2020-10-01,"def","WWP",124.7
2020-10-01,"def","MCL",114.8
2020-10-01,"def","BORR",117.3
2020-10-01,"def","ANGELO",75.8
2020-11-01,"def","SEDG",77.9
2020-11-01,"def","WWP",56
2020-11-01,"def","MCL",49.4
2020-11-01,"def","BORR",42.3
2020-11-01,"def","ANGELO",0
2020-12-01,"def","SEDG",30.6
2020-12-01,"def","WWP",30.4
2020-12-01,"def","MCL",0
2020-12-01,"def","BORR",1.5
2020-12-01,"def","ANGELO",0
2021-01-01,"def","SEDG",0
2021-01-01,"def","WWP",0
2021-01-01,"def","MCL",0
2021-01-01,"def","BORR",0
2021-01-01,"def","ANGELO",0
2021-02-01,"def","SEDG",61.3
2021-02-01,"def","WWP",57.1
2021-02-01,"def","MCL",16
2021-02-01,"def","BORR",19.4
2021-02-01,"def","ANGELO",0
2021-03-01,"def","SEDG",57.8
2021-03-01,"def","WWP",57.9
2021-03-01,"def","MCL",14.4
2021-03-01,"def","BORR",26
2021-03-01,"def","ANGELO",0
2021-04-01,"def","SEDG",124.2
2021-04-01,"def","WWP",127.9
2021-04-01,"def","MCL",78.6
2021-04-01,"def","BORR",96.6
2021-04-01,"def","ANGELO",25.7
2021-05-01,"def","SEDG",146.6
2021-05-01,"def","WWP",172.7
2021-05-01,"def","MCL",145
2021-05-01,"def","BORR",171.8
2021-05-01,"def","ANGELO",54.4
2021-06-01,"def","SEDG",163
2021-06-01,"def","WWP",192.1
2021-06-01,"def","MCL",174.4
2021-06-01,"def","BORR",196.1
2021-06-01,"def","ANGELO",67.3
2021-07-01,"def","SEDG",168.8
2021-07-01,"def","WWP",201.3
2021-07-01,"def","MCL",192.9
2021-07-01,"def","BORR",208
2021-07-01,"def","ANGELO",96
2021-08-01,"def","SEDG",165.3
2021-08-01,"def","WWP",200.2
2021-08-01,"def","MCL",187.1
2021-08-01,"def","BORR",195.4
2021-08-01,"def","ANGELO",117.9
2021-09-01,"def","SEDG",131.4
2021-09-01,"def","WWP",155.5
2021-09-01,"def","MCL",144.8
2021-09-01,"def","BORR",146.9
2021-09-01,"def","ANGELO",66.5
2021-10-01,"def","SEDG",75.7
2021-10-01,"def","WWP",82.2
2021-10-01,"def","MCL",0
2021-10-01,"def","BORR",0
2021-10-01,"def","ANGELO",0
2021-11-01,"def","SEDG",73.9
2021-11-01,"def","WWP",75.5
2021-11-01,"def","MCL",8
2021-11-01,"def","BORR",0
2021-11-01,"def","ANGELO",0
2021-12-01,"def","SEDG",0
2021-12-01,"def","WWP",0
2021-12-01,"def","MCL",0
2021-12-01,"def","BORR",0
2021-12-01,"def","ANGELO",0
2022-01-01,"def","SEDG",21.4
2022-01-01,"def","WWP",20
2022-01-01,"def","MCL",13.3
2022-01-01,"def","BORR",13.2
2022-01-01,"def","ANGELO",0
2022-02-01,"def","SEDG",38.4
2022-02-01,"def","WWP",53.5
2022-02-01,"def","MCL",29.6
2022-02-01,"def","BORR",32.2
2022-02-01,"def","ANGELO",19.5
2022-03-01,"def","SEDG",59.5
2022-03-01,"def","WWP",46.4
2022-03-01,"def","MCL",35.8
2022-03-01,"def","BORR",23.1
2022-03-01,"def","ANGELO",11.5
2022-04-01,"def","SEDG",115.1
2022-04-01,"def","WWP",107.4
2022-04-01,"def","MCL",65.6
2022-04-01,"def","BORR",55.2
2022-04-01,"def","ANGELO",0
2022-05-01,"def","SEDG",162
2022-05-01,"def","WWP",165.2
2022-05-01,"def","MCL",151.3
2022-05-01,"def","BORR",156
2022-05-01,"def","ANGELO",27.8
2022-06-01,"def","SEDG",178.6
2022-06-01,"def","WWP",184
2022-06-01,"def","MCL",176.6
2022-06-01,"def","BORR",189.4
2022-06-01,"def","ANGELO",48.7
2022-07-01,"def","SEDG",173.7
2022-07-01,"def","WWP",200.1
2022-07-01,"def","MCL",187.8
2022-07-01,"def","BORR",201.1
2022-07-01,"def","ANGELO",70.8
2022-08-01,"def","SEDG",173.2
2022-08-01,"def","WWP",191.9
2022-08-01,"def","MCL",186.3
2022-08-01,"def","BORR",188.1
2022-08-01,"def","ANGELO",87
2022-09-01,"def","SEDG",104.4
2022-09-01,"def","WWP",132.7
2022-09-01,"def","MCL",103.4
2022-09-01,"def","BORR",72.6
2022-09-01,"def","ANGELO",59
2022-10-01,"def","SEDG",102.2
2022-10-01,"def","WWP",114.2
2022-10-01,"def","MCL",100.4
2022-10-01,"def","BORR",95
2022-10-01,"def","ANGELO",58.3
2022-11-01,"def","SEDG",31.1
2022-11-01,"def","WWP",0
2022-11-01,"def","MCL",0
2022-11-01,"def","BORR",0
2022-11-01,"def","ANGELO",0
2022-12-01,"def","SEDG",0
2022-12-01,"def","WWP",0
2022-12-01,"def","MCL",0
2022-12-01,"def","BORR",0
2022-12-01,"def","ANGELO",0
2023-01-01,"def","SEDG",0
2023-01-01,"def","WWP",0
2023-01-01,"def","MCL",0
2023-01-01,"def","BORR",0
2023-01-01,"def","ANGELO",0
2023-02-01,"def","SEDG",0
2023-02-01,"def","WWP",0
2023-02-01,"def","MCL",0
2023-02-01,"def","BORR",0
2023-02-01,"def","ANGELO",0
2023-03-01,"def","SEDG",0
2023-03-01,"def","WWP",0
2023-03-01,"def","MCL",0
2023-03-01,"def","BORR",0
2023-03-01,"def","ANGELO",0
2023-04-01,"def","SEDG",44
2023-04-01,"def","WWP",61.9
2023-04-01,"def","MCL",32.5
2023-04-01,"def","BORR",36.3
2023-04-01,"def","ANGELO",9.8
2023-05-01,"def","SEDG",88.4
2023-05-01,"def","WWP",100.7
2023-05-01,"def","MCL",65
2023-05-01,"def","BORR",64.5
2023-05-01,"def","ANGELO",25.4
2023-06-01,"def","SEDG",113.2
2023-06-01,"def","WWP",126.4
2023-06-01,"def","MCL",136.5
2023-06-01,"def","BORR",146.6
2023-06-01,"def","ANGELO",54
2023-07-01,"def","SEDG",174.2
2023-07-01,"def","WWP",201.1
2023-07-01,"def","MCL",193
2023-07-01,"def","BORR",205.2
2023-07-01,"def","ANGELO",89.5
2023-08-01,"def","SEDG",161.6
2023-08-01,"def","WWP",137.1
2023-08-01,"def","MCL",176.2
2023-08-01,"def","BORR",182.4
2023-08-01,"def","ANGELO",89.2
2023-09-01,"def","SEDG",122.2
2023-09-01,"def","WWP",129
2023-09-01,"def","MCL",117.5
2023-09-01,"def","BORR",115.6
2023-09-01,"def","ANGELO",47.9
2023-10-01,"def","SEDG",114.9
2023-10-01,"def","WWP",108.7
2023-10-01,"def","MCL",89.7
2023-10-01,"def","BORR",62.3
2023-10-01,"def","ANGELO",8.3
2023-11-01,"def","SEDG",60.1
2023-11-01,"def","WWP",63.1
2023-11-01,"def","MCL",0
2023-11-01,"def","BORR",0
2023-11-01,"def","ANGELO",0
2023-12-01,"def","SEDG",0
2023-12-01,"def","WWP",0
2023-12-01,"def","MCL",0
2023-12-01,"def","BORR",0
2023-12-01,"def","ANGELO",0
2024-01-01,"def","SEDG",8.7
2024-01-01,"def","WWP",0
2024-01-01,"def","MCL",0
2024-01-01,"def","BORR",0
2024-01-01,"def","ANGELO",0
1958-01-01,"pet","SEDG",67.5
1958-01-01,"pet","WWP",55.3
1958-01-01,"pet","MCL",44.4
1958-01-01,"pet","BORR",34.4
1958-01-01,"pet","ANGELO",35
1958-02-01,"pet","SEDG",58.9
1958-02-01,"pet","WWP",52.4
1958-02-01,"pet","MCL",37.9
1958-02-01,"pet","BORR",25.3
1958-02-01,"pet","ANGELO",33.7
1958-03-01,"pet","SEDG",76
1958-03-01,"pet","WWP",55.8
1958-03-01,"pet","MCL",62.7
1958-03-01,"pet","BORR",57.3
1958-03-01,"pet","ANGELO",60
1958-04-01,"pet","SEDG",127.1
1958-04-01,"pet","WWP",93
1958-04-01,"pet","MCL",100.2
1958-04-01,"pet","BORR",95.9
1958-04-01,"pet","ANGELO",92.4
1958-05-01,"pet","SEDG",138.8
1958-05-01,"pet","WWP",135.4
1958-05-01,"pet","MCL",135.9
1958-05-01,"pet","BORR",131.2
1958-05-01,"pet","ANGELO",121.5
1958-06-01,"pet","SEDG",175.8
1958-06-01,"pet","WWP",170.8
1958-06-01,"pet","MCL",165.2
1958-06-01,"pet","BORR",152.5
1958-06-01,"pet","ANGELO",132.8
1958-07-01,"pet","SEDG",180.7
1958-07-01,"pet","WWP",194.2
1958-07-01,"pet","MCL",188.7
1958-07-01,"pet","BORR",192
1958-07-01,"pet","ANGELO",156.2
1958-08-01,"pet","SEDG",175.5
1958-08-01,"pet","WWP",188.5
1958-08-01,"pet","MCL",192.7
1958-08-01,"pet","BORR",193.4
1958-08-01,"pet","ANGELO",165
1958-09-01,"pet","SEDG",159.2
1958-09-01,"pet","WWP",150.3
1958-09-01,"pet","MCL",161.4
1958-09-01,"pet","BORR",158.7
1958-09-01,"pet","ANGELO",139
1958-10-01,"pet","SEDG",123.3
1958-10-01,"pet","WWP",119.4
1958-10-01,"pet","MCL",110.7
1958-10-01,"pet","BORR",105.8
1958-10-01,"pet","ANGELO",89
1958-11-01,"pet","SEDG",94.7
1958-11-01,"pet","WWP",77.5
1958-11-01,"pet","MCL",66
1958-11-01,"pet","BORR",57.4
1958-11-01,"pet","ANGELO",40.5
1958-12-01,"pet","SEDG",69.3
1958-12-01,"pet","WWP",73.2
1958-12-01,"pet","MCL",47.9
1958-12-01,"pet","BORR",39
1958-12-01,"pet","ANGELO",33.2
1959-01-01,"pet","SEDG",63
1959-01-01,"pet","WWP",54.5
1959-01-01,"pet","MCL",45.2
1959-01-01,"pet","BORR",34.9
1959-01-01,"pet","ANGELO",37.1
1959-02-01,"pet","SEDG",58.7
1959-02-01,"pet","WWP",49.1
1959-02-01,"pet","MCL",46.7
1959-02-01,"pet","BORR",41.7
1959-02-01,"pet","ANGELO",41.8
1959-03-01,"pet","SEDG",117.6
1959-03-01,"pet","WWP",99.4
1959-03-01,"pet","MCL",94.2
1959-03-01,"pet","BORR",96.3
1959-03-01,"pet","ANGELO",81.8
1959-04-01,"pet","SEDG",119.5
1959-04-01,"pet","WWP",126.8
1959-04-01,"pet","MCL",122.7
1959-04-01,"pet","BORR",128.1
1959-04-01,"pet","ANGELO",105.9
1959-05-01,"pet","SEDG",153.8
1959-05-01,"pet","WWP",146.1
1959-05-01,"pet","MCL",144.5
1959-05-01,"pet","BORR",152.2
1959-05-01,"pet","ANGELO",124.2
1959-06-01,"pet","SEDG",167
1959-06-01,"pet","WWP",177.7
1959-06-01,"pet","MCL",177.5
1959-06-01,"pet","BORR",199.6
1959-06-01,"pet","ANGELO",160.5
1959-07-01,"pet","SEDG",187.5
1959-07-01,"pet","WWP",200.1
1959-07-01,"pet","MCL",205.2
1959-07-01,"pet","BORR",221.7
1959-07-01,"pet","ANGELO",180.4
1959-08-01,"pet","SEDG",172.8
1959-08-01,"pet","WWP",181.8
1959-08-01,"pet","MCL",185.8
1959-08-01,"pet","BORR",186.3
1959-08-01,"pet","ANGELO",163.2
1959-09-01,"pet","SEDG",133
1959-09-01,"pet","WWP",135.4
1959-09-01,"pet","MCL",135.1
1959-09-01,"pet","BORR",136.1
1959-09-01,"pet","ANGELO",114.7
1959-10-01,"pet","SEDG",120
1959-10-01,"pet","WWP",115.3
1959-10-01,"pet","MCL",115.5
1959-10-01,"pet","BORR",112.8
1959-10-01,"pet","ANGELO",81.1
1959-11-01,"pet","SEDG",91.2
1959-11-01,"pet","WWP",94.3
1959-11-01,"pet","MCL",70.3
1959-11-01,"pet","BORR",67.9
1959-11-01,"pet","ANGELO",50.6
1959-12-01,"pet","SEDG",75.9
1959-12-01,"pet","WWP",75.4
1959-12-01,"pet","MCL",54.9
1959-12-01,"pet","BORR",50
1959-12-01,"pet","ANGELO",37.8
1960-01-01,"pet","SEDG",53.4
1960-01-01,"pet","WWP",46.9
1960-01-01,"pet","MCL",38.6
1960-01-01,"pet","BORR",29
1960-01-01,"pet","ANGELO",32.6
1960-02-01,"pet","SEDG",59.4
1960-02-01,"pet","WWP",53.1
1960-02-01,"pet","MCL",46.6
1960-02-01,"pet","BORR",45.3
1960-02-01,"pet","ANGELO",45.3
1960-03-01,"pet","SEDG",95.8
1960-03-01,"pet","WWP",88.2
1960-03-01,"pet","MCL",74.6
1960-03-01,"pet","BORR",69.7
1960-03-01,"pet","ANGELO",59.8
1960-04-01,"pet","SEDG",132.3
1960-04-01,"pet","WWP",110.1
1960-04-01,"pet","MCL",104.6
1960-04-01,"pet","BORR",96.6
1960-04-01,"pet","ANGELO",73.3
1960-05-01,"pet","SEDG",172.3
1960-05-01,"pet","WWP",145.4
1960-05-01,"pet","MCL",138.3
1960-05-01,"pet","BORR",130.7
1960-05-01,"pet","ANGELO",96.7
1960-06-01,"pet","SEDG",159.4
1960-06-01,"pet","WWP",183.5
1960-06-01,"pet","MCL",186.9
1960-06-01,"pet","BORR",197.1
1960-06-01,"pet","ANGELO",164.8
1960-07-01,"pet","SEDG",185.4
1960-07-01,"pet","WWP",189.5
1960-07-01,"pet","MCL",202.3
1960-07-01,"pet","BORR",213.2
1960-07-01,"pet","ANGELO",169.2
1960-08-01,"pet","SEDG",172.2
1960-08-01,"pet","WWP",189.4
1960-08-01,"pet","MCL",192.3
1960-08-01,"pet","BORR",192.2
1960-08-01,"pet","ANGELO",168.5
1960-09-01,"pet","SEDG",140.1
1960-09-01,"pet","WWP",149.5
1960-09-01,"pet","MCL",143.2
1960-09-01,"pet","BORR",139.4
1960-09-01,"pet","ANGELO",123.7
1960-10-01,"pet","SEDG",111.3
1960-10-01,"pet","WWP",106.2
1960-10-01,"pet","MCL",104.5
1960-10-01,"pet","BORR",99.9
1960-10-01,"pet","ANGELO",78.8
1960-11-01,"pet","SEDG",68.6
1960-11-01,"pet","WWP",60.4
1960-11-01,"pet","MCL",50.4
1960-11-01,"pet","BORR",42.2
1960-11-01,"pet","ANGELO",38.1
1960-12-01,"pet","SEDG",59
1960-12-01,"pet","WWP",53
1960-12-01,"pet","MCL",38.5
1960-12-01,"pet","BORR",34
1960-12-01,"pet","ANGELO",32
1961-01-01,"pet","SEDG",65
1961-01-01,"pet","WWP",64.4
1961-01-01,"pet","MCL",43.3
1961-01-01,"pet","BORR",32
1961-01-01,"pet","ANGELO",34.6
1961-02-01,"pet","SEDG",74
1961-02-01,"pet","WWP",60
1961-02-01,"pet","MCL",47
1961-02-01,"pet","BORR",41.5
1961-02-01,"pet","ANGELO",42
1961-03-01,"pet","SEDG",101.7
1961-03-01,"pet","WWP",81.1
1961-03-01,"pet","MCL",67.6
1961-03-01,"pet","BORR",64.1
1961-03-01,"pet","ANGELO",56.3
1961-04-01,"pet","SEDG",131.7
1961-04-01,"pet","WWP",120.6
1961-04-01,"pet","MCL",111.6
1961-04-01,"pet","BORR",110.6
1961-04-01,"pet","ANGELO",98.8
1961-05-01,"pet","SEDG",141.1
1961-05-01,"pet","WWP",132.4
1961-05-01,"pet","MCL",115.8
1961-05-01,"pet","BORR",117.5
1961-05-01,"pet","ANGELO",96.3
1961-06-01,"pet","SEDG",166.3
1961-06-01,"pet","WWP",174.1
1961-06-01,"pet","MCL",171
1961-06-01,"pet","BORR",184.9
1961-06-01,"pet","ANGELO",149.2
1961-07-01,"pet","SEDG",179.9
1961-07-01,"pet","WWP",198.2
1961-07-01,"pet","MCL",207.8
1961-07-01,"pet","BORR",221
1961-07-01,"pet","ANGELO",178
1961-08-01,"pet","SEDG",164.9
1961-08-01,"pet","WWP",158
1961-08-01,"pet","MCL",178.8
1961-08-01,"pet","BORR",177.5
1961-08-01,"pet","ANGELO",144.6
1961-09-01,"pet","SEDG",137.3
1961-09-01,"pet","WWP",140.3
1961-09-01,"pet","MCL",142.9
1961-09-01,"pet","BORR",141.9
1961-09-01,"pet","ANGELO",125.3
1961-10-01,"pet","SEDG",112.9
1961-10-01,"pet","WWP",108.3
1961-10-01,"pet","MCL",112.9
1961-10-01,"pet","BORR",106.2
1961-10-01,"pet","ANGELO",81.4
1961-11-01,"pet","SEDG",80.8
1961-11-01,"pet","WWP",74.3
1961-11-01,"pet","MCL",63.6
1961-11-01,"pet","BORR",59.4
1961-11-01,"pet","ANGELO",45.3
1961-12-01,"pet","SEDG",52.9
1961-12-01,"pet","WWP",44
1961-12-01,"pet","MCL",35.4
1961-12-01,"pet","BORR",29.2
1961-12-01,"pet","ANGELO",28.5
1962-01-01,"pet","SEDG",65.7
1962-01-01,"pet","WWP",58.6
1962-01-01,"pet","MCL",45.6
1962-01-01,"pet","BORR",52
1962-01-01,"pet","ANGELO",44
1962-02-01,"pet","SEDG",46.5
1962-02-01,"pet","WWP",43.6
1962-02-01,"pet","MCL",36.4
1962-02-01,"pet","BORR",34.3
1962-02-01,"pet","ANGELO",36.1
1962-03-01,"pet","SEDG",79.7
1962-03-01,"pet","WWP",59.1
1962-03-01,"pet","MCL",63.7
1962-03-01,"pet","BORR",61.5
1962-03-01,"pet","ANGELO",57.6
1962-04-01,"pet","SEDG",131.3
1962-04-01,"pet","WWP",114.5
1962-04-01,"pet","MCL",115.3
1962-04-01,"pet","BORR",119.4
1962-04-01,"pet","ANGELO",99.9
1962-05-01,"pet","SEDG",140.1
1962-05-01,"pet","WWP",130.1
1962-05-01,"pet","MCL",131
1962-05-01,"pet","BORR",135.1
1962-05-01,"pet","ANGELO",112.4
1962-06-01,"pet","SEDG",157.8
1962-06-01,"pet","WWP",169.7
1962-06-01,"pet","MCL",171
1962-06-01,"pet","BORR",184.6
1962-06-01,"pet","ANGELO",160.4
1962-07-01,"pet","SEDG",171.9
1962-07-01,"pet","WWP",189.6
1962-07-01,"pet","MCL",190.3
1962-07-01,"pet","BORR",204
1962-07-01,"pet","ANGELO",175.4
1962-08-01,"pet","SEDG",188.6
1962-08-01,"pet","WWP",185
1962-08-01,"pet","MCL",186
1962-08-01,"pet","BORR",180.8
1962-08-01,"pet","ANGELO",139.4
1962-09-01,"pet","SEDG",142.7
1962-09-01,"pet","WWP",143.6
1962-09-01,"pet","MCL",136.6
1962-09-01,"pet","BORR",133.9
1962-09-01,"pet","ANGELO",112.2
1962-10-01,"pet","SEDG",110.6
1962-10-01,"pet","WWP",100.1
1962-10-01,"pet","MCL",95
1962-10-01,"pet","BORR",78.9
1962-10-01,"pet","ANGELO",66.5
1962-11-01,"pet","SEDG",78.7
1962-11-01,"pet","WWP",68.5
1962-11-01,"pet","MCL",56.7
1962-11-01,"pet","BORR",43.5
1962-11-01,"pet","ANGELO",37.4
1962-12-01,"pet","SEDG",58.5
1962-12-01,"pet","WWP",61.3
1962-12-01,"pet","MCL",39.1
1962-12-01,"pet","BORR",29.7
1962-12-01,"pet","ANGELO",30.5
1963-01-01,"pet","SEDG",61
1963-01-01,"pet","WWP",62.6
1963-01-01,"pet","MCL",42.4
1963-01-01,"pet","BORR",37.8
1963-01-01,"pet","ANGELO",37.6
1963-02-01,"pet","SEDG",62.7
1963-02-01,"pet","WWP",56.6
1963-02-01,"pet","MCL",42.2
1963-02-01,"pet","BORR",34.3
1963-02-01,"pet","ANGELO",39.4
1963-03-01,"pet","SEDG",94.1
1963-03-01,"pet","WWP",83.3
1963-03-01,"pet","MCL",73.7
1963-03-01,"pet","BORR",69.9
1963-03-01,"pet","ANGELO",65.3
1963-04-01,"pet","SEDG",97.7
1963-04-01,"pet","WWP",79.8
1963-04-01,"pet","MCL",72.5
1963-04-01,"pet","BORR",65.4
1963-04-01,"pet","ANGELO",62.2
1963-05-01,"pet","SEDG",126.1
1963-05-01,"pet","WWP",120.8
1963-05-01,"pet","MCL",118.5
1963-05-01,"pet","BORR",108.2
1963-05-01,"pet","ANGELO",98.2
1963-06-01,"pet","SEDG",149.3
1963-06-01,"pet","WWP",154.9
1963-06-01,"pet","MCL",161
1963-06-01,"pet","BORR",172.9
1963-06-01,"pet","ANGELO",151.3
1963-07-01,"pet","SEDG",182.1
1963-07-01,"pet","WWP",183.5
1963-07-01,"pet","MCL",187.3
1963-07-01,"pet","BORR",195.8
1963-07-01,"pet","ANGELO",163
1963-08-01,"pet","SEDG",168.3
1963-08-01,"pet","WWP",174.1
1963-08-01,"pet","MCL",183.7
1963-08-01,"pet","BORR",181.8
1963-08-01,"pet","ANGELO",154.6
1963-09-01,"pet","SEDG",139.7
1963-09-01,"pet","WWP",131.5
1963-09-01,"pet","MCL",137.1
1963-09-01,"pet","BORR",130.9
1963-09-01,"pet","ANGELO",112.3
1963-10-01,"pet","SEDG",96.9
1963-10-01,"pet","WWP",90.3
1963-10-01,"pet","MCL",92.4
1963-10-01,"pet","BORR",77
1963-10-01,"pet","ANGELO",68.8
1963-11-01,"pet","SEDG",73.6
1963-11-01,"pet","WWP",62.1
1963-11-01,"pet","MCL",49.1
1963-11-01,"pet","BORR",36.9
1963-11-01,"pet","ANGELO",34.8
1963-12-01,"pet","SEDG",66.3
1963-12-01,"pet","WWP",56.2
1963-12-01,"pet","MCL",38
1963-12-01,"pet","BORR",27
1963-12-01,"pet","ANGELO",28.6
1964-01-01,"pet","SEDG",61.7
1964-01-01,"pet","WWP",51.5
1964-01-01,"pet","MCL",40.6
1964-01-01,"pet","BORR",32.3
1964-01-01,"pet","ANGELO",30.5
1964-02-01,"pet","SEDG",76.8
1964-02-01,"pet","WWP",67.2
1964-02-01,"pet","MCL",61.3
1964-02-01,"pet","BORR",72.1
1964-02-01,"pet","ANGELO",57.2
1964-03-01,"pet","SEDG",99.5
1964-03-01,"pet","WWP",81.8
1964-03-01,"pet","MCL",82.1
1964-03-01,"pet","BORR",85.2
1964-03-01,"pet","ANGELO",68.2
1964-04-01,"pet","SEDG",119.5
1964-04-01,"pet","WWP",106.6
1964-04-01,"pet","MCL",111.2
1964-04-01,"pet","BORR",118.5
1964-04-01,"pet","ANGELO",98.9
1964-05-01,"pet","SEDG",140.3
1964-05-01,"pet","WWP",128.6
1964-05-01,"pet","MCL",130.4
1964-05-01,"pet","BORR",138.8
1964-05-01,"pet","ANGELO",109.3
1964-06-01,"pet","SEDG",157.8
1964-06-01,"pet","WWP",165.1
1964-06-01,"pet","MCL",151
1964-06-01,"pet","BORR",161.4
1964-06-01,"pet","ANGELO",131.3
1964-07-01,"pet","SEDG",187.8
1964-07-01,"pet","WWP",189
1964-07-01,"pet","MCL",191.3
1964-07-01,"pet","BORR",203.6
1964-07-01,"pet","ANGELO",157.8
1964-08-01,"pet","SEDG",174.7
1964-08-01,"pet","WWP",178.9
1964-08-01,"pet","MCL",187.5
1964-08-01,"pet","BORR",193.3
1964-08-01,"pet","ANGELO",160.9
1964-09-01,"pet","SEDG",145.6
1964-09-01,"pet","WWP",146
1964-09-01,"pet","MCL",147.4
1964-09-01,"pet","BORR",147.4
1964-09-01,"pet","ANGELO",132
1964-10-01,"pet","SEDG",106.9
1964-10-01,"pet","WWP",106.3
1964-10-01,"pet","MCL",104.3
1964-10-01,"pet","BORR",93.6
1964-10-01,"pet","ANGELO",85.7
1964-11-01,"pet","SEDG",73.3
1964-11-01,"pet","WWP",62.5
1964-11-01,"pet","MCL",51.3
1964-11-01,"pet","BORR",43.1
1964-11-01,"pet","ANGELO",39.3
1964-12-01,"pet","SEDG",47.7
1964-12-01,"pet","WWP",42.4
1964-12-01,"pet","MCL",31.7
1964-12-01,"pet","BORR",27.3
1964-12-01,"pet","ANGELO",24
1965-01-01,"pet","SEDG",59.2
1965-01-01,"pet","WWP",47
1965-01-01,"pet","MCL",36.1
1965-01-01,"pet","BORR",25.7
1965-01-01,"pet","ANGELO",28.3
1965-02-01,"pet","SEDG",66.1
1965-02-01,"pet","WWP",59.7
1965-02-01,"pet","MCL",54.5
1965-02-01,"pet","BORR",53.2
1965-02-01,"pet","ANGELO",48.5
1965-03-01,"pet","SEDG",83.4
1965-03-01,"pet","WWP",73.8
1965-03-01,"pet","MCL",70.9
1965-03-01,"pet","BORR",75.9
1965-03-01,"pet","ANGELO",71
1965-04-01,"pet","SEDG",99.2
1965-04-01,"pet","WWP",75.3
1965-04-01,"pet","MCL",86.8
1965-04-01,"pet","BORR",76.5
1965-04-01,"pet","ANGELO",74.1
1965-05-01,"pet","SEDG",152
1965-05-01,"pet","WWP",139.5
1965-05-01,"pet","MCL",147.9
1965-05-01,"pet","BORR",158.5
1965-05-01,"pet","ANGELO",130.3
1965-06-01,"pet","SEDG",147
1965-06-01,"pet","WWP",154.9
1965-06-01,"pet","MCL",154.6
1965-06-01,"pet","BORR",163.9
1965-06-01,"pet","ANGELO",137.6
1965-07-01,"pet","SEDG",170.6
1965-07-01,"pet","WWP",174.8
1965-07-01,"pet","MCL",183.9
1965-07-01,"pet","BORR",195.2
1965-07-01,"pet","ANGELO",164.7
1965-08-01,"pet","SEDG",185.5
1965-08-01,"pet","WWP",167.4
1965-08-01,"pet","MCL",178
1965-08-01,"pet","BORR",169.3
1965-08-01,"pet","ANGELO",142.6
1965-09-01,"pet","SEDG",134.3
1965-09-01,"pet","WWP",135.3
1965-09-01,"pet","MCL",140.2
1965-09-01,"pet","BORR",134.2
1965-09-01,"pet","ANGELO",120.1
1965-10-01,"pet","SEDG",126.3
1965-10-01,"pet","WWP",119.6
1965-10-01,"pet","MCL",108.3
1965-10-01,"pet","BORR",93.5
1965-10-01,"pet","ANGELO",84.4
1965-11-01,"pet","SEDG",68.4
1965-11-01,"pet","WWP",66.4
1965-11-01,"pet","MCL",52.7
1965-11-01,"pet","BORR",37.4
1965-11-01,"pet","ANGELO",35.7
1965-12-01,"pet","SEDG",53.5
1965-12-01,"pet","WWP",47.4
1965-12-01,"pet","MCL",36.4
1965-12-01,"pet","BORR",28.1
1965-12-01,"pet","ANGELO",28.2
1966-01-01,"pet","SEDG",59.3
1966-01-01,"pet","WWP",48.6
1966-01-01,"pet","MCL",39.7
1966-01-01,"pet","BORR",35.2
1966-01-01,"pet","ANGELO",34.8
1966-02-01,"pet","SEDG",57.8
1966-02-01,"pet","WWP",49.2
1966-02-01,"pet","MCL",42.9
1966-02-01,"pet","BORR",40.6
1966-02-01,"pet","ANGELO",40.7
1966-03-01,"pet","SEDG",99.4
1966-03-01,"pet","WWP",88.4
1966-03-01,"pet","MCL",75
1966-03-01,"pet","BORR",68.2
1966-03-01,"pet","ANGELO",61.6
1966-04-01,"pet","SEDG",125.6
1966-04-01,"pet","WWP",130.2
1966-04-01,"pet","MCL",121.4
1966-04-01,"pet","BORR",125.3
1966-04-01,"pet","ANGELO",106.1
1966-05-01,"pet","SEDG",132.6
1966-05-01,"pet","WWP",146.9
1966-05-01,"pet","MCL",148.2
1966-05-01,"pet","BORR",153.3
1966-05-01,"pet","ANGELO",136.1
1966-06-01,"pet","SEDG",166.3
1966-06-01,"pet","WWP",171.7
1966-06-01,"pet","MCL",175.1
1966-06-01,"pet","BORR",191.7
1966-06-01,"pet","ANGELO",154.9
1966-07-01,"pet","SEDG",181.1
1966-07-01,"pet","WWP",187.7
1966-07-01,"pet","MCL",183.8
1966-07-01,"pet","BORR",194.6
1966-07-01,"pet","ANGELO",160.7
1966-08-01,"pet","SEDG",175.7
1966-08-01,"pet","WWP",189.4
1966-08-01,"pet","MCL",190.5
1966-08-01,"pet","BORR",193.7
1966-08-01,"pet","ANGELO",161.8
1966-09-01,"pet","SEDG",138.6
1966-09-01,"pet","WWP",141.4
1966-09-01,"pet","MCL",144.5
1966-09-01,"pet","BORR",144.9
1966-09-01,"pet","ANGELO",121.8
1966-10-01,"pet","SEDG",115.5
1966-10-01,"pet","WWP",111.5
1966-10-01,"pet","MCL",107.5
1966-10-01,"pet","BORR",102.4
1966-10-01,"pet","ANGELO",87.4
1966-11-01,"pet","SEDG",63.8
1966-11-01,"pet","WWP",65.3
1966-11-01,"pet","MCL",55.3
1966-11-01,"pet","BORR",46.1
1966-11-01,"pet","ANGELO",43
1966-12-01,"pet","SEDG",57
1966-12-01,"pet","WWP",47.7
1966-12-01,"pet","MCL",36.2
1966-12-01,"pet","BORR",28.4
1966-12-01,"pet","ANGELO",29.3
1967-01-01,"pet","SEDG",58.6
1967-01-01,"pet","WWP",52
1967-01-01,"pet","MCL",43.4
1967-01-01,"pet","BORR",34.1
1967-01-01,"pet","ANGELO",33.1
1967-02-01,"pet","SEDG",71.5
1967-02-01,"pet","WWP",61.4
1967-02-01,"pet","MCL",48.9
1967-02-01,"pet","BORR",49.9
1967-02-01,"pet","ANGELO",47.9
1967-03-01,"pet","SEDG",83.3
1967-03-01,"pet","WWP",75.7
1967-03-01,"pet","MCL",67.4
1967-03-01,"pet","BORR",64.5
1967-03-01,"pet","ANGELO",58.3
1967-04-01,"pet","SEDG",83.9
1967-04-01,"pet","WWP",48.6
1967-04-01,"pet","MCL",62.7
1967-04-01,"pet","BORR",55.5
1967-04-01,"pet","ANGELO",59.1
1967-05-01,"pet","SEDG",145.8
1967-05-01,"pet","WWP",129
1967-05-01,"pet","MCL",137
1967-05-01,"pet","BORR",140.1
1967-05-01,"pet","ANGELO",119
1967-06-01,"pet","SEDG",142.3
1967-06-01,"pet","WWP",152
1967-06-01,"pet","MCL",148.2
1967-06-01,"pet","BORR",151.4
1967-06-01,"pet","ANGELO",141.9
1967-07-01,"pet","SEDG",173.8
1967-07-01,"pet","WWP",190.2
1967-07-01,"pet","MCL",200
1967-07-01,"pet","BORR",208.5
1967-07-01,"pet","ANGELO",173.2
1967-08-01,"pet","SEDG",176.3
1967-08-01,"pet","WWP",188
1967-08-01,"pet","MCL",196.4
1967-08-01,"pet","BORR",197.5
1967-08-01,"pet","ANGELO",163.3
1967-09-01,"pet","SEDG",133.8
1967-09-01,"pet","WWP",135.3
1967-09-01,"pet","MCL",149.7
1967-09-01,"pet","BORR",144.1
1967-09-01,"pet","ANGELO",124.3
1967-10-01,"pet","SEDG",129.9
1967-10-01,"pet","WWP",120.1
1967-10-01,"pet","MCL",113.4
1967-10-01,"pet","BORR",99.6
1967-10-01,"pet","ANGELO",77.8
1967-11-01,"pet","SEDG",65.7
1967-11-01,"pet","WWP",73.9
1967-11-01,"pet","MCL",58.1
1967-11-01,"pet","BORR",53.2
1967-11-01,"pet","ANGELO",43.9
1967-12-01,"pet","SEDG",60.8
1967-12-01,"pet","WWP",54.1
1967-12-01,"pet","MCL",47.1
1967-12-01,"pet","BORR",46.9
1967-12-01,"pet","ANGELO",37.8
1968-01-01,"pet","SEDG",53.9
1968-01-01,"pet","WWP",58.8
1968-01-01,"pet","MCL",39.2
1968-01-01,"pet","BORR",32.5
1968-01-01,"pet","ANGELO",33
1968-02-01,"pet","SEDG",58.2
1968-02-01,"pet","WWP",59.3
1968-02-01,"pet","MCL",38.1
1968-02-01,"pet","BORR",33.5
1968-02-01,"pet","ANGELO",35
1968-03-01,"pet","SEDG",102.5
1968-03-01,"pet","WWP",92
1968-03-01,"pet","MCL",81.6
1968-03-01,"pet","BORR",78.7
1968-03-01,"pet","ANGELO",73.6
1968-04-01,"pet","SEDG",127
1968-04-01,"pet","WWP",127.2
1968-04-01,"pet","MCL",118.6
1968-04-01,"pet","BORR",127.2
1968-04-01,"pet","ANGELO",108.8
1968-05-01,"pet","SEDG",155.9
1968-05-01,"pet","WWP",157.3
1968-05-01,"pet","MCL",135.5
1968-05-01,"pet","BORR",138.1
1968-05-01,"pet","ANGELO",112.8
1968-06-01,"pet","SEDG",181.3
1968-06-01,"pet","WWP",192.7
1968-06-01,"pet","MCL",176.5
1968-06-01,"pet","BORR",190.9
1968-06-01,"pet","ANGELO",156.9
1968-07-01,"pet","SEDG",180.6
1968-07-01,"pet","WWP",196
1968-07-01,"pet","MCL",195.1
1968-07-01,"pet","BORR",198.8
1968-07-01,"pet","ANGELO",161
1968-08-01,"pet","SEDG",187
1968-08-01,"pet","WWP",185.7
1968-08-01,"pet","MCL",173.8
1968-08-01,"pet","BORR",166.6
1968-08-01,"pet","ANGELO",129.1
1968-09-01,"pet","SEDG",153.1
1968-09-01,"pet","WWP",155.1
1968-09-01,"pet","MCL",147.2
1968-09-01,"pet","BORR",146.4
1968-09-01,"pet","ANGELO",113.2
1968-10-01,"pet","SEDG",103.8
1968-10-01,"pet","WWP",102
1968-10-01,"pet","MCL",94.9
1968-10-01,"pet","BORR",86.3
1968-10-01,"pet","ANGELO",71.2
1968-11-01,"pet","SEDG",76.3
1968-11-01,"pet","WWP",64.5
1968-11-01,"pet","MCL",51
1968-11-01,"pet","BORR",38.6
1968-11-01,"pet","ANGELO",33
1968-12-01,"pet","SEDG",60.1
1968-12-01,"pet","WWP",55.9
1968-12-01,"pet","MCL",37.6
1968-12-01,"pet","BORR",25.3
1968-12-01,"pet","ANGELO",28.6
1969-01-01,"pet","SEDG",51.5
1969-01-01,"pet","WWP",46.5
1969-01-01,"pet","MCL",39.3
1969-01-01,"pet","BORR",27.7
1969-01-01,"pet","ANGELO",28.3
1969-02-01,"pet","SEDG",50.7
1969-02-01,"pet","WWP",41.2
1969-02-01,"pet","MCL",34.4
1969-02-01,"pet","BORR",25.6
1969-02-01,"pet","ANGELO",27.6
1969-03-01,"pet","SEDG",96.1
1969-03-01,"pet","WWP",76.6
1969-03-01,"pet","MCL",76.1
1969-03-01,"pet","BORR",74.2
1969-03-01,"pet","ANGELO",68.7
1969-04-01,"pet","SEDG",118.5
1969-04-01,"pet","WWP",99.6
1969-04-01,"pet","MCL",97.6
1969-04-01,"pet","BORR",94.7
1969-04-01,"pet","ANGELO",82.1
1969-05-01,"pet","SEDG",146.7
1969-05-01,"pet","WWP",148.9
1969-05-01,"pet","MCL",143.6
1969-05-01,"pet","BORR",154.8
1969-05-01,"pet","ANGELO",122.6
1969-06-01,"pet","SEDG",152.7
1969-06-01,"pet","WWP",155.8
1969-06-01,"pet","MCL",147
1969-06-01,"pet","BORR",156.8
1969-06-01,"pet","ANGELO",122.9
1969-07-01,"pet","SEDG",176.3
1969-07-01,"pet","WWP",187.3
1969-07-01,"pet","MCL",192.6
1969-07-01,"pet","BORR",203.5
1969-07-01,"pet","ANGELO",171.9
1969-08-01,"pet","SEDG",188.3
1969-08-01,"pet","WWP",196.3
1969-08-01,"pet","MCL",196.9
1969-08-01,"pet","BORR",199.5
1969-08-01,"pet","ANGELO",173.5
1969-09-01,"pet","SEDG",138.1
1969-09-01,"pet","WWP",149.5
1969-09-01,"pet","MCL",144.4
1969-09-01,"pet","BORR",137.5
1969-09-01,"pet","ANGELO",119.2
1969-10-01,"pet","SEDG",120.4
1969-10-01,"pet","WWP",111
1969-10-01,"pet","MCL",102.8
1969-10-01,"pet","BORR",95.7
1969-10-01,"pet","ANGELO",78.7
1969-11-01,"pet","SEDG",80.8
1969-11-01,"pet","WWP",76.7
1969-11-01,"pet","MCL",61.7
1969-11-01,"pet","BORR",52.3
1969-11-01,"pet","ANGELO",42.6
1969-12-01,"pet","SEDG",60.5
1969-12-01,"pet","WWP",56.2
1969-12-01,"pet","MCL",44.2
1969-12-01,"pet","BORR",31.8
1969-12-01,"pet","ANGELO",30.1
1970-01-01,"pet","SEDG",53.9
1970-01-01,"pet","WWP",57.6
1970-01-01,"pet","MCL",37.1
1970-01-01,"pet","BORR",27.7
1970-01-01,"pet","ANGELO",32.7
1970-02-01,"pet","SEDG",68.9
1970-02-01,"pet","WWP",67.3
1970-02-01,"pet","MCL",51.2
1970-02-01,"pet","BORR",44.5
1970-02-01,"pet","ANGELO",48.4
1970-03-01,"pet","SEDG",105.2
1970-03-01,"pet","WWP",92
1970-03-01,"pet","MCL",89.5
1970-03-01,"pet","BORR",89.8
1970-03-01,"pet","ANGELO",79.3
1970-04-01,"pet","SEDG",136.3
1970-04-01,"pet","WWP",114.5
1970-04-01,"pet","MCL",108.4
1970-04-01,"pet","BORR",110
1970-04-01,"pet","ANGELO",91.9
1970-05-01,"pet","SEDG",169.3
1970-05-01,"pet","WWP",170.3
1970-05-01,"pet","MCL",152
1970-05-01,"pet","BORR",163.5
1970-05-01,"pet","ANGELO",131.3
1970-06-01,"pet","SEDG",172.7
1970-06-01,"pet","WWP",182.4
1970-06-01,"pet","MCL",169.8
1970-06-01,"pet","BORR",176.6
1970-06-01,"pet","ANGELO",141
1970-07-01,"pet","SEDG",190.4
1970-07-01,"pet","WWP",198.9
1970-07-01,"pet","MCL",205.9
1970-07-01,"pet","BORR",211.9
1970-07-01,"pet","ANGELO",170.9
1970-08-01,"pet","SEDG",190.7
1970-08-01,"pet","WWP",193.1
1970-08-01,"pet","MCL",195.1
1970-08-01,"pet","BORR",190.6
1970-08-01,"pet","ANGELO",155.2
1970-09-01,"pet","SEDG",167.2
1970-09-01,"pet","WWP",165.5
1970-09-01,"pet","MCL",164.7
1970-09-01,"pet","BORR",156.5
1970-09-01,"pet","ANGELO",140
1970-10-01,"pet","SEDG",115.2
1970-10-01,"pet","WWP",117.9
1970-10-01,"pet","MCL",103.8
1970-10-01,"pet","BORR",95.7
1970-10-01,"pet","ANGELO",80.5
1970-11-01,"pet","SEDG",77.3
1970-11-01,"pet","WWP",79.4
1970-11-01,"pet","MCL",54.8
1970-11-01,"pet","BORR",38
1970-11-01,"pet","ANGELO",36
1970-12-01,"pet","SEDG",50.5
1970-12-01,"pet","WWP",43.5
1970-12-01,"pet","MCL",32.1
1970-12-01,"pet","BORR",22.2
1970-12-01,"pet","ANGELO",24.2
1971-01-01,"pet","SEDG",56.4
1971-01-01,"pet","WWP",47.8
1971-01-01,"pet","MCL",42.1
1971-01-01,"pet","BORR",37.2
1971-01-01,"pet","ANGELO",35.1
1971-02-01,"pet","SEDG",76.7
1971-02-01,"pet","WWP",57.3
1971-02-01,"pet","MCL",53.1
1971-02-01,"pet","BORR",51.4
1971-02-01,"pet","ANGELO",44.3
1971-03-01,"pet","SEDG",105.8
1971-03-01,"pet","WWP",91.2
1971-03-01,"pet","MCL",76.7
1971-03-01,"pet","BORR",72.7
1971-03-01,"pet","ANGELO",58.9
1971-04-01,"pet","SEDG",122.1
1971-04-01,"pet","WWP",110.2
1971-04-01,"pet","MCL",103.3
1971-04-01,"pet","BORR",100.5
1971-04-01,"pet","ANGELO",79.5
1971-05-01,"pet","SEDG",135.3
1971-05-01,"pet","WWP",122.1
1971-05-01,"pet","MCL",116.7
1971-05-01,"pet","BORR",126.5
1971-05-01,"pet","ANGELO",107.4
1971-06-01,"pet","SEDG",162.7
1971-06-01,"pet","WWP",165.6
1971-06-01,"pet","MCL",154.3
1971-06-01,"pet","BORR",171.4
1971-06-01,"pet","ANGELO",129.9
1971-07-01,"pet","SEDG",188.4
1971-07-01,"pet","WWP",196.4
1971-07-01,"pet","MCL",195.3
1971-07-01,"pet","BORR",208.1
1971-07-01,"pet","ANGELO",161.4
1971-08-01,"pet","SEDG",191.8
1971-08-01,"pet","WWP",190.7
1971-08-01,"pet","MCL",194.3
1971-08-01,"pet","BORR",197.2
1971-08-01,"pet","ANGELO",155.3
1971-09-01,"pet","SEDG",152.3
1971-09-01,"pet","WWP",151.6
1971-09-01,"pet","MCL",157.2
1971-09-01,"pet","BORR",154.8
1971-09-01,"pet","ANGELO",126.1
1971-10-01,"pet","SEDG",122.7
1971-10-01,"pet","WWP",111.1
1971-10-01,"pet","MCL",109.1
1971-10-01,"pet","BORR",97.1
1971-10-01,"pet","ANGELO",80.4
1971-11-01,"pet","SEDG",74.3
1971-11-01,"pet","WWP",71
1971-11-01,"pet","MCL",62.7
1971-11-01,"pet","BORR",53.8
1971-11-01,"pet","ANGELO",41.9
1971-12-01,"pet","SEDG",53.1
1971-12-01,"pet","WWP",36.5
1971-12-01,"pet","MCL",35.6
1971-12-01,"pet","BORR",28.2
1971-12-01,"pet","ANGELO",24.9
1972-01-01,"pet","SEDG",60.2
1972-01-01,"pet","WWP",46.9
1972-01-01,"pet","MCL",35.5
1972-01-01,"pet","BORR",34.2
1972-01-01,"pet","ANGELO",30.4
1972-02-01,"pet","SEDG",65.9
1972-02-01,"pet","WWP",61
1972-02-01,"pet","MCL",41.4
1972-02-01,"pet","BORR",35.2
1972-02-01,"pet","ANGELO",32.1
1972-03-01,"pet","SEDG",114.2
1972-03-01,"pet","WWP",106.3
1972-03-01,"pet","MCL",89
1972-03-01,"pet","BORR",85.7
1972-03-01,"pet","ANGELO",67.1
1972-04-01,"pet","SEDG",131
1972-04-01,"pet","WWP",123.6
1972-04-01,"pet","MCL",110.3
1972-04-01,"pet","BORR",108.8
1972-04-01,"pet","ANGELO",89.5
1972-05-01,"pet","SEDG",152.6
1972-05-01,"pet","WWP",154.3
1972-05-01,"pet","MCL",147.9
1972-05-01,"pet","BORR",147.3
1972-05-01,"pet","ANGELO",115.9
1972-06-01,"pet","SEDG",158.1
1972-06-01,"pet","WWP",156.3
1972-06-01,"pet","MCL",176.6
1972-06-01,"pet","BORR",184.7
1972-06-01,"pet","ANGELO",146.6
1972-07-01,"pet","SEDG",183.8
1972-07-01,"pet","WWP",198.1
1972-07-01,"pet","MCL",202.1
1972-07-01,"pet","BORR",205
1972-07-01,"pet","ANGELO",158.3
1972-08-01,"pet","SEDG",181
1972-08-01,"pet","WWP",183.9
1972-08-01,"pet","MCL",193.4
1972-08-01,"pet","BORR",194
1972-08-01,"pet","ANGELO",150
1972-09-01,"pet","SEDG",128.2
1972-09-01,"pet","WWP",133.7
1972-09-01,"pet","MCL",135.9
1972-09-01,"pet","BORR",126.7
1972-09-01,"pet","ANGELO",110.4
1972-10-01,"pet","SEDG",92.3
1972-10-01,"pet","WWP",90.6
1972-10-01,"pet","MCL",86.7
1972-10-01,"pet","BORR",70.2
1972-10-01,"pet","ANGELO",68.6
1972-11-01,"pet","SEDG",68.2
1972-11-01,"pet","WWP",57.7
1972-11-01,"pet","MCL",45.5
1972-11-01,"pet","BORR",34.5
1972-11-01,"pet","ANGELO",35.3
1972-12-01,"pet","SEDG",55.3
1972-12-01,"pet","WWP",44.4
1972-12-01,"pet","MCL",34.3
1972-12-01,"pet","BORR",27.8
1972-12-01,"pet","ANGELO",26.3
1973-01-01,"pet","SEDG",56.8
1973-01-01,"pet","WWP",47.5
1973-01-01,"pet","MCL",36.4
1973-01-01,"pet","BORR",28.4
1973-01-01,"pet","ANGELO",35
1973-02-01,"pet","SEDG",51.6
1973-02-01,"pet","WWP",46.2
1973-02-01,"pet","MCL",38.2
1973-02-01,"pet","BORR",28.8
1973-02-01,"pet","ANGELO",38.4
1973-03-01,"pet","SEDG",82.9
1973-03-01,"pet","WWP",60
1973-03-01,"pet","MCL",64.6
1973-03-01,"pet","BORR",67.2
1973-03-01,"pet","ANGELO",61.7
1973-04-01,"pet","SEDG",120.8
1973-04-01,"pet","WWP",103.7
1973-04-01,"pet","MCL",115.3
1973-04-01,"pet","BORR",125
1973-04-01,"pet","ANGELO",105.7
1973-05-01,"pet","SEDG",150
1973-05-01,"pet","WWP",156.6
1973-05-01,"pet","MCL",152.9
1973-05-01,"pet","BORR",166.6
1973-05-01,"pet","ANGELO",137.1
1973-06-01,"pet","SEDG",177.5
1973-06-01,"pet","WWP",185
1973-06-01,"pet","MCL",183.5
1973-06-01,"pet","BORR",197.1
1973-06-01,"pet","ANGELO",167.8
1973-07-01,"pet","SEDG",192.4
1973-07-01,"pet","WWP",204.1
1973-07-01,"pet","MCL",200.2
1973-07-01,"pet","BORR",211.1
1973-07-01,"pet","ANGELO",180.5
1973-08-01,"pet","SEDG",177.7
1973-08-01,"pet","WWP",185.1
1973-08-01,"pet","MCL",183.4
1973-08-01,"pet","BORR",187.8
1973-08-01,"pet","ANGELO",153.8
1973-09-01,"pet","SEDG",144
1973-09-01,"pet","WWP",150.1
1973-09-01,"pet","MCL",135.8
1973-09-01,"pet","BORR",138.5
1973-09-01,"pet","ANGELO",112.1
1973-10-01,"pet","SEDG",113.3
1973-10-01,"pet","WWP",111.8
1973-10-01,"pet","MCL",99.6
1973-10-01,"pet","BORR",88.4
1973-10-01,"pet","ANGELO",74.7
1973-11-01,"pet","SEDG",72.8
1973-11-01,"pet","WWP",69.1
1973-11-01,"pet","MCL",48.4
1973-11-01,"pet","BORR",31.3
1973-11-01,"pet","ANGELO",29.7
1973-12-01,"pet","SEDG",56.9
1973-12-01,"pet","WWP",53.1
1973-12-01,"pet","MCL",32.7
1973-12-01,"pet","BORR",23.2
1973-12-01,"pet","ANGELO",26
1974-01-01,"pet","SEDG",48.5
1974-01-01,"pet","WWP",44.5
1974-01-01,"pet","MCL",37.6
1974-01-01,"pet","BORR",32.9
1974-01-01,"pet","ANGELO",37.9
1974-02-01,"pet","SEDG",72.4
1974-02-01,"pet","WWP",64.8
1974-02-01,"pet","MCL",51.3
1974-02-01,"pet","BORR",48.1
1974-02-01,"pet","ANGELO",41
1974-03-01,"pet","SEDG",74.2
1974-03-01,"pet","WWP",71.5
1974-03-01,"pet","MCL",64.9
1974-03-01,"pet","BORR",59.9
1974-03-01,"pet","ANGELO",57.2
1974-04-01,"pet","SEDG",123
1974-04-01,"pet","WWP",116.2
1974-04-01,"pet","MCL",99.7
1974-04-01,"pet","BORR",97.6
1974-04-01,"pet","ANGELO",87.2
1974-05-01,"pet","SEDG",147.7
1974-05-01,"pet","WWP",158.4
1974-05-01,"pet","MCL",141.4
1974-05-01,"pet","BORR",154.2
1974-05-01,"pet","ANGELO",130.8
1974-06-01,"pet","SEDG",170.9
1974-06-01,"pet","WWP",190
1974-06-01,"pet","MCL",165.9
1974-06-01,"pet","BORR",187.1
1974-06-01,"pet","ANGELO",147.7
1974-07-01,"pet","SEDG",181
1974-07-01,"pet","WWP",188.7
1974-07-01,"pet","MCL",183.1
1974-07-01,"pet","BORR",193.2
1974-07-01,"pet","ANGELO",159
1974-08-01,"pet","SEDG",170.3
1974-08-01,"pet","WWP",191
1974-08-01,"pet","MCL",182.3
1974-08-01,"pet","BORR",181.2
1974-08-01,"pet","ANGELO",154.6
1974-09-01,"pet","SEDG",139.5
1974-09-01,"pet","WWP",155.1
1974-09-01,"pet","MCL",146.3
1974-09-01,"pet","BORR",144.4
1974-09-01,"pet","ANGELO",126
1974-10-01,"pet","SEDG",93.5
1974-10-01,"pet","WWP",96.8
1974-10-01,"pet","MCL",101.2
1974-10-01,"pet","BORR",98.7
1974-10-01,"pet","ANGELO",91.2
1974-11-01,"pet","SEDG",75.7
1974-11-01,"pet","WWP",71.7
1974-11-01,"pet","MCL",55.7
1974-11-01,"pet","BORR",44.9
1974-11-01,"pet","ANGELO",41.1
1974-12-01,"pet","SEDG",62.5
1974-12-01,"pet","WWP",50.2
1974-12-01,"pet","MCL",37.3
1974-12-01,"pet","BORR",30.3
1974-12-01,"pet","ANGELO",28.5
1975-01-01,"pet","SEDG",67.6
1975-01-01,"pet","WWP",55.8
1975-01-01,"pet","MCL",45.3
1975-01-01,"pet","BORR",38.4
1975-01-01,"pet","ANGELO",34.9
1975-02-01,"pet","SEDG",58.8
1975-02-01,"pet","WWP",52.7
1975-02-01,"pet","MCL",44.6
1975-02-01,"pet","BORR",37.9
1975-02-01,"pet","ANGELO",34.9
1975-03-01,"pet","SEDG",85.5
1975-03-01,"pet","WWP",74
1975-03-01,"pet","MCL",64.9
1975-03-01,"pet","BORR",61.7
1975-03-01,"pet","ANGELO",55.1
1975-04-01,"pet","SEDG",95.2
1975-04-01,"pet","WWP",76.7
1975-04-01,"pet","MCL",80.9
1975-04-01,"pet","BORR",85.4
1975-04-01,"pet","ANGELO",77.4
1975-05-01,"pet","SEDG",135.9
1975-05-01,"pet","WWP",148.9
1975-05-01,"pet","MCL",147.8
1975-05-01,"pet","BORR",169.9
1975-05-01,"pet","ANGELO",132.9
1975-06-01,"pet","SEDG",150.1
1975-06-01,"pet","WWP",180.3
1975-06-01,"pet","MCL",169.5
1975-06-01,"pet","BORR",197.3
1975-06-01,"pet","ANGELO",165.9
1975-07-01,"pet","SEDG",170.6
1975-07-01,"pet","WWP",191.4
1975-07-01,"pet","MCL",179.4
1975-07-01,"pet","BORR",197.2
1975-07-01,"pet","ANGELO",161
1975-08-01,"pet","SEDG",169.3
1975-08-01,"pet","WWP",185.1
1975-08-01,"pet","MCL",179.2
1975-08-01,"pet","BORR",182.8
1975-08-01,"pet","ANGELO",152.7
1975-09-01,"pet","SEDG",138.8
1975-09-01,"pet","WWP",144.2
1975-09-01,"pet","MCL",142
1975-09-01,"pet","BORR",135.1
1975-09-01,"pet","ANGELO",116.3
1975-10-01,"pet","SEDG",108.9
1975-10-01,"pet","WWP",104.4
1975-10-01,"pet","MCL",98
1975-10-01,"pet","BORR",85.8
1975-10-01,"pet","ANGELO",68.5
1975-11-01,"pet","SEDG",89.7
1975-11-01,"pet","WWP",75.4
1975-11-01,"pet","MCL",62.9
1975-11-01,"pet","BORR",52.4
1975-11-01,"pet","ANGELO",40.4
1975-12-01,"pet","SEDG",61.8
1975-12-01,"pet","WWP",56.4
1975-12-01,"pet","MCL",43.6
1975-12-01,"pet","BORR",34.9
1975-12-01,"pet","ANGELO",27.6
1976-01-01,"pet","SEDG",74.9
1976-01-01,"pet","WWP",66.6
1976-01-01,"pet","MCL",49.8
1976-01-01,"pet","BORR",42.9
1976-01-01,"pet","ANGELO",33.5
1976-02-01,"pet","SEDG",67
1976-02-01,"pet","WWP",58.2
1976-02-01,"pet","MCL",45.7
1976-02-01,"pet","BORR",51.2
1976-02-01,"pet","ANGELO",40
1976-03-01,"pet","SEDG",98.9
1976-03-01,"pet","WWP",85.7
1976-03-01,"pet","MCL",81.2
1976-03-01,"pet","BORR",86.8
1976-03-01,"pet","ANGELO",63
1976-04-01,"pet","SEDG",105.9
1976-04-01,"pet","WWP",91.5
1976-04-01,"pet","MCL",94.4
1976-04-01,"pet","BORR",94.8
1976-04-01,"pet","ANGELO",78.4
1976-05-01,"pet","SEDG",144.9
1976-05-01,"pet","WWP",149.1
1976-05-01,"pet","MCL",149.4
1976-05-01,"pet","BORR",171.2
1976-05-01,"pet","ANGELO",135.4
1976-06-01,"pet","SEDG",181.4
1976-06-01,"pet","WWP",176.6
1976-06-01,"pet","MCL",180.1
1976-06-01,"pet","BORR",200.6
1976-06-01,"pet","ANGELO",155.7
1976-07-01,"pet","SEDG",176.7
1976-07-01,"pet","WWP",186.4
1976-07-01,"pet","MCL",187
1976-07-01,"pet","BORR",203.6
1976-07-01,"pet","ANGELO",158.4
1976-08-01,"pet","SEDG",170.4
1976-08-01,"pet","WWP",173.8
1976-08-01,"pet","MCL",156.2
1976-08-01,"pet","BORR",160.3
1976-08-01,"pet","ANGELO",121.7
1976-09-01,"pet","SEDG",113.7
1976-09-01,"pet","WWP",112.9
1976-09-01,"pet","MCL",125.2
1976-09-01,"pet","BORR",124.5
1976-09-01,"pet","ANGELO",110.5
1976-10-01,"pet","SEDG",101.3
1976-10-01,"pet","WWP",96.8
1976-10-01,"pet","MCL",95
1976-10-01,"pet","BORR",93.1
1976-10-01,"pet","ANGELO",80.8
1976-11-01,"pet","SEDG",80.6
1976-11-01,"pet","WWP",74.7
1976-11-01,"pet","MCL",58.6
1976-11-01,"pet","BORR",55.4
1976-11-01,"pet","ANGELO",45.9
1976-12-01,"pet","SEDG",65.6
1976-12-01,"pet","WWP",69.7
1976-12-01,"pet","MCL",49.4
1976-12-01,"pet","BORR",44.5
1976-12-01,"pet","ANGELO",36.1
1977-01-01,"pet","SEDG",56.7
1977-01-01,"pet","WWP",48.1
1977-01-01,"pet","MCL",38.9
1977-01-01,"pet","BORR",34.8
1977-01-01,"pet","ANGELO",32.5
1977-02-01,"pet","SEDG",74.1
1977-02-01,"pet","WWP",66.5
1977-02-01,"pet","MCL",48.7
1977-02-01,"pet","BORR",48.4
1977-02-01,"pet","ANGELO",41.1
1977-03-01,"pet","SEDG",102.9
1977-03-01,"pet","WWP",79.6
1977-03-01,"pet","MCL",76
1977-03-01,"pet","BORR",79.3
1977-03-01,"pet","ANGELO",63.6
1977-04-01,"pet","SEDG",124.4
1977-04-01,"pet","WWP",123.8
1977-04-01,"pet","MCL",117.9
1977-04-01,"pet","BORR",126.3
1977-04-01,"pet","ANGELO",95.2
1977-05-01,"pet","SEDG",136.8
1977-05-01,"pet","WWP",119.6
1977-05-01,"pet","MCL",111
1977-05-01,"pet","BORR",116.8
1977-05-01,"pet","ANGELO",94.3
1977-06-01,"pet","SEDG",151.6
1977-06-01,"pet","WWP",168.5
1977-06-01,"pet","MCL",162.3
1977-06-01,"pet","BORR",183.3
1977-06-01,"pet","ANGELO",143.4
1977-07-01,"pet","SEDG",192.5
1977-07-01,"pet","WWP",196.7
1977-07-01,"pet","MCL",195.5
1977-07-01,"pet","BORR",214.5
1977-07-01,"pet","ANGELO",172.6
1977-08-01,"pet","SEDG",180.8
1977-08-01,"pet","WWP",176.6
1977-08-01,"pet","MCL",178.8
1977-08-01,"pet","BORR",189.5
1977-08-01,"pet","ANGELO",140.7
1977-09-01,"pet","SEDG",136.8
1977-09-01,"pet","WWP",144.1
1977-09-01,"pet","MCL",136.5
1977-09-01,"pet","BORR",130.1
1977-09-01,"pet","ANGELO",109.3
1977-10-01,"pet","SEDG",112.4
1977-10-01,"pet","WWP",108.6
1977-10-01,"pet","MCL",96.9
1977-10-01,"pet","BORR",84.4
1977-10-01,"pet","ANGELO",67.1
1977-11-01,"pet","SEDG",98
1977-11-01,"pet","WWP",81
1977-11-01,"pet","MCL",64
1977-11-01,"pet","BORR",49.9
1977-11-01,"pet","ANGELO",38.5
1977-12-01,"pet","SEDG",68.9
1977-12-01,"pet","WWP",58.4
1977-12-01,"pet","MCL",37
1977-12-01,"pet","BORR",25
1977-12-01,"pet","ANGELO",27.2
1978-01-01,"pet","SEDG",47.4
1978-01-01,"pet","WWP",43.2
1978-01-01,"pet","MCL",33.4
1978-01-01,"pet","BORR",24.3
1978-01-01,"pet","ANGELO",31
1978-02-01,"pet","SEDG",55.7
1978-02-01,"pet","WWP",48
1978-02-01,"pet","MCL",40
1978-02-01,"pet","BORR",34.3
1978-02-01,"pet","ANGELO",38.3
1978-03-01,"pet","SEDG",83.5
1978-03-01,"pet","WWP",69.7
1978-03-01,"pet","MCL",63.7
1978-03-01,"pet","BORR",61
1978-03-01,"pet","ANGELO",63.6
1978-04-01,"pet","SEDG",98.5
1978-04-01,"pet","WWP",80.7
1978-04-01,"pet","MCL",85.2
1978-04-01,"pet","BORR",81.2
1978-04-01,"pet","ANGELO",74.9
1978-05-01,"pet","SEDG",168
1978-05-01,"pet","WWP",151.8
1978-05-01,"pet","MCL",159.3
1978-05-01,"pet","BORR",165
1978-05-01,"pet","ANGELO",129.4
1978-06-01,"pet","SEDG",177.6
1978-06-01,"pet","WWP",175.2
1978-06-01,"pet","MCL",164
1978-06-01,"pet","BORR",182.6
1978-06-01,"pet","ANGELO",141.4
1978-07-01,"pet","SEDG",190.6
1978-07-01,"pet","WWP",194.2
1978-07-01,"pet","MCL",188.4
1978-07-01,"pet","BORR",207.9
1978-07-01,"pet","ANGELO",164.5
1978-08-01,"pet","SEDG",167.5
1978-08-01,"pet","WWP",184.2
1978-08-01,"pet","MCL",186.4
1978-08-01,"pet","BORR",194.5
1978-08-01,"pet","ANGELO",161.2
1978-09-01,"pet","SEDG",148.3
1978-09-01,"pet","WWP",133
1978-09-01,"pet","MCL",143.7
1978-09-01,"pet","BORR",139.9
1978-09-01,"pet","ANGELO",108.9
1978-10-01,"pet","SEDG",106
1978-10-01,"pet","WWP",109.9
1978-10-01,"pet","MCL",102.6
1978-10-01,"pet","BORR",100.3
1978-10-01,"pet","ANGELO",82.4
1978-11-01,"pet","SEDG",71.7
1978-11-01,"pet","WWP",66.6
1978-11-01,"pet","MCL",56.1
1978-11-01,"pet","BORR",53.3
1978-11-01,"pet","ANGELO",44.5
1978-12-01,"pet","SEDG",57.6
1978-12-01,"pet","WWP",50.2
1978-12-01,"pet","MCL",41.4
1978-12-01,"pet","BORR",36.2
1978-12-01,"pet","ANGELO",29.1
1979-01-01,"pet","SEDG",53.2
1979-01-01,"pet","WWP",50.6
1979-01-01,"pet","MCL",39.6
1979-01-01,"pet","BORR",33.5
1979-01-01,"pet","ANGELO",35
1979-02-01,"pet","SEDG",56.6
1979-02-01,"pet","WWP",47.5
1979-02-01,"pet","MCL",39
1979-02-01,"pet","BORR",33.8
1979-02-01,"pet","ANGELO",33.8
1979-03-01,"pet","SEDG",76
1979-03-01,"pet","WWP",63.2
1979-03-01,"pet","MCL",60.9
1979-03-01,"pet","BORR",63.1
1979-03-01,"pet","ANGELO",59.4
1979-04-01,"pet","SEDG",120.7
1979-04-01,"pet","WWP",105.4
1979-04-01,"pet","MCL",93.8
1979-04-01,"pet","BORR",93.5
1979-04-01,"pet","ANGELO",76.6
1979-05-01,"pet","SEDG",146.4
1979-05-01,"pet","WWP",153.5
1979-05-01,"pet","MCL",148.6
1979-05-01,"pet","BORR",157.7
1979-05-01,"pet","ANGELO",123.8
1979-06-01,"pet","SEDG",187.5
1979-06-01,"pet","WWP",190.3
1979-06-01,"pet","MCL",189.4
1979-06-01,"pet","BORR",206.3
1979-06-01,"pet","ANGELO",162.6
1979-07-01,"pet","SEDG",194.1
1979-07-01,"pet","WWP",195.5
1979-07-01,"pet","MCL",192.6
1979-07-01,"pet","BORR",208.6
1979-07-01,"pet","ANGELO",158.1
1979-08-01,"pet","SEDG",184.5
1979-08-01,"pet","WWP",180.8
1979-08-01,"pet","MCL",180.2
1979-08-01,"pet","BORR",181.4
1979-08-01,"pet","ANGELO",146.9
1979-09-01,"pet","SEDG",158
1979-09-01,"pet","WWP",152.6
1979-09-01,"pet","MCL",149.7
1979-09-01,"pet","BORR",145.5
1979-09-01,"pet","ANGELO",117.2
1979-10-01,"pet","SEDG",106.9
1979-10-01,"pet","WWP",104.4
1979-10-01,"pet","MCL",96.4
1979-10-01,"pet","BORR",81.7
1979-10-01,"pet","ANGELO",66.7
1979-11-01,"pet","SEDG",75.9
1979-11-01,"pet","WWP",76.4
1979-11-01,"pet","MCL",53.6
1979-11-01,"pet","BORR",40.5
1979-11-01,"pet","ANGELO",36.7
1979-12-01,"pet","SEDG",70.9
1979-12-01,"pet","WWP",69.4
1979-12-01,"pet","MCL",53.2
1979-12-01,"pet","BORR",34.4
1979-12-01,"pet","ANGELO",36.5
1980-01-01,"pet","SEDG",46.4
1980-01-01,"pet","WWP",47.2
1980-01-01,"pet","MCL",36.7
1980-01-01,"pet","BORR",32.5
1980-01-01,"pet","ANGELO",35.7
1980-02-01,"pet","SEDG",62.2
1980-02-01,"pet","WWP",59.6
1980-02-01,"pet","MCL",43.7
1980-02-01,"pet","BORR",33.7
1980-02-01,"pet","ANGELO",37.1
1980-03-01,"pet","SEDG",94.1
1980-03-01,"pet","WWP",74.1
1980-03-01,"pet","MCL",76.3
1980-03-01,"pet","BORR",79.4
1980-03-01,"pet","ANGELO",70.3
1980-04-01,"pet","SEDG",116.4
1980-04-01,"pet","WWP",103.5
1980-04-01,"pet","MCL",94
1980-04-01,"pet","BORR",98.9
1980-04-01,"pet","ANGELO",83.9
1980-05-01,"pet","SEDG",128.5
1980-05-01,"pet","WWP",117.9
1980-05-01,"pet","MCL",121.7
1980-05-01,"pet","BORR",134
1980-05-01,"pet","ANGELO",110.7
1980-06-01,"pet","SEDG",168.9
1980-06-01,"pet","WWP",163.6
1980-06-01,"pet","MCL",151.2
1980-06-01,"pet","BORR",165.5
1980-06-01,"pet","ANGELO",127.6
1980-07-01,"pet","SEDG",187.4
1980-07-01,"pet","WWP",185.7
1980-07-01,"pet","MCL",180.7
1980-07-01,"pet","BORR",197.1
1980-07-01,"pet","ANGELO",157.6
1980-08-01,"pet","SEDG",171.6
1980-08-01,"pet","WWP",186.9
1980-08-01,"pet","MCL",179
1980-08-01,"pet","BORR",178.4
1980-08-01,"pet","ANGELO",155.7
1980-09-01,"pet","SEDG",140.3
1980-09-01,"pet","WWP",147.6
1980-09-01,"pet","MCL",134.6
1980-09-01,"pet","BORR",133
1980-09-01,"pet","ANGELO",114.4
1980-10-01,"pet","SEDG",124.3
1980-10-01,"pet","WWP",118.2
1980-10-01,"pet","MCL",102.9
1980-10-01,"pet","BORR",89.1
1980-10-01,"pet","ANGELO",78.5
1980-11-01,"pet","SEDG",92.5
1980-11-01,"pet","WWP",83.7
1980-11-01,"pet","MCL",63.9
1980-11-01,"pet","BORR",54
1980-11-01,"pet","ANGELO",40.4
1980-12-01,"pet","SEDG",70.2
1980-12-01,"pet","WWP",69.5
1980-12-01,"pet","MCL",43.3
1980-12-01,"pet","BORR",31.8
1980-12-01,"pet","ANGELO",29.1
1981-01-01,"pet","SEDG",57.5
1981-01-01,"pet","WWP",62.2
1981-01-01,"pet","MCL",40.4
1981-01-01,"pet","BORR",28.5
1981-01-01,"pet","ANGELO",34.7
1981-02-01,"pet","SEDG",63.3
1981-02-01,"pet","WWP",58.5
1981-02-01,"pet","MCL",46
1981-02-01,"pet","BORR",40.5
1981-02-01,"pet","ANGELO",43.2
1981-03-01,"pet","SEDG",83.6
1981-03-01,"pet","WWP",65.9
1981-03-01,"pet","MCL",62.9
1981-03-01,"pet","BORR",66.6
1981-03-01,"pet","ANGELO",64.7
1981-04-01,"pet","SEDG",116.1
1981-04-01,"pet","WWP",99.9
1981-04-01,"pet","MCL",106.8
1981-04-01,"pet","BORR",108.8
1981-04-01,"pet","ANGELO",94.7
1981-05-01,"pet","SEDG",153.2
1981-05-01,"pet","WWP",145.6
1981-05-01,"pet","MCL",137.6
1981-05-01,"pet","BORR",156
1981-05-01,"pet","ANGELO",122.2
1981-06-01,"pet","SEDG",197.7
1981-06-01,"pet","WWP",192.7
1981-06-01,"pet","MCL",196.2
1981-06-01,"pet","BORR",219.4
1981-06-01,"pet","ANGELO",165.1
1981-07-01,"pet","SEDG",186.4
1981-07-01,"pet","WWP",205.7
1981-07-01,"pet","MCL",202.9
1981-07-01,"pet","BORR",218.4
1981-07-01,"pet","ANGELO",178
1981-08-01,"pet","SEDG",184.5
1981-08-01,"pet","WWP",196.9
1981-08-01,"pet","MCL",186.3
1981-08-01,"pet","BORR",193.2
1981-08-01,"pet","ANGELO",158.6
1981-09-01,"pet","SEDG",141.9
1981-09-01,"pet","WWP",147.5
1981-09-01,"pet","MCL",139.4
1981-09-01,"pet","BORR",136.2
1981-09-01,"pet","ANGELO",121
1981-10-01,"pet","SEDG",105.2
1981-10-01,"pet","WWP",101.7
1981-10-01,"pet","MCL",95.3
1981-10-01,"pet","BORR",80.6
1981-10-01,"pet","ANGELO",67.3
1981-11-01,"pet","SEDG",66.1
1981-11-01,"pet","WWP",69.1
1981-11-01,"pet","MCL",49.4
1981-11-01,"pet","BORR",36.1
1981-11-01,"pet","ANGELO",34.4
1981-12-01,"pet","SEDG",62.9
1981-12-01,"pet","WWP",59.4
1981-12-01,"pet","MCL",33.6
1981-12-01,"pet","BORR",23.9
1981-12-01,"pet","ANGELO",27.7
1982-01-01,"pet","SEDG",58
1982-01-01,"pet","WWP",50.2
1982-01-01,"pet","MCL",38.4
1982-01-01,"pet","BORR",32.6
1982-01-01,"pet","ANGELO",32.2
1982-02-01,"pet","SEDG",56.5
1982-02-01,"pet","WWP",54.8
1982-02-01,"pet","MCL",43.9
1982-02-01,"pet","BORR",42.8
1982-02-01,"pet","ANGELO",41.6
1982-03-01,"pet","SEDG",76.2
1982-03-01,"pet","WWP",66.6
1982-03-01,"pet","MCL",56.1
1982-03-01,"pet","BORR",55.3
1982-03-01,"pet","ANGELO",55
1982-04-01,"pet","SEDG",107.4
1982-04-01,"pet","WWP",89.7
1982-04-01,"pet","MCL",88.5
1982-04-01,"pet","BORR",88.4
1982-04-01,"pet","ANGELO",80.8
1982-05-01,"pet","SEDG",131.7
1982-05-01,"pet","WWP",147.2
1982-05-01,"pet","MCL",141.9
1982-05-01,"pet","BORR",159.1
1982-05-01,"pet","ANGELO",150.5
1982-06-01,"pet","SEDG",143
1982-06-01,"pet","WWP",162.3
1982-06-01,"pet","MCL",145.1
1982-06-01,"pet","BORR",159.9
1982-06-01,"pet","ANGELO",130.6
1982-07-01,"pet","SEDG",183.5
1982-07-01,"pet","WWP",185.3
1982-07-01,"pet","MCL",180
1982-07-01,"pet","BORR",195.5
1982-07-01,"pet","ANGELO",159.6
1982-08-01,"pet","SEDG",182.7
1982-08-01,"pet","WWP",182.4
1982-08-01,"pet","MCL",180.7
1982-08-01,"pet","BORR",183.9
1982-08-01,"pet","ANGELO",148.4
1982-09-01,"pet","SEDG",136.7
1982-09-01,"pet","WWP",127.2
1982-09-01,"pet","MCL",130.1
1982-09-01,"pet","BORR",131.6
1982-09-01,"pet","ANGELO",115.6
1982-10-01,"pet","SEDG",119.5
1982-10-01,"pet","WWP",99.8
1982-10-01,"pet","MCL",91.4
1982-10-01,"pet","BORR",86.1
1982-10-01,"pet","ANGELO",71.9
1982-11-01,"pet","SEDG",65.2
1982-11-01,"pet","WWP",58.8
1982-11-01,"pet","MCL",45.4
1982-11-01,"pet","BORR",35.5
1982-11-01,"pet","ANGELO",35.7
1982-12-01,"pet","SEDG",56.6
1982-12-01,"pet","WWP",47.8
1982-12-01,"pet","MCL",36.5
1982-12-01,"pet","BORR",29.7
1982-12-01,"pet","ANGELO",28.3
1983-01-01,"pet","SEDG",61.4
1983-01-01,"pet","WWP",55.4
1983-01-01,"pet","MCL",40.7
1983-01-01,"pet","BORR",30.1
1983-01-01,"pet","ANGELO",34.3
1983-02-01,"pet","SEDG",56.3
1983-02-01,"pet","WWP",51.6
1983-02-01,"pet","MCL",38.7
1983-02-01,"pet","BORR",27.8
1983-02-01,"pet","ANGELO",34.1
1983-03-01,"pet","SEDG",75.9
1983-03-01,"pet","WWP",60
1983-03-01,"pet","MCL",57.4
1983-03-01,"pet","BORR",45.8
1983-03-01,"pet","ANGELO",48.6
1983-04-01,"pet","SEDG",97.3
1983-04-01,"pet","WWP",79.5
1983-04-01,"pet","MCL",83.4
1983-04-01,"pet","BORR",72.8
1983-04-01,"pet","ANGELO",75.7
1983-05-01,"pet","SEDG",148.6
1983-05-01,"pet","WWP",144.3
1983-05-01,"pet","MCL",132.6
1983-05-01,"pet","BORR",132
1983-05-01,"pet","ANGELO",112.5
1983-06-01,"pet","SEDG",156
1983-06-01,"pet","WWP",174.7
1983-06-01,"pet","MCL",159.9
1983-06-01,"pet","BORR",168.9
1983-06-01,"pet","ANGELO",143
1983-07-01,"pet","SEDG",190.4
1983-07-01,"pet","WWP",194.5
1983-07-01,"pet","MCL",184.2
1983-07-01,"pet","BORR",194
1983-07-01,"pet","ANGELO",150.7
1983-08-01,"pet","SEDG",173
1983-08-01,"pet","WWP",156.9
1983-08-01,"pet","MCL",174.2
1983-08-01,"pet","BORR",173.3
1983-08-01,"pet","ANGELO",130
1983-09-01,"pet","SEDG",140.3
1983-09-01,"pet","WWP",136.5
1983-09-01,"pet","MCL",143.4
1983-09-01,"pet","BORR",131
1983-09-01,"pet","ANGELO",107
1983-10-01,"pet","SEDG",109
1983-10-01,"pet","WWP",93.3
1983-10-01,"pet","MCL",94.2
1983-10-01,"pet","BORR",80.2
1983-10-01,"pet","ANGELO",69.7
1983-11-01,"pet","SEDG",71.6
1983-11-01,"pet","WWP",60.4
1983-11-01,"pet","MCL",51.1
1983-11-01,"pet","BORR",35.9
1983-11-01,"pet","ANGELO",36.9
1983-12-01,"pet","SEDG",56.2
1983-12-01,"pet","WWP",46.9
1983-12-01,"pet","MCL",31
1983-12-01,"pet","BORR",19.7
1983-12-01,"pet","ANGELO",23
1984-01-01,"pet","SEDG",62.5
1984-01-01,"pet","WWP",54.9
1984-01-01,"pet","MCL",37.2
1984-01-01,"pet","BORR",34.4
1984-01-01,"pet","ANGELO",34.2
1984-02-01,"pet","SEDG",75.1
1984-02-01,"pet","WWP",67
1984-02-01,"pet","MCL",44.7
1984-02-01,"pet","BORR",41.6
1984-02-01,"pet","ANGELO",38.8
1984-03-01,"pet","SEDG",118.5
1984-03-01,"pet","WWP",98.7
1984-03-01,"pet","MCL",82.9
1984-03-01,"pet","BORR",85.1
1984-03-01,"pet","ANGELO",69.7
1984-04-01,"pet","SEDG",141.9
1984-04-01,"pet","WWP",118.3
1984-04-01,"pet","MCL",102.2
1984-04-01,"pet","BORR",105.9
1984-04-01,"pet","ANGELO",81.9
1984-05-01,"pet","SEDG",187.5
1984-05-01,"pet","WWP",166.9
1984-05-01,"pet","MCL",158.9
1984-05-01,"pet","BORR",169.7
1984-05-01,"pet","ANGELO",119.1
1984-06-01,"pet","SEDG",174.1
1984-06-01,"pet","WWP",179.8
1984-06-01,"pet","MCL",169.9
1984-06-01,"pet","BORR",190.6
1984-06-01,"pet","ANGELO",148.3
1984-07-01,"pet","SEDG",184.3
1984-07-01,"pet","WWP",176.4
1984-07-01,"pet","MCL",199.9
1984-07-01,"pet","BORR",213.2
1984-07-01,"pet","ANGELO",174.5
1984-08-01,"pet","SEDG",175.3
1984-08-01,"pet","WWP",172.5
1984-08-01,"pet","MCL",191.1
1984-08-01,"pet","BORR",190.8
1984-08-01,"pet","ANGELO",156
1984-09-01,"pet","SEDG",144.8
1984-09-01,"pet","WWP",139.6
1984-09-01,"pet","MCL",158
1984-09-01,"pet","BORR",151.1
1984-09-01,"pet","ANGELO",133.5
1984-10-01,"pet","SEDG",122
1984-10-01,"pet","WWP",102
1984-10-01,"pet","MCL",95.7
1984-10-01,"pet","BORR",79.9
1984-10-01,"pet","ANGELO",66.5
1984-11-01,"pet","SEDG",66
1984-11-01,"pet","WWP",63.3
1984-11-01,"pet","MCL",46.4
1984-11-01,"pet","BORR",33.1
1984-11-01,"pet","ANGELO",33.1
1984-12-01,"pet","SEDG",51.1
1984-12-01,"pet","WWP",43.1
1984-12-01,"pet","MCL",33.1
1984-12-01,"pet","BORR",25.2
1984-12-01,"pet","ANGELO",28
1985-01-01,"pet","SEDG",54.3
1985-01-01,"pet","WWP",50.9
1985-01-01,"pet","MCL",35.5
1985-01-01,"pet","BORR",31.8
1985-01-01,"pet","ANGELO",33.1
1985-02-01,"pet","SEDG",65.7
1985-02-01,"pet","WWP",63.5
1985-02-01,"pet","MCL",51.1
1985-02-01,"pet","BORR",54.9
1985-02-01,"pet","ANGELO",51.1
1985-03-01,"pet","SEDG",89.1
1985-03-01,"pet","WWP",81.8
1985-03-01,"pet","MCL",70
1985-03-01,"pet","BORR",73.5
1985-03-01,"pet","ANGELO",63.8
1985-04-01,"pet","SEDG",128.7
1985-04-01,"pet","WWP",128.4
1985-04-01,"pet","MCL",109.1
1985-04-01,"pet","BORR",115.4
1985-04-01,"pet","ANGELO",92.9
1985-05-01,"pet","SEDG",147.6
1985-05-01,"pet","WWP",154.9
1985-05-01,"pet","MCL",139.9
1985-05-01,"pet","BORR",155.7
1985-05-01,"pet","ANGELO",116.8
1985-06-01,"pet","SEDG",169
1985-06-01,"pet","WWP",184.1
1985-06-01,"pet","MCL",176.7
1985-06-01,"pet","BORR",199.4
1985-06-01,"pet","ANGELO",152.4
1985-07-01,"pet","SEDG",199.3
1985-07-01,"pet","WWP",194.5
1985-07-01,"pet","MCL",203.4
1985-07-01,"pet","BORR",211.8
1985-07-01,"pet","ANGELO",162.1
1985-08-01,"pet","SEDG",184.7
1985-08-01,"pet","WWP",191.6
1985-08-01,"pet","MCL",184
1985-08-01,"pet","BORR",184.9
1985-08-01,"pet","ANGELO",154.6
1985-09-01,"pet","SEDG",130.1
1985-09-01,"pet","WWP",127.5
1985-09-01,"pet","MCL",124.2
1985-09-01,"pet","BORR",117.1
1985-09-01,"pet","ANGELO",100.5
1985-10-01,"pet","SEDG",111.5
1985-10-01,"pet","WWP",104.2
1985-10-01,"pet","MCL",95.6
1985-10-01,"pet","BORR",93.8
1985-10-01,"pet","ANGELO",82.3
1985-11-01,"pet","SEDG",71.5
1985-11-01,"pet","WWP",63.6
1985-11-01,"pet","MCL",51.2
1985-11-01,"pet","BORR",43.8
1985-11-01,"pet","ANGELO",37.8
1985-12-01,"pet","SEDG",58.2
1985-12-01,"pet","WWP",54.9
1985-12-01,"pet","MCL",38.7
1985-12-01,"pet","BORR",32.3
1985-12-01,"pet","ANGELO",29.7
1986-01-01,"pet","SEDG",64.3
1986-01-01,"pet","WWP",67.4
1986-01-01,"pet","MCL",38.8
1986-01-01,"pet","BORR",27.3
1986-01-01,"pet","ANGELO",35.5
1986-02-01,"pet","SEDG",59.2
1986-02-01,"pet","WWP",51.4
1986-02-01,"pet","MCL",46.6
1986-02-01,"pet","BORR",38.8
1986-02-01,"pet","ANGELO",38.6
1986-03-01,"pet","SEDG",82.8
1986-03-01,"pet","WWP",71.6
1986-03-01,"pet","MCL",75.3
1986-03-01,"pet","BORR",72.8
1986-03-01,"pet","ANGELO",69.5
1986-04-01,"pet","SEDG",117.6
1986-04-01,"pet","WWP",106.3
1986-04-01,"pet","MCL",98.6
1986-04-01,"pet","BORR",102.1
1986-04-01,"pet","ANGELO",90.6
1986-05-01,"pet","SEDG",157
1986-05-01,"pet","WWP",162.5
1986-05-01,"pet","MCL",143
1986-05-01,"pet","BORR",154.8
1986-05-01,"pet","ANGELO",115.1
1986-06-01,"pet","SEDG",168.9
1986-06-01,"pet","WWP",183.8
1986-06-01,"pet","MCL",166.4
1986-06-01,"pet","BORR",187.7
1986-06-01,"pet","ANGELO",141.8
1986-07-01,"pet","SEDG",170.5
1986-07-01,"pet","WWP",190
1986-07-01,"pet","MCL",184.8
1986-07-01,"pet","BORR",197.7
1986-07-01,"pet","ANGELO",168.4
1986-08-01,"pet","SEDG",179.1
1986-08-01,"pet","WWP",189.8
1986-08-01,"pet","MCL",180.7
1986-08-01,"pet","BORR",182.2
1986-08-01,"pet","ANGELO",149.2
1986-09-01,"pet","SEDG",129.1
1986-09-01,"pet","WWP",133.2
1986-09-01,"pet","MCL",123.1
1986-09-01,"pet","BORR",117.2
1986-09-01,"pet","ANGELO",100.8
1986-10-01,"pet","SEDG",100.1
1986-10-01,"pet","WWP",103.2
1986-10-01,"pet","MCL",94.8
1986-10-01,"pet","BORR",88.7
1986-10-01,"pet","ANGELO",69.3
1986-11-01,"pet","SEDG",85.9
1986-11-01,"pet","WWP",77.1
1986-11-01,"pet","MCL",70.1
1986-11-01,"pet","BORR",65.7
1986-11-01,"pet","ANGELO",43.2
1986-12-01,"pet","SEDG",52.7
1986-12-01,"pet","WWP",50.6
1986-12-01,"pet","MCL",38.2
1986-12-01,"pet","BORR",30.8
1986-12-01,"pet","ANGELO",27.5
1987-01-01,"pet","SEDG",58
1987-01-01,"pet","WWP",50
1987-01-01,"pet","MCL",41.7
1987-01-01,"pet","BORR",35.4
1987-01-01,"pet","ANGELO",36.1
1987-02-01,"pet","SEDG",67
1987-02-01,"pet","WWP",56.5
1987-02-01,"pet","MCL",50.1
1987-02-01,"pet","BORR",49.9
1987-02-01,"pet","ANGELO",49
1987-03-01,"pet","SEDG",90
1987-03-01,"pet","WWP",77.1
1987-03-01,"pet","MCL",72.9
1987-03-01,"pet","BORR",72.8
1987-03-01,"pet","ANGELO",67.1
1987-04-01,"pet","SEDG",131.6
1987-04-01,"pet","WWP",125.8
1987-04-01,"pet","MCL",118.3
1987-04-01,"pet","BORR",122.3
1987-04-01,"pet","ANGELO",97.8
1987-05-01,"pet","SEDG",146.4
1987-05-01,"pet","WWP",131.3
1987-05-01,"pet","MCL",140.5
1987-05-01,"pet","BORR",154.4
1987-05-01,"pet","ANGELO",128.1
1987-06-01,"pet","SEDG",160.8
1987-06-01,"pet","WWP",166.4
1987-06-01,"pet","MCL",169.6
1987-06-01,"pet","BORR",188.7
1987-06-01,"pet","ANGELO",150.5
1987-07-01,"pet","SEDG",169.9
1987-07-01,"pet","WWP",184.6
1987-07-01,"pet","MCL",177
1987-07-01,"pet","BORR",192.9
1987-07-01,"pet","ANGELO",150.4
1987-08-01,"pet","SEDG",168.3
1987-08-01,"pet","WWP",186.8
1987-08-01,"pet","MCL",178.8
1987-08-01,"pet","BORR",183.2
1987-08-01,"pet","ANGELO",152.7
1987-09-01,"pet","SEDG",148.6
1987-09-01,"pet","WWP",149.3
1987-09-01,"pet","MCL",142.9
1987-09-01,"pet","BORR",140.3
1987-09-01,"pet","ANGELO",120.7
1987-10-01,"pet","SEDG",97.7
1987-10-01,"pet","WWP",101.4
1987-10-01,"pet","MCL",94.3
1987-10-01,"pet","BORR",83.5
1987-10-01,"pet","ANGELO",74.8
1987-11-01,"pet","SEDG",73.6
1987-11-01,"pet","WWP",59.5
1987-11-01,"pet","MCL",52.2
1987-11-01,"pet","BORR",43.7
1987-11-01,"pet","ANGELO",41.4
1987-12-01,"pet","SEDG",56.8
1987-12-01,"pet","WWP",40.1
1987-12-01,"pet","MCL",40.8
1987-12-01,"pet","BORR",32.2
1987-12-01,"pet","ANGELO",32.6
1988-01-01,"pet","SEDG",60.2
1988-01-01,"pet","WWP",50.6
1988-01-01,"pet","MCL",38.8
1988-01-01,"pet","BORR",30.3
1988-01-01,"pet","ANGELO",33.2
1988-02-01,"pet","SEDG",76.7
1988-02-01,"pet","WWP",66.8
1988-02-01,"pet","MCL",58.3
1988-02-01,"pet","BORR",57.9
1988-02-01,"pet","ANGELO",51.5
1988-03-01,"pet","SEDG",126
1988-03-01,"pet","WWP",104.1
1988-03-01,"pet","MCL",98
1988-03-01,"pet","BORR",104.9
1988-03-01,"pet","ANGELO",85.5
1988-04-01,"pet","SEDG",122.4
1988-04-01,"pet","WWP",106.9
1988-04-01,"pet","MCL",103.2
1988-04-01,"pet","BORR",101.2
1988-04-01,"pet","ANGELO",85.7
1988-05-01,"pet","SEDG",167.3
1988-05-01,"pet","WWP",146.9
1988-05-01,"pet","MCL",135.6
1988-05-01,"pet","BORR",136.7
1988-05-01,"pet","ANGELO",107.3
1988-06-01,"pet","SEDG",160.5
1988-06-01,"pet","WWP",156.5
1988-06-01,"pet","MCL",160.7
1988-06-01,"pet","BORR",173.1
1988-06-01,"pet","ANGELO",128.4
1988-07-01,"pet","SEDG",174.1
1988-07-01,"pet","WWP",188.8
1988-07-01,"pet","MCL",200.8
1988-07-01,"pet","BORR",217.7
1988-07-01,"pet","ANGELO",181
1988-08-01,"pet","SEDG",170.2
1988-08-01,"pet","WWP",180.9
1988-08-01,"pet","MCL",185.7
1988-08-01,"pet","BORR",190.2
1988-08-01,"pet","ANGELO",152.8
1988-09-01,"pet","SEDG",140.2
1988-09-01,"pet","WWP",146.4
1988-09-01,"pet","MCL",147.8
1988-09-01,"pet","BORR",153.7
1988-09-01,"pet","ANGELO",129.4
1988-10-01,"pet","SEDG",103.6
1988-10-01,"pet","WWP",112
1988-10-01,"pet","MCL",95.8
1988-10-01,"pet","BORR",89.2
1988-10-01,"pet","ANGELO",76.4
1988-11-01,"pet","SEDG",80.5
1988-11-01,"pet","WWP",72.5
1988-11-01,"pet","MCL",51.1
1988-11-01,"pet","BORR",42.2
1988-11-01,"pet","ANGELO",35.6
1988-12-01,"pet","SEDG",62.1
1988-12-01,"pet","WWP",55.4
1988-12-01,"pet","MCL",42.2
1988-12-01,"pet","BORR",35.8
1988-12-01,"pet","ANGELO",31.9
1989-01-01,"pet","SEDG",63.2
1989-01-01,"pet","WWP",51.7
1989-01-01,"pet","MCL",41.4
1989-01-01,"pet","BORR",37.6
1989-01-01,"pet","ANGELO",33.7
1989-02-01,"pet","SEDG",61
1989-02-01,"pet","WWP",49
1989-02-01,"pet","MCL",42.8
1989-02-01,"pet","BORR",41.7
1989-02-01,"pet","ANGELO",39.1
1989-03-01,"pet","SEDG",99.8
1989-03-01,"pet","WWP",85.8
1989-03-01,"pet","MCL",62.2
1989-03-01,"pet","BORR",52.3
1989-03-01,"pet","ANGELO",48.2
1989-04-01,"pet","SEDG",134.1
1989-04-01,"pet","WWP",124.7
1989-04-01,"pet","MCL",109.3
1989-04-01,"pet","BORR",104.4
1989-04-01,"pet","ANGELO",89.6
1989-05-01,"pet","SEDG",159.6
1989-05-01,"pet","WWP",144.6
1989-05-01,"pet","MCL",137.1
1989-05-01,"pet","BORR",145.6
1989-05-01,"pet","ANGELO",119.1
1989-06-01,"pet","SEDG",166.9
1989-06-01,"pet","WWP",174.5
1989-06-01,"pet","MCL",163.5
1989-06-01,"pet","BORR",180.1
1989-06-01,"pet","ANGELO",138.5
1989-07-01,"pet","SEDG",194.2
1989-07-01,"pet","WWP",199.7
1989-07-01,"pet","MCL",195.3
1989-07-01,"pet","BORR",212.4
1989-07-01,"pet","ANGELO",164.4
1989-08-01,"pet","SEDG",167.6
1989-08-01,"pet","WWP",182.4
1989-08-01,"pet","MCL",177.6
1989-08-01,"pet","BORR",183.2
1989-08-01,"pet","ANGELO",150.8
1989-09-01,"pet","SEDG",141.7
1989-09-01,"pet","WWP",143
1989-09-01,"pet","MCL",128.8
1989-09-01,"pet","BORR",118.3
1989-09-01,"pet","ANGELO",107.9
1989-10-01,"pet","SEDG",109.7
1989-10-01,"pet","WWP",108.9
1989-10-01,"pet","MCL",95.2
1989-10-01,"pet","BORR",77.5
1989-10-01,"pet","ANGELO",75.5
1989-11-01,"pet","SEDG",82.8
1989-11-01,"pet","WWP",85.3
1989-11-01,"pet","MCL",60.5
1989-11-01,"pet","BORR",49.9
1989-11-01,"pet","ANGELO",44
1989-12-01,"pet","SEDG",66.3
1989-12-01,"pet","WWP",72.6
1989-12-01,"pet","MCL",46.4
1989-12-01,"pet","BORR",38.7
1989-12-01,"pet","ANGELO",30.7
1990-01-01,"pet","SEDG",66.1
1990-01-01,"pet","WWP",56.9
1990-01-01,"pet","MCL",39.9
1990-01-01,"pet","BORR",31.2
1990-01-01,"pet","ANGELO",31
1990-02-01,"pet","SEDG",69.3
1990-02-01,"pet","WWP",56.7
1990-02-01,"pet","MCL",47.4
1990-02-01,"pet","BORR",45
1990-02-01,"pet","ANGELO",37.4
1990-03-01,"pet","SEDG",93.9
1990-03-01,"pet","WWP",88.2
1990-03-01,"pet","MCL",73.3
1990-03-01,"pet","BORR",77.7
1990-03-01,"pet","ANGELO",63.2
1990-04-01,"pet","SEDG",117.1
1990-04-01,"pet","WWP",116.4
1990-04-01,"pet","MCL",107.6
1990-04-01,"pet","BORR",110.5
1990-04-01,"pet","ANGELO",86.9
1990-05-01,"pet","SEDG",146.3
1990-05-01,"pet","WWP",155.4
1990-05-01,"pet","MCL",134.3
1990-05-01,"pet","BORR",138.1
1990-05-01,"pet","ANGELO",112.5
1990-06-01,"pet","SEDG",183.9
1990-06-01,"pet","WWP",176.9
1990-06-01,"pet","MCL",168.8
1990-06-01,"pet","BORR",182.7
1990-06-01,"pet","ANGELO",133.4
1990-07-01,"pet","SEDG",186
1990-07-01,"pet","WWP",194.9
1990-07-01,"pet","MCL",191.1
1990-07-01,"pet","BORR",200.6
1990-07-01,"pet","ANGELO",153.6
1990-08-01,"pet","SEDG",176.5
1990-08-01,"pet","WWP",184.4
1990-08-01,"pet","MCL",181.9
1990-08-01,"pet","BORR",183.7
1990-08-01,"pet","ANGELO",139.3
1990-09-01,"pet","SEDG",144.4
1990-09-01,"pet","WWP",141.9
1990-09-01,"pet","MCL",137
1990-09-01,"pet","BORR",142.5
1990-09-01,"pet","ANGELO",112.4
1990-10-01,"pet","SEDG",115.4
1990-10-01,"pet","WWP",117.7
1990-10-01,"pet","MCL",109.1
1990-10-01,"pet","BORR",108.4
1990-10-01,"pet","ANGELO",86.6
1990-11-01,"pet","SEDG",93.2
1990-11-01,"pet","WWP",82.5
1990-11-01,"pet","MCL",69
1990-11-01,"pet","BORR",60.7
1990-11-01,"pet","ANGELO",44.7
1990-12-01,"pet","SEDG",72
1990-12-01,"pet","WWP",62.6
1990-12-01,"pet","MCL",45.1
1990-12-01,"pet","BORR",36.4
1990-12-01,"pet","ANGELO",29.6
1991-01-01,"pet","SEDG",57.4
1991-01-01,"pet","WWP",59.2
1991-01-01,"pet","MCL",44.8
1991-01-01,"pet","BORR",41.6
1991-01-01,"pet","ANGELO",34.8
1991-02-01,"pet","SEDG",74.1
1991-02-01,"pet","WWP",77.7
1991-02-01,"pet","MCL",54.3
1991-02-01,"pet","BORR",50.3
1991-02-01,"pet","ANGELO",43.6
1991-03-01,"pet","SEDG",76.8
1991-03-01,"pet","WWP",65.4
1991-03-01,"pet","MCL",60.5
1991-03-01,"pet","BORR",54.8
1991-03-01,"pet","ANGELO",55.2
1991-04-01,"pet","SEDG",122.4
1991-04-01,"pet","WWP",100
1991-04-01,"pet","MCL",98.2
1991-04-01,"pet","BORR",98.3
1991-04-01,"pet","ANGELO",79.6
1991-05-01,"pet","SEDG",152.6
1991-05-01,"pet","WWP",144.4
1991-05-01,"pet","MCL",130
1991-05-01,"pet","BORR",135.5
1991-05-01,"pet","ANGELO",108.4
1991-06-01,"pet","SEDG",147
1991-06-01,"pet","WWP",163.7
1991-06-01,"pet","MCL",153
1991-06-01,"pet","BORR",169.6
1991-06-01,"pet","ANGELO",141.6
1991-07-01,"pet","SEDG",161.1
1991-07-01,"pet","WWP",188.1
1991-07-01,"pet","MCL",187.1
1991-07-01,"pet","BORR",197.2
1991-07-01,"pet","ANGELO",161.8
1991-08-01,"pet","SEDG",169.9
1991-08-01,"pet","WWP",180
1991-08-01,"pet","MCL",172.7
1991-08-01,"pet","BORR",175.9
1991-08-01,"pet","ANGELO",138.2
1991-09-01,"pet","SEDG",131.9
1991-09-01,"pet","WWP",145
1991-09-01,"pet","MCL",142.8
1991-09-01,"pet","BORR",140.7
1991-09-01,"pet","ANGELO",121.4
1991-10-01,"pet","SEDG",114.5
1991-10-01,"pet","WWP",115.7
1991-10-01,"pet","MCL",114.4
1991-10-01,"pet","BORR",114.1
1991-10-01,"pet","ANGELO",97.2
1991-11-01,"pet","SEDG",92.4
1991-11-01,"pet","WWP",82.1
1991-11-01,"pet","MCL",71.9
1991-11-01,"pet","BORR",61.6
1991-11-01,"pet","ANGELO",47.1
1991-12-01,"pet","SEDG",64
1991-12-01,"pet","WWP",61.6
1991-12-01,"pet","MCL",51.1
1991-12-01,"pet","BORR",39.1
1991-12-01,"pet","ANGELO",31.9
1992-01-01,"pet","SEDG",61.5
1992-01-01,"pet","WWP",51.6
1992-01-01,"pet","MCL",39.1
1992-01-01,"pet","BORR",29.8
1992-01-01,"pet","ANGELO",33.3
1992-02-01,"pet","SEDG",59.1
1992-02-01,"pet","WWP",53.2
1992-02-01,"pet","MCL",43.2
1992-02-01,"pet","BORR",37.1
1992-02-01,"pet","ANGELO",41.7
1992-03-01,"pet","SEDG",73.3
1992-03-01,"pet","WWP",65.5
1992-03-01,"pet","MCL",62.6
1992-03-01,"pet","BORR",60.9
1992-03-01,"pet","ANGELO",63.3
1992-04-01,"pet","SEDG",130.8
1992-04-01,"pet","WWP",120.5
1992-04-01,"pet","MCL",110.6
1992-04-01,"pet","BORR",102.8
1992-04-01,"pet","ANGELO",85.6
1992-05-01,"pet","SEDG",139.1
1992-05-01,"pet","WWP",154.3
1992-05-01,"pet","MCL",159
1992-05-01,"pet","BORR",170.3
1992-05-01,"pet","ANGELO",139.5
1992-06-01,"pet","SEDG",155.7
1992-06-01,"pet","WWP",171.8
1992-06-01,"pet","MCL",157.4
1992-06-01,"pet","BORR",168.3
1992-06-01,"pet","ANGELO",138.9
1992-07-01,"pet","SEDG",169.7
1992-07-01,"pet","WWP",164.7
1992-07-01,"pet","MCL",180.1
1992-07-01,"pet","BORR",194.5
1992-07-01,"pet","ANGELO",148.1
1992-08-01,"pet","SEDG",185.8
1992-08-01,"pet","WWP",185.1
1992-08-01,"pet","MCL",192.8
1992-08-01,"pet","BORR",193.7
1992-08-01,"pet","ANGELO",153.7
1992-09-01,"pet","SEDG",145.7
1992-09-01,"pet","WWP",149.1
1992-09-01,"pet","MCL",145.5
1992-09-01,"pet","BORR",145.6
1992-09-01,"pet","ANGELO",126.5
1992-10-01,"pet","SEDG",101.3
1992-10-01,"pet","WWP",102
1992-10-01,"pet","MCL",99.4
1992-10-01,"pet","BORR",92
1992-10-01,"pet","ANGELO",77
1992-11-01,"pet","SEDG",83.7
1992-11-01,"pet","WWP",74.6
1992-11-01,"pet","MCL",66.3
1992-11-01,"pet","BORR",53.5
1992-11-01,"pet","ANGELO",43.7
1992-12-01,"pet","SEDG",54.9
1992-12-01,"pet","WWP",50.3
1992-12-01,"pet","MCL",42.4
1992-12-01,"pet","BORR",32
1992-12-01,"pet","ANGELO",28.7
1993-01-01,"pet","SEDG",49.9
1993-01-01,"pet","WWP",42.9
1993-01-01,"pet","MCL",37.2
1993-01-01,"pet","BORR",28
1993-01-01,"pet","ANGELO",29.3
1993-02-01,"pet","SEDG",53.3
1993-02-01,"pet","WWP",46.8
1993-02-01,"pet","MCL",39.5
1993-02-01,"pet","BORR",29.5
1993-02-01,"pet","ANGELO",36.5
1993-03-01,"pet","SEDG",89.1
1993-03-01,"pet","WWP",74.7
1993-03-01,"pet","MCL",65.7
1993-03-01,"pet","BORR",62.3
1993-03-01,"pet","ANGELO",56.1
1993-04-01,"pet","SEDG",137
1993-04-01,"pet","WWP",103.3
1993-04-01,"pet","MCL",97
1993-04-01,"pet","BORR",94.1
1993-04-01,"pet","ANGELO",74.3
1993-05-01,"pet","SEDG",152.2
1993-05-01,"pet","WWP",144.8
1993-05-01,"pet","MCL",129
1993-05-01,"pet","BORR",121.3
1993-05-01,"pet","ANGELO",94.4
1993-06-01,"pet","SEDG",187.7
1993-06-01,"pet","WWP",166.9
1993-06-01,"pet","MCL",174.3
1993-06-01,"pet","BORR",175.9
1993-06-01,"pet","ANGELO",137.3
1993-07-01,"pet","SEDG",164.7
1993-07-01,"pet","WWP",192
1993-07-01,"pet","MCL",185.5
1993-07-01,"pet","BORR",202.4
1993-07-01,"pet","ANGELO",172.5
1993-08-01,"pet","SEDG",170.6
1993-08-01,"pet","WWP",183.3
1993-08-01,"pet","MCL",181
1993-08-01,"pet","BORR",188.5
1993-08-01,"pet","ANGELO",153.4
1993-09-01,"pet","SEDG",145.9
1993-09-01,"pet","WWP",151.7
1993-09-01,"pet","MCL",143.7
1993-09-01,"pet","BORR",141.5
1993-09-01,"pet","ANGELO",122.7
1993-10-01,"pet","SEDG",107.7
1993-10-01,"pet","WWP",109.9
1993-10-01,"pet","MCL",91.6
1993-10-01,"pet","BORR",83.5
1993-10-01,"pet","ANGELO",72.2
1993-11-01,"pet","SEDG",76.9
1993-11-01,"pet","WWP",83.6
1993-11-01,"pet","MCL",68.7
1993-11-01,"pet","BORR",62.8
1993-11-01,"pet","ANGELO",53.5
1993-12-01,"pet","SEDG",55.9
1993-12-01,"pet","WWP",56.1
1993-12-01,"pet","MCL",40.2
1993-12-01,"pet","BORR",32.6
1993-12-01,"pet","ANGELO",30.5
1994-01-01,"pet","SEDG",62.8
1994-01-01,"pet","WWP",65.2
1994-01-01,"pet","MCL",46.2
1994-01-01,"pet","BORR",37.9
1994-01-01,"pet","ANGELO",35.3
1994-02-01,"pet","SEDG",58.9
1994-02-01,"pet","WWP",56.3
1994-02-01,"pet","MCL",44.5
1994-02-01,"pet","BORR",39.4
1994-02-01,"pet","ANGELO",36.6
1994-03-01,"pet","SEDG",92.7
1994-03-01,"pet","WWP",85.2
1994-03-01,"pet","MCL",82.5
1994-03-01,"pet","BORR",82.3
1994-03-01,"pet","ANGELO",70
1994-04-01,"pet","SEDG",116.5
1994-04-01,"pet","WWP",113.2
1994-04-01,"pet","MCL",102.9
1994-04-01,"pet","BORR",101.7
1994-04-01,"pet","ANGELO",83.9
1994-05-01,"pet","SEDG",129.5
1994-05-01,"pet","WWP",132
1994-05-01,"pet","MCL",121.6
1994-05-01,"pet","BORR",128.8
1994-05-01,"pet","ANGELO",101.6
1994-06-01,"pet","SEDG",187.6
1994-06-01,"pet","WWP",183.1
1994-06-01,"pet","MCL",182
1994-06-01,"pet","BORR",199.8
1994-06-01,"pet","ANGELO",146.1
1994-07-01,"pet","SEDG",179.6
1994-07-01,"pet","WWP",198.3
1994-07-01,"pet","MCL",191.7
1994-07-01,"pet","BORR",209
1994-07-01,"pet","ANGELO",172.6
1994-08-01,"pet","SEDG",193.4
1994-08-01,"pet","WWP",190.9
1994-08-01,"pet","MCL",192.1
1994-08-01,"pet","BORR",199.8
1994-08-01,"pet","ANGELO",166
1994-09-01,"pet","SEDG",141.4
1994-09-01,"pet","WWP",141.5
1994-09-01,"pet","MCL",138
1994-09-01,"pet","BORR",140.2
1994-09-01,"pet","ANGELO",119.8
1994-10-01,"pet","SEDG",109.3
1994-10-01,"pet","WWP",101.8
1994-10-01,"pet","MCL",101.5
1994-10-01,"pet","BORR",91.3
1994-10-01,"pet","ANGELO",83
1994-11-01,"pet","SEDG",70.3
1994-11-01,"pet","WWP",60.2
1994-11-01,"pet","MCL",53.6
1994-11-01,"pet","BORR",43.2
1994-11-01,"pet","ANGELO",36.9
1994-12-01,"pet","SEDG",48.3
1994-12-01,"pet","WWP",44.8
1994-12-01,"pet","MCL",34.3
1994-12-01,"pet","BORR",23
1994-12-01,"pet","ANGELO",25
1995-01-01,"pet","SEDG",40.9
1995-01-01,"pet","WWP",39
1995-01-01,"pet","MCL",34.2
1995-01-01,"pet","BORR",16.2
1995-01-01,"pet","ANGELO",27.4
1995-02-01,"pet","SEDG",57.7
1995-02-01,"pet","WWP",54.2
1995-02-01,"pet","MCL",45.1
1995-02-01,"pet","BORR",40.8
1995-02-01,"pet","ANGELO",40.8
1995-03-01,"pet","SEDG",80.6
1995-03-01,"pet","WWP",62.4
1995-03-01,"pet","MCL",62.9
1995-03-01,"pet","BORR",60.3
1995-03-01,"pet","ANGELO",56.8
1995-04-01,"pet","SEDG",114.6
1995-04-01,"pet","WWP",88.7
1995-04-01,"pet","MCL",89.2
1995-04-01,"pet","BORR",87.7
1995-04-01,"pet","ANGELO",75.9
1995-05-01,"pet","SEDG",125
1995-05-01,"pet","WWP",107.7
1995-05-01,"pet","MCL",105.3
1995-05-01,"pet","BORR",101.9
1995-05-01,"pet","ANGELO",98.6
1995-06-01,"pet","SEDG",162.6
1995-06-01,"pet","WWP",152
1995-06-01,"pet","MCL",160.2
1995-06-01,"pet","BORR",161.8
1995-06-01,"pet","ANGELO",124.5
1995-07-01,"pet","SEDG",190.7
1995-07-01,"pet","WWP",182.4
1995-07-01,"pet","MCL",186.4
1995-07-01,"pet","BORR",192.4
1995-07-01,"pet","ANGELO",150.8
1995-08-01,"pet","SEDG",189.1
1995-08-01,"pet","WWP",184.1
1995-08-01,"pet","MCL",190.2
1995-08-01,"pet","BORR",194.7
1995-08-01,"pet","ANGELO",166.5
1995-09-01,"pet","SEDG",157
1995-09-01,"pet","WWP",146.2
1995-09-01,"pet","MCL",141.4
1995-09-01,"pet","BORR",136.9
1995-09-01,"pet","ANGELO",116.7
1995-10-01,"pet","SEDG",112
1995-10-01,"pet","WWP",119.8
1995-10-01,"pet","MCL",105.7
1995-10-01,"pet","BORR",109.9
1995-10-01,"pet","ANGELO",97.1
1995-11-01,"pet","SEDG",77.7
1995-11-01,"pet","WWP",77.8
1995-11-01,"pet","MCL",59.5
1995-11-01,"pet","BORR",53
1995-11-01,"pet","ANGELO",44
1995-12-01,"pet","SEDG",60.8
1995-12-01,"pet","WWP",57
1995-12-01,"pet","MCL",37.1
1995-12-01,"pet","BORR",27.9
1995-12-01,"pet","ANGELO",28.3
1996-01-01,"pet","SEDG",58.1
1996-01-01,"pet","WWP",53.4
1996-01-01,"pet","MCL",39.6
1996-01-01,"pet","BORR",32.3
1996-01-01,"pet","ANGELO",32.8
1996-02-01,"pet","SEDG",49.7
1996-02-01,"pet","WWP",45.4
1996-02-01,"pet","MCL",41.2
1996-02-01,"pet","BORR",32.9
1996-02-01,"pet","ANGELO",36.2
1996-03-01,"pet","SEDG",88.7
1996-03-01,"pet","WWP",82
1996-03-01,"pet","MCL",77.3
1996-03-01,"pet","BORR",79.3
1996-03-01,"pet","ANGELO",73.9
1996-04-01,"pet","SEDG",141.7
1996-04-01,"pet","WWP",125.6
1996-04-01,"pet","MCL",107.5
1996-04-01,"pet","BORR",99
1996-04-01,"pet","ANGELO",81.1
1996-05-01,"pet","SEDG",172.6
1996-05-01,"pet","WWP",159.5
1996-05-01,"pet","MCL",142.2
1996-05-01,"pet","BORR",137.5
1996-05-01,"pet","ANGELO",117.2
1996-06-01,"pet","SEDG",172.9
1996-06-01,"pet","WWP",180.4
1996-06-01,"pet","MCL",174.4
1996-06-01,"pet","BORR",184.7
1996-06-01,"pet","ANGELO",150.9
1996-07-01,"pet","SEDG",189.1
1996-07-01,"pet","WWP",193.5
1996-07-01,"pet","MCL",199.7
1996-07-01,"pet","BORR",212.4
1996-07-01,"pet","ANGELO",170.9
1996-08-01,"pet","SEDG",186.8
1996-08-01,"pet","WWP",189.4
1996-08-01,"pet","MCL",195
1996-08-01,"pet","BORR",194.5
1996-08-01,"pet","ANGELO",165.8
1996-09-01,"pet","SEDG",141.9
1996-09-01,"pet","WWP",146.5
1996-09-01,"pet","MCL",143.4
1996-09-01,"pet","BORR",142.8
1996-09-01,"pet","ANGELO",120.4
1996-10-01,"pet","SEDG",122.6
1996-10-01,"pet","WWP",103.4
1996-10-01,"pet","MCL",101.6
1996-10-01,"pet","BORR",97.3
1996-10-01,"pet","ANGELO",76.8
1996-11-01,"pet","SEDG",71
1996-11-01,"pet","WWP",62.3
1996-11-01,"pet","MCL",53.2
1996-11-01,"pet","BORR",46.3
1996-11-01,"pet","ANGELO",40.7
1996-12-01,"pet","SEDG",48.6
1996-12-01,"pet","WWP",46.2
1996-12-01,"pet","MCL",37.1
1996-12-01,"pet","BORR",30.8
1996-12-01,"pet","ANGELO",28.1
1997-01-01,"pet","SEDG",44.3
1997-01-01,"pet","WWP",41.9
1997-01-01,"pet","MCL",36.6
1997-01-01,"pet","BORR",30.2
1997-01-01,"pet","ANGELO",33.3
1997-02-01,"pet","SEDG",66.9
1997-02-01,"pet","WWP",53.3
1997-02-01,"pet","MCL",51.4
1997-02-01,"pet","BORR",53.9
1997-02-01,"pet","ANGELO",48.1
1997-03-01,"pet","SEDG",105.8
1997-03-01,"pet","WWP",95.1
1997-03-01,"pet","MCL",89.6
1997-03-01,"pet","BORR",90
1997-03-01,"pet","ANGELO",78.5
1997-04-01,"pet","SEDG",132.7
1997-04-01,"pet","WWP",113.5
1997-04-01,"pet","MCL",117.7
1997-04-01,"pet","BORR",120.5
1997-04-01,"pet","ANGELO",87.9
1997-05-01,"pet","SEDG",180
1997-05-01,"pet","WWP",150.4
1997-05-01,"pet","MCL",160.3
1997-05-01,"pet","BORR",170.3
1997-05-01,"pet","ANGELO",124.4
1997-06-01,"pet","SEDG",161.5
1997-06-01,"pet","WWP",162.2
1997-06-01,"pet","MCL",166.7
1997-06-01,"pet","BORR",184.6
1997-06-01,"pet","ANGELO",141.1
1997-07-01,"pet","SEDG",169
1997-07-01,"pet","WWP",179.3
1997-07-01,"pet","MCL",187
1997-07-01,"pet","BORR",205.8
1997-07-01,"pet","ANGELO",165.7
1997-08-01,"pet","SEDG",178.4
1997-08-01,"pet","WWP",177.9
1997-08-01,"pet","MCL",174.3
1997-08-01,"pet","BORR",176.7
1997-08-01,"pet","ANGELO",135.1
1997-09-01,"pet","SEDG",147.7
1997-09-01,"pet","WWP",131.9
1997-09-01,"pet","MCL",143.2
1997-09-01,"pet","BORR",135.9
1997-09-01,"pet","ANGELO",111.7
1997-10-01,"pet","SEDG",126.9
1997-10-01,"pet","WWP",111.7
1997-10-01,"pet","MCL",103.5
1997-10-01,"pet","BORR",88.7
1997-10-01,"pet","ANGELO",70.8
1997-11-01,"pet","SEDG",67.8
1997-11-01,"pet","WWP",62.3
1997-11-01,"pet","MCL",50.8
1997-11-01,"pet","BORR",34.8
1997-11-01,"pet","ANGELO",34.5
1997-12-01,"pet","SEDG",61.3
1997-12-01,"pet","WWP",49.2
1997-12-01,"pet","MCL",42.4
1997-12-01,"pet","BORR",36.2
1997-12-01,"pet","ANGELO",36.2
1998-01-01,"pet","SEDG",45.1
1998-01-01,"pet","WWP",43.5
1998-01-01,"pet","MCL",28.6
1998-01-01,"pet","BORR",15.9
1998-01-01,"pet","ANGELO",24.2
1998-02-01,"pet","SEDG",46
1998-02-01,"pet","WWP",32.3
1998-02-01,"pet","MCL",30.7
1998-02-01,"pet","BORR",22.3
1998-02-01,"pet","ANGELO",27.5
1998-03-01,"pet","SEDG",80
1998-03-01,"pet","WWP",64.6
1998-03-01,"pet","MCL",64.2
1998-03-01,"pet","BORR",61.8
1998-03-01,"pet","ANGELO",58.3
1998-04-01,"pet","SEDG",100.1
1998-04-01,"pet","WWP",75.5
1998-04-01,"pet","MCL",85.7
1998-04-01,"pet","BORR",78.7
1998-04-01,"pet","ANGELO",78.3
1998-05-01,"pet","SEDG",111.5
1998-05-01,"pet","WWP",80.9
1998-05-01,"pet","MCL",86.3
1998-05-01,"pet","BORR",74.9
1998-05-01,"pet","ANGELO",78.6
1998-06-01,"pet","SEDG",139.1
1998-06-01,"pet","WWP",130.1
1998-06-01,"pet","MCL",130.5
1998-06-01,"pet","BORR",124.5
1998-06-01,"pet","ANGELO",117.5
1998-07-01,"pet","SEDG",181.7
1998-07-01,"pet","WWP",178.3
1998-07-01,"pet","MCL",181.7
1998-07-01,"pet","BORR",187.2
1998-07-01,"pet","ANGELO",157.7
1998-08-01,"pet","SEDG",186.3
1998-08-01,"pet","WWP",181.7
1998-08-01,"pet","MCL",191.9
1998-08-01,"pet","BORR",188.7
1998-08-01,"pet","ANGELO",165.2
1998-09-01,"pet","SEDG",127
1998-09-01,"pet","WWP",126.5
1998-09-01,"pet","MCL",133.4
1998-09-01,"pet","BORR",128.8
1998-09-01,"pet","ANGELO",118.4
1998-10-01,"pet","SEDG",116
1998-10-01,"pet","WWP",102.9
1998-10-01,"pet","MCL",96.8
1998-10-01,"pet","BORR",93.8
1998-10-01,"pet","ANGELO",84.4
1998-11-01,"pet","SEDG",70.3
1998-11-01,"pet","WWP",59.6
1998-11-01,"pet","MCL",44.8
1998-11-01,"pet","BORR",32.1
1998-11-01,"pet","ANGELO",32.2
1998-12-01,"pet","SEDG",62.3
1998-12-01,"pet","WWP",51.6
1998-12-01,"pet","MCL",37.6
1998-12-01,"pet","BORR",34.2
1998-12-01,"pet","ANGELO",30.9
1999-01-01,"pet","SEDG",58.7
1999-01-01,"pet","WWP",52.9
1999-01-01,"pet","MCL",42.2
1999-01-01,"pet","BORR",39
1999-01-01,"pet","ANGELO",36.2
1999-02-01,"pet","SEDG",62.7
1999-02-01,"pet","WWP",51.6
1999-02-01,"pet","MCL",39.6
1999-02-01,"pet","BORR",32.5
1999-02-01,"pet","ANGELO",31.5
1999-03-01,"pet","SEDG",80.2
1999-03-01,"pet","WWP",71.1
1999-03-01,"pet","MCL",63.2
1999-03-01,"pet","BORR",59.5
1999-03-01,"pet","ANGELO",54.5
1999-04-01,"pet","SEDG",101.4
1999-04-01,"pet","WWP",88.6
1999-04-01,"pet","MCL",96.9
1999-04-01,"pet","BORR",109.5
1999-04-01,"pet","ANGELO",96.5
1999-05-01,"pet","SEDG",145.3
1999-05-01,"pet","WWP",135.4
1999-05-01,"pet","MCL",131.1
1999-05-01,"pet","BORR",153.1
1999-05-01,"pet","ANGELO",116.8
1999-06-01,"pet","SEDG",156
1999-06-01,"pet","WWP",161.1
1999-06-01,"pet","MCL",159.2
1999-06-01,"pet","BORR",177.6
1999-06-01,"pet","ANGELO",148.2
1999-07-01,"pet","SEDG",177.3
1999-07-01,"pet","WWP",175.4
1999-07-01,"pet","MCL",184.8
1999-07-01,"pet","BORR",203.1
1999-07-01,"pet","ANGELO",159.5
1999-08-01,"pet","SEDG",181
1999-08-01,"pet","WWP",173.5
1999-08-01,"pet","MCL",169.2
1999-08-01,"pet","BORR",173.5
1999-08-01,"pet","ANGELO",138.1
1999-09-01,"pet","SEDG",129.1
1999-09-01,"pet","WWP",144.3
1999-09-01,"pet","MCL",140.7
1999-09-01,"pet","BORR",138.7
1999-09-01,"pet","ANGELO",124.1
1999-10-01,"pet","SEDG",121
1999-10-01,"pet","WWP",120.7
1999-10-01,"pet","MCL",104.2
1999-10-01,"pet","BORR",97.9
1999-10-01,"pet","ANGELO",86.1
1999-11-01,"pet","SEDG",72.6
1999-11-01,"pet","WWP",79.2
1999-11-01,"pet","MCL",55
1999-11-01,"pet","BORR",40.5
1999-11-01,"pet","ANGELO",39.3
1999-12-01,"pet","SEDG",72.3
1999-12-01,"pet","WWP",64.2
1999-12-01,"pet","MCL",49.1
1999-12-01,"pet","BORR",42.2
1999-12-01,"pet","ANGELO",32.4
2000-01-01,"pet","SEDG",56
2000-01-01,"pet","WWP",53.2
2000-01-01,"pet","MCL",37.2
2000-01-01,"pet","BORR",28
2000-01-01,"pet","ANGELO",28.6
2000-02-01,"pet","SEDG",48.3
2000-02-01,"pet","WWP",47.3
2000-02-01,"pet","MCL",37.2
2000-02-01,"pet","BORR",23.6
2000-02-01,"pet","ANGELO",30.2
2000-03-01,"pet","SEDG",92.1
2000-03-01,"pet","WWP",67.8
2000-03-01,"pet","MCL",78
2000-03-01,"pet","BORR",76.9
2000-03-01,"pet","ANGELO",74.2
2000-04-01,"pet","SEDG",121.3
2000-04-01,"pet","WWP",102.6
2000-04-01,"pet","MCL",106.4
2000-04-01,"pet","BORR",102.5
2000-04-01,"pet","ANGELO",84.7
2000-05-01,"pet","SEDG",158.5
2000-05-01,"pet","WWP",142.9
2000-05-01,"pet","MCL",133
2000-05-01,"pet","BORR",137
2000-05-01,"pet","ANGELO",110.4
2000-06-01,"pet","SEDG",163.8
2000-06-01,"pet","WWP",172.6
2000-06-01,"pet","MCL",179.8
2000-06-01,"pet","BORR",192.9
2000-06-01,"pet","ANGELO",152.4
2000-07-01,"pet","SEDG",188.5
2000-07-01,"pet","WWP",188.1
2000-07-01,"pet","MCL",181.6
2000-07-01,"pet","BORR",188.1
2000-07-01,"pet","ANGELO",155
2000-08-01,"pet","SEDG",179.2
2000-08-01,"pet","WWP",178.3
2000-08-01,"pet","MCL",181.3
2000-08-01,"pet","BORR",183.1
2000-08-01,"pet","ANGELO",151.1
2000-09-01,"pet","SEDG",141.6
2000-09-01,"pet","WWP",142
2000-09-01,"pet","MCL",140.6
2000-09-01,"pet","BORR",139.1
2000-09-01,"pet","ANGELO",117.5
2000-10-01,"pet","SEDG",89.2
2000-10-01,"pet","WWP",89.5
2000-10-01,"pet","MCL",91
2000-10-01,"pet","BORR",82
2000-10-01,"pet","ANGELO",76.1
2000-11-01,"pet","SEDG",73.7
2000-11-01,"pet","WWP",64
2000-11-01,"pet","MCL",48.6
2000-11-01,"pet","BORR",41.6
2000-11-01,"pet","ANGELO",37.3
2000-12-01,"pet","SEDG",59
2000-12-01,"pet","WWP",59.5
2000-12-01,"pet","MCL",39.6
2000-12-01,"pet","BORR",34
2000-12-01,"pet","ANGELO",28.4
2001-01-01,"pet","SEDG",56.4
2001-01-01,"pet","WWP",50.2
2001-01-01,"pet","MCL",45.9
2001-01-01,"pet","BORR",38.6
2001-01-01,"pet","ANGELO",36.7
2001-02-01,"pet","SEDG",49.6
2001-02-01,"pet","WWP",34.2
2001-02-01,"pet","MCL",45.3
2001-02-01,"pet","BORR",40
2001-02-01,"pet","ANGELO",40.6
2001-03-01,"pet","SEDG",88.3
2001-03-01,"pet","WWP",68.7
2001-03-01,"pet","MCL",74.8
2001-03-01,"pet","BORR",78.1
2001-03-01,"pet","ANGELO",72.1
2001-04-01,"pet","SEDG",104.9
2001-04-01,"pet","WWP",84.4
2001-04-01,"pet","MCL",94.8
2001-04-01,"pet","BORR",100.4
2001-04-01,"pet","ANGELO",82.2
2001-05-01,"pet","SEDG",151.9
2001-05-01,"pet","WWP",161.3
2001-05-01,"pet","MCL",172.3
2001-05-01,"pet","BORR",187.3
2001-05-01,"pet","ANGELO",144.5
2001-06-01,"pet","SEDG",181.1
2001-06-01,"pet","WWP",182
2001-06-01,"pet","MCL",187.2
2001-06-01,"pet","BORR",194
2001-06-01,"pet","ANGELO",156.8
2001-07-01,"pet","SEDG",168.5
2001-07-01,"pet","WWP",176.4
2001-07-01,"pet","MCL",187
2001-07-01,"pet","BORR",195.8
2001-07-01,"pet","ANGELO",157
2001-08-01,"pet","SEDG",182.7
2001-08-01,"pet","WWP",187.8
2001-08-01,"pet","MCL",185.2
2001-08-01,"pet","BORR",185.8
2001-08-01,"pet","ANGELO",145.2
2001-09-01,"pet","SEDG",139.8
2001-09-01,"pet","WWP",143.7
2001-09-01,"pet","MCL",139.7
2001-09-01,"pet","BORR",132.8
2001-09-01,"pet","ANGELO",111.9
2001-10-01,"pet","SEDG",97.8
2001-10-01,"pet","WWP",108
2001-10-01,"pet","MCL",99
2001-10-01,"pet","BORR",94.2
2001-10-01,"pet","ANGELO",84.5
2001-11-01,"pet","SEDG",65.8
2001-11-01,"pet","WWP",63
2001-11-01,"pet","MCL",52.4
2001-11-01,"pet","BORR",40.9
2001-11-01,"pet","ANGELO",38.5
2001-12-01,"pet","SEDG",52.5
2001-12-01,"pet","WWP",47.2
2001-12-01,"pet","MCL",34.9
2001-12-01,"pet","BORR",24.3
2001-12-01,"pet","ANGELO",26.1
2002-01-01,"pet","SEDG",53.1
2002-01-01,"pet","WWP",48.2
2002-01-01,"pet","MCL",38.8
2002-01-01,"pet","BORR",33.2
2002-01-01,"pet","ANGELO",34.6
2002-02-01,"pet","SEDG",67.8
2002-02-01,"pet","WWP",65.5
2002-02-01,"pet","MCL",47.3
2002-02-01,"pet","BORR",43.9
2002-02-01,"pet","ANGELO",41.2
2002-03-01,"pet","SEDG",90.3
2002-03-01,"pet","WWP",89
2002-03-01,"pet","MCL",79.8
2002-03-01,"pet","BORR",81.8
2002-03-01,"pet","ANGELO",69.4
2002-04-01,"pet","SEDG",110.6
2002-04-01,"pet","WWP",107
2002-04-01,"pet","MCL",100.7
2002-04-01,"pet","BORR",99.9
2002-04-01,"pet","ANGELO",79.6
2002-05-01,"pet","SEDG",145.8
2002-05-01,"pet","WWP",144.6
2002-05-01,"pet","MCL",140.3
2002-05-01,"pet","BORR",147.8
2002-05-01,"pet","ANGELO",121.1
2002-06-01,"pet","SEDG",165.1
2002-06-01,"pet","WWP",178.7
2002-06-01,"pet","MCL",175.8
2002-06-01,"pet","BORR",197.8
2002-06-01,"pet","ANGELO",153.9
2002-07-01,"pet","SEDG",172.2
2002-07-01,"pet","WWP",196.7
2002-07-01,"pet","MCL",196.7
2002-07-01,"pet","BORR",210.3
2002-07-01,"pet","ANGELO",163.9
2002-08-01,"pet","SEDG",176.1
2002-08-01,"pet","WWP",192.8
2002-08-01,"pet","MCL",188.8
2002-08-01,"pet","BORR",190.2
2002-08-01,"pet","ANGELO",157.4
2002-09-01,"pet","SEDG",143.3
2002-09-01,"pet","WWP",143.9
2002-09-01,"pet","MCL",149.9
2002-09-01,"pet","BORR",147.4
2002-09-01,"pet","ANGELO",121.6
2002-10-01,"pet","SEDG",96.5
2002-10-01,"pet","WWP",102.9
2002-10-01,"pet","MCL",97.8
2002-10-01,"pet","BORR",94.9
2002-10-01,"pet","ANGELO",85.1
2002-11-01,"pet","SEDG",75.5
2002-11-01,"pet","WWP",75.4
2002-11-01,"pet","MCL",59.6
2002-11-01,"pet","BORR",56.7
2002-11-01,"pet","ANGELO",45.6
2002-12-01,"pet","SEDG",46.3
2002-12-01,"pet","WWP",46.6
2002-12-01,"pet","MCL",37.7
2002-12-01,"pet","BORR",25.5
2002-12-01,"pet","ANGELO",27.1
2003-01-01,"pet","SEDG",60.3
2003-01-01,"pet","WWP",58.2
2003-01-01,"pet","MCL",37.7
2003-01-01,"pet","BORR",25.5
2003-01-01,"pet","ANGELO",31.6
2003-02-01,"pet","SEDG",64.6
2003-02-01,"pet","WWP",58.7
2003-02-01,"pet","MCL",48.9
2003-02-01,"pet","BORR",48.7
2003-02-01,"pet","ANGELO",45.7
2003-03-01,"pet","SEDG",103.8
2003-03-01,"pet","WWP",85.6
2003-03-01,"pet","MCL",75.6
2003-03-01,"pet","BORR",73.3
2003-03-01,"pet","ANGELO",63.3
2003-04-01,"pet","SEDG",99.1
2003-04-01,"pet","WWP",80.3
2003-04-01,"pet","MCL",77
2003-04-01,"pet","BORR",67.5
2003-04-01,"pet","ANGELO",56.8
2003-05-01,"pet","SEDG",141
2003-05-01,"pet","WWP",130.6
2003-05-01,"pet","MCL",129
2003-05-01,"pet","BORR",126
2003-05-01,"pet","ANGELO",108.7
2003-06-01,"pet","SEDG",155.4
2003-06-01,"pet","WWP",174
2003-06-01,"pet","MCL",173.2
2003-06-01,"pet","BORR",183.9
2003-06-01,"pet","ANGELO",155.5
2003-07-01,"pet","SEDG",190.2
2003-07-01,"pet","WWP",187.5
2003-07-01,"pet","MCL",198
2003-07-01,"pet","BORR",209.8
2003-07-01,"pet","ANGELO",165.7
2003-08-01,"pet","SEDG",183.1
2003-08-01,"pet","WWP",172.2
2003-08-01,"pet","MCL",179.1
2003-08-01,"pet","BORR",179.9
2003-08-01,"pet","ANGELO",139
2003-09-01,"pet","SEDG",141.9
2003-09-01,"pet","WWP",151.3
2003-09-01,"pet","MCL",144.8
2003-09-01,"pet","BORR",144.5
2003-09-01,"pet","ANGELO",119.4
2003-10-01,"pet","SEDG",116.5
2003-10-01,"pet","WWP",120.1
2003-10-01,"pet","MCL",110.3
2003-10-01,"pet","BORR",107.5
2003-10-01,"pet","ANGELO",90.3
2003-11-01,"pet","SEDG",65.9
2003-11-01,"pet","WWP",61.9
2003-11-01,"pet","MCL",52.7
2003-11-01,"pet","BORR",40.3
2003-11-01,"pet","ANGELO",39.4
2003-12-01,"pet","SEDG",51.1
2003-12-01,"pet","WWP",53.5
2003-12-01,"pet","MCL",34.7
2003-12-01,"pet","BORR",21.1
2003-12-01,"pet","ANGELO",25.1
2004-01-01,"pet","SEDG",54.5
2004-01-01,"pet","WWP",50.3
2004-01-01,"pet","MCL",34.8
2004-01-01,"pet","BORR",27
2004-01-01,"pet","ANGELO",29.3
2004-02-01,"pet","SEDG",56.1
2004-02-01,"pet","WWP",50.1
2004-02-01,"pet","MCL",40.2
2004-02-01,"pet","BORR",34.4
2004-02-01,"pet","ANGELO",35.9
2004-03-01,"pet","SEDG",107
2004-03-01,"pet","WWP",96.7
2004-03-01,"pet","MCL",90.7
2004-03-01,"pet","BORR",92.8
2004-03-01,"pet","ANGELO",82.3
2004-04-01,"pet","SEDG",131
2004-04-01,"pet","WWP",122.1
2004-04-01,"pet","MCL",123
2004-04-01,"pet","BORR",119.4
2004-04-01,"pet","ANGELO",94.2
2004-05-01,"pet","SEDG",166.2
2004-05-01,"pet","WWP",155.3
2004-05-01,"pet","MCL",144.4
2004-05-01,"pet","BORR",149.3
2004-05-01,"pet","ANGELO",119.5
2004-06-01,"pet","SEDG",163.9
2004-06-01,"pet","WWP",174.1
2004-06-01,"pet","MCL",166.6
2004-06-01,"pet","BORR",188.9
2004-06-01,"pet","ANGELO",149
2004-07-01,"pet","SEDG",174.1
2004-07-01,"pet","WWP",191
2004-07-01,"pet","MCL",184.7
2004-07-01,"pet","BORR",196
2004-07-01,"pet","ANGELO",154.3
2004-08-01,"pet","SEDG",164.7
2004-08-01,"pet","WWP",183.8
2004-08-01,"pet","MCL",180.8
2004-08-01,"pet","BORR",183
2004-08-01,"pet","ANGELO",141.7
2004-09-01,"pet","SEDG",151.3
2004-09-01,"pet","WWP",151.4
2004-09-01,"pet","MCL",152.2
2004-09-01,"pet","BORR",147.6
2004-09-01,"pet","ANGELO",126.2
2004-10-01,"pet","SEDG",95.4
2004-10-01,"pet","WWP",91.6
2004-10-01,"pet","MCL",90.1
2004-10-01,"pet","BORR",85.7
2004-10-01,"pet","ANGELO",71.9
2004-11-01,"pet","SEDG",66.2
2004-11-01,"pet","WWP",59.9
2004-11-01,"pet","MCL",52.5
2004-11-01,"pet","BORR",47
2004-11-01,"pet","ANGELO",41.5
2004-12-01,"pet","SEDG",58
2004-12-01,"pet","WWP",56.7
2004-12-01,"pet","MCL",39
2004-12-01,"pet","BORR",34.6
2004-12-01,"pet","ANGELO",30.3
2005-01-01,"pet","SEDG",50
2005-01-01,"pet","WWP",45.4
2005-01-01,"pet","MCL",36.9
2005-01-01,"pet","BORR",25.9
2005-01-01,"pet","ANGELO",29.2
2005-02-01,"pet","SEDG",51
2005-02-01,"pet","WWP",44.7
2005-02-01,"pet","MCL",38.5
2005-02-01,"pet","BORR",35
2005-02-01,"pet","ANGELO",38.4
2005-03-01,"pet","SEDG",79.9
2005-03-01,"pet","WWP",71.3
2005-03-01,"pet","MCL",73.9
2005-03-01,"pet","BORR",74.5
2005-03-01,"pet","ANGELO",70
2005-04-01,"pet","SEDG",114.4
2005-04-01,"pet","WWP",99.5
2005-04-01,"pet","MCL",95
2005-04-01,"pet","BORR",96.6
2005-04-01,"pet","ANGELO",81.8
2005-05-01,"pet","SEDG",146.3
2005-05-01,"pet","WWP",130.3
2005-05-01,"pet","MCL",121.9
2005-05-01,"pet","BORR",115.6
2005-05-01,"pet","ANGELO",93.7
2005-06-01,"pet","SEDG",151.2
2005-06-01,"pet","WWP",160.7
2005-06-01,"pet","MCL",152
2005-06-01,"pet","BORR",157.4
2005-06-01,"pet","ANGELO",112.4
2005-07-01,"pet","SEDG",170.8
2005-07-01,"pet","WWP",190.3
2005-07-01,"pet","MCL",193.4
2005-07-01,"pet","BORR",209
2005-07-01,"pet","ANGELO",157.4
2005-08-01,"pet","SEDG",165.9
2005-08-01,"pet","WWP",187.1
2005-08-01,"pet","MCL",189.6
2005-08-01,"pet","BORR",195.3
2005-08-01,"pet","ANGELO",152.8
2005-09-01,"pet","SEDG",134.2
2005-09-01,"pet","WWP",141.6
2005-09-01,"pet","MCL",137
2005-09-01,"pet","BORR",133.2
2005-09-01,"pet","ANGELO",117.8
2005-10-01,"pet","SEDG",105.9
2005-10-01,"pet","WWP",99.5
2005-10-01,"pet","MCL",97.3
2005-10-01,"pet","BORR",92
2005-10-01,"pet","ANGELO",72.3
2005-11-01,"pet","SEDG",82.3
2005-11-01,"pet","WWP",76.8
2005-11-01,"pet","MCL",59.8
2005-11-01,"pet","BORR",54.1
2005-11-01,"pet","ANGELO",38.4
2005-12-01,"pet","SEDG",55.2
2005-12-01,"pet","WWP",58.6
2005-12-01,"pet","MCL",39.5
2005-12-01,"pet","BORR",29.5
2005-12-01,"pet","ANGELO",26.5
2006-01-01,"pet","SEDG",62.4
2006-01-01,"pet","WWP",54.2
2006-01-01,"pet","MCL",37.8
2006-01-01,"pet","BORR",29
2006-01-01,"pet","ANGELO",30.8
2006-02-01,"pet","SEDG",74.3
2006-02-01,"pet","WWP",74.2
2006-02-01,"pet","MCL",53.8
2006-02-01,"pet","BORR",52
2006-02-01,"pet","ANGELO",51.4
2006-03-01,"pet","SEDG",69
2006-03-01,"pet","WWP",60.1
2006-03-01,"pet","MCL",60
2006-03-01,"pet","BORR",47.3
2006-03-01,"pet","ANGELO",50.1
2006-04-01,"pet","SEDG",80.9
2006-04-01,"pet","WWP",77
2006-04-01,"pet","MCL",71.4
2006-04-01,"pet","BORR",64.6
2006-04-01,"pet","ANGELO",67.6
2006-05-01,"pet","SEDG",137.8
2006-05-01,"pet","WWP",143.8
2006-05-01,"pet","MCL",143.8
2006-05-01,"pet","BORR",141.4
2006-05-01,"pet","ANGELO",120.2
2006-06-01,"pet","SEDG",165.8
2006-06-01,"pet","WWP",170.8
2006-06-01,"pet","MCL",172.8
2006-06-01,"pet","BORR",188.9
2006-06-01,"pet","ANGELO",142.7
2006-07-01,"pet","SEDG",186.2
2006-07-01,"pet","WWP",191.5
2006-07-01,"pet","MCL",203.5
2006-07-01,"pet","BORR",213.5
2006-07-01,"pet","ANGELO",172.9
2006-08-01,"pet","SEDG",171.2
2006-08-01,"pet","WWP",191.3
2006-08-01,"pet","MCL",184.2
2006-08-01,"pet","BORR",187.5
2006-08-01,"pet","ANGELO",151.6
2006-09-01,"pet","SEDG",140.8
2006-09-01,"pet","WWP",153.1
2006-09-01,"pet","MCL",145.6
2006-09-01,"pet","BORR",145.9
2006-09-01,"pet","ANGELO",127
2006-10-01,"pet","SEDG",104.2
2006-10-01,"pet","WWP",107.3
2006-10-01,"pet","MCL",97.3
2006-10-01,"pet","BORR",94.2
2006-10-01,"pet","ANGELO",80.3
2006-11-01,"pet","SEDG",88.5
2006-11-01,"pet","WWP",70.9
2006-11-01,"pet","MCL",50.6
2006-11-01,"pet","BORR",39.7
2006-11-01,"pet","ANGELO",34.3
2006-12-01,"pet","SEDG",70.7
2006-12-01,"pet","WWP",65.9
2006-12-01,"pet","MCL",46.4
2006-12-01,"pet","BORR",36.9
2006-12-01,"pet","ANGELO",33.8
2007-01-01,"pet","SEDG",68.6
2007-01-01,"pet","WWP",60.7
2007-01-01,"pet","MCL",50
2007-01-01,"pet","BORR",49.3
2007-01-01,"pet","ANGELO",37.4
2007-02-01,"pet","SEDG",61.6
2007-02-01,"pet","WWP",56.4
2007-02-01,"pet","MCL",43.6
2007-02-01,"pet","BORR",39.4
2007-02-01,"pet","ANGELO",32.5
2007-03-01,"pet","SEDG",111.6
2007-03-01,"pet","WWP",103.5
2007-03-01,"pet","MCL",92.4
2007-03-01,"pet","BORR",92.6
2007-03-01,"pet","ANGELO",71.2
2007-04-01,"pet","SEDG",130.5
2007-04-01,"pet","WWP",115.7
2007-04-01,"pet","MCL",112.5
2007-04-01,"pet","BORR",113.9
2007-04-01,"pet","ANGELO",86.9
2007-05-01,"pet","SEDG",155.6
2007-05-01,"pet","WWP",168
2007-05-01,"pet","MCL",157.2
2007-05-01,"pet","BORR",164.8
2007-05-01,"pet","ANGELO",122.2
2007-06-01,"pet","SEDG",166
2007-06-01,"pet","WWP",186.2
2007-06-01,"pet","MCL",177.4
2007-06-01,"pet","BORR",190.4
2007-06-01,"pet","ANGELO",143.2
2007-07-01,"pet","SEDG",180.2
2007-07-01,"pet","WWP",189.7
2007-07-01,"pet","MCL",184.7
2007-07-01,"pet","BORR",200
2007-07-01,"pet","ANGELO",146.2
2007-08-01,"pet","SEDG",176.2
2007-08-01,"pet","WWP",185.4
2007-08-01,"pet","MCL",187.3
2007-08-01,"pet","BORR",186.6
2007-08-01,"pet","ANGELO",143.9
2007-09-01,"pet","SEDG",139.4
2007-09-01,"pet","WWP",139
2007-09-01,"pet","MCL",138.3
2007-09-01,"pet","BORR",131.1
2007-09-01,"pet","ANGELO",110.4
2007-10-01,"pet","SEDG",117.5
2007-10-01,"pet","WWP",108.8
2007-10-01,"pet","MCL",95.3
2007-10-01,"pet","BORR",79.8
2007-10-01,"pet","ANGELO",65.1
2007-11-01,"pet","SEDG",75.2
2007-11-01,"pet","WWP",74.2
2007-11-01,"pet","MCL",59.2
2007-11-01,"pet","BORR",56.5
2007-11-01,"pet","ANGELO",40.2
2007-12-01,"pet","SEDG",61.7
2007-12-01,"pet","WWP",53
2007-12-01,"pet","MCL",43.4
2007-12-01,"pet","BORR",38.6
2007-12-01,"pet","ANGELO",30.3
2008-01-01,"pet","SEDG",57.7
2008-01-01,"pet","WWP",53
2008-01-01,"pet","MCL",39.6
2008-01-01,"pet","BORR",30.6
2008-01-01,"pet","ANGELO",31.4
2008-02-01,"pet","SEDG",62
2008-02-01,"pet","WWP",57.5
2008-02-01,"pet","MCL",46.7
2008-02-01,"pet","BORR",43.7
2008-02-01,"pet","ANGELO",39.3
2008-03-01,"pet","SEDG",112.9
2008-03-01,"pet","WWP",101.7
2008-03-01,"pet","MCL",84.8
2008-03-01,"pet","BORR",89
2008-03-01,"pet","ANGELO",66.9
2008-04-01,"pet","SEDG",139.8
2008-04-01,"pet","WWP",128.6
2008-04-01,"pet","MCL",118.2
2008-04-01,"pet","BORR",123.4
2008-04-01,"pet","ANGELO",90.6
2008-05-01,"pet","SEDG",147.7
2008-05-01,"pet","WWP",144.7
2008-05-01,"pet","MCL",146.5
2008-05-01,"pet","BORR",164
2008-05-01,"pet","ANGELO",124.8
2008-06-01,"pet","SEDG",186.8
2008-06-01,"pet","WWP",186.1
2008-06-01,"pet","MCL",185.6
2008-06-01,"pet","BORR",206.1
2008-06-01,"pet","ANGELO",161.9
2008-07-01,"pet","SEDG",175.3
2008-07-01,"pet","WWP",190.1
2008-07-01,"pet","MCL",188
2008-07-01,"pet","BORR",203.5
2008-07-01,"pet","ANGELO",159.9
2008-08-01,"pet","SEDG",170.2
2008-08-01,"pet","WWP",186.4
2008-08-01,"pet","MCL",185.6
2008-08-01,"pet","BORR",195.4
2008-08-01,"pet","ANGELO",155.3
2008-09-01,"pet","SEDG",140.8
2008-09-01,"pet","WWP",150.7
2008-09-01,"pet","MCL",146.2
2008-09-01,"pet","BORR",144.6
2008-09-01,"pet","ANGELO",119.6
2008-10-01,"pet","SEDG",133.7
2008-10-01,"pet","WWP",120.1
2008-10-01,"pet","MCL",113.5
2008-10-01,"pet","BORR",103.8
2008-10-01,"pet","ANGELO",82.1
2008-11-01,"pet","SEDG",89.4
2008-11-01,"pet","WWP",79.4
2008-11-01,"pet","MCL",57.9
2008-11-01,"pet","BORR",49.1
2008-11-01,"pet","ANGELO",38.2
2008-12-01,"pet","SEDG",56.5
2008-12-01,"pet","WWP",51.1
2008-12-01,"pet","MCL",39.9
2008-12-01,"pet","BORR",34.3
2008-12-01,"pet","ANGELO",27.8
2009-01-01,"pet","SEDG",70.6
2009-01-01,"pet","WWP",65.1
2009-01-01,"pet","MCL",48.3
2009-01-01,"pet","BORR",50.6
2009-01-01,"pet","ANGELO",38.8
2009-02-01,"pet","SEDG",60.9
2009-02-01,"pet","WWP",59.2
2009-02-01,"pet","MCL",46.4
2009-02-01,"pet","BORR",39.9
2009-02-01,"pet","ANGELO",38.4
2009-03-01,"pet","SEDG",98.5
2009-03-01,"pet","WWP",89.9
2009-03-01,"pet","MCL",78.5
2009-03-01,"pet","BORR",79.9
2009-03-01,"pet","ANGELO",68.9
2009-04-01,"pet","SEDG",125.8
2009-04-01,"pet","WWP",130.8
2009-04-01,"pet","MCL",113
2009-04-01,"pet","BORR",118.6
2009-04-01,"pet","ANGELO",94.6
2009-05-01,"pet","SEDG",158.2
2009-05-01,"pet","WWP",155.5
2009-05-01,"pet","MCL",146
2009-05-01,"pet","BORR",151.2
2009-05-01,"pet","ANGELO",115.5
2009-06-01,"pet","SEDG",141.5
2009-06-01,"pet","WWP",150.9
2009-06-01,"pet","MCL",154.6
2009-06-01,"pet","BORR",166.1
2009-06-01,"pet","ANGELO",129.6
2009-07-01,"pet","SEDG",177.9
2009-07-01,"pet","WWP",195.4
2009-07-01,"pet","MCL",193.8
2009-07-01,"pet","BORR",206.3
2009-07-01,"pet","ANGELO",158.7
2009-08-01,"pet","SEDG",177.9
2009-08-01,"pet","WWP",187.3
2009-08-01,"pet","MCL",185.9
2009-08-01,"pet","BORR",189.8
2009-08-01,"pet","ANGELO",149
2009-09-01,"pet","SEDG",149.4
2009-09-01,"pet","WWP",153.9
2009-09-01,"pet","MCL",149.2
2009-09-01,"pet","BORR",147.3
2009-09-01,"pet","ANGELO",119.1
2009-10-01,"pet","SEDG",117.6
2009-10-01,"pet","WWP",111.1
2009-10-01,"pet","MCL",100.6
2009-10-01,"pet","BORR",91.4
2009-10-01,"pet","ANGELO",77.7
2009-11-01,"pet","SEDG",82
2009-11-01,"pet","WWP",80.9
2009-11-01,"pet","MCL",60.8
2009-11-01,"pet","BORR",52.2
2009-11-01,"pet","ANGELO",40.7
2009-12-01,"pet","SEDG",53.9
2009-12-01,"pet","WWP",54.9
2009-12-01,"pet","MCL",36.3
2009-12-01,"pet","BORR",27.9
2009-12-01,"pet","ANGELO",26.7
2010-01-01,"pet","SEDG",54.6
2010-01-01,"pet","WWP",56.6
2010-01-01,"pet","MCL",34.7
2010-01-01,"pet","BORR",22.5
2010-01-01,"pet","ANGELO",28.6
2010-02-01,"pet","SEDG",54.8
2010-02-01,"pet","WWP",47.2
2010-02-01,"pet","MCL",37.8
2010-02-01,"pet","BORR",31.1
2010-02-01,"pet","ANGELO",35.7
2010-03-01,"pet","SEDG",97.5
2010-03-01,"pet","WWP",87.4
2010-03-01,"pet","MCL",76.8
2010-03-01,"pet","BORR",75.4
2010-03-01,"pet","ANGELO",64.3
2010-04-01,"pet","SEDG",103.3
2010-04-01,"pet","WWP",93.7
2010-04-01,"pet","MCL",84.7
2010-04-01,"pet","BORR",83.8
2010-04-01,"pet","ANGELO",75.6
2010-05-01,"pet","SEDG",149
2010-05-01,"pet","WWP",133.1
2010-05-01,"pet","MCL",118.5
2010-05-01,"pet","BORR",124.4
2010-05-01,"pet","ANGELO",94.4
2010-06-01,"pet","SEDG",163.2
2010-06-01,"pet","WWP",169.5
2010-06-01,"pet","MCL",162.8
2010-06-01,"pet","BORR",178.9
2010-06-01,"pet","ANGELO",125.7
2010-07-01,"pet","SEDG",162.7
2010-07-01,"pet","WWP",188.7
2010-07-01,"pet","MCL",185.4
2010-07-01,"pet","BORR",203.3
2010-07-01,"pet","ANGELO",152.4
2010-08-01,"pet","SEDG",173.2
2010-08-01,"pet","WWP",187.3
2010-08-01,"pet","MCL",180.8
2010-08-01,"pet","BORR",181.6
2010-08-01,"pet","ANGELO",147.5
2010-09-01,"pet","SEDG",147.3
2010-09-01,"pet","WWP",153.1
2010-09-01,"pet","MCL",146.4
2010-09-01,"pet","BORR",138.5
2010-09-01,"pet","ANGELO",117.5
2010-10-01,"pet","SEDG",93.2
2010-10-01,"pet","WWP",91
2010-10-01,"pet","MCL",96.6
2010-10-01,"pet","BORR",85.5
2010-10-01,"pet","ANGELO",75.4
2010-11-01,"pet","SEDG",75.2
2010-11-01,"pet","WWP",69.4
2010-11-01,"pet","MCL",60.8
2010-11-01,"pet","BORR",49.8
2010-11-01,"pet","ANGELO",39.3
2010-12-01,"pet","SEDG",51
2010-12-01,"pet","WWP",50.3
2010-12-01,"pet","MCL",34
2010-12-01,"pet","BORR",21.5
2010-12-01,"pet","ANGELO",25.6
2011-01-01,"pet","SEDG",60.9
2011-01-01,"pet","WWP",55.5
2011-01-01,"pet","MCL",38.8
2011-01-01,"pet","BORR",36.8
2011-01-01,"pet","ANGELO",36.2
2011-02-01,"pet","SEDG",62.1
2011-02-01,"pet","WWP",59.2
2011-02-01,"pet","MCL",53.1
2011-02-01,"pet","BORR",54.3
2011-02-01,"pet","ANGELO",46.5
2011-03-01,"pet","SEDG",85.1
2011-03-01,"pet","WWP",69.7
2011-03-01,"pet","MCL",58.2
2011-03-01,"pet","BORR",49.6
2011-03-01,"pet","ANGELO",45.9
2011-04-01,"pet","SEDG",121.5
2011-04-01,"pet","WWP",102.2
2011-04-01,"pet","MCL",96.2
2011-04-01,"pet","BORR",96.4
2011-04-01,"pet","ANGELO",77.9
2011-05-01,"pet","SEDG",146.9
2011-05-01,"pet","WWP",139.1
2011-05-01,"pet","MCL",125
2011-05-01,"pet","BORR",129.4
2011-05-01,"pet","ANGELO",102.8
2011-06-01,"pet","SEDG",140.5
2011-06-01,"pet","WWP",160
2011-06-01,"pet","MCL",142.7
2011-06-01,"pet","BORR",145.6
2011-06-01,"pet","ANGELO",125.2
2011-07-01,"pet","SEDG",168.1
2011-07-01,"pet","WWP",180.8
2011-07-01,"pet","MCL",181.7
2011-07-01,"pet","BORR",186.9
2011-07-01,"pet","ANGELO",144.8
2011-08-01,"pet","SEDG",180.4
2011-08-01,"pet","WWP",188.9
2011-08-01,"pet","MCL",180
2011-08-01,"pet","BORR",180.6
2011-08-01,"pet","ANGELO",145.9
2011-09-01,"pet","SEDG",132.9
2011-09-01,"pet","WWP",146.7
2011-09-01,"pet","MCL",146.5
2011-09-01,"pet","BORR",142.2
2011-09-01,"pet","ANGELO",123.7
2011-10-01,"pet","SEDG",107.2
2011-10-01,"pet","WWP",107.3
2011-10-01,"pet","MCL",99.3
2011-10-01,"pet","BORR",86.5
2011-10-01,"pet","ANGELO",71.6
2011-11-01,"pet","SEDG",71.9
2011-11-01,"pet","WWP",73.2
2011-11-01,"pet","MCL",55.3
2011-11-01,"pet","BORR",45.7
2011-11-01,"pet","ANGELO",42
2011-12-01,"pet","SEDG",58.6
2011-12-01,"pet","WWP",61.8
2011-12-01,"pet","MCL",45.9
2011-12-01,"pet","BORR",48.7
2011-12-01,"pet","ANGELO",33.3
2012-01-01,"pet","SEDG",72.2
2012-01-01,"pet","WWP",77.9
2012-01-01,"pet","MCL",49.9
2012-01-01,"pet","BORR",44
2012-01-01,"pet","ANGELO",37.6
2012-02-01,"pet","SEDG",74.9
2012-02-01,"pet","WWP",72.7
2012-02-01,"pet","MCL",55.7
2012-02-01,"pet","BORR",55.2
2012-02-01,"pet","ANGELO",46.9
2012-03-01,"pet","SEDG",98.4
2012-03-01,"pet","WWP",93.7
2012-03-01,"pet","MCL",75.7
2012-03-01,"pet","BORR",65
2012-03-01,"pet","ANGELO",54.3
2012-04-01,"pet","SEDG",115.4
2012-04-01,"pet","WWP",109.3
2012-04-01,"pet","MCL",104.6
2012-04-01,"pet","BORR",94
2012-04-01,"pet","ANGELO",72
2012-05-01,"pet","SEDG",167.1
2012-05-01,"pet","WWP",162.8
2012-05-01,"pet","MCL",155.8
2012-05-01,"pet","BORR",159.6
2012-05-01,"pet","ANGELO",124.3
2012-06-01,"pet","SEDG",167
2012-06-01,"pet","WWP",181.3
2012-06-01,"pet","MCL",176.4
2012-06-01,"pet","BORR",189.1
2012-06-01,"pet","ANGELO",139.9
2012-07-01,"pet","SEDG",165.8
2012-07-01,"pet","WWP",187.8
2012-07-01,"pet","MCL",188.5
2012-07-01,"pet","BORR",195.1
2012-07-01,"pet","ANGELO",154.8
2012-08-01,"pet","SEDG",175.3
2012-08-01,"pet","WWP",184.5
2012-08-01,"pet","MCL",187
2012-08-01,"pet","BORR",188.9
2012-08-01,"pet","ANGELO",147.7
2012-09-01,"pet","SEDG",143
2012-09-01,"pet","WWP",146.8
2012-09-01,"pet","MCL",140.9
2012-09-01,"pet","BORR",138.6
2012-09-01,"pet","ANGELO",116.5
2012-10-01,"pet","SEDG",117.4
2012-10-01,"pet","WWP",111.4
2012-10-01,"pet","MCL",97.2
2012-10-01,"pet","BORR",89.5
2012-10-01,"pet","ANGELO",71.6
2012-11-01,"pet","SEDG",77.3
2012-11-01,"pet","WWP",76.6
2012-11-01,"pet","MCL",58.2
2012-11-01,"pet","BORR",43.2
2012-11-01,"pet","ANGELO",38
2012-12-01,"pet","SEDG",49.1
2012-12-01,"pet","WWP",50.3
2012-12-01,"pet","MCL",37
2012-12-01,"pet","BORR",28
2012-12-01,"pet","ANGELO",30.3
2013-01-01,"pet","SEDG",62
2013-01-01,"pet","WWP",60
2013-01-01,"pet","MCL",42.3
2013-01-01,"pet","BORR",35.9
2013-01-01,"pet","ANGELO",34.6
2013-02-01,"pet","SEDG",69.6
2013-02-01,"pet","WWP",61.4
2013-02-01,"pet","MCL",52.8
2013-02-01,"pet","BORR",57.2
2013-02-01,"pet","ANGELO",46.6
2013-03-01,"pet","SEDG",101.9
2013-03-01,"pet","WWP",94.2
2013-03-01,"pet","MCL",84.7
2013-03-01,"pet","BORR",81.5
2013-03-01,"pet","ANGELO",67.2
2013-04-01,"pet","SEDG",135.1
2013-04-01,"pet","WWP",132.1
2013-04-01,"pet","MCL",128.7
2013-04-01,"pet","BORR",133.5
2013-04-01,"pet","ANGELO",102.2
2013-05-01,"pet","SEDG",173.1
2013-05-01,"pet","WWP",167.7
2013-05-01,"pet","MCL",155.9
2013-05-01,"pet","BORR",169.1
2013-05-01,"pet","ANGELO",127.5
2013-06-01,"pet","SEDG",173.4
2013-06-01,"pet","WWP",190.8
2013-06-01,"pet","MCL",173.9
2013-06-01,"pet","BORR",188.7
2013-06-01,"pet","ANGELO",140.7
2013-07-01,"pet","SEDG",178.6
2013-07-01,"pet","WWP",192.9
2013-07-01,"pet","MCL",193.7
2013-07-01,"pet","BORR",205.5
2013-07-01,"pet","ANGELO",158.3
2013-08-01,"pet","SEDG",183.4
2013-08-01,"pet","WWP",192.2
2013-08-01,"pet","MCL",179.5
2013-08-01,"pet","BORR",181.2
2013-08-01,"pet","ANGELO",135
2013-09-01,"pet","SEDG",159.9
2013-09-01,"pet","WWP",150.9
2013-09-01,"pet","MCL",144.5
2013-09-01,"pet","BORR",137.8
2013-09-01,"pet","ANGELO",106.4
2013-10-01,"pet","SEDG",114
2013-10-01,"pet","WWP",118
2013-10-01,"pet","MCL",104.8
2013-10-01,"pet","BORR",100.9
2013-10-01,"pet","ANGELO",80.2
2013-11-01,"pet","SEDG",78
2013-11-01,"pet","WWP",78.5
2013-11-01,"pet","MCL",61.4
2013-11-01,"pet","BORR",61
2013-11-01,"pet","ANGELO",47.5
2013-12-01,"pet","SEDG",71.6
2013-12-01,"pet","WWP",68.5
2013-12-01,"pet","MCL",51
2013-12-01,"pet","BORR",46.4
2013-12-01,"pet","ANGELO",34.9
2014-01-01,"pet","SEDG",85.2
2014-01-01,"pet","WWP",82.6
2014-01-01,"pet","MCL",58.6
2014-01-01,"pet","BORR",57.9
2014-01-01,"pet","ANGELO",44.2
2014-02-01,"pet","SEDG",76.5
2014-02-01,"pet","WWP",75.3
2014-02-01,"pet","MCL",51.9
2014-02-01,"pet","BORR",43.2
2014-02-01,"pet","ANGELO",37.2
2014-03-01,"pet","SEDG",107.5
2014-03-01,"pet","WWP",111.1
2014-03-01,"pet","MCL",89.9
2014-03-01,"pet","BORR",80.3
2014-03-01,"pet","ANGELO",69.7
2014-04-01,"pet","SEDG",135
2014-04-01,"pet","WWP",134.4
2014-04-01,"pet","MCL",119
2014-04-01,"pet","BORR",111.9
2014-04-01,"pet","ANGELO",91.9
2014-05-01,"pet","SEDG",185.3
2014-05-01,"pet","WWP",181.5
2014-05-01,"pet","MCL",170.7
2014-05-01,"pet","BORR",172.6
2014-05-01,"pet","ANGELO",127.2
2014-06-01,"pet","SEDG",180.1
2014-06-01,"pet","WWP",203.2
2014-06-01,"pet","MCL",189.2
2014-06-01,"pet","BORR",202.3
2014-06-01,"pet","ANGELO",164.2
2014-07-01,"pet","SEDG",177.6
2014-07-01,"pet","WWP",194.3
2014-07-01,"pet","MCL",192.8
2014-07-01,"pet","BORR",203.7
2014-07-01,"pet","ANGELO",156.2
2014-08-01,"pet","SEDG",179.1
2014-08-01,"pet","WWP",194.5
2014-08-01,"pet","MCL",183.3
2014-08-01,"pet","BORR",179.5
2014-08-01,"pet","ANGELO",144
2014-09-01,"pet","SEDG",155.6
2014-09-01,"pet","WWP",155.2
2014-09-01,"pet","MCL",141.3
2014-09-01,"pet","BORR",136.2
2014-09-01,"pet","ANGELO",110.6
2014-10-01,"pet","SEDG",125.2
2014-10-01,"pet","WWP",126.5
2014-10-01,"pet","MCL",111.7
2014-10-01,"pet","BORR",95.2
2014-10-01,"pet","ANGELO",76.9
2014-11-01,"pet","SEDG",88.7
2014-11-01,"pet","WWP",81.5
2014-11-01,"pet","MCL",58.8
2014-11-01,"pet","BORR",44.5
2014-11-01,"pet","ANGELO",38.7
2014-12-01,"pet","SEDG",61.9
2014-12-01,"pet","WWP",53
2014-12-01,"pet","MCL",37.6
2014-12-01,"pet","BORR",24.6
2014-12-01,"pet","ANGELO",29.5
2015-01-01,"pet","SEDG",60.3
2015-01-01,"pet","WWP",61.5
2015-01-01,"pet","MCL",40.2
2015-01-01,"pet","BORR",34.3
2015-01-01,"pet","ANGELO",36.1
2015-02-01,"pet","SEDG",74.1
2015-02-01,"pet","WWP",75.8
2015-02-01,"pet","MCL",54.7
2015-02-01,"pet","BORR",53.7
2015-02-01,"pet","ANGELO",53.1
2015-03-01,"pet","SEDG",122.6
2015-03-01,"pet","WWP",109.4
2015-03-01,"pet","MCL",94.8
2015-03-01,"pet","BORR",92.3
2015-03-01,"pet","ANGELO",77.4
2015-04-01,"pet","SEDG",139.8
2015-04-01,"pet","WWP",129.3
2015-04-01,"pet","MCL",123.1
2015-04-01,"pet","BORR",122.1
2015-04-01,"pet","ANGELO",98.4
2015-05-01,"pet","SEDG",135.8
2015-05-01,"pet","WWP",143.6
2015-05-01,"pet","MCL",129.2
2015-05-01,"pet","BORR",133.8
2015-05-01,"pet","ANGELO",117.3
2015-06-01,"pet","SEDG",164.3
2015-06-01,"pet","WWP",185.7
2015-06-01,"pet","MCL",172.2
2015-06-01,"pet","BORR",185.8
2015-06-01,"pet","ANGELO",153.2
2015-07-01,"pet","SEDG",166.4
2015-07-01,"pet","WWP",174.6
2015-07-01,"pet","MCL",180.8
2015-07-01,"pet","BORR",191.6
2015-07-01,"pet","ANGELO",152
2015-08-01,"pet","SEDG",186.7
2015-08-01,"pet","WWP",191.2
2015-08-01,"pet","MCL",185.1
2015-08-01,"pet","BORR",182.9
2015-08-01,"pet","ANGELO",140
2015-09-01,"pet","SEDG",149.6
2015-09-01,"pet","WWP",150.8
2015-09-01,"pet","MCL",152.2
2015-09-01,"pet","BORR",140.2
2015-09-01,"pet","ANGELO",118.2
2015-10-01,"pet","SEDG",123.6
2015-10-01,"pet","WWP",105.2
2015-10-01,"pet","MCL",98.9
2015-10-01,"pet","BORR",92.8
2015-10-01,"pet","ANGELO",78.7
2015-11-01,"pet","SEDG",91.8
2015-11-01,"pet","WWP",75.1
2015-11-01,"pet","MCL",60.3
2015-11-01,"pet","BORR",52.5
2015-11-01,"pet","ANGELO",45.1
2015-12-01,"pet","SEDG",69.6
2015-12-01,"pet","WWP",55.3
2015-12-01,"pet","MCL",37.5
2015-12-01,"pet","BORR",26.6
2015-12-01,"pet","ANGELO",26.2
2016-01-01,"pet","SEDG",51.5
2016-01-01,"pet","WWP",52.2
2016-01-01,"pet","MCL",33.7
2016-01-01,"pet","BORR",23.1
2016-01-01,"pet","ANGELO",30.6
2016-02-01,"pet","SEDG",88.6
2016-02-01,"pet","WWP",78.2
2016-02-01,"pet","MCL",56.9
2016-02-01,"pet","BORR",49.6
2016-02-01,"pet","ANGELO",46.9
2016-03-01,"pet","SEDG",106.1
2016-03-01,"pet","WWP",92.9
2016-03-01,"pet","MCL",73.4
2016-03-01,"pet","BORR",67.9
2016-03-01,"pet","ANGELO",63
2016-04-01,"pet","SEDG",133.9
2016-04-01,"pet","WWP",115.7
2016-04-01,"pet","MCL",107.3
2016-04-01,"pet","BORR",110.8
2016-04-01,"pet","ANGELO",93.2
2016-05-01,"pet","SEDG",134
2016-05-01,"pet","WWP",137.2
2016-05-01,"pet","MCL",128.1
2016-05-01,"pet","BORR",130.4
2016-05-01,"pet","ANGELO",113.6
2016-06-01,"pet","SEDG",176.8
2016-06-01,"pet","WWP",188.9
2016-06-01,"pet","MCL",185.5
2016-06-01,"pet","BORR",190.8
2016-06-01,"pet","ANGELO",153.4
2016-07-01,"pet","SEDG",182.2
2016-07-01,"pet","WWP",208.3
2016-07-01,"pet","MCL",197.1
2016-07-01,"pet","BORR",210.1
2016-07-01,"pet","ANGELO",167.8
2016-08-01,"pet","SEDG",171.7
2016-08-01,"pet","WWP",200.1
2016-08-01,"pet","MCL",181.2
2016-08-01,"pet","BORR",184
2016-08-01,"pet","ANGELO",143.9
2016-09-01,"pet","SEDG",146.3
2016-09-01,"pet","WWP",157.8
2016-09-01,"pet","MCL",149.2
2016-09-01,"pet","BORR",141.6
2016-09-01,"pet","ANGELO",123.7
2016-10-01,"pet","SEDG",111.1
2016-10-01,"pet","WWP",110.5
2016-10-01,"pet","MCL",92.5
2016-10-01,"pet","BORR",76.9
2016-10-01,"pet","ANGELO",61.9
2016-11-01,"pet","SEDG",82.8
2016-11-01,"pet","WWP",80.6
2016-11-01,"pet","MCL",50.5
2016-11-01,"pet","BORR",37.9
2016-11-01,"pet","ANGELO",37.4
2016-12-01,"pet","SEDG",57.6
2016-12-01,"pet","WWP",51.7
2016-12-01,"pet","MCL",41.3
2016-12-01,"pet","BORR",33.8
2016-12-01,"pet","ANGELO",32.4
2017-01-01,"pet","SEDG",53.3
2017-01-01,"pet","WWP",47.7
2017-01-01,"pet","MCL",38
2017-01-01,"pet","BORR",30.5
2017-01-01,"pet","ANGELO",30.9
2017-02-01,"pet","SEDG",49.1
2017-02-01,"pet","WWP",47
2017-02-01,"pet","MCL",38.9
2017-02-01,"pet","BORR",33.3
2017-02-01,"pet","ANGELO",33.5
2017-03-01,"pet","SEDG",104
2017-03-01,"pet","WWP",87.1
2017-03-01,"pet","MCL",77.8
2017-03-01,"pet","BORR",73.8
2017-03-01,"pet","ANGELO",59.9
2017-04-01,"pet","SEDG",125.1
2017-04-01,"pet","WWP",113.5
2017-04-01,"pet","MCL",96.3
2017-04-01,"pet","BORR",94.7
2017-04-01,"pet","ANGELO",77.6
2017-05-01,"pet","SEDG",147.6
2017-05-01,"pet","WWP",150.1
2017-05-01,"pet","MCL",147.7
2017-05-01,"pet","BORR",156.3
2017-05-01,"pet","ANGELO",120.3
2017-06-01,"pet","SEDG",170
2017-06-01,"pet","WWP",182.6
2017-06-01,"pet","MCL",170.3
2017-06-01,"pet","BORR",187.7
2017-06-01,"pet","ANGELO",147.2
2017-07-01,"pet","SEDG",175.4
2017-07-01,"pet","WWP",203.3
2017-07-01,"pet","MCL",203.2
2017-07-01,"pet","BORR",219.1
2017-07-01,"pet","ANGELO",172.1
2017-08-01,"pet","SEDG",164.8
2017-08-01,"pet","WWP",186.2
2017-08-01,"pet","MCL",185.2
2017-08-01,"pet","BORR",187.4
2017-08-01,"pet","ANGELO",147.9
2017-09-01,"pet","SEDG",143.7
2017-09-01,"pet","WWP",144.6
2017-09-01,"pet","MCL",148.6
2017-09-01,"pet","BORR",143.4
2017-09-01,"pet","ANGELO",121.2
2017-10-01,"pet","SEDG",134.5
2017-10-01,"pet","WWP",123.7
2017-10-01,"pet","MCL",114.9
2017-10-01,"pet","BORR",111.4
2017-10-01,"pet","ANGELO",94.7
2017-11-01,"pet","SEDG",78.2
2017-11-01,"pet","WWP",74.5
2017-11-01,"pet","MCL",53.1
2017-11-01,"pet","BORR",39
2017-11-01,"pet","ANGELO",35.5
2017-12-01,"pet","SEDG",78.2
2017-12-01,"pet","WWP",77.2
2017-12-01,"pet","MCL",53.6
2017-12-01,"pet","BORR",46.4
2017-12-01,"pet","ANGELO",33.3
2018-01-01,"pet","SEDG",67.7
2018-01-01,"pet","WWP",63.2
2018-01-01,"pet","MCL",38.6
2018-01-01,"pet","BORR",28
2018-01-01,"pet","ANGELO",30.5
2018-02-01,"pet","SEDG",80.8
2018-02-01,"pet","WWP",76.6
2018-02-01,"pet","MCL",67.1
2018-02-01,"pet","BORR",69.4
2018-02-01,"pet","ANGELO",56.9
2018-03-01,"pet","SEDG",82.8
2018-03-01,"pet","WWP",72.7
2018-03-01,"pet","MCL",71.8
2018-03-01,"pet","BORR",70.1
2018-03-01,"pet","ANGELO",61.6
2018-04-01,"pet","SEDG",127.4
2018-04-01,"pet","WWP",119.8
2018-04-01,"pet","MCL",104.5
2018-04-01,"pet","BORR",97.3
2018-04-01,"pet","ANGELO",78.7
2018-05-01,"pet","SEDG",136.3
2018-05-01,"pet","WWP",143.5
2018-05-01,"pet","MCL",139.8
2018-05-01,"pet","BORR",143.3
2018-05-01,"pet","ANGELO",112.5
2018-06-01,"pet","SEDG",165.2
2018-06-01,"pet","WWP",188.9
2018-06-01,"pet","MCL",183.7
2018-06-01,"pet","BORR",198.9
2018-06-01,"pet","ANGELO",162
2018-07-01,"pet","SEDG",183
2018-07-01,"pet","WWP",197.8
2018-07-01,"pet","MCL",201.8
2018-07-01,"pet","BORR",213.1
2018-07-01,"pet","ANGELO",166.8
2018-08-01,"pet","SEDG",183.8
2018-08-01,"pet","WWP",198.3
2018-08-01,"pet","MCL",185.7
2018-08-01,"pet","BORR",185.6
2018-08-01,"pet","ANGELO",146.4
2018-09-01,"pet","SEDG",139.5
2018-09-01,"pet","WWP",159.2
2018-09-01,"pet","MCL",141.8
2018-09-01,"pet","BORR",137.7
2018-09-01,"pet","ANGELO",119.6
2018-10-01,"pet","SEDG",111
2018-10-01,"pet","WWP",112.1
2018-10-01,"pet","MCL",98.9
2018-10-01,"pet","BORR",99.2
2018-10-01,"pet","ANGELO",77.4
2018-11-01,"pet","SEDG",84.1
2018-11-01,"pet","WWP",90.1
2018-11-01,"pet","MCL",66.1
2018-11-01,"pet","BORR",63.4
2018-11-01,"pet","ANGELO",54.5
2018-12-01,"pet","SEDG",60.5
2018-12-01,"pet","WWP",62.2
2018-12-01,"pet","MCL",38.4
2018-12-01,"pet","BORR",33.4
2018-12-01,"pet","ANGELO",31.5
2019-01-01,"pet","SEDG",56.5
2019-01-01,"pet","WWP",62.2
2019-01-01,"pet","MCL",43.9
2019-01-01,"pet","BORR",33.7
2019-01-01,"pet","ANGELO",38.1
2019-02-01,"pet","SEDG",56.6
2019-02-01,"pet","WWP",48.5
2019-02-01,"pet","MCL",43.1
2019-02-01,"pet","BORR",34
2019-02-01,"pet","ANGELO",33.2
2019-03-01,"pet","SEDG",86.4
2019-03-01,"pet","WWP",76.6
2019-03-01,"pet","MCL",66.1
2019-03-01,"pet","BORR",59.2
2019-03-01,"pet","ANGELO",57.1
2019-04-01,"pet","SEDG",114.8
2019-04-01,"pet","WWP",121.5
2019-04-01,"pet","MCL",100.3
2019-04-01,"pet","BORR",95.7
2019-04-01,"pet","ANGELO",87.1
2019-05-01,"pet","SEDG",117.9
2019-05-01,"pet","WWP",112.5
2019-05-01,"pet","MCL",120
2019-05-01,"pet","BORR",119.9
2019-05-01,"pet","ANGELO",104.9
2019-06-01,"pet","SEDG",146.9
2019-06-01,"pet","WWP",182.7
2019-06-01,"pet","MCL",178
2019-06-01,"pet","BORR",194.5
2019-06-01,"pet","ANGELO",158.4
2019-07-01,"pet","SEDG",179
2019-07-01,"pet","WWP",201
2019-07-01,"pet","MCL",191.8
2019-07-01,"pet","BORR",203.2
2019-07-01,"pet","ANGELO",165.5
2019-08-01,"pet","SEDG",173.5
2019-08-01,"pet","WWP",196
2019-08-01,"pet","MCL",186.1
2019-08-01,"pet","BORR",190.5
2019-08-01,"pet","ANGELO",150.4
2019-09-01,"pet","SEDG",157.5
2019-09-01,"pet","WWP",155.3
2019-09-01,"pet","MCL",148.2
2019-09-01,"pet","BORR",147.6
2019-09-01,"pet","ANGELO",119.3
2019-10-01,"pet","SEDG",135.6
2019-10-01,"pet","WWP",126.7
2019-10-01,"pet","MCL",116.3
2019-10-01,"pet","BORR",116.5
2019-10-01,"pet","ANGELO",92.9
2019-11-01,"pet","SEDG",83.5
2019-11-01,"pet","WWP",85.7
2019-11-01,"pet","MCL",62.8
2019-11-01,"pet","BORR",60
2019-11-01,"pet","ANGELO",50
2019-12-01,"pet","SEDG",58.6
2019-12-01,"pet","WWP",55.4
2019-12-01,"pet","MCL",37.3
2019-12-01,"pet","BORR",26.8
2019-12-01,"pet","ANGELO",32.1
2020-01-01,"pet","SEDG",68
2020-01-01,"pet","WWP",56.4
2020-01-01,"pet","MCL",36.4
2020-01-01,"pet","BORR",31.4
2020-01-01,"pet","ANGELO",29.7
2020-02-01,"pet","SEDG",80.9
2020-02-01,"pet","WWP",81.9
2020-02-01,"pet","MCL",66.2
2020-02-01,"pet","BORR",67.5
2020-02-01,"pet","ANGELO",57.1
2020-03-01,"pet","SEDG",79
2020-03-01,"pet","WWP",72.8
2020-03-01,"pet","MCL",67.1
2020-03-01,"pet","BORR",76.2
2020-03-01,"pet","ANGELO",66.1
2020-04-01,"pet","SEDG",116.4
2020-04-01,"pet","WWP",96.5
2020-04-01,"pet","MCL",94.9
2020-04-01,"pet","BORR",108.3
2020-04-01,"pet","ANGELO",87
2020-05-01,"pet","SEDG",166.6
2020-05-01,"pet","WWP",164.4
2020-05-01,"pet","MCL",148.6
2020-05-01,"pet","BORR",150.6
2020-05-01,"pet","ANGELO",107
2020-06-01,"pet","SEDG",167.6
2020-06-01,"pet","WWP",184.9
2020-06-01,"pet","MCL",184.4
2020-06-01,"pet","BORR",194.2
2020-06-01,"pet","ANGELO",142.4
2020-07-01,"pet","SEDG",180.5
2020-07-01,"pet","WWP",208.5
2020-07-01,"pet","MCL",195.2
2020-07-01,"pet","BORR",213.7
2020-07-01,"pet","ANGELO",164.1
2020-08-01,"pet","SEDG",181.2
2020-08-01,"pet","WWP",196.7
2020-08-01,"pet","MCL",192.2
2020-08-01,"pet","BORR",192.3
2020-08-01,"pet","ANGELO",152.2
2020-09-01,"pet","SEDG",153.6
2020-09-01,"pet","WWP",164.2
2020-09-01,"pet","MCL",152.6
2020-09-01,"pet","BORR",157.6
2020-09-01,"pet","ANGELO",121.6
2020-10-01,"pet","SEDG",119.8
2020-10-01,"pet","WWP",126.3
2020-10-01,"pet","MCL",116.9
2020-10-01,"pet","BORR",119.5
2020-10-01,"pet","ANGELO",103.2
2020-11-01,"pet","SEDG",90
2020-11-01,"pet","WWP",83.3
2020-11-01,"pet","MCL",70.3
2020-11-01,"pet","BORR",60.4
2020-11-01,"pet","ANGELO",48.1
2020-12-01,"pet","SEDG",73.9
2020-12-01,"pet","WWP",70.5
2020-12-01,"pet","MCL",49.2
2020-12-01,"pet","BORR",44.7
2020-12-01,"pet","ANGELO",32.2
2021-01-01,"pet","SEDG",69
2021-01-01,"pet","WWP",62.9
2021-01-01,"pet","MCL",49.3
2021-01-01,"pet","BORR",40.7
2021-01-01,"pet","ANGELO",35.8
2021-02-01,"pet","SEDG",77.2
2021-02-01,"pet","WWP",70.6
2021-02-01,"pet","MCL",60.6
2021-02-01,"pet","BORR",59.6
2021-02-01,"pet","ANGELO",46.7
2021-03-01,"pet","SEDG",94.8
2021-03-01,"pet","WWP",97.9
2021-03-01,"pet","MCL",84.9
2021-03-01,"pet","BORR",88.4
2021-03-01,"pet","ANGELO",70.5
2021-04-01,"pet","SEDG",129.6
2021-04-01,"pet","WWP",135.6
2021-04-01,"pet","MCL",117.1
2021-04-01,"pet","BORR",123.3
2021-04-01,"pet","ANGELO",95.2
2021-05-01,"pet","SEDG",150.1
2021-05-01,"pet","WWP",174.3
2021-05-01,"pet","MCL",156.8
2021-05-01,"pet","BORR",180.4
2021-05-01,"pet","ANGELO",134
2021-06-01,"pet","SEDG",165.4
2021-06-01,"pet","WWP",193.4
2021-06-01,"pet","MCL",180.3
2021-06-01,"pet","BORR",203
2021-06-01,"pet","ANGELO",141.1
2021-07-01,"pet","SEDG",170.6
2021-07-01,"pet","WWP",202.8
2021-07-01,"pet","MCL",197.9
2021-07-01,"pet","BORR",214
2021-07-01,"pet","ANGELO",163.3
2021-08-01,"pet","SEDG",167.3
2021-08-01,"pet","WWP",200.9
2021-08-01,"pet","MCL",189.7
2021-08-01,"pet","BORR",198.1
2021-08-01,"pet","ANGELO",157.3
2021-09-01,"pet","SEDG",132.7
2021-09-01,"pet","WWP",157.3
2021-09-01,"pet","MCL",148.5
2021-09-01,"pet","BORR",151.1
2021-09-01,"pet","ANGELO",119
2021-10-01,"pet","SEDG",114.2
2021-10-01,"pet","WWP",111.5
2021-10-01,"pet","MCL",103.1
2021-10-01,"pet","BORR",89.4
2021-10-01,"pet","ANGELO",73.6
2021-11-01,"pet","SEDG",78.4
2021-11-01,"pet","WWP",76.6
2021-11-01,"pet","MCL",54
2021-11-01,"pet","BORR",43.6
2021-11-01,"pet","ANGELO",38.6
2021-12-01,"pet","SEDG",49.7
2021-12-01,"pet","WWP",51.8
2021-12-01,"pet","MCL",37.4
2021-12-01,"pet","BORR",27.3
2021-12-01,"pet","ANGELO",26.3
2022-01-01,"pet","SEDG",61.7
2022-01-01,"pet","WWP",64.5
2022-01-01,"pet","MCL",41.1
2022-01-01,"pet","BORR",40.3
2022-01-01,"pet","ANGELO",36.6
2022-02-01,"pet","SEDG",82.7
2022-02-01,"pet","WWP",80.5
2022-02-01,"pet","MCL",68.3
2022-02-01,"pet","BORR",78.4
2022-02-01,"pet","ANGELO",57.6
2022-03-01,"pet","SEDG",112.7
2022-03-01,"pet","WWP",102.6
2022-03-01,"pet","MCL",95.1
2022-03-01,"pet","BORR",99.2
2022-03-01,"pet","ANGELO",77.4
2022-04-01,"pet","SEDG",137
2022-04-01,"pet","WWP",128.8
2022-04-01,"pet","MCL",119
2022-04-01,"pet","BORR",121.1
2022-04-01,"pet","ANGELO",84.9
2022-05-01,"pet","SEDG",167.4
2022-05-01,"pet","WWP",167.8
2022-05-01,"pet","MCL",159.4
2022-05-01,"pet","BORR",171.8
2022-05-01,"pet","ANGELO",107.1
2022-06-01,"pet","SEDG",182.1
2022-06-01,"pet","WWP",186.9
2022-06-01,"pet","MCL",183.6
2022-06-01,"pet","BORR",201.4
2022-06-01,"pet","ANGELO",133
2022-07-01,"pet","SEDG",176.2
2022-07-01,"pet","WWP",201.9
2022-07-01,"pet","MCL",191.2
2022-07-01,"pet","BORR",207.4
2022-07-01,"pet","ANGELO",145.4
2022-08-01,"pet","SEDG",175.5
2022-08-01,"pet","WWP",194.5
2022-08-01,"pet","MCL",188.7
2022-08-01,"pet","BORR",192.8
2022-08-01,"pet","ANGELO",146.5
2022-09-01,"pet","SEDG",139.2
2022-09-01,"pet","WWP",147.3
2022-09-01,"pet","MCL",152.6
2022-09-01,"pet","BORR",140.7
2022-09-01,"pet","ANGELO",116.1
2022-10-01,"pet","SEDG",103.9
2022-10-01,"pet","WWP",116.3
2022-10-01,"pet","MCL",101.7
2022-10-01,"pet","BORR",96.9
2022-10-01,"pet","ANGELO",79.6
2022-11-01,"pet","SEDG",78
2022-11-01,"pet","WWP",75.2
2022-11-01,"pet","MCL",57.7
2022-11-01,"pet","BORR",55.5
2022-11-01,"pet","ANGELO",42.2
2022-12-01,"pet","SEDG",46.6
2022-12-01,"pet","WWP",44.9
2022-12-01,"pet","MCL",31
2022-12-01,"pet","BORR",24.1
2022-12-01,"pet","ANGELO",24.3
2023-01-01,"pet","SEDG",54
2023-01-01,"pet","WWP",49
2023-01-01,"pet","MCL",47.7
2023-01-01,"pet","BORR",43.5
2023-01-01,"pet","ANGELO",45.1
2023-02-01,"pet","SEDG",63.1
2023-02-01,"pet","WWP",56.8
2023-02-01,"pet","MCL",49.6
2023-02-01,"pet","BORR",48.4
2023-02-01,"pet","ANGELO",46.8
2023-03-01,"pet","SEDG",72.7
2023-03-01,"pet","WWP",59.8
2023-03-01,"pet","MCL",58.5
2023-03-01,"pet","BORR",55.2
2023-03-01,"pet","ANGELO",48.2
2023-04-01,"pet","SEDG",119.5
2023-04-01,"pet","WWP",115.8
2023-04-01,"pet","MCL",104.1
2023-04-01,"pet","BORR",108.7
2023-04-01,"pet","ANGELO",80.6
2023-05-01,"pet","SEDG",119.3
2023-05-01,"pet","WWP",132.1
2023-05-01,"pet","MCL",120.4
2023-05-01,"pet","BORR",127.4
2023-05-01,"pet","ANGELO",103.7
2023-06-01,"pet","SEDG",127.6
2023-06-01,"pet","WWP",143.3
2023-06-01,"pet","MCL",150.4
2023-06-01,"pet","BORR",165.6
2023-06-01,"pet","ANGELO",131.8
2023-07-01,"pet","SEDG",179.5
2023-07-01,"pet","WWP",204.1
2023-07-01,"pet","MCL",198.5
2023-07-01,"pet","BORR",213.3
2023-07-01,"pet","ANGELO",173.6
2023-08-01,"pet","SEDG",174.6
2023-08-01,"pet","WWP",179.9
2023-08-01,"pet","MCL",184.4
2023-08-01,"pet","BORR",191.5
2023-08-01,"pet","ANGELO",146.8
2023-09-01,"pet","SEDG",129.3
2023-09-01,"pet","WWP",135.2
2023-09-01,"pet","MCL",129.5
2023-09-01,"pet","BORR",127.6
2023-09-01,"pet","ANGELO",104.6
2023-10-01,"pet","SEDG",117.5
2023-10-01,"pet","WWP",111.8
2023-10-01,"pet","MCL",102.6
2023-10-01,"pet","BORR",94.5
2023-10-01,"pet","ANGELO",73.3
2023-11-01,"pet","SEDG",88.1
2023-11-01,"pet","WWP",87.6
2023-11-01,"pet","MCL",66.7
2023-11-01,"pet","BORR",54.1
2023-11-01,"pet","ANGELO",42.8
2023-12-01,"pet","SEDG",64.6
2023-12-01,"pet","WWP",62.9
2023-12-01,"pet","MCL",41.8
2023-12-01,"pet","BORR",30.5
2023-12-01,"pet","ANGELO",29.1
2024-01-01,"pet","SEDG",58.8
2024-01-01,"pet","WWP",54
2024-01-01,"pet","MCL",38.6
2024-01-01,"pet","BORR",28.5
2024-01-01,"pet","ANGELO",33.1
1958-01-01,"ppt","SEDG",23.1
1958-01-01,"ppt","WWP",36.1
1958-01-01,"ppt","MCL",117.3
1958-01-01,"ppt","BORR",118
1958-01-01,"ppt","ANGELO",387.8
1958-02-01,"ppt","SEDG",205.2
1958-02-01,"ppt","WWP",122.5
1958-02-01,"ppt","MCL",332.7
1958-02-01,"ppt","BORR",349.1
1958-02-01,"ppt","ANGELO",509.5
1958-03-01,"ppt","SEDG",219.6
1958-03-01,"ppt","WWP",128.8
1958-03-01,"ppt","MCL",216.5
1958-03-01,"ppt","BORR",145.6
1958-03-01,"ppt","ANGELO",253.8
1958-04-01,"ppt","SEDG",203.4
1958-04-01,"ppt","WWP",152.4
1958-04-01,"ppt","MCL",214
1958-04-01,"ppt","BORR",171.8
1958-04-01,"ppt","ANGELO",179.9
1958-05-01,"ppt","SEDG",8.4
1958-05-01,"ppt","WWP",31.5
1958-05-01,"ppt","MCL",33.5
1958-05-01,"ppt","BORR",29.7
1958-05-01,"ppt","ANGELO",53.5
1958-06-01,"ppt","SEDG",0
1958-06-01,"ppt","WWP",0
1958-06-01,"ppt","MCL",4.6
1958-06-01,"ppt","BORR",31.2
1958-06-01,"ppt","ANGELO",29.8
1958-07-01,"ppt","SEDG",0
1958-07-01,"ppt","WWP",0.2
1958-07-01,"ppt","MCL",2.2
1958-07-01,"ppt","BORR",1
1958-07-01,"ppt","ANGELO",1.3
1958-08-01,"ppt","SEDG",0.3
1958-08-01,"ppt","WWP",2.1
1958-08-01,"ppt","MCL",1
1958-08-01,"ppt","BORR",0.9
1958-08-01,"ppt","ANGELO",1.7
1958-09-01,"ppt","SEDG",9.1
1958-09-01,"ppt","WWP",14.4
1958-09-01,"ppt","MCL",11.6
1958-09-01,"ppt","BORR",2.3
1958-09-01,"ppt","ANGELO",13.8
1958-10-01,"ppt","SEDG",1.8
1958-10-01,"ppt","WWP",4.6
1958-10-01,"ppt","MCL",0
1958-10-01,"ppt","BORR",1.5
1958-10-01,"ppt","ANGELO",37.8
1958-11-01,"ppt","SEDG",2.5
1958-11-01,"ppt","WWP",53.4
1958-11-01,"ppt","MCL",16.7
1958-11-01,"ppt","BORR",6.4
1958-11-01,"ppt","ANGELO",135.3
1958-12-01,"ppt","SEDG",13.8
1958-12-01,"ppt","WWP",24.7
1958-12-01,"ppt","MCL",38.4
1958-12-01,"ppt","BORR",65.1
1958-12-01,"ppt","ANGELO",130.3
1959-01-01,"ppt","SEDG",72.1
1959-01-01,"ppt","WWP",77.7
1959-01-01,"ppt","MCL",194.6
1959-01-01,"ppt","BORR",273.5
1959-01-01,"ppt","ANGELO",482.7
1959-02-01,"ppt","SEDG",185.9
1959-02-01,"ppt","WWP",126.2
1959-02-01,"ppt","MCL",205.3
1959-02-01,"ppt","BORR",184.3
1959-02-01,"ppt","ANGELO",340.8
1959-03-01,"ppt","SEDG",0.4
1959-03-01,"ppt","WWP",6.4
1959-03-01,"ppt","MCL",31.3
1959-03-01,"ppt","BORR",31.3
1959-03-01,"ppt","ANGELO",124.1
1959-04-01,"ppt","SEDG",31.6
1959-04-01,"ppt","WWP",42.9
1959-04-01,"ppt","MCL",24.8
1959-04-01,"ppt","BORR",15.1
1959-04-01,"ppt","ANGELO",15.1
1959-05-01,"ppt","SEDG",0.9
1959-05-01,"ppt","WWP",5.1
1959-05-01,"ppt","MCL",5.6
1959-05-01,"ppt","BORR",8.7
1959-05-01,"ppt","ANGELO",18.6
1959-06-01,"ppt","SEDG",0.1
1959-06-01,"ppt","WWP",0.4
1959-06-01,"ppt","MCL",0.6
1959-06-01,"ppt","BORR",0.9
1959-06-01,"ppt","ANGELO",2.3
1959-07-01,"ppt","SEDG",0
1959-07-01,"ppt","WWP",0.1
1959-07-01,"ppt","MCL",0
1959-07-01,"ppt","BORR",0
1959-07-01,"ppt","ANGELO",0.1
1959-08-01,"ppt","SEDG",1.5
1959-08-01,"ppt","WWP",8.5
1959-08-01,"ppt","MCL",6.1
1959-08-01,"ppt","BORR",13.7
1959-08-01,"ppt","ANGELO",5.1
1959-09-01,"ppt","SEDG",29.1
1959-09-01,"ppt","WWP",16
1959-09-01,"ppt","MCL",40.9
1959-09-01,"ppt","BORR",37.1
1959-09-01,"ppt","ANGELO",93.6
1959-10-01,"ppt","SEDG",0.8
1959-10-01,"ppt","WWP",0.6
1959-10-01,"ppt","MCL",1.1
1959-10-01,"ppt","BORR",0.4
1959-10-01,"ppt","ANGELO",47.7
1959-11-01,"ppt","SEDG",0.1
1959-11-01,"ppt","WWP",0.1
1959-11-01,"ppt","MCL",1
1959-11-01,"ppt","BORR",0.7
1959-11-01,"ppt","ANGELO",10.1
1959-12-01,"ppt","SEDG",36.9
1959-12-01,"ppt","WWP",46.5
1959-12-01,"ppt","MCL",63.6
1959-12-01,"ppt","BORR",82.6
1959-12-01,"ppt","ANGELO",104.6
1960-01-01,"ppt","SEDG",118.8
1960-01-01,"ppt","WWP",105
1960-01-01,"ppt","MCL",194.9
1960-01-01,"ppt","BORR",133.9
1960-01-01,"ppt","ANGELO",237.9
1960-02-01,"ppt","SEDG",78.2
1960-02-01,"ppt","WWP",58.4
1960-02-01,"ppt","MCL",150.3
1960-02-01,"ppt","BORR",146.1
1960-02-01,"ppt","ANGELO",316.2
1960-03-01,"ppt","SEDG",12.4
1960-03-01,"ppt","WWP",31.9
1960-03-01,"ppt","MCL",52.4
1960-03-01,"ppt","BORR",75.3
1960-03-01,"ppt","ANGELO",323.2
1960-04-01,"ppt","SEDG",47.2
1960-04-01,"ppt","WWP",44.7
1960-04-01,"ppt","MCL",66.8
1960-04-01,"ppt","BORR",47.4
1960-04-01,"ppt","ANGELO",107.8
1960-05-01,"ppt","SEDG",0.2
1960-05-01,"ppt","WWP",0.3
1960-05-01,"ppt","MCL",11.5
1960-05-01,"ppt","BORR",18.7
1960-05-01,"ppt","ANGELO",96.1
1960-06-01,"ppt","SEDG",0.3
1960-06-01,"ppt","WWP",0.6
1960-06-01,"ppt","MCL",0.3
1960-06-01,"ppt","BORR",0.9
1960-06-01,"ppt","ANGELO",0.1
1960-07-01,"ppt","SEDG",0
1960-07-01,"ppt","WWP",3.1
1960-07-01,"ppt","MCL",0.6
1960-07-01,"ppt","BORR",1
1960-07-01,"ppt","ANGELO",3.2
1960-08-01,"ppt","SEDG",0
1960-08-01,"ppt","WWP",0
1960-08-01,"ppt","MCL",0
1960-08-01,"ppt","BORR",0
1960-08-01,"ppt","ANGELO",0.1
1960-09-01,"ppt","SEDG",0.3
1960-09-01,"ppt","WWP",3.8
1960-09-01,"ppt","MCL",0.5
1960-09-01,"ppt","BORR",0.2
1960-09-01,"ppt","ANGELO",2.5
1960-10-01,"ppt","SEDG",0.4
1960-10-01,"ppt","WWP",6.4
1960-10-01,"ppt","MCL",3.8
1960-10-01,"ppt","BORR",13.9
1960-10-01,"ppt","ANGELO",93.2
1960-11-01,"ppt","SEDG",107.6
1960-11-01,"ppt","WWP",190.4
1960-11-01,"ppt","MCL",204.4
1960-11-01,"ppt","BORR",145.2
1960-11-01,"ppt","ANGELO",371.6
1960-12-01,"ppt","SEDG",42.4
1960-12-01,"ppt","WWP",43.7
1960-12-01,"ppt","MCL",88.8
1960-12-01,"ppt","BORR",114.5
1960-12-01,"ppt","ANGELO",251.6
1961-01-01,"ppt","SEDG",44.6
1961-01-01,"ppt","WWP",47
1961-01-01,"ppt","MCL",74.6
1961-01-01,"ppt","BORR",121.2
1961-01-01,"ppt","ANGELO",144.1
1961-02-01,"ppt","SEDG",5.9
1961-02-01,"ppt","WWP",28.4
1961-02-01,"ppt","MCL",77.3
1961-02-01,"ppt","BORR",85.7
1961-02-01,"ppt","ANGELO",271.5
1961-03-01,"ppt","SEDG",27.2
1961-03-01,"ppt","WWP",40.7
1961-03-01,"ppt","MCL",118
1961-03-01,"ppt","BORR",95.9
1961-03-01,"ppt","ANGELO",308
1961-04-01,"ppt","SEDG",9.8
1961-04-01,"ppt","WWP",6.5
1961-04-01,"ppt","MCL",37.6
1961-04-01,"ppt","BORR",46.5
1961-04-01,"ppt","ANGELO",96
1961-05-01,"ppt","SEDG",1.4
1961-05-01,"ppt","WWP",9.8
1961-05-01,"ppt","MCL",39.3
1961-05-01,"ppt","BORR",15.5
1961-05-01,"ppt","ANGELO",94.1
1961-06-01,"ppt","SEDG",0
1961-06-01,"ppt","WWP",2.7
1961-06-01,"ppt","MCL",4.7
1961-06-01,"ppt","BORR",1.5
1961-06-01,"ppt","ANGELO",3.2
1961-07-01,"ppt","SEDG",0
1961-07-01,"ppt","WWP",0.4
1961-07-01,"ppt","MCL",1.4
1961-07-01,"ppt","BORR",1
1961-07-01,"ppt","ANGELO",1.2
1961-08-01,"ppt","SEDG",4.5
1961-08-01,"ppt","WWP",32
1961-08-01,"ppt","MCL",1.6
1961-08-01,"ppt","BORR",9
1961-08-01,"ppt","ANGELO",10.1
1961-09-01,"ppt","SEDG",0.3
1961-09-01,"ppt","WWP",6.9
1961-09-01,"ppt","MCL",13.4
1961-09-01,"ppt","BORR",16.5
1961-09-01,"ppt","ANGELO",23.9
1961-10-01,"ppt","SEDG",6.3
1961-10-01,"ppt","WWP",10.5
1961-10-01,"ppt","MCL",4.6
1961-10-01,"ppt","BORR",4.9
1961-10-01,"ppt","ANGELO",67.1
1961-11-01,"ppt","SEDG",90.6
1961-11-01,"ppt","WWP",138.6
1961-11-01,"ppt","MCL",194.3
1961-11-01,"ppt","BORR",134.8
1961-11-01,"ppt","ANGELO",211.3
1961-12-01,"ppt","SEDG",56.2
1961-12-01,"ppt","WWP",107.9
1961-12-01,"ppt","MCL",147.4
1961-12-01,"ppt","BORR",77.2
1961-12-01,"ppt","ANGELO",138
1962-01-01,"ppt","SEDG",61
1962-01-01,"ppt","WWP",55.1
1962-01-01,"ppt","MCL",65
1962-01-01,"ppt","BORR",59
1962-01-01,"ppt","ANGELO",98.1
1962-02-01,"ppt","SEDG",222.3
1962-02-01,"ppt","WWP",206.2
1962-02-01,"ppt","MCL",202.8
1962-02-01,"ppt","BORR",171.1
1962-02-01,"ppt","ANGELO",298.2
1962-03-01,"ppt","SEDG",72.6
1962-03-01,"ppt","WWP",63.9
1962-03-01,"ppt","MCL",87
1962-03-01,"ppt","BORR",73.4
1962-03-01,"ppt","ANGELO",196.2
1962-04-01,"ppt","SEDG",0
1962-04-01,"ppt","WWP",4.1
1962-04-01,"ppt","MCL",6.8
1962-04-01,"ppt","BORR",9.8
1962-04-01,"ppt","ANGELO",37.4
1962-05-01,"ppt","SEDG",1.8
1962-05-01,"ppt","WWP",5.8
1962-05-01,"ppt","MCL",1.7
1962-05-01,"ppt","BORR",6.1
1962-05-01,"ppt","ANGELO",24.1
1962-06-01,"ppt","SEDG",0.3
1962-06-01,"ppt","WWP",0.5
1962-06-01,"ppt","MCL",2.4
1962-06-01,"ppt","BORR",1.3
1962-06-01,"ppt","ANGELO",0.2
1962-07-01,"ppt","SEDG",0
1962-07-01,"ppt","WWP",0
1962-07-01,"ppt","MCL",0
1962-07-01,"ppt","BORR",0
1962-07-01,"ppt","ANGELO",0.2
1962-08-01,"ppt","SEDG",0
1962-08-01,"ppt","WWP",0
1962-08-01,"ppt","MCL",1.2
1962-08-01,"ppt","BORR",3.9
1962-08-01,"ppt","ANGELO",63.2
1962-09-01,"ppt","SEDG",0
1962-09-01,"ppt","WWP",0.4
1962-09-01,"ppt","MCL",0.9
1962-09-01,"ppt","BORR",4.2
1962-09-01,"ppt","ANGELO",37.2
1962-10-01,"ppt","SEDG",14.8
1962-10-01,"ppt","WWP",14.8
1962-10-01,"ppt","MCL",114.4
1962-10-01,"ppt","BORR",265.9
1962-10-01,"ppt","ANGELO",397.4
1962-11-01,"ppt","SEDG",0.3
1962-11-01,"ppt","WWP",6.4
1962-11-01,"ppt","MCL",9.1
1962-11-01,"ppt","BORR",31.5
1962-11-01,"ppt","ANGELO",142.4
1962-12-01,"ppt","SEDG",20
1962-12-01,"ppt","WWP",24.6
1962-12-01,"ppt","MCL",116.8
1962-12-01,"ppt","BORR",82.7
1962-12-01,"ppt","ANGELO",211.5
1963-01-01,"ppt","SEDG",52.5
1963-01-01,"ppt","WWP",20.9
1963-01-01,"ppt","MCL",175.3
1963-01-01,"ppt","BORR",103.5
1963-01-01,"ppt","ANGELO",84.7
1963-02-01,"ppt","SEDG",100.5
1963-02-01,"ppt","WWP",57.1
1963-02-01,"ppt","MCL",141.5
1963-02-01,"ppt","BORR",147.6
1963-02-01,"ppt","ANGELO",225.5
1963-03-01,"ppt","SEDG",52.3
1963-03-01,"ppt","WWP",43.4
1963-03-01,"ppt","MCL",160.4
1963-03-01,"ppt","BORR",125.3
1963-03-01,"ppt","ANGELO",270.1
1963-04-01,"ppt","SEDG",92.2
1963-04-01,"ppt","WWP",80.1
1963-04-01,"ppt","MCL",169.1
1963-04-01,"ppt","BORR",127.5
1963-04-01,"ppt","ANGELO",336.1
1963-05-01,"ppt","SEDG",3.7
1963-05-01,"ppt","WWP",12.2
1963-05-01,"ppt","MCL",20.8
1963-05-01,"ppt","BORR",19.6
1963-05-01,"ppt","ANGELO",46.9
1963-06-01,"ppt","SEDG",2.5
1963-06-01,"ppt","WWP",8.1
1963-06-01,"ppt","MCL",2.1
1963-06-01,"ppt","BORR",2.5
1963-06-01,"ppt","ANGELO",2
1963-07-01,"ppt","SEDG",0
1963-07-01,"ppt","WWP",0
1963-07-01,"ppt","MCL",0
1963-07-01,"ppt","BORR",0
1963-07-01,"ppt","ANGELO",4.5
1963-08-01,"ppt","SEDG",2.9
1963-08-01,"ppt","WWP",10.9
1963-08-01,"ppt","MCL",0.6
1963-08-01,"ppt","BORR",0.6
1963-08-01,"ppt","ANGELO",1
1963-09-01,"ppt","SEDG",15.6
1963-09-01,"ppt","WWP",20.7
1963-09-01,"ppt","MCL",4.9
1963-09-01,"ppt","BORR",3.9
1963-09-01,"ppt","ANGELO",10.9
1963-10-01,"ppt","SEDG",28.1
1963-10-01,"ppt","WWP",51.8
1963-10-01,"ppt","MCL",73.3
1963-10-01,"ppt","BORR",65.8
1963-10-01,"ppt","ANGELO",146.7
1963-11-01,"ppt","SEDG",87.5
1963-11-01,"ppt","WWP",172.6
1963-11-01,"ppt","MCL",190.6
1963-11-01,"ppt","BORR",193.7
1963-11-01,"ppt","ANGELO",499.2
1963-12-01,"ppt","SEDG",2.1
1963-12-01,"ppt","WWP",11.4
1963-12-01,"ppt","MCL",6.5
1963-12-01,"ppt","BORR",4.5
1963-12-01,"ppt","ANGELO",61.4
1964-01-01,"ppt","SEDG",39.9
1964-01-01,"ppt","WWP",59.8
1964-01-01,"ppt","MCL",108.9
1964-01-01,"ppt","BORR",108.9
1964-01-01,"ppt","ANGELO",291.5
1964-02-01,"ppt","SEDG",0.7
1964-02-01,"ppt","WWP",7.6
1964-02-01,"ppt","MCL",6.8
1964-02-01,"ppt","BORR",4.6
1964-02-01,"ppt","ANGELO",27.1
1964-03-01,"ppt","SEDG",41.4
1964-03-01,"ppt","WWP",37.1
1964-03-01,"ppt","MCL",93.6
1964-03-01,"ppt","BORR",54.6
1964-03-01,"ppt","ANGELO",132.3
1964-04-01,"ppt","SEDG",32.6
1964-04-01,"ppt","WWP",44
1964-04-01,"ppt","MCL",20.7
1964-04-01,"ppt","BORR",9.8
1964-04-01,"ppt","ANGELO",18
1964-05-01,"ppt","SEDG",6.4
1964-05-01,"ppt","WWP",10.6
1964-05-01,"ppt","MCL",12.7
1964-05-01,"ppt","BORR",9.7
1964-05-01,"ppt","ANGELO",34.1
1964-06-01,"ppt","SEDG",1.2
1964-06-01,"ppt","WWP",0.6
1964-06-01,"ppt","MCL",22.5
1964-06-01,"ppt","BORR",17.3
1964-06-01,"ppt","ANGELO",9.7
1964-07-01,"ppt","SEDG",0
1964-07-01,"ppt","WWP",0
1964-07-01,"ppt","MCL",1.3
1964-07-01,"ppt","BORR",0.9
1964-07-01,"ppt","ANGELO",0.5
1964-08-01,"ppt","SEDG",0.4
1964-08-01,"ppt","WWP",2.9
1964-08-01,"ppt","MCL",3.8
1964-08-01,"ppt","BORR",0.8
1964-08-01,"ppt","ANGELO",2.2
1964-09-01,"ppt","SEDG",0
1964-09-01,"ppt","WWP",2.3
1964-09-01,"ppt","MCL",0.4
1964-09-01,"ppt","BORR",5
1964-09-01,"ppt","ANGELO",0.6
1964-10-01,"ppt","SEDG",23.1
1964-10-01,"ppt","WWP",14.3
1964-10-01,"ppt","MCL",59.8
1964-10-01,"ppt","BORR",44.9
1964-10-01,"ppt","ANGELO",66
1964-11-01,"ppt","SEDG",76.3
1964-11-01,"ppt","WWP",106.7
1964-11-01,"ppt","MCL",202.7
1964-11-01,"ppt","BORR",143.7
1964-11-01,"ppt","ANGELO",315.4
1964-12-01,"ppt","SEDG",101.2
1964-12-01,"ppt","WWP",119.2
1964-12-01,"ppt","MCL",288.2
1964-12-01,"ppt","BORR",258.2
1964-12-01,"ppt","ANGELO",966
1965-01-01,"ppt","SEDG",56.1
1965-01-01,"ppt","WWP",51.7
1965-01-01,"ppt","MCL",143.2
1965-01-01,"ppt","BORR",155.6
1965-01-01,"ppt","ANGELO",294.3
1965-02-01,"ppt","SEDG",12.6
1965-02-01,"ppt","WWP",23.7
1965-02-01,"ppt","MCL",20
1965-02-01,"ppt","BORR",14
1965-02-01,"ppt","ANGELO",45.7
1965-03-01,"ppt","SEDG",61
1965-03-01,"ppt","WWP",61.1
1965-03-01,"ppt","MCL",97.3
1965-03-01,"ppt","BORR",43.1
1965-03-01,"ppt","ANGELO",64.8
1965-04-01,"ppt","SEDG",140.2
1965-04-01,"ppt","WWP",171.4
1965-04-01,"ppt","MCL",149.8
1965-04-01,"ppt","BORR",155.1
1965-04-01,"ppt","ANGELO",218.3
1965-05-01,"ppt","SEDG",1.1
1965-05-01,"ppt","WWP",2.5
1965-05-01,"ppt","MCL",2.1
1965-05-01,"ppt","BORR",1.8
1965-05-01,"ppt","ANGELO",1.9
1965-06-01,"ppt","SEDG",0.1
1965-06-01,"ppt","WWP",1.1
1965-06-01,"ppt","MCL",0.9
1965-06-01,"ppt","BORR",2.3
1965-06-01,"ppt","ANGELO",2.2
1965-07-01,"ppt","SEDG",0
1965-07-01,"ppt","WWP",2
1965-07-01,"ppt","MCL",0
1965-07-01,"ppt","BORR",0
1965-07-01,"ppt","ANGELO",0.4
1965-08-01,"ppt","SEDG",1.1
1965-08-01,"ppt","WWP",32.6
1965-08-01,"ppt","MCL",2.7
1965-08-01,"ppt","BORR",15.8
1965-08-01,"ppt","ANGELO",26.1
1965-09-01,"ppt","SEDG",5.6
1965-09-01,"ppt","WWP",2.7
1965-09-01,"ppt","MCL",0.5
1965-09-01,"ppt","BORR",1.6
1965-09-01,"ppt","ANGELO",0.8
1965-10-01,"ppt","SEDG",0.6
1965-10-01,"ppt","WWP",3.2
1965-10-01,"ppt","MCL",1.2
1965-10-01,"ppt","BORR",0.9
1965-10-01,"ppt","ANGELO",29.3
1965-11-01,"ppt","SEDG",299.4
1965-11-01,"ppt","WWP",361.8
1965-11-01,"ppt","MCL",317.7
1965-11-01,"ppt","BORR",283.7
1965-11-01,"ppt","ANGELO",367.9
1965-12-01,"ppt","SEDG",98.5
1965-12-01,"ppt","WWP",159.9
1965-12-01,"ppt","MCL",191.5
1965-12-01,"ppt","BORR",91.1
1965-12-01,"ppt","ANGELO",233.9
1966-01-01,"ppt","SEDG",29
1966-01-01,"ppt","WWP",28.9
1966-01-01,"ppt","MCL",63.7
1966-01-01,"ppt","BORR",159.6
1966-01-01,"ppt","ANGELO",289.4
1966-02-01,"ppt","SEDG",25.5
1966-02-01,"ppt","WWP",44.5
1966-02-01,"ppt","MCL",77.6
1966-02-01,"ppt","BORR",72.2
1966-02-01,"ppt","ANGELO",148.9
1966-03-01,"ppt","SEDG",4.5
1966-03-01,"ppt","WWP",6.8
1966-03-01,"ppt","MCL",23
1966-03-01,"ppt","BORR",39.1
1966-03-01,"ppt","ANGELO",217.1
1966-04-01,"ppt","SEDG",1.8
1966-04-01,"ppt","WWP",0.7
1966-04-01,"ppt","MCL",15.6
1966-04-01,"ppt","BORR",16.6
1966-04-01,"ppt","ANGELO",52.3
1966-05-01,"ppt","SEDG",0.5
1966-05-01,"ppt","WWP",9
1966-05-01,"ppt","MCL",6.4
1966-05-01,"ppt","BORR",4.6
1966-05-01,"ppt","ANGELO",6
1966-06-01,"ppt","SEDG",0.2
1966-06-01,"ppt","WWP",1.1
1966-06-01,"ppt","MCL",5.7
1966-06-01,"ppt","BORR",1.6
1966-06-01,"ppt","ANGELO",4.4
1966-07-01,"ppt","SEDG",0.1
1966-07-01,"ppt","WWP",0.3
1966-07-01,"ppt","MCL",10.8
1966-07-01,"ppt","BORR",0.4
1966-07-01,"ppt","ANGELO",2.3
1966-08-01,"ppt","SEDG",0
1966-08-01,"ppt","WWP",0.2
1966-08-01,"ppt","MCL",0.6
1966-08-01,"ppt","BORR",2.9
1966-08-01,"ppt","ANGELO",6
1966-09-01,"ppt","SEDG",18.2
1966-09-01,"ppt","WWP",8.4
1966-09-01,"ppt","MCL",2.4
1966-09-01,"ppt","BORR",4.9
1966-09-01,"ppt","ANGELO",16.3
1966-10-01,"ppt","SEDG",1.2
1966-10-01,"ppt","WWP",2.1
1966-10-01,"ppt","MCL",0.8
1966-10-01,"ppt","BORR",0
1966-10-01,"ppt","ANGELO",4
1966-11-01,"ppt","SEDG",76.2
1966-11-01,"ppt","WWP",161.3
1966-11-01,"ppt","MCL",171.8
1966-11-01,"ppt","BORR",227.6
1966-11-01,"ppt","ANGELO",373.4
1966-12-01,"ppt","SEDG",252.8
1966-12-01,"ppt","WWP",246.3
1966-12-01,"ppt","MCL",148.3
1966-12-01,"ppt","BORR",137.3
1966-12-01,"ppt","ANGELO",329.4
1967-01-01,"ppt","SEDG",67.4
1967-01-01,"ppt","WWP",84.1
1967-01-01,"ppt","MCL",226.7
1967-01-01,"ppt","BORR",248.1
1967-01-01,"ppt","ANGELO",406.3
1967-02-01,"ppt","SEDG",2.6
1967-02-01,"ppt","WWP",6.8
1967-02-01,"ppt","MCL",8.3
1967-02-01,"ppt","BORR",8.6
1967-02-01,"ppt","ANGELO",34
1967-03-01,"ppt","SEDG",100.7
1967-03-01,"ppt","WWP",64.9
1967-03-01,"ppt","MCL",152
1967-03-01,"ppt","BORR",147
1967-03-01,"ppt","ANGELO",297.9
1967-04-01,"ppt","SEDG",190.2
1967-04-01,"ppt","WWP",162.2
1967-04-01,"ppt","MCL",247.1
1967-04-01,"ppt","BORR",164.5
1967-04-01,"ppt","ANGELO",198.7
1967-05-01,"ppt","SEDG",1.7
1967-05-01,"ppt","WWP",9.4
1967-05-01,"ppt","MCL",7.3
1967-05-01,"ppt","BORR",5.3
1967-05-01,"ppt","ANGELO",16.6
1967-06-01,"ppt","SEDG",0.6
1967-06-01,"ppt","WWP",5.6
1967-06-01,"ppt","MCL",23.5
1967-06-01,"ppt","BORR",34.7
1967-06-01,"ppt","ANGELO",9.1
1967-07-01,"ppt","SEDG",0
1967-07-01,"ppt","WWP",0.5
1967-07-01,"ppt","MCL",0
1967-07-01,"ppt","BORR",0
1967-07-01,"ppt","ANGELO",0
1967-08-01,"ppt","SEDG",0.3
1967-08-01,"ppt","WWP",1.9
1967-08-01,"ppt","MCL",0
1967-08-01,"ppt","BORR",0.4
1967-08-01,"ppt","ANGELO",0.4
1967-09-01,"ppt","SEDG",6.6
1967-09-01,"ppt","WWP",19.3
1967-09-01,"ppt","MCL",2.6
1967-09-01,"ppt","BORR",3
1967-09-01,"ppt","ANGELO",1.1
1967-10-01,"ppt","SEDG",0
1967-10-01,"ppt","WWP",1.1
1967-10-01,"ppt","MCL",13
1967-10-01,"ppt","BORR",32
1967-10-01,"ppt","ANGELO",103
1967-11-01,"ppt","SEDG",103.6
1967-11-01,"ppt","WWP",189
1967-11-01,"ppt","MCL",100.4
1967-11-01,"ppt","BORR",95.5
1967-11-01,"ppt","ANGELO",159.8
1967-12-01,"ppt","SEDG",34.2
1967-12-01,"ppt","WWP",46
1967-12-01,"ppt","MCL",109.3
1967-12-01,"ppt","BORR",112
1967-12-01,"ppt","ANGELO",242.1
1968-01-01,"ppt","SEDG",23.6
1968-01-01,"ppt","WWP",31.9
1968-01-01,"ppt","MCL",196.2
1968-01-01,"ppt","BORR",209.4
1968-01-01,"ppt","ANGELO",348.1
1968-02-01,"ppt","SEDG",23.5
1968-02-01,"ppt","WWP",26.9
1968-02-01,"ppt","MCL",62.3
1968-02-01,"ppt","BORR",59.7
1968-02-01,"ppt","ANGELO",179.6
1968-03-01,"ppt","SEDG",84.3
1968-03-01,"ppt","WWP",58.1
1968-03-01,"ppt","MCL",105.6
1968-03-01,"ppt","BORR",84.6
1968-03-01,"ppt","ANGELO",164.5
1968-04-01,"ppt","SEDG",26.4
1968-04-01,"ppt","WWP",23.2
1968-04-01,"ppt","MCL",24.8
1968-04-01,"ppt","BORR",11
1968-04-01,"ppt","ANGELO",11.3
1968-05-01,"ppt","SEDG",1.8
1968-05-01,"ppt","WWP",2.4
1968-05-01,"ppt","MCL",10.7
1968-05-01,"ppt","BORR",9.8
1968-05-01,"ppt","ANGELO",51
1968-06-01,"ppt","SEDG",0
1968-06-01,"ppt","WWP",0
1968-06-01,"ppt","MCL",1.2
1968-06-01,"ppt","BORR",2.6
1968-06-01,"ppt","ANGELO",0.3
1968-07-01,"ppt","SEDG",0
1968-07-01,"ppt","WWP",1.1
1968-07-01,"ppt","MCL",0.3
1968-07-01,"ppt","BORR",0.3
1968-07-01,"ppt","ANGELO",0.4
1968-08-01,"ppt","SEDG",0
1968-08-01,"ppt","WWP",0.9
1968-08-01,"ppt","MCL",9
1968-08-01,"ppt","BORR",20.3
1968-08-01,"ppt","ANGELO",121.7
1968-09-01,"ppt","SEDG",0.5
1968-09-01,"ppt","WWP",0
1968-09-01,"ppt","MCL",0.6
1968-09-01,"ppt","BORR",0
1968-09-01,"ppt","ANGELO",9.5
1968-10-01,"ppt","SEDG",27.4
1968-10-01,"ppt","WWP",24.3
1968-10-01,"ppt","MCL",31.6
1968-10-01,"ppt","BORR",40.1
1968-10-01,"ppt","ANGELO",117
1968-11-01,"ppt","SEDG",47
1968-11-01,"ppt","WWP",49.2
1968-11-01,"ppt","MCL",92.5
1968-11-01,"ppt","BORR",77.5
1968-11-01,"ppt","ANGELO",222.2
1968-12-01,"ppt","SEDG",62.5
1968-12-01,"ppt","WWP",97
1968-12-01,"ppt","MCL",170.6
1968-12-01,"ppt","BORR",244
1968-12-01,"ppt","ANGELO",565
1969-01-01,"ppt","SEDG",358.7
1969-01-01,"ppt","WWP",280.3
1969-01-01,"ppt","MCL",333.5
1969-01-01,"ppt","BORR",255
1969-01-01,"ppt","ANGELO",477.7
1969-02-01,"ppt","SEDG",237
1969-02-01,"ppt","WWP",212.1
1969-02-01,"ppt","MCL",260
1969-02-01,"ppt","BORR",200.9
1969-02-01,"ppt","ANGELO",329.7
1969-03-01,"ppt","SEDG",23
1969-03-01,"ppt","WWP",39.5
1969-03-01,"ppt","MCL",44.4
1969-03-01,"ppt","BORR",50.2
1969-03-01,"ppt","ANGELO",104
1969-04-01,"ppt","SEDG",48.9
1969-04-01,"ppt","WWP",31.8
1969-04-01,"ppt","MCL",72.7
1969-04-01,"ppt","BORR",72.2
1969-04-01,"ppt","ANGELO",118
1969-05-01,"ppt","SEDG",1.5
1969-05-01,"ppt","WWP",2.8
1969-05-01,"ppt","MCL",0.5
1969-05-01,"ppt","BORR",0.5
1969-05-01,"ppt","ANGELO",7.6
1969-06-01,"ppt","SEDG",0.1
1969-06-01,"ppt","WWP",0.9
1969-06-01,"ppt","MCL",4
1969-06-01,"ppt","BORR",2.5
1969-06-01,"ppt","ANGELO",5.8
1969-07-01,"ppt","SEDG",0
1969-07-01,"ppt","WWP",2.8
1969-07-01,"ppt","MCL",0
1969-07-01,"ppt","BORR",0.1
1969-07-01,"ppt","ANGELO",0.3
1969-08-01,"ppt","SEDG",0.1
1969-08-01,"ppt","WWP",0.1
1969-08-01,"ppt","MCL",0
1969-08-01,"ppt","BORR",0
1969-08-01,"ppt","ANGELO",0
1969-09-01,"ppt","SEDG",0.1
1969-09-01,"ppt","WWP",1.1
1969-09-01,"ppt","MCL",6
1969-09-01,"ppt","BORR",1
1969-09-01,"ppt","ANGELO",8.8
1969-10-01,"ppt","SEDG",5
1969-10-01,"ppt","WWP",3.1
1969-10-01,"ppt","MCL",40.5
1969-10-01,"ppt","BORR",53.8
1969-10-01,"ppt","ANGELO",101.4
1969-11-01,"ppt","SEDG",65.4
1969-11-01,"ppt","WWP",172.2
1969-11-01,"ppt","MCL",74.8
1969-11-01,"ppt","BORR",47.3
1969-11-01,"ppt","ANGELO",165.9
1969-12-01,"ppt","SEDG",15
1969-12-01,"ppt","WWP",34.1
1969-12-01,"ppt","MCL",150.4
1969-12-01,"ppt","BORR",217.1
1969-12-01,"ppt","ANGELO",443.3
1970-01-01,"ppt","SEDG",59.3
1970-01-01,"ppt","WWP",30.8
1970-01-01,"ppt","MCL",248.6
1970-01-01,"ppt","BORR",359.8
1970-01-01,"ppt","ANGELO",721.1
1970-02-01,"ppt","SEDG",38.4
1970-02-01,"ppt","WWP",47.4
1970-02-01,"ppt","MCL",53.8
1970-02-01,"ppt","BORR",74.3
1970-02-01,"ppt","ANGELO",117.2
1970-03-01,"ppt","SEDG",69
1970-03-01,"ppt","WWP",46.4
1970-03-01,"ppt","MCL",51.4
1970-03-01,"ppt","BORR",54.1
1970-03-01,"ppt","ANGELO",95.1
1970-04-01,"ppt","SEDG",7.3
1970-04-01,"ppt","WWP",19.1
1970-04-01,"ppt","MCL",27.2
1970-04-01,"ppt","BORR",17.4
1970-04-01,"ppt","ANGELO",39.2
1970-05-01,"ppt","SEDG",0.1
1970-05-01,"ppt","WWP",0.9
1970-05-01,"ppt","MCL",0.7
1970-05-01,"ppt","BORR",0.6
1970-05-01,"ppt","ANGELO",12.1
1970-06-01,"ppt","SEDG",0.1
1970-06-01,"ppt","WWP",0.3
1970-06-01,"ppt","MCL",3.9
1970-06-01,"ppt","BORR",7.2
1970-06-01,"ppt","ANGELO",4.6
1970-07-01,"ppt","SEDG",0
1970-07-01,"ppt","WWP",0.1
1970-07-01,"ppt","MCL",0
1970-07-01,"ppt","BORR",0
1970-07-01,"ppt","ANGELO",0.3
1970-08-01,"ppt","SEDG",0
1970-08-01,"ppt","WWP",0
1970-08-01,"ppt","MCL",0
1970-08-01,"ppt","BORR",0
1970-08-01,"ppt","ANGELO",0.7
1970-09-01,"ppt","SEDG",0
1970-09-01,"ppt","WWP",0
1970-09-01,"ppt","MCL",0
1970-09-01,"ppt","BORR",0.1
1970-09-01,"ppt","ANGELO",1.4
1970-10-01,"ppt","SEDG",0.3
1970-10-01,"ppt","WWP",2
1970-10-01,"ppt","MCL",25.2
1970-10-01,"ppt","BORR",50.9
1970-10-01,"ppt","ANGELO",142.3
1970-11-01,"ppt","SEDG",164.5
1970-11-01,"ppt","WWP",186.5
1970-11-01,"ppt","MCL",343.8
1970-11-01,"ppt","BORR",271.3
1970-11-01,"ppt","ANGELO",448.3
1970-12-01,"ppt","SEDG",102.5
1970-12-01,"ppt","WWP",141.1
1970-12-01,"ppt","MCL",204.8
1970-12-01,"ppt","BORR",220.4
1970-12-01,"ppt","ANGELO",437.6
1971-01-01,"ppt","SEDG",23.5
1971-01-01,"ppt","WWP",24.3
1971-01-01,"ppt","MCL",46.4
1971-01-01,"ppt","BORR",55.1
1971-01-01,"ppt","ANGELO",198.2
1971-02-01,"ppt","SEDG",16.4
1971-02-01,"ppt","WWP",30.5
1971-02-01,"ppt","MCL",20.4
1971-02-01,"ppt","BORR",16.8
1971-02-01,"ppt","ANGELO",52.5
1971-03-01,"ppt","SEDG",24.4
1971-03-01,"ppt","WWP",21.1
1971-03-01,"ppt","MCL",78.1
1971-03-01,"ppt","BORR",99.3
1971-03-01,"ppt","ANGELO",291.7
1971-04-01,"ppt","SEDG",28.3
1971-04-01,"ppt","WWP",28.1
1971-04-01,"ppt","MCL",28.7
1971-04-01,"ppt","BORR",19.1
1971-04-01,"ppt","ANGELO",74.7
1971-05-01,"ppt","SEDG",8.7
1971-05-01,"ppt","WWP",30.5
1971-05-01,"ppt","MCL",24.9
1971-05-01,"ppt","BORR",11.6
1971-05-01,"ppt","ANGELO",17
1971-06-01,"ppt","SEDG",0
1971-06-01,"ppt","WWP",0.1
1971-06-01,"ppt","MCL",4.7
1971-06-01,"ppt","BORR",3
1971-06-01,"ppt","ANGELO",5.2
1971-07-01,"ppt","SEDG",0
1971-07-01,"ppt","WWP",0.1
1971-07-01,"ppt","MCL",0.6
1971-07-01,"ppt","BORR",0.2
1971-07-01,"ppt","ANGELO",0.4
1971-08-01,"ppt","SEDG",0
1971-08-01,"ppt","WWP",1.1
1971-08-01,"ppt","MCL",0.4
1971-08-01,"ppt","BORR",0.2
1971-08-01,"ppt","ANGELO",4.5
1971-09-01,"ppt","SEDG",0
1971-09-01,"ppt","WWP",0.5
1971-09-01,"ppt","MCL",3.1
1971-09-01,"ppt","BORR",8.8
1971-09-01,"ppt","ANGELO",37.6
1971-10-01,"ppt","SEDG",6.7
1971-10-01,"ppt","WWP",5.3
1971-10-01,"ppt","MCL",15.7
1971-10-01,"ppt","BORR",23.8
1971-10-01,"ppt","ANGELO",45.2
1971-11-01,"ppt","SEDG",12.1
1971-11-01,"ppt","WWP",21
1971-11-01,"ppt","MCL",63
1971-11-01,"ppt","BORR",73.5
1971-11-01,"ppt","ANGELO",242.3
1971-12-01,"ppt","SEDG",146.8
1971-12-01,"ppt","WWP",221.5
1971-12-01,"ppt","MCL",201.5
1971-12-01,"ppt","BORR",196.4
1971-12-01,"ppt","ANGELO",311.5
1972-01-01,"ppt","SEDG",3.8
1972-01-01,"ppt","WWP",4.8
1972-01-01,"ppt","MCL",37.9
1972-01-01,"ppt","BORR",39.9
1972-01-01,"ppt","ANGELO",178.4
1972-02-01,"ppt","SEDG",7.2
1972-02-01,"ppt","WWP",6.3
1972-02-01,"ppt","MCL",30
1972-02-01,"ppt","BORR",49.1
1972-02-01,"ppt","ANGELO",210.4
1972-03-01,"ppt","SEDG",0.2
1972-03-01,"ppt","WWP",0.3
1972-03-01,"ppt","MCL",13.1
1972-03-01,"ppt","BORR",21.6
1972-03-01,"ppt","ANGELO",155.7
1972-04-01,"ppt","SEDG",12.4
1972-04-01,"ppt","WWP",14
1972-04-01,"ppt","MCL",43.2
1972-04-01,"ppt","BORR",52
1972-04-01,"ppt","ANGELO",106.4
1972-05-01,"ppt","SEDG",2.5
1972-05-01,"ppt","WWP",4.5
1972-05-01,"ppt","MCL",1.8
1972-05-01,"ppt","BORR",8
1972-05-01,"ppt","ANGELO",11.9
1972-06-01,"ppt","SEDG",0.6
1972-06-01,"ppt","WWP",16.6
1972-06-01,"ppt","MCL",1.5
1972-06-01,"ppt","BORR",1.5
1972-06-01,"ppt","ANGELO",6.8
1972-07-01,"ppt","SEDG",0.1
1972-07-01,"ppt","WWP",0.2
1972-07-01,"ppt","MCL",0.7
1972-07-01,"ppt","BORR",0
1972-07-01,"ppt","ANGELO",1.2
1972-08-01,"ppt","SEDG",0.2
1972-08-01,"ppt","WWP",1.8
1972-08-01,"ppt","MCL",0
1972-08-01,"ppt","BORR",0.1
1972-08-01,"ppt","ANGELO",9.8
1972-09-01,"ppt","SEDG",4.6
1972-09-01,"ppt","WWP",5.4
1972-09-01,"ppt","MCL",4.2
1972-09-01,"ppt","BORR",22.4
1972-09-01,"ppt","ANGELO",45.9
1972-10-01,"ppt","SEDG",21.3
1972-10-01,"ppt","WWP",20.1
1972-10-01,"ppt","MCL",110.1
1972-10-01,"ppt","BORR",147.7
1972-10-01,"ppt","ANGELO",123.9
1972-11-01,"ppt","SEDG",130.8
1972-11-01,"ppt","WWP",173.7
1972-11-01,"ppt","MCL",263.9
1972-11-01,"ppt","BORR",283.6
1972-11-01,"ppt","ANGELO",344.6
1972-12-01,"ppt","SEDG",32.4
1972-12-01,"ppt","WWP",60.9
1972-12-01,"ppt","MCL",123.8
1972-12-01,"ppt","BORR",75.5
1972-12-01,"ppt","ANGELO",300.5
1973-01-01,"ppt","SEDG",117.3
1973-01-01,"ppt","WWP",130.6
1973-01-01,"ppt","MCL",230
1973-01-01,"ppt","BORR",243.3
1973-01-01,"ppt","ANGELO",462.2
1973-02-01,"ppt","SEDG",174.9
1973-02-01,"ppt","WWP",99.9
1973-02-01,"ppt","MCL",252.6
1973-02-01,"ppt","BORR",264.9
1973-02-01,"ppt","ANGELO",206.9
1973-03-01,"ppt","SEDG",59.6
1973-03-01,"ppt","WWP",88.8
1973-03-01,"ppt","MCL",130.9
1973-03-01,"ppt","BORR",109.4
1973-03-01,"ppt","ANGELO",174.9
1973-04-01,"ppt","SEDG",0.4
1973-04-01,"ppt","WWP",5.3
1973-04-01,"ppt","MCL",9.1
1973-04-01,"ppt","BORR",4.1
1973-04-01,"ppt","ANGELO",16.5
1973-05-01,"ppt","SEDG",0.5
1973-05-01,"ppt","WWP",3.6
1973-05-01,"ppt","MCL",1.1
1973-05-01,"ppt","BORR",2.8
1973-05-01,"ppt","ANGELO",13
1973-06-01,"ppt","SEDG",0.2
1973-06-01,"ppt","WWP",0.6
1973-06-01,"ppt","MCL",1.7
1973-06-01,"ppt","BORR",1.2
1973-06-01,"ppt","ANGELO",1.1
1973-07-01,"ppt","SEDG",0
1973-07-01,"ppt","WWP",0
1973-07-01,"ppt","MCL",0
1973-07-01,"ppt","BORR",0
1973-07-01,"ppt","ANGELO",0.4
1973-08-01,"ppt","SEDG",0.4
1973-08-01,"ppt","WWP",2.4
1973-08-01,"ppt","MCL",0.9
1973-08-01,"ppt","BORR",3
1973-08-01,"ppt","ANGELO",2.2
1973-09-01,"ppt","SEDG",0.4
1973-09-01,"ppt","WWP",1
1973-09-01,"ppt","MCL",3.6
1973-09-01,"ppt","BORR",5.7
1973-09-01,"ppt","ANGELO",71.4
1973-10-01,"ppt","SEDG",16.8
1973-10-01,"ppt","WWP",6.3
1973-10-01,"ppt","MCL",94.5
1973-10-01,"ppt","BORR",109.7
1973-10-01,"ppt","ANGELO",209.3
1973-11-01,"ppt","SEDG",55.5
1973-11-01,"ppt","WWP",52.4
1973-11-01,"ppt","MCL",239.2
1973-11-01,"ppt","BORR",432.2
1973-11-01,"ppt","ANGELO",743.1
1973-12-01,"ppt","SEDG",51
1973-12-01,"ppt","WWP",56.3
1973-12-01,"ppt","MCL",172.9
1973-12-01,"ppt","BORR",165
1973-12-01,"ppt","ANGELO",386.4
1974-01-01,"ppt","SEDG",148.1
1974-01-01,"ppt","WWP",167.5
1974-01-01,"ppt","MCL",141.4
1974-01-01,"ppt","BORR",211.1
1974-01-01,"ppt","ANGELO",421.6
1974-02-01,"ppt","SEDG",2.5
1974-02-01,"ppt","WWP",11.8
1974-02-01,"ppt","MCL",24.1
1974-02-01,"ppt","BORR",64.5
1974-02-01,"ppt","ANGELO",234.3
1974-03-01,"ppt","SEDG",90
1974-03-01,"ppt","WWP",81.5
1974-03-01,"ppt","MCL",242.4
1974-03-01,"ppt","BORR",176.4
1974-03-01,"ppt","ANGELO",380.2
1974-04-01,"ppt","SEDG",20.6
1974-04-01,"ppt","WWP",10.1
1974-04-01,"ppt","MCL",83.6
1974-04-01,"ppt","BORR",59.3
1974-04-01,"ppt","ANGELO",153.4
1974-05-01,"ppt","SEDG",0.3
1974-05-01,"ppt","WWP",1.5
1974-05-01,"ppt","MCL",4.1
1974-05-01,"ppt","BORR",1.6
1974-05-01,"ppt","ANGELO",9.1
1974-06-01,"ppt","SEDG",0.2
1974-06-01,"ppt","WWP",0
1974-06-01,"ppt","MCL",13.1
1974-06-01,"ppt","BORR",2.7
1974-06-01,"ppt","ANGELO",14.3
1974-07-01,"ppt","SEDG",0.1
1974-07-01,"ppt","WWP",1.8
1974-07-01,"ppt","MCL",16.5
1974-07-01,"ppt","BORR",17.2
1974-07-01,"ppt","ANGELO",33
1974-08-01,"ppt","SEDG",0
1974-08-01,"ppt","WWP",0.3
1974-08-01,"ppt","MCL",0.2
1974-08-01,"ppt","BORR",5.5
1974-08-01,"ppt","ANGELO",0.8
1974-09-01,"ppt","SEDG",0.3
1974-09-01,"ppt","WWP",0
1974-09-01,"ppt","MCL",0
1974-09-01,"ppt","BORR",0
1974-09-01,"ppt","ANGELO",0.4
1974-10-01,"ppt","SEDG",32.8
1974-10-01,"ppt","WWP",50.2
1974-10-01,"ppt","MCL",60.3
1974-10-01,"ppt","BORR",44.7
1974-10-01,"ppt","ANGELO",49.9
1974-11-01,"ppt","SEDG",14.3
1974-11-01,"ppt","WWP",40.1
1974-11-01,"ppt","MCL",57.2
1974-11-01,"ppt","BORR",48.8
1974-11-01,"ppt","ANGELO",108.8
1974-12-01,"ppt","SEDG",122.6
1974-12-01,"ppt","WWP",139
1974-12-01,"ppt","MCL",182.6
1974-12-01,"ppt","BORR",212
1974-12-01,"ppt","ANGELO",238.9
1975-01-01,"ppt","SEDG",5.4
1975-01-01,"ppt","WWP",26.3
1975-01-01,"ppt","MCL",30.2
1975-01-01,"ppt","BORR",51.3
1975-01-01,"ppt","ANGELO",193.6
1975-02-01,"ppt","SEDG",102.8
1975-02-01,"ppt","WWP",64.5
1975-02-01,"ppt","MCL",243.1
1975-02-01,"ppt","BORR",221.7
1975-02-01,"ppt","ANGELO",366.1
1975-03-01,"ppt","SEDG",152.5
1975-03-01,"ppt","WWP",122.9
1975-03-01,"ppt","MCL",218.8
1975-03-01,"ppt","BORR",218.4
1975-03-01,"ppt","ANGELO",490.1
1975-04-01,"ppt","SEDG",65.5
1975-04-01,"ppt","WWP",122.8
1975-04-01,"ppt","MCL",101.2
1975-04-01,"ppt","BORR",47.6
1975-04-01,"ppt","ANGELO",97.6
1975-05-01,"ppt","SEDG",0.6
1975-05-01,"ppt","WWP",0.9
1975-05-01,"ppt","MCL",1.5
1975-05-01,"ppt","BORR",1.8
1975-05-01,"ppt","ANGELO",20.2
1975-06-01,"ppt","SEDG",0
1975-06-01,"ppt","WWP",1
1975-06-01,"ppt","MCL",1.1
1975-06-01,"ppt","BORR",0.3
1975-06-01,"ppt","ANGELO",3.8
1975-07-01,"ppt","SEDG",0
1975-07-01,"ppt","WWP",0
1975-07-01,"ppt","MCL",3.7
1975-07-01,"ppt","BORR",2.5
1975-07-01,"ppt","ANGELO",2.8
1975-08-01,"ppt","SEDG",0.4
1975-08-01,"ppt","WWP",5
1975-08-01,"ppt","MCL",7.7
1975-08-01,"ppt","BORR",8.7
1975-08-01,"ppt","ANGELO",11.1
1975-09-01,"ppt","SEDG",8
1975-09-01,"ppt","WWP",10.9
1975-09-01,"ppt","MCL",0.5
1975-09-01,"ppt","BORR",0.6
1975-09-01,"ppt","ANGELO",0.3
1975-10-01,"ppt","SEDG",12.7
1975-10-01,"ppt","WWP",27.1
1975-10-01,"ppt","MCL",74.6
1975-10-01,"ppt","BORR",104.9
1975-10-01,"ppt","ANGELO",288
1975-11-01,"ppt","SEDG",11.2
1975-11-01,"ppt","WWP",26.4
1975-11-01,"ppt","MCL",13.4
1975-11-01,"ppt","BORR",20.5
1975-11-01,"ppt","ANGELO",130.8
1975-12-01,"ppt","SEDG",5.3
1975-12-01,"ppt","WWP",12.8
1975-12-01,"ppt","MCL",15.5
1975-12-01,"ppt","BORR",10.2
1975-12-01,"ppt","ANGELO",128.9
1976-01-01,"ppt","SEDG",0
1976-01-01,"ppt","WWP",1
1976-01-01,"ppt","MCL",6.1
1976-01-01,"ppt","BORR",10.1
1976-01-01,"ppt","ANGELO",48.2
1976-02-01,"ppt","SEDG",95
1976-02-01,"ppt","WWP",94.4
1976-02-01,"ppt","MCL",77.3
1976-02-01,"ppt","BORR",44.3
1976-02-01,"ppt","ANGELO",207.4
1976-03-01,"ppt","SEDG",46.1
1976-03-01,"ppt","WWP",37.1
1976-03-01,"ppt","MCL",34.9
1976-03-01,"ppt","BORR",19.9
1976-03-01,"ppt","ANGELO",62.5
1976-04-01,"ppt","SEDG",67.8
1976-04-01,"ppt","WWP",105.9
1976-04-01,"ppt","MCL",86.9
1976-04-01,"ppt","BORR",85.1
1976-04-01,"ppt","ANGELO",109.1
1976-05-01,"ppt","SEDG",0.8
1976-05-01,"ppt","WWP",3.7
1976-05-01,"ppt","MCL",0.5
1976-05-01,"ppt","BORR",0.1
1976-05-01,"ppt","ANGELO",2.3
1976-06-01,"ppt","SEDG",2.5
1976-06-01,"ppt","WWP",6.5
1976-06-01,"ppt","MCL",3.1
1976-06-01,"ppt","BORR",1.5
1976-06-01,"ppt","ANGELO",2
1976-07-01,"ppt","SEDG",0
1976-07-01,"ppt","WWP",0.3
1976-07-01,"ppt","MCL",2.8
1976-07-01,"ppt","BORR",0.6
1976-07-01,"ppt","ANGELO",1.8
1976-08-01,"ppt","SEDG",4.9
1976-08-01,"ppt","WWP",1.5
1976-08-01,"ppt","MCL",46.8
1976-08-01,"ppt","BORR",40.9
1976-08-01,"ppt","ANGELO",83.7
1976-09-01,"ppt","SEDG",83.6
1976-09-01,"ppt","WWP",51.6
1976-09-01,"ppt","MCL",28.9
1976-09-01,"ppt","BORR",30.3
1976-09-01,"ppt","ANGELO",7.2
1976-10-01,"ppt","SEDG",12.7
1976-10-01,"ppt","WWP",31.5
1976-10-01,"ppt","MCL",57.6
1976-10-01,"ppt","BORR",4
1976-10-01,"ppt","ANGELO",5.3
1976-11-01,"ppt","SEDG",8.4
1976-11-01,"ppt","WWP",41.6
1976-11-01,"ppt","MCL",68.2
1976-11-01,"ppt","BORR",44
1976-11-01,"ppt","ANGELO",74.5
1976-12-01,"ppt","SEDG",26.8
1976-12-01,"ppt","WWP",29
1976-12-01,"ppt","MCL",44.4
1976-12-01,"ppt","BORR",32.9
1976-12-01,"ppt","ANGELO",44.3
1977-01-01,"ppt","SEDG",59.4
1977-01-01,"ppt","WWP",87.4
1977-01-01,"ppt","MCL",80.9
1977-01-01,"ppt","BORR",59.4
1977-01-01,"ppt","ANGELO",79.5
1977-02-01,"ppt","SEDG",4.1
1977-02-01,"ppt","WWP",12.2
1977-02-01,"ppt","MCL",33.3
1977-02-01,"ppt","BORR",49.1
1977-02-01,"ppt","ANGELO",111.7
1977-03-01,"ppt","SEDG",45
1977-03-01,"ppt","WWP",68.1
1977-03-01,"ppt","MCL",75.5
1977-03-01,"ppt","BORR",82.3
1977-03-01,"ppt","ANGELO",122.9
1977-04-01,"ppt","SEDG",0.4
1977-04-01,"ppt","WWP",10
1977-04-01,"ppt","MCL",11.2
1977-04-01,"ppt","BORR",15
1977-04-01,"ppt","ANGELO",44.2
1977-05-01,"ppt","SEDG",40.8
1977-05-01,"ppt","WWP",54.3
1977-05-01,"ppt","MCL",45.7
1977-05-01,"ppt","BORR",23.3
1977-05-01,"ppt","ANGELO",53.2
1977-06-01,"ppt","SEDG",0.1
1977-06-01,"ppt","WWP",3.3
1977-06-01,"ppt","MCL",0.7
1977-06-01,"ppt","BORR",1.6
1977-06-01,"ppt","ANGELO",0.5
1977-07-01,"ppt","SEDG",0
1977-07-01,"ppt","WWP",0.1
1977-07-01,"ppt","MCL",0.5
1977-07-01,"ppt","BORR",1.4
1977-07-01,"ppt","ANGELO",5.1
1977-08-01,"ppt","SEDG",2.9
1977-08-01,"ppt","WWP",18.9
1977-08-01,"ppt","MCL",0.5
1977-08-01,"ppt","BORR",1.8
1977-08-01,"ppt","ANGELO",21.5
1977-09-01,"ppt","SEDG",2.1
1977-09-01,"ppt","WWP",2.5
1977-09-01,"ppt","MCL",21.1
1977-09-01,"ppt","BORR",57.8
1977-09-01,"ppt","ANGELO",133.1
1977-10-01,"ppt","SEDG",5.5
1977-10-01,"ppt","WWP",4.1
1977-10-01,"ppt","MCL",11.5
1977-10-01,"ppt","BORR",24.2
1977-10-01,"ppt","ANGELO",85.3
1977-11-01,"ppt","SEDG",3.8
1977-11-01,"ppt","WWP",15.2
1977-11-01,"ppt","MCL",87.4
1977-11-01,"ppt","BORR",104.4
1977-11-01,"ppt","ANGELO",198.9
1977-12-01,"ppt","SEDG",88.7
1977-12-01,"ppt","WWP",143.6
1977-12-01,"ppt","MCL",234.8
1977-12-01,"ppt","BORR",228.7
1977-12-01,"ppt","ANGELO",389.7
1978-01-01,"ppt","SEDG",195.6
1978-01-01,"ppt","WWP",199.4
1978-01-01,"ppt","MCL",430.1
1978-01-01,"ppt","BORR",397.5
1978-01-01,"ppt","ANGELO",514.4
1978-02-01,"ppt","SEDG",208.8
1978-02-01,"ppt","WWP",191.1
1978-02-01,"ppt","MCL",145.7
1978-02-01,"ppt","BORR",167
1978-02-01,"ppt","ANGELO",229.6
1978-03-01,"ppt","SEDG",212
1978-03-01,"ppt","WWP",166.5
1978-03-01,"ppt","MCL",239.9
1978-03-01,"ppt","BORR",172
1978-03-01,"ppt","ANGELO",191.9
1978-04-01,"ppt","SEDG",100.9
1978-04-01,"ppt","WWP",99.8
1978-04-01,"ppt","MCL",163.6
1978-04-01,"ppt","BORR",143.1
1978-04-01,"ppt","ANGELO",220.1
1978-05-01,"ppt","SEDG",0.2
1978-05-01,"ppt","WWP",3.8
1978-05-01,"ppt","MCL",1
1978-05-01,"ppt","BORR",3.2
1978-05-01,"ppt","ANGELO",24.4
1978-06-01,"ppt","SEDG",0.2
1978-06-01,"ppt","WWP",0.1
1978-06-01,"ppt","MCL",0.3
1978-06-01,"ppt","BORR",0.5
1978-06-01,"ppt","ANGELO",1.1
1978-07-01,"ppt","SEDG",0
1978-07-01,"ppt","WWP",0
1978-07-01,"ppt","MCL",0.3
1978-07-01,"ppt","BORR",0
1978-07-01,"ppt","ANGELO",0.3
1978-08-01,"ppt","SEDG",0
1978-08-01,"ppt","WWP",1
1978-08-01,"ppt","MCL",0.3
1978-08-01,"ppt","BORR",1.6
1978-08-01,"ppt","ANGELO",13.9
1978-09-01,"ppt","SEDG",30.4
1978-09-01,"ppt","WWP",37.5
1978-09-01,"ppt","MCL",23.2
1978-09-01,"ppt","BORR",27.8
1978-09-01,"ppt","ANGELO",84
1978-10-01,"ppt","SEDG",1.2
1978-10-01,"ppt","WWP",5.7
1978-10-01,"ppt","MCL",0
1978-10-01,"ppt","BORR",0
1978-10-01,"ppt","ANGELO",0.8
1978-11-01,"ppt","SEDG",87
1978-11-01,"ppt","WWP",94.5
1978-11-01,"ppt","MCL",74.4
1978-11-01,"ppt","BORR",53.3
1978-11-01,"ppt","ANGELO",77.9
1978-12-01,"ppt","SEDG",60.4
1978-12-01,"ppt","WWP",75.1
1978-12-01,"ppt","MCL",39.1
1978-12-01,"ppt","BORR",11
1978-12-01,"ppt","ANGELO",39.2
1979-01-01,"ppt","SEDG",77.2
1979-01-01,"ppt","WWP",113.6
1979-01-01,"ppt","MCL",201.5
1979-01-01,"ppt","BORR",240.5
1979-01-01,"ppt","ANGELO",259.1
1979-02-01,"ppt","SEDG",89.7
1979-02-01,"ppt","WWP",53.4
1979-02-01,"ppt","MCL",150.5
1979-02-01,"ppt","BORR",139.9
1979-02-01,"ppt","ANGELO",295.6
1979-03-01,"ppt","SEDG",108.1
1979-03-01,"ppt","WWP",116.2
1979-03-01,"ppt","MCL",141.9
1979-03-01,"ppt","BORR",81.2
1979-03-01,"ppt","ANGELO",109.6
1979-04-01,"ppt","SEDG",2
1979-04-01,"ppt","WWP",9.8
1979-04-01,"ppt","MCL",28.6
1979-04-01,"ppt","BORR",39
1979-04-01,"ppt","ANGELO",78.8
1979-05-01,"ppt","SEDG",0.7
1979-05-01,"ppt","WWP",4.1
1979-05-01,"ppt","MCL",7.6
1979-05-01,"ppt","BORR",12.5
1979-05-01,"ppt","ANGELO",58.4
1979-06-01,"ppt","SEDG",0.1
1979-06-01,"ppt","WWP",0.1
1979-06-01,"ppt","MCL",0
1979-06-01,"ppt","BORR",0
1979-06-01,"ppt","ANGELO",0.8
1979-07-01,"ppt","SEDG",0
1979-07-01,"ppt","WWP",1
1979-07-01,"ppt","MCL",0.1
1979-07-01,"ppt","BORR",0
1979-07-01,"ppt","ANGELO",11.1
1979-08-01,"ppt","SEDG",0
1979-08-01,"ppt","WWP",0.6
1979-08-01,"ppt","MCL",0.3
1979-08-01,"ppt","BORR",1.5
1979-08-01,"ppt","ANGELO",2
1979-09-01,"ppt","SEDG",0.5
1979-09-01,"ppt","WWP",3.4
1979-09-01,"ppt","MCL",0
1979-09-01,"ppt","BORR",2.6
1979-09-01,"ppt","ANGELO",18.5
1979-10-01,"ppt","SEDG",10.6
1979-10-01,"ppt","WWP",7.6
1979-10-01,"ppt","MCL",73.8
1979-10-01,"ppt","BORR",94.1
1979-10-01,"ppt","ANGELO",218.1
1979-11-01,"ppt","SEDG",39
1979-11-01,"ppt","WWP",47.1
1979-11-01,"ppt","MCL",100.2
1979-11-01,"ppt","BORR",223.1
1979-11-01,"ppt","ANGELO",336.7
1979-12-01,"ppt","SEDG",68.4
1979-12-01,"ppt","WWP",67.7
1979-12-01,"ppt","MCL",259.5
1979-12-01,"ppt","BORR",222.4
1979-12-01,"ppt","ANGELO",285.1
1980-01-01,"ppt","SEDG",157.2
1980-01-01,"ppt","WWP",120.1
1980-01-01,"ppt","MCL",218.7
1980-01-01,"ppt","BORR",132.5
1980-01-01,"ppt","ANGELO",320.4
1980-02-01,"ppt","SEDG",209.8
1980-02-01,"ppt","WWP",113
1980-02-01,"ppt","MCL",236.9
1980-02-01,"ppt","BORR",226.4
1980-02-01,"ppt","ANGELO",320.8
1980-03-01,"ppt","SEDG",71.1
1980-03-01,"ppt","WWP",75.6
1980-03-01,"ppt","MCL",79.8
1980-03-01,"ppt","BORR",69.2
1980-03-01,"ppt","ANGELO",168.1
1980-04-01,"ppt","SEDG",40.8
1980-04-01,"ppt","WWP",72.9
1980-04-01,"ppt","MCL",68.6
1980-04-01,"ppt","BORR",51.4
1980-04-01,"ppt","ANGELO",122.2
1980-05-01,"ppt","SEDG",12.5
1980-05-01,"ppt","WWP",10.3
1980-05-01,"ppt","MCL",11.2
1980-05-01,"ppt","BORR",11
1980-05-01,"ppt","ANGELO",22.5
1980-06-01,"ppt","SEDG",0.1
1980-06-01,"ppt","WWP",2.2
1980-06-01,"ppt","MCL",1.2
1980-06-01,"ppt","BORR",4.2
1980-06-01,"ppt","ANGELO",4.6
1980-07-01,"ppt","SEDG",0.3
1980-07-01,"ppt","WWP",2.8
1980-07-01,"ppt","MCL",24.8
1980-07-01,"ppt","BORR",7.6
1980-07-01,"ppt","ANGELO",0.8
1980-08-01,"ppt","SEDG",0.2
1980-08-01,"ppt","WWP",0.3
1980-08-01,"ppt","MCL",0.2
1980-08-01,"ppt","BORR",0
1980-08-01,"ppt","ANGELO",0.2
1980-09-01,"ppt","SEDG",0.1
1980-09-01,"ppt","WWP",1
1980-09-01,"ppt","MCL",1
1980-09-01,"ppt","BORR",0.8
1980-09-01,"ppt","ANGELO",4.6
1980-10-01,"ppt","SEDG",1.9
1980-10-01,"ppt","WWP",6.6
1980-10-01,"ppt","MCL",13.4
1980-10-01,"ppt","BORR",17.1
1980-10-01,"ppt","ANGELO",53.3
1980-11-01,"ppt","SEDG",0.3
1980-11-01,"ppt","WWP",3.1
1980-11-01,"ppt","MCL",14.2
1980-11-01,"ppt","BORR",9
1980-11-01,"ppt","ANGELO",99.4
1980-12-01,"ppt","SEDG",40
1980-12-01,"ppt","WWP",28.8
1980-12-01,"ppt","MCL",111.3
1980-12-01,"ppt","BORR",138.7
1980-12-01,"ppt","ANGELO",240.4
1981-01-01,"ppt","SEDG",87.4
1981-01-01,"ppt","WWP",86.2
1981-01-01,"ppt","MCL",194.3
1981-01-01,"ppt","BORR",242.2
1981-01-01,"ppt","ANGELO",331.2
1981-02-01,"ppt","SEDG",64
1981-02-01,"ppt","WWP",53.7
1981-02-01,"ppt","MCL",83.6
1981-02-01,"ppt","BORR",58.7
1981-02-01,"ppt","ANGELO",130.2
1981-03-01,"ppt","SEDG",134.7
1981-03-01,"ppt","WWP",120.8
1981-03-01,"ppt","MCL",161.3
1981-03-01,"ppt","BORR",128.4
1981-03-01,"ppt","ANGELO",191.2
1981-04-01,"ppt","SEDG",17.2
1981-04-01,"ppt","WWP",77.1
1981-04-01,"ppt","MCL",34.4
1981-04-01,"ppt","BORR",18.2
1981-04-01,"ppt","ANGELO",34.7
1981-05-01,"ppt","SEDG",1.8
1981-05-01,"ppt","WWP",19.3
1981-05-01,"ppt","MCL",16.6
1981-05-01,"ppt","BORR",15
1981-05-01,"ppt","ANGELO",31.8
1981-06-01,"ppt","SEDG",0
1981-06-01,"ppt","WWP",0
1981-06-01,"ppt","MCL",0
1981-06-01,"ppt","BORR",0
1981-06-01,"ppt","ANGELO",3.3
1981-07-01,"ppt","SEDG",0
1981-07-01,"ppt","WWP",0
1981-07-01,"ppt","MCL",0
1981-07-01,"ppt","BORR",1.3
1981-07-01,"ppt","ANGELO",2.3
1981-08-01,"ppt","SEDG",0
1981-08-01,"ppt","WWP",0.1
1981-08-01,"ppt","MCL",0
1981-08-01,"ppt","BORR",0
1981-08-01,"ppt","ANGELO",1
1981-09-01,"ppt","SEDG",0
1981-09-01,"ppt","WWP",0.9
1981-09-01,"ppt","MCL",1.6
1981-09-01,"ppt","BORR",9.9
1981-09-01,"ppt","ANGELO",52.7
1981-10-01,"ppt","SEDG",33.9
1981-10-01,"ppt","WWP",23.7
1981-10-01,"ppt","MCL",74.4
1981-10-01,"ppt","BORR",121.2
1981-10-01,"ppt","ANGELO",186.2
1981-11-01,"ppt","SEDG",55
1981-11-01,"ppt","WWP",48.3
1981-11-01,"ppt","MCL",219.9
1981-11-01,"ppt","BORR",258.2
1981-11-01,"ppt","ANGELO",491.5
1981-12-01,"ppt","SEDG",21.8
1981-12-01,"ppt","WWP",26.1
1981-12-01,"ppt","MCL",133.7
1981-12-01,"ppt","BORR",194.3
1981-12-01,"ppt","ANGELO",577.5
1982-01-01,"ppt","SEDG",91.6
1982-01-01,"ppt","WWP",89.6
1982-01-01,"ppt","MCL",236.7
1982-01-01,"ppt","BORR",182.4
1982-01-01,"ppt","ANGELO",197
1982-02-01,"ppt","SEDG",24.9
1982-02-01,"ppt","WWP",39.9
1982-02-01,"ppt","MCL",93.5
1982-02-01,"ppt","BORR",99.7
1982-02-01,"ppt","ANGELO",265.5
1982-03-01,"ppt","SEDG",126.2
1982-03-01,"ppt","WWP",126.8
1982-03-01,"ppt","MCL",267.3
1982-03-01,"ppt","BORR",220.6
1982-03-01,"ppt","ANGELO",307.1
1982-04-01,"ppt","SEDG",122.5
1982-04-01,"ppt","WWP",99.3
1982-04-01,"ppt","MCL",159.5
1982-04-01,"ppt","BORR",122.6
1982-04-01,"ppt","ANGELO",248
1982-05-01,"ppt","SEDG",1.3
1982-05-01,"ppt","WWP",4.9
1982-05-01,"ppt","MCL",0.4
1982-05-01,"ppt","BORR",2.3
1982-05-01,"ppt","ANGELO",0.7
1982-06-01,"ppt","SEDG",1.1
1982-06-01,"ppt","WWP",12.5
1982-06-01,"ppt","MCL",22
1982-06-01,"ppt","BORR",7.2
1982-06-01,"ppt","ANGELO",21.8
1982-07-01,"ppt","SEDG",0
1982-07-01,"ppt","WWP",0.2
1982-07-01,"ppt","MCL",0.3
1982-07-01,"ppt","BORR",0.4
1982-07-01,"ppt","ANGELO",0
1982-08-01,"ppt","SEDG",0
1982-08-01,"ppt","WWP",1.2
1982-08-01,"ppt","MCL",0.9
1982-08-01,"ppt","BORR",0
1982-08-01,"ppt","ANGELO",0.3
1982-09-01,"ppt","SEDG",23.8
1982-09-01,"ppt","WWP",30.9
1982-09-01,"ppt","MCL",108.9
1982-09-01,"ppt","BORR",27.1
1982-09-01,"ppt","ANGELO",32.1
1982-10-01,"ppt","SEDG",29.4
1982-10-01,"ppt","WWP",28.3
1982-10-01,"ppt","MCL",90.5
1982-10-01,"ppt","BORR",114.2
1982-10-01,"ppt","ANGELO",193.9
1982-11-01,"ppt","SEDG",186.2
1982-11-01,"ppt","WWP",188.8
1982-11-01,"ppt","MCL",288.7
1982-11-01,"ppt","BORR",233.5
1982-11-01,"ppt","ANGELO",420.5
1982-12-01,"ppt","SEDG",72.4
1982-12-01,"ppt","WWP",92.9
1982-12-01,"ppt","MCL",202.7
1982-12-01,"ppt","BORR",204.7
1982-12-01,"ppt","ANGELO",484.1
1983-01-01,"ppt","SEDG",140.4
1983-01-01,"ppt","WWP",132
1983-01-01,"ppt","MCL",325.5
1983-01-01,"ppt","BORR",303.1
1983-01-01,"ppt","ANGELO",393
1983-02-01,"ppt","SEDG",177.7
1983-02-01,"ppt","WWP",107.7
1983-02-01,"ppt","MCL",273.9
1983-02-01,"ppt","BORR",267.2
1983-02-01,"ppt","ANGELO",512.2
1983-03-01,"ppt","SEDG",220.2
1983-03-01,"ppt","WWP",178.6
1983-03-01,"ppt","MCL",278.1
1983-03-01,"ppt","BORR",321.1
1983-03-01,"ppt","ANGELO",505.1
1983-04-01,"ppt","SEDG",201.7
1983-04-01,"ppt","WWP",126.4
1983-04-01,"ppt","MCL",219.1
1983-04-01,"ppt","BORR",223.8
1983-04-01,"ppt","ANGELO",205.3
1983-05-01,"ppt","SEDG",7.8
1983-05-01,"ppt","WWP",5.4
1983-05-01,"ppt","MCL",13.3
1983-05-01,"ppt","BORR",9.5
1983-05-01,"ppt","ANGELO",30.3
1983-06-01,"ppt","SEDG",0.1
1983-06-01,"ppt","WWP",0.1
1983-06-01,"ppt","MCL",0.7
1983-06-01,"ppt","BORR",7.6
1983-06-01,"ppt","ANGELO",1.1
1983-07-01,"ppt","SEDG",0
1983-07-01,"ppt","WWP",0
1983-07-01,"ppt","MCL",0.3
1983-07-01,"ppt","BORR",0.8
1983-07-01,"ppt","ANGELO",15.6
1983-08-01,"ppt","SEDG",11.2
1983-08-01,"ppt","WWP",44.8
1983-08-01,"ppt","MCL",9.9
1983-08-01,"ppt","BORR",34.1
1983-08-01,"ppt","ANGELO",152.4
1983-09-01,"ppt","SEDG",8.9
1983-09-01,"ppt","WWP",12.6
1983-09-01,"ppt","MCL",26.6
1983-09-01,"ppt","BORR",17.4
1983-09-01,"ppt","ANGELO",19.6
1983-10-01,"ppt","SEDG",27
1983-10-01,"ppt","WWP",59.5
1983-10-01,"ppt","MCL",46
1983-10-01,"ppt","BORR",36.9
1983-10-01,"ppt","ANGELO",38.7
1983-11-01,"ppt","SEDG",128.5
1983-11-01,"ppt","WWP",129.4
1983-11-01,"ppt","MCL",330.3
1983-11-01,"ppt","BORR",368.9
1983-11-01,"ppt","ANGELO",580
1983-12-01,"ppt","SEDG",128.3
1983-12-01,"ppt","WWP",106.6
1983-12-01,"ppt","MCL",274.3
1983-12-01,"ppt","BORR",392.2
1983-12-01,"ppt","ANGELO",588.7
1984-01-01,"ppt","SEDG",1.4
1984-01-01,"ppt","WWP",15.5
1984-01-01,"ppt","MCL",19.9
1984-01-01,"ppt","BORR",22.4
1984-01-01,"ppt","ANGELO",30
1984-02-01,"ppt","SEDG",10.1
1984-02-01,"ppt","WWP",21.1
1984-02-01,"ppt","MCL",72.8
1984-02-01,"ppt","BORR",64.7
1984-02-01,"ppt","ANGELO",220
1984-03-01,"ppt","SEDG",14
1984-03-01,"ppt","WWP",16.9
1984-03-01,"ppt","MCL",45.9
1984-03-01,"ppt","BORR",61.7
1984-03-01,"ppt","ANGELO",153.2
1984-04-01,"ppt","SEDG",12.9
1984-04-01,"ppt","WWP",21.1
1984-04-01,"ppt","MCL",32.5
1984-04-01,"ppt","BORR",27.4
1984-04-01,"ppt","ANGELO",93.6
1984-05-01,"ppt","SEDG",0.4
1984-05-01,"ppt","WWP",1.8
1984-05-01,"ppt","MCL",4.1
1984-05-01,"ppt","BORR",5.4
1984-05-01,"ppt","ANGELO",35.5
1984-06-01,"ppt","SEDG",0
1984-06-01,"ppt","WWP",0.9
1984-06-01,"ppt","MCL",4.7
1984-06-01,"ppt","BORR",8.2
1984-06-01,"ppt","ANGELO",14.9
1984-07-01,"ppt","SEDG",0.1
1984-07-01,"ppt","WWP",9.9
1984-07-01,"ppt","MCL",0.3
1984-07-01,"ppt","BORR",0.9
1984-07-01,"ppt","ANGELO",0.5
1984-08-01,"ppt","SEDG",1.2
1984-08-01,"ppt","WWP",10.6
1984-08-01,"ppt","MCL",4.2
1984-08-01,"ppt","BORR",4.5
1984-08-01,"ppt","ANGELO",0.4
1984-09-01,"ppt","SEDG",9.5
1984-09-01,"ppt","WWP",13.5
1984-09-01,"ppt","MCL",11.1
1984-09-01,"ppt","BORR",3.4
1984-09-01,"ppt","ANGELO",10
1984-10-01,"ppt","SEDG",12.1
1984-10-01,"ppt","WWP",9.9
1984-10-01,"ppt","MCL",60.9
1984-10-01,"ppt","BORR",68.2
1984-10-01,"ppt","ANGELO",138.6
1984-11-01,"ppt","SEDG",106.6
1984-11-01,"ppt","WWP",124.4
1984-11-01,"ppt","MCL",307.1
1984-11-01,"ppt","BORR",374.1
1984-11-01,"ppt","ANGELO",693.4
1984-12-01,"ppt","SEDG",119.3
1984-12-01,"ppt","WWP",134.3
1984-12-01,"ppt","MCL",142.6
1984-12-01,"ppt","BORR",86.5
1984-12-01,"ppt","ANGELO",97.8
1985-01-01,"ppt","SEDG",12.4
1985-01-01,"ppt","WWP",39.8
1985-01-01,"ppt","MCL",42.3
1985-01-01,"ppt","BORR",38
1985-01-01,"ppt","ANGELO",28.8
1985-02-01,"ppt","SEDG",24.7
1985-02-01,"ppt","WWP",18.3
1985-02-01,"ppt","MCL",64
1985-02-01,"ppt","BORR",59.2
1985-02-01,"ppt","ANGELO",114.9
1985-03-01,"ppt","SEDG",61
1985-03-01,"ppt","WWP",42.2
1985-03-01,"ppt","MCL",172.6
1985-03-01,"ppt","BORR",100.1
1985-03-01,"ppt","ANGELO",178.9
1985-04-01,"ppt","SEDG",6.6
1985-04-01,"ppt","WWP",22.6
1985-04-01,"ppt","MCL",19.5
1985-04-01,"ppt","BORR",11.5
1985-04-01,"ppt","ANGELO",15.8
1985-05-01,"ppt","SEDG",0.2
1985-05-01,"ppt","WWP",0.7
1985-05-01,"ppt","MCL",0.7
1985-05-01,"ppt","BORR",0.9
1985-05-01,"ppt","ANGELO",14.5
1985-06-01,"ppt","SEDG",0.2
1985-06-01,"ppt","WWP",6.2
1985-06-01,"ppt","MCL",3.7
1985-06-01,"ppt","BORR",1.8
1985-06-01,"ppt","ANGELO",3.8
1985-07-01,"ppt","SEDG",0.1
1985-07-01,"ppt","WWP",1.1
1985-07-01,"ppt","MCL",1.2
1985-07-01,"ppt","BORR",1.1
1985-07-01,"ppt","ANGELO",2.5
1985-08-01,"ppt","SEDG",0
1985-08-01,"ppt","WWP",0.1
1985-08-01,"ppt","MCL",0
1985-08-01,"ppt","BORR",1
1985-08-01,"ppt","ANGELO",0.5
1985-09-01,"ppt","SEDG",5.5
1985-09-01,"ppt","WWP",11.5
1985-09-01,"ppt","MCL",14.4
1985-09-01,"ppt","BORR",25.7
1985-09-01,"ppt","ANGELO",60
1985-10-01,"ppt","SEDG",10.4
1985-10-01,"ppt","WWP",10.1
1985-10-01,"ppt","MCL",41.8
1985-10-01,"ppt","BORR",49.7
1985-10-01,"ppt","ANGELO",106.9
1985-11-01,"ppt","SEDG",144.8
1985-11-01,"ppt","WWP",170
1985-11-01,"ppt","MCL",184.7
1985-11-01,"ppt","BORR",125.5
1985-11-01,"ppt","ANGELO",138.1
1985-12-01,"ppt","SEDG",26.8
1985-12-01,"ppt","WWP",40.7
1985-12-01,"ppt","MCL",117.4
1985-12-01,"ppt","BORR",128.5
1985-12-01,"ppt","ANGELO",168.9
1986-01-01,"ppt","SEDG",67.1
1986-01-01,"ppt","WWP",83.6
1986-01-01,"ppt","MCL",157.2
1986-01-01,"ppt","BORR",271.1
1986-01-01,"ppt","ANGELO",378.4
1986-02-01,"ppt","SEDG",172.3
1986-02-01,"ppt","WWP",89.8
1986-02-01,"ppt","MCL",376.2
1986-02-01,"ppt","BORR",412.8
1986-02-01,"ppt","ANGELO",629
1986-03-01,"ppt","SEDG",157.1
1986-03-01,"ppt","WWP",112.6
1986-03-01,"ppt","MCL",210.5
1986-03-01,"ppt","BORR",151.6
1986-03-01,"ppt","ANGELO",271.6
1986-04-01,"ppt","SEDG",24.7
1986-04-01,"ppt","WWP",40.5
1986-04-01,"ppt","MCL",47.9
1986-04-01,"ppt","BORR",28.2
1986-04-01,"ppt","ANGELO",49
1986-05-01,"ppt","SEDG",0
1986-05-01,"ppt","WWP",1.7
1986-05-01,"ppt","MCL",9.3
1986-05-01,"ppt","BORR",4.6
1986-05-01,"ppt","ANGELO",49
1986-06-01,"ppt","SEDG",0
1986-06-01,"ppt","WWP",0.2
1986-06-01,"ppt","MCL",0.7
1986-06-01,"ppt","BORR",0.2
1986-06-01,"ppt","ANGELO",2.7
1986-07-01,"ppt","SEDG",0.1
1986-07-01,"ppt","WWP",1.3
1986-07-01,"ppt","MCL",2.9
1986-07-01,"ppt","BORR",0.7
1986-07-01,"ppt","ANGELO",0.1
1986-08-01,"ppt","SEDG",0
1986-08-01,"ppt","WWP",1.5
1986-08-01,"ppt","MCL",0
1986-08-01,"ppt","BORR",0
1986-08-01,"ppt","ANGELO",0.6
1986-09-01,"ppt","SEDG",22.5
1986-09-01,"ppt","WWP",4.9
1986-09-01,"ppt","MCL",43.4
1986-09-01,"ppt","BORR",57.3
1986-09-01,"ppt","ANGELO",185.5
1986-10-01,"ppt","SEDG",1.1
1986-10-01,"ppt","WWP",3.9
1986-10-01,"ppt","MCL",7.9
1986-10-01,"ppt","BORR",18.7
1986-10-01,"ppt","ANGELO",68.5
1986-11-01,"ppt","SEDG",60.4
1986-11-01,"ppt","WWP",130.1
1986-11-01,"ppt","MCL",5.4
1986-11-01,"ppt","BORR",1.3
1986-11-01,"ppt","ANGELO",56.7
1986-12-01,"ppt","SEDG",19.8
1986-12-01,"ppt","WWP",35.8
1986-12-01,"ppt","MCL",60.9
1986-12-01,"ppt","BORR",78.1
1986-12-01,"ppt","ANGELO",157.5
1987-01-01,"ppt","SEDG",66.4
1987-01-01,"ppt","WWP",94.5
1987-01-01,"ppt","MCL",138
1987-01-01,"ppt","BORR",125.1
1987-01-01,"ppt","ANGELO",228.6
1987-02-01,"ppt","SEDG",48.8
1987-02-01,"ppt","WWP",41.3
1987-02-01,"ppt","MCL",144.8
1987-02-01,"ppt","BORR",110.5
1987-02-01,"ppt","ANGELO",170.2
1987-03-01,"ppt","SEDG",96.7
1987-03-01,"ppt","WWP",66
1987-03-01,"ppt","MCL",116.8
1987-03-01,"ppt","BORR",117.4
1987-03-01,"ppt","ANGELO",339.5
1987-04-01,"ppt","SEDG",9.8
1987-04-01,"ppt","WWP",27.7
1987-04-01,"ppt","MCL",22.6
1987-04-01,"ppt","BORR",13.1
1987-04-01,"ppt","ANGELO",31.9
1987-05-01,"ppt","SEDG",2.1
1987-05-01,"ppt","WWP",20
1987-05-01,"ppt","MCL",8.3
1987-05-01,"ppt","BORR",7.9
1987-05-01,"ppt","ANGELO",23.8
1987-06-01,"ppt","SEDG",1
1987-06-01,"ppt","WWP",9.3
1987-06-01,"ppt","MCL",0.4
1987-06-01,"ppt","BORR",0.4
1987-06-01,"ppt","ANGELO",2.4
1987-07-01,"ppt","SEDG",0
1987-07-01,"ppt","WWP",0.4
1987-07-01,"ppt","MCL",0.1
1987-07-01,"ppt","BORR",2.1
1987-07-01,"ppt","ANGELO",7.8
1987-08-01,"ppt","SEDG",0
1987-08-01,"ppt","WWP",1.8
1987-08-01,"ppt","MCL",0.2
1987-08-01,"ppt","BORR",0.1
1987-08-01,"ppt","ANGELO",0.7
1987-09-01,"ppt","SEDG",0.6
1987-09-01,"ppt","WWP",1.4
1987-09-01,"ppt","MCL",2.8
1987-09-01,"ppt","BORR",0.7
1987-09-01,"ppt","ANGELO",0.9
1987-10-01,"ppt","SEDG",56
1987-10-01,"ppt","WWP",79
1987-10-01,"ppt","MCL",113.2
1987-10-01,"ppt","BORR",60.3
1987-10-01,"ppt","ANGELO",54.4
1987-11-01,"ppt","SEDG",32
1987-11-01,"ppt","WWP",171.3
1987-11-01,"ppt","MCL",68.1
1987-11-01,"ppt","BORR",110.3
1987-11-01,"ppt","ANGELO",176.1
1987-12-01,"ppt","SEDG",102.7
1987-12-01,"ppt","WWP",139.6
1987-12-01,"ppt","MCL",195.9
1987-12-01,"ppt","BORR",255.7
1987-12-01,"ppt","ANGELO",526.8
1988-01-01,"ppt","SEDG",60.7
1988-01-01,"ppt","WWP",74.9
1988-01-01,"ppt","MCL",167.5
1988-01-01,"ppt","BORR",186.7
1988-01-01,"ppt","ANGELO",282.3
1988-02-01,"ppt","SEDG",42.5
1988-02-01,"ppt","WWP",37.6
1988-02-01,"ppt","MCL",38.7
1988-02-01,"ppt","BORR",20.1
1988-02-01,"ppt","ANGELO",11.6
1988-03-01,"ppt","SEDG",3.8
1988-03-01,"ppt","WWP",6
1988-03-01,"ppt","MCL",4.4
1988-03-01,"ppt","BORR",4.9
1988-03-01,"ppt","ANGELO",17.6
1988-04-01,"ppt","SEDG",96.8
1988-04-01,"ppt","WWP",106.4
1988-04-01,"ppt","MCL",110.3
1988-04-01,"ppt","BORR",86
1988-04-01,"ppt","ANGELO",86.5
1988-05-01,"ppt","SEDG",2.9
1988-05-01,"ppt","WWP",6.1
1988-05-01,"ppt","MCL",22.2
1988-05-01,"ppt","BORR",21.7
1988-05-01,"ppt","ANGELO",55.2
1988-06-01,"ppt","SEDG",10
1988-06-01,"ppt","WWP",16.8
1988-06-01,"ppt","MCL",9.7
1988-06-01,"ppt","BORR",9
1988-06-01,"ppt","ANGELO",30
1988-07-01,"ppt","SEDG",0
1988-07-01,"ppt","WWP",1.7
1988-07-01,"ppt","MCL",0.3
1988-07-01,"ppt","BORR",1.5
1988-07-01,"ppt","ANGELO",1
1988-08-01,"ppt","SEDG",0.2
1988-08-01,"ppt","WWP",5.3
1988-08-01,"ppt","MCL",0.4
1988-08-01,"ppt","BORR",0.3
1988-08-01,"ppt","ANGELO",3.4
1988-09-01,"ppt","SEDG",1
1988-09-01,"ppt","WWP",3.8
1988-09-01,"ppt","MCL",0.6
1988-09-01,"ppt","BORR",0
1988-09-01,"ppt","ANGELO",1
1988-10-01,"ppt","SEDG",1
1988-10-01,"ppt","WWP",0.7
1988-10-01,"ppt","MCL",8
1988-10-01,"ppt","BORR",12.8
1988-10-01,"ppt","ANGELO",23.6
1988-11-01,"ppt","SEDG",37.8
1988-11-01,"ppt","WWP",53.6
1988-11-01,"ppt","MCL",127.6
1988-11-01,"ppt","BORR",153.2
1988-11-01,"ppt","ANGELO",465.4
1988-12-01,"ppt","SEDG",100.2
1988-12-01,"ppt","WWP",112.3
1988-12-01,"ppt","MCL",148.8
1988-12-01,"ppt","BORR",128.9
1988-12-01,"ppt","ANGELO",190.2
1989-01-01,"ppt","SEDG",11.5
1989-01-01,"ppt","WWP",25.6
1989-01-01,"ppt","MCL",43.2
1989-01-01,"ppt","BORR",47.5
1989-01-01,"ppt","ANGELO",98.1
1989-02-01,"ppt","SEDG",49.1
1989-02-01,"ppt","WWP",72.2
1989-02-01,"ppt","MCL",45.1
1989-02-01,"ppt","BORR",46.4
1989-02-01,"ppt","ANGELO",65.5
1989-03-01,"ppt","SEDG",28.4
1989-03-01,"ppt","WWP",27.3
1989-03-01,"ppt","MCL",143.7
1989-03-01,"ppt","BORR",197.1
1989-03-01,"ppt","ANGELO",417.3
1989-04-01,"ppt","SEDG",11.5
1989-04-01,"ppt","WWP",18.8
1989-04-01,"ppt","MCL",54.6
1989-04-01,"ppt","BORR",41.6
1989-04-01,"ppt","ANGELO",94.1
1989-05-01,"ppt","SEDG",1.3
1989-05-01,"ppt","WWP",18.7
1989-05-01,"ppt","MCL",5.2
1989-05-01,"ppt","BORR",2.6
1989-05-01,"ppt","ANGELO",20.6
1989-06-01,"ppt","SEDG",0.2
1989-06-01,"ppt","WWP",0.1
1989-06-01,"ppt","MCL",2.8
1989-06-01,"ppt","BORR",12.6
1989-06-01,"ppt","ANGELO",13.2
1989-07-01,"ppt","SEDG",0
1989-07-01,"ppt","WWP",0.9
1989-07-01,"ppt","MCL",0
1989-07-01,"ppt","BORR",0
1989-07-01,"ppt","ANGELO",0
1989-08-01,"ppt","SEDG",0
1989-08-01,"ppt","WWP",4.6
1989-08-01,"ppt","MCL",6.1
1989-08-01,"ppt","BORR",4.2
1989-08-01,"ppt","ANGELO",1.7
1989-09-01,"ppt","SEDG",19.2
1989-09-01,"ppt","WWP",16.3
1989-09-01,"ppt","MCL",63.1
1989-09-01,"ppt","BORR",109.4
1989-09-01,"ppt","ANGELO",54.6
1989-10-01,"ppt","SEDG",14.2
1989-10-01,"ppt","WWP",6.6
1989-10-01,"ppt","MCL",71.7
1989-10-01,"ppt","BORR",140.8
1989-10-01,"ppt","ANGELO",227.2
1989-11-01,"ppt","SEDG",14.7
1989-11-01,"ppt","WWP",9.4
1989-11-01,"ppt","MCL",53.8
1989-11-01,"ppt","BORR",40.6
1989-11-01,"ppt","ANGELO",58.5
1989-12-01,"ppt","SEDG",2.2
1989-12-01,"ppt","WWP",2.5
1989-12-01,"ppt","MCL",2.9
1989-12-01,"ppt","BORR",0
1989-12-01,"ppt","ANGELO",3.6
1990-01-01,"ppt","SEDG",58.5
1990-01-01,"ppt","WWP",59.6
1990-01-01,"ppt","MCL",113.9
1990-01-01,"ppt","BORR",117.3
1990-01-01,"ppt","ANGELO",261.6
1990-02-01,"ppt","SEDG",48.8
1990-02-01,"ppt","WWP",51.4
1990-02-01,"ppt","MCL",95.4
1990-02-01,"ppt","BORR",67.9
1990-02-01,"ppt","ANGELO",151.1
1990-03-01,"ppt","SEDG",9.5
1990-03-01,"ppt","WWP",18
1990-03-01,"ppt","MCL",43.6
1990-03-01,"ppt","BORR",29.1
1990-03-01,"ppt","ANGELO",106.3
1990-04-01,"ppt","SEDG",20.7
1990-04-01,"ppt","WWP",26.3
1990-04-01,"ppt","MCL",22.2
1990-04-01,"ppt","BORR",10.6
1990-04-01,"ppt","ANGELO",26.7
1990-05-01,"ppt","SEDG",19.3
1990-05-01,"ppt","WWP",20.9
1990-05-01,"ppt","MCL",42.9
1990-05-01,"ppt","BORR",45.6
1990-05-01,"ppt","ANGELO",155
1990-06-01,"ppt","SEDG",0.6
1990-06-01,"ppt","WWP",2.8
1990-06-01,"ppt","MCL",1.9
1990-06-01,"ppt","BORR",0.6
1990-06-01,"ppt","ANGELO",6.7
1990-07-01,"ppt","SEDG",0
1990-07-01,"ppt","WWP",0.4
1990-07-01,"ppt","MCL",2.2
1990-07-01,"ppt","BORR",1.3
1990-07-01,"ppt","ANGELO",5.6
1990-08-01,"ppt","SEDG",0.3
1990-08-01,"ppt","WWP",1.8
1990-08-01,"ppt","MCL",1.8
1990-08-01,"ppt","BORR",4.1
1990-08-01,"ppt","ANGELO",33.4
1990-09-01,"ppt","SEDG",17.8
1990-09-01,"ppt","WWP",20.1
1990-09-01,"ppt","MCL",16.7
1990-09-01,"ppt","BORR",10
1990-09-01,"ppt","ANGELO",15.4
1990-10-01,"ppt","SEDG",0.4
1990-10-01,"ppt","WWP",0.5
1990-10-01,"ppt","MCL",14.6
1990-10-01,"ppt","BORR",12.7
1990-10-01,"ppt","ANGELO",58.5
1990-11-01,"ppt","SEDG",10.9
1990-11-01,"ppt","WWP",42.4
1990-11-01,"ppt","MCL",16.5
1990-11-01,"ppt","BORR",11.3
1990-11-01,"ppt","ANGELO",35.9
1990-12-01,"ppt","SEDG",12.3
1990-12-01,"ppt","WWP",11.8
1990-12-01,"ppt","MCL",51.8
1990-12-01,"ppt","BORR",45.3
1990-12-01,"ppt","ANGELO",77.8
1991-01-01,"ppt","SEDG",13.8
1991-01-01,"ppt","WWP",31.7
1991-01-01,"ppt","MCL",19.2
1991-01-01,"ppt","BORR",12.6
1991-01-01,"ppt","ANGELO",67.1
1991-02-01,"ppt","SEDG",38.2
1991-02-01,"ppt","WWP",33.2
1991-02-01,"ppt","MCL",74
1991-02-01,"ppt","BORR",86.7
1991-02-01,"ppt","ANGELO",141.3
1991-03-01,"ppt","SEDG",281.7
1991-03-01,"ppt","WWP",251.1
1991-03-01,"ppt","MCL",377
1991-03-01,"ppt","BORR",303.2
1991-03-01,"ppt","ANGELO",403.1
1991-04-01,"ppt","SEDG",11.9
1991-04-01,"ppt","WWP",15.1
1991-04-01,"ppt","MCL",44.5
1991-04-01,"ppt","BORR",28.9
1991-04-01,"ppt","ANGELO",53.5
1991-05-01,"ppt","SEDG",0
1991-05-01,"ppt","WWP",1.1
1991-05-01,"ppt","MCL",11.5
1991-05-01,"ppt","BORR",8.8
1991-05-01,"ppt","ANGELO",35.2
1991-06-01,"ppt","SEDG",1.4
1991-06-01,"ppt","WWP",1.8
1991-06-01,"ppt","MCL",6.8
1991-06-01,"ppt","BORR",16
1991-06-01,"ppt","ANGELO",13.6
1991-07-01,"ppt","SEDG",0.1
1991-07-01,"ppt","WWP",1.9
1991-07-01,"ppt","MCL",0
1991-07-01,"ppt","BORR",0.1
1991-07-01,"ppt","ANGELO",1.6
1991-08-01,"ppt","SEDG",1.7
1991-08-01,"ppt","WWP",2.8
1991-08-01,"ppt","MCL",6.9
1991-08-01,"ppt","BORR",3.2
1991-08-01,"ppt","ANGELO",9.4
1991-09-01,"ppt","SEDG",0.8
1991-09-01,"ppt","WWP",4.7
1991-09-01,"ppt","MCL",2.6
1991-09-01,"ppt","BORR",1.5
1991-09-01,"ppt","ANGELO",1.6
1991-10-01,"ppt","SEDG",21.2
1991-10-01,"ppt","WWP",18.4
1991-10-01,"ppt","MCL",59.7
1991-10-01,"ppt","BORR",56.6
1991-10-01,"ppt","ANGELO",105.6
1991-11-01,"ppt","SEDG",6.5
1991-11-01,"ppt","WWP",6.7
1991-11-01,"ppt","MCL",29
1991-11-01,"ppt","BORR",36.2
1991-11-01,"ppt","ANGELO",124.7
1991-12-01,"ppt","SEDG",124.1
1991-12-01,"ppt","WWP",143.7
1991-12-01,"ppt","MCL",120.2
1991-12-01,"ppt","BORR",121.4
1991-12-01,"ppt","ANGELO",127
1992-01-01,"ppt","SEDG",50.8
1992-01-01,"ppt","WWP",79.8
1992-01-01,"ppt","MCL",70.1
1992-01-01,"ppt","BORR",63
1992-01-01,"ppt","ANGELO",118.5
1992-02-01,"ppt","SEDG",188.3
1992-02-01,"ppt","WWP",134.2
1992-02-01,"ppt","MCL",258
1992-02-01,"ppt","BORR",230.7
1992-02-01,"ppt","ANGELO",276.9
1992-03-01,"ppt","SEDG",107.2
1992-03-01,"ppt","WWP",125.3
1992-03-01,"ppt","MCL",148.5
1992-03-01,"ppt","BORR",116.4
1992-03-01,"ppt","ANGELO",209.9
1992-04-01,"ppt","SEDG",1.4
1992-04-01,"ppt","WWP",10.7
1992-04-01,"ppt","MCL",21
1992-04-01,"ppt","BORR",47.6
1992-04-01,"ppt","ANGELO",98
1992-05-01,"ppt","SEDG",1.4
1992-05-01,"ppt","WWP",7.5
1992-05-01,"ppt","MCL",0.3
1992-05-01,"ppt","BORR",1.4
1992-05-01,"ppt","ANGELO",5.9
1992-06-01,"ppt","SEDG",0.2
1992-06-01,"ppt","WWP",1
1992-06-01,"ppt","MCL",9.9
1992-06-01,"ppt","BORR",21
1992-06-01,"ppt","ANGELO",35.5
1992-07-01,"ppt","SEDG",1
1992-07-01,"ppt","WWP",13.9
1992-07-01,"ppt","MCL",2.4
1992-07-01,"ppt","BORR",1.2
1992-07-01,"ppt","ANGELO",7
1992-08-01,"ppt","SEDG",0.1
1992-08-01,"ppt","WWP",1.2
1992-08-01,"ppt","MCL",0.6
1992-08-01,"ppt","BORR",0.1
1992-08-01,"ppt","ANGELO",0
1992-09-01,"ppt","SEDG",0.2
1992-09-01,"ppt","WWP",3.7
1992-09-01,"ppt","MCL",0.3
1992-09-01,"ppt","BORR",0.5
1992-09-01,"ppt","ANGELO",4.4
1992-10-01,"ppt","SEDG",51
1992-10-01,"ppt","WWP",36.6
1992-10-01,"ppt","MCL",65
1992-10-01,"ppt","BORR",85
1992-10-01,"ppt","ANGELO",170.6
1992-11-01,"ppt","SEDG",0.4
1992-11-01,"ppt","WWP",8.5
1992-11-01,"ppt","MCL",18.7
1992-11-01,"ppt","BORR",19.1
1992-11-01,"ppt","ANGELO",78.7
1992-12-01,"ppt","SEDG",132.6
1992-12-01,"ppt","WWP",175.5
1992-12-01,"ppt","MCL",233.3
1992-12-01,"ppt","BORR",281.4
1992-12-01,"ppt","ANGELO",546.7
1993-01-01,"ppt","SEDG",233.5
1993-01-01,"ppt","WWP",224
1993-01-01,"ppt","MCL",304.1
1993-01-01,"ppt","BORR",365.6
1993-01-01,"ppt","ANGELO",387.7
1993-02-01,"ppt","SEDG",215.9
1993-02-01,"ppt","WWP",139.3
1993-02-01,"ppt","MCL",244.6
1993-02-01,"ppt","BORR",233.3
1993-02-01,"ppt","ANGELO",234.5
1993-03-01,"ppt","SEDG",96.7
1993-03-01,"ppt","WWP",105.1
1993-03-01,"ppt","MCL",123.1
1993-03-01,"ppt","BORR",74.4
1993-03-01,"ppt","ANGELO",158.7
1993-04-01,"ppt","SEDG",1
1993-04-01,"ppt","WWP",14.3
1993-04-01,"ppt","MCL",28.8
1993-04-01,"ppt","BORR",40.9
1993-04-01,"ppt","ANGELO",183
1993-05-01,"ppt","SEDG",2.6
1993-05-01,"ppt","WWP",4.2
1993-05-01,"ppt","MCL",18.4
1993-05-01,"ppt","BORR",42
1993-05-01,"ppt","ANGELO",138.2
1993-06-01,"ppt","SEDG",0.9
1993-06-01,"ppt","WWP",8.6
1993-06-01,"ppt","MCL",15.2
1993-06-01,"ppt","BORR",23.6
1993-06-01,"ppt","ANGELO",29.9
1993-07-01,"ppt","SEDG",0
1993-07-01,"ppt","WWP",0.1
1993-07-01,"ppt","MCL",0
1993-07-01,"ppt","BORR",0
1993-07-01,"ppt","ANGELO",0
1993-08-01,"ppt","SEDG",0.2
1993-08-01,"ppt","WWP",0.3
1993-08-01,"ppt","MCL",0.6
1993-08-01,"ppt","BORR",0.6
1993-08-01,"ppt","ANGELO",2.5
1993-09-01,"ppt","SEDG",0.2
1993-09-01,"ppt","WWP",0.3
1993-09-01,"ppt","MCL",0.6
1993-09-01,"ppt","BORR",0
1993-09-01,"ppt","ANGELO",0.1
1993-10-01,"ppt","SEDG",6.6
1993-10-01,"ppt","WWP",7.8
1993-10-01,"ppt","MCL",26.9
1993-10-01,"ppt","BORR",34.2
1993-10-01,"ppt","ANGELO",74.3
1993-11-01,"ppt","SEDG",42.5
1993-11-01,"ppt","WWP",55.8
1993-11-01,"ppt","MCL",63.8
1993-11-01,"ppt","BORR",98.3
1993-11-01,"ppt","ANGELO",67.9
1993-12-01,"ppt","SEDG",50.2
1993-12-01,"ppt","WWP",48.4
1993-12-01,"ppt","MCL",94.4
1993-12-01,"ppt","BORR",105.7
1993-12-01,"ppt","ANGELO",297.8
1994-01-01,"ppt","SEDG",36.1
1994-01-01,"ppt","WWP",35.9
1994-01-01,"ppt","MCL",66.7
1994-01-01,"ppt","BORR",119.1
1994-01-01,"ppt","ANGELO",208
1994-02-01,"ppt","SEDG",138.9
1994-02-01,"ppt","WWP",80.7
1994-02-01,"ppt","MCL",157.2
1994-02-01,"ppt","BORR",139.3
1994-02-01,"ppt","ANGELO",202.3
1994-03-01,"ppt","SEDG",47.2
1994-03-01,"ppt","WWP",56.6
1994-03-01,"ppt","MCL",24.7
1994-03-01,"ppt","BORR",16.8
1994-03-01,"ppt","ANGELO",54.9
1994-04-01,"ppt","SEDG",29.1
1994-04-01,"ppt","WWP",36.1
1994-04-01,"ppt","MCL",83.4
1994-04-01,"ppt","BORR",64.9
1994-04-01,"ppt","ANGELO",93.1
1994-05-01,"ppt","SEDG",12.4
1994-05-01,"ppt","WWP",23.7
1994-05-01,"ppt","MCL",36.3
1994-05-01,"ppt","BORR",18.8
1994-05-01,"ppt","ANGELO",47.2
1994-06-01,"ppt","SEDG",0
1994-06-01,"ppt","WWP",0.5
1994-06-01,"ppt","MCL",0.6
1994-06-01,"ppt","BORR",0.7
1994-06-01,"ppt","ANGELO",7.3
1994-07-01,"ppt","SEDG",0
1994-07-01,"ppt","WWP",0.6
1994-07-01,"ppt","MCL",0
1994-07-01,"ppt","BORR",0.1
1994-07-01,"ppt","ANGELO",0.5
1994-08-01,"ppt","SEDG",0.4
1994-08-01,"ppt","WWP",1.3
1994-08-01,"ppt","MCL",0
1994-08-01,"ppt","BORR",0
1994-08-01,"ppt","ANGELO",0
1994-09-01,"ppt","SEDG",3.3
1994-09-01,"ppt","WWP",16.3
1994-09-01,"ppt","MCL",4.2
1994-09-01,"ppt","BORR",4.6
1994-09-01,"ppt","ANGELO",9.9
1994-10-01,"ppt","SEDG",28.1
1994-10-01,"ppt","WWP",11.3
1994-10-01,"ppt","MCL",15.4
1994-10-01,"ppt","BORR",42.2
1994-10-01,"ppt","ANGELO",13.5
1994-11-01,"ppt","SEDG",48.3
1994-11-01,"ppt","WWP",116.5
1994-11-01,"ppt","MCL",162.6
1994-11-01,"ppt","BORR",199
1994-11-01,"ppt","ANGELO",304.5
1994-12-01,"ppt","SEDG",23.3
1994-12-01,"ppt","WWP",85.5
1994-12-01,"ppt","MCL",88.5
1994-12-01,"ppt","BORR",158.7
1994-12-01,"ppt","ANGELO",207.4
1995-01-01,"ppt","SEDG",355.9
1995-01-01,"ppt","WWP",356.6
1995-01-01,"ppt","MCL",513
1995-01-01,"ppt","BORR",684
1995-01-01,"ppt","ANGELO",812.9
1995-02-01,"ppt","SEDG",43.2
1995-02-01,"ppt","WWP",78.7
1995-02-01,"ppt","MCL",15
1995-02-01,"ppt","BORR",12.5
1995-02-01,"ppt","ANGELO",36.5
1995-03-01,"ppt","SEDG",197
1995-03-01,"ppt","WWP",200.5
1995-03-01,"ppt","MCL",349.2
1995-03-01,"ppt","BORR",312.1
1995-03-01,"ppt","ANGELO",530.5
1995-04-01,"ppt","SEDG",22.2
1995-04-01,"ppt","WWP",52.8
1995-04-01,"ppt","MCL",92.9
1995-04-01,"ppt","BORR",77.4
1995-04-01,"ppt","ANGELO",197.1
1995-05-01,"ppt","SEDG",15
1995-05-01,"ppt","WWP",22.8
1995-05-01,"ppt","MCL",38.5
1995-05-01,"ppt","BORR",43.5
1995-05-01,"ppt","ANGELO",72.4
1995-06-01,"ppt","SEDG",2.8
1995-06-01,"ppt","WWP",6.7
1995-06-01,"ppt","MCL",11.9
1995-06-01,"ppt","BORR",30.1
1995-06-01,"ppt","ANGELO",25.2
1995-07-01,"ppt","SEDG",0
1995-07-01,"ppt","WWP",0.6
1995-07-01,"ppt","MCL",1.4
1995-07-01,"ppt","BORR",1.7
1995-07-01,"ppt","ANGELO",7.8
1995-08-01,"ppt","SEDG",0
1995-08-01,"ppt","WWP",4.3
1995-08-01,"ppt","MCL",0
1995-08-01,"ppt","BORR",0
1995-08-01,"ppt","ANGELO",0
1995-09-01,"ppt","SEDG",0.2
1995-09-01,"ppt","WWP",1.7
1995-09-01,"ppt","MCL",0.2
1995-09-01,"ppt","BORR",0
1995-09-01,"ppt","ANGELO",2.3
1995-10-01,"ppt","SEDG",0.4
1995-10-01,"ppt","WWP",0.1
1995-10-01,"ppt","MCL",0.2
1995-10-01,"ppt","BORR",0
1995-10-01,"ppt","ANGELO",3.3
1995-11-01,"ppt","SEDG",2
1995-11-01,"ppt","WWP",12.4
1995-11-01,"ppt","MCL",3.9
1995-11-01,"ppt","BORR",2.1
1995-11-01,"ppt","ANGELO",48.7
1995-12-01,"ppt","SEDG",42.2
1995-12-01,"ppt","WWP",63.4
1995-12-01,"ppt","MCL",265.5
1995-12-01,"ppt","BORR",342.8
1995-12-01,"ppt","ANGELO",663
1996-01-01,"ppt","SEDG",78.9
1996-01-01,"ppt","WWP",68.6
1996-01-01,"ppt","MCL",192.9
1996-01-01,"ppt","BORR",203.3
1996-01-01,"ppt","ANGELO",419.7
1996-02-01,"ppt","SEDG",155.5
1996-02-01,"ppt","WWP",126.6
1996-02-01,"ppt","MCL",222.5
1996-02-01,"ppt","BORR",224.2
1996-02-01,"ppt","ANGELO",332.2
1996-03-01,"ppt","SEDG",41.9
1996-03-01,"ppt","WWP",21.4
1996-03-01,"ppt","MCL",108.3
1996-03-01,"ppt","BORR",92.3
1996-03-01,"ppt","ANGELO",175.2
1996-04-01,"ppt","SEDG",30.3
1996-04-01,"ppt","WWP",19.6
1996-04-01,"ppt","MCL",78.6
1996-04-01,"ppt","BORR",75.7
1996-04-01,"ppt","ANGELO",163.6
1996-05-01,"ppt","SEDG",6.9
1996-05-01,"ppt","WWP",3.7
1996-05-01,"ppt","MCL",40.2
1996-05-01,"ppt","BORR",43.3
1996-05-01,"ppt","ANGELO",88.2
1996-06-01,"ppt","SEDG",0.1
1996-06-01,"ppt","WWP",1.9
1996-06-01,"ppt","MCL",0.6
1996-06-01,"ppt","BORR",1.3
1996-06-01,"ppt","ANGELO",1.4
1996-07-01,"ppt","SEDG",0
1996-07-01,"ppt","WWP",0.6
1996-07-01,"ppt","MCL",0
1996-07-01,"ppt","BORR",0.1
1996-07-01,"ppt","ANGELO",0.7
1996-08-01,"ppt","SEDG",0.3
1996-08-01,"ppt","WWP",2.1
1996-08-01,"ppt","MCL",0.2
1996-08-01,"ppt","BORR",0.1
1996-08-01,"ppt","ANGELO",0.6
1996-09-01,"ppt","SEDG",0
1996-09-01,"ppt","WWP",0.7
1996-09-01,"ppt","MCL",3.3
1996-09-01,"ppt","BORR",1.1
1996-09-01,"ppt","ANGELO",22.8
1996-10-01,"ppt","SEDG",44.9
1996-10-01,"ppt","WWP",40
1996-10-01,"ppt","MCL",79.6
1996-10-01,"ppt","BORR",65.4
1996-10-01,"ppt","ANGELO",90.8
1996-11-01,"ppt","SEDG",86
1996-11-01,"ppt","WWP",113.5
1996-11-01,"ppt","MCL",136.1
1996-11-01,"ppt","BORR",100.3
1996-11-01,"ppt","ANGELO",214.5
1996-12-01,"ppt","SEDG",174.8
1996-12-01,"ppt","WWP",155.8
1996-12-01,"ppt","MCL",321.2
1996-12-01,"ppt","BORR",378.7
1996-12-01,"ppt","ANGELO",746.9
1997-01-01,"ppt","SEDG",132.7
1997-01-01,"ppt","WWP",90.5
1997-01-01,"ppt","MCL",387
1997-01-01,"ppt","BORR",289.8
1997-01-01,"ppt","ANGELO",388
1997-02-01,"ppt","SEDG",9.1
1997-02-01,"ppt","WWP",29.6
1997-02-01,"ppt","MCL",11.2
1997-02-01,"ppt","BORR",13.6
1997-02-01,"ppt","ANGELO",38.7
1997-03-01,"ppt","SEDG",0.1
1997-03-01,"ppt","WWP",10
1997-03-01,"ppt","MCL",11.2
1997-03-01,"ppt","BORR",36.7
1997-03-01,"ppt","ANGELO",83.4
1997-04-01,"ppt","SEDG",0.7
1997-04-01,"ppt","WWP",3.5
1997-04-01,"ppt","MCL",13.1
1997-04-01,"ppt","BORR",17.6
1997-04-01,"ppt","ANGELO",74.9
1997-05-01,"ppt","SEDG",0.1
1997-05-01,"ppt","WWP",1.7
1997-05-01,"ppt","MCL",6.2
1997-05-01,"ppt","BORR",6.3
1997-05-01,"ppt","ANGELO",21.7
1997-06-01,"ppt","SEDG",0.4
1997-06-01,"ppt","WWP",2
1997-06-01,"ppt","MCL",11.4
1997-06-01,"ppt","BORR",14.8
1997-06-01,"ppt","ANGELO",35.1
1997-07-01,"ppt","SEDG",0.4
1997-07-01,"ppt","WWP",3.7
1997-07-01,"ppt","MCL",0.7
1997-07-01,"ppt","BORR",0
1997-07-01,"ppt","ANGELO",0.2
1997-08-01,"ppt","SEDG",1.3
1997-08-01,"ppt","WWP",3.1
1997-08-01,"ppt","MCL",25.6
1997-08-01,"ppt","BORR",22.9
1997-08-01,"ppt","ANGELO",40.1
1997-09-01,"ppt","SEDG",1.6
1997-09-01,"ppt","WWP",20.1
1997-09-01,"ppt","MCL",2.1
1997-09-01,"ppt","BORR",32
1997-09-01,"ppt","ANGELO",25.6
1997-10-01,"ppt","SEDG",1.3
1997-10-01,"ppt","WWP",8.7
1997-10-01,"ppt","MCL",19.9
1997-10-01,"ppt","BORR",40.8
1997-10-01,"ppt","ANGELO",151.7
1997-11-01,"ppt","SEDG",152.1
1997-11-01,"ppt","WWP",163.6
1997-11-01,"ppt","MCL",307.1
1997-11-01,"ppt","BORR",247
1997-11-01,"ppt","ANGELO",317.3
1997-12-01,"ppt","SEDG",143.3
1997-12-01,"ppt","WWP",211.7
1997-12-01,"ppt","MCL",139.5
1997-12-01,"ppt","BORR",131.5
1997-12-01,"ppt","ANGELO",183.5
1998-01-01,"ppt","SEDG",87.3
1998-01-01,"ppt","WWP",71.3
1998-01-01,"ppt","MCL",299.3
1998-01-01,"ppt","BORR",296.5
1998-01-01,"ppt","ANGELO",552.8
1998-02-01,"ppt","SEDG",378.9
1998-02-01,"ppt","WWP",324.1
1998-02-01,"ppt","MCL",462.2
1998-02-01,"ppt","BORR",461.7
1998-02-01,"ppt","ANGELO",589.2
1998-03-01,"ppt","SEDG",78.5
1998-03-01,"ppt","WWP",112.7
1998-03-01,"ppt","MCL",106.6
1998-03-01,"ppt","BORR",92.7
1998-03-01,"ppt","ANGELO",240.1
1998-04-01,"ppt","SEDG",75.7
1998-04-01,"ppt","WWP",112.6
1998-04-01,"ppt","MCL",89.8
1998-04-01,"ppt","BORR",91.3
1998-04-01,"ppt","ANGELO",97.3
1998-05-01,"ppt","SEDG",48.8
1998-05-01,"ppt","WWP",63.8
1998-05-01,"ppt","MCL",82.6
1998-05-01,"ppt","BORR",85.3
1998-05-01,"ppt","ANGELO",90.7
1998-06-01,"ppt","SEDG",0.7
1998-06-01,"ppt","WWP",7.9
1998-06-01,"ppt","MCL",12.7
1998-06-01,"ppt","BORR",13.8
1998-06-01,"ppt","ANGELO",5
1998-07-01,"ppt","SEDG",0
1998-07-01,"ppt","WWP",0.2
1998-07-01,"ppt","MCL",0.6
1998-07-01,"ppt","BORR",0.1
1998-07-01,"ppt","ANGELO",0.4
1998-08-01,"ppt","SEDG",0
1998-08-01,"ppt","WWP",2.5
1998-08-01,"ppt","MCL",0
1998-08-01,"ppt","BORR",0
1998-08-01,"ppt","ANGELO",0
1998-09-01,"ppt","SEDG",11.5
1998-09-01,"ppt","WWP",12.9
1998-09-01,"ppt","MCL",9.6
1998-09-01,"ppt","BORR",15.4
1998-09-01,"ppt","ANGELO",1.9
1998-10-01,"ppt","SEDG",1.1
1998-10-01,"ppt","WWP",5.9
1998-10-01,"ppt","MCL",27.1
1998-10-01,"ppt","BORR",42.1
1998-10-01,"ppt","ANGELO",59.7
1998-11-01,"ppt","SEDG",58.1
1998-11-01,"ppt","WWP",76.7
1998-11-01,"ppt","MCL",178.3
1998-11-01,"ppt","BORR",207
1998-11-01,"ppt","ANGELO",462.7
1998-12-01,"ppt","SEDG",34.7
1998-12-01,"ppt","WWP",72.2
1998-12-01,"ppt","MCL",39.3
1998-12-01,"ppt","BORR",30.7
1998-12-01,"ppt","ANGELO",154.7
1999-01-01,"ppt","SEDG",53.3
1999-01-01,"ppt","WWP",86.7
1999-01-01,"ppt","MCL",133.9
1999-01-01,"ppt","BORR",88.7
1999-01-01,"ppt","ANGELO",224.8
1999-02-01,"ppt","SEDG",17.7
1999-02-01,"ppt","WWP",24.2
1999-02-01,"ppt","MCL",141.5
1999-02-01,"ppt","BORR",213
1999-02-01,"ppt","ANGELO",471.4
1999-03-01,"ppt","SEDG",89.2
1999-03-01,"ppt","WWP",54.3
1999-03-01,"ppt","MCL",114.6
1999-03-01,"ppt","BORR",129.9
1999-03-01,"ppt","ANGELO",242.7
1999-04-01,"ppt","SEDG",95.9
1999-04-01,"ppt","WWP",84.2
1999-04-01,"ppt","MCL",92
1999-04-01,"ppt","BORR",58.8
1999-04-01,"ppt","ANGELO",87.1
1999-05-01,"ppt","SEDG",0.1
1999-05-01,"ppt","WWP",4.2
1999-05-01,"ppt","MCL",2.8
1999-05-01,"ppt","BORR",2.2
1999-05-01,"ppt","ANGELO",20.6
1999-06-01,"ppt","SEDG",0.7
1999-06-01,"ppt","WWP",4.3
1999-06-01,"ppt","MCL",4.4
1999-06-01,"ppt","BORR",5.5
1999-06-01,"ppt","ANGELO",2.2
1999-07-01,"ppt","SEDG",0.2
1999-07-01,"ppt","WWP",2.9
1999-07-01,"ppt","MCL",0.2
1999-07-01,"ppt","BORR",0.1
1999-07-01,"ppt","ANGELO",0.5
1999-08-01,"ppt","SEDG",1.1
1999-08-01,"ppt","WWP",4.1
1999-08-01,"ppt","MCL",3.8
1999-08-01,"ppt","BORR",3.4
1999-08-01,"ppt","ANGELO",9.9
1999-09-01,"ppt","SEDG",0.7
1999-09-01,"ppt","WWP",4.4
1999-09-01,"ppt","MCL",0.4
1999-09-01,"ppt","BORR",0.7
1999-09-01,"ppt","ANGELO",0.5
1999-10-01,"ppt","SEDG",0
1999-10-01,"ppt","WWP",0.4
1999-10-01,"ppt","MCL",12.2
1999-10-01,"ppt","BORR",32.9
1999-10-01,"ppt","ANGELO",81
1999-11-01,"ppt","SEDG",34.1
1999-11-01,"ppt","WWP",42.4
1999-11-01,"ppt","MCL",76.4
1999-11-01,"ppt","BORR",111.3
1999-11-01,"ppt","ANGELO",300.3
1999-12-01,"ppt","SEDG",1.1
1999-12-01,"ppt","WWP",14.6
1999-12-01,"ppt","MCL",9.9
1999-12-01,"ppt","BORR",21.6
1999-12-01,"ppt","ANGELO",69.6
2000-01-01,"ppt","SEDG",50.6
2000-01-01,"ppt","WWP",86.2
2000-01-01,"ppt","MCL",227.9
2000-01-01,"ppt","BORR",225
2000-01-01,"ppt","ANGELO",393.2
2000-02-01,"ppt","SEDG",182.7
2000-02-01,"ppt","WWP",110
2000-02-01,"ppt","MCL",296.8
2000-02-01,"ppt","BORR",300.4
2000-02-01,"ppt","ANGELO",428.5
2000-03-01,"ppt","SEDG",70.2
2000-03-01,"ppt","WWP",87
2000-03-01,"ppt","MCL",78.6
2000-03-01,"ppt","BORR",74.6
2000-03-01,"ppt","ANGELO",78.5
2000-04-01,"ppt","SEDG",101.6
2000-04-01,"ppt","WWP",78.9
2000-04-01,"ppt","MCL",82.1
2000-04-01,"ppt","BORR",79.7
2000-04-01,"ppt","ANGELO",126.2
2000-05-01,"ppt","SEDG",1.2
2000-05-01,"ppt","WWP",5.5
2000-05-01,"ppt","MCL",16.5
2000-05-01,"ppt","BORR",26.3
2000-05-01,"ppt","ANGELO",50
2000-06-01,"ppt","SEDG",0.6
2000-06-01,"ppt","WWP",1.5
2000-06-01,"ppt","MCL",10.3
2000-06-01,"ppt","BORR",5.5
2000-06-01,"ppt","ANGELO",6.5
2000-07-01,"ppt","SEDG",0
2000-07-01,"ppt","WWP",0.1
2000-07-01,"ppt","MCL",0.3
2000-07-01,"ppt","BORR",0.7
2000-07-01,"ppt","ANGELO",2.1
2000-08-01,"ppt","SEDG",0.6
2000-08-01,"ppt","WWP",6.7
2000-08-01,"ppt","MCL",1.8
2000-08-01,"ppt","BORR",2.3
2000-08-01,"ppt","ANGELO",0.7
2000-09-01,"ppt","SEDG",3.9
2000-09-01,"ppt","WWP",5.5
2000-09-01,"ppt","MCL",11.4
2000-09-01,"ppt","BORR",9.4
2000-09-01,"ppt","ANGELO",16.6
2000-10-01,"ppt","SEDG",54.6
2000-10-01,"ppt","WWP",27.1
2000-10-01,"ppt","MCL",112.5
2000-10-01,"ppt","BORR",96
2000-10-01,"ppt","ANGELO",148.2
2000-11-01,"ppt","SEDG",0.9
2000-11-01,"ppt","WWP",5.4
2000-11-01,"ppt","MCL",35
2000-11-01,"ppt","BORR",51.5
2000-11-01,"ppt","ANGELO",91.9
2000-12-01,"ppt","SEDG",6.7
2000-12-01,"ppt","WWP",10
2000-12-01,"ppt","MCL",17.3
2000-12-01,"ppt","BORR",16.2
2000-12-01,"ppt","ANGELO",90.7
2001-01-01,"ppt","SEDG",108.8
2001-01-01,"ppt","WWP",140.4
2001-01-01,"ppt","MCL",166.7
2001-01-01,"ppt","BORR",154.7
2001-01-01,"ppt","ANGELO",163.7
2001-02-01,"ppt","SEDG",152.6
2001-02-01,"ppt","WWP",141.8
2001-02-01,"ppt","MCL",173.3
2001-02-01,"ppt","BORR",210.5
2001-02-01,"ppt","ANGELO",243.7
2001-03-01,"ppt","SEDG",114.2
2001-03-01,"ppt","WWP",109.3
2001-03-01,"ppt","MCL",93.7
2001-03-01,"ppt","BORR",86.9
2001-03-01,"ppt","ANGELO",92.3
2001-04-01,"ppt","SEDG",58.5
2001-04-01,"ppt","WWP",74.1
2001-04-01,"ppt","MCL",82.7
2001-04-01,"ppt","BORR",38.7
2001-04-01,"ppt","ANGELO",63.4
2001-05-01,"ppt","SEDG",0.3
2001-05-01,"ppt","WWP",1.7
2001-05-01,"ppt","MCL",0.3
2001-05-01,"ppt","BORR",0.2
2001-05-01,"ppt","ANGELO",5.6
2001-06-01,"ppt","SEDG",0.1
2001-06-01,"ppt","WWP",0
2001-06-01,"ppt","MCL",7.9
2001-06-01,"ppt","BORR",11.2
2001-06-01,"ppt","ANGELO",25.4
2001-07-01,"ppt","SEDG",0.6
2001-07-01,"ppt","WWP",4.9
2001-07-01,"ppt","MCL",0.7
2001-07-01,"ppt","BORR",0
2001-07-01,"ppt","ANGELO",0.5
2001-08-01,"ppt","SEDG",0.2
2001-08-01,"ppt","WWP",0
2001-08-01,"ppt","MCL",0.4
2001-08-01,"ppt","BORR",0
2001-08-01,"ppt","ANGELO",5.1
2001-09-01,"ppt","SEDG",0.1
2001-09-01,"ppt","WWP",0.9
2001-09-01,"ppt","MCL",12.8
2001-09-01,"ppt","BORR",18.6
2001-09-01,"ppt","ANGELO",10.8
2001-10-01,"ppt","SEDG",11.7
2001-10-01,"ppt","WWP",11.3
2001-10-01,"ppt","MCL",24.5
2001-10-01,"ppt","BORR",35.2
2001-10-01,"ppt","ANGELO",63.9
2001-11-01,"ppt","SEDG",95
2001-11-01,"ppt","WWP",77.5
2001-11-01,"ppt","MCL",179.5
2001-11-01,"ppt","BORR",199.9
2001-11-01,"ppt","ANGELO",415.5
2001-12-01,"ppt","SEDG",92.8
2001-12-01,"ppt","WWP",114.1
2001-12-01,"ppt","MCL",295.6
2001-12-01,"ppt","BORR",311.1
2001-12-01,"ppt","ANGELO",464.2
2002-01-01,"ppt","SEDG",23
2002-01-01,"ppt","WWP",41.4
2002-01-01,"ppt","MCL",68.5
2002-01-01,"ppt","BORR",93.6
2002-01-01,"ppt","ANGELO",201.2
2002-02-01,"ppt","SEDG",9
2002-02-01,"ppt","WWP",5.9
2002-02-01,"ppt","MCL",32.2
2002-02-01,"ppt","BORR",39.9
2002-02-01,"ppt","ANGELO",173.8
2002-03-01,"ppt","SEDG",22.7
2002-03-01,"ppt","WWP",22.3
2002-03-01,"ppt","MCL",90.7
2002-03-01,"ppt","BORR",55.1
2002-03-01,"ppt","ANGELO",122.7
2002-04-01,"ppt","SEDG",7.3
2002-04-01,"ppt","WWP",48
2002-04-01,"ppt","MCL",29.3
2002-04-01,"ppt","BORR",19.5
2002-04-01,"ppt","ANGELO",42.5
2002-05-01,"ppt","SEDG",4.6
2002-05-01,"ppt","WWP",3.7
2002-05-01,"ppt","MCL",19.1
2002-05-01,"ppt","BORR",10.2
2002-05-01,"ppt","ANGELO",25.2
2002-06-01,"ppt","SEDG",0.1
2002-06-01,"ppt","WWP",0.9
2002-06-01,"ppt","MCL",0.7
2002-06-01,"ppt","BORR",0
2002-06-01,"ppt","ANGELO",0.1
2002-07-01,"ppt","SEDG",0
2002-07-01,"ppt","WWP",0.3
2002-07-01,"ppt","MCL",0
2002-07-01,"ppt","BORR",0.1
2002-07-01,"ppt","ANGELO",0.1
2002-08-01,"ppt","SEDG",0.2
2002-08-01,"ppt","WWP",0
2002-08-01,"ppt","MCL",0
2002-08-01,"ppt","BORR",0
2002-08-01,"ppt","ANGELO",0.1
2002-09-01,"ppt","SEDG",3.5
2002-09-01,"ppt","WWP",5.5
2002-09-01,"ppt","MCL",0.9
2002-09-01,"ppt","BORR",1.5
2002-09-01,"ppt","ANGELO",1.4
2002-10-01,"ppt","SEDG",4.9
2002-10-01,"ppt","WWP",3.3
2002-10-01,"ppt","MCL",2.4
2002-10-01,"ppt","BORR",1.4
2002-10-01,"ppt","ANGELO",1.4
2002-11-01,"ppt","SEDG",104.4
2002-11-01,"ppt","WWP",62.4
2002-11-01,"ppt","MCL",114.7
2002-11-01,"ppt","BORR",114.1
2002-11-01,"ppt","ANGELO",243.9
2002-12-01,"ppt","SEDG",128.3
2002-12-01,"ppt","WWP",113.9
2002-12-01,"ppt","MCL",382.9
2002-12-01,"ppt","BORR",491.3
2002-12-01,"ppt","ANGELO",822.4
2003-01-01,"ppt","SEDG",2.2
2003-01-01,"ppt","WWP",5.4
2003-01-01,"ppt","MCL",48.7
2003-01-01,"ppt","BORR",96.1
2003-01-01,"ppt","ANGELO",218.7
2003-02-01,"ppt","SEDG",57.9
2003-02-01,"ppt","WWP",73.6
2003-02-01,"ppt","MCL",91.1
2003-02-01,"ppt","BORR",70.8
2003-02-01,"ppt","ANGELO",103
2003-03-01,"ppt","SEDG",32.5
2003-03-01,"ppt","WWP",36.9
2003-03-01,"ppt","MCL",59.8
2003-03-01,"ppt","BORR",92.4
2003-03-01,"ppt","ANGELO",210.3
2003-04-01,"ppt","SEDG",69.2
2003-04-01,"ppt","WWP",126.2
2003-04-01,"ppt","MCL",173.2
2003-04-01,"ppt","BORR",150.8
2003-04-01,"ppt","ANGELO",333.7
2003-05-01,"ppt","SEDG",22.2
2003-05-01,"ppt","WWP",15.5
2003-05-01,"ppt","MCL",30.2
2003-05-01,"ppt","BORR",15.9
2003-05-01,"ppt","ANGELO",23.4
2003-06-01,"ppt","SEDG",0.1
2003-06-01,"ppt","WWP",0.1
2003-06-01,"ppt","MCL",0.3
2003-06-01,"ppt","BORR",0
2003-06-01,"ppt","ANGELO",0
2003-07-01,"ppt","SEDG",0.2
2003-07-01,"ppt","WWP",3
2003-07-01,"ppt","MCL",4.6
2003-07-01,"ppt","BORR",0.2
2003-07-01,"ppt","ANGELO",0.6
2003-08-01,"ppt","SEDG",1.6
2003-08-01,"ppt","WWP",14
2003-08-01,"ppt","MCL",28.4
2003-08-01,"ppt","BORR",12.7
2003-08-01,"ppt","ANGELO",5.3
2003-09-01,"ppt","SEDG",0.1
2003-09-01,"ppt","WWP",1.6
2003-09-01,"ppt","MCL",0.5
2003-09-01,"ppt","BORR",0.8
2003-09-01,"ppt","ANGELO",7.2
2003-10-01,"ppt","SEDG",12.7
2003-10-01,"ppt","WWP",3.4
2003-10-01,"ppt","MCL",7.2
2003-10-01,"ppt","BORR",3.6
2003-10-01,"ppt","ANGELO",5.7
2003-11-01,"ppt","SEDG",66.5
2003-11-01,"ppt","WWP",91.1
2003-11-01,"ppt","MCL",92.1
2003-11-01,"ppt","BORR",124.6
2003-11-01,"ppt","ANGELO",233.7
2003-12-01,"ppt","SEDG",56.2
2003-12-01,"ppt","WWP",91.9
2003-12-01,"ppt","MCL",274.4
2003-12-01,"ppt","BORR",336.8
2003-12-01,"ppt","ANGELO",505.1
2004-01-01,"ppt","SEDG",12.8
2004-01-01,"ppt","WWP",25.3
2004-01-01,"ppt","MCL",113.9
2004-01-01,"ppt","BORR",121.4
2004-01-01,"ppt","ANGELO",231.2
2004-02-01,"ppt","SEDG",112.9
2004-02-01,"ppt","WWP",94.4
2004-02-01,"ppt","MCL",183.8
2004-02-01,"ppt","BORR",247.8
2004-02-01,"ppt","ANGELO",386.8
2004-03-01,"ppt","SEDG",11.8
2004-03-01,"ppt","WWP",17.5
2004-03-01,"ppt","MCL",29.4
2004-03-01,"ppt","BORR",35.7
2004-03-01,"ppt","ANGELO",78.3
2004-04-01,"ppt","SEDG",0.8
2004-04-01,"ppt","WWP",14.1
2004-04-01,"ppt","MCL",7.3
2004-04-01,"ppt","BORR",17
2004-04-01,"ppt","ANGELO",61.5
2004-05-01,"ppt","SEDG",0
2004-05-01,"ppt","WWP",1
2004-05-01,"ppt","MCL",7.8
2004-05-01,"ppt","BORR",4.9
2004-05-01,"ppt","ANGELO",15.2
2004-06-01,"ppt","SEDG",0.2
2004-06-01,"ppt","WWP",0.2
2004-06-01,"ppt","MCL",0.3
2004-06-01,"ppt","BORR",2.1
2004-06-01,"ppt","ANGELO",0.6
2004-07-01,"ppt","SEDG",0
2004-07-01,"ppt","WWP",0.2
2004-07-01,"ppt","MCL",0
2004-07-01,"ppt","BORR",0.3
2004-07-01,"ppt","ANGELO",2
2004-08-01,"ppt","SEDG",0.1
2004-08-01,"ppt","WWP",0.6
2004-08-01,"ppt","MCL",0.2
2004-08-01,"ppt","BORR",0
2004-08-01,"ppt","ANGELO",2.2
2004-09-01,"ppt","SEDG",0
2004-09-01,"ppt","WWP",0
2004-09-01,"ppt","MCL",3.3
2004-09-01,"ppt","BORR",4.8
2004-09-01,"ppt","ANGELO",8.5
2004-10-01,"ppt","SEDG",119.6
2004-10-01,"ppt","WWP",86.4
2004-10-01,"ppt","MCL",160.2
2004-10-01,"ppt","BORR",135.8
2004-10-01,"ppt","ANGELO",199.5
2004-11-01,"ppt","SEDG",9.7
2004-11-01,"ppt","WWP",36.9
2004-11-01,"ppt","MCL",69.2
2004-11-01,"ppt","BORR",97.5
2004-11-01,"ppt","ANGELO",48.2
2004-12-01,"ppt","SEDG",213.8
2004-12-01,"ppt","WWP",260
2004-12-01,"ppt","MCL",324
2004-12-01,"ppt","BORR",294.4
2004-12-01,"ppt","ANGELO",406.7
2005-01-01,"ppt","SEDG",159.7
2005-01-01,"ppt","WWP",239
2005-01-01,"ppt","MCL",188.8
2005-01-01,"ppt","BORR",167
2005-01-01,"ppt","ANGELO",217.2
2005-02-01,"ppt","SEDG",135.2
2005-02-01,"ppt","WWP",104.9
2005-02-01,"ppt","MCL",152.1
2005-02-01,"ppt","BORR",133.2
2005-02-01,"ppt","ANGELO",141.2
2005-03-01,"ppt","SEDG",71
2005-03-01,"ppt","WWP",42.6
2005-03-01,"ppt","MCL",143.5
2005-03-01,"ppt","BORR",125.6
2005-03-01,"ppt","ANGELO",264.1
2005-04-01,"ppt","SEDG",51.5
2005-04-01,"ppt","WWP",53.1
2005-04-01,"ppt","MCL",93.5
2005-04-01,"ppt","BORR",61.7
2005-04-01,"ppt","ANGELO",126.1
2005-05-01,"ppt","SEDG",11.7
2005-05-01,"ppt","WWP",11.9
2005-05-01,"ppt","MCL",37.3
2005-05-01,"ppt","BORR",55.9
2005-05-01,"ppt","ANGELO",131.1
2005-06-01,"ppt","SEDG",0
2005-06-01,"ppt","WWP",0.1
2005-06-01,"ppt","MCL",8.5
2005-06-01,"ppt","BORR",20.1
2005-06-01,"ppt","ANGELO",72.6
2005-07-01,"ppt","SEDG",0
2005-07-01,"ppt","WWP",0.3
2005-07-01,"ppt","MCL",0.3
2005-07-01,"ppt","BORR",0.1
2005-07-01,"ppt","ANGELO",0
2005-08-01,"ppt","SEDG",0.3
2005-08-01,"ppt","WWP",3.6
2005-08-01,"ppt","MCL",0.1
2005-08-01,"ppt","BORR",0
2005-08-01,"ppt","ANGELO",0.5
2005-09-01,"ppt","SEDG",8.1
2005-09-01,"ppt","WWP",6.9
2005-09-01,"ppt","MCL",3.5
2005-09-01,"ppt","BORR",1.1
2005-09-01,"ppt","ANGELO",1.2
2005-10-01,"ppt","SEDG",23.9
2005-10-01,"ppt","WWP",26.2
2005-10-01,"ppt","MCL",12.4
2005-10-01,"ppt","BORR",12.7
2005-10-01,"ppt","ANGELO",72.5
2005-11-01,"ppt","SEDG",22.5
2005-11-01,"ppt","WWP",25.9
2005-11-01,"ppt","MCL",53.6
2005-11-01,"ppt","BORR",84.3
2005-11-01,"ppt","ANGELO",244.6
2005-12-01,"ppt","SEDG",56.8
2005-12-01,"ppt","WWP",46.2
2005-12-01,"ppt","MCL",348.8
2005-12-01,"ppt","BORR",445.7
2005-12-01,"ppt","ANGELO",787.1
2006-01-01,"ppt","SEDG",106.1
2006-01-01,"ppt","WWP",83.6
2006-01-01,"ppt","MCL",138.2
2006-01-01,"ppt","BORR",119.3
2006-01-01,"ppt","ANGELO",333.9
2006-02-01,"ppt","SEDG",57.3
2006-02-01,"ppt","WWP",43.7
2006-02-01,"ppt","MCL",89.7
2006-02-01,"ppt","BORR",113
2006-02-01,"ppt","ANGELO",221.2
2006-03-01,"ppt","SEDG",88.8
2006-03-01,"ppt","WWP",90
2006-03-01,"ppt","MCL",209.1
2006-03-01,"ppt","BORR",224.9
2006-03-01,"ppt","ANGELO",396.9
2006-04-01,"ppt","SEDG",180.1
2006-04-01,"ppt","WWP",171.7
2006-04-01,"ppt","MCL",179.1
2006-04-01,"ppt","BORR",229.8
2006-04-01,"ppt","ANGELO",205.7
2006-05-01,"ppt","SEDG",13.9
2006-05-01,"ppt","WWP",12.6
2006-05-01,"ppt","MCL",35.2
2006-05-01,"ppt","BORR",14.5
2006-05-01,"ppt","ANGELO",29.5
2006-06-01,"ppt","SEDG",0.1
2006-06-01,"ppt","WWP",2.4
2006-06-01,"ppt","MCL",1.7
2006-06-01,"ppt","BORR",2
2006-06-01,"ppt","ANGELO",7.7
2006-07-01,"ppt","SEDG",0.1
2006-07-01,"ppt","WWP",1.5
2006-07-01,"ppt","MCL",3.6
2006-07-01,"ppt","BORR",0.3
2006-07-01,"ppt","ANGELO",0.5
2006-08-01,"ppt","SEDG",0.6
2006-08-01,"ppt","WWP",0
2006-08-01,"ppt","MCL",0
2006-08-01,"ppt","BORR",0.1
2006-08-01,"ppt","ANGELO",1.1
2006-09-01,"ppt","SEDG",0.3
2006-09-01,"ppt","WWP",0.2
2006-09-01,"ppt","MCL",0
2006-09-01,"ppt","BORR",0
2006-09-01,"ppt","ANGELO",1.3
2006-10-01,"ppt","SEDG",14.2
2006-10-01,"ppt","WWP",20.8
2006-10-01,"ppt","MCL",23.8
2006-10-01,"ppt","BORR",12.3
2006-10-01,"ppt","ANGELO",15.4
2006-11-01,"ppt","SEDG",4.2
2006-11-01,"ppt","WWP",27.6
2006-11-01,"ppt","MCL",76.4
2006-11-01,"ppt","BORR",84.5
2006-11-01,"ppt","ANGELO",279.9
2006-12-01,"ppt","SEDG",35.3
2006-12-01,"ppt","WWP",53
2006-12-01,"ppt","MCL",146.3
2006-12-01,"ppt","BORR",150.5
2006-12-01,"ppt","ANGELO",330.4
2007-01-01,"ppt","SEDG",27.5
2007-01-01,"ppt","WWP",54.8
2007-01-01,"ppt","MCL",40.2
2007-01-01,"ppt","BORR",5
2007-01-01,"ppt","ANGELO",33.8
2007-02-01,"ppt","SEDG",51
2007-02-01,"ppt","WWP",74.3
2007-02-01,"ppt","MCL",124.5
2007-02-01,"ppt","BORR",144.2
2007-02-01,"ppt","ANGELO",334.8
2007-03-01,"ppt","SEDG",3.6
2007-03-01,"ppt","WWP",22
2007-03-01,"ppt","MCL",21.2
2007-03-01,"ppt","BORR",10.7
2007-03-01,"ppt","ANGELO",47.1
2007-04-01,"ppt","SEDG",34.8
2007-04-01,"ppt","WWP",35.8
2007-04-01,"ppt","MCL",62.9
2007-04-01,"ppt","BORR",47.5
2007-04-01,"ppt","ANGELO",102.2
2007-05-01,"ppt","SEDG",0.1
2007-05-01,"ppt","WWP",0.3
2007-05-01,"ppt","MCL",5.5
2007-05-01,"ppt","BORR",8.4
2007-05-01,"ppt","ANGELO",26.5
2007-06-01,"ppt","SEDG",0.1
2007-06-01,"ppt","WWP",0.2
2007-06-01,"ppt","MCL",0.2
2007-06-01,"ppt","BORR",0.7
2007-06-01,"ppt","ANGELO",6.1
2007-07-01,"ppt","SEDG",0
2007-07-01,"ppt","WWP",0.3
2007-07-01,"ppt","MCL",4.9
2007-07-01,"ppt","BORR",10.4
2007-07-01,"ppt","ANGELO",13.2
2007-08-01,"ppt","SEDG",1.5
2007-08-01,"ppt","WWP",3.2
2007-08-01,"ppt","MCL",0.1
2007-08-01,"ppt","BORR",0
2007-08-01,"ppt","ANGELO",0.4
2007-09-01,"ppt","SEDG",11.9
2007-09-01,"ppt","WWP",12.1
2007-09-01,"ppt","MCL",16.5
2007-09-01,"ppt","BORR",17.2
2007-09-01,"ppt","ANGELO",9.5
2007-10-01,"ppt","SEDG",8.3
2007-10-01,"ppt","WWP",12.4
2007-10-01,"ppt","MCL",56.6
2007-10-01,"ppt","BORR",69.9
2007-10-01,"ppt","ANGELO",170.2
2007-11-01,"ppt","SEDG",3.4
2007-11-01,"ppt","WWP",18.2
2007-11-01,"ppt","MCL",26.5
2007-11-01,"ppt","BORR",10.3
2007-11-01,"ppt","ANGELO",39.3
2007-12-01,"ppt","SEDG",64.9
2007-12-01,"ppt","WWP",51.7
2007-12-01,"ppt","MCL",102.3
2007-12-01,"ppt","BORR",122.7
2007-12-01,"ppt","ANGELO",281.7
2008-01-01,"ppt","SEDG",242.3
2008-01-01,"ppt","WWP",230.7
2008-01-01,"ppt","MCL",351.5
2008-01-01,"ppt","BORR",375
2008-01-01,"ppt","ANGELO",438.9
2008-02-01,"ppt","SEDG",49.6
2008-02-01,"ppt","WWP",37
2008-02-01,"ppt","MCL",131.6
2008-02-01,"ppt","BORR",105.6
2008-02-01,"ppt","ANGELO",161.8
2008-03-01,"ppt","SEDG",2.4
2008-03-01,"ppt","WWP",10.2
2008-03-01,"ppt","MCL",8
2008-03-01,"ppt","BORR",5.7
2008-03-01,"ppt","ANGELO",53.7
2008-04-01,"ppt","SEDG",8.3
2008-04-01,"ppt","WWP",8.4
2008-04-01,"ppt","MCL",9
2008-04-01,"ppt","BORR",5.4
2008-04-01,"ppt","ANGELO",40.5
2008-05-01,"ppt","SEDG",0.8
2008-05-01,"ppt","WWP",12.2
2008-05-01,"ppt","MCL",4.2
2008-05-01,"ppt","BORR",3.6
2008-05-01,"ppt","ANGELO",5.3
2008-06-01,"ppt","SEDG",0
2008-06-01,"ppt","WWP",0.1
2008-06-01,"ppt","MCL",0.2
2008-06-01,"ppt","BORR",0.6
2008-06-01,"ppt","ANGELO",1
2008-07-01,"ppt","SEDG",0
2008-07-01,"ppt","WWP",0.6
2008-07-01,"ppt","MCL",0
2008-07-01,"ppt","BORR",0
2008-07-01,"ppt","ANGELO",0.3
2008-08-01,"ppt","SEDG",0
2008-08-01,"ppt","WWP",0.3
2008-08-01,"ppt","MCL",1.5
2008-08-01,"ppt","BORR",7.9
2008-08-01,"ppt","ANGELO",1.7
2008-09-01,"ppt","SEDG",0.3
2008-09-01,"ppt","WWP",0.5
2008-09-01,"ppt","MCL",0
2008-09-01,"ppt","BORR",1
2008-09-01,"ppt","ANGELO",5.9
2008-10-01,"ppt","SEDG",6.2
2008-10-01,"ppt","WWP",2.4
2008-10-01,"ppt","MCL",10.4
2008-10-01,"ppt","BORR",33.2
2008-10-01,"ppt","ANGELO",70.3
2008-11-01,"ppt","SEDG",43.1
2008-11-01,"ppt","WWP",86.3
2008-11-01,"ppt","MCL",81
2008-11-01,"ppt","BORR",92.8
2008-11-01,"ppt","ANGELO",158.9
2008-12-01,"ppt","SEDG",69.3
2008-12-01,"ppt","WWP",101
2008-12-01,"ppt","MCL",87.6
2008-12-01,"ppt","BORR",63.1
2008-12-01,"ppt","ANGELO",192.4
2009-01-01,"ppt","SEDG",11.4
2009-01-01,"ppt","WWP",24.4
2009-01-01,"ppt","MCL",63.4
2009-01-01,"ppt","BORR",27.1
2009-01-01,"ppt","ANGELO",35.4
2009-02-01,"ppt","SEDG",136.2
2009-02-01,"ppt","WWP",98.8
2009-02-01,"ppt","MCL",223.7
2009-02-01,"ppt","BORR",235.1
2009-02-01,"ppt","ANGELO",326.3
2009-03-01,"ppt","SEDG",22.4
2009-03-01,"ppt","WWP",18.7
2009-03-01,"ppt","MCL",93.2
2009-03-01,"ppt","BORR",80.7
2009-03-01,"ppt","ANGELO",174.4
2009-04-01,"ppt","SEDG",16.3
2009-04-01,"ppt","WWP",10.4
2009-04-01,"ppt","MCL",42.4
2009-04-01,"ppt","BORR",17.2
2009-04-01,"ppt","ANGELO",26.7
2009-05-01,"ppt","SEDG",0.8
2009-05-01,"ppt","WWP",7.5
2009-05-01,"ppt","MCL",13.5
2009-05-01,"ppt","BORR",25
2009-05-01,"ppt","ANGELO",80
2009-06-01,"ppt","SEDG",1.7
2009-06-01,"ppt","WWP",7.3
2009-06-01,"ppt","MCL",14
2009-06-01,"ppt","BORR",10.5
2009-06-01,"ppt","ANGELO",4.4
2009-07-01,"ppt","SEDG",0
2009-07-01,"ppt","WWP",0.1
2009-07-01,"ppt","MCL",0.3
2009-07-01,"ppt","BORR",0
2009-07-01,"ppt","ANGELO",0.4
2009-08-01,"ppt","SEDG",0.1
2009-08-01,"ppt","WWP",1.4
2009-08-01,"ppt","MCL",2.4
2009-08-01,"ppt","BORR",2.2
2009-08-01,"ppt","ANGELO",7.5
2009-09-01,"ppt","SEDG",0.1
2009-09-01,"ppt","WWP",0.3
2009-09-01,"ppt","MCL",8.1
2009-09-01,"ppt","BORR",10.3
2009-09-01,"ppt","ANGELO",15.5
2009-10-01,"ppt","SEDG",67.4
2009-10-01,"ppt","WWP",12.4
2009-10-01,"ppt","MCL",190.5
2009-10-01,"ppt","BORR",131
2009-10-01,"ppt","ANGELO",120.5
2009-11-01,"ppt","SEDG",0.9
2009-11-01,"ppt","WWP",19.5
2009-11-01,"ppt","MCL",15.5
2009-11-01,"ppt","BORR",31.8
2009-11-01,"ppt","ANGELO",125.1
2009-12-01,"ppt","SEDG",84.4
2009-12-01,"ppt","WWP",80.2
2009-12-01,"ppt","MCL",144.5
2009-12-01,"ppt","BORR",110
2009-12-01,"ppt","ANGELO",162.2
2010-01-01,"ppt","SEDG",159.2
2010-01-01,"ppt","WWP",151.6
2010-01-01,"ppt","MCL",358
2010-01-01,"ppt","BORR",370.5
2010-01-01,"ppt","ANGELO",421.2
2010-02-01,"ppt","SEDG",90.7
2010-02-01,"ppt","WWP",80.3
2010-02-01,"ppt","MCL",154.3
2010-02-01,"ppt","BORR",128.3
2010-02-01,"ppt","ANGELO",168.9
2010-03-01,"ppt","SEDG",15.3
2010-03-01,"ppt","WWP",28.7
2010-03-01,"ppt","MCL",73.7
2010-03-01,"ppt","BORR",73.3
2010-03-01,"ppt","ANGELO",204.5
2010-04-01,"ppt","SEDG",89.4
2010-04-01,"ppt","WWP",72.8
2010-04-01,"ppt","MCL",171.8
2010-04-01,"ppt","BORR",122.6
2010-04-01,"ppt","ANGELO",240
2010-05-01,"ppt","SEDG",3.6
2010-05-01,"ppt","WWP",5.2
2010-05-01,"ppt","MCL",27.2
2010-05-01,"ppt","BORR",23.6
2010-05-01,"ppt","ANGELO",61.7
2010-06-01,"ppt","SEDG",0
2010-06-01,"ppt","WWP",0
2010-06-01,"ppt","MCL",0.6
2010-06-01,"ppt","BORR",1.5
2010-06-01,"ppt","ANGELO",25.2
2010-07-01,"ppt","SEDG",0.3
2010-07-01,"ppt","WWP",0.1
2010-07-01,"ppt","MCL",0
2010-07-01,"ppt","BORR",0
2010-07-01,"ppt","ANGELO",0.1
2010-08-01,"ppt","SEDG",0
2010-08-01,"ppt","WWP",1.2
2010-08-01,"ppt","MCL",0.9
2010-08-01,"ppt","BORR",0.9
2010-08-01,"ppt","ANGELO",1.6
2010-09-01,"ppt","SEDG",0.2
2010-09-01,"ppt","WWP",0.3
2010-09-01,"ppt","MCL",1.4
2010-09-01,"ppt","BORR",8
2010-09-01,"ppt","ANGELO",21
2010-10-01,"ppt","SEDG",48
2010-10-01,"ppt","WWP",66.2
2010-10-01,"ppt","MCL",64.3
2010-10-01,"ppt","BORR",128.9
2010-10-01,"ppt","ANGELO",256.7
2010-11-01,"ppt","SEDG",41.7
2010-11-01,"ppt","WWP",80.4
2010-11-01,"ppt","MCL",120.2
2010-11-01,"ppt","BORR",78.8
2010-11-01,"ppt","ANGELO",175.3
2010-12-01,"ppt","SEDG",319
2010-12-01,"ppt","WWP",336.8
2010-12-01,"ppt","MCL",289.1
2010-12-01,"ppt","BORR",256.2
2010-12-01,"ppt","ANGELO",448.5
2011-01-01,"ppt","SEDG",28.8
2011-01-01,"ppt","WWP",20.4
2011-01-01,"ppt","MCL",80.9
2011-01-01,"ppt","BORR",56.4
2011-01-01,"ppt","ANGELO",56.6
2011-02-01,"ppt","SEDG",78.2
2011-02-01,"ppt","WWP",67.9
2011-02-01,"ppt","MCL",175.2
2011-02-01,"ppt","BORR",122.6
2011-02-01,"ppt","ANGELO",184.6
2011-03-01,"ppt","SEDG",133.3
2011-03-01,"ppt","WWP",133.8
2011-03-01,"ppt","MCL",256.6
2011-03-01,"ppt","BORR",256.5
2011-03-01,"ppt","ANGELO",471.5
2011-04-01,"ppt","SEDG",9.1
2011-04-01,"ppt","WWP",26.1
2011-04-01,"ppt","MCL",28.1
2011-04-01,"ppt","BORR",19.9
2011-04-01,"ppt","ANGELO",53.6
2011-05-01,"ppt","SEDG",8.8
2011-05-01,"ppt","WWP",9.2
2011-05-01,"ppt","MCL",28.5
2011-05-01,"ppt","BORR",34.3
2011-05-01,"ppt","ANGELO",61.2
2011-06-01,"ppt","SEDG",6
2011-06-01,"ppt","WWP",4.6
2011-06-01,"ppt","MCL",50
2011-06-01,"ppt","BORR",52.9
2011-06-01,"ppt","ANGELO",48.1
2011-07-01,"ppt","SEDG",0
2011-07-01,"ppt","WWP",1.3
2011-07-01,"ppt","MCL",0
2011-07-01,"ppt","BORR",0.1
2011-07-01,"ppt","ANGELO",5.9
2011-08-01,"ppt","SEDG",0.2
2011-08-01,"ppt","WWP",1.2
2011-08-01,"ppt","MCL",0.2
2011-08-01,"ppt","BORR",0
2011-08-01,"ppt","ANGELO",0.1
2011-09-01,"ppt","SEDG",2
2011-09-01,"ppt","WWP",3.8
2011-09-01,"ppt","MCL",2.5
2011-09-01,"ppt","BORR",4
2011-09-01,"ppt","ANGELO",5.6
2011-10-01,"ppt","SEDG",27.9
2011-10-01,"ppt","WWP",12.9
2011-10-01,"ppt","MCL",65.4
2011-10-01,"ppt","BORR",62.5
2011-10-01,"ppt","ANGELO",153.4
2011-11-01,"ppt","SEDG",78.9
2011-11-01,"ppt","WWP",105.9
2011-11-01,"ppt","MCL",119.2
2011-11-01,"ppt","BORR",71.9
2011-11-01,"ppt","ANGELO",144.7
2011-12-01,"ppt","SEDG",10
2011-12-01,"ppt","WWP",12.5
2011-12-01,"ppt","MCL",9.5
2011-12-01,"ppt","BORR",7.4
2011-12-01,"ppt","ANGELO",40.2
2012-01-01,"ppt","SEDG",45.5
2012-01-01,"ppt","WWP",18.3
2012-01-01,"ppt","MCL",107.9
2012-01-01,"ppt","BORR",117.2
2012-01-01,"ppt","ANGELO",220.6
2012-02-01,"ppt","SEDG",9.9
2012-02-01,"ppt","WWP",26.1
2012-02-01,"ppt","MCL",62.4
2012-02-01,"ppt","BORR",52.2
2012-02-01,"ppt","ANGELO",94
2012-03-01,"ppt","SEDG",60
2012-03-01,"ppt","WWP",59.8
2012-03-01,"ppt","MCL",134.8
2012-03-01,"ppt","BORR",180.4
2012-03-01,"ppt","ANGELO",396.4
2012-04-01,"ppt","SEDG",116.8
2012-04-01,"ppt","WWP",107.6
2012-04-01,"ppt","MCL",116.7
2012-04-01,"ppt","BORR",77.3
2012-04-01,"ppt","ANGELO",112.1
2012-05-01,"ppt","SEDG",0
2012-05-01,"ppt","WWP",0
2012-05-01,"ppt","MCL",1.3
2012-05-01,"ppt","BORR",3.9
2012-05-01,"ppt","ANGELO",8.1
2012-06-01,"ppt","SEDG",0
2012-06-01,"ppt","WWP",0.3
2012-06-01,"ppt","MCL",2.4
2012-06-01,"ppt","BORR",5.5
2012-06-01,"ppt","ANGELO",22.2
2012-07-01,"ppt","SEDG",0.1
2012-07-01,"ppt","WWP",0.4
2012-07-01,"ppt","MCL",0
2012-07-01,"ppt","BORR",0.1
2012-07-01,"ppt","ANGELO",8.6
2012-08-01,"ppt","SEDG",0.6
2012-08-01,"ppt","WWP",2.1
2012-08-01,"ppt","MCL",0.1
2012-08-01,"ppt","BORR",0.8
2012-08-01,"ppt","ANGELO",0.8
2012-09-01,"ppt","SEDG",1.8
2012-09-01,"ppt","WWP",1.6
2012-09-01,"ppt","MCL",0.1
2012-09-01,"ppt","BORR",0.1
2012-09-01,"ppt","ANGELO",0.8
2012-10-01,"ppt","SEDG",10.6
2012-10-01,"ppt","WWP",8.6
2012-10-01,"ppt","MCL",29.8
2012-10-01,"ppt","BORR",42.4
2012-10-01,"ppt","ANGELO",110
2012-11-01,"ppt","SEDG",36.4
2012-11-01,"ppt","WWP",29.8
2012-11-01,"ppt","MCL",246.2
2012-11-01,"ppt","BORR",261.6
2012-11-01,"ppt","ANGELO",394.2
2012-12-01,"ppt","SEDG",87.5
2012-12-01,"ppt","WWP",107.5
2012-12-01,"ppt","MCL",286.6
2012-12-01,"ppt","BORR",305.3
2012-12-01,"ppt","ANGELO",519.8
2013-01-01,"ppt","SEDG",27
2013-01-01,"ppt","WWP",53.8
2013-01-01,"ppt","MCL",54.1
2013-01-01,"ppt","BORR",32.3
2013-01-01,"ppt","ANGELO",38.8
2013-02-01,"ppt","SEDG",10.8
2013-02-01,"ppt","WWP",21.2
2013-02-01,"ppt","MCL",17.2
2013-02-01,"ppt","BORR",6.3
2013-02-01,"ppt","ANGELO",30.7
2013-03-01,"ppt","SEDG",23.1
2013-03-01,"ppt","WWP",37.2
2013-03-01,"ppt","MCL",48.1
2013-03-01,"ppt","BORR",51.2
2013-03-01,"ppt","ANGELO",103.9
2013-04-01,"ppt","SEDG",1.2
2013-04-01,"ppt","WWP",7.6
2013-04-01,"ppt","MCL",20.5
2013-04-01,"ppt","BORR",22.9
2013-04-01,"ppt","ANGELO",50.2
2013-05-01,"ppt","SEDG",3.3
2013-05-01,"ppt","WWP",2.1
2013-05-01,"ppt","MCL",5.3
2013-05-01,"ppt","BORR",5.5
2013-05-01,"ppt","ANGELO",22.9
2013-06-01,"ppt","SEDG",0.2
2013-06-01,"ppt","WWP",0.1
2013-06-01,"ppt","MCL",6.2
2013-06-01,"ppt","BORR",13.7
2013-06-01,"ppt","ANGELO",23.3
2013-07-01,"ppt","SEDG",0.1
2013-07-01,"ppt","WWP",2
2013-07-01,"ppt","MCL",16.9
2013-07-01,"ppt","BORR",1.9
2013-07-01,"ppt","ANGELO",0.7
2013-08-01,"ppt","SEDG",0
2013-08-01,"ppt","WWP",3.3
2013-08-01,"ppt","MCL",4.2
2013-08-01,"ppt","BORR",0.8
2013-08-01,"ppt","ANGELO",5.4
2013-09-01,"ppt","SEDG",0.3
2013-09-01,"ppt","WWP",0.5
2013-09-01,"ppt","MCL",13
2013-09-01,"ppt","BORR",15.9
2013-09-01,"ppt","ANGELO",88.6
2013-10-01,"ppt","SEDG",9
2013-10-01,"ppt","WWP",5.1
2013-10-01,"ppt","MCL",4.2
2013-10-01,"ppt","BORR",0
2013-10-01,"ppt","ANGELO",0.2
2013-11-01,"ppt","SEDG",15.4
2013-11-01,"ppt","WWP",49
2013-11-01,"ppt","MCL",45.9
2013-11-01,"ppt","BORR",43.6
2013-11-01,"ppt","ANGELO",70.9
2013-12-01,"ppt","SEDG",9.4
2013-12-01,"ppt","WWP",18.9
2013-12-01,"ppt","MCL",22.9
2013-12-01,"ppt","BORR",9.6
2013-12-01,"ppt","ANGELO",18.4
2014-01-01,"ppt","SEDG",1.2
2014-01-01,"ppt","WWP",4.4
2014-01-01,"ppt","MCL",13.7
2014-01-01,"ppt","BORR",8.8
2014-01-01,"ppt","ANGELO",30.5
2014-02-01,"ppt","SEDG",92.1
2014-02-01,"ppt","WWP",54.7
2014-02-01,"ppt","MCL",144
2014-02-01,"ppt","BORR",202.9
2014-02-01,"ppt","ANGELO",252.2
2014-03-01,"ppt","SEDG",44
2014-03-01,"ppt","WWP",29.3
2014-03-01,"ppt","MCL",84.2
2014-03-01,"ppt","BORR",102.2
2014-03-01,"ppt","ANGELO",351.6
2014-04-01,"ppt","SEDG",30.8
2014-04-01,"ppt","WWP",37
2014-04-01,"ppt","MCL",60.9
2014-04-01,"ppt","BORR",40.6
2014-04-01,"ppt","ANGELO",38.9
2014-05-01,"ppt","SEDG",1.1
2014-05-01,"ppt","WWP",3
2014-05-01,"ppt","MCL",1.9
2014-05-01,"ppt","BORR",1.4
2014-05-01,"ppt","ANGELO",8.9
2014-06-01,"ppt","SEDG",0
2014-06-01,"ppt","WWP",0
2014-06-01,"ppt","MCL",1.4
2014-06-01,"ppt","BORR",0
2014-06-01,"ppt","ANGELO",1.3
2014-07-01,"ppt","SEDG",0.1
2014-07-01,"ppt","WWP",1.4
2014-07-01,"ppt","MCL",20.7
2014-07-01,"ppt","BORR",2
2014-07-01,"ppt","ANGELO",2.3
2014-08-01,"ppt","SEDG",0
2014-08-01,"ppt","WWP",1.1
2014-08-01,"ppt","MCL",2.7
2014-08-01,"ppt","BORR",3.5
2014-08-01,"ppt","ANGELO",1.6
2014-09-01,"ppt","SEDG",0.4
2014-09-01,"ppt","WWP",3.3
2014-09-01,"ppt","MCL",11.4
2014-09-01,"ppt","BORR",13.5
2014-09-01,"ppt","ANGELO",58.3
2014-10-01,"ppt","SEDG",0.8
2014-10-01,"ppt","WWP",0.6
2014-10-01,"ppt","MCL",20.7
2014-10-01,"ppt","BORR",41.4
2014-10-01,"ppt","ANGELO",205.4
2014-11-01,"ppt","SEDG",24.8
2014-11-01,"ppt","WWP",43.8
2014-11-01,"ppt","MCL",97
2014-11-01,"ppt","BORR",92.4
2014-11-01,"ppt","ANGELO",183
2014-12-01,"ppt","SEDG",100.1
2014-12-01,"ppt","WWP",136.7
2014-12-01,"ppt","MCL",395
2014-12-01,"ppt","BORR",376.4
2014-12-01,"ppt","ANGELO",455.5
2015-01-01,"ppt","SEDG",11.1
2015-01-01,"ppt","WWP",35.9
2015-01-01,"ppt","MCL",1
2015-01-01,"ppt","BORR",2.4
2015-01-01,"ppt","ANGELO",42.7
2015-02-01,"ppt","SEDG",39.4
2015-02-01,"ppt","WWP",40.2
2015-02-01,"ppt","MCL",104.6
2015-02-01,"ppt","BORR",130
2015-02-01,"ppt","ANGELO",197.8
2015-03-01,"ppt","SEDG",8.9
2015-03-01,"ppt","WWP",22.9
2015-03-01,"ppt","MCL",11.1
2015-03-01,"ppt","BORR",9.5
2015-03-01,"ppt","ANGELO",56
2015-04-01,"ppt","SEDG",20
2015-04-01,"ppt","WWP",19
2015-04-01,"ppt","MCL",45.8
2015-04-01,"ppt","BORR",40
2015-04-01,"ppt","ANGELO",68.8
2015-05-01,"ppt","SEDG",6
2015-05-01,"ppt","WWP",9.7
2015-05-01,"ppt","MCL",16.4
2015-05-01,"ppt","BORR",4.5
2015-05-01,"ppt","ANGELO",4.5
2015-06-01,"ppt","SEDG",0.9
2015-06-01,"ppt","WWP",5
2015-06-01,"ppt","MCL",3.2
2015-06-01,"ppt","BORR",4.1
2015-06-01,"ppt","ANGELO",2.8
2015-07-01,"ppt","SEDG",0.6
2015-07-01,"ppt","WWP",9.3
2015-07-01,"ppt","MCL",24.8
2015-07-01,"ppt","BORR",16
2015-07-01,"ppt","ANGELO",9.5
2015-08-01,"ppt","SEDG",0
2015-08-01,"ppt","WWP",0.1
2015-08-01,"ppt","MCL",0.8
2015-08-01,"ppt","BORR",0.4
2015-08-01,"ppt","ANGELO",8.8
2015-09-01,"ppt","SEDG",11.8
2015-09-01,"ppt","WWP",8.3
2015-09-01,"ppt","MCL",9.1
2015-09-01,"ppt","BORR",5.5
2015-09-01,"ppt","ANGELO",32.6
2015-10-01,"ppt","SEDG",5.6
2015-10-01,"ppt","WWP",40.2
2015-10-01,"ppt","MCL",39.5
2015-10-01,"ppt","BORR",23.6
2015-10-01,"ppt","ANGELO",17.6
2015-11-01,"ppt","SEDG",15.7
2015-11-01,"ppt","WWP",64
2015-11-01,"ppt","MCL",109.7
2015-11-01,"ppt","BORR",86.2
2015-11-01,"ppt","ANGELO",102.7
2015-12-01,"ppt","SEDG",26.5
2015-12-01,"ppt","WWP",69.7
2015-12-01,"ppt","MCL",165.1
2015-12-01,"ppt","BORR",164.8
2015-12-01,"ppt","ANGELO",515.7
2016-01-01,"ppt","SEDG",121.3
2016-01-01,"ppt","WWP",105.8
2016-01-01,"ppt","MCL",292.8
2016-01-01,"ppt","BORR",254.7
2016-01-01,"ppt","ANGELO",471.9
2016-02-01,"ppt","SEDG",13.4
2016-02-01,"ppt","WWP",14.5
2016-02-01,"ppt","MCL",32.2
2016-02-01,"ppt","BORR",34.2
2016-02-01,"ppt","ANGELO",80.5
2016-03-01,"ppt","SEDG",66
2016-03-01,"ppt","WWP",48.2
2016-03-01,"ppt","MCL",217.1
2016-03-01,"ppt","BORR",203.3
2016-03-01,"ppt","ANGELO",370
2016-04-01,"ppt","SEDG",28.2
2016-04-01,"ppt","WWP",90.7
2016-04-01,"ppt","MCL",93.9
2016-04-01,"ppt","BORR",46.8
2016-04-01,"ppt","ANGELO",63.8
2016-05-01,"ppt","SEDG",4.3
2016-05-01,"ppt","WWP",15.4
2016-05-01,"ppt","MCL",22
2016-05-01,"ppt","BORR",27.4
2016-05-01,"ppt","ANGELO",27.6
2016-06-01,"ppt","SEDG",0.2
2016-06-01,"ppt","WWP",0.4
2016-06-01,"ppt","MCL",0.2
2016-06-01,"ppt","BORR",5.3
2016-06-01,"ppt","ANGELO",7.5
2016-07-01,"ppt","SEDG",0
2016-07-01,"ppt","WWP",0
2016-07-01,"ppt","MCL",0.6
2016-07-01,"ppt","BORR",0
2016-07-01,"ppt","ANGELO",1.3
2016-08-01,"ppt","SEDG",0
2016-08-01,"ppt","WWP",0.4
2016-08-01,"ppt","MCL",0
2016-08-01,"ppt","BORR",0
2016-08-01,"ppt","ANGELO",0.8
2016-09-01,"ppt","SEDG",1.1
2016-09-01,"ppt","WWP",0.4
2016-09-01,"ppt","MCL",0.7
2016-09-01,"ppt","BORR",0
2016-09-01,"ppt","ANGELO",0.1
2016-10-01,"ppt","SEDG",31
2016-10-01,"ppt","WWP",18.5
2016-10-01,"ppt","MCL",186.3
2016-10-01,"ppt","BORR",184
2016-10-01,"ppt","ANGELO",411.4
2016-11-01,"ppt","SEDG",44.9
2016-11-01,"ppt","WWP",52.1
2016-11-01,"ppt","MCL",106.3
2016-11-01,"ppt","BORR",101.6
2016-11-01,"ppt","ANGELO",281.3
2016-12-01,"ppt","SEDG",80.1
2016-12-01,"ppt","WWP",146.5
2016-12-01,"ppt","MCL",137.8
2016-12-01,"ppt","BORR",136
2016-12-01,"ppt","ANGELO",278.5
2017-01-01,"ppt","SEDG",202.4
2017-01-01,"ppt","WWP",207.7
2017-01-01,"ppt","MCL",546.6
2017-01-01,"ppt","BORR",406.5
2017-01-01,"ppt","ANGELO",535.4
2017-02-01,"ppt","SEDG",192.9
2017-02-01,"ppt","WWP",180.4
2017-02-01,"ppt","MCL",324.2
2017-02-01,"ppt","BORR",326.6
2017-02-01,"ppt","ANGELO",443.8
2017-03-01,"ppt","SEDG",28.8
2017-03-01,"ppt","WWP",36.3
2017-03-01,"ppt","MCL",96.3
2017-03-01,"ppt","BORR",85.5
2017-03-01,"ppt","ANGELO",214.9
2017-04-01,"ppt","SEDG",36.2
2017-04-01,"ppt","WWP",31
2017-04-01,"ppt","MCL",88.7
2017-04-01,"ppt","BORR",79
2017-04-01,"ppt","ANGELO",192
2017-05-01,"ppt","SEDG",4.4
2017-05-01,"ppt","WWP",11.7
2017-05-01,"ppt","MCL",3.6
2017-05-01,"ppt","BORR",2
2017-05-01,"ppt","ANGELO",9.7
2017-06-01,"ppt","SEDG",0
2017-06-01,"ppt","WWP",0.9
2017-06-01,"ppt","MCL",6.2
2017-06-01,"ppt","BORR",11.5
2017-06-01,"ppt","ANGELO",9.2
2017-07-01,"ppt","SEDG",0.1
2017-07-01,"ppt","WWP",0.8
2017-07-01,"ppt","MCL",0
2017-07-01,"ppt","BORR",0
2017-07-01,"ppt","ANGELO",0
2017-08-01,"ppt","SEDG",0.9
2017-08-01,"ppt","WWP",1.8
2017-08-01,"ppt","MCL",0.3
2017-08-01,"ppt","BORR",2.8
2017-08-01,"ppt","ANGELO",0.5
2017-09-01,"ppt","SEDG",6.6
2017-09-01,"ppt","WWP",5.8
2017-09-01,"ppt","MCL",10.2
2017-09-01,"ppt","BORR",3.6
2017-09-01,"ppt","ANGELO",15.6
2017-10-01,"ppt","SEDG",0.3
2017-10-01,"ppt","WWP",2
2017-10-01,"ppt","MCL",7
2017-10-01,"ppt","BORR",10.1
2017-10-01,"ppt","ANGELO",40.5
2017-11-01,"ppt","SEDG",9.2
2017-11-01,"ppt","WWP",22.7
2017-11-01,"ppt","MCL",97.5
2017-11-01,"ppt","BORR",106.5
2017-11-01,"ppt","ANGELO",320.2
2017-12-01,"ppt","SEDG",0.2
2017-12-01,"ppt","WWP",3.9
2017-12-01,"ppt","MCL",2.9
2017-12-01,"ppt","BORR",1.6
2017-12-01,"ppt","ANGELO",21.2
2018-01-01,"ppt","SEDG",58.8
2018-01-01,"ppt","WWP",84.5
2018-01-01,"ppt","MCL",147.6
2018-01-01,"ppt","BORR",130.8
2018-01-01,"ppt","ANGELO",249.8
2018-02-01,"ppt","SEDG",8.6
2018-02-01,"ppt","WWP",17.5
2018-02-01,"ppt","MCL",14.8
2018-02-01,"ppt","BORR",5.2
2018-02-01,"ppt","ANGELO",33.3
2018-03-01,"ppt","SEDG",163
2018-03-01,"ppt","WWP",161.7
2018-03-01,"ppt","MCL",196.1
2018-03-01,"ppt","BORR",136.3
2018-03-01,"ppt","ANGELO",273.7
2018-04-01,"ppt","SEDG",7.2
2018-04-01,"ppt","WWP",15.4
2018-04-01,"ppt","MCL",64.5
2018-04-01,"ppt","BORR",67.7
2018-04-01,"ppt","ANGELO",162.4
2018-05-01,"ppt","SEDG",2.1
2018-05-01,"ppt","WWP",2.4
2018-05-01,"ppt","MCL",4.3
2018-05-01,"ppt","BORR",6.7
2018-05-01,"ppt","ANGELO",11.8
2018-06-01,"ppt","SEDG",0.3
2018-06-01,"ppt","WWP",0
2018-06-01,"ppt","MCL",0
2018-06-01,"ppt","BORR",0
2018-06-01,"ppt","ANGELO",1
2018-07-01,"ppt","SEDG",0
2018-07-01,"ppt","WWP",1
2018-07-01,"ppt","MCL",2
2018-07-01,"ppt","BORR",1.1
2018-07-01,"ppt","ANGELO",0.4
2018-08-01,"ppt","SEDG",0
2018-08-01,"ppt","WWP",0.2
2018-08-01,"ppt","MCL",0.2
2018-08-01,"ppt","BORR",0.5
2018-08-01,"ppt","ANGELO",1.4
2018-09-01,"ppt","SEDG",0.1
2018-09-01,"ppt","WWP",0
2018-09-01,"ppt","MCL",0
2018-09-01,"ppt","BORR",0.6
2018-09-01,"ppt","ANGELO",3.5
2018-10-01,"ppt","SEDG",12.6
2018-10-01,"ppt","WWP",15.7
2018-10-01,"ppt","MCL",36.7
2018-10-01,"ppt","BORR",35.8
2018-10-01,"ppt","ANGELO",32.2
2018-11-01,"ppt","SEDG",98.2
2018-11-01,"ppt","WWP",58.4
2018-11-01,"ppt","MCL",153.4
2018-11-01,"ppt","BORR",112.4
2018-11-01,"ppt","ANGELO",208.5
2018-12-01,"ppt","SEDG",30.4
2018-12-01,"ppt","WWP",37.1
2018-12-01,"ppt","MCL",105.5
2018-12-01,"ppt","BORR",97.4
2018-12-01,"ppt","ANGELO",177.9
2019-01-01,"ppt","SEDG",187.4
2019-01-01,"ppt","WWP",150.3
2019-01-01,"ppt","MCL",259.1
2019-01-01,"ppt","BORR",282
2019-01-01,"ppt","ANGELO",303.3
2019-02-01,"ppt","SEDG",179
2019-02-01,"ppt","WWP",125.9
2019-02-01,"ppt","MCL",317.7
2019-02-01,"ppt","BORR",426.3
2019-02-01,"ppt","ANGELO",517
2019-03-01,"ppt","SEDG",90.1
2019-03-01,"ppt","WWP",77.2
2019-03-01,"ppt","MCL",179.4
2019-03-01,"ppt","BORR",174.8
2019-03-01,"ppt","ANGELO",237.7
2019-04-01,"ppt","SEDG",15
2019-04-01,"ppt","WWP",30.9
2019-04-01,"ppt","MCL",31.3
2019-04-01,"ppt","BORR",31.9
2019-04-01,"ppt","ANGELO",79.9
2019-05-01,"ppt","SEDG",24.6
2019-05-01,"ppt","WWP",48.4
2019-05-01,"ppt","MCL",68.6
2019-05-01,"ppt","BORR",57.8
2019-05-01,"ppt","ANGELO",115
2019-06-01,"ppt","SEDG",0.1
2019-06-01,"ppt","WWP",1
2019-06-01,"ppt","MCL",1.5
2019-06-01,"ppt","BORR",0.6
2019-06-01,"ppt","ANGELO",1
2019-07-01,"ppt","SEDG",0
2019-07-01,"ppt","WWP",1.1
2019-07-01,"ppt","MCL",0.6
2019-07-01,"ppt","BORR",0.1
2019-07-01,"ppt","ANGELO",0.3
2019-08-01,"ppt","SEDG",0.5
2019-08-01,"ppt","WWP",1.5
2019-08-01,"ppt","MCL",1.5
2019-08-01,"ppt","BORR",0.9
2019-08-01,"ppt","ANGELO",3.4
2019-09-01,"ppt","SEDG",0.4
2019-09-01,"ppt","WWP",1.7
2019-09-01,"ppt","MCL",12.5
2019-09-01,"ppt","BORR",7.2
2019-09-01,"ppt","ANGELO",32.3
2019-10-01,"ppt","SEDG",0
2019-10-01,"ppt","WWP",0
2019-10-01,"ppt","MCL",0.8
2019-10-01,"ppt","BORR",0
2019-10-01,"ppt","ANGELO",10.1
2019-11-01,"ppt","SEDG",61.6
2019-11-01,"ppt","WWP",107.7
2019-11-01,"ppt","MCL",79.7
2019-11-01,"ppt","BORR",41.2
2019-11-01,"ppt","ANGELO",69.8
2019-12-01,"ppt","SEDG",113.4
2019-12-01,"ppt","WWP",193.1
2019-12-01,"ppt","MCL",344.1
2019-12-01,"ppt","BORR",276.9
2019-12-01,"ppt","ANGELO",235.7
2020-01-01,"ppt","SEDG",16.3
2020-01-01,"ppt","WWP",17.7
2020-01-01,"ppt","MCL",49.1
2020-01-01,"ppt","BORR",64.2
2020-01-01,"ppt","ANGELO",218.3
2020-02-01,"ppt","SEDG",1.6
2020-02-01,"ppt","WWP",3.6
2020-02-01,"ppt","MCL",0.2
2020-02-01,"ppt","BORR",0.4
2020-02-01,"ppt","ANGELO",0.5
2020-03-01,"ppt","SEDG",117.8
2020-03-01,"ppt","WWP",127.5
2020-03-01,"ppt","MCL",159
2020-03-01,"ppt","BORR",33.4
2020-03-01,"ppt","ANGELO",108.5
2020-04-01,"ppt","SEDG",107.8
2020-04-01,"ppt","WWP",153.4
2020-04-01,"ppt","MCL",74.5
2020-04-01,"ppt","BORR",31.6
2020-04-01,"ppt","ANGELO",57.4
2020-05-01,"ppt","SEDG",1.7
2020-05-01,"ppt","WWP",6
2020-05-01,"ppt","MCL",20.6
2020-05-01,"ppt","BORR",22
2020-05-01,"ppt","ANGELO",116.1
2020-06-01,"ppt","SEDG",0.7
2020-06-01,"ppt","WWP",1.8
2020-06-01,"ppt","MCL",0.3
2020-06-01,"ppt","BORR",2.3
2020-06-01,"ppt","ANGELO",3.3
2020-07-01,"ppt","SEDG",0
2020-07-01,"ppt","WWP",0
2020-07-01,"ppt","MCL",0
2020-07-01,"ppt","BORR",0
2020-07-01,"ppt","ANGELO",0.1
2020-08-01,"ppt","SEDG",0.7
2020-08-01,"ppt","WWP",2.8
2020-08-01,"ppt","MCL",0.8
2020-08-01,"ppt","BORR",2.4
2020-08-01,"ppt","ANGELO",1.9
2020-09-01,"ppt","SEDG",0.1
2020-09-01,"ppt","WWP",0
2020-09-01,"ppt","MCL",0.8
2020-09-01,"ppt","BORR",0.1
2020-09-01,"ppt","ANGELO",4.9
2020-10-01,"ppt","SEDG",0.6
2020-10-01,"ppt","WWP",0.2
2020-10-01,"ppt","MCL",0
2020-10-01,"ppt","BORR",0.1
2020-10-01,"ppt","ANGELO",4.7
2020-11-01,"ppt","SEDG",11.1
2020-11-01,"ppt","WWP",27.6
2020-11-01,"ppt","MCL",20.3
2020-11-01,"ppt","BORR",17.3
2020-11-01,"ppt","ANGELO",116.5
2020-12-01,"ppt","SEDG",44.3
2020-12-01,"ppt","WWP",41.3
2020-12-01,"ppt","MCL",59.6
2020-12-01,"ppt","BORR",45.3
2020-12-01,"ppt","ANGELO",159.5
2021-01-01,"ppt","SEDG",107.7
2021-01-01,"ppt","WWP",73.8
2021-01-01,"ppt","MCL",150.6
2021-01-01,"ppt","BORR",112
2021-01-01,"ppt","ANGELO",207.4
2021-02-01,"ppt","SEDG",2.9
2021-02-01,"ppt","WWP",11.5
2021-02-01,"ppt","MCL",19.6
2021-02-01,"ppt","BORR",28.8
2021-02-01,"ppt","ANGELO",129.5
2021-03-01,"ppt","SEDG",31.6
2021-03-01,"ppt","WWP",40.3
2021-03-01,"ppt","MCL",57.5
2021-03-01,"ppt","BORR",51
2021-03-01,"ppt","ANGELO",121.5
2021-04-01,"ppt","SEDG",1.1
2021-04-01,"ppt","WWP",6.7
2021-04-01,"ppt","MCL",6
2021-04-01,"ppt","BORR",11.7
2021-04-01,"ppt","ANGELO",26.6
2021-05-01,"ppt","SEDG",0.5
2021-05-01,"ppt","WWP",0.6
2021-05-01,"ppt","MCL",0.8
2021-05-01,"ppt","BORR",0.4
2021-05-01,"ppt","ANGELO",2.2
2021-06-01,"ppt","SEDG",0.2
2021-06-01,"ppt","WWP",0.5
2021-06-01,"ppt","MCL",0
2021-06-01,"ppt","BORR",1.8
2021-06-01,"ppt","ANGELO",8.1
2021-07-01,"ppt","SEDG",0.1
2021-07-01,"ppt","WWP",0.9
2021-07-01,"ppt","MCL",1.3
2021-07-01,"ppt","BORR",2.5
2021-07-01,"ppt","ANGELO",3.2
2021-08-01,"ppt","SEDG",0.7
2021-08-01,"ppt","WWP",0.2
2021-08-01,"ppt","MCL",0
2021-08-01,"ppt","BORR",0
2021-08-01,"ppt","ANGELO",0.6
2021-09-01,"ppt","SEDG",0.2
2021-09-01,"ppt","WWP",1.4
2021-09-01,"ppt","MCL",1.8
2021-09-01,"ppt","BORR",2.2
2021-09-01,"ppt","ANGELO",35.9
2021-10-01,"ppt","SEDG",39.5
2021-10-01,"ppt","WWP",30.4
2021-10-01,"ppt","MCL",157.6
2021-10-01,"ppt","BORR",206.8
2021-10-01,"ppt","ANGELO",302.8
2021-11-01,"ppt","SEDG",3.9
2021-11-01,"ppt","WWP",0.8
2021-11-01,"ppt","MCL",42.7
2021-11-01,"ppt","BORR",57.2
2021-11-01,"ppt","ANGELO",145.7
2021-12-01,"ppt","SEDG",191.1
2021-12-01,"ppt","WWP",223
2021-12-01,"ppt","MCL",349.3
2021-12-01,"ppt","BORR",207.8
2021-12-01,"ppt","ANGELO",364
2022-01-01,"ppt","SEDG",3.7
2022-01-01,"ppt","WWP",10.7
2022-01-01,"ppt","MCL",5.3
2022-01-01,"ppt","BORR",4.7
2022-01-01,"ppt","ANGELO",65
2022-02-01,"ppt","SEDG",3.9
2022-02-01,"ppt","WWP",8.1
2022-02-01,"ppt","MCL",2.1
2022-02-01,"ppt","BORR",2.7
2022-02-01,"ppt","ANGELO",4.8
2022-03-01,"ppt","SEDG",36.6
2022-03-01,"ppt","WWP",51.8
2022-03-01,"ppt","MCL",38.6
2022-03-01,"ppt","BORR",61
2022-03-01,"ppt","ANGELO",51.3
2022-04-01,"ppt","SEDG",14
2022-04-01,"ppt","WWP",18.5
2022-04-01,"ppt","MCL",46.5
2022-04-01,"ppt","BORR",40.3
2022-04-01,"ppt","ANGELO",174.6
2022-05-01,"ppt","SEDG",0.3
2022-05-01,"ppt","WWP",0.1
2022-05-01,"ppt","MCL",3
2022-05-01,"ppt","BORR",4.2
2022-05-01,"ppt","ANGELO",33.3
2022-06-01,"ppt","SEDG",0
2022-06-01,"ppt","WWP",1.2
2022-06-01,"ppt","MCL",3.8
2022-06-01,"ppt","BORR",5.5
2022-06-01,"ppt","ANGELO",16.9
2022-07-01,"ppt","SEDG",0
2022-07-01,"ppt","WWP",0.5
2022-07-01,"ppt","MCL",1
2022-07-01,"ppt","BORR",1.9
2022-07-01,"ppt","ANGELO",3.1
2022-08-01,"ppt","SEDG",0.4
2022-08-01,"ppt","WWP",1.7
2022-08-01,"ppt","MCL",0.6
2022-08-01,"ppt","BORR",1.6
2022-08-01,"ppt","ANGELO",1.3
2022-09-01,"ppt","SEDG",35.1
2022-09-01,"ppt","WWP",14.5
2022-09-01,"ppt","MCL",50.3
2022-09-01,"ppt","BORR",69.1
2022-09-01,"ppt","ANGELO",33.1
2022-10-01,"ppt","SEDG",0.5
2022-10-01,"ppt","WWP",1.5
2022-10-01,"ppt","MCL",0.2
2022-10-01,"ppt","BORR",0
2022-10-01,"ppt","ANGELO",1.4
2022-11-01,"ppt","SEDG",48.3
2022-11-01,"ppt","WWP",91.9
2022-11-01,"ppt","MCL",108.3
2022-11-01,"ppt","BORR",76.2
2022-11-01,"ppt","ANGELO",129.5
2022-12-01,"ppt","SEDG",151.3
2022-12-01,"ppt","WWP",165.1
2022-12-01,"ppt","MCL",346.9
2022-12-01,"ppt","BORR",254.8
2022-12-01,"ppt","ANGELO",468.6
2023-01-01,"ppt","SEDG",235.8
2023-01-01,"ppt","WWP",223.8
2023-01-01,"ppt","MCL",442.1
2023-01-01,"ppt","BORR",372.1
2023-01-01,"ppt","ANGELO",453.5
2023-02-01,"ppt","SEDG",109.3
2023-02-01,"ppt","WWP",140
2023-02-01,"ppt","MCL",125.6
2023-02-01,"ppt","BORR",98.7
2023-02-01,"ppt","ANGELO",165.4
2023-03-01,"ppt","SEDG",188.8
2023-03-01,"ppt","WWP",124.1
2023-03-01,"ppt","MCL",309.7
2023-03-01,"ppt","BORR",245.9
2023-03-01,"ppt","ANGELO",398.8
2023-04-01,"ppt","SEDG",0
2023-04-01,"ppt","WWP",4
2023-04-01,"ppt","MCL",16.6
2023-04-01,"ppt","BORR",10.5
2023-04-01,"ppt","ANGELO",56.6
2023-05-01,"ppt","SEDG",11.9
2023-05-01,"ppt","WWP",23.6
2023-05-01,"ppt","MCL",31.8
2023-05-01,"ppt","BORR",20.1
2023-05-01,"ppt","ANGELO",39.5
2023-06-01,"ppt","SEDG",5.7
2023-06-01,"ppt","WWP",13
2023-06-01,"ppt","MCL",4.4
2023-06-01,"ppt","BORR",4.5
2023-06-01,"ppt","ANGELO",5.8
2023-07-01,"ppt","SEDG",0
2023-07-01,"ppt","WWP",0.2
2023-07-01,"ppt","MCL",0
2023-07-01,"ppt","BORR",0.1
2023-07-01,"ppt","ANGELO",0
2023-08-01,"ppt","SEDG",10
2023-08-01,"ppt","WWP",43
2023-08-01,"ppt","MCL",4.9
2023-08-01,"ppt","BORR",4.2
2023-08-01,"ppt","ANGELO",8.2
2023-09-01,"ppt","SEDG",4.8
2023-09-01,"ppt","WWP",5.1
2023-09-01,"ppt","MCL",10
2023-09-01,"ppt","BORR",8.9
2023-09-01,"ppt","ANGELO",41.1
2023-10-01,"ppt","SEDG",0.7
2023-10-01,"ppt","WWP",2.1
2023-10-01,"ppt","MCL",11.6
2023-10-01,"ppt","BORR",31.1
2023-10-01,"ppt","ANGELO",65.7
2023-11-01,"ppt","SEDG",27.9
2023-11-01,"ppt","WWP",24.9
2023-11-01,"ppt","MCL",96
2023-11-01,"ppt","BORR",88.6
2023-11-01,"ppt","ANGELO",177.9
2023-12-01,"ppt","SEDG",85.1
2023-12-01,"ppt","WWP",90.3
2023-12-01,"ppt","MCL",159.2
2023-12-01,"ppt","BORR",255.3
2023-12-01,"ppt","ANGELO",297.8
2024-01-01,"ppt","SEDG",50.5
2024-01-01,"ppt","WWP",74.8
2024-01-01,"ppt","MCL",160.8
2024-01-01,"ppt","BORR",179.3
2024-01-01,"ppt","ANGELO",403.8
